PDB,Receptor Chains,Ligand Chains,paths,affinity
1AKH,A,B,../../GraPPI_data/PDB/new_dimer_db/1AKH.pdb,1.0
1B34,A,B,../../GraPPI_data/PDB/new_dimer_db/1B34.pdb,1.0
1BND,A,B,../../GraPPI_data/PDB/new_dimer_db/1BND.pdb,1.0
1CF7,A,B,../../GraPPI_data/PDB/new_dimer_db/1CF7.pdb,1.0
1CI6,A,B,../../GraPPI_data/PDB/new_dimer_db/1CI6.pdb,1.0
1D2Z,A,B,../../GraPPI_data/PDB/new_dimer_db/1D2Z.pdb,1.0
1D3B,A,B,../../GraPPI_data/PDB/new_dimer_db/1D3B.pdb,1.0
1DSZ,A,B,../../GraPPI_data/PDB/new_dimer_db/1DSZ.pdb,1.0
1FO1,A,B,../../GraPPI_data/PDB/new_dimer_db/1FO1.pdb,1.0
1FOS,E,F,../../GraPPI_data/PDB/new_dimer_db/1FOS.pdb,1.0
1FSE,C,F,../../GraPPI_data/PDB/new_dimer_db/1FSE.pdb,1.0
1FUU,A,B,../../GraPPI_data/PDB/new_dimer_db/1FUU.pdb,1.0
1FXW,A,F,../../GraPPI_data/PDB/new_dimer_db/1FXW.pdb,1.0
1G3T,A,B,../../GraPPI_data/PDB/new_dimer_db/1G3T.pdb,1.0
1GD2,H,I,../../GraPPI_data/PDB/new_dimer_db/1GD2.pdb,1.0
1GKA,A,B,../../GraPPI_data/PDB/new_dimer_db/1GKA.pdb,1.0
1GMN,A,B,../../GraPPI_data/PDB/new_dimer_db/1GMN.pdb,1.0
1GZ0,D,E,../../GraPPI_data/PDB/new_dimer_db/1GZ0.pdb,1.0
1HR7,A,B,../../GraPPI_data/PDB/new_dimer_db/1HR7.pdb,1.0
1IZN,A,B,../../GraPPI_data/PDB/new_dimer_db/1IZN.pdb,1.0
1JAT,A,B,../../GraPPI_data/PDB/new_dimer_db/1JAT.pdb,1.0
1JHF,A,B,../../GraPPI_data/PDB/new_dimer_db/1JHF.pdb,1.0
1JQJ,A,C,../../GraPPI_data/PDB/new_dimer_db/1JQJ.pdb,1.0
1KDD,A,B,../../GraPPI_data/PDB/new_dimer_db/1KDD.pdb,1.0
1MH2,A,B,../../GraPPI_data/PDB/new_dimer_db/1MH2.pdb,1.0
1NLW,A,B,../../GraPPI_data/PDB/new_dimer_db/1NLW.pdb,1.0
1OQS,A,B,../../GraPPI_data/PDB/new_dimer_db/1OQS.pdb,1.0
1ORH,A,B,../../GraPPI_data/PDB/new_dimer_db/1ORH.pdb,1.0
1OXK,A,B,../../GraPPI_data/PDB/new_dimer_db/1OXK.pdb,1.0
1OY7,D,E,../../GraPPI_data/PDB/new_dimer_db/1OY7.pdb,1.0
1PUF,A,B,../../GraPPI_data/PDB/new_dimer_db/1PUF.pdb,1.0
1QAV,A,B,../../GraPPI_data/PDB/new_dimer_db/1QAV.pdb,1.0
1QX7,A,B,../../GraPPI_data/PDB/new_dimer_db/1QX7.pdb,1.0
1R0N,A,B,../../GraPPI_data/PDB/new_dimer_db/1R0N.pdb,1.0
1RMF,L,H,../../GraPPI_data/PDB/new_dimer_db/1RMF.pdb,1.0
1SB2,A,B,../../GraPPI_data/PDB/new_dimer_db/1SB2.pdb,1.0
1SPP,A,B,../../GraPPI_data/PDB/new_dimer_db/1SPP.pdb,1.0
1SRQ,A,B,../../GraPPI_data/PDB/new_dimer_db/1SRQ.pdb,1.0
1U8T,A,E,../../GraPPI_data/PDB/new_dimer_db/1U8T.pdb,1.0
1VF6,A,C,../../GraPPI_data/PDB/new_dimer_db/1VF6.pdb,1.0
1WMH,A,B,../../GraPPI_data/PDB/new_dimer_db/1WMH.pdb,1.0
10LG,A,B,../../GraPPI_data/PDB/new_dimer_db/10LG.pdb,1.0
1A2X,A,B,../../GraPPI_data/PDB/new_dimer_db/1A2X.pdb,1.0
1A81,A,B,../../GraPPI_data/PDB/new_dimer_db/1A81.pdb,1.0
1A9N,A,C,../../GraPPI_data/PDB/new_dimer_db/1A9N.pdb,1.0
1ABO,A,C,../../GraPPI_data/PDB/new_dimer_db/1ABO.pdb,1.0
1ARO,P,L,../../GraPPI_data/PDB/new_dimer_db/1ARO.pdb,1.0
1AUI,A,B,../../GraPPI_data/PDB/new_dimer_db/1AUI.pdb,1.0
1AUT,C,L,../../GraPPI_data/PDB/new_dimer_db/1AUT.pdb,1.0
1AVF,A,P,../../GraPPI_data/PDB/new_dimer_db/1AVF.pdb,1.0
1AWC,A,B,../../GraPPI_data/PDB/new_dimer_db/1AWC.pdb,1.0
1B07,A,C,../../GraPPI_data/PDB/new_dimer_db/1B07.pdb,1.0
1B0N,A,B,../../GraPPI_data/PDB/new_dimer_db/1B0N.pdb,1.0
1B5F,A,B,../../GraPPI_data/PDB/new_dimer_db/1B5F.pdb,1.0
1BBZ,A,B,../../GraPPI_data/PDB/new_dimer_db/1BBZ.pdb,1.0
1BDJ,A,B,../../GraPPI_data/PDB/new_dimer_db/1BDJ.pdb,1.0
1BH9,A,B,../../GraPPI_data/PDB/new_dimer_db/1BH9.pdb,1.0
1BJR,E,I,../../GraPPI_data/PDB/new_dimer_db/1BJR.pdb,1.0
1BLX,A,B,../../GraPPI_data/PDB/new_dimer_db/1BLX.pdb,1.0
1BML,B,D,../../GraPPI_data/PDB/new_dimer_db/1BML.pdb,1.0
1BPL,A,B,../../GraPPI_data/PDB/new_dimer_db/1BPL.pdb,1.0
1BR8,I,P,../../GraPPI_data/PDB/new_dimer_db/1BR8.pdb,1.0
1BUN,A,B,../../GraPPI_data/PDB/new_dimer_db/1BUN.pdb,1.0
1C16,A,B,../../GraPPI_data/PDB/new_dimer_db/1C16.pdb,1.0
1CDL,A,E,../../GraPPI_data/PDB/new_dimer_db/1CDL.pdb,1.0
1CDM,A,B,../../GraPPI_data/PDB/new_dimer_db/1CDM.pdb,1.0
1CIQ,A,B,../../GraPPI_data/PDB/new_dimer_db/1CIQ.pdb,1.0
1CM1,A,B,../../GraPPI_data/PDB/new_dimer_db/1CM1.pdb,1.0
1CM4,A,B,../../GraPPI_data/PDB/new_dimer_db/1CM4.pdb,1.0
1CMI,A,C,../../GraPPI_data/PDB/new_dimer_db/1CMI.pdb,1.0
1CO7,E,I,../../GraPPI_data/PDB/new_dimer_db/1CO7.pdb,1.0
1CPB,A,B,../../GraPPI_data/PDB/new_dimer_db/1CPB.pdb,1.0
1CQT,B,J,../../GraPPI_data/PDB/new_dimer_db/1CQT.pdb,1.0
1CXZ,A,B,../../GraPPI_data/PDB/new_dimer_db/1CXZ.pdb,1.0
1D3U,A,B,../../GraPPI_data/PDB/new_dimer_db/1D3U.pdb,1.0
1D4T,A,B,../../GraPPI_data/PDB/new_dimer_db/1D4T.pdb,1.0
1DCE,A,B,../../GraPPI_data/PDB/new_dimer_db/1DCE.pdb,1.0
1DEV,A,B,../../GraPPI_data/PDB/new_dimer_db/1DEV.pdb,1.0
1DJ7,A,B,../../GraPPI_data/PDB/new_dimer_db/1DJ7.pdb,1.0
1DKD,A,E,../../GraPPI_data/PDB/new_dimer_db/1DKD.pdb,1.0
1DLK,A,B,../../GraPPI_data/PDB/new_dimer_db/1DLK.pdb,1.0
1DML,A,B,../../GraPPI_data/PDB/new_dimer_db/1DML.pdb,1.0
1DOW,A,B,../../GraPPI_data/PDB/new_dimer_db/1DOW.pdb,1.0
1DTD,A,B,../../GraPPI_data/PDB/new_dimer_db/1DTD.pdb,1.0
1DXP,A,C,../../GraPPI_data/PDB/new_dimer_db/1DXP.pdb,1.0
1DY8,A,C,../../GraPPI_data/PDB/new_dimer_db/1DY8.pdb,1.0
1DY9,A,C,../../GraPPI_data/PDB/new_dimer_db/1DY9.pdb,1.0
1E3A,A,B,../../GraPPI_data/PDB/new_dimer_db/1E3A.pdb,1.0
1E44,A,B,../../GraPPI_data/PDB/new_dimer_db/1E44.pdb,1.0
1EAI,A,C,../../GraPPI_data/PDB/new_dimer_db/1EAI.pdb,1.0
1EE5,A,B,../../GraPPI_data/PDB/new_dimer_db/1EE5.pdb,1.0
1EG4,P,A,../../GraPPI_data/PDB/new_dimer_db/1EG4.pdb,1.0
1EGP,A,B,../../GraPPI_data/PDB/new_dimer_db/1EGP.pdb,1.0
1EJY,N,I,../../GraPPI_data/PDB/new_dimer_db/1EJY.pdb,1.0
1EM8,A,B,../../GraPPI_data/PDB/new_dimer_db/1EM8.pdb,1.0
1EMU,A,B,../../GraPPI_data/PDB/new_dimer_db/1EMU.pdb,1.0
1EOJ,A,B,../../GraPPI_data/PDB/new_dimer_db/1EOJ.pdb,1.0
1EOL,A,B,../../GraPPI_data/PDB/new_dimer_db/1EOL.pdb,1.0
1F2T,A,B,../../GraPPI_data/PDB/new_dimer_db/1F2T.pdb,1.0
1F3U,A,B,../../GraPPI_data/PDB/new_dimer_db/1F3U.pdb,1.0
1F45,A,B,../../GraPPI_data/PDB/new_dimer_db/1F45.pdb,1.0
1F59,A,C,../../GraPPI_data/PDB/new_dimer_db/1F59.pdb,1.0
1F5Q,A,B,../../GraPPI_data/PDB/new_dimer_db/1F5Q.pdb,1.0
1F8U,A,B,../../GraPPI_data/PDB/new_dimer_db/1F8U.pdb,1.0
1FCD,A,C,../../GraPPI_data/PDB/new_dimer_db/1FCD.pdb,1.0
1FGL,A,B,../../GraPPI_data/PDB/new_dimer_db/1FGL.pdb,1.0
1FIZ,A,L,../../GraPPI_data/PDB/new_dimer_db/1FIZ.pdb,1.0
1FLL,B,Y,../../GraPPI_data/PDB/new_dimer_db/1FLL.pdb,1.0
1FM0,D,E,../../GraPPI_data/PDB/new_dimer_db/1FM0.pdb,1.0
1FOE,A,B,../../GraPPI_data/PDB/new_dimer_db/1FOE.pdb,1.0
1FQ1,A,B,../../GraPPI_data/PDB/new_dimer_db/1FQ1.pdb,1.0
1FQV,A,B,../../GraPPI_data/PDB/new_dimer_db/1FQV.pdb,1.0
1FS0,E,G,../../GraPPI_data/PDB/new_dimer_db/1FS0.pdb,1.0
1FYH,A,B,../../GraPPI_data/PDB/new_dimer_db/1FYH.pdb,1.0
1FYN,A,B,../../GraPPI_data/PDB/new_dimer_db/1FYN.pdb,1.0
1G0Y,R,I,../../GraPPI_data/PDB/new_dimer_db/1G0Y.pdb,1.0
1G3J,A,B,../../GraPPI_data/PDB/new_dimer_db/1G3J.pdb,1.0
1G4U,S,R,../../GraPPI_data/PDB/new_dimer_db/1G4U.pdb,1.0
1G73,A,C,../../GraPPI_data/PDB/new_dimer_db/1G73.pdb,1.0
1G8J,A,B,../../GraPPI_data/PDB/new_dimer_db/1G8J.pdb,1.0
1GAG,A,B,../../GraPPI_data/PDB/new_dimer_db/1GAG.pdb,1.0
1GAQ,A,B,../../GraPPI_data/PDB/new_dimer_db/1GAQ.pdb,1.0
1GH6,A,B,../../GraPPI_data/PDB/new_dimer_db/1GH6.pdb,1.0
1GJ7,A,B,../../GraPPI_data/PDB/new_dimer_db/1GJ7.pdb,1.0
1GJ9,A,B,../../GraPPI_data/PDB/new_dimer_db/1GJ9.pdb,1.0
1GJD,A,B,../../GraPPI_data/PDB/new_dimer_db/1GJD.pdb,1.0
1GL4,A,B,../../GraPPI_data/PDB/new_dimer_db/1GL4.pdb,1.0
1GO3,F,E,../../GraPPI_data/PDB/new_dimer_db/1GO3.pdb,1.0
1GT0,C,D,../../GraPPI_data/PDB/new_dimer_db/1GT0.pdb,1.0
1GZH,A,B,../../GraPPI_data/PDB/new_dimer_db/1GZH.pdb,1.0
1GZS,A,B,../../GraPPI_data/PDB/new_dimer_db/1GZS.pdb,1.0
1H0H,A,B,../../GraPPI_data/PDB/new_dimer_db/1H0H.pdb,1.0
1H2V,C,Z,../../GraPPI_data/PDB/new_dimer_db/1H2V.pdb,1.0
1H3O,A,B,../../GraPPI_data/PDB/new_dimer_db/1H3O.pdb,1.0
1HC9,A,C,../../GraPPI_data/PDB/new_dimer_db/1HC9.pdb,1.0
1HE1,A,C,../../GraPPI_data/PDB/new_dimer_db/1HE1.pdb,1.0
1HFE,L,S,../../GraPPI_data/PDB/new_dimer_db/1HFE.pdb,1.0
1HH4,A,D,../../GraPPI_data/PDB/new_dimer_db/1HH4.pdb,1.0
1HL6,A,B,../../GraPPI_data/PDB/new_dimer_db/1HL6.pdb,1.0
1HRP,A,B,../../GraPPI_data/PDB/new_dimer_db/1HRP.pdb,1.0
1HTR,P,B,../../GraPPI_data/PDB/new_dimer_db/1HTR.pdb,1.0
1I4O,A,C,../../GraPPI_data/PDB/new_dimer_db/1I4O.pdb,1.0
1IAR,A,B,../../GraPPI_data/PDB/new_dimer_db/1IAR.pdb,1.0
1IEB,A,B,../../GraPPI_data/PDB/new_dimer_db/1IEB.pdb,1.0
1II8,A,B,../../GraPPI_data/PDB/new_dimer_db/1II8.pdb,1.0
1IJE,A,B,../../GraPPI_data/PDB/new_dimer_db/1IJE.pdb,1.0
1IQ5,A,B,../../GraPPI_data/PDB/new_dimer_db/1IQ5.pdb,1.0
1ITB,A,B,../../GraPPI_data/PDB/new_dimer_db/1ITB.pdb,1.0
1IWQ,A,B,../../GraPPI_data/PDB/new_dimer_db/1IWQ.pdb,1.0
1IXS,A,B,../../GraPPI_data/PDB/new_dimer_db/1IXS.pdb,1.0
1J19,A,B,../../GraPPI_data/PDB/new_dimer_db/1J19.pdb,1.0
1J2X,A,B,../../GraPPI_data/PDB/new_dimer_db/1J2X.pdb,1.0
1JCH,A,B,../../GraPPI_data/PDB/new_dimer_db/1JCH.pdb,1.0
1JDH,A,B,../../GraPPI_data/PDB/new_dimer_db/1JDH.pdb,1.0
1JEY,A,B,../../GraPPI_data/PDB/new_dimer_db/1JEY.pdb,1.0
1JK9,A,B,../../GraPPI_data/PDB/new_dimer_db/1JK9.pdb,1.0
1JMA,B,A,../../GraPPI_data/PDB/new_dimer_db/1JMA.pdb,1.0
1JMT,A,B,../../GraPPI_data/PDB/new_dimer_db/1JMT.pdb,1.0
1JPP,A,C,../../GraPPI_data/PDB/new_dimer_db/1JPP.pdb,1.0
1JPW,A,D,../../GraPPI_data/PDB/new_dimer_db/1JPW.pdb,1.0
1JQL,A,B,../../GraPPI_data/PDB/new_dimer_db/1JQL.pdb,1.0
1JRR,A,P,../../GraPPI_data/PDB/new_dimer_db/1JRR.pdb,1.0
1K4W,A,B,../../GraPPI_data/PDB/new_dimer_db/1K4W.pdb,1.0
1K78,A,B,../../GraPPI_data/PDB/new_dimer_db/1K78.pdb,1.0
1K7L,A,B,../../GraPPI_data/PDB/new_dimer_db/1K7L.pdb,1.0
1K8R,A,B,../../GraPPI_data/PDB/new_dimer_db/1K8R.pdb,1.0
1K9O,I,E,../../GraPPI_data/PDB/new_dimer_db/1K9O.pdb,1.0
1KA9,H,F,../../GraPPI_data/PDB/new_dimer_db/1KA9.pdb,1.0
1KDQ,A,B,../../GraPPI_data/PDB/new_dimer_db/1KDQ.pdb,1.0
1KEE,A,B,../../GraPPI_data/PDB/new_dimer_db/1KEE.pdb,1.0
1KI1,A,B,../../GraPPI_data/PDB/new_dimer_db/1KI1.pdb,1.0
1KJY,A,B,../../GraPPI_data/PDB/new_dimer_db/1KJY.pdb,1.0
1KKQ,A,E,../../GraPPI_data/PDB/new_dimer_db/1KKQ.pdb,1.0
1KRL,A,B,../../GraPPI_data/PDB/new_dimer_db/1KRL.pdb,1.0
1KSJ,A,B,../../GraPPI_data/PDB/new_dimer_db/1KSJ.pdb,1.0
1KVE,A,B,../../GraPPI_data/PDB/new_dimer_db/1KVE.pdb,1.0
1KZZ,A,B,../../GraPPI_data/PDB/new_dimer_db/1KZZ.pdb,1.0
1L0A,A,B,../../GraPPI_data/PDB/new_dimer_db/1L0A.pdb,1.0
1L6X,A,B,../../GraPPI_data/PDB/new_dimer_db/1L6X.pdb,1.0
1LB1,A,B,../../GraPPI_data/PDB/new_dimer_db/1LB1.pdb,1.0
1LCJ,A,B,../../GraPPI_data/PDB/new_dimer_db/1LCJ.pdb,1.0
1LDJ,A,B,../../GraPPI_data/PDB/new_dimer_db/1LDJ.pdb,1.0
1LEW,A,B,../../GraPPI_data/PDB/new_dimer_db/1LEW.pdb,1.0
1LF8,A,B,../../GraPPI_data/PDB/new_dimer_db/1LF8.pdb,1.0
1LOT,A,B,../../GraPPI_data/PDB/new_dimer_db/1LOT.pdb,1.0
1LPB,A,B,../../GraPPI_data/PDB/new_dimer_db/1LPB.pdb,1.0
1LQV,A,C,../../GraPPI_data/PDB/new_dimer_db/1LQV.pdb,1.0
1LSH,A,B,../../GraPPI_data/PDB/new_dimer_db/1LSH.pdb,1.0
1LVB,A,C,../../GraPPI_data/PDB/new_dimer_db/1LVB.pdb,1.0
1LYW,A,B,../../GraPPI_data/PDB/new_dimer_db/1LYW.pdb,1.0
1M2O,A,B,../../GraPPI_data/PDB/new_dimer_db/1M2O.pdb,1.0
1M45,A,B,../../GraPPI_data/PDB/new_dimer_db/1M45.pdb,1.0
1M46,A,B,../../GraPPI_data/PDB/new_dimer_db/1M46.pdb,1.0
1MDM,A,B,../../GraPPI_data/PDB/new_dimer_db/1MDM.pdb,1.0
1MFQ,B,C,../../GraPPI_data/PDB/new_dimer_db/1MFQ.pdb,1.0
1MHW,A,C,../../GraPPI_data/PDB/new_dimer_db/1MHW.pdb,1.0
1MJE,B,A,../../GraPPI_data/PDB/new_dimer_db/1MJE.pdb,1.0
1MK7,A,D,../../GraPPI_data/PDB/new_dimer_db/1MK7.pdb,1.0
1MK9,A,D,../../GraPPI_data/PDB/new_dimer_db/1MK9.pdb,1.0
1MQS,A,B,../../GraPPI_data/PDB/new_dimer_db/1MQS.pdb,1.0
1MR1,A,D,../../GraPPI_data/PDB/new_dimer_db/1MR1.pdb,1.0
1MVF,A,E,../../GraPPI_data/PDB/new_dimer_db/1MVF.pdb,1.0
1N0L,A,B,../../GraPPI_data/PDB/new_dimer_db/1N0L.pdb,1.0
1N12,A,B,../../GraPPI_data/PDB/new_dimer_db/1N12.pdb,1.0
1N4H,A,B,../../GraPPI_data/PDB/new_dimer_db/1N4H.pdb,1.0
1N4M,A,C,../../GraPPI_data/PDB/new_dimer_db/1N4M.pdb,1.0
1N52,A,B,../../GraPPI_data/PDB/new_dimer_db/1N52.pdb,1.0
1N5Z,A,P,../../GraPPI_data/PDB/new_dimer_db/1N5Z.pdb,1.0
1NGM,A,B,../../GraPPI_data/PDB/new_dimer_db/1NGM.pdb,1.0
1NIW,A,B,../../GraPPI_data/PDB/new_dimer_db/1NIW.pdb,1.0
1NJP,K,T,../../GraPPI_data/PDB/new_dimer_db/1NJP.pdb,1.0
1NMU,A,B,../../GraPPI_data/PDB/new_dimer_db/1NMU.pdb,1.0
1NPE,A,B,../../GraPPI_data/PDB/new_dimer_db/1NPE.pdb,1.0
1NQ7,A,B,../../GraPPI_data/PDB/new_dimer_db/1NQ7.pdb,1.0
1NQL,A,B,../../GraPPI_data/PDB/new_dimer_db/1NQL.pdb,1.0
1NRJ,A,B,../../GraPPI_data/PDB/new_dimer_db/1NRJ.pdb,1.0
1NRL,A,C,../../GraPPI_data/PDB/new_dimer_db/1NRL.pdb,1.0
1NS3,A,C,../../GraPPI_data/PDB/new_dimer_db/1NS3.pdb,1.0
1NTV,A,B,../../GraPPI_data/PDB/new_dimer_db/1NTV.pdb,1.0
1NU9,A,C,../../GraPPI_data/PDB/new_dimer_db/1NU9.pdb,1.0
1O6K,A,C,../../GraPPI_data/PDB/new_dimer_db/1O6K.pdb,1.0
1O6L,A,C,../../GraPPI_data/PDB/new_dimer_db/1O6L.pdb,1.0
1O97,C,D,../../GraPPI_data/PDB/new_dimer_db/1O97.pdb,1.0
1OE9,A,B,../../GraPPI_data/PDB/new_dimer_db/1OE9.pdb,1.0
1OEB,A,D,../../GraPPI_data/PDB/new_dimer_db/1OEB.pdb,1.0
1OJ5,A,B,../../GraPPI_data/PDB/new_dimer_db/1OJ5.pdb,1.0
1OL5,A,B,../../GraPPI_data/PDB/new_dimer_db/1OL5.pdb,1.0
1OM9,A,P,../../GraPPI_data/PDB/new_dimer_db/1OM9.pdb,1.0
1OND,Q,Z,../../GraPPI_data/PDB/new_dimer_db/1OND.pdb,1.0
1OR7,A,C,../../GraPPI_data/PDB/new_dimer_db/1OR7.pdb,1.0
1ORY,A,B,../../GraPPI_data/PDB/new_dimer_db/1ORY.pdb,1.0
1OX1,A,B,../../GraPPI_data/PDB/new_dimer_db/1OX1.pdb,1.0
1OXG,A,B,../../GraPPI_data/PDB/new_dimer_db/1OXG.pdb,1.0
1P16,B,D,../../GraPPI_data/PDB/new_dimer_db/1P16.pdb,1.0
1P57,A,B,../../GraPPI_data/PDB/new_dimer_db/1P57.pdb,1.0
1P5V,A,B,../../GraPPI_data/PDB/new_dimer_db/1P5V.pdb,1.0
1PD0,A,B,../../GraPPI_data/PDB/new_dimer_db/1PD0.pdb,1.0
1PDK,A,B,../../GraPPI_data/PDB/new_dimer_db/1PDK.pdb,1.0
1PEG,A,B,../../GraPPI_data/PDB/new_dimer_db/1PEG.pdb,1.0
1PFB,A,B,../../GraPPI_data/PDB/new_dimer_db/1PFB.pdb,1.0
1PFX,C,L,../../GraPPI_data/PDB/new_dimer_db/1PFX.pdb,1.0
1PID,A,B,../../GraPPI_data/PDB/new_dimer_db/1PID.pdb,1.0
1PQ1,A,B,../../GraPPI_data/PDB/new_dimer_db/1PQ1.pdb,1.0
1PQZ,A,B,../../GraPPI_data/PDB/new_dimer_db/1PQZ.pdb,1.0
1PU9,A,B,../../GraPPI_data/PDB/new_dimer_db/1PU9.pdb,1.0
1PUA,A,B,../../GraPPI_data/PDB/new_dimer_db/1PUA.pdb,1.0
1PWW,A,C,../../GraPPI_data/PDB/new_dimer_db/1PWW.pdb,1.0
1PZL,A,B,../../GraPPI_data/PDB/new_dimer_db/1PZL.pdb,1.0
1Q40,A,B,../../GraPPI_data/PDB/new_dimer_db/1Q40.pdb,1.0
1Q4Q,A,B,../../GraPPI_data/PDB/new_dimer_db/1Q4Q.pdb,1.0
1Q7L,A,B,../../GraPPI_data/PDB/new_dimer_db/1Q7L.pdb,1.0
1QBK,B,C,../../GraPPI_data/PDB/new_dimer_db/1QBK.pdb,1.0
1QD6,A,C,../../GraPPI_data/PDB/new_dimer_db/1QD6.pdb,1.0
1QFK,L,H,../../GraPPI_data/PDB/new_dimer_db/1QFK.pdb,1.0
1QGE,D,E,../../GraPPI_data/PDB/new_dimer_db/1QGE.pdb,1.0
1QGK,A,B,../../GraPPI_data/PDB/new_dimer_db/1QGK.pdb,1.0
1QGR,A,B,../../GraPPI_data/PDB/new_dimer_db/1QGR.pdb,1.0
1QS7,A,B,../../GraPPI_data/PDB/new_dimer_db/1QS7.pdb,1.0
1QSN,A,B,../../GraPPI_data/PDB/new_dimer_db/1QSN.pdb,1.0
1QTX,A,B,../../GraPPI_data/PDB/new_dimer_db/1QTX.pdb,1.0
1QUN,A,B,../../GraPPI_data/PDB/new_dimer_db/1QUN.pdb,1.0
1QZ7,A,B,../../GraPPI_data/PDB/new_dimer_db/1QZ7.pdb,1.0
1R17,A,C,../../GraPPI_data/PDB/new_dimer_db/1R17.pdb,1.0
1R1R,A,D,../../GraPPI_data/PDB/new_dimer_db/1R1R.pdb,1.0
1R27,A,B,../../GraPPI_data/PDB/new_dimer_db/1R27.pdb,1.0
1R8O,A,B,../../GraPPI_data/PDB/new_dimer_db/1R8O.pdb,1.0
1RBE,S,A,../../GraPPI_data/PDB/new_dimer_db/1RBE.pdb,1.0
1RP3,A,B,../../GraPPI_data/PDB/new_dimer_db/1RP3.pdb,1.0
1RRP,A,B,../../GraPPI_data/PDB/new_dimer_db/1RRP.pdb,1.0
1S26,A,D,../../GraPPI_data/PDB/new_dimer_db/1S26.pdb,1.0
1S70,A,B,../../GraPPI_data/PDB/new_dimer_db/1S70.pdb,1.0
1S9D,A,E,../../GraPPI_data/PDB/new_dimer_db/1S9D.pdb,1.0
1SDD,A,B,../../GraPPI_data/PDB/new_dimer_db/1SDD.pdb,1.0
1SGH,A,B,../../GraPPI_data/PDB/new_dimer_db/1SGH.pdb,1.0
1SL3,A,B,../../GraPPI_data/PDB/new_dimer_db/1SL3.pdb,1.0
1SP4,A,B,../../GraPPI_data/PDB/new_dimer_db/1SP4.pdb,1.0
1SQK,A,B,../../GraPPI_data/PDB/new_dimer_db/1SQK.pdb,1.0
1SRN,A,B,../../GraPPI_data/PDB/new_dimer_db/1SRN.pdb,1.0
1SSH,A,B,../../GraPPI_data/PDB/new_dimer_db/1SSH.pdb,1.0
1STC,E,I,../../GraPPI_data/PDB/new_dimer_db/1STC.pdb,1.0
1STF,E,I,../../GraPPI_data/PDB/new_dimer_db/1STF.pdb,1.0
1SVD,A,M,../../GraPPI_data/PDB/new_dimer_db/1SVD.pdb,1.0
1SVF,A,B,../../GraPPI_data/PDB/new_dimer_db/1SVF.pdb,1.0
1SYX,A,B,../../GraPPI_data/PDB/new_dimer_db/1SYX.pdb,1.0
1T0F,A,C,../../GraPPI_data/PDB/new_dimer_db/1T0F.pdb,1.0
1T0H,A,B,../../GraPPI_data/PDB/new_dimer_db/1T0H.pdb,1.0
1T29,A,B,../../GraPPI_data/PDB/new_dimer_db/1T29.pdb,1.0
1T2V,A,F,../../GraPPI_data/PDB/new_dimer_db/1T2V.pdb,1.0
1T2W,A,B,../../GraPPI_data/PDB/new_dimer_db/1T2W.pdb,1.0
1T3L,A,B,../../GraPPI_data/PDB/new_dimer_db/1T3L.pdb,1.0
1T6G,A,C,../../GraPPI_data/PDB/new_dimer_db/1T6G.pdb,1.0
1T6O,A,B,../../GraPPI_data/PDB/new_dimer_db/1T6O.pdb,1.0
1T7D,A,B,../../GraPPI_data/PDB/new_dimer_db/1T7D.pdb,1.0
1T7M,A,B,../../GraPPI_data/PDB/new_dimer_db/1T7M.pdb,1.0
1T7R,A,B,../../GraPPI_data/PDB/new_dimer_db/1T7R.pdb,1.0
1TBG,A,E,../../GraPPI_data/PDB/new_dimer_db/1TBG.pdb,1.0
1TGS,Z,I,../../GraPPI_data/PDB/new_dimer_db/1TGS.pdb,1.0
1TMQ,A,B,../../GraPPI_data/PDB/new_dimer_db/1TMQ.pdb,1.0
1TOQ,A,B,../../GraPPI_data/PDB/new_dimer_db/1TOQ.pdb,1.0
1TUE,A,B,../../GraPPI_data/PDB/new_dimer_db/1TUE.pdb,1.0
1U5I,A,B,../../GraPPI_data/PDB/new_dimer_db/1U5I.pdb,1.0
1U6H,A,B,../../GraPPI_data/PDB/new_dimer_db/1U6H.pdb,1.0
1U8C,A,B,../../GraPPI_data/PDB/new_dimer_db/1U8C.pdb,1.0
1UN0,A,C,../../GraPPI_data/PDB/new_dimer_db/1UN0.pdb,1.0
1UN6,B,D,../../GraPPI_data/PDB/new_dimer_db/1UN6.pdb,1.0
1UTI,A,D,../../GraPPI_data/PDB/new_dimer_db/1UTI.pdb,1.0
1UVU,L,H,../../GraPPI_data/PDB/new_dimer_db/1UVU.pdb,1.0
1UW4,A,B,../../GraPPI_data/PDB/new_dimer_db/1UW4.pdb,1.0
1V5I,A,B,../../GraPPI_data/PDB/new_dimer_db/1V5I.pdb,1.0
1V74,A,B,../../GraPPI_data/PDB/new_dimer_db/1V74.pdb,1.0
1VIW,A,B,../../GraPPI_data/PDB/new_dimer_db/1VIW.pdb,1.0
1VRA,A,B,../../GraPPI_data/PDB/new_dimer_db/1VRA.pdb,1.0
1VRS,A,D,../../GraPPI_data/PDB/new_dimer_db/1VRS.pdb,1.0
1W3C,A,C,../../GraPPI_data/PDB/new_dimer_db/1W3C.pdb,1.0
1W70,A,C,../../GraPPI_data/PDB/new_dimer_db/1W70.pdb,1.0
1WKW,A,B,../../GraPPI_data/PDB/new_dimer_db/1WKW.pdb,1.0
1WM0,X,Y,../../GraPPI_data/PDB/new_dimer_db/1WM0.pdb,1.0
1WMI,A,B,../../GraPPI_data/PDB/new_dimer_db/1WMI.pdb,1.0
1WRZ,A,B,../../GraPPI_data/PDB/new_dimer_db/1WRZ.pdb,1.0
1WUL,S,L,../../GraPPI_data/PDB/new_dimer_db/1WUL.pdb,1.0
1X9M,A,B,../../GraPPI_data/PDB/new_dimer_db/1X9M.pdb,1.0
1XB2,A,B,../../GraPPI_data/PDB/new_dimer_db/1XB2.pdb,1.0
1XFZ,A,O,../../GraPPI_data/PDB/new_dimer_db/1XFZ.pdb,1.0
1XH8,A,B,../../GraPPI_data/PDB/new_dimer_db/1XH8.pdb,1.0
1XL3,A,C,../../GraPPI_data/PDB/new_dimer_db/1XL3.pdb,1.0
1XN3,C,I,../../GraPPI_data/PDB/new_dimer_db/1XN3.pdb,1.0
1XOU,A,B,../../GraPPI_data/PDB/new_dimer_db/1XOU.pdb,1.0
1XTG,A,B,../../GraPPI_data/PDB/new_dimer_db/1XTG.pdb,1.0
1XZQ,A,B,../../GraPPI_data/PDB/new_dimer_db/1XZQ.pdb,1.0
1Y19,A,B,../../GraPPI_data/PDB/new_dimer_db/1Y19.pdb,1.0
1Y2A,C,P,../../GraPPI_data/PDB/new_dimer_db/1Y2A.pdb,1.0
1Y3A,A,E,../../GraPPI_data/PDB/new_dimer_db/1Y3A.pdb,1.0
1Y56,A,B,../../GraPPI_data/PDB/new_dimer_db/1Y56.pdb,1.0
1Y64,A,B,../../GraPPI_data/PDB/new_dimer_db/1Y64.pdb,1.0
1Y8X,A,B,../../GraPPI_data/PDB/new_dimer_db/1Y8X.pdb,1.0
1Y96,A,B,../../GraPPI_data/PDB/new_dimer_db/1Y96.pdb,1.0
1Y98,A,B,../../GraPPI_data/PDB/new_dimer_db/1Y98.pdb,1.0
1YC5,A,B,../../GraPPI_data/PDB/new_dimer_db/1YC5.pdb,1.0
1YCR,A,B,../../GraPPI_data/PDB/new_dimer_db/1YCR.pdb,1.0
1YDT,E,I,../../GraPPI_data/PDB/new_dimer_db/1YDT.pdb,1.0
1YJM,A,C,../../GraPPI_data/PDB/new_dimer_db/1YJM.pdb,1.0
1YKH,A,B,../../GraPPI_data/PDB/new_dimer_db/1YKH.pdb,1.0
1YM0,A,B,../../GraPPI_data/PDB/new_dimer_db/1YM0.pdb,1.0
1YMT,A,B,../../GraPPI_data/PDB/new_dimer_db/1YMT.pdb,1.0
1YOV,A,B,../../GraPPI_data/PDB/new_dimer_db/1YOV.pdb,1.0
1YOW,A,B,../../GraPPI_data/PDB/new_dimer_db/1YOW.pdb,1.0
1YP0,A,B,../../GraPPI_data/PDB/new_dimer_db/1YP0.pdb,1.0
1YR5,A,B,../../GraPPI_data/PDB/new_dimer_db/1YR5.pdb,1.0
1YRK,A,B,../../GraPPI_data/PDB/new_dimer_db/1YRK.pdb,1.0
1YU6,A,C,../../GraPPI_data/PDB/new_dimer_db/1YU6.pdb,1.0
1YUC,A,C,../../GraPPI_data/PDB/new_dimer_db/1YUC.pdb,1.0
1YUK,A,B,../../GraPPI_data/PDB/new_dimer_db/1YUK.pdb,1.0
1YWO,A,P,../../GraPPI_data/PDB/new_dimer_db/1YWO.pdb,1.0
1Z0J,A,B,../../GraPPI_data/PDB/new_dimer_db/1Z0J.pdb,1.0
1Z3E,A,B,../../GraPPI_data/PDB/new_dimer_db/1Z3E.pdb,1.0
1Z5Y,D,E,../../GraPPI_data/PDB/new_dimer_db/1Z5Y.pdb,1.0
1Z8U,A,B,../../GraPPI_data/PDB/new_dimer_db/1Z8U.pdb,1.0
1ZBD,A,B,../../GraPPI_data/PDB/new_dimer_db/1ZBD.pdb,1.0
1ZDT,A,P,../../GraPPI_data/PDB/new_dimer_db/1ZDT.pdb,1.0
1ZGX,A,B,../../GraPPI_data/PDB/new_dimer_db/1ZGX.pdb,1.0
1ZGY,A,B,../../GraPPI_data/PDB/new_dimer_db/1ZGY.pdb,1.0
1ZH7,A,C,../../GraPPI_data/PDB/new_dimer_db/1ZH7.pdb,1.0
1ZHH,A,B,../../GraPPI_data/PDB/new_dimer_db/1ZHH.pdb,1.0
1ZNI,A,B,../../GraPPI_data/PDB/new_dimer_db/1ZNI.pdb,1.0
1ZOQ,A,C,../../GraPPI_data/PDB/new_dimer_db/1ZOQ.pdb,1.0
1ZT2,A,B,../../GraPPI_data/PDB/new_dimer_db/1ZT2.pdb,1.0
1ZUD,1,2,../../GraPPI_data/PDB/new_dimer_db/1ZUD.pdb,1.0
1ZUN,A,B,../../GraPPI_data/PDB/new_dimer_db/1ZUN.pdb,1.0
1ZUZ,A,B,../../GraPPI_data/PDB/new_dimer_db/1ZUZ.pdb,1.0
1ZW2,A,B,../../GraPPI_data/PDB/new_dimer_db/1ZW2.pdb,1.0
1ZW3,A,B,../../GraPPI_data/PDB/new_dimer_db/1ZW3.pdb,1.0
21IK,A,B,../../GraPPI_data/PDB/new_dimer_db/21IK.pdb,1.0
2A1J,A,B,../../GraPPI_data/PDB/new_dimer_db/2A1J.pdb,1.0
2A1U,A,B,../../GraPPI_data/PDB/new_dimer_db/2A1U.pdb,1.0
2A3I,A,B,../../GraPPI_data/PDB/new_dimer_db/2A3I.pdb,1.0
2A42,A,B,../../GraPPI_data/PDB/new_dimer_db/2A42.pdb,1.0
2A5F,A,B,../../GraPPI_data/PDB/new_dimer_db/2A5F.pdb,1.0
2AHO,A,B,../../GraPPI_data/PDB/new_dimer_db/2AHO.pdb,1.0
2AO6,A,B,../../GraPPI_data/PDB/new_dimer_db/2AO6.pdb,1.0
2AP2,A,P,../../GraPPI_data/PDB/new_dimer_db/2AP2.pdb,1.0
2AS5,N,F,../../GraPPI_data/PDB/new_dimer_db/2AS5.pdb,1.0
2ATQ,A,B,../../GraPPI_data/PDB/new_dimer_db/2ATQ.pdb,1.0
2AUH,A,B,../../GraPPI_data/PDB/new_dimer_db/2AUH.pdb,1.0
2B3T,A,B,../../GraPPI_data/PDB/new_dimer_db/2B3T.pdb,1.0
2B5L,A,C,../../GraPPI_data/PDB/new_dimer_db/2B5L.pdb,1.0
2B9H,A,C,../../GraPPI_data/PDB/new_dimer_db/2B9H.pdb,1.0
2B9I,A,C,../../GraPPI_data/PDB/new_dimer_db/2B9I.pdb,1.0
2B9J,A,C,../../GraPPI_data/PDB/new_dimer_db/2B9J.pdb,1.0
2B9S,A,B,../../GraPPI_data/PDB/new_dimer_db/2B9S.pdb,1.0
2BBA,A,P,../../GraPPI_data/PDB/new_dimer_db/2BBA.pdb,1.0
2BCG,G,Y,../../GraPPI_data/PDB/new_dimer_db/2BCG.pdb,1.0
2BCX,A,B,../../GraPPI_data/PDB/new_dimer_db/2BCX.pdb,1.0
2BEC,A,B,../../GraPPI_data/PDB/new_dimer_db/2BEC.pdb,1.0
2BF8,A,B,../../GraPPI_data/PDB/new_dimer_db/2BF8.pdb,1.0
2BH1,X,A,../../GraPPI_data/PDB/new_dimer_db/2BH1.pdb,1.0
2BKK,A,B,../../GraPPI_data/PDB/new_dimer_db/2BKK.pdb,1.0
2BKU,A,B,../../GraPPI_data/PDB/new_dimer_db/2BKU.pdb,1.0
2BOV,A,B,../../GraPPI_data/PDB/new_dimer_db/2BOV.pdb,1.0
2BP3,A,T,../../GraPPI_data/PDB/new_dimer_db/2BP3.pdb,1.0
2BP5,M,P,../../GraPPI_data/PDB/new_dimer_db/2BP5.pdb,1.0
2BPB,A,B,../../GraPPI_data/PDB/new_dimer_db/2BPB.pdb,1.0
2BZW,A,B,../../GraPPI_data/PDB/new_dimer_db/2BZW.pdb,1.0
2C1D,A,B,../../GraPPI_data/PDB/new_dimer_db/2C1D.pdb,1.0
2C35,A,B,../../GraPPI_data/PDB/new_dimer_db/2C35.pdb,1.0
2C5K,P,T,../../GraPPI_data/PDB/new_dimer_db/2C5K.pdb,1.0
2C5W,A,B,../../GraPPI_data/PDB/new_dimer_db/2C5W.pdb,1.0
2CG5,A,B,../../GraPPI_data/PDB/new_dimer_db/2CG5.pdb,1.0
2CH4,W,A,../../GraPPI_data/PDB/new_dimer_db/2CH4.pdb,1.0
2CI9,B,M,../../GraPPI_data/PDB/new_dimer_db/2CI9.pdb,1.0
2CKZ,A,B,../../GraPPI_data/PDB/new_dimer_db/2CKZ.pdb,1.0
2CO1,A,B,../../GraPPI_data/PDB/new_dimer_db/2CO1.pdb,1.0
2CO7,A,B,../../GraPPI_data/PDB/new_dimer_db/2CO7.pdb,1.0
2COL,A,B,../../GraPPI_data/PDB/new_dimer_db/2COL.pdb,1.0
2CV3,A,B,../../GraPPI_data/PDB/new_dimer_db/2CV3.pdb,1.0
2D07,A,B,../../GraPPI_data/PDB/new_dimer_db/2D07.pdb,1.0
2D11,A,E,../../GraPPI_data/PDB/new_dimer_db/2D11.pdb,1.0
2D5R,A,B,../../GraPPI_data/PDB/new_dimer_db/2D5R.pdb,1.0
2DCU,A,B,../../GraPPI_data/PDB/new_dimer_db/2DCU.pdb,1.0
2DF6,A,C,../../GraPPI_data/PDB/new_dimer_db/2DF6.pdb,1.0
2DFK,A,B,../../GraPPI_data/PDB/new_dimer_db/2DFK.pdb,1.0
2DOI,A,B,../../GraPPI_data/PDB/new_dimer_db/2DOI.pdb,1.0
2DRK,A,B,../../GraPPI_data/PDB/new_dimer_db/2DRK.pdb,1.0
2DWX,A,B,../../GraPPI_data/PDB/new_dimer_db/2DWX.pdb,1.0
2DYM,A,B,../../GraPPI_data/PDB/new_dimer_db/2DYM.pdb,1.0
2DYO,A,B,../../GraPPI_data/PDB/new_dimer_db/2DYO.pdb,1.0
2DZO,A,B,../../GraPPI_data/PDB/new_dimer_db/2DZO.pdb,1.0
2E33,A,B,../../GraPPI_data/PDB/new_dimer_db/2E33.pdb,1.0
2EGG,A,B,../../GraPPI_data/PDB/new_dimer_db/2EGG.pdb,1.0
2EHB,A,D,../../GraPPI_data/PDB/new_dimer_db/2EHB.pdb,1.0
2EJG,A,C,../../GraPPI_data/PDB/new_dimer_db/2EJG.pdb,1.0
2EMS,A,B,../../GraPPI_data/PDB/new_dimer_db/2EMS.pdb,1.0
2EMT,B,D,../../GraPPI_data/PDB/new_dimer_db/2EMT.pdb,1.0
2EX3,A,B,../../GraPPI_data/PDB/new_dimer_db/2EX3.pdb,1.0
2F2L,A,X,../../GraPPI_data/PDB/new_dimer_db/2F2L.pdb,1.0
2F3C,E,I,../../GraPPI_data/PDB/new_dimer_db/2F3C.pdb,1.0
2F3Z,A,B,../../GraPPI_data/PDB/new_dimer_db/2F3Z.pdb,1.0
2F49,A,C,../../GraPPI_data/PDB/new_dimer_db/2F49.pdb,1.0
2F6M,A,B,../../GraPPI_data/PDB/new_dimer_db/2F6M.pdb,1.0
2F8E,X,A,../../GraPPI_data/PDB/new_dimer_db/2F8E.pdb,1.0
2F91,A,B,../../GraPPI_data/PDB/new_dimer_db/2F91.pdb,1.0
2FCW,A,B,../../GraPPI_data/PDB/new_dimer_db/2FCW.pdb,1.0
2FFF,A,B,../../GraPPI_data/PDB/new_dimer_db/2FFF.pdb,1.0
2FH5,A,B,../../GraPPI_data/PDB/new_dimer_db/2FH5.pdb,1.0
2FHZ,A,B,../../GraPPI_data/PDB/new_dimer_db/2FHZ.pdb,1.0
2FIF,A,B,../../GraPPI_data/PDB/new_dimer_db/2FIF.pdb,1.0
2FKA,A,B,../../GraPPI_data/PDB/new_dimer_db/2FKA.pdb,1.0
2FMH,A,B,../../GraPPI_data/PDB/new_dimer_db/2FMH.pdb,1.0
2FMI,A,B,../../GraPPI_data/PDB/new_dimer_db/2FMI.pdb,1.0
2FOM,A,B,../../GraPPI_data/PDB/new_dimer_db/2FOM.pdb,1.0
2FOT,A,C,../../GraPPI_data/PDB/new_dimer_db/2FOT.pdb,1.0
2FTX,A,B,../../GraPPI_data/PDB/new_dimer_db/2FTX.pdb,1.0
2FYD,A,B,../../GraPPI_data/PDB/new_dimer_db/2FYD.pdb,1.0
2FYS,B,D,../../GraPPI_data/PDB/new_dimer_db/2FYS.pdb,1.0
2G01,A,F,../../GraPPI_data/PDB/new_dimer_db/2G01.pdb,1.0
2G1T,B,F,../../GraPPI_data/PDB/new_dimer_db/2G1T.pdb,1.0
2G47,A,C,../../GraPPI_data/PDB/new_dimer_db/2G47.pdb,1.0
2G48,A,C,../../GraPPI_data/PDB/new_dimer_db/2G48.pdb,1.0
2G54,A,C,../../GraPPI_data/PDB/new_dimer_db/2G54.pdb,1.0
2G56,A,C,../../GraPPI_data/PDB/new_dimer_db/2G56.pdb,1.0
2G5Z,A,B,../../GraPPI_data/PDB/new_dimer_db/2G5Z.pdb,1.0
2G77,A,B,../../GraPPI_data/PDB/new_dimer_db/2G77.pdb,1.0
2G83,A,C,../../GraPPI_data/PDB/new_dimer_db/2G83.pdb,1.0
2GDC,A,B,../../GraPPI_data/PDB/new_dimer_db/2GDC.pdb,1.0
2GGM,A,C,../../GraPPI_data/PDB/new_dimer_db/2GGM.pdb,1.0
2GGV,A,B,../../GraPPI_data/PDB/new_dimer_db/2GGV.pdb,1.0
2GHW,A,B,../../GraPPI_data/PDB/new_dimer_db/2GHW.pdb,1.0
2GJE,A,D,../../GraPPI_data/PDB/new_dimer_db/2GJE.pdb,1.0
2GJX,A,B,../../GraPPI_data/PDB/new_dimer_db/2GJX.pdb,1.0
2GMX,A,F,../../GraPPI_data/PDB/new_dimer_db/2GMX.pdb,1.0
2GOL,A,B,../../GraPPI_data/PDB/new_dimer_db/2GOL.pdb,1.0
2GPH,A,B,../../GraPPI_data/PDB/new_dimer_db/2GPH.pdb,1.0
2GRQ,A,B,../../GraPPI_data/PDB/new_dimer_db/2GRQ.pdb,1.0
2GRX,A,C,../../GraPPI_data/PDB/new_dimer_db/2GRX.pdb,1.0
2GSK,A,B,../../GraPPI_data/PDB/new_dimer_db/2GSK.pdb,1.0
2GTK,A,B,../../GraPPI_data/PDB/new_dimer_db/2GTK.pdb,1.0
2GUZ,A,B,../../GraPPI_data/PDB/new_dimer_db/2GUZ.pdb,1.0
2GVF,A,B,../../GraPPI_data/PDB/new_dimer_db/2GVF.pdb,1.0
2GWF,A,B,../../GraPPI_data/PDB/new_dimer_db/2GWF.pdb,1.0
2H0D,A,B,../../GraPPI_data/PDB/new_dimer_db/2H0D.pdb,1.0
2H4J,A,D,../../GraPPI_data/PDB/new_dimer_db/2H4J.pdb,1.0
2H7V,A,C,../../GraPPI_data/PDB/new_dimer_db/2H7V.pdb,1.0
2H7Z,A,B,../../GraPPI_data/PDB/new_dimer_db/2H7Z.pdb,1.0
2HDI,A,B,../../GraPPI_data/PDB/new_dimer_db/2HDI.pdb,1.0
2HDN,A,B,../../GraPPI_data/PDB/new_dimer_db/2HDN.pdb,1.0
2HFP,A,B,../../GraPPI_data/PDB/new_dimer_db/2HFP.pdb,1.0
2HKX,A,B,../../GraPPI_data/PDB/new_dimer_db/2HKX.pdb,1.0
2HMH,A,B,../../GraPPI_data/PDB/new_dimer_db/2HMH.pdb,1.0
2HO2,A,B,../../GraPPI_data/PDB/new_dimer_db/2HO2.pdb,1.0
2HPZ,A,B,../../GraPPI_data/PDB/new_dimer_db/2HPZ.pdb,1.0
2HSM,A,B,../../GraPPI_data/PDB/new_dimer_db/2HSM.pdb,1.0
2HZM,A,B,../../GraPPI_data/PDB/new_dimer_db/2HZM.pdb,1.0
2I0Q,A,B,../../GraPPI_data/PDB/new_dimer_db/2I0Q.pdb,1.0
2I3H,A,B,../../GraPPI_data/PDB/new_dimer_db/2I3H.pdb,1.0
2IAA,A,B,../../GraPPI_data/PDB/new_dimer_db/2IAA.pdb,1.0
2IBG,A,F,../../GraPPI_data/PDB/new_dimer_db/2IBG.pdb,1.0
2IDO,A,B,../../GraPPI_data/PDB/new_dimer_db/2IDO.pdb,1.0
2IE4,A,C,../../GraPPI_data/PDB/new_dimer_db/2IE4.pdb,1.0
2IUI,A,C,../../GraPPI_data/PDB/new_dimer_db/2IUI.pdb,1.0
2IWT,A,B,../../GraPPI_data/PDB/new_dimer_db/2IWT.pdb,1.0
2J04,A,B,../../GraPPI_data/PDB/new_dimer_db/2J04.pdb,1.0
2J0M,A,B,../../GraPPI_data/PDB/new_dimer_db/2J0M.pdb,1.0
2J0U,A,B,../../GraPPI_data/PDB/new_dimer_db/2J0U.pdb,1.0
2J3R,A,B,../../GraPPI_data/PDB/new_dimer_db/2J3R.pdb,1.0
2J7I,B,D,../../GraPPI_data/PDB/new_dimer_db/2J7I.pdb,1.0
2J7Q,A,B,../../GraPPI_data/PDB/new_dimer_db/2J7Q.pdb,1.0
2J7X,A,B,../../GraPPI_data/PDB/new_dimer_db/2J7X.pdb,1.0
2J9U,A,B,../../GraPPI_data/PDB/new_dimer_db/2J9U.pdb,1.0
2JBU,A,C,../../GraPPI_data/PDB/new_dimer_db/2JBU.pdb,1.0
2JDL,A,C,../../GraPPI_data/PDB/new_dimer_db/2JDL.pdb,1.0
2JDO,A,C,../../GraPPI_data/PDB/new_dimer_db/2JDO.pdb,1.0
2JDR,A,C,../../GraPPI_data/PDB/new_dimer_db/2JDR.pdb,1.0
2JDV,A,I,../../GraPPI_data/PDB/new_dimer_db/2JDV.pdb,1.0
2KIN,A,B,../../GraPPI_data/PDB/new_dimer_db/2KIN.pdb,1.0
2LTN,A,B,../../GraPPI_data/PDB/new_dimer_db/2LTN.pdb,1.0
2NLL,A,B,../../GraPPI_data/PDB/new_dimer_db/2NLL.pdb,1.0
2NM1,A,B,../../GraPPI_data/PDB/new_dimer_db/2NM1.pdb,1.0
2NMV,A,B,../../GraPPI_data/PDB/new_dimer_db/2NMV.pdb,1.0
2NNU,A,B,../../GraPPI_data/PDB/new_dimer_db/2NNU.pdb,1.0
2NO3,A,F,../../GraPPI_data/PDB/new_dimer_db/2NO3.pdb,1.0
2NP0,A,B,../../GraPPI_data/PDB/new_dimer_db/2NP0.pdb,1.0
2NPA,A,B,../../GraPPI_data/PDB/new_dimer_db/2NPA.pdb,1.0
2O25,A,D,../../GraPPI_data/PDB/new_dimer_db/2O25.pdb,1.0
2O2V,A,B,../../GraPPI_data/PDB/new_dimer_db/2O2V.pdb,1.0
2O4X,A,B,../../GraPPI_data/PDB/new_dimer_db/2O4X.pdb,1.0
2O60,A,B,../../GraPPI_data/PDB/new_dimer_db/2O60.pdb,1.0
2O61,A,B,../../GraPPI_data/PDB/new_dimer_db/2O61.pdb,1.0
2O88,A,C,../../GraPPI_data/PDB/new_dimer_db/2O88.pdb,1.0
2O8G,I,A,../../GraPPI_data/PDB/new_dimer_db/2O8G.pdb,1.0
2O9Q,A,C,../../GraPPI_data/PDB/new_dimer_db/2O9Q.pdb,1.0
2O9V,A,B,../../GraPPI_data/PDB/new_dimer_db/2O9V.pdb,1.0
2OCV,A,B,../../GraPPI_data/PDB/new_dimer_db/2OCV.pdb,1.0
2OKR,A,C,../../GraPPI_data/PDB/new_dimer_db/2OKR.pdb,1.0
2OS2,A,C,../../GraPPI_data/PDB/new_dimer_db/2OS2.pdb,1.0
2OV2,I,A,../../GraPPI_data/PDB/new_dimer_db/2OV2.pdb,1.0
2OVM,A,B,../../GraPPI_data/PDB/new_dimer_db/2OVM.pdb,1.0
2OXH,Z,Y,../../GraPPI_data/PDB/new_dimer_db/2OXH.pdb,1.0
2OZN,A,B,../../GraPPI_data/PDB/new_dimer_db/2OZN.pdb,1.0
2P1M,A,B,../../GraPPI_data/PDB/new_dimer_db/2P1M.pdb,1.0
2P28,A,B,../../GraPPI_data/PDB/new_dimer_db/2P28.pdb,1.0
2P4R,A,T,../../GraPPI_data/PDB/new_dimer_db/2P4R.pdb,1.0
2P5B,I,A,../../GraPPI_data/PDB/new_dimer_db/2P5B.pdb,1.0
2P7V,A,B,../../GraPPI_data/PDB/new_dimer_db/2P7V.pdb,1.0
2PEH,A,C,../../GraPPI_data/PDB/new_dimer_db/2PEH.pdb,1.0
2PF4,A,E,../../GraPPI_data/PDB/new_dimer_db/2PF4.pdb,1.0
2PJW,H,V,../../GraPPI_data/PDB/new_dimer_db/2PJW.pdb,1.0
2PKA,A,B,../../GraPPI_data/PDB/new_dimer_db/2PKA.pdb,1.0
2PL9,A,D,../../GraPPI_data/PDB/new_dimer_db/2PL9.pdb,1.0
2PLX,A,B,../../GraPPI_data/PDB/new_dimer_db/2PLX.pdb,1.0
2PM9,A,B,../../GraPPI_data/PDB/new_dimer_db/2PM9.pdb,1.0
2PMI,A,B,../../GraPPI_data/PDB/new_dimer_db/2PMI.pdb,1.0
2PNX,C,D,../../GraPPI_data/PDB/new_dimer_db/2PNX.pdb,1.0
2PQN,A,B,../../GraPPI_data/PDB/new_dimer_db/2PQN.pdb,1.0
2PQR,A,C,../../GraPPI_data/PDB/new_dimer_db/2PQR.pdb,1.0
2PR9,A,P,../../GraPPI_data/PDB/new_dimer_db/2PR9.pdb,1.0
2Q0N,A,B,../../GraPPI_data/PDB/new_dimer_db/2Q0N.pdb,1.0
2Q3Y,A,B,../../GraPPI_data/PDB/new_dimer_db/2Q3Y.pdb,1.0
2Q7K,A,B,../../GraPPI_data/PDB/new_dimer_db/2Q7K.pdb,1.0
2Q97,A,T,../../GraPPI_data/PDB/new_dimer_db/2Q97.pdb,1.0
2QA7,A,B,../../GraPPI_data/PDB/new_dimer_db/2QA7.pdb,1.0
2QAC,A,T,../../GraPPI_data/PDB/new_dimer_db/2QAC.pdb,1.0
2QB0,A,D,../../GraPPI_data/PDB/new_dimer_db/2QB0.pdb,1.0
2QBX,B,D,../../GraPPI_data/PDB/new_dimer_db/2QBX.pdb,1.0
2QBY,A,B,../../GraPPI_data/PDB/new_dimer_db/2QBY.pdb,1.0
2QK7,A,B,../../GraPPI_data/PDB/new_dimer_db/2QK7.pdb,1.0
2QKH,B,A,../../GraPPI_data/PDB/new_dimer_db/2QKH.pdb,1.0
2QKL,A,B,../../GraPPI_data/PDB/new_dimer_db/2QKL.pdb,1.0
2QKW,A,B,../../GraPPI_data/PDB/new_dimer_db/2QKW.pdb,1.0
2QL2,A,B,../../GraPPI_data/PDB/new_dimer_db/2QL2.pdb,1.0
2QME,A,I,../../GraPPI_data/PDB/new_dimer_db/2QME.pdb,1.0
2QN5,B,T,../../GraPPI_data/PDB/new_dimer_db/2QN5.pdb,1.0
2QOS,C,A,../../GraPPI_data/PDB/new_dimer_db/2QOS.pdb,1.0
2QPY,A,B,../../GraPPI_data/PDB/new_dimer_db/2QPY.pdb,1.0
2QSF,A,X,../../GraPPI_data/PDB/new_dimer_db/2QSF.pdb,1.0
2QSG,A,X,../../GraPPI_data/PDB/new_dimer_db/2QSG.pdb,1.0
2QTW,A,B,../../GraPPI_data/PDB/new_dimer_db/2QTW.pdb,1.0
2QV1,A,C,../../GraPPI_data/PDB/new_dimer_db/2QV1.pdb,1.0
2QVS,E,B,../../GraPPI_data/PDB/new_dimer_db/2QVS.pdb,1.0
2QWQ,A,B,../../GraPPI_data/PDB/new_dimer_db/2QWQ.pdb,1.0
2R05,A,B,../../GraPPI_data/PDB/new_dimer_db/2R05.pdb,1.0
2RAX,A,B,../../GraPPI_data/PDB/new_dimer_db/2RAX.pdb,1.0
2RD7,A,C,../../GraPPI_data/PDB/new_dimer_db/2RD7.pdb,1.0
2RF4,A,B,../../GraPPI_data/PDB/new_dimer_db/2RF4.pdb,1.0
2RKY,A,D,../../GraPPI_data/PDB/new_dimer_db/2RKY.pdb,1.0
2RKZ,A,M,../../GraPPI_data/PDB/new_dimer_db/2RKZ.pdb,1.0
2RL0,A,G,../../GraPPI_data/PDB/new_dimer_db/2RL0.pdb,1.0
2STB,E,I,../../GraPPI_data/PDB/new_dimer_db/2STB.pdb,1.0
2TLD,E,I,../../GraPPI_data/PDB/new_dimer_db/2TLD.pdb,1.0
2UW9,A,C,../../GraPPI_data/PDB/new_dimer_db/2UW9.pdb,1.0
2V1S,H,A,../../GraPPI_data/PDB/new_dimer_db/2V1S.pdb,1.0
2V1Y,A,B,../../GraPPI_data/PDB/new_dimer_db/2V1Y.pdb,1.0
2V3C,A,C,../../GraPPI_data/PDB/new_dimer_db/2V3C.pdb,1.0
2V85,A,D,../../GraPPI_data/PDB/new_dimer_db/2V85.pdb,1.0
2V87,B,E,../../GraPPI_data/PDB/new_dimer_db/2V87.pdb,1.0
2V89,A,B,../../GraPPI_data/PDB/new_dimer_db/2V89.pdb,1.0
2V8C,A,C,../../GraPPI_data/PDB/new_dimer_db/2V8C.pdb,1.0
2VCP,A,D,../../GraPPI_data/PDB/new_dimer_db/2VCP.pdb,1.0
2VNF,A,C,../../GraPPI_data/PDB/new_dimer_db/2VNF.pdb,1.0
2VPD,A,B,../../GraPPI_data/PDB/new_dimer_db/2VPD.pdb,1.0
2VR3,A,C,../../GraPPI_data/PDB/new_dimer_db/2VR3.pdb,1.0
2VRR,A,B,../../GraPPI_data/PDB/new_dimer_db/2VRR.pdb,1.0
2VSX,A,E,../../GraPPI_data/PDB/new_dimer_db/2VSX.pdb,1.0
2VUU,I,A,../../GraPPI_data/PDB/new_dimer_db/2VUU.pdb,1.0
2VWF,A,B,../../GraPPI_data/PDB/new_dimer_db/2VWF.pdb,1.0
2VZD,A,C,../../GraPPI_data/PDB/new_dimer_db/2VZD.pdb,1.0
2VZG,A,B,../../GraPPI_data/PDB/new_dimer_db/2VZG.pdb,1.0
2VZI,A,B,../../GraPPI_data/PDB/new_dimer_db/2VZI.pdb,1.0
2W07,A,B,../../GraPPI_data/PDB/new_dimer_db/2W07.pdb,1.0
2W10,A,D,../../GraPPI_data/PDB/new_dimer_db/2W10.pdb,1.0
2W2H,A,C,../../GraPPI_data/PDB/new_dimer_db/2W2H.pdb,1.0
2W2U,A,C,../../GraPPI_data/PDB/new_dimer_db/2W2U.pdb,1.0
2W55,A,B,../../GraPPI_data/PDB/new_dimer_db/2W55.pdb,1.0
2W96,A,B,../../GraPPI_data/PDB/new_dimer_db/2W96.pdb,1.0
2W9R,A,B,../../GraPPI_data/PDB/new_dimer_db/2W9R.pdb,1.0
2WAX,A,B,../../GraPPI_data/PDB/new_dimer_db/2WAX.pdb,1.0
2WBW,A,B,../../GraPPI_data/PDB/new_dimer_db/2WBW.pdb,1.0
2WFV,A,B,../../GraPPI_data/PDB/new_dimer_db/2WFV.pdb,1.0
2WHX,A,C,../../GraPPI_data/PDB/new_dimer_db/2WHX.pdb,1.0
2WK3,B,D,../../GraPPI_data/PDB/new_dimer_db/2WK3.pdb,1.0
2WP1,A,B,../../GraPPI_data/PDB/new_dimer_db/2WP1.pdb,1.0
2WP2,B,Q,../../GraPPI_data/PDB/new_dimer_db/2WP2.pdb,1.0
2WT7,A,B,../../GraPPI_data/PDB/new_dimer_db/2WT7.pdb,1.0
2WY7,A,Q,../../GraPPI_data/PDB/new_dimer_db/2WY7.pdb,1.0
2WZQ,A,C,../../GraPPI_data/PDB/new_dimer_db/2WZQ.pdb,1.0
2X04,B,D,../../GraPPI_data/PDB/new_dimer_db/2X04.pdb,1.0
2X0G,A,B,../../GraPPI_data/PDB/new_dimer_db/2X0G.pdb,1.0
2X39,A,C,../../GraPPI_data/PDB/new_dimer_db/2X39.pdb,1.0
2X4W,A,B,../../GraPPI_data/PDB/new_dimer_db/2X4W.pdb,1.0
2X4X,F,E,../../GraPPI_data/PDB/new_dimer_db/2X4X.pdb,1.0
2X4Y,O,P,../../GraPPI_data/PDB/new_dimer_db/2X4Y.pdb,1.0
2X7R,N,C,../../GraPPI_data/PDB/new_dimer_db/2X7R.pdb,1.0
2X83,A,B,../../GraPPI_data/PDB/new_dimer_db/2X83.pdb,1.0
2XFG,A,B,../../GraPPI_data/PDB/new_dimer_db/2XFG.pdb,1.0
2XH5,A,C,../../GraPPI_data/PDB/new_dimer_db/2XH5.pdb,1.0
2XJY,A,B,../../GraPPI_data/PDB/new_dimer_db/2XJY.pdb,1.0
2XJZ,I,A,../../GraPPI_data/PDB/new_dimer_db/2XJZ.pdb,1.0
2XL2,A,C,../../GraPPI_data/PDB/new_dimer_db/2XL2.pdb,1.0
2XN3,A,B,../../GraPPI_data/PDB/new_dimer_db/2XN3.pdb,1.0
2XPN,A,B,../../GraPPI_data/PDB/new_dimer_db/2XPN.pdb,1.0
2XPO,A,B,../../GraPPI_data/PDB/new_dimer_db/2XPO.pdb,1.0
2XPP,A,B,../../GraPPI_data/PDB/new_dimer_db/2XPP.pdb,1.0
2XRW,A,B,../../GraPPI_data/PDB/new_dimer_db/2XRW.pdb,1.0
2XS0,A,B,../../GraPPI_data/PDB/new_dimer_db/2XS0.pdb,1.0
2XS1,A,B,../../GraPPI_data/PDB/new_dimer_db/2XS1.pdb,1.0
2XU7,A,D,../../GraPPI_data/PDB/new_dimer_db/2XU7.pdb,1.0
2XUM,A,S,../../GraPPI_data/PDB/new_dimer_db/2XUM.pdb,1.0
2XV6,D,C,../../GraPPI_data/PDB/new_dimer_db/2XV6.pdb,1.0
2XVC,A,B,../../GraPPI_data/PDB/new_dimer_db/2XVC.pdb,1.0
2XWU,A,B,../../GraPPI_data/PDB/new_dimer_db/2XWU.pdb,1.0
2XXN,A,B,../../GraPPI_data/PDB/new_dimer_db/2XXN.pdb,1.0
2XYI,A,B,../../GraPPI_data/PDB/new_dimer_db/2XYI.pdb,1.0
2Y3A,A,B,../../GraPPI_data/PDB/new_dimer_db/2Y3A.pdb,1.0
2Y3N,D,C,../../GraPPI_data/PDB/new_dimer_db/2Y3N.pdb,1.0
2Y4P,D,C,../../GraPPI_data/PDB/new_dimer_db/2Y4P.pdb,1.0
2Y4V,A,B,../../GraPPI_data/PDB/new_dimer_db/2Y4V.pdb,1.0
2Y9Q,A,B,../../GraPPI_data/PDB/new_dimer_db/2Y9Q.pdb,1.0
2Y9X,A,E,../../GraPPI_data/PDB/new_dimer_db/2Y9X.pdb,1.0
2YAJ,A,B,../../GraPPI_data/PDB/new_dimer_db/2YAJ.pdb,1.0
2YB8,A,B,../../GraPPI_data/PDB/new_dimer_db/2YB8.pdb,1.0
2YBA,A,D,../../GraPPI_data/PDB/new_dimer_db/2YBA.pdb,1.0
2YBF,A,B,../../GraPPI_data/PDB/new_dimer_db/2YBF.pdb,1.0
2YBP,A,C,../../GraPPI_data/PDB/new_dimer_db/2YBP.pdb,1.0
2YBS,A,C,../../GraPPI_data/PDB/new_dimer_db/2YBS.pdb,1.0
2YC2,A,D,../../GraPPI_data/PDB/new_dimer_db/2YC2.pdb,1.0
2YCL,A,B,../../GraPPI_data/PDB/new_dimer_db/2YCL.pdb,1.0
2YGV,A,E,../../GraPPI_data/PDB/new_dimer_db/2YGV.pdb,1.0
2YHO,A,B,../../GraPPI_data/PDB/new_dimer_db/2YHO.pdb,1.0
2YIN,B,D,../../GraPPI_data/PDB/new_dimer_db/2YIN.pdb,1.0
2YPB,A,B,../../GraPPI_data/PDB/new_dimer_db/2YPB.pdb,1.0
2YSU,A,B,../../GraPPI_data/PDB/new_dimer_db/2YSU.pdb,1.0
2YVC,C,F,../../GraPPI_data/PDB/new_dimer_db/2YVC.pdb,1.0
2YY0,A,B,../../GraPPI_data/PDB/new_dimer_db/2YY0.pdb,1.0
2Z2S,A,B,../../GraPPI_data/PDB/new_dimer_db/2Z2S.pdb,1.0
2Z4J,A,B,../../GraPPI_data/PDB/new_dimer_db/2Z4J.pdb,1.0
2Z5B,A,B,../../GraPPI_data/PDB/new_dimer_db/2Z5B.pdb,1.0
2Z5K,A,B,../../GraPPI_data/PDB/new_dimer_db/2Z5K.pdb,1.0
2Z6K,A,C,../../GraPPI_data/PDB/new_dimer_db/2Z6K.pdb,1.0
2Z93,A,B,../../GraPPI_data/PDB/new_dimer_db/2Z93.pdb,1.0
2ZAE,A,B,../../GraPPI_data/PDB/new_dimer_db/2ZAE.pdb,1.0
2ZET,A,C,../../GraPPI_data/PDB/new_dimer_db/2ZET.pdb,1.0
2ZFD,A,B,../../GraPPI_data/PDB/new_dimer_db/2ZFD.pdb,1.0
2ZHX,A,B,../../GraPPI_data/PDB/new_dimer_db/2ZHX.pdb,1.0
2ZIR,A,B,../../GraPPI_data/PDB/new_dimer_db/2ZIR.pdb,1.0
2ZIX,A,B,../../GraPPI_data/PDB/new_dimer_db/2ZIX.pdb,1.0
2ZJD,A,B,../../GraPPI_data/PDB/new_dimer_db/2ZJD.pdb,1.0
2ZJS,E,Y,../../GraPPI_data/PDB/new_dimer_db/2ZJS.pdb,1.0
2ZNE,A,C,../../GraPPI_data/PDB/new_dimer_db/2ZNE.pdb,1.0
2ZNX,A,Y,../../GraPPI_data/PDB/new_dimer_db/2ZNX.pdb,1.0
2ZSI,A,B,../../GraPPI_data/PDB/new_dimer_db/2ZSI.pdb,1.0
2ZZP,A,B,../../GraPPI_data/PDB/new_dimer_db/2ZZP.pdb,1.0
3A01,A,B,../../GraPPI_data/PDB/new_dimer_db/3A01.pdb,1.0
3A1G,A,B,../../GraPPI_data/PDB/new_dimer_db/3A1G.pdb,1.0
3A1P,A,B,../../GraPPI_data/PDB/new_dimer_db/3A1P.pdb,1.0
3A2F,A,B,../../GraPPI_data/PDB/new_dimer_db/3A2F.pdb,1.0
3A58,A,B,../../GraPPI_data/PDB/new_dimer_db/3A58.pdb,1.0
3A7A,A,B,../../GraPPI_data/PDB/new_dimer_db/3A7A.pdb,1.0
3A7Q,A,B,../../GraPPI_data/PDB/new_dimer_db/3A7Q.pdb,1.0
3A8K,A,E,../../GraPPI_data/PDB/new_dimer_db/3A8K.pdb,1.0
3A8Y,A,C,../../GraPPI_data/PDB/new_dimer_db/3A8Y.pdb,1.0
3A98,A,B,../../GraPPI_data/PDB/new_dimer_db/3A98.pdb,1.0
3ABE,C,Z,../../GraPPI_data/PDB/new_dimer_db/3ABE.pdb,1.0
3AEV,A,B,../../GraPPI_data/PDB/new_dimer_db/3AEV.pdb,1.0
3AJI,A,B,../../GraPPI_data/PDB/new_dimer_db/3AJI.pdb,1.0
3AKO,A,B,../../GraPPI_data/PDB/new_dimer_db/3AKO.pdb,1.0
3AM7,A,B,../../GraPPI_data/PDB/new_dimer_db/3AM7.pdb,1.0
3ANW,A,B,../../GraPPI_data/PDB/new_dimer_db/3ANW.pdb,1.0
3AQC,A,B,../../GraPPI_data/PDB/new_dimer_db/3AQC.pdb,1.0
3ASW,A,B,../../GraPPI_data/PDB/new_dimer_db/3ASW.pdb,1.0
3AT0,A,B,../../GraPPI_data/PDB/new_dimer_db/3AT0.pdb,1.0
3AV0,A,B,../../GraPPI_data/PDB/new_dimer_db/3AV0.pdb,1.0
3AVR,A,B,../../GraPPI_data/PDB/new_dimer_db/3AVR.pdb,1.0
3AWR,A,C,../../GraPPI_data/PDB/new_dimer_db/3AWR.pdb,1.0
3AX2,A,B,../../GraPPI_data/PDB/new_dimer_db/3AX2.pdb,1.0
3AX5,A,B,../../GraPPI_data/PDB/new_dimer_db/3AX5.pdb,1.0
3AXJ,A,B,../../GraPPI_data/PDB/new_dimer_db/3AXJ.pdb,1.0
3AYH,A,B,../../GraPPI_data/PDB/new_dimer_db/3AYH.pdb,1.0
3AYU,A,B,../../GraPPI_data/PDB/new_dimer_db/3AYU.pdb,1.0
3B0A,A,B,../../GraPPI_data/PDB/new_dimer_db/3B0A.pdb,1.0
3B0B,B,C,../../GraPPI_data/PDB/new_dimer_db/3B0B.pdb,1.0
3B0D,W,T,../../GraPPI_data/PDB/new_dimer_db/3B0D.pdb,1.0
3B0Z,A,B,../../GraPPI_data/PDB/new_dimer_db/3B0Z.pdb,1.0
3B1M,A,B,../../GraPPI_data/PDB/new_dimer_db/3B1M.pdb,1.0
3B1S,A,B,../../GraPPI_data/PDB/new_dimer_db/3B1S.pdb,1.0
3B71,A,D,../../GraPPI_data/PDB/new_dimer_db/3B71.pdb,1.0
3B8H,A,B,../../GraPPI_data/PDB/new_dimer_db/3B8H.pdb,1.0
3BC1,A,B,../../GraPPI_data/PDB/new_dimer_db/3BC1.pdb,1.0
3BEJ,A,E,../../GraPPI_data/PDB/new_dimer_db/3BEJ.pdb,1.0
3BFQ,G,F,../../GraPPI_data/PDB/new_dimer_db/3BFQ.pdb,1.0
3BFW,A,B,../../GraPPI_data/PDB/new_dimer_db/3BFW.pdb,1.0
3BG1,A,B,../../GraPPI_data/PDB/new_dimer_db/3BG1.pdb,1.0
3BH7,A,B,../../GraPPI_data/PDB/new_dimer_db/3BH7.pdb,1.0
3BL2,A,C,../../GraPPI_data/PDB/new_dimer_db/3BL2.pdb,1.0
3BQD,A,B,../../GraPPI_data/PDB/new_dimer_db/3BQD.pdb,1.0
3BRF,A,D,../../GraPPI_data/PDB/new_dimer_db/3BRF.pdb,1.0
3BRV,A,B,../../GraPPI_data/PDB/new_dimer_db/3BRV.pdb,1.0
3BTK,E,I,../../GraPPI_data/PDB/new_dimer_db/3BTK.pdb,1.0
3BTP,A,B,../../GraPPI_data/PDB/new_dimer_db/3BTP.pdb,1.0
3BTR,C,B,../../GraPPI_data/PDB/new_dimer_db/3BTR.pdb,1.0
3BU6,A,B,../../GraPPI_data/PDB/new_dimer_db/3BU6.pdb,1.0
3BU8,A,C,../../GraPPI_data/PDB/new_dimer_db/3BU8.pdb,1.0
3BUA,A,E,../../GraPPI_data/PDB/new_dimer_db/3BUA.pdb,1.0
3BUO,A,B,../../GraPPI_data/PDB/new_dimer_db/3BUO.pdb,1.0
3BXK,A,B,../../GraPPI_data/PDB/new_dimer_db/3BXK.pdb,1.0
3BXL,A,B,../../GraPPI_data/PDB/new_dimer_db/3BXL.pdb,1.0
3BYA,A,B,../../GraPPI_data/PDB/new_dimer_db/3BYA.pdb,1.0
3BZL,B,D,../../GraPPI_data/PDB/new_dimer_db/3BZL.pdb,1.0
3BZV,A,B,../../GraPPI_data/PDB/new_dimer_db/3BZV.pdb,1.0
3BZY,A,B,../../GraPPI_data/PDB/new_dimer_db/3BZY.pdb,1.0
3BZZ,A,B,../../GraPPI_data/PDB/new_dimer_db/3BZZ.pdb,1.0
3C00,A,B,../../GraPPI_data/PDB/new_dimer_db/3C00.pdb,1.0
3C01,A,E,../../GraPPI_data/PDB/new_dimer_db/3C01.pdb,1.0
3C03,B,C,../../GraPPI_data/PDB/new_dimer_db/3C03.pdb,1.0
3C05,A,B,../../GraPPI_data/PDB/new_dimer_db/3C05.pdb,1.0
3C0T,A,B,../../GraPPI_data/PDB/new_dimer_db/3C0T.pdb,1.0
3C3O,A,B,../../GraPPI_data/PDB/new_dimer_db/3C3O.pdb,1.0
3C3Q,A,B,../../GraPPI_data/PDB/new_dimer_db/3C3Q.pdb,1.0
3C6N,A,B,../../GraPPI_data/PDB/new_dimer_db/3C6N.pdb,1.0
3C6W,C,D,../../GraPPI_data/PDB/new_dimer_db/3C6W.pdb,1.0
3C7N,A,B,../../GraPPI_data/PDB/new_dimer_db/3C7N.pdb,1.0
3C85,B,D,../../GraPPI_data/PDB/new_dimer_db/3C85.pdb,1.0
3C9C,A,B,../../GraPPI_data/PDB/new_dimer_db/3C9C.pdb,1.0
3CAL,A,B,../../GraPPI_data/PDB/new_dimer_db/3CAL.pdb,1.0
3CF4,A,G,../../GraPPI_data/PDB/new_dimer_db/3CF4.pdb,1.0
3CFS,B,E,../../GraPPI_data/PDB/new_dimer_db/3CFS.pdb,1.0
3CJR,A,B,../../GraPPI_data/PDB/new_dimer_db/3CJR.pdb,1.0
3CJS,A,B,../../GraPPI_data/PDB/new_dimer_db/3CJS.pdb,1.0
3CJT,A,B,../../GraPPI_data/PDB/new_dimer_db/3CJT.pdb,1.0
3CKI,A,B,../../GraPPI_data/PDB/new_dimer_db/3CKI.pdb,1.0
3CM8,A,B,../../GraPPI_data/PDB/new_dimer_db/3CM8.pdb,1.0
3COJ,C,K,../../GraPPI_data/PDB/new_dimer_db/3COJ.pdb,1.0
3CQU,A,C,../../GraPPI_data/PDB/new_dimer_db/3CQU.pdb,1.0
3CQW,A,C,../../GraPPI_data/PDB/new_dimer_db/3CQW.pdb,1.0
3CR3,B,D,../../GraPPI_data/PDB/new_dimer_db/3CR3.pdb,1.0
3CS8,A,B,../../GraPPI_data/PDB/new_dimer_db/3CS8.pdb,1.0
3CTO,A,B,../../GraPPI_data/PDB/new_dimer_db/3CTO.pdb,1.0
3CWD,A,C,../../GraPPI_data/PDB/new_dimer_db/3CWD.pdb,1.0
3CWZ,A,B,../../GraPPI_data/PDB/new_dimer_db/3CWZ.pdb,1.0
3CXW,A,B,../../GraPPI_data/PDB/new_dimer_db/3CXW.pdb,1.0
3D12,A,B,../../GraPPI_data/PDB/new_dimer_db/3D12.pdb,1.0
3D1N,I,J,../../GraPPI_data/PDB/new_dimer_db/3D1N.pdb,1.0
3D24,A,B,../../GraPPI_data/PDB/new_dimer_db/3D24.pdb,1.0
3D2F,A,B,../../GraPPI_data/PDB/new_dimer_db/3D2F.pdb,1.0
3D31,A,C,../../GraPPI_data/PDB/new_dimer_db/3D31.pdb,1.0
3D6N,A,B,../../GraPPI_data/PDB/new_dimer_db/3D6N.pdb,1.0
3D7V,A,B,../../GraPPI_data/PDB/new_dimer_db/3D7V.pdb,1.0
3D8C,A,B,../../GraPPI_data/PDB/new_dimer_db/3D8C.pdb,1.0
3D9T,A,B,../../GraPPI_data/PDB/new_dimer_db/3D9T.pdb,1.0
3DBO,A,B,../../GraPPI_data/PDB/new_dimer_db/3DBO.pdb,1.0
3DD7,A,B,../../GraPPI_data/PDB/new_dimer_db/3DD7.pdb,1.0
3DEP,A,B,../../GraPPI_data/PDB/new_dimer_db/3DEP.pdb,1.0
3DGA,A,C,../../GraPPI_data/PDB/new_dimer_db/3DGA.pdb,1.0
3DLQ,I,R,../../GraPPI_data/PDB/new_dimer_db/3DLQ.pdb,1.0
3DO7,A,B,../../GraPPI_data/PDB/new_dimer_db/3DO7.pdb,1.0
3DOF,A,B,../../GraPPI_data/PDB/new_dimer_db/3DOF.pdb,1.0
3DOM,A,B,../../GraPPI_data/PDB/new_dimer_db/3DOM.pdb,1.0
3DPL,C,R,../../GraPPI_data/PDB/new_dimer_db/3DPL.pdb,1.0
3DPP,B,C,../../GraPPI_data/PDB/new_dimer_db/3DPP.pdb,1.0
3DPQ,F,G,../../GraPPI_data/PDB/new_dimer_db/3DPQ.pdb,1.0
3DPU,A,B,../../GraPPI_data/PDB/new_dimer_db/3DPU.pdb,1.0
3DS0,A,T,../../GraPPI_data/PDB/new_dimer_db/3DS0.pdb,1.0
3DS1,A,T,../../GraPPI_data/PDB/new_dimer_db/3DS1.pdb,1.0
3DVJ,A,B,../../GraPPI_data/PDB/new_dimer_db/3DVJ.pdb,1.0
3E0J,H,G,../../GraPPI_data/PDB/new_dimer_db/3E0J.pdb,1.0
3E20,E,H,../../GraPPI_data/PDB/new_dimer_db/3E20.pdb,1.0
3E50,B,D,../../GraPPI_data/PDB/new_dimer_db/3E50.pdb,1.0
3E7C,A,H,../../GraPPI_data/PDB/new_dimer_db/3E7C.pdb,1.0
3E7Y,A,B,../../GraPPI_data/PDB/new_dimer_db/3E7Y.pdb,1.0
3E87,A,C,../../GraPPI_data/PDB/new_dimer_db/3E87.pdb,1.0
3E88,A,C,../../GraPPI_data/PDB/new_dimer_db/3E88.pdb,1.0
3E8D,A,C,../../GraPPI_data/PDB/new_dimer_db/3E8D.pdb,1.0
3E8E,A,G,../../GraPPI_data/PDB/new_dimer_db/3E8E.pdb,1.0
3EAR,A,B,../../GraPPI_data/PDB/new_dimer_db/3EAR.pdb,1.0
3EG1,B,D,../../GraPPI_data/PDB/new_dimer_db/3EG1.pdb,1.0
3EGV,A,B,../../GraPPI_data/PDB/new_dimer_db/3EGV.pdb,1.0
3EHF,A,B,../../GraPPI_data/PDB/new_dimer_db/3EHF.pdb,1.0
3EHT,A,B,../../GraPPI_data/PDB/new_dimer_db/3EHT.pdb,1.0
3EJE,A,B,../../GraPPI_data/PDB/new_dimer_db/3EJE.pdb,1.0
3EP3,B,A,../../GraPPI_data/PDB/new_dimer_db/3EP3.pdb,1.0
3ERY,A,B,../../GraPPI_data/PDB/new_dimer_db/3ERY.pdb,1.0
3ESW,A,B,../../GraPPI_data/PDB/new_dimer_db/3ESW.pdb,1.0
3EU7,A,X,../../GraPPI_data/PDB/new_dimer_db/3EU7.pdb,1.0
3EUL,A,D,../../GraPPI_data/PDB/new_dimer_db/3EUL.pdb,1.0
3EWE,A,B,../../GraPPI_data/PDB/new_dimer_db/3EWE.pdb,1.0
3EWT,A,E,../../GraPPI_data/PDB/new_dimer_db/3EWT.pdb,1.0
3EWV,A,E,../../GraPPI_data/PDB/new_dimer_db/3EWV.pdb,1.0
3F2O,A,C,../../GraPPI_data/PDB/new_dimer_db/3F2O.pdb,1.0
3F62,A,B,../../GraPPI_data/PDB/new_dimer_db/3F62.pdb,1.0
3F7D,A,B,../../GraPPI_data/PDB/new_dimer_db/3F7D.pdb,1.0
3F8U,A,B,../../GraPPI_data/PDB/new_dimer_db/3F8U.pdb,1.0
3F9P,A,C,../../GraPPI_data/PDB/new_dimer_db/3F9P.pdb,1.0
3FAV,A,B,../../GraPPI_data/PDB/new_dimer_db/3FAV.pdb,1.0
3FBN,A,B,../../GraPPI_data/PDB/new_dimer_db/3FBN.pdb,1.0
3FGT,A,B,../../GraPPI_data/PDB/new_dimer_db/3FGT.pdb,1.0
3FMP,A,B,../../GraPPI_data/PDB/new_dimer_db/3FMP.pdb,1.0
3FQ9,A,B,../../GraPPI_data/PDB/new_dimer_db/3FQ9.pdb,1.0
3FUG,A,B,../../GraPPI_data/PDB/new_dimer_db/3FUG.pdb,1.0
3FUR,A,H,../../GraPPI_data/PDB/new_dimer_db/3FUR.pdb,1.0
3FXE,A,B,../../GraPPI_data/PDB/new_dimer_db/3FXE.pdb,1.0
3G2S,A,C,../../GraPPI_data/PDB/new_dimer_db/3G2S.pdb,1.0
3G7K,C,D,../../GraPPI_data/PDB/new_dimer_db/3G7K.pdb,1.0
3G9A,A,B,../../GraPPI_data/PDB/new_dimer_db/3G9A.pdb,1.0
3G9E,A,B,../../GraPPI_data/PDB/new_dimer_db/3G9E.pdb,1.0
3GEI,B,C,../../GraPPI_data/PDB/new_dimer_db/3GEI.pdb,1.0
3GFU,D,C,../../GraPPI_data/PDB/new_dimer_db/3GFU.pdb,1.0
3GIF,A,B,../../GraPPI_data/PDB/new_dimer_db/3GIF.pdb,1.0
3GOF,A,C,../../GraPPI_data/PDB/new_dimer_db/3GOF.pdb,1.0
3GOV,A,B,../../GraPPI_data/PDB/new_dimer_db/3GOV.pdb,1.0
3GP2,A,B,../../GraPPI_data/PDB/new_dimer_db/3GP2.pdb,1.0
3GXE,B,F,../../GraPPI_data/PDB/new_dimer_db/3GXE.pdb,1.0
3GYS,A,B,../../GraPPI_data/PDB/new_dimer_db/3GYS.pdb,1.0
3GYT,A,B,../../GraPPI_data/PDB/new_dimer_db/3GYT.pdb,1.0
3GYU,A,B,../../GraPPI_data/PDB/new_dimer_db/3GYU.pdb,1.0
3GYX,A,B,../../GraPPI_data/PDB/new_dimer_db/3GYX.pdb,1.0
3H1Z,A,P,../../GraPPI_data/PDB/new_dimer_db/3H1Z.pdb,1.0
3H3B,A,C,../../GraPPI_data/PDB/new_dimer_db/3H3B.pdb,1.0
3H44,A,C,../../GraPPI_data/PDB/new_dimer_db/3H44.pdb,1.0
3H4S,A,E,../../GraPPI_data/PDB/new_dimer_db/3H4S.pdb,1.0
3H5C,A,B,../../GraPPI_data/PDB/new_dimer_db/3H5C.pdb,1.0
3H7H,A,B,../../GraPPI_data/PDB/new_dimer_db/3H7H.pdb,1.0
3H82,B,A,../../GraPPI_data/PDB/new_dimer_db/3H82.pdb,1.0
3H9R,A,B,../../GraPPI_data/PDB/new_dimer_db/3H9R.pdb,1.0
3HE4,A,B,../../GraPPI_data/PDB/new_dimer_db/3HE4.pdb,1.0
3HE5,A,B,../../GraPPI_data/PDB/new_dimer_db/3HE5.pdb,1.0
3HGK,A,F,../../GraPPI_data/PDB/new_dimer_db/3HGK.pdb,1.0
3HGZ,B,E,../../GraPPI_data/PDB/new_dimer_db/3HGZ.pdb,1.0
3HHC,B,D,../../GraPPI_data/PDB/new_dimer_db/3HHC.pdb,1.0
3HHS,A,B,../../GraPPI_data/PDB/new_dimer_db/3HHS.pdb,1.0
3HI2,A,B,../../GraPPI_data/PDB/new_dimer_db/3HI2.pdb,1.0
3HQR,A,S,../../GraPPI_data/PDB/new_dimer_db/3HQR.pdb,1.0
3HR4,A,B,../../GraPPI_data/PDB/new_dimer_db/3HR4.pdb,1.0
3HS8,A,P,../../GraPPI_data/PDB/new_dimer_db/3HS8.pdb,1.0
3HS9,A,P,../../GraPPI_data/PDB/new_dimer_db/3HS9.pdb,1.0
3HUF,A,C,../../GraPPI_data/PDB/new_dimer_db/3HUF.pdb,1.0
3HVE,A,B,../../GraPPI_data/PDB/new_dimer_db/3HVE.pdb,1.0
3HVQ,A,C,../../GraPPI_data/PDB/new_dimer_db/3HVQ.pdb,1.0
3HW2,A,B,../../GraPPI_data/PDB/new_dimer_db/3HW2.pdb,1.0
3HYM,A,B,../../GraPPI_data/PDB/new_dimer_db/3HYM.pdb,1.0
3HZH,A,B,../../GraPPI_data/PDB/new_dimer_db/3HZH.pdb,1.0
3I08,A,B,../../GraPPI_data/PDB/new_dimer_db/3I08.pdb,1.0
3I1H,A,B,../../GraPPI_data/PDB/new_dimer_db/3I1H.pdb,1.0
3I7H,A,B,../../GraPPI_data/PDB/new_dimer_db/3I7H.pdb,1.0
3I7K,A,B,../../GraPPI_data/PDB/new_dimer_db/3I7K.pdb,1.0
3I7L,A,B,../../GraPPI_data/PDB/new_dimer_db/3I7L.pdb,1.0
3I7N,A,B,../../GraPPI_data/PDB/new_dimer_db/3I7N.pdb,1.0
3I7O,A,B,../../GraPPI_data/PDB/new_dimer_db/3I7O.pdb,1.0
3I7P,A,B,../../GraPPI_data/PDB/new_dimer_db/3I7P.pdb,1.0
3I89,A,B,../../GraPPI_data/PDB/new_dimer_db/3I89.pdb,1.0
3I8C,A,B,../../GraPPI_data/PDB/new_dimer_db/3I8C.pdb,1.0
3I8E,A,C,../../GraPPI_data/PDB/new_dimer_db/3I8E.pdb,1.0
3I90,A,C,../../GraPPI_data/PDB/new_dimer_db/3I90.pdb,1.0
3IAB,A,B,../../GraPPI_data/PDB/new_dimer_db/3IAB.pdb,1.0
3IAX,A,B,../../GraPPI_data/PDB/new_dimer_db/3IAX.pdb,1.0
3ICQ,T,B,../../GraPPI_data/PDB/new_dimer_db/3ICQ.pdb,1.0
3IEC,A,E,../../GraPPI_data/PDB/new_dimer_db/3IEC.pdb,1.0
3IEY,A,B,../../GraPPI_data/PDB/new_dimer_db/3IEY.pdb,1.0
3IF8,A,B,../../GraPPI_data/PDB/new_dimer_db/3IF8.pdb,1.0
3IHP,A,C,../../GraPPI_data/PDB/new_dimer_db/3IHP.pdb,1.0
3IO8,A,B,../../GraPPI_data/PDB/new_dimer_db/3IO8.pdb,1.0
3IUX,A,B,../../GraPPI_data/PDB/new_dimer_db/3IUX.pdb,1.0
3IVB,A,M,../../GraPPI_data/PDB/new_dimer_db/3IVB.pdb,1.0
3IVV,A,D,../../GraPPI_data/PDB/new_dimer_db/3IVV.pdb,1.0
3IWD,B,A,../../GraPPI_data/PDB/new_dimer_db/3IWD.pdb,1.0
3JV6,A,B,../../GraPPI_data/PDB/new_dimer_db/3JV6.pdb,1.0
3JWR,A,C,../../GraPPI_data/PDB/new_dimer_db/3JWR.pdb,1.0
3JZQ,A,P,../../GraPPI_data/PDB/new_dimer_db/3JZQ.pdb,1.0
3JZR,A,P,../../GraPPI_data/PDB/new_dimer_db/3JZR.pdb,1.0
3K1I,A,D,../../GraPPI_data/PDB/new_dimer_db/3K1I.pdb,1.0
3K1K,A,C,../../GraPPI_data/PDB/new_dimer_db/3K1K.pdb,1.0
3K5B,A,B,../../GraPPI_data/PDB/new_dimer_db/3K5B.pdb,1.0
3K65,A,B,../../GraPPI_data/PDB/new_dimer_db/3K65.pdb,1.0
3K74,A,B,../../GraPPI_data/PDB/new_dimer_db/3K74.pdb,1.0
3K9X,A,B,../../GraPPI_data/PDB/new_dimer_db/3K9X.pdb,1.0
3KBU,A,D,../../GraPPI_data/PDB/new_dimer_db/3KBU.pdb,1.0
3KCP,A,B,../../GraPPI_data/PDB/new_dimer_db/3KCP.pdb,1.0
3KF8,A,B,../../GraPPI_data/PDB/new_dimer_db/3KF8.pdb,1.0
3KF9,A,B,../../GraPPI_data/PDB/new_dimer_db/3KF9.pdb,1.0
3KJL,A,E,../../GraPPI_data/PDB/new_dimer_db/3KJL.pdb,1.0
3KL4,A,B,../../GraPPI_data/PDB/new_dimer_db/3KL4.pdb,1.0
3KL8,F,G,../../GraPPI_data/PDB/new_dimer_db/3KL8.pdb,1.0
3KLD,A,B,../../GraPPI_data/PDB/new_dimer_db/3KLD.pdb,1.0
3KMR,A,C,../../GraPPI_data/PDB/new_dimer_db/3KMR.pdb,1.0
3KND,A,B,../../GraPPI_data/PDB/new_dimer_db/3KND.pdb,1.0
3KOZ,G,C,../../GraPPI_data/PDB/new_dimer_db/3KOZ.pdb,1.0
3KP0,A,E,../../GraPPI_data/PDB/new_dimer_db/3KP0.pdb,1.0
3KQ4,A,B,../../GraPPI_data/PDB/new_dimer_db/3KQ4.pdb,1.0
3KQB,A,L,../../GraPPI_data/PDB/new_dimer_db/3KQB.pdb,1.0
3KTA,A,B,../../GraPPI_data/PDB/new_dimer_db/3KTA.pdb,1.0
3KTP,A,B,../../GraPPI_data/PDB/new_dimer_db/3KTP.pdb,1.0
3KTR,A,B,../../GraPPI_data/PDB/new_dimer_db/3KTR.pdb,1.0
3KUI,A,B,../../GraPPI_data/PDB/new_dimer_db/3KUI.pdb,1.0
3KUJ,A,B,../../GraPPI_data/PDB/new_dimer_db/3KUJ.pdb,1.0
3KUS,A,C,../../GraPPI_data/PDB/new_dimer_db/3KUS.pdb,1.0
3KUT,A,C,../../GraPPI_data/PDB/new_dimer_db/3KUT.pdb,1.0
3KXC,A,C,../../GraPPI_data/PDB/new_dimer_db/3KXC.pdb,1.0
3KYJ,A,B,../../GraPPI_data/PDB/new_dimer_db/3KYJ.pdb,1.0
3L0E,A,B,../../GraPPI_data/PDB/new_dimer_db/3L0E.pdb,1.0
3L0I,A,B,../../GraPPI_data/PDB/new_dimer_db/3L0I.pdb,1.0
3L0X,A,B,../../GraPPI_data/PDB/new_dimer_db/3L0X.pdb,1.0
3L10,A,B,../../GraPPI_data/PDB/new_dimer_db/3L10.pdb,1.0
3L1Z,A,B,../../GraPPI_data/PDB/new_dimer_db/3L1Z.pdb,1.0
3L2O,A,B,../../GraPPI_data/PDB/new_dimer_db/3L2O.pdb,1.0
3L3X,A,B,../../GraPPI_data/PDB/new_dimer_db/3L3X.pdb,1.0
3L4Q,A,C,../../GraPPI_data/PDB/new_dimer_db/3L4Q.pdb,1.0
3L51,A,B,../../GraPPI_data/PDB/new_dimer_db/3L51.pdb,1.0
3L6X,A,B,../../GraPPI_data/PDB/new_dimer_db/3L6X.pdb,1.0
3L6Y,A,B,../../GraPPI_data/PDB/new_dimer_db/3L6Y.pdb,1.0
3L82,A,B,../../GraPPI_data/PDB/new_dimer_db/3L82.pdb,1.0
3L9I,A,C,../../GraPPI_data/PDB/new_dimer_db/3L9I.pdb,1.0
3L9K,A,Y,../../GraPPI_data/PDB/new_dimer_db/3L9K.pdb,1.0
3LCB,B,C,../../GraPPI_data/PDB/new_dimer_db/3LCB.pdb,1.0
3LCN,A,C,../../GraPPI_data/PDB/new_dimer_db/3LCN.pdb,1.0
3LDZ,D,G,../../GraPPI_data/PDB/new_dimer_db/3LDZ.pdb,1.0
3LKU,A,B,../../GraPPI_data/PDB/new_dimer_db/3LKU.pdb,1.0
3LL8,E,A,../../GraPPI_data/PDB/new_dimer_db/3LL8.pdb,1.0
3LPE,A,B,../../GraPPI_data/PDB/new_dimer_db/3LPE.pdb,1.0
3LQC,A,B,../../GraPPI_data/PDB/new_dimer_db/3LQC.pdb,1.0
3LQV,A,P,../../GraPPI_data/PDB/new_dimer_db/3LQV.pdb,1.0
3LWW,A,B,../../GraPPI_data/PDB/new_dimer_db/3LWW.pdb,1.0
3LXR,A,F,../../GraPPI_data/PDB/new_dimer_db/3LXR.pdb,1.0
3LYV,C,F,../../GraPPI_data/PDB/new_dimer_db/3LYV.pdb,1.0
3M1C,A,B,../../GraPPI_data/PDB/new_dimer_db/3M1C.pdb,1.0
3M7F,A,B,../../GraPPI_data/PDB/new_dimer_db/3M7F.pdb,1.0
3MCB,A,B,../../GraPPI_data/PDB/new_dimer_db/3MCB.pdb,1.0
3MDB,A,C,../../GraPPI_data/PDB/new_dimer_db/3MDB.pdb,1.0
3ME0,A,B,../../GraPPI_data/PDB/new_dimer_db/3ME0.pdb,1.0
3MFG,A,B,../../GraPPI_data/PDB/new_dimer_db/3MFG.pdb,1.0
3MK4,A,B,../../GraPPI_data/PDB/new_dimer_db/3MK4.pdb,1.0
3MK8,A,B,../../GraPPI_data/PDB/new_dimer_db/3MK8.pdb,1.0
3MKQ,A,B,../../GraPPI_data/PDB/new_dimer_db/3MKQ.pdb,1.0
3MLQ,A,E,../../GraPPI_data/PDB/new_dimer_db/3MLQ.pdb,1.0
3MML,A,B,../../GraPPI_data/PDB/new_dimer_db/3MML.pdb,1.0
3MMP,A,G,../../GraPPI_data/PDB/new_dimer_db/3MMP.pdb,1.0
3MMY,A,B,../../GraPPI_data/PDB/new_dimer_db/3MMY.pdb,1.0
3MN5,A,S,../../GraPPI_data/PDB/new_dimer_db/3MN5.pdb,1.0
3MNP,A,B,../../GraPPI_data/PDB/new_dimer_db/3MNP.pdb,1.0
3MO8,A,B,../../GraPPI_data/PDB/new_dimer_db/3MO8.pdb,1.0
3MP7,A,B,../../GraPPI_data/PDB/new_dimer_db/3MP7.pdb,1.0
3MQP,A,B,../../GraPPI_data/PDB/new_dimer_db/3MQP.pdb,1.0
3MSX,A,B,../../GraPPI_data/PDB/new_dimer_db/3MSX.pdb,1.0
3MV5,A,C,../../GraPPI_data/PDB/new_dimer_db/3MV5.pdb,1.0
3MVH,A,B,../../GraPPI_data/PDB/new_dimer_db/3MVH.pdb,1.0
3N1Q,B,C,../../GraPPI_data/PDB/new_dimer_db/3N1Q.pdb,1.0
3N3K,A,B,../../GraPPI_data/PDB/new_dimer_db/3N3K.pdb,1.0
3N40,P,F,../../GraPPI_data/PDB/new_dimer_db/3N40.pdb,1.0
3N70,A,B,../../GraPPI_data/PDB/new_dimer_db/3N70.pdb,1.0
3N7P,A,R,../../GraPPI_data/PDB/new_dimer_db/3N7P.pdb,1.0
3N7S,A,D,../../GraPPI_data/PDB/new_dimer_db/3N7S.pdb,1.0
3N84,A,E,../../GraPPI_data/PDB/new_dimer_db/3N84.pdb,1.0
3N9Y,A,C,../../GraPPI_data/PDB/new_dimer_db/3N9Y.pdb,1.0
3NA1,A,C,../../GraPPI_data/PDB/new_dimer_db/3NA1.pdb,1.0
3NBH,A,B,../../GraPPI_data/PDB/new_dimer_db/3NBH.pdb,1.0
3NDB,A,B,../../GraPPI_data/PDB/new_dimer_db/3NDB.pdb,1.0
3NFK,A,C,../../GraPPI_data/PDB/new_dimer_db/3NFK.pdb,1.0
3NMX,A,D,../../GraPPI_data/PDB/new_dimer_db/3NMX.pdb,1.0
3NMZ,A,C,../../GraPPI_data/PDB/new_dimer_db/3NMZ.pdb,1.0
3NQZ,A,B,../../GraPPI_data/PDB/new_dimer_db/3NQZ.pdb,1.0
3NS7,A,B,../../GraPPI_data/PDB/new_dimer_db/3NS7.pdb,1.0
3NTW,A,B,../../GraPPI_data/PDB/new_dimer_db/3NTW.pdb,1.0
3NVM,A,B,../../GraPPI_data/PDB/new_dimer_db/3NVM.pdb,1.0
3NXA,C,D,../../GraPPI_data/PDB/new_dimer_db/3NXA.pdb,1.0
3NY7,A,B,../../GraPPI_data/PDB/new_dimer_db/3NY7.pdb,1.0
3NYB,A,B,../../GraPPI_data/PDB/new_dimer_db/3NYB.pdb,1.0
3O0G,A,D,../../GraPPI_data/PDB/new_dimer_db/3O0G.pdb,1.0
3O2B,A,B,../../GraPPI_data/PDB/new_dimer_db/3O2B.pdb,1.0
3O2H,A,B,../../GraPPI_data/PDB/new_dimer_db/3O2H.pdb,1.0
3O37,A,E,../../GraPPI_data/PDB/new_dimer_db/3O37.pdb,1.0
3O65,A,B,../../GraPPI_data/PDB/new_dimer_db/3O65.pdb,1.0
3OAG,A,B,../../GraPPI_data/PDB/new_dimer_db/3OAG.pdb,1.0
3OAZ,H,K,../../GraPPI_data/PDB/new_dimer_db/3OAZ.pdb,1.0
3OB0,L,H,../../GraPPI_data/PDB/new_dimer_db/3OB0.pdb,1.0
3OC3,A,C,../../GraPPI_data/PDB/new_dimer_db/3OC3.pdb,1.0
3OCB,A,C,../../GraPPI_data/PDB/new_dimer_db/3OCB.pdb,1.0
3OCD,A,B,../../GraPPI_data/PDB/new_dimer_db/3OCD.pdb,1.0
3OG6,A,B,../../GraPPI_data/PDB/new_dimer_db/3OG6.pdb,1.0
3OGM,A,B,../../GraPPI_data/PDB/new_dimer_db/3OGM.pdb,1.0
3OJ3,I,A,../../GraPPI_data/PDB/new_dimer_db/3OJ3.pdb,1.0
3OJA,A,B,../../GraPPI_data/PDB/new_dimer_db/3OJA.pdb,1.0
3OKH,A,B,../../GraPPI_data/PDB/new_dimer_db/3OKH.pdb,1.0
3OM3,A,B,../../GraPPI_data/PDB/new_dimer_db/3OM3.pdb,1.0
3OMO,A,C,../../GraPPI_data/PDB/new_dimer_db/3OMO.pdb,1.0
3ONG,B,C,../../GraPPI_data/PDB/new_dimer_db/3ONG.pdb,1.0
3OQ3,A,B,../../GraPPI_data/PDB/new_dimer_db/3OQ3.pdb,1.0
3OSS,C,D,../../GraPPI_data/PDB/new_dimer_db/3OSS.pdb,1.0
3OSZ,A,B,../../GraPPI_data/PDB/new_dimer_db/3OSZ.pdb,1.0
3OUR,A,B,../../GraPPI_data/PDB/new_dimer_db/3OUR.pdb,1.0
3OW4,A,C,../../GraPPI_data/PDB/new_dimer_db/3OW4.pdb,1.0
3OXT,A,B,../../GraPPI_data/PDB/new_dimer_db/3OXT.pdb,1.0
3OY6,U,P,../../GraPPI_data/PDB/new_dimer_db/3OY6.pdb,1.0
3OYP,A,C,../../GraPPI_data/PDB/new_dimer_db/3OYP.pdb,1.0
3P4K,A,P,../../GraPPI_data/PDB/new_dimer_db/3P4K.pdb,1.0
3P72,A,B,../../GraPPI_data/PDB/new_dimer_db/3P72.pdb,1.0
3P8N,A,C,../../GraPPI_data/PDB/new_dimer_db/3P8N.pdb,1.0
3P8O,A,C,../../GraPPI_data/PDB/new_dimer_db/3P8O.pdb,1.0
3PCR,A,B,../../GraPPI_data/PDB/new_dimer_db/3PCR.pdb,1.0
3PCS,A,E,../../GraPPI_data/PDB/new_dimer_db/3PCS.pdb,1.0
3PEV,A,B,../../GraPPI_data/PDB/new_dimer_db/3PEV.pdb,1.0
3PFV,B,D,../../GraPPI_data/PDB/new_dimer_db/3PFV.pdb,1.0
3PGE,A,B,../../GraPPI_data/PDB/new_dimer_db/3PGE.pdb,1.0
3PH0,A,C,../../GraPPI_data/PDB/new_dimer_db/3PH0.pdb,1.0
3PIN,A,B,../../GraPPI_data/PDB/new_dimer_db/3PIN.pdb,1.0
3PK1,A,B,../../GraPPI_data/PDB/new_dimer_db/3PK1.pdb,1.0
3PKN,A,B,../../GraPPI_data/PDB/new_dimer_db/3PKN.pdb,1.0
3PL7,A,C,../../GraPPI_data/PDB/new_dimer_db/3PL7.pdb,1.0
3PLV,A,C,../../GraPPI_data/PDB/new_dimer_db/3PLV.pdb,1.0
3PLZ,A,C,../../GraPPI_data/PDB/new_dimer_db/3PLZ.pdb,1.0
3PNL,A,B,../../GraPPI_data/PDB/new_dimer_db/3PNL.pdb,1.0
3PQR,A,B,../../GraPPI_data/PDB/new_dimer_db/3PQR.pdb,1.0
3PSE,A,B,../../GraPPI_data/PDB/new_dimer_db/3PSE.pdb,1.0
3PTG,A,J,../../GraPPI_data/PDB/new_dimer_db/3PTG.pdb,1.0
3PTH,A,B,../../GraPPI_data/PDB/new_dimer_db/3PTH.pdb,1.0
3PTL,A,B,../../GraPPI_data/PDB/new_dimer_db/3PTL.pdb,1.0
3PUJ,B,D,../../GraPPI_data/PDB/new_dimer_db/3PUJ.pdb,1.0
3PUK,A,B,../../GraPPI_data/PDB/new_dimer_db/3PUK.pdb,1.0
3PVB,A,B,../../GraPPI_data/PDB/new_dimer_db/3PVB.pdb,1.0
3PVL,A,B,../../GraPPI_data/PDB/new_dimer_db/3PVL.pdb,1.0
3PZD,A,B,../../GraPPI_data/PDB/new_dimer_db/3PZD.pdb,1.0
3Q10,B,D,../../GraPPI_data/PDB/new_dimer_db/3Q10.pdb,1.0
3Q6E,A,B,../../GraPPI_data/PDB/new_dimer_db/3Q6E.pdb,1.0
3Q87,A,B,../../GraPPI_data/PDB/new_dimer_db/3Q87.pdb,1.0
3Q95,A,C,../../GraPPI_data/PDB/new_dimer_db/3Q95.pdb,1.0
3QB4,A,B,../../GraPPI_data/PDB/new_dimer_db/3QB4.pdb,1.0
3QB7,A,C,../../GraPPI_data/PDB/new_dimer_db/3QB7.pdb,1.0
3QDR,A,B,../../GraPPI_data/PDB/new_dimer_db/3QDR.pdb,1.0
3QF7,A,C,../../GraPPI_data/PDB/new_dimer_db/3QF7.pdb,1.0
3QHE,A,B,../../GraPPI_data/PDB/new_dimer_db/3QHE.pdb,1.0
3QIS,A,B,../../GraPPI_data/PDB/new_dimer_db/3QIS.pdb,1.0
3QKK,A,C,../../GraPPI_data/PDB/new_dimer_db/3QKK.pdb,1.0
3QKL,A,C,../../GraPPI_data/PDB/new_dimer_db/3QKL.pdb,1.0
3QKU,A,C,../../GraPPI_data/PDB/new_dimer_db/3QKU.pdb,1.0
3QLA,A,D,../../GraPPI_data/PDB/new_dimer_db/3QLA.pdb,1.0
3QN7,A,B,../../GraPPI_data/PDB/new_dimer_db/3QN7.pdb,1.0
3QNJ,B,D,../../GraPPI_data/PDB/new_dimer_db/3QNJ.pdb,1.0
3QO2,A,P,../../GraPPI_data/PDB/new_dimer_db/3QO2.pdb,1.0
3QRX,A,B,../../GraPPI_data/PDB/new_dimer_db/3QRX.pdb,1.0
3QSY,A,B,../../GraPPI_data/PDB/new_dimer_db/3QSY.pdb,1.0
3QT0,A,C,../../GraPPI_data/PDB/new_dimer_db/3QT0.pdb,1.0
3R07,A,C,../../GraPPI_data/PDB/new_dimer_db/3R07.pdb,1.0
3R2D,A,J,../../GraPPI_data/PDB/new_dimer_db/3R2D.pdb,1.0
3R7G,A,B,../../GraPPI_data/PDB/new_dimer_db/3R7G.pdb,1.0
3R84,A,B,../../GraPPI_data/PDB/new_dimer_db/3R84.pdb,1.0
3R93,A,E,../../GraPPI_data/PDB/new_dimer_db/3R93.pdb,1.0
3RA3,A,B,../../GraPPI_data/PDB/new_dimer_db/3RA3.pdb,1.0
3REP,A,B,../../GraPPI_data/PDB/new_dimer_db/3REP.pdb,1.0
3REQ,A,B,../../GraPPI_data/PDB/new_dimer_db/3REQ.pdb,1.0
3RL7,B,A,../../GraPPI_data/PDB/new_dimer_db/3RL7.pdb,1.0
3RO3,A,B,../../GraPPI_data/PDB/new_dimer_db/3RO3.pdb,1.0
3RPF,A,D,../../GraPPI_data/PDB/new_dimer_db/3RPF.pdb,1.0
3RTR,H,G,../../GraPPI_data/PDB/new_dimer_db/3RTR.pdb,1.0
3RUI,A,B,../../GraPPI_data/PDB/new_dimer_db/3RUI.pdb,1.0
3RV0,A,B,../../GraPPI_data/PDB/new_dimer_db/3RV0.pdb,1.0
3RZ9,A,B,../../GraPPI_data/PDB/new_dimer_db/3RZ9.pdb,1.0
3RZX,A,B,../../GraPPI_data/PDB/new_dimer_db/3RZX.pdb,1.0
3S04,A,B,../../GraPPI_data/PDB/new_dimer_db/3S04.pdb,1.0
3S48,A,D,../../GraPPI_data/PDB/new_dimer_db/3S48.pdb,1.0
3S4W,A,B,../../GraPPI_data/PDB/new_dimer_db/3S4W.pdb,1.0
3S90,A,C,../../GraPPI_data/PDB/new_dimer_db/3S90.pdb,1.0
3SBT,A,B,../../GraPPI_data/PDB/new_dimer_db/3SBT.pdb,1.0
3SGQ,E,I,../../GraPPI_data/PDB/new_dimer_db/3SGQ.pdb,1.0
3SI5,X,A,../../GraPPI_data/PDB/new_dimer_db/3SI5.pdb,1.0
3SIU,A,B,../../GraPPI_data/PDB/new_dimer_db/3SIU.pdb,1.0
3SL9,A,C,../../GraPPI_data/PDB/new_dimer_db/3SL9.pdb,1.0
3SO6,A,Q,../../GraPPI_data/PDB/new_dimer_db/3SO6.pdb,1.0
3SP6,A,B,../../GraPPI_data/PDB/new_dimer_db/3SP6.pdb,1.0
3SQV,A,C,../../GraPPI_data/PDB/new_dimer_db/3SQV.pdb,1.0
3SRN,A,B,../../GraPPI_data/PDB/new_dimer_db/3SRN.pdb,1.0
3SU8,A,X,../../GraPPI_data/PDB/new_dimer_db/3SU8.pdb,1.0
3SUI,A,B,../../GraPPI_data/PDB/new_dimer_db/3SUI.pdb,1.0
3SV1,D,A,../../GraPPI_data/PDB/new_dimer_db/3SV1.pdb,1.0
3SVM,A,P,../../GraPPI_data/PDB/new_dimer_db/3SVM.pdb,1.0
3SY2,D,A,../../GraPPI_data/PDB/new_dimer_db/3SY2.pdb,1.0
3T5G,A,B,../../GraPPI_data/PDB/new_dimer_db/3T5G.pdb,1.0
3T5X,A,B,../../GraPPI_data/PDB/new_dimer_db/3T5X.pdb,1.0
3T7G,A,C,../../GraPPI_data/PDB/new_dimer_db/3T7G.pdb,1.0
3TAD,A,C,../../GraPPI_data/PDB/new_dimer_db/3TAD.pdb,1.0
3TBI,A,B,../../GraPPI_data/PDB/new_dimer_db/3TBI.pdb,1.0
3TEC,E,I,../../GraPPI_data/PDB/new_dimer_db/3TEC.pdb,1.0
3TGO,A,C,../../GraPPI_data/PDB/new_dimer_db/3TGO.pdb,1.0
3THO,A,B,../../GraPPI_data/PDB/new_dimer_db/3THO.pdb,1.0
3THY,A,B,../../GraPPI_data/PDB/new_dimer_db/3THY.pdb,1.0
3TIW,A,C,../../GraPPI_data/PDB/new_dimer_db/3TIW.pdb,1.0
3TIX,B,A,../../GraPPI_data/PDB/new_dimer_db/3TIX.pdb,1.0
3TJ3,A,C,../../GraPPI_data/PDB/new_dimer_db/3TJ3.pdb,1.0
3TJ5,A,B,../../GraPPI_data/PDB/new_dimer_db/3TJ5.pdb,1.0
3TJ6,A,B,../../GraPPI_data/PDB/new_dimer_db/3TJ6.pdb,1.0
3TMP,B,A,../../GraPPI_data/PDB/new_dimer_db/3TMP.pdb,1.0
3TPM,A,B,../../GraPPI_data/PDB/new_dimer_db/3TPM.pdb,1.0
3TRS,B,A,../../GraPPI_data/PDB/new_dimer_db/3TRS.pdb,1.0
3TSZ,A,B,../../GraPPI_data/PDB/new_dimer_db/3TSZ.pdb,1.0
3TVT,A,B,../../GraPPI_data/PDB/new_dimer_db/3TVT.pdb,1.0
3TWR,A,E,../../GraPPI_data/PDB/new_dimer_db/3TWR.pdb,1.0
3TWS,A,E,../../GraPPI_data/PDB/new_dimer_db/3TWS.pdb,1.0
3TWT,A,E,../../GraPPI_data/PDB/new_dimer_db/3TWT.pdb,1.0
3TWU,A,B,../../GraPPI_data/PDB/new_dimer_db/3TWU.pdb,1.0
3TWV,A,E,../../GraPPI_data/PDB/new_dimer_db/3TWV.pdb,1.0
3TWX,A,C,../../GraPPI_data/PDB/new_dimer_db/3TWX.pdb,1.0
3TX7,A,B,../../GraPPI_data/PDB/new_dimer_db/3TX7.pdb,1.0
3TZD,A,T,../../GraPPI_data/PDB/new_dimer_db/3TZD.pdb,1.0
3TZZ,B,C,../../GraPPI_data/PDB/new_dimer_db/3TZZ.pdb,1.0
3U0K,B,A,../../GraPPI_data/PDB/new_dimer_db/3U0K.pdb,1.0
3U0P,A,B,../../GraPPI_data/PDB/new_dimer_db/3U0P.pdb,1.0
3U23,A,B,../../GraPPI_data/PDB/new_dimer_db/3U23.pdb,1.0
3U3F,D,H,../../GraPPI_data/PDB/new_dimer_db/3U3F.pdb,1.0
3U5N,B,D,../../GraPPI_data/PDB/new_dimer_db/3U5N.pdb,1.0
3U5O,A,I,../../GraPPI_data/PDB/new_dimer_db/3U5O.pdb,1.0
3U5P,A,I,../../GraPPI_data/PDB/new_dimer_db/3U5P.pdb,1.0
3U73,U,A,../../GraPPI_data/PDB/new_dimer_db/3U73.pdb,1.0
3U86,A,B,../../GraPPI_data/PDB/new_dimer_db/3U86.pdb,1.0
3UA7,A,C,../../GraPPI_data/PDB/new_dimer_db/3UA7.pdb,1.0
3UAT,A,B,../../GraPPI_data/PDB/new_dimer_db/3UAT.pdb,1.0
3UBU,A,B,../../GraPPI_data/PDB/new_dimer_db/3UBU.pdb,1.0
3UI2,A,B,../../GraPPI_data/PDB/new_dimer_db/3UI2.pdb,1.0
3UI3,A,B,../../GraPPI_data/PDB/new_dimer_db/3UI3.pdb,1.0
3UKV,C,D,../../GraPPI_data/PDB/new_dimer_db/3UKV.pdb,1.0
3UKY,B,C,../../GraPPI_data/PDB/new_dimer_db/3UKY.pdb,1.0
3ULQ,A,B,../../GraPPI_data/PDB/new_dimer_db/3ULQ.pdb,1.0
3UM0,A,B,../../GraPPI_data/PDB/new_dimer_db/3UM0.pdb,1.0
3UOT,A,B,../../GraPPI_data/PDB/new_dimer_db/3UOT.pdb,1.0
3UP0,A,P,../../GraPPI_data/PDB/new_dimer_db/3UP0.pdb,1.0
3UVK,A,B,../../GraPPI_data/PDB/new_dimer_db/3UVK.pdb,1.0
3UVM,A,B,../../GraPPI_data/PDB/new_dimer_db/3UVM.pdb,1.0
3UVU,B,A,../../GraPPI_data/PDB/new_dimer_db/3UVU.pdb,1.0
3UVV,A,B,../../GraPPI_data/PDB/new_dimer_db/3UVV.pdb,1.0
3UVW,A,B,../../GraPPI_data/PDB/new_dimer_db/3UVW.pdb,1.0
3UXG,A,B,../../GraPPI_data/PDB/new_dimer_db/3UXG.pdb,1.0
3V2O,A,B,../../GraPPI_data/PDB/new_dimer_db/3V2O.pdb,1.0
3V2X,A,B,../../GraPPI_data/PDB/new_dimer_db/3V2X.pdb,1.0
3V30,A,B,../../GraPPI_data/PDB/new_dimer_db/3V30.pdb,1.0
3V31,A,B,../../GraPPI_data/PDB/new_dimer_db/3V31.pdb,1.0
3V61,A,B,../../GraPPI_data/PDB/new_dimer_db/3V61.pdb,1.0
3V6I,B,A,../../GraPPI_data/PDB/new_dimer_db/3V6I.pdb,1.0
3V7D,A,B,../../GraPPI_data/PDB/new_dimer_db/3V7D.pdb,1.0
3V7O,A,B,../../GraPPI_data/PDB/new_dimer_db/3V7O.pdb,1.0
3V89,A,B,../../GraPPI_data/PDB/new_dimer_db/3V89.pdb,1.0
3V8X,A,B,../../GraPPI_data/PDB/new_dimer_db/3V8X.pdb,1.0
3V9T,A,C,../../GraPPI_data/PDB/new_dimer_db/3V9T.pdb,1.0
3V9V,A,C,../../GraPPI_data/PDB/new_dimer_db/3V9V.pdb,1.0
3VCM,A,P,../../GraPPI_data/PDB/new_dimer_db/3VCM.pdb,1.0
3VE1,B,A,../../GraPPI_data/PDB/new_dimer_db/3VE1.pdb,1.0
3VE6,A,B,../../GraPPI_data/PDB/new_dimer_db/3VE6.pdb,1.0
3VF0,A,B,../../GraPPI_data/PDB/new_dimer_db/3VF0.pdb,1.0
3VIQ,B,A,../../GraPPI_data/PDB/new_dimer_db/3VIQ.pdb,1.0
3VLB,B,A,../../GraPPI_data/PDB/new_dimer_db/3VLB.pdb,1.0
3VMF,A,B,../../GraPPI_data/PDB/new_dimer_db/3VMF.pdb,1.0
3VTI,A,C,../../GraPPI_data/PDB/new_dimer_db/3VTI.pdb,1.0
3VUL,A,F,../../GraPPI_data/PDB/new_dimer_db/3VUL.pdb,1.0
3VUM,A,F,../../GraPPI_data/PDB/new_dimer_db/3VUM.pdb,1.0
3VUY,D,A,../../GraPPI_data/PDB/new_dimer_db/3VUY.pdb,1.0
3VVR,A,B,../../GraPPI_data/PDB/new_dimer_db/3VVR.pdb,1.0
3VVW,A,B,../../GraPPI_data/PDB/new_dimer_db/3VVW.pdb,1.0
3VX7,A,B,../../GraPPI_data/PDB/new_dimer_db/3VX7.pdb,1.0
3VX8,B,A,../../GraPPI_data/PDB/new_dimer_db/3VX8.pdb,1.0
3VZ9,B,D,../../GraPPI_data/PDB/new_dimer_db/3VZ9.pdb,1.0
3W1G,A,B,../../GraPPI_data/PDB/new_dimer_db/3W1G.pdb,1.0
3W3W,A,B,../../GraPPI_data/PDB/new_dimer_db/3W3W.pdb,1.0
3W3X,A,B,../../GraPPI_data/PDB/new_dimer_db/3W3X.pdb,1.0
3W3Z,A,B,../../GraPPI_data/PDB/new_dimer_db/3W3Z.pdb,1.0
3W5K,A,B,../../GraPPI_data/PDB/new_dimer_db/3W5K.pdb,1.0
3W5U,B,A,../../GraPPI_data/PDB/new_dimer_db/3W5U.pdb,1.0
3WBK,A,C,../../GraPPI_data/PDB/new_dimer_db/3WBK.pdb,1.0
3WBN,A,B,../../GraPPI_data/PDB/new_dimer_db/3WBN.pdb,1.0
3WCY,A,I,../../GraPPI_data/PDB/new_dimer_db/3WCY.pdb,1.0
3WDZ,A,B,../../GraPPI_data/PDB/new_dimer_db/3WDZ.pdb,1.0
3WEE,A,B,../../GraPPI_data/PDB/new_dimer_db/3WEE.pdb,1.0
3WHT,A,B,../../GraPPI_data/PDB/new_dimer_db/3WHT.pdb,1.0
3WIM,A,B,../../GraPPI_data/PDB/new_dimer_db/3WIM.pdb,1.0
3WMG,A,B,../../GraPPI_data/PDB/new_dimer_db/3WMG.pdb,1.0
3WOF,A,B,../../GraPPI_data/PDB/new_dimer_db/3WOF.pdb,1.0
3WP0,A,B,../../GraPPI_data/PDB/new_dimer_db/3WP0.pdb,1.0
3WP1,B,A,../../GraPPI_data/PDB/new_dimer_db/3WP1.pdb,1.0
3WSR,B,D,../../GraPPI_data/PDB/new_dimer_db/3WSR.pdb,1.0
3WSY,A,C,../../GraPPI_data/PDB/new_dimer_db/3WSY.pdb,1.0
3WT6,A,C,../../GraPPI_data/PDB/new_dimer_db/3WT6.pdb,1.0
3WXA,A,C,../../GraPPI_data/PDB/new_dimer_db/3WXA.pdb,1.0
3WXF,B,A,../../GraPPI_data/PDB/new_dimer_db/3WXF.pdb,1.0
3WXX,B,A,../../GraPPI_data/PDB/new_dimer_db/3WXX.pdb,1.0
3WY9,A,C,../../GraPPI_data/PDB/new_dimer_db/3WY9.pdb,1.0
3X23,A,B,../../GraPPI_data/PDB/new_dimer_db/3X23.pdb,1.0
3X37,A,B,../../GraPPI_data/PDB/new_dimer_db/3X37.pdb,1.0
3YGS,C,P,../../GraPPI_data/PDB/new_dimer_db/3YGS.pdb,1.0
3ZDF,B,C,../../GraPPI_data/PDB/new_dimer_db/3ZDF.pdb,1.0
3ZDL,A,B,../../GraPPI_data/PDB/new_dimer_db/3ZDL.pdb,1.0
3ZED,A,D,../../GraPPI_data/PDB/new_dimer_db/3ZED.pdb,1.0
3ZFW,X,A,../../GraPPI_data/PDB/new_dimer_db/3ZFW.pdb,1.0
3ZG6,A,F,../../GraPPI_data/PDB/new_dimer_db/3ZG6.pdb,1.0
3ZGA,A,B,../../GraPPI_data/PDB/new_dimer_db/3ZGA.pdb,1.0
3ZHE,A,B,../../GraPPI_data/PDB/new_dimer_db/3ZHE.pdb,1.0
3ZIL,A,B,../../GraPPI_data/PDB/new_dimer_db/3ZIL.pdb,1.0
3ZL7,A,C,../../GraPPI_data/PDB/new_dimer_db/3ZL7.pdb,1.0
3ZLD,A,B,../../GraPPI_data/PDB/new_dimer_db/3ZLD.pdb,1.0
3ZRJ,X,A,../../GraPPI_data/PDB/new_dimer_db/3ZRJ.pdb,1.0
3ZRT,B,D,../../GraPPI_data/PDB/new_dimer_db/3ZRT.pdb,1.0
3ZVQ,A,B,../../GraPPI_data/PDB/new_dimer_db/3ZVQ.pdb,1.0
4A1G,A,E,../../GraPPI_data/PDB/new_dimer_db/4A1G.pdb,1.0
4A1X,A,C,../../GraPPI_data/PDB/new_dimer_db/4A1X.pdb,1.0
4A2A,A,C,../../GraPPI_data/PDB/new_dimer_db/4A2A.pdb,1.0
4A5U,A,B,../../GraPPI_data/PDB/new_dimer_db/4A5U.pdb,1.0
4A5W,A,B,../../GraPPI_data/PDB/new_dimer_db/4A5W.pdb,1.0
4A5X,A,C,../../GraPPI_data/PDB/new_dimer_db/4A5X.pdb,1.0
4A62,A,C,../../GraPPI_data/PDB/new_dimer_db/4A62.pdb,1.0
4A63,B,A,../../GraPPI_data/PDB/new_dimer_db/4A63.pdb,1.0
4A69,A,C,../../GraPPI_data/PDB/new_dimer_db/4A69.pdb,1.0
4A9A,A,C,../../GraPPI_data/PDB/new_dimer_db/4A9A.pdb,1.0
4ABI,A,B,../../GraPPI_data/PDB/new_dimer_db/4ABI.pdb,1.0
4AG5,D,A,../../GraPPI_data/PDB/new_dimer_db/4AG5.pdb,1.0
4AG6,D,A,../../GraPPI_data/PDB/new_dimer_db/4AG6.pdb,1.0
4ANJ,A,B,../../GraPPI_data/PDB/new_dimer_db/4ANJ.pdb,1.0
4APJ,A,P,../../GraPPI_data/PDB/new_dimer_db/4APJ.pdb,1.0
4APO,A,B,../../GraPPI_data/PDB/new_dimer_db/4APO.pdb,1.0
4AQ1,B,A,../../GraPPI_data/PDB/new_dimer_db/4AQ1.pdb,1.0
4ARZ,A,B,../../GraPPI_data/PDB/new_dimer_db/4ARZ.pdb,1.0
4ATB,B,A,../../GraPPI_data/PDB/new_dimer_db/4ATB.pdb,1.0
4AU7,A,B,../../GraPPI_data/PDB/new_dimer_db/4AU7.pdb,1.0
4AY5,A,I,../../GraPPI_data/PDB/new_dimer_db/4AY5.pdb,1.0
4AY6,A,E,../../GraPPI_data/PDB/new_dimer_db/4AY6.pdb,1.0
4AYM,B,C,../../GraPPI_data/PDB/new_dimer_db/4AYM.pdb,1.0
4AZ3,A,B,../../GraPPI_data/PDB/new_dimer_db/4AZ3.pdb,1.0
4AZA,B,A,../../GraPPI_data/PDB/new_dimer_db/4AZA.pdb,1.0
4B18,A,B,../../GraPPI_data/PDB/new_dimer_db/4B18.pdb,1.0
4B45,A,B,../../GraPPI_data/PDB/new_dimer_db/4B45.pdb,1.0
4B4N,A,B,../../GraPPI_data/PDB/new_dimer_db/4B4N.pdb,1.0
4B4S,A,B,../../GraPPI_data/PDB/new_dimer_db/4B4S.pdb,1.0
4B60,A,C,../../GraPPI_data/PDB/new_dimer_db/4B60.pdb,1.0
4B6H,A,C,../../GraPPI_data/PDB/new_dimer_db/4B6H.pdb,1.0
4B8L,A,D,../../GraPPI_data/PDB/new_dimer_db/4B8L.pdb,1.0
4BFB,D,A,../../GraPPI_data/PDB/new_dimer_db/4BFB.pdb,1.0
4BH6,L,D,../../GraPPI_data/PDB/new_dimer_db/4BH6.pdb,1.0
4BI8,A,B,../../GraPPI_data/PDB/new_dimer_db/4BI8.pdb,1.0
4BJJ,A,B,../../GraPPI_data/PDB/new_dimer_db/4BJJ.pdb,1.0
4BOZ,B,A,../../GraPPI_data/PDB/new_dimer_db/4BOZ.pdb,1.0
4BPL,A,B,../../GraPPI_data/PDB/new_dimer_db/4BPL.pdb,1.0
4BQK,D,A,../../GraPPI_data/PDB/new_dimer_db/4BQK.pdb,1.0
4BRY,A,B,../../GraPPI_data/PDB/new_dimer_db/4BRY.pdb,1.0
4BU1,D,B,../../GraPPI_data/PDB/new_dimer_db/4BU1.pdb,1.0
4BUO,A,B,../../GraPPI_data/PDB/new_dimer_db/4BUO.pdb,1.0
4BVY,A,B,../../GraPPI_data/PDB/new_dimer_db/4BVY.pdb,1.0
4BWF,A,B,../../GraPPI_data/PDB/new_dimer_db/4BWF.pdb,1.0
4BX9,A,C,../../GraPPI_data/PDB/new_dimer_db/4BX9.pdb,1.0
4BXR,A,C,../../GraPPI_data/PDB/new_dimer_db/4BXR.pdb,1.0
4BXS,A,V,../../GraPPI_data/PDB/new_dimer_db/4BXS.pdb,1.0
4C0H,D,B,../../GraPPI_data/PDB/new_dimer_db/4C0H.pdb,1.0
4C0O,A,C,../../GraPPI_data/PDB/new_dimer_db/4C0O.pdb,1.0
4C1Q,A,B,../../GraPPI_data/PDB/new_dimer_db/4C1Q.pdb,1.0
4C5H,A,B,../../GraPPI_data/PDB/new_dimer_db/4C5H.pdb,1.0
4C5I,A,C,../../GraPPI_data/PDB/new_dimer_db/4C5I.pdb,1.0
4C6T,B,A,../../GraPPI_data/PDB/new_dimer_db/4C6T.pdb,1.0
4C9V,A,B,../../GraPPI_data/PDB/new_dimer_db/4C9V.pdb,1.0
4CC2,B,A,../../GraPPI_data/PDB/new_dimer_db/4CC2.pdb,1.0
4CC3,B,A,../../GraPPI_data/PDB/new_dimer_db/4CC3.pdb,1.0
4CC7,B,A,../../GraPPI_data/PDB/new_dimer_db/4CC7.pdb,1.0
4CCG,Y,B,../../GraPPI_data/PDB/new_dimer_db/4CCG.pdb,1.0
4CDG,A,C,../../GraPPI_data/PDB/new_dimer_db/4CDG.pdb,1.0
4CEJ,A,B,../../GraPPI_data/PDB/new_dimer_db/4CEJ.pdb,1.0
4CGW,A,B,../../GraPPI_data/PDB/new_dimer_db/4CGW.pdb,1.0
4CGY,A,B,../../GraPPI_data/PDB/new_dimer_db/4CGY.pdb,1.0
4CHB,A,C,../../GraPPI_data/PDB/new_dimer_db/4CHB.pdb,1.0
4CIN,A,C,../../GraPPI_data/PDB/new_dimer_db/4CIN.pdb,1.0
4CKE,D,E,../../GraPPI_data/PDB/new_dimer_db/4CKE.pdb,1.0
4CKT,A,B,../../GraPPI_data/PDB/new_dimer_db/4CKT.pdb,1.0
4CLQ,A,B,../../GraPPI_data/PDB/new_dimer_db/4CLQ.pdb,1.0
4CO6,D,A,../../GraPPI_data/PDB/new_dimer_db/4CO6.pdb,1.0
4CQO,D,C,../../GraPPI_data/PDB/new_dimer_db/4CQO.pdb,1.0
4CRW,A,B,../../GraPPI_data/PDB/new_dimer_db/4CRW.pdb,1.0
4CSJ,A,B,../../GraPPI_data/PDB/new_dimer_db/4CSJ.pdb,1.0
4CT4,B,A,../../GraPPI_data/PDB/new_dimer_db/4CT4.pdb,1.0
4CT7,A,B,../../GraPPI_data/PDB/new_dimer_db/4CT7.pdb,1.0
4CW7,H,G,../../GraPPI_data/PDB/new_dimer_db/4CW7.pdb,1.0
4CXF,A,B,../../GraPPI_data/PDB/new_dimer_db/4CXF.pdb,1.0
4CY1,D,A,../../GraPPI_data/PDB/new_dimer_db/4CY1.pdb,1.0
4CZ2,A,D,../../GraPPI_data/PDB/new_dimer_db/4CZ2.pdb,1.0
4D11,C,F,../../GraPPI_data/PDB/new_dimer_db/4D11.pdb,1.0
4D7Z,A,B,../../GraPPI_data/PDB/new_dimer_db/4D7Z.pdb,1.0
4DC2,A,Z,../../GraPPI_data/PDB/new_dimer_db/4DC2.pdb,1.0
4DEX,A,B,../../GraPPI_data/PDB/new_dimer_db/4DEX.pdb,1.0
4DEY,B,A,../../GraPPI_data/PDB/new_dimer_db/4DEY.pdb,1.0
4DFC,A,B,../../GraPPI_data/PDB/new_dimer_db/4DFC.pdb,1.0
4DHI,B,D,../../GraPPI_data/PDB/new_dimer_db/4DHI.pdb,1.0
4DJC,A,B,../../GraPPI_data/PDB/new_dimer_db/4DJC.pdb,1.0
4DJS,A,B,../../GraPPI_data/PDB/new_dimer_db/4DJS.pdb,1.0
4DKA,D,A,../../GraPPI_data/PDB/new_dimer_db/4DKA.pdb,1.0
4DLQ,A,B,../../GraPPI_data/PDB/new_dimer_db/4DLQ.pdb,1.0
4DMU,A,B,../../GraPPI_data/PDB/new_dimer_db/4DMU.pdb,1.0
4DNC,D,A,../../GraPPI_data/PDB/new_dimer_db/4DNC.pdb,1.0
4DOR,A,B,../../GraPPI_data/PDB/new_dimer_db/4DOR.pdb,1.0
4DOW,A,C,../../GraPPI_data/PDB/new_dimer_db/4DOW.pdb,1.0
4DQM,B,A,../../GraPPI_data/PDB/new_dimer_db/4DQM.pdb,1.0
4DS7,F,A,../../GraPPI_data/PDB/new_dimer_db/4DS7.pdb,1.0
4DWH,B,A,../../GraPPI_data/PDB/new_dimer_db/4DWH.pdb,1.0
4DX9,K,O,../../GraPPI_data/PDB/new_dimer_db/4DX9.pdb,1.0
4E17,A,B,../../GraPPI_data/PDB/new_dimer_db/4E17.pdb,1.0
4E18,A,B,../../GraPPI_data/PDB/new_dimer_db/4E18.pdb,1.0
4E34,A,C,../../GraPPI_data/PDB/new_dimer_db/4E34.pdb,1.0
4E35,B,D,../../GraPPI_data/PDB/new_dimer_db/4E35.pdb,1.0
4E4W,A,B,../../GraPPI_data/PDB/new_dimer_db/4E4W.pdb,1.0
4E5Z,A,B,../../GraPPI_data/PDB/new_dimer_db/4E5Z.pdb,1.0
4E6N,B,A,../../GraPPI_data/PDB/new_dimer_db/4E6N.pdb,1.0
4EDN,A,K,../../GraPPI_data/PDB/new_dimer_db/4EDN.pdb,1.0
4EFH,A,B,../../GraPPI_data/PDB/new_dimer_db/4EFH.pdb,1.0
4EGC,A,B,../../GraPPI_data/PDB/new_dimer_db/4EGC.pdb,1.0
4EHP,A,B,../../GraPPI_data/PDB/new_dimer_db/4EHP.pdb,1.0
4EIK,A,B,../../GraPPI_data/PDB/new_dimer_db/4EIK.pdb,1.0
4EKK,A,C,../../GraPPI_data/PDB/new_dimer_db/4EKK.pdb,1.0
4EKX,C,D,../../GraPPI_data/PDB/new_dimer_db/4EKX.pdb,1.0
4EMJ,A,B,../../GraPPI_data/PDB/new_dimer_db/4EMJ.pdb,1.0
4EQ6,A,B,../../GraPPI_data/PDB/new_dimer_db/4EQ6.pdb,1.0
4ERY,A,D,../../GraPPI_data/PDB/new_dimer_db/4ERY.pdb,1.0
4ERZ,A,E,../../GraPPI_data/PDB/new_dimer_db/4ERZ.pdb,1.0
4ESG,D,A,../../GraPPI_data/PDB/new_dimer_db/4ESG.pdb,1.0
4ETV,A,B,../../GraPPI_data/PDB/new_dimer_db/4ETV.pdb,1.0
4EWR,A,C,../../GraPPI_data/PDB/new_dimer_db/4EWR.pdb,1.0
4EYY,R,Q,../../GraPPI_data/PDB/new_dimer_db/4EYY.pdb,1.0
4EZH,A,C,../../GraPPI_data/PDB/new_dimer_db/4EZH.pdb,1.0
4EZP,D,B,../../GraPPI_data/PDB/new_dimer_db/4EZP.pdb,1.0
4EZU,A,B,../../GraPPI_data/PDB/new_dimer_db/4EZU.pdb,1.0
4EZV,A,C,../../GraPPI_data/PDB/new_dimer_db/4EZV.pdb,1.0
4F02,A,C,../../GraPPI_data/PDB/new_dimer_db/4F02.pdb,1.0
4F14,A,B,../../GraPPI_data/PDB/new_dimer_db/4F14.pdb,1.0
4F1Z,A,Q,../../GraPPI_data/PDB/new_dimer_db/4F1Z.pdb,1.0
4F20,A,Q,../../GraPPI_data/PDB/new_dimer_db/4F20.pdb,1.0
4F27,A,Q,../../GraPPI_data/PDB/new_dimer_db/4F27.pdb,1.0
4F3L,B,A,../../GraPPI_data/PDB/new_dimer_db/4F3L.pdb,1.0
4F7G,A,B,../../GraPPI_data/PDB/new_dimer_db/4F7G.pdb,1.0
4F9M,A,C,../../GraPPI_data/PDB/new_dimer_db/4F9M.pdb,1.0
4FBW,A,C,../../GraPPI_data/PDB/new_dimer_db/4FBW.pdb,1.0
4FGY,A,B,../../GraPPI_data/PDB/new_dimer_db/4FGY.pdb,1.0
4FHB,A,D,../../GraPPI_data/PDB/new_dimer_db/4FHB.pdb,1.0
4FMB,B,A,../../GraPPI_data/PDB/new_dimer_db/4FMB.pdb,1.0
4FMD,B,A,../../GraPPI_data/PDB/new_dimer_db/4FMD.pdb,1.0
4FQB,B,A,../../GraPPI_data/PDB/new_dimer_db/4FQB.pdb,1.0
4FQC,H,L,../../GraPPI_data/PDB/new_dimer_db/4FQC.pdb,1.0
4FU4,A,C,../../GraPPI_data/PDB/new_dimer_db/4FU4.pdb,1.0
4FVL,A,C,../../GraPPI_data/PDB/new_dimer_db/4FVL.pdb,1.0
4FWF,A,E,../../GraPPI_data/PDB/new_dimer_db/4FWF.pdb,1.0
4FXW,B,A,../../GraPPI_data/PDB/new_dimer_db/4FXW.pdb,1.0
4G0D,W,A,../../GraPPI_data/PDB/new_dimer_db/4G0D.pdb,1.0
4G5R,A,E,../../GraPPI_data/PDB/new_dimer_db/4G5R.pdb,1.0
4G6T,A,B,../../GraPPI_data/PDB/new_dimer_db/4G6T.pdb,1.0
4G7X,A,B,../../GraPPI_data/PDB/new_dimer_db/4G7X.pdb,1.0
4G8F,A,B,../../GraPPI_data/PDB/new_dimer_db/4G8F.pdb,1.0
4G94,A,B,../../GraPPI_data/PDB/new_dimer_db/4G94.pdb,1.0
4G9J,A,C,../../GraPPI_data/PDB/new_dimer_db/4G9J.pdb,1.0
4GAO,F,A,../../GraPPI_data/PDB/new_dimer_db/4GAO.pdb,1.0
4GF3,A,B,../../GraPPI_data/PDB/new_dimer_db/4GF3.pdb,1.0
4GFT,A,B,../../GraPPI_data/PDB/new_dimer_db/4GFT.pdb,1.0
4GGN,D,A,../../GraPPI_data/PDB/new_dimer_db/4GGN.pdb,1.0
4GIZ,A,C,../../GraPPI_data/PDB/new_dimer_db/4GIZ.pdb,1.0
4GLY,A,B,../../GraPPI_data/PDB/new_dimer_db/4GLY.pdb,1.0
4GMJ,B,A,../../GraPPI_data/PDB/new_dimer_db/4GMJ.pdb,1.0
4GMN,B,A,../../GraPPI_data/PDB/new_dimer_db/4GMN.pdb,1.0
4GO6,A,B,../../GraPPI_data/PDB/new_dimer_db/4GO6.pdb,1.0
4GOW,D,A,../../GraPPI_data/PDB/new_dimer_db/4GOW.pdb,1.0
4GQ2,M,P,../../GraPPI_data/PDB/new_dimer_db/4GQ2.pdb,1.0
4GS0,A,B,../../GraPPI_data/PDB/new_dimer_db/4GS0.pdb,1.0
4GUU,A,B,../../GraPPI_data/PDB/new_dimer_db/4GUU.pdb,1.0
4GVB,A,B,../../GraPPI_data/PDB/new_dimer_db/4GVB.pdb,1.0
4GVD,A,B,../../GraPPI_data/PDB/new_dimer_db/4GVD.pdb,1.0
4GXB,A,B,../../GraPPI_data/PDB/new_dimer_db/4GXB.pdb,1.0
4GXL,A,B,../../GraPPI_data/PDB/new_dimer_db/4GXL.pdb,1.0
4GY5,B,D,../../GraPPI_data/PDB/new_dimer_db/4GY5.pdb,1.0
4GZR,B,A,../../GraPPI_data/PDB/new_dimer_db/4GZR.pdb,1.0
4H0Y,A,B,../../GraPPI_data/PDB/new_dimer_db/4H0Y.pdb,1.0
4H1W,A,B,../../GraPPI_data/PDB/new_dimer_db/4H1W.pdb,1.0
4H3B,B,A,../../GraPPI_data/PDB/new_dimer_db/4H3B.pdb,1.0
4H3Q,A,B,../../GraPPI_data/PDB/new_dimer_db/4H3Q.pdb,1.0
4H4K,A,C,../../GraPPI_data/PDB/new_dimer_db/4H4K.pdb,1.0
4HAB,A,C,../../GraPPI_data/PDB/new_dimer_db/4HAB.pdb,1.0
4HFX,D,A,../../GraPPI_data/PDB/new_dimer_db/4HFX.pdb,1.0
4HH6,A,Z,../../GraPPI_data/PDB/new_dimer_db/4HH6.pdb,1.0
4HI9,A,B,../../GraPPI_data/PDB/new_dimer_db/4HI9.pdb,1.0
4HLQ,B,A,../../GraPPI_data/PDB/new_dimer_db/4HLQ.pdb,1.0
4HNW,A,B,../../GraPPI_data/PDB/new_dimer_db/4HNW.pdb,1.0
4HNY,B,A,../../GraPPI_data/PDB/new_dimer_db/4HNY.pdb,1.0
4HOM,A,B,../../GraPPI_data/PDB/new_dimer_db/4HOM.pdb,1.0
4HPM,B,A,../../GraPPI_data/PDB/new_dimer_db/4HPM.pdb,1.0
4HST,A,B,../../GraPPI_data/PDB/new_dimer_db/4HST.pdb,1.0
4HT6,B,A,../../GraPPI_data/PDB/new_dimer_db/4HT6.pdb,1.0
4HTP,A,C,../../GraPPI_data/PDB/new_dimer_db/4HTP.pdb,1.0
4HVU,A,B,../../GraPPI_data/PDB/new_dimer_db/4HVU.pdb,1.0
4HVV,A,B,../../GraPPI_data/PDB/new_dimer_db/4HVV.pdb,1.0
4HVW,A,B,../../GraPPI_data/PDB/new_dimer_db/4HVW.pdb,1.0
4HW4,A,C,../../GraPPI_data/PDB/new_dimer_db/4HW4.pdb,1.0
4HWI,A,B,../../GraPPI_data/PDB/new_dimer_db/4HWI.pdb,1.0
4I0W,B,A,../../GraPPI_data/PDB/new_dimer_db/4I0W.pdb,1.0
4I0X,B,A,../../GraPPI_data/PDB/new_dimer_db/4I0X.pdb,1.0
4I1N,A,B,../../GraPPI_data/PDB/new_dimer_db/4I1N.pdb,1.0
4I1S,A,B,../../GraPPI_data/PDB/new_dimer_db/4I1S.pdb,1.0
4I21,A,C,../../GraPPI_data/PDB/new_dimer_db/4I21.pdb,1.0
4I31,A,C,../../GraPPI_data/PDB/new_dimer_db/4I31.pdb,1.0
4I32,A,C,../../GraPPI_data/PDB/new_dimer_db/4I32.pdb,1.0
4I33,A,C,../../GraPPI_data/PDB/new_dimer_db/4I33.pdb,1.0
4I43,A,B,../../GraPPI_data/PDB/new_dimer_db/4I43.pdb,1.0
4I7B,B,A,../../GraPPI_data/PDB/new_dimer_db/4I7B.pdb,1.0
4I7C,B,A,../../GraPPI_data/PDB/new_dimer_db/4I7C.pdb,1.0
4I7D,B,A,../../GraPPI_data/PDB/new_dimer_db/4I7D.pdb,1.0
4IAO,A,C,../../GraPPI_data/PDB/new_dimer_db/4IAO.pdb,1.0
4IB5,D,A,../../GraPPI_data/PDB/new_dimer_db/4IB5.pdb,1.0
4IEF,B,A,../../GraPPI_data/PDB/new_dimer_db/4IEF.pdb,1.0
4IFL,X,P,../../GraPPI_data/PDB/new_dimer_db/4IFL.pdb,1.0
4IG9,B,A,../../GraPPI_data/PDB/new_dimer_db/4IG9.pdb,1.0
4IGA,A,B,../../GraPPI_data/PDB/new_dimer_db/4IGA.pdb,1.0
4II3,B,A,../../GraPPI_data/PDB/new_dimer_db/4II3.pdb,1.0
4II5,B,A,../../GraPPI_data/PDB/new_dimer_db/4II5.pdb,1.0
4IP3,A,B,../../GraPPI_data/PDB/new_dimer_db/4IP3.pdb,1.0
4IRV,A,E,../../GraPPI_data/PDB/new_dimer_db/4IRV.pdb,1.0
4ISR,D,A,../../GraPPI_data/PDB/new_dimer_db/4ISR.pdb,1.0
4IUM,A,B,../../GraPPI_data/PDB/new_dimer_db/4IUM.pdb,1.0
4IUU,A,B,../../GraPPI_data/PDB/new_dimer_db/4IUU.pdb,1.0
4IUZ,A,B,../../GraPPI_data/PDB/new_dimer_db/4IUZ.pdb,1.0
4IW3,B,A,../../GraPPI_data/PDB/new_dimer_db/4IW3.pdb,1.0
4IZA,B,A,../../GraPPI_data/PDB/new_dimer_db/4IZA.pdb,1.0
4J24,A,I,../../GraPPI_data/PDB/new_dimer_db/4J24.pdb,1.0
4J26,A,I,../../GraPPI_data/PDB/new_dimer_db/4J26.pdb,1.0
4J2C,B,A,../../GraPPI_data/PDB/new_dimer_db/4J2C.pdb,1.0
4J2J,D,A,../../GraPPI_data/PDB/new_dimer_db/4J2J.pdb,1.0
4J2X,A,B,../../GraPPI_data/PDB/new_dimer_db/4J2X.pdb,1.0
4J38,A,B,../../GraPPI_data/PDB/new_dimer_db/4J38.pdb,1.0
4J48,A,C,../../GraPPI_data/PDB/new_dimer_db/4J48.pdb,1.0
4J4L,A,C,../../GraPPI_data/PDB/new_dimer_db/4J4L.pdb,1.0
4J8G,B,C,../../GraPPI_data/PDB/new_dimer_db/4J8G.pdb,1.0
4J8S,A,B,../../GraPPI_data/PDB/new_dimer_db/4J8S.pdb,1.0
4J9C,A,B,../../GraPPI_data/PDB/new_dimer_db/4J9C.pdb,1.0
4J9D,B,A,../../GraPPI_data/PDB/new_dimer_db/4J9D.pdb,1.0
4J9E,B,A,../../GraPPI_data/PDB/new_dimer_db/4J9E.pdb,1.0
4J9F,B,A,../../GraPPI_data/PDB/new_dimer_db/4J9F.pdb,1.0
4J9G,B,A,../../GraPPI_data/PDB/new_dimer_db/4J9G.pdb,1.0
4J9H,A,G,../../GraPPI_data/PDB/new_dimer_db/4J9H.pdb,1.0
4J9I,B,A,../../GraPPI_data/PDB/new_dimer_db/4J9I.pdb,1.0
4JDE,A,B,../../GraPPI_data/PDB/new_dimer_db/4JDE.pdb,1.0
4JE3,A,B,../../GraPPI_data/PDB/new_dimer_db/4JE3.pdb,1.0
4JHP,B,C,../../GraPPI_data/PDB/new_dimer_db/4JHP.pdb,1.0
4JIF,A,B,../../GraPPI_data/PDB/new_dimer_db/4JIF.pdb,1.0
4JK6,A,B,../../GraPPI_data/PDB/new_dimer_db/4JK6.pdb,1.0
4JL0,A,B,../../GraPPI_data/PDB/new_dimer_db/4JL0.pdb,1.0
4JML,A,E,../../GraPPI_data/PDB/new_dimer_db/4JML.pdb,1.0
4JOE,A,C,../../GraPPI_data/PDB/new_dimer_db/4JOE.pdb,1.0
4JOI,D,A,../../GraPPI_data/PDB/new_dimer_db/4JOI.pdb,1.0
4JOR,A,C,../../GraPPI_data/PDB/new_dimer_db/4JOR.pdb,1.0
4JQI,A,V,../../GraPPI_data/PDB/new_dimer_db/4JQI.pdb,1.0
4JQU,A,B,../../GraPPI_data/PDB/new_dimer_db/4JQU.pdb,1.0
4JQW,A,C,../../GraPPI_data/PDB/new_dimer_db/4JQW.pdb,1.0
4JVS,A,B,../../GraPPI_data/PDB/new_dimer_db/4JVS.pdb,1.0
4JWC,B,D,../../GraPPI_data/PDB/new_dimer_db/4JWC.pdb,1.0
4K0U,A,B,../../GraPPI_data/PDB/new_dimer_db/4K0U.pdb,1.0
4K12,A,B,../../GraPPI_data/PDB/new_dimer_db/4K12.pdb,1.0
4K38,D,A,../../GraPPI_data/PDB/new_dimer_db/4K38.pdb,1.0
4K39,A,C,../../GraPPI_data/PDB/new_dimer_db/4K39.pdb,1.0
4K78,A,B,../../GraPPI_data/PDB/new_dimer_db/4K78.pdb,1.0
4K8B,A,C,../../GraPPI_data/PDB/new_dimer_db/4K8B.pdb,1.0
4K8Y,A,B,../../GraPPI_data/PDB/new_dimer_db/4K8Y.pdb,1.0
4K90,A,B,../../GraPPI_data/PDB/new_dimer_db/4K90.pdb,1.0
4KAX,A,B,../../GraPPI_data/PDB/new_dimer_db/4KAX.pdb,1.0
4KBG,A,B,../../GraPPI_data/PDB/new_dimer_db/4KBG.pdb,1.0
4KBM,A,B,../../GraPPI_data/PDB/new_dimer_db/4KBM.pdb,1.0
4KBQ,A,C,../../GraPPI_data/PDB/new_dimer_db/4KBQ.pdb,1.0
4KC3,A,B,../../GraPPI_data/PDB/new_dimer_db/4KC3.pdb,1.0
4KDL,A,B,../../GraPPI_data/PDB/new_dimer_db/4KDL.pdb,1.0
4KDT,D,A,../../GraPPI_data/PDB/new_dimer_db/4KDT.pdb,1.0
4KF5,A,C,../../GraPPI_data/PDB/new_dimer_db/4KF5.pdb,1.0
4KHA,A,B,../../GraPPI_data/PDB/new_dimer_db/4KHA.pdb,1.0
4KHB,B,A,../../GraPPI_data/PDB/new_dimer_db/4KHB.pdb,1.0
4KMD,A,B,../../GraPPI_data/PDB/new_dimer_db/4KMD.pdb,1.0
4KRD,A,B,../../GraPPI_data/PDB/new_dimer_db/4KRD.pdb,1.0
4KRM,A,B,../../GraPPI_data/PDB/new_dimer_db/4KRM.pdb,1.0
4KSK,D,A,../../GraPPI_data/PDB/new_dimer_db/4KSK.pdb,1.0
4KT6,B,A,../../GraPPI_data/PDB/new_dimer_db/4KT6.pdb,1.0
4KTC,B,A,../../GraPPI_data/PDB/new_dimer_db/4KTC.pdb,1.0
4KXQ,A,B,../../GraPPI_data/PDB/new_dimer_db/4KXQ.pdb,1.0
4KYI,B,A,../../GraPPI_data/PDB/new_dimer_db/4KYI.pdb,1.0
4KYT,A,B,../../GraPPI_data/PDB/new_dimer_db/4KYT.pdb,1.0
4L18,A,B,../../GraPPI_data/PDB/new_dimer_db/4L18.pdb,1.0
4L1U,C,H,../../GraPPI_data/PDB/new_dimer_db/4L1U.pdb,1.0
4L3O,A,E,../../GraPPI_data/PDB/new_dimer_db/4L3O.pdb,1.0
4L8R,B,C,../../GraPPI_data/PDB/new_dimer_db/4L8R.pdb,1.0
4LC9,A,B,../../GraPPI_data/PDB/new_dimer_db/4LC9.pdb,1.0
4LD3,A,B,../../GraPPI_data/PDB/new_dimer_db/4LD3.pdb,1.0
4LFH,D,G,../../GraPPI_data/PDB/new_dimer_db/4LFH.pdb,1.0
4LG6,A,B,../../GraPPI_data/PDB/new_dimer_db/4LG6.pdb,1.0
4LGD,A,E,../../GraPPI_data/PDB/new_dimer_db/4LGD.pdb,1.0
4LHJ,A,B,../../GraPPI_data/PDB/new_dimer_db/4LHJ.pdb,1.0
4LI2,A,B,../../GraPPI_data/PDB/new_dimer_db/4LI2.pdb,1.0
4LJP,A,B,../../GraPPI_data/PDB/new_dimer_db/4LJP.pdb,1.0
4LK9,A,B,../../GraPPI_data/PDB/new_dimer_db/4LK9.pdb,1.0
4LKA,A,B,../../GraPPI_data/PDB/new_dimer_db/4LKA.pdb,1.0
4LLQ,A,B,../../GraPPI_data/PDB/new_dimer_db/4LLQ.pdb,1.0
4LN2,A,B,../../GraPPI_data/PDB/new_dimer_db/4LN2.pdb,1.0
4LNP,A,B,../../GraPPI_data/PDB/new_dimer_db/4LNP.pdb,1.0
4LO8,B,A,../../GraPPI_data/PDB/new_dimer_db/4LO8.pdb,1.0
4LOG,A,B,../../GraPPI_data/PDB/new_dimer_db/4LOG.pdb,1.0
4LOO,A,B,../../GraPPI_data/PDB/new_dimer_db/4LOO.pdb,1.0
4LQS,A,B,../../GraPPI_data/PDB/new_dimer_db/4LQS.pdb,1.0
4LSJ,A,B,../../GraPPI_data/PDB/new_dimer_db/4LSJ.pdb,1.0
4LSX,B,D,../../GraPPI_data/PDB/new_dimer_db/4LSX.pdb,1.0
4LUQ,A,C,../../GraPPI_data/PDB/new_dimer_db/4LUQ.pdb,1.0
4LV8,A,B,../../GraPPI_data/PDB/new_dimer_db/4LV8.pdb,1.0
4LWS,B,A,../../GraPPI_data/PDB/new_dimer_db/4LWS.pdb,1.0
4LX2,A,B,../../GraPPI_data/PDB/new_dimer_db/4LX2.pdb,1.0
4LZF,A,B,../../GraPPI_data/PDB/new_dimer_db/4LZF.pdb,1.0
4M1Z,A,C,../../GraPPI_data/PDB/new_dimer_db/4M1Z.pdb,1.0
4M3K,A,B,../../GraPPI_data/PDB/new_dimer_db/4M3K.pdb,1.0
4M4R,A,B,../../GraPPI_data/PDB/new_dimer_db/4M4R.pdb,1.0
4M5D,A,B,../../GraPPI_data/PDB/new_dimer_db/4M5D.pdb,1.0
4M5S,A,B,../../GraPPI_data/PDB/new_dimer_db/4M5S.pdb,1.0
4M6W,A,B,../../GraPPI_data/PDB/new_dimer_db/4M6W.pdb,1.0
4M70,R,A,../../GraPPI_data/PDB/new_dimer_db/4M70.pdb,1.0
4MH0,E,R,../../GraPPI_data/PDB/new_dimer_db/4MH0.pdb,1.0
4MJH,A,C,../../GraPPI_data/PDB/new_dimer_db/4MJH.pdb,1.0
4MKR,B,A,../../GraPPI_data/PDB/new_dimer_db/4MKR.pdb,1.0
4MLS,A,B,../../GraPPI_data/PDB/new_dimer_db/4MLS.pdb,1.0
4MNW,A,B,../../GraPPI_data/PDB/new_dimer_db/4MNW.pdb,1.0
4MNX,A,B,../../GraPPI_data/PDB/new_dimer_db/4MNX.pdb,1.0
4MNY,A,C,../../GraPPI_data/PDB/new_dimer_db/4MNY.pdb,1.0
4MS1,A,B,../../GraPPI_data/PDB/new_dimer_db/4MS1.pdb,1.0
4MVI,A,B,../../GraPPI_data/PDB/new_dimer_db/4MVI.pdb,1.0
4MVL,A,E,../../GraPPI_data/PDB/new_dimer_db/4MVL.pdb,1.0
4MZK,A,T,../../GraPPI_data/PDB/new_dimer_db/4MZK.pdb,1.0
4MZL,A,C,../../GraPPI_data/PDB/new_dimer_db/4MZL.pdb,1.0
4N1H,B,A,../../GraPPI_data/PDB/new_dimer_db/4N1H.pdb,1.0
4N39,A,B,../../GraPPI_data/PDB/new_dimer_db/4N39.pdb,1.0
4N3A,A,B,../../GraPPI_data/PDB/new_dimer_db/4N3A.pdb,1.0
4N3C,A,B,../../GraPPI_data/PDB/new_dimer_db/4N3C.pdb,1.0
4N4I,A,B,../../GraPPI_data/PDB/new_dimer_db/4N4I.pdb,1.0
4N6O,A,B,../../GraPPI_data/PDB/new_dimer_db/4N6O.pdb,1.0
4N6R,A,B,../../GraPPI_data/PDB/new_dimer_db/4N6R.pdb,1.0
4N6S,A,B,../../GraPPI_data/PDB/new_dimer_db/4N6S.pdb,1.0
4N88,A,B,../../GraPPI_data/PDB/new_dimer_db/4N88.pdb,1.0
4NB3,A,C,../../GraPPI_data/PDB/new_dimer_db/4NB3.pdb,1.0
4NBX,A,B,../../GraPPI_data/PDB/new_dimer_db/4NBX.pdb,1.0
4NBZ,B,A,../../GraPPI_data/PDB/new_dimer_db/4NBZ.pdb,1.0
4NC0,A,B,../../GraPPI_data/PDB/new_dimer_db/4NC0.pdb,1.0
4NC2,A,B,../../GraPPI_data/PDB/new_dimer_db/4NC2.pdb,1.0
4NFT,C,F,../../GraPPI_data/PDB/new_dimer_db/4NFT.pdb,1.0
4NFU,A,B,../../GraPPI_data/PDB/new_dimer_db/4NFU.pdb,1.0
4NI2,A,B,../../GraPPI_data/PDB/new_dimer_db/4NI2.pdb,1.0
4NIE,D,A,../../GraPPI_data/PDB/new_dimer_db/4NIE.pdb,1.0
4NIK,A,B,../../GraPPI_data/PDB/new_dimer_db/4NIK.pdb,1.0
4NIY,A,E,../../GraPPI_data/PDB/new_dimer_db/4NIY.pdb,1.0
4NKG,B,A,../../GraPPI_data/PDB/new_dimer_db/4NKG.pdb,1.0
4NM0,A,B,../../GraPPI_data/PDB/new_dimer_db/4NM0.pdb,1.0
4NNL,B,D,../../GraPPI_data/PDB/new_dimer_db/4NNL.pdb,1.0
4NQD,B,A,../../GraPPI_data/PDB/new_dimer_db/4NQD.pdb,1.0
4NR1,A,S,../../GraPPI_data/PDB/new_dimer_db/4NR1.pdb,1.0
4NRH,D,A,../../GraPPI_data/PDB/new_dimer_db/4NRH.pdb,1.0
4NTQ,A,B,../../GraPPI_data/PDB/new_dimer_db/4NTQ.pdb,1.0
4NUF,A,P,../../GraPPI_data/PDB/new_dimer_db/4NUF.pdb,1.0
4NUT,A,B,../../GraPPI_data/PDB/new_dimer_db/4NUT.pdb,1.0
4NUV,A,C,../../GraPPI_data/PDB/new_dimer_db/4NUV.pdb,1.0
4NW2,B,A,../../GraPPI_data/PDB/new_dimer_db/4NW2.pdb,1.0
4NYL,A,B,../../GraPPI_data/PDB/new_dimer_db/4NYL.pdb,1.0
4O37,A,B,../../GraPPI_data/PDB/new_dimer_db/4O37.pdb,1.0
4O4B,A,B,../../GraPPI_data/PDB/new_dimer_db/4O4B.pdb,1.0
4O6F,A,B,../../GraPPI_data/PDB/new_dimer_db/4O6F.pdb,1.0
4OAR,A,B,../../GraPPI_data/PDB/new_dimer_db/4OAR.pdb,1.0
4OB3,A,B,../../GraPPI_data/PDB/new_dimer_db/4OB3.pdb,1.0
4ODN,A,B,../../GraPPI_data/PDB/new_dimer_db/4ODN.pdb,1.0
4OFB,A,B,../../GraPPI_data/PDB/new_dimer_db/4OFB.pdb,1.0
4OH8,A,B,../../GraPPI_data/PDB/new_dimer_db/4OH8.pdb,1.0
4OI4,B,A,../../GraPPI_data/PDB/new_dimer_db/4OI4.pdb,1.0
4OIH,A,B,../../GraPPI_data/PDB/new_dimer_db/4OIH.pdb,1.0
4OKT,A,B,../../GraPPI_data/PDB/new_dimer_db/4OKT.pdb,1.0
4ONT,A,D,../../GraPPI_data/PDB/new_dimer_db/4ONT.pdb,1.0
4OS4,A,B,../../GraPPI_data/PDB/new_dimer_db/4OS4.pdb,1.0
4OS6,A,B,../../GraPPI_data/PDB/new_dimer_db/4OS6.pdb,1.0
4OWX,A,B,../../GraPPI_data/PDB/new_dimer_db/4OWX.pdb,1.0
4OY2,B,A,../../GraPPI_data/PDB/new_dimer_db/4OY2.pdb,1.0
4OYK,A,C,../../GraPPI_data/PDB/new_dimer_db/4OYK.pdb,1.0
4P0Q,A,B,../../GraPPI_data/PDB/new_dimer_db/4P0Q.pdb,1.0
4P2A,A,B,../../GraPPI_data/PDB/new_dimer_db/4P2A.pdb,1.0
4P2Y,A,B,../../GraPPI_data/PDB/new_dimer_db/4P2Y.pdb,1.0
4P3W,A,G,../../GraPPI_data/PDB/new_dimer_db/4P3W.pdb,1.0
4P6X,B,A,../../GraPPI_data/PDB/new_dimer_db/4P6X.pdb,1.0
4P7I,A,C,../../GraPPI_data/PDB/new_dimer_db/4P7I.pdb,1.0
4PBY,A,C,../../GraPPI_data/PDB/new_dimer_db/4PBY.pdb,1.0
4PEL,B,A,../../GraPPI_data/PDB/new_dimer_db/4PEL.pdb,1.0
4PHT,X,A,../../GraPPI_data/PDB/new_dimer_db/4PHT.pdb,1.0
4PO6,A,B,../../GraPPI_data/PDB/new_dimer_db/4PO6.pdb,1.0
4PRO,A,C,../../GraPPI_data/PDB/new_dimer_db/4PRO.pdb,1.0
4PSI,D,A,../../GraPPI_data/PDB/new_dimer_db/4PSI.pdb,1.0
4PXH,B,A,../../GraPPI_data/PDB/new_dimer_db/4PXH.pdb,1.0
4PYU,A,C,../../GraPPI_data/PDB/new_dimer_db/4PYU.pdb,1.0
4PZ5,A,B,../../GraPPI_data/PDB/new_dimer_db/4PZ5.pdb,1.0
4Q57,A,B,../../GraPPI_data/PDB/new_dimer_db/4Q57.pdb,1.0
4Q5J,A,E,../../GraPPI_data/PDB/new_dimer_db/4Q5J.pdb,1.0
4Q6S,A,C,../../GraPPI_data/PDB/new_dimer_db/4Q6S.pdb,1.0
4Q94,D,B,../../GraPPI_data/PDB/new_dimer_db/4Q94.pdb,1.0
4QAE,A,P,../../GraPPI_data/PDB/new_dimer_db/4QAE.pdb,1.0
4QAM,A,B,../../GraPPI_data/PDB/new_dimer_db/4QAM.pdb,1.0
4QFQ,A,B,../../GraPPI_data/PDB/new_dimer_db/4QFQ.pdb,1.0
4QHM,A,F,../../GraPPI_data/PDB/new_dimer_db/4QHM.pdb,1.0
4QJR,A,B,../../GraPPI_data/PDB/new_dimer_db/4QJR.pdb,1.0
4QJV,B,A,../../GraPPI_data/PDB/new_dimer_db/4QJV.pdb,1.0
4QK4,A,B,../../GraPPI_data/PDB/new_dimer_db/4QK4.pdb,1.0
4QKO,B,A,../../GraPPI_data/PDB/new_dimer_db/4QKO.pdb,1.0
4QMF,D,C,../../GraPPI_data/PDB/new_dimer_db/4QMF.pdb,1.0
4QMG,F,A,../../GraPPI_data/PDB/new_dimer_db/4QMG.pdb,1.0
4QO1,A,B,../../GraPPI_data/PDB/new_dimer_db/4QO1.pdb,1.0
4QPL,B,A,../../GraPPI_data/PDB/new_dimer_db/4QPL.pdb,1.0
4QQB,A,X,../../GraPPI_data/PDB/new_dimer_db/4QQB.pdb,1.0
4QQI,A,X,../../GraPPI_data/PDB/new_dimer_db/4QQI.pdb,1.0
4QSY,A,B,../../GraPPI_data/PDB/new_dimer_db/4QSY.pdb,1.0
4QTS,A,C,../../GraPPI_data/PDB/new_dimer_db/4QTS.pdb,1.0
4QTU,B,A,../../GraPPI_data/PDB/new_dimer_db/4QTU.pdb,1.0
4QVF,A,B,../../GraPPI_data/PDB/new_dimer_db/4QVF.pdb,1.0
4QXF,B,E,../../GraPPI_data/PDB/new_dimer_db/4QXF.pdb,1.0
4R11,B,A,../../GraPPI_data/PDB/new_dimer_db/4R11.pdb,1.0
4R1D,A,B,../../GraPPI_data/PDB/new_dimer_db/4R1D.pdb,1.0
4R40,B,A,../../GraPPI_data/PDB/new_dimer_db/4R40.pdb,1.0
4R62,A,B,../../GraPPI_data/PDB/new_dimer_db/4R62.pdb,1.0
4R6U,B,C,../../GraPPI_data/PDB/new_dimer_db/4R6U.pdb,1.0
4R8T,A,B,../../GraPPI_data/PDB/new_dimer_db/4R8T.pdb,1.0
4RA9,A,B,../../GraPPI_data/PDB/new_dimer_db/4RA9.pdb,1.0
4RAL,D,A,../../GraPPI_data/PDB/new_dimer_db/4RAL.pdb,1.0
4RCA,A,B,../../GraPPI_data/PDB/new_dimer_db/4RCA.pdb,1.0
4RGW,A,B,../../GraPPI_data/PDB/new_dimer_db/4RGW.pdb,1.0
4RHZ,A,B,../../GraPPI_data/PDB/new_dimer_db/4RHZ.pdb,1.0
4RIR,H,L,../../GraPPI_data/PDB/new_dimer_db/4RIR.pdb,1.0
4RIY,B,A,../../GraPPI_data/PDB/new_dimer_db/4RIY.pdb,1.0
4RKJ,A,B,../../GraPPI_data/PDB/new_dimer_db/4RKJ.pdb,1.0
4ROE,A,B,../../GraPPI_data/PDB/new_dimer_db/4ROE.pdb,1.0
4ROF,A,C,../../GraPPI_data/PDB/new_dimer_db/4ROF.pdb,1.0
4RR2,B,A,../../GraPPI_data/PDB/new_dimer_db/4RR2.pdb,1.0
4RSI,A,B,../../GraPPI_data/PDB/new_dimer_db/4RSI.pdb,1.0
4RTV,A,B,../../GraPPI_data/PDB/new_dimer_db/4RTV.pdb,1.0
4RTW,C,D,../../GraPPI_data/PDB/new_dimer_db/4RTW.pdb,1.0
4RTY,A,B,../../GraPPI_data/PDB/new_dimer_db/4RTY.pdb,1.0
4RV0,B,A,../../GraPPI_data/PDB/new_dimer_db/4RV0.pdb,1.0
4RWF,A,B,../../GraPPI_data/PDB/new_dimer_db/4RWF.pdb,1.0
4RWG,B,C,../../GraPPI_data/PDB/new_dimer_db/4RWG.pdb,1.0
4RWV,A,B,../../GraPPI_data/PDB/new_dimer_db/4RWV.pdb,1.0
4S0H,A,B,../../GraPPI_data/PDB/new_dimer_db/4S0H.pdb,1.0
4S0T,B,E,../../GraPPI_data/PDB/new_dimer_db/4S0T.pdb,1.0
4S1Z,A,G,../../GraPPI_data/PDB/new_dimer_db/4S1Z.pdb,1.0
4SGB,E,I,../../GraPPI_data/PDB/new_dimer_db/4SGB.pdb,1.0
4SRN,A,B,../../GraPPI_data/PDB/new_dimer_db/4SRN.pdb,1.0
4TKN,D,A,../../GraPPI_data/PDB/new_dimer_db/4TKN.pdb,1.0
4TKP,A,B,../../GraPPI_data/PDB/new_dimer_db/4TKP.pdb,1.0
4TPS,B,A,../../GraPPI_data/PDB/new_dimer_db/4TPS.pdb,1.0
4TSH,A,B,../../GraPPI_data/PDB/new_dimer_db/4TSH.pdb,1.0
4TU3,X,A,../../GraPPI_data/PDB/new_dimer_db/4TU3.pdb,1.0
4TVQ,A,B,../../GraPPI_data/PDB/new_dimer_db/4TVQ.pdb,1.0
4TVS,a,A,../../GraPPI_data/PDB/new_dimer_db/4TVS.pdb,1.0
4TXO,D,C,../../GraPPI_data/PDB/new_dimer_db/4TXO.pdb,1.0
4TXQ,A,C,../../GraPPI_data/PDB/new_dimer_db/4TXQ.pdb,1.0
4TXV,B,A,../../GraPPI_data/PDB/new_dimer_db/4TXV.pdb,1.0
4TZO,B,A,../../GraPPI_data/PDB/new_dimer_db/4TZO.pdb,1.0
4TZQ,B,A,../../GraPPI_data/PDB/new_dimer_db/4TZQ.pdb,1.0
4TZS,A,C,../../GraPPI_data/PDB/new_dimer_db/4TZS.pdb,1.0
4U01,A,K,../../GraPPI_data/PDB/new_dimer_db/4U01.pdb,1.0
4U1C,C,A,../../GraPPI_data/PDB/new_dimer_db/4U1C.pdb,1.0
4U1P,A,B,../../GraPPI_data/PDB/new_dimer_db/4U1P.pdb,1.0
4U39,J,A,../../GraPPI_data/PDB/new_dimer_db/4U39.pdb,1.0
4U4P,A,B,../../GraPPI_data/PDB/new_dimer_db/4U4P.pdb,1.0
4U5Y,A,D,../../GraPPI_data/PDB/new_dimer_db/4U5Y.pdb,1.0
4U6U,A,B,../../GraPPI_data/PDB/new_dimer_db/4U6U.pdb,1.0
4U7E,B,A,../../GraPPI_data/PDB/new_dimer_db/4U7E.pdb,1.0
4U7I,A,B,../../GraPPI_data/PDB/new_dimer_db/4U7I.pdb,1.0
4U8H,B,A,../../GraPPI_data/PDB/new_dimer_db/4U8H.pdb,1.0
4UAF,B,E,../../GraPPI_data/PDB/new_dimer_db/4UAF.pdb,1.0
4UDA,A,B,../../GraPPI_data/PDB/new_dimer_db/4UDA.pdb,1.0
4UDB,A,B,../../GraPPI_data/PDB/new_dimer_db/4UDB.pdb,1.0
4UE1,B,G,../../GraPPI_data/PDB/new_dimer_db/4UE1.pdb,1.0
4UE8,A,B,../../GraPPI_data/PDB/new_dimer_db/4UE8.pdb,1.0
4UE9,A,B,../../GraPPI_data/PDB/new_dimer_db/4UE9.pdb,1.0
4UEB,D,C,../../GraPPI_data/PDB/new_dimer_db/4UEB.pdb,1.0
4UHZ,A,B,../../GraPPI_data/PDB/new_dimer_db/4UHZ.pdb,1.0
4UIP,A,B,../../GraPPI_data/PDB/new_dimer_db/4UIP.pdb,1.0
4UJ5,A,C,../../GraPPI_data/PDB/new_dimer_db/4UJ5.pdb,1.0
4UN1,B,A,../../GraPPI_data/PDB/new_dimer_db/4UN1.pdb,1.0
4UN2,A,B,../../GraPPI_data/PDB/new_dimer_db/4UN2.pdb,1.0
4UNG,B,A,../../GraPPI_data/PDB/new_dimer_db/4UNG.pdb,1.0
4UOI,A,C,../../GraPPI_data/PDB/new_dimer_db/4UOI.pdb,1.0
4UQY,A,B,../../GraPPI_data/PDB/new_dimer_db/4UQY.pdb,1.0
4UQZ,A,B,../../GraPPI_data/PDB/new_dimer_db/4UQZ.pdb,1.0
4URZ,R,S,../../GraPPI_data/PDB/new_dimer_db/4URZ.pdb,1.0
4UU5,A,B,../../GraPPI_data/PDB/new_dimer_db/4UU5.pdb,1.0
4UX3,A,B,../../GraPPI_data/PDB/new_dimer_db/4UX3.pdb,1.0
4UX9,F,A,../../GraPPI_data/PDB/new_dimer_db/4UX9.pdb,1.0
4UY2,A,C,../../GraPPI_data/PDB/new_dimer_db/4UY2.pdb,1.0
4UZY,A,B,../../GraPPI_data/PDB/new_dimer_db/4UZY.pdb,1.0
4UZZ,A,B,../../GraPPI_data/PDB/new_dimer_db/4UZZ.pdb,1.0
4V0W,B,A,../../GraPPI_data/PDB/new_dimer_db/4V0W.pdb,1.0
4V0X,A,B,../../GraPPI_data/PDB/new_dimer_db/4V0X.pdb,1.0
4V3E,A,B,../../GraPPI_data/PDB/new_dimer_db/4V3E.pdb,1.0
4W2O,B,A,../../GraPPI_data/PDB/new_dimer_db/4W2O.pdb,1.0
4W2Q,B,A,../../GraPPI_data/PDB/new_dimer_db/4W2Q.pdb,1.0
4W4K,B,A,../../GraPPI_data/PDB/new_dimer_db/4W4K.pdb,1.0
4W5A,A,E,../../GraPPI_data/PDB/new_dimer_db/4W5A.pdb,1.0
4W6R,A,N,../../GraPPI_data/PDB/new_dimer_db/4W6R.pdb,1.0
4W8P,A,B,../../GraPPI_data/PDB/new_dimer_db/4W8P.pdb,1.0
4WB7,A,I,../../GraPPI_data/PDB/new_dimer_db/4WB7.pdb,1.0
4WCI,B,A,../../GraPPI_data/PDB/new_dimer_db/4WCI.pdb,1.0
4WFC,B,A,../../GraPPI_data/PDB/new_dimer_db/4WFC.pdb,1.0
4WJ7,W,A,../../GraPPI_data/PDB/new_dimer_db/4WJ7.pdb,1.0
4WJP,B,A,../../GraPPI_data/PDB/new_dimer_db/4WJP.pdb,1.0
4WJQ,B,A,../../GraPPI_data/PDB/new_dimer_db/4WJQ.pdb,1.0
4WJV,A,K,../../GraPPI_data/PDB/new_dimer_db/4WJV.pdb,1.0
4WKU,A,B,../../GraPPI_data/PDB/new_dimer_db/4WKU.pdb,1.0
4WKZ,A,B,../../GraPPI_data/PDB/new_dimer_db/4WKZ.pdb,1.0
4WLP,A,B,../../GraPPI_data/PDB/new_dimer_db/4WLP.pdb,1.0
4WLQ,A,B,../../GraPPI_data/PDB/new_dimer_db/4WLQ.pdb,1.0
4WNF,A,B,../../GraPPI_data/PDB/new_dimer_db/4WNF.pdb,1.0
4WNG,A,B,../../GraPPI_data/PDB/new_dimer_db/4WNG.pdb,1.0
4WNH,A,D,../../GraPPI_data/PDB/new_dimer_db/4WNH.pdb,1.0
4WP5,A,B,../../GraPPI_data/PDB/new_dimer_db/4WP5.pdb,1.0
4WPF,B,A,../../GraPPI_data/PDB/new_dimer_db/4WPF.pdb,1.0
4WPH,B,C,../../GraPPI_data/PDB/new_dimer_db/4WPH.pdb,1.0
4WPI,D,A,../../GraPPI_data/PDB/new_dimer_db/4WPI.pdb,1.0
4WSF,A,B,../../GraPPI_data/PDB/new_dimer_db/4WSF.pdb,1.0
4WSI,X,A,../../GraPPI_data/PDB/new_dimer_db/4WSI.pdb,1.0
4WV4,A,B,../../GraPPI_data/PDB/new_dimer_db/4WV4.pdb,1.0
4WVD,A,C,../../GraPPI_data/PDB/new_dimer_db/4WVD.pdb,1.0
4WVI,A,D,../../GraPPI_data/PDB/new_dimer_db/4WVI.pdb,1.0
4WVJ,A,D,../../GraPPI_data/PDB/new_dimer_db/4WVJ.pdb,1.0
4WVM,A,B,../../GraPPI_data/PDB/new_dimer_db/4WVM.pdb,1.0
4WW9,A,B,../../GraPPI_data/PDB/new_dimer_db/4WW9.pdb,1.0
4WX7,B,A,../../GraPPI_data/PDB/new_dimer_db/4WX7.pdb,1.0
4WXA,B,E,../../GraPPI_data/PDB/new_dimer_db/4WXA.pdb,1.0
4WYB,B,A,../../GraPPI_data/PDB/new_dimer_db/4WYB.pdb,1.0
4WZ3,A,B,../../GraPPI_data/PDB/new_dimer_db/4WZ3.pdb,1.0
4WZX,A,E,../../GraPPI_data/PDB/new_dimer_db/4WZX.pdb,1.0
4X0N,A,B,../../GraPPI_data/PDB/new_dimer_db/4X0N.pdb,1.0
4X1Q,P,U,../../GraPPI_data/PDB/new_dimer_db/4X1Q.pdb,1.0
4X1V,A,B,../../GraPPI_data/PDB/new_dimer_db/4X1V.pdb,1.0
4X3G,A,C,../../GraPPI_data/PDB/new_dimer_db/4X3G.pdb,1.0
4X86,A,B,../../GraPPI_data/PDB/new_dimer_db/4X86.pdb,1.0
4X8K,A,B,../../GraPPI_data/PDB/new_dimer_db/4X8K.pdb,1.0
4X8P,A,B,../../GraPPI_data/PDB/new_dimer_db/4X8P.pdb,1.0
4XA9,a,A,../../GraPPI_data/PDB/new_dimer_db/4XA9.pdb,1.0
4XAX,A,B,../../GraPPI_data/PDB/new_dimer_db/4XAX.pdb,1.0
4XBU,A,B,../../GraPPI_data/PDB/new_dimer_db/4XBU.pdb,1.0
4XC2,A,E,../../GraPPI_data/PDB/new_dimer_db/4XC2.pdb,1.0
4XCO,A,C,../../GraPPI_data/PDB/new_dimer_db/4XCO.pdb,1.0
4XDN,A,B,../../GraPPI_data/PDB/new_dimer_db/4XDN.pdb,1.0
4XEK,A,C,../../GraPPI_data/PDB/new_dimer_db/4XEK.pdb,1.0
4XEV,A,C,../../GraPPI_data/PDB/new_dimer_db/4XEV.pdb,1.0
4XGA,A,B,../../GraPPI_data/PDB/new_dimer_db/4XGA.pdb,1.0
4XH9,B,A,../../GraPPI_data/PDB/new_dimer_db/4XH9.pdb,1.0
4XHV,A,B,../../GraPPI_data/PDB/new_dimer_db/4XHV.pdb,1.0
4XIF,A,E,../../GraPPI_data/PDB/new_dimer_db/4XIF.pdb,1.0
4XIZ,A,N,../../GraPPI_data/PDB/new_dimer_db/4XIZ.pdb,1.0
4XOA,B,A,../../GraPPI_data/PDB/new_dimer_db/4XOA.pdb,1.0
4XOB,B,A,../../GraPPI_data/PDB/new_dimer_db/4XOB.pdb,1.0
4XPN,B,A,../../GraPPI_data/PDB/new_dimer_db/4XPN.pdb,1.0
4XRS,B,I,../../GraPPI_data/PDB/new_dimer_db/4XRS.pdb,1.0
4XST,E,F,../../GraPPI_data/PDB/new_dimer_db/4XST.pdb,1.0
4XZ1,A,B,../../GraPPI_data/PDB/new_dimer_db/4XZ1.pdb,1.0
4XZR,A,B,../../GraPPI_data/PDB/new_dimer_db/4XZR.pdb,1.0
4Y29,A,B,../../GraPPI_data/PDB/new_dimer_db/4Y29.pdb,1.0
4Y2O,A,B,../../GraPPI_data/PDB/new_dimer_db/4Y2O.pdb,1.0
4Y66,A,B,../../GraPPI_data/PDB/new_dimer_db/4Y66.pdb,1.0
4Y7O,A,C,../../GraPPI_data/PDB/new_dimer_db/4Y7O.pdb,1.0
4Y97,B,A,../../GraPPI_data/PDB/new_dimer_db/4Y97.pdb,1.0
4YAQ,H,L,../../GraPPI_data/PDB/new_dimer_db/4YAQ.pdb,1.0
4YDY,A,I,../../GraPPI_data/PDB/new_dimer_db/4YDY.pdb,1.0
4YFD,B,A,../../GraPPI_data/PDB/new_dimer_db/4YFD.pdb,1.0
4YGA,B,A,../../GraPPI_data/PDB/new_dimer_db/4YGA.pdb,1.0
4YGW,b,B,../../GraPPI_data/PDB/new_dimer_db/4YGW.pdb,1.0
4YGX,B,A,../../GraPPI_data/PDB/new_dimer_db/4YGX.pdb,1.0
4YI0,C,A,../../GraPPI_data/PDB/new_dimer_db/4YI0.pdb,1.0
4YII,U,A,../../GraPPI_data/PDB/new_dimer_db/4YII.pdb,1.0
4YJE,A,B,../../GraPPI_data/PDB/new_dimer_db/4YJE.pdb,1.0
4YJL,A,G,../../GraPPI_data/PDB/new_dimer_db/4YJL.pdb,1.0
4YJZ,E,L,../../GraPPI_data/PDB/new_dimer_db/4YJZ.pdb,1.0
4YK6,B,A,../../GraPPI_data/PDB/new_dimer_db/4YK6.pdb,1.0
4YK8,A,B,../../GraPPI_data/PDB/new_dimer_db/4YK8.pdb,1.0
4YL6,A,B,../../GraPPI_data/PDB/new_dimer_db/4YL6.pdb,1.0
4YM4,A,B,../../GraPPI_data/PDB/new_dimer_db/4YM4.pdb,1.0
4YN3,A,B,../../GraPPI_data/PDB/new_dimer_db/4YN3.pdb,1.0
4YOM,B,A,../../GraPPI_data/PDB/new_dimer_db/4YOM.pdb,1.0
4YOO,A,X,../../GraPPI_data/PDB/new_dimer_db/4YOO.pdb,1.0
4YOS,A,E,../../GraPPI_data/PDB/new_dimer_db/4YOS.pdb,1.0
4YR8,E,G,../../GraPPI_data/PDB/new_dimer_db/4YR8.pdb,1.0
4YX5,A,B,../../GraPPI_data/PDB/new_dimer_db/4YX5.pdb,1.0
4YXC,A,B,../../GraPPI_data/PDB/new_dimer_db/4YXC.pdb,1.0
4YXL,A,H,../../GraPPI_data/PDB/new_dimer_db/4YXL.pdb,1.0
4Z68,A,E,../../GraPPI_data/PDB/new_dimer_db/4Z68.pdb,1.0
4Z88,M,A,../../GraPPI_data/PDB/new_dimer_db/4Z88.pdb,1.0
4Z89,a,A,../../GraPPI_data/PDB/new_dimer_db/4Z89.pdb,1.0
4Z8A,A,B,../../GraPPI_data/PDB/new_dimer_db/4Z8A.pdb,1.0
4Z94,A,G,../../GraPPI_data/PDB/new_dimer_db/4Z94.pdb,1.0
4ZDT,B,A,../../GraPPI_data/PDB/new_dimer_db/4ZDT.pdb,1.0
4ZDU,A,B,../../GraPPI_data/PDB/new_dimer_db/4ZDU.pdb,1.0
4ZFW,A,B,../../GraPPI_data/PDB/new_dimer_db/4ZFW.pdb,1.0
4ZH1,A,B,../../GraPPI_data/PDB/new_dimer_db/4ZH1.pdb,1.0
4ZHM,P,U,../../GraPPI_data/PDB/new_dimer_db/4ZHM.pdb,1.0
4ZJV,A,C,../../GraPPI_data/PDB/new_dimer_db/4ZJV.pdb,1.0
4ZKB,A,B,../../GraPPI_data/PDB/new_dimer_db/4ZKB.pdb,1.0
4ZLK,A,B,../../GraPPI_data/PDB/new_dimer_db/4ZLK.pdb,1.0
4ZN1,A,B,../../GraPPI_data/PDB/new_dimer_db/4ZN1.pdb,1.0
4ZN3,A,B,../../GraPPI_data/PDB/new_dimer_db/4ZN3.pdb,1.0
4ZNC,D,A,../../GraPPI_data/PDB/new_dimer_db/4ZNC.pdb,1.0
4ZNY,A,B,../../GraPPI_data/PDB/new_dimer_db/4ZNY.pdb,1.0
4ZOQ,A,I,../../GraPPI_data/PDB/new_dimer_db/4ZOQ.pdb,1.0
4ZOX,A,B,../../GraPPI_data/PDB/new_dimer_db/4ZOX.pdb,1.0
4ZOZ,Y,A,../../GraPPI_data/PDB/new_dimer_db/4ZOZ.pdb,1.0
4ZQW,B,A,../../GraPPI_data/PDB/new_dimer_db/4ZQW.pdb,1.0
4ZRL,A,B,../../GraPPI_data/PDB/new_dimer_db/4ZRL.pdb,1.0
4ZRQ,A,C,../../GraPPI_data/PDB/new_dimer_db/4ZRQ.pdb,1.0
4ZV0,A,B,../../GraPPI_data/PDB/new_dimer_db/4ZV0.pdb,1.0
4ZV6,A,B,../../GraPPI_data/PDB/new_dimer_db/4ZV6.pdb,1.0
5A29,A,B,../../GraPPI_data/PDB/new_dimer_db/5A29.pdb,1.0
5A5H,B,A,../../GraPPI_data/PDB/new_dimer_db/5A5H.pdb,1.0
5ABY,B,A,../../GraPPI_data/PDB/new_dimer_db/5ABY.pdb,1.0
5AEI,D,A,../../GraPPI_data/PDB/new_dimer_db/5AEI.pdb,1.0
5AF6,H,A,../../GraPPI_data/PDB/new_dimer_db/5AF6.pdb,1.0
5AFP,B,C,../../GraPPI_data/PDB/new_dimer_db/5AFP.pdb,1.0
5AGX,D,A,../../GraPPI_data/PDB/new_dimer_db/5AGX.pdb,1.0
5AIE,A,B,../../GraPPI_data/PDB/new_dimer_db/5AIE.pdb,1.0
5AJN,A,P,../../GraPPI_data/PDB/new_dimer_db/5AJN.pdb,1.0
5AJO,A,B,../../GraPPI_data/PDB/new_dimer_db/5AJO.pdb,1.0
5AJP,A,B,../../GraPPI_data/PDB/new_dimer_db/5AJP.pdb,1.0
5AQB,A,B,../../GraPPI_data/PDB/new_dimer_db/5AQB.pdb,1.0
5AQV,A,B,../../GraPPI_data/PDB/new_dimer_db/5AQV.pdb,1.0
5AWT,A,B,../../GraPPI_data/PDB/new_dimer_db/5AWT.pdb,1.0
5AWU,A,B,../../GraPPI_data/PDB/new_dimer_db/5AWU.pdb,1.0
5AX3,A,B,../../GraPPI_data/PDB/new_dimer_db/5AX3.pdb,1.0
5AZ8,A,B,../../GraPPI_data/PDB/new_dimer_db/5AZ8.pdb,1.0
5AZT,A,C,../../GraPPI_data/PDB/new_dimer_db/5AZT.pdb,1.0
5B19,A,B,../../GraPPI_data/PDB/new_dimer_db/5B19.pdb,1.0
5B2G,A,B,../../GraPPI_data/PDB/new_dimer_db/5B2G.pdb,1.0
5B3G,A,B,../../GraPPI_data/PDB/new_dimer_db/5B3G.pdb,1.0
5B4P,B,A,../../GraPPI_data/PDB/new_dimer_db/5B4P.pdb,1.0
5B4W,A,G,../../GraPPI_data/PDB/new_dimer_db/5B4W.pdb,1.0
5B4X,B,A,../../GraPPI_data/PDB/new_dimer_db/5B4X.pdb,1.0
5B6C,A,B,../../GraPPI_data/PDB/new_dimer_db/5B6C.pdb,1.0
5BMU,B,A,../../GraPPI_data/PDB/new_dimer_db/5BMU.pdb,1.0
5BNB,B,F,../../GraPPI_data/PDB/new_dimer_db/5BNB.pdb,1.0
5BOP,B,A,../../GraPPI_data/PDB/new_dimer_db/5BOP.pdb,1.0
5BQM,B,A,../../GraPPI_data/PDB/new_dimer_db/5BQM.pdb,1.0
5BRK,A,B,../../GraPPI_data/PDB/new_dimer_db/5BRK.pdb,1.0
5BTR,A,C,../../GraPPI_data/PDB/new_dimer_db/5BTR.pdb,1.0
5BUO,A,B,../../GraPPI_data/PDB/new_dimer_db/5BUO.pdb,1.0
5BV1,B,A,../../GraPPI_data/PDB/new_dimer_db/5BV1.pdb,1.0
5BW0,B,A,../../GraPPI_data/PDB/new_dimer_db/5BW0.pdb,1.0
5BWA,A,B,../../GraPPI_data/PDB/new_dimer_db/5BWA.pdb,1.0
5BWD,A,C,../../GraPPI_data/PDB/new_dimer_db/5BWD.pdb,1.0
5BWM,A,B,../../GraPPI_data/PDB/new_dimer_db/5BWM.pdb,1.0
5BZ0,A,B,../../GraPPI_data/PDB/new_dimer_db/5BZ0.pdb,1.0
5C2U,B,A,../../GraPPI_data/PDB/new_dimer_db/5C2U.pdb,1.0
5C56,B,A,../../GraPPI_data/PDB/new_dimer_db/5C56.pdb,1.0
5C58,A,B,../../GraPPI_data/PDB/new_dimer_db/5C58.pdb,1.0
5C5B,B,A,../../GraPPI_data/PDB/new_dimer_db/5C5B.pdb,1.0
5C6D,A,C,../../GraPPI_data/PDB/new_dimer_db/5C6D.pdb,1.0
5C6G,B,A,../../GraPPI_data/PDB/new_dimer_db/5C6G.pdb,1.0
5C6H,A,B,../../GraPPI_data/PDB/new_dimer_db/5C6H.pdb,1.0
5C6P,A,B,../../GraPPI_data/PDB/new_dimer_db/5C6P.pdb,1.0
5C74,A,B,../../GraPPI_data/PDB/new_dimer_db/5C74.pdb,1.0
5C7J,A,C,../../GraPPI_data/PDB/new_dimer_db/5C7J.pdb,1.0
5CBN,B,A,../../GraPPI_data/PDB/new_dimer_db/5CBN.pdb,1.0
5CDF,A,E,../../GraPPI_data/PDB/new_dimer_db/5CDF.pdb,1.0
5CE3,B,A,../../GraPPI_data/PDB/new_dimer_db/5CE3.pdb,1.0
5CER,B,A,../../GraPPI_data/PDB/new_dimer_db/5CER.pdb,1.0
5CFA,A,C,../../GraPPI_data/PDB/new_dimer_db/5CFA.pdb,1.0
5CHL,A,B,../../GraPPI_data/PDB/new_dimer_db/5CHL.pdb,1.0
5CK3,B,A,../../GraPPI_data/PDB/new_dimer_db/5CK3.pdb,1.0
5CM2,Z,M,../../GraPPI_data/PDB/new_dimer_db/5CM2.pdb,1.0
5CM9,A,C,../../GraPPI_data/PDB/new_dimer_db/5CM9.pdb,1.0
5CRV,A,C,../../GraPPI_data/PDB/new_dimer_db/5CRV.pdb,1.0
5CRW,A,B,../../GraPPI_data/PDB/new_dimer_db/5CRW.pdb,1.0
5CTT,A,B,../../GraPPI_data/PDB/new_dimer_db/5CTT.pdb,1.0
5CUL,A,B,../../GraPPI_data/PDB/new_dimer_db/5CUL.pdb,1.0
5CVM,A,B,../../GraPPI_data/PDB/new_dimer_db/5CVM.pdb,1.0
5CW5,A,D,../../GraPPI_data/PDB/new_dimer_db/5CW5.pdb,1.0
5CXT,C,D,../../GraPPI_data/PDB/new_dimer_db/5CXT.pdb,1.0
5CZO,A,C,../../GraPPI_data/PDB/new_dimer_db/5CZO.pdb,1.0
5D2M,A,B,../../GraPPI_data/PDB/new_dimer_db/5D2M.pdb,1.0
5D5K,C,B,../../GraPPI_data/PDB/new_dimer_db/5D5K.pdb,1.0
5D6H,A,B,../../GraPPI_data/PDB/new_dimer_db/5D6H.pdb,1.0
5D6J,A,B,../../GraPPI_data/PDB/new_dimer_db/5D6J.pdb,1.0
5D94,A,B,../../GraPPI_data/PDB/new_dimer_db/5D94.pdb,1.0
5DA0,A,B,../../GraPPI_data/PDB/new_dimer_db/5DA0.pdb,1.0
5DA7,B,A,../../GraPPI_data/PDB/new_dimer_db/5DA7.pdb,1.0
5DAR,B,C,../../GraPPI_data/PDB/new_dimer_db/5DAR.pdb,1.0
5DBR,A,C,../../GraPPI_data/PDB/new_dimer_db/5DBR.pdb,1.0
5DC0,A,B,../../GraPPI_data/PDB/new_dimer_db/5DC0.pdb,1.0
5DC9,A,B,../../GraPPI_data/PDB/new_dimer_db/5DC9.pdb,1.0
5DE2,A,C,../../GraPPI_data/PDB/new_dimer_db/5DE2.pdb,1.0
5DHH,A,B,../../GraPPI_data/PDB/new_dimer_db/5DHH.pdb,1.0
5DHM,A,C,../../GraPPI_data/PDB/new_dimer_db/5DHM.pdb,1.0
5DHX,B,C,../../GraPPI_data/PDB/new_dimer_db/5DHX.pdb,1.0
5DI3,B,A,../../GraPPI_data/PDB/new_dimer_db/5DI3.pdb,1.0
5DMB,A,D,../../GraPPI_data/PDB/new_dimer_db/5DMB.pdb,1.0
5DMR,A,B,../../GraPPI_data/PDB/new_dimer_db/5DMR.pdb,1.0
5DMV,C,D,../../GraPPI_data/PDB/new_dimer_db/5DMV.pdb,1.0
5DOI,A,E,../../GraPPI_data/PDB/new_dimer_db/5DOI.pdb,1.0
5DOW,B,A,../../GraPPI_data/PDB/new_dimer_db/5DOW.pdb,1.0
5DQS,A,D,../../GraPPI_data/PDB/new_dimer_db/5DQS.pdb,1.0
5DSE,B,A,../../GraPPI_data/PDB/new_dimer_db/5DSE.pdb,1.0
5DUD,B,A,../../GraPPI_data/PDB/new_dimer_db/5DUD.pdb,1.0
5DV3,A,B,../../GraPPI_data/PDB/new_dimer_db/5DV3.pdb,1.0
5DV6,A,B,../../GraPPI_data/PDB/new_dimer_db/5DV6.pdb,1.0
5DV8,A,B,../../GraPPI_data/PDB/new_dimer_db/5DV8.pdb,1.0
5DWL,A,B,../../GraPPI_data/PDB/new_dimer_db/5DWL.pdb,1.0
5DXH,B,A,../../GraPPI_data/PDB/new_dimer_db/5DXH.pdb,1.0
5E0Q,A,B,../../GraPPI_data/PDB/new_dimer_db/5E0Q.pdb,1.0
5E0U,D,A,../../GraPPI_data/PDB/new_dimer_db/5E0U.pdb,1.0
5E0V,A,C,../../GraPPI_data/PDB/new_dimer_db/5E0V.pdb,1.0
5E5M,B,A,../../GraPPI_data/PDB/new_dimer_db/5E5M.pdb,1.0
5E5U,B,A,../../GraPPI_data/PDB/new_dimer_db/5E5U.pdb,1.0
5E66,A,B,../../GraPPI_data/PDB/new_dimer_db/5E66.pdb,1.0
5E6Q,B,A,../../GraPPI_data/PDB/new_dimer_db/5E6Q.pdb,1.0
5E6U,A,B,../../GraPPI_data/PDB/new_dimer_db/5E6U.pdb,1.0
5E7O,B,A,../../GraPPI_data/PDB/new_dimer_db/5E7O.pdb,1.0
5E8C,A,B,../../GraPPI_data/PDB/new_dimer_db/5E8C.pdb,1.0
5E8J,A,C,../../GraPPI_data/PDB/new_dimer_db/5E8J.pdb,1.0
5ECJ,A,E,../../GraPPI_data/PDB/new_dimer_db/5ECJ.pdb,1.0
5EEL,B,E,../../GraPPI_data/PDB/new_dimer_db/5EEL.pdb,1.0
5EG6,C,R,../../GraPPI_data/PDB/new_dimer_db/5EG6.pdb,1.0
5EGO,A,B,../../GraPPI_data/PDB/new_dimer_db/5EGO.pdb,1.0
5EIY,A,B,../../GraPPI_data/PDB/new_dimer_db/5EIY.pdb,1.0
5EJD,B,A,../../GraPPI_data/PDB/new_dimer_db/5EJD.pdb,1.0
5EM2,B,A,../../GraPPI_data/PDB/new_dimer_db/5EM2.pdb,1.0
5EPL,A,B,../../GraPPI_data/PDB/new_dimer_db/5EPL.pdb,1.0
5EPP,A,B,../../GraPPI_data/PDB/new_dimer_db/5EPP.pdb,1.0
5ET0,B,A,../../GraPPI_data/PDB/new_dimer_db/5ET0.pdb,1.0
5ETA,D,B,../../GraPPI_data/PDB/new_dimer_db/5ETA.pdb,1.0
5EU0,A,B,../../GraPPI_data/PDB/new_dimer_db/5EU0.pdb,1.0
5EVE,A,B,../../GraPPI_data/PDB/new_dimer_db/5EVE.pdb,1.0
5EW5,A,E,../../GraPPI_data/PDB/new_dimer_db/5EW5.pdb,1.0
5EWL,A,B,../../GraPPI_data/PDB/new_dimer_db/5EWL.pdb,1.0
5EYK,D,A,../../GraPPI_data/PDB/new_dimer_db/5EYK.pdb,1.0
5EZ0,D,H,../../GraPPI_data/PDB/new_dimer_db/5EZ0.pdb,1.0
5EZN,A,E,../../GraPPI_data/PDB/new_dimer_db/5EZN.pdb,1.0
5F0E,A,B,../../GraPPI_data/PDB/new_dimer_db/5F0E.pdb,1.0
5F0O,A,E,../../GraPPI_data/PDB/new_dimer_db/5F0O.pdb,1.0
5F1K,A,C,../../GraPPI_data/PDB/new_dimer_db/5F1K.pdb,1.0
5F1O,A,B,../../GraPPI_data/PDB/new_dimer_db/5F1O.pdb,1.0
5F21,A,B,../../GraPPI_data/PDB/new_dimer_db/5F21.pdb,1.0
5F3Y,A,B,../../GraPPI_data/PDB/new_dimer_db/5F3Y.pdb,1.0
5F5T,A,C,../../GraPPI_data/PDB/new_dimer_db/5F5T.pdb,1.0
5F67,A,C,../../GraPPI_data/PDB/new_dimer_db/5F67.pdb,1.0
5F72,S,K,../../GraPPI_data/PDB/new_dimer_db/5F72.pdb,1.0
5F74,A,B,../../GraPPI_data/PDB/new_dimer_db/5F74.pdb,1.0
5F7L,B,A,../../GraPPI_data/PDB/new_dimer_db/5F7L.pdb,1.0
5F8Z,A,B,../../GraPPI_data/PDB/new_dimer_db/5F8Z.pdb,1.0
5F9D,A,C,../../GraPPI_data/PDB/new_dimer_db/5F9D.pdb,1.0
5FBR,A,B,../../GraPPI_data/PDB/new_dimer_db/5FBR.pdb,1.0
5FBY,A,B,../../GraPPI_data/PDB/new_dimer_db/5FBY.pdb,1.0
5FBZ,B,A,../../GraPPI_data/PDB/new_dimer_db/5FBZ.pdb,1.0
5FCG,A,C,../../GraPPI_data/PDB/new_dimer_db/5FCG.pdb,1.0
5FCS,H,L,../../GraPPI_data/PDB/new_dimer_db/5FCS.pdb,1.0
5FFG,A,B,../../GraPPI_data/PDB/new_dimer_db/5FFG.pdb,1.0
5FGK,A,B,../../GraPPI_data/PDB/new_dimer_db/5FGK.pdb,1.0
5FI1,A,B,../../GraPPI_data/PDB/new_dimer_db/5FI1.pdb,1.0
5FI4,A,B,../../GraPPI_data/PDB/new_dimer_db/5FI4.pdb,1.0
5FIR,B,A,../../GraPPI_data/PDB/new_dimer_db/5FIR.pdb,1.0
5FML,A,B,../../GraPPI_data/PDB/new_dimer_db/5FML.pdb,1.0
5FO7,A,B,../../GraPPI_data/PDB/new_dimer_db/5FO7.pdb,1.0
5FOS,A,C,../../GraPPI_data/PDB/new_dimer_db/5FOS.pdb,1.0
5FP2,A,B,../../GraPPI_data/PDB/new_dimer_db/5FP2.pdb,1.0
5FQ2,A,B,../../GraPPI_data/PDB/new_dimer_db/5FQ2.pdb,1.0
5FV8,A,E,../../GraPPI_data/PDB/new_dimer_db/5FV8.pdb,1.0
5FVD,B,A,../../GraPPI_data/PDB/new_dimer_db/5FVD.pdb,1.0
5FVL,D,A,../../GraPPI_data/PDB/new_dimer_db/5FVL.pdb,1.0
5FYQ,A,B,../../GraPPI_data/PDB/new_dimer_db/5FYQ.pdb,1.0
5G37,A,B,../../GraPPI_data/PDB/new_dimer_db/5G37.pdb,1.0
5GHS,A,C,../../GraPPI_data/PDB/new_dimer_db/5GHS.pdb,1.0
5GLF,B,A,../../GraPPI_data/PDB/new_dimer_db/5GLF.pdb,1.0
5GN0,A,E,../../GraPPI_data/PDB/new_dimer_db/5GN0.pdb,1.0
5GNA,A,B,../../GraPPI_data/PDB/new_dimer_db/5GNA.pdb,1.0
5GNV,A,B,../../GraPPI_data/PDB/new_dimer_db/5GNV.pdb,1.0
5GP7,A,B,../../GraPPI_data/PDB/new_dimer_db/5GP7.pdb,1.0
5GPY,A,B,../../GraPPI_data/PDB/new_dimer_db/5GPY.pdb,1.0
5GR8,A,J,../../GraPPI_data/PDB/new_dimer_db/5GR8.pdb,1.0
5GTN,A,B,../../GraPPI_data/PDB/new_dimer_db/5GTN.pdb,1.0
5GTU,A,B,../../GraPPI_data/PDB/new_dimer_db/5GTU.pdb,1.0
5GUW,B,A,../../GraPPI_data/PDB/new_dimer_db/5GUW.pdb,1.0
5GXW,A,B,../../GraPPI_data/PDB/new_dimer_db/5GXW.pdb,1.0
5GZT,A,B,../../GraPPI_data/PDB/new_dimer_db/5GZT.pdb,1.0
5H1E,A,C,../../GraPPI_data/PDB/new_dimer_db/5H1E.pdb,1.0
5H2W,B,A,../../GraPPI_data/PDB/new_dimer_db/5H2W.pdb,1.0
5H2X,A,B,../../GraPPI_data/PDB/new_dimer_db/5H2X.pdb,1.0
5H5J,B,A,../../GraPPI_data/PDB/new_dimer_db/5H5J.pdb,1.0
5H5Q,A,B,../../GraPPI_data/PDB/new_dimer_db/5H5Q.pdb,1.0
5H5R,A,B,../../GraPPI_data/PDB/new_dimer_db/5H5R.pdb,1.0
5H5S,A,B,../../GraPPI_data/PDB/new_dimer_db/5H5S.pdb,1.0
5H7L,B,G,../../GraPPI_data/PDB/new_dimer_db/5H7L.pdb,1.0
5H92,A,C,../../GraPPI_data/PDB/new_dimer_db/5H92.pdb,1.0
5HAS,D,A,../../GraPPI_data/PDB/new_dimer_db/5HAS.pdb,1.0
5HAX,A,B,../../GraPPI_data/PDB/new_dimer_db/5HAX.pdb,1.0
5HB0,C,G,../../GraPPI_data/PDB/new_dimer_db/5HB0.pdb,1.0
5HB3,B,A,../../GraPPI_data/PDB/new_dimer_db/5HB3.pdb,1.0
5HCG,H,L,../../GraPPI_data/PDB/new_dimer_db/5HCG.pdb,1.0
5HDB,A,B,../../GraPPI_data/PDB/new_dimer_db/5HDB.pdb,1.0
5HE9,A,E,../../GraPPI_data/PDB/new_dimer_db/5HE9.pdb,1.0
5HFT,A,C,../../GraPPI_data/PDB/new_dimer_db/5HFT.pdb,1.0
5HHG,C,E,../../GraPPI_data/PDB/new_dimer_db/5HHG.pdb,1.0
5HIT,A,B,../../GraPPI_data/PDB/new_dimer_db/5HIT.pdb,1.0
5HKQ,A,I,../../GraPPI_data/PDB/new_dimer_db/5HKQ.pdb,1.0
5HKZ,A,B,../../GraPPI_data/PDB/new_dimer_db/5HKZ.pdb,1.0
5HM1,B,E,../../GraPPI_data/PDB/new_dimer_db/5HM1.pdb,1.0
5HPT,A,B,../../GraPPI_data/PDB/new_dimer_db/5HPT.pdb,1.0
5HQ8,A,I,../../GraPPI_data/PDB/new_dimer_db/5HQ8.pdb,1.0
5HXG,B,A,../../GraPPI_data/PDB/new_dimer_db/5HXG.pdb,1.0
5HY3,A,B,../../GraPPI_data/PDB/new_dimer_db/5HY3.pdb,1.0
5HY7,D,A,../../GraPPI_data/PDB/new_dimer_db/5HY7.pdb,1.0
5HYP,A,B,../../GraPPI_data/PDB/new_dimer_db/5HYP.pdb,1.0
5HYW,A,B,../../GraPPI_data/PDB/new_dimer_db/5HYW.pdb,1.0
5HYX,B,A,../../GraPPI_data/PDB/new_dimer_db/5HYX.pdb,1.0
5HZ0,B,A,../../GraPPI_data/PDB/new_dimer_db/5HZ0.pdb,1.0
5HZ1,B,A,../../GraPPI_data/PDB/new_dimer_db/5HZ1.pdb,1.0
5HZ3,B,A,../../GraPPI_data/PDB/new_dimer_db/5HZ3.pdb,1.0
5HZK,B,A,../../GraPPI_data/PDB/new_dimer_db/5HZK.pdb,1.0
5I4H,A,B,../../GraPPI_data/PDB/new_dimer_db/5I4H.pdb,1.0
5IAW,A,C,../../GraPPI_data/PDB/new_dimer_db/5IAW.pdb,1.0
5ICK,D,A,../../GraPPI_data/PDB/new_dimer_db/5ICK.pdb,1.0
5IFH,H,L,../../GraPPI_data/PDB/new_dimer_db/5IFH.pdb,1.0
5IH2,M,A,../../GraPPI_data/PDB/new_dimer_db/5IH2.pdb,1.0
5IHL,B,A,../../GraPPI_data/PDB/new_dimer_db/5IHL.pdb,1.0
5II0,D,A,../../GraPPI_data/PDB/new_dimer_db/5II0.pdb,1.0
5IIB,A,B,../../GraPPI_data/PDB/new_dimer_db/5IIB.pdb,1.0
5IKF,A,B,../../GraPPI_data/PDB/new_dimer_db/5IKF.pdb,1.0
5IKJ,A,B,../../GraPPI_data/PDB/new_dimer_db/5IKJ.pdb,1.0
5IQN,B,A,../../GraPPI_data/PDB/new_dimer_db/5IQN.pdb,1.0
5IQO,B,A,../../GraPPI_data/PDB/new_dimer_db/5IQO.pdb,1.0
5IWB,A,B,../../GraPPI_data/PDB/new_dimer_db/5IWB.pdb,1.0
5IXI,A,B,../../GraPPI_data/PDB/new_dimer_db/5IXI.pdb,1.0
5IYV,A,B,../../GraPPI_data/PDB/new_dimer_db/5IYV.pdb,1.0
5IZ0,A,C,../../GraPPI_data/PDB/new_dimer_db/5IZ0.pdb,1.0
5IZ8,A,B,../../GraPPI_data/PDB/new_dimer_db/5IZ8.pdb,1.0
5J03,A,B,../../GraPPI_data/PDB/new_dimer_db/5J03.pdb,1.0
5J0L,B,A,../../GraPPI_data/PDB/new_dimer_db/5J0L.pdb,1.0
5J1M,B,A,../../GraPPI_data/PDB/new_dimer_db/5J1M.pdb,1.0
5J3N,A,B,../../GraPPI_data/PDB/new_dimer_db/5J3N.pdb,1.0
5J3Q,B,A,../../GraPPI_data/PDB/new_dimer_db/5J3Q.pdb,1.0
5J3V,B,D,../../GraPPI_data/PDB/new_dimer_db/5J3V.pdb,1.0
5J3Y,A,B,../../GraPPI_data/PDB/new_dimer_db/5J3Y.pdb,1.0
5J4S,A,B,../../GraPPI_data/PDB/new_dimer_db/5J4S.pdb,1.0
5J5C,A,B,../../GraPPI_data/PDB/new_dimer_db/5J5C.pdb,1.0
5JA2,A,B,../../GraPPI_data/PDB/new_dimer_db/5JA2.pdb,1.0
5JA8,B,A,../../GraPPI_data/PDB/new_dimer_db/5JA8.pdb,1.0
5JA9,A,C,../../GraPPI_data/PDB/new_dimer_db/5JA9.pdb,1.0
5JCY,A,B,../../GraPPI_data/PDB/new_dimer_db/5JCY.pdb,1.0
5JCZ,B,A,../../GraPPI_data/PDB/new_dimer_db/5JCZ.pdb,1.0
5JEK,A,C,../../GraPPI_data/PDB/new_dimer_db/5JEK.pdb,1.0
5JEL,A,B,../../GraPPI_data/PDB/new_dimer_db/5JEL.pdb,1.0
5JEN,B,A,../../GraPPI_data/PDB/new_dimer_db/5JEN.pdb,1.0
5JER,D,C,../../GraPPI_data/PDB/new_dimer_db/5JER.pdb,1.0
5JFI,A,C,../../GraPPI_data/PDB/new_dimer_db/5JFI.pdb,1.0
5JFZ,B,A,../../GraPPI_data/PDB/new_dimer_db/5JFZ.pdb,1.0
5JHH,B,A,../../GraPPI_data/PDB/new_dimer_db/5JHH.pdb,1.0
5JJW,A,B,../../GraPPI_data/PDB/new_dimer_db/5JJW.pdb,1.0
5JKT,D,B,../../GraPPI_data/PDB/new_dimer_db/5JKT.pdb,1.0
5JMO,B,D,../../GraPPI_data/PDB/new_dimer_db/5JMO.pdb,1.0
5JNO,A,B,../../GraPPI_data/PDB/new_dimer_db/5JNO.pdb,1.0
5JP2,A,E,../../GraPPI_data/PDB/new_dimer_db/5JP2.pdb,1.0
5JP3,B,A,../../GraPPI_data/PDB/new_dimer_db/5JP3.pdb,1.0
5JP4,A,B,../../GraPPI_data/PDB/new_dimer_db/5JP4.pdb,1.0
5JQH,A,C,../../GraPPI_data/PDB/new_dimer_db/5JQH.pdb,1.0
5JQP,A,B,../../GraPPI_data/PDB/new_dimer_db/5JQP.pdb,1.0
5JQS,A,D,../../GraPPI_data/PDB/new_dimer_db/5JQS.pdb,1.0
5JR2,A,E,../../GraPPI_data/PDB/new_dimer_db/5JR2.pdb,1.0
5JR4,A,B,../../GraPPI_data/PDB/new_dimer_db/5JR4.pdb,1.0
5JTV,A,B,../../GraPPI_data/PDB/new_dimer_db/5JTV.pdb,1.0
5JVL,B,C,../../GraPPI_data/PDB/new_dimer_db/5JVL.pdb,1.0
5JWO,A,B,../../GraPPI_data/PDB/new_dimer_db/5JWO.pdb,1.0
5JYQ,A,B,../../GraPPI_data/PDB/new_dimer_db/5JYQ.pdb,1.0
5JZ8,A,B,../../GraPPI_data/PDB/new_dimer_db/5JZ8.pdb,1.0
5JZU,A,B,../../GraPPI_data/PDB/new_dimer_db/5JZU.pdb,1.0
5K04,A,B,../../GraPPI_data/PDB/new_dimer_db/5K04.pdb,1.0
5K1B,B,A,../../GraPPI_data/PDB/new_dimer_db/5K1B.pdb,1.0
5K35,A,B,../../GraPPI_data/PDB/new_dimer_db/5K35.pdb,1.0
5K39,A,B,../../GraPPI_data/PDB/new_dimer_db/5K39.pdb,1.0
5K3Y,D,A,../../GraPPI_data/PDB/new_dimer_db/5K3Y.pdb,1.0
5K6S,A,B,../../GraPPI_data/PDB/new_dimer_db/5K6S.pdb,1.0
5KIS,A,B,../../GraPPI_data/PDB/new_dimer_db/5KIS.pdb,1.0
5KMX,A,D,../../GraPPI_data/PDB/new_dimer_db/5KMX.pdb,1.0
5KNH,D,I,../../GraPPI_data/PDB/new_dimer_db/5KNH.pdb,1.0
5KP8,A,B,../../GraPPI_data/PDB/new_dimer_db/5KP8.pdb,1.0
5KYY,A,B,../../GraPPI_data/PDB/new_dimer_db/5KYY.pdb,1.0
5L04,A,B,../../GraPPI_data/PDB/new_dimer_db/5L04.pdb,1.0
5L0W,B,A,../../GraPPI_data/PDB/new_dimer_db/5L0W.pdb,1.0
5L0Y,A,D,../../GraPPI_data/PDB/new_dimer_db/5L0Y.pdb,1.0
5L20,A,B,../../GraPPI_data/PDB/new_dimer_db/5L20.pdb,1.0
5L23,A,B,../../GraPPI_data/PDB/new_dimer_db/5L23.pdb,1.0
5L2D,A,C,../../GraPPI_data/PDB/new_dimer_db/5L2D.pdb,1.0
5L6W,L,C,../../GraPPI_data/PDB/new_dimer_db/5L6W.pdb,1.0
5L7E,A,B,../../GraPPI_data/PDB/new_dimer_db/5L7E.pdb,1.0
5L7G,A,B,../../GraPPI_data/PDB/new_dimer_db/5L7G.pdb,1.0
5L7H,A,B,../../GraPPI_data/PDB/new_dimer_db/5L7H.pdb,1.0
5L8L,A,B,../../GraPPI_data/PDB/new_dimer_db/5L8L.pdb,1.0
5L9B,A,C,../../GraPPI_data/PDB/new_dimer_db/5L9B.pdb,1.0
5L9V,A,C,../../GraPPI_data/PDB/new_dimer_db/5L9V.pdb,1.0
5L9W,A,C,../../GraPPI_data/PDB/new_dimer_db/5L9W.pdb,1.0
5LA9,A,C,../../GraPPI_data/PDB/new_dimer_db/5LA9.pdb,1.0
5LDA,A,B,../../GraPPI_data/PDB/new_dimer_db/5LDA.pdb,1.0
5LGD,A,B,../../GraPPI_data/PDB/new_dimer_db/5LGD.pdb,1.0
5LHQ,A,B,../../GraPPI_data/PDB/new_dimer_db/5LHQ.pdb,1.0
5LHR,A,B,../../GraPPI_data/PDB/new_dimer_db/5LHR.pdb,1.0
5LHZ,D,A,../../GraPPI_data/PDB/new_dimer_db/5LHZ.pdb,1.0
5LIH,F,A,../../GraPPI_data/PDB/new_dimer_db/5LIH.pdb,1.0
5LJN,A,B,../../GraPPI_data/PDB/new_dimer_db/5LJN.pdb,1.0
5LM1,A,B,../../GraPPI_data/PDB/new_dimer_db/5LM1.pdb,1.0
5LM5,A,C,../../GraPPI_data/PDB/new_dimer_db/5LM5.pdb,1.0
5LMF,D,A,../../GraPPI_data/PDB/new_dimer_db/5LMF.pdb,1.0
5LMG,D,A,../../GraPPI_data/PDB/new_dimer_db/5LMG.pdb,1.0
5LON,A,B,../../GraPPI_data/PDB/new_dimer_db/5LON.pdb,1.0
5LRX,A,B,../../GraPPI_data/PDB/new_dimer_db/5LRX.pdb,1.0
5LSB,B,A,../../GraPPI_data/PDB/new_dimer_db/5LSB.pdb,1.0
5LSI,D,E,../../GraPPI_data/PDB/new_dimer_db/5LSI.pdb,1.0
5LSL,A,E,../../GraPPI_data/PDB/new_dimer_db/5LSL.pdb,1.0
5LUT,J,K,../../GraPPI_data/PDB/new_dimer_db/5LUT.pdb,1.0
5LWF,A,C,../../GraPPI_data/PDB/new_dimer_db/5LWF.pdb,1.0
5LXH,A,E,../../GraPPI_data/PDB/new_dimer_db/5LXH.pdb,1.0
5LXR,A,B,../../GraPPI_data/PDB/new_dimer_db/5LXR.pdb,1.0
5LXY,D,A,../../GraPPI_data/PDB/new_dimer_db/5LXY.pdb,1.0
5LY3,A,B,../../GraPPI_data/PDB/new_dimer_db/5LY3.pdb,1.0
5M0Y,B,A,../../GraPPI_data/PDB/new_dimer_db/5M0Y.pdb,1.0
5M13,A,B,../../GraPPI_data/PDB/new_dimer_db/5M13.pdb,1.0
5M14,A,C,../../GraPPI_data/PDB/new_dimer_db/5M14.pdb,1.0
5M15,B,D,../../GraPPI_data/PDB/new_dimer_db/5M15.pdb,1.0
5M2O,A,B,../../GraPPI_data/PDB/new_dimer_db/5M2O.pdb,1.0
5M6Y,A,B,../../GraPPI_data/PDB/new_dimer_db/5M6Y.pdb,1.0
5M95,B,A,../../GraPPI_data/PDB/new_dimer_db/5M95.pdb,1.0
5MB9,D,A,../../GraPPI_data/PDB/new_dimer_db/5MB9.pdb,1.0
5MCQ,A,D,../../GraPPI_data/PDB/new_dimer_db/5MCQ.pdb,1.0
5MFD,B,A,../../GraPPI_data/PDB/new_dimer_db/5MFD.pdb,1.0
5MG8,B,A,../../GraPPI_data/PDB/new_dimer_db/5MG8.pdb,1.0
5MJE,A,B,../../GraPPI_data/PDB/new_dimer_db/5MJE.pdb,1.0
5MK1,A,E,../../GraPPI_data/PDB/new_dimer_db/5MK1.pdb,1.0
5MK2,B,C,../../GraPPI_data/PDB/new_dimer_db/5MK2.pdb,1.0
5MS2,A,B,../../GraPPI_data/PDB/new_dimer_db/5MS2.pdb,1.0
5MU7,A,B,../../GraPPI_data/PDB/new_dimer_db/5MU7.pdb,1.0
5MVI,A,B,../../GraPPI_data/PDB/new_dimer_db/5MVI.pdb,1.0
5MYA,A,B,../../GraPPI_data/PDB/new_dimer_db/5MYA.pdb,1.0
5MZA,A,B,../../GraPPI_data/PDB/new_dimer_db/5MZA.pdb,1.0
5N22,A,B,../../GraPPI_data/PDB/new_dimer_db/5N22.pdb,1.0
5N38,A,B,../../GraPPI_data/PDB/new_dimer_db/5N38.pdb,1.0
5N4D,A,C,../../GraPPI_data/PDB/new_dimer_db/5N4D.pdb,1.0
5N4E,A,C,../../GraPPI_data/PDB/new_dimer_db/5N4E.pdb,1.0
5N7E,A,B,../../GraPPI_data/PDB/new_dimer_db/5N7E.pdb,1.0
5N7G,A,B,../../GraPPI_data/PDB/new_dimer_db/5N7G.pdb,1.0
5N7P,A,B,../../GraPPI_data/PDB/new_dimer_db/5N7P.pdb,1.0
5N85,A,B,../../GraPPI_data/PDB/new_dimer_db/5N85.pdb,1.0
5N92,A,F,../../GraPPI_data/PDB/new_dimer_db/5N92.pdb,1.0
5NAF,A,E,../../GraPPI_data/PDB/new_dimer_db/5NAF.pdb,1.0
5NBT,B,A,../../GraPPI_data/PDB/new_dimer_db/5NBT.pdb,1.0
5NCM,A,B,../../GraPPI_data/PDB/new_dimer_db/5NCM.pdb,1.0
5NH2,A,B,../../GraPPI_data/PDB/new_dimer_db/5NH2.pdb,1.0
5NIN,D,B,../../GraPPI_data/PDB/new_dimer_db/5NIN.pdb,1.0
5NJK,A,F,../../GraPPI_data/PDB/new_dimer_db/5NJK.pdb,1.0
5NKM,B,A,../../GraPPI_data/PDB/new_dimer_db/5NKM.pdb,1.0
5NKP,D,A,../../GraPPI_data/PDB/new_dimer_db/5NKP.pdb,1.0
5NKZ,A,C,../../GraPPI_data/PDB/new_dimer_db/5NKZ.pdb,1.0
5NPJ,B,E,../../GraPPI_data/PDB/new_dimer_db/5NPJ.pdb,1.0
5NPW,B,A,../../GraPPI_data/PDB/new_dimer_db/5NPW.pdb,1.0
5NRO,A,B,../../GraPPI_data/PDB/new_dimer_db/5NRO.pdb,1.0
5NTW,B,Q,../../GraPPI_data/PDB/new_dimer_db/5NTW.pdb,1.0
5NVC,A,C,../../GraPPI_data/PDB/new_dimer_db/5NVC.pdb,1.0
5O02,A,C,../../GraPPI_data/PDB/new_dimer_db/5O02.pdb,1.0
5O3U,L,A,../../GraPPI_data/PDB/new_dimer_db/5O3U.pdb,1.0
5O4Y,D,B,../../GraPPI_data/PDB/new_dimer_db/5O4Y.pdb,1.0
5O85,B,A,../../GraPPI_data/PDB/new_dimer_db/5O85.pdb,1.0
5O8K,A,B,../../GraPPI_data/PDB/new_dimer_db/5O8K.pdb,1.0
5O9E,A,B,../../GraPPI_data/PDB/new_dimer_db/5O9E.pdb,1.0
5OAK,B,A,../../GraPPI_data/PDB/new_dimer_db/5OAK.pdb,1.0
5OAV,C,D,../../GraPPI_data/PDB/new_dimer_db/5OAV.pdb,1.0
5OB0,A,B,../../GraPPI_data/PDB/new_dimer_db/5OB0.pdb,1.0
5OB1,A,B,../../GraPPI_data/PDB/new_dimer_db/5OB1.pdb,1.0
5OCL,B,A,../../GraPPI_data/PDB/new_dimer_db/5OCL.pdb,1.0
5ODS,A,E,../../GraPPI_data/PDB/new_dimer_db/5ODS.pdb,1.0
5ODT,A,B,../../GraPPI_data/PDB/new_dimer_db/5ODT.pdb,1.0
5OE7,A,B,../../GraPPI_data/PDB/new_dimer_db/5OE7.pdb,1.0
5OED,A,B,../../GraPPI_data/PDB/new_dimer_db/5OED.pdb,1.0
5OGI,A,B,../../GraPPI_data/PDB/new_dimer_db/5OGI.pdb,1.0
5OJR,A,E,../../GraPPI_data/PDB/new_dimer_db/5OJR.pdb,1.0
5OK6,D,A,../../GraPPI_data/PDB/new_dimer_db/5OK6.pdb,1.0
5OL0,A,B,../../GraPPI_data/PDB/new_dimer_db/5OL0.pdb,1.0
5ONB,A,B,../../GraPPI_data/PDB/new_dimer_db/5ONB.pdb,1.0
5ONS,A,B,../../GraPPI_data/PDB/new_dimer_db/5ONS.pdb,1.0
5OOQ,A,C,../../GraPPI_data/PDB/new_dimer_db/5OOQ.pdb,1.0
5OP1,A,B,../../GraPPI_data/PDB/new_dimer_db/5OP1.pdb,1.0
5OQQ,A,C,../../GraPPI_data/PDB/new_dimer_db/5OQQ.pdb,1.0
5OQR,A,C,../../GraPPI_data/PDB/new_dimer_db/5OQR.pdb,1.0
5OSG,h,P,../../GraPPI_data/PDB/new_dimer_db/5OSG.pdb,1.0
5OTT,A,B,../../GraPPI_data/PDB/new_dimer_db/5OTT.pdb,1.0
5OWU,A,B,../../GraPPI_data/PDB/new_dimer_db/5OWU.pdb,1.0
5OXW,H,A,../../GraPPI_data/PDB/new_dimer_db/5OXW.pdb,1.0
5OXZ,A,B,../../GraPPI_data/PDB/new_dimer_db/5OXZ.pdb,1.0
5Q0I,A,B,../../GraPPI_data/PDB/new_dimer_db/5Q0I.pdb,1.0
5Q0T,A,B,../../GraPPI_data/PDB/new_dimer_db/5Q0T.pdb,1.0
5Q0U,B,A,../../GraPPI_data/PDB/new_dimer_db/5Q0U.pdb,1.0
5Q10,A,B,../../GraPPI_data/PDB/new_dimer_db/5Q10.pdb,1.0
5Q12,A,B,../../GraPPI_data/PDB/new_dimer_db/5Q12.pdb,1.0
5Q1D,B,A,../../GraPPI_data/PDB/new_dimer_db/5Q1D.pdb,1.0
5SUP,B,G,../../GraPPI_data/PDB/new_dimer_db/5SUP.pdb,1.0
5SVH,A,B,../../GraPPI_data/PDB/new_dimer_db/5SVH.pdb,1.0
5SVI,A,B,../../GraPPI_data/PDB/new_dimer_db/5SVI.pdb,1.0
5SVX,A,B,../../GraPPI_data/PDB/new_dimer_db/5SVX.pdb,1.0
5SVY,A,B,../../GraPPI_data/PDB/new_dimer_db/5SVY.pdb,1.0
5SW9,A,B,../../GraPPI_data/PDB/new_dimer_db/5SW9.pdb,1.0
5T0K,A,P,../../GraPPI_data/PDB/new_dimer_db/5T0K.pdb,1.0
5T0Q,A,B,../../GraPPI_data/PDB/new_dimer_db/5T0Q.pdb,1.0
5T20,A,B,../../GraPPI_data/PDB/new_dimer_db/5T20.pdb,1.0
5T3R,A,D,../../GraPPI_data/PDB/new_dimer_db/5T3R.pdb,1.0
5T46,B,A,../../GraPPI_data/PDB/new_dimer_db/5T46.pdb,1.0
5T47,B,A,../../GraPPI_data/PDB/new_dimer_db/5T47.pdb,1.0
5T48,A,B,../../GraPPI_data/PDB/new_dimer_db/5T48.pdb,1.0
5T51,A,B,../../GraPPI_data/PDB/new_dimer_db/5T51.pdb,1.0
5T7L,A,B,../../GraPPI_data/PDB/new_dimer_db/5T7L.pdb,1.0
5T7R,B,A,../../GraPPI_data/PDB/new_dimer_db/5T7R.pdb,1.0
5T86,A,I,../../GraPPI_data/PDB/new_dimer_db/5T86.pdb,1.0
5T87,A,E,../../GraPPI_data/PDB/new_dimer_db/5T87.pdb,1.0
5T94,A,B,../../GraPPI_data/PDB/new_dimer_db/5T94.pdb,1.0
5TB5,B,A,../../GraPPI_data/PDB/new_dimer_db/5TB5.pdb,1.0
5TBK,A,J,../../GraPPI_data/PDB/new_dimer_db/5TBK.pdb,1.0
5TDR,A,B,../../GraPPI_data/PDB/new_dimer_db/5TDR.pdb,1.0
5TDW,A,B,../../GraPPI_data/PDB/new_dimer_db/5TDW.pdb,1.0
5TO3,A,B,../../GraPPI_data/PDB/new_dimer_db/5TO3.pdb,1.0
5TP1,A,P,../../GraPPI_data/PDB/new_dimer_db/5TP1.pdb,1.0
5TQB,A,B,../../GraPPI_data/PDB/new_dimer_db/5TQB.pdb,1.0
5TUU,A,B,../../GraPPI_data/PDB/new_dimer_db/5TUU.pdb,1.0
5TWO,A,B,../../GraPPI_data/PDB/new_dimer_db/5TWO.pdb,1.0
5TXE,A,C,../../GraPPI_data/PDB/new_dimer_db/5TXE.pdb,1.0
5U0R,H,L,../../GraPPI_data/PDB/new_dimer_db/5U0R.pdb,1.0
5U1T,A,B,../../GraPPI_data/PDB/new_dimer_db/5U1T.pdb,1.0
5U5R,A,B,../../GraPPI_data/PDB/new_dimer_db/5U5R.pdb,1.0
5U89,A,B,../../GraPPI_data/PDB/new_dimer_db/5U89.pdb,1.0
5U9M,B,A,../../GraPPI_data/PDB/new_dimer_db/5U9M.pdb,1.0
5UA5,A,B,../../GraPPI_data/PDB/new_dimer_db/5UA5.pdb,1.0
5UB5,A,B,../../GraPPI_data/PDB/new_dimer_db/5UB5.pdb,1.0
5UDH,A,C,../../GraPPI_data/PDB/new_dimer_db/5UDH.pdb,1.0
5UIW,A,B,../../GraPPI_data/PDB/new_dimer_db/5UIW.pdb,1.0
5UL6,A,M,../../GraPPI_data/PDB/new_dimer_db/5UL6.pdb,1.0
5ULF,B,A,../../GraPPI_data/PDB/new_dimer_db/5ULF.pdb,1.0
5UMM,B,A,../../GraPPI_data/PDB/new_dimer_db/5UMM.pdb,1.0
5UN6,F,B,../../GraPPI_data/PDB/new_dimer_db/5UN6.pdb,1.0
5UNI,A,B,../../GraPPI_data/PDB/new_dimer_db/5UNI.pdb,1.0
5UPL,A,B,../../GraPPI_data/PDB/new_dimer_db/5UPL.pdb,1.0
5UQ2,A,B,../../GraPPI_data/PDB/new_dimer_db/5UQ2.pdb,1.0
5USF,D,A,../../GraPPI_data/PDB/new_dimer_db/5USF.pdb,1.0
5UUK,A,B,../../GraPPI_data/PDB/new_dimer_db/5UUK.pdb,1.0
5UUM,A,C,../../GraPPI_data/PDB/new_dimer_db/5UUM.pdb,1.0
5UW7,A,B,../../GraPPI_data/PDB/new_dimer_db/5UW7.pdb,1.0
5UXX,B,A,../../GraPPI_data/PDB/new_dimer_db/5UXX.pdb,1.0
5V1T,A,B,../../GraPPI_data/PDB/new_dimer_db/5V1T.pdb,1.0
5V1U,A,E,../../GraPPI_data/PDB/new_dimer_db/5V1U.pdb,1.0
5V1V,A,C,../../GraPPI_data/PDB/new_dimer_db/5V1V.pdb,1.0
5V2P,A,B,../../GraPPI_data/PDB/new_dimer_db/5V2P.pdb,1.0
5V2Q,A,B,../../GraPPI_data/PDB/new_dimer_db/5V2Q.pdb,1.0
5V3R,A,B,../../GraPPI_data/PDB/new_dimer_db/5V3R.pdb,1.0
5V61,A,I,../../GraPPI_data/PDB/new_dimer_db/5V61.pdb,1.0
5V6Y,C,G,../../GraPPI_data/PDB/new_dimer_db/5V6Y.pdb,1.0
5V7P,A,D,../../GraPPI_data/PDB/new_dimer_db/5V7P.pdb,1.0
5V7X,A,B,../../GraPPI_data/PDB/new_dimer_db/5V7X.pdb,1.0
5V8W,B,A,../../GraPPI_data/PDB/new_dimer_db/5V8W.pdb,1.0
5V90,A,B,../../GraPPI_data/PDB/new_dimer_db/5V90.pdb,1.0
5VA6,A,C,../../GraPPI_data/PDB/new_dimer_db/5VA6.pdb,1.0
5VA9,A,C,../../GraPPI_data/PDB/new_dimer_db/5VA9.pdb,1.0
5VAB,A,F,../../GraPPI_data/PDB/new_dimer_db/5VAB.pdb,1.0
5VAE,B,A,../../GraPPI_data/PDB/new_dimer_db/5VAE.pdb,1.0
5VAH,A,C,../../GraPPI_data/PDB/new_dimer_db/5VAH.pdb,1.0
5VAK,A,B,../../GraPPI_data/PDB/new_dimer_db/5VAK.pdb,1.0
5VAN,A,B,../../GraPPI_data/PDB/new_dimer_db/5VAN.pdb,1.0
5VAO,F,A,../../GraPPI_data/PDB/new_dimer_db/5VAO.pdb,1.0
5VAP,D,A,../../GraPPI_data/PDB/new_dimer_db/5VAP.pdb,1.0
5VAY,A,E,../../GraPPI_data/PDB/new_dimer_db/5VAY.pdb,1.0
5VBC,A,C,../../GraPPI_data/PDB/new_dimer_db/5VBC.pdb,1.0
5VBL,A,B,../../GraPPI_data/PDB/new_dimer_db/5VBL.pdb,1.0
5VBN,B,A,../../GraPPI_data/PDB/new_dimer_db/5VBN.pdb,1.0
5VE8,A,C,../../GraPPI_data/PDB/new_dimer_db/5VE8.pdb,1.0
5VIP,B,A,../../GraPPI_data/PDB/new_dimer_db/5VIP.pdb,1.0
5VJ7,A,B,../../GraPPI_data/PDB/new_dimer_db/5VJ7.pdb,1.0
5VK0,B,A,../../GraPPI_data/PDB/new_dimer_db/5VK0.pdb,1.0
5VK1,B,A,../../GraPPI_data/PDB/new_dimer_db/5VK1.pdb,1.0
5VLA,A,Z,../../GraPPI_data/PDB/new_dimer_db/5VLA.pdb,1.0
5VMR,A,C,../../GraPPI_data/PDB/new_dimer_db/5VMR.pdb,1.0
5VNB,A,D,../../GraPPI_data/PDB/new_dimer_db/5VNB.pdb,1.0
5VPD,B,A,../../GraPPI_data/PDB/new_dimer_db/5VPD.pdb,1.0
5VTB,A,B,../../GraPPI_data/PDB/new_dimer_db/5VTB.pdb,1.0
5VTY,A,B,../../GraPPI_data/PDB/new_dimer_db/5VTY.pdb,1.0
5VWI,A,B,../../GraPPI_data/PDB/new_dimer_db/5VWI.pdb,1.0
5VWV,A,B,../../GraPPI_data/PDB/new_dimer_db/5VWV.pdb,1.0
5VXJ,B,A,../../GraPPI_data/PDB/new_dimer_db/5VXJ.pdb,1.0
5VXK,B,A,../../GraPPI_data/PDB/new_dimer_db/5VXK.pdb,1.0
5VXL,A,B,../../GraPPI_data/PDB/new_dimer_db/5VXL.pdb,1.0
5VXM,A,B,../../GraPPI_data/PDB/new_dimer_db/5VXM.pdb,1.0
5VZT,B,A,../../GraPPI_data/PDB/new_dimer_db/5VZT.pdb,1.0
5W4G,B,A,../../GraPPI_data/PDB/new_dimer_db/5W4G.pdb,1.0
5W6V,A,B,../../GraPPI_data/PDB/new_dimer_db/5W6V.pdb,1.0
5W7A,A,B,../../GraPPI_data/PDB/new_dimer_db/5W7A.pdb,1.0
5W7C,A,C,../../GraPPI_data/PDB/new_dimer_db/5W7C.pdb,1.0
5W7I,B,A,../../GraPPI_data/PDB/new_dimer_db/5W7I.pdb,1.0
5W7J,B,A,../../GraPPI_data/PDB/new_dimer_db/5W7J.pdb,1.0
5W83,A,B,../../GraPPI_data/PDB/new_dimer_db/5W83.pdb,1.0
5W93,D,A,../../GraPPI_data/PDB/new_dimer_db/5W93.pdb,1.0
5WAK,A,B,../../GraPPI_data/PDB/new_dimer_db/5WAK.pdb,1.0
5WB5,A,B,../../GraPPI_data/PDB/new_dimer_db/5WB5.pdb,1.0
5WBH,D,W,../../GraPPI_data/PDB/new_dimer_db/5WBH.pdb,1.0
5WEZ,A,B,../../GraPPI_data/PDB/new_dimer_db/5WEZ.pdb,1.0
5WFD,A,B,../../GraPPI_data/PDB/new_dimer_db/5WFD.pdb,1.0
5WFN,A,C,../../GraPPI_data/PDB/new_dimer_db/5WFN.pdb,1.0
5WHH,A,B,../../GraPPI_data/PDB/new_dimer_db/5WHH.pdb,1.0
5WJC,A,B,../../GraPPI_data/PDB/new_dimer_db/5WJC.pdb,1.0
5WMM,A,B,../../GraPPI_data/PDB/new_dimer_db/5WMM.pdb,1.0
5WN9,H,A,../../GraPPI_data/PDB/new_dimer_db/5WN9.pdb,1.0
5WP3,A,B,../../GraPPI_data/PDB/new_dimer_db/5WP3.pdb,1.0
5WQD,A,H,../../GraPPI_data/PDB/new_dimer_db/5WQD.pdb,1.0
5WRD,A,C,../../GraPPI_data/PDB/new_dimer_db/5WRD.pdb,1.0
5WSU,A,B,../../GraPPI_data/PDB/new_dimer_db/5WSU.pdb,1.0
5WSV,B,A,../../GraPPI_data/PDB/new_dimer_db/5WSV.pdb,1.0
5WTB,D,H,../../GraPPI_data/PDB/new_dimer_db/5WTB.pdb,1.0
5WTS,A,B,../../GraPPI_data/PDB/new_dimer_db/5WTS.pdb,1.0
5WUR,A,C,../../GraPPI_data/PDB/new_dimer_db/5WUR.pdb,1.0
5WWL,M,N,../../GraPPI_data/PDB/new_dimer_db/5WWL.pdb,1.0
5WWO,A,C,../../GraPPI_data/PDB/new_dimer_db/5WWO.pdb,1.0
5WXK,A,B,../../GraPPI_data/PDB/new_dimer_db/5WXK.pdb,1.0
5WXL,B,A,../../GraPPI_data/PDB/new_dimer_db/5WXL.pdb,1.0
5WXO,U,P,../../GraPPI_data/PDB/new_dimer_db/5WXO.pdb,1.0
5WY5,B,A,../../GraPPI_data/PDB/new_dimer_db/5WY5.pdb,1.0
5WY8,A,B,../../GraPPI_data/PDB/new_dimer_db/5WY8.pdb,1.0
5WYH,B,A,../../GraPPI_data/PDB/new_dimer_db/5WYH.pdb,1.0
5WYL,B,A,../../GraPPI_data/PDB/new_dimer_db/5WYL.pdb,1.0
5WZZ,A,G,../../GraPPI_data/PDB/new_dimer_db/5WZZ.pdb,1.0
5X20,C,D,../../GraPPI_data/PDB/new_dimer_db/5X20.pdb,1.0
5X42,B,A,../../GraPPI_data/PDB/new_dimer_db/5X42.pdb,1.0
5XA5,A,B,../../GraPPI_data/PDB/new_dimer_db/5XA5.pdb,1.0
5XAD,A,C,../../GraPPI_data/PDB/new_dimer_db/5XAD.pdb,1.0
5XBL,A,D,../../GraPPI_data/PDB/new_dimer_db/5XBL.pdb,1.0
5XBY,A,B,../../GraPPI_data/PDB/new_dimer_db/5XBY.pdb,1.0
5XED,A,C,../../GraPPI_data/PDB/new_dimer_db/5XED.pdb,1.0
5XHZ,A,C,../../GraPPI_data/PDB/new_dimer_db/5XHZ.pdb,1.0
5XJX,J,I,../../GraPPI_data/PDB/new_dimer_db/5XJX.pdb,1.0
5XPL,A,C,../../GraPPI_data/PDB/new_dimer_db/5XPL.pdb,1.0
5XPU,A,B,../../GraPPI_data/PDB/new_dimer_db/5XPU.pdb,1.0
5XRW,A,C,../../GraPPI_data/PDB/new_dimer_db/5XRW.pdb,1.0
5XV6,A,B,../../GraPPI_data/PDB/new_dimer_db/5XV6.pdb,1.0
5XW5,A,B,../../GraPPI_data/PDB/new_dimer_db/5XW5.pdb,1.0
5XXQ,D,A,../../GraPPI_data/PDB/new_dimer_db/5XXQ.pdb,1.0
5XZX,A,B,../../GraPPI_data/PDB/new_dimer_db/5XZX.pdb,1.0
5Y04,A,B,../../GraPPI_data/PDB/new_dimer_db/5Y04.pdb,1.0
5Y18,A,B,../../GraPPI_data/PDB/new_dimer_db/5Y18.pdb,1.0
5Y1J,A,U,../../GraPPI_data/PDB/new_dimer_db/5Y1J.pdb,1.0
5Y2Z,C,D,../../GraPPI_data/PDB/new_dimer_db/5Y2Z.pdb,1.0
5Y32,B,A,../../GraPPI_data/PDB/new_dimer_db/5Y32.pdb,1.0
5Y44,A,B,../../GraPPI_data/PDB/new_dimer_db/5Y44.pdb,1.0
5Y59,B,C,../../GraPPI_data/PDB/new_dimer_db/5Y59.pdb,1.0
5Y5A,A,B,../../GraPPI_data/PDB/new_dimer_db/5Y5A.pdb,1.0
5Y5W,A,B,../../GraPPI_data/PDB/new_dimer_db/5Y5W.pdb,1.0
5Y7W,A,C,../../GraPPI_data/PDB/new_dimer_db/5Y7W.pdb,1.0
5Y7Y,A,B,../../GraPPI_data/PDB/new_dimer_db/5Y7Y.pdb,1.0
5YA2,A,C,../../GraPPI_data/PDB/new_dimer_db/5YA2.pdb,1.0
5YAH,B,C,../../GraPPI_data/PDB/new_dimer_db/5YAH.pdb,1.0
5YBE,A,B,../../GraPPI_data/PDB/new_dimer_db/5YBE.pdb,1.0
5YBU,A,B,../../GraPPI_data/PDB/new_dimer_db/5YBU.pdb,1.0
5YC2,B,A,../../GraPPI_data/PDB/new_dimer_db/5YC2.pdb,1.0
5YCA,A,C,../../GraPPI_data/PDB/new_dimer_db/5YCA.pdb,1.0
5YD8,Y,X,../../GraPPI_data/PDB/new_dimer_db/5YD8.pdb,1.0
5YGD,A,D,../../GraPPI_data/PDB/new_dimer_db/5YGD.pdb,1.0
5YH3,A,C,../../GraPPI_data/PDB/new_dimer_db/5YH3.pdb,1.0
5YIQ,A,D,../../GraPPI_data/PDB/new_dimer_db/5YIQ.pdb,1.0
5YIX,A,B,../../GraPPI_data/PDB/new_dimer_db/5YIX.pdb,1.0
5YK5,B,A,../../GraPPI_data/PDB/new_dimer_db/5YK5.pdb,1.0
5YPO,B,C,../../GraPPI_data/PDB/new_dimer_db/5YPO.pdb,1.0
5YPR,A,B,../../GraPPI_data/PDB/new_dimer_db/5YPR.pdb,1.0
5YT0,A,B,../../GraPPI_data/PDB/new_dimer_db/5YT0.pdb,1.0
5YT6,F,E,../../GraPPI_data/PDB/new_dimer_db/5YT6.pdb,1.0
5YV5,A,B,../../GraPPI_data/PDB/new_dimer_db/5YV5.pdb,1.0
5YVI,A,B,../../GraPPI_data/PDB/new_dimer_db/5YVI.pdb,1.0
5YVV,B,A,../../GraPPI_data/PDB/new_dimer_db/5YVV.pdb,1.0
5YVY,A,B,../../GraPPI_data/PDB/new_dimer_db/5YVY.pdb,1.0
5YXD,A,B,../../GraPPI_data/PDB/new_dimer_db/5YXD.pdb,1.0
5YY0,A,B,../../GraPPI_data/PDB/new_dimer_db/5YY0.pdb,1.0
5YY9,A,C,../../GraPPI_data/PDB/new_dimer_db/5YY9.pdb,1.0
5Z0E,A,B,../../GraPPI_data/PDB/new_dimer_db/5Z0E.pdb,1.0
5Z1G,D,A,../../GraPPI_data/PDB/new_dimer_db/5Z1G.pdb,1.0
5Z2M,B,A,../../GraPPI_data/PDB/new_dimer_db/5Z2M.pdb,1.0
5Z2Q,B,C,../../GraPPI_data/PDB/new_dimer_db/5Z2Q.pdb,1.0
5Z51,A,B,../../GraPPI_data/PDB/new_dimer_db/5Z51.pdb,1.0
5Z5K,A,B,../../GraPPI_data/PDB/new_dimer_db/5Z5K.pdb,1.0
5Z5O,A,B,../../GraPPI_data/PDB/new_dimer_db/5Z5O.pdb,1.0
5Z5S,A,C,../../GraPPI_data/PDB/new_dimer_db/5Z5S.pdb,1.0
5Z6S,A,C,../../GraPPI_data/PDB/new_dimer_db/5Z6S.pdb,1.0
5Z8Y,A,B,../../GraPPI_data/PDB/new_dimer_db/5Z8Y.pdb,1.0
5ZGC,A,G,../../GraPPI_data/PDB/new_dimer_db/5ZGC.pdb,1.0
5ZHX,e,A,../../GraPPI_data/PDB/new_dimer_db/5ZHX.pdb,1.0
5ZJT,A,B,../../GraPPI_data/PDB/new_dimer_db/5ZJT.pdb,1.0
5ZJZ,A,B,../../GraPPI_data/PDB/new_dimer_db/5ZJZ.pdb,1.0
5ZK9,A,B,../../GraPPI_data/PDB/new_dimer_db/5ZK9.pdb,1.0
5ZKQ,A,B,../../GraPPI_data/PDB/new_dimer_db/5ZKQ.pdb,1.0
5ZMC,B,A,../../GraPPI_data/PDB/new_dimer_db/5ZMC.pdb,1.0
5ZNR,A,P,../../GraPPI_data/PDB/new_dimer_db/5ZNR.pdb,1.0
5ZOP,G,A,../../GraPPI_data/PDB/new_dimer_db/5ZOP.pdb,1.0
5ZQ4,B,C,../../GraPPI_data/PDB/new_dimer_db/5ZQ4.pdb,1.0
5ZRZ,A,B,../../GraPPI_data/PDB/new_dimer_db/5ZRZ.pdb,1.0
5ZT0,A,G,../../GraPPI_data/PDB/new_dimer_db/5ZT0.pdb,1.0
5ZTB,B,E,../../GraPPI_data/PDB/new_dimer_db/5ZTB.pdb,1.0
5ZUJ,A,I,../../GraPPI_data/PDB/new_dimer_db/5ZUJ.pdb,1.0
5ZUT,A,E,../../GraPPI_data/PDB/new_dimer_db/5ZUT.pdb,1.0
5ZWL,E,G,../../GraPPI_data/PDB/new_dimer_db/5ZWL.pdb,1.0
5ZYS,A,B,../../GraPPI_data/PDB/new_dimer_db/5ZYS.pdb,1.0
5ZZ9,A,E,../../GraPPI_data/PDB/new_dimer_db/5ZZ9.pdb,1.0
5ZZB,B,A,../../GraPPI_data/PDB/new_dimer_db/5ZZB.pdb,1.0
6A22,B,A,../../GraPPI_data/PDB/new_dimer_db/6A22.pdb,1.0
6A33,A,I,../../GraPPI_data/PDB/new_dimer_db/6A33.pdb,1.0
6A6W,A,B,../../GraPPI_data/PDB/new_dimer_db/6A6W.pdb,1.0
6A95,A,B,../../GraPPI_data/PDB/new_dimer_db/6A95.pdb,1.0
6A9X,D,A,../../GraPPI_data/PDB/new_dimer_db/6A9X.pdb,1.0
6AAW,A,B,../../GraPPI_data/PDB/new_dimer_db/6AAW.pdb,1.0
6ACI,A,H,../../GraPPI_data/PDB/new_dimer_db/6ACI.pdb,1.0
6AD9,A,B,../../GraPPI_data/PDB/new_dimer_db/6AD9.pdb,1.0
6AE8,A,C,../../GraPPI_data/PDB/new_dimer_db/6AE8.pdb,1.0
6AGO,A,C,../../GraPPI_data/PDB/new_dimer_db/6AGO.pdb,1.0
6AHY,A,B,../../GraPPI_data/PDB/new_dimer_db/6AHY.pdb,1.0
6ALX,A,B,../../GraPPI_data/PDB/new_dimer_db/6ALX.pdb,1.0
6AO0,L,H,../../GraPPI_data/PDB/new_dimer_db/6AO0.pdb,1.0
6AO5,A,B,../../GraPPI_data/PDB/new_dimer_db/6AO5.pdb,1.0
6APP,A,B,../../GraPPI_data/PDB/new_dimer_db/6APP.pdb,1.0
6APX,A,B,../../GraPPI_data/PDB/new_dimer_db/6APX.pdb,1.0
6ATG,B,A,../../GraPPI_data/PDB/new_dimer_db/6ATG.pdb,1.0
6ATV,A,M,../../GraPPI_data/PDB/new_dimer_db/6ATV.pdb,1.0
6AU8,A,C,../../GraPPI_data/PDB/new_dimer_db/6AU8.pdb,1.0
6AXG,A,B,../../GraPPI_data/PDB/new_dimer_db/6AXG.pdb,1.0
6B27,A,G,../../GraPPI_data/PDB/new_dimer_db/6B27.pdb,1.0
6B3X,A,B,../../GraPPI_data/PDB/new_dimer_db/6B3X.pdb,1.0
6B4E,D,B,../../GraPPI_data/PDB/new_dimer_db/6B4E.pdb,1.0
6B4F,B,C,../../GraPPI_data/PDB/new_dimer_db/6B4F.pdb,1.0
6B4G,B,A,../../GraPPI_data/PDB/new_dimer_db/6B4G.pdb,1.0
6B4H,D,C,../../GraPPI_data/PDB/new_dimer_db/6B4H.pdb,1.0
6B8P,B,A,../../GraPPI_data/PDB/new_dimer_db/6B8P.pdb,1.0
6B9H,A,B,../../GraPPI_data/PDB/new_dimer_db/6B9H.pdb,1.0
6BBO,A,D,../../GraPPI_data/PDB/new_dimer_db/6BBO.pdb,1.0
6BCB,F,A,../../GraPPI_data/PDB/new_dimer_db/6BCB.pdb,1.0
6BHE,A,B,../../GraPPI_data/PDB/new_dimer_db/6BHE.pdb,1.0
6BN1,A,B,../../GraPPI_data/PDB/new_dimer_db/6BN1.pdb,1.0
6BRP,B,A,../../GraPPI_data/PDB/new_dimer_db/6BRP.pdb,1.0
6BS5,A,B,../../GraPPI_data/PDB/new_dimer_db/6BS5.pdb,1.0
6BUH,E,F,../../GraPPI_data/PDB/new_dimer_db/6BUH.pdb,1.0
6BW3,B,C,../../GraPPI_data/PDB/new_dimer_db/6BW3.pdb,1.0
6BW4,B,C,../../GraPPI_data/PDB/new_dimer_db/6BW4.pdb,1.0
6BWB,A,B,../../GraPPI_data/PDB/new_dimer_db/6BWB.pdb,1.0
6BYN,W,M,../../GraPPI_data/PDB/new_dimer_db/6BYN.pdb,1.0
6BZG,B,A,../../GraPPI_data/PDB/new_dimer_db/6BZG.pdb,1.0
6BZX,A,B,../../GraPPI_data/PDB/new_dimer_db/6BZX.pdb,1.0
6C0B,A,B,../../GraPPI_data/PDB/new_dimer_db/6C0B.pdb,1.0
6C12,D,B,../../GraPPI_data/PDB/new_dimer_db/6C12.pdb,1.0
6C5W,A,E,../../GraPPI_data/PDB/new_dimer_db/6C5W.pdb,1.0
6C6K,B,D,../../GraPPI_data/PDB/new_dimer_db/6C6K.pdb,1.0
6C7Y,A,B,../../GraPPI_data/PDB/new_dimer_db/6C7Y.pdb,1.0
6CP0,A,B,../../GraPPI_data/PDB/new_dimer_db/6CP0.pdb,1.0
6CP8,A,C,../../GraPPI_data/PDB/new_dimer_db/6CP8.pdb,1.0
6CP9,B,A,../../GraPPI_data/PDB/new_dimer_db/6CP9.pdb,1.0
6CR1,L,H,../../GraPPI_data/PDB/new_dimer_db/6CR1.pdb,1.0
6CWX,A,B,../../GraPPI_data/PDB/new_dimer_db/6CWX.pdb,1.0
6CWY,C,D,../../GraPPI_data/PDB/new_dimer_db/6CWY.pdb,1.0
6CWZ,C,D,../../GraPPI_data/PDB/new_dimer_db/6CWZ.pdb,1.0
6CZA,B,A,../../GraPPI_data/PDB/new_dimer_db/6CZA.pdb,1.0
6CZQ,B,R,../../GraPPI_data/PDB/new_dimer_db/6CZQ.pdb,1.0
6D0I,B,A,../../GraPPI_data/PDB/new_dimer_db/6D0I.pdb,1.0
6D1U,B,E,../../GraPPI_data/PDB/new_dimer_db/6D1U.pdb,1.0
6D65,B,A,../../GraPPI_data/PDB/new_dimer_db/6D65.pdb,1.0
6D67,A,B,../../GraPPI_data/PDB/new_dimer_db/6D67.pdb,1.0
6DAF,A,C,../../GraPPI_data/PDB/new_dimer_db/6DAF.pdb,1.0
6DEX,A,B,../../GraPPI_data/PDB/new_dimer_db/6DEX.pdb,1.0
6DFL,A,B,../../GraPPI_data/PDB/new_dimer_db/6DFL.pdb,1.0
6DGP,A,C,../../GraPPI_data/PDB/new_dimer_db/6DGP.pdb,1.0
6DKM,B,A,../../GraPPI_data/PDB/new_dimer_db/6DKM.pdb,1.0
6DKS,C,D,../../GraPPI_data/PDB/new_dimer_db/6DKS.pdb,1.0
6DLM,A,B,../../GraPPI_data/PDB/new_dimer_db/6DLM.pdb,1.0
6DM9,B,A,../../GraPPI_data/PDB/new_dimer_db/6DM9.pdb,1.0
6DMA,A,B,../../GraPPI_data/PDB/new_dimer_db/6DMA.pdb,1.0
6DN7,A,C,../../GraPPI_data/PDB/new_dimer_db/6DN7.pdb,1.0
6DRH,B,A,../../GraPPI_data/PDB/new_dimer_db/6DRH.pdb,1.0
6DSZ,A,C,../../GraPPI_data/PDB/new_dimer_db/6DSZ.pdb,1.0
6DTA,A,B,../../GraPPI_data/PDB/new_dimer_db/6DTA.pdb,1.0
6DXO,A,D,../../GraPPI_data/PDB/new_dimer_db/6DXO.pdb,1.0
6DY1,A,B,../../GraPPI_data/PDB/new_dimer_db/6DY1.pdb,1.0
6E2Q,A,N,../../GraPPI_data/PDB/new_dimer_db/6E2Q.pdb,1.0
6E37,A,B,../../GraPPI_data/PDB/new_dimer_db/6E37.pdb,1.0
6E5X,A,B,../../GraPPI_data/PDB/new_dimer_db/6E5X.pdb,1.0
6EBY,B,A,../../GraPPI_data/PDB/new_dimer_db/6EBY.pdb,1.0
6EDS,A,C,../../GraPPI_data/PDB/new_dimer_db/6EDS.pdb,1.0
6EJ7,A,B,../../GraPPI_data/PDB/new_dimer_db/6EJ7.pdb,1.0
6EJ9,A,B,../../GraPPI_data/PDB/new_dimer_db/6EJ9.pdb,1.0
6EJB,A,B,../../GraPPI_data/PDB/new_dimer_db/6EJB.pdb,1.0
6EJP,A,C,../../GraPPI_data/PDB/new_dimer_db/6EJP.pdb,1.0
6EKK,A,C,../../GraPPI_data/PDB/new_dimer_db/6EKK.pdb,1.0
6EKL,A,B,../../GraPPI_data/PDB/new_dimer_db/6EKL.pdb,1.0
6EPI,B,A,../../GraPPI_data/PDB/new_dimer_db/6EPI.pdb,1.0
6EPK,A,B,../../GraPPI_data/PDB/new_dimer_db/6EPK.pdb,1.0
6ET3,B,A,../../GraPPI_data/PDB/new_dimer_db/6ET3.pdb,1.0
6EY0,A,E,../../GraPPI_data/PDB/new_dimer_db/6EY0.pdb,1.0
6F0W,A,S,../../GraPPI_data/PDB/new_dimer_db/6F0W.pdb,1.0
6F1V,f,m,../../GraPPI_data/PDB/new_dimer_db/6F1V.pdb,1.0
6F1Y,f,j,../../GraPPI_data/PDB/new_dimer_db/6F1Y.pdb,1.0
6F2W,A,B,../../GraPPI_data/PDB/new_dimer_db/6F2W.pdb,1.0
6F34,A,C,../../GraPPI_data/PDB/new_dimer_db/6F34.pdb,1.0
6F4J,A,C,../../GraPPI_data/PDB/new_dimer_db/6F4J.pdb,1.0
6F57,A,B,../../GraPPI_data/PDB/new_dimer_db/6F57.pdb,1.0
6F6D,A,B,../../GraPPI_data/PDB/new_dimer_db/6F6D.pdb,1.0
6F8D,B,D,../../GraPPI_data/PDB/new_dimer_db/6F8D.pdb,1.0
6F8F,D,G,../../GraPPI_data/PDB/new_dimer_db/6F8F.pdb,1.0
6F9N,A,B,../../GraPPI_data/PDB/new_dimer_db/6F9N.pdb,1.0
6FAD,A,E,../../GraPPI_data/PDB/new_dimer_db/6FAD.pdb,1.0
6FAE,A,B,../../GraPPI_data/PDB/new_dimer_db/6FAE.pdb,1.0
6FBK,A,P,../../GraPPI_data/PDB/new_dimer_db/6FBK.pdb,1.0
6FC0,A,B,../../GraPPI_data/PDB/new_dimer_db/6FC0.pdb,1.0
6FCV,A,B,../../GraPPI_data/PDB/new_dimer_db/6FCV.pdb,1.0
6FFA,A,B,../../GraPPI_data/PDB/new_dimer_db/6FFA.pdb,1.0
6FJ3,A,B,../../GraPPI_data/PDB/new_dimer_db/6FJ3.pdb,1.0
6FJY,B,A,../../GraPPI_data/PDB/new_dimer_db/6FJY.pdb,1.0
6FKM,A,B,../../GraPPI_data/PDB/new_dimer_db/6FKM.pdb,1.0
6FKP,B,D,../../GraPPI_data/PDB/new_dimer_db/6FKP.pdb,1.0
6FKQ,A,B,../../GraPPI_data/PDB/new_dimer_db/6FKQ.pdb,1.0
6FNO,A,C,../../GraPPI_data/PDB/new_dimer_db/6FNO.pdb,1.0
6FOL,B,A,../../GraPPI_data/PDB/new_dimer_db/6FOL.pdb,1.0
6FP6,B,A,../../GraPPI_data/PDB/new_dimer_db/6FP6.pdb,1.0
6FP8,A,B,../../GraPPI_data/PDB/new_dimer_db/6FP8.pdb,1.0
6FQ4,A,B,../../GraPPI_data/PDB/new_dimer_db/6FQ4.pdb,1.0
6FQA,A,B,../../GraPPI_data/PDB/new_dimer_db/6FQA.pdb,1.0
6FUF,A,B,../../GraPPI_data/PDB/new_dimer_db/6FUF.pdb,1.0
6FYH,A,B,../../GraPPI_data/PDB/new_dimer_db/6FYH.pdb,1.0
6FZF,A,C,../../GraPPI_data/PDB/new_dimer_db/6FZF.pdb,1.0
6FZJ,A,C,../../GraPPI_data/PDB/new_dimer_db/6FZJ.pdb,1.0
6G07,D,S,../../GraPPI_data/PDB/new_dimer_db/6G07.pdb,1.0
6G16,A,B,../../GraPPI_data/PDB/new_dimer_db/6G16.pdb,1.0
6G3W,A,B,../../GraPPI_data/PDB/new_dimer_db/6G3W.pdb,1.0
6G4J,A,B,../../GraPPI_data/PDB/new_dimer_db/6G4J.pdb,1.0
6G8R,A,B,../../GraPPI_data/PDB/new_dimer_db/6G8R.pdb,1.0
6GB1,A,B,../../GraPPI_data/PDB/new_dimer_db/6GB1.pdb,1.0
6GCI,A,B,../../GraPPI_data/PDB/new_dimer_db/6GCI.pdb,1.0
6GEG,A,L,../../GraPPI_data/PDB/new_dimer_db/6GEG.pdb,1.0
6GEK,L,A,../../GraPPI_data/PDB/new_dimer_db/6GEK.pdb,1.0
6GEV,A,B,../../GraPPI_data/PDB/new_dimer_db/6GEV.pdb,1.0
6GG8,A,B,../../GraPPI_data/PDB/new_dimer_db/6GG8.pdb,1.0
6GGG,A,B,../../GraPPI_data/PDB/new_dimer_db/6GGG.pdb,1.0
6GGR,A,B,../../GraPPI_data/PDB/new_dimer_db/6GGR.pdb,1.0
6GH8,D,A,../../GraPPI_data/PDB/new_dimer_db/6GH8.pdb,1.0
6GHM,D,A,../../GraPPI_data/PDB/new_dimer_db/6GHM.pdb,1.0
6GLC,A,B,../../GraPPI_data/PDB/new_dimer_db/6GLC.pdb,1.0
6GOW,D,E,../../GraPPI_data/PDB/new_dimer_db/6GOW.pdb,1.0
6GR8,A,B,../../GraPPI_data/PDB/new_dimer_db/6GR8.pdb,1.0
6GS7,A,H,../../GraPPI_data/PDB/new_dimer_db/6GS7.pdb,1.0
6GTR,A,C,../../GraPPI_data/PDB/new_dimer_db/6GTR.pdb,1.0
6GU0,A,B,../../GraPPI_data/PDB/new_dimer_db/6GU0.pdb,1.0
6GVC,R,B,../../GraPPI_data/PDB/new_dimer_db/6GVC.pdb,1.0
6GWQ,A,B,../../GraPPI_data/PDB/new_dimer_db/6GWQ.pdb,1.0
6GXZ,A,E,../../GraPPI_data/PDB/new_dimer_db/6GXZ.pdb,1.0
6GY2,D,A,../../GraPPI_data/PDB/new_dimer_db/6GY2.pdb,1.0
6GY5,A,U,../../GraPPI_data/PDB/new_dimer_db/6GY5.pdb,1.0
6GZJ,A,B,../../GraPPI_data/PDB/new_dimer_db/6GZJ.pdb,1.0
6GZL,A,B,../../GraPPI_data/PDB/new_dimer_db/6GZL.pdb,1.0
6H02,A,B,../../GraPPI_data/PDB/new_dimer_db/6H02.pdb,1.0
6H0B,B,F,../../GraPPI_data/PDB/new_dimer_db/6H0B.pdb,1.0
6H1F,A,B,../../GraPPI_data/PDB/new_dimer_db/6H1F.pdb,1.0
6H22,A,C,../../GraPPI_data/PDB/new_dimer_db/6H22.pdb,1.0
6H41,A,B,../../GraPPI_data/PDB/new_dimer_db/6H41.pdb,1.0
6H4B,A,B,../../GraPPI_data/PDB/new_dimer_db/6H4B.pdb,1.0
6H9O,A,B,../../GraPPI_data/PDB/new_dimer_db/6H9O.pdb,1.0
6HGC,A,B,../../GraPPI_data/PDB/new_dimer_db/6HGC.pdb,1.0
6HLM,B,A,../../GraPPI_data/PDB/new_dimer_db/6HLM.pdb,1.0
6HM3,A,B,../../GraPPI_data/PDB/new_dimer_db/6HM3.pdb,1.0
6HMV,A,B,../../GraPPI_data/PDB/new_dimer_db/6HMV.pdb,1.0
6HOL,A,C,../../GraPPI_data/PDB/new_dimer_db/6HOL.pdb,1.0
6HON,B,A,../../GraPPI_data/PDB/new_dimer_db/6HON.pdb,1.0
6HOS,B,C,../../GraPPI_data/PDB/new_dimer_db/6HOS.pdb,1.0
6HTF,A,B,../../GraPPI_data/PDB/new_dimer_db/6HTF.pdb,1.0
6HUA,A,B,../../GraPPI_data/PDB/new_dimer_db/6HUA.pdb,1.0
6HY7,A,B,../../GraPPI_data/PDB/new_dimer_db/6HY7.pdb,1.0
6I1D,A,B,../../GraPPI_data/PDB/new_dimer_db/6I1D.pdb,1.0
6I2B,A,D,../../GraPPI_data/PDB/new_dimer_db/6I2B.pdb,1.0
6I2G,A,B,../../GraPPI_data/PDB/new_dimer_db/6I2G.pdb,1.0
6I2P,A,D,../../GraPPI_data/PDB/new_dimer_db/6I2P.pdb,1.0
6I42,A,B,../../GraPPI_data/PDB/new_dimer_db/6I42.pdb,1.0
6I8G,A,B,../../GraPPI_data/PDB/new_dimer_db/6I8G.pdb,1.0
6IAN,A,C,../../GraPPI_data/PDB/new_dimer_db/6IAN.pdb,1.0
6IBL,A,C,../../GraPPI_data/PDB/new_dimer_db/6IBL.pdb,1.0
6IC9,A,C,../../GraPPI_data/PDB/new_dimer_db/6IC9.pdb,1.0
6IE7,D,H,../../GraPPI_data/PDB/new_dimer_db/6IE7.pdb,1.0
6IEH,B,A,../../GraPPI_data/PDB/new_dimer_db/6IEH.pdb,1.0
6IEU,A,C,../../GraPPI_data/PDB/new_dimer_db/6IEU.pdb,1.0
6IF1,D,A,../../GraPPI_data/PDB/new_dimer_db/6IF1.pdb,1.0
6IF2,B,A,../../GraPPI_data/PDB/new_dimer_db/6IF2.pdb,1.0
6IF3,A,B,../../GraPPI_data/PDB/new_dimer_db/6IF3.pdb,1.0
6IGK,A,B,../../GraPPI_data/PDB/new_dimer_db/6IGK.pdb,1.0
6IGL,A,B,../../GraPPI_data/PDB/new_dimer_db/6IGL.pdb,1.0
6IGX,B,A,../../GraPPI_data/PDB/new_dimer_db/6IGX.pdb,1.0
6IHJ,B,A,../../GraPPI_data/PDB/new_dimer_db/6IHJ.pdb,1.0
6II6,A,C,../../GraPPI_data/PDB/new_dimer_db/6II6.pdb,1.0
6IKK,B,A,../../GraPPI_data/PDB/new_dimer_db/6IKK.pdb,1.0
6IKM,a,A,../../GraPPI_data/PDB/new_dimer_db/6IKM.pdb,1.0
6ILQ,A,B,../../GraPPI_data/PDB/new_dimer_db/6ILQ.pdb,1.0
6INE,A,B,../../GraPPI_data/PDB/new_dimer_db/6INE.pdb,1.0
6IQJ,A,C,../../GraPPI_data/PDB/new_dimer_db/6IQJ.pdb,1.0
6IRT,A,B,../../GraPPI_data/PDB/new_dimer_db/6IRT.pdb,1.0
6ISO,B,I,../../GraPPI_data/PDB/new_dimer_db/6ISO.pdb,1.0
6ITU,A,B,../../GraPPI_data/PDB/new_dimer_db/6ITU.pdb,1.0
6IUH,A,C,../../GraPPI_data/PDB/new_dimer_db/6IUH.pdb,1.0
6IW7,B,A,../../GraPPI_data/PDB/new_dimer_db/6IW7.pdb,1.0
6IWB,B,A,../../GraPPI_data/PDB/new_dimer_db/6IWB.pdb,1.0
6IXQ,A,B,../../GraPPI_data/PDB/new_dimer_db/6IXQ.pdb,1.0
6IY0,A,B,../../GraPPI_data/PDB/new_dimer_db/6IY0.pdb,1.0
6IZM,A,C,../../GraPPI_data/PDB/new_dimer_db/6IZM.pdb,1.0
6IZN,A,C,../../GraPPI_data/PDB/new_dimer_db/6IZN.pdb,1.0
6J07,A,B,../../GraPPI_data/PDB/new_dimer_db/6J07.pdb,1.0
6J08,B,E,../../GraPPI_data/PDB/new_dimer_db/6J08.pdb,1.0
6J0W,A,C,../../GraPPI_data/PDB/new_dimer_db/6J0W.pdb,1.0
6J0X,A,E,../../GraPPI_data/PDB/new_dimer_db/6J0X.pdb,1.0
6J0Y,A,C,../../GraPPI_data/PDB/new_dimer_db/6J0Y.pdb,1.0
6J19,A,B,../../GraPPI_data/PDB/new_dimer_db/6J19.pdb,1.0
6J2P,A,B,../../GraPPI_data/PDB/new_dimer_db/6J2P.pdb,1.0
6J4P,A,B,../../GraPPI_data/PDB/new_dimer_db/6J4P.pdb,1.0
6J62,A,C,../../GraPPI_data/PDB/new_dimer_db/6J62.pdb,1.0
6J68,A,C,../../GraPPI_data/PDB/new_dimer_db/6J68.pdb,1.0
6J69,A,B,../../GraPPI_data/PDB/new_dimer_db/6J69.pdb,1.0
6J6X,A,B,../../GraPPI_data/PDB/new_dimer_db/6J6X.pdb,1.0
6J71,A,B,../../GraPPI_data/PDB/new_dimer_db/6J71.pdb,1.0
6J7M,M,A,../../GraPPI_data/PDB/new_dimer_db/6J7M.pdb,1.0
6J8N,B,A,../../GraPPI_data/PDB/new_dimer_db/6J8N.pdb,1.0
6JAT,B,A,../../GraPPI_data/PDB/new_dimer_db/6JAT.pdb,1.0
6JAU,A,B,../../GraPPI_data/PDB/new_dimer_db/6JAU.pdb,1.0
6JB7,B,A,../../GraPPI_data/PDB/new_dimer_db/6JB7.pdb,1.0
6JBK,B,A,../../GraPPI_data/PDB/new_dimer_db/6JBK.pdb,1.0
6JBU,A,B,../../GraPPI_data/PDB/new_dimer_db/6JBU.pdb,1.0
6JCK,A,B,../../GraPPI_data/PDB/new_dimer_db/6JCK.pdb,1.0
6JCU,B,A,../../GraPPI_data/PDB/new_dimer_db/6JCU.pdb,1.0
6JD6,A,B,../../GraPPI_data/PDB/new_dimer_db/6JD6.pdb,1.0
6JE4,A,I,../../GraPPI_data/PDB/new_dimer_db/6JE4.pdb,1.0
6JH0,B,C,../../GraPPI_data/PDB/new_dimer_db/6JH0.pdb,1.0
6JH9,A,B,../../GraPPI_data/PDB/new_dimer_db/6JH9.pdb,1.0
6JI2,A,B,../../GraPPI_data/PDB/new_dimer_db/6JI2.pdb,1.0
6JJX,A,C,../../GraPPI_data/PDB/new_dimer_db/6JJX.pdb,1.0
6JJY,A,U,../../GraPPI_data/PDB/new_dimer_db/6JJY.pdb,1.0
6JJZ,A,C,../../GraPPI_data/PDB/new_dimer_db/6JJZ.pdb,1.0
6JLE,A,E,../../GraPPI_data/PDB/new_dimer_db/6JLE.pdb,1.0
6JMT,L,A,../../GraPPI_data/PDB/new_dimer_db/6JMT.pdb,1.0
6JMU,A,C,../../GraPPI_data/PDB/new_dimer_db/6JMU.pdb,1.0
6JPL,B,A,../../GraPPI_data/PDB/new_dimer_db/6JPL.pdb,1.0
6JQK,N,C,../../GraPPI_data/PDB/new_dimer_db/6JQK.pdb,1.0
6JX3,B,A,../../GraPPI_data/PDB/new_dimer_db/6JX3.pdb,1.0
6JZN,D,H,../../GraPPI_data/PDB/new_dimer_db/6JZN.pdb,1.0
6JZZ,A,B,../../GraPPI_data/PDB/new_dimer_db/6JZZ.pdb,1.0
6K0T,B,A,../../GraPPI_data/PDB/new_dimer_db/6K0T.pdb,1.0
6K3M,H,A,../../GraPPI_data/PDB/new_dimer_db/6K3M.pdb,1.0
6K4R,A,C,../../GraPPI_data/PDB/new_dimer_db/6K4R.pdb,1.0
6K67,B,A,../../GraPPI_data/PDB/new_dimer_db/6K67.pdb,1.0
6K69,A,B,../../GraPPI_data/PDB/new_dimer_db/6K69.pdb,1.0
6K6A,B,C,../../GraPPI_data/PDB/new_dimer_db/6K6A.pdb,1.0
6K6B,A,B,../../GraPPI_data/PDB/new_dimer_db/6K6B.pdb,1.0
6K73,A,C,../../GraPPI_data/PDB/new_dimer_db/6K73.pdb,1.0
6K7G,A,C,../../GraPPI_data/PDB/new_dimer_db/6K7G.pdb,1.0
6K7M,A,C,../../GraPPI_data/PDB/new_dimer_db/6K7M.pdb,1.0
6K8K,A,E,../../GraPPI_data/PDB/new_dimer_db/6K8K.pdb,1.0
6K9P,B,G,../../GraPPI_data/PDB/new_dimer_db/6K9P.pdb,1.0
6KBE,B,G,../../GraPPI_data/PDB/new_dimer_db/6KBE.pdb,1.0
6KCR,A,B,../../GraPPI_data/PDB/new_dimer_db/6KCR.pdb,1.0
6KDT,A,B,../../GraPPI_data/PDB/new_dimer_db/6KDT.pdb,1.0
6KGF,D,C,../../GraPPI_data/PDB/new_dimer_db/6KGF.pdb,1.0
6KIP,A,B,../../GraPPI_data/PDB/new_dimer_db/6KIP.pdb,1.0
6KKG,A,C,../../GraPPI_data/PDB/new_dimer_db/6KKG.pdb,1.0
6KLR,A,B,../../GraPPI_data/PDB/new_dimer_db/6KLR.pdb,1.0
6KMJ,A,C,../../GraPPI_data/PDB/new_dimer_db/6KMJ.pdb,1.0
6KMQ,A,B,../../GraPPI_data/PDB/new_dimer_db/6KMQ.pdb,1.0
6KMR,A,B,../../GraPPI_data/PDB/new_dimer_db/6KMR.pdb,1.0
6KN9,D,A,../../GraPPI_data/PDB/new_dimer_db/6KN9.pdb,1.0
6KNM,B,A,../../GraPPI_data/PDB/new_dimer_db/6KNM.pdb,1.0
6KNW,A,C,../../GraPPI_data/PDB/new_dimer_db/6KNW.pdb,1.0
6KP3,A,B,../../GraPPI_data/PDB/new_dimer_db/6KP3.pdb,1.0
6KR4,A,E,../../GraPPI_data/PDB/new_dimer_db/6KR4.pdb,1.0
6KTM,A,B,../../GraPPI_data/PDB/new_dimer_db/6KTM.pdb,1.0
6KU0,B,A,../../GraPPI_data/PDB/new_dimer_db/6KU0.pdb,1.0
6KXX,A,B,../../GraPPI_data/PDB/new_dimer_db/6KXX.pdb,1.0
6KXY,A,B,../../GraPPI_data/PDB/new_dimer_db/6KXY.pdb,1.0
6KYH,A,E,../../GraPPI_data/PDB/new_dimer_db/6KYH.pdb,1.0
6KZ1,A,B,../../GraPPI_data/PDB/new_dimer_db/6KZ1.pdb,1.0
6KZ7,B,A,../../GraPPI_data/PDB/new_dimer_db/6KZ7.pdb,1.0
6KZA,A,C,../../GraPPI_data/PDB/new_dimer_db/6KZA.pdb,1.0
6L0W,B,A,../../GraPPI_data/PDB/new_dimer_db/6L0W.pdb,1.0
6L1Y,A,C,../../GraPPI_data/PDB/new_dimer_db/6L1Y.pdb,1.0
6L4O,A,B,../../GraPPI_data/PDB/new_dimer_db/6L4O.pdb,1.0
6L4P,A,B,../../GraPPI_data/PDB/new_dimer_db/6L4P.pdb,1.0
6L5K,A,B,../../GraPPI_data/PDB/new_dimer_db/6L5K.pdb,1.0
6L63,A,B,../../GraPPI_data/PDB/new_dimer_db/6L63.pdb,1.0
6L7R,A,B,../../GraPPI_data/PDB/new_dimer_db/6L7R.pdb,1.0
6L80,B,A,../../GraPPI_data/PDB/new_dimer_db/6L80.pdb,1.0
6L81,B,A,../../GraPPI_data/PDB/new_dimer_db/6L81.pdb,1.0
6L82,A,B,../../GraPPI_data/PDB/new_dimer_db/6L82.pdb,1.0
6L8G,A,B,../../GraPPI_data/PDB/new_dimer_db/6L8G.pdb,1.0
6LB8,A,B,../../GraPPI_data/PDB/new_dimer_db/6LB8.pdb,1.0
6LBU,A,B,../../GraPPI_data/PDB/new_dimer_db/6LBU.pdb,1.0
6LBX,A,B,../../GraPPI_data/PDB/new_dimer_db/6LBX.pdb,1.0
6LE5,A,B,../../GraPPI_data/PDB/new_dimer_db/6LE5.pdb,1.0
6LGQ,C,D,../../GraPPI_data/PDB/new_dimer_db/6LGQ.pdb,1.0
6LGW,A,E,../../GraPPI_data/PDB/new_dimer_db/6LGW.pdb,1.0
6LKI,A,B,../../GraPPI_data/PDB/new_dimer_db/6LKI.pdb,1.0
6LN4,A,B,../../GraPPI_data/PDB/new_dimer_db/6LN4.pdb,1.0
6LNM,B,A,../../GraPPI_data/PDB/new_dimer_db/6LNM.pdb,1.0
6LPH,A,B,../../GraPPI_data/PDB/new_dimer_db/6LPH.pdb,1.0
6LPI,A,E,../../GraPPI_data/PDB/new_dimer_db/6LPI.pdb,1.0
6LQO,H,A,../../GraPPI_data/PDB/new_dimer_db/6LQO.pdb,1.0
6LRY,A,B,../../GraPPI_data/PDB/new_dimer_db/6LRY.pdb,1.0
6LSA,F,A,../../GraPPI_data/PDB/new_dimer_db/6LSA.pdb,1.0
6LSB,A,B,../../GraPPI_data/PDB/new_dimer_db/6LSB.pdb,1.0
6LYC,A,B,../../GraPPI_data/PDB/new_dimer_db/6LYC.pdb,1.0
6LZ2,B,A,../../GraPPI_data/PDB/new_dimer_db/6LZ2.pdb,1.0
6M2C,A,E,../../GraPPI_data/PDB/new_dimer_db/6M2C.pdb,1.0
6M33,A,B,../../GraPPI_data/PDB/new_dimer_db/6M33.pdb,1.0
6M3Q,E,F,../../GraPPI_data/PDB/new_dimer_db/6M3Q.pdb,1.0
6M4U,B,A,../../GraPPI_data/PDB/new_dimer_db/6M4U.pdb,1.0
6M4V,B,A,../../GraPPI_data/PDB/new_dimer_db/6M4V.pdb,1.0
6M5M,A,B,../../GraPPI_data/PDB/new_dimer_db/6M5M.pdb,1.0
6M7Y,A,C,../../GraPPI_data/PDB/new_dimer_db/6M7Y.pdb,1.0
6MA1,A,B,../../GraPPI_data/PDB/new_dimer_db/6MA1.pdb,1.0
6MA2,A,B,../../GraPPI_data/PDB/new_dimer_db/6MA2.pdb,1.0
6MA3,A,B,../../GraPPI_data/PDB/new_dimer_db/6MA3.pdb,1.0
6MA4,A,B,../../GraPPI_data/PDB/new_dimer_db/6MA4.pdb,1.0
6MA5,A,B,../../GraPPI_data/PDB/new_dimer_db/6MA5.pdb,1.0
6MAJ,A,B,../../GraPPI_data/PDB/new_dimer_db/6MAJ.pdb,1.0
6MBB,A,B,../../GraPPI_data/PDB/new_dimer_db/6MBB.pdb,1.0
6MBC,A,B,../../GraPPI_data/PDB/new_dimer_db/6MBC.pdb,1.0
6MBD,A,C,../../GraPPI_data/PDB/new_dimer_db/6MBD.pdb,1.0
6MBE,A,B,../../GraPPI_data/PDB/new_dimer_db/6MBE.pdb,1.0
6MCB,A,C,../../GraPPI_data/PDB/new_dimer_db/6MCB.pdb,1.0
6MCQ,B,A,../../GraPPI_data/PDB/new_dimer_db/6MCQ.pdb,1.0
6MEW,B,A,../../GraPPI_data/PDB/new_dimer_db/6MEW.pdb,1.0
6MF5,A,B,../../GraPPI_data/PDB/new_dimer_db/6MF5.pdb,1.0
6MF6,B,D,../../GraPPI_data/PDB/new_dimer_db/6MF6.pdb,1.0
6MGN,A,B,../../GraPPI_data/PDB/new_dimer_db/6MGN.pdb,1.0
6MHF,A,C,../../GraPPI_data/PDB/new_dimer_db/6MHF.pdb,1.0
6MHM,A,B,../../GraPPI_data/PDB/new_dimer_db/6MHM.pdb,1.0
6MJC,A,B,../../GraPPI_data/PDB/new_dimer_db/6MJC.pdb,1.0
6ML1,A,C,../../GraPPI_data/PDB/new_dimer_db/6ML1.pdb,1.0
6MM5,E,C,../../GraPPI_data/PDB/new_dimer_db/6MM5.pdb,1.0
6MM8,C,D,../../GraPPI_data/PDB/new_dimer_db/6MM8.pdb,1.0
6MOF,A,B,../../GraPPI_data/PDB/new_dimer_db/6MOF.pdb,1.0
6MPZ,M,A,../../GraPPI_data/PDB/new_dimer_db/6MPZ.pdb,1.0
6MRQ,A,I,../../GraPPI_data/PDB/new_dimer_db/6MRQ.pdb,1.0
6MS4,A,B,../../GraPPI_data/PDB/new_dimer_db/6MS4.pdb,1.0
6MS7,A,B,../../GraPPI_data/PDB/new_dimer_db/6MS7.pdb,1.0
6MTU,A,B,../../GraPPI_data/PDB/new_dimer_db/6MTU.pdb,1.0
6MTV,A,B,../../GraPPI_data/PDB/new_dimer_db/6MTV.pdb,1.0
6MTY,H,L,../../GraPPI_data/PDB/new_dimer_db/6MTY.pdb,1.0
6MUE,A,B,../../GraPPI_data/PDB/new_dimer_db/6MUE.pdb,1.0
6MWQ,A,G,../../GraPPI_data/PDB/new_dimer_db/6MWQ.pdb,1.0
6MXT,A,N,../../GraPPI_data/PDB/new_dimer_db/6MXT.pdb,1.0
6MYE,A,B,../../GraPPI_data/PDB/new_dimer_db/6MYE.pdb,1.0
6N48,A,B,../../GraPPI_data/PDB/new_dimer_db/6N48.pdb,1.0
6N4N,F,A,../../GraPPI_data/PDB/new_dimer_db/6N4N.pdb,1.0
6N87,A,C,../../GraPPI_data/PDB/new_dimer_db/6N87.pdb,1.0
6N9G,D,A,../../GraPPI_data/PDB/new_dimer_db/6N9G.pdb,1.0
6N9T,A,E,../../GraPPI_data/PDB/new_dimer_db/6N9T.pdb,1.0
6NJD,B,A,../../GraPPI_data/PDB/new_dimer_db/6NJD.pdb,1.0
6NJZ,A,C,../../GraPPI_data/PDB/new_dimer_db/6NJZ.pdb,1.0
6NKP,A,C,../../GraPPI_data/PDB/new_dimer_db/6NKP.pdb,1.0
6NMD,A,B,../../GraPPI_data/PDB/new_dimer_db/6NMD.pdb,1.0
6NRR,A,B,../../GraPPI_data/PDB/new_dimer_db/6NRR.pdb,1.0
6NUS,A,B,../../GraPPI_data/PDB/new_dimer_db/6NUS.pdb,1.0
6NWK,A,B,../../GraPPI_data/PDB/new_dimer_db/6NWK.pdb,1.0
6NWL,A,B,../../GraPPI_data/PDB/new_dimer_db/6NWL.pdb,1.0
6NXK,A,C,../../GraPPI_data/PDB/new_dimer_db/6NXK.pdb,1.0
6NYP,F,A,../../GraPPI_data/PDB/new_dimer_db/6NYP.pdb,1.0
6O02,A,B,../../GraPPI_data/PDB/new_dimer_db/6O02.pdb,1.0
6O03,A,D,../../GraPPI_data/PDB/new_dimer_db/6O03.pdb,1.0
6O21,A,B,../../GraPPI_data/PDB/new_dimer_db/6O21.pdb,1.0
6O38,A,G,../../GraPPI_data/PDB/new_dimer_db/6O38.pdb,1.0
6O3C,A,B,../../GraPPI_data/PDB/new_dimer_db/6O3C.pdb,1.0
6O3W,A,C,../../GraPPI_data/PDB/new_dimer_db/6O3W.pdb,1.0
6O3Y,A,B,../../GraPPI_data/PDB/new_dimer_db/6O3Y.pdb,1.0
6O59,A,B,../../GraPPI_data/PDB/new_dimer_db/6O59.pdb,1.0
6O7D,A,B,../../GraPPI_data/PDB/new_dimer_db/6O7D.pdb,1.0
6O83,B,A,../../GraPPI_data/PDB/new_dimer_db/6O83.pdb,1.0
6O89,H,L,../../GraPPI_data/PDB/new_dimer_db/6O89.pdb,1.0
6OAM,A,D,../../GraPPI_data/PDB/new_dimer_db/6OAM.pdb,1.0
6OAR,B,A,../../GraPPI_data/PDB/new_dimer_db/6OAR.pdb,1.0
6OAT,B,A,../../GraPPI_data/PDB/new_dimer_db/6OAT.pdb,1.0
6OB0,A,E,../../GraPPI_data/PDB/new_dimer_db/6OB0.pdb,1.0
6OB3,B,A,../../GraPPI_data/PDB/new_dimer_db/6OB3.pdb,1.0
6OB5,B,D,../../GraPPI_data/PDB/new_dimer_db/6OB5.pdb,1.0
6OBO,A,C,../../GraPPI_data/PDB/new_dimer_db/6OBO.pdb,1.0
6OBP,A,C,../../GraPPI_data/PDB/new_dimer_db/6OBP.pdb,1.0
6OCA,A,C,../../GraPPI_data/PDB/new_dimer_db/6OCA.pdb,1.0
6OCD,B,A,../../GraPPI_data/PDB/new_dimer_db/6OCD.pdb,1.0
6OCF,A,B,../../GraPPI_data/PDB/new_dimer_db/6OCF.pdb,1.0
6OCO,A,B,../../GraPPI_data/PDB/new_dimer_db/6OCO.pdb,1.0
6OD0,D,A,../../GraPPI_data/PDB/new_dimer_db/6OD0.pdb,1.0
6OD1,A,B,../../GraPPI_data/PDB/new_dimer_db/6OD1.pdb,1.0
6ODD,A,B,../../GraPPI_data/PDB/new_dimer_db/6ODD.pdb,1.0
6OKD,D,A,../../GraPPI_data/PDB/new_dimer_db/6OKD.pdb,1.0
6ONJ,A,C,../../GraPPI_data/PDB/new_dimer_db/6ONJ.pdb,1.0
6ONU,B,A,../../GraPPI_data/PDB/new_dimer_db/6ONU.pdb,1.0
6OP8,A,B,../../GraPPI_data/PDB/new_dimer_db/6OP8.pdb,1.0
6OQ6,A,D,../../GraPPI_data/PDB/new_dimer_db/6OQ6.pdb,1.0
6OQ7,A,C,../../GraPPI_data/PDB/new_dimer_db/6OQ7.pdb,1.0
6OQ8,D,A,../../GraPPI_data/PDB/new_dimer_db/6OQ8.pdb,1.0
6OQY,A,C,../../GraPPI_data/PDB/new_dimer_db/6OQY.pdb,1.0
6OTY,A,B,../../GraPPI_data/PDB/new_dimer_db/6OTY.pdb,1.0
6OVF,A,C,../../GraPPI_data/PDB/new_dimer_db/6OVF.pdb,1.0
6OVM,R,B,../../GraPPI_data/PDB/new_dimer_db/6OVM.pdb,1.0
6OX3,Y,A,../../GraPPI_data/PDB/new_dimer_db/6OX3.pdb,1.0
6OX6,A,B,../../GraPPI_data/PDB/new_dimer_db/6OX6.pdb,1.0
6OX7,A,C,../../GraPPI_data/PDB/new_dimer_db/6OX7.pdb,1.0
6OYL,A,B,../../GraPPI_data/PDB/new_dimer_db/6OYL.pdb,1.0
6P2R,A,B,../../GraPPI_data/PDB/new_dimer_db/6P2R.pdb,1.0
6P4O,B,A,../../GraPPI_data/PDB/new_dimer_db/6P4O.pdb,1.0
6P4W,B,A,../../GraPPI_data/PDB/new_dimer_db/6P4W.pdb,1.0
6P66,B,A,../../GraPPI_data/PDB/new_dimer_db/6P66.pdb,1.0
6P6J,A,B,../../GraPPI_data/PDB/new_dimer_db/6P6J.pdb,1.0
6P7M,A,C,../../GraPPI_data/PDB/new_dimer_db/6P7M.pdb,1.0
6PAW,D,A,../../GraPPI_data/PDB/new_dimer_db/6PAW.pdb,1.0
6PCO,C,D,../../GraPPI_data/PDB/new_dimer_db/6PCO.pdb,1.0
6PCU,B,A,../../GraPPI_data/PDB/new_dimer_db/6PCU.pdb,1.0
6PDI,A,B,../../GraPPI_data/PDB/new_dimer_db/6PDI.pdb,1.0
6PEU,M,A,../../GraPPI_data/PDB/new_dimer_db/6PEU.pdb,1.0
6PFO,A,C,../../GraPPI_data/PDB/new_dimer_db/6PFO.pdb,1.0
6PFV,T,A,../../GraPPI_data/PDB/new_dimer_db/6PFV.pdb,1.0
6PGQ,A,B,../../GraPPI_data/PDB/new_dimer_db/6PGQ.pdb,1.0
6PGV,A,B,../../GraPPI_data/PDB/new_dimer_db/6PGV.pdb,1.0
6PH4,A,B,../../GraPPI_data/PDB/new_dimer_db/6PH4.pdb,1.0
6PJX,A,B,../../GraPPI_data/PDB/new_dimer_db/6PJX.pdb,1.0
6POG,A,B,../../GraPPI_data/PDB/new_dimer_db/6POG.pdb,1.0
6POL,B,A,../../GraPPI_data/PDB/new_dimer_db/6POL.pdb,1.0
6PPU,B,A,../../GraPPI_data/PDB/new_dimer_db/6PPU.pdb,1.0
6PSD,F,E,../../GraPPI_data/PDB/new_dimer_db/6PSD.pdb,1.0
6PUN,A,E,../../GraPPI_data/PDB/new_dimer_db/6PUN.pdb,1.0
6PV9,A,B,../../GraPPI_data/PDB/new_dimer_db/6PV9.pdb,1.0
6PW8,A,B,../../GraPPI_data/PDB/new_dimer_db/6PW8.pdb,1.0
6PX5,X,B,../../GraPPI_data/PDB/new_dimer_db/6PX5.pdb,1.0
6PXC,A,U,../../GraPPI_data/PDB/new_dimer_db/6PXC.pdb,1.0
6PXU,A,C,../../GraPPI_data/PDB/new_dimer_db/6PXU.pdb,1.0
6Q00,A,B,../../GraPPI_data/PDB/new_dimer_db/6Q00.pdb,1.0
6Q67,A,B,../../GraPPI_data/PDB/new_dimer_db/6Q67.pdb,1.0
6Q6Z,A,B,../../GraPPI_data/PDB/new_dimer_db/6Q6Z.pdb,1.0
6Q82,A,B,../../GraPPI_data/PDB/new_dimer_db/6Q82.pdb,1.0
6Q9F,A,B,../../GraPPI_data/PDB/new_dimer_db/6Q9F.pdb,1.0
6QBA,A,B,../../GraPPI_data/PDB/new_dimer_db/6QBA.pdb,1.0
6QEV,B,D,../../GraPPI_data/PDB/new_dimer_db/6QEV.pdb,1.0
6QFC,A,B,../../GraPPI_data/PDB/new_dimer_db/6QFC.pdb,1.0
6QFK,A,B,../../GraPPI_data/PDB/new_dimer_db/6QFK.pdb,1.0
6QFM,A,B,../../GraPPI_data/PDB/new_dimer_db/6QFM.pdb,1.0
6QG8,A,B,../../GraPPI_data/PDB/new_dimer_db/6QG8.pdb,1.0
6QGW,A,B,../../GraPPI_data/PDB/new_dimer_db/6QGW.pdb,1.0
6QGY,B,A,../../GraPPI_data/PDB/new_dimer_db/6QGY.pdb,1.0
6QJ2,A,B,../../GraPPI_data/PDB/new_dimer_db/6QJ2.pdb,1.0
6QKD,H,L,../../GraPPI_data/PDB/new_dimer_db/6QKD.pdb,1.0
6QNN,A,B,../../GraPPI_data/PDB/new_dimer_db/6QNN.pdb,1.0
6QNP,H,A,../../GraPPI_data/PDB/new_dimer_db/6QNP.pdb,1.0
6QS1,A,E,../../GraPPI_data/PDB/new_dimer_db/6QS1.pdb,1.0
6QSP,A,B,../../GraPPI_data/PDB/new_dimer_db/6QSP.pdb,1.0
6QSR,A,B,../../GraPPI_data/PDB/new_dimer_db/6QSR.pdb,1.0
6QSZ,G,H,../../GraPPI_data/PDB/new_dimer_db/6QSZ.pdb,1.0
6QTA,A,B,../../GraPPI_data/PDB/new_dimer_db/6QTA.pdb,1.0
6QTB,B,A,../../GraPPI_data/PDB/new_dimer_db/6QTB.pdb,1.0
6QTR,A,B,../../GraPPI_data/PDB/new_dimer_db/6QTR.pdb,1.0
6QUP,A,B,../../GraPPI_data/PDB/new_dimer_db/6QUP.pdb,1.0
6QXP,A,B,../../GraPPI_data/PDB/new_dimer_db/6QXP.pdb,1.0
6R0M,B,A,../../GraPPI_data/PDB/new_dimer_db/6R0M.pdb,1.0
6R3Q,A,B,../../GraPPI_data/PDB/new_dimer_db/6R3Q.pdb,1.0
6R6O,A,B,../../GraPPI_data/PDB/new_dimer_db/6R6O.pdb,1.0
6R7T,A,B,../../GraPPI_data/PDB/new_dimer_db/6R7T.pdb,1.0
6R7W,A,B,../../GraPPI_data/PDB/new_dimer_db/6R7W.pdb,1.0
6R8I,A,B,../../GraPPI_data/PDB/new_dimer_db/6R8I.pdb,1.0
6RGY,A,C,../../GraPPI_data/PDB/new_dimer_db/6RGY.pdb,1.0
6RJP,A,C,../../GraPPI_data/PDB/new_dimer_db/6RJP.pdb,1.0
6RK9,A,C,../../GraPPI_data/PDB/new_dimer_db/6RK9.pdb,1.0
6RMB,A,D,../../GraPPI_data/PDB/new_dimer_db/6RMB.pdb,1.0
6RMC,A,C,../../GraPPI_data/PDB/new_dimer_db/6RMC.pdb,1.0
6RMG,A,B,../../GraPPI_data/PDB/new_dimer_db/6RMG.pdb,1.0
6RO1,A,B,../../GraPPI_data/PDB/new_dimer_db/6RO1.pdb,1.0
6RPT,F,E,../../GraPPI_data/PDB/new_dimer_db/6RPT.pdb,1.0
6RQM,B,A,../../GraPPI_data/PDB/new_dimer_db/6RQM.pdb,1.0
6RR0,B,D,../../GraPPI_data/PDB/new_dimer_db/6RR0.pdb,1.0
6RRC,B,C,../../GraPPI_data/PDB/new_dimer_db/6RRC.pdb,1.0
6RRK,A,C,../../GraPPI_data/PDB/new_dimer_db/6RRK.pdb,1.0
6RTY,A,B,../../GraPPI_data/PDB/new_dimer_db/6RTY.pdb,1.0
6RU7,A,C,../../GraPPI_data/PDB/new_dimer_db/6RU7.pdb,1.0
6RVC,D,A,../../GraPPI_data/PDB/new_dimer_db/6RVC.pdb,1.0
6RW2,A,B,../../GraPPI_data/PDB/new_dimer_db/6RW2.pdb,1.0
6RXM,F,L,../../GraPPI_data/PDB/new_dimer_db/6RXM.pdb,1.0
6RXP,B,D,../../GraPPI_data/PDB/new_dimer_db/6RXP.pdb,1.0
6RXQ,B,F,../../GraPPI_data/PDB/new_dimer_db/6RXQ.pdb,1.0
6RXR,B,F,../../GraPPI_data/PDB/new_dimer_db/6RXR.pdb,1.0
6S08,A,B,../../GraPPI_data/PDB/new_dimer_db/6S08.pdb,1.0
6S0Y,A,C,../../GraPPI_data/PDB/new_dimer_db/6S0Y.pdb,1.0
6S22,A,F,../../GraPPI_data/PDB/new_dimer_db/6S22.pdb,1.0
6S24,A,F,../../GraPPI_data/PDB/new_dimer_db/6S24.pdb,1.0
6S3F,A,B,../../GraPPI_data/PDB/new_dimer_db/6S3F.pdb,1.0
6S6D,A,C,../../GraPPI_data/PDB/new_dimer_db/6S6D.pdb,1.0
6S6Q,B,D,../../GraPPI_data/PDB/new_dimer_db/6S6Q.pdb,1.0
6S8R,A,B,../../GraPPI_data/PDB/new_dimer_db/6S8R.pdb,1.0
6S8V,B,A,../../GraPPI_data/PDB/new_dimer_db/6S8V.pdb,1.0
6S9J,B,A,../../GraPPI_data/PDB/new_dimer_db/6S9J.pdb,1.0
6S9L,A,C,../../GraPPI_data/PDB/new_dimer_db/6S9L.pdb,1.0
6SA8,A,B,../../GraPPI_data/PDB/new_dimer_db/6SA8.pdb,1.0
6SBA,A,B,../../GraPPI_data/PDB/new_dimer_db/6SBA.pdb,1.0
6SEH,D,C,../../GraPPI_data/PDB/new_dimer_db/6SEH.pdb,1.0
6SEO,A,L,../../GraPPI_data/PDB/new_dimer_db/6SEO.pdb,1.0
6SGE,B,A,../../GraPPI_data/PDB/new_dimer_db/6SGE.pdb,1.0
6SH7,A,B,../../GraPPI_data/PDB/new_dimer_db/6SH7.pdb,1.0
6SH9,B,E,../../GraPPI_data/PDB/new_dimer_db/6SH9.pdb,1.0
6SJ5,A,C,../../GraPPI_data/PDB/new_dimer_db/6SJ5.pdb,1.0
6SJA,A,B,../../GraPPI_data/PDB/new_dimer_db/6SJA.pdb,1.0
6SKI,F,A,../../GraPPI_data/PDB/new_dimer_db/6SKI.pdb,1.0
6SKU,A,B,../../GraPPI_data/PDB/new_dimer_db/6SKU.pdb,1.0
6SM5,A,B,../../GraPPI_data/PDB/new_dimer_db/6SM5.pdb,1.0
6SMD,A,B,../../GraPPI_data/PDB/new_dimer_db/6SMD.pdb,1.0
6SMO,A,B,../../GraPPI_data/PDB/new_dimer_db/6SMO.pdb,1.0
6SNV,B,A,../../GraPPI_data/PDB/new_dimer_db/6SNV.pdb,1.0
6SNY,A,B,../../GraPPI_data/PDB/new_dimer_db/6SNY.pdb,1.0
6SQC,A,B,../../GraPPI_data/PDB/new_dimer_db/6SQC.pdb,1.0
6SR6,B,A,../../GraPPI_data/PDB/new_dimer_db/6SR6.pdb,1.0
6SUA,B,A,../../GraPPI_data/PDB/new_dimer_db/6SUA.pdb,1.0
6SWT,A,B,../../GraPPI_data/PDB/new_dimer_db/6SWT.pdb,1.0
6T1V,A,C,../../GraPPI_data/PDB/new_dimer_db/6T1V.pdb,1.0
6T2F,A,B,../../GraPPI_data/PDB/new_dimer_db/6T2F.pdb,1.0
6TEO,B,A,../../GraPPI_data/PDB/new_dimer_db/6TEO.pdb,1.0
6THL,A,B,../../GraPPI_data/PDB/new_dimer_db/6THL.pdb,1.0
6TKY,D,B,../../GraPPI_data/PDB/new_dimer_db/6TKY.pdb,1.0
6TME,A,C,../../GraPPI_data/PDB/new_dimer_db/6TME.pdb,1.0
6TNQ,A,C,../../GraPPI_data/PDB/new_dimer_db/6TNQ.pdb,1.0
6TOU,G,A,../../GraPPI_data/PDB/new_dimer_db/6TOU.pdb,1.0
6TQP,A,B,../../GraPPI_data/PDB/new_dimer_db/6TQP.pdb,1.0
6TRI,A,B,../../GraPPI_data/PDB/new_dimer_db/6TRI.pdb,1.0
6TRS,A,B,../../GraPPI_data/PDB/new_dimer_db/6TRS.pdb,1.0
6TS3,A,C,../../GraPPI_data/PDB/new_dimer_db/6TS3.pdb,1.0
6TUN,D,A,../../GraPPI_data/PDB/new_dimer_db/6TUN.pdb,1.0
6TWN,D,A,../../GraPPI_data/PDB/new_dimer_db/6TWN.pdb,1.0
6TX3,B,A,../../GraPPI_data/PDB/new_dimer_db/6TX3.pdb,1.0
6TYV,A,B,../../GraPPI_data/PDB/new_dimer_db/6TYV.pdb,1.0
6TYX,A,B,../../GraPPI_data/PDB/new_dimer_db/6TYX.pdb,1.0
6TYZ,A,B,../../GraPPI_data/PDB/new_dimer_db/6TYZ.pdb,1.0
6TZ2,A,B,../../GraPPI_data/PDB/new_dimer_db/6TZ2.pdb,1.0
6TZT,B,A,../../GraPPI_data/PDB/new_dimer_db/6TZT.pdb,1.0
6U08,B,A,../../GraPPI_data/PDB/new_dimer_db/6U08.pdb,1.0
6U0J,A,B,../../GraPPI_data/PDB/new_dimer_db/6U0J.pdb,1.0
6U0O,A,B,../../GraPPI_data/PDB/new_dimer_db/6U0O.pdb,1.0
6U12,A,B,../../GraPPI_data/PDB/new_dimer_db/6U12.pdb,1.0
6U1X,A,P,../../GraPPI_data/PDB/new_dimer_db/6U1X.pdb,1.0
6U28,A,B,../../GraPPI_data/PDB/new_dimer_db/6U28.pdb,1.0
6U39,B,A,../../GraPPI_data/PDB/new_dimer_db/6U39.pdb,1.0
6U3D,A,C,../../GraPPI_data/PDB/new_dimer_db/6U3D.pdb,1.0
6U54,A,B,../../GraPPI_data/PDB/new_dimer_db/6U54.pdb,1.0
6U55,A,B,../../GraPPI_data/PDB/new_dimer_db/6U55.pdb,1.0
6U6L,A,B,../../GraPPI_data/PDB/new_dimer_db/6U6L.pdb,1.0
6U7G,A,C,../../GraPPI_data/PDB/new_dimer_db/6U7G.pdb,1.0
6U8I,A,B,../../GraPPI_data/PDB/new_dimer_db/6U8I.pdb,1.0
6UA3,A,B,../../GraPPI_data/PDB/new_dimer_db/6UA3.pdb,1.0
6UC6,A,C,../../GraPPI_data/PDB/new_dimer_db/6UC6.pdb,1.0
6UCC,A,B,../../GraPPI_data/PDB/new_dimer_db/6UCC.pdb,1.0
6UEB,A,B,../../GraPPI_data/PDB/new_dimer_db/6UEB.pdb,1.0
6UHT,A,C,../../GraPPI_data/PDB/new_dimer_db/6UHT.pdb,1.0
6UI4,A,B,../../GraPPI_data/PDB/new_dimer_db/6UI4.pdb,1.0
6UJX,A,B,../../GraPPI_data/PDB/new_dimer_db/6UJX.pdb,1.0
6UL4,A,B,../../GraPPI_data/PDB/new_dimer_db/6UL4.pdb,1.0
6ULQ,D,A,../../GraPPI_data/PDB/new_dimer_db/6ULQ.pdb,1.0
6UQQ,A,C,../../GraPPI_data/PDB/new_dimer_db/6UQQ.pdb,1.0
6USM,A,B,../../GraPPI_data/PDB/new_dimer_db/6USM.pdb,1.0
6UUI,C,X,../../GraPPI_data/PDB/new_dimer_db/6UUI.pdb,1.0
6UX2,A,B,../../GraPPI_data/PDB/new_dimer_db/6UX2.pdb,1.0
6UX8,A,B,../../GraPPI_data/PDB/new_dimer_db/6UX8.pdb,1.0
6UYO,B,A,../../GraPPI_data/PDB/new_dimer_db/6UYO.pdb,1.0
6UYV,A,B,../../GraPPI_data/PDB/new_dimer_db/6UYV.pdb,1.0
6UYY,A,B,../../GraPPI_data/PDB/new_dimer_db/6UYY.pdb,1.0
6UYZ,A,C,../../GraPPI_data/PDB/new_dimer_db/6UYZ.pdb,1.0
6V2D,A,C,../../GraPPI_data/PDB/new_dimer_db/6V2D.pdb,1.0
6V2E,A,B,../../GraPPI_data/PDB/new_dimer_db/6V2E.pdb,1.0
6V3N,A,C,../../GraPPI_data/PDB/new_dimer_db/6V3N.pdb,1.0
6V3P,D,A,../../GraPPI_data/PDB/new_dimer_db/6V3P.pdb,1.0
6V4H,B,A,../../GraPPI_data/PDB/new_dimer_db/6V4H.pdb,1.0
6V62,Y,A,../../GraPPI_data/PDB/new_dimer_db/6V62.pdb,1.0
6V6A,B,A,../../GraPPI_data/PDB/new_dimer_db/6V6A.pdb,1.0
6V7M,A,B,../../GraPPI_data/PDB/new_dimer_db/6V7M.pdb,1.0
6V7P,A,B,../../GraPPI_data/PDB/new_dimer_db/6V7P.pdb,1.0
6V7R,D,C,../../GraPPI_data/PDB/new_dimer_db/6V7R.pdb,1.0
6V7S,C,A,../../GraPPI_data/PDB/new_dimer_db/6V7S.pdb,1.0
6VAX,B,A,../../GraPPI_data/PDB/new_dimer_db/6VAX.pdb,1.0
6VBG,A,C,../../GraPPI_data/PDB/new_dimer_db/6VBG.pdb,1.0
6VBX,A,B,../../GraPPI_data/PDB/new_dimer_db/6VBX.pdb,1.0
6VCM,A,B,../../GraPPI_data/PDB/new_dimer_db/6VCM.pdb,1.0
6VDB,A,H,../../GraPPI_data/PDB/new_dimer_db/6VDB.pdb,1.0
6VE5,A,B,../../GraPPI_data/PDB/new_dimer_db/6VE5.pdb,1.0
6VEK,A,I,../../GraPPI_data/PDB/new_dimer_db/6VEK.pdb,1.0
6VER,A,B,../../GraPPI_data/PDB/new_dimer_db/6VER.pdb,1.0
6VES,A,B,../../GraPPI_data/PDB/new_dimer_db/6VES.pdb,1.0
6VHH,A,B,../../GraPPI_data/PDB/new_dimer_db/6VHH.pdb,1.0
6VIL,D,F,../../GraPPI_data/PDB/new_dimer_db/6VIL.pdb,1.0
6VO5,A,C,../../GraPPI_data/PDB/new_dimer_db/6VO5.pdb,1.0
6VRB,A,C,../../GraPPI_data/PDB/new_dimer_db/6VRB.pdb,1.0
6VRO,A,B,../../GraPPI_data/PDB/new_dimer_db/6VRO.pdb,1.0
6VU5,A,B,../../GraPPI_data/PDB/new_dimer_db/6VU5.pdb,1.0
6VW7,B,A,../../GraPPI_data/PDB/new_dimer_db/6VW7.pdb,1.0
6VXY,A,C,../../GraPPI_data/PDB/new_dimer_db/6VXY.pdb,1.0
6W3H,A,B,../../GraPPI_data/PDB/new_dimer_db/6W3H.pdb,1.0
6W4K,A,B,../../GraPPI_data/PDB/new_dimer_db/6W4K.pdb,1.0
6W7O,A,C,../../GraPPI_data/PDB/new_dimer_db/6W7O.pdb,1.0
6W98,A,B,../../GraPPI_data/PDB/new_dimer_db/6W98.pdb,1.0
6W9A,B,A,../../GraPPI_data/PDB/new_dimer_db/6W9A.pdb,1.0
6W9K,A,B,../../GraPPI_data/PDB/new_dimer_db/6W9K.pdb,1.0
6W9L,A,B,../../GraPPI_data/PDB/new_dimer_db/6W9L.pdb,1.0
6W9R,M,A,../../GraPPI_data/PDB/new_dimer_db/6W9R.pdb,1.0
6W9S,A,B,../../GraPPI_data/PDB/new_dimer_db/6W9S.pdb,1.0
6WAR,A,B,../../GraPPI_data/PDB/new_dimer_db/6WAR.pdb,1.0
6WAU,B,E,../../GraPPI_data/PDB/new_dimer_db/6WAU.pdb,1.0
6WAV,A,E,../../GraPPI_data/PDB/new_dimer_db/6WAV.pdb,1.0
6WBC,A,B,../../GraPPI_data/PDB/new_dimer_db/6WBC.pdb,1.0
6WC3,A,B,../../GraPPI_data/PDB/new_dimer_db/6WC3.pdb,1.0
6WCW,B,A,../../GraPPI_data/PDB/new_dimer_db/6WCW.pdb,1.0
6WGN,F,A,../../GraPPI_data/PDB/new_dimer_db/6WGN.pdb,1.0
6WH0,A,B,../../GraPPI_data/PDB/new_dimer_db/6WH0.pdb,1.0
6WH1,A,B,../../GraPPI_data/PDB/new_dimer_db/6WH1.pdb,1.0
6WJC,A,C,../../GraPPI_data/PDB/new_dimer_db/6WJC.pdb,1.0
6WJQ,A,C,../../GraPPI_data/PDB/new_dimer_db/6WJQ.pdb,1.0
6WKQ,B,A,../../GraPPI_data/PDB/new_dimer_db/6WKQ.pdb,1.0
6WMK,B,A,../../GraPPI_data/PDB/new_dimer_db/6WMK.pdb,1.0
6WO1,A,B,../../GraPPI_data/PDB/new_dimer_db/6WO1.pdb,1.0
6WQU,C,D,../../GraPPI_data/PDB/new_dimer_db/6WQU.pdb,1.0
6WQX,B,C,../../GraPPI_data/PDB/new_dimer_db/6WQX.pdb,1.0
6WUD,A,B,../../GraPPI_data/PDB/new_dimer_db/6WUD.pdb,1.0
6WW9,A,X,../../GraPPI_data/PDB/new_dimer_db/6WW9.pdb,1.0
6WX7,A,B,../../GraPPI_data/PDB/new_dimer_db/6WX7.pdb,1.0
6WX8,B,A,../../GraPPI_data/PDB/new_dimer_db/6WX8.pdb,1.0
6WX9,A,B,../../GraPPI_data/PDB/new_dimer_db/6WX9.pdb,1.0
6WXV,A,B,../../GraPPI_data/PDB/new_dimer_db/6WXV.pdb,1.0
6WY6,D,B,../../GraPPI_data/PDB/new_dimer_db/6WY6.pdb,1.0
6X05,A,K,../../GraPPI_data/PDB/new_dimer_db/6X05.pdb,1.0
6X07,A,B,../../GraPPI_data/PDB/new_dimer_db/6X07.pdb,1.0
6X0A,a,A,../../GraPPI_data/PDB/new_dimer_db/6X0A.pdb,1.0
6X1G,B,A,../../GraPPI_data/PDB/new_dimer_db/6X1G.pdb,1.0
6X3D,A,B,../../GraPPI_data/PDB/new_dimer_db/6X3D.pdb,1.0
6X5G,A,B,../../GraPPI_data/PDB/new_dimer_db/6X5G.pdb,1.0
6X5Q,A,B,../../GraPPI_data/PDB/new_dimer_db/6X5Q.pdb,1.0
6X61,B,A,../../GraPPI_data/PDB/new_dimer_db/6X61.pdb,1.0
6X90,B,A,../../GraPPI_data/PDB/new_dimer_db/6X90.pdb,1.0
6XA7,A,C,../../GraPPI_data/PDB/new_dimer_db/6XA7.pdb,1.0
6XAR,A,C,../../GraPPI_data/PDB/new_dimer_db/6XAR.pdb,1.0
6XAW,A,B,../../GraPPI_data/PDB/new_dimer_db/6XAW.pdb,1.0
6XF1,B,A,../../GraPPI_data/PDB/new_dimer_db/6XF1.pdb,1.0
6XFK,A,B,../../GraPPI_data/PDB/new_dimer_db/6XFK.pdb,1.0
6XGZ,B,A,../../GraPPI_data/PDB/new_dimer_db/6XGZ.pdb,1.0
6XKB,A,G,../../GraPPI_data/PDB/new_dimer_db/6XKB.pdb,1.0
6XOD,A,B,../../GraPPI_data/PDB/new_dimer_db/6XOD.pdb,1.0
6XQO,I,J,../../GraPPI_data/PDB/new_dimer_db/6XQO.pdb,1.0
6XS7,A,B,../../GraPPI_data/PDB/new_dimer_db/6XS7.pdb,1.0
6XS8,A,B,../../GraPPI_data/PDB/new_dimer_db/6XS8.pdb,1.0
6XS9,A,C,../../GraPPI_data/PDB/new_dimer_db/6XS9.pdb,1.0
6XSA,A,B,../../GraPPI_data/PDB/new_dimer_db/6XSA.pdb,1.0
6XTD,A,B,../../GraPPI_data/PDB/new_dimer_db/6XTD.pdb,1.0
6XTS,A,C,../../GraPPI_data/PDB/new_dimer_db/6XTS.pdb,1.0
6XWG,C,D,../../GraPPI_data/PDB/new_dimer_db/6XWG.pdb,1.0
6XWX,A,B,../../GraPPI_data/PDB/new_dimer_db/6XWX.pdb,1.0
6XY4,A,B,../../GraPPI_data/PDB/new_dimer_db/6XY4.pdb,1.0
6XY6,B,A,../../GraPPI_data/PDB/new_dimer_db/6XY6.pdb,1.0
6XZ1,A,C,../../GraPPI_data/PDB/new_dimer_db/6XZ1.pdb,1.0
6XZ6,B,A,../../GraPPI_data/PDB/new_dimer_db/6XZ6.pdb,1.0
6XZU,A,B,../../GraPPI_data/PDB/new_dimer_db/6XZU.pdb,1.0
6Y2O,A,B,../../GraPPI_data/PDB/new_dimer_db/6Y2O.pdb,1.0
6Y4L,A,B,../../GraPPI_data/PDB/new_dimer_db/6Y4L.pdb,1.0
6Y5W,A,B,../../GraPPI_data/PDB/new_dimer_db/6Y5W.pdb,1.0
6Y62,A,B,../../GraPPI_data/PDB/new_dimer_db/6Y62.pdb,1.0
6Y9N,A,B,../../GraPPI_data/PDB/new_dimer_db/6Y9N.pdb,1.0
6Y9P,G,H,../../GraPPI_data/PDB/new_dimer_db/6Y9P.pdb,1.0
6Y9Q,B,D,../../GraPPI_data/PDB/new_dimer_db/6Y9Q.pdb,1.0
6YA8,A,B,../../GraPPI_data/PDB/new_dimer_db/6YA8.pdb,1.0
6YCR,A,B,../../GraPPI_data/PDB/new_dimer_db/6YCR.pdb,1.0
6YEV,A,E,../../GraPPI_data/PDB/new_dimer_db/6YEV.pdb,1.0
6YGU,B,A,../../GraPPI_data/PDB/new_dimer_db/6YGU.pdb,1.0
6YJP,A,C,../../GraPPI_data/PDB/new_dimer_db/6YJP.pdb,1.0
6YLI,B,A,../../GraPPI_data/PDB/new_dimer_db/6YLI.pdb,1.0
6YN0,A,B,../../GraPPI_data/PDB/new_dimer_db/6YN0.pdb,1.0
6YNU,B,A,../../GraPPI_data/PDB/new_dimer_db/6YNU.pdb,1.0
6YOO,A,B,../../GraPPI_data/PDB/new_dimer_db/6YOO.pdb,1.0
6YP9,A,B,../../GraPPI_data/PDB/new_dimer_db/6YP9.pdb,1.0
6YR8,A,B,../../GraPPI_data/PDB/new_dimer_db/6YR8.pdb,1.0
6YT3,A,B,../../GraPPI_data/PDB/new_dimer_db/6YT3.pdb,1.0
6YU8,A,B,../../GraPPI_data/PDB/new_dimer_db/6YU8.pdb,1.0
6YUB,B,A,../../GraPPI_data/PDB/new_dimer_db/6YUB.pdb,1.0
6YW4,A,B,../../GraPPI_data/PDB/new_dimer_db/6YW4.pdb,1.0
6YX5,A,B,../../GraPPI_data/PDB/new_dimer_db/6YX5.pdb,1.0
6YXG,A,H,../../GraPPI_data/PDB/new_dimer_db/6YXG.pdb,1.0
6YXJ,A,B,../../GraPPI_data/PDB/new_dimer_db/6YXJ.pdb,1.0
6YXQ,A,B,../../GraPPI_data/PDB/new_dimer_db/6YXQ.pdb,1.0
6YXW,B,A,../../GraPPI_data/PDB/new_dimer_db/6YXW.pdb,1.0
6YYE,A,C,../../GraPPI_data/PDB/new_dimer_db/6YYE.pdb,1.0
6Z10,A,B,../../GraPPI_data/PDB/new_dimer_db/6Z10.pdb,1.0
6Z20,B,A,../../GraPPI_data/PDB/new_dimer_db/6Z20.pdb,1.0
6Z2P,A,C,../../GraPPI_data/PDB/new_dimer_db/6Z2P.pdb,1.0
6Z81,A,C,../../GraPPI_data/PDB/new_dimer_db/6Z81.pdb,1.0
6ZBK,A,B,../../GraPPI_data/PDB/new_dimer_db/6ZBK.pdb,1.0
6ZBV,A,B,../../GraPPI_data/PDB/new_dimer_db/6ZBV.pdb,1.0
6ZDT,A,B,../../GraPPI_data/PDB/new_dimer_db/6ZDT.pdb,1.0
6ZDX,A,B,../../GraPPI_data/PDB/new_dimer_db/6ZDX.pdb,1.0
6ZE1,A,B,../../GraPPI_data/PDB/new_dimer_db/6ZE1.pdb,1.0
6ZEI,A,C,../../GraPPI_data/PDB/new_dimer_db/6ZEI.pdb,1.0
6ZH1,A,B,../../GraPPI_data/PDB/new_dimer_db/6ZH1.pdb,1.0
6ZHI,A,D,../../GraPPI_data/PDB/new_dimer_db/6ZHI.pdb,1.0
6ZIE,A,B,../../GraPPI_data/PDB/new_dimer_db/6ZIE.pdb,1.0
6ZL1,A,C,../../GraPPI_data/PDB/new_dimer_db/6ZL1.pdb,1.0
6ZPJ,A,B,../../GraPPI_data/PDB/new_dimer_db/6ZPJ.pdb,1.0
6ZQK,B,A,../../GraPPI_data/PDB/new_dimer_db/6ZQK.pdb,1.0
6ZQS,A,B,../../GraPPI_data/PDB/new_dimer_db/6ZQS.pdb,1.0
6ZR5,A,C,../../GraPPI_data/PDB/new_dimer_db/6ZR5.pdb,1.0
6ZRC,A,P,../../GraPPI_data/PDB/new_dimer_db/6ZRC.pdb,1.0
6ZRD,A,P,../../GraPPI_data/PDB/new_dimer_db/6ZRD.pdb,1.0
6ZRN,D,A,../../GraPPI_data/PDB/new_dimer_db/6ZRN.pdb,1.0
6ZRV,A,B,../../GraPPI_data/PDB/new_dimer_db/6ZRV.pdb,1.0
6ZS5,A,D,../../GraPPI_data/PDB/new_dimer_db/6ZS5.pdb,1.0
6ZSH,B,A,../../GraPPI_data/PDB/new_dimer_db/6ZSH.pdb,1.0
6ZUE,A,B,../../GraPPI_data/PDB/new_dimer_db/6ZUE.pdb,1.0
6ZXW,G,H,../../GraPPI_data/PDB/new_dimer_db/6ZXW.pdb,1.0
6ZZG,A,K,../../GraPPI_data/PDB/new_dimer_db/6ZZG.pdb,1.0
7A17,B,A,../../GraPPI_data/PDB/new_dimer_db/7A17.pdb,1.0
7A1S,A,B,../../GraPPI_data/PDB/new_dimer_db/7A1S.pdb,1.0
7A2Z,A,B,../../GraPPI_data/PDB/new_dimer_db/7A2Z.pdb,1.0
7A4Y,D,E,../../GraPPI_data/PDB/new_dimer_db/7A4Y.pdb,1.0
7A67,A,B,../../GraPPI_data/PDB/new_dimer_db/7A67.pdb,1.0
7ACV,A,C,../../GraPPI_data/PDB/new_dimer_db/7ACV.pdb,1.0
7ACW,B,A,../../GraPPI_data/PDB/new_dimer_db/7ACW.pdb,1.0
7ACX,B,A,../../GraPPI_data/PDB/new_dimer_db/7ACX.pdb,1.0
7ADK,A,B,../../GraPPI_data/PDB/new_dimer_db/7ADK.pdb,1.0
7AL7,A,B,../../GraPPI_data/PDB/new_dimer_db/7AL7.pdb,1.0
7ANQ,A,B,../../GraPPI_data/PDB/new_dimer_db/7ANQ.pdb,1.0
7APJ,A,B,../../GraPPI_data/PDB/new_dimer_db/7APJ.pdb,1.0
7AX1,A,B,../../GraPPI_data/PDB/new_dimer_db/7AX1.pdb,1.0
7AYE,A,B,../../GraPPI_data/PDB/new_dimer_db/7AYE.pdb,1.0
7AZB,A,B,../../GraPPI_data/PDB/new_dimer_db/7AZB.pdb,1.0
7B4T,B,A,../../GraPPI_data/PDB/new_dimer_db/7B4T.pdb,1.0
7B4V,D,C,../../GraPPI_data/PDB/new_dimer_db/7B4V.pdb,1.0
7B4W,B,A,../../GraPPI_data/PDB/new_dimer_db/7B4W.pdb,1.0
7B51,B,A,../../GraPPI_data/PDB/new_dimer_db/7B51.pdb,1.0
7B57,B,A,../../GraPPI_data/PDB/new_dimer_db/7B57.pdb,1.0
7B5G,B,A,../../GraPPI_data/PDB/new_dimer_db/7B5G.pdb,1.0
7B80,B,A,../../GraPPI_data/PDB/new_dimer_db/7B80.pdb,1.0
7BC7,A,B,../../GraPPI_data/PDB/new_dimer_db/7BC7.pdb,1.0
7BH9,A,E,../../GraPPI_data/PDB/new_dimer_db/7BH9.pdb,1.0
7BHF,B,A,../../GraPPI_data/PDB/new_dimer_db/7BHF.pdb,1.0
7BJN,A,B,../../GraPPI_data/PDB/new_dimer_db/7BJN.pdb,1.0
7BN3,D,A,../../GraPPI_data/PDB/new_dimer_db/7BN3.pdb,1.0
7BP2,B,A,../../GraPPI_data/PDB/new_dimer_db/7BP2.pdb,1.0
7BPH,A,B,../../GraPPI_data/PDB/new_dimer_db/7BPH.pdb,1.0
7BPY,B,A,../../GraPPI_data/PDB/new_dimer_db/7BPY.pdb,1.0
7BQZ,A,B,../../GraPPI_data/PDB/new_dimer_db/7BQZ.pdb,1.0
7BU5,A,B,../../GraPPI_data/PDB/new_dimer_db/7BU5.pdb,1.0
7BU7,A,B,../../GraPPI_data/PDB/new_dimer_db/7BU7.pdb,1.0
7BV4,A,C,../../GraPPI_data/PDB/new_dimer_db/7BV4.pdb,1.0
7BV5,A,C,../../GraPPI_data/PDB/new_dimer_db/7BV5.pdb,1.0
7BWN,F,L,../../GraPPI_data/PDB/new_dimer_db/7BWN.pdb,1.0
7BWT,A,B,../../GraPPI_data/PDB/new_dimer_db/7BWT.pdb,1.0
7BXH,A,B,../../GraPPI_data/PDB/new_dimer_db/7BXH.pdb,1.0
7BZK,A,B,../../GraPPI_data/PDB/new_dimer_db/7BZK.pdb,1.0
7C08,A,B,../../GraPPI_data/PDB/new_dimer_db/7C08.pdb,1.0
7C2F,B,A,../../GraPPI_data/PDB/new_dimer_db/7C2F.pdb,1.0
7C2H,A,G,../../GraPPI_data/PDB/new_dimer_db/7C2H.pdb,1.0
7C41,D,A,../../GraPPI_data/PDB/new_dimer_db/7C41.pdb,1.0
7C5D,A,C,../../GraPPI_data/PDB/new_dimer_db/7C5D.pdb,1.0
7C77,A,B,../../GraPPI_data/PDB/new_dimer_db/7C77.pdb,1.0
7C7J,A,C,../../GraPPI_data/PDB/new_dimer_db/7C7J.pdb,1.0
7C7L,A,B,../../GraPPI_data/PDB/new_dimer_db/7C7L.pdb,1.0
7C7S,A,B,../../GraPPI_data/PDB/new_dimer_db/7C7S.pdb,1.0
7C8W,A,B,../../GraPPI_data/PDB/new_dimer_db/7C8W.pdb,1.0
7C96,A,B,../../GraPPI_data/PDB/new_dimer_db/7C96.pdb,1.0
7CCE,A,P,../../GraPPI_data/PDB/new_dimer_db/7CCE.pdb,1.0
7CD8,B,A,../../GraPPI_data/PDB/new_dimer_db/7CD8.pdb,1.0
7CDB,B,C,../../GraPPI_data/PDB/new_dimer_db/7CDB.pdb,1.0
7CFC,F,A,../../GraPPI_data/PDB/new_dimer_db/7CFC.pdb,1.0
7CFD,E,A,../../GraPPI_data/PDB/new_dimer_db/7CFD.pdb,1.0
7CFX,C,K,../../GraPPI_data/PDB/new_dimer_db/7CFX.pdb,1.0
7CI2,A,C,../../GraPPI_data/PDB/new_dimer_db/7CI2.pdb,1.0
7CMZ,A,B,../../GraPPI_data/PDB/new_dimer_db/7CMZ.pdb,1.0
7CN7,A,C,../../GraPPI_data/PDB/new_dimer_db/7CN7.pdb,1.0
7CQ3,A,B,../../GraPPI_data/PDB/new_dimer_db/7CQ3.pdb,1.0
7CQ4,A,B,../../GraPPI_data/PDB/new_dimer_db/7CQ4.pdb,1.0
7CQH,B,A,../../GraPPI_data/PDB/new_dimer_db/7CQH.pdb,1.0
7CQP,B,C,../../GraPPI_data/PDB/new_dimer_db/7CQP.pdb,1.0
7CRB,J,A,../../GraPPI_data/PDB/new_dimer_db/7CRB.pdb,1.0
7CRU,B,A,../../GraPPI_data/PDB/new_dimer_db/7CRU.pdb,1.0
7CU3,A,B,../../GraPPI_data/PDB/new_dimer_db/7CU3.pdb,1.0
7CUI,B,A,../../GraPPI_data/PDB/new_dimer_db/7CUI.pdb,1.0
7CVQ,A,B,../../GraPPI_data/PDB/new_dimer_db/7CVQ.pdb,1.0
7CXH,A,B,../../GraPPI_data/PDB/new_dimer_db/7CXH.pdb,1.0
7CYL,A,B,../../GraPPI_data/PDB/new_dimer_db/7CYL.pdb,1.0
7CYV,H,B,../../GraPPI_data/PDB/new_dimer_db/7CYV.pdb,1.0
7CZ0,A,E,../../GraPPI_data/PDB/new_dimer_db/7CZ0.pdb,1.0
7CZD,B,A,../../GraPPI_data/PDB/new_dimer_db/7CZD.pdb,1.0
7D0S,A,B,../../GraPPI_data/PDB/new_dimer_db/7D0S.pdb,1.0
7D2S,A,B,../../GraPPI_data/PDB/new_dimer_db/7D2S.pdb,1.0
7D2T,B,A,../../GraPPI_data/PDB/new_dimer_db/7D2T.pdb,1.0
7D2Z,A,B,../../GraPPI_data/PDB/new_dimer_db/7D2Z.pdb,1.0
7D30,A,B,../../GraPPI_data/PDB/new_dimer_db/7D30.pdb,1.0
7D3D,a,A,../../GraPPI_data/PDB/new_dimer_db/7D3D.pdb,1.0
7D4B,A,B,../../GraPPI_data/PDB/new_dimer_db/7D4B.pdb,1.0
7D8B,B,A,../../GraPPI_data/PDB/new_dimer_db/7D8B.pdb,1.0
7D9W,B,A,../../GraPPI_data/PDB/new_dimer_db/7D9W.pdb,1.0
7DA5,A,B,../../GraPPI_data/PDB/new_dimer_db/7DA5.pdb,1.0
7DCD,B,A,../../GraPPI_data/PDB/new_dimer_db/7DCD.pdb,1.0
7DCR,x,y,../../GraPPI_data/PDB/new_dimer_db/7DCR.pdb,1.0
7DD3,x,y,../../GraPPI_data/PDB/new_dimer_db/7DD3.pdb,1.0
7DDM,A,E,../../GraPPI_data/PDB/new_dimer_db/7DDM.pdb,1.0
7DDX,A,B,../../GraPPI_data/PDB/new_dimer_db/7DDX.pdb,1.0
7DEO,B,A,../../GraPPI_data/PDB/new_dimer_db/7DEO.pdb,1.0
7DET,B,A,../../GraPPI_data/PDB/new_dimer_db/7DET.pdb,1.0
7DG5,B,A,../../GraPPI_data/PDB/new_dimer_db/7DG5.pdb,1.0
7DMA,A,B,../../GraPPI_data/PDB/new_dimer_db/7DMA.pdb,1.0
7DN9,B,A,../../GraPPI_data/PDB/new_dimer_db/7DN9.pdb,1.0
7DNA,A,F,../../GraPPI_data/PDB/new_dimer_db/7DNA.pdb,1.0
7DNE,A,C,../../GraPPI_data/PDB/new_dimer_db/7DNE.pdb,1.0
7DNG,A,B,../../GraPPI_data/PDB/new_dimer_db/7DNG.pdb,1.0
7DNN,B,A,../../GraPPI_data/PDB/new_dimer_db/7DNN.pdb,1.0
7DO4,A,B,../../GraPPI_data/PDB/new_dimer_db/7DO4.pdb,1.0
7DTD,B,A,../../GraPPI_data/PDB/new_dimer_db/7DTD.pdb,1.0
7E0Z,A,B,../../GraPPI_data/PDB/new_dimer_db/7E0Z.pdb,1.0
7E11,A,B,../../GraPPI_data/PDB/new_dimer_db/7E11.pdb,1.0
7E1S,B,A,../../GraPPI_data/PDB/new_dimer_db/7E1S.pdb,1.0
7E40,B,A,../../GraPPI_data/PDB/new_dimer_db/7E40.pdb,1.0
7E5B,D,A,../../GraPPI_data/PDB/new_dimer_db/7E5B.pdb,1.0
7E5E,A,E,../../GraPPI_data/PDB/new_dimer_db/7E5E.pdb,1.0
7E9M,B,A,../../GraPPI_data/PDB/new_dimer_db/7E9M.pdb,1.0
7EA1,A,C,../../GraPPI_data/PDB/new_dimer_db/7EA1.pdb,1.0
7ECA,A,B,../../GraPPI_data/PDB/new_dimer_db/7ECA.pdb,1.0
7EDP,B,A,../../GraPPI_data/PDB/new_dimer_db/7EDP.pdb,1.0
7EF0,A,P,../../GraPPI_data/PDB/new_dimer_db/7EF0.pdb,1.0
7EGS,A,B,../../GraPPI_data/PDB/new_dimer_db/7EGS.pdb,1.0
7EGT,D,A,../../GraPPI_data/PDB/new_dimer_db/7EGT.pdb,1.0
7EGU,A,B,../../GraPPI_data/PDB/new_dimer_db/7EGU.pdb,1.0
7EIC,A,B,../../GraPPI_data/PDB/new_dimer_db/7EIC.pdb,1.0
7EKN,B,A,../../GraPPI_data/PDB/new_dimer_db/7EKN.pdb,1.0
7EL1,A,E,../../GraPPI_data/PDB/new_dimer_db/7EL1.pdb,1.0
7ELC,A,B,../../GraPPI_data/PDB/new_dimer_db/7ELC.pdb,1.0
7ENH,A,B,../../GraPPI_data/PDB/new_dimer_db/7ENH.pdb,1.0
7ENI,A,C,../../GraPPI_data/PDB/new_dimer_db/7ENI.pdb,1.0
7EOW,A,B,../../GraPPI_data/PDB/new_dimer_db/7EOW.pdb,1.0
7EP7,A,B,../../GraPPI_data/PDB/new_dimer_db/7EP7.pdb,1.0
7EPU,A,B,../../GraPPI_data/PDB/new_dimer_db/7EPU.pdb,1.0
7EQX,A,C,../../GraPPI_data/PDB/new_dimer_db/7EQX.pdb,1.0
7EQZ,A,I,../../GraPPI_data/PDB/new_dimer_db/7EQZ.pdb,1.0
7ET0,B,A,../../GraPPI_data/PDB/new_dimer_db/7ET0.pdb,1.0
7EV8,A,B,../../GraPPI_data/PDB/new_dimer_db/7EV8.pdb,1.0
7EVR,B,A,../../GraPPI_data/PDB/new_dimer_db/7EVR.pdb,1.0
7EVS,A,C,../../GraPPI_data/PDB/new_dimer_db/7EVS.pdb,1.0
7EZW,A,B,../../GraPPI_data/PDB/new_dimer_db/7EZW.pdb,1.0
7F07,A,C,../../GraPPI_data/PDB/new_dimer_db/7F07.pdb,1.0
7F0U,A,C,../../GraPPI_data/PDB/new_dimer_db/7F0U.pdb,1.0
7F15,A,B,../../GraPPI_data/PDB/new_dimer_db/7F15.pdb,1.0
7F28,B,A,../../GraPPI_data/PDB/new_dimer_db/7F28.pdb,1.0
7F2R,B,A,../../GraPPI_data/PDB/new_dimer_db/7F2R.pdb,1.0
7F3S,A,B,../../GraPPI_data/PDB/new_dimer_db/7F3S.pdb,1.0
7F4S,D,A,../../GraPPI_data/PDB/new_dimer_db/7F4S.pdb,1.0
7F61,A,B,../../GraPPI_data/PDB/new_dimer_db/7F61.pdb,1.0
7F6L,A,B,../../GraPPI_data/PDB/new_dimer_db/7F6L.pdb,1.0
7F7G,A,C,../../GraPPI_data/PDB/new_dimer_db/7F7G.pdb,1.0
7F7I,A,G,../../GraPPI_data/PDB/new_dimer_db/7F7I.pdb,1.0
7F9L,B,G,../../GraPPI_data/PDB/new_dimer_db/7F9L.pdb,1.0
7F9N,A,C,../../GraPPI_data/PDB/new_dimer_db/7F9N.pdb,1.0
7FAD,A,B,../../GraPPI_data/PDB/new_dimer_db/7FAD.pdb,1.0
7FAX,A,B,../../GraPPI_data/PDB/new_dimer_db/7FAX.pdb,1.0
7FB5,A,B,../../GraPPI_data/PDB/new_dimer_db/7FB5.pdb,1.0
7FC3,E,A,../../GraPPI_data/PDB/new_dimer_db/7FC3.pdb,1.0
7FDL,K,L,../../GraPPI_data/PDB/new_dimer_db/7FDL.pdb,1.0
7FDM,A,C,../../GraPPI_data/PDB/new_dimer_db/7FDM.pdb,1.0
7FDO,A,B,../../GraPPI_data/PDB/new_dimer_db/7FDO.pdb,1.0
7FGM,A,B,../../GraPPI_data/PDB/new_dimer_db/7FGM.pdb,1.0
7FIW,A,B,../../GraPPI_data/PDB/new_dimer_db/7FIW.pdb,1.0
7FK9,A,B,../../GraPPI_data/PDB/new_dimer_db/7FK9.pdb,1.0
7G9B,A,B,../../GraPPI_data/PDB/new_dimer_db/7G9B.pdb,1.0
7JKB,A,B,../../GraPPI_data/PDB/new_dimer_db/7JKB.pdb,1.0
7JMK,B,A,../../GraPPI_data/PDB/new_dimer_db/7JMK.pdb,1.0
7JQD,A,B,../../GraPPI_data/PDB/new_dimer_db/7JQD.pdb,1.0
7JR2,A,G,../../GraPPI_data/PDB/new_dimer_db/7JR2.pdb,1.0
7JTR,A,B,../../GraPPI_data/PDB/new_dimer_db/7JTR.pdb,1.0
7JTT,A,B,../../GraPPI_data/PDB/new_dimer_db/7JTT.pdb,1.0
7JTU,A,B,../../GraPPI_data/PDB/new_dimer_db/7JTU.pdb,1.0
7JUM,H,A,../../GraPPI_data/PDB/new_dimer_db/7JUM.pdb,1.0
7JW7,A,B,../../GraPPI_data/PDB/new_dimer_db/7JW7.pdb,1.0
7JXU,A,C,../../GraPPI_data/PDB/new_dimer_db/7JXU.pdb,1.0
7JXV,A,B,../../GraPPI_data/PDB/new_dimer_db/7JXV.pdb,1.0
7JZ1,H,L,../../GraPPI_data/PDB/new_dimer_db/7JZ1.pdb,1.0
7JZ4,D,A,../../GraPPI_data/PDB/new_dimer_db/7JZ4.pdb,1.0
7JZI,B,A,../../GraPPI_data/PDB/new_dimer_db/7JZI.pdb,1.0
7JZK,C,D,../../GraPPI_data/PDB/new_dimer_db/7JZK.pdb,1.0
7JZM,A,B,../../GraPPI_data/PDB/new_dimer_db/7JZM.pdb,1.0
7JZU,A,B,../../GraPPI_data/PDB/new_dimer_db/7JZU.pdb,1.0
7K0X,C,D,../../GraPPI_data/PDB/new_dimer_db/7K0X.pdb,1.0
7K0Z,D,C,../../GraPPI_data/PDB/new_dimer_db/7K0Z.pdb,1.0
7K65,A,B,../../GraPPI_data/PDB/new_dimer_db/7K65.pdb,1.0
7K84,A,B,../../GraPPI_data/PDB/new_dimer_db/7K84.pdb,1.0
7KC4,D,B,../../GraPPI_data/PDB/new_dimer_db/7KC4.pdb,1.0
7KDC,A,C,../../GraPPI_data/PDB/new_dimer_db/7KDC.pdb,1.0
7KDT,A,B,../../GraPPI_data/PDB/new_dimer_db/7KDT.pdb,1.0
7KFK,A,E,../../GraPPI_data/PDB/new_dimer_db/7KFK.pdb,1.0
7KGK,A,B,../../GraPPI_data/PDB/new_dimer_db/7KGK.pdb,1.0
7KHT,A,B,../../GraPPI_data/PDB/new_dimer_db/7KHT.pdb,1.0
7KJH,A,C,../../GraPPI_data/PDB/new_dimer_db/7KJH.pdb,1.0
7KJI,A,B,../../GraPPI_data/PDB/new_dimer_db/7KJI.pdb,1.0
7KL5,A,B,../../GraPPI_data/PDB/new_dimer_db/7KL5.pdb,1.0
7KM5,A,D,../../GraPPI_data/PDB/new_dimer_db/7KM5.pdb,1.0
7KNF,A,C,../../GraPPI_data/PDB/new_dimer_db/7KNF.pdb,1.0
7KNT,E,R,../../GraPPI_data/PDB/new_dimer_db/7KNT.pdb,1.0
7KP4,A,B,../../GraPPI_data/PDB/new_dimer_db/7KP4.pdb,1.0
7KUG,B,A,../../GraPPI_data/PDB/new_dimer_db/7KUG.pdb,1.0
7KWO,A,V,../../GraPPI_data/PDB/new_dimer_db/7KWO.pdb,1.0
7KYB,A,B,../../GraPPI_data/PDB/new_dimer_db/7KYB.pdb,1.0
7L04,C,E,../../GraPPI_data/PDB/new_dimer_db/7L04.pdb,1.0
7L0G,A,C,../../GraPPI_data/PDB/new_dimer_db/7L0G.pdb,1.0
7L3L,B,A,../../GraPPI_data/PDB/new_dimer_db/7L3L.pdb,1.0
7L5M,A,B,../../GraPPI_data/PDB/new_dimer_db/7L5M.pdb,1.0
7L97,A,B,../../GraPPI_data/PDB/new_dimer_db/7L97.pdb,1.0
7LC1,B,A,../../GraPPI_data/PDB/new_dimer_db/7LC1.pdb,1.0
7LEW,A,B,../../GraPPI_data/PDB/new_dimer_db/7LEW.pdb,1.0
7LFC,A,B,../../GraPPI_data/PDB/new_dimer_db/7LFC.pdb,1.0
7LFS,A,E,../../GraPPI_data/PDB/new_dimer_db/7LFS.pdb,1.0
7LJ0,A,B,../../GraPPI_data/PDB/new_dimer_db/7LJ0.pdb,1.0
7LKO,B,C,../../GraPPI_data/PDB/new_dimer_db/7LKO.pdb,1.0
7LKQ,A,B,../../GraPPI_data/PDB/new_dimer_db/7LKQ.pdb,1.0
7LP2,B,A,../../GraPPI_data/PDB/new_dimer_db/7LP2.pdb,1.0
7LP3,B,A,../../GraPPI_data/PDB/new_dimer_db/7LP3.pdb,1.0
7LT9,A,B,../../GraPPI_data/PDB/new_dimer_db/7LT9.pdb,1.0
7LTO,A,B,../../GraPPI_data/PDB/new_dimer_db/7LTO.pdb,1.0
7LWH,A,B,../../GraPPI_data/PDB/new_dimer_db/7LWH.pdb,1.0
7M2K,B,A,../../GraPPI_data/PDB/new_dimer_db/7M2K.pdb,1.0
7M3Q,A,B,../../GraPPI_data/PDB/new_dimer_db/7M3Q.pdb,1.0
7M4M,A,C,../../GraPPI_data/PDB/new_dimer_db/7M4M.pdb,1.0
7M5B,B,A,../../GraPPI_data/PDB/new_dimer_db/7M5B.pdb,1.0
7M5C,B,A,../../GraPPI_data/PDB/new_dimer_db/7M5C.pdb,1.0
7M5F,A,C,../../GraPPI_data/PDB/new_dimer_db/7M5F.pdb,1.0
7MC9,B,A,../../GraPPI_data/PDB/new_dimer_db/7MC9.pdb,1.0
7MIC,A,B,../../GraPPI_data/PDB/new_dimer_db/7MIC.pdb,1.0
7MKK,B,C,../../GraPPI_data/PDB/new_dimer_db/7MKK.pdb,1.0
7ML7,A,B,../../GraPPI_data/PDB/new_dimer_db/7ML7.pdb,1.0
7MLM,A,C,../../GraPPI_data/PDB/new_dimer_db/7MLM.pdb,1.0
7MMS,A,E,../../GraPPI_data/PDB/new_dimer_db/7MMS.pdb,1.0
7MNI,B,A,../../GraPPI_data/PDB/new_dimer_db/7MNI.pdb,1.0
7MO0,B,A,../../GraPPI_data/PDB/new_dimer_db/7MO0.pdb,1.0
7MO4,B,A,../../GraPPI_data/PDB/new_dimer_db/7MO4.pdb,1.0
7MON,A,B,../../GraPPI_data/PDB/new_dimer_db/7MON.pdb,1.0
7MRK,B,A,../../GraPPI_data/PDB/new_dimer_db/7MRK.pdb,1.0
7MRN,A,C,../../GraPPI_data/PDB/new_dimer_db/7MRN.pdb,1.0
7MRS,A,B,../../GraPPI_data/PDB/new_dimer_db/7MRS.pdb,1.0
7MU2,B,A,../../GraPPI_data/PDB/new_dimer_db/7MU2.pdb,1.0
7MVY,A,B,../../GraPPI_data/PDB/new_dimer_db/7MVY.pdb,1.0
7MWR,A,B,../../GraPPI_data/PDB/new_dimer_db/7MWR.pdb,1.0
7MYF,A,B,../../GraPPI_data/PDB/new_dimer_db/7MYF.pdb,1.0
7MYH,A,B,../../GraPPI_data/PDB/new_dimer_db/7MYH.pdb,1.0
7N0E,B,A,../../GraPPI_data/PDB/new_dimer_db/7N0E.pdb,1.0
7N0R,A,C,../../GraPPI_data/PDB/new_dimer_db/7N0R.pdb,1.0
7N1J,A,B,../../GraPPI_data/PDB/new_dimer_db/7N1J.pdb,1.0
7N1N,A,B,../../GraPPI_data/PDB/new_dimer_db/7N1N.pdb,1.0
7N3T,A,C,../../GraPPI_data/PDB/new_dimer_db/7N3T.pdb,1.0
7N6J,A,B,../../GraPPI_data/PDB/new_dimer_db/7N6J.pdb,1.0
7N8J,A,B,../../GraPPI_data/PDB/new_dimer_db/7N8J.pdb,1.0
7N8X,B,A,../../GraPPI_data/PDB/new_dimer_db/7N8X.pdb,1.0
7N9A,A,E,../../GraPPI_data/PDB/new_dimer_db/7N9A.pdb,1.0
7N9H,C,A,../../GraPPI_data/PDB/new_dimer_db/7N9H.pdb,1.0
7NA9,A,D,../../GraPPI_data/PDB/new_dimer_db/7NA9.pdb,1.0
7NAM,A,B,../../GraPPI_data/PDB/new_dimer_db/7NAM.pdb,1.0
7NDF,B,C,../../GraPPI_data/PDB/new_dimer_db/7NDF.pdb,1.0
7NE1,A,B,../../GraPPI_data/PDB/new_dimer_db/7NE1.pdb,1.0
7NF6,B,A,../../GraPPI_data/PDB/new_dimer_db/7NF6.pdb,1.0
7NFR,A,B,../../GraPPI_data/PDB/new_dimer_db/7NFR.pdb,1.0
7NFT,A,C,../../GraPPI_data/PDB/new_dimer_db/7NFT.pdb,1.0
7NJ1,A,B,../../GraPPI_data/PDB/new_dimer_db/7NJ1.pdb,1.0
7NLC,A,B,../../GraPPI_data/PDB/new_dimer_db/7NLC.pdb,1.0
7NMI,A,B,../../GraPPI_data/PDB/new_dimer_db/7NMI.pdb,1.0
7NOW,B,A,../../GraPPI_data/PDB/new_dimer_db/7NOW.pdb,1.0
7NQA,D,A,../../GraPPI_data/PDB/new_dimer_db/7NQA.pdb,1.0
7NQK,A,B,../../GraPPI_data/PDB/new_dimer_db/7NQK.pdb,1.0
7NUF,A,C,../../GraPPI_data/PDB/new_dimer_db/7NUF.pdb,1.0
7NUS,D,A,../../GraPPI_data/PDB/new_dimer_db/7NUS.pdb,1.0
7NY8,A,C,../../GraPPI_data/PDB/new_dimer_db/7NY8.pdb,1.0
7NZ7,A,B,../../GraPPI_data/PDB/new_dimer_db/7NZ7.pdb,1.0
7O3B,A,G,../../GraPPI_data/PDB/new_dimer_db/7O3B.pdb,1.0
7OCC,A,D,../../GraPPI_data/PDB/new_dimer_db/7OCC.pdb,1.0
7ODU,A,B,../../GraPPI_data/PDB/new_dimer_db/7ODU.pdb,1.0
7OEJ,A,B,../../GraPPI_data/PDB/new_dimer_db/7OEJ.pdb,1.0
7OFK,A,C,../../GraPPI_data/PDB/new_dimer_db/7OFK.pdb,1.0
7OGG,R,Q,../../GraPPI_data/PDB/new_dimer_db/7OGG.pdb,1.0
7OHI,A,B,../../GraPPI_data/PDB/new_dimer_db/7OHI.pdb,1.0
7OJE,B,A,../../GraPPI_data/PDB/new_dimer_db/7OJE.pdb,1.0
7OK7,A,I,../../GraPPI_data/PDB/new_dimer_db/7OK7.pdb,1.0
7OK9,C,K,../../GraPPI_data/PDB/new_dimer_db/7OK9.pdb,1.0
7OPB,D,A,../../GraPPI_data/PDB/new_dimer_db/7OPB.pdb,1.0
7OPO,B,A,../../GraPPI_data/PDB/new_dimer_db/7OPO.pdb,1.0
7OS1,B,F,../../GraPPI_data/PDB/new_dimer_db/7OS1.pdb,1.0
7OUN,A,B,../../GraPPI_data/PDB/new_dimer_db/7OUN.pdb,1.0
7OVX,A,Q,../../GraPPI_data/PDB/new_dimer_db/7OVX.pdb,1.0
7OX5,B,A,../../GraPPI_data/PDB/new_dimer_db/7OX5.pdb,1.0
7OXG,A,C,../../GraPPI_data/PDB/new_dimer_db/7OXG.pdb,1.0
7OXH,A,B,../../GraPPI_data/PDB/new_dimer_db/7OXH.pdb,1.0
7OYH,A,B,../../GraPPI_data/PDB/new_dimer_db/7OYH.pdb,1.0
7P33,A,G,../../GraPPI_data/PDB/new_dimer_db/7P33.pdb,1.0
7P3I,B,A,../../GraPPI_data/PDB/new_dimer_db/7P3I.pdb,1.0
7P8K,B,A,../../GraPPI_data/PDB/new_dimer_db/7P8K.pdb,1.0
7P9W,A,B,../../GraPPI_data/PDB/new_dimer_db/7P9W.pdb,1.0
7PA5,A,B,../../GraPPI_data/PDB/new_dimer_db/7PA5.pdb,1.0
7PGP,F,N,../../GraPPI_data/PDB/new_dimer_db/7PGP.pdb,1.0
7PGQ,F,N,../../GraPPI_data/PDB/new_dimer_db/7PGQ.pdb,1.0
7PGS,N,F,../../GraPPI_data/PDB/new_dimer_db/7PGS.pdb,1.0
7PI6,B,A,../../GraPPI_data/PDB/new_dimer_db/7PI6.pdb,1.0
7PJH,A,B,../../GraPPI_data/PDB/new_dimer_db/7PJH.pdb,1.0
7PK4,A,B,../../GraPPI_data/PDB/new_dimer_db/7PK4.pdb,1.0
7PKL,H,L,../../GraPPI_data/PDB/new_dimer_db/7PKL.pdb,1.0
7PO7,G,H,../../GraPPI_data/PDB/new_dimer_db/7PO7.pdb,1.0
7PP2,A,B,../../GraPPI_data/PDB/new_dimer_db/7PP2.pdb,1.0
7PQ0,A,B,../../GraPPI_data/PDB/new_dimer_db/7PQ0.pdb,1.0
7PQQ,A,B,../../GraPPI_data/PDB/new_dimer_db/7PQQ.pdb,1.0
7PRX,A,B,../../GraPPI_data/PDB/new_dimer_db/7PRX.pdb,1.0
7PU4,B,A,../../GraPPI_data/PDB/new_dimer_db/7PU4.pdb,1.0
7PVT,B,A,../../GraPPI_data/PDB/new_dimer_db/7PVT.pdb,1.0
7PVX,B,A,../../GraPPI_data/PDB/new_dimer_db/7PVX.pdb,1.0
7PW9,A,C,../../GraPPI_data/PDB/new_dimer_db/7PW9.pdb,1.0
7PYV,A,C,../../GraPPI_data/PDB/new_dimer_db/7PYV.pdb,1.0
7Q1S,F,E,../../GraPPI_data/PDB/new_dimer_db/7Q1S.pdb,1.0
7Q1T,A,B,../../GraPPI_data/PDB/new_dimer_db/7Q1T.pdb,1.0
7Q1U,A,B,../../GraPPI_data/PDB/new_dimer_db/7Q1U.pdb,1.0
7Q2Z,E,C,../../GraPPI_data/PDB/new_dimer_db/7Q2Z.pdb,1.0
7Q42,B,A,../../GraPPI_data/PDB/new_dimer_db/7Q42.pdb,1.0
7Q44,B,A,../../GraPPI_data/PDB/new_dimer_db/7Q44.pdb,1.0
7Q45,C,D,../../GraPPI_data/PDB/new_dimer_db/7Q45.pdb,1.0
7Q62,A,B,../../GraPPI_data/PDB/new_dimer_db/7Q62.pdb,1.0
7Q72,A,C,../../GraPPI_data/PDB/new_dimer_db/7Q72.pdb,1.0
7Q83,B,A,../../GraPPI_data/PDB/new_dimer_db/7Q83.pdb,1.0
7Q8E,B,A,../../GraPPI_data/PDB/new_dimer_db/7Q8E.pdb,1.0
7QBO,A,P,../../GraPPI_data/PDB/new_dimer_db/7QBO.pdb,1.0
7QFB,A,B,../../GraPPI_data/PDB/new_dimer_db/7QFB.pdb,1.0
7QGS,B,A,../../GraPPI_data/PDB/new_dimer_db/7QGS.pdb,1.0
7QIH,B,A,../../GraPPI_data/PDB/new_dimer_db/7QIH.pdb,1.0
7QK4,A,B,../../GraPPI_data/PDB/new_dimer_db/7QK4.pdb,1.0
7QM2,A,B,../../GraPPI_data/PDB/new_dimer_db/7QM2.pdb,1.0
7QOT,A,C,../../GraPPI_data/PDB/new_dimer_db/7QOT.pdb,1.0
7QOX,B,D,../../GraPPI_data/PDB/new_dimer_db/7QOX.pdb,1.0
7QTO,A,B,../../GraPPI_data/PDB/new_dimer_db/7QTO.pdb,1.0
7QTW,A,B,../../GraPPI_data/PDB/new_dimer_db/7QTW.pdb,1.0
7QTX,A,B,../../GraPPI_data/PDB/new_dimer_db/7QTX.pdb,1.0
7QU8,A,C,../../GraPPI_data/PDB/new_dimer_db/7QU8.pdb,1.0
7QUD,A,B,../../GraPPI_data/PDB/new_dimer_db/7QUD.pdb,1.0
7QV8,A,D,../../GraPPI_data/PDB/new_dimer_db/7QV8.pdb,1.0
7QWV,A,B,../../GraPPI_data/PDB/new_dimer_db/7QWV.pdb,1.0
7R1V,A,B,../../GraPPI_data/PDB/new_dimer_db/7R1V.pdb,1.0
7R49,H,A,../../GraPPI_data/PDB/new_dimer_db/7R49.pdb,1.0
7R86,A,C,../../GraPPI_data/PDB/new_dimer_db/7R86.pdb,1.0
7R98,A,D,../../GraPPI_data/PDB/new_dimer_db/7R98.pdb,1.0
7RB3,B,A,../../GraPPI_data/PDB/new_dimer_db/7RB3.pdb,1.0
7RBS,B,A,../../GraPPI_data/PDB/new_dimer_db/7RBS.pdb,1.0
7RBY,B,A,../../GraPPI_data/PDB/new_dimer_db/7RBY.pdb,1.0
7RFY,A,B,../../GraPPI_data/PDB/new_dimer_db/7RFY.pdb,1.0
7RG1,A,B,../../GraPPI_data/PDB/new_dimer_db/7RG1.pdb,1.0
7RG2,A,B,../../GraPPI_data/PDB/new_dimer_db/7RG2.pdb,1.0
7RI1,A,B,../../GraPPI_data/PDB/new_dimer_db/7RI1.pdb,1.0
7RI2,A,B,../../GraPPI_data/PDB/new_dimer_db/7RI2.pdb,1.0
7RJM,A,B,../../GraPPI_data/PDB/new_dimer_db/7RJM.pdb,1.0
7RNN,C,D,../../GraPPI_data/PDB/new_dimer_db/7RNN.pdb,1.0
7ROV,A,E,../../GraPPI_data/PDB/new_dimer_db/7ROV.pdb,1.0
7RPK,A,H,../../GraPPI_data/PDB/new_dimer_db/7RPK.pdb,1.0
7RT7,D,A,../../GraPPI_data/PDB/new_dimer_db/7RT7.pdb,1.0
7RXQ,A,B,../../GraPPI_data/PDB/new_dimer_db/7RXQ.pdb,1.0
7RZZ,A,C,../../GraPPI_data/PDB/new_dimer_db/7RZZ.pdb,1.0
7S02,A,C,../../GraPPI_data/PDB/new_dimer_db/7S02.pdb,1.0
7S25,C,D,../../GraPPI_data/PDB/new_dimer_db/7S25.pdb,1.0
7S26,B,A,../../GraPPI_data/PDB/new_dimer_db/7S26.pdb,1.0
7S2R,A,B,../../GraPPI_data/PDB/new_dimer_db/7S2R.pdb,1.0
7S2S,C,B,../../GraPPI_data/PDB/new_dimer_db/7S2S.pdb,1.0
7S4A,B,A,../../GraPPI_data/PDB/new_dimer_db/7S4A.pdb,1.0
7S51,A,B,../../GraPPI_data/PDB/new_dimer_db/7S51.pdb,1.0
7S5S,A,B,../../GraPPI_data/PDB/new_dimer_db/7S5S.pdb,1.0
7S68,B,A,../../GraPPI_data/PDB/new_dimer_db/7S68.pdb,1.0
7S7J,A,B,../../GraPPI_data/PDB/new_dimer_db/7S7J.pdb,1.0
7S7Q,A,B,../../GraPPI_data/PDB/new_dimer_db/7S7Q.pdb,1.0
7S7R,A,B,../../GraPPI_data/PDB/new_dimer_db/7S7R.pdb,1.0
7S9W,A,B,../../GraPPI_data/PDB/new_dimer_db/7S9W.pdb,1.0
7SAH,A,B,../../GraPPI_data/PDB/new_dimer_db/7SAH.pdb,1.0
7SAI,A,C,../../GraPPI_data/PDB/new_dimer_db/7SAI.pdb,1.0
7SAK,A,B,../../GraPPI_data/PDB/new_dimer_db/7SAK.pdb,1.0
7SAL,B,C,../../GraPPI_data/PDB/new_dimer_db/7SAL.pdb,1.0
7SCW,A,B,../../GraPPI_data/PDB/new_dimer_db/7SCW.pdb,1.0
7SDE,A,B,../../GraPPI_data/PDB/new_dimer_db/7SDE.pdb,1.0
7SH3,A,B,../../GraPPI_data/PDB/new_dimer_db/7SH3.pdb,1.0
7SHQ,A,B,../../GraPPI_data/PDB/new_dimer_db/7SHQ.pdb,1.0
7SJQ,A,D,../../GraPPI_data/PDB/new_dimer_db/7SJQ.pdb,1.0
7SL9,A,B,../../GraPPI_data/PDB/new_dimer_db/7SL9.pdb,1.0
7SLA,A,B,../../GraPPI_data/PDB/new_dimer_db/7SLA.pdb,1.0
7SMC,B,A,../../GraPPI_data/PDB/new_dimer_db/7SMC.pdb,1.0
7SMD,A,B,../../GraPPI_data/PDB/new_dimer_db/7SMD.pdb,1.0
7SME,A,B,../../GraPPI_data/PDB/new_dimer_db/7SME.pdb,1.0
7SMF,B,A,../../GraPPI_data/PDB/new_dimer_db/7SMF.pdb,1.0
7SN6,A,C,../../GraPPI_data/PDB/new_dimer_db/7SN6.pdb,1.0
7SNX,A,B,../../GraPPI_data/PDB/new_dimer_db/7SNX.pdb,1.0
7SO0,A,B,../../GraPPI_data/PDB/new_dimer_db/7SO0.pdb,1.0
7SPO,A,C,../../GraPPI_data/PDB/new_dimer_db/7SPO.pdb,1.0
7SQA,D,A,../../GraPPI_data/PDB/new_dimer_db/7SQA.pdb,1.0
7SRK,B,A,../../GraPPI_data/PDB/new_dimer_db/7SRK.pdb,1.0
7SXH,A,B,../../GraPPI_data/PDB/new_dimer_db/7SXH.pdb,1.0
7T0Y,B,A,../../GraPPI_data/PDB/new_dimer_db/7T0Y.pdb,1.0
7T5P,A,B,../../GraPPI_data/PDB/new_dimer_db/7T5P.pdb,1.0
7T6A,A,C,../../GraPPI_data/PDB/new_dimer_db/7T6A.pdb,1.0
7T7T,W,A,../../GraPPI_data/PDB/new_dimer_db/7T7T.pdb,1.0
7TA3,B,A,../../GraPPI_data/PDB/new_dimer_db/7TA3.pdb,1.0
7TA6,A,N,../../GraPPI_data/PDB/new_dimer_db/7TA6.pdb,1.0
7TB1,D,A,../../GraPPI_data/PDB/new_dimer_db/7TB1.pdb,1.0
7TCX,D,A,../../GraPPI_data/PDB/new_dimer_db/7TCX.pdb,1.0
7TEZ,B,E,../../GraPPI_data/PDB/new_dimer_db/7TEZ.pdb,1.0
7TH2,A,C,../../GraPPI_data/PDB/new_dimer_db/7TH2.pdb,1.0
7TH3,A,B,../../GraPPI_data/PDB/new_dimer_db/7TH3.pdb,1.0
7THQ,B,E,../../GraPPI_data/PDB/new_dimer_db/7THQ.pdb,1.0
7TJ4,B,A,../../GraPPI_data/PDB/new_dimer_db/7TJ4.pdb,1.0
7TL7,a,A,../../GraPPI_data/PDB/new_dimer_db/7TL7.pdb,1.0
7TL8,A,B,../../GraPPI_data/PDB/new_dimer_db/7TL8.pdb,1.0
7TPB,A,B,../../GraPPI_data/PDB/new_dimer_db/7TPB.pdb,1.0
7TPS,A,B,../../GraPPI_data/PDB/new_dimer_db/7TPS.pdb,1.0
7TRE,A,C,../../GraPPI_data/PDB/new_dimer_db/7TRE.pdb,1.0
7TT8,A,C,../../GraPPI_data/PDB/new_dimer_db/7TT8.pdb,1.0
7TUI,A,B,../../GraPPI_data/PDB/new_dimer_db/7TUI.pdb,1.0
7TUQ,A,B,../../GraPPI_data/PDB/new_dimer_db/7TUQ.pdb,1.0
7TV0,A,G,../../GraPPI_data/PDB/new_dimer_db/7TV0.pdb,1.0
7TVJ,B,A,../../GraPPI_data/PDB/new_dimer_db/7TVJ.pdb,1.0
7TXY,A,B,../../GraPPI_data/PDB/new_dimer_db/7TXY.pdb,1.0
7TYD,B,A,../../GraPPI_data/PDB/new_dimer_db/7TYD.pdb,1.0
7TYJ,A,B,../../GraPPI_data/PDB/new_dimer_db/7TYJ.pdb,1.0
7TYR,A,C,../../GraPPI_data/PDB/new_dimer_db/7TYR.pdb,1.0
7TZH,D,C,../../GraPPI_data/PDB/new_dimer_db/7TZH.pdb,1.0
7TZK,A,C,../../GraPPI_data/PDB/new_dimer_db/7TZK.pdb,1.0
7U0U,A,B,../../GraPPI_data/PDB/new_dimer_db/7U0U.pdb,1.0
7U2P,A,B,../../GraPPI_data/PDB/new_dimer_db/7U2P.pdb,1.0
7U5G,H,L,../../GraPPI_data/PDB/new_dimer_db/7U5G.pdb,1.0
7U5O,A,E,../../GraPPI_data/PDB/new_dimer_db/7U5O.pdb,1.0
7U5P,B,A,../../GraPPI_data/PDB/new_dimer_db/7U5P.pdb,1.0
7U9W,A,H,../../GraPPI_data/PDB/new_dimer_db/7U9W.pdb,1.0
7UA8,H,A,../../GraPPI_data/PDB/new_dimer_db/7UA8.pdb,1.0
7UBX,D,A,../../GraPPI_data/PDB/new_dimer_db/7UBX.pdb,1.0
7UBY,D,B,../../GraPPI_data/PDB/new_dimer_db/7UBY.pdb,1.0
7UBZ,B,A,../../GraPPI_data/PDB/new_dimer_db/7UBZ.pdb,1.0
7UC8,H,A,../../GraPPI_data/PDB/new_dimer_db/7UC8.pdb,1.0
7UCQ,H,A,../../GraPPI_data/PDB/new_dimer_db/7UCQ.pdb,1.0
7UDJ,G,H,../../GraPPI_data/PDB/new_dimer_db/7UDJ.pdb,1.0
7UDK,A,B,../../GraPPI_data/PDB/new_dimer_db/7UDK.pdb,1.0
7UE2,A,B,../../GraPPI_data/PDB/new_dimer_db/7UE2.pdb,1.0
7UFW,H,A,../../GraPPI_data/PDB/new_dimer_db/7UFW.pdb,1.0
7UGB,A,I,../../GraPPI_data/PDB/new_dimer_db/7UGB.pdb,1.0
7UI1,B,I,../../GraPPI_data/PDB/new_dimer_db/7UI1.pdb,1.0
7UI8,A,B,../../GraPPI_data/PDB/new_dimer_db/7UI8.pdb,1.0
7UIE,A,B,../../GraPPI_data/PDB/new_dimer_db/7UIE.pdb,1.0
7UIR,A,C,../../GraPPI_data/PDB/new_dimer_db/7UIR.pdb,1.0
7UJ3,A,B,../../GraPPI_data/PDB/new_dimer_db/7UJ3.pdb,1.0
7UJP,A,C,../../GraPPI_data/PDB/new_dimer_db/7UJP.pdb,1.0
7UJR,A,B,../../GraPPI_data/PDB/new_dimer_db/7UJR.pdb,1.0
7UKN,A,B,../../GraPPI_data/PDB/new_dimer_db/7UKN.pdb,1.0
7UL4,A,D,../../GraPPI_data/PDB/new_dimer_db/7UL4.pdb,1.0
7ULA,B,A,../../GraPPI_data/PDB/new_dimer_db/7ULA.pdb,1.0
7UM4,A,B,../../GraPPI_data/PDB/new_dimer_db/7UM4.pdb,1.0
7UMI,A,E,../../GraPPI_data/PDB/new_dimer_db/7UMI.pdb,1.0
7UNZ,B,C,../../GraPPI_data/PDB/new_dimer_db/7UNZ.pdb,1.0
7UPM,A,B,../../GraPPI_data/PDB/new_dimer_db/7UPM.pdb,1.0
7URV,C,D,../../GraPPI_data/PDB/new_dimer_db/7URV.pdb,1.0
7UST,B,A,../../GraPPI_data/PDB/new_dimer_db/7UST.pdb,1.0
7USV,A,C,../../GraPPI_data/PDB/new_dimer_db/7USV.pdb,1.0
7UWI,A,F,../../GraPPI_data/PDB/new_dimer_db/7UWI.pdb,1.0
7UWO,A,B,../../GraPPI_data/PDB/new_dimer_db/7UWO.pdb,1.0
7UXI,A,B,../../GraPPI_data/PDB/new_dimer_db/7UXI.pdb,1.0
7UXK,A,B,../../GraPPI_data/PDB/new_dimer_db/7UXK.pdb,1.0
7UXM,D,A,../../GraPPI_data/PDB/new_dimer_db/7UXM.pdb,1.0
7UXN,A,B,../../GraPPI_data/PDB/new_dimer_db/7UXN.pdb,1.0
7UXO,A,B,../../GraPPI_data/PDB/new_dimer_db/7UXO.pdb,1.0
7UXQ,A,C,../../GraPPI_data/PDB/new_dimer_db/7UXQ.pdb,1.0
7UY2,A,C,../../GraPPI_data/PDB/new_dimer_db/7UY2.pdb,1.0
7UYJ,A,C,../../GraPPI_data/PDB/new_dimer_db/7UYJ.pdb,1.0
7UYK,A,C,../../GraPPI_data/PDB/new_dimer_db/7UYK.pdb,1.0
7UZO,A,B,../../GraPPI_data/PDB/new_dimer_db/7UZO.pdb,1.0
7V1A,A,B,../../GraPPI_data/PDB/new_dimer_db/7V1A.pdb,1.0
7V1N,A,K,../../GraPPI_data/PDB/new_dimer_db/7V1N.pdb,1.0
7V6B,A,B,../../GraPPI_data/PDB/new_dimer_db/7V6B.pdb,1.0
7V6C,A,B,../../GraPPI_data/PDB/new_dimer_db/7V6C.pdb,1.0
7V7L,A,B,../../GraPPI_data/PDB/new_dimer_db/7V7L.pdb,1.0
7V8E,B,C,../../GraPPI_data/PDB/new_dimer_db/7V8E.pdb,1.0
7V8F,B,A,../../GraPPI_data/PDB/new_dimer_db/7V8F.pdb,1.0
7V8G,A,C,../../GraPPI_data/PDB/new_dimer_db/7V8G.pdb,1.0
7VBQ,A,B,../../GraPPI_data/PDB/new_dimer_db/7VBQ.pdb,1.0
7VCR,A,C,../../GraPPI_data/PDB/new_dimer_db/7VCR.pdb,1.0
7VD7,A,B,../../GraPPI_data/PDB/new_dimer_db/7VD7.pdb,1.0
7VF3,B,A,../../GraPPI_data/PDB/new_dimer_db/7VF3.pdb,1.0
7VFA,D,E,../../GraPPI_data/PDB/new_dimer_db/7VFA.pdb,1.0
7VFB,B,A,../../GraPPI_data/PDB/new_dimer_db/7VFB.pdb,1.0
7VG7,A,B,../../GraPPI_data/PDB/new_dimer_db/7VG7.pdb,1.0
7VKE,A,B,../../GraPPI_data/PDB/new_dimer_db/7VKE.pdb,1.0
7VMV,A,B,../../GraPPI_data/PDB/new_dimer_db/7VMV.pdb,1.0
7VMX,A,B,../../GraPPI_data/PDB/new_dimer_db/7VMX.pdb,1.0
7VNB,A,B,../../GraPPI_data/PDB/new_dimer_db/7VNB.pdb,1.0
7VNI,D,B,../../GraPPI_data/PDB/new_dimer_db/7VNI.pdb,1.0
7VOA,A,B,../../GraPPI_data/PDB/new_dimer_db/7VOA.pdb,1.0
7VP5,A,B,../../GraPPI_data/PDB/new_dimer_db/7VP5.pdb,1.0
7VPQ,A,B,../../GraPPI_data/PDB/new_dimer_db/7VPQ.pdb,1.0
7VRC,B,A,../../GraPPI_data/PDB/new_dimer_db/7VRC.pdb,1.0
7VUE,A,B,../../GraPPI_data/PDB/new_dimer_db/7VUE.pdb,1.0
7VVG,A,C,../../GraPPI_data/PDB/new_dimer_db/7VVG.pdb,1.0
7VZE,A,B,../../GraPPI_data/PDB/new_dimer_db/7VZE.pdb,1.0
7W0B,A,B,../../GraPPI_data/PDB/new_dimer_db/7W0B.pdb,1.0
7W0Q,A,B,../../GraPPI_data/PDB/new_dimer_db/7W0Q.pdb,1.0
7W36,A,B,../../GraPPI_data/PDB/new_dimer_db/7W36.pdb,1.0
7W3V,A,C,../../GraPPI_data/PDB/new_dimer_db/7W3V.pdb,1.0
7W5C,A,Q,../../GraPPI_data/PDB/new_dimer_db/7W5C.pdb,1.0
7W5M,A,B,../../GraPPI_data/PDB/new_dimer_db/7W5M.pdb,1.0
7WA4,A,B,../../GraPPI_data/PDB/new_dimer_db/7WA4.pdb,1.0
7WDK,A,B,../../GraPPI_data/PDB/new_dimer_db/7WDK.pdb,1.0
7WGE,A,B,../../GraPPI_data/PDB/new_dimer_db/7WGE.pdb,1.0
7WHF,A,G,../../GraPPI_data/PDB/new_dimer_db/7WHF.pdb,1.0
7WJH,A,B,../../GraPPI_data/PDB/new_dimer_db/7WJH.pdb,1.0
7WKI,A,B,../../GraPPI_data/PDB/new_dimer_db/7WKI.pdb,1.0
7WLX,A,B,../../GraPPI_data/PDB/new_dimer_db/7WLX.pdb,1.0
7WN1,A,C,../../GraPPI_data/PDB/new_dimer_db/7WN1.pdb,1.0
7WQV,A,B,../../GraPPI_data/PDB/new_dimer_db/7WQV.pdb,1.0
7WR3,B,D,../../GraPPI_data/PDB/new_dimer_db/7WR3.pdb,1.0
7WR6,A,B,../../GraPPI_data/PDB/new_dimer_db/7WR6.pdb,1.0
7WRS,A,B,../../GraPPI_data/PDB/new_dimer_db/7WRS.pdb,1.0
7WWQ,A,B,../../GraPPI_data/PDB/new_dimer_db/7WWQ.pdb,1.0
7WX4,A,E,../../GraPPI_data/PDB/new_dimer_db/7WX4.pdb,1.0
7X2L,E,B,../../GraPPI_data/PDB/new_dimer_db/7X2L.pdb,1.0
7X2M,E,B,../../GraPPI_data/PDB/new_dimer_db/7X2M.pdb,1.0
7X5G,A,B,../../GraPPI_data/PDB/new_dimer_db/7X5G.pdb,1.0
7X9S,A,B,../../GraPPI_data/PDB/new_dimer_db/7X9S.pdb,1.0
7XAD,A,C,../../GraPPI_data/PDB/new_dimer_db/7XAD.pdb,1.0
7XAE,A,D,../../GraPPI_data/PDB/new_dimer_db/7XAE.pdb,1.0
7XEY,A,B,../../GraPPI_data/PDB/new_dimer_db/7XEY.pdb,1.0
7XGE,B,A,../../GraPPI_data/PDB/new_dimer_db/7XGE.pdb,1.0
7XJP,A,B,../../GraPPI_data/PDB/new_dimer_db/7XJP.pdb,1.0
7XKY,A,B,../../GraPPI_data/PDB/new_dimer_db/7XKY.pdb,1.0
7XLI,A,B,../../GraPPI_data/PDB/new_dimer_db/7XLI.pdb,1.0
7XOI,A,B,../../GraPPI_data/PDB/new_dimer_db/7XOI.pdb,1.0
7XPC,A,B,../../GraPPI_data/PDB/new_dimer_db/7XPC.pdb,1.0
7XPK,B,A,../../GraPPI_data/PDB/new_dimer_db/7XPK.pdb,1.0
7XQ5,A,B,../../GraPPI_data/PDB/new_dimer_db/7XQ5.pdb,1.0
7XQV,A,B,../../GraPPI_data/PDB/new_dimer_db/7XQV.pdb,1.0
7XSU,A,B,../../GraPPI_data/PDB/new_dimer_db/7XSU.pdb,1.0
7XTP,A,C,../../GraPPI_data/PDB/new_dimer_db/7XTP.pdb,1.0
7XUV,A,B,../../GraPPI_data/PDB/new_dimer_db/7XUV.pdb,1.0
7XV0,A,B,../../GraPPI_data/PDB/new_dimer_db/7XV0.pdb,1.0
7XV1,A,B,../../GraPPI_data/PDB/new_dimer_db/7XV1.pdb,1.0
7XV4,A,B,../../GraPPI_data/PDB/new_dimer_db/7XV4.pdb,1.0
7XVK,A,B,../../GraPPI_data/PDB/new_dimer_db/7XVK.pdb,1.0
7XVO,A,D,../../GraPPI_data/PDB/new_dimer_db/7XVO.pdb,1.0
7XYQ,A,B,../../GraPPI_data/PDB/new_dimer_db/7XYQ.pdb,1.0
7XZQ,A,B,../../GraPPI_data/PDB/new_dimer_db/7XZQ.pdb,1.0
7XZR,A,C,../../GraPPI_data/PDB/new_dimer_db/7XZR.pdb,1.0
7Y4A,B,A,../../GraPPI_data/PDB/new_dimer_db/7Y4A.pdb,1.0
7Y6B,B,A,../../GraPPI_data/PDB/new_dimer_db/7Y6B.pdb,1.0
7Y8X,E,F,../../GraPPI_data/PDB/new_dimer_db/7Y8X.pdb,1.0
7Y90,A,B,../../GraPPI_data/PDB/new_dimer_db/7Y90.pdb,1.0
7Y9C,A,C,../../GraPPI_data/PDB/new_dimer_db/7Y9C.pdb,1.0
7Y9N,A,B,../../GraPPI_data/PDB/new_dimer_db/7Y9N.pdb,1.0
7Y9X,B,A,../../GraPPI_data/PDB/new_dimer_db/7Y9X.pdb,1.0
7YAJ,A,C,../../GraPPI_data/PDB/new_dimer_db/7YAJ.pdb,1.0
7YBF,A,C,../../GraPPI_data/PDB/new_dimer_db/7YBF.pdb,1.0
7YCJ,A,B,../../GraPPI_data/PDB/new_dimer_db/7YCJ.pdb,1.0
7YCO,A,B,../../GraPPI_data/PDB/new_dimer_db/7YCO.pdb,1.0
7YH5,D,E,../../GraPPI_data/PDB/new_dimer_db/7YH5.pdb,1.0
7YI7,A,B,../../GraPPI_data/PDB/new_dimer_db/7YI7.pdb,1.0
7YK3,B,A,../../GraPPI_data/PDB/new_dimer_db/7YK3.pdb,1.0
7YKF,B,A,../../GraPPI_data/PDB/new_dimer_db/7YKF.pdb,1.0
7YKG,B,A,../../GraPPI_data/PDB/new_dimer_db/7YKG.pdb,1.0
7YKH,B,A,../../GraPPI_data/PDB/new_dimer_db/7YKH.pdb,1.0
7YKI,B,A,../../GraPPI_data/PDB/new_dimer_db/7YKI.pdb,1.0
7YLD,A,E,../../GraPPI_data/PDB/new_dimer_db/7YLD.pdb,1.0
7YLS,A,B,../../GraPPI_data/PDB/new_dimer_db/7YLS.pdb,1.0
7YMF,A,B,../../GraPPI_data/PDB/new_dimer_db/7YMF.pdb,1.0
7YN3,A,C,../../GraPPI_data/PDB/new_dimer_db/7YN3.pdb,1.0
7YO3,A,B,../../GraPPI_data/PDB/new_dimer_db/7YO3.pdb,1.0
7YTU,A,B,../../GraPPI_data/PDB/new_dimer_db/7YTU.pdb,1.0
7YUI,A,B,../../GraPPI_data/PDB/new_dimer_db/7YUI.pdb,1.0
7YXN,R,A,../../GraPPI_data/PDB/new_dimer_db/7YXN.pdb,1.0
7YXO,B,A,../../GraPPI_data/PDB/new_dimer_db/7YXO.pdb,1.0
7YXW,D,A,../../GraPPI_data/PDB/new_dimer_db/7YXW.pdb,1.0
7YZ9,A,B,../../GraPPI_data/PDB/new_dimer_db/7YZ9.pdb,1.0
7Z52,B,A,../../GraPPI_data/PDB/new_dimer_db/7Z52.pdb,1.0
7Z6F,E,A,../../GraPPI_data/PDB/new_dimer_db/7Z6F.pdb,1.0
7Z72,A,B,../../GraPPI_data/PDB/new_dimer_db/7Z72.pdb,1.0
7Z7E,A,B,../../GraPPI_data/PDB/new_dimer_db/7Z7E.pdb,1.0
7Z9F,X,Y,../../GraPPI_data/PDB/new_dimer_db/7Z9F.pdb,1.0
7ZAU,B,A,../../GraPPI_data/PDB/new_dimer_db/7ZAU.pdb,1.0
7ZAY,A,B,../../GraPPI_data/PDB/new_dimer_db/7ZAY.pdb,1.0
7ZCM,A,B,../../GraPPI_data/PDB/new_dimer_db/7ZCM.pdb,1.0
7ZDS,C,D,../../GraPPI_data/PDB/new_dimer_db/7ZDS.pdb,1.0
7ZHM,A,C,../../GraPPI_data/PDB/new_dimer_db/7ZHM.pdb,1.0
7ZHR,A,B,../../GraPPI_data/PDB/new_dimer_db/7ZHR.pdb,1.0
7ZJV,A,B,../../GraPPI_data/PDB/new_dimer_db/7ZJV.pdb,1.0
7ZKR,A,B,../../GraPPI_data/PDB/new_dimer_db/7ZKR.pdb,1.0
7ZKW,A,C,../../GraPPI_data/PDB/new_dimer_db/7ZKW.pdb,1.0
7ZL7,B,A,../../GraPPI_data/PDB/new_dimer_db/7ZL7.pdb,1.0
7ZMZ,A,D,../../GraPPI_data/PDB/new_dimer_db/7ZMZ.pdb,1.0
7ZOL,B,A,../../GraPPI_data/PDB/new_dimer_db/7ZOL.pdb,1.0
7ZR2,A,B,../../GraPPI_data/PDB/new_dimer_db/7ZR2.pdb,1.0
7ZRP,B,A,../../GraPPI_data/PDB/new_dimer_db/7ZRP.pdb,1.0
7ZRR,A,B,../../GraPPI_data/PDB/new_dimer_db/7ZRR.pdb,1.0
7ZSD,M,P,../../GraPPI_data/PDB/new_dimer_db/7ZSD.pdb,1.0
7ZTL,A,B,../../GraPPI_data/PDB/new_dimer_db/7ZTL.pdb,1.0
7ZW4,A,B,../../GraPPI_data/PDB/new_dimer_db/7ZW4.pdb,1.0
7ZX4,B,D,../../GraPPI_data/PDB/new_dimer_db/7ZX4.pdb,1.0
7ZYU,A,B,../../GraPPI_data/PDB/new_dimer_db/7ZYU.pdb,1.0
7ZZ1,A,B,../../GraPPI_data/PDB/new_dimer_db/7ZZ1.pdb,1.0
8A4C,B,A,../../GraPPI_data/PDB/new_dimer_db/8A4C.pdb,1.0
8A82,A,B,../../GraPPI_data/PDB/new_dimer_db/8A82.pdb,1.0
8A8F,A,B,../../GraPPI_data/PDB/new_dimer_db/8A8F.pdb,1.0
8AAA,A,B,../../GraPPI_data/PDB/new_dimer_db/8AAA.pdb,1.0
8ABQ,A,C,../../GraPPI_data/PDB/new_dimer_db/8ABQ.pdb,1.0
8AD9,A,B,../../GraPPI_data/PDB/new_dimer_db/8AD9.pdb,1.0
8ADB,A,B,../../GraPPI_data/PDB/new_dimer_db/8ADB.pdb,1.0
8AE4,A,B,../../GraPPI_data/PDB/new_dimer_db/8AE4.pdb,1.0
8AE5,A,C,../../GraPPI_data/PDB/new_dimer_db/8AE5.pdb,1.0
8AED,A,C,../../GraPPI_data/PDB/new_dimer_db/8AED.pdb,1.0
8AFI,B,A,../../GraPPI_data/PDB/new_dimer_db/8AFI.pdb,1.0
8AG0,A,B,../../GraPPI_data/PDB/new_dimer_db/8AG0.pdb,1.0
8AHS,A,C,../../GraPPI_data/PDB/new_dimer_db/8AHS.pdb,1.0
8AI5,A,C,../../GraPPI_data/PDB/new_dimer_db/8AI5.pdb,1.0
8AJN,A,B,../../GraPPI_data/PDB/new_dimer_db/8AJN.pdb,1.0
8AJY,B,A,../../GraPPI_data/PDB/new_dimer_db/8AJY.pdb,1.0
8AK1,A,B,../../GraPPI_data/PDB/new_dimer_db/8AK1.pdb,1.0
8AKO,A,B,../../GraPPI_data/PDB/new_dimer_db/8AKO.pdb,1.0
8ALK,A,B,../../GraPPI_data/PDB/new_dimer_db/8ALK.pdb,1.0
8ALM,B,P,../../GraPPI_data/PDB/new_dimer_db/8ALM.pdb,1.0
8ALO,A,B,../../GraPPI_data/PDB/new_dimer_db/8ALO.pdb,1.0
8ALZ,A,B,../../GraPPI_data/PDB/new_dimer_db/8ALZ.pdb,1.0
8AOK,A,B,../../GraPPI_data/PDB/new_dimer_db/8AOK.pdb,1.0
8AOM,A,V,../../GraPPI_data/PDB/new_dimer_db/8AOM.pdb,1.0
8APY,A,C,../../GraPPI_data/PDB/new_dimer_db/8APY.pdb,1.0
8AQN,A,C,../../GraPPI_data/PDB/new_dimer_db/8AQN.pdb,1.0
8ARC,B,A,../../GraPPI_data/PDB/new_dimer_db/8ARC.pdb,1.0
8AV2,A,C,../../GraPPI_data/PDB/new_dimer_db/8AV2.pdb,1.0
8AW4,A,B,../../GraPPI_data/PDB/new_dimer_db/8AW4.pdb,1.0
8B0U,D,A,../../GraPPI_data/PDB/new_dimer_db/8B0U.pdb,1.0
8B14,A,B,../../GraPPI_data/PDB/new_dimer_db/8B14.pdb,1.0
8B1K,A,B,../../GraPPI_data/PDB/new_dimer_db/8B1K.pdb,1.0
8B2Q,A,I,../../GraPPI_data/PDB/new_dimer_db/8B2Q.pdb,1.0
8B3S,A,Z,../../GraPPI_data/PDB/new_dimer_db/8B3S.pdb,1.0
8B4J,O,P,../../GraPPI_data/PDB/new_dimer_db/8B4J.pdb,1.0
8B8I,A,I,../../GraPPI_data/PDB/new_dimer_db/8B8I.pdb,1.0
8B8O,B,C,../../GraPPI_data/PDB/new_dimer_db/8B8O.pdb,1.0
8B8V,A,B,../../GraPPI_data/PDB/new_dimer_db/8B8V.pdb,1.0
8B92,A,C,../../GraPPI_data/PDB/new_dimer_db/8B92.pdb,1.0
8B9P,A,C,../../GraPPI_data/PDB/new_dimer_db/8B9P.pdb,1.0
8BAV,D,A,../../GraPPI_data/PDB/new_dimer_db/8BAV.pdb,1.0
8BB7,D,B,../../GraPPI_data/PDB/new_dimer_db/8BB7.pdb,1.0
8BBJ,A,C,../../GraPPI_data/PDB/new_dimer_db/8BBJ.pdb,1.0
8BBY,B,A,../../GraPPI_data/PDB/new_dimer_db/8BBY.pdb,1.0
8BC7,A,C,../../GraPPI_data/PDB/new_dimer_db/8BC7.pdb,1.0
8BCG,B,J,../../GraPPI_data/PDB/new_dimer_db/8BCG.pdb,1.0
8BE2,S,N,../../GraPPI_data/PDB/new_dimer_db/8BE2.pdb,1.0
8BF1,A,B,../../GraPPI_data/PDB/new_dimer_db/8BF1.pdb,1.0
8BFJ,A,B,../../GraPPI_data/PDB/new_dimer_db/8BFJ.pdb,1.0
8BGM,A,B,../../GraPPI_data/PDB/new_dimer_db/8BGM.pdb,1.0
8BJI,A,B,../../GraPPI_data/PDB/new_dimer_db/8BJI.pdb,1.0
8BLV,A,B,../../GraPPI_data/PDB/new_dimer_db/8BLV.pdb,1.0
8BN1,D,A,../../GraPPI_data/PDB/new_dimer_db/8BN1.pdb,1.0
8BOS,R,G,../../GraPPI_data/PDB/new_dimer_db/8BOS.pdb,1.0
8BR1,B,A,../../GraPPI_data/PDB/new_dimer_db/8BR1.pdb,1.0
8BUW,A,B,../../GraPPI_data/PDB/new_dimer_db/8BUW.pdb,1.0
8BUZ,A,B,../../GraPPI_data/PDB/new_dimer_db/8BUZ.pdb,1.0
8BV1,A,N,../../GraPPI_data/PDB/new_dimer_db/8BV1.pdb,1.0
8BWF,a,A,../../GraPPI_data/PDB/new_dimer_db/8BWF.pdb,1.0
8BX2,E,A,../../GraPPI_data/PDB/new_dimer_db/8BX2.pdb,1.0
8BYJ,D,A,../../GraPPI_data/PDB/new_dimer_db/8BYJ.pdb,1.0
8BZR,A,B,../../GraPPI_data/PDB/new_dimer_db/8BZR.pdb,1.0
8BZY,A,B,../../GraPPI_data/PDB/new_dimer_db/8BZY.pdb,1.0
8C0J,B,A,../../GraPPI_data/PDB/new_dimer_db/8C0J.pdb,1.0
8C26,A,B,../../GraPPI_data/PDB/new_dimer_db/8C26.pdb,1.0
8C3H,A,C,../../GraPPI_data/PDB/new_dimer_db/8C3H.pdb,1.0
8C3J,A,C,../../GraPPI_data/PDB/new_dimer_db/8C3J.pdb,1.0
8C3L,B,A,../../GraPPI_data/PDB/new_dimer_db/8C3L.pdb,1.0
8C3N,A,B,../../GraPPI_data/PDB/new_dimer_db/8C3N.pdb,1.0
8C44,A,C,../../GraPPI_data/PDB/new_dimer_db/8C44.pdb,1.0
8C47,B,A,../../GraPPI_data/PDB/new_dimer_db/8C47.pdb,1.0
8C4Z,A,B,../../GraPPI_data/PDB/new_dimer_db/8C4Z.pdb,1.0
8C5H,S,N,../../GraPPI_data/PDB/new_dimer_db/8C5H.pdb,1.0
8C7T,C,D,../../GraPPI_data/PDB/new_dimer_db/8C7T.pdb,1.0
8C8G,A,B,../../GraPPI_data/PDB/new_dimer_db/8C8G.pdb,1.0
8CB6,F,A,../../GraPPI_data/PDB/new_dimer_db/8CB6.pdb,1.0
8CCZ,A,C,../../GraPPI_data/PDB/new_dimer_db/8CCZ.pdb,1.0
8CD0,A,C,../../GraPPI_data/PDB/new_dimer_db/8CD0.pdb,1.0
8CEM,E,A,../../GraPPI_data/PDB/new_dimer_db/8CEM.pdb,1.0
8CHS,D,A,../../GraPPI_data/PDB/new_dimer_db/8CHS.pdb,1.0
8CIR,A,C,../../GraPPI_data/PDB/new_dimer_db/8CIR.pdb,1.0
8CJB,A,B,../../GraPPI_data/PDB/new_dimer_db/8CJB.pdb,1.0
8CM0,B,A,../../GraPPI_data/PDB/new_dimer_db/8CM0.pdb,1.0
8CQZ,A,B,../../GraPPI_data/PDB/new_dimer_db/8CQZ.pdb,1.0
8CR5,A,B,../../GraPPI_data/PDB/new_dimer_db/8CR5.pdb,1.0
8CR6,A,B,../../GraPPI_data/PDB/new_dimer_db/8CR6.pdb,1.0
8CR8,A,B,../../GraPPI_data/PDB/new_dimer_db/8CR8.pdb,1.0
8CSV,A,W,../../GraPPI_data/PDB/new_dimer_db/8CSV.pdb,1.0
8CT8,A,C,../../GraPPI_data/PDB/new_dimer_db/8CT8.pdb,1.0
8CV4,B,C,../../GraPPI_data/PDB/new_dimer_db/8CV4.pdb,1.0
8CV6,A,B,../../GraPPI_data/PDB/new_dimer_db/8CV6.pdb,1.0
8CV7,D,A,../../GraPPI_data/PDB/new_dimer_db/8CV7.pdb,1.0
8CWU,A,B,../../GraPPI_data/PDB/new_dimer_db/8CWU.pdb,1.0
8CXJ,B,A,../../GraPPI_data/PDB/new_dimer_db/8CXJ.pdb,1.0
8CYF,A,B,../../GraPPI_data/PDB/new_dimer_db/8CYF.pdb,1.0
8CZG,A,E,../../GraPPI_data/PDB/new_dimer_db/8CZG.pdb,1.0
8CZH,A,B,../../GraPPI_data/PDB/new_dimer_db/8CZH.pdb,1.0
8D4V,B,A,../../GraPPI_data/PDB/new_dimer_db/8D4V.pdb,1.0
8D52,A,B,../../GraPPI_data/PDB/new_dimer_db/8D52.pdb,1.0
8D5V,B,A,../../GraPPI_data/PDB/new_dimer_db/8D5V.pdb,1.0
8D7P,B,D,../../GraPPI_data/PDB/new_dimer_db/8D7P.pdb,1.0
8D7V,A,B,../../GraPPI_data/PDB/new_dimer_db/8D7V.pdb,1.0
8D7W,A,B,../../GraPPI_data/PDB/new_dimer_db/8D7W.pdb,1.0
8D7X,A,B,../../GraPPI_data/PDB/new_dimer_db/8D7X.pdb,1.0
8D7Y,A,B,../../GraPPI_data/PDB/new_dimer_db/8D7Y.pdb,1.0
8D8I,A,B,../../GraPPI_data/PDB/new_dimer_db/8D8I.pdb,1.0
8D8O,A,B,../../GraPPI_data/PDB/new_dimer_db/8D8O.pdb,1.0
8D96,B,C,../../GraPPI_data/PDB/new_dimer_db/8D96.pdb,1.0
8DC0,A,B,../../GraPPI_data/PDB/new_dimer_db/8DC0.pdb,1.0
8DCE,H,A,../../GraPPI_data/PDB/new_dimer_db/8DCE.pdb,1.0
8DD7,A,B,../../GraPPI_data/PDB/new_dimer_db/8DD7.pdb,1.0
8DG5,A,K,../../GraPPI_data/PDB/new_dimer_db/8DG5.pdb,1.0
8DGQ,U,A,../../GraPPI_data/PDB/new_dimer_db/8DGQ.pdb,1.0
8DJH,A,B,../../GraPPI_data/PDB/new_dimer_db/8DJH.pdb,1.0
8DJI,A,B,../../GraPPI_data/PDB/new_dimer_db/8DJI.pdb,1.0
8DK4,A,B,../../GraPPI_data/PDB/new_dimer_db/8DK4.pdb,1.0
8DKN,A,C,../../GraPPI_data/PDB/new_dimer_db/8DKN.pdb,1.0
8DM0,C,H,../../GraPPI_data/PDB/new_dimer_db/8DM0.pdb,1.0
8DML,B,A,../../GraPPI_data/PDB/new_dimer_db/8DML.pdb,1.0
8DMQ,A,C,../../GraPPI_data/PDB/new_dimer_db/8DMQ.pdb,1.0
8DMS,A,C,../../GraPPI_data/PDB/new_dimer_db/8DMS.pdb,1.0
8DNQ,A,C,../../GraPPI_data/PDB/new_dimer_db/8DNQ.pdb,1.0
8DP0,A,B,../../GraPPI_data/PDB/new_dimer_db/8DP0.pdb,1.0
8DS8,A,B,../../GraPPI_data/PDB/new_dimer_db/8DS8.pdb,1.0
8DSO,B,D,../../GraPPI_data/PDB/new_dimer_db/8DSO.pdb,1.0
8DSS,A,B,../../GraPPI_data/PDB/new_dimer_db/8DSS.pdb,1.0
8DTN,A,B,../../GraPPI_data/PDB/new_dimer_db/8DTN.pdb,1.0
8DVL,A,B,../../GraPPI_data/PDB/new_dimer_db/8DVL.pdb,1.0
8DVM,A,B,../../GraPPI_data/PDB/new_dimer_db/8DVM.pdb,1.0
8DVN,A,B,../../GraPPI_data/PDB/new_dimer_db/8DVN.pdb,1.0
8DWL,D,C,../../GraPPI_data/PDB/new_dimer_db/8DWL.pdb,1.0
8DY5,A,C,../../GraPPI_data/PDB/new_dimer_db/8DY5.pdb,1.0
8DYE,A,B,../../GraPPI_data/PDB/new_dimer_db/8DYE.pdb,1.0
8DYP,A,B,../../GraPPI_data/PDB/new_dimer_db/8DYP.pdb,1.0
8DZJ,A,B,../../GraPPI_data/PDB/new_dimer_db/8DZJ.pdb,1.0
8DZV,A,C,../../GraPPI_data/PDB/new_dimer_db/8DZV.pdb,1.0
8E0E,A,B,../../GraPPI_data/PDB/new_dimer_db/8E0E.pdb,1.0
8E3G,B,A,../../GraPPI_data/PDB/new_dimer_db/8E3G.pdb,1.0
8E51,C,B,../../GraPPI_data/PDB/new_dimer_db/8E51.pdb,1.0
8EBB,A,C,../../GraPPI_data/PDB/new_dimer_db/8EBB.pdb,1.0
8EBK,A,B,../../GraPPI_data/PDB/new_dimer_db/8EBK.pdb,1.0
8ECH,C,E,../../GraPPI_data/PDB/new_dimer_db/8ECH.pdb,1.0
8EDO,A,B,../../GraPPI_data/PDB/new_dimer_db/8EDO.pdb,1.0
8EFW,B,C,../../GraPPI_data/PDB/new_dimer_db/8EFW.pdb,1.0
8EFX,A,B,../../GraPPI_data/PDB/new_dimer_db/8EFX.pdb,1.0
8EGW,A,B,../../GraPPI_data/PDB/new_dimer_db/8EGW.pdb,1.0
8EHE,A,B,../../GraPPI_data/PDB/new_dimer_db/8EHE.pdb,1.0
8EHO,B,A,../../GraPPI_data/PDB/new_dimer_db/8EHO.pdb,1.0
8EI0,A,B,../../GraPPI_data/PDB/new_dimer_db/8EI0.pdb,1.0
8EI2,A,C,../../GraPPI_data/PDB/new_dimer_db/8EI2.pdb,1.0
8EI4,A,B,../../GraPPI_data/PDB/new_dimer_db/8EI4.pdb,1.0
8EI5,A,E,../../GraPPI_data/PDB/new_dimer_db/8EI5.pdb,1.0
8EI7,A,C,../../GraPPI_data/PDB/new_dimer_db/8EI7.pdb,1.0
8EI8,A,B,../../GraPPI_data/PDB/new_dimer_db/8EI8.pdb,1.0
8EL8,A,B,../../GraPPI_data/PDB/new_dimer_db/8EL8.pdb,1.0
8EMZ,A,B,../../GraPPI_data/PDB/new_dimer_db/8EMZ.pdb,1.0
8EN0,D,A,../../GraPPI_data/PDB/new_dimer_db/8EN0.pdb,1.0
8ENF,A,B,../../GraPPI_data/PDB/new_dimer_db/8ENF.pdb,1.0
8ENT,A,B,../../GraPPI_data/PDB/new_dimer_db/8ENT.pdb,1.0
8EOJ,A,B,../../GraPPI_data/PDB/new_dimer_db/8EOJ.pdb,1.0
8EPH,B,A,../../GraPPI_data/PDB/new_dimer_db/8EPH.pdb,1.0
8ESE,X,Z,../../GraPPI_data/PDB/new_dimer_db/8ESE.pdb,1.0
8EXF,A,B,../../GraPPI_data/PDB/new_dimer_db/8EXF.pdb,1.0
8EXW,A,B,../../GraPPI_data/PDB/new_dimer_db/8EXW.pdb,1.0
8EY4,I,A,../../GraPPI_data/PDB/new_dimer_db/8EY4.pdb,1.0
8EZK,H,A,../../GraPPI_data/PDB/new_dimer_db/8EZK.pdb,1.0
8EZM,A,H,../../GraPPI_data/PDB/new_dimer_db/8EZM.pdb,1.0
8EZS,A,B,../../GraPPI_data/PDB/new_dimer_db/8EZS.pdb,1.0
8F0M,B,A,../../GraPPI_data/PDB/new_dimer_db/8F0M.pdb,1.0
8F19,A,B,../../GraPPI_data/PDB/new_dimer_db/8F19.pdb,1.0
8F4B,A,B,../../GraPPI_data/PDB/new_dimer_db/8F4B.pdb,1.0
8F6D,A,B,../../GraPPI_data/PDB/new_dimer_db/8F6D.pdb,1.0
8FE5,A,I,../../GraPPI_data/PDB/new_dimer_db/8FE5.pdb,1.0
8FE6,B,A,../../GraPPI_data/PDB/new_dimer_db/8FE6.pdb,1.0
8FE7,B,A,../../GraPPI_data/PDB/new_dimer_db/8FE7.pdb,1.0
8FEC,A,I,../../GraPPI_data/PDB/new_dimer_db/8FEC.pdb,1.0
8FIQ,A,B,../../GraPPI_data/PDB/new_dimer_db/8FIQ.pdb,1.0
8FIT,B,A,../../GraPPI_data/PDB/new_dimer_db/8FIT.pdb,1.0
8FK3,A,B,../../GraPPI_data/PDB/new_dimer_db/8FK3.pdb,1.0
8FML,A,B,../../GraPPI_data/PDB/new_dimer_db/8FML.pdb,1.0
8FN9,B,A,../../GraPPI_data/PDB/new_dimer_db/8FN9.pdb,1.0
8FO6,A,B,../../GraPPI_data/PDB/new_dimer_db/8FO6.pdb,1.0
8FUB,A,B,../../GraPPI_data/PDB/new_dimer_db/8FUB.pdb,1.0
8FWA,A,B,../../GraPPI_data/PDB/new_dimer_db/8FWA.pdb,1.0
8FWP,A,B,../../GraPPI_data/PDB/new_dimer_db/8FWP.pdb,1.0
8FXJ,L,H,../../GraPPI_data/PDB/new_dimer_db/8FXJ.pdb,1.0
8FYU,B,E,../../GraPPI_data/PDB/new_dimer_db/8FYU.pdb,1.0
8FZM,A,B,../../GraPPI_data/PDB/new_dimer_db/8FZM.pdb,1.0
8FZZ,A,B,../../GraPPI_data/PDB/new_dimer_db/8FZZ.pdb,1.0
8G0I,A,D,../../GraPPI_data/PDB/new_dimer_db/8G0I.pdb,1.0
8G0K,B,A,../../GraPPI_data/PDB/new_dimer_db/8G0K.pdb,1.0
8G0M,A,B,../../GraPPI_data/PDB/new_dimer_db/8G0M.pdb,1.0
8G0P,A,B,../../GraPPI_data/PDB/new_dimer_db/8G0P.pdb,1.0
8G0Q,A,B,../../GraPPI_data/PDB/new_dimer_db/8G0Q.pdb,1.0
8G3K,A,B,../../GraPPI_data/PDB/new_dimer_db/8G3K.pdb,1.0
8G4H,A,B,../../GraPPI_data/PDB/new_dimer_db/8G4H.pdb,1.0
8G4K,A,B,../../GraPPI_data/PDB/new_dimer_db/8G4K.pdb,1.0
8G4Y,A,B,../../GraPPI_data/PDB/new_dimer_db/8G4Y.pdb,1.0
8G8R,A,B,../../GraPPI_data/PDB/new_dimer_db/8G8R.pdb,1.0
8G8S,A,B,../../GraPPI_data/PDB/new_dimer_db/8G8S.pdb,1.0
8G9L,A,B,../../GraPPI_data/PDB/new_dimer_db/8G9L.pdb,1.0
8GAB,B,A,../../GraPPI_data/PDB/new_dimer_db/8GAB.pdb,1.0
8GAI,B,A,../../GraPPI_data/PDB/new_dimer_db/8GAI.pdb,1.0
8GAK,A,B,../../GraPPI_data/PDB/new_dimer_db/8GAK.pdb,1.0
8GBQ,A,B,../../GraPPI_data/PDB/new_dimer_db/8GBQ.pdb,1.0
8GJA,B,A,../../GraPPI_data/PDB/new_dimer_db/8GJA.pdb,1.0
8GJG,A,B,../../GraPPI_data/PDB/new_dimer_db/8GJG.pdb,1.0
8GJI,A,B,../../GraPPI_data/PDB/new_dimer_db/8GJI.pdb,1.0
8GM5,A,B,../../GraPPI_data/PDB/new_dimer_db/8GM5.pdb,1.0
8GP6,B,A,../../GraPPI_data/PDB/new_dimer_db/8GP6.pdb,1.0
8GPY,A,E,../../GraPPI_data/PDB/new_dimer_db/8GPY.pdb,1.0
8GQE,A,B,../../GraPPI_data/PDB/new_dimer_db/8GQE.pdb,1.0
8GRJ,B,A,../../GraPPI_data/PDB/new_dimer_db/8GRJ.pdb,1.0
8GS1,B,A,../../GraPPI_data/PDB/new_dimer_db/8GS1.pdb,1.0
8GS2,A,B,../../GraPPI_data/PDB/new_dimer_db/8GS2.pdb,1.0
8GT0,B,A,../../GraPPI_data/PDB/new_dimer_db/8GT0.pdb,1.0
8GTK,A,B,../../GraPPI_data/PDB/new_dimer_db/8GTK.pdb,1.0
8GTM,A,B,../../GraPPI_data/PDB/new_dimer_db/8GTM.pdb,1.0
8GTX,A,B,../../GraPPI_data/PDB/new_dimer_db/8GTX.pdb,1.0
8GU7,D,A,../../GraPPI_data/PDB/new_dimer_db/8GU7.pdb,1.0
8GUO,A,B,../../GraPPI_data/PDB/new_dimer_db/8GUO.pdb,1.0
8GXE,A,B,../../GraPPI_data/PDB/new_dimer_db/8GXE.pdb,1.0
8GZ5,A,B,../../GraPPI_data/PDB/new_dimer_db/8GZ5.pdb,1.0
8GZR,A,B,../../GraPPI_data/PDB/new_dimer_db/8GZR.pdb,1.0
8GZY,B,A,../../GraPPI_data/PDB/new_dimer_db/8GZY.pdb,1.0
8H0N,A,B,../../GraPPI_data/PDB/new_dimer_db/8H0N.pdb,1.0
8H3C,B,G,../../GraPPI_data/PDB/new_dimer_db/8H3C.pdb,1.0
8H3X,C,A,../../GraPPI_data/PDB/new_dimer_db/8H3X.pdb,1.0
8H3Y,F,A,../../GraPPI_data/PDB/new_dimer_db/8H3Y.pdb,1.0
8H5T,A,B,../../GraPPI_data/PDB/new_dimer_db/8H5T.pdb,1.0
8H5U,A,B,../../GraPPI_data/PDB/new_dimer_db/8H5U.pdb,1.0
8H62,A,B,../../GraPPI_data/PDB/new_dimer_db/8H62.pdb,1.0
8H63,A,B,../../GraPPI_data/PDB/new_dimer_db/8H63.pdb,1.0
8H64,B,A,../../GraPPI_data/PDB/new_dimer_db/8H64.pdb,1.0
8H6S,A,C,../../GraPPI_data/PDB/new_dimer_db/8H6S.pdb,1.0
8H8A,A,B,../../GraPPI_data/PDB/new_dimer_db/8H8A.pdb,1.0
8H9H,G,F,../../GraPPI_data/PDB/new_dimer_db/8H9H.pdb,1.0
8HBH,A,B,../../GraPPI_data/PDB/new_dimer_db/8HBH.pdb,1.0
8HD8,A,C,../../GraPPI_data/PDB/new_dimer_db/8HD8.pdb,1.0
8HDJ,B,A,../../GraPPI_data/PDB/new_dimer_db/8HDJ.pdb,1.0
8HE0,A,B,../../GraPPI_data/PDB/new_dimer_db/8HE0.pdb,1.0
8HFC,A,B,../../GraPPI_data/PDB/new_dimer_db/8HFC.pdb,1.0
8HFP,A,C,../../GraPPI_data/PDB/new_dimer_db/8HFP.pdb,1.0
8HG7,A,B,../../GraPPI_data/PDB/new_dimer_db/8HG7.pdb,1.0
8HGI,A,C,../../GraPPI_data/PDB/new_dimer_db/8HGI.pdb,1.0
8HHJ,A,B,../../GraPPI_data/PDB/new_dimer_db/8HHJ.pdb,1.0
8HI8,A,B,../../GraPPI_data/PDB/new_dimer_db/8HI8.pdb,1.0
8HJ4,A,C,../../GraPPI_data/PDB/new_dimer_db/8HJ4.pdb,1.0
8HKH,A,C,../../GraPPI_data/PDB/new_dimer_db/8HKH.pdb,1.0
8HL7,A,B,../../GraPPI_data/PDB/new_dimer_db/8HL7.pdb,1.0
8HLN,A,B,../../GraPPI_data/PDB/new_dimer_db/8HLN.pdb,1.0
8HLO,A,C,../../GraPPI_data/PDB/new_dimer_db/8HLO.pdb,1.0
8HM3,B,A,../../GraPPI_data/PDB/new_dimer_db/8HM3.pdb,1.0
8HNV,A,E,../../GraPPI_data/PDB/new_dimer_db/8HNV.pdb,1.0
8HQ2,D,A,../../GraPPI_data/PDB/new_dimer_db/8HQ2.pdb,1.0
8HS8,A,C,../../GraPPI_data/PDB/new_dimer_db/8HS8.pdb,1.0
8HTF,A,B,../../GraPPI_data/PDB/new_dimer_db/8HTF.pdb,1.0
8HUK,A,B,../../GraPPI_data/PDB/new_dimer_db/8HUK.pdb,1.0
8I34,A,B,../../GraPPI_data/PDB/new_dimer_db/8I34.pdb,1.0
8I3G,D,A,../../GraPPI_data/PDB/new_dimer_db/8I3G.pdb,1.0
8I4O,C,D,../../GraPPI_data/PDB/new_dimer_db/8I4O.pdb,1.0
8I5W,A,B,../../GraPPI_data/PDB/new_dimer_db/8I5W.pdb,1.0
8I60,C,D,../../GraPPI_data/PDB/new_dimer_db/8I60.pdb,1.0
8IBP,A,C,../../GraPPI_data/PDB/new_dimer_db/8IBP.pdb,1.0
8IDE,A,B,../../GraPPI_data/PDB/new_dimer_db/8IDE.pdb,1.0
8IDI,B,C,../../GraPPI_data/PDB/new_dimer_db/8IDI.pdb,1.0
8IDO,B,A,../../GraPPI_data/PDB/new_dimer_db/8IDO.pdb,1.0
8IF0,X,Y,../../GraPPI_data/PDB/new_dimer_db/8IF0.pdb,1.0
8IGC,A,B,../../GraPPI_data/PDB/new_dimer_db/8IGC.pdb,1.0
8IGD,D,A,../../GraPPI_data/PDB/new_dimer_db/8IGD.pdb,1.0
8IJ0,D,A,../../GraPPI_data/PDB/new_dimer_db/8IJ0.pdb,1.0
8IJ5,B,E,../../GraPPI_data/PDB/new_dimer_db/8IJ5.pdb,1.0
8IJ9,A,C,../../GraPPI_data/PDB/new_dimer_db/8IJ9.pdb,1.0
8IJM,A,B,../../GraPPI_data/PDB/new_dimer_db/8IJM.pdb,1.0
8IKW,A,B,../../GraPPI_data/PDB/new_dimer_db/8IKW.pdb,1.0
8ILX,A,C,../../GraPPI_data/PDB/new_dimer_db/8ILX.pdb,1.0
8IM0,A,B,../../GraPPI_data/PDB/new_dimer_db/8IM0.pdb,1.0
8IN9,A,B,../../GraPPI_data/PDB/new_dimer_db/8IN9.pdb,1.0
8IPJ,A,B,../../GraPPI_data/PDB/new_dimer_db/8IPJ.pdb,1.0
8IPM,C,D,../../GraPPI_data/PDB/new_dimer_db/8IPM.pdb,1.0
8IPQ,A,B,../../GraPPI_data/PDB/new_dimer_db/8IPQ.pdb,1.0
8IPR,A,C,../../GraPPI_data/PDB/new_dimer_db/8IPR.pdb,1.0
8IQK,A,B,../../GraPPI_data/PDB/new_dimer_db/8IQK.pdb,1.0
8IQL,A,B,../../GraPPI_data/PDB/new_dimer_db/8IQL.pdb,1.0
8IQM,A,B,../../GraPPI_data/PDB/new_dimer_db/8IQM.pdb,1.0
8IQS,H,L,../../GraPPI_data/PDB/new_dimer_db/8IQS.pdb,1.0
8IR4,A,C,../../GraPPI_data/PDB/new_dimer_db/8IR4.pdb,1.0
8IVD,D,A,../../GraPPI_data/PDB/new_dimer_db/8IVD.pdb,1.0
8IYA,A,C,../../GraPPI_data/PDB/new_dimer_db/8IYA.pdb,1.0
8J09,A,B,../../GraPPI_data/PDB/new_dimer_db/8J09.pdb,1.0
8J1I,8,H,../../GraPPI_data/PDB/new_dimer_db/8J1I.pdb,1.0
8J1N,A,B,../../GraPPI_data/PDB/new_dimer_db/8J1N.pdb,1.0
8J64,A,B,../../GraPPI_data/PDB/new_dimer_db/8J64.pdb,1.0
8J83,A,B,../../GraPPI_data/PDB/new_dimer_db/8J83.pdb,1.0
8J8H,A,B,../../GraPPI_data/PDB/new_dimer_db/8J8H.pdb,1.0
8JC5,B,C,../../GraPPI_data/PDB/new_dimer_db/8JC5.pdb,1.0
8JCA,A,B,../../GraPPI_data/PDB/new_dimer_db/8JCA.pdb,1.0
8JCZ,2,3,../../GraPPI_data/PDB/new_dimer_db/8JCZ.pdb,1.0
8JD4,2,4,../../GraPPI_data/PDB/new_dimer_db/8JD4.pdb,1.0
8JFT,A,C,../../GraPPI_data/PDB/new_dimer_db/8JFT.pdb,1.0
8JHZ,A,B,../../GraPPI_data/PDB/new_dimer_db/8JHZ.pdb,1.0
8JI0,B,A,../../GraPPI_data/PDB/new_dimer_db/8JI0.pdb,1.0
8JI9,D,C,../../GraPPI_data/PDB/new_dimer_db/8JI9.pdb,1.0
8JJ9,A,C,../../GraPPI_data/PDB/new_dimer_db/8JJ9.pdb,1.0
8JJV,A,B,../../GraPPI_data/PDB/new_dimer_db/8JJV.pdb,1.0
8JL0,A,B,../../GraPPI_data/PDB/new_dimer_db/8JL0.pdb,1.0
8JLG,A,B,../../GraPPI_data/PDB/new_dimer_db/8JLG.pdb,1.0
8JLY,A,B,../../GraPPI_data/PDB/new_dimer_db/8JLY.pdb,1.0
8JMR,A,B,../../GraPPI_data/PDB/new_dimer_db/8JMR.pdb,1.0
8JOW,B,A,../../GraPPI_data/PDB/new_dimer_db/8JOW.pdb,1.0
8JSU,B,A,../../GraPPI_data/PDB/new_dimer_db/8JSU.pdb,1.0
8JTY,A,B,../../GraPPI_data/PDB/new_dimer_db/8JTY.pdb,1.0
8JWJ,B,A,../../GraPPI_data/PDB/new_dimer_db/8JWJ.pdb,1.0
8JZD,A,B,../../GraPPI_data/PDB/new_dimer_db/8JZD.pdb,1.0
8JZU,A,B,../../GraPPI_data/PDB/new_dimer_db/8JZU.pdb,1.0
8JZV,A,B,../../GraPPI_data/PDB/new_dimer_db/8JZV.pdb,1.0
8JZY,A,B,../../GraPPI_data/PDB/new_dimer_db/8JZY.pdb,1.0
8K00,A,B,../../GraPPI_data/PDB/new_dimer_db/8K00.pdb,1.0
8K0H,A,B,../../GraPPI_data/PDB/new_dimer_db/8K0H.pdb,1.0
8K2W,N,R,../../GraPPI_data/PDB/new_dimer_db/8K2W.pdb,1.0
8K33,B,A,../../GraPPI_data/PDB/new_dimer_db/8K33.pdb,1.0
8K3A,A,B,../../GraPPI_data/PDB/new_dimer_db/8K3A.pdb,1.0
8K3K,E,D,../../GraPPI_data/PDB/new_dimer_db/8K3K.pdb,1.0
8K3L,B,A,../../GraPPI_data/PDB/new_dimer_db/8K3L.pdb,1.0
8KA1,B,A,../../GraPPI_data/PDB/new_dimer_db/8KA1.pdb,1.0
8KB8,B,C,../../GraPPI_data/PDB/new_dimer_db/8KB8.pdb,1.0
8KBX,A,B,../../GraPPI_data/PDB/new_dimer_db/8KBX.pdb,1.0
8KDX,A,B,../../GraPPI_data/PDB/new_dimer_db/8KDX.pdb,1.0
8ODP,B,A,../../GraPPI_data/PDB/new_dimer_db/8ODP.pdb,1.0
8ODR,A,B,../../GraPPI_data/PDB/new_dimer_db/8ODR.pdb,1.0
8OEP,B,A,../../GraPPI_data/PDB/new_dimer_db/8OEP.pdb,1.0
8OI2,A,B,../../GraPPI_data/PDB/new_dimer_db/8OI2.pdb,1.0
8OI3,D,A,../../GraPPI_data/PDB/new_dimer_db/8OI3.pdb,1.0
8OMA,A,B,../../GraPPI_data/PDB/new_dimer_db/8OMA.pdb,1.0
8OMU,A,B,../../GraPPI_data/PDB/new_dimer_db/8OMU.pdb,1.0
8ONR,A,B,../../GraPPI_data/PDB/new_dimer_db/8ONR.pdb,1.0
8ONW,H,A,../../GraPPI_data/PDB/new_dimer_db/8ONW.pdb,1.0
8OOT,I,J,../../GraPPI_data/PDB/new_dimer_db/8OOT.pdb,1.0
8ORJ,A,B,../../GraPPI_data/PDB/new_dimer_db/8ORJ.pdb,1.0
8ORN,B,A,../../GraPPI_data/PDB/new_dimer_db/8ORN.pdb,1.0
8OWS,A,C,../../GraPPI_data/PDB/new_dimer_db/8OWS.pdb,1.0
8OX6,A,B,../../GraPPI_data/PDB/new_dimer_db/8OX6.pdb,1.0
8OYP,A,C,../../GraPPI_data/PDB/new_dimer_db/8OYP.pdb,1.0
8P2Z,A,C,../../GraPPI_data/PDB/new_dimer_db/8P2Z.pdb,1.0
8P7L,H,J,../../GraPPI_data/PDB/new_dimer_db/8P7L.pdb,1.0
8P98,A,B,../../GraPPI_data/PDB/new_dimer_db/8P98.pdb,1.0
8PE1,D,B,../../GraPPI_data/PDB/new_dimer_db/8PE1.pdb,1.0
8PE2,A,B,../../GraPPI_data/PDB/new_dimer_db/8PE2.pdb,1.0
8PEF,A,B,../../GraPPI_data/PDB/new_dimer_db/8PEF.pdb,1.0
8PEQ,L,A,../../GraPPI_data/PDB/new_dimer_db/8PEQ.pdb,1.0
8PFC,B,A,../../GraPPI_data/PDB/new_dimer_db/8PFC.pdb,1.0
8PFD,A,B,../../GraPPI_data/PDB/new_dimer_db/8PFD.pdb,1.0
8PHV,B,A,../../GraPPI_data/PDB/new_dimer_db/8PHV.pdb,1.0
8PII,A,B,../../GraPPI_data/PDB/new_dimer_db/8PII.pdb,1.0
8PIZ,A,B,../../GraPPI_data/PDB/new_dimer_db/8PIZ.pdb,1.0
8PJP,A,C,../../GraPPI_data/PDB/new_dimer_db/8PJP.pdb,1.0
8PK5,A,B,../../GraPPI_data/PDB/new_dimer_db/8PK5.pdb,1.0
8PK6,A,B,../../GraPPI_data/PDB/new_dimer_db/8PK6.pdb,1.0
8PKO,A,B,../../GraPPI_data/PDB/new_dimer_db/8PKO.pdb,1.0
8PKV,B,P,../../GraPPI_data/PDB/new_dimer_db/8PKV.pdb,1.0
8PN3,A,C,../../GraPPI_data/PDB/new_dimer_db/8PN3.pdb,1.0
8PN5,A,I,../../GraPPI_data/PDB/new_dimer_db/8PN5.pdb,1.0
8PNL,A,B,../../GraPPI_data/PDB/new_dimer_db/8PNL.pdb,1.0
8PPZ,A,B,../../GraPPI_data/PDB/new_dimer_db/8PPZ.pdb,1.0
8PQ7,B,A,../../GraPPI_data/PDB/new_dimer_db/8PQ7.pdb,1.0
8PSR,A,B,../../GraPPI_data/PDB/new_dimer_db/8PSR.pdb,1.0
8PU1,A,B,../../GraPPI_data/PDB/new_dimer_db/8PU1.pdb,1.0
8PWV,B,A,../../GraPPI_data/PDB/new_dimer_db/8PWV.pdb,1.0
8PWW,B,A,../../GraPPI_data/PDB/new_dimer_db/8PWW.pdb,1.0
8PWX,A,B,../../GraPPI_data/PDB/new_dimer_db/8PWX.pdb,1.0
8Q1N,a,A,../../GraPPI_data/PDB/new_dimer_db/8Q1N.pdb,1.0
8Q1Q,A,D,../../GraPPI_data/PDB/new_dimer_db/8Q1Q.pdb,1.0
8Q3T,A,C,../../GraPPI_data/PDB/new_dimer_db/8Q3T.pdb,1.0
8Q5M,B,A,../../GraPPI_data/PDB/new_dimer_db/8Q5M.pdb,1.0
8Q5P,A,B,../../GraPPI_data/PDB/new_dimer_db/8Q5P.pdb,1.0
8Q5R,A,B,../../GraPPI_data/PDB/new_dimer_db/8Q5R.pdb,1.0
8Q66,A,B,../../GraPPI_data/PDB/new_dimer_db/8Q66.pdb,1.0
8Q6Q,A,C,../../GraPPI_data/PDB/new_dimer_db/8Q6Q.pdb,1.0
8Q8K,A,C,../../GraPPI_data/PDB/new_dimer_db/8Q8K.pdb,1.0
8QA5,A,B,../../GraPPI_data/PDB/new_dimer_db/8QA5.pdb,1.0
8QC1,M,L,../../GraPPI_data/PDB/new_dimer_db/8QC1.pdb,1.0
8QCI,B,A,../../GraPPI_data/PDB/new_dimer_db/8QCI.pdb,1.0
8QEL,A,B,../../GraPPI_data/PDB/new_dimer_db/8QEL.pdb,1.0
8QEO,A,B,../../GraPPI_data/PDB/new_dimer_db/8QEO.pdb,1.0
8QF4,E,A,../../GraPPI_data/PDB/new_dimer_db/8QF4.pdb,1.0
8QFS,C,A,../../GraPPI_data/PDB/new_dimer_db/8QFS.pdb,1.0
8QFZ,A,B,../../GraPPI_data/PDB/new_dimer_db/8QFZ.pdb,1.0
8QG0,A,B,../../GraPPI_data/PDB/new_dimer_db/8QG0.pdb,1.0
8QGX,A,B,../../GraPPI_data/PDB/new_dimer_db/8QGX.pdb,1.0
8QL1,B,A,../../GraPPI_data/PDB/new_dimer_db/8QL1.pdb,1.0
8QLK,A,B,../../GraPPI_data/PDB/new_dimer_db/8QLK.pdb,1.0
8QLM,A,C,../../GraPPI_data/PDB/new_dimer_db/8QLM.pdb,1.0
8QLV,B,A,../../GraPPI_data/PDB/new_dimer_db/8QLV.pdb,1.0
8QM0,A,E,../../GraPPI_data/PDB/new_dimer_db/8QM0.pdb,1.0
8QNS,M,A,../../GraPPI_data/PDB/new_dimer_db/8QNS.pdb,1.0
8QQF,B,A,../../GraPPI_data/PDB/new_dimer_db/8QQF.pdb,1.0
8QQU,C,D,../../GraPPI_data/PDB/new_dimer_db/8QQU.pdb,1.0
8QU7,E,A,../../GraPPI_data/PDB/new_dimer_db/8QU7.pdb,1.0
8QUS,D,H,../../GraPPI_data/PDB/new_dimer_db/8QUS.pdb,1.0
8QVX,A,B,../../GraPPI_data/PDB/new_dimer_db/8QVX.pdb,1.0
8QW4,A,B,../../GraPPI_data/PDB/new_dimer_db/8QW4.pdb,1.0
8QXX,A,B,../../GraPPI_data/PDB/new_dimer_db/8QXX.pdb,1.0
8QYU,H,A,../../GraPPI_data/PDB/new_dimer_db/8QYU.pdb,1.0
8QZI,C,E,../../GraPPI_data/PDB/new_dimer_db/8QZI.pdb,1.0
8R18,A,C,../../GraPPI_data/PDB/new_dimer_db/8R18.pdb,1.0
8R3X,A,C,../../GraPPI_data/PDB/new_dimer_db/8R3X.pdb,1.0
8R4U,B,A,../../GraPPI_data/PDB/new_dimer_db/8R4U.pdb,1.0
8R58,A,B,../../GraPPI_data/PDB/new_dimer_db/8R58.pdb,1.0
8R7D,B,A,../../GraPPI_data/PDB/new_dimer_db/8R7D.pdb,1.0
8RD3,A,B,../../GraPPI_data/PDB/new_dimer_db/8RD3.pdb,1.0
8RDY,A,B,../../GraPPI_data/PDB/new_dimer_db/8RDY.pdb,1.0
8REV,A,D,../../GraPPI_data/PDB/new_dimer_db/8REV.pdb,1.0
8RGI,A,B,../../GraPPI_data/PDB/new_dimer_db/8RGI.pdb,1.0
8RJ7,B,A,../../GraPPI_data/PDB/new_dimer_db/8RJ7.pdb,1.0
8RLA,K,A,../../GraPPI_data/PDB/new_dimer_db/8RLA.pdb,1.0
8ROG,A,B,../../GraPPI_data/PDB/new_dimer_db/8ROG.pdb,1.0
8ROL,A,B,../../GraPPI_data/PDB/new_dimer_db/8ROL.pdb,1.0
8RPP,D,A,../../GraPPI_data/PDB/new_dimer_db/8RPP.pdb,1.0
8RU3,A,P,../../GraPPI_data/PDB/new_dimer_db/8RU3.pdb,1.0
8RV1,A,B,../../GraPPI_data/PDB/new_dimer_db/8RV1.pdb,1.0
8RVR,A,G,../../GraPPI_data/PDB/new_dimer_db/8RVR.pdb,1.0
8RW9,D,H,../../GraPPI_data/PDB/new_dimer_db/8RW9.pdb,1.0
8RWF,A,G,../../GraPPI_data/PDB/new_dimer_db/8RWF.pdb,1.0
8RY2,B,A,../../GraPPI_data/PDB/new_dimer_db/8RY2.pdb,1.0
8RYK,A,C,../../GraPPI_data/PDB/new_dimer_db/8RYK.pdb,1.0
8RZ0,B,A,../../GraPPI_data/PDB/new_dimer_db/8RZ0.pdb,1.0
8RZ1,B,A,../../GraPPI_data/PDB/new_dimer_db/8RZ1.pdb,1.0
8RZ8,A,B,../../GraPPI_data/PDB/new_dimer_db/8RZ8.pdb,1.0
8RZU,A,B,../../GraPPI_data/PDB/new_dimer_db/8RZU.pdb,1.0
8S05,A,C,../../GraPPI_data/PDB/new_dimer_db/8S05.pdb,1.0
8S0N,B,A,../../GraPPI_data/PDB/new_dimer_db/8S0N.pdb,1.0
8S1X,A,B,../../GraPPI_data/PDB/new_dimer_db/8S1X.pdb,1.0
8S2M,A,B,../../GraPPI_data/PDB/new_dimer_db/8S2M.pdb,1.0
8S4Y,A,B,../../GraPPI_data/PDB/new_dimer_db/8S4Y.pdb,1.0
8S5T,D,A,../../GraPPI_data/PDB/new_dimer_db/8S5T.pdb,1.0
8S5U,B,A,../../GraPPI_data/PDB/new_dimer_db/8S5U.pdb,1.0
8S6U,A,C,../../GraPPI_data/PDB/new_dimer_db/8S6U.pdb,1.0
8S79,D,A,../../GraPPI_data/PDB/new_dimer_db/8S79.pdb,1.0
8S7E,A,B,../../GraPPI_data/PDB/new_dimer_db/8S7E.pdb,1.0
8S82,K,L,../../GraPPI_data/PDB/new_dimer_db/8S82.pdb,1.0
8S83,D,A,../../GraPPI_data/PDB/new_dimer_db/8S83.pdb,1.0
8SAH,A,B,../../GraPPI_data/PDB/new_dimer_db/8SAH.pdb,1.0
8SAO,A,B,../../GraPPI_data/PDB/new_dimer_db/8SAO.pdb,1.0
8SFS,D,A,../../GraPPI_data/PDB/new_dimer_db/8SFS.pdb,1.0
8SFX,A,C,../../GraPPI_data/PDB/new_dimer_db/8SFX.pdb,1.0
8SFZ,D,C,../../GraPPI_data/PDB/new_dimer_db/8SFZ.pdb,1.0
8SG7,B,C,../../GraPPI_data/PDB/new_dimer_db/8SG7.pdb,1.0
8SGH,A,B,../../GraPPI_data/PDB/new_dimer_db/8SGH.pdb,1.0
8SIU,A,B,../../GraPPI_data/PDB/new_dimer_db/8SIU.pdb,1.0
8SJJ,A,C,../../GraPPI_data/PDB/new_dimer_db/8SJJ.pdb,1.0
8SJK,A,B,../../GraPPI_data/PDB/new_dimer_db/8SJK.pdb,1.0
8SK5,A,B,../../GraPPI_data/PDB/new_dimer_db/8SK5.pdb,1.0
8SKJ,A,E,../../GraPPI_data/PDB/new_dimer_db/8SKJ.pdb,1.0
8SKK,A,B,../../GraPPI_data/PDB/new_dimer_db/8SKK.pdb,1.0
8SLC,A,C,../../GraPPI_data/PDB/new_dimer_db/8SLC.pdb,1.0
8SM5,B,A,../../GraPPI_data/PDB/new_dimer_db/8SM5.pdb,1.0
8SMO,B,A,../../GraPPI_data/PDB/new_dimer_db/8SMO.pdb,1.0
8SNL,A,B,../../GraPPI_data/PDB/new_dimer_db/8SNL.pdb,1.0
8SNO,A,B,../../GraPPI_data/PDB/new_dimer_db/8SNO.pdb,1.0
8SOZ,C,A,../../GraPPI_data/PDB/new_dimer_db/8SOZ.pdb,1.0
8SP6,A,D,../../GraPPI_data/PDB/new_dimer_db/8SP6.pdb,1.0
8SSI,B,A,../../GraPPI_data/PDB/new_dimer_db/8SSI.pdb,1.0
8SSO,B,A,../../GraPPI_data/PDB/new_dimer_db/8SSO.pdb,1.0
8SSP,A,B,../../GraPPI_data/PDB/new_dimer_db/8SSP.pdb,1.0
8ST7,D,C,../../GraPPI_data/PDB/new_dimer_db/8ST7.pdb,1.0
8ST8,A,B,../../GraPPI_data/PDB/new_dimer_db/8ST8.pdb,1.0
8ST9,B,A,../../GraPPI_data/PDB/new_dimer_db/8ST9.pdb,1.0
8SUV,F,A,../../GraPPI_data/PDB/new_dimer_db/8SUV.pdb,1.0
8SVE,H,L,../../GraPPI_data/PDB/new_dimer_db/8SVE.pdb,1.0
8SW6,A,C,../../GraPPI_data/PDB/new_dimer_db/8SW6.pdb,1.0
8SWI,A,B,../../GraPPI_data/PDB/new_dimer_db/8SWI.pdb,1.0
8SYM,A,B,../../GraPPI_data/PDB/new_dimer_db/8SYM.pdb,1.0
8T0S,A,B,../../GraPPI_data/PDB/new_dimer_db/8T0S.pdb,1.0
8T12,A,B,../../GraPPI_data/PDB/new_dimer_db/8T12.pdb,1.0
8T13,A,B,../../GraPPI_data/PDB/new_dimer_db/8T13.pdb,1.0
8T1C,A,E,../../GraPPI_data/PDB/new_dimer_db/8T1C.pdb,1.0
8T2D,B,A,../../GraPPI_data/PDB/new_dimer_db/8T2D.pdb,1.0
8T2N,B,A,../../GraPPI_data/PDB/new_dimer_db/8T2N.pdb,1.0
8T32,A,B,../../GraPPI_data/PDB/new_dimer_db/8T32.pdb,1.0
8T48,D,A,../../GraPPI_data/PDB/new_dimer_db/8T48.pdb,1.0
8T5E,A,B,../../GraPPI_data/PDB/new_dimer_db/8T5E.pdb,1.0
8T75,B,A,../../GraPPI_data/PDB/new_dimer_db/8T75.pdb,1.0
8T7V,A,B,../../GraPPI_data/PDB/new_dimer_db/8T7V.pdb,1.0
8T8R,A,B,../../GraPPI_data/PDB/new_dimer_db/8T8R.pdb,1.0
8T8S,B,D,../../GraPPI_data/PDB/new_dimer_db/8T8S.pdb,1.0
8TEG,A,B,../../GraPPI_data/PDB/new_dimer_db/8TEG.pdb,1.0
8TEN,A,B,../../GraPPI_data/PDB/new_dimer_db/8TEN.pdb,1.0
8TGC,D,B,../../GraPPI_data/PDB/new_dimer_db/8TGC.pdb,1.0
8TI7,B,A,../../GraPPI_data/PDB/new_dimer_db/8TI7.pdb,1.0
8TJ3,B,C,../../GraPPI_data/PDB/new_dimer_db/8TJ3.pdb,1.0
8TKU,B,A,../../GraPPI_data/PDB/new_dimer_db/8TKU.pdb,1.0
8TM2,A,C,../../GraPPI_data/PDB/new_dimer_db/8TM2.pdb,1.0
8TOS,A,E,../../GraPPI_data/PDB/new_dimer_db/8TOS.pdb,1.0
8TOU,A,B,../../GraPPI_data/PDB/new_dimer_db/8TOU.pdb,1.0
8TTC,B,A,../../GraPPI_data/PDB/new_dimer_db/8TTC.pdb,1.0
8TTG,A,C,../../GraPPI_data/PDB/new_dimer_db/8TTG.pdb,1.0
8TUQ,A,B,../../GraPPI_data/PDB/new_dimer_db/8TUQ.pdb,1.0
8TUR,A,B,../../GraPPI_data/PDB/new_dimer_db/8TUR.pdb,1.0
8TUS,A,C,../../GraPPI_data/PDB/new_dimer_db/8TUS.pdb,1.0
8TUU,A,B,../../GraPPI_data/PDB/new_dimer_db/8TUU.pdb,1.0
8TWD,A,C,../../GraPPI_data/PDB/new_dimer_db/8TWD.pdb,1.0
8TX8,D,A,../../GraPPI_data/PDB/new_dimer_db/8TX8.pdb,1.0
8TXF,A,B,../../GraPPI_data/PDB/new_dimer_db/8TXF.pdb,1.0
8TYY,A,B,../../GraPPI_data/PDB/new_dimer_db/8TYY.pdb,1.0
8TZF,A,B,../../GraPPI_data/PDB/new_dimer_db/8TZF.pdb,1.0
8TZU,A,G,../../GraPPI_data/PDB/new_dimer_db/8TZU.pdb,1.0
8U1Z,A,B,../../GraPPI_data/PDB/new_dimer_db/8U1Z.pdb,1.0
8U3C,A,D,../../GraPPI_data/PDB/new_dimer_db/8U3C.pdb,1.0
8U45,A,C,../../GraPPI_data/PDB/new_dimer_db/8U45.pdb,1.0
8U77,B,A,../../GraPPI_data/PDB/new_dimer_db/8U77.pdb,1.0
8UAH,B,C,../../GraPPI_data/PDB/new_dimer_db/8UAH.pdb,1.0
8UC6,G,C,../../GraPPI_data/PDB/new_dimer_db/8UC6.pdb,1.0
8UHL,A,B,../../GraPPI_data/PDB/new_dimer_db/8UHL.pdb,1.0
8UKP,C,E,../../GraPPI_data/PDB/new_dimer_db/8UKP.pdb,1.0
8UKV,B,D,../../GraPPI_data/PDB/new_dimer_db/8UKV.pdb,1.0
8UO7,A,C,../../GraPPI_data/PDB/new_dimer_db/8UO7.pdb,1.0
8UO9,A,B,../../GraPPI_data/PDB/new_dimer_db/8UO9.pdb,1.0
8UPA,B,A,../../GraPPI_data/PDB/new_dimer_db/8UPA.pdb,1.0
8UQN,A,B,../../GraPPI_data/PDB/new_dimer_db/8UQN.pdb,1.0
8UW9,A,B,../../GraPPI_data/PDB/new_dimer_db/8UW9.pdb,1.0
8UY3,C,F,../../GraPPI_data/PDB/new_dimer_db/8UY3.pdb,1.0
8VIS,B,A,../../GraPPI_data/PDB/new_dimer_db/8VIS.pdb,1.0
8VK2,F,E,../../GraPPI_data/PDB/new_dimer_db/8VK2.pdb,1.0
8VK9,B,A,../../GraPPI_data/PDB/new_dimer_db/8VK9.pdb,1.0
8VMG,A,C,../../GraPPI_data/PDB/new_dimer_db/8VMG.pdb,1.0
8VPU,A,B,../../GraPPI_data/PDB/new_dimer_db/8VPU.pdb,1.0
8VRS,D,A,../../GraPPI_data/PDB/new_dimer_db/8VRS.pdb,1.0
8VTR,A,G,../../GraPPI_data/PDB/new_dimer_db/8VTR.pdb,1.0
8VVY,A,C,../../GraPPI_data/PDB/new_dimer_db/8VVY.pdb,1.0
8VXY,A,B,../../GraPPI_data/PDB/new_dimer_db/8VXY.pdb,1.0
8VYB,A,B,../../GraPPI_data/PDB/new_dimer_db/8VYB.pdb,1.0
8W6A,A,C,../../GraPPI_data/PDB/new_dimer_db/8W6A.pdb,1.0
8W90,B,A,../../GraPPI_data/PDB/new_dimer_db/8W90.pdb,1.0
8WEA,A,D,../../GraPPI_data/PDB/new_dimer_db/8WEA.pdb,1.0
8WEE,A,B,../../GraPPI_data/PDB/new_dimer_db/8WEE.pdb,1.0
8WEO,B,C,../../GraPPI_data/PDB/new_dimer_db/8WEO.pdb,1.0
8WFM,A,B,../../GraPPI_data/PDB/new_dimer_db/8WFM.pdb,1.0
8WHG,G,H,../../GraPPI_data/PDB/new_dimer_db/8WHG.pdb,1.0
8WHK,A,B,../../GraPPI_data/PDB/new_dimer_db/8WHK.pdb,1.0
8WI0,A,B,../../GraPPI_data/PDB/new_dimer_db/8WI0.pdb,1.0
8WI5,A,B,../../GraPPI_data/PDB/new_dimer_db/8WI5.pdb,1.0
8WKD,A,C,../../GraPPI_data/PDB/new_dimer_db/8WKD.pdb,1.0
8WLA,A,B,../../GraPPI_data/PDB/new_dimer_db/8WLA.pdb,1.0
8WMA,A,C,../../GraPPI_data/PDB/new_dimer_db/8WMA.pdb,1.0
8WML,A,B,../../GraPPI_data/PDB/new_dimer_db/8WML.pdb,1.0
8WQI,D,G,../../GraPPI_data/PDB/new_dimer_db/8WQI.pdb,1.0
8WQR,B,A,../../GraPPI_data/PDB/new_dimer_db/8WQR.pdb,1.0
8WT0,A,B,../../GraPPI_data/PDB/new_dimer_db/8WT0.pdb,1.0
8WT4,A,B,../../GraPPI_data/PDB/new_dimer_db/8WT4.pdb,1.0
8WTC,B,A,../../GraPPI_data/PDB/new_dimer_db/8WTC.pdb,1.0
8WTW,A,B,../../GraPPI_data/PDB/new_dimer_db/8WTW.pdb,1.0
8WWC,A,C,../../GraPPI_data/PDB/new_dimer_db/8WWC.pdb,1.0
8WWY,B,A,../../GraPPI_data/PDB/new_dimer_db/8WWY.pdb,1.0
8WZN,A,B,../../GraPPI_data/PDB/new_dimer_db/8WZN.pdb,1.0
8X7H,B,A,../../GraPPI_data/PDB/new_dimer_db/8X7H.pdb,1.0
8X8A,A,B,../../GraPPI_data/PDB/new_dimer_db/8X8A.pdb,1.0
8X8Q,B,F,../../GraPPI_data/PDB/new_dimer_db/8X8Q.pdb,1.0
8XEN,A,B,../../GraPPI_data/PDB/new_dimer_db/8XEN.pdb,1.0
8XEZ,A,B,../../GraPPI_data/PDB/new_dimer_db/8XEZ.pdb,1.0
8XK2,A,B,../../GraPPI_data/PDB/new_dimer_db/8XK2.pdb,1.0
8XL1,A,B,../../GraPPI_data/PDB/new_dimer_db/8XL1.pdb,1.0
8XLD,A,B,../../GraPPI_data/PDB/new_dimer_db/8XLD.pdb,1.0
8XMM,A,B,../../GraPPI_data/PDB/new_dimer_db/8XMM.pdb,1.0
8XS5,A,B,../../GraPPI_data/PDB/new_dimer_db/8XS5.pdb,1.0
8XSB,A,B,../../GraPPI_data/PDB/new_dimer_db/8XSB.pdb,1.0
8XT9,C,A,../../GraPPI_data/PDB/new_dimer_db/8XT9.pdb,1.0
8XV4,A,C,../../GraPPI_data/PDB/new_dimer_db/8XV4.pdb,1.0
8XV6,B,A,../../GraPPI_data/PDB/new_dimer_db/8XV6.pdb,1.0
8XV7,B,A,../../GraPPI_data/PDB/new_dimer_db/8XV7.pdb,1.0
8XV8,B,A,../../GraPPI_data/PDB/new_dimer_db/8XV8.pdb,1.0
8XY7,A,C,../../GraPPI_data/PDB/new_dimer_db/8XY7.pdb,1.0
8XYF,A,B,../../GraPPI_data/PDB/new_dimer_db/8XYF.pdb,1.0
8XZ5,A,B,../../GraPPI_data/PDB/new_dimer_db/8XZ5.pdb,1.0
8XZ6,C,E,../../GraPPI_data/PDB/new_dimer_db/8XZ6.pdb,1.0
8Y0P,L,A,../../GraPPI_data/PDB/new_dimer_db/8Y0P.pdb,1.0
8Y1Y,A,B,../../GraPPI_data/PDB/new_dimer_db/8Y1Y.pdb,1.0
8Y1Z,A,B,../../GraPPI_data/PDB/new_dimer_db/8Y1Z.pdb,1.0
8Y2O,A,B,../../GraPPI_data/PDB/new_dimer_db/8Y2O.pdb,1.0
8Y47,A,B,../../GraPPI_data/PDB/new_dimer_db/8Y47.pdb,1.0
8Y4X,A,B,../../GraPPI_data/PDB/new_dimer_db/8Y4X.pdb,1.0
8Y6B,D,A,../../GraPPI_data/PDB/new_dimer_db/8Y6B.pdb,1.0
8Y77,A,B,../../GraPPI_data/PDB/new_dimer_db/8Y77.pdb,1.0
8Y7Z,B,A,../../GraPPI_data/PDB/new_dimer_db/8Y7Z.pdb,1.0
8Y9C,B,A,../../GraPPI_data/PDB/new_dimer_db/8Y9C.pdb,1.0
8Y9S,A,B,../../GraPPI_data/PDB/new_dimer_db/8Y9S.pdb,1.0
8Y9U,A,B,../../GraPPI_data/PDB/new_dimer_db/8Y9U.pdb,1.0
8YBL,A,B,../../GraPPI_data/PDB/new_dimer_db/8YBL.pdb,1.0
8YBM,B,A,../../GraPPI_data/PDB/new_dimer_db/8YBM.pdb,1.0
8YBN,A,B,../../GraPPI_data/PDB/new_dimer_db/8YBN.pdb,1.0
8YDW,A,B,../../GraPPI_data/PDB/new_dimer_db/8YDW.pdb,1.0
8YE6,B,A,../../GraPPI_data/PDB/new_dimer_db/8YE6.pdb,1.0
8YE9,A,B,../../GraPPI_data/PDB/new_dimer_db/8YE9.pdb,1.0
8YFK,A,G,../../GraPPI_data/PDB/new_dimer_db/8YFK.pdb,1.0
8YHT,A,B,../../GraPPI_data/PDB/new_dimer_db/8YHT.pdb,1.0
8YHU,A,B,../../GraPPI_data/PDB/new_dimer_db/8YHU.pdb,1.0
8YII,A,B,../../GraPPI_data/PDB/new_dimer_db/8YII.pdb,1.0
8YJ7,B,G,../../GraPPI_data/PDB/new_dimer_db/8YJ7.pdb,1.0
8YJ8,B,D,../../GraPPI_data/PDB/new_dimer_db/8YJ8.pdb,1.0
8YKH,A,B,../../GraPPI_data/PDB/new_dimer_db/8YKH.pdb,1.0
8YNX,A,B,../../GraPPI_data/PDB/new_dimer_db/8YNX.pdb,1.0
8YP8,A,B,../../GraPPI_data/PDB/new_dimer_db/8YP8.pdb,1.0
8YSF,A,B,../../GraPPI_data/PDB/new_dimer_db/8YSF.pdb,1.0
8YSH,B,A,../../GraPPI_data/PDB/new_dimer_db/8YSH.pdb,1.0
8YTE,B,A,../../GraPPI_data/PDB/new_dimer_db/8YTE.pdb,1.0
8YV6,A,B,../../GraPPI_data/PDB/new_dimer_db/8YV6.pdb,1.0
8YVJ,A,B,../../GraPPI_data/PDB/new_dimer_db/8YVJ.pdb,1.0
8YVO,A,C,../../GraPPI_data/PDB/new_dimer_db/8YVO.pdb,1.0
8Z3F,A,B,../../GraPPI_data/PDB/new_dimer_db/8Z3F.pdb,1.0
8Z3T,C,E,../../GraPPI_data/PDB/new_dimer_db/8Z3T.pdb,1.0
8Z4F,B,A,../../GraPPI_data/PDB/new_dimer_db/8Z4F.pdb,1.0
8Z6G,B,A,../../GraPPI_data/PDB/new_dimer_db/8Z6G.pdb,1.0
8Z8V,A,B,../../GraPPI_data/PDB/new_dimer_db/8Z8V.pdb,1.0
8Z96,A,B,../../GraPPI_data/PDB/new_dimer_db/8Z96.pdb,1.0
8ZA7,A,B,../../GraPPI_data/PDB/new_dimer_db/8ZA7.pdb,1.0
8ZE4,A,B,../../GraPPI_data/PDB/new_dimer_db/8ZE4.pdb,1.0
8ZEB,A,C,../../GraPPI_data/PDB/new_dimer_db/8ZEB.pdb,1.0
8ZHT,A,B,../../GraPPI_data/PDB/new_dimer_db/8ZHT.pdb,1.0
8ZIA,J,I,../../GraPPI_data/PDB/new_dimer_db/8ZIA.pdb,1.0
8ZIZ,A,D,../../GraPPI_data/PDB/new_dimer_db/8ZIZ.pdb,1.0
8ZJF,B,A,../../GraPPI_data/PDB/new_dimer_db/8ZJF.pdb,1.0
8ZNI,A,B,../../GraPPI_data/PDB/new_dimer_db/8ZNI.pdb,1.0
8ZNL,B,A,../../GraPPI_data/PDB/new_dimer_db/8ZNL.pdb,1.0
8ZOY,A,B,../../GraPPI_data/PDB/new_dimer_db/8ZOY.pdb,1.0
8ZPB,A,B,../../GraPPI_data/PDB/new_dimer_db/8ZPB.pdb,1.0
8ZPW,A,B,../../GraPPI_data/PDB/new_dimer_db/8ZPW.pdb,1.0
8ZQ3,A,B,../../GraPPI_data/PDB/new_dimer_db/8ZQ3.pdb,1.0
8ZRD,D,A,../../GraPPI_data/PDB/new_dimer_db/8ZRD.pdb,1.0
8ZUE,A,B,../../GraPPI_data/PDB/new_dimer_db/8ZUE.pdb,1.0
8ZWC,A,B,../../GraPPI_data/PDB/new_dimer_db/8ZWC.pdb,1.0
8ZXR,A,B,../../GraPPI_data/PDB/new_dimer_db/8ZXR.pdb,1.0
8ZYE,A,B,../../GraPPI_data/PDB/new_dimer_db/8ZYE.pdb,1.0
9ATU,A,B,../../GraPPI_data/PDB/new_dimer_db/9ATU.pdb,1.0
9AVF,B,A,../../GraPPI_data/PDB/new_dimer_db/9AVF.pdb,1.0
9AX5,A,C,../../GraPPI_data/PDB/new_dimer_db/9AX5.pdb,1.0
9B0A,A,C,../../GraPPI_data/PDB/new_dimer_db/9B0A.pdb,1.0
9B2Z,A,B,../../GraPPI_data/PDB/new_dimer_db/9B2Z.pdb,1.0
9B6M,A,B,../../GraPPI_data/PDB/new_dimer_db/9B6M.pdb,1.0
9B9L,A,C,../../GraPPI_data/PDB/new_dimer_db/9B9L.pdb,1.0
9BA2,A,B,../../GraPPI_data/PDB/new_dimer_db/9BA2.pdb,1.0
9BD3,B,A,../../GraPPI_data/PDB/new_dimer_db/9BD3.pdb,1.0
9BFQ,A,B,../../GraPPI_data/PDB/new_dimer_db/9BFQ.pdb,1.0
9BGL,A,B,../../GraPPI_data/PDB/new_dimer_db/9BGL.pdb,1.0
9BIU,A,B,../../GraPPI_data/PDB/new_dimer_db/9BIU.pdb,1.0
9BIY,A,B,../../GraPPI_data/PDB/new_dimer_db/9BIY.pdb,1.0
9BK5,A,B,../../GraPPI_data/PDB/new_dimer_db/9BK5.pdb,1.0
9BK6,A,B,../../GraPPI_data/PDB/new_dimer_db/9BK6.pdb,1.0
9BT6,a,A,../../GraPPI_data/PDB/new_dimer_db/9BT6.pdb,1.0
9BT7,D,A,../../GraPPI_data/PDB/new_dimer_db/9BT7.pdb,1.0
9BTM,B,A,../../GraPPI_data/PDB/new_dimer_db/9BTM.pdb,1.0
9BTN,A,L,../../GraPPI_data/PDB/new_dimer_db/9BTN.pdb,1.0
9BVQ,A,P,../../GraPPI_data/PDB/new_dimer_db/9BVQ.pdb,1.0
9BWT,A,B,../../GraPPI_data/PDB/new_dimer_db/9BWT.pdb,1.0
9BYP,A,B,../../GraPPI_data/PDB/new_dimer_db/9BYP.pdb,1.0
9C19,B,E,../../GraPPI_data/PDB/new_dimer_db/9C19.pdb,1.0
9C1D,B,C,../../GraPPI_data/PDB/new_dimer_db/9C1D.pdb,1.0
9C3B,A,B,../../GraPPI_data/PDB/new_dimer_db/9C3B.pdb,1.0
9C4V,A,B,../../GraPPI_data/PDB/new_dimer_db/9C4V.pdb,1.0
9C5T,A,B,../../GraPPI_data/PDB/new_dimer_db/9C5T.pdb,1.0
9C91,A,B,../../GraPPI_data/PDB/new_dimer_db/9C91.pdb,1.0
9C9I,G,H,../../GraPPI_data/PDB/new_dimer_db/9C9I.pdb,1.0
9CAF,A,D,../../GraPPI_data/PDB/new_dimer_db/9CAF.pdb,1.0
9CAH,A,B,../../GraPPI_data/PDB/new_dimer_db/9CAH.pdb,1.0
9CC5,A,B,../../GraPPI_data/PDB/new_dimer_db/9CC5.pdb,1.0
9CC6,A,B,../../GraPPI_data/PDB/new_dimer_db/9CC6.pdb,1.0
9CCE,A,D,../../GraPPI_data/PDB/new_dimer_db/9CCE.pdb,1.0
9CCV,A,B,../../GraPPI_data/PDB/new_dimer_db/9CCV.pdb,1.0
9CDT,A,B,../../GraPPI_data/PDB/new_dimer_db/9CDT.pdb,1.0
9CDU,B,A,../../GraPPI_data/PDB/new_dimer_db/9CDU.pdb,1.0
9CDZ,B,A,../../GraPPI_data/PDB/new_dimer_db/9CDZ.pdb,1.0
9CF3,C,P,../../GraPPI_data/PDB/new_dimer_db/9CF3.pdb,1.0
9CI7,A,B,../../GraPPI_data/PDB/new_dimer_db/9CI7.pdb,1.0
9CK0,A,B,../../GraPPI_data/PDB/new_dimer_db/9CK0.pdb,1.0
9CKN,A,E,../../GraPPI_data/PDB/new_dimer_db/9CKN.pdb,1.0
9CLB,A,B,../../GraPPI_data/PDB/new_dimer_db/9CLB.pdb,1.0
9CPN,C,G,../../GraPPI_data/PDB/new_dimer_db/9CPN.pdb,1.0
9CQI,A,B,../../GraPPI_data/PDB/new_dimer_db/9CQI.pdb,1.0
9CQJ,D,A,../../GraPPI_data/PDB/new_dimer_db/9CQJ.pdb,1.0
9CT1,B,A,../../GraPPI_data/PDB/new_dimer_db/9CT1.pdb,1.0
9CU8,A,B,../../GraPPI_data/PDB/new_dimer_db/9CU8.pdb,1.0
9CWN,A,B,../../GraPPI_data/PDB/new_dimer_db/9CWN.pdb,1.0
9CWP,C,K,../../GraPPI_data/PDB/new_dimer_db/9CWP.pdb,1.0
9CY3,A,B,../../GraPPI_data/PDB/new_dimer_db/9CY3.pdb,1.0
9CYS,I,A,../../GraPPI_data/PDB/new_dimer_db/9CYS.pdb,1.0
9D20,D,E,../../GraPPI_data/PDB/new_dimer_db/9D20.pdb,1.0
9DAK,A,B,../../GraPPI_data/PDB/new_dimer_db/9DAK.pdb,1.0
9DBN,A,B,../../GraPPI_data/PDB/new_dimer_db/9DBN.pdb,1.0
9DCY,B,A,../../GraPPI_data/PDB/new_dimer_db/9DCY.pdb,1.0
9DD3,A,B,../../GraPPI_data/PDB/new_dimer_db/9DD3.pdb,1.0
9DDT,A,B,../../GraPPI_data/PDB/new_dimer_db/9DDT.pdb,1.0
9DEK,A,C,../../GraPPI_data/PDB/new_dimer_db/9DEK.pdb,1.0
9DEL,A,C,../../GraPPI_data/PDB/new_dimer_db/9DEL.pdb,1.0
9DEM,A,G,../../GraPPI_data/PDB/new_dimer_db/9DEM.pdb,1.0
9DEN,D,B,../../GraPPI_data/PDB/new_dimer_db/9DEN.pdb,1.0
9DEO,D,A,../../GraPPI_data/PDB/new_dimer_db/9DEO.pdb,1.0
9DEP,A,C,../../GraPPI_data/PDB/new_dimer_db/9DEP.pdb,1.0
9DGO,A,D,../../GraPPI_data/PDB/new_dimer_db/9DGO.pdb,1.0
9DIS,A,B,../../GraPPI_data/PDB/new_dimer_db/9DIS.pdb,1.0
9DK3,A,B,../../GraPPI_data/PDB/new_dimer_db/9DK3.pdb,1.0
9DNO,A,B,../../GraPPI_data/PDB/new_dimer_db/9DNO.pdb,1.0
9DPF,B,A,../../GraPPI_data/PDB/new_dimer_db/9DPF.pdb,1.0
9DVH,D,A,../../GraPPI_data/PDB/new_dimer_db/9DVH.pdb,1.0
9DW9,A,G,../../GraPPI_data/PDB/new_dimer_db/9DW9.pdb,1.0
9DZ6,A,B,../../GraPPI_data/PDB/new_dimer_db/9DZ6.pdb,1.0
9E0V,A,B,../../GraPPI_data/PDB/new_dimer_db/9E0V.pdb,1.0
9E0W,A,C,../../GraPPI_data/PDB/new_dimer_db/9E0W.pdb,1.0
9E1J,B,A,../../GraPPI_data/PDB/new_dimer_db/9E1J.pdb,1.0
9E2T,A,B,../../GraPPI_data/PDB/new_dimer_db/9E2T.pdb,1.0
9E6Y,D,A,../../GraPPI_data/PDB/new_dimer_db/9E6Y.pdb,1.0
9E7N,B,D,../../GraPPI_data/PDB/new_dimer_db/9E7N.pdb,1.0
9E7O,A,B,../../GraPPI_data/PDB/new_dimer_db/9E7O.pdb,1.0
9E7P,A,B,../../GraPPI_data/PDB/new_dimer_db/9E7P.pdb,1.0
9E83,B,A,../../GraPPI_data/PDB/new_dimer_db/9E83.pdb,1.0
9E8B,A,B,../../GraPPI_data/PDB/new_dimer_db/9E8B.pdb,1.0
9E8P,A,C,../../GraPPI_data/PDB/new_dimer_db/9E8P.pdb,1.0
9E9G,A,B,../../GraPPI_data/PDB/new_dimer_db/9E9G.pdb,1.0
9EGW,A,B,../../GraPPI_data/PDB/new_dimer_db/9EGW.pdb,1.0
9EI2,A,U,../../GraPPI_data/PDB/new_dimer_db/9EI2.pdb,1.0
9EJW,A,B,../../GraPPI_data/PDB/new_dimer_db/9EJW.pdb,1.0
9EKE,A,C,../../GraPPI_data/PDB/new_dimer_db/9EKE.pdb,1.0
9EMZ,A,C,../../GraPPI_data/PDB/new_dimer_db/9EMZ.pdb,1.0
9ENA,A,B,../../GraPPI_data/PDB/new_dimer_db/9ENA.pdb,1.0
9EQ6,B,A,../../GraPPI_data/PDB/new_dimer_db/9EQ6.pdb,1.0
9ERT,A,B,../../GraPPI_data/PDB/new_dimer_db/9ERT.pdb,1.0
9ERV,A,B,../../GraPPI_data/PDB/new_dimer_db/9ERV.pdb,1.0
9ERW,E,B,../../GraPPI_data/PDB/new_dimer_db/9ERW.pdb,1.0
9ETJ,A,C,../../GraPPI_data/PDB/new_dimer_db/9ETJ.pdb,1.0
9ETL,D,A,../../GraPPI_data/PDB/new_dimer_db/9ETL.pdb,1.0
9EXS,A,B,../../GraPPI_data/PDB/new_dimer_db/9EXS.pdb,1.0
9EYA,A,C,../../GraPPI_data/PDB/new_dimer_db/9EYA.pdb,1.0
9EZW,B,A,../../GraPPI_data/PDB/new_dimer_db/9EZW.pdb,1.0
9EZY,A,B,../../GraPPI_data/PDB/new_dimer_db/9EZY.pdb,1.0
9F22,A,B,../../GraPPI_data/PDB/new_dimer_db/9F22.pdb,1.0
9F24,A,C,../../GraPPI_data/PDB/new_dimer_db/9F24.pdb,1.0
9F28,A,B,../../GraPPI_data/PDB/new_dimer_db/9F28.pdb,1.0
9F2B,A,B,../../GraPPI_data/PDB/new_dimer_db/9F2B.pdb,1.0
9F2D,A,B,../../GraPPI_data/PDB/new_dimer_db/9F2D.pdb,1.0
9F5T,B,A,../../GraPPI_data/PDB/new_dimer_db/9F5T.pdb,1.0
9F6Y,A,B,../../GraPPI_data/PDB/new_dimer_db/9F6Y.pdb,1.0
9F7I,A,B,../../GraPPI_data/PDB/new_dimer_db/9F7I.pdb,1.0
9F7W,A,B,../../GraPPI_data/PDB/new_dimer_db/9F7W.pdb,1.0
9F7X,A,B,../../GraPPI_data/PDB/new_dimer_db/9F7X.pdb,1.0
9F7Z,A,B,../../GraPPI_data/PDB/new_dimer_db/9F7Z.pdb,1.0
9F8E,B,A,../../GraPPI_data/PDB/new_dimer_db/9F8E.pdb,1.0
9F8F,B,A,../../GraPPI_data/PDB/new_dimer_db/9F8F.pdb,1.0
9FC2,A,B,../../GraPPI_data/PDB/new_dimer_db/9FC2.pdb,1.0
9FH0,A,G,../../GraPPI_data/PDB/new_dimer_db/9FH0.pdb,1.0
9FIE,B,A,../../GraPPI_data/PDB/new_dimer_db/9FIE.pdb,1.0
9FKA,A,B,../../GraPPI_data/PDB/new_dimer_db/9FKA.pdb,1.0
9FQW,A,B,../../GraPPI_data/PDB/new_dimer_db/9FQW.pdb,1.0
9FT9,A,B,../../GraPPI_data/PDB/new_dimer_db/9FT9.pdb,1.0
9FU3,A,C,../../GraPPI_data/PDB/new_dimer_db/9FU3.pdb,1.0
9FUC,A,B,../../GraPPI_data/PDB/new_dimer_db/9FUC.pdb,1.0
9FVB,A,C,../../GraPPI_data/PDB/new_dimer_db/9FVB.pdb,1.0
9FVC,H,A,../../GraPPI_data/PDB/new_dimer_db/9FVC.pdb,1.0
9FWW,A,B,../../GraPPI_data/PDB/new_dimer_db/9FWW.pdb,1.0
9FZB,A,E,../../GraPPI_data/PDB/new_dimer_db/9FZB.pdb,1.0
9FZC,A,C,../../GraPPI_data/PDB/new_dimer_db/9FZC.pdb,1.0
9FZD,A,B,../../GraPPI_data/PDB/new_dimer_db/9FZD.pdb,1.0
9FZK,A,B,../../GraPPI_data/PDB/new_dimer_db/9FZK.pdb,1.0
9G09,B,A,../../GraPPI_data/PDB/new_dimer_db/9G09.pdb,1.0
9G0D,B,C,../../GraPPI_data/PDB/new_dimer_db/9G0D.pdb,1.0
9G4A,A,B,../../GraPPI_data/PDB/new_dimer_db/9G4A.pdb,1.0
9G6Z,A,B,../../GraPPI_data/PDB/new_dimer_db/9G6Z.pdb,1.0
9G7G,B,A,../../GraPPI_data/PDB/new_dimer_db/9G7G.pdb,1.0
9G7U,A,B,../../GraPPI_data/PDB/new_dimer_db/9G7U.pdb,1.0
9G87,A,B,../../GraPPI_data/PDB/new_dimer_db/9G87.pdb,1.0
9G8I,A,C,../../GraPPI_data/PDB/new_dimer_db/9G8I.pdb,1.0
9G8U,A,B,../../GraPPI_data/PDB/new_dimer_db/9G8U.pdb,1.0
9G97,A,B,../../GraPPI_data/PDB/new_dimer_db/9G97.pdb,1.0
9GAU,A,B,../../GraPPI_data/PDB/new_dimer_db/9GAU.pdb,1.0
9GBC,A,B,../../GraPPI_data/PDB/new_dimer_db/9GBC.pdb,1.0
9GBZ,B,C,../../GraPPI_data/PDB/new_dimer_db/9GBZ.pdb,1.0
9GCN,D,Z,../../GraPPI_data/PDB/new_dimer_db/9GCN.pdb,1.0
9GF8,A,B,../../GraPPI_data/PDB/new_dimer_db/9GF8.pdb,1.0
9GFC,A,E,../../GraPPI_data/PDB/new_dimer_db/9GFC.pdb,1.0
9GLU,A,C,../../GraPPI_data/PDB/new_dimer_db/9GLU.pdb,1.0
9GLW,A,B,../../GraPPI_data/PDB/new_dimer_db/9GLW.pdb,1.0
9GLX,E,V,../../GraPPI_data/PDB/new_dimer_db/9GLX.pdb,1.0
9GLZ,A,C,../../GraPPI_data/PDB/new_dimer_db/9GLZ.pdb,1.0
9GNB,A,B,../../GraPPI_data/PDB/new_dimer_db/9GNB.pdb,1.0
9GOE,A,B,../../GraPPI_data/PDB/new_dimer_db/9GOE.pdb,1.0
9GRJ,A,M,../../GraPPI_data/PDB/new_dimer_db/9GRJ.pdb,1.0
9GS7,A,B,../../GraPPI_data/PDB/new_dimer_db/9GS7.pdb,1.0
9GSG,A,B,../../GraPPI_data/PDB/new_dimer_db/9GSG.pdb,1.0
9GSH,A,B,../../GraPPI_data/PDB/new_dimer_db/9GSH.pdb,1.0
9GSM,A,M,../../GraPPI_data/PDB/new_dimer_db/9GSM.pdb,1.0
9GSU,A,C,../../GraPPI_data/PDB/new_dimer_db/9GSU.pdb,1.0
9GTB,A,B,../../GraPPI_data/PDB/new_dimer_db/9GTB.pdb,1.0
9GTK,B,A,../../GraPPI_data/PDB/new_dimer_db/9GTK.pdb,1.0
9GUC,A,B,../../GraPPI_data/PDB/new_dimer_db/9GUC.pdb,1.0
9GVL,H,A,../../GraPPI_data/PDB/new_dimer_db/9GVL.pdb,1.0
9H01,A,B,../../GraPPI_data/PDB/new_dimer_db/9H01.pdb,1.0
9H0C,A,B,../../GraPPI_data/PDB/new_dimer_db/9H0C.pdb,1.0
9H1F,A,B,../../GraPPI_data/PDB/new_dimer_db/9H1F.pdb,1.0
9H1J,A,E,../../GraPPI_data/PDB/new_dimer_db/9H1J.pdb,1.0
9H39,A,C,../../GraPPI_data/PDB/new_dimer_db/9H39.pdb,1.0
9H66,B,G,../../GraPPI_data/PDB/new_dimer_db/9H66.pdb,1.0
9H6E,D,C,../../GraPPI_data/PDB/new_dimer_db/9H6E.pdb,1.0
9H6R,A,B,../../GraPPI_data/PDB/new_dimer_db/9H6R.pdb,1.0
9H71,A,C,../../GraPPI_data/PDB/new_dimer_db/9H71.pdb,1.0
9H76,A,B,../../GraPPI_data/PDB/new_dimer_db/9H76.pdb,1.0
9H77,A,C,../../GraPPI_data/PDB/new_dimer_db/9H77.pdb,1.0
9H8R,A,B,../../GraPPI_data/PDB/new_dimer_db/9H8R.pdb,1.0
9HAC,B,A,../../GraPPI_data/PDB/new_dimer_db/9HAC.pdb,1.0
9HAD,D,A,../../GraPPI_data/PDB/new_dimer_db/9HAD.pdb,1.0
9HDF,a,A,../../GraPPI_data/PDB/new_dimer_db/9HDF.pdb,1.0
9HDH,A,C,../../GraPPI_data/PDB/new_dimer_db/9HDH.pdb,1.0
9HDK,A,C,../../GraPPI_data/PDB/new_dimer_db/9HDK.pdb,1.0
9HEL,A,B,../../GraPPI_data/PDB/new_dimer_db/9HEL.pdb,1.0
9HFU,D,A,../../GraPPI_data/PDB/new_dimer_db/9HFU.pdb,1.0
9HFV,A,B,../../GraPPI_data/PDB/new_dimer_db/9HFV.pdb,1.0
9HFW,A,B,../../GraPPI_data/PDB/new_dimer_db/9HFW.pdb,1.0
9HGC,B,A,../../GraPPI_data/PDB/new_dimer_db/9HGC.pdb,1.0
9HGD,B,A,../../GraPPI_data/PDB/new_dimer_db/9HGD.pdb,1.0
9HGG,A,B,../../GraPPI_data/PDB/new_dimer_db/9HGG.pdb,1.0
9HGH,A,B,../../GraPPI_data/PDB/new_dimer_db/9HGH.pdb,1.0
9HIH,H,L,../../GraPPI_data/PDB/new_dimer_db/9HIH.pdb,1.0
9HJK,A,B,../../GraPPI_data/PDB/new_dimer_db/9HJK.pdb,1.0
9HL2,A,B,../../GraPPI_data/PDB/new_dimer_db/9HL2.pdb,1.0
9HLL,A,C,../../GraPPI_data/PDB/new_dimer_db/9HLL.pdb,1.0
9HMM,A,B,../../GraPPI_data/PDB/new_dimer_db/9HMM.pdb,1.0
9HMV,A,B,../../GraPPI_data/PDB/new_dimer_db/9HMV.pdb,1.0
9HMX,A,B,../../GraPPI_data/PDB/new_dimer_db/9HMX.pdb,1.0
9HN4,A,B,../../GraPPI_data/PDB/new_dimer_db/9HN4.pdb,1.0
9HN5,B,A,../../GraPPI_data/PDB/new_dimer_db/9HN5.pdb,1.0
9HN9,A,B,../../GraPPI_data/PDB/new_dimer_db/9HN9.pdb,1.0
9HNZ,A,B,../../GraPPI_data/PDB/new_dimer_db/9HNZ.pdb,1.0
9HO6,A,C,../../GraPPI_data/PDB/new_dimer_db/9HO6.pdb,1.0
9HPG,B,C,../../GraPPI_data/PDB/new_dimer_db/9HPG.pdb,1.0
9HPS,A,B,../../GraPPI_data/PDB/new_dimer_db/9HPS.pdb,1.0
9HQ5,A,B,../../GraPPI_data/PDB/new_dimer_db/9HQ5.pdb,1.0
9HRE,C,D,../../GraPPI_data/PDB/new_dimer_db/9HRE.pdb,1.0
9HU3,A,B,../../GraPPI_data/PDB/new_dimer_db/9HU3.pdb,1.0
9HUR,A,B,../../GraPPI_data/PDB/new_dimer_db/9HUR.pdb,1.0
9HYT,D,A,../../GraPPI_data/PDB/new_dimer_db/9HYT.pdb,1.0
9HZK,B,A,../../GraPPI_data/PDB/new_dimer_db/9HZK.pdb,1.0
9I0E,A,B,../../GraPPI_data/PDB/new_dimer_db/9I0E.pdb,1.0
9I0O,A,B,../../GraPPI_data/PDB/new_dimer_db/9I0O.pdb,1.0
9I20,A,B,../../GraPPI_data/PDB/new_dimer_db/9I20.pdb,1.0
9I25,C,A,../../GraPPI_data/PDB/new_dimer_db/9I25.pdb,1.0
9I5R,A,B,../../GraPPI_data/PDB/new_dimer_db/9I5R.pdb,1.0
9I9Z,A,B,../../GraPPI_data/PDB/new_dimer_db/9I9Z.pdb,1.0
9IA0,A,B,../../GraPPI_data/PDB/new_dimer_db/9IA0.pdb,1.0
9IIC,B,C,../../GraPPI_data/PDB/new_dimer_db/9IIC.pdb,1.0
9ILD,A,B,../../GraPPI_data/PDB/new_dimer_db/9ILD.pdb,1.0
9ILS,A,B,../../GraPPI_data/PDB/new_dimer_db/9ILS.pdb,1.0
9IM6,A,B,../../GraPPI_data/PDB/new_dimer_db/9IM6.pdb,1.0
9IMU,A,C,../../GraPPI_data/PDB/new_dimer_db/9IMU.pdb,1.0
9IMX,A,C,../../GraPPI_data/PDB/new_dimer_db/9IMX.pdb,1.0
9IP6,A,C,../../GraPPI_data/PDB/new_dimer_db/9IP6.pdb,1.0
9IP7,A,D,../../GraPPI_data/PDB/new_dimer_db/9IP7.pdb,1.0
9IPB,A,D,../../GraPPI_data/PDB/new_dimer_db/9IPB.pdb,1.0
9IQG,A,B,../../GraPPI_data/PDB/new_dimer_db/9IQG.pdb,1.0
9IQP,A,B,../../GraPPI_data/PDB/new_dimer_db/9IQP.pdb,1.0
9IQV,A,B,../../GraPPI_data/PDB/new_dimer_db/9IQV.pdb,1.0
9IRO,A,B,../../GraPPI_data/PDB/new_dimer_db/9IRO.pdb,1.0
9ISH,D,C,../../GraPPI_data/PDB/new_dimer_db/9ISH.pdb,1.0
9IT4,B,F,../../GraPPI_data/PDB/new_dimer_db/9IT4.pdb,1.0
9IUI,B,A,../../GraPPI_data/PDB/new_dimer_db/9IUI.pdb,1.0
9IWJ,A,E,../../GraPPI_data/PDB/new_dimer_db/9IWJ.pdb,1.0
9IWL,A,B,../../GraPPI_data/PDB/new_dimer_db/9IWL.pdb,1.0
9IWN,A,B,../../GraPPI_data/PDB/new_dimer_db/9IWN.pdb,1.0
9IWO,A,B,../../GraPPI_data/PDB/new_dimer_db/9IWO.pdb,1.0
9IX6,C,A,../../GraPPI_data/PDB/new_dimer_db/9IX6.pdb,1.0
9IZN,B,A,../../GraPPI_data/PDB/new_dimer_db/9IZN.pdb,1.0
9J3J,A,B,../../GraPPI_data/PDB/new_dimer_db/9J3J.pdb,1.0
9J3M,A,B,../../GraPPI_data/PDB/new_dimer_db/9J3M.pdb,1.0
9J3N,B,A,../../GraPPI_data/PDB/new_dimer_db/9J3N.pdb,1.0
9J3O,A,B,../../GraPPI_data/PDB/new_dimer_db/9J3O.pdb,1.0
9J4P,B,A,../../GraPPI_data/PDB/new_dimer_db/9J4P.pdb,1.0
9J5E,A,B,../../GraPPI_data/PDB/new_dimer_db/9J5E.pdb,1.0
9J6K,A,B,../../GraPPI_data/PDB/new_dimer_db/9J6K.pdb,1.0
9J7Y,G,H,../../GraPPI_data/PDB/new_dimer_db/9J7Y.pdb,1.0
9J9W,A,B,../../GraPPI_data/PDB/new_dimer_db/9J9W.pdb,1.0
9JA3,A,B,../../GraPPI_data/PDB/new_dimer_db/9JA3.pdb,1.0
9JDD,A,B,../../GraPPI_data/PDB/new_dimer_db/9JDD.pdb,1.0
9JDI,A,C,../../GraPPI_data/PDB/new_dimer_db/9JDI.pdb,1.0
9JEB,B,A,../../GraPPI_data/PDB/new_dimer_db/9JEB.pdb,1.0
9JF2,D,A,../../GraPPI_data/PDB/new_dimer_db/9JF2.pdb,1.0
9JFN,A,E,../../GraPPI_data/PDB/new_dimer_db/9JFN.pdb,1.0
9JG3,A,E,../../GraPPI_data/PDB/new_dimer_db/9JG3.pdb,1.0
9JM7,B,A,../../GraPPI_data/PDB/new_dimer_db/9JM7.pdb,1.0
9JM8,A,B,../../GraPPI_data/PDB/new_dimer_db/9JM8.pdb,1.0
9JNM,A,B,../../GraPPI_data/PDB/new_dimer_db/9JNM.pdb,1.0
9JSP,A,B,../../GraPPI_data/PDB/new_dimer_db/9JSP.pdb,1.0
9JTA,B,C,../../GraPPI_data/PDB/new_dimer_db/9JTA.pdb,1.0
9JU4,A,B,../../GraPPI_data/PDB/new_dimer_db/9JU4.pdb,1.0
9JUA,C,D,../../GraPPI_data/PDB/new_dimer_db/9JUA.pdb,1.0
9JVT,v,g,../../GraPPI_data/PDB/new_dimer_db/9JVT.pdb,1.0
9JW0,A,B,../../GraPPI_data/PDB/new_dimer_db/9JW0.pdb,1.0
9JWA,B,A,../../GraPPI_data/PDB/new_dimer_db/9JWA.pdb,1.0
9JWG,B,A,../../GraPPI_data/PDB/new_dimer_db/9JWG.pdb,1.0
9K1L,A,B,../../GraPPI_data/PDB/new_dimer_db/9K1L.pdb,1.0
9K1N,B,C,../../GraPPI_data/PDB/new_dimer_db/9K1N.pdb,1.0
9K3E,B,C,../../GraPPI_data/PDB/new_dimer_db/9K3E.pdb,1.0
9K7U,A,B,../../GraPPI_data/PDB/new_dimer_db/9K7U.pdb,1.0
9KCK,A,B,../../GraPPI_data/PDB/new_dimer_db/9KCK.pdb,1.0
9KDG,A,F,../../GraPPI_data/PDB/new_dimer_db/9KDG.pdb,1.0
9KKB,A,B,../../GraPPI_data/PDB/new_dimer_db/9KKB.pdb,1.0
9KO6,C,R,../../GraPPI_data/PDB/new_dimer_db/9KO6.pdb,1.0
9KP1,A,B,../../GraPPI_data/PDB/new_dimer_db/9KP1.pdb,1.0
9KQC,A,B,../../GraPPI_data/PDB/new_dimer_db/9KQC.pdb,1.0
9KQS,B,A,../../GraPPI_data/PDB/new_dimer_db/9KQS.pdb,1.0
9KXW,A,B,../../GraPPI_data/PDB/new_dimer_db/9KXW.pdb,1.0
9L14,A,B,../../GraPPI_data/PDB/new_dimer_db/9L14.pdb,1.0
9L16,L,R,../../GraPPI_data/PDB/new_dimer_db/9L16.pdb,1.0
9L5U,A,C,../../GraPPI_data/PDB/new_dimer_db/9L5U.pdb,1.0
9L93,A,C,../../GraPPI_data/PDB/new_dimer_db/9L93.pdb,1.0
9LAD,B,C,../../GraPPI_data/PDB/new_dimer_db/9LAD.pdb,1.0
9LDS,B,A,../../GraPPI_data/PDB/new_dimer_db/9LDS.pdb,1.0
9LEQ,A,B,../../GraPPI_data/PDB/new_dimer_db/9LEQ.pdb,1.0
9LGW,A,B,../../GraPPI_data/PDB/new_dimer_db/9LGW.pdb,1.0
9LH2,B,A,../../GraPPI_data/PDB/new_dimer_db/9LH2.pdb,1.0
9LHZ,A,H,../../GraPPI_data/PDB/new_dimer_db/9LHZ.pdb,1.0
9LI8,A,B,../../GraPPI_data/PDB/new_dimer_db/9LI8.pdb,1.0
9LKJ,A,C,../../GraPPI_data/PDB/new_dimer_db/9LKJ.pdb,1.0
9LKZ,A,C,../../GraPPI_data/PDB/new_dimer_db/9LKZ.pdb,1.0
9LME,B,C,../../GraPPI_data/PDB/new_dimer_db/9LME.pdb,1.0
9LP2,A,C,../../GraPPI_data/PDB/new_dimer_db/9LP2.pdb,1.0
9LS0,A,B,../../GraPPI_data/PDB/new_dimer_db/9LS0.pdb,1.0
9LTP,B,A,../../GraPPI_data/PDB/new_dimer_db/9LTP.pdb,1.0
9LXG,A,B,../../GraPPI_data/PDB/new_dimer_db/9LXG.pdb,1.0
9M3F,A,B,../../GraPPI_data/PDB/new_dimer_db/9M3F.pdb,1.0
9M5Y,A,B,../../GraPPI_data/PDB/new_dimer_db/9M5Y.pdb,1.0
9M6O,H,C,../../GraPPI_data/PDB/new_dimer_db/9M6O.pdb,1.0
9MAP,A,B,../../GraPPI_data/PDB/new_dimer_db/9MAP.pdb,1.0
9ME8,A,B,../../GraPPI_data/PDB/new_dimer_db/9ME8.pdb,1.0
9MF0,B,A,../../GraPPI_data/PDB/new_dimer_db/9MF0.pdb,1.0
9MF4,A,B,../../GraPPI_data/PDB/new_dimer_db/9MF4.pdb,1.0
9MFG,C,F,../../GraPPI_data/PDB/new_dimer_db/9MFG.pdb,1.0
9MFY,B,A,../../GraPPI_data/PDB/new_dimer_db/9MFY.pdb,1.0
9MIK,C,E,../../GraPPI_data/PDB/new_dimer_db/9MIK.pdb,1.0
9MK9,A,B,../../GraPPI_data/PDB/new_dimer_db/9MK9.pdb,1.0
9MLU,A,C,../../GraPPI_data/PDB/new_dimer_db/9MLU.pdb,1.0
9MN7,B,E,../../GraPPI_data/PDB/new_dimer_db/9MN7.pdb,1.0
9MPT,B,A,../../GraPPI_data/PDB/new_dimer_db/9MPT.pdb,1.0
9MQ5,A,B,../../GraPPI_data/PDB/new_dimer_db/9MQ5.pdb,1.0
9MTX,A,B,../../GraPPI_data/PDB/new_dimer_db/9MTX.pdb,1.0
9MVV,A,C,../../GraPPI_data/PDB/new_dimer_db/9MVV.pdb,1.0
9MVW,A,B,../../GraPPI_data/PDB/new_dimer_db/9MVW.pdb,1.0
9N1Z,B,A,../../GraPPI_data/PDB/new_dimer_db/9N1Z.pdb,1.0
9N28,A,B,../../GraPPI_data/PDB/new_dimer_db/9N28.pdb,1.0
9N2F,F,A,../../GraPPI_data/PDB/new_dimer_db/9N2F.pdb,1.0
9N7E,A,B,../../GraPPI_data/PDB/new_dimer_db/9N7E.pdb,1.0
9N87,A,B,../../GraPPI_data/PDB/new_dimer_db/9N87.pdb,1.0
9NEB,A,C,../../GraPPI_data/PDB/new_dimer_db/9NEB.pdb,1.0
9NF8,A,B,../../GraPPI_data/PDB/new_dimer_db/9NF8.pdb,1.0
9NK9,A,B,../../GraPPI_data/PDB/new_dimer_db/9NK9.pdb,1.0
9NKM,B,A,../../GraPPI_data/PDB/new_dimer_db/9NKM.pdb,1.0
9NKN,A,B,../../GraPPI_data/PDB/new_dimer_db/9NKN.pdb,1.0
9NLO,A,B,../../GraPPI_data/PDB/new_dimer_db/9NLO.pdb,1.0
9NLT,B,A,../../GraPPI_data/PDB/new_dimer_db/9NLT.pdb,1.0
9NN6,A,B,../../GraPPI_data/PDB/new_dimer_db/9NN6.pdb,1.0
9NN9,B,A,../../GraPPI_data/PDB/new_dimer_db/9NN9.pdb,1.0
9NP6,A,B,../../GraPPI_data/PDB/new_dimer_db/9NP6.pdb,1.0
9NZ1,A,B,../../GraPPI_data/PDB/new_dimer_db/9NZ1.pdb,1.0
9NZH,A,B,../../GraPPI_data/PDB/new_dimer_db/9NZH.pdb,1.0
9O0U,B,A,../../GraPPI_data/PDB/new_dimer_db/9O0U.pdb,1.0
9O14,A,B,../../GraPPI_data/PDB/new_dimer_db/9O14.pdb,1.0
9O15,B,A,../../GraPPI_data/PDB/new_dimer_db/9O15.pdb,1.0
9O16,A,B,../../GraPPI_data/PDB/new_dimer_db/9O16.pdb,1.0
9O4J,A,B,../../GraPPI_data/PDB/new_dimer_db/9O4J.pdb,1.0
9O6C,B,A,../../GraPPI_data/PDB/new_dimer_db/9O6C.pdb,1.0
9O9I,A,B,../../GraPPI_data/PDB/new_dimer_db/9O9I.pdb,1.0
9O9T,B,A,../../GraPPI_data/PDB/new_dimer_db/9O9T.pdb,1.0
9OBN,A,G,../../GraPPI_data/PDB/new_dimer_db/9OBN.pdb,1.0
9OJ3,B,A,../../GraPPI_data/PDB/new_dimer_db/9OJ3.pdb,1.0
9OLB,D,A,../../GraPPI_data/PDB/new_dimer_db/9OLB.pdb,1.0
9OM4,A,B,../../GraPPI_data/PDB/new_dimer_db/9OM4.pdb,1.0
9OXN,A,B,../../GraPPI_data/PDB/new_dimer_db/9OXN.pdb,1.0
9OZ0,A,B,../../GraPPI_data/PDB/new_dimer_db/9OZ0.pdb,1.0
9P1C,A,B,../../GraPPI_data/PDB/new_dimer_db/9P1C.pdb,1.0
9P6H,A,B,../../GraPPI_data/PDB/new_dimer_db/9P6H.pdb,1.0
9PFN,A,B,../../GraPPI_data/PDB/new_dimer_db/9PFN.pdb,1.0
9PFP,A,B,../../GraPPI_data/PDB/new_dimer_db/9PFP.pdb,1.0
9PQZ,A,G,../../GraPPI_data/PDB/new_dimer_db/9PQZ.pdb,1.0
9PYF,A,F,../../GraPPI_data/PDB/new_dimer_db/9PYF.pdb,1.0
9PYM,A,B,../../GraPPI_data/PDB/new_dimer_db/9PYM.pdb,1.0
9Q15,B,A,../../GraPPI_data/PDB/new_dimer_db/9Q15.pdb,1.0
9Q1H,A,B,../../GraPPI_data/PDB/new_dimer_db/9Q1H.pdb,1.0
9Q1V,B,A,../../GraPPI_data/PDB/new_dimer_db/9Q1V.pdb,1.0
9Q75,B,A,../../GraPPI_data/PDB/new_dimer_db/9Q75.pdb,1.0
9Q79,B,A,../../GraPPI_data/PDB/new_dimer_db/9Q79.pdb,1.0
9Q8O,A,B,../../GraPPI_data/PDB/new_dimer_db/9Q8O.pdb,1.0
9Q8Z,A,B,../../GraPPI_data/PDB/new_dimer_db/9Q8Z.pdb,1.0
9QAA,A,B,../../GraPPI_data/PDB/new_dimer_db/9QAA.pdb,1.0
9QC7,A,B,../../GraPPI_data/PDB/new_dimer_db/9QC7.pdb,1.0
9QIV,A,B,../../GraPPI_data/PDB/new_dimer_db/9QIV.pdb,1.0
9QN7,A,C,../../GraPPI_data/PDB/new_dimer_db/9QN7.pdb,1.0
9QTR,A,i,../../GraPPI_data/PDB/new_dimer_db/9QTR.pdb,1.0
9QU1,A,C,../../GraPPI_data/PDB/new_dimer_db/9QU1.pdb,1.0
9QUG,C,A,../../GraPPI_data/PDB/new_dimer_db/9QUG.pdb,1.0
9R0K,A,B,../../GraPPI_data/PDB/new_dimer_db/9R0K.pdb,1.0
9R5Y,B,A,../../GraPPI_data/PDB/new_dimer_db/9R5Y.pdb,1.0
9R6Q,A,B,../../GraPPI_data/PDB/new_dimer_db/9R6Q.pdb,1.0
9R85,C,A,../../GraPPI_data/PDB/new_dimer_db/9R85.pdb,1.0
9R8C,D,A,../../GraPPI_data/PDB/new_dimer_db/9R8C.pdb,1.0
9R8G,A,B,../../GraPPI_data/PDB/new_dimer_db/9R8G.pdb,1.0
9RFB,A,C,../../GraPPI_data/PDB/new_dimer_db/9RFB.pdb,1.0
9RIT,A,C,../../GraPPI_data/PDB/new_dimer_db/9RIT.pdb,1.0
9RIU,B,A,../../GraPPI_data/PDB/new_dimer_db/9RIU.pdb,1.0
9RS6,A,B,../../GraPPI_data/PDB/new_dimer_db/9RS6.pdb,1.0
9RSV,A,B,../../GraPPI_data/PDB/new_dimer_db/9RSV.pdb,1.0
9RXI,B,H,../../GraPPI_data/PDB/new_dimer_db/9RXI.pdb,1.0
9S35,B,A,../../GraPPI_data/PDB/new_dimer_db/9S35.pdb,1.0
9S36,A,B,../../GraPPI_data/PDB/new_dimer_db/9S36.pdb,1.0
9SF2,A,B,../../GraPPI_data/PDB/new_dimer_db/9SF2.pdb,1.0
9SXC,A,B,../../GraPPI_data/PDB/new_dimer_db/9SXC.pdb,1.0
9U3P,A,B,../../GraPPI_data/PDB/new_dimer_db/9U3P.pdb,1.0
9U4V,A,B,../../GraPPI_data/PDB/new_dimer_db/9U4V.pdb,1.0
9U5Z,B,E,../../GraPPI_data/PDB/new_dimer_db/9U5Z.pdb,1.0
9U60,B,E,../../GraPPI_data/PDB/new_dimer_db/9U60.pdb,1.0
9U9D,A,B,../../GraPPI_data/PDB/new_dimer_db/9U9D.pdb,1.0
9UB6,A,B,../../GraPPI_data/PDB/new_dimer_db/9UB6.pdb,1.0
9UEP,A,C,../../GraPPI_data/PDB/new_dimer_db/9UEP.pdb,1.0
9UGB,B,C,../../GraPPI_data/PDB/new_dimer_db/9UGB.pdb,1.0
9UGP,A,B,../../GraPPI_data/PDB/new_dimer_db/9UGP.pdb,1.0
9UKV,A,B,../../GraPPI_data/PDB/new_dimer_db/9UKV.pdb,1.0
9UKY,A,B,../../GraPPI_data/PDB/new_dimer_db/9UKY.pdb,1.0
9UTC,A,B,../../GraPPI_data/PDB/new_dimer_db/9UTC.pdb,1.0
9UTU,B,C,../../GraPPI_data/PDB/new_dimer_db/9UTU.pdb,1.0
9V6N,A,B,../../GraPPI_data/PDB/new_dimer_db/9V6N.pdb,1.0
9V6Z,A,B,../../GraPPI_data/PDB/new_dimer_db/9V6Z.pdb,1.0
9V8D,A,B,../../GraPPI_data/PDB/new_dimer_db/9V8D.pdb,1.0
9V8G,A,B,../../GraPPI_data/PDB/new_dimer_db/9V8G.pdb,1.0
9V8H,A,B,../../GraPPI_data/PDB/new_dimer_db/9V8H.pdb,1.0
9V8I,A,B,../../GraPPI_data/PDB/new_dimer_db/9V8I.pdb,1.0
9VN5,A,C,../../GraPPI_data/PDB/new_dimer_db/9VN5.pdb,1.0
9VXG,A,B,../../GraPPI_data/PDB/new_dimer_db/9VXG.pdb,1.0
9WLP,B,A,../../GraPPI_data/PDB/new_dimer_db/9WLP.pdb,1.0
9WNO,A,B,../../GraPPI_data/PDB/new_dimer_db/9WNO.pdb,1.0
9XUB,B,A,../../GraPPI_data/PDB/new_dimer_db/9XUB.pdb,1.0
9Y02,A,B,../../GraPPI_data/PDB/new_dimer_db/9Y02.pdb,1.0
9Y0R,A,B,../../GraPPI_data/PDB/new_dimer_db/9Y0R.pdb,1.0
9YC3,A,B,../../GraPPI_data/PDB/new_dimer_db/9YC3.pdb,1.0
9YKJ,A,B,../../GraPPI_data/PDB/new_dimer_db/9YKJ.pdb,1.0
9YRO,A,B,../../GraPPI_data/PDB/new_dimer_db/9YRO.pdb,1.0
9YTZ,E,C,../../GraPPI_data/PDB/new_dimer_db/9YTZ.pdb,1.0
9Z5Q,A,B,../../GraPPI_data/PDB/new_dimer_db/9Z5Q.pdb,1.0
9ZQ6,A,B,../../GraPPI_data/PDB/new_dimer_db/9ZQ6.pdb,1.0
9ZZV,A,B,../../GraPPI_data/PDB/new_dimer_db/9ZZV.pdb,1.0
4DCB,A,F,../../GraPPI_data/PDB/new_dimer_db/4DCB.pdb,1.0
6TG8,A,B,../../GraPPI_data/PDB/new_dimer_db/6TG8.pdb,1.0
6TKA,A,B,../../GraPPI_data/PDB/new_dimer_db/6TKA.pdb,1.0
6V41,A,B,../../GraPPI_data/PDB/new_dimer_db/6V41.pdb,1.0
6V8W,I,K,../../GraPPI_data/PDB/new_dimer_db/6V8W.pdb,1.0
6XXX,A,B,../../GraPPI_data/PDB/new_dimer_db/6XXX.pdb,1.0
6XY3,A,B,../../GraPPI_data/PDB/new_dimer_db/6XY3.pdb,1.0
6Y8K,A,B,../../GraPPI_data/PDB/new_dimer_db/6Y8K.pdb,1.0
6YMQ,B,I,../../GraPPI_data/PDB/new_dimer_db/6YMQ.pdb,1.0
6ZVN,A,B,../../GraPPI_data/PDB/new_dimer_db/6ZVN.pdb,1.0
7AJK,A,B,../../GraPPI_data/PDB/new_dimer_db/7AJK.pdb,1.0
7AR4,A,B,../../GraPPI_data/PDB/new_dimer_db/7AR4.pdb,1.0
7NW1,A,D,../../GraPPI_data/PDB/new_dimer_db/7NW1.pdb,1.0
7OIQ,A,B,../../GraPPI_data/PDB/new_dimer_db/7OIQ.pdb,1.0
7OIT,A,B,../../GraPPI_data/PDB/new_dimer_db/7OIT.pdb,1.0
7OZT,A,B,../../GraPPI_data/PDB/new_dimer_db/7OZT.pdb,1.0
7P2Z,A,B,../../GraPPI_data/PDB/new_dimer_db/7P2Z.pdb,1.0
7Q5T,D,I,../../GraPPI_data/PDB/new_dimer_db/7Q5T.pdb,1.0
7Q5U,A,L,../../GraPPI_data/PDB/new_dimer_db/7Q5U.pdb,1.0
7Q5W,B,L,../../GraPPI_data/PDB/new_dimer_db/7Q5W.pdb,1.0
7QNP,A,B,../../GraPPI_data/PDB/new_dimer_db/7QNP.pdb,1.0
7QVK,A,B,../../GraPPI_data/PDB/new_dimer_db/7QVK.pdb,1.0
7RTE,C,D,../../GraPPI_data/PDB/new_dimer_db/7RTE.pdb,1.0
7RTI,C,D,../../GraPPI_data/PDB/new_dimer_db/7RTI.pdb,1.0
7Z1E,A,B,../../GraPPI_data/PDB/new_dimer_db/7Z1E.pdb,1.0
8A60,A,B,../../GraPPI_data/PDB/new_dimer_db/8A60.pdb,1.0
8BE3,A,R,../../GraPPI_data/PDB/new_dimer_db/8BE3.pdb,1.0
8BLW,A,B,../../GraPPI_data/PDB/new_dimer_db/8BLW.pdb,1.0
8C12,A,B,../../GraPPI_data/PDB/new_dimer_db/8C12.pdb,1.0
8C5G,A,C,../../GraPPI_data/PDB/new_dimer_db/8C5G.pdb,1.0
8CDP,A,B,../../GraPPI_data/PDB/new_dimer_db/8CDP.pdb,1.0
8H1S,A,B,../../GraPPI_data/PDB/new_dimer_db/8H1S.pdb,1.0
8RP6,B,C,../../GraPPI_data/PDB/new_dimer_db/8RP6.pdb,1.0
8RTZ,A,B,../../GraPPI_data/PDB/new_dimer_db/8RTZ.pdb,1.0
8S1R,A,B,../../GraPPI_data/PDB/new_dimer_db/8S1R.pdb,1.0
9DIR,A,B,../../GraPPI_data/PDB/new_dimer_db/9DIR.pdb,1.0
9ERU,B,G,../../GraPPI_data/PDB/new_dimer_db/9ERU.pdb,1.0
9FQK,A,B,../../GraPPI_data/PDB/new_dimer_db/9FQK.pdb,1.0
9HAF,A,B,../../GraPPI_data/PDB/new_dimer_db/9HAF.pdb,1.0
9JO8,A,D,../../GraPPI_data/PDB/new_dimer_db/9JO8.pdb,1.0
9S60,A,C,../../GraPPI_data/PDB/new_dimer_db/9S60.pdb,1.0
9SQJ,A,B,../../GraPPI_data/PDB/new_dimer_db/9SQJ.pdb,1.0
1A0N,A,B,../../GraPPI_data/PDB/new_dimer_db/1A0N.pdb,1.0
1A7F,A,B,../../GraPPI_data/PDB/new_dimer_db/1A7F.pdb,1.0
1A93,A,B,../../GraPPI_data/PDB/new_dimer_db/1A93.pdb,1.0
1AOT,F,P,../../GraPPI_data/PDB/new_dimer_db/1AOT.pdb,1.0
1AOU,F,P,../../GraPPI_data/PDB/new_dimer_db/1AOU.pdb,1.0
1AZE,A,B,../../GraPPI_data/PDB/new_dimer_db/1AZE.pdb,1.0
1AZG,A,B,../../GraPPI_data/PDB/new_dimer_db/1AZG.pdb,1.0
1BI6,L,H,../../GraPPI_data/PDB/new_dimer_db/1BI6.pdb,1.0
1BON,A,B,../../GraPPI_data/PDB/new_dimer_db/1BON.pdb,1.0
1BXL,A,B,../../GraPPI_data/PDB/new_dimer_db/1BXL.pdb,1.0
1BXP,A,B,../../GraPPI_data/PDB/new_dimer_db/1BXP.pdb,1.0
1BZV,A,B,../../GraPPI_data/PDB/new_dimer_db/1BZV.pdb,1.0
1CEE,A,B,../../GraPPI_data/PDB/new_dimer_db/1CEE.pdb,1.0
1CF4,A,B,../../GraPPI_data/PDB/new_dimer_db/1CF4.pdb,1.0
1CFF,A,B,../../GraPPI_data/PDB/new_dimer_db/1CFF.pdb,1.0
1CIR,A,B,../../GraPPI_data/PDB/new_dimer_db/1CIR.pdb,1.0
1CKK,A,B,../../GraPPI_data/PDB/new_dimer_db/1CKK.pdb,1.0
1CQG,A,B,../../GraPPI_data/PDB/new_dimer_db/1CQG.pdb,1.0
1D5G,A,B,../../GraPPI_data/PDB/new_dimer_db/1D5G.pdb,1.0
1D7Q,B,A,../../GraPPI_data/PDB/new_dimer_db/1D7Q.pdb,1.0
1DDM,A,B,../../GraPPI_data/PDB/new_dimer_db/1DDM.pdb,1.0
1DPU,A,B,../../GraPPI_data/PDB/new_dimer_db/1DPU.pdb,1.0
1DWL,A,B,../../GraPPI_data/PDB/new_dimer_db/1DWL.pdb,1.0
1E0A,A,B,../../GraPPI_data/PDB/new_dimer_db/1E0A.pdb,1.0
1E91,A,B,../../GraPPI_data/PDB/new_dimer_db/1E91.pdb,1.0
1ECI,A,B,../../GraPPI_data/PDB/new_dimer_db/1ECI.pdb,1.0
1F2R,C,I,../../GraPPI_data/PDB/new_dimer_db/1F2R.pdb,1.0
1FMH,A,B,../../GraPPI_data/PDB/new_dimer_db/1FMH.pdb,1.0
1FU5,A,B,../../GraPPI_data/PDB/new_dimer_db/1FU5.pdb,1.0
1G1E,A,B,../../GraPPI_data/PDB/new_dimer_db/1G1E.pdb,1.0
1GBQ,A,B,../../GraPPI_data/PDB/new_dimer_db/1GBQ.pdb,1.0
1GBR,A,B,../../GraPPI_data/PDB/new_dimer_db/1GBR.pdb,1.0
1GGR,A,B,../../GraPPI_data/PDB/new_dimer_db/1GGR.pdb,1.0
1GUW,A,B,../../GraPPI_data/PDB/new_dimer_db/1GUW.pdb,1.0
1H3H,A,B,../../GraPPI_data/PDB/new_dimer_db/1H3H.pdb,1.0
1H8B,A,B,../../GraPPI_data/PDB/new_dimer_db/1H8B.pdb,1.0
1HAJ,A,B,../../GraPPI_data/PDB/new_dimer_db/1HAJ.pdb,1.0
1HIQ,A,B,../../GraPPI_data/PDB/new_dimer_db/1HIQ.pdb,1.0
1HIS,A,B,../../GraPPI_data/PDB/new_dimer_db/1HIS.pdb,1.0
1HIT,A,B,../../GraPPI_data/PDB/new_dimer_db/1HIT.pdb,1.0
1HLS,A,B,../../GraPPI_data/PDB/new_dimer_db/1HLS.pdb,1.0
1HUI,A,B,../../GraPPI_data/PDB/new_dimer_db/1HUI.pdb,1.0
1HV2,A,B,../../GraPPI_data/PDB/new_dimer_db/1HV2.pdb,1.0
1HYM,A,B,../../GraPPI_data/PDB/new_dimer_db/1HYM.pdb,1.0
1I5H,W,B,../../GraPPI_data/PDB/new_dimer_db/1I5H.pdb,1.0
1I8H,A,B,../../GraPPI_data/PDB/new_dimer_db/1I8H.pdb,1.0
1IBX,A,B,../../GraPPI_data/PDB/new_dimer_db/1IBX.pdb,1.0
1IDG,A,B,../../GraPPI_data/PDB/new_dimer_db/1IDG.pdb,1.0
1IDH,A,B,../../GraPPI_data/PDB/new_dimer_db/1IDH.pdb,1.0
1IO6,A,B,../../GraPPI_data/PDB/new_dimer_db/1IO6.pdb,1.0
1IOG,A,B,../../GraPPI_data/PDB/new_dimer_db/1IOG.pdb,1.0
1IOH,A,B,../../GraPPI_data/PDB/new_dimer_db/1IOH.pdb,1.0
1IRS,A,B,../../GraPPI_data/PDB/new_dimer_db/1IRS.pdb,1.0
1J4P,A,B,../../GraPPI_data/PDB/new_dimer_db/1J4P.pdb,1.0
1J4Q,A,B,../../GraPPI_data/PDB/new_dimer_db/1J4Q.pdb,1.0
1J6T,A,B,../../GraPPI_data/PDB/new_dimer_db/1J6T.pdb,1.0
1JBD,A,B,../../GraPPI_data/PDB/new_dimer_db/1JBD.pdb,1.0
1JCO,A,B,../../GraPPI_data/PDB/new_dimer_db/1JCO.pdb,1.0
1JEG,A,B,../../GraPPI_data/PDB/new_dimer_db/1JEG.pdb,1.0
1JM4,A,B,../../GraPPI_data/PDB/new_dimer_db/1JM4.pdb,1.0
1JM7,A,B,../../GraPPI_data/PDB/new_dimer_db/1JM7.pdb,1.0
1JMQ,A,P,../../GraPPI_data/PDB/new_dimer_db/1JMQ.pdb,1.0
1K3M,A,B,../../GraPPI_data/PDB/new_dimer_db/1K3M.pdb,1.0
1K3N,A,B,../../GraPPI_data/PDB/new_dimer_db/1K3N.pdb,1.0
1K3Q,A,B,../../GraPPI_data/PDB/new_dimer_db/1K3Q.pdb,1.0
1K4U,S,P,../../GraPPI_data/PDB/new_dimer_db/1K4U.pdb,1.0
1K5R,A,B,../../GraPPI_data/PDB/new_dimer_db/1K5R.pdb,1.0
1KA7,A,B,../../GraPPI_data/PDB/new_dimer_db/1KA7.pdb,1.0
1KC4,A,B,../../GraPPI_data/PDB/new_dimer_db/1KC4.pdb,1.0
1KDX,A,B,../../GraPPI_data/PDB/new_dimer_db/1KDX.pdb,1.0
1KL8,A,B,../../GraPPI_data/PDB/new_dimer_db/1KL8.pdb,1.0
1KLQ,A,B,../../GraPPI_data/PDB/new_dimer_db/1KLQ.pdb,1.0
1KMF,A,B,../../GraPPI_data/PDB/new_dimer_db/1KMF.pdb,1.0
1KUP,A,B,../../GraPPI_data/PDB/new_dimer_db/1KUP.pdb,1.0
1KUZ,A,B,../../GraPPI_data/PDB/new_dimer_db/1KUZ.pdb,1.0
1L2Z,A,B,../../GraPPI_data/PDB/new_dimer_db/1L2Z.pdb,1.0
1L3E,A,B,../../GraPPI_data/PDB/new_dimer_db/1L3E.pdb,1.0
1L4W,A,B,../../GraPPI_data/PDB/new_dimer_db/1L4W.pdb,1.0
1LJZ,A,B,../../GraPPI_data/PDB/new_dimer_db/1LJZ.pdb,1.0
1LKQ,A,B,../../GraPPI_data/PDB/new_dimer_db/1LKQ.pdb,1.0
1LXF,C,I,../../GraPPI_data/PDB/new_dimer_db/1LXF.pdb,1.0
1LXG,A,B,../../GraPPI_data/PDB/new_dimer_db/1LXG.pdb,1.0
1LXH,A,B,../../GraPPI_data/PDB/new_dimer_db/1LXH.pdb,1.0
1M8O,A,B,../../GraPPI_data/PDB/new_dimer_db/1M8O.pdb,1.0
1MDI,A,B,../../GraPPI_data/PDB/new_dimer_db/1MDI.pdb,1.0
1MHI,A,B,../../GraPPI_data/PDB/new_dimer_db/1MHI.pdb,1.0
1MHJ,A,B,../../GraPPI_data/PDB/new_dimer_db/1MHJ.pdb,1.0
1MV0,A,B,../../GraPPI_data/PDB/new_dimer_db/1MV0.pdb,1.0
1MXL,C,I,../../GraPPI_data/PDB/new_dimer_db/1MXL.pdb,1.0
1NCP,N,C,../../GraPPI_data/PDB/new_dimer_db/1NCP.pdb,1.0
1NPQ,A,B,../../GraPPI_data/PDB/new_dimer_db/1NPQ.pdb,1.0
1O0P,A,B,../../GraPPI_data/PDB/new_dimer_db/1O0P.pdb,1.0
1O2F,A,B,../../GraPPI_data/PDB/new_dimer_db/1O2F.pdb,1.0
1O4X,A,B,../../GraPPI_data/PDB/new_dimer_db/1O4X.pdb,1.0
1OM2,A,B,../../GraPPI_data/PDB/new_dimer_db/1OM2.pdb,1.0
1ONV,A,B,../../GraPPI_data/PDB/new_dimer_db/1ONV.pdb,1.0
1OO9,A,B,../../GraPPI_data/PDB/new_dimer_db/1OO9.pdb,1.0
1OPI,A,B,../../GraPPI_data/PDB/new_dimer_db/1OPI.pdb,1.0
1OQP,A,B,../../GraPPI_data/PDB/new_dimer_db/1OQP.pdb,1.0
1P4Q,A,B,../../GraPPI_data/PDB/new_dimer_db/1P4Q.pdb,1.0
1PMX,A,B,../../GraPPI_data/PDB/new_dimer_db/1PMX.pdb,1.0
1PNB,A,B,../../GraPPI_data/PDB/new_dimer_db/1PNB.pdb,1.0
1PON,A,B,../../GraPPI_data/PDB/new_dimer_db/1PON.pdb,1.0
1QFN,A,B,../../GraPPI_data/PDB/new_dimer_db/1QFN.pdb,1.0
1QG1,E,I,../../GraPPI_data/PDB/new_dimer_db/1QG1.pdb,1.0
1QH2,A,B,../../GraPPI_data/PDB/new_dimer_db/1QH2.pdb,1.0
1QWE,A,B,../../GraPPI_data/PDB/new_dimer_db/1QWE.pdb,1.0
1QWF,A,B,../../GraPPI_data/PDB/new_dimer_db/1QWF.pdb,1.0
1RF8,A,B,../../GraPPI_data/PDB/new_dimer_db/1RF8.pdb,1.0
1RGJ,A,B,../../GraPPI_data/PDB/new_dimer_db/1RGJ.pdb,1.0
1S5Q,A,B,../../GraPPI_data/PDB/new_dimer_db/1S5Q.pdb,1.0
1S5R,A,B,../../GraPPI_data/PDB/new_dimer_db/1S5R.pdb,1.0
1S7P,B,A,../../GraPPI_data/PDB/new_dimer_db/1S7P.pdb,1.0
1SF1,A,B,../../GraPPI_data/PDB/new_dimer_db/1SF1.pdb,1.0
1SHC,A,B,../../GraPPI_data/PDB/new_dimer_db/1SHC.pdb,1.0
1SJT,A,B,../../GraPPI_data/PDB/new_dimer_db/1SJT.pdb,1.0
1SSE,A,B,../../GraPPI_data/PDB/new_dimer_db/1SSE.pdb,1.0
1SY9,A,B,../../GraPPI_data/PDB/new_dimer_db/1SY9.pdb,1.0
1T1K,A,B,../../GraPPI_data/PDB/new_dimer_db/1T1K.pdb,1.0
1T1P,A,B,../../GraPPI_data/PDB/new_dimer_db/1T1P.pdb,1.0
1T1Q,A,B,../../GraPPI_data/PDB/new_dimer_db/1T1Q.pdb,1.0
1TCE,A,B,../../GraPPI_data/PDB/new_dimer_db/1TCE.pdb,1.0
1U2U,A,B,../../GraPPI_data/PDB/new_dimer_db/1U2U.pdb,1.0
1VKT,A,B,../../GraPPI_data/PDB/new_dimer_db/1VKT.pdb,1.0
1XGL,A,B,../../GraPPI_data/PDB/new_dimer_db/1XGL.pdb,1.0
1XS9,A,D,../../GraPPI_data/PDB/new_dimer_db/1XS9.pdb,1.0
1Y0J,A,B,../../GraPPI_data/PDB/new_dimer_db/1Y0J.pdb,1.0
1Z1D,A,B,../../GraPPI_data/PDB/new_dimer_db/1Z1D.pdb,1.0
1ZL8,A,B,../../GraPPI_data/PDB/new_dimer_db/1ZL8.pdb,1.0
1ZY3,A,B,../../GraPPI_data/PDB/new_dimer_db/1ZY3.pdb,1.0
2A4J,A,B,../../GraPPI_data/PDB/new_dimer_db/2A4J.pdb,1.0
2ACM,A,B,../../GraPPI_data/PDB/new_dimer_db/2ACM.pdb,1.0
2AFF,A,B,../../GraPPI_data/PDB/new_dimer_db/2AFF.pdb,1.0
2ASQ,A,B,../../GraPPI_data/PDB/new_dimer_db/2ASQ.pdb,1.0
2BBM,A,B,../../GraPPI_data/PDB/new_dimer_db/2BBM.pdb,1.0
2BBN,A,B,../../GraPPI_data/PDB/new_dimer_db/2BBN.pdb,1.0
2BBU,A,B,../../GraPPI_data/PDB/new_dimer_db/2BBU.pdb,1.0
2BI6,L,H,../../GraPPI_data/PDB/new_dimer_db/2BI6.pdb,1.0
2BN5,A,B,../../GraPPI_data/PDB/new_dimer_db/2BN5.pdb,1.0
2C52,A,B,../../GraPPI_data/PDB/new_dimer_db/2C52.pdb,1.0
2CZY,A,B,../../GraPPI_data/PDB/new_dimer_db/2CZY.pdb,1.0
2DT7,A,B,../../GraPPI_data/PDB/new_dimer_db/2DT7.pdb,1.0
2E30,A,B,../../GraPPI_data/PDB/new_dimer_db/2E30.pdb,1.0
2EZ5,W,P,../../GraPPI_data/PDB/new_dimer_db/2EZ5.pdb,1.0
2FCI,B,A,../../GraPPI_data/PDB/new_dimer_db/2FCI.pdb,1.0
2FHO,A,B,../../GraPPI_data/PDB/new_dimer_db/2FHO.pdb,1.0
2FHW,B,A,../../GraPPI_data/PDB/new_dimer_db/2FHW.pdb,1.0
2FIN,A,B,../../GraPPI_data/PDB/new_dimer_db/2FIN.pdb,1.0
2FUU,A,B,../../GraPPI_data/PDB/new_dimer_db/2FUU.pdb,1.0
2FV4,A,B,../../GraPPI_data/PDB/new_dimer_db/2FV4.pdb,1.0
2FWL,A,B,../../GraPPI_data/PDB/new_dimer_db/2FWL.pdb,1.0
2G3Q,A,B,../../GraPPI_data/PDB/new_dimer_db/2G3Q.pdb,1.0
2GB8,A,B,../../GraPPI_data/PDB/new_dimer_db/2GB8.pdb,1.0
2GBQ,A,B,../../GraPPI_data/PDB/new_dimer_db/2GBQ.pdb,1.0
2GS0,A,B,../../GraPPI_data/PDB/new_dimer_db/2GS0.pdb,1.0
2H67,A,B,../../GraPPI_data/PDB/new_dimer_db/2H67.pdb,1.0
2H7E,A,B,../../GraPPI_data/PDB/new_dimer_db/2H7E.pdb,1.0
2H8B,B,A,../../GraPPI_data/PDB/new_dimer_db/2H8B.pdb,1.0
2HH4,A,B,../../GraPPI_data/PDB/new_dimer_db/2HH4.pdb,1.0
2HHO,A,B,../../GraPPI_data/PDB/new_dimer_db/2HHO.pdb,1.0
2HIU,A,B,../../GraPPI_data/PDB/new_dimer_db/2HIU.pdb,1.0
2HUG,A,B,../../GraPPI_data/PDB/new_dimer_db/2HUG.pdb,1.0
2I94,A,B,../../GraPPI_data/PDB/new_dimer_db/2I94.pdb,1.0
2IIJ,A,B,../../GraPPI_data/PDB/new_dimer_db/2IIJ.pdb,1.0
2IPA,A,B,../../GraPPI_data/PDB/new_dimer_db/2IPA.pdb,1.0
2JM6,A,B,../../GraPPI_data/PDB/new_dimer_db/2JM6.pdb,1.0
2JMA,A,B,../../GraPPI_data/PDB/new_dimer_db/2JMA.pdb,1.0
2JMF,A,B,../../GraPPI_data/PDB/new_dimer_db/2JMF.pdb,1.0
2JMN,A,B,../../GraPPI_data/PDB/new_dimer_db/2JMN.pdb,1.0
2JMX,A,B,../../GraPPI_data/PDB/new_dimer_db/2JMX.pdb,1.0
2JND,A,B,../../GraPPI_data/PDB/new_dimer_db/2JND.pdb,1.0
2JNR,A,B,../../GraPPI_data/PDB/new_dimer_db/2JNR.pdb,1.0
2JNW,A,B,../../GraPPI_data/PDB/new_dimer_db/2JNW.pdb,1.0
2JOG,A,B,../../GraPPI_data/PDB/new_dimer_db/2JOG.pdb,1.0
2JQK,A,B,../../GraPPI_data/PDB/new_dimer_db/2JQK.pdb,1.0
2JQR,A,B,../../GraPPI_data/PDB/new_dimer_db/2JQR.pdb,1.0
2JSS,A,B,../../GraPPI_data/PDB/new_dimer_db/2JSS.pdb,1.0
2JUM,A,B,../../GraPPI_data/PDB/new_dimer_db/2JUM.pdb,1.0
2JUU,A,B,../../GraPPI_data/PDB/new_dimer_db/2JUU.pdb,1.0
2JUV,A,B,../../GraPPI_data/PDB/new_dimer_db/2JUV.pdb,1.0
2JW1,A,B,../../GraPPI_data/PDB/new_dimer_db/2JW1.pdb,1.0
2JXC,A,B,../../GraPPI_data/PDB/new_dimer_db/2JXC.pdb,1.0
2JXM,A,B,../../GraPPI_data/PDB/new_dimer_db/2JXM.pdb,1.0
2JZB,A,B,../../GraPPI_data/PDB/new_dimer_db/2JZB.pdb,1.0
2JZI,A,B,../../GraPPI_data/PDB/new_dimer_db/2JZI.pdb,1.0
2K00,A,B,../../GraPPI_data/PDB/new_dimer_db/2K00.pdb,1.0
2K0F,A,B,../../GraPPI_data/PDB/new_dimer_db/2K0F.pdb,1.0
2K17,P,A,../../GraPPI_data/PDB/new_dimer_db/2K17.pdb,1.0
2K1V,B,A,../../GraPPI_data/PDB/new_dimer_db/2K1V.pdb,1.0
2K20,A,B,../../GraPPI_data/PDB/new_dimer_db/2K20.pdb,1.0
2K2I,A,B,../../GraPPI_data/PDB/new_dimer_db/2K2I.pdb,1.0
2K2Q,A,B,../../GraPPI_data/PDB/new_dimer_db/2K2Q.pdb,1.0
2K2R,A,B,../../GraPPI_data/PDB/new_dimer_db/2K2R.pdb,1.0
2K3W,A,B,../../GraPPI_data/PDB/new_dimer_db/2K3W.pdb,1.0
2K4A,A,B,../../GraPPI_data/PDB/new_dimer_db/2K4A.pdb,1.0
2K6Q,A,B,../../GraPPI_data/PDB/new_dimer_db/2K6Q.pdb,1.0
2K6T,A,B,../../GraPPI_data/PDB/new_dimer_db/2K6T.pdb,1.0
2K6U,A,B,../../GraPPI_data/PDB/new_dimer_db/2K6U.pdb,1.0
2K7L,B,A,../../GraPPI_data/PDB/new_dimer_db/2K7L.pdb,1.0
2K7W,A,B,../../GraPPI_data/PDB/new_dimer_db/2K7W.pdb,1.0
2K91,A,B,../../GraPPI_data/PDB/new_dimer_db/2K91.pdb,1.0
2K9F,A,B,../../GraPPI_data/PDB/new_dimer_db/2K9F.pdb,1.0
2K9J,A,B,../../GraPPI_data/PDB/new_dimer_db/2K9J.pdb,1.0
2K9R,A,B,../../GraPPI_data/PDB/new_dimer_db/2K9R.pdb,1.0
2K9U,A,B,../../GraPPI_data/PDB/new_dimer_db/2K9U.pdb,1.0
2KBC,B,A,../../GraPPI_data/PDB/new_dimer_db/2KBC.pdb,1.0
2KBR,A,B,../../GraPPI_data/PDB/new_dimer_db/2KBR.pdb,1.0
2KBX,A,B,../../GraPPI_data/PDB/new_dimer_db/2KBX.pdb,1.0
2KDU,A,B,../../GraPPI_data/PDB/new_dimer_db/2KDU.pdb,1.0
2KE1,A,B,../../GraPPI_data/PDB/new_dimer_db/2KE1.pdb,1.0
2KFF,A,B,../../GraPPI_data/PDB/new_dimer_db/2KFF.pdb,1.0
2KFG,A,B,../../GraPPI_data/PDB/new_dimer_db/2KFG.pdb,1.0
2KFH,A,B,../../GraPPI_data/PDB/new_dimer_db/2KFH.pdb,1.0
2KFK,A,B,../../GraPPI_data/PDB/new_dimer_db/2KFK.pdb,1.0
2KFT,A,B,../../GraPPI_data/PDB/new_dimer_db/2KFT.pdb,1.0
2KG7,A,B,../../GraPPI_data/PDB/new_dimer_db/2KG7.pdb,1.0
2KGB,C,I,../../GraPPI_data/PDB/new_dimer_db/2KGB.pdb,1.0
2KH2,A,B,../../GraPPI_data/PDB/new_dimer_db/2KH2.pdb,1.0
2KHW,A,B,../../GraPPI_data/PDB/new_dimer_db/2KHW.pdb,1.0
2KJE,A,B,../../GraPPI_data/PDB/new_dimer_db/2KJE.pdb,1.0
2KJH,A,B,../../GraPPI_data/PDB/new_dimer_db/2KJH.pdb,1.0
2KJJ,A,B,../../GraPPI_data/PDB/new_dimer_db/2KJJ.pdb,1.0
2KJU,A,B,../../GraPPI_data/PDB/new_dimer_db/2KJU.pdb,1.0
2KM8,B,C,../../GraPPI_data/PDB/new_dimer_db/2KM8.pdb,1.0
2KNC,A,B,../../GraPPI_data/PDB/new_dimer_db/2KNC.pdb,1.0
2KNE,A,B,../../GraPPI_data/PDB/new_dimer_db/2KNE.pdb,1.0
2KNH,A,B,../../GraPPI_data/PDB/new_dimer_db/2KNH.pdb,1.0
2KOH,A,B,../../GraPPI_data/PDB/new_dimer_db/2KOH.pdb,1.0
2KPL,A,B,../../GraPPI_data/PDB/new_dimer_db/2KPL.pdb,1.0
2KQF,A,B,../../GraPPI_data/PDB/new_dimer_db/2KQF.pdb,1.0
2KQQ,A,B,../../GraPPI_data/PDB/new_dimer_db/2KQQ.pdb,1.0
2KRB,A,B,../../GraPPI_data/PDB/new_dimer_db/2KRB.pdb,1.0
2KRD,C,I,../../GraPPI_data/PDB/new_dimer_db/2KRD.pdb,1.0
2KS1,A,B,../../GraPPI_data/PDB/new_dimer_db/2KS1.pdb,1.0
2KS9,A,B,../../GraPPI_data/PDB/new_dimer_db/2KS9.pdb,1.0
2KSA,A,B,../../GraPPI_data/PDB/new_dimer_db/2KSA.pdb,1.0
2KSB,A,B,../../GraPPI_data/PDB/new_dimer_db/2KSB.pdb,1.0
2KSP,A,B,../../GraPPI_data/PDB/new_dimer_db/2KSP.pdb,1.0
2KTB,A,B,../../GraPPI_data/PDB/new_dimer_db/2KTB.pdb,1.0
2KUP,A,B,../../GraPPI_data/PDB/new_dimer_db/2KUP.pdb,1.0
2KVM,A,B,../../GraPPI_data/PDB/new_dimer_db/2KVM.pdb,1.0
2KWF,A,B,../../GraPPI_data/PDB/new_dimer_db/2KWF.pdb,1.0
2KWN,B,A,../../GraPPI_data/PDB/new_dimer_db/2KWN.pdb,1.0
2KXC,A,B,../../GraPPI_data/PDB/new_dimer_db/2KXC.pdb,1.0
2KXK,A,B,../../GraPPI_data/PDB/new_dimer_db/2KXK.pdb,1.0
2KXQ,A,B,../../GraPPI_data/PDB/new_dimer_db/2KXQ.pdb,1.0
2KYL,A,B,../../GraPPI_data/PDB/new_dimer_db/2KYL.pdb,1.0
2KYM,A,B,../../GraPPI_data/PDB/new_dimer_db/2KYM.pdb,1.0
2KZT,A,B,../../GraPPI_data/PDB/new_dimer_db/2KZT.pdb,1.0
2KZU,A,B,../../GraPPI_data/PDB/new_dimer_db/2KZU.pdb,1.0
2L00,A,B,../../GraPPI_data/PDB/new_dimer_db/2L00.pdb,1.0
2L0Y,A,B,../../GraPPI_data/PDB/new_dimer_db/2L0Y.pdb,1.0
2L11,A,B,../../GraPPI_data/PDB/new_dimer_db/2L11.pdb,1.0
2L12,A,B,../../GraPPI_data/PDB/new_dimer_db/2L12.pdb,1.0
2L1B,A,B,../../GraPPI_data/PDB/new_dimer_db/2L1B.pdb,1.0
2L1C,A,B,../../GraPPI_data/PDB/new_dimer_db/2L1C.pdb,1.0
2L1R,A,B,../../GraPPI_data/PDB/new_dimer_db/2L1R.pdb,1.0
2L1W,A,B,../../GraPPI_data/PDB/new_dimer_db/2L1W.pdb,1.0
2L1Y,A,B,../../GraPPI_data/PDB/new_dimer_db/2L1Y.pdb,1.0
2L1Z,A,B,../../GraPPI_data/PDB/new_dimer_db/2L1Z.pdb,1.0
2L27,A,B,../../GraPPI_data/PDB/new_dimer_db/2L27.pdb,1.0
2L2I,A,B,../../GraPPI_data/PDB/new_dimer_db/2L2I.pdb,1.0
2L35,A,B,../../GraPPI_data/PDB/new_dimer_db/2L35.pdb,1.0
2L3R,A,B,../../GraPPI_data/PDB/new_dimer_db/2L3R.pdb,1.0
2L53,A,B,../../GraPPI_data/PDB/new_dimer_db/2L53.pdb,1.0
2L5G,A,B,../../GraPPI_data/PDB/new_dimer_db/2L5G.pdb,1.0
2L6E,A,B,../../GraPPI_data/PDB/new_dimer_db/2L6E.pdb,1.0
2L6Y,A,B,../../GraPPI_data/PDB/new_dimer_db/2L6Y.pdb,1.0
2L75,A,B,../../GraPPI_data/PDB/new_dimer_db/2L75.pdb,1.0
2L7L,A,B,../../GraPPI_data/PDB/new_dimer_db/2L7L.pdb,1.0
2L8J,A,B,../../GraPPI_data/PDB/new_dimer_db/2L8J.pdb,1.0
2L9B,A,B,../../GraPPI_data/PDB/new_dimer_db/2L9B.pdb,1.0
2LAG,B,A,../../GraPPI_data/PDB/new_dimer_db/2LAG.pdb,1.0
2LAS,A,B,../../GraPPI_data/PDB/new_dimer_db/2LAS.pdb,1.0
2LAW,A,B,../../GraPPI_data/PDB/new_dimer_db/2LAW.pdb,1.0
2LB1,A,B,../../GraPPI_data/PDB/new_dimer_db/2LB1.pdb,1.0
2LB2,A,B,../../GraPPI_data/PDB/new_dimer_db/2LB2.pdb,1.0
2LBF,A,B,../../GraPPI_data/PDB/new_dimer_db/2LBF.pdb,1.0
2LBM,A,C,../../GraPPI_data/PDB/new_dimer_db/2LBM.pdb,1.0
2LCS,A,B,../../GraPPI_data/PDB/new_dimer_db/2LCS.pdb,1.0
2LCT,A,B,../../GraPPI_data/PDB/new_dimer_db/2LCT.pdb,1.0
2LE8,A,B,../../GraPPI_data/PDB/new_dimer_db/2LE8.pdb,1.0
2LGB,A,B,../../GraPPI_data/PDB/new_dimer_db/2LGB.pdb,1.0
2LGF,A,B,../../GraPPI_data/PDB/new_dimer_db/2LGF.pdb,1.0
2LGG,A,B,../../GraPPI_data/PDB/new_dimer_db/2LGG.pdb,1.0
2LGK,A,B,../../GraPPI_data/PDB/new_dimer_db/2LGK.pdb,1.0
2LI5,A,B,../../GraPPI_data/PDB/new_dimer_db/2LI5.pdb,1.0
2LL6,A,B,../../GraPPI_data/PDB/new_dimer_db/2LL6.pdb,1.0
2LL7,A,B,../../GraPPI_data/PDB/new_dimer_db/2LL7.pdb,1.0
2LLO,A,B,../../GraPPI_data/PDB/new_dimer_db/2LLO.pdb,1.0
2LLQ,A,B,../../GraPPI_data/PDB/new_dimer_db/2LLQ.pdb,1.0
2LMC,A,B,../../GraPPI_data/PDB/new_dimer_db/2LMC.pdb,1.0
2LO6,A,B,../../GraPPI_data/PDB/new_dimer_db/2LO6.pdb,1.0
2LOZ,A,B,../../GraPPI_data/PDB/new_dimer_db/2LOZ.pdb,1.0
2LP8,A,B,../../GraPPI_data/PDB/new_dimer_db/2LP8.pdb,1.0
2LQI,A,B,../../GraPPI_data/PDB/new_dimer_db/2LQI.pdb,1.0
2LR1,A,B,../../GraPPI_data/PDB/new_dimer_db/2LR1.pdb,1.0
2LSI,A,B,../../GraPPI_data/PDB/new_dimer_db/2LSI.pdb,1.0
2LSJ,A,B,../../GraPPI_data/PDB/new_dimer_db/2LSJ.pdb,1.0
2LSK,A,B,../../GraPPI_data/PDB/new_dimer_db/2LSK.pdb,1.0
2LSP,A,B,../../GraPPI_data/PDB/new_dimer_db/2LSP.pdb,1.0
2LSR,A,B,../../GraPPI_data/PDB/new_dimer_db/2LSR.pdb,1.0
2LTO,A,B,../../GraPPI_data/PDB/new_dimer_db/2LTO.pdb,1.0
2LTV,A,B,../../GraPPI_data/PDB/new_dimer_db/2LTV.pdb,1.0
2LTW,A,B,../../GraPPI_data/PDB/new_dimer_db/2LTW.pdb,1.0
2LTX,A,B,../../GraPPI_data/PDB/new_dimer_db/2LTX.pdb,1.0
2LTY,A,B,../../GraPPI_data/PDB/new_dimer_db/2LTY.pdb,1.0
2LTZ,A,B,../../GraPPI_data/PDB/new_dimer_db/2LTZ.pdb,1.0
2LUE,A,B,../../GraPPI_data/PDB/new_dimer_db/2LUE.pdb,1.0
2LV6,A,B,../../GraPPI_data/PDB/new_dimer_db/2LV6.pdb,1.0
2LVM,A,B,../../GraPPI_data/PDB/new_dimer_db/2LVM.pdb,1.0
2LXS,A,B,../../GraPPI_data/PDB/new_dimer_db/2LXS.pdb,1.0
2LYD,A,B,../../GraPPI_data/PDB/new_dimer_db/2LYD.pdb,1.0
2LYW,A,B,../../GraPPI_data/PDB/new_dimer_db/2LYW.pdb,1.0
2M0K,A,B,../../GraPPI_data/PDB/new_dimer_db/2M0K.pdb,1.0
2M0O,A,B,../../GraPPI_data/PDB/new_dimer_db/2M0O.pdb,1.0
2M14,A,B,../../GraPPI_data/PDB/new_dimer_db/2M14.pdb,1.0
2M1D,A,B,../../GraPPI_data/PDB/new_dimer_db/2M1D.pdb,1.0
2M2M,A,B,../../GraPPI_data/PDB/new_dimer_db/2M2M.pdb,1.0
2M2N,A,B,../../GraPPI_data/PDB/new_dimer_db/2M2N.pdb,1.0
2M2O,A,B,../../GraPPI_data/PDB/new_dimer_db/2M2O.pdb,1.0
2M2P,A,B,../../GraPPI_data/PDB/new_dimer_db/2M2P.pdb,1.0
2M3M,A,B,../../GraPPI_data/PDB/new_dimer_db/2M3M.pdb,1.0
2M3O,W,P,../../GraPPI_data/PDB/new_dimer_db/2M3O.pdb,1.0
2M41,A,B,../../GraPPI_data/PDB/new_dimer_db/2M41.pdb,1.0
2M56,A,B,../../GraPPI_data/PDB/new_dimer_db/2M56.pdb,1.0
2M5E,A,B,../../GraPPI_data/PDB/new_dimer_db/2M5E.pdb,1.0
2M8S,A,B,../../GraPPI_data/PDB/new_dimer_db/2M8S.pdb,1.0
2MBH,B,A,../../GraPPI_data/PDB/new_dimer_db/2MBH.pdb,1.0
2MC1,A,B,../../GraPPI_data/PDB/new_dimer_db/2MC1.pdb,1.0
2MC6,A,B,../../GraPPI_data/PDB/new_dimer_db/2MC6.pdb,1.0
2MES,A,B,../../GraPPI_data/PDB/new_dimer_db/2MES.pdb,1.0
2MG5,A,B,../../GraPPI_data/PDB/new_dimer_db/2MG5.pdb,1.0
2MGU,A,M,../../GraPPI_data/PDB/new_dimer_db/2MGU.pdb,1.0
2MGZ,A,B,../../GraPPI_data/PDB/new_dimer_db/2MGZ.pdb,1.0
2MH0,A,B,../../GraPPI_data/PDB/new_dimer_db/2MH0.pdb,1.0
2MJF,A,B,../../GraPPI_data/PDB/new_dimer_db/2MJF.pdb,1.0
2MJV,A,B,../../GraPPI_data/PDB/new_dimer_db/2MJV.pdb,1.0
2MKP,C,I,../../GraPPI_data/PDB/new_dimer_db/2MKP.pdb,1.0
2MKR,A,B,../../GraPPI_data/PDB/new_dimer_db/2MKR.pdb,1.0
2MLI,A,B,../../GraPPI_data/PDB/new_dimer_db/2MLI.pdb,1.0
2MMA,A,B,../../GraPPI_data/PDB/new_dimer_db/2MMA.pdb,1.0
2MNJ,A,B,../../GraPPI_data/PDB/new_dimer_db/2MNJ.pdb,1.0
2MNZ,A,B,../../GraPPI_data/PDB/new_dimer_db/2MNZ.pdb,1.0
2MOW,A,B,../../GraPPI_data/PDB/new_dimer_db/2MOW.pdb,1.0
2MPG,A,B,../../GraPPI_data/PDB/new_dimer_db/2MPG.pdb,1.0
2MPI,A,B,../../GraPPI_data/PDB/new_dimer_db/2MPI.pdb,1.0
2MPM,A,B,../../GraPPI_data/PDB/new_dimer_db/2MPM.pdb,1.0
2MPS,A,B,../../GraPPI_data/PDB/new_dimer_db/2MPS.pdb,1.0
2MPT,A,B,../../GraPPI_data/PDB/new_dimer_db/2MPT.pdb,1.0
2MSR,A,B,../../GraPPI_data/PDB/new_dimer_db/2MSR.pdb,1.0
2MUT,A,B,../../GraPPI_data/PDB/new_dimer_db/2MUT.pdb,1.0
2MV1,B,A,../../GraPPI_data/PDB/new_dimer_db/2MV1.pdb,1.0
2MVC,A,B,../../GraPPI_data/PDB/new_dimer_db/2MVC.pdb,1.0
2MVD,A,B,../../GraPPI_data/PDB/new_dimer_db/2MVD.pdb,1.0
2MWN,A,B,../../GraPPI_data/PDB/new_dimer_db/2MWN.pdb,1.0
2MWO,A,B,../../GraPPI_data/PDB/new_dimer_db/2MWO.pdb,1.0
2MWP,A,B,../../GraPPI_data/PDB/new_dimer_db/2MWP.pdb,1.0
2MWY,A,B,../../GraPPI_data/PDB/new_dimer_db/2MWY.pdb,1.0
2MY2,A,B,../../GraPPI_data/PDB/new_dimer_db/2MY2.pdb,1.0
2MY3,A,B,../../GraPPI_data/PDB/new_dimer_db/2MY3.pdb,1.0
2MZP,C,I,../../GraPPI_data/PDB/new_dimer_db/2MZP.pdb,1.0
2MZW,A,B,../../GraPPI_data/PDB/new_dimer_db/2MZW.pdb,1.0
2N0S,A,B,../../GraPPI_data/PDB/new_dimer_db/2N0S.pdb,1.0
2N0Y,A,B,../../GraPPI_data/PDB/new_dimer_db/2N0Y.pdb,1.0
2N1A,A,B,../../GraPPI_data/PDB/new_dimer_db/2N1A.pdb,1.0
2N1G,A,B,../../GraPPI_data/PDB/new_dimer_db/2N1G.pdb,1.0
2N23,A,B,../../GraPPI_data/PDB/new_dimer_db/2N23.pdb,1.0
2N2V,A,B,../../GraPPI_data/PDB/new_dimer_db/2N2V.pdb,1.0
2N2W,A,B,../../GraPPI_data/PDB/new_dimer_db/2N2W.pdb,1.0
2N2X,A,B,../../GraPPI_data/PDB/new_dimer_db/2N2X.pdb,1.0
2N3A,A,B,../../GraPPI_data/PDB/new_dimer_db/2N3A.pdb,1.0
2N3K,A,B,../../GraPPI_data/PDB/new_dimer_db/2N3K.pdb,1.0
2N4Q,A,B,../../GraPPI_data/PDB/new_dimer_db/2N4Q.pdb,1.0
2N55,A,B,../../GraPPI_data/PDB/new_dimer_db/2N55.pdb,1.0
2N77,A,B,../../GraPPI_data/PDB/new_dimer_db/2N77.pdb,1.0
2N7K,A,B,../../GraPPI_data/PDB/new_dimer_db/2N7K.pdb,1.0
2N80,A,B,../../GraPPI_data/PDB/new_dimer_db/2N80.pdb,1.0
2N83,A,B,../../GraPPI_data/PDB/new_dimer_db/2N83.pdb,1.0
2N8T,A,B,../../GraPPI_data/PDB/new_dimer_db/2N8T.pdb,1.0
2N9E,A,B,../../GraPPI_data/PDB/new_dimer_db/2N9E.pdb,1.0
2N9P,A,C,../../GraPPI_data/PDB/new_dimer_db/2N9P.pdb,1.0
2N9X,A,B,../../GraPPI_data/PDB/new_dimer_db/2N9X.pdb,1.0
2N9Y,A,B,../../GraPPI_data/PDB/new_dimer_db/2N9Y.pdb,1.0
2NBW,A,B,../../GraPPI_data/PDB/new_dimer_db/2NBW.pdb,1.0
2NCZ,A,B,../../GraPPI_data/PDB/new_dimer_db/2NCZ.pdb,1.0
2ND0,A,B,../../GraPPI_data/PDB/new_dimer_db/2ND0.pdb,1.0
2ND1,A,B,../../GraPPI_data/PDB/new_dimer_db/2ND1.pdb,1.0
2NDF,A,B,../../GraPPI_data/PDB/new_dimer_db/2NDF.pdb,1.0
2NDG,A,B,../../GraPPI_data/PDB/new_dimer_db/2NDG.pdb,1.0
2ODD,B,A,../../GraPPI_data/PDB/new_dimer_db/2ODD.pdb,1.0
2OFQ,A,B,../../GraPPI_data/PDB/new_dimer_db/2OFQ.pdb,1.0
2OI3,A,B,../../GraPPI_data/PDB/new_dimer_db/2OI3.pdb,1.0
2OJ2,A,B,../../GraPPI_data/PDB/new_dimer_db/2OJ2.pdb,1.0
2PHG,A,B,../../GraPPI_data/PDB/new_dimer_db/2PHG.pdb,1.0
2PJH,A,B,../../GraPPI_data/PDB/new_dimer_db/2PJH.pdb,1.0
2PLD,A,B,../../GraPPI_data/PDB/new_dimer_db/2PLD.pdb,1.0
2PLE,A,B,../../GraPPI_data/PDB/new_dimer_db/2PLE.pdb,1.0
2PQ4,A,B,../../GraPPI_data/PDB/new_dimer_db/2PQ4.pdb,1.0
2RMX,A,B,../../GraPPI_data/PDB/new_dimer_db/2RMX.pdb,1.0
2RN5,A,B,../../GraPPI_data/PDB/new_dimer_db/2RN5.pdb,1.0
2RNW,A,B,../../GraPPI_data/PDB/new_dimer_db/2RNW.pdb,1.0
2RNX,A,B,../../GraPPI_data/PDB/new_dimer_db/2RNX.pdb,1.0
2RNY,A,B,../../GraPPI_data/PDB/new_dimer_db/2RNY.pdb,1.0
2ROC,A,B,../../GraPPI_data/PDB/new_dimer_db/2ROC.pdb,1.0
2ROD,A,B,../../GraPPI_data/PDB/new_dimer_db/2ROD.pdb,1.0
2ROL,A,B,../../GraPPI_data/PDB/new_dimer_db/2ROL.pdb,1.0
2ROR,A,B,../../GraPPI_data/PDB/new_dimer_db/2ROR.pdb,1.0
2RPN,A,B,../../GraPPI_data/PDB/new_dimer_db/2RPN.pdb,1.0
2RPQ,A,B,../../GraPPI_data/PDB/new_dimer_db/2RPQ.pdb,1.0
2RQG,A,B,../../GraPPI_data/PDB/new_dimer_db/2RQG.pdb,1.0
2RQH,A,B,../../GraPPI_data/PDB/new_dimer_db/2RQH.pdb,1.0
2RQU,A,B,../../GraPPI_data/PDB/new_dimer_db/2RQU.pdb,1.0
2RQW,A,B,../../GraPPI_data/PDB/new_dimer_db/2RQW.pdb,1.0
2RSN,A,B,../../GraPPI_data/PDB/new_dimer_db/2RSN.pdb,1.0
2RSY,A,B,../../GraPPI_data/PDB/new_dimer_db/2RSY.pdb,1.0
2RVN,A,B,../../GraPPI_data/PDB/new_dimer_db/2RVN.pdb,1.0
2RVQ,C,D,../../GraPPI_data/PDB/new_dimer_db/2RVQ.pdb,1.0
2W85,A,B,../../GraPPI_data/PDB/new_dimer_db/2W85.pdb,1.0
2XY8,A,B,../../GraPPI_data/PDB/new_dimer_db/2XY8.pdb,1.0
2YKA,A,B,../../GraPPI_data/PDB/new_dimer_db/2YKA.pdb,1.0
2YS5,A,B,../../GraPPI_data/PDB/new_dimer_db/2YS5.pdb,1.0
2YU7,A,B,../../GraPPI_data/PDB/new_dimer_db/2YU7.pdb,1.0
2Z59,A,B,../../GraPPI_data/PDB/new_dimer_db/2Z59.pdb,1.0
3EZE,A,B,../../GraPPI_data/PDB/new_dimer_db/3EZE.pdb,1.0
3GBQ,A,B,../../GraPPI_data/PDB/new_dimer_db/3GBQ.pdb,1.0
4A54,A,B,../../GraPPI_data/PDB/new_dimer_db/4A54.pdb,1.0
4BD3,A,B,../../GraPPI_data/PDB/new_dimer_db/4BD3.pdb,1.0
4BEH,A,B,../../GraPPI_data/PDB/new_dimer_db/4BEH.pdb,1.0
4BXU,A,B,../../GraPPI_data/PDB/new_dimer_db/4BXU.pdb,1.0
4GBQ,A,B,../../GraPPI_data/PDB/new_dimer_db/4GBQ.pdb,1.0
4UQT,A,B,../../GraPPI_data/PDB/new_dimer_db/4UQT.pdb,1.0
5GOW,A,B,../../GraPPI_data/PDB/new_dimer_db/5GOW.pdb,1.0
5GWM,A,B,../../GraPPI_data/PDB/new_dimer_db/5GWM.pdb,1.0
5H7P,A,B,../../GraPPI_data/PDB/new_dimer_db/5H7P.pdb,1.0
5I22,A,B,../../GraPPI_data/PDB/new_dimer_db/5I22.pdb,1.0
5IAY,A,B,../../GraPPI_data/PDB/new_dimer_db/5IAY.pdb,1.0
5IXF,A,B,../../GraPPI_data/PDB/new_dimer_db/5IXF.pdb,1.0
5J6Z,A,B,../../GraPPI_data/PDB/new_dimer_db/5J6Z.pdb,1.0
5J7J,A,B,../../GraPPI_data/PDB/new_dimer_db/5J7J.pdb,1.0
5JYV,A,B,../../GraPPI_data/PDB/new_dimer_db/5JYV.pdb,1.0
5L85,A,B,../../GraPPI_data/PDB/new_dimer_db/5L85.pdb,1.0
5LVF,A,B,../../GraPPI_data/PDB/new_dimer_db/5LVF.pdb,1.0
5M9D,A,B,../../GraPPI_data/PDB/new_dimer_db/5M9D.pdb,1.0
5MF9,A,B,../../GraPPI_data/PDB/new_dimer_db/5MF9.pdb,1.0
5MHD,A,B,../../GraPPI_data/PDB/new_dimer_db/5MHD.pdb,1.0
5MIZ,A,B,../../GraPPI_data/PDB/new_dimer_db/5MIZ.pdb,1.0
5MWQ,A,B,../../GraPPI_data/PDB/new_dimer_db/5MWQ.pdb,1.0
5OEO,A,C,../../GraPPI_data/PDB/new_dimer_db/5OEO.pdb,1.0
5T1O,A,B,../../GraPPI_data/PDB/new_dimer_db/5T1O.pdb,1.0
5TBN,A,C,../../GraPPI_data/PDB/new_dimer_db/5TBN.pdb,1.0
5U5S,A,B,../../GraPPI_data/PDB/new_dimer_db/5U5S.pdb,1.0
5URN,A,B,../../GraPPI_data/PDB/new_dimer_db/5URN.pdb,1.0
5VF0,A,B,../../GraPPI_data/PDB/new_dimer_db/5VF0.pdb,1.0
5X9X,A,B,../../GraPPI_data/PDB/new_dimer_db/5X9X.pdb,1.0
6B7G,A,B,../../GraPPI_data/PDB/new_dimer_db/6B7G.pdb,1.0
6BGG,A,B,../../GraPPI_data/PDB/new_dimer_db/6BGG.pdb,1.0
6BGH,A,B,../../GraPPI_data/PDB/new_dimer_db/6BGH.pdb,1.0
6BNH,A,B,../../GraPPI_data/PDB/new_dimer_db/6BNH.pdb,1.0
6BUT,A,B,../../GraPPI_data/PDB/new_dimer_db/6BUT.pdb,1.0
6C0A,A,B,../../GraPPI_data/PDB/new_dimer_db/6C0A.pdb,1.0
6CO4,A,B,../../GraPPI_data/PDB/new_dimer_db/6CO4.pdb,1.0
6CTB,A,B,../../GraPPI_data/PDB/new_dimer_db/6CTB.pdb,1.0
6DMP,A,B,../../GraPPI_data/PDB/new_dimer_db/6DMP.pdb,1.0
6E5N,B,A,../../GraPPI_data/PDB/new_dimer_db/6E5N.pdb,1.0
6E83,B,A,../../GraPPI_data/PDB/new_dimer_db/6E83.pdb,1.0
6ES5,A,B,../../GraPPI_data/PDB/new_dimer_db/6ES5.pdb,1.0
6ES6,A,B,../../GraPPI_data/PDB/new_dimer_db/6ES6.pdb,1.0
6ES7,A,B,../../GraPPI_data/PDB/new_dimer_db/6ES7.pdb,1.0
6F0Y,A,B,../../GraPPI_data/PDB/new_dimer_db/6F0Y.pdb,1.0
6F55,A,B,../../GraPPI_data/PDB/new_dimer_db/6F55.pdb,1.0
6FEG,A,B,../../GraPPI_data/PDB/new_dimer_db/6FEG.pdb,1.0
6FEH,A,B,../../GraPPI_data/PDB/new_dimer_db/6FEH.pdb,1.0
6FGP,A,B,../../GraPPI_data/PDB/new_dimer_db/6FGP.pdb,1.0
6GBE,A,B,../../GraPPI_data/PDB/new_dimer_db/6GBE.pdb,1.0
6GC3,A,B,../../GraPPI_data/PDB/new_dimer_db/6GC3.pdb,1.0
6H8C,A,B,../../GraPPI_data/PDB/new_dimer_db/6H8C.pdb,1.0
6IJQ,A,B,../../GraPPI_data/PDB/new_dimer_db/6IJQ.pdb,1.0
6JXU,A,B,../../GraPPI_data/PDB/new_dimer_db/6JXU.pdb,1.0
6JXW,A,B,../../GraPPI_data/PDB/new_dimer_db/6JXW.pdb,1.0
6JXX,A,B,../../GraPPI_data/PDB/new_dimer_db/6JXX.pdb,1.0
6K59,A,B,../../GraPPI_data/PDB/new_dimer_db/6K59.pdb,1.0
6K5T,A,B,../../GraPPI_data/PDB/new_dimer_db/6K5T.pdb,1.0
6KBO,A,B,../../GraPPI_data/PDB/new_dimer_db/6KBO.pdb,1.0
6KBV,A,B,../../GraPPI_data/PDB/new_dimer_db/6KBV.pdb,1.0
6KH8,A,B,../../GraPPI_data/PDB/new_dimer_db/6KH8.pdb,1.0
6KH9,A,B,../../GraPPI_data/PDB/new_dimer_db/6KH9.pdb,1.0
6KHA,A,B,../../GraPPI_data/PDB/new_dimer_db/6KHA.pdb,1.0
6LQZ,A,B,../../GraPPI_data/PDB/new_dimer_db/6LQZ.pdb,1.0
6M78,A,B,../../GraPPI_data/PDB/new_dimer_db/6M78.pdb,1.0
6MNL,A,B,../../GraPPI_data/PDB/new_dimer_db/6MNL.pdb,1.0
6QTC,A,B,../../GraPPI_data/PDB/new_dimer_db/6QTC.pdb,1.0
6R5G,A,B,../../GraPPI_data/PDB/new_dimer_db/6R5G.pdb,1.0
6RH6,A,B,../../GraPPI_data/PDB/new_dimer_db/6RH6.pdb,1.0
6S3W,B,A,../../GraPPI_data/PDB/new_dimer_db/6S3W.pdb,1.0
6TL0,A,B,../../GraPPI_data/PDB/new_dimer_db/6TL0.pdb,1.0
6U19,A,B,../../GraPPI_data/PDB/new_dimer_db/6U19.pdb,1.0
6U4N,A,B,../../GraPPI_data/PDB/new_dimer_db/6U4N.pdb,1.0
6UZ4,A,B,../../GraPPI_data/PDB/new_dimer_db/6UZ4.pdb,1.0
6UZ5,A,B,../../GraPPI_data/PDB/new_dimer_db/6UZ5.pdb,1.0
6X4X,A,B,../../GraPPI_data/PDB/new_dimer_db/6X4X.pdb,1.0
6XFL,A,B,../../GraPPI_data/PDB/new_dimer_db/6XFL.pdb,1.0
6XMN,A,B,../../GraPPI_data/PDB/new_dimer_db/6XMN.pdb,1.0
7B2B,B,A,../../GraPPI_data/PDB/new_dimer_db/7B2B.pdb,1.0
7C1M,A,B,../../GraPPI_data/PDB/new_dimer_db/7C1M.pdb,1.0
7CSQ,A,B,../../GraPPI_data/PDB/new_dimer_db/7CSQ.pdb,1.0
7CWH,A,B,../../GraPPI_data/PDB/new_dimer_db/7CWH.pdb,1.0
7DTI,A,B,../../GraPPI_data/PDB/new_dimer_db/7DTI.pdb,1.0
7FB8,B,A,../../GraPPI_data/PDB/new_dimer_db/7FB8.pdb,1.0
7JQ8,A,B,../../GraPPI_data/PDB/new_dimer_db/7JQ8.pdb,1.0
7JYN,A,B,../../GraPPI_data/PDB/new_dimer_db/7JYN.pdb,1.0
7JYZ,A,B,../../GraPPI_data/PDB/new_dimer_db/7JYZ.pdb,1.0
7K3S,A,B,../../GraPPI_data/PDB/new_dimer_db/7K3S.pdb,1.0
7K7F,A,B,../../GraPPI_data/PDB/new_dimer_db/7K7F.pdb,1.0
7KLR,A,B,../../GraPPI_data/PDB/new_dimer_db/7KLR.pdb,1.0
7KN0,A,B,../../GraPPI_data/PDB/new_dimer_db/7KN0.pdb,1.0
7L8V,A,C,../../GraPPI_data/PDB/new_dimer_db/7L8V.pdb,1.0
7LL7,A,B,../../GraPPI_data/PDB/new_dimer_db/7LL7.pdb,1.0
7MLA,A,B,../../GraPPI_data/PDB/new_dimer_db/7MLA.pdb,1.0
7NQC,A,B,../../GraPPI_data/PDB/new_dimer_db/7NQC.pdb,1.0
7OJ9,B,A,../../GraPPI_data/PDB/new_dimer_db/7OJ9.pdb,1.0
7OVC,A,B,../../GraPPI_data/PDB/new_dimer_db/7OVC.pdb,1.0
7PJ1,A,B,../../GraPPI_data/PDB/new_dimer_db/7PJ1.pdb,1.0
7PKU,A,B,../../GraPPI_data/PDB/new_dimer_db/7PKU.pdb,1.0
7PLL,A,B,../../GraPPI_data/PDB/new_dimer_db/7PLL.pdb,1.0
7QDW,A,B,../../GraPPI_data/PDB/new_dimer_db/7QDW.pdb,1.0
7QS6,A,B,../../GraPPI_data/PDB/new_dimer_db/7QS6.pdb,1.0
7QUU,A,B,../../GraPPI_data/PDB/new_dimer_db/7QUU.pdb,1.0
7S5J,A,B,../../GraPPI_data/PDB/new_dimer_db/7S5J.pdb,1.0
7SFT,A,B,../../GraPPI_data/PDB/new_dimer_db/7SFT.pdb,1.0
7X5C,A,B,../../GraPPI_data/PDB/new_dimer_db/7X5C.pdb,1.0
7XFG,A,B,../../GraPPI_data/PDB/new_dimer_db/7XFG.pdb,1.0
7Y0I,A,B,../../GraPPI_data/PDB/new_dimer_db/7Y0I.pdb,1.0
7ZAX,A,B,../../GraPPI_data/PDB/new_dimer_db/7ZAX.pdb,1.0
7ZED,A,B,../../GraPPI_data/PDB/new_dimer_db/7ZED.pdb,1.0
7ZEY,A,B,../../GraPPI_data/PDB/new_dimer_db/7ZEY.pdb,1.0
8BA1,A,B,../../GraPPI_data/PDB/new_dimer_db/8BA1.pdb,1.0
8BSS,A,B,../../GraPPI_data/PDB/new_dimer_db/8BSS.pdb,1.0
8DDC,A,B,../../GraPPI_data/PDB/new_dimer_db/8DDC.pdb,1.0
8DDD,A,B,../../GraPPI_data/PDB/new_dimer_db/8DDD.pdb,1.0
8DGH,A,B,../../GraPPI_data/PDB/new_dimer_db/8DGH.pdb,1.0
8DGK,A,B,../../GraPPI_data/PDB/new_dimer_db/8DGK.pdb,1.0
8E1D,B,A,../../GraPPI_data/PDB/new_dimer_db/8E1D.pdb,1.0
8FG1,A,B,../../GraPPI_data/PDB/new_dimer_db/8FG1.pdb,1.0
8HEP,A,B,../../GraPPI_data/PDB/new_dimer_db/8HEP.pdb,1.0
8HEQ,A,B,../../GraPPI_data/PDB/new_dimer_db/8HEQ.pdb,1.0
8HER,A,B,../../GraPPI_data/PDB/new_dimer_db/8HER.pdb,1.0
8IVB,A,B,../../GraPPI_data/PDB/new_dimer_db/8IVB.pdb,1.0
8K2R,A,B,../../GraPPI_data/PDB/new_dimer_db/8K2R.pdb,1.0
8K2S,A,B,../../GraPPI_data/PDB/new_dimer_db/8K2S.pdb,1.0
8K31,A,B,../../GraPPI_data/PDB/new_dimer_db/8K31.pdb,1.0
8ONU,A,B,../../GraPPI_data/PDB/new_dimer_db/8ONU.pdb,1.0
8PXX,A,B,../../GraPPI_data/PDB/new_dimer_db/8PXX.pdb,1.0
8RAJ,A,B,../../GraPPI_data/PDB/new_dimer_db/8RAJ.pdb,1.0
8SG2,A,B,../../GraPPI_data/PDB/new_dimer_db/8SG2.pdb,1.0
8U9O,A,B,../../GraPPI_data/PDB/new_dimer_db/8U9O.pdb,1.0
8VOH,A,B,../../GraPPI_data/PDB/new_dimer_db/8VOH.pdb,1.0
8VOI,A,B,../../GraPPI_data/PDB/new_dimer_db/8VOI.pdb,1.0
8WLS,A,B,../../GraPPI_data/PDB/new_dimer_db/8WLS.pdb,1.0
8X8T,A,B,../../GraPPI_data/PDB/new_dimer_db/8X8T.pdb,1.0
8ZXC,A,B,../../GraPPI_data/PDB/new_dimer_db/8ZXC.pdb,1.0
9ATN,A,B,../../GraPPI_data/PDB/new_dimer_db/9ATN.pdb,1.0
9C5E,A,B,../../GraPPI_data/PDB/new_dimer_db/9C5E.pdb,1.0
9EZN,A,B,../../GraPPI_data/PDB/new_dimer_db/9EZN.pdb,1.0
9EZO,A,B,../../GraPPI_data/PDB/new_dimer_db/9EZO.pdb,1.0
9EZP,A,B,../../GraPPI_data/PDB/new_dimer_db/9EZP.pdb,1.0
9GRM,A,B,../../GraPPI_data/PDB/new_dimer_db/9GRM.pdb,1.0
9JO6,A,B,../../GraPPI_data/PDB/new_dimer_db/9JO6.pdb,1.0
9PQH,A,B,../../GraPPI_data/PDB/new_dimer_db/9PQH.pdb,1.0
9PQI,A,B,../../GraPPI_data/PDB/new_dimer_db/9PQI.pdb,1.0
9QLM,A,B,../../GraPPI_data/PDB/new_dimer_db/9QLM.pdb,1.0
9R3Y,A,B,../../GraPPI_data/PDB/new_dimer_db/9R3Y.pdb,1.0
9R4V,A,B,../../GraPPI_data/PDB/new_dimer_db/9R4V.pdb,1.0
9R4W,B,A,../../GraPPI_data/PDB/new_dimer_db/9R4W.pdb,1.0
1BR4,B,A,../../GraPPI_data/PDB/new_dimer_db/1BR4.pdb,1.0
1E8S,A,B,../../GraPPI_data/PDB/new_dimer_db/1E8S.pdb,1.0
1H6E,A,P,../../GraPPI_data/PDB/new_dimer_db/1H6E.pdb,1.0
1JKY,A,B,../../GraPPI_data/PDB/new_dimer_db/1JKY.pdb,1.0
2E32,A,B,../../GraPPI_data/PDB/new_dimer_db/2E32.pdb,1.0
2GY7,A,B,../../GraPPI_data/PDB/new_dimer_db/2GY7.pdb,1.0
2RFD,A,C,../../GraPPI_data/PDB/new_dimer_db/2RFD.pdb,1.0
2UZY,A,B,../../GraPPI_data/PDB/new_dimer_db/2UZY.pdb,1.0
2V55,B,A,../../GraPPI_data/PDB/new_dimer_db/2V55.pdb,1.0
2XXA,A,B,../../GraPPI_data/PDB/new_dimer_db/2XXA.pdb,1.0
2Y9Z,A,B,../../GraPPI_data/PDB/new_dimer_db/2Y9Z.pdb,1.0
3E1Y,A,F,../../GraPPI_data/PDB/new_dimer_db/3E1Y.pdb,1.0
3E9J,B,C,../../GraPPI_data/PDB/new_dimer_db/3E9J.pdb,1.0
3ENH,D,A,../../GraPPI_data/PDB/new_dimer_db/3ENH.pdb,1.0
3GGZ,A,E,../../GraPPI_data/PDB/new_dimer_db/3GGZ.pdb,1.0
3HJY,A,B,../../GraPPI_data/PDB/new_dimer_db/3HJY.pdb,1.0
3I4R,A,B,../../GraPPI_data/PDB/new_dimer_db/3I4R.pdb,1.0
3IOZ,A,B,../../GraPPI_data/PDB/new_dimer_db/3IOZ.pdb,1.0
3K72,A,B,../../GraPPI_data/PDB/new_dimer_db/3K72.pdb,1.0
3MX0,A,B,../../GraPPI_data/PDB/new_dimer_db/3MX0.pdb,1.0
3PHF,A,B,../../GraPPI_data/PDB/new_dimer_db/3PHF.pdb,1.0
3UM3,A,B,../../GraPPI_data/PDB/new_dimer_db/3UM3.pdb,1.0
3UUX,A,B,../../GraPPI_data/PDB/new_dimer_db/3UUX.pdb,1.0
3W3A,I,N,../../GraPPI_data/PDB/new_dimer_db/3W3A.pdb,1.0
3W5V,D,A,../../GraPPI_data/PDB/new_dimer_db/3W5V.pdb,1.0
3WHL,B,A,../../GraPPI_data/PDB/new_dimer_db/3WHL.pdb,1.0
3ZXU,B,A,../../GraPPI_data/PDB/new_dimer_db/3ZXU.pdb,1.0
4A0A,A,B,../../GraPPI_data/PDB/new_dimer_db/4A0A.pdb,1.0
4A3V,A,B,../../GraPPI_data/PDB/new_dimer_db/4A3V.pdb,1.0
4BDV,A,B,../../GraPPI_data/PDB/new_dimer_db/4BDV.pdb,1.0
4CV5,B,A,../../GraPPI_data/PDB/new_dimer_db/4CV5.pdb,1.0
4G5S,E,A,../../GraPPI_data/PDB/new_dimer_db/4G5S.pdb,1.0
4GBR,A,B,../../GraPPI_data/PDB/new_dimer_db/4GBR.pdb,1.0
4I2W,A,B,../../GraPPI_data/PDB/new_dimer_db/4I2W.pdb,1.0
4J23,A,B,../../GraPPI_data/PDB/new_dimer_db/4J23.pdb,1.0
4JT6,B,D,../../GraPPI_data/PDB/new_dimer_db/4JT6.pdb,1.0
4U4A,B,E,../../GraPPI_data/PDB/new_dimer_db/4U4A.pdb,1.0
4XT3,A,B,../../GraPPI_data/PDB/new_dimer_db/4XT3.pdb,1.0
4XZV,A,B,../../GraPPI_data/PDB/new_dimer_db/4XZV.pdb,1.0
5AJD,A,B,../../GraPPI_data/PDB/new_dimer_db/5AJD.pdb,1.0
5DMQ,A,B,../../GraPPI_data/PDB/new_dimer_db/5DMQ.pdb,1.0
5DO7,A,B,../../GraPPI_data/PDB/new_dimer_db/5DO7.pdb,1.0
5EKV,B,A,../../GraPPI_data/PDB/new_dimer_db/5EKV.pdb,1.0
5H2C,A,B,../../GraPPI_data/PDB/new_dimer_db/5H2C.pdb,1.0
5IGQ,A,U,../../GraPPI_data/PDB/new_dimer_db/5IGQ.pdb,1.0
5KL8,A,B,../../GraPPI_data/PDB/new_dimer_db/5KL8.pdb,1.0
5MZ6,1,B,../../GraPPI_data/PDB/new_dimer_db/5MZ6.pdb,1.0
5ND1,A,B,../../GraPPI_data/PDB/new_dimer_db/5ND1.pdb,1.0
5OBZ,A,B,../../GraPPI_data/PDB/new_dimer_db/5OBZ.pdb,1.0
5V0L,A,B,../../GraPPI_data/PDB/new_dimer_db/5V0L.pdb,1.0
5V6H,A,B,../../GraPPI_data/PDB/new_dimer_db/5V6H.pdb,1.0
5WG6,B,A,../../GraPPI_data/PDB/new_dimer_db/5WG6.pdb,1.0
5WHZ,L,H,../../GraPPI_data/PDB/new_dimer_db/5WHZ.pdb,1.0
5X6O,C,G,../../GraPPI_data/PDB/new_dimer_db/5X6O.pdb,1.0
5XKN,B,E,../../GraPPI_data/PDB/new_dimer_db/5XKN.pdb,1.0
6F4A,A,B,../../GraPPI_data/PDB/new_dimer_db/6F4A.pdb,1.0
6F7P,A,C,../../GraPPI_data/PDB/new_dimer_db/6F7P.pdb,1.0
6H8Q,A,G,../../GraPPI_data/PDB/new_dimer_db/6H8Q.pdb,1.0
6I8H,A,B,../../GraPPI_data/PDB/new_dimer_db/6I8H.pdb,1.0
6IXV,E,A,../../GraPPI_data/PDB/new_dimer_db/6IXV.pdb,1.0
6J5W,B,A,../../GraPPI_data/PDB/new_dimer_db/6J5W.pdb,1.0
6K2D,A,B,../../GraPPI_data/PDB/new_dimer_db/6K2D.pdb,1.0
6KYL,B,A,../../GraPPI_data/PDB/new_dimer_db/6KYL.pdb,1.0
6L6R,B,D,../../GraPPI_data/PDB/new_dimer_db/6L6R.pdb,1.0
6LOJ,A,B,../../GraPPI_data/PDB/new_dimer_db/6LOJ.pdb,1.0
6M49,A,B,../../GraPPI_data/PDB/new_dimer_db/6M49.pdb,1.0
6N50,E,A,../../GraPPI_data/PDB/new_dimer_db/6N50.pdb,1.0
6NPY,B,A,../../GraPPI_data/PDB/new_dimer_db/6NPY.pdb,1.0
6OEV,A,C,../../GraPPI_data/PDB/new_dimer_db/6OEV.pdb,1.0
6OIH,D,A,../../GraPPI_data/PDB/new_dimer_db/6OIH.pdb,1.0
6P4F,A,B,../../GraPPI_data/PDB/new_dimer_db/6P4F.pdb,1.0
6PZ9,C,D,../../GraPPI_data/PDB/new_dimer_db/6PZ9.pdb,1.0
6PZA,C,D,../../GraPPI_data/PDB/new_dimer_db/6PZA.pdb,1.0
6QF7,A,B,../../GraPPI_data/PDB/new_dimer_db/6QF7.pdb,1.0
6QU1,A,D,../../GraPPI_data/PDB/new_dimer_db/6QU1.pdb,1.0
6S8U,A,B,../../GraPPI_data/PDB/new_dimer_db/6S8U.pdb,1.0
6SEJ,A,B,../../GraPPI_data/PDB/new_dimer_db/6SEJ.pdb,1.0
6SKA,A,D,../../GraPPI_data/PDB/new_dimer_db/6SKA.pdb,1.0
6SXA,F,G,../../GraPPI_data/PDB/new_dimer_db/6SXA.pdb,1.0
6T1W,A,C,../../GraPPI_data/PDB/new_dimer_db/6T1W.pdb,1.0
6TCA,B,A,../../GraPPI_data/PDB/new_dimer_db/6TCA.pdb,1.0
6UO8,A,B,../../GraPPI_data/PDB/new_dimer_db/6UO8.pdb,1.0
6V0V,A,B,../../GraPPI_data/PDB/new_dimer_db/6V0V.pdb,1.0
6V6B,B,C,../../GraPPI_data/PDB/new_dimer_db/6V6B.pdb,1.0
6VK1,B,A,../../GraPPI_data/PDB/new_dimer_db/6VK1.pdb,1.0
6VK3,A,B,../../GraPPI_data/PDB/new_dimer_db/6VK3.pdb,1.0
6W5V,A,D,../../GraPPI_data/PDB/new_dimer_db/6W5V.pdb,1.0
6W8I,D,A,../../GraPPI_data/PDB/new_dimer_db/6W8I.pdb,1.0
6XMD,A,B,../../GraPPI_data/PDB/new_dimer_db/6XMD.pdb,1.0
6YRA,B,A,../../GraPPI_data/PDB/new_dimer_db/6YRA.pdb,1.0
6ZH6,A,B,../../GraPPI_data/PDB/new_dimer_db/6ZH6.pdb,1.0
7AKV,A,G,../../GraPPI_data/PDB/new_dimer_db/7AKV.pdb,1.0
7CEG,A,B,../../GraPPI_data/PDB/new_dimer_db/7CEG.pdb,1.0
7D5Q,A,C,../../GraPPI_data/PDB/new_dimer_db/7D5Q.pdb,1.0
7E2H,D,E,../../GraPPI_data/PDB/new_dimer_db/7E2H.pdb,1.0
7F4T,B,A,../../GraPPI_data/PDB/new_dimer_db/7F4T.pdb,1.0
7F7F,A,B,../../GraPPI_data/PDB/new_dimer_db/7F7F.pdb,1.0
7FG3,A,D,../../GraPPI_data/PDB/new_dimer_db/7FG3.pdb,1.0
7JL1,A,B,../../GraPPI_data/PDB/new_dimer_db/7JL1.pdb,1.0
7JLU,A,B,../../GraPPI_data/PDB/new_dimer_db/7JLU.pdb,1.0
7K7Y,A,D,../../GraPPI_data/PDB/new_dimer_db/7K7Y.pdb,1.0
7L4Z,B,S,../../GraPPI_data/PDB/new_dimer_db/7L4Z.pdb,1.0
7MVU,A,B,../../GraPPI_data/PDB/new_dimer_db/7MVU.pdb,1.0
7N88,A,B,../../GraPPI_data/PDB/new_dimer_db/7N88.pdb,1.0
7NS4,b,i,../../GraPPI_data/PDB/new_dimer_db/7NS4.pdb,1.0
7O2W,A,B,../../GraPPI_data/PDB/new_dimer_db/7O2W.pdb,1.0
7OIX,A,B,../../GraPPI_data/PDB/new_dimer_db/7OIX.pdb,1.0
7P14,A,B,../../GraPPI_data/PDB/new_dimer_db/7P14.pdb,1.0
7PDH,A,B,../../GraPPI_data/PDB/new_dimer_db/7PDH.pdb,1.0
7PQG,B,A,../../GraPPI_data/PDB/new_dimer_db/7PQG.pdb,1.0
7Q6I,D,F,../../GraPPI_data/PDB/new_dimer_db/7Q6I.pdb,1.0
7Q6Z,A,B,../../GraPPI_data/PDB/new_dimer_db/7Q6Z.pdb,1.0
7QO9,A,B,../../GraPPI_data/PDB/new_dimer_db/7QO9.pdb,1.0
7S8V,A,B,../../GraPPI_data/PDB/new_dimer_db/7S8V.pdb,1.0
7SLQ,A,B,../../GraPPI_data/PDB/new_dimer_db/7SLQ.pdb,1.0
7T7I,B,A,../../GraPPI_data/PDB/new_dimer_db/7T7I.pdb,1.0
7W0C,A,B,../../GraPPI_data/PDB/new_dimer_db/7W0C.pdb,1.0
7WPZ,A,B,../../GraPPI_data/PDB/new_dimer_db/7WPZ.pdb,1.0
7XHV,A,B,../../GraPPI_data/PDB/new_dimer_db/7XHV.pdb,1.0
7XVG,A,B,../../GraPPI_data/PDB/new_dimer_db/7XVG.pdb,1.0
7YR5,B,A,../../GraPPI_data/PDB/new_dimer_db/7YR5.pdb,1.0
7Z3Q,A,D,../../GraPPI_data/PDB/new_dimer_db/7Z3Q.pdb,1.0
7Z8S,D,E,../../GraPPI_data/PDB/new_dimer_db/7Z8S.pdb,1.0
7ZCH,B,A,../../GraPPI_data/PDB/new_dimer_db/7ZCH.pdb,1.0
7ZKE,D,E,../../GraPPI_data/PDB/new_dimer_db/7ZKE.pdb,1.0
7ZKI,6,7,../../GraPPI_data/PDB/new_dimer_db/7ZKI.pdb,1.0
7ZPJ,A,D,../../GraPPI_data/PDB/new_dimer_db/7ZPJ.pdb,1.0
7ZPK,A,C,../../GraPPI_data/PDB/new_dimer_db/7ZPK.pdb,1.0
7ZSC,A,C,../../GraPPI_data/PDB/new_dimer_db/7ZSC.pdb,1.0
8A2Q,A,B,../../GraPPI_data/PDB/new_dimer_db/8A2Q.pdb,1.0
8A8M,A,B,../../GraPPI_data/PDB/new_dimer_db/8A8M.pdb,1.0
8AW3,2,3,../../GraPPI_data/PDB/new_dimer_db/8AW3.pdb,1.0
8BOZ,B,A,../../GraPPI_data/PDB/new_dimer_db/8BOZ.pdb,1.0
8C5U,B,A,../../GraPPI_data/PDB/new_dimer_db/8C5U.pdb,1.0
8CUW,A,B,../../GraPPI_data/PDB/new_dimer_db/8CUW.pdb,1.0
8CXR,E,A,../../GraPPI_data/PDB/new_dimer_db/8CXR.pdb,1.0
8DGA,A,K,../../GraPPI_data/PDB/new_dimer_db/8DGA.pdb,1.0
8DGI,A,N,../../GraPPI_data/PDB/new_dimer_db/8DGI.pdb,1.0
8EDM,A,B,../../GraPPI_data/PDB/new_dimer_db/8EDM.pdb,1.0
8EFE,A,B,../../GraPPI_data/PDB/new_dimer_db/8EFE.pdb,1.0
8EFP,B,C,../../GraPPI_data/PDB/new_dimer_db/8EFP.pdb,1.0
8EGX,B,A,../../GraPPI_data/PDB/new_dimer_db/8EGX.pdb,1.0
8EI6,A,C,../../GraPPI_data/PDB/new_dimer_db/8EI6.pdb,1.0
8F7A,A,B,../../GraPPI_data/PDB/new_dimer_db/8F7A.pdb,1.0
8FAR,A,B,../../GraPPI_data/PDB/new_dimer_db/8FAR.pdb,1.0
8FUF,B,A,../../GraPPI_data/PDB/new_dimer_db/8FUF.pdb,1.0
8G0H,B,A,../../GraPPI_data/PDB/new_dimer_db/8G0H.pdb,1.0
8GZQ,A,B,../../GraPPI_data/PDB/new_dimer_db/8GZQ.pdb,1.0
8HBN,A,B,../../GraPPI_data/PDB/new_dimer_db/8HBN.pdb,1.0
8HIO,A,D,../../GraPPI_data/PDB/new_dimer_db/8HIO.pdb,1.0
8HR5,A,B,../../GraPPI_data/PDB/new_dimer_db/8HR5.pdb,1.0
8HUJ,A,B,../../GraPPI_data/PDB/new_dimer_db/8HUJ.pdb,1.0
8HXK,A,B,../../GraPPI_data/PDB/new_dimer_db/8HXK.pdb,1.0
8I4G,C,A,../../GraPPI_data/PDB/new_dimer_db/8I4G.pdb,1.0
8I4H,A,B,../../GraPPI_data/PDB/new_dimer_db/8I4H.pdb,1.0
8I6J,Q,C,../../GraPPI_data/PDB/new_dimer_db/8I6J.pdb,1.0
8J1R,A,C,../../GraPPI_data/PDB/new_dimer_db/8J1R.pdb,1.0
8JA0,A,D,../../GraPPI_data/PDB/new_dimer_db/8JA0.pdb,1.0
8JFW,A,D,../../GraPPI_data/PDB/new_dimer_db/8JFW.pdb,1.0
8K0E,A,B,../../GraPPI_data/PDB/new_dimer_db/8K0E.pdb,1.0
8K53,A,B,../../GraPPI_data/PDB/new_dimer_db/8K53.pdb,1.0
8KDF,A,B,../../GraPPI_data/PDB/new_dimer_db/8KDF.pdb,1.0
8KDJ,A,B,../../GraPPI_data/PDB/new_dimer_db/8KDJ.pdb,1.0
8ONT,A,B,../../GraPPI_data/PDB/new_dimer_db/8ONT.pdb,1.0
8OPT,A,B,../../GraPPI_data/PDB/new_dimer_db/8OPT.pdb,1.0
8OST,A,B,../../GraPPI_data/PDB/new_dimer_db/8OST.pdb,1.0
8PBY,A,B,../../GraPPI_data/PDB/new_dimer_db/8PBY.pdb,1.0
8QV6,A,B,../../GraPPI_data/PDB/new_dimer_db/8QV6.pdb,1.0
8R4C,C,A,../../GraPPI_data/PDB/new_dimer_db/8R4C.pdb,1.0
8R4D,A,B,../../GraPPI_data/PDB/new_dimer_db/8R4D.pdb,1.0
8RCQ,A,B,../../GraPPI_data/PDB/new_dimer_db/8RCQ.pdb,1.0
8S9I,A,G,../../GraPPI_data/PDB/new_dimer_db/8S9I.pdb,1.0
8SBB,A,B,../../GraPPI_data/PDB/new_dimer_db/8SBB.pdb,1.0
8SOB,A,B,../../GraPPI_data/PDB/new_dimer_db/8SOB.pdb,1.0
8SUF,C,G,../../GraPPI_data/PDB/new_dimer_db/8SUF.pdb,1.0
8T46,A,B,../../GraPPI_data/PDB/new_dimer_db/8T46.pdb,1.0
8TZH,B,A,../../GraPPI_data/PDB/new_dimer_db/8TZH.pdb,1.0
8U1B,A,C,../../GraPPI_data/PDB/new_dimer_db/8U1B.pdb,1.0
8U87,A,C,../../GraPPI_data/PDB/new_dimer_db/8U87.pdb,1.0
8UIC,K,T,../../GraPPI_data/PDB/new_dimer_db/8UIC.pdb,1.0
8UOA,A,B,../../GraPPI_data/PDB/new_dimer_db/8UOA.pdb,1.0
8WLJ,A,D,../../GraPPI_data/PDB/new_dimer_db/8WLJ.pdb,1.0
8WQD,D,G,../../GraPPI_data/PDB/new_dimer_db/8WQD.pdb,1.0
8WX5,A,B,../../GraPPI_data/PDB/new_dimer_db/8WX5.pdb,1.0
8X7N,A,B,../../GraPPI_data/PDB/new_dimer_db/8X7N.pdb,1.0
8XPY,A,B,../../GraPPI_data/PDB/new_dimer_db/8XPY.pdb,1.0
8XWM,D,R,../../GraPPI_data/PDB/new_dimer_db/8XWM.pdb,1.0
8Y8J,A,B,../../GraPPI_data/PDB/new_dimer_db/8Y8J.pdb,1.0
8YQQ,A,B,../../GraPPI_data/PDB/new_dimer_db/8YQQ.pdb,1.0
8Z8L,B,A,../../GraPPI_data/PDB/new_dimer_db/8Z8L.pdb,1.0
8ZIU,J,C,../../GraPPI_data/PDB/new_dimer_db/8ZIU.pdb,1.0
8ZRT,R,L,../../GraPPI_data/PDB/new_dimer_db/8ZRT.pdb,1.0
9AZ3,G,N,../../GraPPI_data/PDB/new_dimer_db/9AZ3.pdb,1.0
9B3H,A,B,../../GraPPI_data/PDB/new_dimer_db/9B3H.pdb,1.0
9B89,A,B,../../GraPPI_data/PDB/new_dimer_db/9B89.pdb,1.0
9CMH,A,B,../../GraPPI_data/PDB/new_dimer_db/9CMH.pdb,1.0
9DD0,C,D,../../GraPPI_data/PDB/new_dimer_db/9DD0.pdb,1.0
9DER,A,B,../../GraPPI_data/PDB/new_dimer_db/9DER.pdb,1.0
9DW5,A,G,../../GraPPI_data/PDB/new_dimer_db/9DW5.pdb,1.0
9ELG,A,C,../../GraPPI_data/PDB/new_dimer_db/9ELG.pdb,1.0
9EYD,A,B,../../GraPPI_data/PDB/new_dimer_db/9EYD.pdb,1.0
9F1R,A,B,../../GraPPI_data/PDB/new_dimer_db/9F1R.pdb,1.0
9F2J,B,A,../../GraPPI_data/PDB/new_dimer_db/9F2J.pdb,1.0
9F6O,A,B,../../GraPPI_data/PDB/new_dimer_db/9F6O.pdb,1.0
9FGS,C,E,../../GraPPI_data/PDB/new_dimer_db/9FGS.pdb,1.0
9FND,X,Y,../../GraPPI_data/PDB/new_dimer_db/9FND.pdb,1.0
9FTE,A,B,../../GraPPI_data/PDB/new_dimer_db/9FTE.pdb,1.0
9FYC,A,B,../../GraPPI_data/PDB/new_dimer_db/9FYC.pdb,1.0
9I1J,A,B,../../GraPPI_data/PDB/new_dimer_db/9I1J.pdb,1.0
9ISF,A,B,../../GraPPI_data/PDB/new_dimer_db/9ISF.pdb,1.0
9IVW,G,F,../../GraPPI_data/PDB/new_dimer_db/9IVW.pdb,1.0
9JXE,A,B,../../GraPPI_data/PDB/new_dimer_db/9JXE.pdb,1.0
9K3A,A,B,../../GraPPI_data/PDB/new_dimer_db/9K3A.pdb,1.0
9KB7,A,B,../../GraPPI_data/PDB/new_dimer_db/9KB7.pdb,1.0
9KBF,B,C,../../GraPPI_data/PDB/new_dimer_db/9KBF.pdb,1.0
9LCO,A,B,../../GraPPI_data/PDB/new_dimer_db/9LCO.pdb,1.0
9LCQ,A,B,../../GraPPI_data/PDB/new_dimer_db/9LCQ.pdb,1.0
9LKX,J,K,../../GraPPI_data/PDB/new_dimer_db/9LKX.pdb,1.0
9MPU,B,A,../../GraPPI_data/PDB/new_dimer_db/9MPU.pdb,1.0
9MXQ,A,B,../../GraPPI_data/PDB/new_dimer_db/9MXQ.pdb,1.0
9N10,A,B,../../GraPPI_data/PDB/new_dimer_db/9N10.pdb,1.0
9N2E,A,E,../../GraPPI_data/PDB/new_dimer_db/9N2E.pdb,1.0
9N64,A,B,../../GraPPI_data/PDB/new_dimer_db/9N64.pdb,1.0
9NDT,A,B,../../GraPPI_data/PDB/new_dimer_db/9NDT.pdb,1.0
9NFU,A,C,../../GraPPI_data/PDB/new_dimer_db/9NFU.pdb,1.0
9OA6,B,A,../../GraPPI_data/PDB/new_dimer_db/9OA6.pdb,1.0
6Q38,A,B,../../GraPPI_data/PDB/new_dimer_db/6Q38.pdb,1.0
6Q4Q,A,C,../../GraPPI_data/PDB/new_dimer_db/6Q4Q.pdb,1.0
7HP2,A,B,../../GraPPI_data/PDB/new_dimer_db/7HP2.pdb,1.0
8E0G,A,B,../../GraPPI_data/PDB/new_dimer_db/8E0G.pdb,1.0
8RQ9,A,B,../../GraPPI_data/PDB/new_dimer_db/8RQ9.pdb,1.0
8S62,B,A,../../GraPPI_data/PDB/new_dimer_db/8S62.pdb,1.0
8VEU,A,B,../../GraPPI_data/PDB/new_dimer_db/8VEU.pdb,1.0
8VJP,A,B,../../GraPPI_data/PDB/new_dimer_db/8VJP.pdb,1.0
8VOF,A,B,../../GraPPI_data/PDB/new_dimer_db/8VOF.pdb,1.0
8XF6,A,B,../../GraPPI_data/PDB/new_dimer_db/8XF6.pdb,1.0
8XFO,A,B,../../GraPPI_data/PDB/new_dimer_db/8XFO.pdb,1.0
8YT9,A,B,../../GraPPI_data/PDB/new_dimer_db/8YT9.pdb,1.0
8YTL,A,B,../../GraPPI_data/PDB/new_dimer_db/8YTL.pdb,1.0
8YU8,A,B,../../GraPPI_data/PDB/new_dimer_db/8YU8.pdb,1.0
8YWU,A,B,../../GraPPI_data/PDB/new_dimer_db/8YWU.pdb,1.0
8YWV,A,B,../../GraPPI_data/PDB/new_dimer_db/8YWV.pdb,1.0
9B5T,A,C,../../GraPPI_data/PDB/new_dimer_db/9B5T.pdb,1.0
9B9H,B,A,../../GraPPI_data/PDB/new_dimer_db/9B9H.pdb,1.0
9BA0,R,N,../../GraPPI_data/PDB/new_dimer_db/9BA0.pdb,1.0
9BFF,A,B,../../GraPPI_data/PDB/new_dimer_db/9BFF.pdb,1.0
9BGC,A,C,../../GraPPI_data/PDB/new_dimer_db/9BGC.pdb,1.0
9BVK,A,P,../../GraPPI_data/PDB/new_dimer_db/9BVK.pdb,1.0
9BVM,A,P,../../GraPPI_data/PDB/new_dimer_db/9BVM.pdb,1.0
9BVR,A,P,../../GraPPI_data/PDB/new_dimer_db/9BVR.pdb,1.0
9CS2,A,B,../../GraPPI_data/PDB/new_dimer_db/9CS2.pdb,1.0
9CSD,A,B,../../GraPPI_data/PDB/new_dimer_db/9CSD.pdb,1.0
9DC6,A,I,../../GraPPI_data/PDB/new_dimer_db/9DC6.pdb,1.0
9DLW,B,A,../../GraPPI_data/PDB/new_dimer_db/9DLW.pdb,1.0
9DMI,A,B,../../GraPPI_data/PDB/new_dimer_db/9DMI.pdb,1.0
9DTW,A,B,../../GraPPI_data/PDB/new_dimer_db/9DTW.pdb,1.0
9DUR,B,C,../../GraPPI_data/PDB/new_dimer_db/9DUR.pdb,1.0
9DXV,A,B,../../GraPPI_data/PDB/new_dimer_db/9DXV.pdb,1.0
9E3S,A,D,../../GraPPI_data/PDB/new_dimer_db/9E3S.pdb,1.0
9EMK,A,B,../../GraPPI_data/PDB/new_dimer_db/9EMK.pdb,1.0
9ET4,D,A,../../GraPPI_data/PDB/new_dimer_db/9ET4.pdb,1.0
9F9M,A,B,../../GraPPI_data/PDB/new_dimer_db/9F9M.pdb,1.0
9FXX,A,B,../../GraPPI_data/PDB/new_dimer_db/9FXX.pdb,1.0
9GAS,B,A,../../GraPPI_data/PDB/new_dimer_db/9GAS.pdb,1.0
9GC4,B,D,../../GraPPI_data/PDB/new_dimer_db/9GC4.pdb,1.0
9HJD,B,A,../../GraPPI_data/PDB/new_dimer_db/9HJD.pdb,1.0
9I1L,A,B,../../GraPPI_data/PDB/new_dimer_db/9I1L.pdb,1.0
9KUV,A,R,../../GraPPI_data/PDB/new_dimer_db/9KUV.pdb,1.0
9L0C,B,A,../../GraPPI_data/PDB/new_dimer_db/9L0C.pdb,1.0
9L23,A,B,../../GraPPI_data/PDB/new_dimer_db/9L23.pdb,1.0
9L24,A,B,../../GraPPI_data/PDB/new_dimer_db/9L24.pdb,1.0
9L25,A,B,../../GraPPI_data/PDB/new_dimer_db/9L25.pdb,1.0
9L54,A,B,../../GraPPI_data/PDB/new_dimer_db/9L54.pdb,1.0
9L6R,C,A,../../GraPPI_data/PDB/new_dimer_db/9L6R.pdb,1.0
9L6S,C,A,../../GraPPI_data/PDB/new_dimer_db/9L6S.pdb,1.0
9L8H,A,B,../../GraPPI_data/PDB/new_dimer_db/9L8H.pdb,1.0
9LHJ,A,D,../../GraPPI_data/PDB/new_dimer_db/9LHJ.pdb,1.0
9LQ3,A,C,../../GraPPI_data/PDB/new_dimer_db/9LQ3.pdb,1.0
9MQB,A,P,../../GraPPI_data/PDB/new_dimer_db/9MQB.pdb,1.0
9MQE,A,P,../../GraPPI_data/PDB/new_dimer_db/9MQE.pdb,1.0
9N9Y,A,B,../../GraPPI_data/PDB/new_dimer_db/9N9Y.pdb,1.0
9NEE,A,B,../../GraPPI_data/PDB/new_dimer_db/9NEE.pdb,1.0
9NEL,A,B,../../GraPPI_data/PDB/new_dimer_db/9NEL.pdb,1.0
9NYZ,A,B,../../GraPPI_data/PDB/new_dimer_db/9NYZ.pdb,1.0
9OB2,A,B,../../GraPPI_data/PDB/new_dimer_db/9OB2.pdb,1.0
9OC3,F,J,../../GraPPI_data/PDB/new_dimer_db/9OC3.pdb,1.0
9OHL,C,D,../../GraPPI_data/PDB/new_dimer_db/9OHL.pdb,1.0
9OHR,A,B,../../GraPPI_data/PDB/new_dimer_db/9OHR.pdb,1.0
9OUL,A,C,../../GraPPI_data/PDB/new_dimer_db/9OUL.pdb,1.0
9P2R,A,B,../../GraPPI_data/PDB/new_dimer_db/9P2R.pdb,1.0
9PQY,A,B,../../GraPPI_data/PDB/new_dimer_db/9PQY.pdb,1.0
9QX6,A,B,../../GraPPI_data/PDB/new_dimer_db/9QX6.pdb,1.0
9RS8,A,B,../../GraPPI_data/PDB/new_dimer_db/9RS8.pdb,1.0
9S3O,B,D,../../GraPPI_data/PDB/new_dimer_db/9S3O.pdb,1.0
9S71,A,B,../../GraPPI_data/PDB/new_dimer_db/9S71.pdb,1.0
9T5S,A,B,../../GraPPI_data/PDB/new_dimer_db/9T5S.pdb,1.0
9UAP,A,B,../../GraPPI_data/PDB/new_dimer_db/9UAP.pdb,1.0
9UGC,A,B,../../GraPPI_data/PDB/new_dimer_db/9UGC.pdb,1.0
9UTA,A,B,../../GraPPI_data/PDB/new_dimer_db/9UTA.pdb,1.0
9UTB,A,B,../../GraPPI_data/PDB/new_dimer_db/9UTB.pdb,1.0
9V8F,A,B,../../GraPPI_data/PDB/new_dimer_db/9V8F.pdb,1.0
9VZ0,H,I,../../GraPPI_data/PDB/new_dimer_db/9VZ0.pdb,1.0
9W4R,A,B,../../GraPPI_data/PDB/new_dimer_db/9W4R.pdb,1.0
9W4S,A,B,../../GraPPI_data/PDB/new_dimer_db/9W4S.pdb,1.0
9X2U,A,C,../../GraPPI_data/PDB/new_dimer_db/9X2U.pdb,1.0
9XDD,A,B,../../GraPPI_data/PDB/new_dimer_db/9XDD.pdb,1.0
9XZ1,A,B,../../GraPPI_data/PDB/new_dimer_db/9XZ1.pdb,1.0
9XZK,C,R,../../GraPPI_data/PDB/new_dimer_db/9XZK.pdb,1.0
9Y6C,A,B,../../GraPPI_data/PDB/new_dimer_db/9Y6C.pdb,1.0
9Y7D,B,C,../../GraPPI_data/PDB/new_dimer_db/9Y7D.pdb,1.0
9YR6,A,B,../../GraPPI_data/PDB/new_dimer_db/9YR6.pdb,1.0
4OUD,A,B,../../GraPPI_data/PDB/old_dimer_db/4OUD.pdb,1.0
4PC7,A,C,../../GraPPI_data/PDB/old_dimer_db/4PC7.pdb,1.0
6AHT,A,B,../../GraPPI_data/PDB/old_dimer_db/6AHT.pdb,1.0
4BK5,A,C,../../GraPPI_data/PDB/old_dimer_db/4BK5.pdb,1.0
4HXI,A,B,../../GraPPI_data/PDB/old_dimer_db/4HXI.pdb,1.0
4U7P,A,B,../../GraPPI_data/PDB/old_dimer_db/4U7P.pdb,1.0
6W3I,A,B,../../GraPPI_data/PDB/old_dimer_db/6W3I.pdb,1.0
12AS,A,B,../../GraPPI_data/PDB/old_dimer_db/12AS.pdb,1.0
1A4X,A,B,../../GraPPI_data/PDB/old_dimer_db/1A4X.pdb,1.0
1A7T,A,B,../../GraPPI_data/PDB/old_dimer_db/1A7T.pdb,1.0
1A8U,A,B,../../GraPPI_data/PDB/old_dimer_db/1A8U.pdb,1.0
1ADE,A,B,../../GraPPI_data/PDB/old_dimer_db/1ADE.pdb,1.0
1AG9,A,B,../../GraPPI_data/PDB/old_dimer_db/1AG9.pdb,1.0
1AIZ,A,B,../../GraPPI_data/PDB/old_dimer_db/1AIZ.pdb,1.0
1AUO,A,B,../../GraPPI_data/PDB/old_dimer_db/1AUO.pdb,1.0
1AZ3,A,B,../../GraPPI_data/PDB/old_dimer_db/1AZ3.pdb,1.0
1AZW,A,B,../../GraPPI_data/PDB/old_dimer_db/1AZW.pdb,1.0
1B5P,A,B,../../GraPPI_data/PDB/old_dimer_db/1B5P.pdb,1.0
1B9M,A,B,../../GraPPI_data/PDB/old_dimer_db/1B9M.pdb,1.0
1BKP,A,B,../../GraPPI_data/PDB/old_dimer_db/1BKP.pdb,1.0
1BU5,A,B,../../GraPPI_data/PDB/old_dimer_db/1BU5.pdb,1.0
1BXT,A,B,../../GraPPI_data/PDB/old_dimer_db/1BXT.pdb,1.0
1C3R,A,B,../../GraPPI_data/PDB/old_dimer_db/1C3R.pdb,1.0
1C77,A,B,../../GraPPI_data/PDB/old_dimer_db/1C77.pdb,1.0
1C9O,A,B,../../GraPPI_data/PDB/old_dimer_db/1C9O.pdb,1.0
1CBK,A,B,../../GraPPI_data/PDB/old_dimer_db/1CBK.pdb,1.0
1CI9,A,B,../../GraPPI_data/PDB/old_dimer_db/1CI9.pdb,1.0
1CKU,A,B,../../GraPPI_data/PDB/old_dimer_db/1CKU.pdb,1.0
1CMB,A,B,../../GraPPI_data/PDB/old_dimer_db/1CMB.pdb,1.0
1COZ,A,B,../../GraPPI_data/PDB/old_dimer_db/1COZ.pdb,1.0
1CRU,A,B,../../GraPPI_data/PDB/old_dimer_db/1CRU.pdb,1.0
1D0Q,A,B,../../GraPPI_data/PDB/old_dimer_db/1D0Q.pdb,1.0
1DBQ,A,B,../../GraPPI_data/PDB/old_dimer_db/1DBQ.pdb,1.0
1DJ0,A,B,../../GraPPI_data/PDB/old_dimer_db/1DJ0.pdb,1.0
1DJN,A,B,../../GraPPI_data/PDB/old_dimer_db/1DJN.pdb,1.0
1DKU,A,B,../../GraPPI_data/PDB/old_dimer_db/1DKU.pdb,1.0
1DL5,A,B,../../GraPPI_data/PDB/old_dimer_db/1DL5.pdb,1.0
1DPG,A,B,../../GraPPI_data/PDB/old_dimer_db/1DPG.pdb,1.0
1DQZ,A,B,../../GraPPI_data/PDB/old_dimer_db/1DQZ.pdb,1.0
1DXG,A,B,../../GraPPI_data/PDB/old_dimer_db/1DXG.pdb,1.0
1E5R,A,B,../../GraPPI_data/PDB/old_dimer_db/1E5R.pdb,1.0
1ECZ,A,B,../../GraPPI_data/PDB/old_dimer_db/1ECZ.pdb,1.0
1EE8,A,B,../../GraPPI_data/PDB/old_dimer_db/1EE8.pdb,1.0
1EEJ,A,B,../../GraPPI_data/PDB/old_dimer_db/1EEJ.pdb,1.0
1EG5,A,B,../../GraPPI_data/PDB/old_dimer_db/1EG5.pdb,1.0
1EGA,A,B,../../GraPPI_data/PDB/old_dimer_db/1EGA.pdb,1.0
1ETO,A,B,../../GraPPI_data/PDB/old_dimer_db/1ETO.pdb,1.0
1EV7,A,B,../../GraPPI_data/PDB/old_dimer_db/1EV7.pdb,1.0
1EWR,A,B,../../GraPPI_data/PDB/old_dimer_db/1EWR.pdb,1.0
1EYV,A,B,../../GraPPI_data/PDB/old_dimer_db/1EYV.pdb,1.0
1F0K,A,B,../../GraPPI_data/PDB/old_dimer_db/1F0K.pdb,1.0
1F1C,A,B,../../GraPPI_data/PDB/old_dimer_db/1F1C.pdb,1.0
1F46,A,B,../../GraPPI_data/PDB/old_dimer_db/1F46.pdb,1.0
1F5V,A,B,../../GraPPI_data/PDB/old_dimer_db/1F5V.pdb,1.0
1F9Z,A,B,../../GraPPI_data/PDB/old_dimer_db/1F9Z.pdb,1.0
1FC4,A,B,../../GraPPI_data/PDB/old_dimer_db/1FC4.pdb,1.0
1FJH,A,B,../../GraPPI_data/PDB/old_dimer_db/1FJH.pdb,1.0
1FLG,A,B,../../GraPPI_data/PDB/old_dimer_db/1FLG.pdb,1.0
1FOC,A,B,../../GraPPI_data/PDB/old_dimer_db/1FOC.pdb,1.0
1FQT,A,B,../../GraPPI_data/PDB/old_dimer_db/1FQT.pdb,1.0
1FT9,A,B,../../GraPPI_data/PDB/old_dimer_db/1FT9.pdb,1.0
1FUX,A,B,../../GraPPI_data/PDB/old_dimer_db/1FUX.pdb,1.0
1FVP,A,B,../../GraPPI_data/PDB/old_dimer_db/1FVP.pdb,1.0
1FXR,A,B,../../GraPPI_data/PDB/old_dimer_db/1FXR.pdb,1.0
1G57,A,B,../../GraPPI_data/PDB/old_dimer_db/1G57.pdb,1.0
1G60,A,B,../../GraPPI_data/PDB/old_dimer_db/1G60.pdb,1.0
1G8E,A,B,../../GraPPI_data/PDB/old_dimer_db/1G8E.pdb,1.0
1G8L,A,B,../../GraPPI_data/PDB/old_dimer_db/1G8L.pdb,1.0
1GAR,A,B,../../GraPPI_data/PDB/old_dimer_db/1GAR.pdb,1.0
1GDH,A,B,../../GraPPI_data/PDB/old_dimer_db/1GDH.pdb,1.0
1GGG,A,B,../../GraPPI_data/PDB/old_dimer_db/1GGG.pdb,1.0
1GOI,A,B,../../GraPPI_data/PDB/old_dimer_db/1GOI.pdb,1.0
1GQI,A,B,../../GraPPI_data/PDB/old_dimer_db/1GQI.pdb,1.0
1GYO,A,B,../../GraPPI_data/PDB/old_dimer_db/1GYO.pdb,1.0
1GYX,A,B,../../GraPPI_data/PDB/old_dimer_db/1GYX.pdb,1.0
1H3F,A,B,../../GraPPI_data/PDB/old_dimer_db/1H3F.pdb,1.0
1H54,A,B,../../GraPPI_data/PDB/old_dimer_db/1H54.pdb,1.0
1HKQ,A,B,../../GraPPI_data/PDB/old_dimer_db/1HKQ.pdb,1.0
1HRU,A,B,../../GraPPI_data/PDB/old_dimer_db/1HRU.pdb,1.0
1HSL,A,B,../../GraPPI_data/PDB/old_dimer_db/1HSL.pdb,1.0
1HUX,A,B,../../GraPPI_data/PDB/old_dimer_db/1HUX.pdb,1.0
1HW1,A,B,../../GraPPI_data/PDB/old_dimer_db/1HW1.pdb,1.0
1HXP,A,B,../../GraPPI_data/PDB/old_dimer_db/1HXP.pdb,1.0
1I4J,A,B,../../GraPPI_data/PDB/old_dimer_db/1I4J.pdb,1.0
1I4S,A,B,../../GraPPI_data/PDB/old_dimer_db/1I4S.pdb,1.0
1I58,A,B,../../GraPPI_data/PDB/old_dimer_db/1I58.pdb,1.0
1I5E,A,B,../../GraPPI_data/PDB/old_dimer_db/1I5E.pdb,1.0
1I69,A,B,../../GraPPI_data/PDB/old_dimer_db/1I69.pdb,1.0
1I8T,A,B,../../GraPPI_data/PDB/old_dimer_db/1I8T.pdb,1.0
1ID1,A,B,../../GraPPI_data/PDB/old_dimer_db/1ID1.pdb,1.0
1IGU,A,B,../../GraPPI_data/PDB/old_dimer_db/1IGU.pdb,1.0
1IQ6,A,B,../../GraPPI_data/PDB/old_dimer_db/1IQ6.pdb,1.0
1IRQ,A,B,../../GraPPI_data/PDB/old_dimer_db/1IRQ.pdb,1.0
1ISU,A,B,../../GraPPI_data/PDB/old_dimer_db/1ISU.pdb,1.0
1IUJ,A,B,../../GraPPI_data/PDB/old_dimer_db/1IUJ.pdb,1.0
1IUN,A,B,../../GraPPI_data/PDB/old_dimer_db/1IUN.pdb,1.0
1IXM,A,B,../../GraPPI_data/PDB/old_dimer_db/1IXM.pdb,1.0
1IZY,A,B,../../GraPPI_data/PDB/old_dimer_db/1IZY.pdb,1.0
1J3B,A,B,../../GraPPI_data/PDB/old_dimer_db/1J3B.pdb,1.0
1J3M,A,B,../../GraPPI_data/PDB/old_dimer_db/1J3M.pdb,1.0
1J5W,A,B,../../GraPPI_data/PDB/old_dimer_db/1J5W.pdb,1.0
1J9J,A,B,../../GraPPI_data/PDB/old_dimer_db/1J9J.pdb,1.0
1JGT,A,B,../../GraPPI_data/PDB/old_dimer_db/1JGT.pdb,1.0
1JIF,A,B,../../GraPPI_data/PDB/old_dimer_db/1JIF.pdb,1.0
1JUB,A,B,../../GraPPI_data/PDB/old_dimer_db/1JUB.pdb,1.0
1JYA,A,B,../../GraPPI_data/PDB/old_dimer_db/1JYA.pdb,1.0
1K0Z,A,B,../../GraPPI_data/PDB/old_dimer_db/1K0Z.pdb,1.0
1K20,A,B,../../GraPPI_data/PDB/old_dimer_db/1K20.pdb,1.0
1K3E,A,B,../../GraPPI_data/PDB/old_dimer_db/1K3E.pdb,1.0
1K3S,A,B,../../GraPPI_data/PDB/old_dimer_db/1K3S.pdb,1.0
1K66,A,B,../../GraPPI_data/PDB/old_dimer_db/1K66.pdb,1.0
1K68,A,B,../../GraPPI_data/PDB/old_dimer_db/1K68.pdb,1.0
1K6D,A,B,../../GraPPI_data/PDB/old_dimer_db/1K6D.pdb,1.0
1KAE,A,B,../../GraPPI_data/PDB/old_dimer_db/1KAE.pdb,1.0
1KCZ,A,B,../../GraPPI_data/PDB/old_dimer_db/1KCZ.pdb,1.0
1KGZ,A,B,../../GraPPI_data/PDB/old_dimer_db/1KGZ.pdb,1.0
1KNQ,A,B,../../GraPPI_data/PDB/old_dimer_db/1KNQ.pdb,1.0
1KOP,A,B,../../GraPPI_data/PDB/old_dimer_db/1KOP.pdb,1.0
1KQP,A,B,../../GraPPI_data/PDB/old_dimer_db/1KQP.pdb,1.0
1KUT,A,B,../../GraPPI_data/PDB/old_dimer_db/1KUT.pdb,1.0
1L0W,A,B,../../GraPPI_data/PDB/old_dimer_db/1L0W.pdb,1.0
1L4I,A,B,../../GraPPI_data/PDB/old_dimer_db/1L4I.pdb,1.0
1L5V,A,B,../../GraPPI_data/PDB/old_dimer_db/1L5V.pdb,1.0
1L5Y,A,B,../../GraPPI_data/PDB/old_dimer_db/1L5Y.pdb,1.0
1LQ9,A,B,../../GraPPI_data/PDB/old_dimer_db/1LQ9.pdb,1.0
1LWJ,A,B,../../GraPPI_data/PDB/old_dimer_db/1LWJ.pdb,1.0
1M2D,A,B,../../GraPPI_data/PDB/old_dimer_db/1M2D.pdb,1.0
1M4I,A,B,../../GraPPI_data/PDB/old_dimer_db/1M4I.pdb,1.0
1MIW,A,B,../../GraPPI_data/PDB/old_dimer_db/1MIW.pdb,1.0
1MK4,A,B,../../GraPPI_data/PDB/old_dimer_db/1MK4.pdb,1.0
1MKI,A,B,../../GraPPI_data/PDB/old_dimer_db/1MKI.pdb,1.0
1MKZ,A,B,../../GraPPI_data/PDB/old_dimer_db/1MKZ.pdb,1.0
1MRZ,A,B,../../GraPPI_data/PDB/old_dimer_db/1MRZ.pdb,1.0
1MU4,A,B,../../GraPPI_data/PDB/old_dimer_db/1MU4.pdb,1.0
1MWQ,A,B,../../GraPPI_data/PDB/old_dimer_db/1MWQ.pdb,1.0
1MZG,A,B,../../GraPPI_data/PDB/old_dimer_db/1MZG.pdb,1.0
1N1C,A,B,../../GraPPI_data/PDB/old_dimer_db/1N1C.pdb,1.0
1N2A,A,B,../../GraPPI_data/PDB/old_dimer_db/1N2A.pdb,1.0
1NA6,A,B,../../GraPPI_data/PDB/old_dimer_db/1NA6.pdb,1.0
1NCO,A,B,../../GraPPI_data/PDB/old_dimer_db/1NCO.pdb,1.0
1ND4,A,B,../../GraPPI_data/PDB/old_dimer_db/1ND4.pdb,1.0
1NP6,A,B,../../GraPPI_data/PDB/old_dimer_db/1NP6.pdb,1.0
1NS5,A,B,../../GraPPI_data/PDB/old_dimer_db/1NS5.pdb,1.0
1NSX,A,B,../../GraPPI_data/PDB/old_dimer_db/1NSX.pdb,1.0
1NY5,A,B,../../GraPPI_data/PDB/old_dimer_db/1NY5.pdb,1.0
1NYR,A,B,../../GraPPI_data/PDB/old_dimer_db/1NYR.pdb,1.0
1O0W,A,B,../../GraPPI_data/PDB/old_dimer_db/1O0W.pdb,1.0
1O4T,A,B,../../GraPPI_data/PDB/old_dimer_db/1O4T.pdb,1.0
1O4U,A,B,../../GraPPI_data/PDB/old_dimer_db/1O4U.pdb,1.0
1O5H,A,B,../../GraPPI_data/PDB/old_dimer_db/1O5H.pdb,1.0
1O8B,A,B,../../GraPPI_data/PDB/old_dimer_db/1O8B.pdb,1.0
1O9P,A,B,../../GraPPI_data/PDB/old_dimer_db/1O9P.pdb,1.0
1OAH,A,B,../../GraPPI_data/PDB/old_dimer_db/1OAH.pdb,1.0
1OI2,A,B,../../GraPPI_data/PDB/old_dimer_db/1OI2.pdb,1.0
1OI4,A,B,../../GraPPI_data/PDB/old_dimer_db/1OI4.pdb,1.0
1OKR,A,B,../../GraPPI_data/PDB/old_dimer_db/1OKR.pdb,1.0
1OME,A,B,../../GraPPI_data/PDB/old_dimer_db/1OME.pdb,1.0
1ON2,A,B,../../GraPPI_data/PDB/old_dimer_db/1ON2.pdb,1.0
1ORD,A,B,../../GraPPI_data/PDB/old_dimer_db/1ORD.pdb,1.0
1ORU,A,B,../../GraPPI_data/PDB/old_dimer_db/1ORU.pdb,1.0
1OTK,A,B,../../GraPPI_data/PDB/old_dimer_db/1OTK.pdb,1.0
1OV9,A,B,../../GraPPI_data/PDB/old_dimer_db/1OV9.pdb,1.0
1OX8,A,B,../../GraPPI_data/PDB/old_dimer_db/1OX8.pdb,1.0
1P74,A,B,../../GraPPI_data/PDB/old_dimer_db/1P74.pdb,1.0
1P91,A,B,../../GraPPI_data/PDB/old_dimer_db/1P91.pdb,1.0
1P9E,A,B,../../GraPPI_data/PDB/old_dimer_db/1P9E.pdb,1.0
1PIX,A,B,../../GraPPI_data/PDB/old_dimer_db/1PIX.pdb,1.0
1PKV,A,B,../../GraPPI_data/PDB/old_dimer_db/1PKV.pdb,1.0
1PM7,A,B,../../GraPPI_data/PDB/old_dimer_db/1PM7.pdb,1.0
1PPV,A,B,../../GraPPI_data/PDB/old_dimer_db/1PPV.pdb,1.0
1PSQ,A,B,../../GraPPI_data/PDB/old_dimer_db/1PSQ.pdb,1.0
1PT7,A,B,../../GraPPI_data/PDB/old_dimer_db/1PT7.pdb,1.0
1Q08,A,B,../../GraPPI_data/PDB/old_dimer_db/1Q08.pdb,1.0
1Q1E,A,B,../../GraPPI_data/PDB/old_dimer_db/1Q1E.pdb,1.0
1Q6H,A,B,../../GraPPI_data/PDB/old_dimer_db/1Q6H.pdb,1.0
1Q6O,A,B,../../GraPPI_data/PDB/old_dimer_db/1Q6O.pdb,1.0
1Q77,A,B,../../GraPPI_data/PDB/old_dimer_db/1Q77.pdb,1.0
1Q8R,A,B,../../GraPPI_data/PDB/old_dimer_db/1Q8R.pdb,1.0
1QC7,A,B,../../GraPPI_data/PDB/old_dimer_db/1QC7.pdb,1.0
1QE0,A,B,../../GraPPI_data/PDB/old_dimer_db/1QE0.pdb,1.0
1QKS,A,B,../../GraPPI_data/PDB/old_dimer_db/1QKS.pdb,1.0
1QLW,A,B,../../GraPPI_data/PDB/old_dimer_db/1QLW.pdb,1.0
1QO8,A,D,../../GraPPI_data/PDB/old_dimer_db/1QO8.pdb,1.0
1QPX,A,B,../../GraPPI_data/PDB/old_dimer_db/1QPX.pdb,1.0
1QQ5,A,B,../../GraPPI_data/PDB/old_dimer_db/1QQ5.pdb,1.0
1QVE,A,B,../../GraPPI_data/PDB/old_dimer_db/1QVE.pdb,1.0
1QWD,A,B,../../GraPPI_data/PDB/old_dimer_db/1QWD.pdb,1.0
1R1D,A,B,../../GraPPI_data/PDB/old_dimer_db/1R1D.pdb,1.0
1R1T,A,B,../../GraPPI_data/PDB/old_dimer_db/1R1T.pdb,1.0
1R30,A,B,../../GraPPI_data/PDB/old_dimer_db/1R30.pdb,1.0
1R5P,A,B,../../GraPPI_data/PDB/old_dimer_db/1R5P.pdb,1.0
1R61,A,B,../../GraPPI_data/PDB/old_dimer_db/1R61.pdb,1.0
1R7H,A,B,../../GraPPI_data/PDB/old_dimer_db/1R7H.pdb,1.0
1R7L,A,B,../../GraPPI_data/PDB/old_dimer_db/1R7L.pdb,1.0
1R8G,A,B,../../GraPPI_data/PDB/old_dimer_db/1R8G.pdb,1.0
1R8J,A,B,../../GraPPI_data/PDB/old_dimer_db/1R8J.pdb,1.0
1R9C,A,B,../../GraPPI_data/PDB/old_dimer_db/1R9C.pdb,1.0
1R9D,A,B,../../GraPPI_data/PDB/old_dimer_db/1R9D.pdb,1.0
1RKT,A,B,../../GraPPI_data/PDB/old_dimer_db/1RKT.pdb,1.0
1RKU,A,B,../../GraPPI_data/PDB/old_dimer_db/1RKU.pdb,1.0
1RW0,A,B,../../GraPPI_data/PDB/old_dimer_db/1RW0.pdb,1.0
1S3J,A,B,../../GraPPI_data/PDB/old_dimer_db/1S3J.pdb,1.0
1S4K,A,B,../../GraPPI_data/PDB/old_dimer_db/1S4K.pdb,1.0
1S99,A,B,../../GraPPI_data/PDB/old_dimer_db/1S99.pdb,1.0
1S9R,A,B,../../GraPPI_data/PDB/old_dimer_db/1S9R.pdb,1.0
1SEI,A,B,../../GraPPI_data/PDB/old_dimer_db/1SEI.pdb,1.0
1SFN,A,B,../../GraPPI_data/PDB/old_dimer_db/1SFN.pdb,1.0
1SMA,A,B,../../GraPPI_data/PDB/old_dimer_db/1SMA.pdb,1.0
1SPH,A,B,../../GraPPI_data/PDB/old_dimer_db/1SPH.pdb,1.0
1SQE,A,B,../../GraPPI_data/PDB/old_dimer_db/1SQE.pdb,1.0
1SQS,A,B,../../GraPPI_data/PDB/old_dimer_db/1SQS.pdb,1.0
1SQU,A,B,../../GraPPI_data/PDB/old_dimer_db/1SQU.pdb,1.0
1SS4,A,B,../../GraPPI_data/PDB/old_dimer_db/1SS4.pdb,1.0
1SU2,A,B,../../GraPPI_data/PDB/old_dimer_db/1SU2.pdb,1.0
1SWV,A,B,../../GraPPI_data/PDB/old_dimer_db/1SWV.pdb,1.0
1SZ2,A,B,../../GraPPI_data/PDB/old_dimer_db/1SZ2.pdb,1.0
1SZQ,A,B,../../GraPPI_data/PDB/old_dimer_db/1SZQ.pdb,1.0
1T11,A,B,../../GraPPI_data/PDB/old_dimer_db/1T11.pdb,1.0
1T33,A,B,../../GraPPI_data/PDB/old_dimer_db/1T33.pdb,1.0
1T47,A,B,../../GraPPI_data/PDB/old_dimer_db/1T47.pdb,1.0
1T4B,A,B,../../GraPPI_data/PDB/old_dimer_db/1T4B.pdb,1.0
1T62,A,B,../../GraPPI_data/PDB/old_dimer_db/1T62.pdb,1.0
1T6S,A,B,../../GraPPI_data/PDB/old_dimer_db/1T6S.pdb,1.0
1T6T,1,2,../../GraPPI_data/PDB/old_dimer_db/1T6T.pdb,1.0
1T92,A,B,../../GraPPI_data/PDB/old_dimer_db/1T92.pdb,1.0
1T98,A,B,../../GraPPI_data/PDB/old_dimer_db/1T98.pdb,1.0
1T9M,A,B,../../GraPPI_data/PDB/old_dimer_db/1T9M.pdb,1.0
1TE2,A,B,../../GraPPI_data/PDB/old_dimer_db/1TE2.pdb,1.0
1TE5,A,B,../../GraPPI_data/PDB/old_dimer_db/1TE5.pdb,1.0
1THT,A,B,../../GraPPI_data/PDB/old_dimer_db/1THT.pdb,1.0
1TJ7,A,B,../../GraPPI_data/PDB/old_dimer_db/1TJ7.pdb,1.0
1TM0,A,B,../../GraPPI_data/PDB/old_dimer_db/1TM0.pdb,1.0
1TO6,A,B,../../GraPPI_data/PDB/old_dimer_db/1TO6.pdb,1.0
1TV8,A,B,../../GraPPI_data/PDB/old_dimer_db/1TV8.pdb,1.0
1TVN,A,B,../../GraPPI_data/PDB/old_dimer_db/1TVN.pdb,1.0
1TZA,A,B,../../GraPPI_data/PDB/old_dimer_db/1TZA.pdb,1.0
1TZP,A,B,../../GraPPI_data/PDB/old_dimer_db/1TZP.pdb,1.0
1U07,A,B,../../GraPPI_data/PDB/old_dimer_db/1U07.pdb,1.0
1U1W,A,B,../../GraPPI_data/PDB/old_dimer_db/1U1W.pdb,1.0
1U5K,A,B,../../GraPPI_data/PDB/old_dimer_db/1U5K.pdb,1.0
1U6L,A,B,../../GraPPI_data/PDB/old_dimer_db/1U6L.pdb,1.0
1U6Z,A,B,../../GraPPI_data/PDB/old_dimer_db/1U6Z.pdb,1.0
1U7I,A,B,../../GraPPI_data/PDB/old_dimer_db/1U7I.pdb,1.0
1U8S,A,B,../../GraPPI_data/PDB/old_dimer_db/1U8S.pdb,1.0
1U9D,A,B,../../GraPPI_data/PDB/old_dimer_db/1U9D.pdb,1.0
1UCR,A,B,../../GraPPI_data/PDB/old_dimer_db/1UCR.pdb,1.0
1UI5,A,B,../../GraPPI_data/PDB/old_dimer_db/1UI5.pdb,1.0
1UJN,A,B,../../GraPPI_data/PDB/old_dimer_db/1UJN.pdb,1.0
1UKK,A,B,../../GraPPI_data/PDB/old_dimer_db/1UKK.pdb,1.0
1UMU,A,B,../../GraPPI_data/PDB/old_dimer_db/1UMU.pdb,1.0
1UN8,A,B,../../GraPPI_data/PDB/old_dimer_db/1UN8.pdb,1.0
1UQT,A,B,../../GraPPI_data/PDB/old_dimer_db/1UQT.pdb,1.0
1USC,A,B,../../GraPPI_data/PDB/old_dimer_db/1USC.pdb,1.0
1UV7,A,B,../../GraPPI_data/PDB/old_dimer_db/1UV7.pdb,1.0
1UWW,A,B,../../GraPPI_data/PDB/old_dimer_db/1UWW.pdb,1.0
1V13,A,B,../../GraPPI_data/PDB/old_dimer_db/1V13.pdb,1.0
1V1P,A,B,../../GraPPI_data/PDB/old_dimer_db/1V1P.pdb,1.0
1V47,A,B,../../GraPPI_data/PDB/old_dimer_db/1V47.pdb,1.0
1V4E,A,B,../../GraPPI_data/PDB/old_dimer_db/1V4E.pdb,1.0
1V4V,A,B,../../GraPPI_data/PDB/old_dimer_db/1V4V.pdb,1.0
1V5X,A,B,../../GraPPI_data/PDB/old_dimer_db/1V5X.pdb,1.0
1V6Z,A,B,../../GraPPI_data/PDB/old_dimer_db/1V6Z.pdb,1.0
1V8F,A,B,../../GraPPI_data/PDB/old_dimer_db/1V8F.pdb,1.0
1V8H,A,B,../../GraPPI_data/PDB/old_dimer_db/1V8H.pdb,1.0
1V9Y,A,B,../../GraPPI_data/PDB/old_dimer_db/1V9Y.pdb,1.0
1VA0,A,B,../../GraPPI_data/PDB/old_dimer_db/1VA0.pdb,1.0
1VC1,A,B,../../GraPPI_data/PDB/old_dimer_db/1VC1.pdb,1.0
1VH4,A,B,../../GraPPI_data/PDB/old_dimer_db/1VH4.pdb,1.0
1VH5,A,B,../../GraPPI_data/PDB/old_dimer_db/1VH5.pdb,1.0
1VH6,A,B,../../GraPPI_data/PDB/old_dimer_db/1VH6.pdb,1.0
1VHM,A,B,../../GraPPI_data/PDB/old_dimer_db/1VHM.pdb,1.0
1VHX,A,B,../../GraPPI_data/PDB/old_dimer_db/1VHX.pdb,1.0
1VIA,A,B,../../GraPPI_data/PDB/old_dimer_db/1VIA.pdb,1.0
1VIO,A,B,../../GraPPI_data/PDB/old_dimer_db/1VIO.pdb,1.0
1VJE,A,B,../../GraPPI_data/PDB/old_dimer_db/1VJE.pdb,1.0
1VJL,A,B,../../GraPPI_data/PDB/old_dimer_db/1VJL.pdb,1.0
1VKI,A,B,../../GraPPI_data/PDB/old_dimer_db/1VKI.pdb,1.0
1VKY,A,B,../../GraPPI_data/PDB/old_dimer_db/1VKY.pdb,1.0
1VL4,A,B,../../GraPPI_data/PDB/old_dimer_db/1VL4.pdb,1.0
1VL7,A,B,../../GraPPI_data/PDB/old_dimer_db/1VL7.pdb,1.0
1VLJ,A,B,../../GraPPI_data/PDB/old_dimer_db/1VLJ.pdb,1.0
1VM7,A,B,../../GraPPI_data/PDB/old_dimer_db/1VM7.pdb,1.0
1VQ0,A,B,../../GraPPI_data/PDB/old_dimer_db/1VQ0.pdb,1.0
1VR7,A,B,../../GraPPI_data/PDB/old_dimer_db/1VR7.pdb,1.0
1VZ6,A,B,../../GraPPI_data/PDB/old_dimer_db/1VZ6.pdb,1.0
1VZI,A,B,../../GraPPI_data/PDB/old_dimer_db/1VZI.pdb,1.0
1W25,A,B,../../GraPPI_data/PDB/old_dimer_db/1W25.pdb,1.0
1W2Y,A,B,../../GraPPI_data/PDB/old_dimer_db/1W2Y.pdb,1.0
1W33,A,B,../../GraPPI_data/PDB/old_dimer_db/1W33.pdb,1.0
1W5F,A,B,../../GraPPI_data/PDB/old_dimer_db/1W5F.pdb,1.0
1W5R,A,B,../../GraPPI_data/PDB/old_dimer_db/1W5R.pdb,1.0
1WIW,A,B,../../GraPPI_data/PDB/old_dimer_db/1WIW.pdb,1.0
1WKQ,A,B,../../GraPPI_data/PDB/old_dimer_db/1WKQ.pdb,1.0
1WOV,A,B,../../GraPPI_data/PDB/old_dimer_db/1WOV.pdb,1.0
1WPN,A,B,../../GraPPI_data/PDB/old_dimer_db/1WPN.pdb,1.0
1WTD,A,B,../../GraPPI_data/PDB/old_dimer_db/1WTD.pdb,1.0
1WV2,A,B,../../GraPPI_data/PDB/old_dimer_db/1WV2.pdb,1.0
1WV9,A,B,../../GraPPI_data/PDB/old_dimer_db/1WV9.pdb,1.0
1WWM,A,B,../../GraPPI_data/PDB/old_dimer_db/1WWM.pdb,1.0
1WWP,A,B,../../GraPPI_data/PDB/old_dimer_db/1WWP.pdb,1.0
1WX1,A,B,../../GraPPI_data/PDB/old_dimer_db/1WX1.pdb,1.0
1WY5,A,B,../../GraPPI_data/PDB/old_dimer_db/1WY5.pdb,1.0
1WZD,A,B,../../GraPPI_data/PDB/old_dimer_db/1WZD.pdb,1.0
1X13,A,B,../../GraPPI_data/PDB/old_dimer_db/1X13.pdb,1.0
1X6I,A,B,../../GraPPI_data/PDB/old_dimer_db/1X6I.pdb,1.0
1X7O,A,B,../../GraPPI_data/PDB/old_dimer_db/1X7O.pdb,1.0
1X87,A,B,../../GraPPI_data/PDB/old_dimer_db/1X87.pdb,1.0
1X94,A,B,../../GraPPI_data/PDB/old_dimer_db/1X94.pdb,1.0
1X9Z,A,B,../../GraPPI_data/PDB/old_dimer_db/1X9Z.pdb,1.0
1XAF,A,B,../../GraPPI_data/PDB/old_dimer_db/1XAF.pdb,1.0
1XDP,A,B,../../GraPPI_data/PDB/old_dimer_db/1XDP.pdb,1.0
1XFS,A,B,../../GraPPI_data/PDB/old_dimer_db/1XFS.pdb,1.0
1XMA,A,B,../../GraPPI_data/PDB/old_dimer_db/1XMA.pdb,1.0
1XNF,A,B,../../GraPPI_data/PDB/old_dimer_db/1XNF.pdb,1.0
1XQA,A,B,../../GraPPI_data/PDB/old_dimer_db/1XQA.pdb,1.0
1XVI,A,B,../../GraPPI_data/PDB/old_dimer_db/1XVI.pdb,1.0
1XVS,A,B,../../GraPPI_data/PDB/old_dimer_db/1XVS.pdb,1.0
1XX6,A,B,../../GraPPI_data/PDB/old_dimer_db/1XX6.pdb,1.0
1Y25,A,B,../../GraPPI_data/PDB/old_dimer_db/1Y25.pdb,1.0
1Y3T,A,B,../../GraPPI_data/PDB/old_dimer_db/1Y3T.pdb,1.0
1Y44,A,B,../../GraPPI_data/PDB/old_dimer_db/1Y44.pdb,1.0
1Y71,A,B,../../GraPPI_data/PDB/old_dimer_db/1Y71.pdb,1.0
1Y7M,A,B,../../GraPPI_data/PDB/old_dimer_db/1Y7M.pdb,1.0
1Y7R,A,B,../../GraPPI_data/PDB/old_dimer_db/1Y7R.pdb,1.0
1Y7T,A,B,../../GraPPI_data/PDB/old_dimer_db/1Y7T.pdb,1.0
1Y89,A,B,../../GraPPI_data/PDB/old_dimer_db/1Y89.pdb,1.0
1Y9B,A,B,../../GraPPI_data/PDB/old_dimer_db/1Y9B.pdb,1.0
1Y9W,A,B,../../GraPPI_data/PDB/old_dimer_db/1Y9W.pdb,1.0
1YBE,A,B,../../GraPPI_data/PDB/old_dimer_db/1YBE.pdb,1.0
1YBX,A,B,../../GraPPI_data/PDB/old_dimer_db/1YBX.pdb,1.0
1YBY,A,B,../../GraPPI_data/PDB/old_dimer_db/1YBY.pdb,1.0
1YDY,A,B,../../GraPPI_data/PDB/old_dimer_db/1YDY.pdb,1.0
1YKJ,A,B,../../GraPPI_data/PDB/old_dimer_db/1YKJ.pdb,1.0
1YKW,A,B,../../GraPPI_data/PDB/old_dimer_db/1YKW.pdb,1.0
1YLM,A,B,../../GraPPI_data/PDB/old_dimer_db/1YLM.pdb,1.0
1YLX,A,B,../../GraPPI_data/PDB/old_dimer_db/1YLX.pdb,1.0
1YS7,A,B,../../GraPPI_data/PDB/old_dimer_db/1YS7.pdb,1.0
1YSJ,A,B,../../GraPPI_data/PDB/old_dimer_db/1YSJ.pdb,1.0
1YUZ,A,B,../../GraPPI_data/PDB/old_dimer_db/1YUZ.pdb,1.0
1YV9,A,B,../../GraPPI_data/PDB/old_dimer_db/1YV9.pdb,1.0
1YW4,A,B,../../GraPPI_data/PDB/old_dimer_db/1YW4.pdb,1.0
1YW6,A,B,../../GraPPI_data/PDB/old_dimer_db/1YW6.pdb,1.0
1YYV,A,B,../../GraPPI_data/PDB/old_dimer_db/1YYV.pdb,1.0
1Z0X,A,B,../../GraPPI_data/PDB/old_dimer_db/1Z0X.pdb,1.0
1Z3A,A,B,../../GraPPI_data/PDB/old_dimer_db/1Z3A.pdb,1.0
1Z72,A,B,../../GraPPI_data/PDB/old_dimer_db/1Z72.pdb,1.0
1Z82,A,B,../../GraPPI_data/PDB/old_dimer_db/1Z82.pdb,1.0
1Z85,A,B,../../GraPPI_data/PDB/old_dimer_db/1Z85.pdb,1.0
1ZBO,A,B,../../GraPPI_data/PDB/old_dimer_db/1ZBO.pdb,1.0
1ZBR,A,B,../../GraPPI_data/PDB/old_dimer_db/1ZBR.pdb,1.0
1ZC6,A,B,../../GraPPI_data/PDB/old_dimer_db/1ZC6.pdb,1.0
1ZEE,A,B,../../GraPPI_data/PDB/old_dimer_db/1ZEE.pdb,1.0
1ZK8,A,B,../../GraPPI_data/PDB/old_dimer_db/1ZK8.pdb,1.0
1ZKD,A,B,../../GraPPI_data/PDB/old_dimer_db/1ZKD.pdb,1.0
1ZKI,A,B,../../GraPPI_data/PDB/old_dimer_db/1ZKI.pdb,1.0
1ZNO,A,B,../../GraPPI_data/PDB/old_dimer_db/1ZNO.pdb,1.0
1ZTV,A,B,../../GraPPI_data/PDB/old_dimer_db/1ZTV.pdb,1.0
1ZUP,A,B,../../GraPPI_data/PDB/old_dimer_db/1ZUP.pdb,1.0
1ZZG,A,B,../../GraPPI_data/PDB/old_dimer_db/1ZZG.pdb,1.0
2A35,A,B,../../GraPPI_data/PDB/old_dimer_db/2A35.pdb,1.0
2A5L,A,B,../../GraPPI_data/PDB/old_dimer_db/2A5L.pdb,1.0
2A6A,A,B,../../GraPPI_data/PDB/old_dimer_db/2A6A.pdb,1.0
2A6M,A,B,../../GraPPI_data/PDB/old_dimer_db/2A6M.pdb,1.0
2A6P,A,B,../../GraPPI_data/PDB/old_dimer_db/2A6P.pdb,1.0
2A9F,A,B,../../GraPPI_data/PDB/old_dimer_db/2A9F.pdb,1.0
2AA4,A,B,../../GraPPI_data/PDB/old_dimer_db/2AA4.pdb,1.0
2ABQ,A,B,../../GraPPI_data/PDB/old_dimer_db/2ABQ.pdb,1.0
2AFV,A,B,../../GraPPI_data/PDB/old_dimer_db/2AFV.pdb,1.0
2AJ7,A,B,../../GraPPI_data/PDB/old_dimer_db/2AJ7.pdb,1.0
2AQ6,A,B,../../GraPPI_data/PDB/old_dimer_db/2AQ6.pdb,1.0
2AQP,A,B,../../GraPPI_data/PDB/old_dimer_db/2AQP.pdb,1.0
2ARC,A,B,../../GraPPI_data/PDB/old_dimer_db/2ARC.pdb,1.0
2AUA,A,B,../../GraPPI_data/PDB/old_dimer_db/2AUA.pdb,1.0
2AUW,A,B,../../GraPPI_data/PDB/old_dimer_db/2AUW.pdb,1.0
2AVN,A,B,../../GraPPI_data/PDB/old_dimer_db/2AVN.pdb,1.0
2AVT,A,B,../../GraPPI_data/PDB/old_dimer_db/2AVT.pdb,1.0
2AXW,A,B,../../GraPPI_data/PDB/old_dimer_db/2AXW.pdb,1.0
2AY1,A,B,../../GraPPI_data/PDB/old_dimer_db/2AY1.pdb,1.0
2B6C,A,B,../../GraPPI_data/PDB/old_dimer_db/2B6C.pdb,1.0
2BAS,A,B,../../GraPPI_data/PDB/old_dimer_db/2BAS.pdb,1.0
2BC0,A,B,../../GraPPI_data/PDB/old_dimer_db/2BC0.pdb,1.0
2BDQ,A,B,../../GraPPI_data/PDB/old_dimer_db/2BDQ.pdb,1.0
2BDR,A,B,../../GraPPI_data/PDB/old_dimer_db/2BDR.pdb,1.0
2BE3,A,B,../../GraPPI_data/PDB/old_dimer_db/2BE3.pdb,1.0
2BSJ,A,B,../../GraPPI_data/PDB/old_dimer_db/2BSJ.pdb,1.0
2BTI,A,B,../../GraPPI_data/PDB/old_dimer_db/2BTI.pdb,1.0
2C1L,A,B,../../GraPPI_data/PDB/old_dimer_db/2C1L.pdb,1.0
2C40,A,B,../../GraPPI_data/PDB/old_dimer_db/2C40.pdb,1.0
2CC0,A,B,../../GraPPI_data/PDB/old_dimer_db/2CC0.pdb,1.0
2CH7,A,B,../../GraPPI_data/PDB/old_dimer_db/2CH7.pdb,1.0
2CO3,A,B,../../GraPPI_data/PDB/old_dimer_db/2CO3.pdb,1.0
2CTZ,A,B,../../GraPPI_data/PDB/old_dimer_db/2CTZ.pdb,1.0
2CU3,A,B,../../GraPPI_data/PDB/old_dimer_db/2CU3.pdb,1.0
2CU6,A,B,../../GraPPI_data/PDB/old_dimer_db/2CU6.pdb,1.0
2D1C,A,B,../../GraPPI_data/PDB/old_dimer_db/2D1C.pdb,1.0
2D1G,A,B,../../GraPPI_data/PDB/old_dimer_db/2D1G.pdb,1.0
2D2A,A,B,../../GraPPI_data/PDB/old_dimer_db/2D2A.pdb,1.0
2D4G,A,B,../../GraPPI_data/PDB/old_dimer_db/2D4G.pdb,1.0
2D6Y,A,B,../../GraPPI_data/PDB/old_dimer_db/2D6Y.pdb,1.0
2D73,A,B,../../GraPPI_data/PDB/old_dimer_db/2D73.pdb,1.0
2D7V,A,B,../../GraPPI_data/PDB/old_dimer_db/2D7V.pdb,1.0
2DCJ,A,B,../../GraPPI_data/PDB/old_dimer_db/2DCJ.pdb,1.0
2DDM,A,B,../../GraPPI_data/PDB/old_dimer_db/2DDM.pdb,1.0
2DFJ,A,B,../../GraPPI_data/PDB/old_dimer_db/2DFJ.pdb,1.0
2DI3,A,B,../../GraPPI_data/PDB/old_dimer_db/2DI3.pdb,1.0
2DLB,A,B,../../GraPPI_data/PDB/old_dimer_db/2DLB.pdb,1.0
2DS5,A,B,../../GraPPI_data/PDB/old_dimer_db/2DS5.pdb,1.0
2DSJ,A,B,../../GraPPI_data/PDB/old_dimer_db/2DSJ.pdb,1.0
2DST,A,B,../../GraPPI_data/PDB/old_dimer_db/2DST.pdb,1.0
2DT9,A,B,../../GraPPI_data/PDB/old_dimer_db/2DT9.pdb,1.0
2DVL,A,B,../../GraPPI_data/PDB/old_dimer_db/2DVL.pdb,1.0
2DY0,A,B,../../GraPPI_data/PDB/old_dimer_db/2DY0.pdb,1.0
2DZD,A,B,../../GraPPI_data/PDB/old_dimer_db/2DZD.pdb,1.0
2E0N,A,B,../../GraPPI_data/PDB/old_dimer_db/2E0N.pdb,1.0
2E12,A,B,../../GraPPI_data/PDB/old_dimer_db/2E12.pdb,1.0
2E1N,A,B,../../GraPPI_data/PDB/old_dimer_db/2E1N.pdb,1.0
2E2E,A,B,../../GraPPI_data/PDB/old_dimer_db/2E2E.pdb,1.0
2E4G,A,B,../../GraPPI_data/PDB/old_dimer_db/2E4G.pdb,1.0
2E5Y,A,B,../../GraPPI_data/PDB/old_dimer_db/2E5Y.pdb,1.0
2E7Y,A,B,../../GraPPI_data/PDB/old_dimer_db/2E7Y.pdb,1.0
2E85,A,B,../../GraPPI_data/PDB/old_dimer_db/2E85.pdb,1.0
2EAY,A,B,../../GraPPI_data/PDB/old_dimer_db/2EAY.pdb,1.0
2EBE,A,B,../../GraPPI_data/PDB/old_dimer_db/2EBE.pdb,1.0
2EGV,A,B,../../GraPPI_data/PDB/old_dimer_db/2EGV.pdb,1.0
2EGZ,A,C,../../GraPPI_data/PDB/old_dimer_db/2EGZ.pdb,1.0
2EHP,A,B,../../GraPPI_data/PDB/old_dimer_db/2EHP.pdb,1.0
2EK0,A,B,../../GraPPI_data/PDB/old_dimer_db/2EK0.pdb,1.0
2EKG,A,B,../../GraPPI_data/PDB/old_dimer_db/2EKG.pdb,1.0
2EL7,A,B,../../GraPPI_data/PDB/old_dimer_db/2EL7.pdb,1.0
2ESR,A,B,../../GraPPI_data/PDB/old_dimer_db/2ESR.pdb,1.0
2ETH,A,B,../../GraPPI_data/PDB/old_dimer_db/2ETH.pdb,1.0
2EUC,A,B,../../GraPPI_data/PDB/old_dimer_db/2EUC.pdb,1.0
2EV1,A,B,../../GraPPI_data/PDB/old_dimer_db/2EV1.pdb,1.0
2F00,A,B,../../GraPPI_data/PDB/old_dimer_db/2F00.pdb,1.0
2F07,A,B,../../GraPPI_data/PDB/old_dimer_db/2F07.pdb,1.0
2F1F,A,B,../../GraPPI_data/PDB/old_dimer_db/2F1F.pdb,1.0
2F22,A,B,../../GraPPI_data/PDB/old_dimer_db/2F22.pdb,1.0
2F2E,A,B,../../GraPPI_data/PDB/old_dimer_db/2F2E.pdb,1.0
2F3G,A,B,../../GraPPI_data/PDB/old_dimer_db/2F3G.pdb,1.0
2F48,A,B,../../GraPPI_data/PDB/old_dimer_db/2F48.pdb,1.0
2F96,A,B,../../GraPPI_data/PDB/old_dimer_db/2F96.pdb,1.0
2F9H,A,B,../../GraPPI_data/PDB/old_dimer_db/2F9H.pdb,1.0
2FBL,A,B,../../GraPPI_data/PDB/old_dimer_db/2FBL.pdb,1.0
2FCA,A,B,../../GraPPI_data/PDB/old_dimer_db/2FCA.pdb,1.0
2FCO,A,B,../../GraPPI_data/PDB/old_dimer_db/2FCO.pdb,1.0
2FE3,A,B,../../GraPPI_data/PDB/old_dimer_db/2FE3.pdb,1.0
2FE7,A,B,../../GraPPI_data/PDB/old_dimer_db/2FE7.pdb,1.0
2FFG,A,B,../../GraPPI_data/PDB/old_dimer_db/2FFG.pdb,1.0
2FFS,A,B,../../GraPPI_data/PDB/old_dimer_db/2FFS.pdb,1.0
2FG0,A,B,../../GraPPI_data/PDB/old_dimer_db/2FG0.pdb,1.0
2FGY,A,B,../../GraPPI_data/PDB/old_dimer_db/2FGY.pdb,1.0
2FIU,A,B,../../GraPPI_data/PDB/old_dimer_db/2FIU.pdb,1.0
2FLQ,A,B,../../GraPPI_data/PDB/old_dimer_db/2FLQ.pdb,1.0
2FML,A,B,../../GraPPI_data/PDB/old_dimer_db/2FML.pdb,1.0
2FN0,A,B,../../GraPPI_data/PDB/old_dimer_db/2FN0.pdb,1.0
2FP1,A,B,../../GraPPI_data/PDB/old_dimer_db/2FP1.pdb,1.0
2FPR,A,B,../../GraPPI_data/PDB/old_dimer_db/2FPR.pdb,1.0
2FQ1,A,B,../../GraPPI_data/PDB/old_dimer_db/2FQ1.pdb,1.0
2FRE,A,B,../../GraPPI_data/PDB/old_dimer_db/2FRE.pdb,1.0
2FRH,A,B,../../GraPPI_data/PDB/old_dimer_db/2FRH.pdb,1.0
2FT0,A,B,../../GraPPI_data/PDB/old_dimer_db/2FT0.pdb,1.0
2FTR,A,B,../../GraPPI_data/PDB/old_dimer_db/2FTR.pdb,1.0
2FU4,A,B,../../GraPPI_data/PDB/old_dimer_db/2FU4.pdb,1.0
2FYF,A,B,../../GraPPI_data/PDB/old_dimer_db/2FYF.pdb,1.0
2FYX,A,B,../../GraPPI_data/PDB/old_dimer_db/2FYX.pdb,1.0
2FZT,A,B,../../GraPPI_data/PDB/old_dimer_db/2FZT.pdb,1.0
2G0T,A,B,../../GraPPI_data/PDB/old_dimer_db/2G0T.pdb,1.0
2G6T,A,B,../../GraPPI_data/PDB/old_dimer_db/2G6T.pdb,1.0
2G8Y,A,B,../../GraPPI_data/PDB/old_dimer_db/2G8Y.pdb,1.0
2GFP,A,B,../../GraPPI_data/PDB/old_dimer_db/2GFP.pdb,1.0
2GJ3,A,B,../../GraPPI_data/PDB/old_dimer_db/2GJ3.pdb,1.0
2GJA,A,B,../../GraPPI_data/PDB/old_dimer_db/2GJA.pdb,1.0
2GK4,A,B,../../GraPPI_data/PDB/old_dimer_db/2GK4.pdb,1.0
2GKM,A,B,../../GraPPI_data/PDB/old_dimer_db/2GKM.pdb,1.0
2GKS,A,B,../../GraPPI_data/PDB/old_dimer_db/2GKS.pdb,1.0
2GLZ,A,B,../../GraPPI_data/PDB/old_dimer_db/2GLZ.pdb,1.0
2GOM,A,B,../../GraPPI_data/PDB/old_dimer_db/2GOM.pdb,1.0
2GS4,A,B,../../GraPPI_data/PDB/old_dimer_db/2GS4.pdb,1.0
2GS9,A,B,../../GraPPI_data/PDB/old_dimer_db/2GS9.pdb,1.0
2GSV,A,B,../../GraPPI_data/PDB/old_dimer_db/2GSV.pdb,1.0
2GU9,A,B,../../GraPPI_data/PDB/old_dimer_db/2GU9.pdb,1.0
2GUH,A,B,../../GraPPI_data/PDB/old_dimer_db/2GUH.pdb,1.0
2GUJ,A,B,../../GraPPI_data/PDB/old_dimer_db/2GUJ.pdb,1.0
2GWG,A,B,../../GraPPI_data/PDB/old_dimer_db/2GWG.pdb,1.0
2GZ6,A,B,../../GraPPI_data/PDB/old_dimer_db/2GZ6.pdb,1.0
2H1T,A,B,../../GraPPI_data/PDB/old_dimer_db/2H1T.pdb,1.0
2H6C,A,B,../../GraPPI_data/PDB/old_dimer_db/2H6C.pdb,1.0
2HA9,A,B,../../GraPPI_data/PDB/old_dimer_db/2HA9.pdb,1.0
2HBV,A,B,../../GraPPI_data/PDB/old_dimer_db/2HBV.pdb,1.0
2HI1,A,B,../../GraPPI_data/PDB/old_dimer_db/2HI1.pdb,1.0
2HIP,A,B,../../GraPPI_data/PDB/old_dimer_db/2HIP.pdb,1.0
2HIQ,A,B,../../GraPPI_data/PDB/old_dimer_db/2HIQ.pdb,1.0
2HJ0,A,B,../../GraPPI_data/PDB/old_dimer_db/2HJ0.pdb,1.0
2HJ1,A,B,../../GraPPI_data/PDB/old_dimer_db/2HJ1.pdb,1.0
2HKU,A,B,../../GraPPI_data/PDB/old_dimer_db/2HKU.pdb,1.0
2HO1,A,B,../../GraPPI_data/PDB/old_dimer_db/2HO1.pdb,1.0
2HQ9,A,B,../../GraPPI_data/PDB/old_dimer_db/2HQ9.pdb,1.0
2HQY,A,B,../../GraPPI_data/PDB/old_dimer_db/2HQY.pdb,1.0
2HXI,A,B,../../GraPPI_data/PDB/old_dimer_db/2HXI.pdb,1.0
2HXR,A,B,../../GraPPI_data/PDB/old_dimer_db/2HXR.pdb,1.0
2HXW,A,B,../../GraPPI_data/PDB/old_dimer_db/2HXW.pdb,1.0
2HZL,A,B,../../GraPPI_data/PDB/old_dimer_db/2HZL.pdb,1.0
2I02,A,B,../../GraPPI_data/PDB/old_dimer_db/2I02.pdb,1.0
2I10,A,B,../../GraPPI_data/PDB/old_dimer_db/2I10.pdb,1.0
2I33,A,B,../../GraPPI_data/PDB/old_dimer_db/2I33.pdb,1.0
2I3D,A,B,../../GraPPI_data/PDB/old_dimer_db/2I3D.pdb,1.0
2I51,A,B,../../GraPPI_data/PDB/old_dimer_db/2I51.pdb,1.0
2I6H,A,B,../../GraPPI_data/PDB/old_dimer_db/2I6H.pdb,1.0
2I76,A,B,../../GraPPI_data/PDB/old_dimer_db/2I76.pdb,1.0
2I7R,A,B,../../GraPPI_data/PDB/old_dimer_db/2I7R.pdb,1.0
2I8D,A,B,../../GraPPI_data/PDB/old_dimer_db/2I8D.pdb,1.0
2I9X,A,B,../../GraPPI_data/PDB/old_dimer_db/2I9X.pdb,1.0
2IA1,A,B,../../GraPPI_data/PDB/old_dimer_db/2IA1.pdb,1.0
2IAB,A,B,../../GraPPI_data/PDB/old_dimer_db/2IAB.pdb,1.0
2IB0,A,B,../../GraPPI_data/PDB/old_dimer_db/2IB0.pdb,1.0
2ID3,A,B,../../GraPPI_data/PDB/old_dimer_db/2ID3.pdb,1.0
2IFX,A,B,../../GraPPI_data/PDB/old_dimer_db/2IFX.pdb,1.0
2IG6,A,B,../../GraPPI_data/PDB/old_dimer_db/2IG6.pdb,1.0
2IGI,A,B,../../GraPPI_data/PDB/old_dimer_db/2IGI.pdb,1.0
2IJL,A,B,../../GraPPI_data/PDB/old_dimer_db/2IJL.pdb,1.0
2IKK,A,B,../../GraPPI_data/PDB/old_dimer_db/2IKK.pdb,1.0
2IMZ,A,B,../../GraPPI_data/PDB/old_dimer_db/2IMZ.pdb,1.0
2IN5,A,B,../../GraPPI_data/PDB/old_dimer_db/2IN5.pdb,1.0
2IO8,A,B,../../GraPPI_data/PDB/old_dimer_db/2IO8.pdb,1.0
2IP2,A,B,../../GraPPI_data/PDB/old_dimer_db/2IP2.pdb,1.0
2IQQ,A,B,../../GraPPI_data/PDB/old_dimer_db/2IQQ.pdb,1.0
2ISM,A,B,../../GraPPI_data/PDB/old_dimer_db/2ISM.pdb,1.0
2ISY,A,B,../../GraPPI_data/PDB/old_dimer_db/2ISY.pdb,1.0
2IU5,A,B,../../GraPPI_data/PDB/old_dimer_db/2IU5.pdb,1.0
2IYJ,A,B,../../GraPPI_data/PDB/old_dimer_db/2IYJ.pdb,1.0
2J0X,A,B,../../GraPPI_data/PDB/old_dimer_db/2J0X.pdb,1.0
2J5V,A,B,../../GraPPI_data/PDB/old_dimer_db/2J5V.pdb,1.0
2J6R,A,B,../../GraPPI_data/PDB/old_dimer_db/2J6R.pdb,1.0
2J80,A,B,../../GraPPI_data/PDB/old_dimer_db/2J80.pdb,1.0
2J8M,A,B,../../GraPPI_data/PDB/old_dimer_db/2J8M.pdb,1.0
2J8W,A,B,../../GraPPI_data/PDB/old_dimer_db/2J8W.pdb,1.0
2JAE,A,B,../../GraPPI_data/PDB/old_dimer_db/2JAE.pdb,1.0
2JAQ,A,B,../../GraPPI_data/PDB/old_dimer_db/2JAQ.pdb,1.0
2JFQ,A,B,../../GraPPI_data/PDB/old_dimer_db/2JFQ.pdb,1.0
2JJ7,A,B,../../GraPPI_data/PDB/old_dimer_db/2JJ7.pdb,1.0
2NP3,A,B,../../GraPPI_data/PDB/old_dimer_db/2NP3.pdb,1.0
2NQT,A,B,../../GraPPI_data/PDB/old_dimer_db/2NQT.pdb,1.0
2NRH,A,B,../../GraPPI_data/PDB/old_dimer_db/2NRH.pdb,1.0
2NTT,A,B,../../GraPPI_data/PDB/old_dimer_db/2NTT.pdb,1.0
2NVM,A,B,../../GraPPI_data/PDB/old_dimer_db/2NVM.pdb,1.0
2NX9,A,B,../../GraPPI_data/PDB/old_dimer_db/2NX9.pdb,1.0
2NXV,A,B,../../GraPPI_data/PDB/old_dimer_db/2NXV.pdb,1.0
2NYH,A,B,../../GraPPI_data/PDB/old_dimer_db/2NYH.pdb,1.0
2NYS,A,B,../../GraPPI_data/PDB/old_dimer_db/2NYS.pdb,1.0
2NZ5,A,B,../../GraPPI_data/PDB/old_dimer_db/2NZ5.pdb,1.0
2O2E,A,B,../../GraPPI_data/PDB/old_dimer_db/2O2E.pdb,1.0
2O38,A,B,../../GraPPI_data/PDB/old_dimer_db/2O38.pdb,1.0
2O3I,A,B,../../GraPPI_data/PDB/old_dimer_db/2O3I.pdb,1.0
2O4C,A,B,../../GraPPI_data/PDB/old_dimer_db/2O4C.pdb,1.0
2O5A,A,B,../../GraPPI_data/PDB/old_dimer_db/2O5A.pdb,1.0
2O5H,A,B,../../GraPPI_data/PDB/old_dimer_db/2O5H.pdb,1.0
2O7G,A,B,../../GraPPI_data/PDB/old_dimer_db/2O7G.pdb,1.0
2O8R,A,B,../../GraPPI_data/PDB/old_dimer_db/2O8R.pdb,1.0
2OAS,A,B,../../GraPPI_data/PDB/old_dimer_db/2OAS.pdb,1.0
2OB3,A,B,../../GraPPI_data/PDB/old_dimer_db/2OB3.pdb,1.0
2OD0,A,B,../../GraPPI_data/PDB/old_dimer_db/2OD0.pdb,1.0
2ODA,A,B,../../GraPPI_data/PDB/old_dimer_db/2ODA.pdb,1.0
2ODM,A,B,../../GraPPI_data/PDB/old_dimer_db/2ODM.pdb,1.0
2OER,A,B,../../GraPPI_data/PDB/old_dimer_db/2OER.pdb,1.0
2OFY,A,B,../../GraPPI_data/PDB/old_dimer_db/2OFY.pdb,1.0
2OGI,A,B,../../GraPPI_data/PDB/old_dimer_db/2OGI.pdb,1.0
2OKG,A,B,../../GraPPI_data/PDB/old_dimer_db/2OKG.pdb,1.0
2OKQ,A,B,../../GraPPI_data/PDB/old_dimer_db/2OKQ.pdb,1.0
2OKU,A,B,../../GraPPI_data/PDB/old_dimer_db/2OKU.pdb,1.0
2OL5,A,B,../../GraPPI_data/PDB/old_dimer_db/2OL5.pdb,1.0
2OLC,A,B,../../GraPPI_data/PDB/old_dimer_db/2OLC.pdb,1.0
2OLJ,A,B,../../GraPPI_data/PDB/old_dimer_db/2OLJ.pdb,1.0
2OMK,A,B,../../GraPPI_data/PDB/old_dimer_db/2OMK.pdb,1.0
2OOJ,A,B,../../GraPPI_data/PDB/old_dimer_db/2OOJ.pdb,1.0
2OOK,A,B,../../GraPPI_data/PDB/old_dimer_db/2OOK.pdb,1.0
2OPI,A,B,../../GraPPI_data/PDB/old_dimer_db/2OPI.pdb,1.0
2OPL,A,B,../../GraPPI_data/PDB/old_dimer_db/2OPL.pdb,1.0
2OTA,A,B,../../GraPPI_data/PDB/old_dimer_db/2OTA.pdb,1.0
2OU5,A,B,../../GraPPI_data/PDB/old_dimer_db/2OU5.pdb,1.0
2OUX,A,B,../../GraPPI_data/PDB/old_dimer_db/2OUX.pdb,1.0
2OVS,A,B,../../GraPPI_data/PDB/old_dimer_db/2OVS.pdb,1.0
2OWN,A,B,../../GraPPI_data/PDB/old_dimer_db/2OWN.pdb,1.0
2OWY,A,B,../../GraPPI_data/PDB/old_dimer_db/2OWY.pdb,1.0
2OXL,A,B,../../GraPPI_data/PDB/old_dimer_db/2OXL.pdb,1.0
2OY9,A,B,../../GraPPI_data/PDB/old_dimer_db/2OY9.pdb,1.0
2OZV,A,B,../../GraPPI_data/PDB/old_dimer_db/2OZV.pdb,1.0
2P08,A,B,../../GraPPI_data/PDB/old_dimer_db/2P08.pdb,1.0
2P0S,A,B,../../GraPPI_data/PDB/old_dimer_db/2P0S.pdb,1.0
2P11,A,B,../../GraPPI_data/PDB/old_dimer_db/2P11.pdb,1.0
2P12,A,B,../../GraPPI_data/PDB/old_dimer_db/2P12.pdb,1.0
2P13,A,B,../../GraPPI_data/PDB/old_dimer_db/2P13.pdb,1.0
2P1A,A,B,../../GraPPI_data/PDB/old_dimer_db/2P1A.pdb,1.0
2P35,A,B,../../GraPPI_data/PDB/old_dimer_db/2P35.pdb,1.0
2P3Y,A,B,../../GraPPI_data/PDB/old_dimer_db/2P3Y.pdb,1.0
2P4P,A,B,../../GraPPI_data/PDB/old_dimer_db/2P4P.pdb,1.0
2P8J,A,B,../../GraPPI_data/PDB/old_dimer_db/2P8J.pdb,1.0
2P97,A,B,../../GraPPI_data/PDB/old_dimer_db/2P97.pdb,1.0
2PAQ,A,B,../../GraPPI_data/PDB/old_dimer_db/2PAQ.pdb,1.0
2PCJ,A,B,../../GraPPI_data/PDB/old_dimer_db/2PCJ.pdb,1.0
2PFW,A,B,../../GraPPI_data/PDB/old_dimer_db/2PFW.pdb,1.0
2PH0,A,B,../../GraPPI_data/PDB/old_dimer_db/2PH0.pdb,1.0
2PIF,A,B,../../GraPPI_data/PDB/old_dimer_db/2PIF.pdb,1.0
2PIG,A,B,../../GraPPI_data/PDB/old_dimer_db/2PIG.pdb,1.0
2PIH,A,B,../../GraPPI_data/PDB/old_dimer_db/2PIH.pdb,1.0
2PIJ,A,B,../../GraPPI_data/PDB/old_dimer_db/2PIJ.pdb,1.0
2PJS,A,B,../../GraPPI_data/PDB/old_dimer_db/2PJS.pdb,1.0
2PK7,A,B,../../GraPPI_data/PDB/old_dimer_db/2PK7.pdb,1.0
2PL2,A,B,../../GraPPI_data/PDB/old_dimer_db/2PL2.pdb,1.0
2PLG,A,B,../../GraPPI_data/PDB/old_dimer_db/2PLG.pdb,1.0
2PQV,A,B,../../GraPPI_data/PDB/old_dimer_db/2PQV.pdb,1.0
2PRV,A,B,../../GraPPI_data/PDB/old_dimer_db/2PRV.pdb,1.0
2PRX,A,B,../../GraPPI_data/PDB/old_dimer_db/2PRX.pdb,1.0
2PUZ,A,B,../../GraPPI_data/PDB/old_dimer_db/2PUZ.pdb,1.0
2PV7,A,B,../../GraPPI_data/PDB/old_dimer_db/2PV7.pdb,1.0
2PZ0,A,B,../../GraPPI_data/PDB/old_dimer_db/2PZ0.pdb,1.0
2Q03,A,B,../../GraPPI_data/PDB/old_dimer_db/2Q03.pdb,1.0
2Q0L,A,B,../../GraPPI_data/PDB/old_dimer_db/2Q0L.pdb,1.0
2Q16,A,B,../../GraPPI_data/PDB/old_dimer_db/2Q16.pdb,1.0
2Q24,A,B,../../GraPPI_data/PDB/old_dimer_db/2Q24.pdb,1.0
2Q2I,A,B,../../GraPPI_data/PDB/old_dimer_db/2Q2I.pdb,1.0
2Q3L,A,B,../../GraPPI_data/PDB/old_dimer_db/2Q3L.pdb,1.0
2Q7X,A,B,../../GraPPI_data/PDB/old_dimer_db/2Q7X.pdb,1.0
2Q8V,A,B,../../GraPPI_data/PDB/old_dimer_db/2Q8V.pdb,1.0
2QE8,A,B,../../GraPPI_data/PDB/old_dimer_db/2QE8.pdb,1.0
2QE9,A,B,../../GraPPI_data/PDB/old_dimer_db/2QE9.pdb,1.0
2QF9,A,B,../../GraPPI_data/PDB/old_dimer_db/2QF9.pdb,1.0
2QHQ,A,B,../../GraPPI_data/PDB/old_dimer_db/2QHQ.pdb,1.0
2QIB,A,B,../../GraPPI_data/PDB/old_dimer_db/2QIB.pdb,1.0
2QJ8,A,B,../../GraPPI_data/PDB/old_dimer_db/2QJ8.pdb,1.0
2QLW,A,B,../../GraPPI_data/PDB/old_dimer_db/2QLW.pdb,1.0
2QM0,A,B,../../GraPPI_data/PDB/old_dimer_db/2QM0.pdb,1.0
2QMX,A,B,../../GraPPI_data/PDB/old_dimer_db/2QMX.pdb,1.0
2QNE,A,B,../../GraPPI_data/PDB/old_dimer_db/2QNE.pdb,1.0
2QNU,A,B,../../GraPPI_data/PDB/old_dimer_db/2QNU.pdb,1.0
2QPV,A,B,../../GraPPI_data/PDB/old_dimer_db/2QPV.pdb,1.0
2QQZ,A,B,../../GraPPI_data/PDB/old_dimer_db/2QQZ.pdb,1.0
2QSI,A,B,../../GraPPI_data/PDB/old_dimer_db/2QSI.pdb,1.0
2QSJ,A,B,../../GraPPI_data/PDB/old_dimer_db/2QSJ.pdb,1.0
2QSX,A,B,../../GraPPI_data/PDB/old_dimer_db/2QSX.pdb,1.0
2QV0,A,B,../../GraPPI_data/PDB/old_dimer_db/2QV0.pdb,1.0
2QVH,A,B,../../GraPPI_data/PDB/old_dimer_db/2QVH.pdb,1.0
2QWV,A,B,../../GraPPI_data/PDB/old_dimer_db/2QWV.pdb,1.0
2QX0,A,B,../../GraPPI_data/PDB/old_dimer_db/2QX0.pdb,1.0
2QYC,A,B,../../GraPPI_data/PDB/old_dimer_db/2QYC.pdb,1.0
2QYV,A,B,../../GraPPI_data/PDB/old_dimer_db/2QYV.pdb,1.0
2R1F,A,B,../../GraPPI_data/PDB/old_dimer_db/2R1F.pdb,1.0
2R2C,A,B,../../GraPPI_data/PDB/old_dimer_db/2R2C.pdb,1.0
2R6Z,A,B,../../GraPPI_data/PDB/old_dimer_db/2R6Z.pdb,1.0
2R76,A,B,../../GraPPI_data/PDB/old_dimer_db/2R76.pdb,1.0
2R7H,A,B,../../GraPPI_data/PDB/old_dimer_db/2R7H.pdb,1.0
2RAS,A,B,../../GraPPI_data/PDB/old_dimer_db/2RAS.pdb,1.0
2RB7,A,B,../../GraPPI_data/PDB/old_dimer_db/2RB7.pdb,1.0
2RBB,A,B,../../GraPPI_data/PDB/old_dimer_db/2RBB.pdb,1.0
2RDC,A,B,../../GraPPI_data/PDB/old_dimer_db/2RDC.pdb,1.0
2RDE,A,B,../../GraPPI_data/PDB/old_dimer_db/2RDE.pdb,1.0
2REK,A,B,../../GraPPI_data/PDB/old_dimer_db/2REK.pdb,1.0
2RGO,A,B,../../GraPPI_data/PDB/old_dimer_db/2RGO.pdb,1.0
2RK9,A,B,../../GraPPI_data/PDB/old_dimer_db/2RK9.pdb,1.0
2UVK,A,B,../../GraPPI_data/PDB/old_dimer_db/2UVK.pdb,1.0
2UXU,A,B,../../GraPPI_data/PDB/old_dimer_db/2UXU.pdb,1.0
2V27,A,B,../../GraPPI_data/PDB/old_dimer_db/2V27.pdb,1.0
2V42,A,B,../../GraPPI_data/PDB/old_dimer_db/2V42.pdb,1.0
2V6K,A,B,../../GraPPI_data/PDB/old_dimer_db/2V6K.pdb,1.0
2VBF,A,B,../../GraPPI_data/PDB/old_dimer_db/2VBF.pdb,1.0
2VGX,A,B,../../GraPPI_data/PDB/old_dimer_db/2VGX.pdb,1.0
2VHA,A,B,../../GraPPI_data/PDB/old_dimer_db/2VHA.pdb,1.0
2VHB,A,B,../../GraPPI_data/PDB/old_dimer_db/2VHB.pdb,1.0
2VID,A,B,../../GraPPI_data/PDB/old_dimer_db/2VID.pdb,1.0
2VKJ,A,B,../../GraPPI_data/PDB/old_dimer_db/2VKJ.pdb,1.0
2VOC,A,B,../../GraPPI_data/PDB/old_dimer_db/2VOC.pdb,1.0
2VT3,A,B,../../GraPPI_data/PDB/old_dimer_db/2VT3.pdb,1.0
2W1T,A,B,../../GraPPI_data/PDB/old_dimer_db/2W1T.pdb,1.0
2W31,A,B,../../GraPPI_data/PDB/old_dimer_db/2W31.pdb,1.0
2W3G,A,B,../../GraPPI_data/PDB/old_dimer_db/2W3G.pdb,1.0
2W3P,A,B,../../GraPPI_data/PDB/old_dimer_db/2W3P.pdb,1.0
2W4E,A,B,../../GraPPI_data/PDB/old_dimer_db/2W4E.pdb,1.0
2W57,A,B,../../GraPPI_data/PDB/old_dimer_db/2W57.pdb,1.0
2W58,A,B,../../GraPPI_data/PDB/old_dimer_db/2W58.pdb,1.0
2W5V,A,B,../../GraPPI_data/PDB/old_dimer_db/2W5V.pdb,1.0
2W7Z,A,B,../../GraPPI_data/PDB/old_dimer_db/2W7Z.pdb,1.0
2W9X,A,B,../../GraPPI_data/PDB/old_dimer_db/2W9X.pdb,1.0
2WCR,A,B,../../GraPPI_data/PDB/old_dimer_db/2WCR.pdb,1.0
2WGB,A,B,../../GraPPI_data/PDB/old_dimer_db/2WGB.pdb,1.0
2WJ9,A,B,../../GraPPI_data/PDB/old_dimer_db/2WJ9.pdb,1.0
2WNW,A,B,../../GraPPI_data/PDB/old_dimer_db/2WNW.pdb,1.0
2WP4,A,B,../../GraPPI_data/PDB/old_dimer_db/2WP4.pdb,1.0
2WT9,A,B,../../GraPPI_data/PDB/old_dimer_db/2WT9.pdb,1.0
2WTP,A,B,../../GraPPI_data/PDB/old_dimer_db/2WTP.pdb,1.0
2WUQ,A,B,../../GraPPI_data/PDB/old_dimer_db/2WUQ.pdb,1.0
2WVF,A,B,../../GraPPI_data/PDB/old_dimer_db/2WVF.pdb,1.0
2WVL,A,B,../../GraPPI_data/PDB/old_dimer_db/2WVL.pdb,1.0
2WW4,A,B,../../GraPPI_data/PDB/old_dimer_db/2WW4.pdb,1.0
2WXB,A,B,../../GraPPI_data/PDB/old_dimer_db/2WXB.pdb,1.0
2X0D,A,B,../../GraPPI_data/PDB/old_dimer_db/2X0D.pdb,1.0
2X3B,A,B,../../GraPPI_data/PDB/old_dimer_db/2X3B.pdb,1.0
2X3J,A,B,../../GraPPI_data/PDB/old_dimer_db/2X3J.pdb,1.0
2X3O,A,B,../../GraPPI_data/PDB/old_dimer_db/2X3O.pdb,1.0
2X65,A,B,../../GraPPI_data/PDB/old_dimer_db/2X65.pdb,1.0
2XGA,A,B,../../GraPPI_data/PDB/old_dimer_db/2XGA.pdb,1.0
2XHK,A,B,../../GraPPI_data/PDB/old_dimer_db/2XHK.pdb,1.0
2XI8,A,B,../../GraPPI_data/PDB/old_dimer_db/2XI8.pdb,1.0
2XIT,A,B,../../GraPPI_data/PDB/old_dimer_db/2XIT.pdb,1.0
2XL9,A,B,../../GraPPI_data/PDB/old_dimer_db/2XL9.pdb,1.0
2XQ2,A,B,../../GraPPI_data/PDB/old_dimer_db/2XQ2.pdb,1.0
2XR4,A,B,../../GraPPI_data/PDB/old_dimer_db/2XR4.pdb,1.0
2XT2,A,B,../../GraPPI_data/PDB/old_dimer_db/2XT2.pdb,1.0
2XUA,A,H,../../GraPPI_data/PDB/old_dimer_db/2XUA.pdb,1.0
2XWX,A,B,../../GraPPI_data/PDB/old_dimer_db/2XWX.pdb,1.0
2Y2H,A,B,../../GraPPI_data/PDB/old_dimer_db/2Y2H.pdb,1.0
2Y30,A,B,../../GraPPI_data/PDB/old_dimer_db/2Y30.pdb,1.0
2Y3S,A,B,../../GraPPI_data/PDB/old_dimer_db/2Y3S.pdb,1.0
2Y4J,A,B,../../GraPPI_data/PDB/old_dimer_db/2Y4J.pdb,1.0
2Y4O,A,B,../../GraPPI_data/PDB/old_dimer_db/2Y4O.pdb,1.0
2YFA,A,B,../../GraPPI_data/PDB/old_dimer_db/2YFA.pdb,1.0
2YJG,A,B,../../GraPPI_data/PDB/old_dimer_db/2YJG.pdb,1.0
2YVE,A,B,../../GraPPI_data/PDB/old_dimer_db/2YVE.pdb,1.0
2YVS,A,B,../../GraPPI_data/PDB/old_dimer_db/2YVS.pdb,1.0
2YWL,A,B,../../GraPPI_data/PDB/old_dimer_db/2YWL.pdb,1.0
2YWV,A,B,../../GraPPI_data/PDB/old_dimer_db/2YWV.pdb,1.0
2YXH,A,B,../../GraPPI_data/PDB/old_dimer_db/2YXH.pdb,1.0
2YYU,A,B,../../GraPPI_data/PDB/old_dimer_db/2YYU.pdb,1.0
2YYV,A,B,../../GraPPI_data/PDB/old_dimer_db/2YYV.pdb,1.0
2Z1Q,A,B,../../GraPPI_data/PDB/old_dimer_db/2Z1Q.pdb,1.0
2Z87,A,B,../../GraPPI_data/PDB/old_dimer_db/2Z87.pdb,1.0
2ZB9,A,B,../../GraPPI_data/PDB/old_dimer_db/2ZB9.pdb,1.0
2ZBW,A,B,../../GraPPI_data/PDB/old_dimer_db/2ZBW.pdb,1.0
2ZCM,A,B,../../GraPPI_data/PDB/old_dimer_db/2ZCM.pdb,1.0
2ZGY,A,B,../../GraPPI_data/PDB/old_dimer_db/2ZGY.pdb,1.0
2ZIG,A,B,../../GraPPI_data/PDB/old_dimer_db/2ZIG.pdb,1.0
2ZJT,A,B,../../GraPPI_data/PDB/old_dimer_db/2ZJT.pdb,1.0
2ZOD,A,B,../../GraPPI_data/PDB/old_dimer_db/2ZOD.pdb,1.0
2ZSG,A,B,../../GraPPI_data/PDB/old_dimer_db/2ZSG.pdb,1.0
2ZUV,A,B,../../GraPPI_data/PDB/old_dimer_db/2ZUV.pdb,1.0
2ZVD,A,C,../../GraPPI_data/PDB/old_dimer_db/2ZVD.pdb,1.0
2ZW5,A,B,../../GraPPI_data/PDB/old_dimer_db/2ZW5.pdb,1.0
2ZXH,A,B,../../GraPPI_data/PDB/old_dimer_db/2ZXH.pdb,1.0
2ZYD,A,B,../../GraPPI_data/PDB/old_dimer_db/2ZYD.pdb,1.0
2ZYQ,A,B,../../GraPPI_data/PDB/old_dimer_db/2ZYQ.pdb,1.0
2ZZ8,A,B,../../GraPPI_data/PDB/old_dimer_db/2ZZ8.pdb,1.0
3A06,A,B,../../GraPPI_data/PDB/old_dimer_db/3A06.pdb,1.0
3A3D,A,B,../../GraPPI_data/PDB/old_dimer_db/3A3D.pdb,1.0
3A6M,A,B,../../GraPPI_data/PDB/old_dimer_db/3A6M.pdb,1.0
3AB8,A,B,../../GraPPI_data/PDB/old_dimer_db/3AB8.pdb,1.0
3AGD,A,B,../../GraPPI_data/PDB/old_dimer_db/3AGD.pdb,1.0
3AKJ,A,B,../../GraPPI_data/PDB/old_dimer_db/3AKJ.pdb,1.0
3APT,A,B,../../GraPPI_data/PDB/old_dimer_db/3APT.pdb,1.0
3AQT,A,B,../../GraPPI_data/PDB/old_dimer_db/3AQT.pdb,1.0
3B42,A,B,../../GraPPI_data/PDB/old_dimer_db/3B42.pdb,1.0
3B4Y,A,B,../../GraPPI_data/PDB/old_dimer_db/3B4Y.pdb,1.0
3BA3,A,B,../../GraPPI_data/PDB/old_dimer_db/3BA3.pdb,1.0
3BCV,A,B,../../GraPPI_data/PDB/old_dimer_db/3BCV.pdb,1.0
3BDF,A,B,../../GraPPI_data/PDB/old_dimer_db/3BDF.pdb,1.0
3BDK,A,B,../../GraPPI_data/PDB/old_dimer_db/3BDK.pdb,1.0
3BE3,A,B,../../GraPPI_data/PDB/old_dimer_db/3BE3.pdb,1.0
3BED,A,B,../../GraPPI_data/PDB/old_dimer_db/3BED.pdb,1.0
3BEU,A,B,../../GraPPI_data/PDB/old_dimer_db/3BEU.pdb,1.0
3BF4,A,B,../../GraPPI_data/PDB/old_dimer_db/3BF4.pdb,1.0
3BGH,A,B,../../GraPPI_data/PDB/old_dimer_db/3BGH.pdb,1.0
3BHQ,A,B,../../GraPPI_data/PDB/old_dimer_db/3BHQ.pdb,1.0
3BJ6,A,B,../../GraPPI_data/PDB/old_dimer_db/3BJ6.pdb,1.0
3BKW,A,B,../../GraPPI_data/PDB/old_dimer_db/3BKW.pdb,1.0
3BKX,A,B,../../GraPPI_data/PDB/old_dimer_db/3BKX.pdb,1.0
3BL4,A,B,../../GraPPI_data/PDB/old_dimer_db/3BL4.pdb,1.0
3BMZ,A,B,../../GraPPI_data/PDB/old_dimer_db/3BMZ.pdb,1.0
3BNI,A,B,../../GraPPI_data/PDB/old_dimer_db/3BNI.pdb,1.0
3BOQ,A,B,../../GraPPI_data/PDB/old_dimer_db/3BOQ.pdb,1.0
3BOS,A,B,../../GraPPI_data/PDB/old_dimer_db/3BOS.pdb,1.0
3BRU,A,B,../../GraPPI_data/PDB/old_dimer_db/3BRU.pdb,1.0
3BT3,A,B,../../GraPPI_data/PDB/old_dimer_db/3BT3.pdb,1.0
3BVQ,A,B,../../GraPPI_data/PDB/old_dimer_db/3BVQ.pdb,1.0
3BWV,A,B,../../GraPPI_data/PDB/old_dimer_db/3BWV.pdb,1.0
3BXP,A,B,../../GraPPI_data/PDB/old_dimer_db/3BXP.pdb,1.0
3BXU,A,B,../../GraPPI_data/PDB/old_dimer_db/3BXU.pdb,1.0
3BYP,A,B,../../GraPPI_data/PDB/old_dimer_db/3BYP.pdb,1.0
3C07,A,B,../../GraPPI_data/PDB/old_dimer_db/3C07.pdb,1.0
3C0U,A,B,../../GraPPI_data/PDB/old_dimer_db/3C0U.pdb,1.0
3C24,A,B,../../GraPPI_data/PDB/old_dimer_db/3C24.pdb,1.0
3C2B,A,B,../../GraPPI_data/PDB/old_dimer_db/3C2B.pdb,1.0
3C3K,A,B,../../GraPPI_data/PDB/old_dimer_db/3C3K.pdb,1.0
3C48,A,B,../../GraPPI_data/PDB/old_dimer_db/3C48.pdb,1.0
3C4N,A,B,../../GraPPI_data/PDB/old_dimer_db/3C4N.pdb,1.0
3C57,A,B,../../GraPPI_data/PDB/old_dimer_db/3C57.pdb,1.0
3CAM,A,B,../../GraPPI_data/PDB/old_dimer_db/3CAM.pdb,1.0
3CAW,A,B,../../GraPPI_data/PDB/old_dimer_db/3CAW.pdb,1.0
3CCD,A,B,../../GraPPI_data/PDB/old_dimer_db/3CCD.pdb,1.0
3CDH,A,B,../../GraPPI_data/PDB/old_dimer_db/3CDH.pdb,1.0
3CDL,A,B,../../GraPPI_data/PDB/old_dimer_db/3CDL.pdb,1.0
3CHH,A,B,../../GraPPI_data/PDB/old_dimer_db/3CHH.pdb,1.0
3CIO,A,D,../../GraPPI_data/PDB/old_dimer_db/3CIO.pdb,1.0
3CJD,A,B,../../GraPPI_data/PDB/old_dimer_db/3CJD.pdb,1.0
3CJL,A,B,../../GraPPI_data/PDB/old_dimer_db/3CJL.pdb,1.0
3CJP,A,B,../../GraPPI_data/PDB/old_dimer_db/3CJP.pdb,1.0
3CKA,A,B,../../GraPPI_data/PDB/old_dimer_db/3CKA.pdb,1.0
3CO5,A,B,../../GraPPI_data/PDB/old_dimer_db/3CO5.pdb,1.0
3COL,A,B,../../GraPPI_data/PDB/old_dimer_db/3COL.pdb,1.0
3CP7,A,B,../../GraPPI_data/PDB/old_dimer_db/3CP7.pdb,1.0
3CQB,A,B,../../GraPPI_data/PDB/old_dimer_db/3CQB.pdb,1.0
3CQJ,A,B,../../GraPPI_data/PDB/old_dimer_db/3CQJ.pdb,1.0
3CRA,A,B,../../GraPPI_data/PDB/old_dimer_db/3CRA.pdb,1.0
3CSX,A,B,../../GraPPI_data/PDB/old_dimer_db/3CSX.pdb,1.0
3CT6,A,B,../../GraPPI_data/PDB/old_dimer_db/3CT6.pdb,1.0
3CTW,B,D,../../GraPPI_data/PDB/old_dimer_db/3CTW.pdb,1.0
3CU5,A,B,../../GraPPI_data/PDB/old_dimer_db/3CU5.pdb,1.0
3CW9,A,B,../../GraPPI_data/PDB/old_dimer_db/3CW9.pdb,1.0
3CWC,A,B,../../GraPPI_data/PDB/old_dimer_db/3CWC.pdb,1.0
3CWN,A,B,../../GraPPI_data/PDB/old_dimer_db/3CWN.pdb,1.0
3CWQ,A,B,../../GraPPI_data/PDB/old_dimer_db/3CWQ.pdb,1.0
3CWR,A,B,../../GraPPI_data/PDB/old_dimer_db/3CWR.pdb,1.0
3CXK,A,B,../../GraPPI_data/PDB/old_dimer_db/3CXK.pdb,1.0
3CYG,A,B,../../GraPPI_data/PDB/old_dimer_db/3CYG.pdb,1.0
3CZ8,A,B,../../GraPPI_data/PDB/old_dimer_db/3CZ8.pdb,1.0
3CZB,A,B,../../GraPPI_data/PDB/old_dimer_db/3CZB.pdb,1.0
3CZP,A,B,../../GraPPI_data/PDB/old_dimer_db/3CZP.pdb,1.0
3CZZ,A,B,../../GraPPI_data/PDB/old_dimer_db/3CZZ.pdb,1.0
3D0F,A,B,../../GraPPI_data/PDB/old_dimer_db/3D0F.pdb,1.0
3D1L,A,B,../../GraPPI_data/PDB/old_dimer_db/3D1L.pdb,1.0
3D3R,A,B,../../GraPPI_data/PDB/old_dimer_db/3D3R.pdb,1.0
3D5P,A,B,../../GraPPI_data/PDB/old_dimer_db/3D5P.pdb,1.0
3DA8,A,B,../../GraPPI_data/PDB/old_dimer_db/3DA8.pdb,1.0
3DAA,A,B,../../GraPPI_data/PDB/old_dimer_db/3DAA.pdb,1.0
3DCF,A,B,../../GraPPI_data/PDB/old_dimer_db/3DCF.pdb,1.0
3DDH,A,B,../../GraPPI_data/PDB/old_dimer_db/3DDH.pdb,1.0
3DEV,A,B,../../GraPPI_data/PDB/old_dimer_db/3DEV.pdb,1.0
3DFU,A,B,../../GraPPI_data/PDB/old_dimer_db/3DFU.pdb,1.0
3DFZ,A,B,../../GraPPI_data/PDB/old_dimer_db/3DFZ.pdb,1.0
3DHX,A,B,../../GraPPI_data/PDB/old_dimer_db/3DHX.pdb,1.0
3DI4,A,B,../../GraPPI_data/PDB/old_dimer_db/3DI4.pdb,1.0
3DIE,A,B,../../GraPPI_data/PDB/old_dimer_db/3DIE.pdb,1.0
3DJB,A,B,../../GraPPI_data/PDB/old_dimer_db/3DJB.pdb,1.0
3DKA,A,B,../../GraPPI_data/PDB/old_dimer_db/3DKA.pdb,1.0
3DMC,A,B,../../GraPPI_data/PDB/old_dimer_db/3DMC.pdb,1.0
3DME,A,B,../../GraPPI_data/PDB/old_dimer_db/3DME.pdb,1.0
3DMY,A,B,../../GraPPI_data/PDB/old_dimer_db/3DMY.pdb,1.0
3DNF,A,B,../../GraPPI_data/PDB/old_dimer_db/3DNF.pdb,1.0
3DNH,A,B,../../GraPPI_data/PDB/old_dimer_db/3DNH.pdb,1.0
3DNS,A,B,../../GraPPI_data/PDB/old_dimer_db/3DNS.pdb,1.0
3DOR,A,B,../../GraPPI_data/PDB/old_dimer_db/3DOR.pdb,1.0
3DP7,A,B,../../GraPPI_data/PDB/old_dimer_db/3DP7.pdb,1.0
3DR2,A,B,../../GraPPI_data/PDB/old_dimer_db/3DR2.pdb,1.0
3DSQ,A,B,../../GraPPI_data/PDB/old_dimer_db/3DSQ.pdb,1.0
3DTT,A,B,../../GraPPI_data/PDB/old_dimer_db/3DTT.pdb,1.0
3DUP,A,B,../../GraPPI_data/PDB/old_dimer_db/3DUP.pdb,1.0
3DXO,A,B,../../GraPPI_data/PDB/old_dimer_db/3DXO.pdb,1.0
3DZB,A,B,../../GraPPI_data/PDB/old_dimer_db/3DZB.pdb,1.0
3E0Y,A,B,../../GraPPI_data/PDB/old_dimer_db/3E0Y.pdb,1.0
3E18,A,B,../../GraPPI_data/PDB/old_dimer_db/3E18.pdb,1.0
3E2C,A,B,../../GraPPI_data/PDB/old_dimer_db/3E2C.pdb,1.0
3E48,A,B,../../GraPPI_data/PDB/old_dimer_db/3E48.pdb,1.0
3E57,A,B,../../GraPPI_data/PDB/old_dimer_db/3E57.pdb,1.0
3E58,A,B,../../GraPPI_data/PDB/old_dimer_db/3E58.pdb,1.0
3E6D,A,B,../../GraPPI_data/PDB/old_dimer_db/3E6D.pdb,1.0
3E8O,A,B,../../GraPPI_data/PDB/old_dimer_db/3E8O.pdb,1.0
3E98,A,B,../../GraPPI_data/PDB/old_dimer_db/3E98.pdb,1.0
3EAG,A,B,../../GraPPI_data/PDB/old_dimer_db/3EAG.pdb,1.0
3EDE,A,B,../../GraPPI_data/PDB/old_dimer_db/3EDE.pdb,1.0
3EDN,A,B,../../GraPPI_data/PDB/old_dimer_db/3EDN.pdb,1.0
3EDP,A,B,../../GraPPI_data/PDB/old_dimer_db/3EDP.pdb,1.0
3EEA,A,B,../../GraPPI_data/PDB/old_dimer_db/3EEA.pdb,1.0
3EES,A,B,../../GraPPI_data/PDB/old_dimer_db/3EES.pdb,1.0
3EFY,A,B,../../GraPPI_data/PDB/old_dimer_db/3EFY.pdb,1.0
3EGJ,A,B,../../GraPPI_data/PDB/old_dimer_db/3EGJ.pdb,1.0
3EGO,A,B,../../GraPPI_data/PDB/old_dimer_db/3EGO.pdb,1.0
3EHH,A,B,../../GraPPI_data/PDB/old_dimer_db/3EHH.pdb,1.0
3EIP,A,B,../../GraPPI_data/PDB/old_dimer_db/3EIP.pdb,1.0
3ENT,A,B,../../GraPPI_data/PDB/old_dimer_db/3ENT.pdb,1.0
3EPO,A,B,../../GraPPI_data/PDB/old_dimer_db/3EPO.pdb,1.0
3EQX,A,B,../../GraPPI_data/PDB/old_dimer_db/3EQX.pdb,1.0
3ER7,A,B,../../GraPPI_data/PDB/old_dimer_db/3ER7.pdb,1.0
3ES2,A,B,../../GraPPI_data/PDB/old_dimer_db/3ES2.pdb,1.0
3ES4,A,B,../../GraPPI_data/PDB/old_dimer_db/3ES4.pdb,1.0
3ETH,A,B,../../GraPPI_data/PDB/old_dimer_db/3ETH.pdb,1.0
3EUS,A,B,../../GraPPI_data/PDB/old_dimer_db/3EUS.pdb,1.0
3EYY,A,B,../../GraPPI_data/PDB/old_dimer_db/3EYY.pdb,1.0
3EZ1,A,B,../../GraPPI_data/PDB/old_dimer_db/3EZ1.pdb,1.0
3EZ2,A,B,../../GraPPI_data/PDB/old_dimer_db/3EZ2.pdb,1.0
3EZH,A,B,../../GraPPI_data/PDB/old_dimer_db/3EZH.pdb,1.0
3F08,A,B,../../GraPPI_data/PDB/old_dimer_db/3F08.pdb,1.0
3F13,A,B,../../GraPPI_data/PDB/old_dimer_db/3F13.pdb,1.0
3F1L,A,B,../../GraPPI_data/PDB/old_dimer_db/3F1L.pdb,1.0
3F41,A,B,../../GraPPI_data/PDB/old_dimer_db/3F41.pdb,1.0
3F6A,A,B,../../GraPPI_data/PDB/old_dimer_db/3F6A.pdb,1.0
3F6C,A,B,../../GraPPI_data/PDB/old_dimer_db/3F6C.pdb,1.0
3F6T,A,B,../../GraPPI_data/PDB/old_dimer_db/3F6T.pdb,1.0
3F7E,A,B,../../GraPPI_data/PDB/old_dimer_db/3F7E.pdb,1.0
3F84,A,B,../../GraPPI_data/PDB/old_dimer_db/3F84.pdb,1.0
3F8H,A,B,../../GraPPI_data/PDB/old_dimer_db/3F8H.pdb,1.0
3F8M,A,B,../../GraPPI_data/PDB/old_dimer_db/3F8M.pdb,1.0
3F9U,A,B,../../GraPPI_data/PDB/old_dimer_db/3F9U.pdb,1.0
3FA5,A,B,../../GraPPI_data/PDB/old_dimer_db/3FA5.pdb,1.0
3FB9,A,B,../../GraPPI_data/PDB/old_dimer_db/3FB9.pdb,1.0
3FBU,A,B,../../GraPPI_data/PDB/old_dimer_db/3FBU.pdb,1.0
3FCD,A,B,../../GraPPI_data/PDB/old_dimer_db/3FCD.pdb,1.0
3FCM,A,B,../../GraPPI_data/PDB/old_dimer_db/3FCM.pdb,1.0
3FF0,A,B,../../GraPPI_data/PDB/old_dimer_db/3FF0.pdb,1.0
3FGY,A,B,../../GraPPI_data/PDB/old_dimer_db/3FGY.pdb,1.0
3FH3,A,B,../../GraPPI_data/PDB/old_dimer_db/3FH3.pdb,1.0
3FIL,A,B,../../GraPPI_data/PDB/old_dimer_db/3FIL.pdb,1.0
3FJV,A,B,../../GraPPI_data/PDB/old_dimer_db/3FJV.pdb,1.0
3FJY,A,B,../../GraPPI_data/PDB/old_dimer_db/3FJY.pdb,1.0
3FK9,A,B,../../GraPPI_data/PDB/old_dimer_db/3FK9.pdb,1.0
3FKJ,A,B,../../GraPPI_data/PDB/old_dimer_db/3FKJ.pdb,1.0
3FM2,A,B,../../GraPPI_data/PDB/old_dimer_db/3FM2.pdb,1.0
3FMB,A,B,../../GraPPI_data/PDB/old_dimer_db/3FMB.pdb,1.0
3FNB,A,B,../../GraPPI_data/PDB/old_dimer_db/3FNB.pdb,1.0
3FNC,A,B,../../GraPPI_data/PDB/old_dimer_db/3FNC.pdb,1.0
3FPK,A,B,../../GraPPI_data/PDB/old_dimer_db/3FPK.pdb,1.0
3FRQ,A,B,../../GraPPI_data/PDB/old_dimer_db/3FRQ.pdb,1.0
3FSE,A,B,../../GraPPI_data/PDB/old_dimer_db/3FSE.pdb,1.0
3FV6,A,B,../../GraPPI_data/PDB/old_dimer_db/3FV6.pdb,1.0
3FVQ,A,B,../../GraPPI_data/PDB/old_dimer_db/3FVQ.pdb,1.0
3FX3,A,B,../../GraPPI_data/PDB/old_dimer_db/3FX3.pdb,1.0
3FYB,A,B,../../GraPPI_data/PDB/old_dimer_db/3FYB.pdb,1.0
3FYF,A,B,../../GraPPI_data/PDB/old_dimer_db/3FYF.pdb,1.0
3FZQ,A,B,../../GraPPI_data/PDB/old_dimer_db/3FZQ.pdb,1.0
3G05,A,B,../../GraPPI_data/PDB/old_dimer_db/3G05.pdb,1.0
3G12,A,B,../../GraPPI_data/PDB/old_dimer_db/3G12.pdb,1.0
3G13,A,B,../../GraPPI_data/PDB/old_dimer_db/3G13.pdb,1.0
3G16,A,B,../../GraPPI_data/PDB/old_dimer_db/3G16.pdb,1.0
3G23,A,B,../../GraPPI_data/PDB/old_dimer_db/3G23.pdb,1.0
3G2M,A,B,../../GraPPI_data/PDB/old_dimer_db/3G2M.pdb,1.0
3G3Z,A,B,../../GraPPI_data/PDB/old_dimer_db/3G3Z.pdb,1.0
3G67,A,B,../../GraPPI_data/PDB/old_dimer_db/3G67.pdb,1.0
3G6O,A,B,../../GraPPI_data/PDB/old_dimer_db/3G6O.pdb,1.0
3GAZ,A,B,../../GraPPI_data/PDB/old_dimer_db/3GAZ.pdb,1.0
3GBV,A,B,../../GraPPI_data/PDB/old_dimer_db/3GBV.pdb,1.0
3GE6,A,B,../../GraPPI_data/PDB/old_dimer_db/3GE6.pdb,1.0
3GFA,A,B,../../GraPPI_data/PDB/old_dimer_db/3GFA.pdb,1.0
3GFF,A,B,../../GraPPI_data/PDB/old_dimer_db/3GFF.pdb,1.0
3GFZ,A,B,../../GraPPI_data/PDB/old_dimer_db/3GFZ.pdb,1.0
3GGN,A,B,../../GraPPI_data/PDB/old_dimer_db/3GGN.pdb,1.0
3GKX,A,B,../../GraPPI_data/PDB/old_dimer_db/3GKX.pdb,1.0
3GMG,A,B,../../GraPPI_data/PDB/old_dimer_db/3GMG.pdb,1.0
3GN5,A,B,../../GraPPI_data/PDB/old_dimer_db/3GN5.pdb,1.0
3GO6,A,B,../../GraPPI_data/PDB/old_dimer_db/3GO6.pdb,1.0
3GOC,A,B,../../GraPPI_data/PDB/old_dimer_db/3GOC.pdb,1.0
3GPV,A,B,../../GraPPI_data/PDB/old_dimer_db/3GPV.pdb,1.0
3GR3,A,B,../../GraPPI_data/PDB/old_dimer_db/3GR3.pdb,1.0
3GRA,A,B,../../GraPPI_data/PDB/old_dimer_db/3GRA.pdb,1.0
3GRZ,A,B,../../GraPPI_data/PDB/old_dimer_db/3GRZ.pdb,1.0
3GU3,A,B,../../GraPPI_data/PDB/old_dimer_db/3GU3.pdb,1.0
3GUZ,A,B,../../GraPPI_data/PDB/old_dimer_db/3GUZ.pdb,1.0
3GW4,A,B,../../GraPPI_data/PDB/old_dimer_db/3GW4.pdb,1.0
3GWQ,A,B,../../GraPPI_data/PDB/old_dimer_db/3GWQ.pdb,1.0
3GWY,A,B,../../GraPPI_data/PDB/old_dimer_db/3GWY.pdb,1.0
3GYD,A,B,../../GraPPI_data/PDB/old_dimer_db/3GYD.pdb,1.0
3GYQ,A,B,../../GraPPI_data/PDB/old_dimer_db/3GYQ.pdb,1.0
3GZ5,A,B,../../GraPPI_data/PDB/old_dimer_db/3GZ5.pdb,1.0
3GZA,A,B,../../GraPPI_data/PDB/old_dimer_db/3GZA.pdb,1.0
3GZS,A,B,../../GraPPI_data/PDB/old_dimer_db/3GZS.pdb,1.0
3H05,A,B,../../GraPPI_data/PDB/old_dimer_db/3H05.pdb,1.0
3H1N,A,B,../../GraPPI_data/PDB/old_dimer_db/3H1N.pdb,1.0
3H2S,A,B,../../GraPPI_data/PDB/old_dimer_db/3H2S.pdb,1.0
3H3M,A,B,../../GraPPI_data/PDB/old_dimer_db/3H3M.pdb,1.0
3H7F,A,B,../../GraPPI_data/PDB/old_dimer_db/3H7F.pdb,1.0
3H8U,A,B,../../GraPPI_data/PDB/old_dimer_db/3H8U.pdb,1.0
3HA2,A,B,../../GraPPI_data/PDB/old_dimer_db/3HA2.pdb,1.0
3HAM,A,B,../../GraPPI_data/PDB/old_dimer_db/3HAM.pdb,1.0
3HG9,A,B,../../GraPPI_data/PDB/old_dimer_db/3HG9.pdb,1.0
3HGU,A,B,../../GraPPI_data/PDB/old_dimer_db/3HGU.pdb,1.0
3HHF,B,A,../../GraPPI_data/PDB/old_dimer_db/3HHF.pdb,1.0
3HIM,A,B,../../GraPPI_data/PDB/old_dimer_db/3HIM.pdb,1.0
3HIN,A,B,../../GraPPI_data/PDB/old_dimer_db/3HIN.pdb,1.0
3HJ9,A,B,../../GraPPI_data/PDB/old_dimer_db/3HJ9.pdb,1.0
3HJG,A,B,../../GraPPI_data/PDB/old_dimer_db/3HJG.pdb,1.0
3HJV,A,B,../../GraPPI_data/PDB/old_dimer_db/3HJV.pdb,1.0
3HL6,A,B,../../GraPPI_data/PDB/old_dimer_db/3HL6.pdb,1.0
3HLU,A,B,../../GraPPI_data/PDB/old_dimer_db/3HLU.pdb,1.0
3HLX,A,D,../../GraPPI_data/PDB/old_dimer_db/3HLX.pdb,1.0
3HN0,A,B,../../GraPPI_data/PDB/old_dimer_db/3HN0.pdb,1.0
3HNW,A,B,../../GraPPI_data/PDB/old_dimer_db/3HNW.pdb,1.0
3HPE,A,B,../../GraPPI_data/PDB/old_dimer_db/3HPE.pdb,1.0
3HQ1,A,B,../../GraPPI_data/PDB/old_dimer_db/3HQ1.pdb,1.0
3HQ2,A,B,../../GraPPI_data/PDB/old_dimer_db/3HQ2.pdb,1.0
3HR7,A,B,../../GraPPI_data/PDB/old_dimer_db/3HR7.pdb,1.0
3HT2,A,C,../../GraPPI_data/PDB/old_dimer_db/3HT2.pdb,1.0
3HTJ,A,B,../../GraPPI_data/PDB/old_dimer_db/3HTJ.pdb,1.0
3HTR,A,B,../../GraPPI_data/PDB/old_dimer_db/3HTR.pdb,1.0
3HU5,A,B,../../GraPPI_data/PDB/old_dimer_db/3HU5.pdb,1.0
3HV1,A,B,../../GraPPI_data/PDB/old_dimer_db/3HV1.pdb,1.0
3HWW,A,D,../../GraPPI_data/PDB/old_dimer_db/3HWW.pdb,1.0
3HXS,A,B,../../GraPPI_data/PDB/old_dimer_db/3HXS.pdb,1.0
3I07,A,B,../../GraPPI_data/PDB/old_dimer_db/3I07.pdb,1.0
3I0Z,A,B,../../GraPPI_data/PDB/old_dimer_db/3I0Z.pdb,1.0
3I23,A,B,../../GraPPI_data/PDB/old_dimer_db/3I23.pdb,1.0
3I7D,A,B,../../GraPPI_data/PDB/old_dimer_db/3I7D.pdb,1.0
3I83,A,B,../../GraPPI_data/PDB/old_dimer_db/3I83.pdb,1.0
3I8N,A,B,../../GraPPI_data/PDB/old_dimer_db/3I8N.pdb,1.0
3IA1,A,B,../../GraPPI_data/PDB/old_dimer_db/3IA1.pdb,1.0
3IA7,A,B,../../GraPPI_data/PDB/old_dimer_db/3IA7.pdb,1.0
3IBW,A,B,../../GraPPI_data/PDB/old_dimer_db/3IBW.pdb,1.0
3IC7,A,B,../../GraPPI_data/PDB/old_dimer_db/3IC7.pdb,1.0
3ICA,A,B,../../GraPPI_data/PDB/old_dimer_db/3ICA.pdb,1.0
3ID3,A,B,../../GraPPI_data/PDB/old_dimer_db/3ID3.pdb,1.0
3ID9,A,B,../../GraPPI_data/PDB/old_dimer_db/3ID9.pdb,1.0
3IDF,A,B,../../GraPPI_data/PDB/old_dimer_db/3IDF.pdb,1.0
3IGF,A,B,../../GraPPI_data/PDB/old_dimer_db/3IGF.pdb,1.0
3IGR,A,B,../../GraPPI_data/PDB/old_dimer_db/3IGR.pdb,1.0
3IHM,A,B,../../GraPPI_data/PDB/old_dimer_db/3IHM.pdb,1.0
3IHT,A,B,../../GraPPI_data/PDB/old_dimer_db/3IHT.pdb,1.0
3IJD,A,B,../../GraPPI_data/PDB/old_dimer_db/3IJD.pdb,1.0
3IJL,A,B,../../GraPPI_data/PDB/old_dimer_db/3IJL.pdb,1.0
3IJM,A,B,../../GraPPI_data/PDB/old_dimer_db/3IJM.pdb,1.0
3IJT,A,B,../../GraPPI_data/PDB/old_dimer_db/3IJT.pdb,1.0
3ILK,A,B,../../GraPPI_data/PDB/old_dimer_db/3ILK.pdb,1.0
3ILW,A,B,../../GraPPI_data/PDB/old_dimer_db/3ILW.pdb,1.0
3IPF,A,B,../../GraPPI_data/PDB/old_dimer_db/3IPF.pdb,1.0
3IPO,A,B,../../GraPPI_data/PDB/old_dimer_db/3IPO.pdb,1.0
3IS6,A,B,../../GraPPI_data/PDB/old_dimer_db/3IS6.pdb,1.0
3ITQ,A,B,../../GraPPI_data/PDB/old_dimer_db/3ITQ.pdb,1.0
3IUO,A,B,../../GraPPI_data/PDB/old_dimer_db/3IUO.pdb,1.0
3IUP,A,B,../../GraPPI_data/PDB/old_dimer_db/3IUP.pdb,1.0
3IUW,A,B,../../GraPPI_data/PDB/old_dimer_db/3IUW.pdb,1.0
3IVR,A,B,../../GraPPI_data/PDB/old_dimer_db/3IVR.pdb,1.0
3IWF,A,B,../../GraPPI_data/PDB/old_dimer_db/3IWF.pdb,1.0
3IWG,A,B,../../GraPPI_data/PDB/old_dimer_db/3IWG.pdb,1.0
3IX1,A,B,../../GraPPI_data/PDB/old_dimer_db/3IX1.pdb,1.0
3IX3,A,B,../../GraPPI_data/PDB/old_dimer_db/3IX3.pdb,1.0
3IX7,A,B,../../GraPPI_data/PDB/old_dimer_db/3IX7.pdb,1.0
3IX9,A,B,../../GraPPI_data/PDB/old_dimer_db/3IX9.pdb,1.0
3JSL,A,B,../../GraPPI_data/PDB/old_dimer_db/3JSL.pdb,1.0
3JX9,A,B,../../GraPPI_data/PDB/old_dimer_db/3JX9.pdb,1.0
3JXO,A,B,../../GraPPI_data/PDB/old_dimer_db/3JXO.pdb,1.0
3JZ0,A,B,../../GraPPI_data/PDB/old_dimer_db/3JZ0.pdb,1.0
3JZ3,A,B,../../GraPPI_data/PDB/old_dimer_db/3JZ3.pdb,1.0
3K0Z,A,B,../../GraPPI_data/PDB/old_dimer_db/3K0Z.pdb,1.0
3K2N,A,B,../../GraPPI_data/PDB/old_dimer_db/3K2N.pdb,1.0
3K2Z,A,B,../../GraPPI_data/PDB/old_dimer_db/3K2Z.pdb,1.0
3K6H,A,B,../../GraPPI_data/PDB/old_dimer_db/3K6H.pdb,1.0
3K6Z,A,B,../../GraPPI_data/PDB/old_dimer_db/3K6Z.pdb,1.0
3K7T,A,B,../../GraPPI_data/PDB/old_dimer_db/3K7T.pdb,1.0
3K85,A,B,../../GraPPI_data/PDB/old_dimer_db/3K85.pdb,1.0
3K8R,A,B,../../GraPPI_data/PDB/old_dimer_db/3K8R.pdb,1.0
3K94,A,B,../../GraPPI_data/PDB/old_dimer_db/3K94.pdb,1.0
3KB2,A,B,../../GraPPI_data/PDB/old_dimer_db/3KB2.pdb,1.0
3KBY,A,B,../../GraPPI_data/PDB/old_dimer_db/3KBY.pdb,1.0
3KD6,A,B,../../GraPPI_data/PDB/old_dimer_db/3KD6.pdb,1.0
3KDG,A,B,../../GraPPI_data/PDB/old_dimer_db/3KDG.pdb,1.0
3KE7,A,B,../../GraPPI_data/PDB/old_dimer_db/3KE7.pdb,1.0
3KGK,A,B,../../GraPPI_data/PDB/old_dimer_db/3KGK.pdb,1.0
3KGY,A,B,../../GraPPI_data/PDB/old_dimer_db/3KGY.pdb,1.0
3KGZ,A,B,../../GraPPI_data/PDB/old_dimer_db/3KGZ.pdb,1.0
3KH1,A,B,../../GraPPI_data/PDB/old_dimer_db/3KH1.pdb,1.0
3KMH,A,B,../../GraPPI_data/PDB/old_dimer_db/3KMH.pdb,1.0
3KMI,A,B,../../GraPPI_data/PDB/old_dimer_db/3KMI.pdb,1.0
3KNG,A,B,../../GraPPI_data/PDB/old_dimer_db/3KNG.pdb,1.0
3KPH,A,B,../../GraPPI_data/PDB/old_dimer_db/3KPH.pdb,1.0
3KSM,A,B,../../GraPPI_data/PDB/old_dimer_db/3KSM.pdb,1.0
3KSU,A,B,../../GraPPI_data/PDB/old_dimer_db/3KSU.pdb,1.0
3KU7,A,B,../../GraPPI_data/PDB/old_dimer_db/3KU7.pdb,1.0
3KUV,A,B,../../GraPPI_data/PDB/old_dimer_db/3KUV.pdb,1.0
3KWR,A,B,../../GraPPI_data/PDB/old_dimer_db/3KWR.pdb,1.0
3KWS,A,B,../../GraPPI_data/PDB/old_dimer_db/3KWS.pdb,1.0
3KY8,A,B,../../GraPPI_data/PDB/old_dimer_db/3KY8.pdb,1.0
3KYG,A,B,../../GraPPI_data/PDB/old_dimer_db/3KYG.pdb,1.0
3KZP,A,B,../../GraPPI_data/PDB/old_dimer_db/3KZP.pdb,1.0
3KZT,A,B,../../GraPPI_data/PDB/old_dimer_db/3KZT.pdb,1.0
3L0D,A,B,../../GraPPI_data/PDB/old_dimer_db/3L0D.pdb,1.0
3L0O,A,B,../../GraPPI_data/PDB/old_dimer_db/3L0O.pdb,1.0
3L0Q,A,B,../../GraPPI_data/PDB/old_dimer_db/3L0Q.pdb,1.0
3L12,A,B,../../GraPPI_data/PDB/old_dimer_db/3L12.pdb,1.0
3L2B,A,B,../../GraPPI_data/PDB/old_dimer_db/3L2B.pdb,1.0
3L3B,A,B,../../GraPPI_data/PDB/old_dimer_db/3L3B.pdb,1.0
3L6U,A,B,../../GraPPI_data/PDB/old_dimer_db/3L6U.pdb,1.0
3L76,A,B,../../GraPPI_data/PDB/old_dimer_db/3L76.pdb,1.0
3LAC,A,B,../../GraPPI_data/PDB/old_dimer_db/3LAC.pdb,1.0
3LAG,A,B,../../GraPPI_data/PDB/old_dimer_db/3LAG.pdb,1.0
3LAS,A,B,../../GraPPI_data/PDB/old_dimer_db/3LAS.pdb,1.0
3LIS,A,B,../../GraPPI_data/PDB/old_dimer_db/3LIS.pdb,1.0
3LJL,A,B,../../GraPPI_data/PDB/old_dimer_db/3LJL.pdb,1.0
3LKB,A,B,../../GraPPI_data/PDB/old_dimer_db/3LKB.pdb,1.0
3LKL,A,B,../../GraPPI_data/PDB/old_dimer_db/3LKL.pdb,1.0
3LL3,A,B,../../GraPPI_data/PDB/old_dimer_db/3LL3.pdb,1.0
3LM2,A,B,../../GraPPI_data/PDB/old_dimer_db/3LM2.pdb,1.0
3LM6,A,B,../../GraPPI_data/PDB/old_dimer_db/3LM6.pdb,1.0
3LM7,A,B,../../GraPPI_data/PDB/old_dimer_db/3LM7.pdb,1.0
3LN7,A,B,../../GraPPI_data/PDB/old_dimer_db/3LN7.pdb,1.0
3LNC,A,B,../../GraPPI_data/PDB/old_dimer_db/3LNC.pdb,1.0
3LSJ,A,B,../../GraPPI_data/PDB/old_dimer_db/3LSJ.pdb,1.0
3LTO,A,B,../../GraPPI_data/PDB/old_dimer_db/3LTO.pdb,1.0
3LU2,A,B,../../GraPPI_data/PDB/old_dimer_db/3LU2.pdb,1.0
3LUF,A,B,../../GraPPI_data/PDB/old_dimer_db/3LUF.pdb,1.0
3LW3,A,B,../../GraPPI_data/PDB/old_dimer_db/3LW3.pdb,1.0
3LYD,A,B,../../GraPPI_data/PDB/old_dimer_db/3LYD.pdb,1.0
3LYH,A,B,../../GraPPI_data/PDB/old_dimer_db/3LYH.pdb,1.0
3LZ8,A,B,../../GraPPI_data/PDB/old_dimer_db/3LZ8.pdb,1.0
3M1U,A,B,../../GraPPI_data/PDB/old_dimer_db/3M1U.pdb,1.0
3M8J,A,B,../../GraPPI_data/PDB/old_dimer_db/3M8J.pdb,1.0
3M92,A,B,../../GraPPI_data/PDB/old_dimer_db/3M92.pdb,1.0
3M9Y,A,B,../../GraPPI_data/PDB/old_dimer_db/3M9Y.pdb,1.0
3MCZ,A,B,../../GraPPI_data/PDB/old_dimer_db/3MCZ.pdb,1.0
3MDO,A,B,../../GraPPI_data/PDB/old_dimer_db/3MDO.pdb,1.0
3MEX,A,B,../../GraPPI_data/PDB/old_dimer_db/3MEX.pdb,1.0
3MF2,A,B,../../GraPPI_data/PDB/old_dimer_db/3MF2.pdb,1.0
3MGC,A,B,../../GraPPI_data/PDB/old_dimer_db/3MGC.pdb,1.0
3MHE,A,B,../../GraPPI_data/PDB/old_dimer_db/3MHE.pdb,1.0
3MHX,A,B,../../GraPPI_data/PDB/old_dimer_db/3MHX.pdb,1.0
3MJQ,A,B,../../GraPPI_data/PDB/old_dimer_db/3MJQ.pdb,1.0
3MLA,A,B,../../GraPPI_data/PDB/old_dimer_db/3MLA.pdb,1.0
3MMJ,A,B,../../GraPPI_data/PDB/old_dimer_db/3MMJ.pdb,1.0
3MOL,A,B,../../GraPPI_data/PDB/old_dimer_db/3MOL.pdb,1.0
3MQ0,A,B,../../GraPPI_data/PDB/old_dimer_db/3MQ0.pdb,1.0
3MQQ,A,B,../../GraPPI_data/PDB/old_dimer_db/3MQQ.pdb,1.0
3MTQ,A,B,../../GraPPI_data/PDB/old_dimer_db/3MTQ.pdb,1.0
3MUQ,A,B,../../GraPPI_data/PDB/old_dimer_db/3MUQ.pdb,1.0
3MUX,A,B,../../GraPPI_data/PDB/old_dimer_db/3MUX.pdb,1.0
3MVE,A,B,../../GraPPI_data/PDB/old_dimer_db/3MVE.pdb,1.0
3MVP,A,B,../../GraPPI_data/PDB/old_dimer_db/3MVP.pdb,1.0
3MYO,A,B,../../GraPPI_data/PDB/old_dimer_db/3MYO.pdb,1.0
3MZ2,A,B,../../GraPPI_data/PDB/old_dimer_db/3MZ2.pdb,1.0
3N05,A,B,../../GraPPI_data/PDB/old_dimer_db/3N05.pdb,1.0
3N08,A,B,../../GraPPI_data/PDB/old_dimer_db/3N08.pdb,1.0
3N10,A,B,../../GraPPI_data/PDB/old_dimer_db/3N10.pdb,1.0
3N7D,A,B,../../GraPPI_data/PDB/old_dimer_db/3N7D.pdb,1.0
3N8B,A,B,../../GraPPI_data/PDB/old_dimer_db/3N8B.pdb,1.0
3NA5,A,B,../../GraPPI_data/PDB/old_dimer_db/3NA5.pdb,1.0
3NAS,A,B,../../GraPPI_data/PDB/old_dimer_db/3NAS.pdb,1.0
3NAT,A,B,../../GraPPI_data/PDB/old_dimer_db/3NAT.pdb,1.0
3NCV,A,B,../../GraPPI_data/PDB/old_dimer_db/3NCV.pdb,1.0
3ND0,A,B,../../GraPPI_data/PDB/old_dimer_db/3ND0.pdb,1.0
3ND1,A,B,../../GraPPI_data/PDB/old_dimer_db/3ND1.pdb,1.0
3NI7,A,B,../../GraPPI_data/PDB/old_dimer_db/3NI7.pdb,1.0
3NJ2,A,B,../../GraPPI_data/PDB/old_dimer_db/3NJ2.pdb,1.0
3NJC,A,B,../../GraPPI_data/PDB/old_dimer_db/3NJC.pdb,1.0
3NJD,A,B,../../GraPPI_data/PDB/old_dimer_db/3NJD.pdb,1.0
3NKL,A,B,../../GraPPI_data/PDB/old_dimer_db/3NKL.pdb,1.0
3NO7,A,B,../../GraPPI_data/PDB/old_dimer_db/3NO7.pdb,1.0
3NOQ,A,B,../../GraPPI_data/PDB/old_dimer_db/3NOQ.pdb,1.0
3NPI,A,B,../../GraPPI_data/PDB/old_dimer_db/3NPI.pdb,1.0
3NPP,A,B,../../GraPPI_data/PDB/old_dimer_db/3NPP.pdb,1.0
3NQB,A,B,../../GraPPI_data/PDB/old_dimer_db/3NQB.pdb,1.0
3NQN,A,B,../../GraPPI_data/PDB/old_dimer_db/3NQN.pdb,1.0
3NQO,A,B,../../GraPPI_data/PDB/old_dimer_db/3NQO.pdb,1.0
3NR7,A,B,../../GraPPI_data/PDB/old_dimer_db/3NR7.pdb,1.0
3NRH,A,B,../../GraPPI_data/PDB/old_dimer_db/3NRH.pdb,1.0
3NRL,A,B,../../GraPPI_data/PDB/old_dimer_db/3NRL.pdb,1.0
3NTL,A,B,../../GraPPI_data/PDB/old_dimer_db/3NTL.pdb,1.0
3NVO,A,B,../../GraPPI_data/PDB/old_dimer_db/3NVO.pdb,1.0
3NYM,A,B,../../GraPPI_data/PDB/old_dimer_db/3NYM.pdb,1.0
3NZP,A,B,../../GraPPI_data/PDB/old_dimer_db/3NZP.pdb,1.0
3O0L,A,B,../../GraPPI_data/PDB/old_dimer_db/3O0L.pdb,1.0
3O1L,A,B,../../GraPPI_data/PDB/old_dimer_db/3O1L.pdb,1.0
3O39,A,B,../../GraPPI_data/PDB/old_dimer_db/3O39.pdb,1.0
3O3P,A,B,../../GraPPI_data/PDB/old_dimer_db/3O3P.pdb,1.0
3O60,A,B,../../GraPPI_data/PDB/old_dimer_db/3O60.pdb,1.0
3O6V,A,B,../../GraPPI_data/PDB/old_dimer_db/3O6V.pdb,1.0
3O7O,A,B,../../GraPPI_data/PDB/old_dimer_db/3O7O.pdb,1.0
3O9O,A,B,../../GraPPI_data/PDB/old_dimer_db/3O9O.pdb,1.0
3OCA,A,B,../../GraPPI_data/PDB/old_dimer_db/3OCA.pdb,1.0
3OF5,A,B,../../GraPPI_data/PDB/old_dimer_db/3OF5.pdb,1.0
3OHE,A,B,../../GraPPI_data/PDB/old_dimer_db/3OHE.pdb,1.0
3OL3,A,B,../../GraPPI_data/PDB/old_dimer_db/3OL3.pdb,1.0
3ON3,A,B,../../GraPPI_data/PDB/old_dimer_db/3ON3.pdb,1.0
3OOC,A,B,../../GraPPI_data/PDB/old_dimer_db/3OOC.pdb,1.0
3OOO,A,B,../../GraPPI_data/PDB/old_dimer_db/3OOO.pdb,1.0
3OOV,A,B,../../GraPPI_data/PDB/old_dimer_db/3OOV.pdb,1.0
3OP6,A,B,../../GraPPI_data/PDB/old_dimer_db/3OP6.pdb,1.0
3OPC,A,B,../../GraPPI_data/PDB/old_dimer_db/3OPC.pdb,1.0
3OQP,A,B,../../GraPPI_data/PDB/old_dimer_db/3OQP.pdb,1.0
3OT2,A,B,../../GraPPI_data/PDB/old_dimer_db/3OT2.pdb,1.0
3OXP,A,B,../../GraPPI_data/PDB/old_dimer_db/3OXP.pdb,1.0
3P1V,A,B,../../GraPPI_data/PDB/old_dimer_db/3P1V.pdb,1.0
3P2C,A,B,../../GraPPI_data/PDB/old_dimer_db/3P2C.pdb,1.0
3P3A,A,B,../../GraPPI_data/PDB/old_dimer_db/3P3A.pdb,1.0
3P5N,A,B,../../GraPPI_data/PDB/old_dimer_db/3P5N.pdb,1.0
3P9V,A,B,../../GraPPI_data/PDB/old_dimer_db/3P9V.pdb,1.0
3PET,A,B,../../GraPPI_data/PDB/old_dimer_db/3PET.pdb,1.0
3PFB,A,B,../../GraPPI_data/PDB/old_dimer_db/3PFB.pdb,1.0
3PFI,A,B,../../GraPPI_data/PDB/old_dimer_db/3PFI.pdb,1.0
3PFO,A,B,../../GraPPI_data/PDB/old_dimer_db/3PFO.pdb,1.0
3PG8,A,B,../../GraPPI_data/PDB/old_dimer_db/3PG8.pdb,1.0
3PGZ,A,B,../../GraPPI_data/PDB/old_dimer_db/3PGZ.pdb,1.0
3PIJ,A,B,../../GraPPI_data/PDB/old_dimer_db/3PIJ.pdb,1.0
3PJV,D,F,../../GraPPI_data/PDB/old_dimer_db/3PJV.pdb,1.0
3PJY,A,B,../../GraPPI_data/PDB/old_dimer_db/3PJY.pdb,1.0
3PJZ,A,B,../../GraPPI_data/PDB/old_dimer_db/3PJZ.pdb,1.0
3PM7,A,B,../../GraPPI_data/PDB/old_dimer_db/3PM7.pdb,1.0
3PNY,A,B,../../GraPPI_data/PDB/old_dimer_db/3PNY.pdb,1.0
3PPB,A,B,../../GraPPI_data/PDB/old_dimer_db/3PPB.pdb,1.0
3PSS,A,B,../../GraPPI_data/PDB/old_dimer_db/3PSS.pdb,1.0
3PU9,A,B,../../GraPPI_data/PDB/old_dimer_db/3PU9.pdb,1.0
3PUH,A,B,../../GraPPI_data/PDB/old_dimer_db/3PUH.pdb,1.0
3PWX,A,B,../../GraPPI_data/PDB/old_dimer_db/3PWX.pdb,1.0
3PZJ,A,B,../../GraPPI_data/PDB/old_dimer_db/3PZJ.pdb,1.0
3Q0V,A,B,../../GraPPI_data/PDB/old_dimer_db/3Q0V.pdb,1.0
3Q1P,A,B,../../GraPPI_data/PDB/old_dimer_db/3Q1P.pdb,1.0
3Q20,A,B,../../GraPPI_data/PDB/old_dimer_db/3Q20.pdb,1.0
3Q2J,A,B,../../GraPPI_data/PDB/old_dimer_db/3Q2J.pdb,1.0
3Q7R,A,B,../../GraPPI_data/PDB/old_dimer_db/3Q7R.pdb,1.0
3Q80,A,B,../../GraPPI_data/PDB/old_dimer_db/3Q80.pdb,1.0
3QBX,A,B,../../GraPPI_data/PDB/old_dimer_db/3QBX.pdb,1.0
3QFG,A,B,../../GraPPI_data/PDB/old_dimer_db/3QFG.pdb,1.0
3QFM,A,B,../../GraPPI_data/PDB/old_dimer_db/3QFM.pdb,1.0
3QHA,A,B,../../GraPPI_data/PDB/old_dimer_db/3QHA.pdb,1.0
3QK6,A,B,../../GraPPI_data/PDB/old_dimer_db/3QK6.pdb,1.0
3QKX,A,B,../../GraPPI_data/PDB/old_dimer_db/3QKX.pdb,1.0
3QOE,A,B,../../GraPPI_data/PDB/old_dimer_db/3QOE.pdb,1.0
3QS2,A,B,../../GraPPI_data/PDB/old_dimer_db/3QS2.pdb,1.0
3QT5,A,B,../../GraPPI_data/PDB/old_dimer_db/3QT5.pdb,1.0
3QTH,A,B,../../GraPPI_data/PDB/old_dimer_db/3QTH.pdb,1.0
3QU1,A,B,../../GraPPI_data/PDB/old_dimer_db/3QU1.pdb,1.0
3QUA,A,B,../../GraPPI_data/PDB/old_dimer_db/3QUA.pdb,1.0
3QWU,A,B,../../GraPPI_data/PDB/old_dimer_db/3QWU.pdb,1.0
3QYY,A,B,../../GraPPI_data/PDB/old_dimer_db/3QYY.pdb,1.0
3R0J,A,B,../../GraPPI_data/PDB/old_dimer_db/3R0J.pdb,1.0
3R12,A,B,../../GraPPI_data/PDB/old_dimer_db/3R12.pdb,1.0
3R2T,A,B,../../GraPPI_data/PDB/old_dimer_db/3R2T.pdb,1.0
3R3H,A,B,../../GraPPI_data/PDB/old_dimer_db/3R3H.pdb,1.0
3R40,A,B,../../GraPPI_data/PDB/old_dimer_db/3R40.pdb,1.0
3R89,A,B,../../GraPPI_data/PDB/old_dimer_db/3R89.pdb,1.0
3R8C,A,B,../../GraPPI_data/PDB/old_dimer_db/3R8C.pdb,1.0
3R9P,A,B,../../GraPPI_data/PDB/old_dimer_db/3R9P.pdb,1.0
3RAO,A,B,../../GraPPI_data/PDB/old_dimer_db/3RAO.pdb,1.0
3RD6,A,B,../../GraPPI_data/PDB/old_dimer_db/3RD6.pdb,1.0
3RD7,A,B,../../GraPPI_data/PDB/old_dimer_db/3RD7.pdb,1.0
3RGC,A,B,../../GraPPI_data/PDB/old_dimer_db/3RGC.pdb,1.0
3RMJ,A,B,../../GraPPI_data/PDB/old_dimer_db/3RMJ.pdb,1.0
3RNR,A,B,../../GraPPI_data/PDB/old_dimer_db/3RNR.pdb,1.0
3ROT,A,B,../../GraPPI_data/PDB/old_dimer_db/3ROT.pdb,1.0
3RPE,A,B,../../GraPPI_data/PDB/old_dimer_db/3RPE.pdb,1.0
3RPJ,A,B,../../GraPPI_data/PDB/old_dimer_db/3RPJ.pdb,1.0
3RQ9,A,B,../../GraPPI_data/PDB/old_dimer_db/3RQ9.pdb,1.0
3RRS,A,B,../../GraPPI_data/PDB/old_dimer_db/3RRS.pdb,1.0
3RTK,A,B,../../GraPPI_data/PDB/old_dimer_db/3RTK.pdb,1.0
3RZA,A,B,../../GraPPI_data/PDB/old_dimer_db/3RZA.pdb,1.0
3S5R,A,B,../../GraPPI_data/PDB/old_dimer_db/3S5R.pdb,1.0
3S5S,A,B,../../GraPPI_data/PDB/old_dimer_db/3S5S.pdb,1.0
3SBU,A,B,../../GraPPI_data/PDB/old_dimer_db/3SBU.pdb,1.0
3SDO,A,B,../../GraPPI_data/PDB/old_dimer_db/3SDO.pdb,1.0
3SEO,A,B,../../GraPPI_data/PDB/old_dimer_db/3SEO.pdb,1.0
3SK2,A,B,../../GraPPI_data/PDB/old_dimer_db/3SK2.pdb,1.0
3SQL,A,B,../../GraPPI_data/PDB/old_dimer_db/3SQL.pdb,1.0
3SQN,A,B,../../GraPPI_data/PDB/old_dimer_db/3SQN.pdb,1.0
3SXM,A,B,../../GraPPI_data/PDB/old_dimer_db/3SXM.pdb,1.0
3SXO,A,B,../../GraPPI_data/PDB/old_dimer_db/3SXO.pdb,1.0
3SY6,A,B,../../GraPPI_data/PDB/old_dimer_db/3SY6.pdb,1.0
3SYL,A,B,../../GraPPI_data/PDB/old_dimer_db/3SYL.pdb,1.0
3T2Z,A,B,../../GraPPI_data/PDB/old_dimer_db/3T2Z.pdb,1.0
3T38,A,B,../../GraPPI_data/PDB/old_dimer_db/3T38.pdb,1.0
3T4E,A,B,../../GraPPI_data/PDB/old_dimer_db/3T4E.pdb,1.0
3T5T,A,B,../../GraPPI_data/PDB/old_dimer_db/3T5T.pdb,1.0
3T61,A,B,../../GraPPI_data/PDB/old_dimer_db/3T61.pdb,1.0
3T69,A,B,../../GraPPI_data/PDB/old_dimer_db/3T69.pdb,1.0
3T7Y,A,B,../../GraPPI_data/PDB/old_dimer_db/3T7Y.pdb,1.0
3T8K,A,B,../../GraPPI_data/PDB/old_dimer_db/3T8K.pdb,1.0
3TAK,A,B,../../GraPPI_data/PDB/old_dimer_db/3TAK.pdb,1.0
3TAU,A,B,../../GraPPI_data/PDB/old_dimer_db/3TAU.pdb,1.0
3TBM,A,B,../../GraPPI_data/PDB/old_dimer_db/3TBM.pdb,1.0
3TC1,A,B,../../GraPPI_data/PDB/old_dimer_db/3TC1.pdb,1.0
3TC9,A,B,../../GraPPI_data/PDB/old_dimer_db/3TC9.pdb,1.0
3TDQ,A,B,../../GraPPI_data/PDB/old_dimer_db/3TDQ.pdb,1.0
3TE8,A,B,../../GraPPI_data/PDB/old_dimer_db/3TE8.pdb,1.0
3TFI,A,B,../../GraPPI_data/PDB/old_dimer_db/3TFI.pdb,1.0
3TFW,A,B,../../GraPPI_data/PDB/old_dimer_db/3TFW.pdb,1.0
3TG9,A,B,../../GraPPI_data/PDB/old_dimer_db/3TG9.pdb,1.0
3TGN,A,B,../../GraPPI_data/PDB/old_dimer_db/3TGN.pdb,1.0
3THA,A,B,../../GraPPI_data/PDB/old_dimer_db/3THA.pdb,1.0
3TK1,A,B,../../GraPPI_data/PDB/old_dimer_db/3TK1.pdb,1.0
3TP9,A,B,../../GraPPI_data/PDB/old_dimer_db/3TP9.pdb,1.0
3TQT,A,B,../../GraPPI_data/PDB/old_dimer_db/3TQT.pdb,1.0
3TR3,A,B,../../GraPPI_data/PDB/old_dimer_db/3TR3.pdb,1.0
3TRI,A,B,../../GraPPI_data/PDB/old_dimer_db/3TRI.pdb,1.0
3TSM,A,B,../../GraPPI_data/PDB/old_dimer_db/3TSM.pdb,1.0
3TX3,A,B,../../GraPPI_data/PDB/old_dimer_db/3TX3.pdb,1.0
3TYR,A,B,../../GraPPI_data/PDB/old_dimer_db/3TYR.pdb,1.0
3TZT,A,B,../../GraPPI_data/PDB/old_dimer_db/3TZT.pdb,1.0
3U1X,A,B,../../GraPPI_data/PDB/old_dimer_db/3U1X.pdb,1.0
3U6G,A,B,../../GraPPI_data/PDB/old_dimer_db/3U6G.pdb,1.0
3U6U,A,C,../../GraPPI_data/PDB/old_dimer_db/3U6U.pdb,1.0
3U7R,A,B,../../GraPPI_data/PDB/old_dimer_db/3U7R.pdb,1.0
3U96,A,B,../../GraPPI_data/PDB/old_dimer_db/3U96.pdb,1.0
3UAQ,A,B,../../GraPPI_data/PDB/old_dimer_db/3UAQ.pdb,1.0
3UB6,A,B,../../GraPPI_data/PDB/old_dimer_db/3UB6.pdb,1.0
3UBK,A,B,../../GraPPI_data/PDB/old_dimer_db/3UBK.pdb,1.0
3UEP,A,B,../../GraPPI_data/PDB/old_dimer_db/3UEP.pdb,1.0
3UES,A,B,../../GraPPI_data/PDB/old_dimer_db/3UES.pdb,1.0
3UF6,A,B,../../GraPPI_data/PDB/old_dimer_db/3UF6.pdb,1.0
3UFE,A,B,../../GraPPI_data/PDB/old_dimer_db/3UFE.pdb,1.0
3UGS,B,A,../../GraPPI_data/PDB/old_dimer_db/3UGS.pdb,1.0
3UK2,A,B,../../GraPPI_data/PDB/old_dimer_db/3UK2.pdb,1.0
3UPL,A,B,../../GraPPI_data/PDB/old_dimer_db/3UPL.pdb,1.0
3URR,A,B,../../GraPPI_data/PDB/old_dimer_db/3URR.pdb,1.0
3USS,A,B,../../GraPPI_data/PDB/old_dimer_db/3USS.pdb,1.0
3UT4,A,B,../../GraPPI_data/PDB/old_dimer_db/3UT4.pdb,1.0
3V48,A,B,../../GraPPI_data/PDB/old_dimer_db/3V48.pdb,1.0
3V67,A,B,../../GraPPI_data/PDB/old_dimer_db/3V67.pdb,1.0
3V6G,A,B,../../GraPPI_data/PDB/old_dimer_db/3V6G.pdb,1.0
3VAB,A,B,../../GraPPI_data/PDB/old_dimer_db/3VAB.pdb,1.0
3VAY,A,B,../../GraPPI_data/PDB/old_dimer_db/3VAY.pdb,1.0
3VGS,A,B,../../GraPPI_data/PDB/old_dimer_db/3VGS.pdb,1.0
3VK5,A,B,../../GraPPI_data/PDB/old_dimer_db/3VK5.pdb,1.0
3VSK,A,B,../../GraPPI_data/PDB/old_dimer_db/3VSK.pdb,1.0
3VVX,A,B,../../GraPPI_data/PDB/old_dimer_db/3VVX.pdb,1.0
3W08,A,B,../../GraPPI_data/PDB/old_dimer_db/3W08.pdb,1.0
3W20,A,B,../../GraPPI_data/PDB/old_dimer_db/3W20.pdb,1.0
3W34,A,B,../../GraPPI_data/PDB/old_dimer_db/3W34.pdb,1.0
3W5J,A,B,../../GraPPI_data/PDB/old_dimer_db/3W5J.pdb,1.0
3W8Z,A,B,../../GraPPI_data/PDB/old_dimer_db/3W8Z.pdb,1.0
3WAE,A,B,../../GraPPI_data/PDB/old_dimer_db/3WAE.pdb,1.0
3WCO,A,B,../../GraPPI_data/PDB/old_dimer_db/3WCO.pdb,1.0
3WEU,A,B,../../GraPPI_data/PDB/old_dimer_db/3WEU.pdb,1.0
3WFI,A,B,../../GraPPI_data/PDB/old_dimer_db/3WFI.pdb,1.0
3WFX,A,B,../../GraPPI_data/PDB/old_dimer_db/3WFX.pdb,1.0
3WGH,A,B,../../GraPPI_data/PDB/old_dimer_db/3WGH.pdb,1.0
3WO8,A,B,../../GraPPI_data/PDB/old_dimer_db/3WO8.pdb,1.0
3WPW,A,B,../../GraPPI_data/PDB/old_dimer_db/3WPW.pdb,1.0
3WRA,A,B,../../GraPPI_data/PDB/old_dimer_db/3WRA.pdb,1.0
3WUR,A,B,../../GraPPI_data/PDB/old_dimer_db/3WUR.pdb,1.0
3ZCD,A,B,../../GraPPI_data/PDB/old_dimer_db/3ZCD.pdb,1.0
3ZFI,A,B,../../GraPPI_data/PDB/old_dimer_db/3ZFI.pdb,1.0
3ZHC,A,B,../../GraPPI_data/PDB/old_dimer_db/3ZHC.pdb,1.0
3ZIH,A,B,../../GraPPI_data/PDB/old_dimer_db/3ZIH.pdb,1.0
3ZIT,A,B,../../GraPPI_data/PDB/old_dimer_db/3ZIT.pdb,1.0
3ZPC,A,B,../../GraPPI_data/PDB/old_dimer_db/3ZPC.pdb,1.0
3ZU0,A,B,../../GraPPI_data/PDB/old_dimer_db/3ZU0.pdb,1.0
3ZX4,A,B,../../GraPPI_data/PDB/old_dimer_db/3ZX4.pdb,1.0
3ZXQ,A,B,../../GraPPI_data/PDB/old_dimer_db/3ZXQ.pdb,1.0
3ZYY,X,Y,../../GraPPI_data/PDB/old_dimer_db/3ZYY.pdb,1.0
4A0Z,A,B,../../GraPPI_data/PDB/old_dimer_db/4A0Z.pdb,1.0
4A1F,A,B,../../GraPPI_data/PDB/old_dimer_db/4A1F.pdb,1.0
4A7W,A,B,../../GraPPI_data/PDB/old_dimer_db/4A7W.pdb,1.0
4A9W,A,B,../../GraPPI_data/PDB/old_dimer_db/4A9W.pdb,1.0
4AAL,A,B,../../GraPPI_data/PDB/old_dimer_db/4AAL.pdb,1.0
4AB5,A,B,../../GraPPI_data/PDB/old_dimer_db/4AB5.pdb,1.0
4ACI,A,B,../../GraPPI_data/PDB/old_dimer_db/4ACI.pdb,1.0
4ADN,A,B,../../GraPPI_data/PDB/old_dimer_db/4ADN.pdb,1.0
4AK5,A,B,../../GraPPI_data/PDB/old_dimer_db/4AK5.pdb,1.0
4AKK,A,B,../../GraPPI_data/PDB/old_dimer_db/4AKK.pdb,1.0
4AMG,A,B,../../GraPPI_data/PDB/old_dimer_db/4AMG.pdb,1.0
4APS,A,B,../../GraPPI_data/PDB/old_dimer_db/4APS.pdb,1.0
4AQN,A,B,../../GraPPI_data/PDB/old_dimer_db/4AQN.pdb,1.0
4AV3,A,B,../../GraPPI_data/PDB/old_dimer_db/4AV3.pdb,1.0
4AVR,A,B,../../GraPPI_data/PDB/old_dimer_db/4AVR.pdb,1.0
4AXO,A,B,../../GraPPI_data/PDB/old_dimer_db/4AXO.pdb,1.0
4AY0,A,B,../../GraPPI_data/PDB/old_dimer_db/4AY0.pdb,1.0
4AYN,A,B,../../GraPPI_data/PDB/old_dimer_db/4AYN.pdb,1.0
4B0T,A,B,../../GraPPI_data/PDB/old_dimer_db/4B0T.pdb,1.0
4B54,A,B,../../GraPPI_data/PDB/old_dimer_db/4B54.pdb,1.0
4BE3,A,B,../../GraPPI_data/PDB/old_dimer_db/4BE3.pdb,1.0
4BHQ,A,B,../../GraPPI_data/PDB/old_dimer_db/4BHQ.pdb,1.0
4BI3,A,B,../../GraPPI_data/PDB/old_dimer_db/4BI3.pdb,1.0
4BIX,A,B,../../GraPPI_data/PDB/old_dimer_db/4BIX.pdb,1.0
4BOL,A,B,../../GraPPI_data/PDB/old_dimer_db/4BOL.pdb,1.0
4BRC,A,B,../../GraPPI_data/PDB/old_dimer_db/4BRC.pdb,1.0
4BRZ,A,B,../../GraPPI_data/PDB/old_dimer_db/4BRZ.pdb,1.0
4BYY,A,B,../../GraPPI_data/PDB/old_dimer_db/4BYY.pdb,1.0
4C2E,A,B,../../GraPPI_data/PDB/old_dimer_db/4C2E.pdb,1.0
4CGR,A,B,../../GraPPI_data/PDB/old_dimer_db/4CGR.pdb,1.0
4CJN,A,B,../../GraPPI_data/PDB/old_dimer_db/4CJN.pdb,1.0
4CLV,A,B,../../GraPPI_data/PDB/old_dimer_db/4CLV.pdb,1.0
4CMW,A,B,../../GraPPI_data/PDB/old_dimer_db/4CMW.pdb,1.0
4CND,A,B,../../GraPPI_data/PDB/old_dimer_db/4CND.pdb,1.0
4CQB,A,B,../../GraPPI_data/PDB/old_dimer_db/4CQB.pdb,1.0
4CSW,A,B,../../GraPPI_data/PDB/old_dimer_db/4CSW.pdb,1.0
4D48,A,B,../../GraPPI_data/PDB/old_dimer_db/4D48.pdb,1.0
4D6Y,A,B,../../GraPPI_data/PDB/old_dimer_db/4D6Y.pdb,1.0
4D9I,A,B,../../GraPPI_data/PDB/old_dimer_db/4D9I.pdb,1.0
4DCZ,A,B,../../GraPPI_data/PDB/old_dimer_db/4DCZ.pdb,1.0
4DFR,A,B,../../GraPPI_data/PDB/old_dimer_db/4DFR.pdb,1.0
4DI0,A,B,../../GraPPI_data/PDB/old_dimer_db/4DI0.pdb,1.0
4DMG,A,B,../../GraPPI_data/PDB/old_dimer_db/4DMG.pdb,1.0
4DN2,A,B,../../GraPPI_data/PDB/old_dimer_db/4DN2.pdb,1.0
4DN9,A,B,../../GraPPI_data/PDB/old_dimer_db/4DN9.pdb,1.0
4DNX,A,B,../../GraPPI_data/PDB/old_dimer_db/4DNX.pdb,1.0
4DO2,A,B,../../GraPPI_data/PDB/old_dimer_db/4DO2.pdb,1.0
4DQ9,A,B,../../GraPPI_data/PDB/old_dimer_db/4DQ9.pdb,1.0
4DVJ,A,B,../../GraPPI_data/PDB/old_dimer_db/4DVJ.pdb,1.0
4E1P,A,B,../../GraPPI_data/PDB/old_dimer_db/4E1P.pdb,1.0
4E2A,A,B,../../GraPPI_data/PDB/old_dimer_db/4E2A.pdb,1.0
4E8D,A,B,../../GraPPI_data/PDB/old_dimer_db/4E8D.pdb,1.0
4E8O,A,B,../../GraPPI_data/PDB/old_dimer_db/4E8O.pdb,1.0
4E9J,A,B,../../GraPPI_data/PDB/old_dimer_db/4E9J.pdb,1.0
4EAE,A,B,../../GraPPI_data/PDB/old_dimer_db/4EAE.pdb,1.0
4EBG,A,B,../../GraPPI_data/PDB/old_dimer_db/4EBG.pdb,1.0
4EBJ,A,B,../../GraPPI_data/PDB/old_dimer_db/4EBJ.pdb,1.0
4EEZ,A,B,../../GraPPI_data/PDB/old_dimer_db/4EEZ.pdb,1.0
4EGS,A,B,../../GraPPI_data/PDB/old_dimer_db/4EGS.pdb,1.0
4EH1,A,B,../../GraPPI_data/PDB/old_dimer_db/4EH1.pdb,1.0
4EHI,A,B,../../GraPPI_data/PDB/old_dimer_db/4EHI.pdb,1.0
4EHS,A,B,../../GraPPI_data/PDB/old_dimer_db/4EHS.pdb,1.0
4EI0,A,B,../../GraPPI_data/PDB/old_dimer_db/4EI0.pdb,1.0
4EM8,A,B,../../GraPPI_data/PDB/old_dimer_db/4EM8.pdb,1.0
4EO3,A,B,../../GraPPI_data/PDB/old_dimer_db/4EO3.pdb,1.0
4ERU,A,B,../../GraPPI_data/PDB/old_dimer_db/4ERU.pdb,1.0
4ESN,A,B,../../GraPPI_data/PDB/old_dimer_db/4ESN.pdb,1.0
4ESY,A,B,../../GraPPI_data/PDB/old_dimer_db/4ESY.pdb,1.0
4EV0,A,D,../../GraPPI_data/PDB/old_dimer_db/4EV0.pdb,1.0
4EVU,A,B,../../GraPPI_data/PDB/old_dimer_db/4EVU.pdb,1.0
4EW5,A,B,../../GraPPI_data/PDB/old_dimer_db/4EW5.pdb,1.0
4EWL,A,B,../../GraPPI_data/PDB/old_dimer_db/4EWL.pdb,1.0
4F82,A,B,../../GraPPI_data/PDB/old_dimer_db/4F82.pdb,1.0
4FIN,A,B,../../GraPPI_data/PDB/old_dimer_db/4FIN.pdb,1.0
4FKB,A,B,../../GraPPI_data/PDB/old_dimer_db/4FKB.pdb,1.0
4FQD,A,B,../../GraPPI_data/PDB/old_dimer_db/4FQD.pdb,1.0
4G12,A,B,../../GraPPI_data/PDB/old_dimer_db/4G12.pdb,1.0
4G2B,A,B,../../GraPPI_data/PDB/old_dimer_db/4G2B.pdb,1.0
4G3V,A,B,../../GraPPI_data/PDB/old_dimer_db/4G3V.pdb,1.0
4G5A,A,B,../../GraPPI_data/PDB/old_dimer_db/4G5A.pdb,1.0
4G6C,A,B,../../GraPPI_data/PDB/old_dimer_db/4G6C.pdb,1.0
4G89,A,B,../../GraPPI_data/PDB/old_dimer_db/4G89.pdb,1.0
4GBD,A,B,../../GraPPI_data/PDB/old_dimer_db/4GBD.pdb,1.0
4GFL,A,B,../../GraPPI_data/PDB/old_dimer_db/4GFL.pdb,1.0
4GIT,A,B,../../GraPPI_data/PDB/old_dimer_db/4GIT.pdb,1.0
4GKG,A,F,../../GraPPI_data/PDB/old_dimer_db/4GKG.pdb,1.0
4GLW,A,B,../../GraPPI_data/PDB/old_dimer_db/4GLW.pdb,1.0
4GYM,A,B,../../GraPPI_data/PDB/old_dimer_db/4GYM.pdb,1.0
4GYS,A,B,../../GraPPI_data/PDB/old_dimer_db/4GYS.pdb,1.0
4GYT,A,B,../../GraPPI_data/PDB/old_dimer_db/4GYT.pdb,1.0
4H3U,A,B,../../GraPPI_data/PDB/old_dimer_db/4H3U.pdb,1.0
4H40,A,B,../../GraPPI_data/PDB/old_dimer_db/4H40.pdb,1.0
4H54,A,B,../../GraPPI_data/PDB/old_dimer_db/4H54.pdb,1.0
4H5B,A,B,../../GraPPI_data/PDB/old_dimer_db/4H5B.pdb,1.0
4H7L,A,B,../../GraPPI_data/PDB/old_dimer_db/4H7L.pdb,1.0
4HB7,A,B,../../GraPPI_data/PDB/old_dimer_db/4HB7.pdb,1.0
4HCX,A,B,../../GraPPI_data/PDB/old_dimer_db/4HCX.pdb,1.0
4HEH,A,B,../../GraPPI_data/PDB/old_dimer_db/4HEH.pdb,1.0
4HEQ,A,B,../../GraPPI_data/PDB/old_dimer_db/4HEQ.pdb,1.0
4HF0,A,B,../../GraPPI_data/PDB/old_dimer_db/4HF0.pdb,1.0
4HFS,A,B,../../GraPPI_data/PDB/old_dimer_db/4HFS.pdb,1.0
4HIA,A,B,../../GraPPI_data/PDB/old_dimer_db/4HIA.pdb,1.0
4HKU,A,B,../../GraPPI_data/PDB/old_dimer_db/4HKU.pdb,1.0
4HRV,A,B,../../GraPPI_data/PDB/old_dimer_db/4HRV.pdb,1.0
4HTF,A,B,../../GraPPI_data/PDB/old_dimer_db/4HTF.pdb,1.0
4HWV,A,B,../../GraPPI_data/PDB/old_dimer_db/4HWV.pdb,1.0
4HYE,A,B,../../GraPPI_data/PDB/old_dimer_db/4HYE.pdb,1.0
4HYL,A,B,../../GraPPI_data/PDB/old_dimer_db/4HYL.pdb,1.0
4I14,A,B,../../GraPPI_data/PDB/old_dimer_db/4I14.pdb,1.0
4I1U,A,B,../../GraPPI_data/PDB/old_dimer_db/4I1U.pdb,1.0
4I4K,A,B,../../GraPPI_data/PDB/old_dimer_db/4I4K.pdb,1.0
4I6R,A,B,../../GraPPI_data/PDB/old_dimer_db/4I6R.pdb,1.0
4I7H,A,B,../../GraPPI_data/PDB/old_dimer_db/4I7H.pdb,1.0
4I9F,A,B,../../GraPPI_data/PDB/old_dimer_db/4I9F.pdb,1.0
4ICS,A,B,../../GraPPI_data/PDB/old_dimer_db/4ICS.pdb,1.0
4ID0,A,B,../../GraPPI_data/PDB/old_dimer_db/4ID0.pdb,1.0
4IJA,A,B,../../GraPPI_data/PDB/old_dimer_db/4IJA.pdb,1.0
4IJN,A,B,../../GraPPI_data/PDB/old_dimer_db/4IJN.pdb,1.0
4IJZ,A,B,../../GraPPI_data/PDB/old_dimer_db/4IJZ.pdb,1.0
4IO1,A,B,../../GraPPI_data/PDB/old_dimer_db/4IO1.pdb,1.0
4IV9,A,B,../../GraPPI_data/PDB/old_dimer_db/4IV9.pdb,1.0
4IVN,A,B,../../GraPPI_data/PDB/old_dimer_db/4IVN.pdb,1.0
4IWN,A,B,../../GraPPI_data/PDB/old_dimer_db/4IWN.pdb,1.0
4IXN,A,B,../../GraPPI_data/PDB/old_dimer_db/4IXN.pdb,1.0
4IYJ,A,B,../../GraPPI_data/PDB/old_dimer_db/4IYJ.pdb,1.0
4J0N,A,B,../../GraPPI_data/PDB/old_dimer_db/4J0N.pdb,1.0
4J3C,A,B,../../GraPPI_data/PDB/old_dimer_db/4J3C.pdb,1.0
4J42,A,B,../../GraPPI_data/PDB/old_dimer_db/4J42.pdb,1.0
4J72,A,B,../../GraPPI_data/PDB/old_dimer_db/4J72.pdb,1.0
4JAK,A,B,../../GraPPI_data/PDB/old_dimer_db/4JAK.pdb,1.0
4JBE,A,B,../../GraPPI_data/PDB/old_dimer_db/4JBE.pdb,1.0
4JD7,A,D,../../GraPPI_data/PDB/old_dimer_db/4JD7.pdb,1.0
4JEM,A,B,../../GraPPI_data/PDB/old_dimer_db/4JEM.pdb,1.0
4JGP,A,B,../../GraPPI_data/PDB/old_dimer_db/4JGP.pdb,1.0
4JOQ,A,B,../../GraPPI_data/PDB/old_dimer_db/4JOQ.pdb,1.0
4JQT,A,B,../../GraPPI_data/PDB/old_dimer_db/4JQT.pdb,1.0
4JTM,A,B,../../GraPPI_data/PDB/old_dimer_db/4JTM.pdb,1.0
4JX2,A,B,../../GraPPI_data/PDB/old_dimer_db/4JX2.pdb,1.0
4JXQ,A,B,../../GraPPI_data/PDB/old_dimer_db/4JXQ.pdb,1.0
4JYK,A,B,../../GraPPI_data/PDB/old_dimer_db/4JYK.pdb,1.0
4K8K,A,B,../../GraPPI_data/PDB/old_dimer_db/4K8K.pdb,1.0
4KAF,A,B,../../GraPPI_data/PDB/old_dimer_db/4KAF.pdb,1.0
4KIB,A,B,../../GraPPI_data/PDB/old_dimer_db/4KIB.pdb,1.0
4KM3,A,B,../../GraPPI_data/PDB/old_dimer_db/4KM3.pdb,1.0
4KN8,A,B,../../GraPPI_data/PDB/old_dimer_db/4KN8.pdb,1.0
4KS9,A,B,../../GraPPI_data/PDB/old_dimer_db/4KS9.pdb,1.0
4KTP,A,B,../../GraPPI_data/PDB/old_dimer_db/4KTP.pdb,1.0
4KWA,A,B,../../GraPPI_data/PDB/old_dimer_db/4KWA.pdb,1.0
4L3K,A,B,../../GraPPI_data/PDB/old_dimer_db/4L3K.pdb,1.0
4L6W,A,B,../../GraPPI_data/PDB/old_dimer_db/4L6W.pdb,1.0
4L9G,A,B,../../GraPPI_data/PDB/old_dimer_db/4L9G.pdb,1.0
4L9N,A,B,../../GraPPI_data/PDB/old_dimer_db/4L9N.pdb,1.0
4LDP,A,B,../../GraPPI_data/PDB/old_dimer_db/4LDP.pdb,1.0
4LDS,A,B,../../GraPPI_data/PDB/old_dimer_db/4LDS.pdb,1.0
4LJ3,A,B,../../GraPPI_data/PDB/old_dimer_db/4LJ3.pdb,1.0
4LJI,A,B,../../GraPPI_data/PDB/old_dimer_db/4LJI.pdb,1.0
4LMA,A,B,../../GraPPI_data/PDB/old_dimer_db/4LMA.pdb,1.0
4LMI,A,B,../../GraPPI_data/PDB/old_dimer_db/4LMI.pdb,1.0
4LOW,A,B,../../GraPPI_data/PDB/old_dimer_db/4LOW.pdb,1.0
4LQB,A,B,../../GraPPI_data/PDB/old_dimer_db/4LQB.pdb,1.0
4LQC,A,B,../../GraPPI_data/PDB/old_dimer_db/4LQC.pdb,1.0
4LS9,A,B,../../GraPPI_data/PDB/old_dimer_db/4LS9.pdb,1.0
4LSB,A,B,../../GraPPI_data/PDB/old_dimer_db/4LSB.pdb,1.0
4LUB,A,B,../../GraPPI_data/PDB/old_dimer_db/4LUB.pdb,1.0
4M7Y,A,B,../../GraPPI_data/PDB/old_dimer_db/4M7Y.pdb,1.0
4MAK,A,B,../../GraPPI_data/PDB/old_dimer_db/4MAK.pdb,1.0
4MCW,A,B,../../GraPPI_data/PDB/old_dimer_db/4MCW.pdb,1.0
4ME9,A,B,../../GraPPI_data/PDB/old_dimer_db/4ME9.pdb,1.0
4MIS,A,B,../../GraPPI_data/PDB/old_dimer_db/4MIS.pdb,1.0
4MKI,B,A,../../GraPPI_data/PDB/old_dimer_db/4MKI.pdb,1.0
4ML9,A,B,../../GraPPI_data/PDB/old_dimer_db/4ML9.pdb,1.0
4MPH,A,B,../../GraPPI_data/PDB/old_dimer_db/4MPH.pdb,1.0
4MUR,A,B,../../GraPPI_data/PDB/old_dimer_db/4MUR.pdb,1.0
4MYP,A,B,../../GraPPI_data/PDB/old_dimer_db/4MYP.pdb,1.0
4MZW,A,B,../../GraPPI_data/PDB/old_dimer_db/4MZW.pdb,1.0
4N0R,A,B,../../GraPPI_data/PDB/old_dimer_db/4N0R.pdb,1.0
4N3O,A,B,../../GraPPI_data/PDB/old_dimer_db/4N3O.pdb,1.0
4N6F,A,B,../../GraPPI_data/PDB/old_dimer_db/4N6F.pdb,1.0
4N8O,A,B,../../GraPPI_data/PDB/old_dimer_db/4N8O.pdb,1.0
4NAF,A,B,../../GraPPI_data/PDB/old_dimer_db/4NAF.pdb,1.0
4NC7,A,B,../../GraPPI_data/PDB/old_dimer_db/4NC7.pdb,1.0
4NEG,A,B,../../GraPPI_data/PDB/old_dimer_db/4NEG.pdb,1.0
4NJH,A,B,../../GraPPI_data/PDB/old_dimer_db/4NJH.pdb,1.0
4NK2,A,B,../../GraPPI_data/PDB/old_dimer_db/4NK2.pdb,1.0
4NNZ,A,B,../../GraPPI_data/PDB/old_dimer_db/4NNZ.pdb,1.0
4NOI,A,B,../../GraPPI_data/PDB/old_dimer_db/4NOI.pdb,1.0
4NQF,A,B,../../GraPPI_data/PDB/old_dimer_db/4NQF.pdb,1.0
4NSV,A,B,../../GraPPI_data/PDB/old_dimer_db/4NSV.pdb,1.0
4NVS,A,B,../../GraPPI_data/PDB/old_dimer_db/4NVS.pdb,1.0
4O1E,A,B,../../GraPPI_data/PDB/old_dimer_db/4O1E.pdb,1.0
4O3V,A,B,../../GraPPI_data/PDB/old_dimer_db/4O3V.pdb,1.0
4O4O,A,B,../../GraPPI_data/PDB/old_dimer_db/4O4O.pdb,1.0
4O7O,A,B,../../GraPPI_data/PDB/old_dimer_db/4O7O.pdb,1.0
4OB9,A,B,../../GraPPI_data/PDB/old_dimer_db/4OB9.pdb,1.0
4OI3,A,B,../../GraPPI_data/PDB/old_dimer_db/4OI3.pdb,1.0
4OK4,A,B,../../GraPPI_data/PDB/old_dimer_db/4OK4.pdb,1.0
4OKC,A,B,../../GraPPI_data/PDB/old_dimer_db/4OKC.pdb,1.0
4OKE,A,B,../../GraPPI_data/PDB/old_dimer_db/4OKE.pdb,1.0
4OQQ,A,B,../../GraPPI_data/PDB/old_dimer_db/4OQQ.pdb,1.0
4P04,A,B,../../GraPPI_data/PDB/old_dimer_db/4P04.pdb,1.0
4P0E,A,B,../../GraPPI_data/PDB/old_dimer_db/4P0E.pdb,1.0
4P2X,A,B,../../GraPPI_data/PDB/old_dimer_db/4P2X.pdb,1.0
4P7C,A,B,../../GraPPI_data/PDB/old_dimer_db/4P7C.pdb,1.0
4P8I,A,B,../../GraPPI_data/PDB/old_dimer_db/4P8I.pdb,1.0
4P93,A,B,../../GraPPI_data/PDB/old_dimer_db/4P93.pdb,1.0
4PBB,A,B,../../GraPPI_data/PDB/old_dimer_db/4PBB.pdb,1.0
4PBC,A,B,../../GraPPI_data/PDB/old_dimer_db/4PBC.pdb,1.0
4PCV,A,B,../../GraPPI_data/PDB/old_dimer_db/4PCV.pdb,1.0
4PEO,A,B,../../GraPPI_data/PDB/old_dimer_db/4PEO.pdb,1.0
4PFZ,A,B,../../GraPPI_data/PDB/old_dimer_db/4PFZ.pdb,1.0
4PG7,A,B,../../GraPPI_data/PDB/old_dimer_db/4PG7.pdb,1.0
4PIC,A,B,../../GraPPI_data/PDB/old_dimer_db/4PIC.pdb,1.0
4PMV,A,B,../../GraPPI_data/PDB/old_dimer_db/4PMV.pdb,1.0
4POB,A,B,../../GraPPI_data/PDB/old_dimer_db/4POB.pdb,1.0
4PON,A,B,../../GraPPI_data/PDB/old_dimer_db/4PON.pdb,1.0
4PR3,A,B,../../GraPPI_data/PDB/old_dimer_db/4PR3.pdb,1.0
4PRS,A,B,../../GraPPI_data/PDB/old_dimer_db/4PRS.pdb,1.0
4PTS,A,B,../../GraPPI_data/PDB/old_dimer_db/4PTS.pdb,1.0
4PUC,A,B,../../GraPPI_data/PDB/old_dimer_db/4PUC.pdb,1.0
4PW1,A,B,../../GraPPI_data/PDB/old_dimer_db/4PW1.pdb,1.0
4Q20,A,B,../../GraPPI_data/PDB/old_dimer_db/4Q20.pdb,1.0
4Q25,A,B,../../GraPPI_data/PDB/old_dimer_db/4Q25.pdb,1.0
4Q2E,A,B,../../GraPPI_data/PDB/old_dimer_db/4Q2E.pdb,1.0
4Q2H,A,B,../../GraPPI_data/PDB/old_dimer_db/4Q2H.pdb,1.0
4Q51,A,B,../../GraPPI_data/PDB/old_dimer_db/4Q51.pdb,1.0
4Q69,A,B,../../GraPPI_data/PDB/old_dimer_db/4Q69.pdb,1.0
4Q6U,A,B,../../GraPPI_data/PDB/old_dimer_db/4Q6U.pdb,1.0
4Q84,A,B,../../GraPPI_data/PDB/old_dimer_db/4Q84.pdb,1.0
4Q9A,A,B,../../GraPPI_data/PDB/old_dimer_db/4Q9A.pdb,1.0
4QAS,A,B,../../GraPPI_data/PDB/old_dimer_db/4QAS.pdb,1.0
4QDK,A,B,../../GraPPI_data/PDB/old_dimer_db/4QDK.pdb,1.0
4QE0,A,B,../../GraPPI_data/PDB/old_dimer_db/4QE0.pdb,1.0
4QIT,A,B,../../GraPPI_data/PDB/old_dimer_db/4QIT.pdb,1.0
4QJY,A,B,../../GraPPI_data/PDB/old_dimer_db/4QJY.pdb,1.0
4QNC,A,B,../../GraPPI_data/PDB/old_dimer_db/4QNC.pdb,1.0
4QPK,A,B,../../GraPPI_data/PDB/old_dimer_db/4QPK.pdb,1.0
4QTG,A,B,../../GraPPI_data/PDB/old_dimer_db/4QTG.pdb,1.0
4QUS,A,B,../../GraPPI_data/PDB/old_dimer_db/4QUS.pdb,1.0
4QXZ,A,B,../../GraPPI_data/PDB/old_dimer_db/4QXZ.pdb,1.0
4R0K,A,B,../../GraPPI_data/PDB/old_dimer_db/4R0K.pdb,1.0
4R1H,A,B,../../GraPPI_data/PDB/old_dimer_db/4R1H.pdb,1.0
4R1I,A,B,../../GraPPI_data/PDB/old_dimer_db/4R1I.pdb,1.0
4R27,A,B,../../GraPPI_data/PDB/old_dimer_db/4R27.pdb,1.0
4R6I,A,B,../../GraPPI_data/PDB/old_dimer_db/4R6I.pdb,1.0
4R8Z,A,B,../../GraPPI_data/PDB/old_dimer_db/4R8Z.pdb,1.0
4R9X,A,B,../../GraPPI_data/PDB/old_dimer_db/4R9X.pdb,1.0
4RAY,A,B,../../GraPPI_data/PDB/old_dimer_db/4RAY.pdb,1.0
4RBR,A,B,../../GraPPI_data/PDB/old_dimer_db/4RBR.pdb,1.0
4RCK,A,B,../../GraPPI_data/PDB/old_dimer_db/4RCK.pdb,1.0
4RCT,A,B,../../GraPPI_data/PDB/old_dimer_db/4RCT.pdb,1.0
4RGD,A,B,../../GraPPI_data/PDB/old_dimer_db/4RGD.pdb,1.0
4RGP,A,B,../../GraPPI_data/PDB/old_dimer_db/4RGP.pdb,1.0
4RHA,A,B,../../GraPPI_data/PDB/old_dimer_db/4RHA.pdb,1.0
4RIF,A,B,../../GraPPI_data/PDB/old_dimer_db/4RIF.pdb,1.0
4RL4,A,B,../../GraPPI_data/PDB/old_dimer_db/4RL4.pdb,1.0
4RL6,A,B,../../GraPPI_data/PDB/old_dimer_db/4RL6.pdb,1.0
4RO3,A,B,../../GraPPI_data/PDB/old_dimer_db/4RO3.pdb,1.0
4RP8,A,C,../../GraPPI_data/PDB/old_dimer_db/4RP8.pdb,1.0
4RSW,A,B,../../GraPPI_data/PDB/old_dimer_db/4RSW.pdb,1.0
4RT5,A,B,../../GraPPI_data/PDB/old_dimer_db/4RT5.pdb,1.0
4RYI,A,B,../../GraPPI_data/PDB/old_dimer_db/4RYI.pdb,1.0
4RZ3,A,B,../../GraPPI_data/PDB/old_dimer_db/4RZ3.pdb,1.0
4S1A,A,B,../../GraPPI_data/PDB/old_dimer_db/4S1A.pdb,1.0
4S23,A,B,../../GraPPI_data/PDB/old_dimer_db/4S23.pdb,1.0
4S35,A,B,../../GraPPI_data/PDB/old_dimer_db/4S35.pdb,1.0
4S3M,A,B,../../GraPPI_data/PDB/old_dimer_db/4S3M.pdb,1.0
4TKR,A,B,../../GraPPI_data/PDB/old_dimer_db/4TKR.pdb,1.0
4TL3,A,B,../../GraPPI_data/PDB/old_dimer_db/4TL3.pdb,1.0
4TN5,A,B,../../GraPPI_data/PDB/old_dimer_db/4TN5.pdb,1.0
4TPH,A,B,../../GraPPI_data/PDB/old_dimer_db/4TPH.pdb,1.0
4U0W,A,B,../../GraPPI_data/PDB/old_dimer_db/4U0W.pdb,1.0
4U13,A,B,../../GraPPI_data/PDB/old_dimer_db/4U13.pdb,1.0
4U3E,A,B,../../GraPPI_data/PDB/old_dimer_db/4U3E.pdb,1.0
4U3Q,A,B,../../GraPPI_data/PDB/old_dimer_db/4U3Q.pdb,1.0
4U7O,A,B,../../GraPPI_data/PDB/old_dimer_db/4U7O.pdb,1.0
4UA1,A,B,../../GraPPI_data/PDB/old_dimer_db/4UA1.pdb,1.0
4UC2,A,B,../../GraPPI_data/PDB/old_dimer_db/4UC2.pdb,1.0
4UG1,A,B,../../GraPPI_data/PDB/old_dimer_db/4UG1.pdb,1.0
4UII,A,B,../../GraPPI_data/PDB/old_dimer_db/4UII.pdb,1.0
4UIR,A,B,../../GraPPI_data/PDB/old_dimer_db/4UIR.pdb,1.0
4UOP,A,B,../../GraPPI_data/PDB/old_dimer_db/4UOP.pdb,1.0
4UPL,A,C,../../GraPPI_data/PDB/old_dimer_db/4UPL.pdb,1.0
4UU3,A,B,../../GraPPI_data/PDB/old_dimer_db/4UU3.pdb,1.0
4UUW,A,B,../../GraPPI_data/PDB/old_dimer_db/4UUW.pdb,1.0
4UX7,A,B,../../GraPPI_data/PDB/old_dimer_db/4UX7.pdb,1.0
4UZ8,A,B,../../GraPPI_data/PDB/old_dimer_db/4UZ8.pdb,1.0
4V03,A,B,../../GraPPI_data/PDB/old_dimer_db/4V03.pdb,1.0
4V0S,A,B,../../GraPPI_data/PDB/old_dimer_db/4V0S.pdb,1.0
4V17,A,B,../../GraPPI_data/PDB/old_dimer_db/4V17.pdb,1.0
4W8C,A,B,../../GraPPI_data/PDB/old_dimer_db/4W8C.pdb,1.0
4W8I,A,B,../../GraPPI_data/PDB/old_dimer_db/4W8I.pdb,1.0
4W9R,A,B,../../GraPPI_data/PDB/old_dimer_db/4W9R.pdb,1.0
4WD3,A,B,../../GraPPI_data/PDB/old_dimer_db/4WD3.pdb,1.0
4WF5,A,B,../../GraPPI_data/PDB/old_dimer_db/4WF5.pdb,1.0
4WH5,A,B,../../GraPPI_data/PDB/old_dimer_db/4WH5.pdb,1.0
4WJT,A,B,../../GraPPI_data/PDB/old_dimer_db/4WJT.pdb,1.0
4WO7,A,B,../../GraPPI_data/PDB/old_dimer_db/4WO7.pdb,1.0
4WXH,A,B,../../GraPPI_data/PDB/old_dimer_db/4WXH.pdb,1.0
4X4J,A,B,../../GraPPI_data/PDB/old_dimer_db/4X4J.pdb,1.0
4X68,A,B,../../GraPPI_data/PDB/old_dimer_db/4X68.pdb,1.0
4XCM,A,B,../../GraPPI_data/PDB/old_dimer_db/4XCM.pdb,1.0
4XFW,A,B,../../GraPPI_data/PDB/old_dimer_db/4XFW.pdb,1.0
4XGX,A,B,../../GraPPI_data/PDB/old_dimer_db/4XGX.pdb,1.0
4XHC,A,B,../../GraPPI_data/PDB/old_dimer_db/4XHC.pdb,1.0
4XIN,A,B,../../GraPPI_data/PDB/old_dimer_db/4XIN.pdb,1.0
4XKJ,A,B,../../GraPPI_data/PDB/old_dimer_db/4XKJ.pdb,1.0
4XLY,A,B,../../GraPPI_data/PDB/old_dimer_db/4XLY.pdb,1.0
4XMR,A,B,../../GraPPI_data/PDB/old_dimer_db/4XMR.pdb,1.0
4XO2,A,B,../../GraPPI_data/PDB/old_dimer_db/4XO2.pdb,1.0
4XOX,A,B,../../GraPPI_data/PDB/old_dimer_db/4XOX.pdb,1.0
4XQ6,A,B,../../GraPPI_data/PDB/old_dimer_db/4XQ6.pdb,1.0
4XQC,A,B,../../GraPPI_data/PDB/old_dimer_db/4XQC.pdb,1.0
4XR9,A,B,../../GraPPI_data/PDB/old_dimer_db/4XR9.pdb,1.0
4XVV,A,B,../../GraPPI_data/PDB/old_dimer_db/4XVV.pdb,1.0
4XWI,A,B,../../GraPPI_data/PDB/old_dimer_db/4XWI.pdb,1.0
4XXU,A,B,../../GraPPI_data/PDB/old_dimer_db/4XXU.pdb,1.0
4XZZ,A,B,../../GraPPI_data/PDB/old_dimer_db/4XZZ.pdb,1.0
4Y7L,A,B,../../GraPPI_data/PDB/old_dimer_db/4Y7L.pdb,1.0
4YAG,A,B,../../GraPPI_data/PDB/old_dimer_db/4YAG.pdb,1.0
4YBA,A,B,../../GraPPI_data/PDB/old_dimer_db/4YBA.pdb,1.0
4YER,A,B,../../GraPPI_data/PDB/old_dimer_db/4YER.pdb,1.0
4YMI,A,B,../../GraPPI_data/PDB/old_dimer_db/4YMI.pdb,1.0
4YNX,A,B,../../GraPPI_data/PDB/old_dimer_db/4YNX.pdb,1.0
4YRD,A,B,../../GraPPI_data/PDB/old_dimer_db/4YRD.pdb,1.0
4YSB,A,B,../../GraPPI_data/PDB/old_dimer_db/4YSB.pdb,1.0
4YSL,A,B,../../GraPPI_data/PDB/old_dimer_db/4YSL.pdb,1.0
4YWN,A,B,../../GraPPI_data/PDB/old_dimer_db/4YWN.pdb,1.0
4YX1,A,B,../../GraPPI_data/PDB/old_dimer_db/4YX1.pdb,1.0
4YXT,A,B,../../GraPPI_data/PDB/old_dimer_db/4YXT.pdb,1.0
4Z1D,A,B,../../GraPPI_data/PDB/old_dimer_db/4Z1D.pdb,1.0
4Z27,A,B,../../GraPPI_data/PDB/old_dimer_db/4Z27.pdb,1.0
4Z38,A,B,../../GraPPI_data/PDB/old_dimer_db/4Z38.pdb,1.0
4Z86,A,B,../../GraPPI_data/PDB/old_dimer_db/4Z86.pdb,1.0
4Z9H,A,B,../../GraPPI_data/PDB/old_dimer_db/4Z9H.pdb,1.0
4ZCD,A,B,../../GraPPI_data/PDB/old_dimer_db/4ZCD.pdb,1.0
4ZHV,A,B,../../GraPPI_data/PDB/old_dimer_db/4ZHV.pdb,1.0
4ZIL,A,B,../../GraPPI_data/PDB/old_dimer_db/4ZIL.pdb,1.0
4ZKJ,A,B,../../GraPPI_data/PDB/old_dimer_db/4ZKJ.pdb,1.0
4ZKY,A,B,../../GraPPI_data/PDB/old_dimer_db/4ZKY.pdb,1.0
4ZLH,A,B,../../GraPPI_data/PDB/old_dimer_db/4ZLH.pdb,1.0
4ZMM,A,B,../../GraPPI_data/PDB/old_dimer_db/4ZMM.pdb,1.0
4ZQB,A,B,../../GraPPI_data/PDB/old_dimer_db/4ZQB.pdb,1.0
4ZR8,A,B,../../GraPPI_data/PDB/old_dimer_db/4ZR8.pdb,1.0
4ZRM,A,B,../../GraPPI_data/PDB/old_dimer_db/4ZRM.pdb,1.0
4ZRS,A,B,../../GraPPI_data/PDB/old_dimer_db/4ZRS.pdb,1.0
4ZU5,A,B,../../GraPPI_data/PDB/old_dimer_db/4ZU5.pdb,1.0
4ZVC,A,B,../../GraPPI_data/PDB/old_dimer_db/4ZVC.pdb,1.0
4ZWV,A,B,../../GraPPI_data/PDB/old_dimer_db/4ZWV.pdb,1.0
5A4O,A,B,../../GraPPI_data/PDB/old_dimer_db/5A4O.pdb,1.0
5A5G,A,B,../../GraPPI_data/PDB/old_dimer_db/5A5G.pdb,1.0
5A9S,A,B,../../GraPPI_data/PDB/old_dimer_db/5A9S.pdb,1.0
5AC5,A,B,../../GraPPI_data/PDB/old_dimer_db/5AC5.pdb,1.0
5ACS,A,B,../../GraPPI_data/PDB/old_dimer_db/5ACS.pdb,1.0
5AF3,A,B,../../GraPPI_data/PDB/old_dimer_db/5AF3.pdb,1.0
5AIP,A,B,../../GraPPI_data/PDB/old_dimer_db/5AIP.pdb,1.0
5AJL,A,B,../../GraPPI_data/PDB/old_dimer_db/5AJL.pdb,1.0
5AQC,A,B,../../GraPPI_data/PDB/old_dimer_db/5AQC.pdb,1.0
5AXG,A,B,../../GraPPI_data/PDB/old_dimer_db/5AXG.pdb,1.0
5B0P,A,B,../../GraPPI_data/PDB/old_dimer_db/5B0P.pdb,1.0
5B1O,A,B,../../GraPPI_data/PDB/old_dimer_db/5B1O.pdb,1.0
5B2H,A,B,../../GraPPI_data/PDB/old_dimer_db/5B2H.pdb,1.0
5B52,A,B,../../GraPPI_data/PDB/old_dimer_db/5B52.pdb,1.0
5B6D,A,B,../../GraPPI_data/PDB/old_dimer_db/5B6D.pdb,1.0
5B7Y,A,B,../../GraPPI_data/PDB/old_dimer_db/5B7Y.pdb,1.0
5B8H,A,B,../../GraPPI_data/PDB/old_dimer_db/5B8H.pdb,1.0
5BJW,A,B,../../GraPPI_data/PDB/old_dimer_db/5BJW.pdb,1.0
5BNC,A,B,../../GraPPI_data/PDB/old_dimer_db/5BNC.pdb,1.0
5BR4,A,B,../../GraPPI_data/PDB/old_dimer_db/5BR4.pdb,1.0
5BTU,A,B,../../GraPPI_data/PDB/old_dimer_db/5BTU.pdb,1.0
5BUQ,A,B,../../GraPPI_data/PDB/old_dimer_db/5BUQ.pdb,1.0
5BWI,A,B,../../GraPPI_data/PDB/old_dimer_db/5BWI.pdb,1.0
5C21,A,B,../../GraPPI_data/PDB/old_dimer_db/5C21.pdb,1.0
5C4Y,A,B,../../GraPPI_data/PDB/old_dimer_db/5C4Y.pdb,1.0
5C5Z,A,B,../../GraPPI_data/PDB/old_dimer_db/5C5Z.pdb,1.0
5C7Q,A,B,../../GraPPI_data/PDB/old_dimer_db/5C7Q.pdb,1.0
5C9D,A,B,../../GraPPI_data/PDB/old_dimer_db/5C9D.pdb,1.0
5CB0,A,B,../../GraPPI_data/PDB/old_dimer_db/5CB0.pdb,1.0
5CB8,A,B,../../GraPPI_data/PDB/old_dimer_db/5CB8.pdb,1.0
5CES,A,B,../../GraPPI_data/PDB/old_dimer_db/5CES.pdb,1.0
5CGL,A,B,../../GraPPI_data/PDB/old_dimer_db/5CGL.pdb,1.0
5CIO,A,B,../../GraPPI_data/PDB/old_dimer_db/5CIO.pdb,1.0
5CJJ,A,B,../../GraPPI_data/PDB/old_dimer_db/5CJJ.pdb,1.0
5CL2,A,B,../../GraPPI_data/PDB/old_dimer_db/5CL2.pdb,1.0
5CM7,A,B,../../GraPPI_data/PDB/old_dimer_db/5CM7.pdb,1.0
5CPM,A,B,../../GraPPI_data/PDB/old_dimer_db/5CPM.pdb,1.0
5CQV,A,B,../../GraPPI_data/PDB/old_dimer_db/5CQV.pdb,1.0
5CUO,A,B,../../GraPPI_data/PDB/old_dimer_db/5CUO.pdb,1.0
5CWE,A,B,../../GraPPI_data/PDB/old_dimer_db/5CWE.pdb,1.0
5CX8,A,B,../../GraPPI_data/PDB/old_dimer_db/5CX8.pdb,1.0
5D01,A,B,../../GraPPI_data/PDB/old_dimer_db/5D01.pdb,1.0
5D04,C,D,../../GraPPI_data/PDB/old_dimer_db/5D04.pdb,1.0
5D1I,A,B,../../GraPPI_data/PDB/old_dimer_db/5D1I.pdb,1.0
5D1R,A,B,../../GraPPI_data/PDB/old_dimer_db/5D1R.pdb,1.0
5D1V,A,B,../../GraPPI_data/PDB/old_dimer_db/5D1V.pdb,1.0
5DBK,A,B,../../GraPPI_data/PDB/old_dimer_db/5DBK.pdb,1.0
5DCL,A,B,../../GraPPI_data/PDB/old_dimer_db/5DCL.pdb,1.0
5DD8,A,B,../../GraPPI_data/PDB/old_dimer_db/5DD8.pdb,1.0
5DEQ,A,B,../../GraPPI_data/PDB/old_dimer_db/5DEQ.pdb,1.0
5DGQ,A,B,../../GraPPI_data/PDB/old_dimer_db/5DGQ.pdb,1.0
5DHL,A,B,../../GraPPI_data/PDB/old_dimer_db/5DHL.pdb,1.0
5DMN,A,B,../../GraPPI_data/PDB/old_dimer_db/5DMN.pdb,1.0
5DOO,A,B,../../GraPPI_data/PDB/old_dimer_db/5DOO.pdb,1.0
5DWD,A,B,../../GraPPI_data/PDB/old_dimer_db/5DWD.pdb,1.0
5DZQ,A,O,../../GraPPI_data/PDB/old_dimer_db/5DZQ.pdb,1.0
5DZS,A,B,../../GraPPI_data/PDB/old_dimer_db/5DZS.pdb,1.0
5E2C,A,B,../../GraPPI_data/PDB/old_dimer_db/5E2C.pdb,1.0
5ECC,A,B,../../GraPPI_data/PDB/old_dimer_db/5ECC.pdb,1.0
5ECD,A,B,../../GraPPI_data/PDB/old_dimer_db/5ECD.pdb,1.0
5EK5,A,B,../../GraPPI_data/PDB/old_dimer_db/5EK5.pdb,1.0
5ELL,A,B,../../GraPPI_data/PDB/old_dimer_db/5ELL.pdb,1.0
5ENZ,A,B,../../GraPPI_data/PDB/old_dimer_db/5ENZ.pdb,1.0
5EO6,A,B,../../GraPPI_data/PDB/old_dimer_db/5EO6.pdb,1.0
5EQN,A,B,../../GraPPI_data/PDB/old_dimer_db/5EQN.pdb,1.0
5EUF,A,B,../../GraPPI_data/PDB/old_dimer_db/5EUF.pdb,1.0
5EUV,A,B,../../GraPPI_data/PDB/old_dimer_db/5EUV.pdb,1.0
5EVC,A,B,../../GraPPI_data/PDB/old_dimer_db/5EVC.pdb,1.0
5EY3,A,B,../../GraPPI_data/PDB/old_dimer_db/5EY3.pdb,1.0
5EY7,A,B,../../GraPPI_data/PDB/old_dimer_db/5EY7.pdb,1.0
5EYF,A,B,../../GraPPI_data/PDB/old_dimer_db/5EYF.pdb,1.0
5EZ1,A,B,../../GraPPI_data/PDB/old_dimer_db/5EZ1.pdb,1.0
5F2H,A,B,../../GraPPI_data/PDB/old_dimer_db/5F2H.pdb,1.0
5F2K,A,B,../../GraPPI_data/PDB/old_dimer_db/5F2K.pdb,1.0
5F46,A,B,../../GraPPI_data/PDB/old_dimer_db/5F46.pdb,1.0
5F5N,A,B,../../GraPPI_data/PDB/old_dimer_db/5F5N.pdb,1.0
5F6F,A,B,../../GraPPI_data/PDB/old_dimer_db/5F6F.pdb,1.0
5FA9,A,B,../../GraPPI_data/PDB/old_dimer_db/5FA9.pdb,1.0
5FBM,A,B,../../GraPPI_data/PDB/old_dimer_db/5FBM.pdb,1.0
5FF5,A,B,../../GraPPI_data/PDB/old_dimer_db/5FF5.pdb,1.0
5FFQ,A,B,../../GraPPI_data/PDB/old_dimer_db/5FFQ.pdb,1.0
5FJS,A,B,../../GraPPI_data/PDB/old_dimer_db/5FJS.pdb,1.0
5FLG,A,B,../../GraPPI_data/PDB/old_dimer_db/5FLG.pdb,1.0
5FLH,A,B,../../GraPPI_data/PDB/old_dimer_db/5FLH.pdb,1.0
5FO3,A,B,../../GraPPI_data/PDB/old_dimer_db/5FO3.pdb,1.0
5FQ1,A,B,../../GraPPI_data/PDB/old_dimer_db/5FQ1.pdb,1.0
5FSH,A,B,../../GraPPI_data/PDB/old_dimer_db/5FSH.pdb,1.0
5FXD,A,B,../../GraPPI_data/PDB/old_dimer_db/5FXD.pdb,1.0
5FYA,A,B,../../GraPPI_data/PDB/old_dimer_db/5FYA.pdb,1.0
5FYD,A,B,../../GraPPI_data/PDB/old_dimer_db/5FYD.pdb,1.0
5FZP,A,B,../../GraPPI_data/PDB/old_dimer_db/5FZP.pdb,1.0
5G24,A,B,../../GraPPI_data/PDB/old_dimer_db/5G24.pdb,1.0
5G50,A,B,../../GraPPI_data/PDB/old_dimer_db/5G50.pdb,1.0
5GGY,A,N,../../GraPPI_data/PDB/old_dimer_db/5GGY.pdb,1.0
5GI4,A,B,../../GraPPI_data/PDB/old_dimer_db/5GI4.pdb,1.0
5GKK,A,B,../../GraPPI_data/PDB/old_dimer_db/5GKK.pdb,1.0
5GP9,A,B,../../GraPPI_data/PDB/old_dimer_db/5GP9.pdb,1.0
5GPO,A,B,../../GraPPI_data/PDB/old_dimer_db/5GPO.pdb,1.0
5GRA,A,B,../../GraPPI_data/PDB/old_dimer_db/5GRA.pdb,1.0
5GRO,A,B,../../GraPPI_data/PDB/old_dimer_db/5GRO.pdb,1.0
5GT5,A,B,../../GraPPI_data/PDB/old_dimer_db/5GT5.pdb,1.0
5GXE,A,B,../../GraPPI_data/PDB/old_dimer_db/5GXE.pdb,1.0
5GXX,A,B,../../GraPPI_data/PDB/old_dimer_db/5GXX.pdb,1.0
5H1N,A,B,../../GraPPI_data/PDB/old_dimer_db/5H1N.pdb,1.0
5H1O,A,B,../../GraPPI_data/PDB/old_dimer_db/5H1O.pdb,1.0
5H3H,A,B,../../GraPPI_data/PDB/old_dimer_db/5H3H.pdb,1.0
5H3W,A,B,../../GraPPI_data/PDB/old_dimer_db/5H3W.pdb,1.0
5H5O,A,B,../../GraPPI_data/PDB/old_dimer_db/5H5O.pdb,1.0
5HEC,A,B,../../GraPPI_data/PDB/old_dimer_db/5HEC.pdb,1.0
5HGW,A,B,../../GraPPI_data/PDB/old_dimer_db/5HGW.pdb,1.0
5HH3,A,C,../../GraPPI_data/PDB/old_dimer_db/5HH3.pdb,1.0
5HHJ,A,B,../../GraPPI_data/PDB/old_dimer_db/5HHJ.pdb,1.0
5HKE,A,B,../../GraPPI_data/PDB/old_dimer_db/5HKE.pdb,1.0
5HKL,A,B,../../GraPPI_data/PDB/old_dimer_db/5HKL.pdb,1.0
5HLI,A,B,../../GraPPI_data/PDB/old_dimer_db/5HLI.pdb,1.0
5HO3,A,B,../../GraPPI_data/PDB/old_dimer_db/5HO3.pdb,1.0
5HS7,A,B,../../GraPPI_data/PDB/old_dimer_db/5HS7.pdb,1.0
5HSI,A,B,../../GraPPI_data/PDB/old_dimer_db/5HSI.pdb,1.0
5HTF,A,B,../../GraPPI_data/PDB/old_dimer_db/5HTF.pdb,1.0
5HTL,A,B,../../GraPPI_data/PDB/old_dimer_db/5HTL.pdb,1.0
5HWU,A,B,../../GraPPI_data/PDB/old_dimer_db/5HWU.pdb,1.0
5HX0,A,B,../../GraPPI_data/PDB/old_dimer_db/5HX0.pdb,1.0
5HXD,A,B,../../GraPPI_data/PDB/old_dimer_db/5HXD.pdb,1.0
5I0X,A,B,../../GraPPI_data/PDB/old_dimer_db/5I0X.pdb,1.0
5I2H,A,B,../../GraPPI_data/PDB/old_dimer_db/5I2H.pdb,1.0
5I3E,A,B,../../GraPPI_data/PDB/old_dimer_db/5I3E.pdb,1.0
5I47,A,B,../../GraPPI_data/PDB/old_dimer_db/5I47.pdb,1.0
5I4M,A,B,../../GraPPI_data/PDB/old_dimer_db/5I4M.pdb,1.0
5IF3,A,B,../../GraPPI_data/PDB/old_dimer_db/5IF3.pdb,1.0
5IHF,A,B,../../GraPPI_data/PDB/old_dimer_db/5IHF.pdb,1.0
5IJW,A,B,../../GraPPI_data/PDB/old_dimer_db/5IJW.pdb,1.0
5IMJ,A,B,../../GraPPI_data/PDB/old_dimer_db/5IMJ.pdb,1.0
5IOJ,A,B,../../GraPPI_data/PDB/old_dimer_db/5IOJ.pdb,1.0
5J4I,A,B,../../GraPPI_data/PDB/old_dimer_db/5J4I.pdb,1.0
5J90,A,B,../../GraPPI_data/PDB/old_dimer_db/5J90.pdb,1.0
5JBR,A,B,../../GraPPI_data/PDB/old_dimer_db/5JBR.pdb,1.0
5JEF,A,B,../../GraPPI_data/PDB/old_dimer_db/5JEF.pdb,1.0
5JG7,A,B,../../GraPPI_data/PDB/old_dimer_db/5JG7.pdb,1.0
5JIP,A,B,../../GraPPI_data/PDB/old_dimer_db/5JIP.pdb,1.0
5JRK,A,B,../../GraPPI_data/PDB/old_dimer_db/5JRK.pdb,1.0
5JSI,A,B,../../GraPPI_data/PDB/old_dimer_db/5JSI.pdb,1.0
5JWI,A,B,../../GraPPI_data/PDB/old_dimer_db/5JWI.pdb,1.0
5JXU,A,B,../../GraPPI_data/PDB/old_dimer_db/5JXU.pdb,1.0
5K1R,A,B,../../GraPPI_data/PDB/old_dimer_db/5K1R.pdb,1.0
5K2I,A,B,../../GraPPI_data/PDB/old_dimer_db/5K2I.pdb,1.0
5K3X,A,B,../../GraPPI_data/PDB/old_dimer_db/5K3X.pdb,1.0
5K87,A,B,../../GraPPI_data/PDB/old_dimer_db/5K87.pdb,1.0
5KBE,A,B,../../GraPPI_data/PDB/old_dimer_db/5KBE.pdb,1.0
5KEF,A,B,../../GraPPI_data/PDB/old_dimer_db/5KEF.pdb,1.0
5KGH,A,B,../../GraPPI_data/PDB/old_dimer_db/5KGH.pdb,1.0
5KHA,A,B,../../GraPPI_data/PDB/old_dimer_db/5KHA.pdb,1.0
5KMP,A,B,../../GraPPI_data/PDB/old_dimer_db/5KMP.pdb,1.0
5KS7,A,B,../../GraPPI_data/PDB/old_dimer_db/5KS7.pdb,1.0
5KSQ,A,B,../../GraPPI_data/PDB/old_dimer_db/5KSQ.pdb,1.0
5KVS,A,B,../../GraPPI_data/PDB/old_dimer_db/5KVS.pdb,1.0
5L09,A,B,../../GraPPI_data/PDB/old_dimer_db/5L09.pdb,1.0
5L0L,A,B,../../GraPPI_data/PDB/old_dimer_db/5L0L.pdb,1.0
5L6Z,A,B,../../GraPPI_data/PDB/old_dimer_db/5L6Z.pdb,1.0
5L7V,A,B,../../GraPPI_data/PDB/old_dimer_db/5L7V.pdb,1.0
5LI7,A,B,../../GraPPI_data/PDB/old_dimer_db/5LI7.pdb,1.0
5LND,A,B,../../GraPPI_data/PDB/old_dimer_db/5LND.pdb,1.0
5LO9,A,B,../../GraPPI_data/PDB/old_dimer_db/5LO9.pdb,1.0
5LOA,A,B,../../GraPPI_data/PDB/old_dimer_db/5LOA.pdb,1.0
5LOJ,A,B,../../GraPPI_data/PDB/old_dimer_db/5LOJ.pdb,1.0
5LQ4,A,B,../../GraPPI_data/PDB/old_dimer_db/5LQ4.pdb,1.0
5LWK,A,B,../../GraPPI_data/PDB/old_dimer_db/5LWK.pdb,1.0
5M1T,A,B,../../GraPPI_data/PDB/old_dimer_db/5M1T.pdb,1.0
5M2A,A,B,../../GraPPI_data/PDB/old_dimer_db/5M2A.pdb,1.0
5M58,A,B,../../GraPPI_data/PDB/old_dimer_db/5M58.pdb,1.0
5M65,A,B,../../GraPPI_data/PDB/old_dimer_db/5M65.pdb,1.0
5M7O,A,B,../../GraPPI_data/PDB/old_dimer_db/5M7O.pdb,1.0
5M8E,A,B,../../GraPPI_data/PDB/old_dimer_db/5M8E.pdb,1.0
5M99,A,B,../../GraPPI_data/PDB/old_dimer_db/5M99.pdb,1.0
5MAU,A,B,../../GraPPI_data/PDB/old_dimer_db/5MAU.pdb,1.0
5MED,A,B,../../GraPPI_data/PDB/old_dimer_db/5MED.pdb,1.0
5MGZ,A,B,../../GraPPI_data/PDB/old_dimer_db/5MGZ.pdb,1.0
5MIL,A,B,../../GraPPI_data/PDB/old_dimer_db/5MIL.pdb,1.0
5MLQ,A,B,../../GraPPI_data/PDB/old_dimer_db/5MLQ.pdb,1.0
5MQ8,A,D,../../GraPPI_data/PDB/old_dimer_db/5MQ8.pdb,1.0
5N2B,A,B,../../GraPPI_data/PDB/old_dimer_db/5N2B.pdb,1.0
5N6X,A,B,../../GraPPI_data/PDB/old_dimer_db/5N6X.pdb,1.0
5NAK,A,B,../../GraPPI_data/PDB/old_dimer_db/5NAK.pdb,1.0
5NBG,A,B,../../GraPPI_data/PDB/old_dimer_db/5NBG.pdb,1.0
5NEN,A,B,../../GraPPI_data/PDB/old_dimer_db/5NEN.pdb,1.0
5NL9,A,B,../../GraPPI_data/PDB/old_dimer_db/5NL9.pdb,1.0
5NO5,A,B,../../GraPPI_data/PDB/old_dimer_db/5NO5.pdb,1.0
5NX5,A,B,../../GraPPI_data/PDB/old_dimer_db/5NX5.pdb,1.0
5NX6,A,B,../../GraPPI_data/PDB/old_dimer_db/5NX6.pdb,1.0
5O25,A,B,../../GraPPI_data/PDB/old_dimer_db/5O25.pdb,1.0
5O8Z,A,B,../../GraPPI_data/PDB/old_dimer_db/5O8Z.pdb,1.0
5OBP,A,B,../../GraPPI_data/PDB/old_dimer_db/5OBP.pdb,1.0
5OKJ,A,B,../../GraPPI_data/PDB/old_dimer_db/5OKJ.pdb,1.0
5ORG,A,B,../../GraPPI_data/PDB/old_dimer_db/5ORG.pdb,1.0
5SXW,A,B,../../GraPPI_data/PDB/old_dimer_db/5SXW.pdb,1.0
5T67,A,B,../../GraPPI_data/PDB/old_dimer_db/5T67.pdb,1.0
5TGS,A,B,../../GraPPI_data/PDB/old_dimer_db/5TGS.pdb,1.0
5TGT,A,B,../../GraPPI_data/PDB/old_dimer_db/5TGT.pdb,1.0
5TJJ,A,B,../../GraPPI_data/PDB/old_dimer_db/5TJJ.pdb,1.0
5TP4,A,B,../../GraPPI_data/PDB/old_dimer_db/5TP4.pdb,1.0
5TSD,A,B,../../GraPPI_data/PDB/old_dimer_db/5TSD.pdb,1.0
5TTA,A,B,../../GraPPI_data/PDB/old_dimer_db/5TTA.pdb,1.0
5TZ0,A,B,../../GraPPI_data/PDB/old_dimer_db/5TZ0.pdb,1.0
5U63,A,B,../../GraPPI_data/PDB/old_dimer_db/5U63.pdb,1.0
5U93,A,B,../../GraPPI_data/PDB/old_dimer_db/5U93.pdb,1.0
5UB9,A,B,../../GraPPI_data/PDB/old_dimer_db/5UB9.pdb,1.0
5UBF,A,B,../../GraPPI_data/PDB/old_dimer_db/5UBF.pdb,1.0
5UC0,A,B,../../GraPPI_data/PDB/old_dimer_db/5UC0.pdb,1.0
5UCM,A,B,../../GraPPI_data/PDB/old_dimer_db/5UCM.pdb,1.0
5UCV,A,B,../../GraPPI_data/PDB/old_dimer_db/5UCV.pdb,1.0
5UEB,A,B,../../GraPPI_data/PDB/old_dimer_db/5UEB.pdb,1.0
5UF5,A,B,../../GraPPI_data/PDB/old_dimer_db/5UF5.pdb,1.0
5UI9,A,B,../../GraPPI_data/PDB/old_dimer_db/5UI9.pdb,1.0
5UIJ,A,B,../../GraPPI_data/PDB/old_dimer_db/5UIJ.pdb,1.0
5UJS,A,B,../../GraPPI_data/PDB/old_dimer_db/5UJS.pdb,1.0
5UKV,A,B,../../GraPPI_data/PDB/old_dimer_db/5UKV.pdb,1.0
5UMH,A,B,../../GraPPI_data/PDB/old_dimer_db/5UMH.pdb,1.0
5UNN,A,B,../../GraPPI_data/PDB/old_dimer_db/5UNN.pdb,1.0
5UOF,A,B,../../GraPPI_data/PDB/old_dimer_db/5UOF.pdb,1.0
5UPS,A,B,../../GraPPI_data/PDB/old_dimer_db/5UPS.pdb,1.0
5UTX,A,B,../../GraPPI_data/PDB/old_dimer_db/5UTX.pdb,1.0
5UZX,A,B,../../GraPPI_data/PDB/old_dimer_db/5UZX.pdb,1.0
5V00,A,B,../../GraPPI_data/PDB/old_dimer_db/5V00.pdb,1.0
5V01,A,B,../../GraPPI_data/PDB/old_dimer_db/5V01.pdb,1.0
5V3T,A,B,../../GraPPI_data/PDB/old_dimer_db/5V3T.pdb,1.0
5V77,A,B,../../GraPPI_data/PDB/old_dimer_db/5V77.pdb,1.0
5V8S,A,B,../../GraPPI_data/PDB/old_dimer_db/5V8S.pdb,1.0
5VGM,A,B,../../GraPPI_data/PDB/old_dimer_db/5VGM.pdb,1.0
5VIU,A,B,../../GraPPI_data/PDB/old_dimer_db/5VIU.pdb,1.0
5VK4,A,B,../../GraPPI_data/PDB/old_dimer_db/5VK4.pdb,1.0
5VN6,A,B,../../GraPPI_data/PDB/old_dimer_db/5VN6.pdb,1.0
5VSJ,A,B,../../GraPPI_data/PDB/old_dimer_db/5VSJ.pdb,1.0
5VYM,A,B,../../GraPPI_data/PDB/old_dimer_db/5VYM.pdb,1.0
5VYR,A,B,../../GraPPI_data/PDB/old_dimer_db/5VYR.pdb,1.0
5VYV,A,B,../../GraPPI_data/PDB/old_dimer_db/5VYV.pdb,1.0
5W1Q,A,B,../../GraPPI_data/PDB/old_dimer_db/5W1Q.pdb,1.0
5W4N,A,B,../../GraPPI_data/PDB/old_dimer_db/5W4N.pdb,1.0
5W5A,A,B,../../GraPPI_data/PDB/old_dimer_db/5W5A.pdb,1.0
5W6L,A,B,../../GraPPI_data/PDB/old_dimer_db/5W6L.pdb,1.0
5WAY,A,B,../../GraPPI_data/PDB/old_dimer_db/5WAY.pdb,1.0
5WEC,A,B,../../GraPPI_data/PDB/old_dimer_db/5WEC.pdb,1.0
5WO2,A,B,../../GraPPI_data/PDB/old_dimer_db/5WO2.pdb,1.0
5WPK,A,B,../../GraPPI_data/PDB/old_dimer_db/5WPK.pdb,1.0
5WQP,A,B,../../GraPPI_data/PDB/old_dimer_db/5WQP.pdb,1.0
5WQV,A,B,../../GraPPI_data/PDB/old_dimer_db/5WQV.pdb,1.0
5WSY,A,B,../../GraPPI_data/PDB/old_dimer_db/5WSY.pdb,1.0
5WUT,A,B,../../GraPPI_data/PDB/old_dimer_db/5WUT.pdb,1.0
5WZF,A,B,../../GraPPI_data/PDB/old_dimer_db/5WZF.pdb,1.0
5X1N,A,B,../../GraPPI_data/PDB/old_dimer_db/5X1N.pdb,1.0
5X8Z,A,B,../../GraPPI_data/PDB/old_dimer_db/5X8Z.pdb,1.0
5X9H,A,B,../../GraPPI_data/PDB/old_dimer_db/5X9H.pdb,1.0
5XAS,A,B,../../GraPPI_data/PDB/old_dimer_db/5XAS.pdb,1.0
5XAV,A,B,../../GraPPI_data/PDB/old_dimer_db/5XAV.pdb,1.0
5XBI,A,B,../../GraPPI_data/PDB/old_dimer_db/5XBI.pdb,1.0
5XD8,A,B,../../GraPPI_data/PDB/old_dimer_db/5XD8.pdb,1.0
5XDM,A,B,../../GraPPI_data/PDB/old_dimer_db/5XDM.pdb,1.0
5XE5,A,B,../../GraPPI_data/PDB/old_dimer_db/5XE5.pdb,1.0
5XGV,A,B,../../GraPPI_data/PDB/old_dimer_db/5XGV.pdb,1.0
5XGW,A,B,../../GraPPI_data/PDB/old_dimer_db/5XGW.pdb,1.0
5XJ8,A,B,../../GraPPI_data/PDB/old_dimer_db/5XJ8.pdb,1.0
5XKA,A,B,../../GraPPI_data/PDB/old_dimer_db/5XKA.pdb,1.0
5XKO,A,B,../../GraPPI_data/PDB/old_dimer_db/5XKO.pdb,1.0
5XKT,A,B,../../GraPPI_data/PDB/old_dimer_db/5XKT.pdb,1.0
5XLV,A,B,../../GraPPI_data/PDB/old_dimer_db/5XLV.pdb,1.0
5XO0,A,B,../../GraPPI_data/PDB/old_dimer_db/5XO0.pdb,1.0
5XP0,A,B,../../GraPPI_data/PDB/old_dimer_db/5XP0.pdb,1.0
5XPX,A,E,../../GraPPI_data/PDB/old_dimer_db/5XPX.pdb,1.0
5XS9,A,B,../../GraPPI_data/PDB/old_dimer_db/5XS9.pdb,1.0
5XUN,A,B,../../GraPPI_data/PDB/old_dimer_db/5XUN.pdb,1.0
5Y0Q,A,B,../../GraPPI_data/PDB/old_dimer_db/5Y0Q.pdb,1.0
5Y3Z,A,B,../../GraPPI_data/PDB/old_dimer_db/5Y3Z.pdb,1.0
5Y69,A,B,../../GraPPI_data/PDB/old_dimer_db/5Y69.pdb,1.0
5Y6I,A,B,../../GraPPI_data/PDB/old_dimer_db/5Y6I.pdb,1.0
5Y8F,A,B,../../GraPPI_data/PDB/old_dimer_db/5Y8F.pdb,1.0
5Y8L,A,B,../../GraPPI_data/PDB/old_dimer_db/5Y8L.pdb,1.0
5YDD,A,B,../../GraPPI_data/PDB/old_dimer_db/5YDD.pdb,1.0
5YER,A,B,../../GraPPI_data/PDB/old_dimer_db/5YER.pdb,1.0
5YGE,A,B,../../GraPPI_data/PDB/old_dimer_db/5YGE.pdb,1.0
5YGQ,A,B,../../GraPPI_data/PDB/old_dimer_db/5YGQ.pdb,1.0
5YHI,A,B,../../GraPPI_data/PDB/old_dimer_db/5YHI.pdb,1.0
5YJC,A,B,../../GraPPI_data/PDB/old_dimer_db/5YJC.pdb,1.0
5YN4,A,B,../../GraPPI_data/PDB/old_dimer_db/5YN4.pdb,1.0
5YO8,A,B,../../GraPPI_data/PDB/old_dimer_db/5YO8.pdb,1.0
5YRP,A,B,../../GraPPI_data/PDB/old_dimer_db/5YRP.pdb,1.0
5YTP,A,B,../../GraPPI_data/PDB/old_dimer_db/5YTP.pdb,1.0
5YZ2,A,B,../../GraPPI_data/PDB/old_dimer_db/5YZ2.pdb,1.0
5Z03,A,B,../../GraPPI_data/PDB/old_dimer_db/5Z03.pdb,1.0
5Z16,A,B,../../GraPPI_data/PDB/old_dimer_db/5Z16.pdb,1.0
5Z2V,A,B,../../GraPPI_data/PDB/old_dimer_db/5Z2V.pdb,1.0
5Z69,A,B,../../GraPPI_data/PDB/old_dimer_db/5Z69.pdb,1.0
5Z6N,A,B,../../GraPPI_data/PDB/old_dimer_db/5Z6N.pdb,1.0
5Z73,A,B,../../GraPPI_data/PDB/old_dimer_db/5Z73.pdb,1.0
5Z8B,A,B,../../GraPPI_data/PDB/old_dimer_db/5Z8B.pdb,1.0
5Z8O,A,B,../../GraPPI_data/PDB/old_dimer_db/5Z8O.pdb,1.0
5Z9A,A,B,../../GraPPI_data/PDB/old_dimer_db/5Z9A.pdb,1.0
5ZA3,A,B,../../GraPPI_data/PDB/old_dimer_db/5ZA3.pdb,1.0
5ZBD,A,B,../../GraPPI_data/PDB/old_dimer_db/5ZBD.pdb,1.0
5ZFK,A,B,../../GraPPI_data/PDB/old_dimer_db/5ZFK.pdb,1.0
5ZH8,A,B,../../GraPPI_data/PDB/old_dimer_db/5ZH8.pdb,1.0
5ZHC,A,B,../../GraPPI_data/PDB/old_dimer_db/5ZHC.pdb,1.0
5ZJB,A,B,../../GraPPI_data/PDB/old_dimer_db/5ZJB.pdb,1.0
5ZKA,A,B,../../GraPPI_data/PDB/old_dimer_db/5ZKA.pdb,1.0
5ZLR,A,B,../../GraPPI_data/PDB/old_dimer_db/5ZLR.pdb,1.0
5ZNM,A,B,../../GraPPI_data/PDB/old_dimer_db/5ZNM.pdb,1.0
5ZOI,A,B,../../GraPPI_data/PDB/old_dimer_db/5ZOI.pdb,1.0
5ZOV,A,B,../../GraPPI_data/PDB/old_dimer_db/5ZOV.pdb,1.0
5ZTC,A,B,../../GraPPI_data/PDB/old_dimer_db/5ZTC.pdb,1.0
5ZUM,A,B,../../GraPPI_data/PDB/old_dimer_db/5ZUM.pdb,1.0
5ZXG,A,B,../../GraPPI_data/PDB/old_dimer_db/5ZXG.pdb,1.0
5ZXM,A,B,../../GraPPI_data/PDB/old_dimer_db/5ZXM.pdb,1.0
5ZXN,A,B,../../GraPPI_data/PDB/old_dimer_db/5ZXN.pdb,1.0
5ZYR,A,B,../../GraPPI_data/PDB/old_dimer_db/5ZYR.pdb,1.0
5ZZ7,A,B,../../GraPPI_data/PDB/old_dimer_db/5ZZ7.pdb,1.0
6A1K,A,B,../../GraPPI_data/PDB/old_dimer_db/6A1K.pdb,1.0
6A27,A,B,../../GraPPI_data/PDB/old_dimer_db/6A27.pdb,1.0
6A4J,A,B,../../GraPPI_data/PDB/old_dimer_db/6A4J.pdb,1.0
6A4R,A,B,../../GraPPI_data/PDB/old_dimer_db/6A4R.pdb,1.0
6A4T,A,B,../../GraPPI_data/PDB/old_dimer_db/6A4T.pdb,1.0
6A4W,A,B,../../GraPPI_data/PDB/old_dimer_db/6A4W.pdb,1.0
6A52,A,B,../../GraPPI_data/PDB/old_dimer_db/6A52.pdb,1.0
6A55,A,B,../../GraPPI_data/PDB/old_dimer_db/6A55.pdb,1.0
6A6F,A,B,../../GraPPI_data/PDB/old_dimer_db/6A6F.pdb,1.0
6A80,A,B,../../GraPPI_data/PDB/old_dimer_db/6A80.pdb,1.0
6A8X,A,B,../../GraPPI_data/PDB/old_dimer_db/6A8X.pdb,1.0
6AAE,A,B,../../GraPPI_data/PDB/old_dimer_db/6AAE.pdb,1.0
6AEP,A,B,../../GraPPI_data/PDB/old_dimer_db/6AEP.pdb,1.0
6AGL,A,B,../../GraPPI_data/PDB/old_dimer_db/6AGL.pdb,1.0
6AHP,A,B,../../GraPPI_data/PDB/old_dimer_db/6AHP.pdb,1.0
6AHW,A,B,../../GraPPI_data/PDB/old_dimer_db/6AHW.pdb,1.0
6AL9,A,B,../../GraPPI_data/PDB/old_dimer_db/6AL9.pdb,1.0
6ALL,A,B,../../GraPPI_data/PDB/old_dimer_db/6ALL.pdb,1.0
6AMG,A,B,../../GraPPI_data/PDB/old_dimer_db/6AMG.pdb,1.0
6AQE,A,B,../../GraPPI_data/PDB/old_dimer_db/6AQE.pdb,1.0
6AZ6,A,B,../../GraPPI_data/PDB/old_dimer_db/6AZ6.pdb,1.0
6B6W,A,B,../../GraPPI_data/PDB/old_dimer_db/6B6W.pdb,1.0
6B7J,A,B,../../GraPPI_data/PDB/old_dimer_db/6B7J.pdb,1.0
6B7P,A,B,../../GraPPI_data/PDB/old_dimer_db/6B7P.pdb,1.0
6B9V,A,B,../../GraPPI_data/PDB/old_dimer_db/6B9V.pdb,1.0
6BJT,A,B,../../GraPPI_data/PDB/old_dimer_db/6BJT.pdb,1.0
6BMA,A,B,../../GraPPI_data/PDB/old_dimer_db/6BMA.pdb,1.0
6BMC,A,B,../../GraPPI_data/PDB/old_dimer_db/6BMC.pdb,1.0
6BVD,A,B,../../GraPPI_data/PDB/old_dimer_db/6BVD.pdb,1.0
6BWE,A,B,../../GraPPI_data/PDB/old_dimer_db/6BWE.pdb,1.0
6C0G,A,B,../../GraPPI_data/PDB/old_dimer_db/6C0G.pdb,1.0
6C3C,A,B,../../GraPPI_data/PDB/old_dimer_db/6C3C.pdb,1.0
6C84,A,B,../../GraPPI_data/PDB/old_dimer_db/6C84.pdb,1.0
6C9T,A,B,../../GraPPI_data/PDB/old_dimer_db/6C9T.pdb,1.0
6CC0,A,B,../../GraPPI_data/PDB/old_dimer_db/6CC0.pdb,1.0
6CGO,A,B,../../GraPPI_data/PDB/old_dimer_db/6CGO.pdb,1.0
6CGQ,A,B,../../GraPPI_data/PDB/old_dimer_db/6CGQ.pdb,1.0
6CHJ,A,B,../../GraPPI_data/PDB/old_dimer_db/6CHJ.pdb,1.0
6CKK,A,B,../../GraPPI_data/PDB/old_dimer_db/6CKK.pdb,1.0
6CKY,A,B,../../GraPPI_data/PDB/old_dimer_db/6CKY.pdb,1.0
6CPB,A,B,../../GraPPI_data/PDB/old_dimer_db/6CPB.pdb,1.0
6CPD,A,B,../../GraPPI_data/PDB/old_dimer_db/6CPD.pdb,1.0
6CUJ,A,B,../../GraPPI_data/PDB/old_dimer_db/6CUJ.pdb,1.0
6CY5,A,B,../../GraPPI_data/PDB/old_dimer_db/6CY5.pdb,1.0
6CYZ,A,B,../../GraPPI_data/PDB/old_dimer_db/6CYZ.pdb,1.0
6D1P,A,B,../../GraPPI_data/PDB/old_dimer_db/6D1P.pdb,1.0
6D2W,A,B,../../GraPPI_data/PDB/old_dimer_db/6D2W.pdb,1.0
6D3V,A,B,../../GraPPI_data/PDB/old_dimer_db/6D3V.pdb,1.0
6D57,A,B,../../GraPPI_data/PDB/old_dimer_db/6D57.pdb,1.0
6D79,A,B,../../GraPPI_data/PDB/old_dimer_db/6D79.pdb,1.0
6D7R,A,B,../../GraPPI_data/PDB/old_dimer_db/6D7R.pdb,1.0
6D9R,A,B,../../GraPPI_data/PDB/old_dimer_db/6D9R.pdb,1.0
6DAW,A,B,../../GraPPI_data/PDB/old_dimer_db/6DAW.pdb,1.0
6DB1,A,B,../../GraPPI_data/PDB/old_dimer_db/6DB1.pdb,1.0
6DGB,A,B,../../GraPPI_data/PDB/old_dimer_db/6DGB.pdb,1.0
6DK4,A,B,../../GraPPI_data/PDB/old_dimer_db/6DK4.pdb,1.0
6DM3,A,B,../../GraPPI_data/PDB/old_dimer_db/6DM3.pdb,1.0
6DQP,A,B,../../GraPPI_data/PDB/old_dimer_db/6DQP.pdb,1.0
6DT3,A,B,../../GraPPI_data/PDB/old_dimer_db/6DT3.pdb,1.0
6DUX,A,B,../../GraPPI_data/PDB/old_dimer_db/6DUX.pdb,1.0
6E0A,A,B,../../GraPPI_data/PDB/old_dimer_db/6E0A.pdb,1.0
6E12,A,B,../../GraPPI_data/PDB/old_dimer_db/6E12.pdb,1.0
6EBQ,A,B,../../GraPPI_data/PDB/old_dimer_db/6EBQ.pdb,1.0
6EJT,A,B,../../GraPPI_data/PDB/old_dimer_db/6EJT.pdb,1.0
6ENI,A,B,../../GraPPI_data/PDB/old_dimer_db/6ENI.pdb,1.0
6EP3,A,B,../../GraPPI_data/PDB/old_dimer_db/6EP3.pdb,1.0
6ER2,A,B,../../GraPPI_data/PDB/old_dimer_db/6ER2.pdb,1.0
6ES9,A,B,../../GraPPI_data/PDB/old_dimer_db/6ES9.pdb,1.0
6ESL,A,B,../../GraPPI_data/PDB/old_dimer_db/6ESL.pdb,1.0
6EWM,A,F,../../GraPPI_data/PDB/old_dimer_db/6EWM.pdb,1.0
6EXA,A,B,../../GraPPI_data/PDB/old_dimer_db/6EXA.pdb,1.0
6EXM,A,B,../../GraPPI_data/PDB/old_dimer_db/6EXM.pdb,1.0
6F7L,A,B,../../GraPPI_data/PDB/old_dimer_db/6F7L.pdb,1.0
6F9M,A,B,../../GraPPI_data/PDB/old_dimer_db/6F9M.pdb,1.0
6FF2,A,B,../../GraPPI_data/PDB/old_dimer_db/6FF2.pdb,1.0
6FH1,A,B,../../GraPPI_data/PDB/old_dimer_db/6FH1.pdb,1.0
6FHM,A,B,../../GraPPI_data/PDB/old_dimer_db/6FHM.pdb,1.0
6FLU,A,B,../../GraPPI_data/PDB/old_dimer_db/6FLU.pdb,1.0
6FU3,A,B,../../GraPPI_data/PDB/old_dimer_db/6FU3.pdb,1.0
6FV4,A,B,../../GraPPI_data/PDB/old_dimer_db/6FV4.pdb,1.0
6FV8,A,B,../../GraPPI_data/PDB/old_dimer_db/6FV8.pdb,1.0
6G58,A,B,../../GraPPI_data/PDB/old_dimer_db/6G58.pdb,1.0
6GAR,A,B,../../GraPPI_data/PDB/old_dimer_db/6GAR.pdb,1.0
6GAY,A,B,../../GraPPI_data/PDB/old_dimer_db/6GAY.pdb,1.0
6GFL,A,B,../../GraPPI_data/PDB/old_dimer_db/6GFL.pdb,1.0
6GHC,A,B,../../GraPPI_data/PDB/old_dimer_db/6GHC.pdb,1.0
6GRR,A,B,../../GraPPI_data/PDB/old_dimer_db/6GRR.pdb,1.0
6GYZ,A,B,../../GraPPI_data/PDB/old_dimer_db/6GYZ.pdb,1.0
6H2L,A,B,../../GraPPI_data/PDB/old_dimer_db/6H2L.pdb,1.0
6H59,A,B,../../GraPPI_data/PDB/old_dimer_db/6H59.pdb,1.0
6H6O,A,B,../../GraPPI_data/PDB/old_dimer_db/6H6O.pdb,1.0
6H8F,A,B,../../GraPPI_data/PDB/old_dimer_db/6H8F.pdb,1.0
6HBZ,A,B,../../GraPPI_data/PDB/old_dimer_db/6HBZ.pdb,1.0
6HDZ,A,B,../../GraPPI_data/PDB/old_dimer_db/6HDZ.pdb,1.0
6HE2,A,B,../../GraPPI_data/PDB/old_dimer_db/6HE2.pdb,1.0
6HIH,A,B,../../GraPPI_data/PDB/old_dimer_db/6HIH.pdb,1.0
6HQ7,A,B,../../GraPPI_data/PDB/old_dimer_db/6HQ7.pdb,1.0
6HQZ,A,B,../../GraPPI_data/PDB/old_dimer_db/6HQZ.pdb,1.0
6HS0,A,B,../../GraPPI_data/PDB/old_dimer_db/6HS0.pdb,1.0
6HTO,A,B,../../GraPPI_data/PDB/old_dimer_db/6HTO.pdb,1.0
6HUH,A,B,../../GraPPI_data/PDB/old_dimer_db/6HUH.pdb,1.0
6HUW,A,B,../../GraPPI_data/PDB/old_dimer_db/6HUW.pdb,1.0
6HZK,A,B,../../GraPPI_data/PDB/old_dimer_db/6HZK.pdb,1.0
6I0I,A,B,../../GraPPI_data/PDB/old_dimer_db/6I0I.pdb,1.0
6I5B,A,B,../../GraPPI_data/PDB/old_dimer_db/6I5B.pdb,1.0
6IAU,A,B,../../GraPPI_data/PDB/old_dimer_db/6IAU.pdb,1.0
6IFE,A,B,../../GraPPI_data/PDB/old_dimer_db/6IFE.pdb,1.0
6IH3,A,B,../../GraPPI_data/PDB/old_dimer_db/6IH3.pdb,1.0
6IME,A,B,../../GraPPI_data/PDB/old_dimer_db/6IME.pdb,1.0
6IOU,A,B,../../GraPPI_data/PDB/old_dimer_db/6IOU.pdb,1.0
6IOW,A,B,../../GraPPI_data/PDB/old_dimer_db/6IOW.pdb,1.0
6IRP,A,B,../../GraPPI_data/PDB/old_dimer_db/6IRP.pdb,1.0
6ISK,A,B,../../GraPPI_data/PDB/old_dimer_db/6ISK.pdb,1.0
6IUB,A,B,../../GraPPI_data/PDB/old_dimer_db/6IUB.pdb,1.0
6J05,A,B,../../GraPPI_data/PDB/old_dimer_db/6J05.pdb,1.0
6J0E,A,B,../../GraPPI_data/PDB/old_dimer_db/6J0E.pdb,1.0
6J25,A,B,../../GraPPI_data/PDB/old_dimer_db/6J25.pdb,1.0
6J2L,A,B,../../GraPPI_data/PDB/old_dimer_db/6J2L.pdb,1.0
6J38,A,B,../../GraPPI_data/PDB/old_dimer_db/6J38.pdb,1.0
6J3A,A,B,../../GraPPI_data/PDB/old_dimer_db/6J3A.pdb,1.0
6J3D,A,B,../../GraPPI_data/PDB/old_dimer_db/6J3D.pdb,1.0
6J66,A,B,../../GraPPI_data/PDB/old_dimer_db/6J66.pdb,1.0
6J76,A,B,../../GraPPI_data/PDB/old_dimer_db/6J76.pdb,1.0
6JCA,A,B,../../GraPPI_data/PDB/old_dimer_db/6JCA.pdb,1.0
6JGV,A,B,../../GraPPI_data/PDB/old_dimer_db/6JGV.pdb,1.0
6JNJ,A,B,../../GraPPI_data/PDB/old_dimer_db/6JNJ.pdb,1.0
6JQ1,A,B,../../GraPPI_data/PDB/old_dimer_db/6JQ1.pdb,1.0
6JSX,A,B,../../GraPPI_data/PDB/old_dimer_db/6JSX.pdb,1.0
6JTL,A,B,../../GraPPI_data/PDB/old_dimer_db/6JTL.pdb,1.0
6JYI,A,B,../../GraPPI_data/PDB/old_dimer_db/6JYI.pdb,1.0
6JYX,A,B,../../GraPPI_data/PDB/old_dimer_db/6JYX.pdb,1.0
6JZL,A,B,../../GraPPI_data/PDB/old_dimer_db/6JZL.pdb,1.0
6K2L,A,B,../../GraPPI_data/PDB/old_dimer_db/6K2L.pdb,1.0
6K4E,A,B,../../GraPPI_data/PDB/old_dimer_db/6K4E.pdb,1.0
6K5L,A,B,../../GraPPI_data/PDB/old_dimer_db/6K5L.pdb,1.0
6K6S,A,B,../../GraPPI_data/PDB/old_dimer_db/6K6S.pdb,1.0
6K7C,A,C,../../GraPPI_data/PDB/old_dimer_db/6K7C.pdb,1.0
6K8E,A,D,../../GraPPI_data/PDB/old_dimer_db/6K8E.pdb,1.0
6KBW,A,B,../../GraPPI_data/PDB/old_dimer_db/6KBW.pdb,1.0
6KE1,A,B,../../GraPPI_data/PDB/old_dimer_db/6KE1.pdb,1.0
6KHL,A,B,../../GraPPI_data/PDB/old_dimer_db/6KHL.pdb,1.0
6KHR,A,B,../../GraPPI_data/PDB/old_dimer_db/6KHR.pdb,1.0
6KI2,A,B,../../GraPPI_data/PDB/old_dimer_db/6KI2.pdb,1.0
6KJU,A,B,../../GraPPI_data/PDB/old_dimer_db/6KJU.pdb,1.0
6KLK,A,B,../../GraPPI_data/PDB/old_dimer_db/6KLK.pdb,1.0
6KQB,A,B,../../GraPPI_data/PDB/old_dimer_db/6KQB.pdb,1.0
6KSE,A,B,../../GraPPI_data/PDB/old_dimer_db/6KSE.pdb,1.0
6KSI,A,B,../../GraPPI_data/PDB/old_dimer_db/6KSI.pdb,1.0
6KVS,A,B,../../GraPPI_data/PDB/old_dimer_db/6KVS.pdb,1.0
6L25,A,B,../../GraPPI_data/PDB/old_dimer_db/6L25.pdb,1.0
6L2I,A,B,../../GraPPI_data/PDB/old_dimer_db/6L2I.pdb,1.0
6L2U,A,B,../../GraPPI_data/PDB/old_dimer_db/6L2U.pdb,1.0
6L6G,A,B,../../GraPPI_data/PDB/old_dimer_db/6L6G.pdb,1.0
6L85,A,B,../../GraPPI_data/PDB/old_dimer_db/6L85.pdb,1.0
6LE2,A,B,../../GraPPI_data/PDB/old_dimer_db/6LE2.pdb,1.0
6LEB,A,B,../../GraPPI_data/PDB/old_dimer_db/6LEB.pdb,1.0
6LG2,A,B,../../GraPPI_data/PDB/old_dimer_db/6LG2.pdb,1.0
6LK3,A,B,../../GraPPI_data/PDB/old_dimer_db/6LK3.pdb,1.0
6LKY,A,B,../../GraPPI_data/PDB/old_dimer_db/6LKY.pdb,1.0
6LL9,A,B,../../GraPPI_data/PDB/old_dimer_db/6LL9.pdb,1.0
6LTZ,A,B,../../GraPPI_data/PDB/old_dimer_db/6LTZ.pdb,1.0
6LW3,A,B,../../GraPPI_data/PDB/old_dimer_db/6LW3.pdb,1.0
6M2O,A,B,../../GraPPI_data/PDB/old_dimer_db/6M2O.pdb,1.0
6M9G,A,B,../../GraPPI_data/PDB/old_dimer_db/6M9G.pdb,1.0
6MC8,A,B,../../GraPPI_data/PDB/old_dimer_db/6MC8.pdb,1.0
6MH4,A,B,../../GraPPI_data/PDB/old_dimer_db/6MH4.pdb,1.0
6MNI,A,B,../../GraPPI_data/PDB/old_dimer_db/6MNI.pdb,1.0
6MNZ,A,B,../../GraPPI_data/PDB/old_dimer_db/6MNZ.pdb,1.0
6MP7,A,B,../../GraPPI_data/PDB/old_dimer_db/6MP7.pdb,1.0
6MPR,A,B,../../GraPPI_data/PDB/old_dimer_db/6MPR.pdb,1.0
6MS3,A,B,../../GraPPI_data/PDB/old_dimer_db/6MS3.pdb,1.0
6MTG,A,B,../../GraPPI_data/PDB/old_dimer_db/6MTG.pdb,1.0
6MVU,A,B,../../GraPPI_data/PDB/old_dimer_db/6MVU.pdb,1.0
6MXV,A,B,../../GraPPI_data/PDB/old_dimer_db/6MXV.pdb,1.0
6N0I,A,B,../../GraPPI_data/PDB/old_dimer_db/6N0I.pdb,1.0
6N90,A,B,../../GraPPI_data/PDB/old_dimer_db/6N90.pdb,1.0
6N91,A,B,../../GraPPI_data/PDB/old_dimer_db/6N91.pdb,1.0
6N9Q,P,D,../../GraPPI_data/PDB/old_dimer_db/6N9Q.pdb,1.0
6NAG,A,B,../../GraPPI_data/PDB/old_dimer_db/6NAG.pdb,1.0
6NCS,A,B,../../GraPPI_data/PDB/old_dimer_db/6NCS.pdb,1.0
6ND7,A,B,../../GraPPI_data/PDB/old_dimer_db/6ND7.pdb,1.0
6NDI,A,B,../../GraPPI_data/PDB/old_dimer_db/6NDI.pdb,1.0
6NFE,A,B,../../GraPPI_data/PDB/old_dimer_db/6NFE.pdb,1.0
6NHL,A,B,../../GraPPI_data/PDB/old_dimer_db/6NHL.pdb,1.0
6NJC,A,B,../../GraPPI_data/PDB/old_dimer_db/6NJC.pdb,1.0
6NJK,A,B,../../GraPPI_data/PDB/old_dimer_db/6NJK.pdb,1.0
6NJY,A,B,../../GraPPI_data/PDB/old_dimer_db/6NJY.pdb,1.0
6NL2,A,B,../../GraPPI_data/PDB/old_dimer_db/6NL2.pdb,1.0
6NP6,A,B,../../GraPPI_data/PDB/old_dimer_db/6NP6.pdb,1.0
6NPC,A,B,../../GraPPI_data/PDB/old_dimer_db/6NPC.pdb,1.0
6NZ4,A,B,../../GraPPI_data/PDB/old_dimer_db/6NZ4.pdb,1.0
6O0B,A,B,../../GraPPI_data/PDB/old_dimer_db/6O0B.pdb,1.0
6O14,A,B,../../GraPPI_data/PDB/old_dimer_db/6O14.pdb,1.0
6O5C,A,B,../../GraPPI_data/PDB/old_dimer_db/6O5C.pdb,1.0
6O6O,A,B,../../GraPPI_data/PDB/old_dimer_db/6O6O.pdb,1.0
6O9A,A,B,../../GraPPI_data/PDB/old_dimer_db/6O9A.pdb,1.0
6OAW,A,B,../../GraPPI_data/PDB/old_dimer_db/6OAW.pdb,1.0
6OH8,A,B,../../GraPPI_data/PDB/old_dimer_db/6OH8.pdb,1.0
6OHI,A,B,../../GraPPI_data/PDB/old_dimer_db/6OHI.pdb,1.0
6OJR,A,B,../../GraPPI_data/PDB/old_dimer_db/6OJR.pdb,1.0
6OK3,A,B,../../GraPPI_data/PDB/old_dimer_db/6OK3.pdb,1.0
6OKH,A,B,../../GraPPI_data/PDB/old_dimer_db/6OKH.pdb,1.0
6OMP,A,B,../../GraPPI_data/PDB/old_dimer_db/6OMP.pdb,1.0
6ON4,A,B,../../GraPPI_data/PDB/old_dimer_db/6ON4.pdb,1.0
6ONW,A,B,../../GraPPI_data/PDB/old_dimer_db/6ONW.pdb,1.0
6OTV,A,B,../../GraPPI_data/PDB/old_dimer_db/6OTV.pdb,1.0
6OUV,A,B,../../GraPPI_data/PDB/old_dimer_db/6OUV.pdb,1.0
6P29,A,B,../../GraPPI_data/PDB/old_dimer_db/6P29.pdb,1.0
6PAL,A,B,../../GraPPI_data/PDB/old_dimer_db/6PAL.pdb,1.0
6PBM,A,B,../../GraPPI_data/PDB/old_dimer_db/6PBM.pdb,1.0
6PC0,A,B,../../GraPPI_data/PDB/old_dimer_db/6PC0.pdb,1.0
6PID,A,B,../../GraPPI_data/PDB/old_dimer_db/6PID.pdb,1.0
6PL0,A,B,../../GraPPI_data/PDB/old_dimer_db/6PL0.pdb,1.0
6PNR,A,C,../../GraPPI_data/PDB/old_dimer_db/6PNR.pdb,1.0
6PON,A,B,../../GraPPI_data/PDB/old_dimer_db/6PON.pdb,1.0
6PR1,A,B,../../GraPPI_data/PDB/old_dimer_db/6PR1.pdb,1.0
6PRO,A,B,../../GraPPI_data/PDB/old_dimer_db/6PRO.pdb,1.0
6PTG,A,B,../../GraPPI_data/PDB/old_dimer_db/6PTG.pdb,1.0
6PUX,A,B,../../GraPPI_data/PDB/old_dimer_db/6PUX.pdb,1.0
6PWK,A,B,../../GraPPI_data/PDB/old_dimer_db/6PWK.pdb,1.0
6PXX,A,B,../../GraPPI_data/PDB/old_dimer_db/6PXX.pdb,1.0
6Q12,A,B,../../GraPPI_data/PDB/old_dimer_db/6Q12.pdb,1.0
6QEK,A,B,../../GraPPI_data/PDB/old_dimer_db/6QEK.pdb,1.0
6QJ6,A,E,../../GraPPI_data/PDB/old_dimer_db/6QJ6.pdb,1.0
6QKB,A,B,../../GraPPI_data/PDB/old_dimer_db/6QKB.pdb,1.0
6QLA,A,B,../../GraPPI_data/PDB/old_dimer_db/6QLA.pdb,1.0
6QMM,A,B,../../GraPPI_data/PDB/old_dimer_db/6QMM.pdb,1.0
6QO9,A,B,../../GraPPI_data/PDB/old_dimer_db/6QO9.pdb,1.0
6QOK,A,B,../../GraPPI_data/PDB/old_dimer_db/6QOK.pdb,1.0
6QSI,A,B,../../GraPPI_data/PDB/old_dimer_db/6QSI.pdb,1.0
6QU0,A,B,../../GraPPI_data/PDB/old_dimer_db/6QU0.pdb,1.0
6QWO,A,B,../../GraPPI_data/PDB/old_dimer_db/6QWO.pdb,1.0
6R5I,A,B,../../GraPPI_data/PDB/old_dimer_db/6R5I.pdb,1.0
6RJO,A,B,../../GraPPI_data/PDB/old_dimer_db/6RJO.pdb,1.0
6RK0,A,B,../../GraPPI_data/PDB/old_dimer_db/6RK0.pdb,1.0
6RRR,A,B,../../GraPPI_data/PDB/old_dimer_db/6RRR.pdb,1.0
6RX9,A,B,../../GraPPI_data/PDB/old_dimer_db/6RX9.pdb,1.0
6RYK,A,B,../../GraPPI_data/PDB/old_dimer_db/6RYK.pdb,1.0
6S33,A,B,../../GraPPI_data/PDB/old_dimer_db/6S33.pdb,1.0
6S6F,A,B,../../GraPPI_data/PDB/old_dimer_db/6S6F.pdb,1.0
6SCB,A,B,../../GraPPI_data/PDB/old_dimer_db/6SCB.pdb,1.0
6SFH,A,B,../../GraPPI_data/PDB/old_dimer_db/6SFH.pdb,1.0
6SIZ,A,B,../../GraPPI_data/PDB/old_dimer_db/6SIZ.pdb,1.0
6SJ8,A,B,../../GraPPI_data/PDB/old_dimer_db/6SJ8.pdb,1.0
6SLL,A,B,../../GraPPI_data/PDB/old_dimer_db/6SLL.pdb,1.0
6SM4,A,B,../../GraPPI_data/PDB/old_dimer_db/6SM4.pdb,1.0
6SW4,A,B,../../GraPPI_data/PDB/old_dimer_db/6SW4.pdb,1.0
6SYH,A,B,../../GraPPI_data/PDB/old_dimer_db/6SYH.pdb,1.0
6T7O,A,B,../../GraPPI_data/PDB/old_dimer_db/6T7O.pdb,1.0
6TCB,A,B,../../GraPPI_data/PDB/old_dimer_db/6TCB.pdb,1.0
6THO,A,B,../../GraPPI_data/PDB/old_dimer_db/6THO.pdb,1.0
6TJ8,A,B,../../GraPPI_data/PDB/old_dimer_db/6TJ8.pdb,1.0
6TJR,A,B,../../GraPPI_data/PDB/old_dimer_db/6TJR.pdb,1.0
6TTL,A,B,../../GraPPI_data/PDB/old_dimer_db/6TTL.pdb,1.0
6TTS,A,B,../../GraPPI_data/PDB/old_dimer_db/6TTS.pdb,1.0
6TVP,A,B,../../GraPPI_data/PDB/old_dimer_db/6TVP.pdb,1.0
6U1P,A,B,../../GraPPI_data/PDB/old_dimer_db/6U1P.pdb,1.0
6U1Q,A,B,../../GraPPI_data/PDB/old_dimer_db/6U1Q.pdb,1.0
6U1R,A,B,../../GraPPI_data/PDB/old_dimer_db/6U1R.pdb,1.0
6UBL,A,B,../../GraPPI_data/PDB/old_dimer_db/6UBL.pdb,1.0
6UE4,A,B,../../GraPPI_data/PDB/old_dimer_db/6UE4.pdb,1.0
6UI5,A,B,../../GraPPI_data/PDB/old_dimer_db/6UI5.pdb,1.0
6UJK,A,B,../../GraPPI_data/PDB/old_dimer_db/6UJK.pdb,1.0
6UK5,A,B,../../GraPPI_data/PDB/old_dimer_db/6UK5.pdb,1.0
6UN8,A,B,../../GraPPI_data/PDB/old_dimer_db/6UN8.pdb,1.0
6USS,A,B,../../GraPPI_data/PDB/old_dimer_db/6USS.pdb,1.0
6UUT,A,B,../../GraPPI_data/PDB/old_dimer_db/6UUT.pdb,1.0
6UXU,A,B,../../GraPPI_data/PDB/old_dimer_db/6UXU.pdb,1.0
6V33,A,B,../../GraPPI_data/PDB/old_dimer_db/6V33.pdb,1.0
6V3Q,A,B,../../GraPPI_data/PDB/old_dimer_db/6V3Q.pdb,1.0
6V3U,A,B,../../GraPPI_data/PDB/old_dimer_db/6V3U.pdb,1.0
6V3Z,A,B,../../GraPPI_data/PDB/old_dimer_db/6V3Z.pdb,1.0
6V42,A,B,../../GraPPI_data/PDB/old_dimer_db/6V42.pdb,1.0
6V9K,A,B,../../GraPPI_data/PDB/old_dimer_db/6V9K.pdb,1.0
6VBB,A,B,../../GraPPI_data/PDB/old_dimer_db/6VBB.pdb,1.0
6VD8,A,B,../../GraPPI_data/PDB/old_dimer_db/6VD8.pdb,1.0
6VTV,A,B,../../GraPPI_data/PDB/old_dimer_db/6VTV.pdb,1.0
6VUD,A,B,../../GraPPI_data/PDB/old_dimer_db/6VUD.pdb,1.0
6VVA,A,B,../../GraPPI_data/PDB/old_dimer_db/6VVA.pdb,1.0
6VZY,A,B,../../GraPPI_data/PDB/old_dimer_db/6VZY.pdb,1.0
6W08,A,B,../../GraPPI_data/PDB/old_dimer_db/6W08.pdb,1.0
6W6A,A,B,../../GraPPI_data/PDB/old_dimer_db/6W6A.pdb,1.0
6WBD,A,B,../../GraPPI_data/PDB/old_dimer_db/6WBD.pdb,1.0
6WF6,A,B,../../GraPPI_data/PDB/old_dimer_db/6WF6.pdb,1.0
6WFM,A,B,../../GraPPI_data/PDB/old_dimer_db/6WFM.pdb,1.0
6WN2,A,B,../../GraPPI_data/PDB/old_dimer_db/6WN2.pdb,1.0
6WSH,A,B,../../GraPPI_data/PDB/old_dimer_db/6WSH.pdb,1.0
6WT4,A,B,../../GraPPI_data/PDB/old_dimer_db/6WT4.pdb,1.0
6WTW,A,B,../../GraPPI_data/PDB/old_dimer_db/6WTW.pdb,1.0
6WXW,A,B,../../GraPPI_data/PDB/old_dimer_db/6WXW.pdb,1.0
6X1Z,A,B,../../GraPPI_data/PDB/old_dimer_db/6X1Z.pdb,1.0
6XFU,A,B,../../GraPPI_data/PDB/old_dimer_db/6XFU.pdb,1.0
6XIG,A,B,../../GraPPI_data/PDB/old_dimer_db/6XIG.pdb,1.0
6XPH,A,B,../../GraPPI_data/PDB/old_dimer_db/6XPH.pdb,1.0
6XRB,A,B,../../GraPPI_data/PDB/old_dimer_db/6XRB.pdb,1.0
6XTU,A,B,../../GraPPI_data/PDB/old_dimer_db/6XTU.pdb,1.0
6XY9,A,B,../../GraPPI_data/PDB/old_dimer_db/6XY9.pdb,1.0
6Y1Y,A,B,../../GraPPI_data/PDB/old_dimer_db/6Y1Y.pdb,1.0
6Y77,A,B,../../GraPPI_data/PDB/old_dimer_db/6Y77.pdb,1.0
6Y8L,A,B,../../GraPPI_data/PDB/old_dimer_db/6Y8L.pdb,1.0
6Y8O,A,B,../../GraPPI_data/PDB/old_dimer_db/6Y8O.pdb,1.0
6YEX,A,B,../../GraPPI_data/PDB/old_dimer_db/6YEX.pdb,1.0
6YF6,A,B,../../GraPPI_data/PDB/old_dimer_db/6YF6.pdb,1.0
6YHH,A,B,../../GraPPI_data/PDB/old_dimer_db/6YHH.pdb,1.0
6YIZ,A,B,../../GraPPI_data/PDB/old_dimer_db/6YIZ.pdb,1.0
6YJ9,A,B,../../GraPPI_data/PDB/old_dimer_db/6YJ9.pdb,1.0
6YK8,A,B,../../GraPPI_data/PDB/old_dimer_db/6YK8.pdb,1.0
6YM1,A,B,../../GraPPI_data/PDB/old_dimer_db/6YM1.pdb,1.0
6YYI,A,B,../../GraPPI_data/PDB/old_dimer_db/6YYI.pdb,1.0
6Z0F,A,B,../../GraPPI_data/PDB/old_dimer_db/6Z0F.pdb,1.0
6Z0P,A,B,../../GraPPI_data/PDB/old_dimer_db/6Z0P.pdb,1.0
6Z4C,A,B,../../GraPPI_data/PDB/old_dimer_db/6Z4C.pdb,1.0
6Z68,A,B,../../GraPPI_data/PDB/old_dimer_db/6Z68.pdb,1.0
6ZA0,A,B,../../GraPPI_data/PDB/old_dimer_db/6ZA0.pdb,1.0
6ZMB,B,C,../../GraPPI_data/PDB/old_dimer_db/6ZMB.pdb,1.0
6ZT4,A,B,../../GraPPI_data/PDB/old_dimer_db/6ZT4.pdb,1.0
6ZXB,A,B,../../GraPPI_data/PDB/old_dimer_db/6ZXB.pdb,1.0
7A6P,A,B,../../GraPPI_data/PDB/old_dimer_db/7A6P.pdb,1.0
7AED,A,B,../../GraPPI_data/PDB/old_dimer_db/7AED.pdb,1.0
7AGW,A,B,../../GraPPI_data/PDB/old_dimer_db/7AGW.pdb,1.0
7AO3,A,B,../../GraPPI_data/PDB/old_dimer_db/7AO3.pdb,1.0
7B1R,A,B,../../GraPPI_data/PDB/old_dimer_db/7B1R.pdb,1.0
7B1V,A,B,../../GraPPI_data/PDB/old_dimer_db/7B1V.pdb,1.0
7B6B,A,B,../../GraPPI_data/PDB/old_dimer_db/7B6B.pdb,1.0
7BIP,A,B,../../GraPPI_data/PDB/old_dimer_db/7BIP.pdb,1.0
7BM8,A,B,../../GraPPI_data/PDB/old_dimer_db/7BM8.pdb,1.0
7BRA,A,B,../../GraPPI_data/PDB/old_dimer_db/7BRA.pdb,1.0
7BTU,A,B,../../GraPPI_data/PDB/old_dimer_db/7BTU.pdb,1.0
7BU2,A,B,../../GraPPI_data/PDB/old_dimer_db/7BU2.pdb,1.0
7BVD,A,B,../../GraPPI_data/PDB/old_dimer_db/7BVD.pdb,1.0
7BWG,A,B,../../GraPPI_data/PDB/old_dimer_db/7BWG.pdb,1.0
7BYW,A,B,../../GraPPI_data/PDB/old_dimer_db/7BYW.pdb,1.0
7C23,A,B,../../GraPPI_data/PDB/old_dimer_db/7C23.pdb,1.0
7C64,A,B,../../GraPPI_data/PDB/old_dimer_db/7C64.pdb,1.0
7CBI,A,B,../../GraPPI_data/PDB/old_dimer_db/7CBI.pdb,1.0
7CFH,A,B,../../GraPPI_data/PDB/old_dimer_db/7CFH.pdb,1.0
7CIG,A,B,../../GraPPI_data/PDB/old_dimer_db/7CIG.pdb,1.0
7CIK,A,B,../../GraPPI_data/PDB/old_dimer_db/7CIK.pdb,1.0
7CJ7,A,B,../../GraPPI_data/PDB/old_dimer_db/7CJ7.pdb,1.0
7CR9,A,B,../../GraPPI_data/PDB/old_dimer_db/7CR9.pdb,1.0
7CSV,A,B,../../GraPPI_data/PDB/old_dimer_db/7CSV.pdb,1.0
7CWQ,A,B,../../GraPPI_data/PDB/old_dimer_db/7CWQ.pdb,1.0
7CYX,A,B,../../GraPPI_data/PDB/old_dimer_db/7CYX.pdb,1.0
7D62,A,B,../../GraPPI_data/PDB/old_dimer_db/7D62.pdb,1.0
7DHP,A,B,../../GraPPI_data/PDB/old_dimer_db/7DHP.pdb,1.0
7DOG,A,B,../../GraPPI_data/PDB/old_dimer_db/7DOG.pdb,1.0
7DQ5,A,B,../../GraPPI_data/PDB/old_dimer_db/7DQ5.pdb,1.0
7E92,A,B,../../GraPPI_data/PDB/old_dimer_db/7E92.pdb,1.0
7EC1,A,B,../../GraPPI_data/PDB/old_dimer_db/7EC1.pdb,1.0
7ESS,A,B,../../GraPPI_data/PDB/old_dimer_db/7ESS.pdb,1.0
7K7B,A,B,../../GraPPI_data/PDB/old_dimer_db/7K7B.pdb,1.0
7KB9,A,B,../../GraPPI_data/PDB/old_dimer_db/7KB9.pdb,1.0
7KCT,A,B,../../GraPPI_data/PDB/old_dimer_db/7KCT.pdb,1.0
7KL7,A,B,../../GraPPI_data/PDB/old_dimer_db/7KL7.pdb,1.0
7KL8,A,B,../../GraPPI_data/PDB/old_dimer_db/7KL8.pdb,1.0
7KMQ,A,B,../../GraPPI_data/PDB/old_dimer_db/7KMQ.pdb,1.0
7KPZ,A,B,../../GraPPI_data/PDB/old_dimer_db/7KPZ.pdb,1.0
7KQA,A,B,../../GraPPI_data/PDB/old_dimer_db/7KQA.pdb,1.0
7KWD,A,B,../../GraPPI_data/PDB/old_dimer_db/7KWD.pdb,1.0
7KWS,A,B,../../GraPPI_data/PDB/old_dimer_db/7KWS.pdb,1.0
7L0A,A,B,../../GraPPI_data/PDB/old_dimer_db/7L0A.pdb,1.0
7LAP,A,B,../../GraPPI_data/PDB/old_dimer_db/7LAP.pdb,1.0
7LGP,A,B,../../GraPPI_data/PDB/old_dimer_db/7LGP.pdb,1.0
7M13,A,B,../../GraPPI_data/PDB/old_dimer_db/7M13.pdb,1.0
7MQW,A,B,../../GraPPI_data/PDB/old_dimer_db/7MQW.pdb,1.0
7MWA,A,B,../../GraPPI_data/PDB/old_dimer_db/7MWA.pdb,1.0
7NCC,A,B,../../GraPPI_data/PDB/old_dimer_db/7NCC.pdb,1.0
7O21,A,B,../../GraPPI_data/PDB/old_dimer_db/7O21.pdb,1.0
7O39,A,B,../../GraPPI_data/PDB/old_dimer_db/7O39.pdb,1.0
1A4I,A,B,../../GraPPI_data/PDB/old_dimer_db/1A4I.pdb,1.0
1AAP,A,B,../../GraPPI_data/PDB/old_dimer_db/1AAP.pdb,1.0
1ANT,L,I,../../GraPPI_data/PDB/old_dimer_db/1ANT.pdb,1.0
1AOX,A,B,../../GraPPI_data/PDB/old_dimer_db/1AOX.pdb,1.0
1BD9,A,B,../../GraPPI_data/PDB/old_dimer_db/1BD9.pdb,1.0
1BHO,1,2,../../GraPPI_data/PDB/old_dimer_db/1BHO.pdb,1.0
1BL4,A,B,../../GraPPI_data/PDB/old_dimer_db/1BL4.pdb,1.0
1BQU,A,B,../../GraPPI_data/PDB/old_dimer_db/1BQU.pdb,1.0
1BTK,A,B,../../GraPPI_data/PDB/old_dimer_db/1BTK.pdb,1.0
1C3I,A,B,../../GraPPI_data/PDB/old_dimer_db/1C3I.pdb,1.0
1CSG,A,B,../../GraPPI_data/PDB/old_dimer_db/1CSG.pdb,1.0
1DB2,A,B,../../GraPPI_data/PDB/old_dimer_db/1DB2.pdb,1.0
1DHF,A,B,../../GraPPI_data/PDB/old_dimer_db/1DHF.pdb,1.0
1DJL,A,B,../../GraPPI_data/PDB/old_dimer_db/1DJL.pdb,1.0
1DKT,A,B,../../GraPPI_data/PDB/old_dimer_db/1DKT.pdb,1.0
1DLE,A,B,../../GraPPI_data/PDB/old_dimer_db/1DLE.pdb,1.0
1DOK,A,B,../../GraPPI_data/PDB/old_dimer_db/1DOK.pdb,1.0
1DSU,A,B,../../GraPPI_data/PDB/old_dimer_db/1DSU.pdb,1.0
1EF3,A,B,../../GraPPI_data/PDB/old_dimer_db/1EF3.pdb,1.0
1EGG,A,B,../../GraPPI_data/PDB/old_dimer_db/1EGG.pdb,1.0
1EJF,A,B,../../GraPPI_data/PDB/old_dimer_db/1EJF.pdb,1.0
1EKU,A,B,../../GraPPI_data/PDB/old_dimer_db/1EKU.pdb,1.0
1ERN,A,B,../../GraPPI_data/PDB/old_dimer_db/1ERN.pdb,1.0
1ET1,A,B,../../GraPPI_data/PDB/old_dimer_db/1ET1.pdb,1.0
1EX0,A,B,../../GraPPI_data/PDB/old_dimer_db/1EX0.pdb,1.0
1EXT,A,B,../../GraPPI_data/PDB/old_dimer_db/1EXT.pdb,1.0
1F05,A,B,../../GraPPI_data/PDB/old_dimer_db/1F05.pdb,1.0
1F0Y,A,B,../../GraPPI_data/PDB/old_dimer_db/1F0Y.pdb,1.0
1F3H,A,B,../../GraPPI_data/PDB/old_dimer_db/1F3H.pdb,1.0
1F86,A,B,../../GraPPI_data/PDB/old_dimer_db/1F86.pdb,1.0
1FBY,A,B,../../GraPPI_data/PDB/old_dimer_db/1FBY.pdb,1.0
1FGK,A,B,../../GraPPI_data/PDB/old_dimer_db/1FGK.pdb,1.0
1FGU,A,B,../../GraPPI_data/PDB/old_dimer_db/1FGU.pdb,1.0
1FIC,A,B,../../GraPPI_data/PDB/old_dimer_db/1FIC.pdb,1.0
1FZV,A,B,../../GraPPI_data/PDB/old_dimer_db/1FZV.pdb,1.0
1GRI,A,B,../../GraPPI_data/PDB/old_dimer_db/1GRI.pdb,1.0
1GVJ,A,B,../../GraPPI_data/PDB/old_dimer_db/1GVJ.pdb,1.0
1GXR,A,B,../../GraPPI_data/PDB/old_dimer_db/1GXR.pdb,1.0
1GY5,A,B,../../GraPPI_data/PDB/old_dimer_db/1GY5.pdb,1.0
1H4R,A,B,../../GraPPI_data/PDB/old_dimer_db/1H4R.pdb,1.0
1H6P,A,B,../../GraPPI_data/PDB/old_dimer_db/1H6P.pdb,1.0
1H8X,A,B,../../GraPPI_data/PDB/old_dimer_db/1H8X.pdb,1.0
1HAK,B,A,../../GraPPI_data/PDB/old_dimer_db/1HAK.pdb,1.0
1HCI,A,B,../../GraPPI_data/PDB/old_dimer_db/1HCI.pdb,1.0
1HUL,A,B,../../GraPPI_data/PDB/old_dimer_db/1HUL.pdb,1.0
1HUR,A,B,../../GraPPI_data/PDB/old_dimer_db/1HUR.pdb,1.0
1I49,A,B,../../GraPPI_data/PDB/old_dimer_db/1I49.pdb,1.0
1ICW,A,B,../../GraPPI_data/PDB/old_dimer_db/1ICW.pdb,1.0
1IHB,A,B,../../GraPPI_data/PDB/old_dimer_db/1IHB.pdb,1.0
1ILR,1,2,../../GraPPI_data/PDB/old_dimer_db/1ILR.pdb,1.0
1ITU,A,B,../../GraPPI_data/PDB/old_dimer_db/1ITU.pdb,1.0
1J1B,A,B,../../GraPPI_data/PDB/old_dimer_db/1J1B.pdb,1.0
1JD0,A,B,../../GraPPI_data/PDB/old_dimer_db/1JD0.pdb,1.0
1JL0,A,B,../../GraPPI_data/PDB/old_dimer_db/1JL0.pdb,1.0
1JL9,A,B,../../GraPPI_data/PDB/old_dimer_db/1JL9.pdb,1.0
1JOC,A,B,../../GraPPI_data/PDB/old_dimer_db/1JOC.pdb,1.0
1K86,A,B,../../GraPPI_data/PDB/old_dimer_db/1K86.pdb,1.0
1K94,A,B,../../GraPPI_data/PDB/old_dimer_db/1K94.pdb,1.0
1KWS,A,B,../../GraPPI_data/PDB/old_dimer_db/1KWS.pdb,1.0
1L8L,A,B,../../GraPPI_data/PDB/old_dimer_db/1L8L.pdb,1.0
1L9M,A,B,../../GraPPI_data/PDB/old_dimer_db/1L9M.pdb,1.0
1LFA,A,B,../../GraPPI_data/PDB/old_dimer_db/1LFA.pdb,1.0
1LGQ,A,B,../../GraPPI_data/PDB/old_dimer_db/1LGQ.pdb,1.0
1M4R,A,B,../../GraPPI_data/PDB/old_dimer_db/1M4R.pdb,1.0
1M6D,A,B,../../GraPPI_data/PDB/old_dimer_db/1M6D.pdb,1.0
1M7R,A,B,../../GraPPI_data/PDB/old_dimer_db/1M7R.pdb,1.0
1N1A,A,B,../../GraPPI_data/PDB/old_dimer_db/1N1A.pdb,1.0
1N46,A,B,../../GraPPI_data/PDB/old_dimer_db/1N46.pdb,1.0
1NA8,A,B,../../GraPPI_data/PDB/old_dimer_db/1NA8.pdb,1.0
1NBQ,A,B,../../GraPPI_data/PDB/old_dimer_db/1NBQ.pdb,1.0
1NZI,A,B,../../GraPPI_data/PDB/old_dimer_db/1NZI.pdb,1.0
1OIV,A,B,../../GraPPI_data/PDB/old_dimer_db/1OIV.pdb,1.0
1OK3,A,B,../../GraPPI_data/PDB/old_dimer_db/1OK3.pdb,1.0
1OKI,A,B,../../GraPPI_data/PDB/old_dimer_db/1OKI.pdb,1.0
1OLZ,A,B,../../GraPPI_data/PDB/old_dimer_db/1OLZ.pdb,1.0
1P4R,A,B,../../GraPPI_data/PDB/old_dimer_db/1P4R.pdb,1.0
1P9O,A,B,../../GraPPI_data/PDB/old_dimer_db/1P9O.pdb,1.0
1PEW,A,B,../../GraPPI_data/PDB/old_dimer_db/1PEW.pdb,1.0
1PFQ,A,B,../../GraPPI_data/PDB/old_dimer_db/1PFQ.pdb,1.0
1POE,A,B,../../GraPPI_data/PDB/old_dimer_db/1POE.pdb,1.0
1PR9,A,B,../../GraPPI_data/PDB/old_dimer_db/1PR9.pdb,1.0
1PRX,A,B,../../GraPPI_data/PDB/old_dimer_db/1PRX.pdb,1.0
1QB2,A,B,../../GraPPI_data/PDB/old_dimer_db/1QB2.pdb,1.0
1QC5,A,B,../../GraPPI_data/PDB/old_dimer_db/1QC5.pdb,1.0
1QF8,A,B,../../GraPPI_data/PDB/old_dimer_db/1QF8.pdb,1.0
1QH5,A,B,../../GraPPI_data/PDB/old_dimer_db/1QH5.pdb,1.0
1QHA,A,B,../../GraPPI_data/PDB/old_dimer_db/1QHA.pdb,1.0
1QQG,A,B,../../GraPPI_data/PDB/old_dimer_db/1QQG.pdb,1.0
1QWT,A,B,../../GraPPI_data/PDB/old_dimer_db/1QWT.pdb,1.0
1QZQ,A,B,../../GraPPI_data/PDB/old_dimer_db/1QZQ.pdb,1.0
1R6U,A,B,../../GraPPI_data/PDB/old_dimer_db/1R6U.pdb,1.0
1RK4,A,B,../../GraPPI_data/PDB/old_dimer_db/1RK4.pdb,1.0
1S3E,A,B,../../GraPPI_data/PDB/old_dimer_db/1S3E.pdb,1.0
1SMO,A,B,../../GraPPI_data/PDB/old_dimer_db/1SMO.pdb,1.0
1SR7,A,B,../../GraPPI_data/PDB/old_dimer_db/1SR7.pdb,1.0
1T3G,A,B,../../GraPPI_data/PDB/old_dimer_db/1T3G.pdb,1.0
1T6F,A,B,../../GraPPI_data/PDB/old_dimer_db/1T6F.pdb,1.0
1T6N,A,B,../../GraPPI_data/PDB/old_dimer_db/1T6N.pdb,1.0
1T8T,A,B,../../GraPPI_data/PDB/old_dimer_db/1T8T.pdb,1.0
1TIJ,A,B,../../GraPPI_data/PDB/old_dimer_db/1TIJ.pdb,1.0
1TRN,A,B,../../GraPPI_data/PDB/old_dimer_db/1TRN.pdb,1.0
1TVD,A,B,../../GraPPI_data/PDB/old_dimer_db/1TVD.pdb,1.0
1TWR,A,B,../../GraPPI_data/PDB/old_dimer_db/1TWR.pdb,1.0
1UZ3,A,B,../../GraPPI_data/PDB/old_dimer_db/1UZ3.pdb,1.0
1VDG,A,B,../../GraPPI_data/PDB/old_dimer_db/1VDG.pdb,1.0
1VKG,A,B,../../GraPPI_data/PDB/old_dimer_db/1VKG.pdb,1.0
1VSC,A,B,../../GraPPI_data/PDB/old_dimer_db/1VSC.pdb,1.0
1W3B,A,B,../../GraPPI_data/PDB/old_dimer_db/1W3B.pdb,1.0
1W9C,A,B,../../GraPPI_data/PDB/old_dimer_db/1W9C.pdb,1.0
1WRK,A,B,../../GraPPI_data/PDB/old_dimer_db/1WRK.pdb,1.0
1WSR,A,B,../../GraPPI_data/PDB/old_dimer_db/1WSR.pdb,1.0
1WU9,A,B,../../GraPPI_data/PDB/old_dimer_db/1WU9.pdb,1.0
1WYX,A,B,../../GraPPI_data/PDB/old_dimer_db/1WYX.pdb,1.0
1XJL,A,B,../../GraPPI_data/PDB/old_dimer_db/1XJL.pdb,1.0
1XV8,A,B,../../GraPPI_data/PDB/old_dimer_db/1XV8.pdb,1.0
1Y2O,A,B,../../GraPPI_data/PDB/old_dimer_db/1Y2O.pdb,1.0
1Y97,A,B,../../GraPPI_data/PDB/old_dimer_db/1Y97.pdb,1.0
1YB1,A,B,../../GraPPI_data/PDB/old_dimer_db/1YB1.pdb,1.0
1YLA,A,B,../../GraPPI_data/PDB/old_dimer_db/1YLA.pdb,1.0
1YZ5,A,B,../../GraPPI_data/PDB/old_dimer_db/1YZ5.pdb,1.0
1YZX,A,B,../../GraPPI_data/PDB/old_dimer_db/1YZX.pdb,1.0
1Z9M,A,B,../../GraPPI_data/PDB/old_dimer_db/1Z9M.pdb,1.0
1ZQ9,A,B,../../GraPPI_data/PDB/old_dimer_db/1ZQ9.pdb,1.0
1ZXM,A,B,../../GraPPI_data/PDB/old_dimer_db/1ZXM.pdb,1.0
2A72,A,B,../../GraPPI_data/PDB/old_dimer_db/2A72.pdb,1.0
2A8J,A,B,../../GraPPI_data/PDB/old_dimer_db/2A8J.pdb,1.0
2A9U,A,B,../../GraPPI_data/PDB/old_dimer_db/2A9U.pdb,1.0
2AAX,A,B,../../GraPPI_data/PDB/old_dimer_db/2AAX.pdb,1.0
2ACX,A,B,../../GraPPI_data/PDB/old_dimer_db/2ACX.pdb,1.0
2ARV,A,B,../../GraPPI_data/PDB/old_dimer_db/2ARV.pdb,1.0
2ASK,A,B,../../GraPPI_data/PDB/old_dimer_db/2ASK.pdb,1.0
2AXH,A,B,../../GraPPI_data/PDB/old_dimer_db/2AXH.pdb,1.0
2BZY,A,B,../../GraPPI_data/PDB/old_dimer_db/2BZY.pdb,1.0
2CAR,A,B,../../GraPPI_data/PDB/old_dimer_db/2CAR.pdb,1.0
2CB5,A,B,../../GraPPI_data/PDB/old_dimer_db/2CB5.pdb,1.0
2CJW,A,B,../../GraPPI_data/PDB/old_dimer_db/2CJW.pdb,1.0
2CZH,A,B,../../GraPPI_data/PDB/old_dimer_db/2CZH.pdb,1.0
2D68,A,B,../../GraPPI_data/PDB/old_dimer_db/2D68.pdb,1.0
2DB7,A,B,../../GraPPI_data/PDB/old_dimer_db/2DB7.pdb,1.0
2DSC,A,B,../../GraPPI_data/PDB/old_dimer_db/2DSC.pdb,1.0
2EAV,A,B,../../GraPPI_data/PDB/old_dimer_db/2EAV.pdb,1.0
2EJ8,A,B,../../GraPPI_data/PDB/old_dimer_db/2EJ8.pdb,1.0
2EX4,A,B,../../GraPPI_data/PDB/old_dimer_db/2EX4.pdb,1.0
2EXX,A,B,../../GraPPI_data/PDB/old_dimer_db/2EXX.pdb,1.0
2F5J,A,B,../../GraPPI_data/PDB/old_dimer_db/2F5J.pdb,1.0
2F7S,A,B,../../GraPPI_data/PDB/old_dimer_db/2F7S.pdb,1.0
2FIC,A,B,../../GraPPI_data/PDB/old_dimer_db/2FIC.pdb,1.0
2FIM,A,B,../../GraPPI_data/PDB/old_dimer_db/2FIM.pdb,1.0
2G59,A,B,../../GraPPI_data/PDB/old_dimer_db/2G59.pdb,1.0
2GAO,A,B,../../GraPPI_data/PDB/old_dimer_db/2GAO.pdb,1.0
2GI7,A,B,../../GraPPI_data/PDB/old_dimer_db/2GI7.pdb,1.0
2H2N,A,B,../../GraPPI_data/PDB/old_dimer_db/2H2N.pdb,1.0
2H2R,A,B,../../GraPPI_data/PDB/old_dimer_db/2H2R.pdb,1.0
2H8K,A,B,../../GraPPI_data/PDB/old_dimer_db/2H8K.pdb,1.0
2HEI,A,B,../../GraPPI_data/PDB/old_dimer_db/2HEI.pdb,1.0
2HKN,A,B,../../GraPPI_data/PDB/old_dimer_db/2HKN.pdb,1.0
2HQX,A,B,../../GraPPI_data/PDB/old_dimer_db/2HQX.pdb,1.0
2HZ5,A,B,../../GraPPI_data/PDB/old_dimer_db/2HZ5.pdb,1.0
2I46,A,B,../../GraPPI_data/PDB/old_dimer_db/2I46.pdb,1.0
2I7N,A,B,../../GraPPI_data/PDB/old_dimer_db/2I7N.pdb,1.0
2I99,A,B,../../GraPPI_data/PDB/old_dimer_db/2I99.pdb,1.0
2IIK,A,B,../../GraPPI_data/PDB/old_dimer_db/2IIK.pdb,1.0
2IYC,A,B,../../GraPPI_data/PDB/old_dimer_db/2IYC.pdb,1.0
2J05,A,B,../../GraPPI_data/PDB/old_dimer_db/2J05.pdb,1.0
2J67,A,B,../../GraPPI_data/PDB/old_dimer_db/2J67.pdb,1.0
2J8Q,A,B,../../GraPPI_data/PDB/old_dimer_db/2J8Q.pdb,1.0
2J9Q,A,B,../../GraPPI_data/PDB/old_dimer_db/2J9Q.pdb,1.0
2JC6,A,C,../../GraPPI_data/PDB/old_dimer_db/2JC6.pdb,1.0
2NO7,A,B,../../GraPPI_data/PDB/old_dimer_db/2NO7.pdb,1.0
2NYR,A,B,../../GraPPI_data/PDB/old_dimer_db/2NYR.pdb,1.0
2NZ7,A,B,../../GraPPI_data/PDB/old_dimer_db/2NZ7.pdb,1.0
2O28,A,B,../../GraPPI_data/PDB/old_dimer_db/2O28.pdb,1.0
2O2K,A,B,../../GraPPI_data/PDB/old_dimer_db/2O2K.pdb,1.0
2O6L,A,B,../../GraPPI_data/PDB/old_dimer_db/2O6L.pdb,1.0
2O96,A,B,../../GraPPI_data/PDB/old_dimer_db/2O96.pdb,1.0
2OEX,A,B,../../GraPPI_data/PDB/old_dimer_db/2OEX.pdb,1.0
2OFV,A,B,../../GraPPI_data/PDB/old_dimer_db/2OFV.pdb,1.0
2OR3,A,B,../../GraPPI_data/PDB/old_dimer_db/2OR3.pdb,1.0
2OTP,A,B,../../GraPPI_data/PDB/old_dimer_db/2OTP.pdb,1.0
2P23,A,B,../../GraPPI_data/PDB/old_dimer_db/2P23.pdb,1.0
2P5S,A,B,../../GraPPI_data/PDB/old_dimer_db/2P5S.pdb,1.0
2P64,A,B,../../GraPPI_data/PDB/old_dimer_db/2P64.pdb,1.0
2PFI,A,B,../../GraPPI_data/PDB/old_dimer_db/2PFI.pdb,1.0
2PG2,A,B,../../GraPPI_data/PDB/old_dimer_db/2PG2.pdb,1.0
2PY3,A,B,../../GraPPI_data/PDB/old_dimer_db/2PY3.pdb,1.0
2PZD,A,B,../../GraPPI_data/PDB/old_dimer_db/2PZD.pdb,1.0
2Q32,A,B,../../GraPPI_data/PDB/old_dimer_db/2Q32.pdb,1.0
2QJ2,A,B,../../GraPPI_data/PDB/old_dimer_db/2QJ2.pdb,1.0
2QJF,A,B,../../GraPPI_data/PDB/old_dimer_db/2QJF.pdb,1.0
2QRZ,A,B,../../GraPPI_data/PDB/old_dimer_db/2QRZ.pdb,1.0
2QYP,A,B,../../GraPPI_data/PDB/old_dimer_db/2QYP.pdb,1.0
2R15,A,B,../../GraPPI_data/PDB/old_dimer_db/2R15.pdb,1.0
2R83,A,B,../../GraPPI_data/PDB/old_dimer_db/2R83.pdb,1.0
2R9A,A,B,../../GraPPI_data/PDB/old_dimer_db/2R9A.pdb,1.0
2UV3,A,B,../../GraPPI_data/PDB/old_dimer_db/2UV3.pdb,1.0
2UVL,A,B,../../GraPPI_data/PDB/old_dimer_db/2UVL.pdb,1.0
2VNS,A,B,../../GraPPI_data/PDB/old_dimer_db/2VNS.pdb,1.0
2VPH,A,B,../../GraPPI_data/PDB/old_dimer_db/2VPH.pdb,1.0
2VSV,A,B,../../GraPPI_data/PDB/old_dimer_db/2VSV.pdb,1.0
2VXO,A,B,../../GraPPI_data/PDB/old_dimer_db/2VXO.pdb,1.0
2WFD,A,B,../../GraPPI_data/PDB/old_dimer_db/2WFD.pdb,1.0
2WFH,A,B,../../GraPPI_data/PDB/old_dimer_db/2WFH.pdb,1.0
2WGH,A,B,../../GraPPI_data/PDB/old_dimer_db/2WGH.pdb,1.0
2WNT,A,B,../../GraPPI_data/PDB/old_dimer_db/2WNT.pdb,1.0
2X2A,A,B,../../GraPPI_data/PDB/old_dimer_db/2X2A.pdb,1.0
2X4D,A,B,../../GraPPI_data/PDB/old_dimer_db/2X4D.pdb,1.0
2XDG,A,B,../../GraPPI_data/PDB/old_dimer_db/2XDG.pdb,1.0
2XG7,A,C,../../GraPPI_data/PDB/old_dimer_db/2XG7.pdb,1.0
2XSX,A,B,../../GraPPI_data/PDB/old_dimer_db/2XSX.pdb,1.0
2XV5,A,B,../../GraPPI_data/PDB/old_dimer_db/2XV5.pdb,1.0
2Y1H,A,B,../../GraPPI_data/PDB/old_dimer_db/2Y1H.pdb,1.0
2Y43,A,B,../../GraPPI_data/PDB/old_dimer_db/2Y43.pdb,1.0
2Y6W,A,B,../../GraPPI_data/PDB/old_dimer_db/2Y6W.pdb,1.0
2YGW,A,B,../../GraPPI_data/PDB/old_dimer_db/2YGW.pdb,1.0
2YHN,A,B,../../GraPPI_data/PDB/old_dimer_db/2YHN.pdb,1.0
2YPR,A,B,../../GraPPI_data/PDB/old_dimer_db/2YPR.pdb,1.0
2YVR,A,B,../../GraPPI_data/PDB/old_dimer_db/2YVR.pdb,1.0
2Z0V,A,B,../../GraPPI_data/PDB/old_dimer_db/2Z0V.pdb,1.0
2Z5D,A,B,../../GraPPI_data/PDB/old_dimer_db/2Z5D.pdb,1.0
2Z5E,A,B,../../GraPPI_data/PDB/old_dimer_db/2Z5E.pdb,1.0
2Z5F,A,B,../../GraPPI_data/PDB/old_dimer_db/2Z5F.pdb,1.0
2ZN9,A,B,../../GraPPI_data/PDB/old_dimer_db/2ZN9.pdb,1.0
3A60,A,B,../../GraPPI_data/PDB/old_dimer_db/3A60.pdb,1.0
3AGX,A,B,../../GraPPI_data/PDB/old_dimer_db/3AGX.pdb,1.0
3AJM,A,B,../../GraPPI_data/PDB/old_dimer_db/3AJM.pdb,1.0
3ALP,A,B,../../GraPPI_data/PDB/old_dimer_db/3ALP.pdb,1.0
3B6R,A,B,../../GraPPI_data/PDB/old_dimer_db/3B6R.pdb,1.0
3B6U,A,B,../../GraPPI_data/PDB/old_dimer_db/3B6U.pdb,1.0
3BL9,A,B,../../GraPPI_data/PDB/old_dimer_db/3BL9.pdb,1.0
3BXW,B,A,../../GraPPI_data/PDB/old_dimer_db/3BXW.pdb,1.0
3CB2,A,B,../../GraPPI_data/PDB/old_dimer_db/3CB2.pdb,1.0
3CBY,A,B,../../GraPPI_data/PDB/old_dimer_db/3CBY.pdb,1.0
3CEQ,A,B,../../GraPPI_data/PDB/old_dimer_db/3CEQ.pdb,1.0
3COO,A,B,../../GraPPI_data/PDB/old_dimer_db/3COO.pdb,1.0
3CRY,A,B,../../GraPPI_data/PDB/old_dimer_db/3CRY.pdb,1.0
3D0E,A,B,../../GraPPI_data/PDB/old_dimer_db/3D0E.pdb,1.0
3D0Y,A,B,../../GraPPI_data/PDB/old_dimer_db/3D0Y.pdb,1.0
3D34,A,B,../../GraPPI_data/PDB/old_dimer_db/3D34.pdb,1.0
3D8B,A,B,../../GraPPI_data/PDB/old_dimer_db/3D8B.pdb,1.0
3DAL,A,B,../../GraPPI_data/PDB/old_dimer_db/3DAL.pdb,1.0
3DEM,A,B,../../GraPPI_data/PDB/old_dimer_db/3DEM.pdb,1.0
3DL2,A,B,../../GraPPI_data/PDB/old_dimer_db/3DL2.pdb,1.0
3DWD,A,B,../../GraPPI_data/PDB/old_dimer_db/3DWD.pdb,1.0
3E17,A,B,../../GraPPI_data/PDB/old_dimer_db/3E17.pdb,1.0
3E3R,A,B,../../GraPPI_data/PDB/old_dimer_db/3E3R.pdb,1.0
3E7O,A,B,../../GraPPI_data/PDB/old_dimer_db/3E7O.pdb,1.0
3EE6,A,B,../../GraPPI_data/PDB/old_dimer_db/3EE6.pdb,1.0
3EFK,A,B,../../GraPPI_data/PDB/old_dimer_db/3EFK.pdb,1.0
3ENP,A,B,../../GraPPI_data/PDB/old_dimer_db/3ENP.pdb,1.0
3EQR,A,B,../../GraPPI_data/PDB/old_dimer_db/3EQR.pdb,1.0
3EVI,A,B,../../GraPPI_data/PDB/old_dimer_db/3EVI.pdb,1.0
3EWW,A,B,../../GraPPI_data/PDB/old_dimer_db/3EWW.pdb,1.0
3F1R,A,B,../../GraPPI_data/PDB/old_dimer_db/3F1R.pdb,1.0
3F70,A,B,../../GraPPI_data/PDB/old_dimer_db/3F70.pdb,1.0
3FBK,A,B,../../GraPPI_data/PDB/old_dimer_db/3FBK.pdb,1.0
3FCX,A,B,../../GraPPI_data/PDB/old_dimer_db/3FCX.pdb,1.0
3FE3,A,B,../../GraPPI_data/PDB/old_dimer_db/3FE3.pdb,1.0
3FO5,A,B,../../GraPPI_data/PDB/old_dimer_db/3FO5.pdb,1.0
3G15,A,B,../../GraPPI_data/PDB/old_dimer_db/3G15.pdb,1.0
3G4E,A,B,../../GraPPI_data/PDB/old_dimer_db/3G4E.pdb,1.0
3GA1,A,B,../../GraPPI_data/PDB/old_dimer_db/3GA1.pdb,1.0
3GCU,A,B,../../GraPPI_data/PDB/old_dimer_db/3GCU.pdb,1.0
3GRO,A,B,../../GraPPI_data/PDB/old_dimer_db/3GRO.pdb,1.0
3H8V,A,B,../../GraPPI_data/PDB/old_dimer_db/3H8V.pdb,1.0
3HAH,A,B,../../GraPPI_data/PDB/old_dimer_db/3HAH.pdb,1.0
3HCN,A,B,../../GraPPI_data/PDB/old_dimer_db/3HCN.pdb,1.0
3HCS,A,B,../../GraPPI_data/PDB/old_dimer_db/3HCS.pdb,1.0
3HEQ,A,B,../../GraPPI_data/PDB/old_dimer_db/3HEQ.pdb,1.0
3HK0,A,B,../../GraPPI_data/PDB/old_dimer_db/3HK0.pdb,1.0
3HR0,A,B,../../GraPPI_data/PDB/old_dimer_db/3HR0.pdb,1.0
3I00,A,B,../../GraPPI_data/PDB/old_dimer_db/3I00.pdb,1.0
3I17,B,A,../../GraPPI_data/PDB/old_dimer_db/3I17.pdb,1.0
3I3N,A,B,../../GraPPI_data/PDB/old_dimer_db/3I3N.pdb,1.0
3I5W,A,B,../../GraPPI_data/PDB/old_dimer_db/3I5W.pdb,1.0
3I6U,A,B,../../GraPPI_data/PDB/old_dimer_db/3I6U.pdb,1.0
3I84,A,B,../../GraPPI_data/PDB/old_dimer_db/3I84.pdb,1.0
3I8V,A,B,../../GraPPI_data/PDB/old_dimer_db/3I8V.pdb,1.0
3IKK,A,B,../../GraPPI_data/PDB/old_dimer_db/3IKK.pdb,1.0
3IKL,A,B,../../GraPPI_data/PDB/old_dimer_db/3IKL.pdb,1.0
3INK,C,D,../../GraPPI_data/PDB/old_dimer_db/3INK.pdb,1.0
3JQZ,A,B,../../GraPPI_data/PDB/old_dimer_db/3JQZ.pdb,1.0
3K2O,A,B,../../GraPPI_data/PDB/old_dimer_db/3K2O.pdb,1.0
3K9J,A,B,../../GraPPI_data/PDB/old_dimer_db/3K9J.pdb,1.0
3KDU,A,B,../../GraPPI_data/PDB/old_dimer_db/3KDU.pdb,1.0
3KEX,A,B,../../GraPPI_data/PDB/old_dimer_db/3KEX.pdb,1.0
3KG5,A,B,../../GraPPI_data/PDB/old_dimer_db/3KG5.pdb,1.0
3KH0,A,B,../../GraPPI_data/PDB/old_dimer_db/3KH0.pdb,1.0
3KMX,A,B,../../GraPPI_data/PDB/old_dimer_db/3KMX.pdb,1.0
3KUZ,A,B,../../GraPPI_data/PDB/old_dimer_db/3KUZ.pdb,1.0
3L46,A,B,../../GraPPI_data/PDB/old_dimer_db/3L46.pdb,1.0
3LF5,A,B,../../GraPPI_data/PDB/old_dimer_db/3LF5.pdb,1.0
3LFV,A,B,../../GraPPI_data/PDB/old_dimer_db/3LFV.pdb,1.0
3LGD,A,B,../../GraPPI_data/PDB/old_dimer_db/3LGD.pdb,1.0
3LHR,A,B,../../GraPPI_data/PDB/old_dimer_db/3LHR.pdb,1.0
3LLM,A,B,../../GraPPI_data/PDB/old_dimer_db/3LLM.pdb,1.0
3LMK,A,B,../../GraPPI_data/PDB/old_dimer_db/3LMK.pdb,1.0
3LN2,A,B,../../GraPPI_data/PDB/old_dimer_db/3LN2.pdb,1.0
3LOW,A,B,../../GraPPI_data/PDB/old_dimer_db/3LOW.pdb,1.0
3MGM,A,B,../../GraPPI_data/PDB/old_dimer_db/3MGM.pdb,1.0
3MTR,A,B,../../GraPPI_data/PDB/old_dimer_db/3MTR.pdb,1.0
3MUJ,A,B,../../GraPPI_data/PDB/old_dimer_db/3MUJ.pdb,1.0
3MXO,A,B,../../GraPPI_data/PDB/old_dimer_db/3MXO.pdb,1.0
3N01,A,B,../../GraPPI_data/PDB/old_dimer_db/3N01.pdb,1.0
3N8E,A,B,../../GraPPI_data/PDB/old_dimer_db/3N8E.pdb,1.0
3NAU,A,B,../../GraPPI_data/PDB/old_dimer_db/3NAU.pdb,1.0
3NER,A,B,../../GraPPI_data/PDB/old_dimer_db/3NER.pdb,1.0
3NOI,A,B,../../GraPPI_data/PDB/old_dimer_db/3NOI.pdb,1.0
3NR1,A,B,../../GraPPI_data/PDB/old_dimer_db/3NR1.pdb,1.0
3NSO,A,B,../../GraPPI_data/PDB/old_dimer_db/3NSO.pdb,1.0
3OCP,A,B,../../GraPPI_data/PDB/old_dimer_db/3OCP.pdb,1.0
3OSK,A,B,../../GraPPI_data/PDB/old_dimer_db/3OSK.pdb,1.0
3OVP,A,B,../../GraPPI_data/PDB/old_dimer_db/3OVP.pdb,1.0
3P0U,A,B,../../GraPPI_data/PDB/old_dimer_db/3P0U.pdb,1.0
3P8D,A,B,../../GraPPI_data/PDB/old_dimer_db/3P8D.pdb,1.0
3PMR,A,B,../../GraPPI_data/PDB/old_dimer_db/3PMR.pdb,1.0
3PQ1,A,B,../../GraPPI_data/PDB/old_dimer_db/3PQ1.pdb,1.0
3PV1,A,B,../../GraPPI_data/PDB/old_dimer_db/3PV1.pdb,1.0
3Q01,A,B,../../GraPPI_data/PDB/old_dimer_db/3Q01.pdb,1.0
3Q4Z,A,B,../../GraPPI_data/PDB/old_dimer_db/3Q4Z.pdb,1.0
3QM4,A,B,../../GraPPI_data/PDB/old_dimer_db/3QM4.pdb,1.0
3RAP,R,S,../../GraPPI_data/PDB/old_dimer_db/3RAP.pdb,1.0
3RAU,A,B,../../GraPPI_data/PDB/old_dimer_db/3RAU.pdb,1.0
3RBN,A,B,../../GraPPI_data/PDB/old_dimer_db/3RBN.pdb,1.0
3RQ3,A,B,../../GraPPI_data/PDB/old_dimer_db/3RQ3.pdb,1.0
3S84,A,B,../../GraPPI_data/PDB/old_dimer_db/3S84.pdb,1.0
3S9G,A,B,../../GraPPI_data/PDB/old_dimer_db/3S9G.pdb,1.0
3SWK,A,B,../../GraPPI_data/PDB/old_dimer_db/3SWK.pdb,1.0
3TOJ,A,B,../../GraPPI_data/PDB/old_dimer_db/3TOJ.pdb,1.0
3TV0,A,B,../../GraPPI_data/PDB/old_dimer_db/3TV0.pdb,1.0
3TYY,A,B,../../GraPPI_data/PDB/old_dimer_db/3TYY.pdb,1.0
3U0Y,A,B,../../GraPPI_data/PDB/old_dimer_db/3U0Y.pdb,1.0
3U1U,A,B,../../GraPPI_data/PDB/old_dimer_db/3U1U.pdb,1.0
3U21,A,B,../../GraPPI_data/PDB/old_dimer_db/3U21.pdb,1.0
3U2W,A,B,../../GraPPI_data/PDB/old_dimer_db/3U2W.pdb,1.0
3UCT,A,B,../../GraPPI_data/PDB/old_dimer_db/3UCT.pdb,1.0
3UFN,A,B,../../GraPPI_data/PDB/old_dimer_db/3UFN.pdb,1.0
3UX3,A,B,../../GraPPI_data/PDB/old_dimer_db/3UX3.pdb,1.0
3UYJ,A,B,../../GraPPI_data/PDB/old_dimer_db/3UYJ.pdb,1.0
3V4K,A,B,../../GraPPI_data/PDB/old_dimer_db/3V4K.pdb,1.0
3V8D,A,B,../../GraPPI_data/PDB/old_dimer_db/3V8D.pdb,1.0
3VOQ,A,B,../../GraPPI_data/PDB/old_dimer_db/3VOQ.pdb,1.0
3VP6,A,B,../../GraPPI_data/PDB/old_dimer_db/3VP6.pdb,1.0
3VW9,A,B,../../GraPPI_data/PDB/old_dimer_db/3VW9.pdb,1.0
3W6P,A,B,../../GraPPI_data/PDB/old_dimer_db/3W6P.pdb,1.0
3WAN,A,B,../../GraPPI_data/PDB/old_dimer_db/3WAN.pdb,1.0
3WBP,A,B,../../GraPPI_data/PDB/old_dimer_db/3WBP.pdb,1.0
3WPS,A,B,../../GraPPI_data/PDB/old_dimer_db/3WPS.pdb,1.0
3WTD,A,B,../../GraPPI_data/PDB/old_dimer_db/3WTD.pdb,1.0
3WVZ,A,B,../../GraPPI_data/PDB/old_dimer_db/3WVZ.pdb,1.0
3ZD2,A,B,../../GraPPI_data/PDB/old_dimer_db/3ZD2.pdb,1.0
3ZGD,A,B,../../GraPPI_data/PDB/old_dimer_db/3ZGD.pdb,1.0
3ZHK,A,B,../../GraPPI_data/PDB/old_dimer_db/3ZHK.pdb,1.0
3ZJE,A,B,../../GraPPI_data/PDB/old_dimer_db/3ZJE.pdb,1.0
3ZNN,A,B,../../GraPPI_data/PDB/old_dimer_db/3ZNN.pdb,1.0
3ZW5,A,B,../../GraPPI_data/PDB/old_dimer_db/3ZW5.pdb,1.0
3ZWF,A,B,../../GraPPI_data/PDB/old_dimer_db/3ZWF.pdb,1.0
3ZZW,A,B,../../GraPPI_data/PDB/old_dimer_db/3ZZW.pdb,1.0
4AE4,A,B,../../GraPPI_data/PDB/old_dimer_db/4AE4.pdb,1.0
4AJF,A,D,../../GraPPI_data/PDB/old_dimer_db/4AJF.pdb,1.0
4AKV,A,B,../../GraPPI_data/PDB/old_dimer_db/4AKV.pdb,1.0
4AMH,A,B,../../GraPPI_data/PDB/old_dimer_db/4AMH.pdb,1.0
4AP5,A,B,../../GraPPI_data/PDB/old_dimer_db/4AP5.pdb,1.0
4AWQ,A,B,../../GraPPI_data/PDB/old_dimer_db/4AWQ.pdb,1.0
4AYA,A,B,../../GraPPI_data/PDB/old_dimer_db/4AYA.pdb,1.0
4AYZ,A,B,../../GraPPI_data/PDB/old_dimer_db/4AYZ.pdb,1.0
4AZ9,A,B,../../GraPPI_data/PDB/old_dimer_db/4AZ9.pdb,1.0
4AZM,A,B,../../GraPPI_data/PDB/old_dimer_db/4AZM.pdb,1.0
4B5P,A,B,../../GraPPI_data/PDB/old_dimer_db/4B5P.pdb,1.0
4B9D,A,B,../../GraPPI_data/PDB/old_dimer_db/4B9D.pdb,1.0
4BK0,A,B,../../GraPPI_data/PDB/old_dimer_db/4BK0.pdb,1.0
4BT8,A,B,../../GraPPI_data/PDB/old_dimer_db/4BT8.pdb,1.0
4BWN,A,B,../../GraPPI_data/PDB/old_dimer_db/4BWN.pdb,1.0
4D3Q,A,B,../../GraPPI_data/PDB/old_dimer_db/4D3Q.pdb,1.0
4DIQ,A,B,../../GraPPI_data/PDB/old_dimer_db/4DIQ.pdb,1.0
4DZO,A,B,../../GraPPI_data/PDB/old_dimer_db/4DZO.pdb,1.0
4EPU,A,B,../../GraPPI_data/PDB/old_dimer_db/4EPU.pdb,1.0
4EUU,A,B,../../GraPPI_data/PDB/old_dimer_db/4EUU.pdb,1.0
4F7O,A,B,../../GraPPI_data/PDB/old_dimer_db/4F7O.pdb,1.0
4FDI,A,B,../../GraPPI_data/PDB/old_dimer_db/4FDI.pdb,1.0
4FL6,A,B,../../GraPPI_data/PDB/old_dimer_db/4FL6.pdb,1.0
4FZ5,A,B,../../GraPPI_data/PDB/old_dimer_db/4FZ5.pdb,1.0
4FZS,A,B,../../GraPPI_data/PDB/old_dimer_db/4FZS.pdb,1.0
4G1T,A,B,../../GraPPI_data/PDB/old_dimer_db/4G1T.pdb,1.0
4G84,A,B,../../GraPPI_data/PDB/old_dimer_db/4G84.pdb,1.0
4GAH,A,B,../../GraPPI_data/PDB/old_dimer_db/4GAH.pdb,1.0
4GIW,A,B,../../GraPPI_data/PDB/old_dimer_db/4GIW.pdb,1.0
4GJQ,A,B,../../GraPPI_data/PDB/old_dimer_db/4GJQ.pdb,1.0
4GOF,A,B,../../GraPPI_data/PDB/old_dimer_db/4GOF.pdb,1.0
4GPZ,A,B,../../GraPPI_data/PDB/old_dimer_db/4GPZ.pdb,1.0
4H87,A,B,../../GraPPI_data/PDB/old_dimer_db/4H87.pdb,1.0
4HFG,A,B,../../GraPPI_data/PDB/old_dimer_db/4HFG.pdb,1.0
4HHV,A,B,../../GraPPI_data/PDB/old_dimer_db/4HHV.pdb,1.0
4HMA,A,B,../../GraPPI_data/PDB/old_dimer_db/4HMA.pdb,1.0
4HVC,A,B,../../GraPPI_data/PDB/old_dimer_db/4HVC.pdb,1.0
4I1Q,A,B,../../GraPPI_data/PDB/old_dimer_db/4I1Q.pdb,1.0
4IAN,A,B,../../GraPPI_data/PDB/old_dimer_db/4IAN.pdb,1.0
4IDT,A,B,../../GraPPI_data/PDB/old_dimer_db/4IDT.pdb,1.0
4IGG,A,B,../../GraPPI_data/PDB/old_dimer_db/4IGG.pdb,1.0
4IKB,A,B,../../GraPPI_data/PDB/old_dimer_db/4IKB.pdb,1.0
4J15,A,B,../../GraPPI_data/PDB/old_dimer_db/4J15.pdb,1.0
4JJH,A,B,../../GraPPI_data/PDB/old_dimer_db/4JJH.pdb,1.0
4JP4,A,B,../../GraPPI_data/PDB/old_dimer_db/4JP4.pdb,1.0
4JU5,A,B,../../GraPPI_data/PDB/old_dimer_db/4JU5.pdb,1.0
4JUP,A,B,../../GraPPI_data/PDB/old_dimer_db/4JUP.pdb,1.0
4JZP,A,B,../../GraPPI_data/PDB/old_dimer_db/4JZP.pdb,1.0
4KCX,A,B,../../GraPPI_data/PDB/old_dimer_db/4KCX.pdb,1.0
4KGH,B,A,../../GraPPI_data/PDB/old_dimer_db/4KGH.pdb,1.0
4KIK,A,B,../../GraPPI_data/PDB/old_dimer_db/4KIK.pdb,1.0
4KMH,A,B,../../GraPPI_data/PDB/old_dimer_db/4KMH.pdb,1.0
4L0R,A,B,../../GraPPI_data/PDB/old_dimer_db/4L0R.pdb,1.0
4L1J,A,B,../../GraPPI_data/PDB/old_dimer_db/4L1J.pdb,1.0
4L57,A,B,../../GraPPI_data/PDB/old_dimer_db/4L57.pdb,1.0
4L6Y,A,B,../../GraPPI_data/PDB/old_dimer_db/4L6Y.pdb,1.0
4L9U,A,B,../../GraPPI_data/PDB/old_dimer_db/4L9U.pdb,1.0
4LDR,A,B,../../GraPPI_data/PDB/old_dimer_db/4LDR.pdb,1.0
4LIR,A,B,../../GraPPI_data/PDB/old_dimer_db/4LIR.pdb,1.0
4LTB,A,B,../../GraPPI_data/PDB/old_dimer_db/4LTB.pdb,1.0
4LVF,A,B,../../GraPPI_data/PDB/old_dimer_db/4LVF.pdb,1.0
4MFV,A,B,../../GraPPI_data/PDB/old_dimer_db/4MFV.pdb,1.0
4MIK,A,B,../../GraPPI_data/PDB/old_dimer_db/4MIK.pdb,1.0
4MPG,A,B,../../GraPPI_data/PDB/old_dimer_db/4MPG.pdb,1.0
4MPM,A,B,../../GraPPI_data/PDB/old_dimer_db/4MPM.pdb,1.0
4MSP,A,B,../../GraPPI_data/PDB/old_dimer_db/4MSP.pdb,1.0
4MXE,A,B,../../GraPPI_data/PDB/old_dimer_db/4MXE.pdb,1.0
4MXU,A,B,../../GraPPI_data/PDB/old_dimer_db/4MXU.pdb,1.0
4N6J,A,B,../../GraPPI_data/PDB/old_dimer_db/4N6J.pdb,1.0
4N9J,A,B,../../GraPPI_data/PDB/old_dimer_db/4N9J.pdb,1.0
4NLH,A,B,../../GraPPI_data/PDB/old_dimer_db/4NLH.pdb,1.0
4NSW,A,B,../../GraPPI_data/PDB/old_dimer_db/4NSW.pdb,1.0
4O1L,A,B,../../GraPPI_data/PDB/old_dimer_db/4O1L.pdb,1.0
4O38,A,B,../../GraPPI_data/PDB/old_dimer_db/4O38.pdb,1.0
4OIV,A,B,../../GraPPI_data/PDB/old_dimer_db/4OIV.pdb,1.0
4OM7,A,B,../../GraPPI_data/PDB/old_dimer_db/4OM7.pdb,1.0
4ON3,A,B,../../GraPPI_data/PDB/old_dimer_db/4ON3.pdb,1.0
4OO7,A,B,../../GraPPI_data/PDB/old_dimer_db/4OO7.pdb,1.0
4OZ0,A,B,../../GraPPI_data/PDB/old_dimer_db/4OZ0.pdb,1.0
4P22,A,B,../../GraPPI_data/PDB/old_dimer_db/4P22.pdb,1.0
4P3F,A,B,../../GraPPI_data/PDB/old_dimer_db/4P3F.pdb,1.0
4P42,A,B,../../GraPPI_data/PDB/old_dimer_db/4P42.pdb,1.0
4P5E,A,B,../../GraPPI_data/PDB/old_dimer_db/4P5E.pdb,1.0
4P5W,A,B,../../GraPPI_data/PDB/old_dimer_db/4P5W.pdb,1.0
4P60,A,B,../../GraPPI_data/PDB/old_dimer_db/4P60.pdb,1.0
4PFC,A,B,../../GraPPI_data/PDB/old_dimer_db/4PFC.pdb,1.0
4PPE,A,B,../../GraPPI_data/PDB/old_dimer_db/4PPE.pdb,1.0
4Q9V,A,B,../../GraPPI_data/PDB/old_dimer_db/4Q9V.pdb,1.0
4Q9Z,A,B,../../GraPPI_data/PDB/old_dimer_db/4Q9Z.pdb,1.0
4QDS,A,B,../../GraPPI_data/PDB/old_dimer_db/4QDS.pdb,1.0
4QN9,A,B,../../GraPPI_data/PDB/old_dimer_db/4QN9.pdb,1.0
4R14,A,B,../../GraPPI_data/PDB/old_dimer_db/4R14.pdb,1.0
4RG1,A,B,../../GraPPI_data/PDB/old_dimer_db/4RG1.pdb,1.0
4RGH,A,B,../../GraPPI_data/PDB/old_dimer_db/4RGH.pdb,1.0
4RTT,A,B,../../GraPPI_data/PDB/old_dimer_db/4RTT.pdb,1.0
4RUH,A,B,../../GraPPI_data/PDB/old_dimer_db/4RUH.pdb,1.0
4RZF,B,A,../../GraPPI_data/PDB/old_dimer_db/4RZF.pdb,1.0
4S0O,A,B,../../GraPPI_data/PDB/old_dimer_db/4S0O.pdb,1.0
4TPT,A,B,../../GraPPI_data/PDB/old_dimer_db/4TPT.pdb,1.0
4TWK,A,B,../../GraPPI_data/PDB/old_dimer_db/4TWK.pdb,1.0
4TX5,A,B,../../GraPPI_data/PDB/old_dimer_db/4TX5.pdb,1.0
4U04,A,B,../../GraPPI_data/PDB/old_dimer_db/4U04.pdb,1.0
4U5T,A,B,../../GraPPI_data/PDB/old_dimer_db/4U5T.pdb,1.0
4UAI,A,B,../../GraPPI_data/PDB/old_dimer_db/4UAI.pdb,1.0
4UC4,A,B,../../GraPPI_data/PDB/old_dimer_db/4UC4.pdb,1.0
4UNU,A,B,../../GraPPI_data/PDB/old_dimer_db/4UNU.pdb,1.0
4UXU,A,B,../../GraPPI_data/PDB/old_dimer_db/4UXU.pdb,1.0
4W7Y,A,B,../../GraPPI_data/PDB/old_dimer_db/4W7Y.pdb,1.0
4WBH,A,B,../../GraPPI_data/PDB/old_dimer_db/4WBH.pdb,1.0
4WWQ,A,B,../../GraPPI_data/PDB/old_dimer_db/4WWQ.pdb,1.0
4WZI,A,B,../../GraPPI_data/PDB/old_dimer_db/4WZI.pdb,1.0
4X08,A,B,../../GraPPI_data/PDB/old_dimer_db/4X08.pdb,1.0
4X0R,B,A,../../GraPPI_data/PDB/old_dimer_db/4X0R.pdb,1.0
4X1J,A,B,../../GraPPI_data/PDB/old_dimer_db/4X1J.pdb,1.0
4X4W,A,B,../../GraPPI_data/PDB/old_dimer_db/4X4W.pdb,1.0
4X6X,A,B,../../GraPPI_data/PDB/old_dimer_db/4X6X.pdb,1.0
4XB0,A,B,../../GraPPI_data/PDB/old_dimer_db/4XB0.pdb,1.0
4XXO,A,B,../../GraPPI_data/PDB/old_dimer_db/4XXO.pdb,1.0
4Y5U,A,B,../../GraPPI_data/PDB/old_dimer_db/4Y5U.pdb,1.0
4Y7I,A,B,../../GraPPI_data/PDB/old_dimer_db/4Y7I.pdb,1.0
4Y86,A,B,../../GraPPI_data/PDB/old_dimer_db/4Y86.pdb,1.0
4YHJ,A,B,../../GraPPI_data/PDB/old_dimer_db/4YHJ.pdb,1.0
4YTO,A,B,../../GraPPI_data/PDB/old_dimer_db/4YTO.pdb,1.0
4YUB,A,B,../../GraPPI_data/PDB/old_dimer_db/4YUB.pdb,1.0
4YWQ,A,B,../../GraPPI_data/PDB/old_dimer_db/4YWQ.pdb,1.0
4ZBW,A,B,../../GraPPI_data/PDB/old_dimer_db/4ZBW.pdb,1.0
4ZT1,A,B,../../GraPPI_data/PDB/old_dimer_db/4ZT1.pdb,1.0
4ZYA,A,B,../../GraPPI_data/PDB/old_dimer_db/4ZYA.pdb,1.0
4ZZZ,A,B,../../GraPPI_data/PDB/old_dimer_db/4ZZZ.pdb,1.0
5A6O,A,B,../../GraPPI_data/PDB/old_dimer_db/5A6O.pdb,1.0
5AQ0,A,B,../../GraPPI_data/PDB/old_dimer_db/5AQ0.pdb,1.0
5AZW,A,B,../../GraPPI_data/PDB/old_dimer_db/5AZW.pdb,1.0
5B0H,A,B,../../GraPPI_data/PDB/old_dimer_db/5B0H.pdb,1.0
5BQD,A,B,../../GraPPI_data/PDB/old_dimer_db/5BQD.pdb,1.0
5C9N,A,B,../../GraPPI_data/PDB/old_dimer_db/5C9N.pdb,1.0
5CR5,A,B,../../GraPPI_data/PDB/old_dimer_db/5CR5.pdb,1.0
5CRH,A,B,../../GraPPI_data/PDB/old_dimer_db/5CRH.pdb,1.0
5CV0,A,B,../../GraPPI_data/PDB/old_dimer_db/5CV0.pdb,1.0
5CYJ,A,B,../../GraPPI_data/PDB/old_dimer_db/5CYJ.pdb,1.0
5D3A,A,B,../../GraPPI_data/PDB/old_dimer_db/5D3A.pdb,1.0
5D41,A,B,../../GraPPI_data/PDB/old_dimer_db/5D41.pdb,1.0
5D7O,A,B,../../GraPPI_data/PDB/old_dimer_db/5D7O.pdb,1.0
5DH3,A,B,../../GraPPI_data/PDB/old_dimer_db/5DH3.pdb,1.0
5F4Y,A,B,../../GraPPI_data/PDB/old_dimer_db/5F4Y.pdb,1.0
5FCN,B,A,../../GraPPI_data/PDB/old_dimer_db/5FCN.pdb,1.0
5FUQ,A,B,../../GraPPI_data/PDB/old_dimer_db/5FUQ.pdb,1.0
5GOM,A,B,../../GraPPI_data/PDB/old_dimer_db/5GOM.pdb,1.0
5GV2,C,A,../../GraPPI_data/PDB/old_dimer_db/5GV2.pdb,1.0
5H78,A,B,../../GraPPI_data/PDB/old_dimer_db/5H78.pdb,1.0
5H9M,A,B,../../GraPPI_data/PDB/old_dimer_db/5H9M.pdb,1.0
5HN1,A,B,../../GraPPI_data/PDB/old_dimer_db/5HN1.pdb,1.0
5HPG,A,B,../../GraPPI_data/PDB/old_dimer_db/5HPG.pdb,1.0
5HPH,A,B,../../GraPPI_data/PDB/old_dimer_db/5HPH.pdb,1.0
5HTK,A,B,../../GraPPI_data/PDB/old_dimer_db/5HTK.pdb,1.0
5HWL,A,B,../../GraPPI_data/PDB/old_dimer_db/5HWL.pdb,1.0
5IM0,A,B,../../GraPPI_data/PDB/old_dimer_db/5IM0.pdb,1.0
5J0A,A,B,../../GraPPI_data/PDB/old_dimer_db/5J0A.pdb,1.0
5J97,A,B,../../GraPPI_data/PDB/old_dimer_db/5J97.pdb,1.0
5JHO,A,B,../../GraPPI_data/PDB/old_dimer_db/5JHO.pdb,1.0
5JQ1,A,B,../../GraPPI_data/PDB/old_dimer_db/5JQ1.pdb,1.0
5K26,A,B,../../GraPPI_data/PDB/old_dimer_db/5K26.pdb,1.0
5KHQ,A,B,../../GraPPI_data/PDB/old_dimer_db/5KHQ.pdb,1.0
5LTU,A,B,../../GraPPI_data/PDB/old_dimer_db/5LTU.pdb,1.0
5LXF,A,B,../../GraPPI_data/PDB/old_dimer_db/5LXF.pdb,1.0
5LZK,A,B,../../GraPPI_data/PDB/old_dimer_db/5LZK.pdb,1.0
5M33,A,B,../../GraPPI_data/PDB/old_dimer_db/5M33.pdb,1.0
5M7U,A,B,../../GraPPI_data/PDB/old_dimer_db/5M7U.pdb,1.0
5MR9,A,B,../../GraPPI_data/PDB/old_dimer_db/5MR9.pdb,1.0
5MWX,A,B,../../GraPPI_data/PDB/old_dimer_db/5MWX.pdb,1.0
5N2F,A,B,../../GraPPI_data/PDB/old_dimer_db/5N2F.pdb,1.0
5NFO,A,B,../../GraPPI_data/PDB/old_dimer_db/5NFO.pdb,1.0
5NG0,A,B,../../GraPPI_data/PDB/old_dimer_db/5NG0.pdb,1.0
5NRR,A,B,../../GraPPI_data/PDB/old_dimer_db/5NRR.pdb,1.0
5NTU,A,B,../../GraPPI_data/PDB/old_dimer_db/5NTU.pdb,1.0
5NZO,B,A,../../GraPPI_data/PDB/old_dimer_db/5NZO.pdb,1.0
5O1O,A,B,../../GraPPI_data/PDB/old_dimer_db/5O1O.pdb,1.0
5O9H,A,B,../../GraPPI_data/PDB/old_dimer_db/5O9H.pdb,1.0
5O9M,A,B,../../GraPPI_data/PDB/old_dimer_db/5O9M.pdb,1.0
5OC9,A,B,../../GraPPI_data/PDB/old_dimer_db/5OC9.pdb,1.0
5OF9,A,B,../../GraPPI_data/PDB/old_dimer_db/5OF9.pdb,1.0
5OI7,A,B,../../GraPPI_data/PDB/old_dimer_db/5OI7.pdb,1.0
5OJK,A,B,../../GraPPI_data/PDB/old_dimer_db/5OJK.pdb,1.0
5OLM,A,B,../../GraPPI_data/PDB/old_dimer_db/5OLM.pdb,1.0
5QU3,A,B,../../GraPPI_data/PDB/old_dimer_db/5QU3.pdb,1.0
5RW1,A,B,../../GraPPI_data/PDB/old_dimer_db/5RW1.pdb,1.0
5T40,A,B,../../GraPPI_data/PDB/old_dimer_db/5T40.pdb,1.0
5TFP,A,B,../../GraPPI_data/PDB/old_dimer_db/5TFP.pdb,1.0
5TPT,A,B,../../GraPPI_data/PDB/old_dimer_db/5TPT.pdb,1.0
5U0I,A,B,../../GraPPI_data/PDB/old_dimer_db/5U0I.pdb,1.0
5UFL,A,B,../../GraPPI_data/PDB/old_dimer_db/5UFL.pdb,1.0
5UHM,A,B,../../GraPPI_data/PDB/old_dimer_db/5UHM.pdb,1.0
5V54,A,B,../../GraPPI_data/PDB/old_dimer_db/5V54.pdb,1.0
5VR6,A,B,../../GraPPI_data/PDB/old_dimer_db/5VR6.pdb,1.0
5VSC,A,B,../../GraPPI_data/PDB/old_dimer_db/5VSC.pdb,1.0
5VX1,A,B,../../GraPPI_data/PDB/old_dimer_db/5VX1.pdb,1.0
5W1Y,A,B,../../GraPPI_data/PDB/old_dimer_db/5W1Y.pdb,1.0
5W87,A,B,../../GraPPI_data/PDB/old_dimer_db/5W87.pdb,1.0
5WBM,A,B,../../GraPPI_data/PDB/old_dimer_db/5WBM.pdb,1.0
5WDI,A,B,../../GraPPI_data/PDB/old_dimer_db/5WDI.pdb,1.0
5WQT,A,B,../../GraPPI_data/PDB/old_dimer_db/5WQT.pdb,1.0
5X1O,A,B,../../GraPPI_data/PDB/old_dimer_db/5X1O.pdb,1.0
5X8S,A,B,../../GraPPI_data/PDB/old_dimer_db/5X8S.pdb,1.0
5XGS,A,B,../../GraPPI_data/PDB/old_dimer_db/5XGS.pdb,1.0
5Y15,A,B,../../GraPPI_data/PDB/old_dimer_db/5Y15.pdb,1.0
5YBC,C,A,../../GraPPI_data/PDB/old_dimer_db/5YBC.pdb,1.0
5YF0,A,B,../../GraPPI_data/PDB/old_dimer_db/5YF0.pdb,1.0
5YZ1,A,B,../../GraPPI_data/PDB/old_dimer_db/5YZ1.pdb,1.0
5ZF6,A,B,../../GraPPI_data/PDB/old_dimer_db/5ZF6.pdb,1.0
5ZJ6,A,B,../../GraPPI_data/PDB/old_dimer_db/5ZJ6.pdb,1.0
6A71,A,B,../../GraPPI_data/PDB/old_dimer_db/6A71.pdb,1.0
6AGH,A,B,../../GraPPI_data/PDB/old_dimer_db/6AGH.pdb,1.0
6AR4,A,B,../../GraPPI_data/PDB/old_dimer_db/6AR4.pdb,1.0
6AWL,A,B,../../GraPPI_data/PDB/old_dimer_db/6AWL.pdb,1.0
6B9F,A,B,../../GraPPI_data/PDB/old_dimer_db/6B9F.pdb,1.0
6BMN,A,B,../../GraPPI_data/PDB/old_dimer_db/6BMN.pdb,1.0
6BQ0,A,B,../../GraPPI_data/PDB/old_dimer_db/6BQ0.pdb,1.0
6C4S,A,B,../../GraPPI_data/PDB/old_dimer_db/6C4S.pdb,1.0
6C56,A,B,../../GraPPI_data/PDB/old_dimer_db/6C56.pdb,1.0
6C6N,A,B,../../GraPPI_data/PDB/old_dimer_db/6C6N.pdb,1.0
6CKN,A,B,../../GraPPI_data/PDB/old_dimer_db/6CKN.pdb,1.0
6CS9,A,B,../../GraPPI_data/PDB/old_dimer_db/6CS9.pdb,1.0
6CYC,A,B,../../GraPPI_data/PDB/old_dimer_db/6CYC.pdb,1.0
6D0L,A,B,../../GraPPI_data/PDB/old_dimer_db/6D0L.pdb,1.0
6D71,A,B,../../GraPPI_data/PDB/old_dimer_db/6D71.pdb,1.0
6DBP,A,B,../../GraPPI_data/PDB/old_dimer_db/6DBP.pdb,1.0
6DJ3,A,B,../../GraPPI_data/PDB/old_dimer_db/6DJ3.pdb,1.0
6DVR,A,B,../../GraPPI_data/PDB/old_dimer_db/6DVR.pdb,1.0
6DVU,A,B,../../GraPPI_data/PDB/old_dimer_db/6DVU.pdb,1.0
6E28,C,D,../../GraPPI_data/PDB/old_dimer_db/6E28.pdb,1.0
6E8N,A,B,../../GraPPI_data/PDB/old_dimer_db/6E8N.pdb,1.0
6EGE,D,A,../../GraPPI_data/PDB/old_dimer_db/6EGE.pdb,1.0
6EK3,A,B,../../GraPPI_data/PDB/old_dimer_db/6EK3.pdb,1.0
6FCX,A,B,../../GraPPI_data/PDB/old_dimer_db/6FCX.pdb,1.0
6FOH,A,B,../../GraPPI_data/PDB/old_dimer_db/6FOH.pdb,1.0
6FWU,A,B,../../GraPPI_data/PDB/old_dimer_db/6FWU.pdb,1.0
6G6S,A,B,../../GraPPI_data/PDB/old_dimer_db/6G6S.pdb,1.0
6G6U,A,B,../../GraPPI_data/PDB/old_dimer_db/6G6U.pdb,1.0
6G8W,A,B,../../GraPPI_data/PDB/old_dimer_db/6G8W.pdb,1.0
6GFB,A,B,../../GraPPI_data/PDB/old_dimer_db/6GFB.pdb,1.0
6HAZ,A,B,../../GraPPI_data/PDB/old_dimer_db/6HAZ.pdb,1.0
6HCZ,A,B,../../GraPPI_data/PDB/old_dimer_db/6HCZ.pdb,1.0
6HEJ,A,B,../../GraPPI_data/PDB/old_dimer_db/6HEJ.pdb,1.0
6HPQ,A,B,../../GraPPI_data/PDB/old_dimer_db/6HPQ.pdb,1.0
6I33,A,B,../../GraPPI_data/PDB/old_dimer_db/6I33.pdb,1.0
6I4R,A,B,../../GraPPI_data/PDB/old_dimer_db/6I4R.pdb,1.0
6IIK,A,B,../../GraPPI_data/PDB/old_dimer_db/6IIK.pdb,1.0
6J64,A,B,../../GraPPI_data/PDB/old_dimer_db/6J64.pdb,1.0
6JKG,A,B,../../GraPPI_data/PDB/old_dimer_db/6JKG.pdb,1.0
6K17,A,B,../../GraPPI_data/PDB/old_dimer_db/6K17.pdb,1.0
6K2Y,A,B,../../GraPPI_data/PDB/old_dimer_db/6K2Y.pdb,1.0
6KGJ,B,A,../../GraPPI_data/PDB/old_dimer_db/6KGJ.pdb,1.0
6L4G,A,B,../../GraPPI_data/PDB/old_dimer_db/6L4G.pdb,1.0
6LIO,A,B,../../GraPPI_data/PDB/old_dimer_db/6LIO.pdb,1.0
6LPN,A,B,../../GraPPI_data/PDB/old_dimer_db/6LPN.pdb,1.0
6LRC,B,A,../../GraPPI_data/PDB/old_dimer_db/6LRC.pdb,1.0
6MTW,A,B,../../GraPPI_data/PDB/old_dimer_db/6MTW.pdb,1.0
6MX3,A,B,../../GraPPI_data/PDB/old_dimer_db/6MX3.pdb,1.0
6O5V,A,B,../../GraPPI_data/PDB/old_dimer_db/6O5V.pdb,1.0
6OFP,A,B,../../GraPPI_data/PDB/old_dimer_db/6OFP.pdb,1.0
6OIB,A,B,../../GraPPI_data/PDB/old_dimer_db/6OIB.pdb,1.0
6OWJ,A,B,../../GraPPI_data/PDB/old_dimer_db/6OWJ.pdb,1.0
6P0R,A,B,../../GraPPI_data/PDB/old_dimer_db/6P0R.pdb,1.0
6PCE,A,B,../../GraPPI_data/PDB/old_dimer_db/6PCE.pdb,1.0
6PT3,A,B,../../GraPPI_data/PDB/old_dimer_db/6PT3.pdb,1.0
6Q8F,A,B,../../GraPPI_data/PDB/old_dimer_db/6Q8F.pdb,1.0
6QA0,A,B,../../GraPPI_data/PDB/old_dimer_db/6QA0.pdb,1.0
6RCH,A,B,../../GraPPI_data/PDB/old_dimer_db/6RCH.pdb,1.0
6RMT,A,B,../../GraPPI_data/PDB/old_dimer_db/6RMT.pdb,1.0
6RNQ,A,B,../../GraPPI_data/PDB/old_dimer_db/6RNQ.pdb,1.0
6S98,A,B,../../GraPPI_data/PDB/old_dimer_db/6S98.pdb,1.0
6S9A,A,B,../../GraPPI_data/PDB/old_dimer_db/6S9A.pdb,1.0
6SA9,A,B,../../GraPPI_data/PDB/old_dimer_db/6SA9.pdb,1.0
6SBO,A,B,../../GraPPI_data/PDB/old_dimer_db/6SBO.pdb,1.0
6SRE,A,B,../../GraPPI_data/PDB/old_dimer_db/6SRE.pdb,1.0
6SW6,A,B,../../GraPPI_data/PDB/old_dimer_db/6SW6.pdb,1.0
6T5J,A,B,../../GraPPI_data/PDB/old_dimer_db/6T5J.pdb,1.0
6ULM,B,A,../../GraPPI_data/PDB/old_dimer_db/6ULM.pdb,1.0
6URE,A,B,../../GraPPI_data/PDB/old_dimer_db/6URE.pdb,1.0
6UVC,A,B,../../GraPPI_data/PDB/old_dimer_db/6UVC.pdb,1.0
6UX9,A,B,../../GraPPI_data/PDB/old_dimer_db/6UX9.pdb,1.0
6V52,A,B,../../GraPPI_data/PDB/old_dimer_db/6V52.pdb,1.0
6VLE,A,B,../../GraPPI_data/PDB/old_dimer_db/6VLE.pdb,1.0
6WBP,A,B,../../GraPPI_data/PDB/old_dimer_db/6WBP.pdb,1.0
6WH2,A,B,../../GraPPI_data/PDB/old_dimer_db/6WH2.pdb,1.0
6WLG,A,B,../../GraPPI_data/PDB/old_dimer_db/6WLG.pdb,1.0
6XUE,A,B,../../GraPPI_data/PDB/old_dimer_db/6XUE.pdb,1.0
6XZ4,A,B,../../GraPPI_data/PDB/old_dimer_db/6XZ4.pdb,1.0
6Y7F,A,B,../../GraPPI_data/PDB/old_dimer_db/6Y7F.pdb,1.0
6YIP,A,B,../../GraPPI_data/PDB/old_dimer_db/6YIP.pdb,1.0
6YTU,A,B,../../GraPPI_data/PDB/old_dimer_db/6YTU.pdb,1.0
6Z2F,A,B,../../GraPPI_data/PDB/old_dimer_db/6Z2F.pdb,1.0
6ZIO,A,B,../../GraPPI_data/PDB/old_dimer_db/6ZIO.pdb,1.0
6ZMM,A,B,../../GraPPI_data/PDB/old_dimer_db/6ZMM.pdb,1.0
7A1F,A,L,../../GraPPI_data/PDB/old_dimer_db/7A1F.pdb,1.0
7ASV,B,A,../../GraPPI_data/PDB/old_dimer_db/7ASV.pdb,1.0
7CCB,A,B,../../GraPPI_data/PDB/old_dimer_db/7CCB.pdb,1.0
7CD9,A,B,../../GraPPI_data/PDB/old_dimer_db/7CD9.pdb,1.0
7CKF,A,B,../../GraPPI_data/PDB/old_dimer_db/7CKF.pdb,1.0
7NBI,A,B,../../GraPPI_data/PDB/old_dimer_db/7NBI.pdb,1.0
7NDL,A,B,../../GraPPI_data/PDB/old_dimer_db/7NDL.pdb,1.0
5XSP,A,B,../../GraPPI_data/PDB/old_dimer_db/5XSP.pdb,1.0