Mutations,Source Data Set,PDB_ori,KD(M),Ligand Chains,Receptor Chains,paths,affinity,PDB,new_pdb_name,mut_paths
A_M14A,SKEMPI_v2.0,1A22,9e-10,A,B,PDB/SKEMPI_v2.0/1A22.pdb,12.334439026880876,1A22,1a22_1,PDB/mutant_pdbs/1a22/1a22_1.pdb
A_H18A,SKEMPI_v2.0,1A22,3.96e-10,A,B,PDB/SKEMPI_v2.0/1A22.pdb,12.82061292958254,1A22,1a22_2,PDB/mutant_pdbs/1a22/1a22_2.pdb
A_H21A,SKEMPI_v2.0,1A22,1.17e-09,A,B,PDB/SKEMPI_v2.0/1A22.pdb,12.179070354548717,1A22,1a22_3,PDB/mutant_pdbs/1a22/1a22_3.pdb
A_Q22A,SKEMPI_v2.0,1A22,6.21e-10,A,B,PDB/SKEMPI_v2.0/1A22.pdb,12.554178066591138,1A22,1a22_4,PDB/mutant_pdbs/1a22/1a22_4.pdb
A_F25A,SKEMPI_v2.0,1A22,4.23e-10,A,B,PDB/SKEMPI_v2.0/1A22.pdb,12.781553487145366,1A22,1a22_5,PDB/mutant_pdbs/1a22/1a22_5.pdb
A_D26A,SKEMPI_v2.0,1A22,6.3e-10,A,B,PDB/SKEMPI_v2.0/1A22.pdb,12.545657245209439,1A22,1a22_6,PDB/mutant_pdbs/1a22/1a22_6.pdb
A_Q29A,SKEMPI_v2.0,1A22,3.33e-10,A,B,PDB/SKEMPI_v2.0/1A22.pdb,12.923222167703038,1A22,1a22_7,PDB/mutant_pdbs/1a22/1a22_7.pdb
A_Y42A,SKEMPI_v2.0,1A22,1.26e-09,A,B,PDB/SKEMPI_v2.0/1A22.pdb,12.13518458654551,1A22,1a22_8,PDB/mutant_pdbs/1a22/1a22_8.pdb
A_L45A,SKEMPI_v2.0,1A22,7.11e-09,A,B,PDB/SKEMPI_v2.0/1A22.pdb,11.110470040540946,1A22,1a22_9,PDB/mutant_pdbs/1a22/1a22_9.pdb
A_Q46A,SKEMPI_v2.0,1A22,1.08e-09,A,B,PDB/SKEMPI_v2.0/1A22.pdb,12.226470594998192,1A22,1a22_10,PDB/mutant_pdbs/1a22/1a22_10.pdb
A_P48A,SKEMPI_v2.0,1A22,1.8e-09,A,B,PDB/SKEMPI_v2.0/1A22.pdb,11.923966368216945,1A22,1a22_11,PDB/mutant_pdbs/1a22/1a22_11.pdb
A_S51A,SKEMPI_v2.0,1A22,1.62e-09,A,B,PDB/SKEMPI_v2.0/1A22.pdb,11.986359482108476,1A22,1a22_12,PDB/mutant_pdbs/1a22/1a22_12.pdb
A_E56A,SKEMPI_v2.0,1A22,1.8e-09,A,B,PDB/SKEMPI_v2.0/1A22.pdb,11.923966368216945,1A22,1a22_13,PDB/mutant_pdbs/1a22/1a22_13.pdb
A_P61A,SKEMPI_v2.0,1A22,6.93e-09,A,B,PDB/SKEMPI_v2.0/1A22.pdb,11.125655151241327,1A22,1a22_14,PDB/mutant_pdbs/1a22/1a22_14.pdb
A_S62A,SKEMPI_v2.0,1A22,1.17e-09,A,B,PDB/SKEMPI_v2.0/1A22.pdb,12.179070354548717,1A22,1a22_15,PDB/mutant_pdbs/1a22/1a22_15.pdb
A_N63A,SKEMPI_v2.0,1A22,1.53e-09,A,B,PDB/SKEMPI_v2.0/1A22.pdb,12.020207944241648,1A22,1a22_16,PDB/mutant_pdbs/1a22/1a22_16.pdb
A_R64A,SKEMPI_v2.0,1A22,1.44e-08,A,B,PDB/SKEMPI_v2.0/1A22.pdb,10.69254839222516,1A22,1a22_17,PDB/mutant_pdbs/1a22/1a22_17.pdb
A_E65A,SKEMPI_v2.0,1A22,4.05e-10,A,B,PDB/SKEMPI_v2.0/1A22.pdb,12.807304799436334,1A22,1a22_18,PDB/mutant_pdbs/1a22/1a22_18.pdb
A_Q68A,SKEMPI_v2.0,1A22,2.43e-09,A,B,PDB/SKEMPI_v2.0/1A22.pdb,11.746248369218764,1A22,1a22_19,PDB/mutant_pdbs/1a22/1a22_19.pdb
A_Y153A,SKEMPI_v2.0,1A22,1.62e-09,A,B,PDB/SKEMPI_v2.0/1A22.pdb,11.986359482108476,1A22,1a22_20,PDB/mutant_pdbs/1a22/1a22_20.pdb
A_R156A,SKEMPI_v2.0,1A22,1.44e-09,A,B,PDB/SKEMPI_v2.0/1A22.pdb,12.056109049223974,1A22,1a22_21,PDB/mutant_pdbs/1a22/1a22_21.pdb
A_K157A,SKEMPI_v2.0,1A22,6.93e-10,A,B,PDB/SKEMPI_v2.0/1A22.pdb,12.489215808240145,1A22,1a22_22,PDB/mutant_pdbs/1a22/1a22_22.pdb
A_D160A,SKEMPI_v2.0,1A22,3.42e-09,A,B,PDB/SKEMPI_v2.0/1A22.pdb,11.54386892496092,1A22,1a22_23,PDB/mutant_pdbs/1a22/1a22_23.pdb
A_K161A,SKEMPI_v2.0,1A22,2.7e-08,A,B,PDB/SKEMPI_v2.0/1A22.pdb,10.320294598328417,1A22,1a22_24,PDB/mutant_pdbs/1a22/1a22_24.pdb
A_E163A,SKEMPI_v2.0,1A22,1.89e-10,A,B,PDB/SKEMPI_v2.0/1A22.pdb,13.258634130654613,1A22,1a22_25,PDB/mutant_pdbs/1a22/1a22_25.pdb
A_T164A,SKEMPI_v2.0,1A22,2.25e-08,A,B,PDB/SKEMPI_v2.0/1A22.pdb,10.4282630302111,1A22,1a22_26,PDB/mutant_pdbs/1a22/1a22_26.pdb
A_F165A,SKEMPI_v2.0,1A22,1.8e-09,A,B,PDB/SKEMPI_v2.0/1A22.pdb,11.923966368216945,1A22,1a22_27,PDB/mutant_pdbs/1a22/1a22_27.pdb
A_R167A,SKEMPI_v2.0,1A22,5.4e-08,A,B,PDB/SKEMPI_v2.0/1A22.pdb,9.909821939664488,1A22,1a22_28,PDB/mutant_pdbs/1a22/1a22_28.pdb
A_I168A,SKEMPI_v2.0,1A22,3.51e-09,A,B,PDB/SKEMPI_v2.0/1A22.pdb,11.528486582995074,1A22,1a22_29,PDB/mutant_pdbs/1a22/1a22_29.pdb
A_R172A,SKEMPI_v2.0,1A22,2.25e-09,A,B,PDB/SKEMPI_v2.0/1A22.pdb,11.791823687209916,1A22,1a22_30,PDB/mutant_pdbs/1a22/1a22_30.pdb
A_E175A,SKEMPI_v2.0,1A22,8.82e-10,A,B,PDB/SKEMPI_v2.0/1A22.pdb,12.346402804874074,1A22,1a22_31,PDB/mutant_pdbs/1a22/1a22_31.pdb
B_R11A,SKEMPI_v2.0,1A22,1.21e-08,A,B,PDB/SKEMPI_v2.0/1A22.pdb,10.79560238205194,1A22,1a22_32,PDB/mutant_pdbs/1a22/1a22_32.pdb
B_E12A,SKEMPI_v2.0,1A22,5.92e-09,A,B,PDB/SKEMPI_v2.0/1A22.pdb,11.218938419155792,1A22,1a22_33,PDB/mutant_pdbs/1a22/1a22_33.pdb
B_R29A,SKEMPI_v2.0,1A22,1.09e-09,A,B,PDB/SKEMPI_v2.0/1A22.pdb,12.221012612868261,1A22,1a22_34,PDB/mutant_pdbs/1a22/1a22_34.pdb
B_R30A,SKEMPI_v2.0,1A22,8.4e-10,A,B,PDB/SKEMPI_v2.0/1A22.pdb,12.375295699435224,1A22,1a22_35,PDB/mutant_pdbs/1a22/1a22_35.pdb
B_T32A,SKEMPI_v2.0,1A22,4.1e-10,A,B,PDB/SKEMPI_v2.0/1A22.pdb,12.800038611721128,1A22,1a22_36,PDB/mutant_pdbs/1a22/1a22_36.pdb
B_Q33A,SKEMPI_v2.0,1A22,3.4e-10,A,B,PDB/SKEMPI_v2.0/1A22.pdb,12.910902828685003,1A22,1a22_37,PDB/mutant_pdbs/1a22/1a22_37.pdb
B_E34A,SKEMPI_v2.0,1A22,2.9e-10,A,B,PDB/SKEMPI_v2.0/1A22.pdb,13.005098852178122,1A22,1a22_38,PDB/mutant_pdbs/1a22/1a22_38.pdb
B_W35A,SKEMPI_v2.0,1A22,8.1e-10,A,B,PDB/SKEMPI_v2.0/1A22.pdb,12.396832140772405,1A22,1a22_39,PDB/mutant_pdbs/1a22/1a22_39.pdb
B_W39A,SKEMPI_v2.0,1A22,3.3e-10,A,B,PDB/SKEMPI_v2.0/1A22.pdb,12.928581361465222,1A22,1a22_40,PDB/mutant_pdbs/1a22/1a22_40.pdb
B_S57A,SKEMPI_v2.0,1A22,3.1e-10,A,B,PDB/SKEMPI_v2.0/1A22.pdb,12.965605095919447,1A22,1a22_41,PDB/mutant_pdbs/1a22/1a22_41.pdb
B_S61A,SKEMPI_v2.0,1A22,2.5e-10,A,B,PDB/SKEMPI_v2.0/1A22.pdb,13.092991230317201,1A22,1a22_42,PDB/mutant_pdbs/1a22/1a22_42.pdb
B_I62A,SKEMPI_v2.0,1A22,5.13e-09,A,B,PDB/SKEMPI_v2.0/1A22.pdb,11.303757812071208,1A22,1a22_43,PDB/mutant_pdbs/1a22/1a22_43.pdb
B_W63A,SKEMPI_v2.0,1A22,1e-06,A,B,PDB/SKEMPI_v2.0/1A22.pdb,8.181363941992895,1A22,1a22_44,PDB/mutant_pdbs/1a22/1a22_44.pdb
B_I64A,SKEMPI_v2.0,1A22,9e-09,A,B,PDB/SKEMPI_v2.0/1A22.pdb,10.970878369882058,1A22,1a22_45,PDB/mutant_pdbs/1a22/1a22_45.pdb
B_P65A,SKEMPI_v2.0,1A22,9.01e-08,A,B,PDB/SKEMPI_v2.0/1A22.pdb,9.606660092750058,1A22,1a22_46,PDB/mutant_pdbs/1a22/1a22_46.pdb
B_E79A,SKEMPI_v2.0,1A22,2.5e-10,A,B,PDB/SKEMPI_v2.0/1A22.pdb,13.092991230317201,1A22,1a22_47,PDB/mutant_pdbs/1a22/1a22_47.pdb
B_K80A,SKEMPI_v2.0,1A22,3.9e-10,A,B,PDB/SKEMPI_v2.0/1A22.pdb,12.82965412610236,1A22,1a22_48,PDB/mutant_pdbs/1a22/1a22_48.pdb
B_S83A,SKEMPI_v2.0,1A22,5.4e-10,A,B,PDB/SKEMPI_v2.0/1A22.pdb,12.63694325366212,1A22,1a22_49,PDB/mutant_pdbs/1a22/1a22_49.pdb
B_D85A,SKEMPI_v2.0,1A22,1.82e-09,A,B,PDB/SKEMPI_v2.0/1A22.pdb,11.917422800321821,1A22,1a22_50,PDB/mutant_pdbs/1a22/1a22_50.pdb
B_E86A,SKEMPI_v2.0,1A22,1.75e-09,A,B,PDB/SKEMPI_v2.0/1A22.pdb,11.94064879164695,1A22,1a22_51,PDB/mutant_pdbs/1a22/1a22_51.pdb
B_D119A,SKEMPI_v2.0,1A22,4.18e-09,A,B,PDB/SKEMPI_v2.0/1A22.pdb,11.425034374100095,1A22,1a22_52,PDB/mutant_pdbs/1a22/1a22_52.pdb
B_I120A,SKEMPI_v2.0,1A22,1.24e-08,A,B,PDB/SKEMPI_v2.0/1A22.pdb,10.781099121592774,1A22,1a22_53,PDB/mutant_pdbs/1a22/1a22_53.pdb
B_Q121A,SKEMPI_v2.0,1A22,3.5e-10,A,B,PDB/SKEMPI_v2.0/1A22.pdb,12.893736789981837,1A22,1a22_54,PDB/mutant_pdbs/1a22/1a22_54.pdb
B_K122A,SKEMPI_v2.0,1A22,3.3e-10,A,B,PDB/SKEMPI_v2.0/1A22.pdb,12.928581361465222,1A22,1a22_55,PDB/mutant_pdbs/1a22/1a22_55.pdb
B_W124A,SKEMPI_v2.0,1A22,1e-06,A,B,PDB/SKEMPI_v2.0/1A22.pdb,8.181363941992895,1A22,1a22_56,PDB/mutant_pdbs/1a22/1a22_56.pdb
B_V126A,SKEMPI_v2.0,1A22,1.2e-10,A,B,PDB/SKEMPI_v2.0/1A22.pdb,13.527638138105475,1A22,1a22_57,PDB/mutant_pdbs/1a22/1a22_57.pdb
B_T150A,SKEMPI_v2.0,1A22,2.9e-10,A,B,PDB/SKEMPI_v2.0/1A22.pdb,13.005098852178122,1A22,1a22_58,PDB/mutant_pdbs/1a22/1a22_58.pdb
B_Q171A,SKEMPI_v2.0,1A22,1.53e-09,A,B,PDB/SKEMPI_v2.0/1A22.pdb,12.020207944241648,1A22,1a22_59,PDB/mutant_pdbs/1a22/1a22_59.pdb
B_R172A,SKEMPI_v2.0,1A22,5.4e-10,A,B,PDB/SKEMPI_v2.0/1A22.pdb,12.63694325366212,1A22,1a22_60,PDB/mutant_pdbs/1a22/1a22_60.pdb
B_N173A,SKEMPI_v2.0,1A22,5.6e-10,A,B,PDB/SKEMPI_v2.0/1A22.pdb,12.615406812324938,1A22,1a22_61,PDB/mutant_pdbs/1a22/1a22_61.pdb
B_S174A,SKEMPI_v2.0,1A22,3.6e-10,A,B,PDB/SKEMPI_v2.0/1A22.pdb,12.877054366551832,1A22,1a22_62,PDB/mutant_pdbs/1a22/1a22_62.pdb
B_E10A,SKEMPI_v2.0,1A22,4.6e-10,A,B,PDB/SKEMPI_v2.0/1A22.pdb,12.731896065589321,1A22,1a22_63,PDB/mutant_pdbs/1a22/1a22_63.pdb
B_N31A,SKEMPI_v2.0,1A22,5.4e-10,A,B,PDB/SKEMPI_v2.0/1A22.pdb,12.63694325366212,1A22,1a22_64,PDB/mutant_pdbs/1a22/1a22_64.pdb
B_T36A,SKEMPI_v2.0,1A22,4.8e-10,A,B,PDB/SKEMPI_v2.0/1A22.pdb,12.706692820777617,1A22,1a22_65,PDB/mutant_pdbs/1a22/1a22_65.pdb
B_F55S,SKEMPI_v2.0,1A22,3.7e-10,A,B,PDB/SKEMPI_v2.0/1A22.pdb,12.860829053811507,1A22,1a22_66,PDB/mutant_pdbs/1a22/1a22_66.pdb
B_T60A,SKEMPI_v2.0,1A22,6.65e-09,A,B,PDB/SKEMPI_v2.0/1A22.pdb,11.150078689726994,1A22,1a22_67,PDB/mutant_pdbs/1a22/1a22_67.pdb
B_T149A,SKEMPI_v2.0,1A22,4.8e-10,A,B,PDB/SKEMPI_v2.0/1A22.pdb,12.706692820777617,1A22,1a22_68,PDB/mutant_pdbs/1a22/1a22_68.pdb
B_K170A,SKEMPI_v2.0,1A22,1.28e-09,A,B,PDB/SKEMPI_v2.0/1A22.pdb,12.125858616339473,1A22,1a22_69,PDB/mutant_pdbs/1a22/1a22_69.pdb
B_R11L,SKEMPI_v2.0,1A22,8.2e-10,A,B,PDB/SKEMPI_v2.0/1A22.pdb,12.389565953057199,1A22,1a22_70,PDB/mutant_pdbs/1a22/1a22_70.pdb
B_R11M,SKEMPI_v2.0,1A22,1.84e-09,A,B,PDB/SKEMPI_v2.0/1A22.pdb,11.910950748261463,1A22,1a22_71,PDB/mutant_pdbs/1a22/1a22_71.pdb
"B_E34A, B_N31A, B_Q33A, B_T32A",SKEMPI_v2.0,1A22,2.7e-10,A,B,PDB/SKEMPI_v2.0/1A22.pdb,13.047415912326048,1A22,1a22_72,PDB/mutant_pdbs/1a22/1a22_72.pdb
"B_E34A, B_N31A, B_Q33A, B_T32A, B_W35A, B_W39A",SKEMPI_v2.0,1A22,4.5e-10,A,B,PDB/SKEMPI_v2.0/1A22.pdb,12.744911685544803,1A22,1a22_73,PDB/mutant_pdbs/1a22/1a22_73.pdb
"B_S57A, B_S61A",SKEMPI_v2.0,1A22,1.3e-10,A,B,PDB/SKEMPI_v2.0/1A22.pdb,13.480237897656,1A22,1a22_74,PDB/mutant_pdbs/1a22/1a22_74.pdb
"B_E79A, B_K80A",SKEMPI_v2.0,1A22,1.9e-10,A,B,PDB/SKEMPI_v2.0/1A22.pdb,13.255509126732134,1A22,1a22_75,PDB/mutant_pdbs/1a22/1a22_75.pdb
"B_K122A, B_Q121A, B_V126A",SKEMPI_v2.0,1A22,7.8e-11,A,B,PDB/SKEMPI_v2.0/1A22.pdb,13.782742124437245,1A22,1a22_76,PDB/mutant_pdbs/1a22/1a22_76.pdb
"B_N173A, B_R172A",SKEMPI_v2.0,1A22,1.56e-09,A,B,PDB/SKEMPI_v2.0/1A22.pdb,12.008708808774502,1A22,1a22_77,PDB/mutant_pdbs/1a22/1a22_77.pdb
"B_N173A, B_Q171A, B_R172A",SKEMPI_v2.0,1A22,2.19e-09,A,B,PDB/SKEMPI_v2.0/1A22.pdb,11.807829712086571,1A22,1a22_78,PDB/mutant_pdbs/1a22/1a22_78.pdb
"B_E79A, B_K80A, B_S57A, B_S61A",SKEMPI_v2.0,1A22,7.5e-11,A,B,PDB/SKEMPI_v2.0/1A22.pdb,13.805968115762374,1A22,1a22_79,PDB/mutant_pdbs/1a22/1a22_79.pdb
"B_E79A, B_K122A, B_K80A, B_Q121A, B_S57A, B_S61A, B_V126A",SKEMPI_v2.0,1A22,3.2e-11,A,B,PDB/SKEMPI_v2.0/1A22.pdb,14.310364590666147,1A22,1a22_80,PDB/mutant_pdbs/1a22/1a22_80.pdb
B_F55S,SKEMPI_v2.0,1A22,3.2e-10,A,B,PDB/SKEMPI_v2.0/1A22.pdb,12.94680393366733,1A22,1a22_81,PDB/mutant_pdbs/1a22/1a22_81.pdb
"B_K2A, B_K5A",SKEMPI_v2.0,1A22,6e-10,A,B,PDB/SKEMPI_v2.0/1A22.pdb,12.574550139770588,1A22,1a22_82,PDB/mutant_pdbs/1a22/1a22_82.pdb
"B_E34A, B_R29A, B_R30A",SKEMPI_v2.0,1A22,2e-09,A,B,PDB/SKEMPI_v2.0/1A22.pdb,11.861573254325416,1A22,1a22_83,PDB/mutant_pdbs/1a22/1a22_83.pdb
"B_D78A, B_E79A, B_K80A",SKEMPI_v2.0,1A22,5.7e-10,A,B,PDB/SKEMPI_v2.0/1A22.pdb,12.60492535517849,1A22,1a22_84,PDB/mutant_pdbs/1a22/1a22_84.pdb
"B_D107A, B_E113A, B_R111A",SKEMPI_v2.0,1A22,6.8e-10,A,B,PDB/SKEMPI_v2.0/1A22.pdb,12.500430170021072,1A22,1a22_85,PDB/mutant_pdbs/1a22/1a22_85.pdb
"B_D119A, B_K122A, B_R116A",SKEMPI_v2.0,1A22,3.6e-10,A,B,PDB/SKEMPI_v2.0/1A22.pdb,12.877054366551832,1A22,1a22_86,PDB/mutant_pdbs/1a22/1a22_86.pdb
"B_D145A, B_E138A, B_K140A, B_K142A",SKEMPI_v2.0,1A22,4.9e-10,A,B,PDB/SKEMPI_v2.0/1A22.pdb,12.694482349646472,1A22,1a22_87,PDB/mutant_pdbs/1a22/1a22_87.pdb
"B_D160A, B_E162A, B_E164A, B_K158A, B_K161A",SKEMPI_v2.0,1A22,2.65e-09,A,B,PDB/SKEMPI_v2.0/1A22.pdb,11.694924491052031,1A22,1a22_88,PDB/mutant_pdbs/1a22/1a22_88.pdb
B_R7A,SKEMPI_v2.0,1A22,6.3e-10,A,B,PDB/SKEMPI_v2.0/1A22.pdb,12.545657245209439,1A22,1a22_89,PDB/mutant_pdbs/1a22/1a22_89.pdb
B_E10A,SKEMPI_v2.0,1A22,3.2e-09,A,B,PDB/SKEMPI_v2.0/1A22.pdb,11.583243276668515,1A22,1a22_90,PDB/mutant_pdbs/1a22/1a22_90.pdb
B_R11A,SKEMPI_v2.0,1A22,6.4e-10,A,B,PDB/SKEMPI_v2.0/1A22.pdb,12.536331275003402,1A22,1a22_91,PDB/mutant_pdbs/1a22/1a22_91.pdb
B_E12A,SKEMPI_v2.0,1A22,1.2e-09,A,B,PDB/SKEMPI_v2.0/1A22.pdb,12.16407748110666,1A22,1a22_92,PDB/mutant_pdbs/1a22/1a22_92.pdb
B_R29A,SKEMPI_v2.0,1A22,8.1e-10,A,B,PDB/SKEMPI_v2.0/1A22.pdb,12.396832140772405,1A22,1a22_93,PDB/mutant_pdbs/1a22/1a22_93.pdb
B_R30A,SKEMPI_v2.0,1A22,1.1e-09,A,B,PDB/SKEMPI_v2.0/1A22.pdb,12.215604476020047,1A22,1a22_94,PDB/mutant_pdbs/1a22/1a22_94.pdb
B_E34A,SKEMPI_v2.0,1A22,3.5e-10,A,B,PDB/SKEMPI_v2.0/1A22.pdb,12.893736789981837,1A22,1a22_95,PDB/mutant_pdbs/1a22/1a22_95.pdb
B_E38A,SKEMPI_v2.0,1A22,3.5e-10,A,B,PDB/SKEMPI_v2.0/1A22.pdb,12.893736789981837,1A22,1a22_96,PDB/mutant_pdbs/1a22/1a22_96.pdb
B_K40A,SKEMPI_v2.0,1A22,5.1e-10,A,B,PDB/SKEMPI_v2.0/1A22.pdb,12.67079171579529,1A22,1a22_97,PDB/mutant_pdbs/1a22/1a22_97.pdb
B_E41A,SKEMPI_v2.0,1A22,1.5e-09,A,B,PDB/SKEMPI_v2.0/1A22.pdb,12.03193480009963,1A22,1a22_98,PDB/mutant_pdbs/1a22/1a22_98.pdb
B_E50A,SKEMPI_v2.0,1A22,5.4e-10,A,B,PDB/SKEMPI_v2.0/1A22.pdb,12.63694325366212,1A22,1a22_99,PDB/mutant_pdbs/1a22/1a22_99.pdb
B_K69A,SKEMPI_v2.0,1A22,4.3e-10,A,B,PDB/SKEMPI_v2.0/1A22.pdb,12.771833906510032,1A22,1a22_100,PDB/mutant_pdbs/1a22/1a22_100.pdb
B_D85A,SKEMPI_v2.0,1A22,2.1e-09,A,B,PDB/SKEMPI_v2.0/1A22.pdb,11.832680359764266,1A22,1a22_101,PDB/mutant_pdbs/1a22/1a22_101.pdb
B_E86A,SKEMPI_v2.0,1A22,8e-10,A,B,PDB/SKEMPI_v2.0/1A22.pdb,12.404188593996372,1A22,1a22_102,PDB/mutant_pdbs/1a22/1a22_102.pdb
B_D91A,SKEMPI_v2.0,1A22,2.5e-09,A,B,PDB/SKEMPI_v2.0/1A22.pdb,11.729430573318384,1A22,1a22_103,PDB/mutant_pdbs/1a22/1a22_103.pdb
B_E128A,SKEMPI_v2.0,1A22,4.6e-10,A,B,PDB/SKEMPI_v2.0/1A22.pdb,12.731896065589321,1A22,1a22_104,PDB/mutant_pdbs/1a22/1a22_104.pdb
B_E130A,SKEMPI_v2.0,1A22,3.5e-10,A,B,PDB/SKEMPI_v2.0/1A22.pdb,12.893736789981837,1A22,1a22_105,PDB/mutant_pdbs/1a22/1a22_105.pdb
B_K134A,SKEMPI_v2.0,1A22,4e-10,A,B,PDB/SKEMPI_v2.0/1A22.pdb,12.8146612526603,1A22,1a22_106,PDB/mutant_pdbs/1a22/1a22_106.pdb
B_E135A,SKEMPI_v2.0,1A22,5.6e-10,A,B,PDB/SKEMPI_v2.0/1A22.pdb,12.615406812324938,1A22,1a22_107,PDB/mutant_pdbs/1a22/1a22_107.pdb
B_K158A,SKEMPI_v2.0,1A22,6e-10,A,B,PDB/SKEMPI_v2.0/1A22.pdb,12.574550139770588,1A22,1a22_108,PDB/mutant_pdbs/1a22/1a22_108.pdb
B_D160A,SKEMPI_v2.0,1A22,3.7e-10,A,B,PDB/SKEMPI_v2.0/1A22.pdb,12.860829053811507,1A22,1a22_109,PDB/mutant_pdbs/1a22/1a22_109.pdb
B_K161A,SKEMPI_v2.0,1A22,5.6e-10,A,B,PDB/SKEMPI_v2.0/1A22.pdb,12.615406812324938,1A22,1a22_110,PDB/mutant_pdbs/1a22/1a22_110.pdb
B_E162A,SKEMPI_v2.0,1A22,3.5e-10,A,B,PDB/SKEMPI_v2.0/1A22.pdb,12.893736789981837,1A22,1a22_111,PDB/mutant_pdbs/1a22/1a22_111.pdb
B_E164A,SKEMPI_v2.0,1A22,3.6e-10,A,B,PDB/SKEMPI_v2.0/1A22.pdb,12.877054366551832,1A22,1a22_112,PDB/mutant_pdbs/1a22/1a22_112.pdb
B_R166A,SKEMPI_v2.0,1A22,4.4e-10,A,B,PDB/SKEMPI_v2.0/1A22.pdb,12.758219815691007,1A22,1a22_113,PDB/mutant_pdbs/1a22/1a22_113.pdb
B_R168A,SKEMPI_v2.0,1A22,2.9e-10,A,B,PDB/SKEMPI_v2.0/1A22.pdb,13.005098852178122,1A22,1a22_114,PDB/mutant_pdbs/1a22/1a22_114.pdb
B_K170A,SKEMPI_v2.0,1A22,9.3e-10,A,B,PDB/SKEMPI_v2.0/1A22.pdb,12.315021324365805,1A22,1a22_115,PDB/mutant_pdbs/1a22/1a22_115.pdb
B_R172A,SKEMPI_v2.0,1A22,7e-10,A,B,PDB/SKEMPI_v2.0/1A22.pdb,12.483264131317906,1A22,1a22_116,PDB/mutant_pdbs/1a22/1a22_116.pdb
B_E179A,SKEMPI_v2.0,1A22,4.8e-10,A,B,PDB/SKEMPI_v2.0/1A22.pdb,12.706692820777617,1A22,1a22_117,PDB/mutant_pdbs/1a22/1a22_117.pdb
B_W35A,SKEMPI_v2.0,1A22,1e-09,A,B,PDB/SKEMPI_v2.0/1A22.pdb,12.272045912989343,1A22,1a22_118,PDB/mutant_pdbs/1a22/1a22_118.pdb
B_W39A,SKEMPI_v2.0,1A22,5.3e-10,A,B,PDB/SKEMPI_v2.0/1A22.pdb,12.648012489386918,1A22,1a22_119,PDB/mutant_pdbs/1a22/1a22_119.pdb
B_W63A,SKEMPI_v2.0,1A22,1e-06,A,B,PDB/SKEMPI_v2.0/1A22.pdb,8.181363941992895,1A22,1a22_120,PDB/mutant_pdbs/1a22/1a22_120.pdb
B_W63F,SKEMPI_v2.0,1A22,4.4e-08,A,B,PDB/SKEMPI_v2.0/1A22.pdb,10.031098501693375,1A22,1a22_121,PDB/mutant_pdbs/1a22/1a22_121.pdb
B_Y54A,SKEMPI_v2.0,1A22,5.6e-10,A,B,PDB/SKEMPI_v2.0/1A22.pdb,12.615406812324938,1A22,1a22_122,PDB/mutant_pdbs/1a22/1a22_122.pdb
B_P9A,SKEMPI_v2.0,1A22,6.2e-10,A,B,PDB/SKEMPI_v2.0/1A22.pdb,12.55513243725552,1A22,1a22_123,PDB/mutant_pdbs/1a22/1a22_123.pdb
B_S15A,SKEMPI_v2.0,1A22,3.9e-10,A,B,PDB/SKEMPI_v2.0/1A22.pdb,12.82965412610236,1A22,1a22_124,PDB/mutant_pdbs/1a22/1a22_124.pdb
B_T19A,SKEMPI_v2.0,1A22,4.5e-10,A,B,PDB/SKEMPI_v2.0/1A22.pdb,12.744911685544803,1A22,1a22_125,PDB/mutant_pdbs/1a22/1a22_125.pdb
B_N31A,SKEMPI_v2.0,1A22,1.9e-10,A,B,PDB/SKEMPI_v2.0/1A22.pdb,13.255509126732134,1A22,1a22_126,PDB/mutant_pdbs/1a22/1a22_126.pdb
B_T32A,SKEMPI_v2.0,1A22,1.9e-10,A,B,PDB/SKEMPI_v2.0/1A22.pdb,13.255509126732134,1A22,1a22_127,PDB/mutant_pdbs/1a22/1a22_127.pdb
B_Q33A,SKEMPI_v2.0,1A22,1.5e-10,A,B,PDB/SKEMPI_v2.0/1A22.pdb,13.395495457098447,1A22,1a22_128,PDB/mutant_pdbs/1a22/1a22_128.pdb
B_T36A,SKEMPI_v2.0,1A22,2.6e-10,A,B,PDB/SKEMPI_v2.0/1A22.pdb,13.069765238992073,1A22,1a22_129,PDB/mutant_pdbs/1a22/1a22_129.pdb
B_Q37A,SKEMPI_v2.0,1A22,2e-10,A,B,PDB/SKEMPI_v2.0/1A22.pdb,13.22513391132423,1A22,1a22_130,PDB/mutant_pdbs/1a22/1a22_130.pdb
B_N56A,SKEMPI_v2.0,1A22,2.6e-10,A,B,PDB/SKEMPI_v2.0/1A22.pdb,13.069765238992073,1A22,1a22_131,PDB/mutant_pdbs/1a22/1a22_131.pdb
B_S57A,SKEMPI_v2.0,1A22,2.3e-10,A,B,PDB/SKEMPI_v2.0/1A22.pdb,13.14236872425325,1A22,1a22_132,PDB/mutant_pdbs/1a22/1a22_132.pdb
B_S58A,SKEMPI_v2.0,1A22,1.7e-10,A,B,PDB/SKEMPI_v2.0/1A22.pdb,13.32137548734893,1A22,1a22_133,PDB/mutant_pdbs/1a22/1a22_133.pdb
B_F59A,SKEMPI_v2.0,1A22,3.9e-10,A,B,PDB/SKEMPI_v2.0/1A22.pdb,12.82965412610236,1A22,1a22_134,PDB/mutant_pdbs/1a22/1a22_134.pdb
B_T60A,SKEMPI_v2.0,1A22,2.5e-09,A,B,PDB/SKEMPI_v2.0/1A22.pdb,11.729430573318384,1A22,1a22_135,PDB/mutant_pdbs/1a22/1a22_135.pdb
B_S61A,SKEMPI_v2.0,1A22,8.8e-10,A,B,PDB/SKEMPI_v2.0/1A22.pdb,12.34774715702708,1A22,1a22_136,PDB/mutant_pdbs/1a22/1a22_136.pdb
B_I62A,SKEMPI_v2.0,1A22,8.3e-10,A,B,PDB/SKEMPI_v2.0/1A22.pdb,12.382387842514621,1A22,1a22_137,PDB/mutant_pdbs/1a22/1a22_137.pdb
B_I64A,SKEMPI_v2.0,1A22,5e-10,A,B,PDB/SKEMPI_v2.0/1A22.pdb,12.682518571653272,1A22,1a22_138,PDB/mutant_pdbs/1a22/1a22_138.pdb
B_P65A,SKEMPI_v2.0,1A22,3.37e-08,A,B,PDB/SKEMPI_v2.0/1A22.pdb,10.189029881706183,1A22,1a22_139,PDB/mutant_pdbs/1a22/1a22_139.pdb
B_V84A,SKEMPI_v2.0,1A22,2.75e-09,A,B,PDB/SKEMPI_v2.0/1A22.pdb,11.672989136349091,1A22,1a22_140,PDB/mutant_pdbs/1a22/1a22_140.pdb
B_I87A,SKEMPI_v2.0,1A22,1.08e-09,A,B,PDB/SKEMPI_v2.0/1A22.pdb,12.226470594998192,1A22,1a22_141,PDB/mutant_pdbs/1a22/1a22_141.pdb
B_V88A,SKEMPI_v2.0,1A22,3.7e-10,A,B,PDB/SKEMPI_v2.0/1A22.pdb,12.860829053811507,1A22,1a22_142,PDB/mutant_pdbs/1a22/1a22_142.pdb
B_Q89A,SKEMPI_v2.0,1A22,3.8e-10,A,B,PDB/SKEMPI_v2.0/1A22.pdb,12.845036468068207,1A22,1a22_143,PDB/mutant_pdbs/1a22/1a22_143.pdb
"A_F25A, A_Q46A, A_Y42A",SKEMPI_v2.0,1A22,4e-09,A,B,PDB/SKEMPI_v2.0/1A22.pdb,11.451100595661485,1A22,1a22_144,PDB/mutant_pdbs/1a22/1a22_144.pdb
A_F25A,SKEMPI_v2.0,1A22,1.4e-09,A,B,PDB/SKEMPI_v2.0/1A22.pdb,12.072791472653979,1A22,1a22_145,PDB/mutant_pdbs/1a22/1a22_145.pdb
"A_Q46A, A_Y42A",SKEMPI_v2.0,1A22,4.6e-09,A,B,PDB/SKEMPI_v2.0/1A22.pdb,11.368335408590504,1A22,1a22_146,PDB/mutant_pdbs/1a22/1a22_146.pdb
B_R11A,SKEMPI_v2.0,1A22,3.95e-08,A,B,PDB/SKEMPI_v2.0/1A22.pdb,10.094988928314526,1A22,1a22_147,PDB/mutant_pdbs/1a22/1a22_147.pdb
B_E12A,SKEMPI_v2.0,1A22,2.01e-08,A,B,PDB/SKEMPI_v2.0/1A22.pdb,10.495059040734795,1A22,1a22_148,PDB/mutant_pdbs/1a22/1a22_148.pdb
B_N31A,SKEMPI_v2.0,1A22,1.35e-09,A,B,PDB/SKEMPI_v2.0/1A22.pdb,12.09432791399116,1A22,1a22_149,PDB/mutant_pdbs/1a22/1a22_149.pdb
B_T32A,SKEMPI_v2.0,1A22,1.14e-09,A,B,PDB/SKEMPI_v2.0/1A22.pdb,12.194452696514563,1A22,1a22_150,PDB/mutant_pdbs/1a22/1a22_150.pdb
B_Q33A,SKEMPI_v2.0,1A22,1e-09,A,B,PDB/SKEMPI_v2.0/1A22.pdb,12.272045912989343,1A22,1a22_151,PDB/mutant_pdbs/1a22/1a22_151.pdb
B_E34A,SKEMPI_v2.0,1A22,8.13e-10,A,B,PDB/SKEMPI_v2.0/1A22.pdb,12.3946429077095,1A22,1a22_152,PDB/mutant_pdbs/1a22/1a22_152.pdb
B_W35A,SKEMPI_v2.0,1A22,2.65e-09,A,B,PDB/SKEMPI_v2.0/1A22.pdb,11.694924491052031,1A22,1a22_153,PDB/mutant_pdbs/1a22/1a22_153.pdb
B_W39A,SKEMPI_v2.0,1A22,1e-09,A,B,PDB/SKEMPI_v2.0/1A22.pdb,12.272045912989343,1A22,1a22_154,PDB/mutant_pdbs/1a22/1a22_154.pdb
B_S57A,SKEMPI_v2.0,1A22,8.13e-10,A,B,PDB/SKEMPI_v2.0/1A22.pdb,12.3946429077095,1A22,1a22_155,PDB/mutant_pdbs/1a22/1a22_155.pdb
B_S61A,SKEMPI_v2.0,1A22,6.87e-10,A,B,PDB/SKEMPI_v2.0/1A22.pdb,12.494365291723653,1A22,1a22_156,PDB/mutant_pdbs/1a22/1a22_156.pdb
B_I62A,SKEMPI_v2.0,1A22,2.01e-08,A,B,PDB/SKEMPI_v2.0/1A22.pdb,10.495059040734795,1A22,1a22_157,PDB/mutant_pdbs/1a22/1a22_157.pdb
B_I64A,SKEMPI_v2.0,1A22,2.82e-08,A,B,PDB/SKEMPI_v2.0/1A22.pdb,10.294543286037449,1A22,1a22_158,PDB/mutant_pdbs/1a22/1a22_158.pdb
B_C67A,SKEMPI_v2.0,1A22,1e-09,A,B,PDB/SKEMPI_v2.0/1A22.pdb,12.272045912989343,1A22,1a22_159,PDB/mutant_pdbs/1a22/1a22_159.pdb
B_E79A,SKEMPI_v2.0,1A22,6.87e-10,A,B,PDB/SKEMPI_v2.0/1A22.pdb,12.494365291723653,1A22,1a22_160,PDB/mutant_pdbs/1a22/1a22_160.pdb
B_K80A,SKEMPI_v2.0,1A22,1.14e-09,A,B,PDB/SKEMPI_v2.0/1A22.pdb,12.194452696514563,1A22,1a22_161,PDB/mutant_pdbs/1a22/1a22_161.pdb
B_C81A,SKEMPI_v2.0,1A22,1e-09,A,B,PDB/SKEMPI_v2.0/1A22.pdb,12.272045912989343,1A22,1a22_162,PDB/mutant_pdbs/1a22/1a22_162.pdb
B_S83A,SKEMPI_v2.0,1A22,1.35e-09,A,B,PDB/SKEMPI_v2.0/1A22.pdb,12.09432791399116,1A22,1a22_163,PDB/mutant_pdbs/1a22/1a22_163.pdb
B_D85A,SKEMPI_v2.0,1A22,5.21e-09,A,B,PDB/SKEMPI_v2.0/1A22.pdb,11.294594196045507,1A22,1a22_164,PDB/mutant_pdbs/1a22/1a22_164.pdb
B_E86A,SKEMPI_v2.0,1A22,5.21e-09,A,B,PDB/SKEMPI_v2.0/1A22.pdb,11.294594196045507,1A22,1a22_165,PDB/mutant_pdbs/1a22/1a22_165.pdb
B_D119A,SKEMPI_v2.0,1A22,1.43e-08,A,B,PDB/SKEMPI_v2.0/1A22.pdb,10.696675146689074,1A22,1a22_166,PDB/mutant_pdbs/1a22/1a22_166.pdb
B_I120A,SKEMPI_v2.0,1A22,3.95e-08,A,B,PDB/SKEMPI_v2.0/1A22.pdb,10.094988928314526,1A22,1a22_167,PDB/mutant_pdbs/1a22/1a22_167.pdb
B_Q121A,SKEMPI_v2.0,1A22,1e-09,A,B,PDB/SKEMPI_v2.0/1A22.pdb,12.272045912989343,1A22,1a22_168,PDB/mutant_pdbs/1a22/1a22_168.pdb
B_K122A,SKEMPI_v2.0,1A22,1e-09,A,B,PDB/SKEMPI_v2.0/1A22.pdb,12.272045912989343,1A22,1a22_169,PDB/mutant_pdbs/1a22/1a22_169.pdb
B_V126A,SKEMPI_v2.0,1A22,2.95e-10,A,B,PDB/SKEMPI_v2.0/1A22.pdb,12.994975753208468,1A22,1a22_170,PDB/mutant_pdbs/1a22/1a22_170.pdb
B_T149A,SKEMPI_v2.0,1A22,1.35e-09,A,B,PDB/SKEMPI_v2.0/1A22.pdb,12.09432791399116,1A22,1a22_171,PDB/mutant_pdbs/1a22/1a22_171.pdb
B_T150A,SKEMPI_v2.0,1A22,8.13e-10,A,B,PDB/SKEMPI_v2.0/1A22.pdb,12.3946429077095,1A22,1a22_172,PDB/mutant_pdbs/1a22/1a22_172.pdb
B_Q171A,SKEMPI_v2.0,1A22,4.4e-09,A,B,PDB/SKEMPI_v2.0/1A22.pdb,11.39465915869219,1A22,1a22_173,PDB/mutant_pdbs/1a22/1a22_173.pdb
B_R172A,SKEMPI_v2.0,1A22,1.35e-09,A,B,PDB/SKEMPI_v2.0/1A22.pdb,12.09432791399116,1A22,1a22_174,PDB/mutant_pdbs/1a22/1a22_174.pdb
B_N173A,SKEMPI_v2.0,1A22,1.6e-09,A,B,PDB/SKEMPI_v2.0/1A22.pdb,11.993715935332444,1A22,1a22_175,PDB/mutant_pdbs/1a22/1a22_175.pdb
A_P2A,SKEMPI_v2.0,1A22,3.1e-10,A,B,PDB/SKEMPI_v2.0/1A22.pdb,12.965605095919447,1A22,1a22_176,PDB/mutant_pdbs/1a22/1a22_176.pdb
A_T3A,SKEMPI_v2.0,1A22,3.1e-10,A,B,PDB/SKEMPI_v2.0/1A22.pdb,12.965605095919447,1A22,1a22_177,PDB/mutant_pdbs/1a22/1a22_177.pdb
A_I4A,SKEMPI_v2.0,1A22,6.8e-10,A,B,PDB/SKEMPI_v2.0/1A22.pdb,12.500430170021072,1A22,1a22_178,PDB/mutant_pdbs/1a22/1a22_178.pdb
A_P5A,SKEMPI_v2.0,1A22,7.1e-10,A,B,PDB/SKEMPI_v2.0/1A22.pdb,12.47486417673305,1A22,1a22_179,PDB/mutant_pdbs/1a22/1a22_179.pdb
A_L6A,SKEMPI_v2.0,1A22,1e-09,A,B,PDB/SKEMPI_v2.0/1A22.pdb,12.272045912989343,1A22,1a22_180,PDB/mutant_pdbs/1a22/1a22_180.pdb
A_S7A,SKEMPI_v2.0,1A22,6.1e-10,A,B,PDB/SKEMPI_v2.0/1A22.pdb,12.564761704200105,1A22,1a22_181,PDB/mutant_pdbs/1a22/1a22_181.pdb
A_R8A,SKEMPI_v2.0,1A22,4.8e-10,A,B,PDB/SKEMPI_v2.0/1A22.pdb,12.706692820777617,1A22,1a22_182,PDB/mutant_pdbs/1a22/1a22_182.pdb
A_L9A,SKEMPI_v2.0,1A22,3.2e-10,A,B,PDB/SKEMPI_v2.0/1A22.pdb,12.94680393366733,1A22,1a22_183,PDB/mutant_pdbs/1a22/1a22_183.pdb
A_F10A,SKEMPI_v2.0,1A22,2e-09,A,B,PDB/SKEMPI_v2.0/1A22.pdb,11.861573254325416,1A22,1a22_184,PDB/mutant_pdbs/1a22/1a22_184.pdb
A_N12A,SKEMPI_v2.0,1A22,4e-10,A,B,PDB/SKEMPI_v2.0/1A22.pdb,12.8146612526603,1A22,1a22_185,PDB/mutant_pdbs/1a22/1a22_185.pdb
A_M14A,SKEMPI_v2.0,1A22,7.5e-10,A,B,PDB/SKEMPI_v2.0/1A22.pdb,12.442407458763558,1A22,1a22_186,PDB/mutant_pdbs/1a22/1a22_186.pdb
A_L15A,SKEMPI_v2.0,1A22,4.4e-10,A,B,PDB/SKEMPI_v2.0/1A22.pdb,12.758219815691007,1A22,1a22_187,PDB/mutant_pdbs/1a22/1a22_187.pdb
A_R16A,SKEMPI_v2.0,1A22,5.1e-10,A,B,PDB/SKEMPI_v2.0/1A22.pdb,12.67079171579529,1A22,1a22_188,PDB/mutant_pdbs/1a22/1a22_188.pdb
A_H18A,SKEMPI_v2.0,1A22,2.4e-10,A,B,PDB/SKEMPI_v2.0/1A22.pdb,13.117165479441544,1A22,1a22_189,PDB/mutant_pdbs/1a22/1a22_189.pdb
A_R19A,SKEMPI_v2.0,1A22,3.7e-10,A,B,PDB/SKEMPI_v2.0/1A22.pdb,12.860829053811507,1A22,1a22_190,PDB/mutant_pdbs/1a22/1a22_190.pdb
A_F54A,SKEMPI_v2.0,1A22,1.5e-09,A,B,PDB/SKEMPI_v2.0/1A22.pdb,12.03193480009963,1A22,1a22_191,PDB/mutant_pdbs/1a22/1a22_191.pdb
A_S55A,SKEMPI_v2.0,1A22,4.1e-10,A,B,PDB/SKEMPI_v2.0/1A22.pdb,12.800038611721128,1A22,1a22_192,PDB/mutant_pdbs/1a22/1a22_192.pdb
A_E56A,SKEMPI_v2.0,1A22,1.4e-09,A,B,PDB/SKEMPI_v2.0/1A22.pdb,12.072791472653979,1A22,1a22_193,PDB/mutant_pdbs/1a22/1a22_193.pdb
A_S57A,SKEMPI_v2.0,1A22,4.8e-10,A,B,PDB/SKEMPI_v2.0/1A22.pdb,12.706692820777617,1A22,1a22_194,PDB/mutant_pdbs/1a22/1a22_194.pdb
A_I58A,SKEMPI_v2.0,1A22,5.6e-09,A,B,PDB/SKEMPI_v2.0/1A22.pdb,11.25184615532612,1A22,1a22_195,PDB/mutant_pdbs/1a22/1a22_195.pdb
A_P59A,SKEMPI_v2.0,1A22,6.5e-10,A,B,PDB/SKEMPI_v2.0/1A22.pdb,12.527149899321113,1A22,1a22_196,PDB/mutant_pdbs/1a22/1a22_196.pdb
A_S62A,SKEMPI_v2.0,1A22,1e-09,A,B,PDB/SKEMPI_v2.0/1A22.pdb,12.272045912989343,1A22,1a22_197,PDB/mutant_pdbs/1a22/1a22_197.pdb
A_N63A,SKEMPI_v2.0,1A22,1.12e-09,A,B,PDB/SKEMPI_v2.0/1A22.pdb,12.204934153661007,1A22,1a22_198,PDB/mutant_pdbs/1a22/1a22_198.pdb
A_R64A,SKEMPI_v2.0,1A22,7.11e-09,A,B,PDB/SKEMPI_v2.0/1A22.pdb,11.110470040540946,1A22,1a22_199,PDB/mutant_pdbs/1a22/1a22_199.pdb
A_E65A,SKEMPI_v2.0,1A22,2e-10,A,B,PDB/SKEMPI_v2.0/1A22.pdb,13.22513391132423,1A22,1a22_200,PDB/mutant_pdbs/1a22/1a22_200.pdb
A_E66A,SKEMPI_v2.0,1A22,7.1e-10,A,B,PDB/SKEMPI_v2.0/1A22.pdb,12.47486417673305,1A22,1a22_201,PDB/mutant_pdbs/1a22/1a22_201.pdb
A_Q68A,SKEMPI_v2.0,1A22,1.8e-09,A,B,PDB/SKEMPI_v2.0/1A22.pdb,11.923966368216945,1A22,1a22_202,PDB/mutant_pdbs/1a22/1a22_202.pdb
A_Q69A,SKEMPI_v2.0,1A22,3.1e-10,A,B,PDB/SKEMPI_v2.0/1A22.pdb,12.965605095919447,1A22,1a22_203,PDB/mutant_pdbs/1a22/1a22_203.pdb
A_K70A,SKEMPI_v2.0,1A22,8.2e-10,A,B,PDB/SKEMPI_v2.0/1A22.pdb,12.389565953057199,1A22,1a22_204,PDB/mutant_pdbs/1a22/1a22_204.pdb
A_S71A,SKEMPI_v2.0,1A22,6.8e-10,A,B,PDB/SKEMPI_v2.0/1A22.pdb,12.500430170021072,1A22,1a22_205,PDB/mutant_pdbs/1a22/1a22_205.pdb
A_L73A,SKEMPI_v2.0,1A22,2.4e-10,A,B,PDB/SKEMPI_v2.0/1A22.pdb,13.117165479441544,1A22,1a22_206,PDB/mutant_pdbs/1a22/1a22_206.pdb
A_R156A,SKEMPI_v2.0,1A22,2.6e-10,A,B,PDB/SKEMPI_v2.0/1A22.pdb,13.069765238992073,1A22,1a22_207,PDB/mutant_pdbs/1a22/1a22_207.pdb
A_K157A,SKEMPI_v2.0,1A22,3.7e-10,A,B,PDB/SKEMPI_v2.0/1A22.pdb,12.860829053811507,1A22,1a22_208,PDB/mutant_pdbs/1a22/1a22_208.pdb
A_D160A,SKEMPI_v2.0,1A22,2.4e-09,A,B,PDB/SKEMPI_v2.0/1A22.pdb,11.75360482244273,1A22,1a22_209,PDB/mutant_pdbs/1a22/1a22_209.pdb
A_K161A,SKEMPI_v2.0,1A22,4.6e-09,A,B,PDB/SKEMPI_v2.0/1A22.pdb,11.368335408590504,1A22,1a22_210,PDB/mutant_pdbs/1a22/1a22_210.pdb
A_E163A,SKEMPI_v2.0,1A22,7.5e-11,A,B,PDB/SKEMPI_v2.0/1A22.pdb,13.805968115762374,1A22,1a22_211,PDB/mutant_pdbs/1a22/1a22_211.pdb
A_T164S,SKEMPI_v2.0,1A22,5.9e-09,A,B,PDB/SKEMPI_v2.0/1A22.pdb,11.220942437545723,1A22,1a22_212,PDB/mutant_pdbs/1a22/1a22_212.pdb
A_F165A,SKEMPI_v2.0,1A22,5.4e-09,A,B,PDB/SKEMPI_v2.0/1A22.pdb,11.273382596663302,1A22,1a22_213,PDB/mutant_pdbs/1a22/1a22_213.pdb
A_R167N,SKEMPI_v2.0,1A22,2.9e-09,A,B,PDB/SKEMPI_v2.0/1A22.pdb,11.641538195179306,1A22,1a22_214,PDB/mutant_pdbs/1a22/1a22_214.pdb
A_I168A,SKEMPI_v2.0,1A22,9.2e-10,A,B,PDB/SKEMPI_v2.0/1A22.pdb,12.321423406925394,1A22,1a22_215,PDB/mutant_pdbs/1a22/1a22_215.pdb
A_V169A,SKEMPI_v2.0,1A22,3.4e-10,A,B,PDB/SKEMPI_v2.0/1A22.pdb,12.910902828685003,1A22,1a22_216,PDB/mutant_pdbs/1a22/1a22_216.pdb
A_Q170A,SKEMPI_v2.0,1A22,5.4e-10,A,B,PDB/SKEMPI_v2.0/1A22.pdb,12.63694325366212,1A22,1a22_217,PDB/mutant_pdbs/1a22/1a22_217.pdb
A_C171A,SKEMPI_v2.0,1A22,1.9e-09,A,B,PDB/SKEMPI_v2.0/1A22.pdb,11.891948469733318,1A22,1a22_218,PDB/mutant_pdbs/1a22/1a22_218.pdb
A_R172A,SKEMPI_v2.0,1A22,7.1e-10,A,B,PDB/SKEMPI_v2.0/1A22.pdb,12.47486417673305,1A22,1a22_219,PDB/mutant_pdbs/1a22/1a22_219.pdb
A_S173A,SKEMPI_v2.0,1A22,3.1e-10,A,B,PDB/SKEMPI_v2.0/1A22.pdb,12.965605095919447,1A22,1a22_220,PDB/mutant_pdbs/1a22/1a22_220.pdb
A_V174A,SKEMPI_v2.0,1A22,1.5e-09,A,B,PDB/SKEMPI_v2.0/1A22.pdb,12.03193480009963,1A22,1a22_221,PDB/mutant_pdbs/1a22/1a22_221.pdb
A_E175A,SKEMPI_v2.0,1A22,2.7e-10,A,B,PDB/SKEMPI_v2.0/1A22.pdb,13.047415912326048,1A22,1a22_222,PDB/mutant_pdbs/1a22/1a22_222.pdb
A_G176A,SKEMPI_v2.0,1A22,6.1e-10,A,B,PDB/SKEMPI_v2.0/1A22.pdb,12.564761704200105,1A22,1a22_223,PDB/mutant_pdbs/1a22/1a22_223.pdb
A_S177A,SKEMPI_v2.0,1A22,2.4e-10,A,B,PDB/SKEMPI_v2.0/1A22.pdb,13.117165479441544,1A22,1a22_224,PDB/mutant_pdbs/1a22/1a22_224.pdb
A_F180A,SKEMPI_v2.0,1A22,4.7e-10,A,B,PDB/SKEMPI_v2.0/1A22.pdb,12.719160373253835,1A22,1a22_225,PDB/mutant_pdbs/1a22/1a22_225.pdb
A_I58L,SKEMPI_v2.0,1A22,5.8e-10,A,B,PDB/SKEMPI_v2.0/1A22.pdb,12.594626193514191,1A22,1a22_226,PDB/mutant_pdbs/1a22/1a22_226.pdb
A_R64K,SKEMPI_v2.0,1A22,2e-10,A,B,PDB/SKEMPI_v2.0/1A22.pdb,13.22513391132423,1A22,1a22_227,PDB/mutant_pdbs/1a22/1a22_227.pdb
A_F165Y,SKEMPI_v2.0,1A22,2.9e-09,A,B,PDB/SKEMPI_v2.0/1A22.pdb,11.641538195179306,1A22,1a22_228,PDB/mutant_pdbs/1a22/1a22_228.pdb
A_R167K,SKEMPI_v2.0,1A22,1.7e-09,A,B,PDB/SKEMPI_v2.0/1A22.pdb,11.957814830350117,1A22,1a22_229,PDB/mutant_pdbs/1a22/1a22_229.pdb
"A_F25L, A_N12H",SKEMPI_v2.0,1A22,1.4e-09,A,B,PDB/SKEMPI_v2.0/1A22.pdb,12.072791472653979,1A22,1a22_230,PDB/mutant_pdbs/1a22/1a22_230.pdb
"A_D11A, A_E33R, A_F25A, A_H18Q, A_M14V, A_Q29K, A_R19H",SKEMPI_v2.0,1A22,1.2e-09,A,B,PDB/SKEMPI_v2.0/1A22.pdb,12.16407748110666,1A22,1a22_231,PDB/mutant_pdbs/1a22/1a22_231.pdb
"A_D26E, A_E30Q, A_E33K, A_F25S, A_L15V, A_M14V, A_N12R, A_Q29S, A_R16L, A_R19Y",SKEMPI_v2.0,1A22,3.6e-09,A,B,PDB/SKEMPI_v2.0/1A22.pdb,11.513493709553018,1A22,1a22_232,PDB/mutant_pdbs/1a22/1a22_232.pdb
"A_L15V, A_M14V, A_N12R, A_R16L, A_R19Y",SKEMPI_v2.0,1A22,5.8e-09,A,B,PDB/SKEMPI_v2.0/1A22.pdb,11.231065536515377,1A22,1a22_233,PDB/mutant_pdbs/1a22/1a22_233.pdb
"A_D26E, A_E30Q, A_E33K, A_F25S, A_Q22N, A_Q29S",SKEMPI_v2.0,1A22,2.9e-10,A,B,PDB/SKEMPI_v2.0/1A22.pdb,13.005098852178122,1A22,1a22_234,PDB/mutant_pdbs/1a22/1a22_234.pdb
"A_L52F, A_N47D, A_P48S, A_Q46H, A_Q49E",SKEMPI_v2.0,1A22,2.5e-09,A,B,PDB/SKEMPI_v2.0/1A22.pdb,11.729430573318384,1A22,1a22_235,PDB/mutant_pdbs/1a22/1a22_235.pdb
"A_L52F, A_P48A, A_S51A, A_T50A",SKEMPI_v2.0,1A22,9.4e-10,A,B,PDB/SKEMPI_v2.0/1A22.pdb,12.308687714589906,1A22,1a22_236,PDB/mutant_pdbs/1a22/1a22_236.pdb
"A_E56D, A_R64M",SKEMPI_v2.0,1A22,1e-08,A,B,PDB/SKEMPI_v2.0/1A22.pdb,10.908485255990529,1A22,1a22_237,PDB/mutant_pdbs/1a22/1a22_237.pdb
"A_E65D, A_K70R, A_L73V, A_N63G, A_N72D, A_R64K, A_S57T, A_S62T, A_T60A, A_T67A",SKEMPI_v2.0,1A22,5.8e-09,A,B,PDB/SKEMPI_v2.0/1A22.pdb,11.231065536515377,1A22,1a22_238,PDB/mutant_pdbs/1a22/1a22_238.pdb
"A_E56S, A_E66Q, A_E74D, A_F54H, A_I58L, A_K70M, A_L73K, A_N63D, A_N72Q, A_P59A, A_R64K, A_S55T, A_S62E, A_S71N, A_T67A",SKEMPI_v2.0,1A22,2.3e-08,A,B,PDB/SKEMPI_v2.0/1A22.pdb,10.415247410255619,1A22,1a22_239,PDB/mutant_pdbs/1a22/1a22_239.pdb
"A_E88G, A_F92H, A_Q91Y, A_R94T, A_S95E",SKEMPI_v2.0,1A22,4.7e-10,A,B,PDB/SKEMPI_v2.0/1A22.pdb,12.719160373253835,1A22,1a22_240,PDB/mutant_pdbs/1a22/1a22_240.pdb
"A_A98G, A_F97R, A_G104E, A_L101D, A_N99M, A_S100Q, A_V102A, A_Y103P",SKEMPI_v2.0,1A22,5.3e-10,A,B,PDB/SKEMPI_v2.0/1A22.pdb,12.648012489386918,1A22,1a22_241,PDB/mutant_pdbs/1a22/1a22_241.pdb
"A_D112H, A_N109D, A_V110D",SKEMPI_v2.0,1A22,6.1e-10,A,B,PDB/SKEMPI_v2.0/1A22.pdb,12.564761704200105,1A22,1a22_242,PDB/mutant_pdbs/1a22/1a22_242.pdb
"A_D116Q, A_E118K, A_E119R, A_E129S, A_G126L, A_K115E, A_L113I, A_Q122E, A_R127I, A_T123G, A_Y111V",SKEMPI_v2.0,1A22,5.2e-10,A,B,PDB/SKEMPI_v2.0/1A22.pdb,12.659292580328145,1A22,1a22_243,PDB/mutant_pdbs/1a22/1a22_243.pdb
"A_E129H, A_L128V, A_R127D",SKEMPI_v2.0,1A22,5.8e-10,A,B,PDB/SKEMPI_v2.0/1A22.pdb,12.594626193514191,1A22,1a22_244,PDB/mutant_pdbs/1a22/1a22_244.pdb
"A_D160H, A_I168V, A_Q170K, A_R156K",SKEMPI_v2.0,1A22,9.2e-09,A,B,PDB/SKEMPI_v2.0/1A22.pdb,10.957862749926576,1A22,1a22_245,PDB/mutant_pdbs/1a22/1a22_245.pdb
"A_E163A, A_K157A",SKEMPI_v2.0,1A22,1.2e-10,A,B,PDB/SKEMPI_v2.0/1A22.pdb,13.527638138105475,1A22,1a22_246,PDB/mutant_pdbs/1a22/1a22_246.pdb
"A_D160A, A_R64A",SKEMPI_v2.0,1A22,1.2e-07,A,B,PDB/SKEMPI_v2.0/1A22.pdb,9.436956167109027,1A22,1a22_247,PDB/mutant_pdbs/1a22/1a22_247.pdb
"A_F165A, A_K161A",SKEMPI_v2.0,1A22,2.6e-07,A,B,PDB/SKEMPI_v2.0/1A22.pdb,8.979083267995625,1A22,1a22_248,PDB/mutant_pdbs/1a22/1a22_248.pdb
B_H8A,SKEMPI_v2.0,1A4Y,2.3e-15,A,B,PDB/SKEMPI_v2.0/1A4Y.pdb,19.960172009247334,1A4Y,1a4y_1,PDB/mutant_pdbs/1a4y/1a4y_1.pdb
B_Q12A,SKEMPI_v2.0,1A4Y,8.3e-16,A,B,PDB/SKEMPI_v2.0/1A4Y.pdb,20.56375178450752,1A4Y,1a4y_2,PDB/mutant_pdbs/1a4y/1a4y_2.pdb
B_N68A,SKEMPI_v2.0,1A4Y,6.1e-16,A,B,PDB/SKEMPI_v2.0/1A4Y.pdb,20.746125646193,1A4Y,1a4y_3,PDB/mutant_pdbs/1a4y/1a4y_3.pdb
B_E108A,SKEMPI_v2.0,1A4Y,2.9e-16,A,B,PDB/SKEMPI_v2.0/1A4Y.pdb,21.186462794171018,1A4Y,1a4y_4,PDB/mutant_pdbs/1a4y/1a4y_4.pdb
A_Y434A,SKEMPI_v2.0,1A4Y,9.6e-14,A,B,PDB/SKEMPI_v2.0/1A4Y.pdb,17.75046279010895,1A4Y,1a4y_5,PDB/mutant_pdbs/1a4y/1a4y_5.pdb
A_D435A,SKEMPI_v2.0,1A4Y,1.4e-13,A,B,PDB/SKEMPI_v2.0/1A4Y.pdb,17.527034100649242,1A4Y,1a4y_6,PDB/mutant_pdbs/1a4y/1a4y_6.pdb
A_Y437A,SKEMPI_v2.0,1A4Y,1.6e-15,A,B,PDB/SKEMPI_v2.0/1A4Y.pdb,20.17507987732534,1A4Y,1a4y_7,PDB/mutant_pdbs/1a4y/1a4y_7.pdb
"A_Q430A, A_V432A",SKEMPI_v2.0,1A4Y,6.1e-16,A,B,PDB/SKEMPI_v2.0/1A4Y.pdb,20.746125646193,1A4Y,1a4y_8,PDB/mutant_pdbs/1a4y/1a4y_8.pdb
"A_E440A, A_S439A, A_W438A",SKEMPI_v2.0,1A4Y,1.1e-14,A,B,PDB/SKEMPI_v2.0/1A4Y.pdb,19.033407761014125,1A4Y,1a4y_9,PDB/mutant_pdbs/1a4y/1a4y_9.pdb
A_R457A,SKEMPI_v2.0,1A4Y,3.7e-16,A,B,PDB/SKEMPI_v2.0/1A4Y.pdb,21.042192995804402,1A4Y,1a4y_10,PDB/mutant_pdbs/1a4y/1a4y_10.pdb
A_I459A,SKEMPI_v2.0,1A4Y,1.7e-15,A,B,PDB/SKEMPI_v2.0/1A4Y.pdb,20.139178772343012,1A4Y,1a4y_11,PDB/mutant_pdbs/1a4y/1a4y_11.pdb
B_H84A,SKEMPI_v2.0,1A4Y,7.2e-16,A,B,PDB/SKEMPI_v2.0/1A4Y.pdb,20.6479456498808,1A4Y,1a4y_12,PDB/mutant_pdbs/1a4y/1a4y_12.pdb
B_W89A,SKEMPI_v2.0,1A4Y,8.1e-16,A,B,PDB/SKEMPI_v2.0/1A4Y.pdb,20.578196082765302,1A4Y,1a4y_13,PDB/mutant_pdbs/1a4y/1a4y_13.pdb
A_W261A,SKEMPI_v2.0,1A4Y,6.4e-16,A,B,PDB/SKEMPI_v2.0/1A4Y.pdb,20.717695216996294,1A4Y,1a4y_14,PDB/mutant_pdbs/1a4y/1a4y_14.pdb
A_W263A,SKEMPI_v2.0,1A4Y,3.9e-15,A,B,PDB/SKEMPI_v2.0/1A4Y.pdb,19.64745741109644,1A4Y,1a4y_15,PDB/mutant_pdbs/1a4y/1a4y_15.pdb
A_E287A,SKEMPI_v2.0,1A4Y,6.4e-16,A,B,PDB/SKEMPI_v2.0/1A4Y.pdb,20.717695216996294,1A4Y,1a4y_16,PDB/mutant_pdbs/1a4y/1a4y_16.pdb
A_S289A,SKEMPI_v2.0,1A4Y,5.8e-16,A,B,PDB/SKEMPI_v2.0/1A4Y.pdb,20.775990135507087,1A4Y,1a4y_17,PDB/mutant_pdbs/1a4y/1a4y_17.pdb
A_W318A,SKEMPI_v2.0,1A4Y,6.8e-15,A,B,PDB/SKEMPI_v2.0/1A4Y.pdb,19.31823345501515,1A4Y,1a4y_18,PDB/mutant_pdbs/1a4y/1a4y_18.pdb
A_K320A,SKEMPI_v2.0,1A4Y,3.2e-16,A,B,PDB/SKEMPI_v2.0/1A4Y.pdb,21.128167875660225,1A4Y,1a4y_19,PDB/mutant_pdbs/1a4y/1a4y_19.pdb
A_E344A,SKEMPI_v2.0,1A4Y,7.3e-16,A,B,PDB/SKEMPI_v2.0/1A4Y.pdb,20.63977742563311,1A4Y,1a4y_20,PDB/mutant_pdbs/1a4y/1a4y_20.pdb
A_W375A,SKEMPI_v2.0,1A4Y,3.1e-15,A,B,PDB/SKEMPI_v2.0/1A4Y.pdb,19.783408380913528,1A4Y,1a4y_21,PDB/mutant_pdbs/1a4y/1a4y_21.pdb
A_E401A,SKEMPI_v2.0,1A4Y,2.4e-15,A,B,PDB/SKEMPI_v2.0/1A4Y.pdb,19.934968764435627,1A4Y,1a4y_22,PDB/mutant_pdbs/1a4y/1a4y_22.pdb
B_R5A,SKEMPI_v2.0,1A4Y,3.5e-14,A,B,PDB/SKEMPI_v2.0/1A4Y.pdb,18.3479794179771,1A4Y,1a4y_23,PDB/mutant_pdbs/1a4y/1a4y_23.pdb
B_R32A,SKEMPI_v2.0,1A4Y,3.3e-15,A,B,PDB/SKEMPI_v2.0/1A4Y.pdb,19.7463846464593,1A4Y,1a4y_24,PDB/mutant_pdbs/1a4y/1a4y_24.pdb
B_R66A,SKEMPI_v2.0,1A4Y,1e-15,A,B,PDB/SKEMPI_v2.0/1A4Y.pdb,20.453409854982237,1A4Y,1a4y_25,PDB/mutant_pdbs/1a4y/1a4y_25.pdb
B_R70A,SKEMPI_v2.0,1A4Y,4.8e-16,A,B,PDB/SKEMPI_v2.0/1A4Y.pdb,20.888056762770514,1A4Y,1a4y_26,PDB/mutant_pdbs/1a4y/1a4y_26.pdb
B_R31A,SKEMPI_v2.0,1A4Y,5.8e-16,A,B,PDB/SKEMPI_v2.0/1A4Y.pdb,20.775990135507087,1A4Y,1a4y_27,PDB/mutant_pdbs/1a4y/1a4y_27.pdb
B_R33A,SKEMPI_v2.0,1A4Y,6.6e-16,A,B,PDB/SKEMPI_v2.0/1A4Y.pdb,20.699472644794188,1A4Y,1a4y_28,PDB/mutant_pdbs/1a4y/1a4y_28.pdb
B_K40Q,SKEMPI_v2.0,1A4Y,9.3e-13,A,B,PDB/SKEMPI_v2.0/1A4Y.pdb,16.405703295362255,1A4Y,1a4y_29,PDB/mutant_pdbs/1a4y/1a4y_29.pdb
B_H13A,SKEMPI_v2.0,1A4Y,2e-16,A,B,PDB/SKEMPI_v2.0/1A4Y.pdb,21.406497853317127,1A4Y,1a4y_30,PDB/mutant_pdbs/1a4y/1a4y_30.pdb
B_H114A,SKEMPI_v2.0,1A4Y,1e-15,A,B,PDB/SKEMPI_v2.0/1A4Y.pdb,20.453409854982237,1A4Y,1a4y_31,PDB/mutant_pdbs/1a4y/1a4y_31.pdb
A_Y434F,SKEMPI_v2.0,1A4Y,1e-15,A,B,PDB/SKEMPI_v2.0/1A4Y.pdb,20.453409854982237,1A4Y,1a4y_32,PDB/mutant_pdbs/1a4y/1a4y_32.pdb
A_Y437F,SKEMPI_v2.0,1A4Y,5.9e-16,A,B,PDB/SKEMPI_v2.0/1A4Y.pdb,20.765867036537436,1A4Y,1a4y_33,PDB/mutant_pdbs/1a4y/1a4y_33.pdb
"A_D435A, A_Y434A",SKEMPI_v2.0,1A4Y,3.9e-11,A,B,PDB/SKEMPI_v2.0/1A4Y.pdb,14.193214783101174,1A4Y,1a4y_34,PDB/mutant_pdbs/1a4y/1a4y_34.pdb
"A_Y434A, A_Y437A",SKEMPI_v2.0,1A4Y,2.9e-11,A,B,PDB/SKEMPI_v2.0/1A4Y.pdb,14.368659509176936,1A4Y,1a4y_35,PDB/mutant_pdbs/1a4y/1a4y_35.pdb
"A_Y434A, B_R5A",SKEMPI_v2.0,1A4Y,5.1e-11,A,B,PDB/SKEMPI_v2.0/1A4Y.pdb,14.034352372794105,1A4Y,1a4y_36,PDB/mutant_pdbs/1a4y/1a4y_36.pdb
"A_D435A, B_R5A",SKEMPI_v2.0,1A4Y,3.6e-11,A,B,PDB/SKEMPI_v2.0/1A4Y.pdb,14.24061502355065,1A4Y,1a4y_37,PDB/mutant_pdbs/1a4y/1a4y_37.pdb
"A_D435A, A_Y434A, B_R5A",SKEMPI_v2.0,1A4Y,1e-08,A,B,PDB/SKEMPI_v2.0/1A4Y.pdb,10.908485255990529,1A4Y,1a4y_38,PDB/mutant_pdbs/1a4y/1a4y_38.pdb
"A_Y434A, A_Y437A, B_R5A",SKEMPI_v2.0,1A4Y,7e-10,A,B,PDB/SKEMPI_v2.0/1A4Y.pdb,12.483264131317906,1A4Y,1a4y_39,PDB/mutant_pdbs/1a4y/1a4y_39.pdb
B_K40G,SKEMPI_v2.0,1A4Y,9.2e-14,A,B,PDB/SKEMPI_v2.0/1A4Y.pdb,17.775666034920654,1A4Y,1a4y_40,PDB/mutant_pdbs/1a4y/1a4y_40.pdb
"A_Y434F, B_K40G",SKEMPI_v2.0,1A4Y,3e-11,A,B,PDB/SKEMPI_v2.0/1A4Y.pdb,14.348583455433333,1A4Y,1a4y_41,PDB/mutant_pdbs/1a4y/1a4y_41.pdb
"A_D435A, B_K40G",SKEMPI_v2.0,1A4Y,4e-13,A,B,PDB/SKEMPI_v2.0/1A4Y.pdb,16.90534322365675,1A4Y,1a4y_42,PDB/mutant_pdbs/1a4y/1a4y_42.pdb
"A_Y437A, B_K40G",SKEMPI_v2.0,1A4Y,2.1e-11,A,B,PDB/SKEMPI_v2.0/1A4Y.pdb,14.559801673761896,1A4Y,1a4y_43,PDB/mutant_pdbs/1a4y/1a4y_43.pdb
"A_D435A, A_Y434A, B_K40G",SKEMPI_v2.0,1A4Y,1.4e-11,A,B,PDB/SKEMPI_v2.0/1A4Y.pdb,14.79991278665161,1A4Y,1a4y_44,PDB/mutant_pdbs/1a4y/1a4y_44.pdb
"A_Y434A, A_Y437A, B_K40G",SKEMPI_v2.0,1A4Y,1.9e-09,A,B,PDB/SKEMPI_v2.0/1A4Y.pdb,11.891948469733318,1A4Y,1a4y_45,PDB/mutant_pdbs/1a4y/1a4y_45.pdb
I_L38G,SKEMPI_v2.0,1ACB,4.55e-08,E,I,PDB/SKEMPI_v2.0/1ACB.pdb,9.876867651925172,1ACB,1acb_1,PDB/mutant_pdbs/1acb/1acb_1.pdb
I_L38S,SKEMPI_v2.0,1ACB,7.14e-09,E,I,PDB/SKEMPI_v2.0/1ACB.pdb,10.958876261166328,1ACB,1acb_2,PDB/mutant_pdbs/1acb/1acb_2.pdb
I_L38P,SKEMPI_v2.0,1ACB,1.85e-07,E,I,PDB/SKEMPI_v2.0/1ACB.pdb,9.05738994629135,1ACB,1acb_3,PDB/mutant_pdbs/1acb/1acb_3.pdb
I_L38I,SKEMPI_v2.0,1ACB,2.08e-09,E,I,PDB/SKEMPI_v2.0/1ACB.pdb,11.679443272892899,1ACB,1acb_4,PDB/mutant_pdbs/1acb/1acb_4.pdb
I_L38D,SKEMPI_v2.0,1ACB,1.61e-07,E,I,PDB/SKEMPI_v2.0/1ACB.pdb,9.138570676664756,1ACB,1acb_5,PDB/mutant_pdbs/1acb/1acb_5.pdb
I_L38E,SKEMPI_v2.0,1ACB,1.11e-07,E,I,PDB/SKEMPI_v2.0/1ACB.pdb,9.355833713652713,1ACB,1acb_6,PDB/mutant_pdbs/1acb/1acb_6.pdb
"C_K111A, C_T110A",SKEMPI_v2.0,1AHW,1e-08,"A, B",C,PDB/SKEMPI_v2.0/1AHW.pdb,10.908485255990529,1AHW,1ahw_1,PDB/mutant_pdbs/1ahw/1ahw_1.pdb
"C_D139A, C_K138A",SKEMPI_v2.0,1AHW,2.5e-08,"A, B",C,PDB/SKEMPI_v2.0/1AHW.pdb,10.36586991631957,1AHW,1ahw_2,PDB/mutant_pdbs/1ahw/1ahw_2.pdb
"C_I141Q, C_T143I, C_Y145T",SKEMPI_v2.0,1AHW,2.8e-06,"A, B",C,PDB/SKEMPI_v2.0/1AHW.pdb,7.571636842993602,1AHW,1ahw_3,PDB/mutant_pdbs/1ahw/1ahw_3.pdb
C_Y145A,SKEMPI_v2.0,1AHW,2.1e-06,"A, B",C,PDB/SKEMPI_v2.0/1AHW.pdb,7.741998388767817,1AHW,1ahw_4,PDB/mutant_pdbs/1ahw/1ahw_4.pdb
C_Y146A,SKEMPI_v2.0,1AHW,1.4e-10,"A, B",C,PDB/SKEMPI_v2.0/1AHW.pdb,13.436352129652795,1AHW,1ahw_5,PDB/mutant_pdbs/1ahw/1ahw_5.pdb
"C_K154A, C_K155A",SKEMPI_v2.0,1AHW,3.6e-10,"A, B",C,PDB/SKEMPI_v2.0/1AHW.pdb,12.877054366551832,1AHW,1ahw_6,PDB/mutant_pdbs/1ahw/1ahw_6.pdb
C_T156A,SKEMPI_v2.0,1AHW,3e-09,"A, B",C,PDB/SKEMPI_v2.0/1AHW.pdb,11.621462141435702,1AHW,1ahw_7,PDB/mutant_pdbs/1ahw/1ahw_7.pdb
"C_K158A, C_N160A, C_N162A",SKEMPI_v2.0,1AHW,3.3e-06,"A, B",C,PDB/SKEMPI_v2.0/1AHW.pdb,7.474338733469958,1AHW,1ahw_8,PDB/mutant_pdbs/1ahw/1ahw_8.pdb
C_T159A,SKEMPI_v2.0,1AHW,2.2e-08,"A, B",C,PDB/SKEMPI_v2.0/1AHW.pdb,10.441571160357304,1AHW,1ahw_9,PDB/mutant_pdbs/1ahw/1ahw_9.pdb
C_L165A,SKEMPI_v2.0,1AHW,1.8e-08,"A, B",C,PDB/SKEMPI_v2.0/1AHW.pdb,10.560405711218129,1AHW,1ahw_10,PDB/mutant_pdbs/1ahw/1ahw_10.pdb
C_D167A,SKEMPI_v2.0,1AHW,1.5e-09,"A, B",C,PDB/SKEMPI_v2.0/1AHW.pdb,12.03193480009963,1AHW,1ahw_11,PDB/mutant_pdbs/1ahw/1ahw_11.pdb
"C_R185A, C_S184A",SKEMPI_v2.0,1AHW,3e-06,"A, B",C,PDB/SKEMPI_v2.0/1AHW.pdb,7.530780170439253,1AHW,1ahw_12,PDB/mutant_pdbs/1ahw/1ahw_12.pdb
C_T186A,SKEMPI_v2.0,1AHW,3.3e-08,"A, B",C,PDB/SKEMPI_v2.0/1AHW.pdb,10.20146004746759,1AHW,1ahw_13,PDB/mutant_pdbs/1ahw/1ahw_13.pdb
C_V187A,SKEMPI_v2.0,1AHW,2e-09,"A, B",C,PDB/SKEMPI_v2.0/1AHW.pdb,11.861573254325416,1AHW,1ahw_14,PDB/mutant_pdbs/1ahw/1ahw_14.pdb
C_N188A,SKEMPI_v2.0,1AHW,2.1e-08,"A, B",C,PDB/SKEMPI_v2.0/1AHW.pdb,10.469119702765449,1AHW,1ahw_15,PDB/mutant_pdbs/1ahw/1ahw_15.pdb
"C_K190A, C_R189A",SKEMPI_v2.0,1AHW,3e-06,"A, B",C,PDB/SKEMPI_v2.0/1AHW.pdb,7.530780170439253,1AHW,1ahw_16,PDB/mutant_pdbs/1ahw/1ahw_16.pdb
D_P85A,SKEMPI_v2.0,1AK4,7.5e-05,A,D,PDB/SKEMPI_v2.0/1AK4.pdb,5.624604173769479,1AK4,1ak4_1,PDB/mutant_pdbs/1ak4/1ak4_1.pdb
D_V86A,SKEMPI_v2.0,1AK4,6.4e-05,A,D,PDB/SKEMPI_v2.0/1AK4.pdb,5.718527990009322,1AK4,1ak4_2,PDB/mutant_pdbs/1ak4/1ak4_2.pdb
D_H87A,SKEMPI_v2.0,1AK4,6.6e-05,A,D,PDB/SKEMPI_v2.0/1AK4.pdb,5.700305417807214,1AK4,1ak4_3,PDB/mutant_pdbs/1ak4/1ak4_3.pdb
D_H87Q,SKEMPI_v2.0,1AK4,6.2e-05,A,D,PDB/SKEMPI_v2.0/1AK4.pdb,5.737329152261439,1AK4,1ak4_4,PDB/mutant_pdbs/1ak4/1ak4_4.pdb
D_H87R,SKEMPI_v2.0,1AK4,0.000193,A,D,PDB/SKEMPI_v2.0/1AK4.pdb,5.064867916113809,1AK4,1ak4_5,PDB/mutant_pdbs/1ak4/1ak4_5.pdb
D_A88V,SKEMPI_v2.0,1AK4,4.4e-05,A,D,PDB/SKEMPI_v2.0/1AK4.pdb,5.940416530696927,1AK4,1ak4_6,PDB/mutant_pdbs/1ak4/1ak4_6.pdb
D_A88G,SKEMPI_v2.0,1AK4,0.00106,A,D,PDB/SKEMPI_v2.0/1AK4.pdb,4.0561758887300945,1AK4,1ak4_7,PDB/mutant_pdbs/1ak4/1ak4_7.pdb
D_G89A,SKEMPI_v2.0,1AK4,0.0004,A,D,PDB/SKEMPI_v2.0/1AK4.pdb,4.633297310667405,1AK4,1ak4_8,PDB/mutant_pdbs/1ak4/1ak4_8.pdb
D_G89V,SKEMPI_v2.0,1AK4,0.002,A,D,PDB/SKEMPI_v2.0/1AK4.pdb,3.6802093123325186,1AK4,1ak4_9,PDB/mutant_pdbs/1ak4/1ak4_9.pdb
D_P90A,SKEMPI_v2.0,1AK4,0.00047,A,D,PDB/SKEMPI_v2.0/1AK4.pdb,4.53779643126094,1AK4,1ak4_10,PDB/mutant_pdbs/1ak4/1ak4_10.pdb
D_P90V,SKEMPI_v2.0,1AK4,0.002,A,D,PDB/SKEMPI_v2.0/1AK4.pdb,3.6802093123325186,1AK4,1ak4_11,PDB/mutant_pdbs/1ak4/1ak4_11.pdb
D_I91A,SKEMPI_v2.0,1AK4,1.8e-05,A,D,PDB/SKEMPI_v2.0/1AK4.pdb,6.469723740221682,1AK4,1ak4_12,PDB/mutant_pdbs/1ak4/1ak4_12.pdb
D_I91V,SKEMPI_v2.0,1AK4,1.2e-05,A,D,PDB/SKEMPI_v2.0/1AK4.pdb,6.709834853111396,1AK4,1ak4_13,PDB/mutant_pdbs/1ak4/1ak4_13.pdb
D_A92G,SKEMPI_v2.0,1AK4,3.2e-05,A,D,PDB/SKEMPI_v2.0/1AK4.pdb,6.129000648673252,1AK4,1ak4_14,PDB/mutant_pdbs/1ak4/1ak4_14.pdb
D_A92V,SKEMPI_v2.0,1AK4,2.2e-05,A,D,PDB/SKEMPI_v2.0/1AK4.pdb,6.3508891893608554,1AK4,1ak4_15,PDB/mutant_pdbs/1ak4/1ak4_15.pdb
D_P93A,SKEMPI_v2.0,1AK4,3.8e-05,A,D,PDB/SKEMPI_v2.0/1AK4.pdb,6.0272331830741255,1AK4,1ak4_16,PDB/mutant_pdbs/1ak4/1ak4_16.pdb
"D_A88M, D_A92P, D_H87A, D_I91L, D_L83T, D_M96I, D_V86P",SKEMPI_v2.0,1AK4,4.2e-05,A,D,PDB/SKEMPI_v2.0/1AK4.pdb,5.967965073105073,1AK4,1ak4_17,PDB/mutant_pdbs/1ak4/1ak4_17.pdb
D_D26M,ATLAS,1AO7,3.014285714e-06,"A, C","D, E",PDB/ATLAS/1AO7.pdb,7.531756171018491,1AO7_at,1ao7_at_1,PDB/mutant_pdbs/1ao7_at/1ao7_at_1.pdb
D_D26V,ATLAS,1AO7,2.11e-05,"A, C","D, E",PDB/ATLAS/1AO7.pdb,6.378833694151809,1AO7_at,1ao7_at_2,PDB/mutant_pdbs/1ao7_at/1ao7_at_2.pdb
D_D26W,ATLAS,1AO7,3.27868853e-07,"A, C","D, E",PDB/ATLAS/1AO7.pdb,8.84618668646951,1AO7_at,1ao7_at_3,PDB/mutant_pdbs/1ao7_at/1ao7_at_3.pdb
D_R27F,ATLAS,1AO7,1.469489415e-06,"A, C","D, E",PDB/ATLAS/1AO7.pdb,7.957425731581852,1AO7_at,1ao7_at_4,PDB/mutant_pdbs/1ao7_at/1ao7_at_4.pdb
D_G28A,ATLAS,1AO7,5.64516129e-06,"A, C","D, E",PDB/ATLAS/1AO7.pdb,7.1600098563638435,1AO7_at,1ao7_at_5,PDB/mutant_pdbs/1ao7_at/1ao7_at_5.pdb
D_G28I,ATLAS,1AO7,1.358313817e-06,"A, C","D, E",PDB/ATLAS/1AO7.pdb,8.004037063900796,1AO7_at,1ao7_at_6,PDB/mutant_pdbs/1ao7_at/1ao7_at_6.pdb
D_G28L,ATLAS,1AO7,9.8265896e-07,"A, C","D, E",PDB/ATLAS/1AO7.pdb,8.195846510437116,1AO7_at,1ao7_at_7,PDB/mutant_pdbs/1ao7_at/1ao7_at_7.pdb
D_G28M,ATLAS,1AO7,8.96391153e-07,"A, C","D, E",PDB/ATLAS/1AO7.pdb,8.250287137928801,1AO7_at,1ao7_at_8,PDB/mutant_pdbs/1ao7_at/1ao7_at_8.pdb
D_G28R,ATLAS,1AO7,0.0001055,"A, C","D, E",PDB/ATLAS/1AO7.pdb,5.425265953535882,1AO7_at,1ao7_at_9,PDB/mutant_pdbs/1ao7_at/1ao7_at_9.pdb
D_G28T,ATLAS,1AO7,5.76923077e-07,"A, C","D, E",PDB/ATLAS/1AO7.pdb,8.511376254396158,1AO7_at,1ao7_at_10,PDB/mutant_pdbs/1ao7_at/1ao7_at_10.pdb
D_G28V,ATLAS,1AO7,5.403225806e-06,"A, C","D, E",PDB/ATLAS/1AO7.pdb,7.1859622510625965,1AO7_at,1ao7_at_11,PDB/mutant_pdbs/1ao7_at/1ao7_at_11.pdb
D_S29A,ATLAS,1AO7,3.708439898e-06,"A, C","D, E",PDB/ATLAS/1AO7.pdb,7.408964622540109,1AO7_at,1ao7_at_12,PDB/mutant_pdbs/1ao7_at/1ao7_at_12.pdb
D_Q30N,ATLAS,1AO7,7.256944444e-06,"A, C","D, E",PDB/ATLAS/1AO7.pdb,7.011201279882261,1AO7_at,1ao7_at_13,PDB/mutant_pdbs/1ao7_at/1ao7_at_13.pdb
D_Q30E,ATLAS,1AO7,4.219999999999999e-06,"A, C","D, E",PDB/ATLAS/1AO7.pdb,7.332401434767737,1AO7_at,1ao7_at_14,PDB/mutant_pdbs/1ao7_at/1ao7_at_14.pdb
D_S51M,ATLAS,1AO7,1.133828996e-06,"A, C","D, E",PDB/ATLAS/1AO7.pdb,8.111065733449069,1AO7_at,1ao7_at_15,PDB/mutant_pdbs/1ao7_at/1ao7_at_15.pdb
D_K68H,ATLAS,1AO7,1.055e-05,"A, C","D, E",PDB/ATLAS/1AO7.pdb,6.789512966570099,1AO7_at,1ao7_at_16,PDB/mutant_pdbs/1ao7_at/1ao7_at_16.pdb
D_S100A,ATLAS,1AO7,2.059447983e-06,"A, C","D, E",PDB/ATLAS/1AO7.pdb,7.757448449450439,1AO7_at,1ao7_at_17,PDB/mutant_pdbs/1ao7_at/1ao7_at_17.pdb
D_S100N,ATLAS,1AO7,5.274999999999999e-05,"A, C","D, E",PDB/ATLAS/1AO7.pdb,5.8359452259541715,1AO7_at,1ao7_at_18,PDB/mutant_pdbs/1ao7_at/1ao7_at_18.pdb
D_S100T,ATLAS,1AO7,9.302325580000001e-07,"A, C","D, E",PDB/ATLAS/1AO7.pdb,8.22833098183345,1AO7_at,1ao7_at_19,PDB/mutant_pdbs/1ao7_at/1ao7_at_19.pdb
D_S100Y,ATLAS,1AO7,0.0001055,"A, C","D, E",PDB/ATLAS/1AO7.pdb,5.425265953535882,1AO7_at,1ao7_at_20,PDB/mutant_pdbs/1ao7_at/1ao7_at_20.pdb
E_I54R,ATLAS,1AO7,2.11e-05,"A, C","D, E",PDB/ATLAS/1AO7.pdb,6.378833694151809,1AO7_at,1ao7_at_21,PDB/mutant_pdbs/1ao7_at/1ao7_at_21.pdb
E_A99M,ATLAS,1AO7,1.239669421e-06,"A, C","D, E",PDB/ATLAS/1AO7.pdb,8.058189798427351,1AO7_at,1ao7_at_22,PDB/mutant_pdbs/1ao7_at/1ao7_at_22.pdb
E_A99K,ATLAS,1AO7,2.5e-06,"A, C","D, E",PDB/ATLAS/1AO7.pdb,7.642593610007668,1AO7_at,1ao7_at_23,PDB/mutant_pdbs/1ao7_at/1ao7_at_23.pdb
E_G100S,ATLAS,1AO7,1.25e-06,"A, C","D, E",PDB/ATLAS/1AO7.pdb,8.053272882425958,1AO7_at,1ao7_at_24,PDB/mutant_pdbs/1ao7_at/1ao7_at_24.pdb
E_G101A,ATLAS,1AO7,3.22580645e-07,"A, C","D, E",PDB/ATLAS/1AO7.pdb,8.855820801634389,1AO7_at,1ao7_at_25,PDB/mutant_pdbs/1ao7_at/1ao7_at_25.pdb
E_R102Q,ATLAS,1AO7,4.537444934e-06,"A, C","D, E",PDB/ATLAS/1AO7.pdb,7.289429131939719,1AO7_at,1ao7_at_26,PDB/mutant_pdbs/1ao7_at/1ao7_at_26.pdb
A_A150P,ATLAS,1AO7,9.800000000000001e-06,"A, C","D, E",PDB/ATLAS/1AO7.pdb,6.833204865200191,1AO7_at,1ao7_at_27,PDB/mutant_pdbs/1ao7_at/1ao7_at_27.pdb
E_A99M,ATLAS,1AO7,1.9e-06,"A, C","D, E",PDB/ATLAS/1AO7.pdb,7.805193310732878,1AO7_at,1ao7_at_28,PDB/mutant_pdbs/1ao7_at/1ao7_at_28.pdb
E_G100S,ATLAS,1AO7,1.8e-06,"A, C","D, E",PDB/ATLAS/1AO7.pdb,7.837227325608358,1AO7_at,1ao7_at_29,PDB/mutant_pdbs/1ao7_at/1ao7_at_29.pdb
"E_G100S, E_G101A, E_R102E",ATLAS,1AO7,9.4e-09,"A, C","D, E",PDB/ATLAS/1AO7.pdb,10.950636349734172,1AO7_at,1ao7_at_30,PDB/mutant_pdbs/1ao7_at/1ao7_at_30.pdb
"E_A99M, E_G100S, E_G101A, E_R102E",ATLAS,1AO7,4.4e-09,"A, C","D, E",PDB/ATLAS/1AO7.pdb,11.400394725382805,1AO7_at,1ao7_at_31,PDB/mutant_pdbs/1ao7_at/1ao7_at_31.pdb
"E_A99M, E_G100S, E_G101A",ATLAS,1AO7,8e-09,"A, C","D, E",PDB/ATLAS/1AO7.pdb,11.046185300053091,1AO7_at,1ao7_at_32,PDB/mutant_pdbs/1ao7_at/1ao7_at_32.pdb
A_R65A,ATLAS,1AO7,8.4e-05,"A, C","D, E",PDB/ATLAS/1AO7.pdb,5.560289809951767,1AO7_at,1ao7_at_33,PDB/mutant_pdbs/1ao7_at/1ao7_at_33.pdb
A_K66A,ATLAS,1AO7,1.87e-05,"A, C","D, E",PDB/ATLAS/1AO7.pdb,6.450375965435247,1AO7_at,1ao7_at_34,PDB/mutant_pdbs/1ao7_at/1ao7_at_34.pdb
A_A69G,ATLAS,1AO7,9.6e-06,"A, C","D, E",PDB/ATLAS/1AO7.pdb,6.845421482541638,1AO7_at,1ao7_at_35,PDB/mutant_pdbs/1ao7_at/1ao7_at_35.pdb
A_T163A,ATLAS,1AO7,3.1e-06,"A, C","D, E",PDB/ATLAS/1AO7.pdb,7.515143355072466,1AO7_at,1ao7_at_36,PDB/mutant_pdbs/1ao7_at/1ao7_at_36.pdb
A_E166A,ATLAS,1AO7,4e-06,"A, C","D, E",PDB/ATLAS/1AO7.pdb,7.364123533368726,1AO7_at,1ao7_at_37,PDB/mutant_pdbs/1ao7_at/1ao7_at_37.pdb
A_W167A,ATLAS,1AO7,6.9e-06,"A, C","D, E",PDB/ATLAS/1AO7.pdb,7.0410847117805355,1AO7_at,1ao7_at_38,PDB/mutant_pdbs/1ao7_at/1ao7_at_38.pdb
"D_G28I, D_S100A",ATLAS,1AO7,1.1e-06,"A, C","D, E",PDB/ATLAS/1AO7.pdb,8.129012231116732,1AO7_at,1ao7_at_39,PDB/mutant_pdbs/1ao7_at/1ao7_at_39.pdb
"D_G28I, D_S100T",ATLAS,1AO7,4.6e-07,"A, C","D, E",PDB/ATLAS/1AO7.pdb,8.645563699002901,1AO7_at,1ao7_at_40,PDB/mutant_pdbs/1ao7_at/1ao7_at_40.pdb
"D_G28L, D_S100A",ATLAS,1AO7,8.9e-07,"A, C","D, E",PDB/ATLAS/1AO7.pdb,8.254526610469666,1AO7_at,1ao7_at_41,PDB/mutant_pdbs/1ao7_at/1ao7_at_41.pdb
"D_G28L, D_S100T",ATLAS,1AO7,3.7e-07,"A, C","D, E",PDB/ATLAS/1AO7.pdb,8.774561586380234,1AO7_at,1ao7_at_42,PDB/mutant_pdbs/1ao7_at/1ao7_at_42.pdb
"D_G28M, D_S100A",ATLAS,1AO7,5.4e-07,"A, C","D, E",PDB/ATLAS/1AO7.pdb,8.550563092036139,1AO7_at,1ao7_at_43,PDB/mutant_pdbs/1ao7_at/1ao7_at_43.pdb
"D_G28M, D_S100T",ATLAS,1AO7,1.1e-07,"A, C","D, E",PDB/ATLAS/1AO7.pdb,9.49325924415095,1AO7_at,1ao7_at_44,PDB/mutant_pdbs/1ao7_at/1ao7_at_44.pdb
"D_G28M, D_S100T, D_S51M",ATLAS,1AO7,5.8e-08,"A, C","D, E",PDB/ATLAS/1AO7.pdb,9.872471744388799,1AO7_at,1ao7_at_45,PDB/mutant_pdbs/1ao7_at/1ao7_at_45.pdb
"D_G28T, D_S100T, D_S51M",ATLAS,1AO7,1.4e-07,"A, C","D, E",PDB/ATLAS/1AO7.pdb,9.35037435504493,1AO7_at,1ao7_at_46,PDB/mutant_pdbs/1ao7_at/1ao7_at_46.pdb
"D_G28M, D_R27F, D_S100T, D_S51M",ATLAS,1AO7,1e-07,"A, C","D, E",PDB/ATLAS/1AO7.pdb,9.549729091239524,1AO7_at,1ao7_at_47,PDB/mutant_pdbs/1ao7_at/1ao7_at_47.pdb
"D_G28T, D_R27F, D_S100T, D_S51M",ATLAS,1AO7,1.4e-07,"A, C","D, E",PDB/ATLAS/1AO7.pdb,9.35037435504493,1AO7_at,1ao7_at_48,PDB/mutant_pdbs/1ao7_at/1ao7_at_48.pdb
"D_D26W, D_R27F, D_S100T, D_S51M",ATLAS,1AO7,2.1e-08,"A, C","D, E",PDB/ATLAS/1AO7.pdb,10.474389393891,1AO7_at,1ao7_at_49,PDB/mutant_pdbs/1ao7_at/1ao7_at_49.pdb
"D_D26W, D_G28M, D_S100T, D_S51M",ATLAS,1AO7,3.4e-07,"A, C","D, E",PDB/ATLAS/1AO7.pdb,8.824660566173968,1AO7_at,1ao7_at_50,PDB/mutant_pdbs/1ao7_at/1ao7_at_50.pdb
"D_D26W, D_G28T, D_S100T, D_S51M",ATLAS,1AO7,2.6e-07,"A, C","D, E",PDB/ATLAS/1AO7.pdb,8.983602940781527,1AO7_at,1ao7_at_51,PDB/mutant_pdbs/1ao7_at/1ao7_at_51.pdb
"D_D26W, D_G28T, D_R27F, D_S100T, D_S51M",ATLAS,1AO7,2.4e-07,"A, C","D, E",PDB/ATLAS/1AO7.pdb,9.031027040412434,1AO7_at,1ao7_at_52,PDB/mutant_pdbs/1ao7_at/1ao7_at_52.pdb
"E_G101A, E_R102Q",ATLAS,1AO7,1.5e-07,"A, C","D, E",PDB/ATLAS/1AO7.pdb,9.309497117051375,1AO7_at,1ao7_at_53,PDB/mutant_pdbs/1ao7_at/1ao7_at_53.pdb
"E_A99M, E_G100S",ATLAS,1AO7,3.6e-07,"A, C","D, E",PDB/ATLAS/1AO7.pdb,8.790795066224286,1AO7_at,1ao7_at_54,PDB/mutant_pdbs/1ao7_at/1ao7_at_54.pdb
"E_A99M, E_G100S, E_G101A",ATLAS,1AO7,5.299999999999999e-09,"A, C","D, E",PDB/ATLAS/1AO7.pdb,11.290131925592323,1AO7_at,1ao7_at_55,PDB/mutant_pdbs/1ao7_at/1ao7_at_55.pdb
"E_A99M, E_G100S, E_G101A, E_R102Q",ATLAS,1AO7,2.8e-09,"A, C","D, E",PDB/ATLAS/1AO7.pdb,11.668189108695074,1AO7_at,1ao7_at_56,PDB/mutant_pdbs/1ao7_at/1ao7_at_56.pdb
"D_G28T, E_A99M, E_G100S, E_G101A",ATLAS,1AO7,3.1e-09,"A, C","D, E",PDB/ATLAS/1AO7.pdb,11.60788439417512,1AO7_at,1ao7_at_57,PDB/mutant_pdbs/1ao7_at/1ao7_at_57.pdb
"D_G28T, E_A99M, E_G100S, E_G101A, E_R102Q",ATLAS,1AO7,2.6e-09,"A, C","D, E",PDB/ATLAS/1AO7.pdb,11.71209696684996,1AO7_at,1ao7_at_58,PDB/mutant_pdbs/1ao7_at/1ao7_at_58.pdb
"D_D26W, E_A99M, E_G100S, E_G101A, E_R102Q",ATLAS,1AO7,2.3e-09,"A, C","D, E",PDB/ATLAS/1AO7.pdb,11.784736997489627,1AO7_at,1ao7_at_59,PDB/mutant_pdbs/1ao7_at/1ao7_at_59.pdb
"D_D26W, D_R27F, D_S51M, E_A99M, E_G100S, E_G101A, E_R102Q",ATLAS,1AO7,4e-09,"A, C","D, E",PDB/ATLAS/1AO7.pdb,11.45686457247138,1AO7_at,1ao7_at_60,PDB/mutant_pdbs/1ao7_at/1ao7_at_60.pdb
"D_D26W, D_R27F, D_S100T, D_S51M, E_A99M, E_G100S, E_G101A, E_R102Q",ATLAS,1AO7,6.199999999999999e-09,"A, C","D, E",PDB/ATLAS/1AO7.pdb,11.197205121756829,1AO7_at,1ao7_at_61,PDB/mutant_pdbs/1ao7_at/1ao7_at_61.pdb
D_D26A,ATLAS,1AO7,1.89e-05,"A, C","D, E",PDB/ATLAS/1AO7.pdb,6.44407287460969,1AO7_at,1ao7_at_62,PDB/mutant_pdbs/1ao7_at/1ao7_at_62.pdb
D_R27A,ATLAS,1AO7,4.839999999999999e-06,"A, C","D, E",PDB/ATLAS/1AO7.pdb,7.251183839191578,1AO7_at,1ao7_at_63,PDB/mutant_pdbs/1ao7_at/1ao7_at_63.pdb
D_Q30L,ATLAS,1AO7,5.879999999999999e-05,"A, C","D, E",PDB/ATLAS/1AO7.pdb,5.771614346175464,1AO7_at,1ao7_at_64,PDB/mutant_pdbs/1ao7_at/1ao7_at_64.pdb
D_Q30V,ATLAS,1AO7,1.98e-06,"A, C","D, E",PDB/ATLAS/1AO7.pdb,7.780757478519784,1AO7_at,1ao7_at_65,PDB/mutant_pdbs/1ao7_at/1ao7_at_65.pdb
D_S31A,ATLAS,1AO7,1.39e-05,"A, C","D, E",PDB/ATLAS/1AO7.pdb,6.626127551104753,1AO7_at,1ao7_at_66,PDB/mutant_pdbs/1ao7_at/1ao7_at_66.pdb
D_Y50A,ATLAS,1AO7,6.629999999999999e-06,"A, C","D, E",PDB/ATLAS/1AO7.pdb,7.0647347009118935,1AO7_at,1ao7_at_67,PDB/mutant_pdbs/1ao7_at/1ao7_at_67.pdb
D_N52A,ATLAS,1AO7,5.139999999999999e-06,"A, C","D, E",PDB/ATLAS/1AO7.pdb,7.215552766738511,1AO7_at,1ao7_at_68,PDB/mutant_pdbs/1ao7_at/1ao7_at_68.pdb
D_K68A,ATLAS,1AO7,2.08e-05,"A, C","D, E",PDB/ATLAS/1AO7.pdb,6.38731811049244,1AO7_at,1ao7_at_69,PDB/mutant_pdbs/1ao7_at/1ao7_at_69.pdb
D_T93A,ATLAS,1AO7,1.44e-05,"A, C","D, E",PDB/ATLAS/1AO7.pdb,6.605189508353489,1AO7_at,1ao7_at_70,PDB/mutant_pdbs/1ao7_at/1ao7_at_70.pdb
D_T98A,ATLAS,1AO7,7.07e-05,"A, C","D, E",PDB/ATLAS/1AO7.pdb,5.662417167085392,1AO7_at,1ao7_at_71,PDB/mutant_pdbs/1ao7_at/1ao7_at_71.pdb
D_D99A,ATLAS,1AO7,1.17e-05,"A, C","D, E",PDB/ATLAS/1AO7.pdb,6.728212706952724,1AO7_at,1ao7_at_72,PDB/mutant_pdbs/1ao7_at/1ao7_at_72.pdb
D_D99N,ATLAS,1AO7,0.0001544,"A, C","D, E",PDB/ATLAS/1AO7.pdb,5.1996265420522745,1AO7_at,1ao7_at_73,PDB/mutant_pdbs/1ao7_at/1ao7_at_73.pdb
D_S100A,ATLAS,1AO7,1.25e-06,"A, C","D, E",PDB/ATLAS/1AO7.pdb,8.053272882425958,1AO7_at,1ao7_at_74,PDB/mutant_pdbs/1ao7_at/1ao7_at_74.pdb
D_W101A,ATLAS,1AO7,0.0001782,"A, C","D, E",PDB/ATLAS/1AO7.pdb,5.114687972272691,1AO7_at,1ao7_at_75,PDB/mutant_pdbs/1ao7_at/1ao7_at_75.pdb
E_E30A,ATLAS,1AO7,9.169999999999999e-05,"A, C","D, E",PDB/ATLAS/1AO7.pdb,5.5083255735475385,1AO7_at,1ao7_at_76,PDB/mutant_pdbs/1ao7_at/1ao7_at_76.pdb
E_R95A,ATLAS,1AO7,4.16e-06,"A, C","D, E",PDB/ATLAS/1AO7.pdb,7.340885851108367,1AO7_at,1ao7_at_77,PDB/mutant_pdbs/1ao7_at/1ao7_at_77.pdb
E_L98A,ATLAS,1AO7,7.13e-05,"A, C","D, E",PDB/ATLAS/1AO7.pdb,5.657410222219916,1AO7_at,1ao7_at_78,PDB/mutant_pdbs/1ao7_at/1ao7_at_78.pdb
E_P103A,ATLAS,1AO7,1.97e-05,"A, C","D, E",PDB/ATLAS/1AO7.pdb,6.4195103956906765,1AO7_at,1ao7_at_79,PDB/mutant_pdbs/1ao7_at/1ao7_at_79.pdb
E_R102A,ATLAS,1AO7,3.17e-06,"A, C","D, E",PDB/ATLAS/1AO7.pdb,7.50191347637161,1AO7_at,1ao7_at_80,PDB/mutant_pdbs/1ao7_at/1ao7_at_80.pdb
A_E58A,ATLAS,1AO7,1.07e-06,"A, C","D, E",PDB/ATLAS/1AO7.pdb,8.145395347266597,1AO7_at,1ao7_at_81,PDB/mutant_pdbs/1ao7_at/1ao7_at_81.pdb
C_L1A,ATLAS,1AO7,8.69e-06,"A, C","D, E",PDB/ATLAS/1AO7.pdb,6.904427153005154,1AO7_at,1ao7_at_82,PDB/mutant_pdbs/1ao7_at/1ao7_at_82.pdb
A_Y159A,ATLAS,1AO7,0.0004911,"A, C","D, E",PDB/ATLAS/1AO7.pdb,4.514061533998773,1AO7_at,1ao7_at_83,PDB/mutant_pdbs/1ao7_at/1ao7_at_83.pdb
A_K66A,ATLAS,1AO7,2.46e-05,"A, C","D, E",PDB/ATLAS/1AO7.pdb,6.287903013015091,1AO7_at,1ao7_at_84,PDB/mutant_pdbs/1ao7_at/1ao7_at_84.pdb
C_Y5A,ATLAS,1AO7,3.29e-05,"A, C","D, E",PDB/ATLAS/1AO7.pdb,6.115652106239286,1AO7_at,1ao7_at_85,PDB/mutant_pdbs/1ao7_at/1ao7_at_85.pdb
C_Y5F,ATLAS,1AO7,2.07e-06,"A, C","D, E",PDB/ATLAS/1AO7.pdb,7.754420478208316,1AO7_at,1ao7_at_86,PDB/mutant_pdbs/1ao7_at/1ao7_at_86.pdb
A_Q155A,ATLAS,1AO7,5.73e-06,"A, C","D, E",PDB/ATLAS/1AO7.pdb,7.151171899768208,1AO7_at,1ao7_at_87,PDB/mutant_pdbs/1ao7_at/1ao7_at_87.pdb
A_E166A,ATLAS,1AO7,0.0019367,"A, C","D, E",PDB/ATLAS/1AO7.pdb,3.7011170820757453,1AO7_at,1ao7_at_88,PDB/mutant_pdbs/1ao7_at/1ao7_at_88.pdb
A_T163A,ATLAS,1AO7,5.35e-06,"A, C","D, E",PDB/ATLAS/1AO7.pdb,7.19182760665067,1AO7_at,1ao7_at_89,PDB/mutant_pdbs/1ao7_at/1ao7_at_89.pdb
A_R65A,ATLAS,1AO7,0.0006169,"A, C","D, E",PDB/ATLAS/1AO7.pdb,4.378939912176001,1AO7_at,1ao7_at_90,PDB/mutant_pdbs/1ao7_at/1ao7_at_90.pdb
A_A69G,ATLAS,1AO7,3.06e-05,"A, C","D, E",PDB/ATLAS/1AO7.pdb,6.1585910599268745,1AO7_at,1ao7_at_91,PDB/mutant_pdbs/1ao7_at/1ao7_at_91.pdb
C_Y8A,ATLAS,1AO7,0.0006349,"A, C","D, E",PDB/ATLAS/1AO7.pdb,4.361899707329031,1AO7_at,1ao7_at_92,PDB/mutant_pdbs/1ao7_at/1ao7_at_92.pdb
C_Y8F,ATLAS,1AO7,9.499999999999999e-06,"A, C","D, E",PDB/ATLAS/1AO7.pdb,6.8516255701169495,1AO7_at,1ao7_at_93,PDB/mutant_pdbs/1ao7_at/1ao7_at_93.pdb
A_Q72A,ATLAS,1AO7,5.2e-06,"A, C","D, E",PDB/ATLAS/1AO7.pdb,7.208676655329018,1AO7_at,1ao7_at_94,PDB/mutant_pdbs/1ao7_at/1ao7_at_94.pdb
"A_E58A, D_D26A",ATLAS,1AO7,1.28e-05,"A, C","D, E",PDB/ATLAS/1AO7.pdb,6.674974184311495,1AO7_at,1ao7_at_95,PDB/mutant_pdbs/1ao7_at/1ao7_at_95.pdb
"C_L1A, D_Q30L",ATLAS,1AO7,0.0002821,"A, C","D, E",PDB/ATLAS/1AO7.pdb,4.842526987188019,1AO7_at,1ao7_at_96,PDB/mutant_pdbs/1ao7_at/1ao7_at_96.pdb
"C_L1A, D_Q30V",ATLAS,1AO7,8.92e-06,"A, C","D, E",PDB/ATLAS/1AO7.pdb,6.888949664329981,1AO7_at,1ao7_at_97,PDB/mutant_pdbs/1ao7_at/1ao7_at_97.pdb
"A_Y159A, D_Q30V",ATLAS,1AO7,0.000566,"A, C","D, E",PDB/ATLAS/1AO7.pdb,4.429960484525192,1AO7_at,1ao7_at_98,PDB/mutant_pdbs/1ao7_at/1ao7_at_98.pdb
"A_K66A, D_Q30V",ATLAS,1AO7,5.96e-05,"A, C","D, E",PDB/ATLAS/1AO7.pdb,5.763607670954522,1AO7_at,1ao7_at_99,PDB/mutant_pdbs/1ao7_at/1ao7_at_99.pdb
"C_Y5A, D_S31A",ATLAS,1AO7,4.44e-05,"A, C","D, E",PDB/ATLAS/1AO7.pdb,5.938044781902998,1AO7_at,1ao7_at_100,PDB/mutant_pdbs/1ao7_at/1ao7_at_100.pdb
"C_Y5F, D_S31A",ATLAS,1AO7,2.38e-06,"A, C","D, E",PDB/ATLAS/1AO7.pdb,7.671738089363445,1AO7_at,1ao7_at_101,PDB/mutant_pdbs/1ao7_at/1ao7_at_101.pdb
"A_Q155A, D_Y50A",ATLAS,1AO7,4.56e-06,"A, C","D, E",PDB/ATLAS/1AO7.pdb,7.286491259905788,1AO7_at,1ao7_at_102,PDB/mutant_pdbs/1ao7_at/1ao7_at_102.pdb
"A_E166A, D_N52A",ATLAS,1AO7,0.0005689,"A, C","D, E",PDB/ATLAS/1AO7.pdb,4.426932534760687,1AO7_at,1ao7_at_103,PDB/mutant_pdbs/1ao7_at/1ao7_at_103.pdb
"A_T163A, D_K68A",ATLAS,1AO7,1.22e-05,"A, C","D, E",PDB/ATLAS/1AO7.pdb,6.703418924126923,1AO7_at,1ao7_at_104,PDB/mutant_pdbs/1ao7_at/1ao7_at_104.pdb
"A_E166A, D_K68A",ATLAS,1AO7,0.0004253999999999999,"A, C","D, E",PDB/ATLAS/1AO7.pdb,4.59915296064906,1AO7_at,1ao7_at_105,PDB/mutant_pdbs/1ao7_at/1ao7_at_105.pdb
"C_Y5A, D_T93A",ATLAS,1AO7,0.000478,"A, C","D, E",PDB/ATLAS/1AO7.pdb,4.5300805736116665,1AO7_at,1ao7_at_106,PDB/mutant_pdbs/1ao7_at/1ao7_at_106.pdb
"A_R65A, D_T98A",ATLAS,1AO7,0.0001583,"A, C","D, E",PDB/ATLAS/1AO7.pdb,5.184846809878569,1AO7_at,1ao7_at_107,PDB/mutant_pdbs/1ao7_at/1ao7_at_107.pdb
"A_R65A, D_D99A",ATLAS,1AO7,2.25e-05,"A, C","D, E",PDB/ATLAS/1AO7.pdb,6.340771116794793,1AO7_at,1ao7_at_108,PDB/mutant_pdbs/1ao7_at/1ao7_at_108.pdb
"A_R65A, D_D99N",ATLAS,1AO7,0.000443,"A, C","D, E",PDB/ATLAS/1AO7.pdb,4.57513369942286,1AO7_at,1ao7_at_109,PDB/mutant_pdbs/1ao7_at/1ao7_at_109.pdb
"A_K66A, D_D99A",ATLAS,1AO7,5.96e-05,"A, C","D, E",PDB/ATLAS/1AO7.pdb,5.763607670954522,1AO7_at,1ao7_at_110,PDB/mutant_pdbs/1ao7_at/1ao7_at_110.pdb
"C_Y5A, D_S100A",ATLAS,1AO7,6.47e-05,"A, C","D, E",PDB/ATLAS/1AO7.pdb,5.714961322412153,1AO7_at,1ao7_at_111,PDB/mutant_pdbs/1ao7_at/1ao7_at_111.pdb
"A_A69G, D_W101A",ATLAS,1AO7,0.0005622,"A, C","D, E",PDB/ATLAS/1AO7.pdb,4.433951711830617,1AO7_at,1ao7_at_112,PDB/mutant_pdbs/1ao7_at/1ao7_at_112.pdb
"C_Y8A, E_E30A",ATLAS,1AO7,0.0009819,"A, C","D, E",PDB/ATLAS/1AO7.pdb,4.103563255915086,1AO7_at,1ao7_at_113,PDB/mutant_pdbs/1ao7_at/1ao7_at_113.pdb
"C_Y8F, E_E30A",ATLAS,1AO7,0.0001531,"A, C","D, E",PDB/ATLAS/1AO7.pdb,5.204636200741333,1AO7_at,1ao7_at_114,PDB/mutant_pdbs/1ao7_at/1ao7_at_114.pdb
"C_Y5A, E_R95A",ATLAS,1AO7,5.85e-05,"A, C","D, E",PDB/ATLAS/1AO7.pdb,5.774644966336795,1AO7_at,1ao7_at_115,PDB/mutant_pdbs/1ao7_at/1ao7_at_115.pdb
"C_Y5F, E_R95A",ATLAS,1AO7,4.66e-06,"A, C","D, E",PDB/ATLAS/1AO7.pdb,7.273638587806836,1AO7_at,1ao7_at_116,PDB/mutant_pdbs/1ao7_at/1ao7_at_116.pdb
"C_Y8A, E_L98A",ATLAS,1AO7,0.001424,"A, C","D, E",PDB/ATLAS/1AO7.pdb,3.883315494728071,1AO7_at,1ao7_at_117,PDB/mutant_pdbs/1ao7_at/1ao7_at_117.pdb
"C_Y5A, E_P103A",ATLAS,1AO7,0.0001652,"A, C","D, E",PDB/ATLAS/1AO7.pdb,5.159568502183991,1AO7_at,1ao7_at_118,PDB/mutant_pdbs/1ao7_at/1ao7_at_118.pdb
"A_Q155A, E_P103A",ATLAS,1AO7,1.37e-05,"A, C","D, E",PDB/ATLAS/1AO7.pdb,6.634714439807616,1AO7_at,1ao7_at_119,PDB/mutant_pdbs/1ao7_at/1ao7_at_119.pdb
"A_Q72A, D_D99A",ATLAS,1AO7,1.71e-05,"A, C","D, E",PDB/ATLAS/1AO7.pdb,6.503370817520002,1AO7_at,1ao7_at_120,PDB/mutant_pdbs/1ao7_at/1ao7_at_120.pdb
"C_Y5A, E_R102A",ATLAS,1AO7,6.859999999999999e-05,"A, C","D, E",PDB/ATLAS/1AO7.pdb,5.680282388389669,1AO7_at,1ao7_at_121,PDB/mutant_pdbs/1ao7_at/1ao7_at_121.pdb
"E_A99V, E_G100P, E_Y107Q",ATLAS,1AO7,1.06e-07,"A, C","D, E",PDB/ATLAS/1AO7.pdb,9.515205640139815,1AO7_at,1ao7_at_122,PDB/mutant_pdbs/1ao7_at/1ao7_at_122.pdb
"E_Q106D, E_Y107Q",ATLAS,1AO7,4.199999999999999e-07,"A, C","D, E",PDB/ATLAS/1AO7.pdb,8.699463108438493,1AO7_at,1ao7_at_123,PDB/mutant_pdbs/1ao7_at/1ao7_at_123.pdb
"E_E105H, E_Q106P, E_Y107Q",ATLAS,1AO7,1.5e-06,"A, C","D, E",PDB/ATLAS/1AO7.pdb,7.945250104017159,1AO7_at,1ao7_at_124,PDB/mutant_pdbs/1ao7_at/1ao7_at_124.pdb
"E_A99M, E_G100S, E_G101A, E_R102Q",ATLAS,1AO7,2.5e-09,"A, C","D, E",PDB/ATLAS/1AO7.pdb,11.735334649110321,1AO7_at,1ao7_at_125,PDB/mutant_pdbs/1ao7_at/1ao7_at_125.pdb
A_K66A,ATLAS,1AO7,0.0002,"A, C","D, E",PDB/ATLAS/1AO7.pdb,5.046308779718581,1AO7_at,1ao7_at_126,PDB/mutant_pdbs/1ao7_at/1ao7_at_126.pdb
C_Y5F,ATLAS,1AO7,2.7e-06,"A, C","D, E",PDB/ATLAS/1AO7.pdb,7.596995351420212,1AO7_at,1ao7_at_127,PDB/mutant_pdbs/1ao7_at/1ao7_at_127.pdb
"A_E63Q, A_K66A",ATLAS,1AO7,1.07e-05,"A, C","D, E",PDB/ATLAS/1AO7.pdb,6.7811483342323795,1AO7_at,1ao7_at_128,PDB/mutant_pdbs/1ao7_at/1ao7_at_128.pdb
D_D26A,SKEMPI_v2.0,1AO7,1.9e-05,"A, B, C","D, E",PDB/SKEMPI_v2.0/1AO7.pdb,6.437705841738055,1AO7,1ao7_1,PDB/mutant_pdbs/1ao7/1ao7_1.pdb
A_E58A,SKEMPI_v2.0,1AO7,1.08e-06,"A, B, C","D, E",PDB/SKEMPI_v2.0/1AO7.pdb,8.135788624001743,1AO7,1ao7_2,PDB/mutant_pdbs/1ao7/1ao7_2.pdb
"A_E58A, D_D26A",SKEMPI_v2.0,1AO7,1.29e-05,"A, B, C","D, E",PDB/SKEMPI_v2.0/1AO7.pdb,6.667007506961127,1AO7,1ao7_3,PDB/mutant_pdbs/1ao7/1ao7_3.pdb
D_R27A,SKEMPI_v2.0,1AO7,4.88e-06,"A, B, C","D, E",PDB/SKEMPI_v2.0/1AO7.pdb,7.242661757211872,1AO7,1ao7_4,PDB/mutant_pdbs/1ao7/1ao7_4.pdb
A_R170A,SKEMPI_v2.0,1AO7,1.41e-06,"A, B, C","D, E",PDB/SKEMPI_v2.0/1AO7.pdb,7.977894630703745,1AO7,1ao7_5,PDB/mutant_pdbs/1ao7/1ao7_5.pdb
"A_R170A, D_R27A",SKEMPI_v2.0,1AO7,1.63e-05,"A, B, C","D, E",PDB/SKEMPI_v2.0/1AO7.pdb,6.528472615726014,1AO7,1ao7_6,PDB/mutant_pdbs/1ao7/1ao7_6.pdb
D_Q30L,SKEMPI_v2.0,1AO7,5.92e-05,"A, B, C","D, E",PDB/SKEMPI_v2.0/1AO7.pdb,5.764695791160529,1AO7,1ao7_7,PDB/mutant_pdbs/1ao7/1ao7_7.pdb
C_L1A,SKEMPI_v2.0,1AO7,8.75e-06,"A, B, C","D, E",PDB/SKEMPI_v2.0/1AO7.pdb,6.896878822315615,1AO7,1ao7_8,PDB/mutant_pdbs/1ao7/1ao7_8.pdb
"C_L1A, D_Q30L",SKEMPI_v2.0,1AO7,0.000284,"A, B, C","D, E",PDB/SKEMPI_v2.0/1AO7.pdb,4.836115574411113,1AO7,1ao7_9,PDB/mutant_pdbs/1ao7/1ao7_9.pdb
D_Q30V,SKEMPI_v2.0,1AO7,2e-06,"A, B, C","D, E",PDB/SKEMPI_v2.0/1AO7.pdb,7.770891283328966,1AO7,1ao7_10,PDB/mutant_pdbs/1ao7/1ao7_10.pdb
"C_L1A, D_Q30V",SKEMPI_v2.0,1AO7,8.99e-06,"A, B, C","D, E",PDB/SKEMPI_v2.0/1AO7.pdb,6.880854750114146,1AO7,1ao7_11,PDB/mutant_pdbs/1ao7/1ao7_11.pdb
A_Y159A,SKEMPI_v2.0,1AO7,0.000493,"A, B, C","D, E",PDB/SKEMPI_v2.0/1AO7.pdb,4.509503827545998,1AO7,1ao7_12,PDB/mutant_pdbs/1ao7/1ao7_12.pdb
"A_Y159A, D_Q30V",SKEMPI_v2.0,1AO7,0.000569,"A, B, C","D, E",PDB/SKEMPI_v2.0/1AO7.pdb,4.424601249921736,1AO7,1ao7_13,PDB/mutant_pdbs/1ao7/1ao7_13.pdb
"A_E63Q, D_Q30V",SKEMPI_v2.0,1AO7,2.59e-06,"A, B, C","D, E",PDB/SKEMPI_v2.0/1AO7.pdb,7.617804644144808,1AO7,1ao7_14,PDB/mutant_pdbs/1ao7/1ao7_14.pdb
"A_E63Q, A_K66A",SKEMPI_v2.0,1AO7,2.48e-05,"A, B, C","D, E",PDB/SKEMPI_v2.0/1AO7.pdb,6.279944491932397,1AO7,1ao7_15,PDB/mutant_pdbs/1ao7/1ao7_15.pdb
"A_E63Q, A_K66A, D_Q30V",SKEMPI_v2.0,1AO7,6e-05,"A, B, C","D, E",PDB/SKEMPI_v2.0/1AO7.pdb,5.756746854776509,1AO7,1ao7_16,PDB/mutant_pdbs/1ao7/1ao7_16.pdb
D_S31A,SKEMPI_v2.0,1AO7,1.4e-05,"A, B, C","D, E",PDB/SKEMPI_v2.0/1AO7.pdb,6.618548844658714,1AO7,1ao7_17,PDB/mutant_pdbs/1ao7/1ao7_17.pdb
C_Y5A,SKEMPI_v2.0,1AO7,3.31e-05,"A, B, C","D, E",PDB/SKEMPI_v2.0/1AO7.pdb,6.108986284274884,1AO7,1ao7_18,PDB/mutant_pdbs/1ao7/1ao7_18.pdb
"C_Y5A, D_S31A",SKEMPI_v2.0,1AO7,4.46e-05,"A, B, C","D, E",PDB/SKEMPI_v2.0/1AO7.pdb,5.932395818436318,1AO7,1ao7_19,PDB/mutant_pdbs/1ao7/1ao7_19.pdb
C_Y5F,SKEMPI_v2.0,1AO7,2.08e-06,"A, B, C","D, E",PDB/SKEMPI_v2.0/1AO7.pdb,7.747665292003838,1AO7,1ao7_20,PDB/mutant_pdbs/1ao7/1ao7_20.pdb
"C_Y5F, D_S31A",SKEMPI_v2.0,1AO7,2.4e-06,"A, B, C","D, E",PDB/SKEMPI_v2.0/1AO7.pdb,7.6629228514462815,1AO7,1ao7_21,PDB/mutant_pdbs/1ao7/1ao7_21.pdb
D_Y50A,SKEMPI_v2.0,1AO7,6.68e-06,"A, B, C","D, E",PDB/SKEMPI_v2.0/1AO7.pdb,7.056731206942581,1AO7,1ao7_22,PDB/mutant_pdbs/1ao7/1ao7_22.pdb
A_Q155A,SKEMPI_v2.0,1AO7,5.77e-06,"A, B, C","D, E",PDB/SKEMPI_v2.0/1AO7.pdb,7.143454550114659,1AO7,1ao7_23,PDB/mutant_pdbs/1ao7/1ao7_23.pdb
"A_Q155A, D_Y50A",SKEMPI_v2.0,1AO7,4.59e-06,"A, B, C","D, E",PDB/SKEMPI_v2.0/1AO7.pdb,7.2789422016915575,1AO7,1ao7_24,PDB/mutant_pdbs/1ao7/1ao7_24.pdb
D_N52A,SKEMPI_v2.0,1AO7,5.17e-06,"A, B, C","D, E",PDB/SKEMPI_v2.0/1AO7.pdb,7.208476308289278,1AO7,1ao7_25,PDB/mutant_pdbs/1ao7/1ao7_25.pdb
A_E166A,SKEMPI_v2.0,1AO7,0.00194,"A, B, C","D, E",PDB/SKEMPI_v2.0/1AO7.pdb,3.698246855047393,1AO7,1ao7_26,PDB/mutant_pdbs/1ao7/1ao7_26.pdb
"A_E166A, D_N52A",SKEMPI_v2.0,1AO7,0.000572,"A, B, C","D, E",PDB/SKEMPI_v2.0/1AO7.pdb,4.421487201365953,1AO7,1ao7_27,PDB/mutant_pdbs/1ao7/1ao7_27.pdb
D_K66A,SKEMPI_v2.0,1AO7,2.09e-05,"A, B, C","D, E",PDB/SKEMPI_v2.0/1AO7.pdb,6.381264404768761,1AO7,1ao7_28,PDB/mutant_pdbs/1ao7/1ao7_28.pdb
A_T163A,SKEMPI_v2.0,1AO7,5.39e-06,"A, B, C","D, E",PDB/SKEMPI_v2.0/1AO7.pdb,7.183798284681913,1AO7,1ao7_29,PDB/mutant_pdbs/1ao7/1ao7_29.pdb
"A_T163A, D_K66A",SKEMPI_v2.0,1AO7,1.23e-05,"A, B, C","D, E",PDB/SKEMPI_v2.0/1AO7.pdb,6.695212212172223,1AO7,1ao7_30,PDB/mutant_pdbs/1ao7/1ao7_30.pdb
"A_E166A, D_K66A",SKEMPI_v2.0,1AO7,0.000427,"A, B, C","D, E",PDB/SKEMPI_v2.0/1AO7.pdb,4.5946159805357745,1AO7,1ao7_31,PDB/mutant_pdbs/1ao7/1ao7_31.pdb
D_T91A,SKEMPI_v2.0,1AO7,1.45e-05,"A, B, C","D, E",PDB/SKEMPI_v2.0/1AO7.pdb,6.597768225847972,1AO7,1ao7_32,PDB/mutant_pdbs/1ao7/1ao7_32.pdb
"C_Y5A, D_T91A",SKEMPI_v2.0,1AO7,0.00048,"A, B, C","D, E",PDB/SKEMPI_v2.0/1AO7.pdb,4.5253288787847215,1AO7,1ao7_33,PDB/mutant_pdbs/1ao7/1ao7_33.pdb
D_T92A,SKEMPI_v2.0,1AO7,7.11e-05,"A, B, C","D, E",PDB/SKEMPI_v2.0/1AO7.pdb,5.656227412545681,1AO7,1ao7_34,PDB/mutant_pdbs/1ao7/1ao7_34.pdb
A_R65A,SKEMPI_v2.0,1AO7,0.00062,"A, B, C","D, E",PDB/SKEMPI_v2.0/1AO7.pdb,4.373768495262623,1AO7,1ao7_35,PDB/mutant_pdbs/1ao7/1ao7_35.pdb
"A_R65A, D_T92A",SKEMPI_v2.0,1AO7,0.000159,"A, B, C","D, E",PDB/SKEMPI_v2.0/1AO7.pdb,5.179625432839196,1AO7,1ao7_36,PDB/mutant_pdbs/1ao7/1ao7_36.pdb
D_D93N,SKEMPI_v2.0,1AO7,0.000155,"A, B, C","D, E",PDB/SKEMPI_v2.0/1AO7.pdb,5.19471381259048,1AO7,1ao7_37,PDB/mutant_pdbs/1ao7/1ao7_37.pdb
"A_R65A, D_D93N",SKEMPI_v2.0,1AO7,0.000445,"A, B, C","D, E",PDB/SKEMPI_v2.0/1AO7.pdb,4.570164425450345,1AO7,1ao7_38,PDB/mutant_pdbs/1ao7/1ao7_38.pdb
D_S94A,SKEMPI_v2.0,1AO7,1.26e-06,"A, B, C","D, E",PDB/SKEMPI_v2.0/1AO7.pdb,8.044502615549062,1AO7,1ao7_39,PDB/mutant_pdbs/1ao7/1ao7_39.pdb
"C_Y5A, D_S94A",SKEMPI_v2.0,1AO7,6.5e-05,"A, B, C","D, E",PDB/SKEMPI_v2.0/1AO7.pdb,5.7093466143270355,1AO7,1ao7_40,PDB/mutant_pdbs/1ao7/1ao7_40.pdb
D_W95A,SKEMPI_v2.0,1AO7,0.000179,"A, B, C","D, E",PDB/SKEMPI_v2.0/1AO7.pdb,5.109462182948178,1AO7,1ao7_41,PDB/mutant_pdbs/1ao7/1ao7_41.pdb
A_A69G,SKEMPI_v2.0,1AO7,3.08e-05,"A, B, C","D, E",PDB/SKEMPI_v2.0/1AO7.pdb,6.151634749025492,1AO7,1ao7_42,PDB/mutant_pdbs/1ao7/1ao7_42.pdb
"A_A69G, D_W95A",SKEMPI_v2.0,1AO7,0.000565,"A, B, C","D, E",PDB/SKEMPI_v2.0/1AO7.pdb,4.42877895239165,1AO7,1ao7_43,PDB/mutant_pdbs/1ao7/1ao7_43.pdb
E_E28A,SKEMPI_v2.0,1AO7,9.23e-05,"A, B, C","D, E",PDB/SKEMPI_v2.0/1AO7.pdb,5.501692219406812,1AO7,1ao7_44,PDB/mutant_pdbs/1ao7/1ao7_44.pdb
C_Y8A,SKEMPI_v2.0,1AO7,0.000638,"A, B, C","D, E",PDB/SKEMPI_v2.0/1AO7.pdb,4.356820814552003,1AO7,1ao7_45,PDB/mutant_pdbs/1ao7/1ao7_45.pdb
"C_Y8A, E_E28A",SKEMPI_v2.0,1AO7,0.000986,"A, B, C","D, E",PDB/SKEMPI_v2.0/1AO7.pdb,4.099031168882069,1AO7,1ao7_46,PDB/mutant_pdbs/1ao7/1ao7_46.pdb
E_R92A,SKEMPI_v2.0,1AO7,4.19e-06,"A, B, C","D, E",PDB/SKEMPI_v2.0/1AO7.pdb,7.332937380043097,1AO7,1ao7_47,PDB/mutant_pdbs/1ao7/1ao7_47.pdb
"C_Y5A, E_R92A",SKEMPI_v2.0,1AO7,5.89e-05,"A, B, C","D, E",PDB/SKEMPI_v2.0/1AO7.pdb,5.767704367669342,1AO7,1ao7_48,PDB/mutant_pdbs/1ao7/1ao7_48.pdb
"C_Y5F, E_R92A",SKEMPI_v2.0,1AO7,4.7e-06,"A, B, C","D, E",PDB/SKEMPI_v2.0/1AO7.pdb,7.264917745258572,1AO7,1ao7_49,PDB/mutant_pdbs/1ao7/1ao7_49.pdb
E_P100A,SKEMPI_v2.0,1AO7,1.99e-05,"A, B, C","D, E",PDB/SKEMPI_v2.0/1AO7.pdb,6.410298987778743,1AO7,1ao7_50,PDB/mutant_pdbs/1ao7/1ao7_50.pdb
"C_Y5A, E_P100A",SKEMPI_v2.0,1AO7,0.000166,"A, B, C","D, E",PDB/SKEMPI_v2.0/1AO7.pdb,5.1541118988566135,1AO7,1ao7_51,PDB/mutant_pdbs/1ao7/1ao7_51.pdb
"A_Q155A, E_P100A",SKEMPI_v2.0,1AO7,1.38e-05,"A, B, C","D, E",PDB/SKEMPI_v2.0/1AO7.pdb,6.627069666040415,1AO7,1ao7_52,PDB/mutant_pdbs/1ao7/1ao7_52.pdb
D_D93A,SKEMPI_v2.0,1AO7,1.07e-05,"A, B, C","D, E",PDB/SKEMPI_v2.0/1AO7.pdb,6.7777367217885285,1AO7,1ao7_53,PDB/mutant_pdbs/1ao7/1ao7_53.pdb
A_Q72A,SKEMPI_v2.0,1AO7,5.24e-06,"A, B, C","D, E",PDB/SKEMPI_v2.0/1AO7.pdb,7.200512099713562,1AO7,1ao7_54,PDB/mutant_pdbs/1ao7/1ao7_54.pdb
"A_Q72A, D_D93A",SKEMPI_v2.0,1AO7,1.72e-05,"A, B, C","D, E",PDB/SKEMPI_v2.0/1AO7.pdb,6.496645961186911,1AO7,1ao7_55,PDB/mutant_pdbs/1ao7/1ao7_55.pdb
E_R99A,SKEMPI_v2.0,1AO7,3.19e-06,"A, B, C","D, E",PDB/SKEMPI_v2.0/1AO7.pdb,7.494414787213563,1AO7,1ao7_56,PDB/mutant_pdbs/1ao7/1ao7_56.pdb
"C_Y5A, E_R99A",SKEMPI_v2.0,1AO7,6.9e-05,"A, B, C","D, E",PDB/SKEMPI_v2.0/1AO7.pdb,5.673981667705529,1AO7,1ao7_57,PDB/mutant_pdbs/1ao7/1ao7_57.pdb
E_A96M,SKEMPI_v2.0,1AO7,1.9e-06,"A, B, C","D, E",PDB/SKEMPI_v2.0/1AO7.pdb,7.8012664987368705,1AO7,1ao7_58,PDB/mutant_pdbs/1ao7/1ao7_58.pdb
E_G97S,SKEMPI_v2.0,1AO7,1.8e-06,"A, B, C","D, E",PDB/SKEMPI_v2.0/1AO7.pdb,7.833284397220498,1AO7,1ao7_59,PDB/mutant_pdbs/1ao7/1ao7_59.pdb
"E_G97S, E_G98A, E_R99E",SKEMPI_v2.0,1AO7,9.4e-09,"A, B, C","D, E",PDB/SKEMPI_v2.0/1AO7.pdb,10.945127057591092,1AO7,1ao7_60,PDB/mutant_pdbs/1ao7/1ao7_60.pdb
"E_A96M, E_G97S, E_G98A, E_R99E",SKEMPI_v2.0,1AO7,4.4e-09,"A, B, C","D, E",PDB/SKEMPI_v2.0/1AO7.pdb,11.39465915869219,1AO7,1ao7_61,PDB/mutant_pdbs/1ao7/1ao7_61.pdb
"E_A96M, E_G97S, E_G98A",SKEMPI_v2.0,1AO7,8e-09,"A, B, C","D, E",PDB/SKEMPI_v2.0/1AO7.pdb,11.040627936997558,1AO7,1ao7_62,PDB/mutant_pdbs/1ao7/1ao7_62.pdb
"E_A96M, E_G97S, E_G98A, E_R99Q",SKEMPI_v2.0,1AO7,4e-09,"A, B, C","D, E",PDB/SKEMPI_v2.0/1AO7.pdb,11.451100595661485,1AO7,1ao7_63,PDB/mutant_pdbs/1ao7/1ao7_63.pdb
C_Y5F,SKEMPI_v2.0,1AO7,1.2e-06,"A, B, C","D, E",PDB/SKEMPI_v2.0/1AO7.pdb,7.5044649540286175,1AO7,1ao7_64,PDB/mutant_pdbs/1ao7/1ao7_64.pdb
A_A150P,SKEMPI_v2.0,1AO7,9.8e-06,"A, B, C","D, E",PDB/SKEMPI_v2.0/1AO7.pdb,6.82976706298728,1AO7,1ao7_65,PDB/mutant_pdbs/1ao7/1ao7_65.pdb
C_Y5F,SKEMPI_v2.0,1AO7,2.79e-06,"A, B, C","D, E",PDB/SKEMPI_v2.0/1AO7.pdb,7.573755581815715,1AO7,1ao7_66,PDB/mutant_pdbs/1ao7/1ao7_66.pdb
C_Y5A,SKEMPI_v2.0,1AO7,3.3e-05,"A, B, C","D, E",PDB/SKEMPI_v2.0/1AO7.pdb,6.110778076471143,1AO7,1ao7_67,PDB/mutant_pdbs/1ao7/1ao7_67.pdb
C_Y5W,SKEMPI_v2.0,1AO7,1e-05,"A, B, C","D, E",PDB/SKEMPI_v2.0/1AO7.pdb,6.8178032849940795,1AO7,1ao7_68,PDB/mutant_pdbs/1ao7/1ao7_68.pdb
D_S31A,SKEMPI_v2.0,1AO7,5.48e-06,"A, B, C","D, E",PDB/SKEMPI_v2.0/1AO7.pdb,7.173991838287997,1AO7,1ao7_69,PDB/mutant_pdbs/1ao7/1ao7_69.pdb
"A_E63Q, A_K66A",SKEMPI_v2.0,1AO7,1.07e-05,"A, B, C","D, E",PDB/SKEMPI_v2.0/1AO7.pdb,6.7777367217885285,1AO7,1ao7_70,PDB/mutant_pdbs/1ao7/1ao7_70.pdb
A_K66A,SKEMPI_v2.0,1AO7,0.000316,"A, B, C","D, E",PDB/SKEMPI_v2.0/1AO7.pdb,4.772888981326291,1AO7,1ao7_71,PDB/mutant_pdbs/1ao7/1ao7_71.pdb
C_V7R,SKEMPI_v2.0,1AO7,7.2e-06,"A, B, C","D, E",PDB/SKEMPI_v2.0/1AO7.pdb,7.01233907989264,1AO7,1ao7_72,PDB/mutant_pdbs/1ao7/1ao7_72.pdb
A_R65A,SKEMPI_v2.0,1AO7,8.4e-05,"A, B, C","D, E",PDB/SKEMPI_v2.0/1AO7.pdb,5.5574924144411435,1AO7,1ao7_73,PDB/mutant_pdbs/1ao7/1ao7_73.pdb
A_K66A,SKEMPI_v2.0,1AO7,1.87e-05,"A, B, C","D, E",PDB/SKEMPI_v2.0/1AO7.pdb,6.447130765385557,1AO7,1ao7_74,PDB/mutant_pdbs/1ao7/1ao7_74.pdb
A_A69G,SKEMPI_v2.0,1AO7,9.6e-06,"A, B, C","D, E",PDB/SKEMPI_v2.0/1AO7.pdb,6.841977534118425,1AO7,1ao7_75,PDB/mutant_pdbs/1ao7/1ao7_75.pdb
A_T163A,SKEMPI_v2.0,1AO7,3.1e-06,"A, B, C","D, E",PDB/SKEMPI_v2.0/1AO7.pdb,7.511362467924183,1AO7,1ao7_76,PDB/mutant_pdbs/1ao7/1ao7_76.pdb
A_E166A,SKEMPI_v2.0,1AO7,4e-06,"A, B, C","D, E",PDB/SKEMPI_v2.0/1AO7.pdb,7.360418624665037,1AO7,1ao7_77,PDB/mutant_pdbs/1ao7/1ao7_77.pdb
A_W167A,SKEMPI_v2.0,1AO7,6.9e-06,"A, B, C","D, E",PDB/SKEMPI_v2.0/1AO7.pdb,7.037542324704344,1AO7,1ao7_78,PDB/mutant_pdbs/1ao7/1ao7_78.pdb
A_Q43A,SKEMPI_v2.0,1AO7,9.24e-07,"A, B, C","D, E",PDB/SKEMPI_v2.0/1AO7.pdb,8.22817229146948,1AO7,1ao7_79,PDB/mutant_pdbs/1ao7/1ao7_79.pdb
A_E55A,SKEMPI_v2.0,1AO7,3.73e-06,"A, B, C","D, E",PDB/SKEMPI_v2.0/1AO7.pdb,7.401804271679816,1AO7,1ao7_80,PDB/mutant_pdbs/1ao7/1ao7_80.pdb
A_E58A,SKEMPI_v2.0,1AO7,5.72e-07,"A, B, C","D, E",PDB/SKEMPI_v2.0/1AO7.pdb,8.512169172362402,1AO7,1ao7_81,PDB/mutant_pdbs/1ao7/1ao7_81.pdb
A_D61A,SKEMPI_v2.0,1AO7,1.67e-06,"A, B, C","D, E",PDB/SKEMPI_v2.0/1AO7.pdb,7.87767652427044,1AO7,1ao7_82,PDB/mutant_pdbs/1ao7/1ao7_82.pdb
A_E63A,SKEMPI_v2.0,1AO7,1.15e-06,"A, B, C","D, E",PDB/SKEMPI_v2.0/1AO7.pdb,8.098598754921916,1AO7,1ao7_83,PDB/mutant_pdbs/1ao7/1ao7_83.pdb
A_T64A,SKEMPI_v2.0,1AO7,7.74e-07,"A, B, C","D, E",PDB/SKEMPI_v2.0/1AO7.pdb,8.333072390741188,1AO7,1ao7_84,PDB/mutant_pdbs/1ao7/1ao7_84.pdb
A_R65A,SKEMPI_v2.0,1AO7,0.000181,"A, B, C","D, E",PDB/SKEMPI_v2.0/1AO7.pdb,5.10288226115212,1AO7,1ao7_85,PDB/mutant_pdbs/1ao7/1ao7_85.pdb
A_K66A,SKEMPI_v2.0,1AO7,0.000181,"A, B, C","D, E",PDB/SKEMPI_v2.0/1AO7.pdb,5.10288226115212,1AO7,1ao7_86,PDB/mutant_pdbs/1ao7/1ao7_86.pdb
A_V67A,SKEMPI_v2.0,1AO7,3.43e-07,"A, B, C","D, E",PDB/SKEMPI_v2.0/1AO7.pdb,8.81501859697859,1AO7,1ao7_87,PDB/mutant_pdbs/1ao7/1ao7_87.pdb
A_K68A,SKEMPI_v2.0,1AO7,1.22e-06,"A, B, C","D, E",PDB/SKEMPI_v2.0/1AO7.pdb,8.06360707453973,1AO7,1ao7_88,PDB/mutant_pdbs/1ao7/1ao7_88.pdb
A_A69G,SKEMPI_v2.0,1AO7,1.15e-05,"A, B, C","D, E",PDB/SKEMPI_v2.0/1AO7.pdb,6.735038097923099,1AO7,1ao7_89,PDB/mutant_pdbs/1ao7/1ao7_89.pdb
A_H70A,SKEMPI_v2.0,1AO7,0.000181,"A, B, C","D, E",PDB/SKEMPI_v2.0/1AO7.pdb,5.10288226115212,1AO7,1ao7_90,PDB/mutant_pdbs/1ao7/1ao7_90.pdb
A_Q72A,SKEMPI_v2.0,1AO7,9.06e-07,"A, B, C","D, E",PDB/SKEMPI_v2.0/1AO7.pdb,8.239822244935423,1AO7,1ao7_91,PDB/mutant_pdbs/1ao7/1ao7_91.pdb
A_T73A,SKEMPI_v2.0,1AO7,3.21e-06,"A, B, C","D, E",PDB/SKEMPI_v2.0/1AO7.pdb,7.490713607233702,1AO7,1ao7_92,PDB/mutant_pdbs/1ao7/1ao7_92.pdb
A_H74A,SKEMPI_v2.0,1AO7,1.32e-05,"A, B, C","D, E",PDB/SKEMPI_v2.0/1AO7.pdb,6.653393416142101,1AO7,1ao7_93,PDB/mutant_pdbs/1ao7/1ao7_93.pdb
A_R75A,SKEMPI_v2.0,1AO7,2.17e-06,"A, B, C","D, E",PDB/SKEMPI_v2.0/1AO7.pdb,7.722580686252749,1AO7,1ao7_94,PDB/mutant_pdbs/1ao7/1ao7_94.pdb
A_V76A,SKEMPI_v2.0,1AO7,2.41e-06,"A, B, C","D, E",PDB/SKEMPI_v2.0/1AO7.pdb,7.660460532434763,1AO7,1ao7_95,PDB/mutant_pdbs/1ao7/1ao7_95.pdb
A_T80A,SKEMPI_v2.0,1AO7,1e-06,"A, B, C","D, E",PDB/SKEMPI_v2.0/1AO7.pdb,8.181363941992895,1AO7,1ao7_96,PDB/mutant_pdbs/1ao7/1ao7_96.pdb
A_K146A,SKEMPI_v2.0,1AO7,1.92e-06,"A, B, C","D, E",PDB/SKEMPI_v2.0/1AO7.pdb,7.795065532453312,1AO7,1ao7_97,PDB/mutant_pdbs/1ao7/1ao7_97.pdb
A_A149G,SKEMPI_v2.0,1AO7,6.78e-07,"A, B, C","D, E",PDB/SKEMPI_v2.0/1AO7.pdb,8.411492491505413,1AO7,1ao7_98,PDB/mutant_pdbs/1ao7/1ao7_98.pdb
A_A150G,SKEMPI_v2.0,1AO7,9.77e-07,"A, B, C","D, E",PDB/SKEMPI_v2.0/1AO7.pdb,8.195143317327785,1AO7,1ao7_99,PDB/mutant_pdbs/1ao7/1ao7_99.pdb
A_H151A,SKEMPI_v2.0,1AO7,5.28e-07,"A, B, C","D, E",PDB/SKEMPI_v2.0/1AO7.pdb,8.559569412811875,1AO7,1ao7_100,PDB/mutant_pdbs/1ao7/1ao7_100.pdb
A_V152A,SKEMPI_v2.0,1AO7,6.34e-07,"A, B, C","D, E",PDB/SKEMPI_v2.0/1AO7.pdb,8.451227243542803,1AO7,1ao7_101,PDB/mutant_pdbs/1ao7/1ao7_101.pdb
A_E154A,SKEMPI_v2.0,1AO7,1.62e-06,"A, B, C","D, E",PDB/SKEMPI_v2.0/1AO7.pdb,7.895677511112029,1AO7,1ao7_102,PDB/mutant_pdbs/1ao7/1ao7_102.pdb
A_Q155A,SKEMPI_v2.0,1AO7,1.23e-06,"A, B, C","D, E",PDB/SKEMPI_v2.0/1AO7.pdb,8.058772869171039,1AO7,1ao7_103,PDB/mutant_pdbs/1ao7/1ao7_103.pdb
A_A158G,SKEMPI_v2.0,1AO7,1.49e-06,"A, B, C","D, E",PDB/SKEMPI_v2.0/1AO7.pdb,7.945213960053482,1AO7,1ao7_104,PDB/mutant_pdbs/1ao7/1ao7_104.pdb
A_T163A,SKEMPI_v2.0,1AO7,2.15e-06,"A, B, C","D, E",PDB/SKEMPI_v2.0/1AO7.pdb,7.728063937178698,1AO7,1ao7_105,PDB/mutant_pdbs/1ao7/1ao7_105.pdb
A_E166A,SKEMPI_v2.0,1AO7,1.02e-05,"A, B, C","D, E",PDB/SKEMPI_v2.0/1AO7.pdb,6.8060764291360965,1AO7,1ao7_106,PDB/mutant_pdbs/1ao7/1ao7_106.pdb
A_W167A,SKEMPI_v2.0,1AO7,9.77e-06,"A, B, C","D, E",PDB/SKEMPI_v2.0/1AO7.pdb,6.831582660328968,1AO7,1ao7_107,PDB/mutant_pdbs/1ao7/1ao7_107.pdb
A_R170A,SKEMPI_v2.0,1AO7,1.06e-06,"A, B, C","D, E",PDB/SKEMPI_v2.0/1AO7.pdb,8.146857859726541,1AO7,1ao7_108,PDB/mutant_pdbs/1ao7/1ao7_108.pdb
D_D26M,SKEMPI_v2.0,1AO7,3e-06,"A, B, C","D, E",PDB/SKEMPI_v2.0/1AO7.pdb,7.530780170439253,1AO7,1ao7_109,PDB/mutant_pdbs/1ao7/1ao7_109.pdb
D_D26V,SKEMPI_v2.0,1AO7,2.1e-05,"A, B, C","D, E",PDB/SKEMPI_v2.0/1AO7.pdb,6.378437731769002,1AO7,1ao7_110,PDB/mutant_pdbs/1ao7/1ao7_110.pdb
D_D26W,SKEMPI_v2.0,1AO7,3.39e-07,"A, B, C","D, E",PDB/SKEMPI_v2.0/1AO7.pdb,8.821965150169342,1AO7,1ao7_111,PDB/mutant_pdbs/1ao7/1ao7_111.pdb
D_R27F,SKEMPI_v2.0,1AO7,1.5e-06,"A, B, C","D, E",PDB/SKEMPI_v2.0/1AO7.pdb,7.941252829103182,1AO7,1ao7_112,PDB/mutant_pdbs/1ao7/1ao7_112.pdb
D_G28A,SKEMPI_v2.0,1AO7,5.25e-06,"A, B, C","D, E",PDB/SKEMPI_v2.0/1AO7.pdb,7.199383049096859,1AO7,1ao7_113,PDB/mutant_pdbs/1ao7/1ao7_113.pdb
D_G28I,SKEMPI_v2.0,1AO7,1.31e-06,"A, B, C","D, E",PDB/SKEMPI_v2.0/1AO7.pdb,8.02145741704142,1AO7,1ao7_114,PDB/mutant_pdbs/1ao7/1ao7_114.pdb
D_G28L,SKEMPI_v2.0,1AO7,9.55e-07,"A, B, C","D, E",PDB/SKEMPI_v2.0/1AO7.pdb,8.208630557773924,1AO7,1ao7_115,PDB/mutant_pdbs/1ao7/1ao7_115.pdb
D_G28M,SKEMPI_v2.0,1AO7,8.75e-07,"A, B, C","D, E",PDB/SKEMPI_v2.0/1AO7.pdb,8.26043947931443,1AO7,1ao7_116,PDB/mutant_pdbs/1ao7/1ao7_116.pdb
D_G28R,SKEMPI_v2.0,1AO7,0.000105,"A, B, C","D, E",PDB/SKEMPI_v2.0/1AO7.pdb,5.425349733434115,1AO7,1ao7_117,PDB/mutant_pdbs/1ao7/1ao7_117.pdb
D_G28T,SKEMPI_v2.0,1AO7,5.83e-07,"A, B, C","D, E",PDB/SKEMPI_v2.0/1AO7.pdb,8.500889081421176,1AO7,1ao7_118,PDB/mutant_pdbs/1ao7/1ao7_118.pdb
D_G28V,SKEMPI_v2.0,1AO7,5.25e-06,"A, B, C","D, E",PDB/SKEMPI_v2.0/1AO7.pdb,7.199383049096859,1AO7,1ao7_119,PDB/mutant_pdbs/1ao7/1ao7_119.pdb
D_S29A,SKEMPI_v2.0,1AO7,3.5e-06,"A, B, C","D, E",PDB/SKEMPI_v2.0/1AO7.pdb,7.439494161986572,1AO7,1ao7_120,PDB/mutant_pdbs/1ao7/1ao7_120.pdb
D_Q30N,SKEMPI_v2.0,1AO7,7e-06,"A, B, C","D, E",PDB/SKEMPI_v2.0/1AO7.pdb,7.029021503322643,1AO7,1ao7_121,PDB/mutant_pdbs/1ao7/1ao7_121.pdb
D_Q30E,SKEMPI_v2.0,1AO7,4.2e-06,"A, B, C","D, E",PDB/SKEMPI_v2.0/1AO7.pdb,7.331525730103889,1AO7,1ao7_122,PDB/mutant_pdbs/1ao7/1ao7_122.pdb
D_S51M,SKEMPI_v2.0,1AO7,1.11e-06,"A, B, C","D, E",PDB/SKEMPI_v2.0/1AO7.pdb,8.119563311261418,1AO7,1ao7_123,PDB/mutant_pdbs/1ao7/1ao7_123.pdb
D_K66H,SKEMPI_v2.0,1AO7,1.05e-05,"A, B, C","D, E",PDB/SKEMPI_v2.0/1AO7.pdb,6.788910390432931,1AO7,1ao7_124,PDB/mutant_pdbs/1ao7/1ao7_124.pdb
D_S94A,SKEMPI_v2.0,1AO7,2.1e-06,"A, B, C","D, E",PDB/SKEMPI_v2.0/1AO7.pdb,7.741998388767817,1AO7,1ao7_125,PDB/mutant_pdbs/1ao7/1ao7_125.pdb
D_S94N,SKEMPI_v2.0,1AO7,5.25e-05,"A, B, C","D, E",PDB/SKEMPI_v2.0/1AO7.pdb,5.835822392098044,1AO7,1ao7_126,PDB/mutant_pdbs/1ao7/1ao7_126.pdb
D_S94T,SKEMPI_v2.0,1AO7,9.13e-07,"A, B, C","D, E",PDB/SKEMPI_v2.0/1AO7.pdb,8.23526443454888,1AO7,1ao7_127,PDB/mutant_pdbs/1ao7/1ao7_127.pdb
D_S94Y,SKEMPI_v2.0,1AO7,0.000105,"A, B, C","D, E",PDB/SKEMPI_v2.0/1AO7.pdb,5.425349733434115,1AO7,1ao7_128,PDB/mutant_pdbs/1ao7/1ao7_128.pdb
E_I52R,SKEMPI_v2.0,1AO7,2.1e-05,"A, B, C","D, E",PDB/SKEMPI_v2.0/1AO7.pdb,6.378437731769002,1AO7,1ao7_129,PDB/mutant_pdbs/1ao7/1ao7_129.pdb
E_A96M,SKEMPI_v2.0,1AO7,1.24e-06,"A, B, C","D, E",PDB/SKEMPI_v2.0/1AO7.pdb,8.053977807595142,1AO7,1ao7_130,PDB/mutant_pdbs/1ao7/1ao7_130.pdb
E_A96K,SKEMPI_v2.0,1AO7,2.33e-06,"A, B, C","D, E",PDB/SKEMPI_v2.0/1AO7.pdb,7.680451860966252,1AO7,1ao7_131,PDB/mutant_pdbs/1ao7/1ao7_131.pdb
E_G97S,SKEMPI_v2.0,1AO7,1.24e-06,"A, B, C","D, E",PDB/SKEMPI_v2.0/1AO7.pdb,8.053977807595142,1AO7,1ao7_132,PDB/mutant_pdbs/1ao7/1ao7_132.pdb
E_G98A,SKEMPI_v2.0,1AO7,3.33e-07,"A, B, C","D, E",PDB/SKEMPI_v2.0/1AO7.pdb,8.83254019670659,1AO7,1ao7_133,PDB/mutant_pdbs/1ao7/1ao7_133.pdb
E_R99Q,SKEMPI_v2.0,1AO7,4.2e-06,"A, B, C","D, E",PDB/SKEMPI_v2.0/1AO7.pdb,7.331525730103889,1AO7,1ao7_134,PDB/mutant_pdbs/1ao7/1ao7_134.pdb
"D_D26W, D_R27F, D_S51M, D_S94T",SKEMPI_v2.0,1AO7,2.14e-08,"A, B, C","D, E",PDB/SKEMPI_v2.0/1AO7.pdb,10.457946034121047,1AO7,1ao7_135,PDB/mutant_pdbs/1ao7/1ao7_135.pdb
"D_D26W, D_G28T, D_R27F, D_S51M, D_S94T",SKEMPI_v2.0,1AO7,2.4e-07,"A, B, C","D, E",PDB/SKEMPI_v2.0/1AO7.pdb,9.026483508445098,1AO7,1ao7_136,PDB/mutant_pdbs/1ao7/1ao7_136.pdb
"C_V7R, D_D26W, D_R27F, D_S51M, D_S94T",SKEMPI_v2.0,1AO7,2e-07,"A, B, C","D, E",PDB/SKEMPI_v2.0/1AO7.pdb,9.134451940327782,1AO7,1ao7_137,PDB/mutant_pdbs/1ao7/1ao7_137.pdb
"D_G28I, D_S94A",SKEMPI_v2.0,1AO7,1.1e-06,"A, B, C","D, E",PDB/SKEMPI_v2.0/1AO7.pdb,8.124922505023601,1AO7,1ao7_138,PDB/mutant_pdbs/1ao7/1ao7_138.pdb
"D_G28I, D_S94T",SKEMPI_v2.0,1AO7,4.6e-07,"A, B, C","D, E",PDB/SKEMPI_v2.0/1AO7.pdb,8.641214094592874,1AO7,1ao7_139,PDB/mutant_pdbs/1ao7/1ao7_139.pdb
"D_G28L, D_S94A",SKEMPI_v2.0,1AO7,8.9e-07,"A, B, C","D, E",PDB/SKEMPI_v2.0/1AO7.pdb,8.250373737782864,1AO7,1ao7_140,PDB/mutant_pdbs/1ao7/1ao7_140.pdb
"D_G28L, D_S94T",SKEMPI_v2.0,1AO7,3.7e-07,"A, B, C","D, E",PDB/SKEMPI_v2.0/1AO7.pdb,8.77014708281506,1AO7,1ao7_141,PDB/mutant_pdbs/1ao7/1ao7_141.pdb
"D_G28M, D_S94A",SKEMPI_v2.0,1AO7,5.4e-07,"A, B, C","D, E",PDB/SKEMPI_v2.0/1AO7.pdb,8.546261282665672,1AO7,1ao7_142,PDB/mutant_pdbs/1ao7/1ao7_142.pdb
"D_G28M, D_S94T",SKEMPI_v2.0,1AO7,1.1e-07,"A, B, C","D, E",PDB/SKEMPI_v2.0/1AO7.pdb,9.488483162022417,1AO7,1ao7_143,PDB/mutant_pdbs/1ao7/1ao7_143.pdb
"D_G28M, D_S51M, D_S94T",SKEMPI_v2.0,1AO7,5.8e-08,"A, B, C","D, E",PDB/SKEMPI_v2.0/1AO7.pdb,9.867504879516561,1AO7,1ao7_144,PDB/mutant_pdbs/1ao7/1ao7_144.pdb
"D_G28T, D_S51M, D_S94T",SKEMPI_v2.0,1AO7,1.4e-07,"A, B, C","D, E",PDB/SKEMPI_v2.0/1AO7.pdb,9.345670158656347,1AO7,1ao7_145,PDB/mutant_pdbs/1ao7/1ao7_145.pdb
"D_G28M, D_R27F, D_S51M, D_S94T",SKEMPI_v2.0,1AO7,1e-07,"A, B, C","D, E",PDB/SKEMPI_v2.0/1AO7.pdb,9.544924598991711,1AO7,1ao7_146,PDB/mutant_pdbs/1ao7/1ao7_146.pdb
"D_G28T, D_R27F, D_S51M, D_S94T",SKEMPI_v2.0,1AO7,1.4e-07,"A, B, C","D, E",PDB/SKEMPI_v2.0/1AO7.pdb,9.345670158656347,1AO7,1ao7_147,PDB/mutant_pdbs/1ao7/1ao7_147.pdb
"D_D26W, D_G28M, D_S51M, D_S94T",SKEMPI_v2.0,1AO7,3.4e-07,"A, B, C","D, E",PDB/SKEMPI_v2.0/1AO7.pdb,8.820220857688556,1AO7,1ao7_148,PDB/mutant_pdbs/1ao7/1ao7_148.pdb
"D_D26W, D_G28T, D_S51M, D_S94T",SKEMPI_v2.0,1AO7,2.6e-07,"A, B, C","D, E",PDB/SKEMPI_v2.0/1AO7.pdb,8.979083267995625,1AO7,1ao7_149,PDB/mutant_pdbs/1ao7/1ao7_149.pdb
"E_G98A, E_R99Q",SKEMPI_v2.0,1AO7,1.5e-07,"A, B, C","D, E",PDB/SKEMPI_v2.0/1AO7.pdb,9.304813486101997,1AO7,1ao7_150,PDB/mutant_pdbs/1ao7/1ao7_150.pdb
"E_A96M, E_G97S",SKEMPI_v2.0,1AO7,3.6e-07,"A, B, C","D, E",PDB/SKEMPI_v2.0/1AO7.pdb,8.786372395555384,1AO7,1ao7_151,PDB/mutant_pdbs/1ao7/1ao7_151.pdb
"E_A96M, E_G97S, E_G98A",SKEMPI_v2.0,1AO7,5.3e-09,"A, B, C","D, E",PDB/SKEMPI_v2.0/1AO7.pdb,11.284451832388104,1AO7,1ao7_152,PDB/mutant_pdbs/1ao7/1ao7_152.pdb
"E_A96M, E_G97S, E_G98A, E_R99Q",SKEMPI_v2.0,1AO7,2.8e-09,"A, B, C","D, E",PDB/SKEMPI_v2.0/1AO7.pdb,11.66231881399005,1AO7,1ao7_153,PDB/mutant_pdbs/1ao7/1ao7_153.pdb
"D_G28T, E_A96M, E_G97S, E_G98A",SKEMPI_v2.0,1AO7,3.1e-09,"A, B, C","D, E",PDB/SKEMPI_v2.0/1AO7.pdb,11.602044438920633,1AO7,1ao7_154,PDB/mutant_pdbs/1ao7/1ao7_154.pdb
"D_G28T, E_A96M, E_G97S, E_G98A, E_R99Q",SKEMPI_v2.0,1AO7,2.6e-09,"A, B, C","D, E",PDB/SKEMPI_v2.0/1AO7.pdb,11.706204581993257,1AO7,1ao7_155,PDB/mutant_pdbs/1ao7/1ao7_155.pdb
"D_D26W, E_A96M, E_G97S, E_G98A, E_R99Q",SKEMPI_v2.0,1AO7,2.3e-09,"A, B, C","D, E",PDB/SKEMPI_v2.0/1AO7.pdb,11.778808067254435,1AO7,1ao7_156,PDB/mutant_pdbs/1ao7/1ao7_156.pdb
"D_D26W, D_R27F, D_S51M, E_A96M, E_G97S, E_G98A, E_R99Q",SKEMPI_v2.0,1AO7,4e-09,"A, B, C","D, E",PDB/SKEMPI_v2.0/1AO7.pdb,11.451100595661485,1AO7,1ao7_157,PDB/mutant_pdbs/1ao7/1ao7_157.pdb
"D_D26W, D_R27F, D_S51M, D_S94T, E_A96M, E_G97S, E_G98A, E_R99Q",SKEMPI_v2.0,1AO7,6.2e-09,"A, B, C","D, E",PDB/SKEMPI_v2.0/1AO7.pdb,11.191571780256702,1AO7,1ao7_158,PDB/mutant_pdbs/1ao7/1ao7_158.pdb
D_R27P,SKEMPI_v2.0,1AO7,3.7e-06,"A, B, C","D, E",PDB/SKEMPI_v2.0/1AO7.pdb,7.4065864258162435,1AO7,1ao7_159,PDB/mutant_pdbs/1ao7/1ao7_159.pdb
D_K97P,SKEMPI_v2.0,1AO7,1.4e-06,"A, B, C","D, E",PDB/SKEMPI_v2.0/1AO7.pdb,7.982109501657531,1AO7,1ao7_160,PDB/mutant_pdbs/1ao7/1ao7_160.pdb
E_A50P,SKEMPI_v2.0,1AO7,1.27e-06,"A, B, C","D, E",PDB/SKEMPI_v2.0/1AO7.pdb,8.03982127204727,1AO7,1ao7_161,PDB/mutant_pdbs/1ao7/1ao7_161.pdb
E_G98P,SKEMPI_v2.0,1AO7,4.7e-06,"A, B, C","D, E",PDB/SKEMPI_v2.0/1AO7.pdb,7.264917745258572,1AO7,1ao7_162,PDB/mutant_pdbs/1ao7/1ao7_162.pdb
E_R99P,SKEMPI_v2.0,1AO7,8.3e-08,"A, B, C","D, E",PDB/SKEMPI_v2.0/1AO7.pdb,9.65526652851699,1AO7,1ao7_163,PDB/mutant_pdbs/1ao7/1ao7_163.pdb
"D_K97P, E_A50P, E_R99P",SKEMPI_v2.0,1AO7,1.4e-07,"A, B, C","D, E",PDB/SKEMPI_v2.0/1AO7.pdb,9.345670158656347,1AO7,1ao7_164,PDB/mutant_pdbs/1ao7/1ao7_164.pdb
"D_K97P, E_R99P",SKEMPI_v2.0,1AO7,2.8e-07,"A, B, C","D, E",PDB/SKEMPI_v2.0/1AO7.pdb,8.935197499992418,1AO7,1ao7_165,PDB/mutant_pdbs/1ao7/1ao7_165.pdb
"D_D26W, D_G28T, D_R27F, D_S51M, D_S94T",SKEMPI_v2.0,1AO7,2.14e-08,"A, B, C","D, E",PDB/SKEMPI_v2.0/1AO7.pdb,10.457946034121047,1AO7,1ao7_166,PDB/mutant_pdbs/1ao7/1ao7_166.pdb
"D_D26W, D_G28T, D_R27F, D_S51M, D_S94T, E_R99P",SKEMPI_v2.0,1AO7,7.4e-09,"A, B, C","D, E",PDB/SKEMPI_v2.0/1AO7.pdb,11.086795738148764,1AO7,1ao7_167,PDB/mutant_pdbs/1ao7/1ao7_167.pdb
"D_D26W, D_G28T, D_K97P, D_R27F, D_S51M, D_S94T, E_A50P, E_R99P",SKEMPI_v2.0,1AO7,9e-10,"A, B, C","D, E",PDB/SKEMPI_v2.0/1AO7.pdb,12.334439026880876,1AO7,1ao7_168,PDB/mutant_pdbs/1ao7/1ao7_168.pdb
A_A27K,SKEMPI_v2.0,1B2S,2.3e-13,A,D,PDB/SKEMPI_v2.0/1B2S.pdb,17.2330506952497,1B2S,1b2s_1,PDB/mutant_pdbs/1b2s/1b2s_1.pdb
D_A43T,SKEMPI_v2.0,1B2S,8.8e-11,A,D,PDB/SKEMPI_v2.0/1B2S.pdb,13.711307814025893,1B2S,1b2s_2,PDB/mutant_pdbs/1b2s/1b2s_2.pdb
"A_A27K, D_A43T",SKEMPI_v2.0,1B2S,1e-14,A,D,PDB/SKEMPI_v2.0/1B2S.pdb,19.089849197983423,1B2S,1b2s_3,PDB/mutant_pdbs/1b2s/1b2s_3.pdb
A_A27K,SKEMPI_v2.0,1B2U,2e-11,A,D,PDB/SKEMPI_v2.0/1B2U.pdb,14.588694568323046,1B2U,1b2u_1,PDB/mutant_pdbs/1b2u/1b2u_1.pdb
D_A36D,SKEMPI_v2.0,1B2U,8.8e-11,A,D,PDB/SKEMPI_v2.0/1B2U.pdb,13.711307814025893,1B2U,1b2u_2,PDB/mutant_pdbs/1b2u/1b2u_2.pdb
"A_A27K, D_A36D",SKEMPI_v2.0,1B2U,1e-14,A,D,PDB/SKEMPI_v2.0/1B2U.pdb,19.089849197983423,1B2U,1b2u_3,PDB/mutant_pdbs/1b2u/1b2u_3.pdb
A_A102H,SKEMPI_v2.0,1B3S,8e-15,A,D,PDB/SKEMPI_v2.0/1B3S.pdb,19.22199187899045,1B3S,1b3s_1,PDB/mutant_pdbs/1b3s/1b3s_1.pdb
D_F30Y,SKEMPI_v2.0,1B3S,3.2e-10,A,D,PDB/SKEMPI_v2.0/1B3S.pdb,12.94680393366733,1B3S,1b3s_2,PDB/mutant_pdbs/1b3s/1b3s_2.pdb
"A_A102H, D_F30Y",SKEMPI_v2.0,1B3S,1e-14,A,D,PDB/SKEMPI_v2.0/1B3S.pdb,19.089849197983423,1B3S,1b3s_3,PDB/mutant_pdbs/1b3s/1b3s_3.pdb
B_T8V,SKEMPI_v2.0,1B41,6.4e-10,A,B,PDB/SKEMPI_v2.0/1B41.pdb,12.536331275003402,1B41,1b41_1,PDB/mutant_pdbs/1b41/1b41_1.pdb
B_T9I,SKEMPI_v2.0,1B41,9.8e-11,A,B,PDB/SKEMPI_v2.0/1B41.pdb,13.64757034798136,1B41,1b41_2,PDB/mutant_pdbs/1b41/1b41_2.pdb
B_T9N,SKEMPI_v2.0,1B41,4.17e-08,A,B,PDB/SKEMPI_v2.0/1B41.pdb,10.062892129441858,1B41,1b41_3,PDB/mutant_pdbs/1b41/1b41_3.pdb
"B_T8V, B_T9I",SKEMPI_v2.0,1B41,1.83e-10,A,B,PDB/SKEMPI_v2.0/1B41.pdb,13.27773858964528,1B41,1b41_4,PDB/mutant_pdbs/1b41/1b41_4.pdb
"B_T8V, B_T9N",SKEMPI_v2.0,1B41,5.66e-09,A,B,PDB/SKEMPI_v2.0/1B41.pdb,11.24553504547876,1B41,1b41_5,PDB/mutant_pdbs/1b41/1b41_5.pdb
B_R11K,SKEMPI_v2.0,1B41,2.7e-10,A,B,PDB/SKEMPI_v2.0/1B41.pdb,13.047415912326048,1B41,1b41_6,PDB/mutant_pdbs/1b41/1b41_6.pdb
B_A12S,SKEMPI_v2.0,1B41,3.1e-10,A,B,PDB/SKEMPI_v2.0/1B41.pdb,12.965605095919447,1B41,1b41_7,PDB/mutant_pdbs/1b41/1b41_7.pdb
B_R27F,SKEMPI_v2.0,1B41,3.3e-09,A,B,PDB/SKEMPI_v2.0/1B41.pdb,11.565020704466408,1B41,1b41_8,PDB/mutant_pdbs/1b41/1b41_8.pdb
B_R27M,SKEMPI_v2.0,1B41,1.15e-09,A,B,PDB/SKEMPI_v2.0/1B41.pdb,12.189280725918362,1B41,1b41_9,PDB/mutant_pdbs/1b41/1b41_9.pdb
B_R27Y,SKEMPI_v2.0,1B41,5.37e-09,A,B,PDB/SKEMPI_v2.0/1B41.pdb,11.276681696388616,1B41,1b41_10,PDB/mutant_pdbs/1b41/1b41_10.pdb
B_H29K,SKEMPI_v2.0,1B41,2.1e-11,A,B,PDB/SKEMPI_v2.0/1B41.pdb,14.559801673761896,1B41,1b41_11,PDB/mutant_pdbs/1b41/1b41_11.pdb
B_H29R,SKEMPI_v2.0,1B41,4.71e-11,A,B,PDB/SKEMPI_v2.0/1B41.pdb,14.081462396688359,1B41,1b41_12,PDB/mutant_pdbs/1b41/1b41_12.pdb
B_K32R,SKEMPI_v2.0,1B41,1.82e-10,A,B,PDB/SKEMPI_v2.0/1B41.pdb,13.280983457320636,1B41,1b41_13,PDB/mutant_pdbs/1b41/1b41_13.pdb
B_M33F,SKEMPI_v2.0,1B41,3.5e-10,A,B,PDB/SKEMPI_v2.0/1B41.pdb,12.893736789981837,1B41,1b41_14,PDB/mutant_pdbs/1b41/1b41_14.pdb
B_M33L,SKEMPI_v2.0,1B41,2e-09,A,B,PDB/SKEMPI_v2.0/1B41.pdb,11.861573254325416,1B41,1b41_15,PDB/mutant_pdbs/1b41/1b41_15.pdb
B_M33Q,SKEMPI_v2.0,1B41,1.39e-09,A,B,PDB/SKEMPI_v2.0/1B41.pdb,12.077036557994315,1B41,1b41_16,PDB/mutant_pdbs/1b41/1b41_16.pdb
B_M33Y,SKEMPI_v2.0,1B41,3.1e-10,A,B,PDB/SKEMPI_v2.0/1B41.pdb,12.965605095919447,1B41,1b41_17,PDB/mutant_pdbs/1b41/1b41_17.pdb
B_V34T,SKEMPI_v2.0,1B41,7.3e-10,A,B,PDB/SKEMPI_v2.0/1B41.pdb,12.458413483640214,1B41,1b41_18,PDB/mutant_pdbs/1b41/1b41_18.pdb
B_L35W,SKEMPI_v2.0,1B41,8.5e-10,A,B,PDB/SKEMPI_v2.0/1B41.pdb,12.368287489014044,1B41,1b41_19,PDB/mutant_pdbs/1b41/1b41_19.pdb
B_N47F,SKEMPI_v2.0,1B41,7.4e-11,A,B,PDB/SKEMPI_v2.0/1B41.pdb,13.813917052146394,1B41,1b41_20,PDB/mutant_pdbs/1b41/1b41_20.pdb
B_N47W,SKEMPI_v2.0,1B41,1e-10,A,B,PDB/SKEMPI_v2.0/1B41.pdb,13.635606569988159,1B41,1b41_21,PDB/mutant_pdbs/1b41/1b41_21.pdb
B_N47R,SKEMPI_v2.0,1B41,8.93e-11,A,B,PDB/SKEMPI_v2.0/1B41.pdb,13.702623586996626,1B41,1b41_22,PDB/mutant_pdbs/1b41/1b41_22.pdb
E_E30A,ATLAS,1BD2,0.0001926,"A, C","D, E",PDB/ATLAS/1BD2.pdb,5.068646568601214,1BD2_at,1bd2_at_1,PDB/mutant_pdbs/1bd2_at/1bd2_at_1.pdb
D_E94A,ATLAS,1BD2,1.29e-05,"A, C","D, E",PDB/ATLAS/1BD2.pdb,6.670363383223019,1BD2_at,1bd2_at_2,PDB/mutant_pdbs/1bd2_at/1bd2_at_2.pdb
D_D30N,ATLAS,1BD2,3.629999999999999e-05,"A, C","D, E",PDB/ATLAS/1BD2.pdb,6.057384124387503,1BD2_at,1bd2_at_3,PDB/mutant_pdbs/1bd2_at/1bd2_at_3.pdb
E_Y104A,ATLAS,1BD2,2.49e-06,"A, C","D, E",PDB/ATLAS/1BD2.pdb,7.644968302363841,1BD2_at,1bd2_at_4,PDB/mutant_pdbs/1bd2_at/1bd2_at_4.pdb
C_Y8A,ATLAS,1BD2,0.0001697,"A, C","D, E",PDB/ATLAS/1BD2.pdb,5.1436452848067855,1BD2_at,1bd2_at_5,PDB/mutant_pdbs/1bd2_at/1bd2_at_5.pdb
A_R65A,ATLAS,1BD2,9.46e-05,"A, C","D, E",PDB/ATLAS/1BD2.pdb,5.489878497288375,1BD2_at,1bd2_at_6,PDB/mutant_pdbs/1bd2_at/1bd2_at_6.pdb
C_Y5A,ATLAS,1BD2,0.0004483,"A, C","D, E",PDB/ATLAS/1BD2.pdb,4.568087346352742,1BD2_at,1bd2_at_7,PDB/mutant_pdbs/1bd2_at/1bd2_at_7.pdb
C_Y5F,ATLAS,1BD2,4.42e-06,"A, C","D, E",PDB/ATLAS/1BD2.pdb,7.304966675100041,1BD2_at,1bd2_at_8,PDB/mutant_pdbs/1bd2_at/1bd2_at_8.pdb
"C_Y8A, E_E30A",ATLAS,1BD2,0.001304,"A, C","D, E",PDB/ATLAS/1BD2.pdb,3.9354739293710157,1BD2_at,1bd2_at_9,PDB/mutant_pdbs/1bd2_at/1bd2_at_9.pdb
"A_R65A, D_E94A",ATLAS,1BD2,0.0002678,"A, C","D, E",PDB/ATLAS/1BD2.pdb,4.873348756219193,1BD2_at,1bd2_at_10,PDB/mutant_pdbs/1bd2_at/1bd2_at_10.pdb
"C_Y5A, D_D30N",ATLAS,1BD2,1.72e-05,"A, C","D, E",PDB/ATLAS/1BD2.pdb,6.4999160849928765,1BD2_at,1bd2_at_11,PDB/mutant_pdbs/1bd2_at/1bd2_at_11.pdb
"C_Y5F, D_D30N",ATLAS,1BD2,8.72e-05,"A, C","D, E",PDB/ATLAS/1BD2.pdb,5.538138259892392,1BD2_at,1bd2_at_12,PDB/mutant_pdbs/1bd2_at/1bd2_at_12.pdb
"C_Y5F, E_Y104A",ATLAS,1BD2,7.82e-06,"A, C","D, E",PDB/ATLAS/1BD2.pdb,6.966927433321417,1BD2_at,1bd2_at_13,PDB/mutant_pdbs/1bd2_at/1bd2_at_13.pdb
"C_Y5A, E_Y104A",ATLAS,1BD2,0.0001649,"A, C","D, E",PDB/ATLAS/1BD2.pdb,5.160645421504501,1BD2_at,1bd2_at_14,PDB/mutant_pdbs/1bd2_at/1bd2_at_14.pdb
C_Y5F,ATLAS,1BD2,6.49e-06,"A, C","D, E",PDB/ATLAS/1BD2.pdb,7.077379676742519,1BD2_at,1bd2_at_15,PDB/mutant_pdbs/1bd2_at/1bd2_at_15.pdb
"A_E63Q, A_K66A",ATLAS,1BD2,3.7e-05,"A, C","D, E",PDB/ATLAS/1BD2.pdb,6.046067560311798,1BD2_at,1bd2_at_16,PDB/mutant_pdbs/1bd2_at/1bd2_at_16.pdb
E_E28A,SKEMPI_v2.0,1BD2,0.000194,"A, B, C","D, E",PDB/SKEMPI_v2.0/1BD2.pdb,5.061807512046209,1BD2,1bd2_1,PDB/mutant_pdbs/1bd2/1bd2_1.pdb
C_Y8A,SKEMPI_v2.0,1BD2,0.000171,"A, B, C","D, E",PDB/SKEMPI_v2.0/1BD2.pdb,5.136538298630769,1BD2,1bd2_2,PDB/mutant_pdbs/1bd2/1bd2_2.pdb
"C_Y8A, E_E28A",SKEMPI_v2.0,1BD2,0.00131,"A, B, C","D, E",PDB/SKEMPI_v2.0/1BD2.pdb,3.9307754460449713,1BD2,1bd2_3,PDB/mutant_pdbs/1bd2/1bd2_3.pdb
D_E93A,SKEMPI_v2.0,1BD2,1.29e-05,"A, B, C","D, E",PDB/SKEMPI_v2.0/1BD2.pdb,6.667007506961127,1BD2,1bd2_4,PDB/mutant_pdbs/1bd2/1bd2_4.pdb
A_R65A,SKEMPI_v2.0,1BD2,9.51e-05,"A, B, C","D, E",PDB/SKEMPI_v2.0/1BD2.pdb,5.483994816655458,1BD2,1bd2_5,PDB/mutant_pdbs/1bd2/1bd2_5.pdb
"A_R65A, D_E93A",SKEMPI_v2.0,1BD2,0.000269,"A, B, C","D, E",PDB/SKEMPI_v2.0/1BD2.pdb,4.868249326728441,1BD2,1bd2_6,PDB/mutant_pdbs/1bd2/1bd2_6.pdb
D_D30N,SKEMPI_v2.0,1BD2,3.65e-05,"A, B, C","D, E",PDB/SKEMPI_v2.0/1BD2.pdb,6.051082857310063,1BD2,1bd2_7,PDB/mutant_pdbs/1bd2/1bd2_7.pdb
C_Y5A,SKEMPI_v2.0,1BD2,0.00045,"A, B, C","D, E",PDB/SKEMPI_v2.0/1BD2.pdb,4.563547743551908,1BD2,1bd2_8,PDB/mutant_pdbs/1bd2/1bd2_8.pdb
"C_Y5A, D_D30N",SKEMPI_v2.0,1BD2,1.73e-05,"A, B, C","D, E",PDB/SKEMPI_v2.0/1BD2.pdb,6.493212984215771,1BD2,1bd2_9,PDB/mutant_pdbs/1bd2/1bd2_9.pdb
C_Y5F,SKEMPI_v2.0,1BD2,4.45e-06,"A, B, C","D, E",PDB/SKEMPI_v2.0/1BD2.pdb,7.297285739447977,1BD2,1bd2_10,PDB/mutant_pdbs/1bd2/1bd2_10.pdb
"C_Y5F, D_D30N",SKEMPI_v2.0,1BD2,8.77e-05,"A, B, C","D, E",PDB/SKEMPI_v2.0/1BD2.pdb,5.531966139914265,1BD2,1bd2_11,PDB/mutant_pdbs/1bd2/1bd2_11.pdb
E_Y99A,SKEMPI_v2.0,1BD2,2.51e-06,"A, B, C","D, E",PDB/SKEMPI_v2.0/1BD2.pdb,7.63638457974505,1BD2,1bd2_12,PDB/mutant_pdbs/1bd2/1bd2_12.pdb
"C_Y5F, E_Y99A",SKEMPI_v2.0,1BD2,7.88e-06,"A, B, C","D, E",PDB/SKEMPI_v2.0/1BD2.pdb,6.958896063856175,1BD2,1bd2_13,PDB/mutant_pdbs/1bd2/1bd2_13.pdb
"C_Y5A, E_Y99A",SKEMPI_v2.0,1BD2,0.000166,"A, B, C","D, E",PDB/SKEMPI_v2.0/1BD2.pdb,5.1541118988566135,1BD2,1bd2_14,PDB/mutant_pdbs/1bd2/1bd2_14.pdb
C_Y5F,SKEMPI_v2.0,1BD2,6.49e-06,"A, B, C","D, E",PDB/SKEMPI_v2.0/1BD2.pdb,7.0738190295799805,1BD2,1bd2_15,PDB/mutant_pdbs/1bd2/1bd2_15.pdb
C_Y5W,SKEMPI_v2.0,1BD2,3.5e-05,"A, B, C","D, E",PDB/SKEMPI_v2.0/1BD2.pdb,6.0759335049877565,1BD2,1bd2_16,PDB/mutant_pdbs/1bd2/1bd2_16.pdb
E_Y99A,SKEMPI_v2.0,1BD2,2.99e-06,"A, B, C","D, E",PDB/SKEMPI_v2.0/1BD2.pdb,7.532757423925829,1BD2,1bd2_17,PDB/mutant_pdbs/1bd2/1bd2_17.pdb
"A_E63Q, A_K66A",SKEMPI_v2.0,1BD2,3.7e-05,"A, B, C","D, E",PDB/SKEMPI_v2.0/1BD2.pdb,6.043025768817428,1BD2,1bd2_18,PDB/mutant_pdbs/1bd2/1bd2_18.pdb
H_Y27A,SKEMPI_v2.0,1BJ1,1.5e-07,"H, L","V, W",PDB/SKEMPI_v2.0/1BJ1.pdb,9.304813486101997,1BJ1,1bj1_1,PDB/mutant_pdbs/1bj1/1bj1_1.pdb
H_Y54A,SKEMPI_v2.0,1BJ1,3.2e-08,"H, L","V, W",PDB/SKEMPI_v2.0/1BJ1.pdb,10.2196826196697,1BJ1,1bj1_2,PDB/mutant_pdbs/1bj1/1bj1_2.pdb
H_T59A,SKEMPI_v2.0,1BJ1,1.43e-08,"H, L","V, W",PDB/SKEMPI_v2.0/1BJ1.pdb,10.696675146689074,1BJ1,1bj1_3,PDB/mutant_pdbs/1bj1/1bj1_3.pdb
H_Y99A,SKEMPI_v2.0,1BJ1,6.12e-06,"H, L","V, W",PDB/SKEMPI_v2.0/1BJ1.pdb,7.108580655917342,1BJ1,1bj1_4,PDB/mutant_pdbs/1bj1/1bj1_4.pdb
H_H107A,SKEMPI_v2.0,1BJ1,1.29e-08,"H, L","V, W",PDB/SKEMPI_v2.0/1BJ1.pdb,10.757689477957575,1BJ1,1bj1_5,PDB/mutant_pdbs/1bj1/1bj1_5.pdb
"H_H101Y, H_N31H, H_S105T, H_T28D, L_M4L",SKEMPI_v2.0,1BJ1,1.4e-10,"H, L","V, W",PDB/SKEMPI_v2.0/1BJ1.pdb,13.436352129652795,1BJ1,1bj1_6,PDB/mutant_pdbs/1bj1/1bj1_6.pdb
"H_H101Y, H_S105T, H_Y103R",SKEMPI_v2.0,1BJ1,4e-10,"H, L","V, W",PDB/SKEMPI_v2.0/1BJ1.pdb,12.8146612526603,1BJ1,1bj1_7,PDB/mutant_pdbs/1bj1/1bj1_7.pdb
"H_H101Y, H_S105T",SKEMPI_v2.0,1BJ1,3e-10,"H, L","V, W",PDB/SKEMPI_v2.0/1BJ1.pdb,12.985022798434516,1BJ1,1bj1_8,PDB/mutant_pdbs/1bj1/1bj1_8.pdb
"H_G104A, H_H101Y, H_S105K, H_Y103I",SKEMPI_v2.0,1BJ1,1.4e-09,"H, L","V, W",PDB/SKEMPI_v2.0/1BJ1.pdb,12.072791472653979,1BJ1,1bj1_9,PDB/mutant_pdbs/1bj1/1bj1_9.pdb
"H_H101Y, H_S105T, H_Y103W",SKEMPI_v2.0,1BJ1,5e-10,"H, L","V, W",PDB/SKEMPI_v2.0/1BJ1.pdb,12.682518571653272,1BJ1,1bj1_10,PDB/mutant_pdbs/1bj1/1bj1_10.pdb
"H_G104N, H_H101Y, H_S105T, H_Y103R",SKEMPI_v2.0,1BJ1,8e-10,"H, L","V, W",PDB/SKEMPI_v2.0/1BJ1.pdb,12.404188593996372,1BJ1,1bj1_11,PDB/mutant_pdbs/1bj1/1bj1_11.pdb
H_Y54W,SKEMPI_v2.0,1BJ1,2.3e-09,"H, L","V, W",PDB/SKEMPI_v2.0/1BJ1.pdb,11.778808067254435,1BJ1,1bj1_12,PDB/mutant_pdbs/1bj1/1bj1_12.pdb
"H_N31H, H_T28D",SKEMPI_v2.0,1BJ1,9e-10,"H, L","V, W",PDB/SKEMPI_v2.0/1BJ1.pdb,12.334439026880876,1BJ1,1bj1_13,PDB/mutant_pdbs/1bj1/1bj1_13.pdb
"H_L72V, H_T74V",SKEMPI_v2.0,1BJ1,9e-09,"H, L","V, W",PDB/SKEMPI_v2.0/1BJ1.pdb,10.970878369882058,1BJ1,1bj1_14,PDB/mutant_pdbs/1bj1/1bj1_14.pdb
"H_L72I, H_T74K",SKEMPI_v2.0,1BJ1,3.3e-09,"H, L","V, W",PDB/SKEMPI_v2.0/1BJ1.pdb,11.565020704466408,1BJ1,1bj1_15,PDB/mutant_pdbs/1bj1/1bj1_15.pdb
"H_H101Y, H_N31H, H_S105T, H_T28D, H_Y54W",SKEMPI_v2.0,1BJ1,3.8e-10,"H, L","V, W",PDB/SKEMPI_v2.0/1BJ1.pdb,12.845036468068207,1BJ1,1bj1_16,PDB/mutant_pdbs/1bj1/1bj1_16.pdb
"H_H101Y, H_N31H, H_S105T, H_T28D",SKEMPI_v2.0,1BJ1,1.5e-10,"H, L","V, W",PDB/SKEMPI_v2.0/1BJ1.pdb,13.395495457098447,1BJ1,1bj1_17,PDB/mutant_pdbs/1bj1/1bj1_17.pdb
H_T28D,SKEMPI_v2.0,1BJ1,2e-09,"H, L","V, W",PDB/SKEMPI_v2.0/1BJ1.pdb,11.861573254325416,1BJ1,1bj1_18,PDB/mutant_pdbs/1bj1/1bj1_18.pdb
H_N31H,SKEMPI_v2.0,1BJ1,8e-10,"H, L","V, W",PDB/SKEMPI_v2.0/1BJ1.pdb,12.404188593996372,1BJ1,1bj1_19,PDB/mutant_pdbs/1bj1/1bj1_19.pdb
H_H101Y,SKEMPI_v2.0,1BJ1,2e-10,"H, L","V, W",PDB/SKEMPI_v2.0/1BJ1.pdb,13.22513391132423,1BJ1,1bj1_20,PDB/mutant_pdbs/1bj1/1bj1_20.pdb
H_S105T,SKEMPI_v2.0,1BJ1,1.5e-09,"H, L","V, W",PDB/SKEMPI_v2.0/1BJ1.pdb,12.03193480009963,1BJ1,1bj1_21,PDB/mutant_pdbs/1bj1/1bj1_21.pdb
"H_G104D, H_H101Y, H_S105N, H_Y103R",SKEMPI_v2.0,1BJ1,5.4e-10,"H, L","V, W",PDB/SKEMPI_v2.0/1BJ1.pdb,12.63694325366212,1BJ1,1bj1_22,PDB/mutant_pdbs/1bj1/1bj1_22.pdb
"A_D11A, A_E33R, A_F25A, A_H18Q, A_M14V, A_Q29K, A_R19H",SKEMPI_v2.0,1BP3,1.45e-08,A,B,PDB/SKEMPI_v2.0/1BP3.pdb,10.68845019684442,1BP3,1bp3_1,PDB/mutant_pdbs/1bp3/1bp3_1.pdb
"A_L52F, A_P48A, A_S51A, A_T50A",SKEMPI_v2.0,1BP3,5e-11,A,B,PDB/SKEMPI_v2.0/1BP3.pdb,14.046079228652088,1BP3,1bp3_2,PDB/mutant_pdbs/1bp3/1bp3_2.pdb
"A_E65D, A_K70R, A_L73V, A_N63G, A_N72D, A_R64K, A_S57T, A_S62T, A_T60A, A_T67A",SKEMPI_v2.0,1BP3,1.6e-09,A,B,PDB/SKEMPI_v2.0/1BP3.pdb,11.993715935332444,1BP3,1bp3_3,PDB/mutant_pdbs/1bp3/1bp3_3.pdb
"A_L52F, A_N47D, A_P48S, A_Q46H, A_Q49E",SKEMPI_v2.0,1BP3,5e-11,A,B,PDB/SKEMPI_v2.0/1BP3.pdb,14.046079228652088,1BP3,1bp3_4,PDB/mutant_pdbs/1bp3/1bp3_4.pdb
"A_E56D, A_R64M",SKEMPI_v2.0,1BP3,7e-11,A,B,PDB/SKEMPI_v2.0/1BP3.pdb,13.846824788316724,1BP3,1bp3_5,PDB/mutant_pdbs/1bp3/1bp3_5.pdb
"A_L15V, A_M14V, A_N12R, A_R16L, A_R19Y",SKEMPI_v2.0,1BP3,6.3e-11,A,B,PDB/SKEMPI_v2.0/1BP3.pdb,13.909217902208253,1BP3,1bp3_6,PDB/mutant_pdbs/1bp3/1bp3_6.pdb
"A_D26E, A_E30Q, A_E33K, A_F25S, A_Q22N, A_Q29S",SKEMPI_v2.0,1BP3,5e-10,A,B,PDB/SKEMPI_v2.0/1BP3.pdb,12.682518571653272,1BP3,1bp3_7,PDB/mutant_pdbs/1bp3/1bp3_7.pdb
"A_E56S, A_E66Q, A_E74D, A_F54H, A_I58L, A_K70M, A_L73K, A_N63D, A_N72Q, A_P59A, A_R64K, A_S55T, A_S62E, A_S71N, A_T67A",SKEMPI_v2.0,1BP3,6e-11,A,B,PDB/SKEMPI_v2.0/1BP3.pdb,13.938110796769402,1BP3,1bp3_8,PDB/mutant_pdbs/1bp3/1bp3_8.pdb
"A_E88G, A_F92H, A_Q91Y, A_R94T, A_S95E",SKEMPI_v2.0,1BP3,4.7e-11,A,B,PDB/SKEMPI_v2.0/1BP3.pdb,14.08272103025265,1BP3,1bp3_9,PDB/mutant_pdbs/1bp3/1bp3_9.pdb
"A_A98G, A_F97R, A_G104E, A_L101D, A_N99M, A_S100Q, A_V102A, A_Y103P",SKEMPI_v2.0,1BP3,6.3e-11,A,B,PDB/SKEMPI_v2.0/1BP3.pdb,13.909217902208253,1BP3,1bp3_10,PDB/mutant_pdbs/1bp3/1bp3_10.pdb
"A_D116Q, A_E118K, A_E119R, A_E129S, A_G126L, A_K115E, A_L113I, A_Q122E, A_R120L, A_R127I, A_T123G, A_Y111V",SKEMPI_v2.0,1BP3,1.7e-11,A,B,PDB/SKEMPI_v2.0/1BP3.pdb,14.684936144347747,1BP3,1bp3_11,PDB/mutant_pdbs/1bp3/1bp3_11.pdb
A_F10A,SKEMPI_v2.0,1BP3,3.3e-11,A,B,PDB/SKEMPI_v2.0/1BP3.pdb,14.292142018464038,1BP3,1bp3_12,PDB/mutant_pdbs/1bp3/1bp3_12.pdb
A_N12A,SKEMPI_v2.0,1BP3,2e-11,A,B,PDB/SKEMPI_v2.0/1BP3.pdb,14.588694568323046,1BP3,1bp3_13,PDB/mutant_pdbs/1bp3/1bp3_13.pdb
A_L15A,SKEMPI_v2.0,1BP3,3.3e-11,A,B,PDB/SKEMPI_v2.0/1BP3.pdb,14.292142018464038,1BP3,1bp3_14,PDB/mutant_pdbs/1bp3/1bp3_14.pdb
A_R16A,SKEMPI_v2.0,1BP3,3.3e-11,A,B,PDB/SKEMPI_v2.0/1BP3.pdb,14.292142018464038,1BP3,1bp3_15,PDB/mutant_pdbs/1bp3/1bp3_15.pdb
A_H18A,SKEMPI_v2.0,1BP3,4.5e-09,A,B,PDB/SKEMPI_v2.0/1BP3.pdb,11.381351028545987,1BP3,1bp3_16,PDB/mutant_pdbs/1bp3/1bp3_16.pdb
A_R19A,SKEMPI_v2.0,1BP3,3.3e-11,A,B,PDB/SKEMPI_v2.0/1BP3.pdb,14.292142018464038,1BP3,1bp3_17,PDB/mutant_pdbs/1bp3/1bp3_17.pdb
A_H21A,SKEMPI_v2.0,1BP3,3e-09,A,B,PDB/SKEMPI_v2.0/1BP3.pdb,11.621462141435702,1BP3,1bp3_18,PDB/mutant_pdbs/1bp3/1bp3_18.pdb
A_F25A,SKEMPI_v2.0,1BP3,2.3e-10,A,B,PDB/SKEMPI_v2.0/1BP3.pdb,13.14236872425325,1BP3,1bp3_19,PDB/mutant_pdbs/1bp3/1bp3_19.pdb
A_D26E,SKEMPI_v2.0,1BP3,6.3e-11,A,B,PDB/SKEMPI_v2.0/1BP3.pdb,13.909217902208253,1BP3,1bp3_20,PDB/mutant_pdbs/1bp3/1bp3_20.pdb
A_F54A,SKEMPI_v2.0,1BP3,4.7e-11,A,B,PDB/SKEMPI_v2.0/1BP3.pdb,14.08272103025265,1BP3,1bp3_21,PDB/mutant_pdbs/1bp3/1bp3_21.pdb
A_S55A,SKEMPI_v2.0,1BP3,5e-11,A,B,PDB/SKEMPI_v2.0/1BP3.pdb,14.046079228652088,1BP3,1bp3_22,PDB/mutant_pdbs/1bp3/1bp3_22.pdb
A_E56A,SKEMPI_v2.0,1BP3,2.7e-11,A,B,PDB/SKEMPI_v2.0/1BP3.pdb,14.410976569324864,1BP3,1bp3_23,PDB/mutant_pdbs/1bp3/1bp3_23.pdb
A_S57A,SKEMPI_v2.0,1BP3,3.5e-11,A,B,PDB/SKEMPI_v2.0/1BP3.pdb,14.257297446980653,1BP3,1bp3_24,PDB/mutant_pdbs/1bp3/1bp3_24.pdb
A_I58A,SKEMPI_v2.0,1BP3,6.11e-10,A,B,PDB/SKEMPI_v2.0/1BP3.pdb,12.563791700921676,1BP3,1bp3_25,PDB/mutant_pdbs/1bp3/1bp3_25.pdb
A_P59A,SKEMPI_v2.0,1BP3,4.3e-11,A,B,PDB/SKEMPI_v2.0/1BP3.pdb,14.135394563508848,1BP3,1bp3_26,PDB/mutant_pdbs/1bp3/1bp3_26.pdb
A_S62A,SKEMPI_v2.0,1BP3,3.6e-10,A,B,PDB/SKEMPI_v2.0/1BP3.pdb,12.877054366551832,1BP3,1bp3_27,PDB/mutant_pdbs/1bp3/1bp3_27.pdb
A_N63A,SKEMPI_v2.0,1BP3,1.4e-10,A,B,PDB/SKEMPI_v2.0/1BP3.pdb,13.436352129652795,1BP3,1bp3_28,PDB/mutant_pdbs/1bp3/1bp3_28.pdb
A_R64A,SKEMPI_v2.0,1BP3,6e-11,A,B,PDB/SKEMPI_v2.0/1BP3.pdb,13.938110796769402,1BP3,1bp3_29,PDB/mutant_pdbs/1bp3/1bp3_29.pdb
A_E65A,SKEMPI_v2.0,1BP3,8.3e-11,A,B,PDB/SKEMPI_v2.0/1BP3.pdb,13.745948499513437,1BP3,1bp3_30,PDB/mutant_pdbs/1bp3/1bp3_30.pdb
A_E66A,SKEMPI_v2.0,1BP3,3.7e-11,A,B,PDB/SKEMPI_v2.0/1BP3.pdb,14.224389710810325,1BP3,1bp3_31,PDB/mutant_pdbs/1bp3/1bp3_31.pdb
A_Q68A,SKEMPI_v2.0,1BP3,4e-11,A,B,PDB/SKEMPI_v2.0/1BP3.pdb,14.178221909659118,1BP3,1bp3_32,PDB/mutant_pdbs/1bp3/1bp3_32.pdb
A_Q69A,SKEMPI_v2.0,1BP3,2.3e-11,A,B,PDB/SKEMPI_v2.0/1BP3.pdb,14.505929381252066,1BP3,1bp3_33,PDB/mutant_pdbs/1bp3/1bp3_33.pdb
A_K70A,SKEMPI_v2.0,1BP3,5e-11,A,B,PDB/SKEMPI_v2.0/1BP3.pdb,14.046079228652088,1BP3,1bp3_34,PDB/mutant_pdbs/1bp3/1bp3_34.pdb
A_S71A,SKEMPI_v2.0,1BP3,9.3e-11,A,B,PDB/SKEMPI_v2.0/1BP3.pdb,13.678581981364621,1BP3,1bp3_35,PDB/mutant_pdbs/1bp3/1bp3_35.pdb
A_L73A,SKEMPI_v2.0,1BP3,6e-11,A,B,PDB/SKEMPI_v2.0/1BP3.pdb,13.938110796769402,1BP3,1bp3_36,PDB/mutant_pdbs/1bp3/1bp3_36.pdb
A_Y156A,SKEMPI_v2.0,1BP3,4.7e-11,A,B,PDB/SKEMPI_v2.0/1BP3.pdb,14.08272103025265,1BP3,1bp3_37,PDB/mutant_pdbs/1bp3/1bp3_37.pdb
A_Y160A,SKEMPI_v2.0,1BP3,7e-11,A,B,PDB/SKEMPI_v2.0/1BP3.pdb,13.846824788316724,1BP3,1bp3_38,PDB/mutant_pdbs/1bp3/1bp3_38.pdb
A_R163A,SKEMPI_v2.0,1BP3,2.5e-08,A,B,PDB/SKEMPI_v2.0/1BP3.pdb,10.36586991631957,1BP3,1bp3_39,PDB/mutant_pdbs/1bp3/1bp3_39.pdb
A_K164A,SKEMPI_v2.0,1BP3,6.1e-10,A,B,PDB/SKEMPI_v2.0/1BP3.pdb,12.564761704200105,1BP3,1bp3_40,PDB/mutant_pdbs/1bp3/1bp3_40.pdb
A_D167A,SKEMPI_v2.0,1BP3,3.7e-11,A,B,PDB/SKEMPI_v2.0/1BP3.pdb,14.224389710810325,1BP3,1bp3_41,PDB/mutant_pdbs/1bp3/1bp3_41.pdb
A_K168A,SKEMPI_v2.0,1BP3,7.2e-09,A,B,PDB/SKEMPI_v2.0/1BP3.pdb,11.103021050889087,1BP3,1bp3_42,PDB/mutant_pdbs/1bp3/1bp3_42.pdb
A_E170A,SKEMPI_v2.0,1BP3,1.2e-08,A,B,PDB/SKEMPI_v2.0/1BP3.pdb,10.800516824107843,1BP3,1bp3_43,PDB/mutant_pdbs/1bp3/1bp3_43.pdb
A_T171S,SKEMPI_v2.0,1BP3,7.6e-11,A,B,PDB/SKEMPI_v2.0/1BP3.pdb,13.798124466403092,1BP3,1bp3_44,PDB/mutant_pdbs/1bp3/1bp3_44.pdb
A_F172A,SKEMPI_v2.0,1BP3,8.3e-10,A,B,PDB/SKEMPI_v2.0/1BP3.pdb,12.382387842514621,1BP3,1bp3_45,PDB/mutant_pdbs/1bp3/1bp3_45.pdb
A_R174A,SKEMPI_v2.0,1BP3,2.3e-10,A,B,PDB/SKEMPI_v2.0/1BP3.pdb,13.14236872425325,1BP3,1bp3_46,PDB/mutant_pdbs/1bp3/1bp3_46.pdb
A_I175A,SKEMPI_v2.0,1BP3,6e-11,A,B,PDB/SKEMPI_v2.0/1BP3.pdb,13.938110796769402,1BP3,1bp3_47,PDB/mutant_pdbs/1bp3/1bp3_47.pdb
A_I175M,SKEMPI_v2.0,1BP3,2.5e-11,A,B,PDB/SKEMPI_v2.0/1BP3.pdb,14.456551887316017,1BP3,1bp3_48,PDB/mutant_pdbs/1bp3/1bp3_48.pdb
A_V176A,SKEMPI_v2.0,1BP3,2e-11,A,B,PDB/SKEMPI_v2.0/1BP3.pdb,14.588694568323046,1BP3,1bp3_49,PDB/mutant_pdbs/1bp3/1bp3_49.pdb
A_Q177A,SKEMPI_v2.0,1BP3,3.3e-11,A,B,PDB/SKEMPI_v2.0/1BP3.pdb,14.292142018464038,1BP3,1bp3_50,PDB/mutant_pdbs/1bp3/1bp3_50.pdb
A_R179A,SKEMPI_v2.0,1BP3,8.6e-11,A,B,PDB/SKEMPI_v2.0/1BP3.pdb,13.724921904844921,1BP3,1bp3_51,PDB/mutant_pdbs/1bp3/1bp3_51.pdb
A_S180A,SKEMPI_v2.0,1BP3,2.7e-11,A,B,PDB/SKEMPI_v2.0/1BP3.pdb,14.410976569324864,1BP3,1bp3_52,PDB/mutant_pdbs/1bp3/1bp3_52.pdb
A_V181A,SKEMPI_v2.0,1BP3,5.3e-11,A,B,PDB/SKEMPI_v2.0/1BP3.pdb,14.011573146385734,1BP3,1bp3_53,PDB/mutant_pdbs/1bp3/1bp3_53.pdb
A_E182A,SKEMPI_v2.0,1BP3,3.3e-11,A,B,PDB/SKEMPI_v2.0/1BP3.pdb,14.292142018464038,1BP3,1bp3_54,PDB/mutant_pdbs/1bp3/1bp3_54.pdb
A_G183A,SKEMPI_v2.0,1BP3,3.3e-11,A,B,PDB/SKEMPI_v2.0/1BP3.pdb,14.292142018464038,1BP3,1bp3_55,PDB/mutant_pdbs/1bp3/1bp3_55.pdb
A_S184A,SKEMPI_v2.0,1BP3,2e-11,A,B,PDB/SKEMPI_v2.0/1BP3.pdb,14.588694568323046,1BP3,1bp3_56,PDB/mutant_pdbs/1bp3/1bp3_56.pdb
"A_E170A, A_K164A",SKEMPI_v2.0,1BP3,3.5e-07,A,B,PDB/SKEMPI_v2.0/1BP3.pdb,8.80305481898539,1BP3,1bp3_57,PDB/mutant_pdbs/1bp3/1bp3_57.pdb
"A_D167A, A_R64A",SKEMPI_v2.0,1BP3,7.2e-11,A,B,PDB/SKEMPI_v2.0/1BP3.pdb,13.83014236488672,1BP3,1bp3_58,PDB/mutant_pdbs/1bp3/1bp3_58.pdb
"A_F172A, A_K168A",SKEMPI_v2.0,1BP3,3.2e-07,A,B,PDB/SKEMPI_v2.0/1BP3.pdb,8.856121962670883,1BP3,1bp3_59,PDB/mutant_pdbs/1bp3/1bp3_59.pdb
A_K25A,SKEMPI_v2.0,1BRS,8.8e-11,A,D,PDB/SKEMPI_v2.0/1BRS.pdb,13.711307814025893,1BRS,1brs_1,PDB/mutant_pdbs/1brs/1brs_1.pdb
A_R57A,SKEMPI_v2.0,1BRS,7e-11,A,D,PDB/SKEMPI_v2.0/1BRS.pdb,13.846824788316724,1BRS,1brs_2,PDB/mutant_pdbs/1brs/1brs_2.pdb
A_R81Q,SKEMPI_v2.0,1BRS,9.4e-11,A,D,PDB/SKEMPI_v2.0/1BRS.pdb,13.672248371588722,1BRS,1brs_3,PDB/mutant_pdbs/1brs/1brs_3.pdb
A_R85A,SKEMPI_v2.0,1BRS,1.2e-10,A,D,PDB/SKEMPI_v2.0/1BRS.pdb,13.527638138105475,1BRS,1brs_4,PDB/mutant_pdbs/1brs/1brs_4.pdb
A_H100A,SKEMPI_v2.0,1BRS,3.2e-10,A,D,PDB/SKEMPI_v2.0/1BRS.pdb,12.94680393366733,1BRS,1brs_5,PDB/mutant_pdbs/1brs/1brs_5.pdb
D_Y29F,SKEMPI_v2.0,1BRS,8e-15,A,D,PDB/SKEMPI_v2.0/1BRS.pdb,19.22199187899045,1BRS,1brs_6,PDB/mutant_pdbs/1brs/1brs_6.pdb
D_Y29A,SKEMPI_v2.0,1BRS,3.5e-12,A,D,PDB/SKEMPI_v2.0/1BRS.pdb,15.620858103979467,1BRS,1brs_7,PDB/mutant_pdbs/1brs/1brs_7.pdb
D_D35A,SKEMPI_v2.0,1BRS,2e-11,A,D,PDB/SKEMPI_v2.0/1BRS.pdb,14.588694568323046,1BRS,1brs_8,PDB/mutant_pdbs/1brs/1brs_8.pdb
D_W38F,SKEMPI_v2.0,1BRS,1.6e-13,A,D,PDB/SKEMPI_v2.0/1BRS.pdb,17.447958563327706,1BRS,1brs_9,PDB/mutant_pdbs/1brs/1brs_9.pdb
D_D39A,SKEMPI_v2.0,1BRS,4.06e-09,A,D,PDB/SKEMPI_v2.0/1BRS.pdb,11.442283754843942,1BRS,1brs_10,PDB/mutant_pdbs/1brs/1brs_10.pdb
D_T42A,SKEMPI_v2.0,1BRS,2.3e-13,A,D,PDB/SKEMPI_v2.0/1BRS.pdb,17.2330506952497,1BRS,1brs_11,PDB/mutant_pdbs/1brs/1brs_11.pdb
D_W44F,SKEMPI_v2.0,1BRS,1.1e-14,A,D,PDB/SKEMPI_v2.0/1BRS.pdb,19.033407761014125,1BRS,1brs_12,PDB/mutant_pdbs/1brs/1brs_12.pdb
D_E74A,SKEMPI_v2.0,1BRS,1e-13,A,D,PDB/SKEMPI_v2.0/1BRS.pdb,17.72628854098461,1BRS,1brs_13,PDB/mutant_pdbs/1brs/1brs_13.pdb
D_E78A,SKEMPI_v2.0,1BRS,2.5e-14,A,D,PDB/SKEMPI_v2.0/1BRS.pdb,18.547233858312467,1BRS,1brs_14,PDB/mutant_pdbs/1brs/1brs_14.pdb
"A_K25A, D_Y29A",SKEMPI_v2.0,1BRS,2.1e-08,A,D,PDB/SKEMPI_v2.0/1BRS.pdb,10.469119702765449,1BRS,1brs_15,PDB/mutant_pdbs/1brs/1brs_15.pdb
"A_K25A, D_D35A",SKEMPI_v2.0,1BRS,1e-07,A,D,PDB/SKEMPI_v2.0/1BRS.pdb,9.544924598991711,1BRS,1brs_16,PDB/mutant_pdbs/1brs/1brs_16.pdb
"A_K25A, D_W38F",SKEMPI_v2.0,1BRS,5.6e-11,A,D,PDB/SKEMPI_v2.0/1BRS.pdb,13.978967469323752,1BRS,1brs_17,PDB/mutant_pdbs/1brs/1brs_17.pdb
"A_K25A, D_D39A",SKEMPI_v2.0,1BRS,1.17e-08,A,D,PDB/SKEMPI_v2.0/1BRS.pdb,10.8155096975499,1BRS,1brs_18,PDB/mutant_pdbs/1brs/1brs_18.pdb
"A_K25A, D_T42A",SKEMPI_v2.0,1BRS,1.57e-10,A,D,PDB/SKEMPI_v2.0/1BRS.pdb,13.368485511243184,1BRS,1brs_19,PDB/mutant_pdbs/1brs/1brs_19.pdb
"A_K25A, D_E74A",SKEMPI_v2.0,1BRS,8.1e-10,A,D,PDB/SKEMPI_v2.0/1BRS.pdb,12.396832140772405,1BRS,1brs_20,PDB/mutant_pdbs/1brs/1brs_20.pdb
"A_K25A, D_E78A",SKEMPI_v2.0,1BRS,1.1e-10,A,D,PDB/SKEMPI_v2.0/1BRS.pdb,13.579165133018865,1BRS,1brs_21,PDB/mutant_pdbs/1brs/1brs_21.pdb
"A_R57A, D_Y29A",SKEMPI_v2.0,1BRS,9e-09,A,D,PDB/SKEMPI_v2.0/1BRS.pdb,10.970878369882058,1BRS,1brs_22,PDB/mutant_pdbs/1brs/1brs_22.pdb
"A_R57A, D_D35A",SKEMPI_v2.0,1BRS,4.4e-10,A,D,PDB/SKEMPI_v2.0/1BRS.pdb,12.758219815691007,1BRS,1brs_23,PDB/mutant_pdbs/1brs/1brs_23.pdb
"A_R57A, D_W38F",SKEMPI_v2.0,1BRS,4e-10,A,D,PDB/SKEMPI_v2.0/1BRS.pdb,12.8146612526603,1BRS,1brs_24,PDB/mutant_pdbs/1brs/1brs_24.pdb
"A_R57A, D_T42A",SKEMPI_v2.0,1BRS,1e-09,A,D,PDB/SKEMPI_v2.0/1BRS.pdb,12.272045912989343,1BRS,1brs_25,PDB/mutant_pdbs/1brs/1brs_25.pdb
"A_R57A, D_E74A",SKEMPI_v2.0,1BRS,4.4e-11,A,D,PDB/SKEMPI_v2.0/1BRS.pdb,14.121780472689823,1BRS,1brs_26,PDB/mutant_pdbs/1brs/1brs_26.pdb
"A_R57A, D_E78A",SKEMPI_v2.0,1BRS,6.5e-11,A,D,PDB/SKEMPI_v2.0/1BRS.pdb,13.890710556319931,1BRS,1brs_27,PDB/mutant_pdbs/1brs/1brs_27.pdb
"A_R81Q, D_Y29A",SKEMPI_v2.0,1BRS,1.2e-08,A,D,PDB/SKEMPI_v2.0/1BRS.pdb,10.800516824107843,1BRS,1brs_28,PDB/mutant_pdbs/1brs/1brs_28.pdb
"A_R81Q, D_D35A",SKEMPI_v2.0,1BRS,1.1e-07,A,D,PDB/SKEMPI_v2.0/1BRS.pdb,9.488483162022417,1BRS,1brs_29,PDB/mutant_pdbs/1brs/1brs_29.pdb
"A_R81Q, D_W38F",SKEMPI_v2.0,1BRS,9e-10,A,D,PDB/SKEMPI_v2.0/1BRS.pdb,12.334439026880876,1BRS,1brs_30,PDB/mutant_pdbs/1brs/1brs_30.pdb
"A_R81Q, D_D39A",SKEMPI_v2.0,1BRS,5.25e-10,A,D,PDB/SKEMPI_v2.0/1BRS.pdb,12.653625677092124,1BRS,1brs_31,PDB/mutant_pdbs/1brs/1brs_31.pdb
"A_R81Q, D_T42A",SKEMPI_v2.0,1BRS,3e-10,A,D,PDB/SKEMPI_v2.0/1BRS.pdb,12.985022798434516,1BRS,1brs_32,PDB/mutant_pdbs/1brs/1brs_32.pdb
"A_R81Q, D_E74A",SKEMPI_v2.0,1BRS,8.45e-10,A,D,PDB/SKEMPI_v2.0/1BRS.pdb,12.371781226988956,1BRS,1brs_33,PDB/mutant_pdbs/1brs/1brs_33.pdb
"A_R81Q, D_E78A",SKEMPI_v2.0,1BRS,1.68e-10,A,D,PDB/SKEMPI_v2.0/1BRS.pdb,13.32838369777011,1BRS,1brs_34,PDB/mutant_pdbs/1brs/1brs_34.pdb
"A_R85A, D_Y29A",SKEMPI_v2.0,1BRS,8e-09,A,D,PDB/SKEMPI_v2.0/1BRS.pdb,11.040627936997558,1BRS,1brs_35,PDB/mutant_pdbs/1brs/1brs_35.pdb
"A_R85A, D_W38F",SKEMPI_v2.0,1BRS,1.45e-09,A,D,PDB/SKEMPI_v2.0/1BRS.pdb,12.052010853843235,1BRS,1brs_36,PDB/mutant_pdbs/1brs/1brs_36.pdb
"A_R85A, D_D39A",SKEMPI_v2.0,1BRS,1.85e-09,A,D,PDB/SKEMPI_v2.0/1BRS.pdb,11.90774105547662,1BRS,1brs_37,PDB/mutant_pdbs/1brs/1brs_37.pdb
"A_R85A, D_T42A",SKEMPI_v2.0,1BRS,1.4e-09,A,D,PDB/SKEMPI_v2.0/1BRS.pdb,12.072791472653979,1BRS,1brs_38,PDB/mutant_pdbs/1brs/1brs_38.pdb
"A_R85A, D_E74A",SKEMPI_v2.0,1BRS,1.08e-09,A,D,PDB/SKEMPI_v2.0/1BRS.pdb,12.226470594998192,1BRS,1brs_39,PDB/mutant_pdbs/1brs/1brs_39.pdb
"A_R85A, D_E78A",SKEMPI_v2.0,1BRS,3.1e-10,A,D,PDB/SKEMPI_v2.0/1BRS.pdb,12.965605095919447,1BRS,1brs_40,PDB/mutant_pdbs/1brs/1brs_40.pdb
"A_H100A, D_Y29A",SKEMPI_v2.0,1BRS,4.2e-10,A,D,PDB/SKEMPI_v2.0/1BRS.pdb,12.785768358099153,1BRS,1brs_41,PDB/mutant_pdbs/1brs/1brs_41.pdb
"A_H100A, D_Y29F",SKEMPI_v2.0,1BRS,1.17e-10,A,D,PDB/SKEMPI_v2.0/1BRS.pdb,13.542631011547533,1BRS,1brs_42,PDB/mutant_pdbs/1brs/1brs_42.pdb
"A_H100A, D_W38F",SKEMPI_v2.0,1BRS,4e-09,A,D,PDB/SKEMPI_v2.0/1BRS.pdb,11.451100595661485,1BRS,1brs_43,PDB/mutant_pdbs/1brs/1brs_43.pdb
"A_H100A, D_D39A",SKEMPI_v2.0,1BRS,3.9e-08,A,D,PDB/SKEMPI_v2.0/1BRS.pdb,10.102532812104727,1BRS,1brs_44,PDB/mutant_pdbs/1brs/1brs_44.pdb
"A_H100A, D_T42A",SKEMPI_v2.0,1BRS,9.2e-09,A,D,PDB/SKEMPI_v2.0/1BRS.pdb,10.957862749926576,1BRS,1brs_45,PDB/mutant_pdbs/1brs/1brs_45.pdb
"A_H100A, D_E74A",SKEMPI_v2.0,1BRS,3.5e-09,A,D,PDB/SKEMPI_v2.0/1BRS.pdb,11.53017613298302,1BRS,1brs_46,PDB/mutant_pdbs/1brs/1brs_46.pdb
"A_H100A, D_E78A",SKEMPI_v2.0,1BRS,8.8e-10,A,D,PDB/SKEMPI_v2.0/1BRS.pdb,12.34774715702708,1BRS,1brs_47,PDB/mutant_pdbs/1brs/1brs_47.pdb
"A_R57A, D_D39A",SKEMPI_v2.0,1BRS,2.13e-06,A,D,PDB/SKEMPI_v2.0/1BRS.pdb,7.73359843418296,1BRS,1brs_48,PDB/mutant_pdbs/1brs/1brs_48.pdb
A_E71Q,SKEMPI_v2.0,1BRS,1.16e-13,A,D,PDB/SKEMPI_v2.0/1BRS.pdb,17.638396162845527,1BRS,1brs_49,PDB/mutant_pdbs/1brs/1brs_49.pdb
"A_E71Q, D_D39A",SKEMPI_v2.0,1BRS,1.92e-09,A,D,PDB/SKEMPI_v2.0/1BRS.pdb,11.885747503449759,1BRS,1brs_50,PDB/mutant_pdbs/1brs/1brs_50.pdb
"A_E71Q, D_E74A",SKEMPI_v2.0,1BRS,3.85e-12,A,D,PDB/SKEMPI_v2.0/1BRS.pdb,15.564416667010175,1BRS,1brs_51,PDB/mutant_pdbs/1brs/1brs_51.pdb
A_E71W,SKEMPI_v2.0,1BRS,1.64e-13,A,D,PDB/SKEMPI_v2.0/1BRS.pdb,17.433335922388537,1BRS,1brs_52,PDB/mutant_pdbs/1brs/1brs_52.pdb
"A_E71W, D_D39A",SKEMPI_v2.0,1BRS,7.69e-10,A,D,PDB/SKEMPI_v2.0/1BRS.pdb,12.427592268035964,1BRS,1brs_53,PDB/mutant_pdbs/1brs/1brs_53.pdb
"A_E71W, D_D35A",SKEMPI_v2.0,1BRS,1.54e-10,A,D,PDB/SKEMPI_v2.0/1BRS.pdb,13.3799106926835,1BRS,1brs_54,PDB/mutant_pdbs/1brs/1brs_54.pdb
"A_E71W, D_E74A",SKEMPI_v2.0,1BRS,4e-12,A,D,PDB/SKEMPI_v2.0/1BRS.pdb,15.541782566657933,1BRS,1brs_55,PDB/mutant_pdbs/1brs/1brs_55.pdb
A_E71Y,SKEMPI_v2.0,1BRS,5.88e-13,A,D,PDB/SKEMPI_v2.0/1BRS.pdb,16.677195888760235,1BRS,1brs_56,PDB/mutant_pdbs/1brs/1brs_56.pdb
A_E71F,SKEMPI_v2.0,1BRS,4.35e-13,A,D,PDB/SKEMPI_v2.0/1BRS.pdb,16.855669710284857,1BRS,1brs_57,PDB/mutant_pdbs/1brs/1brs_57.pdb
"A_E71F, D_D39A",SKEMPI_v2.0,1BRS,3e-09,A,D,PDB/SKEMPI_v2.0/1BRS.pdb,11.621462141435702,1BRS,1brs_58,PDB/mutant_pdbs/1brs/1brs_58.pdb
"A_E71F, D_D35A",SKEMPI_v2.0,1BRS,5e-10,A,D,PDB/SKEMPI_v2.0/1BRS.pdb,12.682518571653272,1BRS,1brs_59,PDB/mutant_pdbs/1brs/1brs_59.pdb
A_E71C,SKEMPI_v2.0,1BRS,7.14e-13,A,D,PDB/SKEMPI_v2.0/1BRS.pdb,16.562219246456372,1BRS,1brs_60,PDB/mutant_pdbs/1brs/1brs_60.pdb
A_E71S,SKEMPI_v2.0,1BRS,1.61e-12,A,D,PDB/SKEMPI_v2.0/1BRS.pdb,16.080708256579445,1BRS,1brs_61,PDB/mutant_pdbs/1brs/1brs_61.pdb
A_E71A,SKEMPI_v2.0,1BRS,5.26e-13,A,D,PDB/SKEMPI_v2.0/1BRS.pdb,16.743180745999556,1BRS,1brs_62,PDB/mutant_pdbs/1brs/1brs_62.pdb
"A_E71A, D_D39A",SKEMPI_v2.0,1BRS,1.85e-09,A,D,PDB/SKEMPI_v2.0/1BRS.pdb,11.90774105547662,1BRS,1brs_63,PDB/mutant_pdbs/1brs/1brs_63.pdb
"A_E71A, D_D35A",SKEMPI_v2.0,1BRS,5.26e-10,A,D,PDB/SKEMPI_v2.0/1BRS.pdb,12.652498775003107,1BRS,1brs_64,PDB/mutant_pdbs/1brs/1brs_64.pdb
A_R57K,SKEMPI_v2.0,1BRS,4e-12,A,D,PDB/SKEMPI_v2.0/1BRS.pdb,15.541782566657933,1BRS,1brs_65,PDB/mutant_pdbs/1brs/1brs_65.pdb
A_R57A,SKEMPI_v2.0,1BRS,1.5e-10,A,D,PDB/SKEMPI_v2.0/1BRS.pdb,13.395495457098447,1BRS,1brs_66,PDB/mutant_pdbs/1brs/1brs_66.pdb
A_H100Q,SKEMPI_v2.0,1BRS,1.3e-10,A,D,PDB/SKEMPI_v2.0/1BRS.pdb,13.480237897656,1BRS,1brs_67,PDB/mutant_pdbs/1brs/1brs_67.pdb
A_H100D,SKEMPI_v2.0,1BRS,1.3e-10,A,D,PDB/SKEMPI_v2.0/1BRS.pdb,13.480237897656,1BRS,1brs_68,PDB/mutant_pdbs/1brs/1brs_68.pdb
A_H100G,SKEMPI_v2.0,1BRS,6e-09,A,D,PDB/SKEMPI_v2.0/1BRS.pdb,11.210989482771772,1BRS,1brs_69,PDB/mutant_pdbs/1brs/1brs_69.pdb
A_H100A,SKEMPI_v2.0,1BRS,7e-09,A,D,PDB/SKEMPI_v2.0/1BRS.pdb,11.119703474319092,1BRS,1brs_70,PDB/mutant_pdbs/1brs/1brs_70.pdb
A_H100L,SKEMPI_v2.0,1BRS,2.5e-08,A,D,PDB/SKEMPI_v2.0/1BRS.pdb,10.36586991631957,1BRS,1brs_71,PDB/mutant_pdbs/1brs/1brs_71.pdb
"A_H100Q, A_R57K",SKEMPI_v2.0,1BRS,7e-09,A,D,PDB/SKEMPI_v2.0/1BRS.pdb,11.119703474319092,1BRS,1brs_72,PDB/mutant_pdbs/1brs/1brs_72.pdb
"A_H100Q, A_R57A",SKEMPI_v2.0,1BRS,4e-07,A,D,PDB/SKEMPI_v2.0/1BRS.pdb,8.723979281663853,1BRS,1brs_73,PDB/mutant_pdbs/1brs/1brs_73.pdb
D_D35A,SKEMPI_v2.0,1BRS,1.27e-07,A,D,PDB/SKEMPI_v2.0/1BRS.pdb,9.403381929046084,1BRS,1brs_74,PDB/mutant_pdbs/1brs/1brs_74.pdb
D_D39A,SKEMPI_v2.0,1BRS,2.96e-06,A,D,PDB/SKEMPI_v2.0/1BRS.pdb,7.538729106823273,1BRS,1brs_75,PDB/mutant_pdbs/1brs/1brs_75.pdb
D_E74A,SKEMPI_v2.0,1BRS,5.3e-10,A,D,PDB/SKEMPI_v2.0/1BRS.pdb,12.648012489386918,1BRS,1brs_76,PDB/mutant_pdbs/1brs/1brs_76.pdb
D_E78A,SKEMPI_v2.0,1BRS,2.64e-10,A,D,PDB/SKEMPI_v2.0/1BRS.pdb,13.060724042472252,1BRS,1brs_77,PDB/mutant_pdbs/1brs/1brs_77.pdb
A_K25A,SKEMPI_v2.0,1BRS,1.2e-10,A,D,PDB/SKEMPI_v2.0/1BRS.pdb,13.527638138105475,1BRS,1brs_78,PDB/mutant_pdbs/1brs/1brs_78.pdb
A_W33F,SKEMPI_v2.0,1BRS,1.4e-13,A,D,PDB/SKEMPI_v2.0/1BRS.pdb,17.527034100649242,1BRS,1brs_79,PDB/mutant_pdbs/1brs/1brs_79.pdb
A_D52A,SKEMPI_v2.0,1BRS,2.9e-15,A,D,PDB/SKEMPI_v2.0/1BRS.pdb,19.822902137172203,1BRS,1brs_80,PDB/mutant_pdbs/1brs/1brs_80.pdb
A_N56A,SKEMPI_v2.0,1BRS,2.3e-12,A,D,PDB/SKEMPI_v2.0/1BRS.pdb,15.869490038250882,1BRS,1brs_81,PDB/mutant_pdbs/1brs/1brs_81.pdb
A_R57A,SKEMPI_v2.0,1BRS,8.2e-11,A,D,PDB/SKEMPI_v2.0/1BRS.pdb,13.753126610056015,1BRS,1brs_82,PDB/mutant_pdbs/1brs/1brs_82.pdb
A_E58A,SKEMPI_v2.0,1BRS,7.5e-15,A,D,PDB/SKEMPI_v2.0/1BRS.pdb,19.26021074375764,1BRS,1brs_83,PDB/mutant_pdbs/1brs/1brs_83.pdb
A_E71A,SKEMPI_v2.0,1BRS,3.2e-13,A,D,PDB/SKEMPI_v2.0/1BRS.pdb,17.03748590466378,1BRS,1brs_84,PDB/mutant_pdbs/1brs/1brs_84.pdb
A_R85A,SKEMPI_v2.0,1BRS,3e-10,A,D,PDB/SKEMPI_v2.0/1BRS.pdb,12.985022798434516,1BRS,1brs_85,PDB/mutant_pdbs/1brs/1brs_85.pdb
A_H100A,SKEMPI_v2.0,1BRS,5e-10,A,D,PDB/SKEMPI_v2.0/1BRS.pdb,12.682518571653272,1BRS,1brs_86,PDB/mutant_pdbs/1brs/1brs_86.pdb
A_K31E,SKEMPI_v2.0,1C1Y,6e-08,A,B,PDB/SKEMPI_v2.0/1C1Y.pdb,9.847428825772955,1C1Y,1c1y_1,PDB/mutant_pdbs/1c1y/1c1y_1.pdb
"A_E30D, A_K31E",SKEMPI_v2.0,1C1Y,4e-08,A,B,PDB/SKEMPI_v2.0/1C1Y.pdb,10.08753993866267,1C1Y,1c1y_2,PDB/mutant_pdbs/1c1y/1c1y_2.pdb
B_K11M,SKEMPI_v2.0,1C1Y,4e-06,A,B,PDB/SKEMPI_v2.0/1C1Y.pdb,7.360418624665037,1C1Y,1c1y_3,PDB/mutant_pdbs/1c1y/1c1y_3.pdb
B_N10A,SKEMPI_v2.0,1C1Y,2.8e-06,A,B,PDB/SKEMPI_v2.0/1C1Y.pdb,7.571636842993602,1C1Y,1c1y_4,PDB/mutant_pdbs/1c1y/1c1y_4.pdb
B_N10D,SKEMPI_v2.0,1C1Y,1.45e-05,A,B,PDB/SKEMPI_v2.0/1C1Y.pdb,6.597768225847972,1C1Y,1c1y_5,PDB/mutant_pdbs/1c1y/1c1y_5.pdb
B_V15A,SKEMPI_v2.0,1C1Y,8e-06,A,B,PDB/SKEMPI_v2.0/1C1Y.pdb,6.949945966001108,1C1Y,1c1y_6,PDB/mutant_pdbs/1c1y/1c1y_6.pdb
B_K11A,SKEMPI_v2.0,1C1Y,7.8e-06,A,B,PDB/SKEMPI_v2.0/1C1Y.pdb,6.964938839443167,1C1Y,1c1y_7,PDB/mutant_pdbs/1c1y/1c1y_7.pdb
B_K11E,SKEMPI_v2.0,1C1Y,5.4e-06,A,B,PDB/SKEMPI_v2.0/1C1Y.pdb,7.182700625666856,1C1Y,1c1y_8,PDB/mutant_pdbs/1c1y/1c1y_8.pdb
B_T14A,SKEMPI_v2.0,1C1Y,1.4e-05,A,B,PDB/SKEMPI_v2.0/1C1Y.pdb,6.618548844658714,1C1Y,1c1y_9,PDB/mutant_pdbs/1c1y/1c1y_9.pdb
B_R13A,SKEMPI_v2.0,1C1Y,1.4e-05,A,B,PDB/SKEMPI_v2.0/1C1Y.pdb,6.618548844658714,1C1Y,1c1y_10,PDB/mutant_pdbs/1c1y/1c1y_10.pdb
B_R5A,SKEMPI_v2.0,1C1Y,3e-05,A,B,PDB/SKEMPI_v2.0/1C1Y.pdb,6.167219513440438,1C1Y,1c1y_11,PDB/mutant_pdbs/1c1y/1c1y_11.pdb
B_Q12A,SKEMPI_v2.0,1C1Y,1.73e-05,A,B,PDB/SKEMPI_v2.0/1C1Y.pdb,6.493212984215771,1C1Y,1c1y_12,PDB/mutant_pdbs/1c1y/1c1y_12.pdb
"B_N10D, B_R5A",SKEMPI_v2.0,1C1Y,0.000125,A,B,PDB/SKEMPI_v2.0/1C1Y.pdb,5.322099946988234,1C1Y,1c1y_13,PDB/mutant_pdbs/1c1y/1c1y_13.pdb
B_K30A,SKEMPI_v2.0,1C1Y,1.1e-05,A,B,PDB/SKEMPI_v2.0/1C1Y.pdb,6.761361848024785,1C1Y,1c1y_14,PDB/mutant_pdbs/1c1y/1c1y_14.pdb
B_K30E,SKEMPI_v2.0,1C1Y,5.2e-05,A,B,PDB/SKEMPI_v2.0/1C1Y.pdb,5.841489295334064,1C1Y,1c1y_15,PDB/mutant_pdbs/1c1y/1c1y_15.pdb
"B_K30A, B_R35G",SKEMPI_v2.0,1C1Y,0.0001,A,B,PDB/SKEMPI_v2.0/1C1Y.pdb,5.454242627995263,1C1Y,1c1y_16,PDB/mutant_pdbs/1c1y/1c1y_16.pdb
B_R35L,SKEMPI_v2.0,1C1Y,0.0001,A,B,PDB/SKEMPI_v2.0/1C1Y.pdb,5.454242627995263,1C1Y,1c1y_17,PDB/mutant_pdbs/1c1y/1c1y_17.pdb
A_D38A,SKEMPI_v2.0,1C1Y,0.0001,A,B,PDB/SKEMPI_v2.0/1C1Y.pdb,5.454242627995263,1C1Y,1c1y_18,PDB/mutant_pdbs/1c1y/1c1y_18.pdb
D_S1A,SKEMPI_v2.0,1C4Z,1.3e-05,"A, B, C",D,PDB/SKEMPI_v2.0/1C4Z.pdb,6.662434612661921,1C4Z,1c4z_1,PDB/mutant_pdbs/1c4z/1c4z_1.pdb
D_R2A,SKEMPI_v2.0,1C4Z,1.2e-05,"A, B, C",D,PDB/SKEMPI_v2.0/1C4Z.pdb,6.709834853111396,1C4Z,1c4z_2,PDB/mutant_pdbs/1c4z/1c4z_2.pdb
D_R2E,SKEMPI_v2.0,1C4Z,4.4e-05,"A, B, C",D,PDB/SKEMPI_v2.0/1C4Z.pdb,5.940416530696927,1C4Z,1c4z_3,PDB/mutant_pdbs/1c4z/1c4z_3.pdb
D_R3A,SKEMPI_v2.0,1C4Z,1.1e-05,"A, B, C",D,PDB/SKEMPI_v2.0/1C4Z.pdb,6.761361848024785,1C4Z,1c4z_4,PDB/mutant_pdbs/1c4z/1c4z_4.pdb
D_R3E,SKEMPI_v2.0,1C4Z,3.7e-05,"A, B, C",D,PDB/SKEMPI_v2.0/1C4Z.pdb,6.043025768817428,1C4Z,1c4z_5,PDB/mutant_pdbs/1c4z/1c4z_5.pdb
D_K6A,SKEMPI_v2.0,1C4Z,1.4e-05,"A, B, C",D,PDB/SKEMPI_v2.0/1C4Z.pdb,6.618548844658714,1C4Z,1c4z_6,PDB/mutant_pdbs/1c4z/1c4z_6.pdb
D_K6E,SKEMPI_v2.0,1C4Z,6.9e-05,"A, B, C",D,PDB/SKEMPI_v2.0/1C4Z.pdb,5.673981667705529,1C4Z,1c4z_7,PDB/mutant_pdbs/1c4z/1c4z_7.pdb
D_N28A,SKEMPI_v2.0,1C4Z,3.7e-06,"A, B, C",D,PDB/SKEMPI_v2.0/1C4Z.pdb,7.4065864258162435,1C4Z,1c4z_8,PDB/mutant_pdbs/1c4z/1c4z_8.pdb
D_L30A,SKEMPI_v2.0,1C4Z,2.8e-06,"A, B, C",D,PDB/SKEMPI_v2.0/1C4Z.pdb,7.571636842993602,1C4Z,1c4z_9,PDB/mutant_pdbs/1c4z/1c4z_9.pdb
D_R49A,SKEMPI_v2.0,1C4Z,4.9e-06,"A, B, C",D,PDB/SKEMPI_v2.0/1C4Z.pdb,7.240239721651208,1C4Z,1c4z_10,PDB/mutant_pdbs/1c4z/1c4z_10.pdb
D_A56G,SKEMPI_v2.0,1C4Z,1.3e-05,"A, B, C",D,PDB/SKEMPI_v2.0/1C4Z.pdb,6.662434612661921,1C4Z,1c4z_11,PDB/mutant_pdbs/1c4z/1c4z_11.pdb
D_E57A,SKEMPI_v2.0,1C4Z,5.8e-06,"A, B, C",D,PDB/SKEMPI_v2.0/1C4Z.pdb,7.1403835655189285,1C4Z,1c4z_12,PDB/mutant_pdbs/1c4z/1c4z_12.pdb
D_E57R,SKEMPI_v2.0,1C4Z,5.6e-06,"A, B, C",D,PDB/SKEMPI_v2.0/1C4Z.pdb,7.161164184329674,1C4Z,1c4z_13,PDB/mutant_pdbs/1c4z/1c4z_13.pdb
D_P59A,SKEMPI_v2.0,1C4Z,5.4e-05,"A, B, C",D,PDB/SKEMPI_v2.0/1C4Z.pdb,5.819139968668039,1C4Z,1c4z_14,PDB/mutant_pdbs/1c4z/1c4z_14.pdb
D_F60A,SKEMPI_v2.0,1C4Z,0.00081,"A, B, C",D,PDB/SKEMPI_v2.0/1C4Z.pdb,4.215468198779511,1C4Z,1c4z_15,PDB/mutant_pdbs/1c4z/1c4z_15.pdb
D_K61A,SKEMPI_v2.0,1C4Z,8.2e-06,"A, B, C",D,PDB/SKEMPI_v2.0/1C4Z.pdb,6.935323325061936,1C4Z,1c4z_16,PDB/mutant_pdbs/1c4z/1c4z_16.pdb
D_K61E,SKEMPI_v2.0,1C4Z,1.7e-05,"A, B, C",D,PDB/SKEMPI_v2.0/1C4Z.pdb,6.503572202354852,1C4Z,1c4z_17,PDB/mutant_pdbs/1c4z/1c4z_17.pdb
D_E90A,SKEMPI_v2.0,1C4Z,2.4e-06,"A, B, C",D,PDB/SKEMPI_v2.0/1C4Z.pdb,7.6629228514462815,1C4Z,1c4z_18,PDB/mutant_pdbs/1c4z/1c4z_18.pdb
D_E90R,SKEMPI_v2.0,1C4Z,9.2e-07,"A, B, C",D,PDB/SKEMPI_v2.0/1C4Z.pdb,8.230741435928945,1C4Z,1c4z_19,PDB/mutant_pdbs/1c4z/1c4z_19.pdb
D_W92A,SKEMPI_v2.0,1C4Z,2e-05,"A, B, C",D,PDB/SKEMPI_v2.0/1C4Z.pdb,6.40733062633015,1C4Z,1c4z_20,PDB/mutant_pdbs/1c4z/1c4z_20.pdb
D_K93A,SKEMPI_v2.0,1C4Z,3.4e-05,"A, B, C",D,PDB/SKEMPI_v2.0/1C4Z.pdb,6.093099543690923,1C4Z,1c4z_21,PDB/mutant_pdbs/1c4z/1c4z_21.pdb
D_K93E,SKEMPI_v2.0,1C4Z,3.6e-05,"A, B, C",D,PDB/SKEMPI_v2.0/1C4Z.pdb,6.059251081557753,1C4Z,1c4z_22,PDB/mutant_pdbs/1c4z/1c4z_22.pdb
D_P94A,SKEMPI_v2.0,1C4Z,2.1e-05,"A, B, C",D,PDB/SKEMPI_v2.0/1C4Z.pdb,6.378437731769002,1C4Z,1c4z_23,PDB/mutant_pdbs/1c4z/1c4z_23.pdb
D_A95G,SKEMPI_v2.0,1C4Z,1e-05,"A, B, C",D,PDB/SKEMPI_v2.0/1C4Z.pdb,6.8178032849940795,1C4Z,1c4z_24,PDB/mutant_pdbs/1c4z/1c4z_24.pdb
D_K97A,SKEMPI_v2.0,1C4Z,4.5e-05,"A, B, C",D,PDB/SKEMPI_v2.0/1C4Z.pdb,5.927108400550724,1C4Z,1c4z_25,PDB/mutant_pdbs/1c4z/1c4z_25.pdb
D_K97E,SKEMPI_v2.0,1C4Z,5.5e-05,"A, B, C",D,PDB/SKEMPI_v2.0/1C4Z.pdb,5.808273849689898,1C4Z,1c4z_26,PDB/mutant_pdbs/1c4z/1c4z_26.pdb
A_V138A,SKEMPI_v2.0,1C4Z,1.3e-05,"A, B, C",D,PDB/SKEMPI_v2.0/1C4Z.pdb,6.662434612661921,1C4Z,1c4z_27,PDB/mutant_pdbs/1c4z/1c4z_27.pdb
A_L139A,SKEMPI_v2.0,1C4Z,3.9e-05,"A, B, C",D,PDB/SKEMPI_v2.0/1C4Z.pdb,6.01185084110828,1C4Z,1c4z_28,PDB/mutant_pdbs/1c4z/1c4z_28.pdb
A_Q141A,SKEMPI_v2.0,1C4Z,2.6e-06,"A, B, C",D,PDB/SKEMPI_v2.0/1C4Z.pdb,7.615522610996808,1C4Z,1c4z_29,PDB/mutant_pdbs/1c4z/1c4z_29.pdb
A_S142A,SKEMPI_v2.0,1C4Z,1e-05,"A, B, C",D,PDB/SKEMPI_v2.0/1C4Z.pdb,6.8178032849940795,1C4Z,1c4z_30,PDB/mutant_pdbs/1c4z/1c4z_30.pdb
A_L143A,SKEMPI_v2.0,1C4Z,2.7e-05,"A, B, C",D,PDB/SKEMPI_v2.0/1C4Z.pdb,6.229612627331968,1C4Z,1c4z_31,PDB/mutant_pdbs/1c4z/1c4z_31.pdb
A_D145A,SKEMPI_v2.0,1C4Z,2.6e-06,"A, B, C",D,PDB/SKEMPI_v2.0/1C4Z.pdb,7.615522610996808,1C4Z,1c4z_32,PDB/mutant_pdbs/1c4z/1c4z_32.pdb
A_D145K,SKEMPI_v2.0,1C4Z,7.1e-06,"A, B, C",D,PDB/SKEMPI_v2.0/1C4Z.pdb,7.020621548737786,1C4Z,1c4z_33,PDB/mutant_pdbs/1c4z/1c4z_33.pdb
A_L146A,SKEMPI_v2.0,1C4Z,0.00014,"A, B, C",D,PDB/SKEMPI_v2.0/1C4Z.pdb,5.254988187659899,1C4Z,1c4z_34,PDB/mutant_pdbs/1c4z/1c4z_34.pdb
A_Y149A,SKEMPI_v2.0,1C4Z,4.4e-05,"A, B, C",D,PDB/SKEMPI_v2.0/1C4Z.pdb,5.940416530696927,1C4Z,1c4z_35,PDB/mutant_pdbs/1c4z/1c4z_35.pdb
A_D156A,SKEMPI_v2.0,1C4Z,1.2e-05,"A, B, C",D,PDB/SKEMPI_v2.0/1C4Z.pdb,6.709834853111396,1C4Z,1c4z_36,PDB/mutant_pdbs/1c4z/1c4z_36.pdb
A_D156R,SKEMPI_v2.0,1C4Z,5.1e-05,"A, B, C",D,PDB/SKEMPI_v2.0/1C4Z.pdb,5.852988430801209,1C4Z,1c4z_37,PDB/mutant_pdbs/1c4z/1c4z_37.pdb
A_M157A,SKEMPI_v2.0,1C4Z,0.00013,"A, B, C",D,PDB/SKEMPI_v2.0/1C4Z.pdb,5.298873955663106,1C4Z,1c4z_38,PDB/mutant_pdbs/1c4z/1c4z_38.pdb
A_M158A,SKEMPI_v2.0,1C4Z,1.8e-05,"A, B, C",D,PDB/SKEMPI_v2.0/1C4Z.pdb,6.469723740221682,1C4Z,1c4z_39,PDB/mutant_pdbs/1c4z/1c4z_39.pdb
A_I159A,SKEMPI_v2.0,1C4Z,1e-05,"A, B, C",D,PDB/SKEMPI_v2.0/1C4Z.pdb,6.8178032849940795,1C4Z,1c4z_40,PDB/mutant_pdbs/1c4z/1c4z_40.pdb
A_T160A,SKEMPI_v2.0,1C4Z,1.3e-05,"A, B, C",D,PDB/SKEMPI_v2.0/1C4Z.pdb,6.662434612661921,1C4Z,1c4z_41,PDB/mutant_pdbs/1c4z/1c4z_41.pdb
A_I163A,SKEMPI_v2.0,1C4Z,4.3e-06,"A, B, C",D,PDB/SKEMPI_v2.0/1C4Z.pdb,7.317591278514769,1C4Z,1c4z_42,PDB/mutant_pdbs/1c4z/1c4z_42.pdb
A_S164A,SKEMPI_v2.0,1C4Z,2.5e-06,"A, B, C",D,PDB/SKEMPI_v2.0/1C4Z.pdb,7.638748602321938,1C4Z,1c4z_43,PDB/mutant_pdbs/1c4z/1c4z_43.pdb
A_T166A,SKEMPI_v2.0,1C4Z,4e-06,"A, B, C",D,PDB/SKEMPI_v2.0/1C4Z.pdb,7.360418624665037,1C4Z,1c4z_44,PDB/mutant_pdbs/1c4z/1c4z_44.pdb
A_M174A,SKEMPI_v2.0,1C4Z,1.9e-06,"A, B, C",D,PDB/SKEMPI_v2.0/1C4Z.pdb,7.8012664987368705,1C4Z,1c4z_45,PDB/mutant_pdbs/1c4z/1c4z_45.pdb
A_F194A,SKEMPI_v2.0,1C4Z,7.4e-05,"A, B, C",D,PDB/SKEMPI_v2.0/1C4Z.pdb,5.632553110153499,1C4Z,1c4z_46,PDB/mutant_pdbs/1c4z/1c4z_46.pdb
A_Y198L,SKEMPI_v2.0,1C4Z,2e-05,"A, B, C",D,PDB/SKEMPI_v2.0/1C4Z.pdb,6.40733062633015,1C4Z,1c4z_47,PDB/mutant_pdbs/1c4z/1c4z_47.pdb
"A_N245P, A_S243P",SKEMPI_v2.0,1C4Z,4.4e-06,"A, B, C",D,PDB/SKEMPI_v2.0/1C4Z.pdb,7.303977187695743,1C4Z,1c4z_48,PDB/mutant_pdbs/1c4z/1c4z_48.pdb
A_C324A,SKEMPI_v2.0,1C4Z,6e-06,"A, B, C",D,PDB/SKEMPI_v2.0/1C4Z.pdb,7.120307511775325,1C4Z,1c4z_49,PDB/mutant_pdbs/1c4z/1c4z_49.pdb
I_T11A,SKEMPI_v2.0,1CBW,1.99e-08,"F, G, H",I,PDB/SKEMPI_v2.0/1CBW.pdb,10.3952663853647,1CBW,1cbw_1,PDB/mutant_pdbs/1cbw/1cbw_1.pdb
I_G12A,SKEMPI_v2.0,1CBW,3.92e-08,"F, G, H",I,PDB/SKEMPI_v2.0/1CBW.pdb,9.997830860447925,1CBW,1cbw_2,PDB/mutant_pdbs/1cbw/1cbw_2.pdb
I_P13A,SKEMPI_v2.0,1CBW,1.2e-08,"F, G, H",I,PDB/SKEMPI_v2.0/1CBW.pdb,10.691786788965818,1CBW,1cbw_3,PDB/mutant_pdbs/1cbw/1cbw_3.pdb
I_K15A,SKEMPI_v2.0,1CBW,4.17e-07,"F, G, H",I,PDB/SKEMPI_v2.0/1CBW.pdb,8.61175430996878,1CBW,1cbw_4,PDB/mutant_pdbs/1cbw/1cbw_4.pdb
I_R17A,SKEMPI_v2.0,1CBW,3.31e-08,"F, G, H",I,PDB/SKEMPI_v2.0/1CBW.pdb,10.096987031224975,1CBW,1cbw_5,PDB/mutant_pdbs/1cbw/1cbw_5.pdb
I_I19A,SKEMPI_v2.0,1CBW,1.68e-08,"F, G, H",I,PDB/SKEMPI_v2.0/1CBW.pdb,10.494538265815036,1CBW,1cbw_6,PDB/mutant_pdbs/1cbw/1cbw_6.pdb
I_R20A,SKEMPI_v2.0,1CBW,2.36e-08,"F, G, H",I,PDB/SKEMPI_v2.0/1CBW.pdb,10.295299162631778,1CBW,1cbw_7,PDB/mutant_pdbs/1cbw/1cbw_7.pdb
I_V34A,SKEMPI_v2.0,1CBW,1.42e-08,"F, G, H",I,PDB/SKEMPI_v2.0/1CBW.pdb,10.593104375891743,1CBW,1cbw_8,PDB/mutant_pdbs/1cbw/1cbw_8.pdb
I_Y35A,SKEMPI_v2.0,1CBW,5.49e-08,"F, G, H",I,PDB/SKEMPI_v2.0/1CBW.pdb,9.800368737274265,1CBW,1cbw_9,PDB/mutant_pdbs/1cbw/1cbw_9.pdb
I_G36A,SKEMPI_v2.0,1CBW,6.5e-08,"F, G, H",I,PDB/SKEMPI_v2.0/1CBW.pdb,9.701370579430964,1CBW,1cbw_10,PDB/mutant_pdbs/1cbw/1cbw_10.pdb
I_G37A,SKEMPI_v2.0,1CBW,5.49e-08,"F, G, H",I,PDB/SKEMPI_v2.0/1CBW.pdb,9.800368737274265,1CBW,1cbw_11,PDB/mutant_pdbs/1cbw/1cbw_11.pdb
I_R39A,SKEMPI_v2.0,1CBW,1.99e-08,"F, G, H",I,PDB/SKEMPI_v2.0/1CBW.pdb,10.3952663853647,1CBW,1cbw_12,PDB/mutant_pdbs/1cbw/1cbw_12.pdb
I_K46A,SKEMPI_v2.0,1CBW,1.68e-08,"F, G, H",I,PDB/SKEMPI_v2.0/1CBW.pdb,10.494538265815036,1CBW,1cbw_13,PDB/mutant_pdbs/1cbw/1cbw_13.pdb
I_I18A,SKEMPI_v2.0,1CBW,1.2e-07,"F, G, H",I,PDB/SKEMPI_v2.0/1CBW.pdb,9.341953252675044,1CBW,1cbw_14,PDB/mutant_pdbs/1cbw/1cbw_14.pdb
I_F33A,SKEMPI_v2.0,1CBW,1.4e-08,"F, G, H",I,PDB/SKEMPI_v2.0/1CBW.pdb,10.601419767175411,1CBW,1cbw_15,PDB/mutant_pdbs/1cbw/1cbw_15.pdb
I_K15G,SKEMPI_v2.0,1CBW,1.27e-05,"F, G, H",I,PDB/SKEMPI_v2.0/1CBW.pdb,6.609049937715751,1CBW,1cbw_16,PDB/mutant_pdbs/1cbw/1cbw_16.pdb
I_K15A,SKEMPI_v2.0,1CBW,4.76e-07,"F, G, H",I,PDB/SKEMPI_v2.0/1CBW.pdb,8.5341781648295,1CBW,1cbw_17,PDB/mutant_pdbs/1cbw/1cbw_17.pdb
I_K15S,SKEMPI_v2.0,1CBW,3.7e-06,"F, G, H",I,PDB/SKEMPI_v2.0/1CBW.pdb,7.332023475220778,1CBW,1cbw_18,PDB/mutant_pdbs/1cbw/1cbw_18.pdb
I_K15V,SKEMPI_v2.0,1CBW,4.35e-07,"F, G, H",I,PDB/SKEMPI_v2.0/1CBW.pdb,8.586980542436672,1CBW,1cbw_19,PDB/mutant_pdbs/1cbw/1cbw_19.pdb
I_K15T,SKEMPI_v2.0,1CBW,4e-07,"F, G, H",I,PDB/SKEMPI_v2.0/1CBW.pdb,8.636153986882002,1CBW,1cbw_20,PDB/mutant_pdbs/1cbw/1cbw_20.pdb
I_K15D,SKEMPI_v2.0,1CBW,8.33e-05,"F, G, H",I,PDB/SKEMPI_v2.0/1CBW.pdb,5.506450183536521,1CBW,1cbw_21,PDB/mutant_pdbs/1cbw/1cbw_21.pdb
I_K15N,SKEMPI_v2.0,1CBW,1.09e-07,"F, G, H",I,PDB/SKEMPI_v2.0/1CBW.pdb,9.398315211969248,1CBW,1cbw_22,PDB/mutant_pdbs/1cbw/1cbw_22.pdb
I_K15M,SKEMPI_v2.0,1CBW,1e-09,"F, G, H",I,PDB/SKEMPI_v2.0/1CBW.pdb,12.148501826616966,1CBW,1cbw_23,PDB/mutant_pdbs/1cbw/1cbw_23.pdb
I_K15I,SKEMPI_v2.0,1CBW,1.69e-06,"F, G, H",I,PDB/SKEMPI_v2.0/1CBW.pdb,7.791392101382319,1CBW,1cbw_24,PDB/mutant_pdbs/1cbw/1cbw_24.pdb
I_K15L,SKEMPI_v2.0,1CBW,7.69e-10,"F, G, H",I,PDB/SKEMPI_v2.0/1CBW.pdb,12.302482278760433,1CBW,1cbw_25,PDB/mutant_pdbs/1cbw/1cbw_25.pdb
I_K15E,SKEMPI_v2.0,1CBW,8.33e-06,"F, G, H",I,PDB/SKEMPI_v2.0/1CBW.pdb,6.856283719827296,1CBW,1cbw_26,PDB/mutant_pdbs/1cbw/1cbw_26.pdb
I_K15Q,SKEMPI_v2.0,1CBW,1.92e-08,"F, G, H",I,PDB/SKEMPI_v2.0/1CBW.pdb,10.416258790949758,1CBW,1cbw_27,PDB/mutant_pdbs/1cbw/1cbw_27.pdb
I_K15H,SKEMPI_v2.0,1CBW,1.35e-08,"F, G, H",I,PDB/SKEMPI_v2.0/1CBW.pdb,10.622739398700476,1CBW,1cbw_28,PDB/mutant_pdbs/1cbw/1cbw_28.pdb
I_K15R,SKEMPI_v2.0,1CBW,4e-09,"F, G, H",I,PDB/SKEMPI_v2.0/1CBW.pdb,11.33582105946355,1CBW,1cbw_29,PDB/mutant_pdbs/1cbw/1cbw_29.pdb
I_K15F,SKEMPI_v2.0,1CBW,4e-10,"F, G, H",I,PDB/SKEMPI_v2.0/1CBW.pdb,12.685654595754324,1CBW,1cbw_30,PDB/mutant_pdbs/1cbw/1cbw_30.pdb
I_K15Y,SKEMPI_v2.0,1CBW,1.32e-10,"F, G, H",I,PDB/SKEMPI_v2.0/1CBW.pdb,13.335580626963667,1CBW,1cbw_31,PDB/mutant_pdbs/1cbw/1cbw_31.pdb
I_K15W,SKEMPI_v2.0,1CBW,1.79e-10,"F, G, H",I,PDB/SKEMPI_v2.0/1CBW.pdb,13.15702586193831,1CBW,1cbw_32,PDB/mutant_pdbs/1cbw/1cbw_32.pdb
I_L15G,SKEMPI_v2.0,1CHO,1.52e-07,"E, F, G",I,PDB/SKEMPI_v2.0/1CHO.pdb,9.172178295309925,1CHO,1cho_1,PDB/mutant_pdbs/1cho/1cho_1.pdb
I_L15A,SKEMPI_v2.0,1CHO,1.64e-08,"E, F, G",I,PDB/SKEMPI_v2.0/1CHO.pdb,10.473042266422715,1CHO,1cho_2,PDB/mutant_pdbs/1cho/1cho_2.pdb
I_L15S,SKEMPI_v2.0,1CHO,2.38e-08,"E, F, G",I,PDB/SKEMPI_v2.0/1CHO.pdb,10.255469535257332,1CHO,1cho_3,PDB/mutant_pdbs/1cho/1cho_3.pdb
I_L15C,SKEMPI_v2.0,1CHO,4.55e-10,"E, F, G",I,PDB/SKEMPI_v2.0/1CHO.pdb,12.567383310701358,1CHO,1cho_4,PDB/mutant_pdbs/1cho/1cho_4.pdb
I_L15V,SKEMPI_v2.0,1CHO,7.14e-09,"E, F, G",I,PDB/SKEMPI_v2.0/1CHO.pdb,10.958876261166328,1CHO,1cho_5,PDB/mutant_pdbs/1cho/1cho_5.pdb
I_L15T,SKEMPI_v2.0,1CHO,1.02e-08,"E, F, G",I,PDB/SKEMPI_v2.0/1CHO.pdb,10.750493186707946,1CHO,1cho_6,PDB/mutant_pdbs/1cho/1cho_6.pdb
I_L15P,SKEMPI_v2.0,1CHO,1.49e-05,"E, F, G",I,PDB/SKEMPI_v2.0/1CHO.pdb,6.4933089634163474,1CHO,1cho_7,PDB/mutant_pdbs/1cho/1cho_7.pdb
I_L15I,SKEMPI_v2.0,1CHO,1.01e-08,"E, F, G",I,PDB/SKEMPI_v2.0/1CHO.pdb,10.756249273189935,1CHO,1cho_8,PDB/mutant_pdbs/1cho/1cho_8.pdb
I_L15M,SKEMPI_v2.0,1CHO,1e-11,"E, F, G",I,PDB/SKEMPI_v2.0/1CHO.pdb,14.797836123269027,1CHO,1cho_9,PDB/mutant_pdbs/1cho/1cho_9.pdb
I_L15N,SKEMPI_v2.0,1CHO,1.52e-09,"E, F, G",I,PDB/SKEMPI_v2.0/1CHO.pdb,11.862693954086113,1CHO,1cho_10,PDB/mutant_pdbs/1cho/1cho_10.pdb
I_L15D,SKEMPI_v2.0,1CHO,1e-06,"E, F, G",I,PDB/SKEMPI_v2.0/1CHO.pdb,8.071546976328559,1CHO,1cho_11,PDB/mutant_pdbs/1cho/1cho_11.pdb
I_L15K,SKEMPI_v2.0,1CHO,1e-08,"E, F, G",I,PDB/SKEMPI_v2.0/1CHO.pdb,10.762062635104748,1CHO,1cho_12,PDB/mutant_pdbs/1cho/1cho_12.pdb
I_L15Q,SKEMPI_v2.0,1CHO,7.69e-10,"E, F, G",I,PDB/SKEMPI_v2.0/1CHO.pdb,12.260778949001923,1CHO,1cho_13,PDB/mutant_pdbs/1cho/1cho_13.pdb
I_L15E,SKEMPI_v2.0,1CHO,4e-07,"E, F, G",I,PDB/SKEMPI_v2.0/1CHO.pdb,8.606878888621385,1CHO,1cho_14,PDB/mutant_pdbs/1cho/1cho_14.pdb
I_L15H,SKEMPI_v2.0,1CHO,8.33e-10,"E, F, G",I,PDB/SKEMPI_v2.0/1CHO.pdb,12.21407339765144,1CHO,1cho_15,PDB/mutant_pdbs/1cho/1cho_15.pdb
I_L15F,SKEMPI_v2.0,1CHO,4.17e-13,"E, F, G",I,PDB/SKEMPI_v2.0/1CHO.pdb,16.65410889880592,1CHO,1cho_16,PDB/mutant_pdbs/1cho/1cho_16.pdb
I_L15R,SKEMPI_v2.0,1CHO,4.55e-09,"E, F, G",I,PDB/SKEMPI_v2.0/1CHO.pdb,11.222125481313265,1CHO,1cho_17,PDB/mutant_pdbs/1cho/1cho_17.pdb
I_L15Y,SKEMPI_v2.0,1CHO,1.23e-13,"E, F, G",I,PDB/SKEMPI_v2.0/1CHO.pdb,17.367406226979355,1CHO,1cho_18,PDB/mutant_pdbs/1cho/1cho_18.pdb
I_L15W,SKEMPI_v2.0,1CHO,3.03e-13,"E, F, G",I,PDB/SKEMPI_v2.0/1CHO.pdb,16.840687316651305,1CHO,1cho_19,PDB/mutant_pdbs/1cho/1cho_19.pdb
I_A12G,SKEMPI_v2.0,1CHO,5.88e-12,"E, F, G",I,PDB/SKEMPI_v2.0/1CHO.pdb,15.108083080999519,1CHO,1cho_20,PDB/mutant_pdbs/1cho/1cho_20.pdb
I_A12S,SKEMPI_v2.0,1CHO,5.88e-12,"E, F, G",I,PDB/SKEMPI_v2.0/1CHO.pdb,15.108083080999519,1CHO,1cho_21,PDB/mutant_pdbs/1cho/1cho_21.pdb
I_A12C,SKEMPI_v2.0,1CHO,3.03e-12,"E, F, G",I,PDB/SKEMPI_v2.0/1CHO.pdb,15.49542948726321,1CHO,1cho_22,PDB/mutant_pdbs/1cho/1cho_22.pdb
I_A12V,SKEMPI_v2.0,1CHO,2.63e-11,"E, F, G",I,PDB/SKEMPI_v2.0/1CHO.pdb,14.232887364616644,1CHO,1cho_23,PDB/mutant_pdbs/1cho/1cho_23.pdb
I_A12T,SKEMPI_v2.0,1CHO,2.7e-11,"E, F, G",I,PDB/SKEMPI_v2.0/1CHO.pdb,14.217540642219829,1CHO,1cho_24,PDB/mutant_pdbs/1cho/1cho_24.pdb
I_A12P,SKEMPI_v2.0,1CHO,1e-09,"E, F, G",I,PDB/SKEMPI_v2.0/1CHO.pdb,12.10732046449284,1CHO,1cho_25,PDB/mutant_pdbs/1cho/1cho_25.pdb
I_A12L,SKEMPI_v2.0,1CHO,6.67e-12,"E, F, G",I,PDB/SKEMPI_v2.0/1CHO.pdb,15.034432222179891,1CHO,1cho_26,PDB/mutant_pdbs/1cho/1cho_26.pdb
I_A12I,SKEMPI_v2.0,1CHO,1.59e-11,"E, F, G",I,PDB/SKEMPI_v2.0/1CHO.pdb,14.526905064960692,1CHO,1cho_27,PDB/mutant_pdbs/1cho/1cho_27.pdb
I_A12M,SKEMPI_v2.0,1CHO,6.67e-12,"E, F, G",I,PDB/SKEMPI_v2.0/1CHO.pdb,15.034432222179891,1CHO,1cho_28,PDB/mutant_pdbs/1cho/1cho_28.pdb
I_A12N,SKEMPI_v2.0,1CHO,3.23e-12,"E, F, G",I,PDB/SKEMPI_v2.0/1CHO.pdb,15.45808527274704,1CHO,1cho_29,PDB/mutant_pdbs/1cho/1cho_29.pdb
I_A12D,SKEMPI_v2.0,1CHO,5.26e-12,"E, F, G",I,PDB/SKEMPI_v2.0/1CHO.pdb,15.173182235457102,1CHO,1cho_30,PDB/mutant_pdbs/1cho/1cho_30.pdb
I_A12K,SKEMPI_v2.0,1CHO,3.57e-10,"E, F, G",I,PDB/SKEMPI_v2.0/1CHO.pdb,12.709097049102056,1CHO,1cho_31,PDB/mutant_pdbs/1cho/1cho_31.pdb
I_A12Q,SKEMPI_v2.0,1CHO,1.11e-11,"E, F, G",I,PDB/SKEMPI_v2.0/1CHO.pdb,14.736865031205086,1CHO,1cho_32,PDB/mutant_pdbs/1cho/1cho_32.pdb
I_A12E,SKEMPI_v2.0,1CHO,7.69e-12,"E, F, G",I,PDB/SKEMPI_v2.0/1CHO.pdb,14.951294607778108,1CHO,1cho_33,PDB/mutant_pdbs/1cho/1cho_33.pdb
I_A12H,SKEMPI_v2.0,1CHO,3.03e-12,"E, F, G",I,PDB/SKEMPI_v2.0/1CHO.pdb,15.49542948726321,1CHO,1cho_34,PDB/mutant_pdbs/1cho/1cho_34.pdb
I_A12F,SKEMPI_v2.0,1CHO,1.52e-12,"E, F, G",I,PDB/SKEMPI_v2.0/1CHO.pdb,15.898467442250393,1CHO,1cho_35,PDB/mutant_pdbs/1cho/1cho_35.pdb
I_A12R,SKEMPI_v2.0,1CHO,1.16e-11,"E, F, G",I,PDB/SKEMPI_v2.0/1CHO.pdb,14.7111235085949,1CHO,1cho_36,PDB/mutant_pdbs/1cho/1cho_36.pdb
I_A12Y,SKEMPI_v2.0,1CHO,1.2e-12,"E, F, G",I,PDB/SKEMPI_v2.0/1CHO.pdb,16.036574761470845,1CHO,1cho_37,PDB/mutant_pdbs/1cho/1cho_37.pdb
I_A12W,SKEMPI_v2.0,1CHO,2.04e-13,"E, F, G",I,PDB/SKEMPI_v2.0/1CHO.pdb,17.071819375100777,1CHO,1cho_38,PDB/mutant_pdbs/1cho/1cho_38.pdb
I_T14G,SKEMPI_v2.0,1CHO,4e-08,"E, F, G",I,PDB/SKEMPI_v2.0/1CHO.pdb,9.952136718009479,1CHO,1cho_39,PDB/mutant_pdbs/1cho/1cho_39.pdb
I_T14A,SKEMPI_v2.0,1CHO,5.88e-09,"E, F, G",I,PDB/SKEMPI_v2.0/1CHO.pdb,11.07230959283524,1CHO,1cho_40,PDB/mutant_pdbs/1cho/1cho_40.pdb
I_T14S,SKEMPI_v2.0,1CHO,2.78e-10,"E, F, G",I,PDB/SKEMPI_v2.0/1CHO.pdb,12.855223555573103,1CHO,1cho_41,PDB/mutant_pdbs/1cho/1cho_41.pdb
I_T14C,SKEMPI_v2.0,1CHO,1.45e-09,"E, F, G",I,PDB/SKEMPI_v2.0/1CHO.pdb,11.890238896073527,1CHO,1cho_42,PDB/mutant_pdbs/1cho/1cho_42.pdb
I_T14V,SKEMPI_v2.0,1CHO,2.22e-09,"E, F, G",I,PDB/SKEMPI_v2.0/1CHO.pdb,11.641386413881264,1CHO,1cho_43,PDB/mutant_pdbs/1cho/1cho_43.pdb
I_T14P,SKEMPI_v2.0,1CHO,6.67e-09,"E, F, G",I,PDB/SKEMPI_v2.0/1CHO.pdb,10.998658734015612,1CHO,1cho_44,PDB/mutant_pdbs/1cho/1cho_44.pdb
I_T14L,SKEMPI_v2.0,1CHO,9.09e-09,"E, F, G",I,PDB/SKEMPI_v2.0/1CHO.pdb,10.817804895619835,1CHO,1cho_45,PDB/mutant_pdbs/1cho/1cho_45.pdb
I_T14I,SKEMPI_v2.0,1CHO,2.5e-09,"E, F, G",I,PDB/SKEMPI_v2.0/1CHO.pdb,11.571988552200015,1CHO,1cho_46,PDB/mutant_pdbs/1cho/1cho_46.pdb
I_T14M,SKEMPI_v2.0,1CHO,4.17e-09,"E, F, G",I,PDB/SKEMPI_v2.0/1CHO.pdb,11.273077581253547,1CHO,1cho_47,PDB/mutant_pdbs/1cho/1cho_47.pdb
I_T14N,SKEMPI_v2.0,1CHO,7.69e-09,"E, F, G",I,PDB/SKEMPI_v2.0/1CHO.pdb,10.915521119613828,1CHO,1cho_48,PDB/mutant_pdbs/1cho/1cho_48.pdb
I_T14D,SKEMPI_v2.0,1CHO,5.26e-07,"E, F, G",I,PDB/SKEMPI_v2.0/1CHO.pdb,8.446893088516635,1CHO,1cho_49,PDB/mutant_pdbs/1cho/1cho_49.pdb
I_T14K,SKEMPI_v2.0,1CHO,5.26e-09,"E, F, G",I,PDB/SKEMPI_v2.0/1CHO.pdb,11.137408747292822,1CHO,1cho_50,PDB/mutant_pdbs/1cho/1cho_50.pdb
I_T14Q,SKEMPI_v2.0,1CHO,2.63e-09,"E, F, G",I,PDB/SKEMPI_v2.0/1CHO.pdb,11.542371705840456,1CHO,1cho_51,PDB/mutant_pdbs/1cho/1cho_51.pdb
I_T14E,SKEMPI_v2.0,1CHO,2.7e-07,"E, F, G",I,PDB/SKEMPI_v2.0/1CHO.pdb,8.836509324667457,1CHO,1cho_52,PDB/mutant_pdbs/1cho/1cho_52.pdb
I_T14H,SKEMPI_v2.0,1CHO,2.5e-09,"E, F, G",I,PDB/SKEMPI_v2.0/1CHO.pdb,11.571988552200015,1CHO,1cho_53,PDB/mutant_pdbs/1cho/1cho_53.pdb
I_T14F,SKEMPI_v2.0,1CHO,6.67e-09,"E, F, G",I,PDB/SKEMPI_v2.0/1CHO.pdb,10.998658734015612,1CHO,1cho_54,PDB/mutant_pdbs/1cho/1cho_54.pdb
I_T14R,SKEMPI_v2.0,1CHO,3.7e-09,"E, F, G",I,PDB/SKEMPI_v2.0/1CHO.pdb,11.342942646519901,1CHO,1cho_55,PDB/mutant_pdbs/1cho/1cho_55.pdb
I_T14Y,SKEMPI_v2.0,1CHO,1e-08,"E, F, G",I,PDB/SKEMPI_v2.0/1CHO.pdb,10.762062635104748,1CHO,1cho_56,PDB/mutant_pdbs/1cho/1cho_56.pdb
I_T14W,SKEMPI_v2.0,1CHO,5.88e-09,"E, F, G",I,PDB/SKEMPI_v2.0/1CHO.pdb,11.07230959283524,1CHO,1cho_57,PDB/mutant_pdbs/1cho/1cho_57.pdb
I_E16G,SKEMPI_v2.0,1CHO,2.38e-09,"E, F, G",I,PDB/SKEMPI_v2.0/1CHO.pdb,11.600727364645422,1CHO,1cho_58,PDB/mutant_pdbs/1cho/1cho_58.pdb
I_E16A,SKEMPI_v2.0,1CHO,2.7e-10,"E, F, G",I,PDB/SKEMPI_v2.0/1CHO.pdb,12.872282812831738,1CHO,1cho_59,PDB/mutant_pdbs/1cho/1cho_59.pdb
I_E16S,SKEMPI_v2.0,1CHO,5.88e-10,"E, F, G",I,PDB/SKEMPI_v2.0/1CHO.pdb,12.417567422223332,1CHO,1cho_60,PDB/mutant_pdbs/1cho/1cho_60.pdb
I_E16C,SKEMPI_v2.0,1CHO,5.26e-10,"E, F, G",I,PDB/SKEMPI_v2.0/1CHO.pdb,12.482666576680916,1CHO,1cho_61,PDB/mutant_pdbs/1cho/1cho_61.pdb
I_E16V,SKEMPI_v2.0,1CHO,3.23e-10,"E, F, G",I,PDB/SKEMPI_v2.0/1CHO.pdb,12.767569613970851,1CHO,1cho_62,PDB/mutant_pdbs/1cho/1cho_62.pdb
I_E16T,SKEMPI_v2.0,1CHO,7.14e-10,"E, F, G",I,PDB/SKEMPI_v2.0/1CHO.pdb,12.304134090554419,1CHO,1cho_63,PDB/mutant_pdbs/1cho/1cho_63.pdb
I_E16P,SKEMPI_v2.0,1CHO,4.17e-10,"E, F, G",I,PDB/SKEMPI_v2.0/1CHO.pdb,12.618335410641642,1CHO,1cho_64,PDB/mutant_pdbs/1cho/1cho_64.pdb
I_E16L,SKEMPI_v2.0,1CHO,6.67e-10,"E, F, G",I,PDB/SKEMPI_v2.0/1CHO.pdb,12.343916563403704,1CHO,1cho_65,PDB/mutant_pdbs/1cho/1cho_65.pdb
I_E16I,SKEMPI_v2.0,1CHO,4.55e-10,"E, F, G",I,PDB/SKEMPI_v2.0/1CHO.pdb,12.567383310701358,1CHO,1cho_66,PDB/mutant_pdbs/1cho/1cho_66.pdb
I_E16M,SKEMPI_v2.0,1CHO,5e-10,"E, F, G",I,PDB/SKEMPI_v2.0/1CHO.pdb,12.512283423040476,1CHO,1cho_67,PDB/mutant_pdbs/1cho/1cho_67.pdb
I_E16N,SKEMPI_v2.0,1CHO,2.7e-10,"E, F, G",I,PDB/SKEMPI_v2.0/1CHO.pdb,12.872282812831738,1CHO,1cho_68,PDB/mutant_pdbs/1cho/1cho_68.pdb
I_E16D,SKEMPI_v2.0,1CHO,2.33e-11,"E, F, G",I,PDB/SKEMPI_v2.0/1CHO.pdb,14.3036476943367,1CHO,1cho_69,PDB/mutant_pdbs/1cho/1cho_69.pdb
I_E16K,SKEMPI_v2.0,1CHO,2.27e-09,"E, F, G",I,PDB/SKEMPI_v2.0/1CHO.pdb,11.628373892639186,1CHO,1cho_70,PDB/mutant_pdbs/1cho/1cho_70.pdb
I_E16Q,SKEMPI_v2.0,1CHO,5e-11,"E, F, G",I,PDB/SKEMPI_v2.0/1CHO.pdb,13.857541252428566,1CHO,1cho_71,PDB/mutant_pdbs/1cho/1cho_71.pdb
I_E16H,SKEMPI_v2.0,1CHO,1.79e-10,"E, F, G",I,PDB/SKEMPI_v2.0/1CHO.pdb,13.112425774270722,1CHO,1cho_72,PDB/mutant_pdbs/1cho/1cho_72.pdb
I_E16F,SKEMPI_v2.0,1CHO,2.38e-09,"E, F, G",I,PDB/SKEMPI_v2.0/1CHO.pdb,11.600727364645422,1CHO,1cho_73,PDB/mutant_pdbs/1cho/1cho_73.pdb
I_E16R,SKEMPI_v2.0,1CHO,2.63e-09,"E, F, G",I,PDB/SKEMPI_v2.0/1CHO.pdb,11.542371705840456,1CHO,1cho_74,PDB/mutant_pdbs/1cho/1cho_74.pdb
I_E16Y,SKEMPI_v2.0,1CHO,4.76e-10,"E, F, G",I,PDB/SKEMPI_v2.0/1CHO.pdb,12.541022235485883,1CHO,1cho_75,PDB/mutant_pdbs/1cho/1cho_75.pdb
I_E16W,SKEMPI_v2.0,1CHO,1.09e-09,"E, F, G",I,PDB/SKEMPI_v2.0/1CHO.pdb,12.056972175111639,1CHO,1cho_76,PDB/mutant_pdbs/1cho/1cho_76.pdb
I_Y17G,SKEMPI_v2.0,1CHO,1.12e-09,"E, F, G",I,PDB/SKEMPI_v2.0/1CHO.pdb,12.041109534148777,1CHO,1cho_77,PDB/mutant_pdbs/1cho/1cho_77.pdb
I_Y17A,SKEMPI_v2.0,1CHO,3.85e-10,"E, F, G",I,PDB/SKEMPI_v2.0/1CHO.pdb,12.664982663710358,1CHO,1cho_78,PDB/mutant_pdbs/1cho/1cho_78.pdb
I_Y17S,SKEMPI_v2.0,1CHO,6.67e-10,"E, F, G",I,PDB/SKEMPI_v2.0/1CHO.pdb,12.343916563403704,1CHO,1cho_79,PDB/mutant_pdbs/1cho/1cho_79.pdb
I_Y17C,SKEMPI_v2.0,1CHO,3.85e-10,"E, F, G",I,PDB/SKEMPI_v2.0/1CHO.pdb,12.664982663710358,1CHO,1cho_80,PDB/mutant_pdbs/1cho/1cho_80.pdb
I_Y17V,SKEMPI_v2.0,1CHO,1.82e-09,"E, F, G",I,PDB/SKEMPI_v2.0/1CHO.pdb,11.75745739360609,1CHO,1cho_81,PDB/mutant_pdbs/1cho/1cho_81.pdb
I_Y17T,SKEMPI_v2.0,1CHO,1.39e-09,"E, F, G",I,PDB/SKEMPI_v2.0/1CHO.pdb,11.914928684732644,1CHO,1cho_82,PDB/mutant_pdbs/1cho/1cho_82.pdb
I_Y17P,SKEMPI_v2.0,1CHO,1e-05,"E, F, G",I,PDB/SKEMPI_v2.0/1CHO.pdb,6.726289146940466,1CHO,1cho_83,PDB/mutant_pdbs/1cho/1cho_83.pdb
I_Y17L,SKEMPI_v2.0,1CHO,1.67e-11,"E, F, G",I,PDB/SKEMPI_v2.0/1CHO.pdb,14.498225046724052,1CHO,1cho_84,PDB/mutant_pdbs/1cho/1cho_84.pdb
I_Y17I,SKEMPI_v2.0,1CHO,1.85e-10,"E, F, G",I,PDB/SKEMPI_v2.0/1CHO.pdb,13.09316343445563,1CHO,1cho_85,PDB/mutant_pdbs/1cho/1cho_85.pdb
I_Y17M,SKEMPI_v2.0,1CHO,4.17e-11,"E, F, G",I,PDB/SKEMPI_v2.0/1CHO.pdb,13.963593240029734,1CHO,1cho_86,PDB/mutant_pdbs/1cho/1cho_86.pdb
I_Y17N,SKEMPI_v2.0,1CHO,8.33e-10,"E, F, G",I,PDB/SKEMPI_v2.0/1CHO.pdb,12.21407339765144,1CHO,1cho_87,PDB/mutant_pdbs/1cho/1cho_87.pdb
I_Y17D,SKEMPI_v2.0,1CHO,2.17e-07,"E, F, G",I,PDB/SKEMPI_v2.0/1CHO.pdb,8.964179714483086,1CHO,1cho_88,PDB/mutant_pdbs/1cho/1cho_88.pdb
I_Y17K,SKEMPI_v2.0,1CHO,1.1e-09,"E, F, G",I,PDB/SKEMPI_v2.0/1CHO.pdb,12.05163663070434,1CHO,1cho_89,PDB/mutant_pdbs/1cho/1cho_89.pdb
I_Y17Q,SKEMPI_v2.0,1CHO,1.08e-09,"E, F, G",I,PDB/SKEMPI_v2.0/1CHO.pdb,12.06235689573647,1CHO,1cho_90,PDB/mutant_pdbs/1cho/1cho_90.pdb
I_Y17E,SKEMPI_v2.0,1CHO,2.5e-08,"E, F, G",I,PDB/SKEMPI_v2.0/1CHO.pdb,10.226730722811922,1CHO,1cho_91,PDB/mutant_pdbs/1cho/1cho_91.pdb
I_Y17H,SKEMPI_v2.0,1CHO,7.69e-11,"E, F, G",I,PDB/SKEMPI_v2.0/1CHO.pdb,13.606036778390015,1CHO,1cho_92,PDB/mutant_pdbs/1cho/1cho_92.pdb
I_Y17F,SKEMPI_v2.0,1CHO,7.14e-12,"E, F, G",I,PDB/SKEMPI_v2.0/1CHO.pdb,14.994649749330607,1CHO,1cho_93,PDB/mutant_pdbs/1cho/1cho_93.pdb
I_Y17R,SKEMPI_v2.0,1CHO,7.14e-10,"E, F, G",I,PDB/SKEMPI_v2.0/1CHO.pdb,12.304134090554419,1CHO,1cho_94,PDB/mutant_pdbs/1cho/1cho_94.pdb
I_Y17W,SKEMPI_v2.0,1CHO,1.02e-11,"E, F, G",I,PDB/SKEMPI_v2.0/1CHO.pdb,14.786266674872225,1CHO,1cho_95,PDB/mutant_pdbs/1cho/1cho_95.pdb
I_R18G,SKEMPI_v2.0,1CHO,1.89e-09,"E, F, G",I,PDB/SKEMPI_v2.0/1CHO.pdb,11.735408057902026,1CHO,1cho_96,PDB/mutant_pdbs/1cho/1cho_96.pdb
I_R18A,SKEMPI_v2.0,1CHO,1.15e-09,"E, F, G",I,PDB/SKEMPI_v2.0/1CHO.pdb,12.025666219530194,1CHO,1cho_97,PDB/mutant_pdbs/1cho/1cho_97.pdb
I_R18S,SKEMPI_v2.0,1CHO,1.14e-09,"E, F, G",I,PDB/SKEMPI_v2.0/1CHO.pdb,12.030768767702286,1CHO,1cho_98,PDB/mutant_pdbs/1cho/1cho_98.pdb
I_R18C,SKEMPI_v2.0,1CHO,2e-09,"E, F, G",I,PDB/SKEMPI_v2.0/1CHO.pdb,11.702357505945207,1CHO,1cho_99,PDB/mutant_pdbs/1cho/1cho_99.pdb
I_R18V,SKEMPI_v2.0,1CHO,1.72e-10,"E, F, G",I,PDB/SKEMPI_v2.0/1CHO.pdb,13.135731806634935,1CHO,1cho_100,PDB/mutant_pdbs/1cho/1cho_100.pdb
I_R18T,SKEMPI_v2.0,1CHO,4.76e-10,"E, F, G",I,PDB/SKEMPI_v2.0/1CHO.pdb,12.541022235485883,1CHO,1cho_101,PDB/mutant_pdbs/1cho/1cho_101.pdb
I_R18P,SKEMPI_v2.0,1CHO,1.16e-06,"E, F, G",I,PDB/SKEMPI_v2.0/1CHO.pdb,7.984834361654434,1CHO,1cho_102,PDB/mutant_pdbs/1cho/1cho_102.pdb
I_R18L,SKEMPI_v2.0,1CHO,6.25e-10,"E, F, G",I,PDB/SKEMPI_v2.0/1CHO.pdb,12.381914469295284,1CHO,1cho_103,PDB/mutant_pdbs/1cho/1cho_103.pdb
I_R18I,SKEMPI_v2.0,1CHO,1.85e-10,"E, F, G",I,PDB/SKEMPI_v2.0/1CHO.pdb,13.09316343445563,1CHO,1cho_104,PDB/mutant_pdbs/1cho/1cho_104.pdb
I_R18M,SKEMPI_v2.0,1CHO,4.35e-10,"E, F, G",I,PDB/SKEMPI_v2.0/1CHO.pdb,12.593645621982523,1CHO,1cho_105,PDB/mutant_pdbs/1cho/1cho_105.pdb
I_R18N,SKEMPI_v2.0,1CHO,2e-09,"E, F, G",I,PDB/SKEMPI_v2.0/1CHO.pdb,11.702357505945207,1CHO,1cho_106,PDB/mutant_pdbs/1cho/1cho_106.pdb
I_R18D,SKEMPI_v2.0,1CHO,3.12e-09,"E, F, G",I,PDB/SKEMPI_v2.0/1CHO.pdb,11.442555127961434,1CHO,1cho_107,PDB/mutant_pdbs/1cho/1cho_107.pdb
I_R18K,SKEMPI_v2.0,1CHO,1.61e-11,"E, F, G",I,PDB/SKEMPI_v2.0/1CHO.pdb,14.519601994217128,1CHO,1cho_108,PDB/mutant_pdbs/1cho/1cho_108.pdb
I_R18Q,SKEMPI_v2.0,1CHO,3.45e-10,"E, F, G",I,PDB/SKEMPI_v2.0/1CHO.pdb,12.72907294543919,1CHO,1cho_109,PDB/mutant_pdbs/1cho/1cho_109.pdb
I_R18E,SKEMPI_v2.0,1CHO,2e-09,"E, F, G",I,PDB/SKEMPI_v2.0/1CHO.pdb,11.702357505945207,1CHO,1cho_110,PDB/mutant_pdbs/1cho/1cho_110.pdb
I_R18H,SKEMPI_v2.0,1CHO,5.88e-10,"E, F, G",I,PDB/SKEMPI_v2.0/1CHO.pdb,12.417567422223332,1CHO,1cho_111,PDB/mutant_pdbs/1cho/1cho_111.pdb
I_R18F,SKEMPI_v2.0,1CHO,7.69e-10,"E, F, G",I,PDB/SKEMPI_v2.0/1CHO.pdb,12.260778949001923,1CHO,1cho_112,PDB/mutant_pdbs/1cho/1cho_112.pdb
I_R18Y,SKEMPI_v2.0,1CHO,8.33e-10,"E, F, G",I,PDB/SKEMPI_v2.0/1CHO.pdb,12.21407339765144,1CHO,1cho_113,PDB/mutant_pdbs/1cho/1cho_113.pdb
I_R18W,SKEMPI_v2.0,1CHO,3.23e-10,"E, F, G",I,PDB/SKEMPI_v2.0/1CHO.pdb,12.767569613970851,1CHO,1cho_114,PDB/mutant_pdbs/1cho/1cho_114.pdb
I_P11G,SKEMPI_v2.0,1CHO,1.54e-11,"E, F, G",I,PDB/SKEMPI_v2.0/1CHO.pdb,14.545572405391276,1CHO,1cho_115,PDB/mutant_pdbs/1cho/1cho_115.pdb
I_P11A,SKEMPI_v2.0,1CHO,1e-11,"E, F, G",I,PDB/SKEMPI_v2.0/1CHO.pdb,14.797836123269027,1CHO,1cho_116,PDB/mutant_pdbs/1cho/1cho_116.pdb
I_P11S,SKEMPI_v2.0,1CHO,2.5e-12,"E, F, G",I,PDB/SKEMPI_v2.0/1CHO.pdb,15.607762040364296,1CHO,1cho_117,PDB/mutant_pdbs/1cho/1cho_117.pdb
I_P11C,SKEMPI_v2.0,1CHO,1e-12,"E, F, G",I,PDB/SKEMPI_v2.0/1CHO.pdb,16.143093952657118,1CHO,1cho_118,PDB/mutant_pdbs/1cho/1cho_118.pdb
I_P11V,SKEMPI_v2.0,1CHO,2.08e-12,"E, F, G",I,PDB/SKEMPI_v2.0/1CHO.pdb,15.715216761057178,1CHO,1cho_119,PDB/mutant_pdbs/1cho/1cho_119.pdb
I_P11T,SKEMPI_v2.0,1CHO,2.08e-12,"E, F, G",I,PDB/SKEMPI_v2.0/1CHO.pdb,15.715216761057178,1CHO,1cho_120,PDB/mutant_pdbs/1cho/1cho_120.pdb
I_P11L,SKEMPI_v2.0,1CHO,2.17e-12,"E, F, G",I,PDB/SKEMPI_v2.0/1CHO.pdb,15.690468861423552,1CHO,1cho_121,PDB/mutant_pdbs/1cho/1cho_121.pdb
I_P11I,SKEMPI_v2.0,1CHO,2.22e-12,"E, F, G",I,PDB/SKEMPI_v2.0/1CHO.pdb,15.677159902045545,1CHO,1cho_122,PDB/mutant_pdbs/1cho/1cho_122.pdb
I_P11M,SKEMPI_v2.0,1CHO,1.3e-12,"E, F, G",I,PDB/SKEMPI_v2.0/1CHO.pdb,15.989810765859623,1CHO,1cho_123,PDB/mutant_pdbs/1cho/1cho_123.pdb
I_P11N,SKEMPI_v2.0,1CHO,1.41e-12,"E, F, G",I,PDB/SKEMPI_v2.0/1CHO.pdb,15.942355773063126,1CHO,1cho_124,PDB/mutant_pdbs/1cho/1cho_124.pdb
I_P11D,SKEMPI_v2.0,1CHO,1.25e-12,"E, F, G",I,PDB/SKEMPI_v2.0/1CHO.pdb,16.01272499891193,1CHO,1cho_125,PDB/mutant_pdbs/1cho/1cho_125.pdb
I_P11K,SKEMPI_v2.0,1CHO,1.01e-11,"E, F, G",I,PDB/SKEMPI_v2.0/1CHO.pdb,14.792022761354215,1CHO,1cho_126,PDB/mutant_pdbs/1cho/1cho_126.pdb
I_P11Q,SKEMPI_v2.0,1CHO,1.54e-12,"E, F, G",I,PDB/SKEMPI_v2.0/1CHO.pdb,15.890830234779369,1CHO,1cho_127,PDB/mutant_pdbs/1cho/1cho_127.pdb
I_P11E,SKEMPI_v2.0,1CHO,1.56e-12,"E, F, G",I,PDB/SKEMPI_v2.0/1CHO.pdb,15.88329157467335,1CHO,1cho_128,PDB/mutant_pdbs/1cho/1cho_128.pdb
I_P11H,SKEMPI_v2.0,1CHO,4.35e-12,"E, F, G",I,PDB/SKEMPI_v2.0/1CHO.pdb,15.284161280758708,1CHO,1cho_129,PDB/mutant_pdbs/1cho/1cho_129.pdb
I_P11F,SKEMPI_v2.0,1CHO,3.13e-12,"E, F, G",I,PDB/SKEMPI_v2.0/1CHO.pdb,15.476459052763824,1CHO,1cho_130,PDB/mutant_pdbs/1cho/1cho_130.pdb
I_P11R,SKEMPI_v2.0,1CHO,1.03e-11,"E, F, G",I,PDB/SKEMPI_v2.0/1CHO.pdb,14.78056674622678,1CHO,1cho_131,PDB/mutant_pdbs/1cho/1cho_131.pdb
I_P11Y,SKEMPI_v2.0,1CHO,2.7e-12,"E, F, G",I,PDB/SKEMPI_v2.0/1CHO.pdb,15.562798471607923,1CHO,1cho_132,PDB/mutant_pdbs/1cho/1cho_132.pdb
I_P11W,SKEMPI_v2.0,1CHO,3.7e-12,"E, F, G",I,PDB/SKEMPI_v2.0/1CHO.pdb,15.378716134684181,1CHO,1cho_133,PDB/mutant_pdbs/1cho/1cho_133.pdb
I_K10G,SKEMPI_v2.0,1CHO,1.14e-10,"E, F, G",I,PDB/SKEMPI_v2.0/1CHO.pdb,13.376026597090378,1CHO,1cho_134,PDB/mutant_pdbs/1cho/1cho_134.pdb
I_K10A,SKEMPI_v2.0,1CHO,7.14e-12,"E, F, G",I,PDB/SKEMPI_v2.0/1CHO.pdb,14.994649749330607,1CHO,1cho_135,PDB/mutant_pdbs/1cho/1cho_135.pdb
I_K10S,SKEMPI_v2.0,1CHO,2.56e-12,"E, F, G",I,PDB/SKEMPI_v2.0/1CHO.pdb,15.593905943052231,1CHO,1cho_136,PDB/mutant_pdbs/1cho/1cho_136.pdb
I_K10C,SKEMPI_v2.0,1CHO,1.23e-11,"E, F, G",I,PDB/SKEMPI_v2.0/1CHO.pdb,14.676890568203168,1CHO,1cho_137,PDB/mutant_pdbs/1cho/1cho_137.pdb
I_K10V,SKEMPI_v2.0,1CHO,4e-11,"E, F, G",I,PDB/SKEMPI_v2.0/1CHO.pdb,13.987910206173758,1CHO,1cho_138,PDB/mutant_pdbs/1cho/1cho_138.pdb
I_K10T,SKEMPI_v2.0,1CHO,1e-11,"E, F, G",I,PDB/SKEMPI_v2.0/1CHO.pdb,14.797836123269027,1CHO,1cho_139,PDB/mutant_pdbs/1cho/1cho_139.pdb
I_K10P,SKEMPI_v2.0,1CHO,1.75e-10,"E, F, G",I,PDB/SKEMPI_v2.0/1CHO.pdb,13.125629456046491,1CHO,1cho_140,PDB/mutant_pdbs/1cho/1cho_140.pdb
I_K10L,SKEMPI_v2.0,1CHO,1e-11,"E, F, G",I,PDB/SKEMPI_v2.0/1CHO.pdb,14.797836123269027,1CHO,1cho_141,PDB/mutant_pdbs/1cho/1cho_141.pdb
I_K10I,SKEMPI_v2.0,1CHO,7.14e-11,"E, F, G",I,PDB/SKEMPI_v2.0/1CHO.pdb,13.649391919942513,1CHO,1cho_142,PDB/mutant_pdbs/1cho/1cho_142.pdb
I_K10M,SKEMPI_v2.0,1CHO,1.08e-11,"E, F, G",I,PDB/SKEMPI_v2.0/1CHO.pdb,14.752872554512654,1CHO,1cho_143,PDB/mutant_pdbs/1cho/1cho_143.pdb
I_K10N,SKEMPI_v2.0,1CHO,2.86e-12,"E, F, G",I,PDB/SKEMPI_v2.0/1CHO.pdb,15.52916397352349,1CHO,1cho_144,PDB/mutant_pdbs/1cho/1cho_144.pdb
I_K10D,SKEMPI_v2.0,1CHO,2.22e-12,"E, F, G",I,PDB/SKEMPI_v2.0/1CHO.pdb,15.677159902045545,1CHO,1cho_145,PDB/mutant_pdbs/1cho/1cho_145.pdb
I_K10Q,SKEMPI_v2.0,1CHO,2e-12,"E, F, G",I,PDB/SKEMPI_v2.0/1CHO.pdb,15.738130994109486,1CHO,1cho_146,PDB/mutant_pdbs/1cho/1cho_146.pdb
I_K10E,SKEMPI_v2.0,1CHO,7.14e-12,"E, F, G",I,PDB/SKEMPI_v2.0/1CHO.pdb,14.994649749330607,1CHO,1cho_147,PDB/mutant_pdbs/1cho/1cho_147.pdb
I_K10H,SKEMPI_v2.0,1CHO,6.67e-12,"E, F, G",I,PDB/SKEMPI_v2.0/1CHO.pdb,15.034432222179891,1CHO,1cho_148,PDB/mutant_pdbs/1cho/1cho_148.pdb
I_K10F,SKEMPI_v2.0,1CHO,3.33e-11,"E, F, G",I,PDB/SKEMPI_v2.0/1CHO.pdb,14.095013927725988,1CHO,1cho_149,PDB/mutant_pdbs/1cho/1cho_149.pdb
I_K10R,SKEMPI_v2.0,1CHO,2.78e-12,"E, F, G",I,PDB/SKEMPI_v2.0/1CHO.pdb,15.545739214349291,1CHO,1cho_150,PDB/mutant_pdbs/1cho/1cho_150.pdb
I_K10Y,SKEMPI_v2.0,1CHO,3.23e-11,"E, F, G",I,PDB/SKEMPI_v2.0/1CHO.pdb,14.112827443358945,1CHO,1cho_151,PDB/mutant_pdbs/1cho/1cho_151.pdb
I_K10W,SKEMPI_v2.0,1CHO,2.94e-11,"E, F, G",I,PDB/SKEMPI_v2.0/1CHO.pdb,14.16778821015906,1CHO,1cho_152,PDB/mutant_pdbs/1cho/1cho_152.pdb
I_G29A,SKEMPI_v2.0,1CHO,8.33e-13,"E, F, G",I,PDB/SKEMPI_v2.0/1CHO.pdb,16.24984688581572,1CHO,1cho_153,PDB/mutant_pdbs/1cho/1cho_153.pdb
I_G29S,SKEMPI_v2.0,1CHO,4.17e-12,"E, F, G",I,PDB/SKEMPI_v2.0/1CHO.pdb,15.308851069417827,1CHO,1cho_154,PDB/mutant_pdbs/1cho/1cho_154.pdb
I_G29C,SKEMPI_v2.0,1CHO,3.85e-10,"E, F, G",I,PDB/SKEMPI_v2.0/1CHO.pdb,12.664982663710358,1CHO,1cho_155,PDB/mutant_pdbs/1cho/1cho_155.pdb
I_G29V,SKEMPI_v2.0,1CHO,1.72e-11,"E, F, G",I,PDB/SKEMPI_v2.0/1CHO.pdb,14.480989636023029,1CHO,1cho_156,PDB/mutant_pdbs/1cho/1cho_156.pdb
I_G29T,SKEMPI_v2.0,1CHO,1.75e-10,"E, F, G",I,PDB/SKEMPI_v2.0/1CHO.pdb,13.125629456046491,1CHO,1cho_157,PDB/mutant_pdbs/1cho/1cho_157.pdb
I_G29P,SKEMPI_v2.0,1CHO,9.09e-12,"E, F, G",I,PDB/SKEMPI_v2.0/1CHO.pdb,14.853578383784114,1CHO,1cho_158,PDB/mutant_pdbs/1cho/1cho_158.pdb
I_G29L,SKEMPI_v2.0,1CHO,1.01e-10,"E, F, G",I,PDB/SKEMPI_v2.0/1CHO.pdb,13.44676493196612,1CHO,1cho_159,PDB/mutant_pdbs/1cho/1cho_159.pdb
I_G29I,SKEMPI_v2.0,1CHO,2.86e-10,"E, F, G",I,PDB/SKEMPI_v2.0/1CHO.pdb,12.838648314747301,1CHO,1cho_160,PDB/mutant_pdbs/1cho/1cho_160.pdb
I_G29M,SKEMPI_v2.0,1CHO,8.33e-11,"E, F, G",I,PDB/SKEMPI_v2.0/1CHO.pdb,13.559331227039534,1CHO,1cho_161,PDB/mutant_pdbs/1cho/1cho_161.pdb
I_G29N,SKEMPI_v2.0,1CHO,2.63e-11,"E, F, G",I,PDB/SKEMPI_v2.0/1CHO.pdb,14.232887364616644,1CHO,1cho_162,PDB/mutant_pdbs/1cho/1cho_162.pdb
I_G29D,SKEMPI_v2.0,1CHO,1e-09,"E, F, G",I,PDB/SKEMPI_v2.0/1CHO.pdb,12.10732046449284,1CHO,1cho_163,PDB/mutant_pdbs/1cho/1cho_163.pdb
I_G29K,SKEMPI_v2.0,1CHO,7.69e-11,"E, F, G",I,PDB/SKEMPI_v2.0/1CHO.pdb,13.606036778390015,1CHO,1cho_164,PDB/mutant_pdbs/1cho/1cho_164.pdb
I_G29Q,SKEMPI_v2.0,1CHO,2.94e-10,"E, F, G",I,PDB/SKEMPI_v2.0/1CHO.pdb,12.822530380770965,1CHO,1cho_165,PDB/mutant_pdbs/1cho/1cho_165.pdb
I_G29E,SKEMPI_v2.0,1CHO,4.35e-10,"E, F, G",I,PDB/SKEMPI_v2.0/1CHO.pdb,12.593645621982523,1CHO,1cho_166,PDB/mutant_pdbs/1cho/1cho_166.pdb
I_G29H,SKEMPI_v2.0,1CHO,1e-12,"E, F, G",I,PDB/SKEMPI_v2.0/1CHO.pdb,16.143093952657118,1CHO,1cho_167,PDB/mutant_pdbs/1cho/1cho_167.pdb
I_G29F,SKEMPI_v2.0,1CHO,6.25e-12,"E, F, G",I,PDB/SKEMPI_v2.0/1CHO.pdb,15.072430128071472,1CHO,1cho_168,PDB/mutant_pdbs/1cho/1cho_168.pdb
I_G29R,SKEMPI_v2.0,1CHO,1e-10,"E, F, G",I,PDB/SKEMPI_v2.0/1CHO.pdb,13.452578293880933,1CHO,1cho_169,PDB/mutant_pdbs/1cho/1cho_169.pdb
I_G29Y,SKEMPI_v2.0,1CHO,1e-12,"E, F, G",I,PDB/SKEMPI_v2.0/1CHO.pdb,16.143093952657118,1CHO,1cho_170,PDB/mutant_pdbs/1cho/1cho_170.pdb
I_G29W,SKEMPI_v2.0,1CHO,3.13e-11,"E, F, G",I,PDB/SKEMPI_v2.0/1CHO.pdb,14.131201223375731,1CHO,1cho_171,PDB/mutant_pdbs/1cho/1cho_171.pdb
I_N33G,SKEMPI_v2.0,1CHO,5e-13,"E, F, G",I,PDB/SKEMPI_v2.0/1CHO.pdb,16.548056911204757,1CHO,1cho_172,PDB/mutant_pdbs/1cho/1cho_172.pdb
I_N33A,SKEMPI_v2.0,1CHO,5.26e-13,"E, F, G",I,PDB/SKEMPI_v2.0/1CHO.pdb,16.518440064845198,1CHO,1cho_173,PDB/mutant_pdbs/1cho/1cho_173.pdb
I_N33S,SKEMPI_v2.0,1CHO,4.35e-13,"E, F, G",I,PDB/SKEMPI_v2.0/1CHO.pdb,16.629419110146802,1CHO,1cho_174,PDB/mutant_pdbs/1cho/1cho_174.pdb
I_N33C,SKEMPI_v2.0,1CHO,4.35e-12,"E, F, G",I,PDB/SKEMPI_v2.0/1CHO.pdb,15.284161280758708,1CHO,1cho_175,PDB/mutant_pdbs/1cho/1cho_175.pdb
I_N33V,SKEMPI_v2.0,1CHO,5.56e-12,"E, F, G",I,PDB/SKEMPI_v2.0/1CHO.pdb,15.140776255801654,1CHO,1cho_176,PDB/mutant_pdbs/1cho/1cho_176.pdb
I_N33T,SKEMPI_v2.0,1CHO,5.88e-13,"E, F, G",I,PDB/SKEMPI_v2.0/1CHO.pdb,16.453340910387613,1CHO,1cho_177,PDB/mutant_pdbs/1cho/1cho_177.pdb
I_N33P,SKEMPI_v2.0,1CHO,2.38e-13,"E, F, G",I,PDB/SKEMPI_v2.0/1CHO.pdb,16.981758682197796,1CHO,1cho_178,PDB/mutant_pdbs/1cho/1cho_178.pdb
I_N33L,SKEMPI_v2.0,1CHO,1.49e-11,"E, F, G",I,PDB/SKEMPI_v2.0/1CHO.pdb,14.564855939744907,1CHO,1cho_179,PDB/mutant_pdbs/1cho/1cho_179.pdb
I_N33I,SKEMPI_v2.0,1CHO,5e-12,"E, F, G",I,PDB/SKEMPI_v2.0/1CHO.pdb,15.20279908181666,1CHO,1cho_180,PDB/mutant_pdbs/1cho/1cho_180.pdb
I_N33M,SKEMPI_v2.0,1CHO,3.7e-12,"E, F, G",I,PDB/SKEMPI_v2.0/1CHO.pdb,15.378716134684181,1CHO,1cho_181,PDB/mutant_pdbs/1cho/1cho_181.pdb
I_N33D,SKEMPI_v2.0,1CHO,9.09e-13,"E, F, G",I,PDB/SKEMPI_v2.0/1CHO.pdb,16.198836213172207,1CHO,1cho_182,PDB/mutant_pdbs/1cho/1cho_182.pdb
I_N33K,SKEMPI_v2.0,1CHO,2.7e-10,"E, F, G",I,PDB/SKEMPI_v2.0/1CHO.pdb,12.872282812831738,1CHO,1cho_183,PDB/mutant_pdbs/1cho/1cho_183.pdb
I_N33Q,SKEMPI_v2.0,1CHO,3.85e-12,"E, F, G",I,PDB/SKEMPI_v2.0/1CHO.pdb,15.355498322486547,1CHO,1cho_184,PDB/mutant_pdbs/1cho/1cho_184.pdb
I_N33E,SKEMPI_v2.0,1CHO,2.7e-10,"E, F, G",I,PDB/SKEMPI_v2.0/1CHO.pdb,12.872282812831738,1CHO,1cho_185,PDB/mutant_pdbs/1cho/1cho_185.pdb
I_N33H,SKEMPI_v2.0,1CHO,1.52e-12,"E, F, G",I,PDB/SKEMPI_v2.0/1CHO.pdb,15.898467442250393,1CHO,1cho_186,PDB/mutant_pdbs/1cho/1cho_186.pdb
I_N33F,SKEMPI_v2.0,1CHO,2.86e-10,"E, F, G",I,PDB/SKEMPI_v2.0/1CHO.pdb,12.838648314747301,1CHO,1cho_187,PDB/mutant_pdbs/1cho/1cho_187.pdb
I_N33R,SKEMPI_v2.0,1CHO,7.69e-11,"E, F, G",I,PDB/SKEMPI_v2.0/1CHO.pdb,13.606036778390015,1CHO,1cho_188,PDB/mutant_pdbs/1cho/1cho_188.pdb
I_N33Y,SKEMPI_v2.0,1CHO,4e-10,"E, F, G",I,PDB/SKEMPI_v2.0/1CHO.pdb,12.642652376785664,1CHO,1cho_189,PDB/mutant_pdbs/1cho/1cho_189.pdb
I_N33W,SKEMPI_v2.0,1CHO,2.08e-10,"E, F, G",I,PDB/SKEMPI_v2.0/1CHO.pdb,13.024701102280991,1CHO,1cho_190,PDB/mutant_pdbs/1cho/1cho_190.pdb
"I_L15R, I_T14K",SKEMPI_v2.0,1CHO,1.45e-06,"E, F, G",I,PDB/SKEMPI_v2.0/1CHO.pdb,7.854465407909244,1CHO,1cho_191,PDB/mutant_pdbs/1cho/1cho_191.pdb
"I_L15R, I_T14R",SKEMPI_v2.0,1CHO,9.58e-07,"E, F, G",I,PDB/SKEMPI_v2.0/1CHO.pdb,8.096615171137309,1CHO,1cho_192,PDB/mutant_pdbs/1cho/1cho_192.pdb
"I_A12R, I_L15R",SKEMPI_v2.0,1CHO,2.15e-08,"E, F, G",I,PDB/SKEMPI_v2.0/1CHO.pdb,10.31484719411356,1CHO,1cho_193,PDB/mutant_pdbs/1cho/1cho_193.pdb
"I_A12R, I_L15R, I_T14K",SKEMPI_v2.0,1CHO,3.46e-06,"E, F, G",I,PDB/SKEMPI_v2.0/1CHO.pdb,7.346350633791588,1CHO,1cho_194,PDB/mutant_pdbs/1cho/1cho_194.pdb
"I_A12R, I_L15R, I_T14P",SKEMPI_v2.0,1CHO,1.67e-05,"E, F, G",I,PDB/SKEMPI_v2.0/1CHO.pdb,6.426678070395493,1CHO,1cho_195,PDB/mutant_pdbs/1cho/1cho_195.pdb
"I_A12R, I_L15R, I_P11S, I_T14P",SKEMPI_v2.0,1CHO,8e-06,"E, F, G",I,PDB/SKEMPI_v2.0/1CHO.pdb,6.856658100685656,1CHO,1cho_196,PDB/mutant_pdbs/1cho/1cho_196.pdb
"I_A12R, I_K10R, I_L15R, I_T14K",SKEMPI_v2.0,1CHO,3.7e-06,"E, F, G",I,PDB/SKEMPI_v2.0/1CHO.pdb,7.307169158355622,1CHO,1cho_197,PDB/mutant_pdbs/1cho/1cho_197.pdb
"I_A12R, I_K10R, I_L15R, I_P11F, I_T14K",SKEMPI_v2.0,1CHO,4.17e-06,"E, F, G",I,PDB/SKEMPI_v2.0/1CHO.pdb,7.237304093089268,1CHO,1cho_198,PDB/mutant_pdbs/1cho/1cho_198.pdb
"I_A12L, I_L15R, I_P11S, I_T14K",SKEMPI_v2.0,1CHO,1.08e-06,"E, F, G",I,PDB/SKEMPI_v2.0/1CHO.pdb,8.026583407572188,1CHO,1cho_199,PDB/mutant_pdbs/1cho/1cho_199.pdb
"I_A12R, I_E16S, I_L15R, I_T14K",SKEMPI_v2.0,1CHO,6.86e-06,"E, F, G",I,PDB/SKEMPI_v2.0/1CHO.pdb,6.946475411767978,1CHO,1cho_200,PDB/mutant_pdbs/1cho/1cho_200.pdb
"I_A12V, I_E16D, I_E7D, I_G29S, I_N25S, I_N42S, I_R18M, I_S48R, I_T14P",SKEMPI_v2.0,1CHO,1.25e-06,"E, F, G",I,PDB/SKEMPI_v2.0/1CHO.pdb,7.941178022583371,1CHO,1cho_201,PDB/mutant_pdbs/1cho/1cho_201.pdb
"I_E16D, I_H49R, I_L15K, I_L20V, I_S48N, I_T14P",SKEMPI_v2.0,1CHO,7.14e-07,"E, F, G",I,PDB/SKEMPI_v2.0/1CHO.pdb,8.26836060239014,1CHO,1cho_202,PDB/mutant_pdbs/1cho/1cho_202.pdb
"I_E16D, I_L15K, I_L20V, I_S48N, I_T14P",SKEMPI_v2.0,1CHO,9.09e-07,"E, F, G",I,PDB/SKEMPI_v2.0/1CHO.pdb,8.127289236843648,1CHO,1cho_203,PDB/mutant_pdbs/1cho/1cho_203.pdb
"I_E16D, I_G29S, I_L15K, I_L20V, I_S48N, I_T14P",SKEMPI_v2.0,1CHO,1.72e-06,"E, F, G",I,PDB/SKEMPI_v2.0/1CHO.pdb,7.754700489082563,1CHO,1cho_204,PDB/mutant_pdbs/1cho/1cho_204.pdb
"I_E16D, I_E40D, I_E7G, I_G29S, I_K10Q, I_L15Q, I_L20F, I_P11S, I_R18V, I_T14P, I_V39A",SKEMPI_v2.0,1CHO,1.67e-06,"E, F, G",I,PDB/SKEMPI_v2.0/1CHO.pdb,7.771935899783586,1CHO,1cho_205,PDB/mutant_pdbs/1cho/1cho_205.pdb
"I_A12V, I_E7D, I_G29S, I_N25S, I_N33D, I_R18M, I_T14S, I_Y8H",SKEMPI_v2.0,1CHO,1.96e-08,"E, F, G",I,PDB/SKEMPI_v2.0/1CHO.pdb,10.368902866926241,1CHO,1cho_206,PDB/mutant_pdbs/1cho/1cho_206.pdb
"I_A12V, I_E7D, I_G29N, I_N25S, I_N33D, I_R18M, I_S48G, I_T14S",SKEMPI_v2.0,1CHO,8.33e-09,"E, F, G",I,PDB/SKEMPI_v2.0/1CHO.pdb,10.868815568263345,1CHO,1cho_207,PDB/mutant_pdbs/1cho/1cho_207.pdb
"I_A12V, I_E40D, I_E7D, I_G29S, I_N25S, I_R18M, I_T14S",SKEMPI_v2.0,1CHO,5.26e-08,"E, F, G",I,PDB/SKEMPI_v2.0/1CHO.pdb,9.792150917904728,1CHO,1cho_208,PDB/mutant_pdbs/1cho/1cho_208.pdb
"I_A12V, I_E40D, I_E7D, I_G29S, I_N25S, I_R18M, I_T14S, I_T46I, I_V3I",SKEMPI_v2.0,1CHO,5e-08,"E, F, G",I,PDB/SKEMPI_v2.0/1CHO.pdb,9.821767764264287,1CHO,1cho_209,PDB/mutant_pdbs/1cho/1cho_209.pdb
"I_A12V, I_E40D, I_E7D, I_G29S, I_N25S, I_R18M, I_T14S, I_V39A",SKEMPI_v2.0,1CHO,2.38e-08,"E, F, G",I,PDB/SKEMPI_v2.0/1CHO.pdb,10.255469535257332,1CHO,1cho_210,PDB/mutant_pdbs/1cho/1cho_210.pdb
"I_E40D, I_E7D, I_G29S, I_K26Q, I_N33S, I_R18M",SKEMPI_v2.0,1CHO,4.76e-11,"E, F, G",I,PDB/SKEMPI_v2.0/1CHO.pdb,13.886280064873976,1CHO,1cho_211,PDB/mutant_pdbs/1cho/1cho_211.pdb
"I_E40D, I_G29S, I_K26Q, I_R18M",SKEMPI_v2.0,1CHO,8.33e-10,"E, F, G",I,PDB/SKEMPI_v2.0/1CHO.pdb,12.21407339765144,1CHO,1cho_212,PDB/mutant_pdbs/1cho/1cho_212.pdb
"I_E40D, I_E7D, I_R18M",SKEMPI_v2.0,1CHO,3.85e-10,"E, F, G",I,PDB/SKEMPI_v2.0/1CHO.pdb,12.664982663710358,1CHO,1cho_213,PDB/mutant_pdbs/1cho/1cho_213.pdb
"I_A12D, I_E40D, I_E7D, I_K10R, I_R18M",SKEMPI_v2.0,1CHO,3.13e-10,"E, F, G",I,PDB/SKEMPI_v2.0/1CHO.pdb,12.785943393987637,1CHO,1cho_214,PDB/mutant_pdbs/1cho/1cho_214.pdb
"I_E40D, I_E7D, I_K31R, I_R18M",SKEMPI_v2.0,1CHO,3.33e-10,"E, F, G",I,PDB/SKEMPI_v2.0/1CHO.pdb,12.749756098337894,1CHO,1cho_215,PDB/mutant_pdbs/1cho/1cho_215.pdb
"I_E40D, I_E7G, I_L15M, I_R18M",SKEMPI_v2.0,1CHO,5e-10,"E, F, G",I,PDB/SKEMPI_v2.0/1CHO.pdb,12.512283423040476,1CHO,1cho_216,PDB/mutant_pdbs/1cho/1cho_216.pdb
"I_E40D, I_E7D, I_L15M, I_R18M",SKEMPI_v2.0,1CHO,5.26e-10,"E, F, G",I,PDB/SKEMPI_v2.0/1CHO.pdb,12.482666576680916,1CHO,1cho_217,PDB/mutant_pdbs/1cho/1cho_217.pdb
"I_E40D, I_E7D, I_G29D, I_L15V, I_R18M",SKEMPI_v2.0,1CHO,5e-05,"E, F, G",I,PDB/SKEMPI_v2.0/1CHO.pdb,5.785994276100007,1CHO,1cho_218,PDB/mutant_pdbs/1cho/1cho_218.pdb
"I_E40D, I_E7D, I_L15V, I_R18M",SKEMPI_v2.0,1CHO,3.7e-07,"E, F, G",I,PDB/SKEMPI_v2.0/1CHO.pdb,8.652426987743716,1CHO,1cho_219,PDB/mutant_pdbs/1cho/1cho_219.pdb
"I_E40D, I_E7D, I_L15M, I_R18M, I_T14R",SKEMPI_v2.0,1CHO,3.23e-07,"E, F, G",I,PDB/SKEMPI_v2.0/1CHO.pdb,8.731796125806571,1CHO,1cho_220,PDB/mutant_pdbs/1cho/1cho_220.pdb
"I_E40D, I_E7G, I_K52E, I_L15M, I_R18M",SKEMPI_v2.0,1CHO,1.28e-10,"E, F, G",I,PDB/SKEMPI_v2.0/1CHO.pdb,13.308353242823678,1CHO,1cho_221,PDB/mutant_pdbs/1cho/1cho_221.pdb
"I_D4N, I_E40D, I_E7G, I_K52E, I_L15M, I_R18M",SKEMPI_v2.0,1CHO,1.33e-10,"E, F, G",I,PDB/SKEMPI_v2.0/1CHO.pdb,13.285965904187398,1CHO,1cho_222,PDB/mutant_pdbs/1cho/1cho_222.pdb
"I_A12V, I_E40D, I_E7D, I_G29S, I_N25S, I_N33D, I_R18M, I_T14S, I_T46N",SKEMPI_v2.0,1CHO,7.14e-09,"E, F, G",I,PDB/SKEMPI_v2.0/1CHO.pdb,10.958876261166328,1CHO,1cho_223,PDB/mutant_pdbs/1cho/1cho_223.pdb
"I_A12V, I_E40D, I_E7D, I_G29S, I_N25S, I_N33D, I_R18M, I_T14S",SKEMPI_v2.0,1CHO,9.09e-09,"E, F, G",I,PDB/SKEMPI_v2.0/1CHO.pdb,10.817804895619835,1CHO,1cho_224,PDB/mutant_pdbs/1cho/1cho_224.pdb
"I_A12V, I_E40D, I_E7D, I_G29S, I_N25S, I_N33D, I_R18M, I_T14S, I_T46S, I_V38F",SKEMPI_v2.0,1CHO,6.67e-09,"E, F, G",I,PDB/SKEMPI_v2.0/1CHO.pdb,10.998658734015612,1CHO,1cho_225,PDB/mutant_pdbs/1cho/1cho_225.pdb
"I_A12V, I_E40D, I_G29S, I_K26Q, I_K31E, I_N25S, I_R18M, I_T14S",SKEMPI_v2.0,1CHO,3.85e-07,"E, F, G",I,PDB/SKEMPI_v2.0/1CHO.pdb,8.629209175546078,1CHO,1cho_226,PDB/mutant_pdbs/1cho/1cho_226.pdb
"I_E40D, I_E7D, I_G29D, I_L15Q, I_L20I, I_N33S, I_R18K, I_T14L, I_Y17Q, I_Y8H",SKEMPI_v2.0,1CHO,0.000667,"E, F, G",I,PDB/SKEMPI_v2.0/1CHO.pdb,4.272369587075144,1CHO,1cho_227,PDB/mutant_pdbs/1cho/1cho_227.pdb
"I_E40D, I_E7D, I_G29D, I_L15Q, I_N33S, I_R18K, I_T14L, I_Y17Q, I_Y8H",SKEMPI_v2.0,1CHO,0.000769,"E, F, G",I,PDB/SKEMPI_v2.0/1CHO.pdb,4.189231972673362,1CHO,1cho_228,PDB/mutant_pdbs/1cho/1cho_228.pdb
I_L15M,SKEMPI_v2.0,1CHO,9.09e-12,"E, F, G",I,PDB/SKEMPI_v2.0/1CHO.pdb,14.853578383784114,1CHO,1cho_229,PDB/mutant_pdbs/1cho/1cho_229.pdb
"I_K52T, I_L15M, I_T46N",SKEMPI_v2.0,1CHO,1.59e-11,"E, F, G",I,PDB/SKEMPI_v2.0/1CHO.pdb,14.526905064960692,1CHO,1cho_230,PDB/mutant_pdbs/1cho/1cho_230.pdb
"I_G29A, I_N25S",SKEMPI_v2.0,1CHO,1.23e-12,"E, F, G",I,PDB/SKEMPI_v2.0/1CHO.pdb,16.02214839759126,1CHO,1cho_231,PDB/mutant_pdbs/1cho/1cho_231.pdb
"I_A12D, I_G29A",SKEMPI_v2.0,1CHO,1.22e-12,"E, F, G",I,PDB/SKEMPI_v2.0/1CHO.pdb,16.026917714297284,1CHO,1cho_232,PDB/mutant_pdbs/1cho/1cho_232.pdb
"I_A12D, I_G29A, I_N30S",SKEMPI_v2.0,1CHO,5e-12,"E, F, G",I,PDB/SKEMPI_v2.0/1CHO.pdb,15.20279908181666,1CHO,1cho_233,PDB/mutant_pdbs/1cho/1cho_233.pdb
I_G29A,SKEMPI_v2.0,1CHO,1.43e-12,"E, F, G",I,PDB/SKEMPI_v2.0/1CHO.pdb,15.934126932071123,1CHO,1cho_234,PDB/mutant_pdbs/1cho/1cho_234.pdb
"I_G29V, I_L15S, I_T14M",SKEMPI_v2.0,1CHO,2.04e-05,"E, F, G",I,PDB/SKEMPI_v2.0/1CHO.pdb,6.30975673999603,1CHO,1cho_235,PDB/mutant_pdbs/1cho/1cho_235.pdb
"I_L20I, I_R18V",SKEMPI_v2.0,1CHO,2.04e-10,"E, F, G",I,PDB/SKEMPI_v2.0/1CHO.pdb,13.036045886936495,1CHO,1cho_236,PDB/mutant_pdbs/1cho/1cho_236.pdb
"I_L15S, I_L20I, I_R18V",SKEMPI_v2.0,1CHO,1.04e-06,"E, F, G",I,PDB/SKEMPI_v2.0/1CHO.pdb,8.048632743276253,1CHO,1cho_237,PDB/mutant_pdbs/1cho/1cho_237.pdb
I_N25S,SKEMPI_v2.0,1CHO,5.26e-12,"E, F, G",I,PDB/SKEMPI_v2.0/1CHO.pdb,15.173182235457102,1CHO,1cho_238,PDB/mutant_pdbs/1cho/1cho_238.pdb
"I_E40K, I_K26I, I_L15M, I_L20V",SKEMPI_v2.0,1CHO,3.03e-11,"E, F, G",I,PDB/SKEMPI_v2.0/1CHO.pdb,14.150171657875118,1CHO,1cho_239,PDB/mutant_pdbs/1cho/1cho_239.pdb
"I_A12G, I_E40K, I_K26I, I_L15M, I_L20V",SKEMPI_v2.0,1CHO,3.45e-11,"E, F, G",I,PDB/SKEMPI_v2.0/1CHO.pdb,14.074330774827285,1CHO,1cho_240,PDB/mutant_pdbs/1cho/1cho_240.pdb
"I_L15M, I_N33D, I_S48N",SKEMPI_v2.0,1CHO,2.33e-12,"E, F, G",I,PDB/SKEMPI_v2.0/1CHO.pdb,15.648905523724794,1CHO,1cho_241,PDB/mutant_pdbs/1cho/1cho_241.pdb
"I_E7D, I_K10M, I_L15M, I_L20V",SKEMPI_v2.0,1CHO,1.28e-11,"E, F, G",I,PDB/SKEMPI_v2.0/1CHO.pdb,14.653611072211772,1CHO,1cho_242,PDB/mutant_pdbs/1cho/1cho_242.pdb
"I_E7G, I_F50P, I_G29S, I_H49Y, I_K26T, I_K52V, I_L15M, I_L20I, I_Y17S",SKEMPI_v2.0,1CHO,5.88e-10,"E, F, G",I,PDB/SKEMPI_v2.0/1CHO.pdb,12.417567422223332,1CHO,1cho_243,PDB/mutant_pdbs/1cho/1cho_243.pdb
"I_A12T, I_L15M",SKEMPI_v2.0,1CHO,2.5e-11,"E, F, G",I,PDB/SKEMPI_v2.0/1CHO.pdb,14.262504210976203,1CHO,1cho_244,PDB/mutant_pdbs/1cho/1cho_244.pdb
"I_G29D, I_L15M, I_T27S",SKEMPI_v2.0,1CHO,2.22e-09,"E, F, G",I,PDB/SKEMPI_v2.0/1CHO.pdb,11.641386413881264,1CHO,1cho_245,PDB/mutant_pdbs/1cho/1cho_245.pdb
"I_A12D, I_L15A, I_Y17D",SKEMPI_v2.0,1CHO,0.000526,"E, F, G",I,PDB/SKEMPI_v2.0/1CHO.pdb,4.411119600352356,1CHO,1cho_246,PDB/mutant_pdbs/1cho/1cho_246.pdb
"I_H49R, I_K52Q, I_L15M, I_S48N",SKEMPI_v2.0,1CHO,8.33e-12,"E, F, G",I,PDB/SKEMPI_v2.0/1CHO.pdb,14.904589056427627,1CHO,1cho_247,PDB/mutant_pdbs/1cho/1cho_247.pdb
"I_H49R, I_L15M",SKEMPI_v2.0,1CHO,6.67e-12,"E, F, G",I,PDB/SKEMPI_v2.0/1CHO.pdb,15.034432222179891,1CHO,1cho_248,PDB/mutant_pdbs/1cho/1cho_248.pdb
"I_H49R, I_K52E, I_L15M",SKEMPI_v2.0,1CHO,2.5e-12,"E, F, G",I,PDB/SKEMPI_v2.0/1CHO.pdb,15.607762040364296,1CHO,1cho_249,PDB/mutant_pdbs/1cho/1cho_249.pdb
"I_L15M, I_S48N",SKEMPI_v2.0,1CHO,1e-11,"E, F, G",I,PDB/SKEMPI_v2.0/1CHO.pdb,14.797836123269027,1CHO,1cho_250,PDB/mutant_pdbs/1cho/1cho_250.pdb
"I_G29S, I_N33D, I_T27I, I_V39L, I_Y17D, I_Y8H",SKEMPI_v2.0,1CHO,5.88e-07,"E, F, G",I,PDB/SKEMPI_v2.0/1CHO.pdb,8.381793934059052,1CHO,1cho_251,PDB/mutant_pdbs/1cho/1cho_251.pdb
I_Y17H,SKEMPI_v2.0,1CHO,5.88e-11,"E, F, G",I,PDB/SKEMPI_v2.0/1CHO.pdb,13.762825251611424,1CHO,1cho_252,PDB/mutant_pdbs/1cho/1cho_252.pdb
"I_L15M, I_Y17Q",SKEMPI_v2.0,1CHO,2e-09,"E, F, G",I,PDB/SKEMPI_v2.0/1CHO.pdb,11.702357505945207,1CHO,1cho_253,PDB/mutant_pdbs/1cho/1cho_253.pdb
"I_G29D, I_L15M",SKEMPI_v2.0,1CHO,1.69e-09,"E, F, G",I,PDB/SKEMPI_v2.0/1CHO.pdb,11.800754090897843,1CHO,1cho_254,PDB/mutant_pdbs/1cho/1cho_254.pdb
"I_G29D, I_K26Q, I_L15M, I_Y17H",SKEMPI_v2.0,1CHO,6.67e-09,"E, F, G",I,PDB/SKEMPI_v2.0/1CHO.pdb,10.998658734015612,1CHO,1cho_255,PDB/mutant_pdbs/1cho/1cho_255.pdb
"I_E40D, I_E7D, I_G29D, I_N33S, I_R18M, I_T14L, I_T46S",SKEMPI_v2.0,1CHO,3.03e-05,"E, F, G",I,PDB/SKEMPI_v2.0/1CHO.pdb,6.078624681546557,1CHO,1cho_256,PDB/mutant_pdbs/1cho/1cho_256.pdb
"I_A12G, I_G29N, I_K52E, I_L15M, I_N30D, I_R18L, I_S48N, I_T14M, I_Y17R",SKEMPI_v2.0,1CHO,2.94e-05,"E, F, G",I,PDB/SKEMPI_v2.0/1CHO.pdb,6.096241233830501,1CHO,1cho_257,PDB/mutant_pdbs/1cho/1cho_257.pdb
"I_E40D, I_E7D, I_G29S, I_L20F, I_N25S, I_R18M",SKEMPI_v2.0,1CHO,4.76e-10,"E, F, G",I,PDB/SKEMPI_v2.0/1CHO.pdb,12.541022235485883,1CHO,1cho_258,PDB/mutant_pdbs/1cho/1cho_258.pdb
"I_E40D, I_E7G, I_G29S, I_K10Q, I_L20F, I_N33D, I_R18V, I_T14S, I_V39A",SKEMPI_v2.0,1CHO,8.33e-11,"E, F, G",I,PDB/SKEMPI_v2.0/1CHO.pdb,13.559331227039534,1CHO,1cho_259,PDB/mutant_pdbs/1cho/1cho_259.pdb
"I_E16D, I_E40D, I_E7D, I_G29S, I_G51E, I_N25S, I_R18M, I_T14S",SKEMPI_v2.0,1CHO,2.17e-06,"E, F, G",I,PDB/SKEMPI_v2.0/1CHO.pdb,7.618921885094992,1CHO,1cho_260,PDB/mutant_pdbs/1cho/1cho_260.pdb
"I_A12V, I_E40D, I_E7D, I_R18M, I_Y17E",SKEMPI_v2.0,1CHO,2.86e-06,"E, F, G",I,PDB/SKEMPI_v2.0/1CHO.pdb,7.457616997194929,1CHO,1cho_261,PDB/mutant_pdbs/1cho/1cho_261.pdb
"I_A12V, I_E40D, I_E7D, I_R18M, I_T14S, I_V39A",SKEMPI_v2.0,1CHO,3.7e-08,"E, F, G",I,PDB/SKEMPI_v2.0/1CHO.pdb,9.997684817131809,1CHO,1cho_262,PDB/mutant_pdbs/1cho/1cho_262.pdb
"I_A12V, I_D4N, I_E16L, I_E40D, I_E7D, I_R18M, I_T14S, I_V39A",SKEMPI_v2.0,1CHO,2.86e-07,"E, F, G",I,PDB/SKEMPI_v2.0/1CHO.pdb,8.802874826583022,1CHO,1cho_263,PDB/mutant_pdbs/1cho/1cho_263.pdb
"I_E16D, I_E40D, I_G29S, I_L20I, I_N25S, I_N33D, I_V39M, I_Y8H",SKEMPI_v2.0,1CHO,6.67e-12,"E, F, G",I,PDB/SKEMPI_v2.0/1CHO.pdb,15.034432222179891,1CHO,1cho_264,PDB/mutant_pdbs/1cho/1cho_264.pdb
"I_A12V, I_E16D, I_E40D, I_E7D, I_G29S, I_K26T, I_L45I, I_R18M",SKEMPI_v2.0,1CHO,7.69e-08,"E, F, G",I,PDB/SKEMPI_v2.0/1CHO.pdb,9.570263290225734,1CHO,1cho_265,PDB/mutant_pdbs/1cho/1cho_265.pdb
"I_A12V, I_E16D, I_E40D, I_E7D, I_G29N, I_K26T, I_L45I, I_N33I, I_R18M, I_T14S",SKEMPI_v2.0,1CHO,2e-06,"E, F, G",I,PDB/SKEMPI_v2.0/1CHO.pdb,7.6665840177809255,1CHO,1cho_266,PDB/mutant_pdbs/1cho/1cho_266.pdb
"I_A12V, I_E16D, I_E40D, I_E7D, I_G29S, I_K10R, I_K52R, I_L45I, I_R18M",SKEMPI_v2.0,1CHO,2.56e-08,"E, F, G",I,PDB/SKEMPI_v2.0/1CHO.pdb,10.212874625499857,1CHO,1cho_267,PDB/mutant_pdbs/1cho/1cho_267.pdb
"I_A12V, I_E16D, I_E40D, I_E7D, I_G29S, I_K52R, I_L45I, I_R18M",SKEMPI_v2.0,1CHO,5.88e-08,"E, F, G",I,PDB/SKEMPI_v2.0/1CHO.pdb,9.727051763447145,1CHO,1cho_268,PDB/mutant_pdbs/1cho/1cho_268.pdb
"I_A12D, I_L15A",SKEMPI_v2.0,1CHO,1.82e-08,"E, F, G",I,PDB/SKEMPI_v2.0/1CHO.pdb,10.412199564217996,1CHO,1cho_269,PDB/mutant_pdbs/1cho/1cho_269.pdb
"I_G29D, I_L15K, I_T14P",SKEMPI_v2.0,1CHO,0.0001,"E, F, G",I,PDB/SKEMPI_v2.0/1CHO.pdb,5.381031317552373,1CHO,1cho_270,PDB/mutant_pdbs/1cho/1cho_270.pdb
"I_L15K, I_T14P",SKEMPI_v2.0,1CHO,7.14e-06,"E, F, G",I,PDB/SKEMPI_v2.0/1CHO.pdb,6.9231027730020465,1CHO,1cho_271,PDB/mutant_pdbs/1cho/1cho_271.pdb
"I_E40D, I_E7D, I_G29D, I_L15M, I_R18M",SKEMPI_v2.0,1CHO,7.14e-08,"E, F, G",I,PDB/SKEMPI_v2.0/1CHO.pdb,9.613618431778233,1CHO,1cho_272,PDB/mutant_pdbs/1cho/1cho_272.pdb
I_G29V,SKEMPI_v2.0,1CHO,1.43e-11,"E, F, G",I,PDB/SKEMPI_v2.0/1CHO.pdb,14.588869102683029,1CHO,1cho_273,PDB/mutant_pdbs/1cho/1cho_273.pdb
I_Y17D,SKEMPI_v2.0,1CHO,1.59e-07,"E, F, G",I,PDB/SKEMPI_v2.0/1CHO.pdb,9.145873747408318,1CHO,1cho_274,PDB/mutant_pdbs/1cho/1cho_274.pdb
I_T14E,SKEMPI_v2.0,1CHO,2.04e-08,"E, F, G",I,PDB/SKEMPI_v2.0/1CHO.pdb,10.34553022816031,1CHO,1cho_275,PDB/mutant_pdbs/1cho/1cho_275.pdb
"I_E40D, I_E7D, I_L15F, I_R18M",SKEMPI_v2.0,1CHO,3.03e-11,"E, F, G",I,PDB/SKEMPI_v2.0/1CHO.pdb,14.150171657875118,1CHO,1cho_276,PDB/mutant_pdbs/1cho/1cho_276.pdb
I_T14S,SKEMPI_v2.0,1CHO,2.78e-10,"E, F, G",I,PDB/SKEMPI_v2.0/1CHO.pdb,12.855223555573103,1CHO,1cho_277,PDB/mutant_pdbs/1cho/1cho_277.pdb
I_T14V,SKEMPI_v2.0,1CHO,1.32e-09,"E, F, G",I,PDB/SKEMPI_v2.0/1CHO.pdb,11.94511743951807,1CHO,1cho_278,PDB/mutant_pdbs/1cho/1cho_278.pdb
I_A12V,SKEMPI_v2.0,1CHO,2.5e-11,"E, F, G",I,PDB/SKEMPI_v2.0/1CHO.pdb,14.262504210976203,1CHO,1cho_279,PDB/mutant_pdbs/1cho/1cho_279.pdb
"I_A12V, I_T14S",SKEMPI_v2.0,1CHO,2.33e-09,"E, F, G",I,PDB/SKEMPI_v2.0/1CHO.pdb,11.613132035560515,1CHO,1cho_280,PDB/mutant_pdbs/1cho/1cho_280.pdb
I_T14A,SKEMPI_v2.0,1CHO,7.69e-09,"E, F, G",I,PDB/SKEMPI_v2.0/1CHO.pdb,10.915521119613828,1CHO,1cho_281,PDB/mutant_pdbs/1cho/1cho_281.pdb
I_L15K,SKEMPI_v2.0,1CHO,7.14e-09,"E, F, G",I,PDB/SKEMPI_v2.0/1CHO.pdb,10.958876261166328,1CHO,1cho_282,PDB/mutant_pdbs/1cho/1cho_282.pdb
I_L15A,SKEMPI_v2.0,1CHO,2.17e-08,"E, F, G",I,PDB/SKEMPI_v2.0/1CHO.pdb,10.309437543871178,1CHO,1cho_283,PDB/mutant_pdbs/1cho/1cho_283.pdb
I_L15E,SKEMPI_v2.0,1CHO,5.56e-07,"E, F, G",I,PDB/SKEMPI_v2.0/1CHO.pdb,8.414487108861188,1CHO,1cho_284,PDB/mutant_pdbs/1cho/1cho_284.pdb
I_L15Q,SKEMPI_v2.0,1CHO,2.13e-09,"E, F, G",I,PDB/SKEMPI_v2.0/1CHO.pdb,11.665565231955522,1CHO,1cho_285,PDB/mutant_pdbs/1cho/1cho_285.pdb
"I_L15R, I_T14K",SKEMPI_v2.0,1CHO,1.25e-06,"E, F, G",I,PDB/SKEMPI_v2.0/1CHO.pdb,7.941178022583371,1CHO,1cho_286,PDB/mutant_pdbs/1cho/1cho_286.pdb
"I_L15R, I_T14R",SKEMPI_v2.0,1CHO,1e-06,"E, F, G",I,PDB/SKEMPI_v2.0/1CHO.pdb,8.071546976328559,1CHO,1cho_287,PDB/mutant_pdbs/1cho/1cho_287.pdb
"I_A12R, I_L15R",SKEMPI_v2.0,1CHO,2.08e-08,"E, F, G",I,PDB/SKEMPI_v2.0/1CHO.pdb,10.334185443504804,1CHO,1cho_288,PDB/mutant_pdbs/1cho/1cho_288.pdb
"I_A12R, I_L15R, I_T14K",SKEMPI_v2.0,1CHO,3.57e-06,"E, F, G",I,PDB/SKEMPI_v2.0/1CHO.pdb,7.328065731549681,1CHO,1cho_289,PDB/mutant_pdbs/1cho/1cho_289.pdb
"I_A12R, I_L15R, I_T14P",SKEMPI_v2.0,1CHO,1.72e-05,"E, F, G",I,PDB/SKEMPI_v2.0/1CHO.pdb,6.409442659694468,1CHO,1cho_290,PDB/mutant_pdbs/1cho/1cho_290.pdb
"I_A12R, I_L15R, I_P11S, I_T14P",SKEMPI_v2.0,1CHO,8.33e-06,"E, F, G",I,PDB/SKEMPI_v2.0/1CHO.pdb,6.833042080099067,1CHO,1cho_291,PDB/mutant_pdbs/1cho/1cho_291.pdb
"I_A12Y, I_K10T, I_P11E",SKEMPI_v2.0,1CHO,1.06e-12,"E, F, G",I,PDB/SKEMPI_v2.0/1CHO.pdb,16.163843729890047,1CHO,1cho_292,PDB/mutant_pdbs/1cho/1cho_292.pdb
"I_A12Y, I_G29P, I_K10T, I_L15G, I_N33V, I_P11E, I_R18M",SKEMPI_v2.0,1CHO,1.07e-07,"E, F, G",I,PDB/SKEMPI_v2.0/1CHO.pdb,9.40917154549301,1CHO,1cho_293,PDB/mutant_pdbs/1cho/1cho_293.pdb
"I_A12Y, I_K10S, I_P11D",SKEMPI_v2.0,1CHO,9.09e-13,"E, F, G",I,PDB/SKEMPI_v2.0/1CHO.pdb,16.253934295529938,1CHO,1cho_294,PDB/mutant_pdbs/1cho/1cho_294.pdb
"I_A12Y, I_E16I, I_K10S, I_L15G, I_P11D, I_R18K",SKEMPI_v2.0,1CHO,1.11e-06,"E, F, G",I,PDB/SKEMPI_v2.0/1CHO.pdb,8.037822741013818,1CHO,1cho_295,PDB/mutant_pdbs/1cho/1cho_295.pdb
I_L38G,SKEMPI_v2.0,1CSE,5.26e-11,E,I,PDB/SKEMPI_v2.0/1CSE.pdb,13.827924406069007,1CSE,1cse_1,PDB/mutant_pdbs/1cse/1cse_1.pdb
I_L38S,SKEMPI_v2.0,1CSE,8.33e-12,E,I,PDB/SKEMPI_v2.0/1CSE.pdb,14.904589056427627,1CSE,1cse_2,PDB/mutant_pdbs/1cse/1cse_2.pdb
I_L38P,SKEMPI_v2.0,1CSE,1.02e-07,E,I,PDB/SKEMPI_v2.0/1CSE.pdb,9.405235357319851,1CSE,1cse_3,PDB/mutant_pdbs/1cse/1cse_3.pdb
I_L38I,SKEMPI_v2.0,1CSE,1.72e-10,E,I,PDB/SKEMPI_v2.0/1CSE.pdb,13.135731806634935,1CSE,1cse_4,PDB/mutant_pdbs/1cse/1cse_4.pdb
I_L38D,SKEMPI_v2.0,1CSE,1.92e-09,E,I,PDB/SKEMPI_v2.0/1CSE.pdb,11.726207268504123,1CSE,1cse_5,PDB/mutant_pdbs/1cse/1cse_5.pdb
I_L38E,SKEMPI_v2.0,1CSE,6.25e-11,E,I,PDB/SKEMPI_v2.0/1CSE.pdb,13.727172298683378,1CSE,1cse_6,PDB/mutant_pdbs/1cse/1cse_6.pdb
I_I13L,SKEMPI_v2.0,1CSO,1.79e-11,E,I,PDB/SKEMPI_v2.0/1CSO.pdb,14.457683603658815,1CSO,1cso_1,PDB/mutant_pdbs/1cso/1cso_1.pdb
I_S13L,SKEMPI_v2.0,1CT0,1.79e-11,E,I,PDB/SKEMPI_v2.0/1CT0.pdb,14.457683603658815,1CT0,1ct0_1,PDB/mutant_pdbs/1ct0/1ct0_1.pdb
I_T13L,SKEMPI_v2.0,1CT2,1.79e-11,E,I,PDB/SKEMPI_v2.0/1CT2.pdb,14.457683603658815,1CT2,1ct2_1,PDB/mutant_pdbs/1ct2/1ct2_1.pdb
I_V13L,SKEMPI_v2.0,1CT4,1.79e-11,E,I,PDB/SKEMPI_v2.0/1CT4.pdb,14.457683603658815,1CT4,1ct4_1,PDB/mutant_pdbs/1ct4/1ct4_1.pdb
"H_D28T, H_H31N, H_T105S, H_Y101H, L_L4M",SKEMPI_v2.0,1CZ8,2.9e-09,"H, L","V, W",PDB/SKEMPI_v2.0/1CZ8.pdb,11.641538195179306,1CZ8,1cz8_1,PDB/mutant_pdbs/1cz8/1cz8_1.pdb
"H_D28T, H_H31N, H_Y103R, L_L4M",SKEMPI_v2.0,1CZ8,4e-10,"H, L","V, W",PDB/SKEMPI_v2.0/1CZ8.pdb,12.8146612526603,1CZ8,1cz8_2,PDB/mutant_pdbs/1cz8/1cz8_2.pdb
"H_D28T, H_H31N, L_L4M",SKEMPI_v2.0,1CZ8,3e-10,"H, L","V, W",PDB/SKEMPI_v2.0/1CZ8.pdb,12.985022798434516,1CZ8,1cz8_3,PDB/mutant_pdbs/1cz8/1cz8_3.pdb
"H_D28T, H_G104A, H_H31N, H_T105K, H_Y103I, L_L4M",SKEMPI_v2.0,1CZ8,1.4e-09,"H, L","V, W",PDB/SKEMPI_v2.0/1CZ8.pdb,12.072791472653979,1CZ8,1cz8_4,PDB/mutant_pdbs/1cz8/1cz8_4.pdb
"H_D28T, H_H31N, H_Y103W, L_L4M",SKEMPI_v2.0,1CZ8,5e-10,"H, L","V, W",PDB/SKEMPI_v2.0/1CZ8.pdb,12.682518571653272,1CZ8,1cz8_5,PDB/mutant_pdbs/1cz8/1cz8_5.pdb
"H_D28T, H_G104N, H_H31N, H_Y103R, L_L4M",SKEMPI_v2.0,1CZ8,8e-10,"H, L","V, W",PDB/SKEMPI_v2.0/1CZ8.pdb,12.404188593996372,1CZ8,1cz8_6,PDB/mutant_pdbs/1cz8/1cz8_6.pdb
"H_D28T, H_H31N, H_T105S, H_Y101H, H_Y54W, L_L4M",SKEMPI_v2.0,1CZ8,2.3e-09,"H, L","V, W",PDB/SKEMPI_v2.0/1CZ8.pdb,11.778808067254435,1CZ8,1cz8_7,PDB/mutant_pdbs/1cz8/1cz8_7.pdb
"H_T105S, H_Y101H, L_L4M",SKEMPI_v2.0,1CZ8,9e-10,"H, L","V, W",PDB/SKEMPI_v2.0/1CZ8.pdb,12.334439026880876,1CZ8,1cz8_8,PDB/mutant_pdbs/1cz8/1cz8_8.pdb
"H_D28T, H_H31N, H_L72V, H_T105S, H_T74V, H_Y101H, L_L4M",SKEMPI_v2.0,1CZ8,9e-09,"H, L","V, W",PDB/SKEMPI_v2.0/1CZ8.pdb,10.970878369882058,1CZ8,1cz8_9,PDB/mutant_pdbs/1cz8/1cz8_9.pdb
"H_D28T, H_H31N, H_L72I, H_T105S, H_T74K, H_Y101H, L_L4M",SKEMPI_v2.0,1CZ8,3.3e-09,"H, L","V, W",PDB/SKEMPI_v2.0/1CZ8.pdb,11.565020704466408,1CZ8,1cz8_10,PDB/mutant_pdbs/1cz8/1cz8_10.pdb
"H_Y54W, L_L4M",SKEMPI_v2.0,1CZ8,3.8e-10,"H, L","V, W",PDB/SKEMPI_v2.0/1CZ8.pdb,12.845036468068207,1CZ8,1cz8_11,PDB/mutant_pdbs/1cz8/1cz8_11.pdb
L_L4M,SKEMPI_v2.0,1CZ8,1.5e-10,"H, L","V, W",PDB/SKEMPI_v2.0/1CZ8.pdb,13.395495457098447,1CZ8,1cz8_12,PDB/mutant_pdbs/1cz8/1cz8_12.pdb
"H_H31N, H_T105S, H_Y101H, L_L4M",SKEMPI_v2.0,1CZ8,2e-09,"H, L","V, W",PDB/SKEMPI_v2.0/1CZ8.pdb,11.861573254325416,1CZ8,1cz8_13,PDB/mutant_pdbs/1cz8/1cz8_13.pdb
"H_D28T, H_T105S, H_Y101H, L_L4M",SKEMPI_v2.0,1CZ8,8e-10,"H, L","V, W",PDB/SKEMPI_v2.0/1CZ8.pdb,12.404188593996372,1CZ8,1cz8_14,PDB/mutant_pdbs/1cz8/1cz8_14.pdb
"H_D28T, H_H31N, H_T105S, L_L4M",SKEMPI_v2.0,1CZ8,2e-10,"H, L","V, W",PDB/SKEMPI_v2.0/1CZ8.pdb,13.22513391132423,1CZ8,1cz8_15,PDB/mutant_pdbs/1cz8/1cz8_15.pdb
"H_D28T, H_H31N, H_Y101H, L_L4M",SKEMPI_v2.0,1CZ8,1.5e-09,"H, L","V, W",PDB/SKEMPI_v2.0/1CZ8.pdb,12.03193480009963,1CZ8,1cz8_16,PDB/mutant_pdbs/1cz8/1cz8_16.pdb
"H_D28T, H_G104D, H_H31N, H_T105N, H_Y103R, L_L4M",SKEMPI_v2.0,1CZ8,5.4e-10,"H, L","V, W",PDB/SKEMPI_v2.0/1CZ8.pdb,12.63694325366212,1CZ8,1cz8_17,PDB/mutant_pdbs/1cz8/1cz8_17.pdb
"T_S42G, T_W40R",SKEMPI_v2.0,1DAN,3.17e-11,"H, L","T, U",PDB/SKEMPI_v2.0/1DAN.pdb,14.89242343745845,1DAN,1dan_1,PDB/mutant_pdbs/1dan/1dan_1.pdb
T_W40A,SKEMPI_v2.0,1DAN,3.27e-11,"H, L","T, U",PDB/SKEMPI_v2.0/1DAN.pdb,14.873290430022811,1DAN,1dan_2,PDB/mutant_pdbs/1dan/1dan_2.pdb
T_S42A,SKEMPI_v2.0,1DAN,2.1e-12,"H, L","T, U",PDB/SKEMPI_v2.0/1DAN.pdb,16.564571552133625,1DAN,1dan_3,PDB/mutant_pdbs/1dan/1dan_3.pdb
T_V28A,SKEMPI_v2.0,1DAN,1.9e-12,"H, L","T, U",PDB/SKEMPI_v2.0/1DAN.pdb,16.626226297403445,1DAN,1dan_4,PDB/mutant_pdbs/1dan/1dan_4.pdb
T_Y46A,SKEMPI_v2.0,1DAN,2.1e-12,"H, L","T, U",PDB/SKEMPI_v2.0/1DAN.pdb,16.564571552133625,1DAN,1dan_5,PDB/mutant_pdbs/1dan/1dan_5.pdb
T_F71A,SKEMPI_v2.0,1DAN,1.68e-11,"H, L","T, U",PDB/SKEMPI_v2.0/1DAN.pdb,15.28356627509519,1DAN,1dan_6,PDB/mutant_pdbs/1dan/1dan_6.pdb
T_Y73A,SKEMPI_v2.0,1DAN,7.5e-12,"H, L","T, U",PDB/SKEMPI_v2.0/1DAN.pdb,15.780382280389157,1DAN,1dan_7,PDB/mutant_pdbs/1dan/1dan_7.pdb
U_P2A,SKEMPI_v2.0,1DAN,1.9e-12,"H, L","T, U",PDB/SKEMPI_v2.0/1DAN.pdb,16.626226297403445,1DAN,1dan_8,PDB/mutant_pdbs/1dan/1dan_8.pdb
U_Y4A,SKEMPI_v2.0,1DAN,4.4e-12,"H, L","T, U",PDB/SKEMPI_v2.0/1DAN.pdb,16.10891191343449,1DAN,1dan_9,PDB/mutant_pdbs/1dan/1dan_9.pdb
T_V31A,SKEMPI_v2.0,1DAN,2.1e-12,"H, L","T, U",PDB/SKEMPI_v2.0/1DAN.pdb,16.564571552133625,1DAN,1dan_10,PDB/mutant_pdbs/1dan/1dan_10.pdb
T_Q32A,SKEMPI_v2.0,1DAN,8.9e-12,"H, L","T, U",PDB/SKEMPI_v2.0/1DAN.pdb,15.674949251882053,1DAN,1dan_11,PDB/mutant_pdbs/1dan/1dan_11.pdb
T_I33A,SKEMPI_v2.0,1DAN,2.1e-12,"H, L","T, U",PDB/SKEMPI_v2.0/1DAN.pdb,16.564571552133625,1DAN,1dan_12,PDB/mutant_pdbs/1dan/1dan_12.pdb
T_G38A,SKEMPI_v2.0,1DAN,2.9e-12,"H, L","T, U",PDB/SKEMPI_v2.0/1DAN.pdb,16.365732387632494,1DAN,1dan_13,PDB/mutant_pdbs/1dan/1dan_13.pdb
T_K43A,SKEMPI_v2.0,1DAN,1.23e-11,"H, L","T, U",PDB/SKEMPI_v2.0/1DAN.pdb,15.475632912050962,1DAN,1dan_14,PDB/mutant_pdbs/1dan/1dan_14.pdb
"T_C44S, T_C52S",SKEMPI_v2.0,1DAN,1.5e-12,"H, L","T, U",PDB/SKEMPI_v2.0/1DAN.pdb,16.771849661207327,1DAN,1dan_15,PDB/mutant_pdbs/1dan/1dan_15.pdb
T_T55A,SKEMPI_v2.0,1DAN,1.11e-10,"H, L","T, U",PDB/SKEMPI_v2.0/1DAN.pdb,14.12040215157574,1DAN,1dan_16,PDB/mutant_pdbs/1dan/1dan_16.pdb
"T_T55A, U_F50A",SKEMPI_v2.0,1DAN,3.85e-09,"H, L","T, U",PDB/SKEMPI_v2.0/1DAN.pdb,11.935764281088103,1DAN,1dan_17,PDB/mutant_pdbs/1dan/1dan_17.pdb
"T_K15A, T_T55A",SKEMPI_v2.0,1DAN,4.51e-10,"H, L","T, U",PDB/SKEMPI_v2.0/1DAN.pdb,13.25676216165459,1DAN,1dan_18,PDB/mutant_pdbs/1dan/1dan_18.pdb
T_D39A,SKEMPI_v2.0,1DAN,2.67e-11,"H, L","T, U",PDB/SKEMPI_v2.0/1DAN.pdb,14.998167476104776,1DAN,1dan_19,PDB/mutant_pdbs/1dan/1dan_19.pdb
"T_D39A, T_W40A",SKEMPI_v2.0,1DAN,3.31e-11,"H, L","T, U",PDB/SKEMPI_v2.0/1DAN.pdb,14.865800570949702,1DAN,1dan_20,PDB/mutant_pdbs/1dan/1dan_20.pdb
"T_D39A, U_F50A",SKEMPI_v2.0,1DAN,5.51e-10,"H, L","T, U",PDB/SKEMPI_v2.0/1DAN.pdb,13.13339072740218,1DAN,1dan_21,PDB/mutant_pdbs/1dan/1dan_21.pdb
"T_D39A, T_K15A",SKEMPI_v2.0,1DAN,2.21e-09,"H, L","T, U",PDB/SKEMPI_v2.0/1DAN.pdb,12.27771244626029,1DAN,1dan_22,PDB/mutant_pdbs/1dan/1dan_22.pdb
"T_D39A, T_D53A",SKEMPI_v2.0,1DAN,1.75e-09,"H, L","T, U",PDB/SKEMPI_v2.0/1DAN.pdb,12.421480286612598,1DAN,1dan_23,PDB/mutant_pdbs/1dan/1dan_23.pdb
"T_D39A, T_T55A",SKEMPI_v2.0,1DAN,2.91e-09,"H, L","T, U",PDB/SKEMPI_v2.0/1DAN.pdb,12.108204369418383,1DAN,1dan_24,PDB/mutant_pdbs/1dan/1dan_24.pdb
"T_D39A, T_K15A, U_F50A",SKEMPI_v2.0,1DAN,4.16e-08,"H, L","T, U",PDB/SKEMPI_v2.0/1DAN.pdb,10.469588334478647,1DAN,1dan_25,PDB/mutant_pdbs/1dan/1dan_25.pdb
H_R125A,SKEMPI_v2.0,1DAN,1.31e-08,"H, L","T, U",PDB/SKEMPI_v2.0/1DAN.pdb,10.676440618750197,1DAN,1dan_26,PDB/mutant_pdbs/1dan/1dan_26.pdb
H_M154A,SKEMPI_v2.0,1DAN,1.3e-08,"H, L","T, U",PDB/SKEMPI_v2.0/1DAN.pdb,10.68094801598281,1DAN,1dan_27,PDB/mutant_pdbs/1dan/1dan_27.pdb
H_K189A,SKEMPI_v2.0,1DAN,2.7e-09,"H, L","T, U",PDB/SKEMPI_v2.0/1DAN.pdb,11.60544011938544,1DAN,1dan_28,PDB/mutant_pdbs/1dan/1dan_28.pdb
H_L135A,SKEMPI_v2.0,1DAN,3.8e-09,"H, L","T, U",PDB/SKEMPI_v2.0/1DAN.pdb,11.40441892643134,1DAN,1dan_29,PDB/mutant_pdbs/1dan/1dan_29.pdb
T_K15A,SKEMPI_v2.0,1DAN,3.25e-07,"H, L","T, U",PDB/SKEMPI_v2.0/1DAN.pdb,8.846940586988595,1DAN,1dan_30,PDB/mutant_pdbs/1dan/1dan_30.pdb
T_D39A,SKEMPI_v2.0,1DAN,1.98e-07,"H, L","T, U",PDB/SKEMPI_v2.0/1DAN.pdb,9.14040361725002,1DAN,1dan_31,PDB/mutant_pdbs/1dan/1dan_31.pdb
T_W40A,SKEMPI_v2.0,1DAN,2.9e-07,"H, L","T, U",PDB/SKEMPI_v2.0/1DAN.pdb,8.914416881181673,1DAN,1dan_32,PDB/mutant_pdbs/1dan/1dan_32.pdb
T_K41A,SKEMPI_v2.0,1DAN,2.4e-08,"H, L","T, U",PDB/SKEMPI_v2.0/1DAN.pdb,10.390044165443914,1DAN,1dan_33,PDB/mutant_pdbs/1dan/1dan_33.pdb
U_Q20A,SKEMPI_v2.0,1DAN,4.8e-08,"H, L","T, U",PDB/SKEMPI_v2.0/1DAN.pdb,9.979571506779987,1DAN,1dan_34,PDB/mutant_pdbs/1dan/1dan_34.pdb
U_R45A,SKEMPI_v2.0,1DAN,2.8e-08,"H, L","T, U",PDB/SKEMPI_v2.0/1DAN.pdb,10.298758156991234,1DAN,1dan_35,PDB/mutant_pdbs/1dan/1dan_35.pdb
U_F50A,SKEMPI_v2.0,1DAN,2.23e-07,"H, L","T, U",PDB/SKEMPI_v2.0/1DAN.pdb,9.069989791097878,1DAN,1dan_36,PDB/mutant_pdbs/1dan/1dan_36.pdb
U_V113A,SKEMPI_v2.0,1DAN,7.5e-08,"H, L","T, U",PDB/SKEMPI_v2.0/1DAN.pdb,9.715286144765926,1DAN,1dan_37,PDB/mutant_pdbs/1dan/1dan_37.pdb
T_S11A,SKEMPI_v2.0,1DAN,6.94e-09,"H, L","T, U",PDB/SKEMPI_v2.0/1DAN.pdb,11.124801240683746,1DAN,1dan_38,PDB/mutant_pdbs/1dan/1dan_38.pdb
T_L54A,SKEMPI_v2.0,1DAN,8.64e-09,"H, L","T, U",PDB/SKEMPI_v2.0/1DAN.pdb,10.995052619006403,1DAN,1dan_39,PDB/mutant_pdbs/1dan/1dan_39.pdb
T_D56A,SKEMPI_v2.0,1DAN,1.3e-08,"H, L","T, U",PDB/SKEMPI_v2.0/1DAN.pdb,10.75311658365837,1DAN,1dan_40,PDB/mutant_pdbs/1dan/1dan_40.pdb
T_E57A,SKEMPI_v2.0,1DAN,8.64e-09,"H, L","T, U",PDB/SKEMPI_v2.0/1DAN.pdb,10.995052619006403,1DAN,1dan_41,PDB/mutant_pdbs/1dan/1dan_41.pdb
T_I58A,SKEMPI_v2.0,1DAN,8.64e-09,"H, L","T, U",PDB/SKEMPI_v2.0/1DAN.pdb,10.995052619006403,1DAN,1dan_42,PDB/mutant_pdbs/1dan/1dan_42.pdb
T_V59A,SKEMPI_v2.0,1DAN,8.64e-09,"H, L","T, U",PDB/SKEMPI_v2.0/1DAN.pdb,10.995052619006403,1DAN,1dan_43,PDB/mutant_pdbs/1dan/1dan_43.pdb
T_Q64A,SKEMPI_v2.0,1DAN,8.64e-09,"H, L","T, U",PDB/SKEMPI_v2.0/1DAN.pdb,10.995052619006403,1DAN,1dan_44,PDB/mutant_pdbs/1dan/1dan_44.pdb
T_L67A,SKEMPI_v2.0,1DAN,7.81e-09,"H, L","T, U",PDB/SKEMPI_v2.0/1DAN.pdb,11.05486208276494,1DAN,1dan_45,PDB/mutant_pdbs/1dan/1dan_45.pdb
U_E15A,SKEMPI_v2.0,1DAN,7.81e-09,"H, L","T, U",PDB/SKEMPI_v2.0/1DAN.pdb,11.05486208276494,1DAN,1dan_46,PDB/mutant_pdbs/1dan/1dan_46.pdb
U_T16A,SKEMPI_v2.0,1DAN,7.81e-09,"H, L","T, U",PDB/SKEMPI_v2.0/1DAN.pdb,11.05486208276494,1DAN,1dan_47,PDB/mutant_pdbs/1dan/1dan_47.pdb
U_N17A,SKEMPI_v2.0,1DAN,8.64e-09,"H, L","T, U",PDB/SKEMPI_v2.0/1DAN.pdb,10.995052619006403,1DAN,1dan_48,PDB/mutant_pdbs/1dan/1dan_48.pdb
U_R41A,SKEMPI_v2.0,1DAN,8.64e-09,"H, L","T, U",PDB/SKEMPI_v2.0/1DAN.pdb,10.995052619006403,1DAN,1dan_49,PDB/mutant_pdbs/1dan/1dan_49.pdb
U_T42A,SKEMPI_v2.0,1DAN,8.64e-09,"H, L","T, U",PDB/SKEMPI_v2.0/1DAN.pdb,10.995052619006403,1DAN,1dan_50,PDB/mutant_pdbs/1dan/1dan_50.pdb
U_R46A,SKEMPI_v2.0,1DAN,7.81e-09,"H, L","T, U",PDB/SKEMPI_v2.0/1DAN.pdb,11.05486208276494,1DAN,1dan_51,PDB/mutant_pdbs/1dan/1dan_51.pdb
U_N48A,SKEMPI_v2.0,1DAN,8.64e-09,"H, L","T, U",PDB/SKEMPI_v2.0/1DAN.pdb,10.995052619006403,1DAN,1dan_52,PDB/mutant_pdbs/1dan/1dan_52.pdb
U_V56A,SKEMPI_v2.0,1DAN,1.21e-08,"H, L","T, U",PDB/SKEMPI_v2.0/1DAN.pdb,10.79560238205194,1DAN,1dan_53,PDB/mutant_pdbs/1dan/1dan_53.pdb
U_F57A,SKEMPI_v2.0,1DAN,7.81e-09,"H, L","T, U",PDB/SKEMPI_v2.0/1DAN.pdb,11.05486208276494,1DAN,1dan_54,PDB/mutant_pdbs/1dan/1dan_54.pdb
U_Y67A,SKEMPI_v2.0,1DAN,8.64e-09,"H, L","T, U",PDB/SKEMPI_v2.0/1DAN.pdb,10.995052619006403,1DAN,1dan_55,PDB/mutant_pdbs/1dan/1dan_55.pdb
U_V85A,SKEMPI_v2.0,1DAN,1.04e-08,"H, L","T, U",PDB/SKEMPI_v2.0/1DAN.pdb,10.885259264665399,1DAN,1dan_56,PDB/mutant_pdbs/1dan/1dan_56.pdb
U_R102A,SKEMPI_v2.0,1DAN,1.88e-08,"H, L","T, U",PDB/SKEMPI_v2.0/1DAN.pdb,10.534654398927161,1DAN,1dan_57,PDB/mutant_pdbs/1dan/1dan_57.pdb
U_T103A,SKEMPI_v2.0,1DAN,1.04e-08,"H, L","T, U",PDB/SKEMPI_v2.0/1DAN.pdb,10.885259264665399,1DAN,1dan_58,PDB/mutant_pdbs/1dan/1dan_58.pdb
U_V104A,SKEMPI_v2.0,1DAN,1.04e-08,"H, L","T, U",PDB/SKEMPI_v2.0/1DAN.pdb,10.885259264665399,1DAN,1dan_59,PDB/mutant_pdbs/1dan/1dan_59.pdb
U_N105A,SKEMPI_v2.0,1DAN,8.64e-09,"H, L","T, U",PDB/SKEMPI_v2.0/1DAN.pdb,10.995052619006403,1DAN,1dan_60,PDB/mutant_pdbs/1dan/1dan_60.pdb
U_E114A,SKEMPI_v2.0,1DAN,6.11e-09,"H, L","T, U",PDB/SKEMPI_v2.0/1DAN.pdb,11.200231043922862,1DAN,1dan_61,PDB/mutant_pdbs/1dan/1dan_61.pdb
U_V113A,SKEMPI_v2.0,1DAN,4.48e-09,"H, L","T, U",PDB/SKEMPI_v2.0/1DAN.pdb,11.383988836333149,1DAN,1dan_62,PDB/mutant_pdbs/1dan/1dan_62.pdb
U_T109A,SKEMPI_v2.0,1DAN,7.74e-09,"H, L","T, U",PDB/SKEMPI_v2.0/1DAN.pdb,11.06019370473882,1DAN,1dan_63,PDB/mutant_pdbs/1dan/1dan_63.pdb
"U_D110A, U_K107A",SKEMPI_v2.0,1DAN,6.62e-09,"H, L","T, U",PDB/SKEMPI_v2.0/1DAN.pdb,11.152756253606219,1DAN,1dan_64,PDB/mutant_pdbs/1dan/1dan_64.pdb
"U_N105A, U_R106A",SKEMPI_v2.0,1DAN,1.21e-08,"H, L","T, U",PDB/SKEMPI_v2.0/1DAN.pdb,10.79560238205194,1DAN,1dan_65,PDB/mutant_pdbs/1dan/1dan_65.pdb
"U_T103A, U_V104A",SKEMPI_v2.0,1DAN,4.79e-09,"H, L","T, U",PDB/SKEMPI_v2.0/1DAN.pdb,11.344367173338153,1DAN,1dan_66,PDB/mutant_pdbs/1dan/1dan_66.pdb
U_S101A,SKEMPI_v2.0,1DAN,6.13e-09,"H, L","T, U",PDB/SKEMPI_v2.0/1DAN.pdb,11.198295790994413,1DAN,1dan_67,PDB/mutant_pdbs/1dan/1dan_67.pdb
"U_R102A, U_S101A",SKEMPI_v2.0,1DAN,1.81e-08,"H, L","T, U",PDB/SKEMPI_v2.0/1DAN.pdb,10.557124889147383,1DAN,1dan_68,PDB/mutant_pdbs/1dan/1dan_68.pdb
U_Y91A,SKEMPI_v2.0,1DAN,3.53e-09,"H, L","T, U",PDB/SKEMPI_v2.0/1DAN.pdb,11.525121875823393,1DAN,1dan_69,PDB/mutant_pdbs/1dan/1dan_69.pdb
"U_E89A, U_N90A",SKEMPI_v2.0,1DAN,5.26e-09,"H, L","T, U",PDB/SKEMPI_v2.0/1DAN.pdb,11.28893811800429,1DAN,1dan_70,PDB/mutant_pdbs/1dan/1dan_70.pdb
U_K87A,SKEMPI_v2.0,1DAN,6.34e-09,"H, L","T, U",PDB/SKEMPI_v2.0/1DAN.pdb,11.178348557540435,1DAN,1dan_71,PDB/mutant_pdbs/1dan/1dan_71.pdb
U_L82A,SKEMPI_v2.0,1DAN,7.05e-09,"H, L","T, U",PDB/SKEMPI_v2.0/1DAN.pdb,11.115488603365307,1DAN,1dan_72,PDB/mutant_pdbs/1dan/1dan_72.pdb
"U_E80A, U_N79A",SKEMPI_v2.0,1DAN,5.91e-09,"H, L","T, U",PDB/SKEMPI_v2.0/1DAN.pdb,11.219939580626837,1DAN,1dan_73,PDB/mutant_pdbs/1dan/1dan_73.pdb
U_T78A,SKEMPI_v2.0,1DAN,5.9e-09,"H, L","T, U",PDB/SKEMPI_v2.0/1DAN.pdb,11.220942437545723,1DAN,1dan_74,PDB/mutant_pdbs/1dan/1dan_74.pdb
U_K75A,SKEMPI_v2.0,1DAN,7.5e-09,"H, L","T, U",PDB/SKEMPI_v2.0/1DAN.pdb,11.078846801764744,1DAN,1dan_75,PDB/mutant_pdbs/1dan/1dan_75.pdb
U_T73A,SKEMPI_v2.0,1DAN,8.81e-09,"H, L","T, U",PDB/SKEMPI_v2.0/1DAN.pdb,10.983513942466958,1DAN,1dan_76,PDB/mutant_pdbs/1dan/1dan_76.pdb
"U_K71A, U_K72A",SKEMPI_v2.0,1DAN,4.11e-09,"H, L","T, U",PDB/SKEMPI_v2.0/1DAN.pdb,11.43503535505866,1DAN,1dan_77,PDB/mutant_pdbs/1dan/1dan_77.pdb
U_G70R,SKEMPI_v2.0,1DAN,4.68e-09,"H, L","T, U",PDB/SKEMPI_v2.0/1DAN.pdb,11.358125037220859,1DAN,1dan_78,PDB/mutant_pdbs/1dan/1dan_78.pdb
U_S69A,SKEMPI_v2.0,1DAN,6.4e-09,"H, L","T, U",PDB/SKEMPI_v2.0/1DAN.pdb,11.172770618004586,1DAN,1dan_79,PDB/mutant_pdbs/1dan/1dan_79.pdb
U_W68F,SKEMPI_v2.0,1DAN,7.58e-09,"H, L","T, U",PDB/SKEMPI_v2.0/1DAN.pdb,11.072563593016072,1DAN,1dan_80,PDB/mutant_pdbs/1dan/1dan_80.pdb
U_Y66L,SKEMPI_v2.0,1DAN,8e-09,"H, L","T, U",PDB/SKEMPI_v2.0/1DAN.pdb,11.040627936997558,1DAN,1dan_81,PDB/mutant_pdbs/1dan/1dan_81.pdb
U_I62A,SKEMPI_v2.0,1DAN,8.33e-09,"H, L","T, U",PDB/SKEMPI_v2.0/1DAN.pdb,11.016690610008427,1DAN,1dan_82,PDB/mutant_pdbs/1dan/1dan_82.pdb
"U_D60A, U_K59A",SKEMPI_v2.0,1DAN,5.19e-09,"H, L","T, U",PDB/SKEMPI_v2.0/1DAN.pdb,11.296871840657392,1DAN,1dan_83,PDB/mutant_pdbs/1dan/1dan_83.pdb
U_D55A,SKEMPI_v2.0,1DAN,6.05e-09,"H, L","T, U",PDB/SKEMPI_v2.0/1DAN.pdb,11.206075040715866,1DAN,1dan_84,PDB/mutant_pdbs/1dan/1dan_84.pdb
U_R54A,SKEMPI_v2.0,1DAN,6.13e-09,"H, L","T, U",PDB/SKEMPI_v2.0/1DAN.pdb,11.198295790994413,1DAN,1dan_85,PDB/mutant_pdbs/1dan/1dan_85.pdb
U_F50A,SKEMPI_v2.0,1DAN,5.36e-08,"H, L","T, U",PDB/SKEMPI_v2.0/1DAN.pdb,9.91422483629665,1DAN,1dan_86,PDB/mutant_pdbs/1dan/1dan_86.pdb
U_T49A,SKEMPI_v2.0,1DAN,6e-09,"H, L","T, U",PDB/SKEMPI_v2.0/1DAN.pdb,11.210989482771772,1DAN,1dan_87,PDB/mutant_pdbs/1dan/1dan_87.pdb
"U_N47A, U_N48A, U_R46A",SKEMPI_v2.0,1DAN,8.73e-09,"H, L","T, U",PDB/SKEMPI_v2.0/1DAN.pdb,10.988915912596932,1DAN,1dan_88,PDB/mutant_pdbs/1dan/1dan_88.pdb
U_R45A,SKEMPI_v2.0,1DAN,1.48e-08,"H, L","T, U",PDB/SKEMPI_v2.0/1DAN.pdb,10.676323079484833,1DAN,1dan_89,PDB/mutant_pdbs/1dan/1dan_89.pdb
U_L43A,SKEMPI_v2.0,1DAN,5.88e-09,"H, L","T, U",PDB/SKEMPI_v2.0/1DAN.pdb,11.222953260764971,1DAN,1dan_90,PDB/mutant_pdbs/1dan/1dan_90.pdb
"U_E40A, U_R41F",SKEMPI_v2.0,1DAN,5.94e-09,"H, L","T, U",PDB/SKEMPI_v2.0/1DAN.pdb,11.21694115969401,1DAN,1dan_91,PDB/mutant_pdbs/1dan/1dan_91.pdb
U_D39A,SKEMPI_v2.0,1DAN,5.89e-09,"H, L","T, U",PDB/SKEMPI_v2.0/1DAN.pdb,11.221946995664606,1DAN,1dan_92,PDB/mutant_pdbs/1dan/1dan_92.pdb
U_E38A,SKEMPI_v2.0,1DAN,7.12e-09,"H, L","T, U",PDB/SKEMPI_v2.0/1DAN.pdb,11.109637732787526,1DAN,1dan_93,PDB/mutant_pdbs/1dan/1dan_93.pdb
U_K32A,SKEMPI_v2.0,1DAN,5e-09,"H, L","T, U",PDB/SKEMPI_v2.0/1DAN.pdb,11.318957914654456,1DAN,1dan_94,PDB/mutant_pdbs/1dan/1dan_94.pdb
"U_E27A, U_Q24A",SKEMPI_v2.0,1DAN,6.52e-09,"H, L","T, U",PDB/SKEMPI_v2.0/1DAN.pdb,11.16176992639342,1DAN,1dan_95,PDB/mutant_pdbs/1dan/1dan_95.pdb
"U_N17A, U_Q20A",SKEMPI_v2.0,1DAN,1.24e-08,"H, L","T, U",PDB/SKEMPI_v2.0/1DAN.pdb,10.781099121592774,1DAN,1dan_96,PDB/mutant_pdbs/1dan/1dan_96.pdb
"U_E15A, U_L14A",SKEMPI_v2.0,1DAN,2.82e-09,"H, L","T, U",PDB/SKEMPI_v2.0/1DAN.pdb,11.658103943036265,1DAN,1dan_97,PDB/mutant_pdbs/1dan/1dan_97.pdb
U_E9A,SKEMPI_v2.0,1DAN,4.58e-09,"H, L","T, U",PDB/SKEMPI_v2.0/1DAN.pdb,11.37091574761455,1DAN,1dan_98,PDB/mutant_pdbs/1dan/1dan_98.pdb
U_Y4A,SKEMPI_v2.0,1DAN,3.47e-08,"H, L","T, U",PDB/SKEMPI_v2.0/1DAN.pdb,10.17171324234886,1DAN,1dan_99,PDB/mutant_pdbs/1dan/1dan_99.pdb
T_K63A,SKEMPI_v2.0,1DAN,5.47e-09,"H, L","T, U",PDB/SKEMPI_v2.0/1DAN.pdb,11.26575542943733,1DAN,1dan_100,PDB/mutant_pdbs/1dan/1dan_100.pdb
"T_K63A, T_Q64A",SKEMPI_v2.0,1DAN,4.35e-09,"H, L","T, U",PDB/SKEMPI_v2.0/1DAN.pdb,11.401427082289592,1DAN,1dan_101,PDB/mutant_pdbs/1dan/1dan_101.pdb
"T_D61A, T_K60A",SKEMPI_v2.0,1DAN,2.63e-09,"H, L","T, U",PDB/SKEMPI_v2.0/1DAN.pdb,11.699410776668218,1DAN,1dan_102,PDB/mutant_pdbs/1dan/1dan_102.pdb
"T_D56A, T_E57A",SKEMPI_v2.0,1DAN,1.03e-08,"H, L","T, U",PDB/SKEMPI_v2.0/1DAN.pdb,10.890980921437501,1DAN,1dan_103,PDB/mutant_pdbs/1dan/1dan_103.pdb
T_D53E,SKEMPI_v2.0,1DAN,6.33e-08,"H, L","T, U",PDB/SKEMPI_v2.0/1DAN.pdb,9.815722686637976,1DAN,1dan_104,PDB/mutant_pdbs/1dan/1dan_104.pdb
T_D53A,SKEMPI_v2.0,1DAN,1.77e-07,"H, L","T, U",PDB/SKEMPI_v2.0/1DAN.pdb,9.206798008993264,1DAN,1dan_105,PDB/mutant_pdbs/1dan/1dan_105.pdb
"T_D49A, T_E51A",SKEMPI_v2.0,1DAN,1.28e-08,"H, L","T, U",PDB/SKEMPI_v2.0/1DAN.pdb,10.762297959340657,1DAN,1dan_106,PDB/mutant_pdbs/1dan/1dan_106.pdb
T_T47A,SKEMPI_v2.0,1DAN,1.22e-08,"H, L","T, U",PDB/SKEMPI_v2.0/1DAN.pdb,10.79072838853736,1DAN,1dan_107,PDB/mutant_pdbs/1dan/1dan_107.pdb
T_F45A,SKEMPI_v2.0,1DAN,1.29e-08,"H, L","T, U",PDB/SKEMPI_v2.0/1DAN.pdb,10.757689477957575,1DAN,1dan_108,PDB/mutant_pdbs/1dan/1dan_108.pdb
T_K43A,SKEMPI_v2.0,1DAN,1.24e-08,"H, L","T, U",PDB/SKEMPI_v2.0/1DAN.pdb,10.781099121592774,1DAN,1dan_109,PDB/mutant_pdbs/1dan/1dan_109.pdb
T_S42A,SKEMPI_v2.0,1DAN,6.63e-09,"H, L","T, U",PDB/SKEMPI_v2.0/1DAN.pdb,11.151862386464316,1DAN,1dan_110,PDB/mutant_pdbs/1dan/1dan_110.pdb
T_K41A,SKEMPI_v2.0,1DAN,9.11e-09,"H, L","T, U",PDB/SKEMPI_v2.0/1DAN.pdb,10.963684404481604,1DAN,1dan_111,PDB/mutant_pdbs/1dan/1dan_111.pdb
"T_K41A, T_K43A",SKEMPI_v2.0,1DAN,4.19e-08,"H, L","T, U",PDB/SKEMPI_v2.0/1DAN.pdb,10.060058694040729,1DAN,1dan_112,PDB/mutant_pdbs/1dan/1dan_112.pdb
T_W40F,SKEMPI_v2.0,1DAN,5.26e-08,"H, L","T, U",PDB/SKEMPI_v2.0/1DAN.pdb,9.925377461005475,1DAN,1dan_113,PDB/mutant_pdbs/1dan/1dan_113.pdb
T_D39A,SKEMPI_v2.0,1DAN,2.13e-08,"H, L","T, U",PDB/SKEMPI_v2.0/1DAN.pdb,10.460719748180592,1DAN,1dan_114,PDB/mutant_pdbs/1dan/1dan_114.pdb
T_S37A,SKEMPI_v2.0,1DAN,5.48e-09,"H, L","T, U",PDB/SKEMPI_v2.0/1DAN.pdb,11.264673809284444,1DAN,1dan_115,PDB/mutant_pdbs/1dan/1dan_115.pdb
T_K36A,SKEMPI_v2.0,1DAN,1.06e-08,"H, L","T, U",PDB/SKEMPI_v2.0/1DAN.pdb,10.873979173724173,1DAN,1dan_116,PDB/mutant_pdbs/1dan/1dan_116.pdb
"T_D39A, T_K36A",SKEMPI_v2.0,1DAN,8.74e-08,"H, L","T, U",PDB/SKEMPI_v2.0/1DAN.pdb,9.624677308335665,1DAN,1dan_117,PDB/mutant_pdbs/1dan/1dan_117.pdb
T_Q32A,SKEMPI_v2.0,1DAN,1.55e-08,"H, L","T, U",PDB/SKEMPI_v2.0/1DAN.pdb,10.648956440585744,1DAN,1dan_118,PDB/mutant_pdbs/1dan/1dan_118.pdb
T_K23A,SKEMPI_v2.0,1DAN,7.5e-09,"H, L","T, U",PDB/SKEMPI_v2.0/1DAN.pdb,11.078846801764744,1DAN,1dan_119,PDB/mutant_pdbs/1dan/1dan_119.pdb
T_E21A,SKEMPI_v2.0,1DAN,7.31e-09,"H, L","T, U",PDB/SKEMPI_v2.0/1DAN.pdb,11.094042166871988,1DAN,1dan_120,PDB/mutant_pdbs/1dan/1dan_120.pdb
T_W20F,SKEMPI_v2.0,1DAN,1.74e-08,"H, L","T, U",PDB/SKEMPI_v2.0/1DAN.pdb,10.580481764961734,1DAN,1dan_121,PDB/mutant_pdbs/1dan/1dan_121.pdb
T_E19A,SKEMPI_v2.0,1DAN,1.87e-08,"H, L","T, U",PDB/SKEMPI_v2.0/1DAN.pdb,10.537812736382005,1DAN,1dan_122,PDB/mutant_pdbs/1dan/1dan_122.pdb
T_I17A,SKEMPI_v2.0,1DAN,1.83e-08,"H, L","T, U",PDB/SKEMPI_v2.0/1DAN.pdb,10.550617275647648,1DAN,1dan_123,PDB/mutant_pdbs/1dan/1dan_123.pdb
T_T16A,SKEMPI_v2.0,1DAN,4.71e-09,"H, L","T, U",PDB/SKEMPI_v2.0/1DAN.pdb,11.354341082690727,1DAN,1dan_124,PDB/mutant_pdbs/1dan/1dan_124.pdb
T_K15R,SKEMPI_v2.0,1DAN,1.06e-07,"H, L","T, U",PDB/SKEMPI_v2.0/1DAN.pdb,9.510418516725357,1DAN,1dan_125,PDB/mutant_pdbs/1dan/1dan_125.pdb
T_K15A,SKEMPI_v2.0,1DAN,4.86e-07,"H, L","T, U",PDB/SKEMPI_v2.0/1DAN.pdb,8.608654396557203,1DAN,1dan_126,PDB/mutant_pdbs/1dan/1dan_126.pdb
T_N13A,SKEMPI_v2.0,1DAN,8.35e-09,"H, L","T, U",PDB/SKEMPI_v2.0/1DAN.pdb,11.015270496932,1DAN,1dan_127,PDB/mutant_pdbs/1dan/1dan_127.pdb
T_T12A,SKEMPI_v2.0,1DAN,7.55e-09,"H, L","T, U",PDB/SKEMPI_v2.0/1DAN.pdb,11.07491199081574,1DAN,1dan_128,PDB/mutant_pdbs/1dan/1dan_128.pdb
T_K10A,SKEMPI_v2.0,1DAN,3.15e-09,"H, L","T, U",PDB/SKEMPI_v2.0/1DAN.pdb,11.592569246874552,1DAN,1dan_129,PDB/mutant_pdbs/1dan/1dan_129.pdb
T_W9F,SKEMPI_v2.0,1DAN,1.98e-08,"H, L","T, U",PDB/SKEMPI_v2.0/1DAN.pdb,10.503964274248837,1DAN,1dan_130,PDB/mutant_pdbs/1dan/1dan_130.pdb
C_Y20A,SKEMPI_v2.0,1DQJ,7.14e-07,"A, B",C,PDB/SKEMPI_v2.0/1DQJ.pdb,8.380855304463477,1DQJ,1dqj_1,PDB/mutant_pdbs/1dqj/1dqj_1.pdb
C_R21A,SKEMPI_v2.0,1DQJ,2e-08,"A, B",C,PDB/SKEMPI_v2.0/1DQJ.pdb,10.498012597326598,1DQJ,1dqj_2,PDB/mutant_pdbs/1dqj/1dqj_2.pdb
C_W63A,SKEMPI_v2.0,1DQJ,2.7e-08,"A, B",C,PDB/SKEMPI_v2.0/1DQJ.pdb,10.320294598328417,1DQJ,1dqj_3,PDB/mutant_pdbs/1dqj/1dqj_3.pdb
C_K97A,SKEMPI_v2.0,1DQJ,1.06e-06,"A, B",C,PDB/SKEMPI_v2.0/1DQJ.pdb,8.146857859726541,1DQJ,1dqj_4,PDB/mutant_pdbs/1dqj/1dqj_4.pdb
C_D101A,SKEMPI_v2.0,1DQJ,3.23e-08,"A, B",C,PDB/SKEMPI_v2.0/1DQJ.pdb,10.214156730095274,1DQJ,1dqj_5,PDB/mutant_pdbs/1dqj/1dqj_5.pdb
C_Y20A,SKEMPI_v2.0,1DQJ,7.14e-07,"A, B",C,PDB/SKEMPI_v2.0/1DQJ.pdb,8.380855304463477,1DQJ,1dqj_6,PDB/mutant_pdbs/1dqj/1dqj_6.pdb
C_R21A,SKEMPI_v2.0,1DQJ,2.33e-08,"A, B",C,PDB/SKEMPI_v2.0/1DQJ.pdb,10.407573174963884,1DQJ,1dqj_7,PDB/mutant_pdbs/1dqj/1dqj_7.pdb
C_W62A,SKEMPI_v2.0,1DQJ,1e-08,"A, B",C,PDB/SKEMPI_v2.0/1DQJ.pdb,10.908485255990529,1DQJ,1dqj_8,PDB/mutant_pdbs/1dqj/1dqj_8.pdb
C_W63A,SKEMPI_v2.0,1DQJ,2.7e-08,"A, B",C,PDB/SKEMPI_v2.0/1DQJ.pdb,10.320294598328417,1DQJ,1dqj_9,PDB/mutant_pdbs/1dqj/1dqj_9.pdb
C_L75A,SKEMPI_v2.0,1DQJ,3.23e-08,"A, B",C,PDB/SKEMPI_v2.0/1DQJ.pdb,10.214156730095274,1DQJ,1dqj_10,PDB/mutant_pdbs/1dqj/1dqj_10.pdb
C_T89A,SKEMPI_v2.0,1DQJ,1.15e-08,"A, B",C,PDB/SKEMPI_v2.0/1DQJ.pdb,10.825720068919548,1DQJ,1dqj_11,PDB/mutant_pdbs/1dqj/1dqj_11.pdb
C_N93A,SKEMPI_v2.0,1DQJ,8.33e-09,"A, B",C,PDB/SKEMPI_v2.0/1DQJ.pdb,11.016690610008427,1DQJ,1dqj_12,PDB/mutant_pdbs/1dqj/1dqj_12.pdb
C_K96A,SKEMPI_v2.0,1DQJ,9.09e-05,"A, B",C,PDB/SKEMPI_v2.0/1DQJ.pdb,5.510743286612597,1DQJ,1dqj_13,PDB/mutant_pdbs/1dqj/1dqj_13.pdb
C_K97A,SKEMPI_v2.0,1DQJ,1.06e-06,"A, B",C,PDB/SKEMPI_v2.0/1DQJ.pdb,8.146857859726541,1DQJ,1dqj_14,PDB/mutant_pdbs/1dqj/1dqj_14.pdb
C_S100A,SKEMPI_v2.0,1DQJ,1.03e-08,"A, B",C,PDB/SKEMPI_v2.0/1DQJ.pdb,10.890980921437501,1DQJ,1dqj_15,PDB/mutant_pdbs/1dqj/1dqj_15.pdb
C_D101A,SKEMPI_v2.0,1DQJ,2.5e-08,"A, B",C,PDB/SKEMPI_v2.0/1DQJ.pdb,10.36586991631957,1DQJ,1dqj_16,PDB/mutant_pdbs/1dqj/1dqj_16.pdb
A_N31A,SKEMPI_v2.0,1DQJ,8.33e-08,"A, B",C,PDB/SKEMPI_v2.0/1DQJ.pdb,9.653129953009612,1DQJ,1dqj_17,PDB/mutant_pdbs/1dqj/1dqj_17.pdb
A_N32A,SKEMPI_v2.0,1DQJ,2.78e-06,"A, B",C,PDB/SKEMPI_v2.0/1DQJ.pdb,7.5758819283339385,1DQJ,1dqj_18,PDB/mutant_pdbs/1dqj/1dqj_18.pdb
A_Y50A,SKEMPI_v2.0,1DQJ,2.56e-07,"A, B",C,PDB/SKEMPI_v2.0/1DQJ.pdb,8.988264643677912,1DQJ,1dqj_19,PDB/mutant_pdbs/1dqj/1dqj_19.pdb
A_S91A,SKEMPI_v2.0,1DQJ,3.12e-08,"A, B",C,PDB/SKEMPI_v2.0/1DQJ.pdb,10.234675493111757,1DQJ,1dqj_20,PDB/mutant_pdbs/1dqj/1dqj_20.pdb
A_Y96A,SKEMPI_v2.0,1DQJ,1.89e-08,"A, B",C,PDB/SKEMPI_v2.0/1DQJ.pdb,10.53151281665698,1DQJ,1dqj_21,PDB/mutant_pdbs/1dqj/1dqj_21.pdb
B_D32A,SKEMPI_v2.0,1DQJ,8.33e-08,"A, B",C,PDB/SKEMPI_v2.0/1DQJ.pdb,9.653129953009612,1DQJ,1dqj_22,PDB/mutant_pdbs/1dqj/1dqj_22.pdb
B_Y33A,SKEMPI_v2.0,1DQJ,3.13e-05,"A, B",C,PDB/SKEMPI_v2.0/1DQJ.pdb,6.142098522517201,1DQJ,1dqj_23,PDB/mutant_pdbs/1dqj/1dqj_23.pdb
B_Y50A,SKEMPI_v2.0,1DQJ,0.000313,"A, B",C,PDB/SKEMPI_v2.0/1DQJ.pdb,4.778537865518386,1DQJ,1dqj_24,PDB/mutant_pdbs/1dqj/1dqj_24.pdb
B_Y53A,SKEMPI_v2.0,1DQJ,2.04e-08,"A, B",C,PDB/SKEMPI_v2.0/1DQJ.pdb,10.486285741468615,1DQJ,1dqj_25,PDB/mutant_pdbs/1dqj/1dqj_25.pdb
B_W98A,SKEMPI_v2.0,1DQJ,1.15e-05,"A, B",C,PDB/SKEMPI_v2.0/1DQJ.pdb,6.735038097923099,1DQJ,1dqj_26,PDB/mutant_pdbs/1dqj/1dqj_26.pdb
"A_N32A, C_K96A",SKEMPI_v2.0,1DQJ,5e-05,"A, B",C,PDB/SKEMPI_v2.0/1DQJ.pdb,5.864715286659192,1DQJ,1dqj_27,PDB/mutant_pdbs/1dqj/1dqj_27.pdb
"A_S91A, C_R21A",SKEMPI_v2.0,1DQJ,5.88e-07,"A, B",C,PDB/SKEMPI_v2.0/1DQJ.pdb,8.495831946767339,1DQJ,1dqj_28,PDB/mutant_pdbs/1dqj/1dqj_28.pdb
"A_S91A, C_Y20A",SKEMPI_v2.0,1DQJ,1.16e-06,"A, B",C,PDB/SKEMPI_v2.0/1DQJ.pdb,8.093471563853816,1DQJ,1dqj_29,PDB/mutant_pdbs/1dqj/1dqj_29.pdb
"A_Y96A, C_R21A",SKEMPI_v2.0,1DQJ,1e-06,"A, B",C,PDB/SKEMPI_v2.0/1DQJ.pdb,8.181363941992895,1DQJ,1dqj_30,PDB/mutant_pdbs/1dqj/1dqj_30.pdb
"A_Y96A, C_S100A",SKEMPI_v2.0,1DQJ,1.3e-08,"A, B",C,PDB/SKEMPI_v2.0/1DQJ.pdb,10.75311658365837,1DQJ,1dqj_31,PDB/mutant_pdbs/1dqj/1dqj_31.pdb
"B_D32A, C_K97A",SKEMPI_v2.0,1DQJ,1.85e-08,"A, B",C,PDB/SKEMPI_v2.0/1DQJ.pdb,10.544180398477804,1DQJ,1dqj_32,PDB/mutant_pdbs/1dqj/1dqj_32.pdb
"B_Y53A, C_W62A",SKEMPI_v2.0,1DQJ,2.44e-08,"A, B",C,PDB/SKEMPI_v2.0/1DQJ.pdb,10.380255729873433,1DQJ,1dqj_33,PDB/mutant_pdbs/1dqj/1dqj_33.pdb
"B_Y53A, C_W63A",SKEMPI_v2.0,1DQJ,1.14e-07,"A, B",C,PDB/SKEMPI_v2.0/1DQJ.pdb,9.467331382516932,1DQJ,1dqj_34,PDB/mutant_pdbs/1dqj/1dqj_34.pdb
"B_Y53A, C_L75A",SKEMPI_v2.0,1DQJ,2.17e-08,"A, B",C,PDB/SKEMPI_v2.0/1DQJ.pdb,10.44970200025038,1DQJ,1dqj_35,PDB/mutant_pdbs/1dqj/1dqj_35.pdb
"B_Y53A, C_D101A",SKEMPI_v2.0,1DQJ,2.78e-07,"A, B",C,PDB/SKEMPI_v2.0/1DQJ.pdb,8.939442585332754,1DQJ,1dqj_36,PDB/mutant_pdbs/1dqj/1dqj_36.pdb
"B_W98A, C_S100A",SKEMPI_v2.0,1DQJ,2.38e-05,"A, B",C,PDB/SKEMPI_v2.0/1DQJ.pdb,6.304317762019487,1DQJ,1dqj_37,PDB/mutant_pdbs/1dqj/1dqj_37.pdb
"B_W98A, C_K97A",SKEMPI_v2.0,1DQJ,0.000213,"A, B",C,PDB/SKEMPI_v2.0/1DQJ.pdb,5.006477120185328,1DQJ,1dqj_38,PDB/mutant_pdbs/1dqj/1dqj_38.pdb
"B_W98A, C_Y20A",SKEMPI_v2.0,1DQJ,1.56e-05,"A, B",C,PDB/SKEMPI_v2.0/1DQJ.pdb,6.5544661807792375,1DQJ,1dqj_39,PDB/mutant_pdbs/1dqj/1dqj_39.pdb
A_H30A,SKEMPI_v2.0,1DVF,1.75e-07,"A, B","C, D",PDB/SKEMPI_v2.0/1DVF.pdb,9.213527477649318,1DVF,1dvf_1,PDB/mutant_pdbs/1dvf/1dvf_1.pdb
A_Y32A,SKEMPI_v2.0,1DVF,3.33e-07,"A, B","C, D",PDB/SKEMPI_v2.0/1DVF.pdb,8.83254019670659,1DVF,1dvf_2,PDB/mutant_pdbs/1dvf/1dvf_2.pdb
A_Y49A,SKEMPI_v2.0,1DVF,1.69e-07,"A, B","C, D",PDB/SKEMPI_v2.0/1DVF.pdb,9.234187254327395,1DVF,1dvf_3,PDB/mutant_pdbs/1dvf/1dvf_3.pdb
A_Y50A,SKEMPI_v2.0,1DVF,3.45e-08,"A, B","C, D",PDB/SKEMPI_v2.0/1DVF.pdb,10.175136297365905,1DVF,1dvf_4,PDB/mutant_pdbs/1dvf/1dvf_4.pdb
A_W92A,SKEMPI_v2.0,1DVF,1.92e-08,"A, B","C, D",PDB/SKEMPI_v2.0/1DVF.pdb,10.522186846450943,1DVF,1dvf_5,PDB/mutant_pdbs/1dvf/1dvf_5.pdb
A_S93A,SKEMPI_v2.0,1DVF,7.69e-08,"A, B","C, D",PDB/SKEMPI_v2.0/1DVF.pdb,9.700470954038332,1DVF,1dvf_6,PDB/mutant_pdbs/1dvf/1dvf_6.pdb
B_T30A,SKEMPI_v2.0,1DVF,5e-08,"A, B","C, D",PDB/SKEMPI_v2.0/1DVF.pdb,9.95539725765564,1DVF,1dvf_7,PDB/mutant_pdbs/1dvf/1dvf_7.pdb
B_Y32A,SKEMPI_v2.0,1DVF,2.38e-07,"A, B","C, D",PDB/SKEMPI_v2.0/1DVF.pdb,9.031439076017119,1DVF,1dvf_8,PDB/mutant_pdbs/1dvf/1dvf_8.pdb
B_W52A,SKEMPI_v2.0,1DVF,1.16e-05,"A, B","C, D",PDB/SKEMPI_v2.0/1DVF.pdb,6.729910906855,1DVF,1dvf_9,PDB/mutant_pdbs/1dvf/1dvf_9.pdb
B_D54A,SKEMPI_v2.0,1DVF,1.49e-05,"A, B","C, D",PDB/SKEMPI_v2.0/1DVF.pdb,6.581653303054666,1DVF,1dvf_10,PDB/mutant_pdbs/1dvf/1dvf_10.pdb
B_N56A,SKEMPI_v2.0,1DVF,7.69e-08,"A, B","C, D",PDB/SKEMPI_v2.0/1DVF.pdb,9.700470954038332,1DVF,1dvf_11,PDB/mutant_pdbs/1dvf/1dvf_11.pdb
B_D58A,SKEMPI_v2.0,1DVF,1.61e-07,"A, B","C, D",PDB/SKEMPI_v2.0/1DVF.pdb,9.262904971585366,1DVF,1dvf_12,PDB/mutant_pdbs/1dvf/1dvf_12.pdb
B_E98A,SKEMPI_v2.0,1DVF,1.27e-05,"A, B","C, D",PDB/SKEMPI_v2.0/1DVF.pdb,6.676260615048454,1DVF,1dvf_13,PDB/mutant_pdbs/1dvf/1dvf_13.pdb
B_R99A,SKEMPI_v2.0,1DVF,2.56e-07,"A, B","C, D",PDB/SKEMPI_v2.0/1DVF.pdb,8.988264643677912,1DVF,1dvf_14,PDB/mutant_pdbs/1dvf/1dvf_14.pdb
B_D100A,SKEMPI_v2.0,1DVF,1.2e-06,"A, B","C, D",PDB/SKEMPI_v2.0/1DVF.pdb,8.073395510110212,1DVF,1dvf_15,PDB/mutant_pdbs/1dvf/1dvf_15.pdb
B_Y101F,SKEMPI_v2.0,1DVF,3.23e-07,"A, B","C, D",PDB/SKEMPI_v2.0/1DVF.pdb,8.850596073096458,1DVF,1dvf_16,PDB/mutant_pdbs/1dvf/1dvf_16.pdb
B_E98A,SKEMPI_v2.0,1DVF,1.27e-05,"A, B","C, D",PDB/SKEMPI_v2.0/1DVF.pdb,6.676260615048454,1DVF,1dvf_17,PDB/mutant_pdbs/1dvf/1dvf_17.pdb
B_D54A,SKEMPI_v2.0,1DVF,1.49e-05,"A, B","C, D",PDB/SKEMPI_v2.0/1DVF.pdb,6.581653303054666,1DVF,1dvf_18,PDB/mutant_pdbs/1dvf/1dvf_18.pdb
B_D58A,SKEMPI_v2.0,1DVF,1.61e-07,"A, B","C, D",PDB/SKEMPI_v2.0/1DVF.pdb,9.262904971585366,1DVF,1dvf_19,PDB/mutant_pdbs/1dvf/1dvf_19.pdb
A_Y49A,SKEMPI_v2.0,1DVF,2e-07,"A, B","C, D",PDB/SKEMPI_v2.0/1DVF.pdb,9.134451940327782,1DVF,1dvf_20,PDB/mutant_pdbs/1dvf/1dvf_20.pdb
A_Y32A,SKEMPI_v2.0,1DVF,3.33e-07,"A, B","C, D",PDB/SKEMPI_v2.0/1DVF.pdb,8.83254019670659,1DVF,1dvf_21,PDB/mutant_pdbs/1dvf/1dvf_21.pdb
B_N56A,SKEMPI_v2.0,1DVF,7.69e-08,"A, B","C, D",PDB/SKEMPI_v2.0/1DVF.pdb,9.700470954038332,1DVF,1dvf_22,PDB/mutant_pdbs/1dvf/1dvf_22.pdb
B_W52A,SKEMPI_v2.0,1DVF,1.16e-05,"A, B","C, D",PDB/SKEMPI_v2.0/1DVF.pdb,6.729910906855,1DVF,1dvf_23,PDB/mutant_pdbs/1dvf/1dvf_23.pdb
B_D100A,SKEMPI_v2.0,1DVF,1.2e-06,"A, B","C, D",PDB/SKEMPI_v2.0/1DVF.pdb,8.073395510110212,1DVF,1dvf_24,PDB/mutant_pdbs/1dvf/1dvf_24.pdb
D_Y102A,SKEMPI_v2.0,1DVF,3.23e-05,"A, B","C, D",PDB/SKEMPI_v2.0/1DVF.pdb,6.123474759098826,1DVF,1dvf_25,PDB/mutant_pdbs/1dvf/1dvf_25.pdb
C_Y49A,SKEMPI_v2.0,1DVF,2.5e-07,"A, B","C, D",PDB/SKEMPI_v2.0/1DVF.pdb,9.002309259320754,1DVF,1dvf_26,PDB/mutant_pdbs/1dvf/1dvf_26.pdb
D_Q104A,SKEMPI_v2.0,1DVF,1.69e-07,"A, B","C, D",PDB/SKEMPI_v2.0/1DVF.pdb,9.234187254327395,1DVF,1dvf_27,PDB/mutant_pdbs/1dvf/1dvf_27.pdb
D_N55A,SKEMPI_v2.0,1DVF,2.5e-07,"A, B","C, D",PDB/SKEMPI_v2.0/1DVF.pdb,9.002309259320754,1DVF,1dvf_28,PDB/mutant_pdbs/1dvf/1dvf_28.pdb
D_R106A,SKEMPI_v2.0,1DVF,1.08e-05,"A, B","C, D",PDB/SKEMPI_v2.0/1DVF.pdb,6.772227967002927,1DVF,1dvf_29,PDB/mutant_pdbs/1dvf/1dvf_29.pdb
D_K30A,SKEMPI_v2.0,1DVF,5.88e-08,"A, B","C, D",PDB/SKEMPI_v2.0/1DVF.pdb,9.859392603766155,1DVF,1dvf_30,PDB/mutant_pdbs/1dvf/1dvf_30.pdb
D_H33A,SKEMPI_v2.0,1DVF,2.5e-07,"A, B","C, D",PDB/SKEMPI_v2.0/1DVF.pdb,9.002309259320754,1DVF,1dvf_31,PDB/mutant_pdbs/1dvf/1dvf_31.pdb
D_D52A,SKEMPI_v2.0,1DVF,1.85e-07,"A, B","C, D",PDB/SKEMPI_v2.0/1DVF.pdb,9.180619741478989,1DVF,1dvf_32,PDB/mutant_pdbs/1dvf/1dvf_32.pdb
D_I101A,SKEMPI_v2.0,1DVF,1e-06,"A, B","C, D",PDB/SKEMPI_v2.0/1DVF.pdb,8.181363941992895,1DVF,1dvf_33,PDB/mutant_pdbs/1dvf/1dvf_33.pdb
"B_E98A, D_Y102A",SKEMPI_v2.0,1DVF,2.7e-05,"A, B","C, D",PDB/SKEMPI_v2.0/1DVF.pdb,6.229612627331968,1DVF,1dvf_34,PDB/mutant_pdbs/1dvf/1dvf_34.pdb
"B_D54A, C_Y49A",SKEMPI_v2.0,1DVF,2.13e-05,"A, B","C, D",PDB/SKEMPI_v2.0/1DVF.pdb,6.370037777184144,1DVF,1dvf_35,PDB/mutant_pdbs/1dvf/1dvf_35.pdb
"B_D58A, D_Q104A",SKEMPI_v2.0,1DVF,1.28e-07,"A, B","C, D",PDB/SKEMPI_v2.0/1DVF.pdb,9.398737302341841,1DVF,1dvf_36,PDB/mutant_pdbs/1dvf/1dvf_36.pdb
"A_Y49A, D_N55A",SKEMPI_v2.0,1DVF,3.33e-07,"A, B","C, D",PDB/SKEMPI_v2.0/1DVF.pdb,8.83254019670659,1DVF,1dvf_37,PDB/mutant_pdbs/1dvf/1dvf_37.pdb
"A_Y32A, D_R106A",SKEMPI_v2.0,1DVF,2.78e-05,"A, B","C, D",PDB/SKEMPI_v2.0/1DVF.pdb,6.212321271335123,1DVF,1dvf_38,PDB/mutant_pdbs/1dvf/1dvf_38.pdb
"B_N56A, D_Q104A",SKEMPI_v2.0,1DVF,1.33e-07,"A, B","C, D",PDB/SKEMPI_v2.0/1DVF.pdb,9.37604537406425,1DVF,1dvf_39,PDB/mutant_pdbs/1dvf/1dvf_39.pdb
"B_W52A, D_Q104A",SKEMPI_v2.0,1DVF,1.22e-05,"A, B","C, D",PDB/SKEMPI_v2.0/1DVF.pdb,6.700046417540913,1DVF,1dvf_40,PDB/mutant_pdbs/1dvf/1dvf_40.pdb
"B_D100A, D_H33A",SKEMPI_v2.0,1DVF,1.19e-05,"A, B","C, D",PDB/SKEMPI_v2.0/1DVF.pdb,6.714790420683416,1DVF,1dvf_41,PDB/mutant_pdbs/1dvf/1dvf_41.pdb
"B_D100A, D_D52A",SKEMPI_v2.0,1DVF,1.59e-05,"A, B","C, D",PDB/SKEMPI_v2.0/1DVF.pdb,6.543186089838013,1DVF,1dvf_42,PDB/mutant_pdbs/1dvf/1dvf_42.pdb
"A_Y49A, D_H33A",SKEMPI_v2.0,1DVF,9.09e-07,"A, B","C, D",PDB/SKEMPI_v2.0/1DVF.pdb,8.237864600610228,1DVF,1dvf_43,PDB/mutant_pdbs/1dvf/1dvf_43.pdb
"B_D100A, D_N55A",SKEMPI_v2.0,1DVF,1.08e-05,"A, B","C, D",PDB/SKEMPI_v2.0/1DVF.pdb,6.772227967002927,1DVF,1dvf_44,PDB/mutant_pdbs/1dvf/1dvf_44.pdb
"B_N56A, D_N55A",SKEMPI_v2.0,1DVF,5.26e-07,"A, B","C, D",PDB/SKEMPI_v2.0/1DVF.pdb,8.561816804006659,1DVF,1dvf_45,PDB/mutant_pdbs/1dvf/1dvf_45.pdb
"B_N56A, D_H33A",SKEMPI_v2.0,1DVF,7.69e-07,"A, B","C, D",PDB/SKEMPI_v2.0/1DVF.pdb,8.336910297039516,1DVF,1dvf_46,PDB/mutant_pdbs/1dvf/1dvf_46.pdb
A_D8A,SKEMPI_v2.0,1E50,7.1e-09,A,B,PDB/SKEMPI_v2.0/1E50.pdb,11.111303519734234,1E50,1e50_1,PDB/mutant_pdbs/1e50/1e50_1.pdb
A_N11A,SKEMPI_v2.0,1E50,4.4e-08,A,B,PDB/SKEMPI_v2.0/1E50.pdb,10.031098501693375,1E50,1e50_2,PDB/mutant_pdbs/1e50/1e50_2.pdb
A_M48A,SKEMPI_v2.0,1E50,1.3e-07,A,B,PDB/SKEMPI_v2.0/1E50.pdb,9.389555926659554,1E50,1e50_3,PDB/mutant_pdbs/1e50/1e50_3.pdb
A_N51A,SKEMPI_v2.0,1E50,8.5e-07,A,B,PDB/SKEMPI_v2.0/1E50.pdb,8.277605518017596,1E50,1e50_4,PDB/mutant_pdbs/1e50/1e50_4.pdb
A_Y55A,SKEMPI_v2.0,1E50,6.9e-08,A,B,PDB/SKEMPI_v2.0/1E50.pdb,9.764663638701977,1E50,1e50_5,PDB/mutant_pdbs/1e50/1e50_5.pdb
A_S56A,SKEMPI_v2.0,1E50,7.3e-08,A,B,PDB/SKEMPI_v2.0/1E50.pdb,9.731292169642582,1E50,1e50_6,PDB/mutant_pdbs/1e50/1e50_6.pdb
A_T91A,SKEMPI_v2.0,1E50,1.8e-07,A,B,PDB/SKEMPI_v2.0/1E50.pdb,9.196845054219313,1E50,1e50_7,PDB/mutant_pdbs/1e50/1e50_7.pdb
A_V101A,SKEMPI_v2.0,1E50,1.3e-08,A,B,PDB/SKEMPI_v2.0/1E50.pdb,10.75311658365837,1E50,1e50_8,PDB/mutant_pdbs/1e50/1e50_8.pdb
A_T103A,SKEMPI_v2.0,1E50,5.6e-07,A,B,PDB/SKEMPI_v2.0/1E50.pdb,8.524724841328489,1E50,1e50_9,PDB/mutant_pdbs/1e50/1e50_9.pdb
B_R32A,SKEMPI_v2.0,1E50,2.8e-07,A,B,PDB/SKEMPI_v2.0/1E50.pdb,8.935197499992418,1E50,1e50_10,PDB/mutant_pdbs/1e50/1e50_10.pdb
B_V57A,SKEMPI_v2.0,1E50,1.4e-08,A,B,PDB/SKEMPI_v2.0/1E50.pdb,10.709230815655163,1E50,1e50_11,PDB/mutant_pdbs/1e50/1e50_11.pdb
B_N62A,SKEMPI_v2.0,1E50,6.5e-08,A,B,PDB/SKEMPI_v2.0/1E50.pdb,9.800028585323483,1E50,1e50_12,PDB/mutant_pdbs/1e50/1e50_12.pdb
B_S64A,SKEMPI_v2.0,1E50,1.7e-08,A,B,PDB/SKEMPI_v2.0/1E50.pdb,10.594254173351299,1E50,1e50_13,PDB/mutant_pdbs/1e50/1e50_13.pdb
A_D8A,SKEMPI_v2.0,1E50,1.77e-08,A,B,PDB/SKEMPI_v2.0/1E50.pdb,10.57035866599208,1E50,1e50_14,PDB/mutant_pdbs/1e50/1e50_14.pdb
A_N51A,SKEMPI_v2.0,1E50,2.81e-07,A,B,PDB/SKEMPI_v2.0/1E50.pdb,8.93308631462242,1E50,1e50_15,PDB/mutant_pdbs/1e50/1e50_15.pdb
"A_D52A, A_E53A",SKEMPI_v2.0,1E50,5.05e-08,A,B,PDB/SKEMPI_v2.0/1E50.pdb,9.949504802381442,1E50,1e50_16,PDB/mutant_pdbs/1e50/1e50_16.pdb
A_Y55A,SKEMPI_v2.0,1E50,1.16e-07,A,B,PDB/SKEMPI_v2.0/1E50.pdb,9.457032220852632,1E50,1e50_17,PDB/mutant_pdbs/1e50/1e50_17.pdb
A_R84A,SKEMPI_v2.0,1E50,1.89e-08,A,B,PDB/SKEMPI_v2.0/1E50.pdb,10.53151281665698,1E50,1e50_18,PDB/mutant_pdbs/1e50/1e50_18.pdb
A_K86M,SKEMPI_v2.0,1E50,4.48e-08,A,B,PDB/SKEMPI_v2.0/1E50.pdb,10.020428179334335,1E50,1e50_19,PDB/mutant_pdbs/1e50/1e50_19.pdb
A_T91A,SKEMPI_v2.0,1E50,1.52e-07,A,B,PDB/SKEMPI_v2.0/1E50.pdb,9.296969836742715,1E50,1e50_20,PDB/mutant_pdbs/1e50/1e50_20.pdb
B_N62A,SKEMPI_v2.0,1E50,1.46e-07,A,B,PDB/SKEMPI_v2.0/1E50.pdb,9.320819510978652,1E50,1e50_21,PDB/mutant_pdbs/1e50/1e50_21.pdb
B_N99A,SKEMPI_v2.0,1E50,2.81e-07,A,B,PDB/SKEMPI_v2.0/1E50.pdb,8.93308631462242,1E50,1e50_22,PDB/mutant_pdbs/1e50/1e50_22.pdb
A_N26H,SKEMPI_v2.0,1E96,8e-07,A,B,PDB/SKEMPI_v2.0/1E96.pdb,8.174018256842208,1E96,1e96_1,PDB/mutant_pdbs/1e96/1e96_1.pdb
A_I33N,SKEMPI_v2.0,1E96,3.9e-06,A,B,PDB/SKEMPI_v2.0/1E96.pdb,7.251662983038184,1E96,1e96_2,PDB/mutant_pdbs/1e96/1e96_2.pdb
A_D38N,SKEMPI_v2.0,1E96,5.1e-06,A,B,PDB/SKEMPI_v2.0/1E96.pdb,7.095466049414119,1E96,1e96_3,PDB/mutant_pdbs/1e96/1e96_3.pdb
A_M45T,SKEMPI_v2.0,1E96,2.3e-07,A,B,PDB/SKEMPI_v2.0/1E96.pdb,8.899812814443768,1E96,1e96_4,PDB/mutant_pdbs/1e96/1e96_4.pdb
A_K132E,SKEMPI_v2.0,1E96,9e-08,A,B,PDB/SKEMPI_v2.0/1E96.pdb,9.446121106962382,1E96,1e96_5,PDB/mutant_pdbs/1e96/1e96_5.pdb
A_L134R,SKEMPI_v2.0,1E96,1e-07,A,B,PDB/SKEMPI_v2.0/1E96.pdb,9.38477485739789,1E96,1e96_6,PDB/mutant_pdbs/1e96/1e96_6.pdb
A_Q23A,SKEMPI_v2.0,1EAW,2.07e-11,A,B,PDB/SKEMPI_v2.0/1EAW.pdb,14.568322495143597,1EAW,1eaw_1,PDB/mutant_pdbs/1eaw/1eaw_1.pdb
A_I26A,SKEMPI_v2.0,1EAW,1.24e-11,A,B,PDB/SKEMPI_v2.0/1EAW.pdb,14.871781092589222,1EAW,1eaw_2,PDB/mutant_pdbs/1eaw/1eaw_2.pdb
A_I45A,SKEMPI_v2.0,1EAW,3.58e-11,A,B,PDB/SKEMPI_v2.0/1EAW.pdb,14.24391412327596,1EAW,1eaw_3,PDB/mutant_pdbs/1eaw/1eaw_3.pdb
A_D46A,SKEMPI_v2.0,1EAW,3.72e-11,A,B,PDB/SKEMPI_v2.0/1EAW.pdb,14.221197321035579,1EAW,1eaw_4,PDB/mutant_pdbs/1eaw/1eaw_4.pdb
A_D47A,SKEMPI_v2.0,1EAW,6.28e-10,A,B,PDB/SKEMPI_v2.0/1EAW.pdb,12.547540193915326,1EAW,1eaw_5,PDB/mutant_pdbs/1eaw/1eaw_5.pdb
A_R48A,SKEMPI_v2.0,1EAW,1.34e-10,A,B,PDB/SKEMPI_v2.0/1EAW.pdb,13.462291467622139,1EAW,1eaw_6,PDB/mutant_pdbs/1eaw/1eaw_6.pdb
A_F50A,SKEMPI_v2.0,1EAW,2.41e-11,A,B,PDB/SKEMPI_v2.0/1EAW.pdb,14.478263817428843,1EAW,1eaw_7,PDB/mutant_pdbs/1eaw/1eaw_7.pdb
A_R51A,SKEMPI_v2.0,1EAW,7.34e-11,A,B,PDB/SKEMPI_v2.0/1EAW.pdb,13.818738138766532,1EAW,1eaw_8,PDB/mutant_pdbs/1eaw/1eaw_8.pdb
A_Y52A,SKEMPI_v2.0,1EAW,4.35e-11,A,B,PDB/SKEMPI_v2.0/1EAW.pdb,14.128548396287224,1EAW,1eaw_9,PDB/mutant_pdbs/1eaw/1eaw_9.pdb
A_R82A,SKEMPI_v2.0,1EAW,3.86e-11,A,B,PDB/SKEMPI_v2.0/1EAW.pdb,14.199319856441592,1EAW,1eaw_10,PDB/mutant_pdbs/1eaw/1eaw_10.pdb
A_F89A,SKEMPI_v2.0,1EAW,1.7e-10,A,B,PDB/SKEMPI_v2.0/1EAW.pdb,13.32137548734893,1EAW,1eaw_11,PDB/mutant_pdbs/1eaw/1eaw_11.pdb
A_N90A,SKEMPI_v2.0,1EAW,8.36e-11,A,B,PDB/SKEMPI_v2.0/1EAW.pdb,13.741683029433798,1EAW,1eaw_12,PDB/mutant_pdbs/1eaw/1eaw_12.pdb
A_D91A,SKEMPI_v2.0,1EAW,1.5e-10,A,B,PDB/SKEMPI_v2.0/1EAW.pdb,13.395495457098447,1EAW,1eaw_13,PDB/mutant_pdbs/1eaw/1eaw_13.pdb
A_F92A,SKEMPI_v2.0,1EAW,2.24e-10,A,B,PDB/SKEMPI_v2.0/1EAW.pdb,13.158022151995894,1EAW,1eaw_14,PDB/mutant_pdbs/1eaw/1eaw_14.pdb
A_T93A,SKEMPI_v2.0,1EAW,7.64e-11,A,B,PDB/SKEMPI_v2.0/1EAW.pdb,13.795015866776218,1EAW,1eaw_15,PDB/mutant_pdbs/1eaw/1eaw_15.pdb
A_H138A,SKEMPI_v2.0,1EAW,4.85e-11,A,B,PDB/SKEMPI_v2.0/1EAW.pdb,14.064116771366963,1EAW,1eaw_16,PDB/mutant_pdbs/1eaw/1eaw_16.pdb
A_Q140A,SKEMPI_v2.0,1EAW,8.34e-11,A,B,PDB/SKEMPI_v2.0/1EAW.pdb,13.743101441774375,1EAW,1eaw_17,PDB/mutant_pdbs/1eaw/1eaw_17.pdb
A_Y141A,SKEMPI_v2.0,1EAW,1.16e-10,A,B,PDB/SKEMPI_v2.0/1EAW.pdb,13.547714191849078,1EAW,1eaw_18,PDB/mutant_pdbs/1eaw/1eaw_18.pdb
A_T144A,SKEMPI_v2.0,1EAW,5.78e-11,A,B,PDB/SKEMPI_v2.0/1EAW.pdb,13.960232403044591,1EAW,1eaw_19,PDB/mutant_pdbs/1eaw/1eaw_19.pdb
A_L147A,SKEMPI_v2.0,1EAW,1.16e-10,A,B,PDB/SKEMPI_v2.0/1EAW.pdb,13.547714191849078,1EAW,1eaw_20,PDB/mutant_pdbs/1eaw/1eaw_20.pdb
A_E163A,SKEMPI_v2.0,1EAW,1.63e-10,A,B,PDB/SKEMPI_v2.0/1EAW.pdb,13.346275900720094,1EAW,1eaw_21,PDB/mutant_pdbs/1eaw/1eaw_21.pdb
A_Q168A,SKEMPI_v2.0,1EAW,1.29e-10,A,B,PDB/SKEMPI_v2.0/1EAW.pdb,13.484810791955205,1EAW,1eaw_22,PDB/mutant_pdbs/1eaw/1eaw_22.pdb
A_Q169A,SKEMPI_v2.0,1EAW,3.97e-11,A,B,PDB/SKEMPI_v2.0/1EAW.pdb,14.182680050180409,1EAW,1eaw_23,PDB/mutant_pdbs/1eaw/1eaw_23.pdb
A_D214A,SKEMPI_v2.0,1EAW,2.14e-09,A,B,PDB/SKEMPI_v2.0/1EAW.pdb,11.821506691119863,1EAW,1eaw_24,PDB/mutant_pdbs/1eaw/1eaw_24.pdb
A_Q218A,SKEMPI_v2.0,1EAW,6.34e-11,A,B,PDB/SKEMPI_v2.0/1EAW.pdb,13.905469871538067,1EAW,1eaw_25,PDB/mutant_pdbs/1eaw/1eaw_25.pdb
A_R219A,SKEMPI_v2.0,1EAW,4.28e-11,A,B,PDB/SKEMPI_v2.0/1EAW.pdb,14.138155346453566,1EAW,1eaw_26,PDB/mutant_pdbs/1eaw/1eaw_26.pdb
A_K221A,SKEMPI_v2.0,1EAW,1.11e-10,A,B,PDB/SKEMPI_v2.0/1EAW.pdb,13.573805939256681,1EAW,1eaw_27,PDB/mutant_pdbs/1eaw/1eaw_27.pdb
"A_E14H, A_T13H",SKEMPI_v2.0,1EFN,2e-06,A,B,PDB/SKEMPI_v2.0/1EFN.pdb,7.770891283328966,1EFN,1efn_1,PDB/mutant_pdbs/1efn/1efn_1.pdb
A_T13H,SKEMPI_v2.0,1EFN,3.1e-06,A,B,PDB/SKEMPI_v2.0/1EFN.pdb,7.511362467924183,1EFN,1efn_2,PDB/mutant_pdbs/1efn/1efn_2.pdb
A_I12A,SKEMPI_v2.0,1EFN,4.4e-06,A,B,PDB/SKEMPI_v2.0/1EFN.pdb,7.303977187695743,1EFN,1efn_3,PDB/mutant_pdbs/1efn/1efn_3.pdb
"A_D24E, A_D58R, A_D59E, A_E30D, A_E40R, A_E56D, A_G57D, A_H37E, A_K55R, A_L16F, A_L31D, A_M41L, A_N22R, A_N67K, A_Q15E, A_Q71E, A_S26A, A_S27T, A_S46D, A_S63E, A_T18K, A_T19K, A_T25G, A_T36R, A_T68E, A_V32N, A_V69I",SKEMPI_v2.0,1EMV,1.47e-08,A,B,PDB/SKEMPI_v2.0/1EMV.pdb,10.680337921094013,1EMV,1emv_1,PDB/mutant_pdbs/1emv/1emv_1.pdb
"A_D58R, A_D59E, A_E30D, A_E40R, A_E56D, A_G57D, A_H37E, A_K55R, A_L31D, A_M41L, A_N67K, A_Q71E, A_S46D, A_S63E, A_T36R, A_T68E, A_V32N, A_V69I",SKEMPI_v2.0,1EMV,1.31e-08,A,B,PDB/SKEMPI_v2.0/1EMV.pdb,10.74857873103905,1EMV,1emv_2,PDB/mutant_pdbs/1emv/1emv_2.pdb
"A_D24E, A_L16F, A_N22R, A_N67K, A_Q15E, A_Q71E, A_S26A, A_S27T, A_S63E, A_T18K, A_T19K, A_T25G, A_T68E, A_V69I",SKEMPI_v2.0,1EMV,2.26e-12,A,B,PDB/SKEMPI_v2.0/1EMV.pdb,15.879879548053136,1EMV,1emv_3,PDB/mutant_pdbs/1emv/1emv_3.pdb
"A_D24E, A_D58R, A_D59E, A_E56D, A_G57D, A_K55R, A_L16F, A_N22R, A_N67K, A_Q15E, A_Q71E, A_S26A, A_S27T, A_S46D, A_S63E, A_T18K, A_T19K, A_T25G, A_T68E, A_V69I",SKEMPI_v2.0,1EMV,3.23e-13,A,B,PDB/SKEMPI_v2.0/1EMV.pdb,17.031960015089354,1EMV,1emv_4,PDB/mutant_pdbs/1emv/1emv_4.pdb
"A_D58R, A_D59E, A_E56D, A_G57D, A_K55R, A_L16F, A_N22R, A_N67K, A_Q15E, A_Q71E, A_S46D, A_S63E, A_T18K, A_T19K, A_T68E, A_V69I",SKEMPI_v2.0,1EMV,2.01e-13,A,B,PDB/SKEMPI_v2.0/1EMV.pdb,17.312862325728872,1EMV,1emv_5,PDB/mutant_pdbs/1emv/1emv_5.pdb
"A_D58R, A_D59E, A_E56D, A_G57D, A_K55R, A_L16F, A_N67K, A_Q15E, A_Q71E, A_S46D, A_S63E, A_T68E, A_V69I",SKEMPI_v2.0,1EMV,1.28e-14,A,B,PDB/SKEMPI_v2.0/1EMV.pdb,18.943661901333552,1EMV,1emv_6,PDB/mutant_pdbs/1emv/1emv_6.pdb
"A_D58R, A_D59E, A_E56D, A_G57D, A_K55R, A_N67K, A_Q71E, A_S46D, A_S63E, A_T68E, A_V69I",SKEMPI_v2.0,1EMV,7.6e-15,A,B,PDB/SKEMPI_v2.0/1EMV.pdb,19.252367094398355,1EMV,1emv_7,PDB/mutant_pdbs/1emv/1emv_7.pdb
"A_N67K, A_Q71E, A_S63E, A_T68E, A_V69I",SKEMPI_v2.0,1EMV,2.08e-14,A,B,PDB/SKEMPI_v2.0/1EMV.pdb,18.656150547994365,1EMV,1emv_8,PDB/mutant_pdbs/1emv/1emv_8.pdb
B_R54A,SKEMPI_v2.0,1EMV,5.43e-13,A,B,PDB/SKEMPI_v2.0/1EMV.pdb,16.72434440258782,1EMV,1emv_9,PDB/mutant_pdbs/1emv/1emv_9.pdb
B_N72A,SKEMPI_v2.0,1EMV,2.33e-13,A,B,PDB/SKEMPI_v2.0/1EMV.pdb,17.225376459957964,1EMV,1emv_10,PDB/mutant_pdbs/1emv/1emv_10.pdb
B_S74A,SKEMPI_v2.0,1EMV,2.17e-14,A,B,PDB/SKEMPI_v2.0/1EMV.pdb,18.631065942243275,1EMV,1emv_11,PDB/mutant_pdbs/1emv/1emv_11.pdb
B_N75A,SKEMPI_v2.0,1EMV,1.68e-12,A,B,PDB/SKEMPI_v2.0/1EMV.pdb,16.055505011767742,1EMV,1emv_12,PDB/mutant_pdbs/1emv/1emv_12.pdb
B_S77A,SKEMPI_v2.0,1EMV,2.2e-14,A,B,PDB/SKEMPI_v2.0/1EMV.pdb,18.622935102350198,1EMV,1emv_13,PDB/mutant_pdbs/1emv/1emv_13.pdb
B_S78A,SKEMPI_v2.0,1EMV,1.31e-14,A,B,PDB/SKEMPI_v2.0/1EMV.pdb,18.929942673031945,1EMV,1emv_14,PDB/mutant_pdbs/1emv/1emv_14.pdb
B_S84A,SKEMPI_v2.0,1EMV,2.71e-14,A,B,PDB/SKEMPI_v2.0/1EMV.pdb,18.49946930725841,1EMV,1emv_15,PDB/mutant_pdbs/1emv/1emv_15.pdb
B_F86A,SKEMPI_v2.0,1EMV,2.28e-11,A,B,PDB/SKEMPI_v2.0/1EMV.pdb,14.511101351848266,1EMV,1emv_16,PDB/mutant_pdbs/1emv/1emv_16.pdb
B_T87A,SKEMPI_v2.0,1EMV,4.26e-14,A,B,PDB/SKEMPI_v2.0/1EMV.pdb,18.23161103150956,1EMV,1emv_17,PDB/mutant_pdbs/1emv/1emv_17.pdb
B_Q92A,SKEMPI_v2.0,1EMV,2.04e-14,A,B,PDB/SKEMPI_v2.0/1EMV.pdb,18.667649683461512,1EMV,1emv_18,PDB/mutant_pdbs/1emv/1emv_18.pdb
B_K97A,SKEMPI_v2.0,1EMV,8.92e-13,A,B,PDB/SKEMPI_v2.0/1EMV.pdb,16.430408415762916,1EMV,1emv_19,PDB/mutant_pdbs/1emv/1emv_19.pdb
B_V98A,SKEMPI_v2.0,1EMV,2.05e-13,A,B,PDB/SKEMPI_v2.0/1EMV.pdb,17.301193241381505,1EMV,1emv_20,PDB/mutant_pdbs/1emv/1emv_20.pdb
"A_L31A, B_F86A",SKEMPI_v2.0,1EMV,2.57e-09,A,B,PDB/SKEMPI_v2.0/1EMV.pdb,11.713077234014145,1EMV,1emv_21,PDB/mutant_pdbs/1emv/1emv_21.pdb
"A_V32A, B_F86A",SKEMPI_v2.0,1EMV,8.58e-11,A,B,PDB/SKEMPI_v2.0/1EMV.pdb,13.726300687467951,1EMV,1emv_22,PDB/mutant_pdbs/1emv/1emv_22.pdb
"A_V35A, B_F86A",SKEMPI_v2.0,1EMV,3.13e-11,A,B,PDB/SKEMPI_v2.0/1EMV.pdb,14.323462464510097,1EMV,1emv_23,PDB/mutant_pdbs/1emv/1emv_23.pdb
"A_Y52A, B_F86A",SKEMPI_v2.0,1EMV,8.09e-08,A,B,PDB/SKEMPI_v2.0/1EMV.pdb,9.670442373339792,1EMV,1emv_24,PDB/mutant_pdbs/1emv/1emv_24.pdb
"A_Y53A, B_F86A",SKEMPI_v2.0,1EMV,3.72e-08,A,B,PDB/SKEMPI_v2.0/1EMV.pdb,10.130515350039131,1EMV,1emv_25,PDB/mutant_pdbs/1emv/1emv_25.pdb
A_C21A,SKEMPI_v2.0,1EMV,7.68e-14,A,B,PDB/SKEMPI_v2.0/1EMV.pdb,17.882605471115983,1EMV,1emv_26,PDB/mutant_pdbs/1emv/1emv_26.pdb
A_N22A,SKEMPI_v2.0,1EMV,2.05e-14,A,B,PDB/SKEMPI_v2.0/1EMV.pdb,18.664753898380322,1EMV,1emv_27,PDB/mutant_pdbs/1emv/1emv_27.pdb
A_D24A,SKEMPI_v2.0,1EMV,2.86e-14,A,B,PDB/SKEMPI_v2.0/1EMV.pdb,18.467566430018042,1EMV,1emv_28,PDB/mutant_pdbs/1emv/1emv_28.pdb
A_T25A,SKEMPI_v2.0,1EMV,5.54e-14,A,B,PDB/SKEMPI_v2.0/1EMV.pdb,18.07602853470529,1EMV,1emv_29,PDB/mutant_pdbs/1emv/1emv_29.pdb
A_S26A,SKEMPI_v2.0,1EMV,2.17e-14,A,B,PDB/SKEMPI_v2.0/1EMV.pdb,18.631065942243275,1EMV,1emv_30,PDB/mutant_pdbs/1emv/1emv_30.pdb
A_S27A,SKEMPI_v2.0,1EMV,8.14e-14,A,B,PDB/SKEMPI_v2.0/1EMV.pdb,17.848157586173546,1EMV,1emv_31,PDB/mutant_pdbs/1emv/1emv_31.pdb
A_E28A,SKEMPI_v2.0,1EMV,1.77e-13,A,B,PDB/SKEMPI_v2.0/1EMV.pdb,17.38816195098616,1EMV,1emv_32,PDB/mutant_pdbs/1emv/1emv_32.pdb
A_E29A,SKEMPI_v2.0,1EMV,2.72e-14,A,B,PDB/SKEMPI_v2.0/1EMV.pdb,18.497288137687296,1EMV,1emv_33,PDB/mutant_pdbs/1emv/1emv_33.pdb
A_E30A,SKEMPI_v2.0,1EMV,2.35e-14,A,B,PDB/SKEMPI_v2.0/1EMV.pdb,18.583875659913026,1EMV,1emv_34,PDB/mutant_pdbs/1emv/1emv_34.pdb
A_L31A,SKEMPI_v2.0,1EMV,5.2e-12,A,B,PDB/SKEMPI_v2.0/1EMV.pdb,15.386413894325775,1EMV,1emv_35,PDB/mutant_pdbs/1emv/1emv_35.pdb
A_V32A,SKEMPI_v2.0,1EMV,1.26e-12,A,B,PDB/SKEMPI_v2.0/1EMV.pdb,16.225866557541956,1EMV,1emv_36,PDB/mutant_pdbs/1emv/1emv_36.pdb
A_K33A,SKEMPI_v2.0,1EMV,2.24e-14,A,B,PDB/SKEMPI_v2.0/1EMV.pdb,18.612264779991158,1EMV,1emv_37,PDB/mutant_pdbs/1emv/1emv_37.pdb
A_L34A,SKEMPI_v2.0,1EMV,7.49e-14,A,B,PDB/SKEMPI_v2.0/1EMV.pdb,17.89744019610762,1EMV,1emv_38,PDB/mutant_pdbs/1emv/1emv_38.pdb
A_V35A,SKEMPI_v2.0,1EMV,2.69e-13,A,B,PDB/SKEMPI_v2.0/1EMV.pdb,17.140295239717787,1EMV,1emv_39,PDB/mutant_pdbs/1emv/1emv_39.pdb
A_T36A,SKEMPI_v2.0,1EMV,7.4e-14,A,B,PDB/SKEMPI_v2.0/1EMV.pdb,17.904599023142843,1EMV,1emv_40,PDB/mutant_pdbs/1emv/1emv_40.pdb
A_E39A,SKEMPI_v2.0,1EMV,5.46e-13,A,B,PDB/SKEMPI_v2.0/1EMV.pdb,16.72108165676344,1EMV,1emv_41,PDB/mutant_pdbs/1emv/1emv_41.pdb
A_E40A,SKEMPI_v2.0,1EMV,4.92e-14,A,B,PDB/SKEMPI_v2.0/1EMV.pdb,18.14631280783371,1EMV,1emv_42,PDB/mutant_pdbs/1emv/1emv_42.pdb
A_T42A,SKEMPI_v2.0,1EMV,2.71e-14,A,B,PDB/SKEMPI_v2.0/1EMV.pdb,18.49946930725841,1EMV,1emv_43,PDB/mutant_pdbs/1emv/1emv_43.pdb
A_E43A,SKEMPI_v2.0,1EMV,2.32e-14,A,B,PDB/SKEMPI_v2.0/1EMV.pdb,18.591484161180414,1EMV,1emv_44,PDB/mutant_pdbs/1emv/1emv_44.pdb
A_H44A,SKEMPI_v2.0,1EMV,6.6e-14,A,B,PDB/SKEMPI_v2.0/1EMV.pdb,17.972351330796556,1EMV,1emv_45,PDB/mutant_pdbs/1emv/1emv_45.pdb
A_P45A,SKEMPI_v2.0,1EMV,3.39e-14,A,B,PDB/SKEMPI_v2.0/1EMV.pdb,18.366889749161054,1EMV,1emv_46,PDB/mutant_pdbs/1emv/1emv_46.pdb
A_S46A,SKEMPI_v2.0,1EMV,1.64e-14,A,B,PDB/SKEMPI_v2.0/1EMV.pdb,18.79689657938735,1EMV,1emv_47,PDB/mutant_pdbs/1emv/1emv_47.pdb
A_G47A,SKEMPI_v2.0,1EMV,1.99e-13,A,B,PDB/SKEMPI_v2.0/1EMV.pdb,17.31878424376927,1EMV,1emv_48,PDB/mutant_pdbs/1emv/1emv_48.pdb
A_S48A,SKEMPI_v2.0,1EMV,6.51e-13,A,B,PDB/SKEMPI_v2.0/1EMV.pdb,16.616921513690816,1EMV,1emv_49,PDB/mutant_pdbs/1emv/1emv_49.pdb
A_D49A,SKEMPI_v2.0,1EMV,3.53e-10,A,B,PDB/SKEMPI_v2.0/1EMV.pdb,12.888682532822207,1EMV,1emv_50,PDB/mutant_pdbs/1emv/1emv_50.pdb
A_L50A,SKEMPI_v2.0,1EMV,4.47e-14,A,B,PDB/SKEMPI_v2.0/1EMV.pdb,18.203115444490365,1EMV,1emv_51,PDB/mutant_pdbs/1emv/1emv_51.pdb
A_I51A,SKEMPI_v2.0,1EMV,6.78e-14,A,B,PDB/SKEMPI_v2.0/1EMV.pdb,17.956417090497126,1EMV,1emv_52,PDB/mutant_pdbs/1emv/1emv_52.pdb
A_Y52A,SKEMPI_v2.0,1EMV,5.69e-11,A,B,PDB/SKEMPI_v2.0/1EMV.pdb,13.969525848913447,1EMV,1emv_53,PDB/mutant_pdbs/1emv/1emv_53.pdb
A_Y53A,SKEMPI_v2.0,1EMV,4.06e-11,A,B,PDB/SKEMPI_v2.0/1EMV.pdb,14.169405068841572,1EMV,1emv_54,PDB/mutant_pdbs/1emv/1emv_54.pdb
A_P54A,SKEMPI_v2.0,1EMV,1.32e-13,A,B,PDB/SKEMPI_v2.0/1EMV.pdb,17.56187867213263,1EMV,1emv_55,PDB/mutant_pdbs/1emv/1emv_55.pdb
A_D58A,SKEMPI_v2.0,1EMV,3.84e-14,A,B,PDB/SKEMPI_v2.0/1EMV.pdb,18.29307812977991,1EMV,1emv_56,PDB/mutant_pdbs/1emv/1emv_56.pdb
A_S61A,SKEMPI_v2.0,1EMV,7.04e-14,A,B,PDB/SKEMPI_v2.0/1EMV.pdb,17.93413246602937,1EMV,1emv_57,PDB/mutant_pdbs/1emv/1emv_57.pdb
A_V66A,SKEMPI_v2.0,1EMV,3.72e-13,A,B,PDB/SKEMPI_v2.0/1EMV.pdb,16.94831863503321,1EMV,1emv_58,PDB/mutant_pdbs/1emv/1emv_58.pdb
A_N67A,SKEMPI_v2.0,1EMV,2.59e-14,A,B,PDB/SKEMPI_v2.0/1EMV.pdb,18.526289900135335,1EMV,1emv_59,PDB/mutant_pdbs/1emv/1emv_59.pdb
A_D4A,SKEMPI_v2.0,1F47,6.94e-05,A,B,PDB/SKEMPI_v2.0/1F47.pdb,5.670558612688482,1F47,1f47_1,PDB/mutant_pdbs/1f47/1f47_1.pdb
A_Y5A,SKEMPI_v2.0,1F47,9.37e-05,A,B,PDB/SKEMPI_v2.0/1F47.pdb,5.492777410011381,1F47,1f47_2,PDB/mutant_pdbs/1f47/1f47_2.pdb
A_L6A,SKEMPI_v2.0,1F47,0.000103,A,B,PDB/SKEMPI_v2.0/1F47.pdb,5.436738293442238,1F47,1f47_3,PDB/mutant_pdbs/1f47/1f47_3.pdb
A_D7A,SKEMPI_v2.0,1F47,0.000403,A,B,PDB/SKEMPI_v2.0/1F47.pdb,4.628872481594394,1F47,1f47_4,PDB/mutant_pdbs/1f47/1f47_4.pdb
A_I8A,SKEMPI_v2.0,1F47,0.00151,A,B,PDB/SKEMPI_v2.0/1F47.pdb,3.846636047157731,1F47,1f47_5,PDB/mutant_pdbs/1f47/1f47_5.pdb
A_P9A,SKEMPI_v2.0,1F47,1.96e-05,A,B,PDB/SKEMPI_v2.0/1F47.pdb,6.419294404323351,1F47,1f47_6,PDB/mutant_pdbs/1f47/1f47_6.pdb
A_F11A,SKEMPI_v2.0,1F47,0.00134,A,B,PDB/SKEMPI_v2.0/1F47.pdb,3.9173668686304284,1F47,1f47_7,PDB/mutant_pdbs/1f47/1f47_7.pdb
A_L12A,SKEMPI_v2.0,1F47,0.00104,A,B,PDB/SKEMPI_v2.0/1F47.pdb,4.067455979671319,1F47,1f47_8,PDB/mutant_pdbs/1f47/1f47_8.pdb
A_K14A,SKEMPI_v2.0,1F47,2.01e-05,A,B,PDB/SKEMPI_v2.0/1F47.pdb,6.404377069738348,1F47,1f47_9,PDB/mutant_pdbs/1f47/1f47_9.pdb
A_Q15A,SKEMPI_v2.0,1F47,2e-05,A,B,PDB/SKEMPI_v2.0/1F47.pdb,6.40733062633015,1F47,1f47_10,PDB/mutant_pdbs/1f47/1f47_10.pdb
A_D7S,SKEMPI_v2.0,1F47,6.2e-06,A,B,PDB/SKEMPI_v2.0/1F47.pdb,7.100889809260255,1F47,1f47_11,PDB/mutant_pdbs/1f47/1f47_11.pdb
A_D7G,SKEMPI_v2.0,1F47,1.3e-06,A,B,PDB/SKEMPI_v2.0/1F47.pdb,8.025995269660736,1F47,1f47_12,PDB/mutant_pdbs/1f47/1f47_12.pdb
A_K129Q,SKEMPI_v2.0,1F5R,9e-06,A,I,PDB/SKEMPI_v2.0/1F5R.pdb,6.880196398885611,1F5R,1f5r_1,PDB/mutant_pdbs/1f5r/1f5r_1.pdb
C_Y10W,SKEMPI_v2.0,1FC2,3e-08,C,D,PDB/SKEMPI_v2.0/1FC2.pdb,10.257901484436886,1FC2,1fc2_1,PDB/mutant_pdbs/1fc2/1fc2_1.pdb
C_I12W,SKEMPI_v2.0,1FC2,3e-06,C,D,PDB/SKEMPI_v2.0/1FC2.pdb,7.530780170439253,1FC2,1fc2_2,PDB/mutant_pdbs/1fc2/1fc2_2.pdb
C_F26W,SKEMPI_v2.0,1FC2,1.5e-08,C,D,PDB/SKEMPI_v2.0/1FC2.pdb,10.668374143100813,1FC2,1fc2_3,PDB/mutant_pdbs/1fc2/1fc2_3.pdb
C_L40W,SKEMPI_v2.0,1FC2,1.5e-08,C,D,PDB/SKEMPI_v2.0/1FC2.pdb,10.668374143100813,1FC2,1fc2_4,PDB/mutant_pdbs/1fc2/1fc2_4.pdb
C_L13D,SKEMPI_v2.0,1FC2,1.89e-07,C,D,PDB/SKEMPI_v2.0/1FC2.pdb,9.167952159658164,1FC2,1fc2_5,PDB/mutant_pdbs/1fc2/1fc2_5.pdb
C_N24A,SKEMPI_v2.0,1FC2,4.67e-08,C,D,PDB/SKEMPI_v2.0/1FC2.pdb,9.995831090585401,1FC2,1fc2_6,PDB/mutant_pdbs/1fc2/1fc2_6.pdb
C_F26A,SKEMPI_v2.0,1FC2,1.87e-08,C,D,PDB/SKEMPI_v2.0/1FC2.pdb,10.537812736382005,1FC2,1fc2_7,PDB/mutant_pdbs/1fc2/1fc2_7.pdb
C_I27A,SKEMPI_v2.0,1FC2,0.000124,C,D,PDB/SKEMPI_v2.0/1FC2.pdb,5.32685649359751,1FC2,1fc2_8,PDB/mutant_pdbs/1fc2/1fc2_8.pdb
C_K31A,SKEMPI_v2.0,1FC2,2.21e-07,C,D,PDB/SKEMPI_v2.0/1FC2.pdb,9.075324844020326,1FC2,1fc2_9,PDB/mutant_pdbs/1fc2/1fc2_9.pdb
C_L13D,SKEMPI_v2.0,1FC2,2.5e-07,C,D,PDB/SKEMPI_v2.0/1FC2.pdb,9.002309259320754,1FC2,1fc2_10,PDB/mutant_pdbs/1fc2/1fc2_10.pdb
C_N24A,SKEMPI_v2.0,1FC2,1.67e-07,C,D,PDB/SKEMPI_v2.0/1FC2.pdb,9.241237181269256,1FC2,1fc2_11,PDB/mutant_pdbs/1fc2/1fc2_11.pdb
C_F26A,SKEMPI_v2.0,1FC2,5.88e-08,C,D,PDB/SKEMPI_v2.0/1FC2.pdb,9.859392603766155,1FC2,1fc2_12,PDB/mutant_pdbs/1fc2/1fc2_12.pdb
C_I27A,SKEMPI_v2.0,1FC2,2.5e-06,C,D,PDB/SKEMPI_v2.0/1FC2.pdb,7.638748602321938,1FC2,1fc2_13,PDB/mutant_pdbs/1fc2/1fc2_13.pdb
C_K31A,SKEMPI_v2.0,1FC2,5e-07,C,D,PDB/SKEMPI_v2.0/1FC2.pdb,8.591836600656825,1FC2,1fc2_14,PDB/mutant_pdbs/1fc2/1fc2_14.pdb
C_N2F,SKEMPI_v2.0,1FC2,5e-10,C,D,PDB/SKEMPI_v2.0/1FC2.pdb,12.682518571653272,1FC2,1fc2_15,PDB/mutant_pdbs/1fc2/1fc2_15.pdb
C_N7F,SKEMPI_v2.0,1FC2,7e-10,C,D,PDB/SKEMPI_v2.0/1FC2.pdb,12.483264131317906,1FC2,1fc2_16,PDB/mutant_pdbs/1fc2/1fc2_16.pdb
C_Q28K,SKEMPI_v2.0,1FC2,8e-10,C,D,PDB/SKEMPI_v2.0/1FC2.pdb,12.404188593996372,1FC2,1fc2_17,PDB/mutant_pdbs/1fc2/1fc2_17.pdb
C_N2Q,SKEMPI_v2.0,1FC2,6e-10,C,D,PDB/SKEMPI_v2.0/1FC2.pdb,12.574550139770588,1FC2,1fc2_18,PDB/mutant_pdbs/1fc2/1fc2_18.pdb
C_Q28L,SKEMPI_v2.0,1FC2,1.3e-09,C,D,PDB/SKEMPI_v2.0/1FC2.pdb,12.116677240657186,1FC2,1fc2_19,PDB/mutant_pdbs/1fc2/1fc2_19.pdb
C_F1M,SKEMPI_v2.0,1FC2,2.8e-09,C,D,PDB/SKEMPI_v2.0/1FC2.pdb,11.66231881399005,1FC2,1fc2_20,PDB/mutant_pdbs/1fc2/1fc2_20.pdb
C_K3D,SKEMPI_v2.0,1FC2,3.6e-09,C,D,PDB/SKEMPI_v2.0/1FC2.pdb,11.513493709553018,1FC2,1fc2_21,PDB/mutant_pdbs/1fc2/1fc2_21.pdb
C_Y10F,SKEMPI_v2.0,1FC2,3.4e-09,C,D,PDB/SKEMPI_v2.0/1FC2.pdb,11.547342171686186,1FC2,1fc2_22,PDB/mutant_pdbs/1fc2/1fc2_22.pdb
C_N24F,SKEMPI_v2.0,1FC2,2.5e-09,C,D,PDB/SKEMPI_v2.0/1FC2.pdb,11.729430573318384,1FC2,1fc2_23,PDB/mutant_pdbs/1fc2/1fc2_23.pdb
C_T25A,SKEMPI_v2.0,1FCC,3.6e-07,A,C,PDB/SKEMPI_v2.0/1FCC.pdb,8.786372395555384,1FCC,1fcc_1,PDB/mutant_pdbs/1fcc/1fcc_1.pdb
C_E27A,SKEMPI_v2.0,1FCC,0.001,A,C,PDB/SKEMPI_v2.0/1FCC.pdb,4.090681970996448,1FCC,1fcc_2,PDB/mutant_pdbs/1fcc/1fcc_2.pdb
C_K28A,SKEMPI_v2.0,1FCC,2e-06,A,C,PDB/SKEMPI_v2.0/1FCC.pdb,7.770891283328966,1FCC,1fcc_3,PDB/mutant_pdbs/1fcc/1fcc_3.pdb
C_K31A,SKEMPI_v2.0,1FCC,8.5e-05,A,C,PDB/SKEMPI_v2.0/1FCC.pdb,5.5504842040199645,1FCC,1fcc_4,PDB/mutant_pdbs/1fcc/1fcc_4.pdb
C_N35A,SKEMPI_v2.0,1FCC,1.3e-05,A,C,PDB/SKEMPI_v2.0/1FCC.pdb,6.662434612661921,1FCC,1fcc_5,PDB/mutant_pdbs/1fcc/1fcc_5.pdb
C_D40A,SKEMPI_v2.0,1FCC,3.8e-07,A,C,PDB/SKEMPI_v2.0/1FCC.pdb,8.754354497071757,1FCC,1fcc_6,PDB/mutant_pdbs/1fcc/1fcc_6.pdb
C_E42A,SKEMPI_v2.0,1FCC,4.6e-07,A,C,PDB/SKEMPI_v2.0/1FCC.pdb,8.641214094592874,1FCC,1fcc_7,PDB/mutant_pdbs/1fcc/1fcc_7.pdb
C_W43A,SKEMPI_v2.0,1FCC,0.00014,A,C,PDB/SKEMPI_v2.0/1FCC.pdb,5.254988187659899,1FCC,1fcc_8,PDB/mutant_pdbs/1fcc/1fcc_8.pdb
"C_T44A, C_Y45A",SKEMPI_v2.0,1FCC,6.5e-06,A,C,PDB/SKEMPI_v2.0/1FCC.pdb,7.0729072713258505,1FCC,1fcc_9,PDB/mutant_pdbs/1fcc/1fcc_9.pdb
A_D12K,SKEMPI_v2.0,1FFW,1.3e-06,A,B,PDB/SKEMPI_v2.0/1FFW.pdb,8.025995269660736,1FFW,1ffw_1,PDB/mutant_pdbs/1ffw/1ffw_1.pdb
A_T86I,SKEMPI_v2.0,1FFW,7e-07,A,B,PDB/SKEMPI_v2.0/1FFW.pdb,8.39258216032146,1FFW,1ffw_2,PDB/mutant_pdbs/1ffw/1ffw_2.pdb
A_A89V,SKEMPI_v2.0,1FFW,1.4e-06,A,B,PDB/SKEMPI_v2.0/1FFW.pdb,7.982109501657531,1FFW,1ffw_3,PDB/mutant_pdbs/1ffw/1ffw_3.pdb
A_E92K,SKEMPI_v2.0,1FFW,4.8e-06,A,B,PDB/SKEMPI_v2.0/1FFW.pdb,7.252450192782354,1FFW,1ffw_4,PDB/mutant_pdbs/1ffw/1ffw_4.pdb
A_Y105W,SKEMPI_v2.0,1FFW,4e-06,A,B,PDB/SKEMPI_v2.0/1FFW.pdb,7.360418624665037,1FFW,1ffw_5,PDB/mutant_pdbs/1ffw/1ffw_5.pdb
A_V107M,SKEMPI_v2.0,1FFW,8.1e-06,A,B,PDB/SKEMPI_v2.0/1FFW.pdb,6.9425895127771415,1FFW,1ffw_6,PDB/mutant_pdbs/1ffw/1ffw_6.pdb
A_F110V,SKEMPI_v2.0,1FFW,1e-05,A,B,PDB/SKEMPI_v2.0/1FFW.pdb,6.8178032849940795,1FFW,1ffw_7,PDB/mutant_pdbs/1ffw/1ffw_7.pdb
A_T111I,SKEMPI_v2.0,1FFW,3.1e-06,A,B,PDB/SKEMPI_v2.0/1FFW.pdb,7.511362467924183,1FFW,1ffw_8,PDB/mutant_pdbs/1ffw/1ffw_8.pdb
A_E116K,SKEMPI_v2.0,1FFW,4e-06,A,B,PDB/SKEMPI_v2.0/1FFW.pdb,7.360418624665037,1FFW,1ffw_9,PDB/mutant_pdbs/1ffw/1ffw_9.pdb
B_E13A,SKEMPI_v2.0,1FFW,5.7e-07,A,B,PDB/SKEMPI_v2.0/1FFW.pdb,8.514243384182045,1FFW,1ffw_10,PDB/mutant_pdbs/1ffw/1ffw_10.pdb
B_E20A,SKEMPI_v2.0,1FFW,5e-07,A,B,PDB/SKEMPI_v2.0/1FFW.pdb,8.591836600656825,1FFW,1ffw_11,PDB/mutant_pdbs/1ffw/1ffw_11.pdb
B_H23A,SKEMPI_v2.0,1FFW,1.8e-07,A,B,PDB/SKEMPI_v2.0/1FFW.pdb,9.196845054219313,1FFW,1ffw_12,PDB/mutant_pdbs/1ffw/1ffw_12.pdb
B_D44A,SKEMPI_v2.0,1FFW,1.5e-07,A,B,PDB/SKEMPI_v2.0/1FFW.pdb,9.304813486101997,1FFW,1ffw_13,PDB/mutant_pdbs/1ffw/1ffw_13.pdb
B_D49A,SKEMPI_v2.0,1FFW,2e-07,A,B,PDB/SKEMPI_v2.0/1FFW.pdb,9.134451940327782,1FFW,1ffw_14,PDB/mutant_pdbs/1ffw/1ffw_14.pdb
B_C55A,SKEMPI_v2.0,1FFW,2.4e-07,A,B,PDB/SKEMPI_v2.0/1FFW.pdb,9.026483508445098,1FFW,1ffw_15,PDB/mutant_pdbs/1ffw/1ffw_15.pdb
B_F56A,SKEMPI_v2.0,1FFW,8e-05,A,B,PDB/SKEMPI_v2.0/1FFW.pdb,5.586385309002293,1FFW,1ffw_16,PDB/mutant_pdbs/1ffw/1ffw_16.pdb
B_I58A,SKEMPI_v2.0,1FFW,3.5e-07,A,B,PDB/SKEMPI_v2.0/1FFW.pdb,8.80305481898539,1FFW,1ffw_17,PDB/mutant_pdbs/1ffw/1ffw_17.pdb
A_A102V,SKEMPI_v2.0,1FFW,1.23e-05,A,B,PDB/SKEMPI_v2.0/1FFW.pdb,6.695212212172223,1FFW,1ffw_18,PDB/mutant_pdbs/1ffw/1ffw_18.pdb
A_Y50C,SKEMPI_v2.0,1FFW,1.52e-06,A,B,PDB/SKEMPI_v2.0/1FFW.pdb,7.933409179743899,1FFW,1ffw_19,PDB/mutant_pdbs/1ffw/1ffw_19.pdb
A_A39E,SKEMPI_v2.0,1FR2,1.62e-14,A,B,PDB/SKEMPI_v2.0/1FR2.pdb,18.804162767102557,1FR2,1fr2_1,PDB/mutant_pdbs/1fr2/1fr2_1.pdb
B_T8V,SKEMPI_v2.0,1FSS,6.9e-10,A,B,PDB/SKEMPI_v2.0/1FSS.pdb,12.491784952699609,1FSS,1fss_1,PDB/mutant_pdbs/1fss/1fss_1.pdb
B_T9I,SKEMPI_v2.0,1FSS,2.5e-10,A,B,PDB/SKEMPI_v2.0/1FSS.pdb,13.092991230317201,1FSS,1fss_2,PDB/mutant_pdbs/1fss/1fss_2.pdb
B_T9N,SKEMPI_v2.0,1FSS,2.8e-09,A,B,PDB/SKEMPI_v2.0/1FSS.pdb,11.66231881399005,1FSS,1fss_3,PDB/mutant_pdbs/1fss/1fss_3.pdb
"B_T8V, B_T9I",SKEMPI_v2.0,1FSS,7.8e-10,A,B,PDB/SKEMPI_v2.0/1FSS.pdb,12.41918146743843,1FSS,1fss_4,PDB/mutant_pdbs/1fss/1fss_4.pdb
"B_T8V, B_T9N",SKEMPI_v2.0,1FSS,6e-10,A,B,PDB/SKEMPI_v2.0/1FSS.pdb,12.574550139770588,1FSS,1fss_5,PDB/mutant_pdbs/1fss/1fss_5.pdb
B_R11K,SKEMPI_v2.0,1FSS,6.3e-10,A,B,PDB/SKEMPI_v2.0/1FSS.pdb,12.545657245209439,1FSS,1fss_6,PDB/mutant_pdbs/1fss/1fss_6.pdb
B_A12S,SKEMPI_v2.0,1FSS,6.4e-10,A,B,PDB/SKEMPI_v2.0/1FSS.pdb,12.536331275003402,1FSS,1fss_7,PDB/mutant_pdbs/1fss/1fss_7.pdb
B_R27F,SKEMPI_v2.0,1FSS,2.26e-08,A,B,PDB/SKEMPI_v2.0/1FSS.pdb,10.42563692005787,1FSS,1fss_8,PDB/mutant_pdbs/1fss/1fss_8.pdb
B_R27M,SKEMPI_v2.0,1FSS,3.32e-08,A,B,PDB/SKEMPI_v2.0/1FSS.pdb,10.197881868187949,1FSS,1fss_9,PDB/mutant_pdbs/1fss/1fss_9.pdb
B_R27Y,SKEMPI_v2.0,1FSS,3.13e-08,A,B,PDB/SKEMPI_v2.0/1FSS.pdb,10.23278049351365,1FSS,1fss_10,PDB/mutant_pdbs/1fss/1fss_10.pdb
B_H29K,SKEMPI_v2.0,1FSS,1.3e-10,A,B,PDB/SKEMPI_v2.0/1FSS.pdb,13.480237897656,1FSS,1fss_11,PDB/mutant_pdbs/1fss/1fss_11.pdb
B_H29R,SKEMPI_v2.0,1FSS,3e-11,A,B,PDB/SKEMPI_v2.0/1FSS.pdb,14.348583455433333,1FSS,1fss_12,PDB/mutant_pdbs/1fss/1fss_12.pdb
B_K32R,SKEMPI_v2.0,1FSS,2.3e-09,A,B,PDB/SKEMPI_v2.0/1FSS.pdb,11.778808067254435,1FSS,1fss_13,PDB/mutant_pdbs/1fss/1fss_13.pdb
B_M33F,SKEMPI_v2.0,1FSS,1.8e-09,A,B,PDB/SKEMPI_v2.0/1FSS.pdb,11.923966368216945,1FSS,1fss_14,PDB/mutant_pdbs/1fss/1fss_14.pdb
B_M33L,SKEMPI_v2.0,1FSS,1.88e-09,A,B,PDB/SKEMPI_v2.0/1FSS.pdb,11.898215055925977,1FSS,1fss_15,PDB/mutant_pdbs/1fss/1fss_15.pdb
B_M33Q,SKEMPI_v2.0,1FSS,5.26e-09,A,B,PDB/SKEMPI_v2.0/1FSS.pdb,11.28893811800429,1FSS,1fss_16,PDB/mutant_pdbs/1fss/1fss_16.pdb
B_M33Y,SKEMPI_v2.0,1FSS,3.9e-09,A,B,PDB/SKEMPI_v2.0/1FSS.pdb,11.466093469103543,1FSS,1fss_17,PDB/mutant_pdbs/1fss/1fss_17.pdb
B_V34T,SKEMPI_v2.0,1FSS,5.38e-09,A,B,PDB/SKEMPI_v2.0/1FSS.pdb,11.27557995305859,1FSS,1fss_18,PDB/mutant_pdbs/1fss/1fss_18.pdb
B_L35W,SKEMPI_v2.0,1FSS,4.29e-09,A,B,PDB/SKEMPI_v2.0/1FSS.pdb,11.409652032134249,1FSS,1fss_19,PDB/mutant_pdbs/1fss/1fss_19.pdb
B_N47F,SKEMPI_v2.0,1FSS,8.5e-10,A,B,PDB/SKEMPI_v2.0/1FSS.pdb,12.368287489014044,1FSS,1fss_20,PDB/mutant_pdbs/1fss/1fss_20.pdb
B_N47W,SKEMPI_v2.0,1FSS,4.5e-10,A,B,PDB/SKEMPI_v2.0/1FSS.pdb,12.744911685544803,1FSS,1fss_21,PDB/mutant_pdbs/1fss/1fss_21.pdb
B_N47R,SKEMPI_v2.0,1FSS,1.5e-10,A,B,PDB/SKEMPI_v2.0/1FSS.pdb,13.395495457098447,1FSS,1fss_22,PDB/mutant_pdbs/1fss/1fss_22.pdb
"B_H29R, B_K32R, B_R11K, B_T8V, B_T9N",SKEMPI_v2.0,1FSS,1.2e-09,A,B,PDB/SKEMPI_v2.0/1FSS.pdb,12.16407748110666,1FSS,1fss_23,PDB/mutant_pdbs/1fss/1fss_23.pdb
B_T8V,SKEMPI_v2.0,1FSS,1.25e-10,A,B,PDB/SKEMPI_v2.0/1FSS.pdb,13.50346388898113,1FSS,1fss_24,PDB/mutant_pdbs/1fss/1fss_24.pdb
B_T9N,SKEMPI_v2.0,1FSS,2.8e-09,A,B,PDB/SKEMPI_v2.0/1FSS.pdb,11.66231881399005,1FSS,1fss_25,PDB/mutant_pdbs/1fss/1fss_25.pdb
"B_T8V, B_T9N",SKEMPI_v2.0,1FSS,6.4e-10,A,B,PDB/SKEMPI_v2.0/1FSS.pdb,12.536331275003402,1FSS,1fss_26,PDB/mutant_pdbs/1fss/1fss_26.pdb
B_R11K,SKEMPI_v2.0,1FSS,5.3e-10,A,B,PDB/SKEMPI_v2.0/1FSS.pdb,12.648012489386918,1FSS,1fss_27,PDB/mutant_pdbs/1fss/1fss_27.pdb
B_H29R,SKEMPI_v2.0,1FSS,5.2e-11,A,B,PDB/SKEMPI_v2.0/1FSS.pdb,14.02285323732696,1FSS,1fss_28,PDB/mutant_pdbs/1fss/1fss_28.pdb
B_K32R,SKEMPI_v2.0,1FSS,2.3e-09,A,B,PDB/SKEMPI_v2.0/1FSS.pdb,11.778808067254435,1FSS,1fss_29,PDB/mutant_pdbs/1fss/1fss_29.pdb
"B_H29R, B_R11K, B_T8V, B_T9N",SKEMPI_v2.0,1FSS,1.6e-10,A,B,PDB/SKEMPI_v2.0/1FSS.pdb,13.35727659233126,1FSS,1fss_30,PDB/mutant_pdbs/1fss/1fss_30.pdb
E_D168N,SKEMPI_v2.0,1FY8,1.2e-05,E,I,PDB/SKEMPI_v2.0/1FY8.pdb,6.709834853111396,1FY8,1fy8_1,PDB/mutant_pdbs/1fy8/1fy8_1.pdb
E_Q128K,SKEMPI_v2.0,1FY8,6.5e-05,E,I,PDB/SKEMPI_v2.0/1FY8.pdb,5.7093466143270355,1FY8,1fy8_2,PDB/mutant_pdbs/1fy8/1fy8_2.pdb
C_A12R,ATLAS,1FYT,3.8e-05,"A, B, C","D, E",PDB/ATLAS/1FYT.pdb,6.030267025280369,1FYT_at,1fyt_at_1,PDB/mutant_pdbs/1fyt_at/1fyt_at_1.pdb
C_T13R,ATLAS,1FYT,2.61e-05,"A, B, C","D, E",PDB/ATLAS/1FYT.pdb,6.252834497525777,1FYT_at,1fyt_at_2,PDB/mutant_pdbs/1fyt_at/1fyt_at_2.pdb
"D_A101R, D_A103Y, D_F100E, D_G99L, D_S102P",ATLAS,1G6R,1.65e-08,"A, C","D, E",PDB/ATLAS/1G6R.pdb,10.617274282997021,1G6R_at,1g6r_at_1,PDB/mutant_pdbs/1g6r_at/1g6r_at_1.pdb
"D_A101R, D_F100H, D_G99L, D_S102P",ATLAS,1G6R,2.8e-08,"A, C","D, E",PDB/ATLAS/1G6R.pdb,10.303942095660858,1G6R_at,1g6r_at_2,PDB/mutant_pdbs/1g6r_at/1g6r_at_2.pdb
"D_A101R, D_A103Y, D_F100S, D_G99E, D_S102P",ATLAS,1G6R,7.9e-07,"A, C","D, E",PDB/ATLAS/1G6R.pdb,8.325144013127947,1G6R_at,1g6r_at_3,PDB/mutant_pdbs/1g6r_at/1g6r_at_3.pdb
C_K1A,SKEMPI_v2.0,1GC1,4e-09,G,C,PDB/SKEMPI_v2.0/1GC1.pdb,11.451100595661485,1GC1,1gc1_1,PDB/mutant_pdbs/1gc1/1gc1_1.pdb
C_K2A,SKEMPI_v2.0,1GC1,3.5e-09,G,C,PDB/SKEMPI_v2.0/1GC1.pdb,11.53017613298302,1GC1,1gc1_2,PDB/mutant_pdbs/1gc1/1gc1_2.pdb
C_K7A,SKEMPI_v2.0,1GC1,1.94e-08,G,C,PDB/SKEMPI_v2.0/1GC1.pdb,10.516050140041472,1GC1,1gc1_3,PDB/mutant_pdbs/1gc1/1gc1_3.pdb
C_K8A,SKEMPI_v2.0,1GC1,4.3e-09,G,C,PDB/SKEMPI_v2.0/1GC1.pdb,11.408273249511218,1GC1,1gc1_4,PDB/mutant_pdbs/1gc1/1gc1_4.pdb
C_D10A,SKEMPI_v2.0,1GC1,3.6e-09,G,C,PDB/SKEMPI_v2.0/1GC1.pdb,11.513493709553018,1GC1,1gc1_5,PDB/mutant_pdbs/1gc1/1gc1_5.pdb
C_T11A,SKEMPI_v2.0,1GC1,3.6e-09,G,C,PDB/SKEMPI_v2.0/1GC1.pdb,11.513493709553018,1GC1,1gc1_6,PDB/mutant_pdbs/1gc1/1gc1_6.pdb
C_T15A,SKEMPI_v2.0,1GC1,6.2e-09,G,C,PDB/SKEMPI_v2.0/1GC1.pdb,11.191571780256702,1GC1,1gc1_7,PDB/mutant_pdbs/1gc1/1gc1_7.pdb
C_T17A,SKEMPI_v2.0,1GC1,2.9e-09,G,C,PDB/SKEMPI_v2.0/1GC1.pdb,11.641538195179306,1GC1,1gc1_8,PDB/mutant_pdbs/1gc1/1gc1_8.pdb
C_S19A,SKEMPI_v2.0,1GC1,3.6e-09,G,C,PDB/SKEMPI_v2.0/1GC1.pdb,11.513493709553018,1GC1,1gc1_9,PDB/mutant_pdbs/1gc1/1gc1_9.pdb
C_Q20A,SKEMPI_v2.0,1GC1,3.5e-09,G,C,PDB/SKEMPI_v2.0/1GC1.pdb,11.53017613298302,1GC1,1gc1_10,PDB/mutant_pdbs/1gc1/1gc1_10.pdb
C_K21A,SKEMPI_v2.0,1GC1,2.9e-09,G,C,PDB/SKEMPI_v2.0/1GC1.pdb,11.641538195179306,1GC1,1gc1_11,PDB/mutant_pdbs/1gc1/1gc1_11.pdb
C_K22A,SKEMPI_v2.0,1GC1,5.4e-09,G,C,PDB/SKEMPI_v2.0/1GC1.pdb,11.273382596663302,1GC1,1gc1_12,PDB/mutant_pdbs/1gc1/1gc1_12.pdb
C_S23A,SKEMPI_v2.0,1GC1,5.9e-09,G,C,PDB/SKEMPI_v2.0/1GC1.pdb,11.220942437545723,1GC1,1gc1_13,PDB/mutant_pdbs/1gc1/1gc1_13.pdb
C_Q25A,SKEMPI_v2.0,1GC1,3.8e-09,G,C,PDB/SKEMPI_v2.0/1GC1.pdb,11.481475811069389,1GC1,1gc1_14,PDB/mutant_pdbs/1gc1/1gc1_14.pdb
C_H27A,SKEMPI_v2.0,1GC1,5.8e-09,G,C,PDB/SKEMPI_v2.0/1GC1.pdb,11.231065536515377,1GC1,1gc1_15,PDB/mutant_pdbs/1gc1/1gc1_15.pdb
C_K29A,SKEMPI_v2.0,1GC1,8.9e-09,G,C,PDB/SKEMPI_v2.0/1GC1.pdb,10.977495051780496,1GC1,1gc1_16,PDB/mutant_pdbs/1gc1/1gc1_16.pdb
C_N30A,SKEMPI_v2.0,1GC1,4.8e-09,G,C,PDB/SKEMPI_v2.0/1GC1.pdb,11.343132163778801,1GC1,1gc1_17,PDB/mutant_pdbs/1gc1/1gc1_17.pdb
C_S31A,SKEMPI_v2.0,1GC1,4.3e-09,G,C,PDB/SKEMPI_v2.0/1GC1.pdb,11.408273249511218,1GC1,1gc1_18,PDB/mutant_pdbs/1gc1/1gc1_18.pdb
C_N32A,SKEMPI_v2.0,1GC1,4.9e-09,G,C,PDB/SKEMPI_v2.0/1GC1.pdb,11.330921692647657,1GC1,1gc1_19,PDB/mutant_pdbs/1gc1/1gc1_19.pdb
C_Q33A,SKEMPI_v2.0,1GC1,4.3e-09,G,C,PDB/SKEMPI_v2.0/1GC1.pdb,11.408273249511218,1GC1,1gc1_20,PDB/mutant_pdbs/1gc1/1gc1_20.pdb
C_K35A,SKEMPI_v2.0,1GC1,6.2e-09,G,C,PDB/SKEMPI_v2.0/1GC1.pdb,11.191571780256702,1GC1,1gc1_21,PDB/mutant_pdbs/1gc1/1gc1_21.pdb
C_N39A,SKEMPI_v2.0,1GC1,7.9e-09,G,C,PDB/SKEMPI_v2.0/1GC1.pdb,11.048076926649413,1GC1,1gc1_22,PDB/mutant_pdbs/1gc1/1gc1_22.pdb
C_Q40A,SKEMPI_v2.0,1GC1,1.8e-09,G,C,PDB/SKEMPI_v2.0/1GC1.pdb,11.923966368216945,1GC1,1gc1_23,PDB/mutant_pdbs/1gc1/1gc1_23.pdb
C_S42A,SKEMPI_v2.0,1GC1,3.6e-09,G,C,PDB/SKEMPI_v2.0/1GC1.pdb,11.513493709553018,1GC1,1gc1_24,PDB/mutant_pdbs/1gc1/1gc1_24.pdb
C_L44A,SKEMPI_v2.0,1GC1,2.14e-08,G,C,PDB/SKEMPI_v2.0/1GC1.pdb,10.457946034121047,1GC1,1gc1_25,PDB/mutant_pdbs/1gc1/1gc1_25.pdb
C_T45A,SKEMPI_v2.0,1GC1,2.8e-09,G,C,PDB/SKEMPI_v2.0/1GC1.pdb,11.66231881399005,1GC1,1gc1_26,PDB/mutant_pdbs/1gc1/1gc1_26.pdb
C_K46A,SKEMPI_v2.0,1GC1,4.03e-08,G,C,PDB/SKEMPI_v2.0/1GC1.pdb,10.08311510958966,1GC1,1gc1_27,PDB/mutant_pdbs/1gc1/1gc1_27.pdb
C_S49A,SKEMPI_v2.0,1GC1,1.01e-08,G,C,PDB/SKEMPI_v2.0/1GC1.pdb,10.90259280071633,1GC1,1gc1_28,PDB/mutant_pdbs/1gc1/1gc1_28.pdb
C_K50A,SKEMPI_v2.0,1GC1,3.9e-09,G,C,PDB/SKEMPI_v2.0/1GC1.pdb,11.466093469103543,1GC1,1gc1_29,PDB/mutant_pdbs/1gc1/1gc1_29.pdb
C_L51A,SKEMPI_v2.0,1GC1,2.89e-08,G,C,PDB/SKEMPI_v2.0/1GC1.pdb,10.28002309071207,1GC1,1gc1_30,PDB/mutant_pdbs/1gc1/1gc1_30.pdb
C_N52A,SKEMPI_v2.0,1GC1,1.19e-08,G,C,PDB/SKEMPI_v2.0/1GC1.pdb,10.805472391679864,1GC1,1gc1_31,PDB/mutant_pdbs/1gc1/1gc1_31.pdb
C_D53A,SKEMPI_v2.0,1GC1,6e-09,G,C,PDB/SKEMPI_v2.0/1GC1.pdb,11.210989482771772,1GC1,1gc1_32,PDB/mutant_pdbs/1gc1/1gc1_32.pdb
C_D56A,SKEMPI_v2.0,1GC1,3.2e-09,G,C,PDB/SKEMPI_v2.0/1GC1.pdb,11.583243276668515,1GC1,1gc1_33,PDB/mutant_pdbs/1gc1/1gc1_33.pdb
C_R58A,SKEMPI_v2.0,1GC1,4.5e-09,G,C,PDB/SKEMPI_v2.0/1GC1.pdb,11.381351028545987,1GC1,1gc1_34,PDB/mutant_pdbs/1gc1/1gc1_34.pdb
C_R59A,SKEMPI_v2.0,1GC1,2.62e-08,G,C,PDB/SKEMPI_v2.0/1GC1.pdb,10.338106072375123,1GC1,1gc1_35,PDB/mutant_pdbs/1gc1/1gc1_35.pdb
C_S60A,SKEMPI_v2.0,1GC1,3.1e-09,G,C,PDB/SKEMPI_v2.0/1GC1.pdb,11.602044438920633,1GC1,1gc1_36,PDB/mutant_pdbs/1gc1/1gc1_36.pdb
C_D63A,SKEMPI_v2.0,1GC1,2.1e-09,G,C,PDB/SKEMPI_v2.0/1GC1.pdb,11.832680359764266,1GC1,1gc1_37,PDB/mutant_pdbs/1gc1/1gc1_37.pdb
C_Q64A,SKEMPI_v2.0,1GC1,7.6e-09,G,C,PDB/SKEMPI_v2.0/1GC1.pdb,11.07100315240546,1GC1,1gc1_38,PDB/mutant_pdbs/1gc1/1gc1_38.pdb
C_N66A,SKEMPI_v2.0,1GC1,3.4e-09,G,C,PDB/SKEMPI_v2.0/1GC1.pdb,11.547342171686186,1GC1,1gc1_39,PDB/mutant_pdbs/1gc1/1gc1_39.pdb
C_K72A,SKEMPI_v2.0,1GC1,3.5e-09,G,C,PDB/SKEMPI_v2.0/1GC1.pdb,11.53017613298302,1GC1,1gc1_40,PDB/mutant_pdbs/1gc1/1gc1_40.pdb
C_N73A,SKEMPI_v2.0,1GC1,3e-09,G,C,PDB/SKEMPI_v2.0/1GC1.pdb,11.621462141435702,1GC1,1gc1_41,PDB/mutant_pdbs/1gc1/1gc1_41.pdb
C_K75A,SKEMPI_v2.0,1GC1,4.7e-09,G,C,PDB/SKEMPI_v2.0/1GC1.pdb,11.35559971625502,1GC1,1gc1_42,PDB/mutant_pdbs/1gc1/1gc1_42.pdb
C_E77A,SKEMPI_v2.0,1GC1,9.3e-09,G,C,PDB/SKEMPI_v2.0/1GC1.pdb,10.95146066736699,1GC1,1gc1_43,PDB/mutant_pdbs/1gc1/1gc1_43.pdb
C_Y82A,SKEMPI_v2.0,1GC1,3.18e-08,G,C,PDB/SKEMPI_v2.0/1GC1.pdb,10.22339540217053,1GC1,1gc1_44,PDB/mutant_pdbs/1gc1/1gc1_44.pdb
C_E85A,SKEMPI_v2.0,1GC1,3.36e-08,G,C,PDB/SKEMPI_v2.0/1GC1.pdb,10.19078972510855,1GC1,1gc1_45,PDB/mutant_pdbs/1gc1/1gc1_45.pdb
C_V86A,SKEMPI_v2.0,1GC1,3.2e-09,G,C,PDB/SKEMPI_v2.0/1GC1.pdb,11.583243276668515,1GC1,1gc1_46,PDB/mutant_pdbs/1gc1/1gc1_46.pdb
C_E87A,SKEMPI_v2.0,1GC1,5.2e-09,G,C,PDB/SKEMPI_v2.0/1GC1.pdb,11.295731923329328,1GC1,1gc1_47,PDB/mutant_pdbs/1gc1/1gc1_47.pdb
C_D88A,SKEMPI_v2.0,1GC1,3.2e-09,G,C,PDB/SKEMPI_v2.0/1GC1.pdb,11.583243276668515,1GC1,1gc1_48,PDB/mutant_pdbs/1gc1/1gc1_48.pdb
C_Q89A,SKEMPI_v2.0,1GC1,4.8e-09,G,C,PDB/SKEMPI_v2.0/1GC1.pdb,11.343132163778801,1GC1,1gc1_49,PDB/mutant_pdbs/1gc1/1gc1_49.pdb
C_K90A,SKEMPI_v2.0,1GC1,3.9e-09,G,C,PDB/SKEMPI_v2.0/1GC1.pdb,11.466093469103543,1GC1,1gc1_50,PDB/mutant_pdbs/1gc1/1gc1_50.pdb
C_E91A,SKEMPI_v2.0,1GC1,2.9e-09,G,C,PDB/SKEMPI_v2.0/1GC1.pdb,11.641538195179306,1GC1,1gc1_51,PDB/mutant_pdbs/1gc1/1gc1_51.pdb
C_E92A,SKEMPI_v2.0,1GC1,3.7e-09,G,C,PDB/SKEMPI_v2.0/1GC1.pdb,11.497268396812691,1GC1,1gc1_52,PDB/mutant_pdbs/1gc1/1gc1_52.pdb
C_Q94A,SKEMPI_v2.0,1GC1,3e-09,G,C,PDB/SKEMPI_v2.0/1GC1.pdb,11.621462141435702,1GC1,1gc1_53,PDB/mutant_pdbs/1gc1/1gc1_53.pdb
C_Q89L,SKEMPI_v2.0,1GC1,2.13e-09,G,C,PDB/SKEMPI_v2.0/1GC1.pdb,11.824280405179408,1GC1,1gc1_54,PDB/mutant_pdbs/1gc1/1gc1_54.pdb
"C_D63A, C_Q40A",SKEMPI_v2.0,1GC1,1.55e-09,G,C,PDB/SKEMPI_v2.0/1GC1.pdb,12.01251709758456,1GC1,1gc1_55,PDB/mutant_pdbs/1gc1/1gc1_55.pdb
"C_D63A, C_Q40A, C_Q89L",SKEMPI_v2.0,1GC1,8.6e-10,G,C,PDB/SKEMPI_v2.0/1GC1.pdb,12.361361247846103,1GC1,1gc1_56,PDB/mutant_pdbs/1gc1/1gc1_56.pdb
C_P5A,SKEMPI_v2.0,1GCQ,6.14e-05,"A, B",C,PDB/SKEMPI_v2.0/1GCQ.pdb,5.743087903015142,1GCQ,1gcq_1,PDB/mutant_pdbs/1gcq/1gcq_1.pdb
C_A42G,SKEMPI_v2.0,1GCQ,0.000165,"A, B",C,PDB/SKEMPI_v2.0/1GCQ.pdb,5.157690078136256,1GCQ,1gcq_2,PDB/mutant_pdbs/1gcq/1gcq_2.pdb
C_W47Y,SKEMPI_v2.0,1GCQ,0.00063,"A, B",C,PDB/SKEMPI_v2.0/1GCQ.pdb,4.364293303216543,1GCQ,1gcq_3,PDB/mutant_pdbs/1gcq/1gcq_3.pdb
C_P67A,SKEMPI_v2.0,1GCQ,0.000155,"A, B",C,PDB/SKEMPI_v2.0/1GCQ.pdb,5.19471381259048,1GCQ,1gcq_4,PDB/mutant_pdbs/1gcq/1gcq_4.pdb
C_P18A,SKEMPI_v2.0,1GCQ,2.06e-05,"A, B",C,PDB/SKEMPI_v2.0/1GCQ.pdb,6.389826291777125,1GCQ,1gcq_5,PDB/mutant_pdbs/1gcq/1gcq_5.pdb
C_P19A,SKEMPI_v2.0,1GCQ,1.94e-05,"A, B",C,PDB/SKEMPI_v2.0/1GCQ.pdb,6.425368169045025,1GCQ,1gcq_6,PDB/mutant_pdbs/1gcq/1gcq_6.pdb
C_G21V,SKEMPI_v2.0,1GCQ,1.61e-05,"A, B",C,PDB/SKEMPI_v2.0/1GCQ.pdb,6.535783657587735,1GCQ,1gcq_7,PDB/mutant_pdbs/1gcq/1gcq_7.pdb
I_M28K,SKEMPI_v2.0,1GL0,7.8e-10,E,I,PDB/SKEMPI_v2.0/1GL0.pdb,12.41918146743843,1GL0,1gl0_1,PDB/mutant_pdbs/1gl0/1gl0_1.pdb
"I_L27R, I_M28K",SKEMPI_v2.0,1GL0,1.3e-06,E,I,PDB/SKEMPI_v2.0/1GL0.pdb,8.025995269660736,1GL0,1gl0_2,PDB/mutant_pdbs/1gl0/1gl0_2.pdb
I_L29V,SKEMPI_v2.0,1GL1,2.65e-07,A,I,PDB/SKEMPI_v2.0/1GL1.pdb,8.9678031770544,1GL1,1gl1_1,PDB/mutant_pdbs/1gl1/1gl1_1.pdb
"I_A31G, I_K30M",SKEMPI_v2.0,1GL1,1.6e-10,A,I,PDB/SKEMPI_v2.0/1GL1.pdb,13.35727659233126,1GL1,1gl1_2,PDB/mutant_pdbs/1gl1/1gl1_2.pdb
A_D38E,SKEMPI_v2.0,1GRN,5.6e-06,A,B,PDB/SKEMPI_v2.0/1GRN.pdb,7.161164184329674,1GRN,1grn_1,PDB/mutant_pdbs/1grn/1grn_1.pdb
B_R4A,SKEMPI_v2.0,1GUA,2.67e-06,A,B,PDB/SKEMPI_v2.0/1GUA.pdb,7.599789966229222,1GUA,1gua_1,PDB/mutant_pdbs/1gua/1gua_1.pdb
B_N9A,SKEMPI_v2.0,1GUA,2.51e-07,A,B,PDB/SKEMPI_v2.0/1GUA.pdb,8.999945236743866,1GUA,1gua_2,PDB/mutant_pdbs/1gua/1gua_2.pdb
B_K10A,SKEMPI_v2.0,1GUA,2.51e-07,A,B,PDB/SKEMPI_v2.0/1GUA.pdb,8.999945236743866,1GUA,1gua_3,PDB/mutant_pdbs/1gua/1gua_3.pdb
B_Q11A,SKEMPI_v2.0,1GUA,5.84e-07,A,B,PDB/SKEMPI_v2.0/1GUA.pdb,8.499874193650795,1GUA,1gua_4,PDB/mutant_pdbs/1gua/1gua_4.pdb
B_T13A,SKEMPI_v2.0,1GUA,1.61e-06,A,B,PDB/SKEMPI_v2.0/1GUA.pdb,7.899344314586551,1GUA,1gua_5,PDB/mutant_pdbs/1gua/1gua_5.pdb
B_V14A,SKEMPI_v2.0,1GUA,5.84e-07,A,B,PDB/SKEMPI_v2.0/1GUA.pdb,8.499874193650795,1GUA,1gua_6,PDB/mutant_pdbs/1gua/1gua_6.pdb
B_K29A,SKEMPI_v2.0,1GUA,1.44e-05,A,B,PDB/SKEMPI_v2.0/1GUA.pdb,6.601866421228711,1GUA,1gua_7,PDB/mutant_pdbs/1gua/1gua_7.pdb
B_K32A,SKEMPI_v2.0,1GUA,1.9e-06,A,B,PDB/SKEMPI_v2.0/1GUA.pdb,7.8012664987368705,1GUA,1gua_8,PDB/mutant_pdbs/1gua/1gua_8.pdb
B_V33A,SKEMPI_v2.0,1GUA,6.91e-07,A,B,PDB/SKEMPI_v2.0/1GUA.pdb,8.400245361178067,1GUA,1gua_9,PDB/mutant_pdbs/1gua/1gua_9.pdb
A_E37A,SKEMPI_v2.0,1GUA,4.43e-06,A,B,PDB/SKEMPI_v2.0/1GUA.pdb,7.299953252377684,1GUA,1gua_10,PDB/mutant_pdbs/1gua/1gua_10.pdb
A_S39A,SKEMPI_v2.0,1GUA,5.24e-06,A,B,PDB/SKEMPI_v2.0/1GUA.pdb,7.200512099713562,1GUA,1gua_11,PDB/mutant_pdbs/1gua/1gua_11.pdb
"A_E37A, B_R4A",SKEMPI_v2.0,1GUA,4.43e-06,A,B,PDB/SKEMPI_v2.0/1GUA.pdb,7.299953252377684,1GUA,1gua_12,PDB/mutant_pdbs/1gua/1gua_12.pdb
"A_E37A, B_V14A",SKEMPI_v2.0,1GUA,8.7e-06,A,B,PDB/SKEMPI_v2.0/1GUA.pdb,6.900272452629216,1GUA,1gua_13,PDB/mutant_pdbs/1gua/1gua_13.pdb
A_D30E,SKEMPI_v2.0,1GUA,6e-08,A,B,PDB/SKEMPI_v2.0/1GUA.pdb,9.847428825772955,1GUA,1gua_14,PDB/mutant_pdbs/1gua/1gua_14.pdb
"A_D30E, A_E31K",SKEMPI_v2.0,1GUA,1.2e-06,A,B,PDB/SKEMPI_v2.0/1GUA.pdb,8.073395510110212,1GUA,1gua_15,PDB/mutant_pdbs/1gua/1gua_15.pdb
B_R2A,SKEMPI_v2.0,1H9D,3.2e-07,A,B,PDB/SKEMPI_v2.0/1H9D.pdb,8.113158710768962,1H9D,1h9d_1,PDB/mutant_pdbs/1h9d/1h9d_1.pdb
B_V3A,SKEMPI_v2.0,1H9D,4.8e-07,A,B,PDB/SKEMPI_v2.0/1H9D.pdb,7.893191147618319,1H9D,1h9d_2,PDB/mutant_pdbs/1h9d/1h9d_2.pdb
B_G60A,SKEMPI_v2.0,1H9D,1.5e-06,A,B,PDB/SKEMPI_v2.0/1H9D.pdb,7.275040343440163,1H9D,1h9d_3,PDB/mutant_pdbs/1h9d/1h9d_3.pdb
B_Q66A,SKEMPI_v2.0,1H9D,4.5e-07,A,B,PDB/SKEMPI_v2.0/1H9D.pdb,7.928203731784231,1H9D,1h9d_4,PDB/mutant_pdbs/1h9d/1h9d_4.pdb
B_L93A,SKEMPI_v2.0,1H9D,2.2e-07,A,B,PDB/SKEMPI_v2.0/1H9D.pdb,8.316432440996198,1H9D,1h9d_5,PDB/mutant_pdbs/1h9d/1h9d_5.pdb
B_N94A,SKEMPI_v2.0,1H9D,2.2e-06,A,B,PDB/SKEMPI_v2.0/1H9D.pdb,7.067264456564397,1H9D,1h9d_6,PDB/mutant_pdbs/1h9d/1h9d_6.pdb
A_K80V,SKEMPI_v2.0,1HE8,2.9e-06,A,B,PDB/SKEMPI_v2.0/1HE8.pdb,7.4241640056563,1HE8,1he8_1,PDB/mutant_pdbs/1he8/1he8_1.pdb
"A_F78S, A_K80V",SKEMPI_v2.0,1HE8,5e-05,A,B,PDB/SKEMPI_v2.0/1HE8.pdb,5.766314023460212,1HE8,1he8_2,PDB/mutant_pdbs/1he8/1he8_2.pdb
"A_K80V, A_R83A",SKEMPI_v2.0,1HE8,3.2e-05,A,B,PDB/SKEMPI_v2.0/1HE8.pdb,6.026165067319673,1HE8,1he8_3,PDB/mutant_pdbs/1he8/1he8_3.pdb
"A_K80V, A_T89D",SKEMPI_v2.0,1HE8,5e-05,A,B,PDB/SKEMPI_v2.0/1HE8.pdb,5.766314023460212,1HE8,1he8_4,PDB/mutant_pdbs/1he8/1he8_4.pdb
"A_K80V, A_K91A",SKEMPI_v2.0,1HE8,1.7e-05,A,B,PDB/SKEMPI_v2.0/1HE8.pdb,6.3944518633891665,1HE8,1he8_5,PDB/mutant_pdbs/1he8/1he8_5.pdb
"A_K108A, A_K80V",SKEMPI_v2.0,1HE8,5e-05,A,B,PDB/SKEMPI_v2.0/1HE8.pdb,5.766314023460212,1HE8,1he8_6,PDB/mutant_pdbs/1he8/1he8_6.pdb
"A_K108E, A_K80V",SKEMPI_v2.0,1HE8,5e-05,A,B,PDB/SKEMPI_v2.0/1HE8.pdb,5.766314023460212,1HE8,1he8_7,PDB/mutant_pdbs/1he8/1he8_7.pdb
"A_D95A, A_K80V",SKEMPI_v2.0,1HE8,7.5e-06,A,B,PDB/SKEMPI_v2.0/1HE8.pdb,6.870913743003726,1HE8,1he8_8,PDB/mutant_pdbs/1he8/1he8_8.pdb
"A_K111A, A_K80V",SKEMPI_v2.0,1HE8,3.6e-05,A,B,PDB/SKEMPI_v2.0/1HE8.pdb,5.957585794954435,1HE8,1he8_9,PDB/mutant_pdbs/1he8/1he8_9.pdb
"A_K112A, A_K80V",SKEMPI_v2.0,1HE8,5e-05,A,B,PDB/SKEMPI_v2.0/1HE8.pdb,5.766314023460212,1HE8,1he8_10,PDB/mutant_pdbs/1he8/1he8_10.pdb
"A_K113A, A_K80V",SKEMPI_v2.0,1HE8,2.2e-05,A,B,PDB/SKEMPI_v2.0/1HE8.pdb,6.244330645915204,1HE8,1he8_11,PDB/mutant_pdbs/1he8/1he8_11.pdb
"A_D117A, A_K80V",SKEMPI_v2.0,1HE8,6.4e-06,A,B,PDB/SKEMPI_v2.0/1HE8.pdb,6.963261656286525,1HE8,1he8_12,PDB/mutant_pdbs/1he8/1he8_12.pdb
"A_E124K, A_K80V",SKEMPI_v2.0,1HE8,1.1e-06,A,B,PDB/SKEMPI_v2.0/1HE8.pdb,7.988598301919178,1HE8,1he8_13,PDB/mutant_pdbs/1he8/1he8_13.pdb
"A_E606A, A_K80V",SKEMPI_v2.0,1HE8,2.8e-06,A,B,PDB/SKEMPI_v2.0/1HE8.pdb,7.444595956366192,1HE8,1he8_14,PDB/mutant_pdbs/1he8/1he8_14.pdb
"A_E606K, A_K80V",SKEMPI_v2.0,1HE8,6e-07,A,B,PDB/SKEMPI_v2.0/1HE8.pdb,8.341521387418869,1HE8,1he8_15,PDB/mutant_pdbs/1he8/1he8_15.pdb
A_I5A,SKEMPI_v2.0,1IAR,1.17e-09,A,B,PDB/SKEMPI_v2.0/1IAR.pdb,12.179070354548717,1IAR,1iar_1,PDB/mutant_pdbs/1iar/1iar_1.pdb
A_I5R,SKEMPI_v2.0,1IAR,6.21e-10,A,B,PDB/SKEMPI_v2.0/1IAR.pdb,12.554178066591138,1IAR,1iar_2,PDB/mutant_pdbs/1iar/1iar_2.pdb
A_T6A,SKEMPI_v2.0,1IAR,1.36e-10,A,B,PDB/SKEMPI_v2.0/1IAR.pdb,13.453518168355961,1IAR,1iar_3,PDB/mutant_pdbs/1iar/1iar_3.pdb
A_T6D,SKEMPI_v2.0,1IAR,1.7e-09,A,B,PDB/SKEMPI_v2.0/1IAR.pdb,11.957814830350117,1IAR,1iar_4,PDB/mutant_pdbs/1iar/1iar_4.pdb
A_Q8A,SKEMPI_v2.0,1IAR,1.56e-10,A,B,PDB/SKEMPI_v2.0/1IAR.pdb,13.372269465773318,1IAR,1iar_5,PDB/mutant_pdbs/1iar/1iar_5.pdb
A_Q8R,SKEMPI_v2.0,1IAR,1.73e-10,A,B,PDB/SKEMPI_v2.0/1IAR.pdb,13.311016269209851,1IAR,1iar_6,PDB/mutant_pdbs/1iar/1iar_6.pdb
A_E9Q,SKEMPI_v2.0,1IAR,3.1e-08,A,B,PDB/SKEMPI_v2.0/1IAR.pdb,10.238483781921815,1IAR,1iar_7,PDB/mutant_pdbs/1iar/1iar_7.pdb
A_I11A,SKEMPI_v2.0,1IAR,1.82e-10,A,B,PDB/SKEMPI_v2.0/1IAR.pdb,13.280983457320636,1IAR,1iar_8,PDB/mutant_pdbs/1iar/1iar_8.pdb
A_K12S,SKEMPI_v2.0,1IAR,1.58e-10,A,B,PDB/SKEMPI_v2.0/1IAR.pdb,13.364725581983116,1IAR,1iar_9,PDB/mutant_pdbs/1iar/1iar_9.pdb
A_K12E,SKEMPI_v2.0,1IAR,2.05e-10,A,B,PDB/SKEMPI_v2.0/1IAR.pdb,13.210511270385057,1IAR,1iar_10,PDB/mutant_pdbs/1iar/1iar_10.pdb
A_T13A,SKEMPI_v2.0,1IAR,8.45e-10,A,B,PDB/SKEMPI_v2.0/1IAR.pdb,12.371781226988956,1IAR,1iar_11,PDB/mutant_pdbs/1iar/1iar_11.pdb
A_T13D,SKEMPI_v2.0,1IAR,1.12e-10,A,B,PDB/SKEMPI_v2.0/1IAR.pdb,13.568494810659823,1IAR,1iar_12,PDB/mutant_pdbs/1iar/1iar_12.pdb
A_N15A,SKEMPI_v2.0,1IAR,1.53e-10,A,B,PDB/SKEMPI_v2.0/1IAR.pdb,13.383768601240464,1IAR,1iar_13,PDB/mutant_pdbs/1iar/1iar_13.pdb
A_N15D,SKEMPI_v2.0,1IAR,1.42e-10,A,B,PDB/SKEMPI_v2.0/1IAR.pdb,13.427952175067938,1IAR,1iar_14,PDB/mutant_pdbs/1iar/1iar_14.pdb
A_S16A,SKEMPI_v2.0,1IAR,1.19e-10,A,B,PDB/SKEMPI_v2.0/1IAR.pdb,13.532593705677497,1IAR,1iar_15,PDB/mutant_pdbs/1iar/1iar_15.pdb
A_S16D,SKEMPI_v2.0,1IAR,1.36e-10,A,B,PDB/SKEMPI_v2.0/1IAR.pdb,13.453518168355961,1IAR,1iar_16,PDB/mutant_pdbs/1iar/1iar_16.pdb
A_E19A,SKEMPI_v2.0,1IAR,9.44e-11,A,B,PDB/SKEMPI_v2.0/1IAR.pdb,13.669733773886454,1IAR,1iar_17,PDB/mutant_pdbs/1iar/1iar_17.pdb
A_E19R,SKEMPI_v2.0,1IAR,1.33e-10,A,B,PDB/SKEMPI_v2.0/1IAR.pdb,13.466727345060697,1IAR,1iar_18,PDB/mutant_pdbs/1iar/1iar_18.pdb
A_R53Q,SKEMPI_v2.0,1IAR,6.64e-10,A,B,PDB/SKEMPI_v2.0/1IAR.pdb,12.51453052352165,1IAR,1iar_19,PDB/mutant_pdbs/1iar/1iar_19.pdb
A_K77A,SKEMPI_v2.0,1IAR,2.1e-10,A,B,PDB/SKEMPI_v2.0/1IAR.pdb,13.19624101676308,1IAR,1iar_20,PDB/mutant_pdbs/1iar/1iar_20.pdb
A_K77E,SKEMPI_v2.0,1IAR,4.55e-10,A,B,PDB/SKEMPI_v2.0/1IAR.pdb,12.738368117649678,1IAR,1iar_21,PDB/mutant_pdbs/1iar/1iar_21.pdb
A_Q78A,SKEMPI_v2.0,1IAR,2e-10,A,B,PDB/SKEMPI_v2.0/1IAR.pdb,13.22513391132423,1IAR,1iar_22,PDB/mutant_pdbs/1iar/1iar_22.pdb
A_Q78E,SKEMPI_v2.0,1IAR,2.45e-10,A,B,PDB/SKEMPI_v2.0/1IAR.pdb,13.1049550083104,1IAR,1iar_23,PDB/mutant_pdbs/1iar/1iar_23.pdb
A_R81A,SKEMPI_v2.0,1IAR,3.64e-10,A,B,PDB/SKEMPI_v2.0/1IAR.pdb,12.870510798656708,1IAR,1iar_24,PDB/mutant_pdbs/1iar/1iar_24.pdb
A_R81E,SKEMPI_v2.0,1IAR,1.91e-09,A,B,PDB/SKEMPI_v2.0/1IAR.pdb,11.888839870106443,1IAR,1iar_25,PDB/mutant_pdbs/1iar/1iar_25.pdb
A_F82A,SKEMPI_v2.0,1IAR,1.4e-10,A,B,PDB/SKEMPI_v2.0/1IAR.pdb,13.436352129652795,1IAR,1iar_26,PDB/mutant_pdbs/1iar/1iar_26.pdb
A_F82D,SKEMPI_v2.0,1IAR,6.08e-11,A,B,PDB/SKEMPI_v2.0/1IAR.pdb,13.930267147410122,1IAR,1iar_27,PDB/mutant_pdbs/1iar/1iar_27.pdb
A_K84A,SKEMPI_v2.0,1IAR,2.9e-10,A,B,PDB/SKEMPI_v2.0/1IAR.pdb,13.005098852178122,1IAR,1iar_28,PDB/mutant_pdbs/1iar/1iar_28.pdb
A_K84D,SKEMPI_v2.0,1IAR,3.87e-09,A,B,PDB/SKEMPI_v2.0/1IAR.pdb,11.470666363402747,1IAR,1iar_29,PDB/mutant_pdbs/1iar/1iar_29.pdb
A_R85A,SKEMPI_v2.0,1IAR,3.33e-10,A,B,PDB/SKEMPI_v2.0/1IAR.pdb,12.923222167703038,1IAR,1iar_30,PDB/mutant_pdbs/1iar/1iar_30.pdb
A_R85E,SKEMPI_v2.0,1IAR,1.28e-09,A,B,PDB/SKEMPI_v2.0/1IAR.pdb,12.125858616339473,1IAR,1iar_31,PDB/mutant_pdbs/1iar/1iar_31.pdb
A_R88Q,SKEMPI_v2.0,1IAR,1.92e-08,A,B,PDB/SKEMPI_v2.0/1IAR.pdb,10.522186846450943,1IAR,1iar_32,PDB/mutant_pdbs/1iar/1iar_32.pdb
A_R88A,SKEMPI_v2.0,1IAR,9.16e-08,A,B,PDB/SKEMPI_v2.0/1IAR.pdb,9.596882431951805,1IAR,1iar_33,PDB/mutant_pdbs/1iar/1iar_33.pdb
A_N89A,SKEMPI_v2.0,1IAR,2.25e-09,A,B,PDB/SKEMPI_v2.0/1IAR.pdb,11.791823687209916,1IAR,1iar_34,PDB/mutant_pdbs/1iar/1iar_34.pdb
A_W91A,SKEMPI_v2.0,1IAR,5.55e-10,A,B,PDB/SKEMPI_v2.0/1IAR.pdb,12.620717940921795,1IAR,1iar_35,PDB/mutant_pdbs/1iar/1iar_35.pdb
A_W91D,SKEMPI_v2.0,1IAR,1.47e-09,A,B,PDB/SKEMPI_v2.0/1IAR.pdb,12.04389857809283,1IAR,1iar_36,PDB/mutant_pdbs/1iar/1iar_36.pdb
B_T20A,SKEMPI_v2.0,1JCK,4.9e-05,A,B,PDB/SKEMPI_v2.0/1JCK.pdb,5.876679064652392,1JCK,1jck_1,PDB/mutant_pdbs/1jck/1jck_1.pdb
B_Y26A,SKEMPI_v2.0,1JCK,6e-05,A,B,PDB/SKEMPI_v2.0/1JCK.pdb,5.756746854776509,1JCK,1jck_2,PDB/mutant_pdbs/1jck/1jck_2.pdb
B_N60A,SKEMPI_v2.0,1JCK,4.8e-05,A,B,PDB/SKEMPI_v2.0/1JCK.pdb,5.888889535783537,1JCK,1jck_3,PDB/mutant_pdbs/1jck/1jck_3.pdb
B_Y90A,SKEMPI_v2.0,1JCK,0.00024,A,B,PDB/SKEMPI_v2.0/1JCK.pdb,4.935801537448651,1JCK,1jck_4,PDB/mutant_pdbs/1jck/1jck_4.pdb
B_V91A,SKEMPI_v2.0,1JCK,0.00013,A,B,PDB/SKEMPI_v2.0/1JCK.pdb,5.298873955663106,1JCK,1jck_5,PDB/mutant_pdbs/1jck/1jck_5.pdb
B_K103A,SKEMPI_v2.0,1JCK,9.4e-06,A,B,PDB/SKEMPI_v2.0/1JCK.pdb,6.854445086594643,1JCK,1jck_6,PDB/mutant_pdbs/1jck/1jck_6.pdb
B_F176A,SKEMPI_v2.0,1JCK,0.00011,A,B,PDB/SKEMPI_v2.0/1JCK.pdb,5.39780119102597,1JCK,1jck_7,PDB/mutant_pdbs/1jck/1jck_7.pdb
B_N23A,SKEMPI_v2.0,1JCK,0.00015,A,B,PDB/SKEMPI_v2.0/1JCK.pdb,5.21413151510555,1JCK,1jck_8,PDB/mutant_pdbs/1jck/1jck_8.pdb
B_G102A,SKEMPI_v2.0,1JCK,4.6e-06,A,B,PDB/SKEMPI_v2.0/1JCK.pdb,7.277653437594058,1JCK,1jck_9,PDB/mutant_pdbs/1jck/1jck_9.pdb
B_Q210A,SKEMPI_v2.0,1JCK,0.00015,A,B,PDB/SKEMPI_v2.0/1JCK.pdb,5.21413151510555,1JCK,1jck_10,PDB/mutant_pdbs/1jck/1jck_10.pdb
I_T4V,SKEMPI_v2.0,1JRH,1.36e-08,"H, L",I,PDB/SKEMPI_v2.0/1JRH.pdb,10.72639685435833,1JRH,1jrh_1,PDB/mutant_pdbs/1jrh/1jrh_1.pdb
"I_E11K, I_T9L",SKEMPI_v2.0,1JRH,1.36e-08,"H, L",I,PDB/SKEMPI_v2.0/1JRH.pdb,10.72639685435833,1JRH,1jrh_2,PDB/mutant_pdbs/1jrh/1jrh_2.pdb
"I_I18V, I_M15L",SKEMPI_v2.0,1JRH,9.9e-09,"H, L",I,PDB/SKEMPI_v2.0/1JRH.pdb,10.914436932912764,1JRH,1jrh_3,PDB/mutant_pdbs/1jrh/1jrh_3.pdb
"I_I25N, I_P27S, I_V29T, I_V31I",SKEMPI_v2.0,1JRH,1.81e-08,"H, L",I,PDB/SKEMPI_v2.0/1JRH.pdb,10.557124889147383,1JRH,1jrh_4,PDB/mutant_pdbs/1jrh/1jrh_4.pdb
I_E35Q,SKEMPI_v2.0,1JRH,1.68e-08,"H, L",I,PDB/SKEMPI_v2.0/1JRH.pdb,10.601262383772477,1JRH,1jrh_5,PDB/mutant_pdbs/1jrh/1jrh_5.pdb
"I_A49S, I_H55D, I_I51T",SKEMPI_v2.0,1JRH,1.6e-08,"H, L",I,PDB/SKEMPI_v2.0/1JRH.pdb,10.630155278333627,1JRH,1jrh_6,PDB/mutant_pdbs/1jrh/1jrh_6.pdb
"I_D62E, I_D66Y, I_G65M, I_H63Q, I_L71A, I_N69V, I_S61Y, I_S68D, I_V64I",SKEMPI_v2.0,1JRH,2.1e-06,"H, L",I,PDB/SKEMPI_v2.0/1JRH.pdb,7.741998388767817,1JRH,1jrh_7,PDB/mutant_pdbs/1jrh/1jrh_7.pdb
"I_R78K, I_V73A",SKEMPI_v2.0,1JRH,9.9e-09,"H, L",I,PDB/SKEMPI_v2.0/1JRH.pdb,10.914436932912764,1JRH,1jrh_8,PDB/mutant_pdbs/1jrh/1jrh_8.pdb
"I_A85D, I_E90K, I_K88R",SKEMPI_v2.0,1JRH,1.31e-08,"H, L",I,PDB/SKEMPI_v2.0/1JRH.pdb,10.74857873103905,1JRH,1jrh_9,PDB/mutant_pdbs/1jrh/1jrh_9.pdb
"I_A93L, I_V94M",SKEMPI_v2.0,1JRH,4.14e-08,"H, L",I,PDB/SKEMPI_v2.0/1JRH.pdb,10.06716786548322,1JRH,1jrh_10,PDB/mutant_pdbs/1jrh/1jrh_10.pdb
L_E27A,SKEMPI_v2.0,1JRH,3e-08,"H, L",I,PDB/SKEMPI_v2.0/1JRH.pdb,10.257901484436886,1JRH,1jrh_11,PDB/mutant_pdbs/1jrh/1jrh_11.pdb
L_D28A,SKEMPI_v2.0,1JRH,2.5e-08,"H, L",I,PDB/SKEMPI_v2.0/1JRH.pdb,10.36586991631957,1JRH,1jrh_12,PDB/mutant_pdbs/1jrh/1jrh_12.pdb
L_Y30A,SKEMPI_v2.0,1JRH,7.8e-08,"H, L",I,PDB/SKEMPI_v2.0/1JRH.pdb,9.692060153440798,1JRH,1jrh_13,PDB/mutant_pdbs/1jrh/1jrh_13.pdb
L_Y91A,SKEMPI_v2.0,1JRH,3.2e-08,"H, L",I,PDB/SKEMPI_v2.0/1JRH.pdb,10.2196826196697,1JRH,1jrh_14,PDB/mutant_pdbs/1jrh/1jrh_14.pdb
L_W92A,SKEMPI_v2.0,1JRH,1.4e-06,"H, L",I,PDB/SKEMPI_v2.0/1JRH.pdb,7.982109501657531,1JRH,1jrh_15,PDB/mutant_pdbs/1jrh/1jrh_15.pdb
L_S93A,SKEMPI_v2.0,1JRH,4e-09,"H, L",I,PDB/SKEMPI_v2.0/1JRH.pdb,11.451100595661485,1JRH,1jrh_16,PDB/mutant_pdbs/1jrh/1jrh_16.pdb
L_T94A,SKEMPI_v2.0,1JRH,2.3e-08,"H, L",I,PDB/SKEMPI_v2.0/1JRH.pdb,10.415247410255619,1JRH,1jrh_17,PDB/mutant_pdbs/1jrh/1jrh_17.pdb
L_W95A,SKEMPI_v2.0,1JRH,2e-07,"H, L",I,PDB/SKEMPI_v2.0/1JRH.pdb,9.134451940327782,1JRH,1jrh_18,PDB/mutant_pdbs/1jrh/1jrh_18.pdb
H_Y32A,SKEMPI_v2.0,1JRH,1.35e-07,"H, L",I,PDB/SKEMPI_v2.0/1JRH.pdb,9.36720659999353,1JRH,1jrh_19,PDB/mutant_pdbs/1jrh/1jrh_19.pdb
H_W54A,SKEMPI_v2.0,1JRH,1.12e-06,"H, L",I,PDB/SKEMPI_v2.0/1JRH.pdb,8.11425218266456,1JRH,1jrh_20,PDB/mutant_pdbs/1jrh/1jrh_20.pdb
H_W55A,SKEMPI_v2.0,1JRH,7.16e-07,"H, L",I,PDB/SKEMPI_v2.0/1JRH.pdb,8.379198836616768,1JRH,1jrh_21,PDB/mutant_pdbs/1jrh/1jrh_21.pdb
H_D56A,SKEMPI_v2.0,1JRH,2.9e-07,"H, L",I,PDB/SKEMPI_v2.0/1JRH.pdb,8.914416881181673,1JRH,1jrh_22,PDB/mutant_pdbs/1jrh/1jrh_22.pdb
H_D57A,SKEMPI_v2.0,1JRH,2e-07,"H, L",I,PDB/SKEMPI_v2.0/1JRH.pdb,9.134451940327782,1JRH,1jrh_23,PDB/mutant_pdbs/1jrh/1jrh_23.pdb
H_D58A,SKEMPI_v2.0,1JRH,2.75e-07,"H, L",I,PDB/SKEMPI_v2.0/1JRH.pdb,8.94586782235146,1JRH,1jrh_24,PDB/mutant_pdbs/1jrh/1jrh_24.pdb
H_Y60A,SKEMPI_v2.0,1JRH,1e-07,"H, L",I,PDB/SKEMPI_v2.0/1JRH.pdb,9.544924598991711,1JRH,1jrh_25,PDB/mutant_pdbs/1jrh/1jrh_25.pdb
H_R100A,SKEMPI_v2.0,1JRH,3e-08,"H, L",I,PDB/SKEMPI_v2.0/1JRH.pdb,10.257901484436886,1JRH,1jrh_26,PDB/mutant_pdbs/1jrh/1jrh_26.pdb
H_F103A,SKEMPI_v2.0,1JRH,1.2e-08,"H, L",I,PDB/SKEMPI_v2.0/1JRH.pdb,10.800516824107843,1JRH,1jrh_27,PDB/mutant_pdbs/1jrh/1jrh_27.pdb
H_Y104A,SKEMPI_v2.0,1JRH,7.2e-08,"H, L",I,PDB/SKEMPI_v2.0/1JRH.pdb,9.73946039389027,1JRH,1jrh_28,PDB/mutant_pdbs/1jrh/1jrh_28.pdb
H_H107A,SKEMPI_v2.0,1JRH,2.11e-07,"H, L",I,PDB/SKEMPI_v2.0/1JRH.pdb,9.1027458011928,1JRH,1jrh_29,PDB/mutant_pdbs/1jrh/1jrh_29.pdb
"I_E45P, I_I47R",SKEMPI_v2.0,1JRH,3.6e-11,"H, L",I,PDB/SKEMPI_v2.0/1JRH.pdb,14.24061502355065,1JRH,1jrh_30,PDB/mutant_pdbs/1jrh/1jrh_30.pdb
"I_E45G, I_I47R, I_S44G",SKEMPI_v2.0,1JRH,4e-11,"H, L",I,PDB/SKEMPI_v2.0/1JRH.pdb,14.178221909659118,1JRH,1jrh_31,PDB/mutant_pdbs/1jrh/1jrh_31.pdb
"I_E45P, I_I47L",SKEMPI_v2.0,1JRH,3.5e-11,"H, L",I,PDB/SKEMPI_v2.0/1JRH.pdb,14.257297446980653,1JRH,1jrh_32,PDB/mutant_pdbs/1jrh/1jrh_32.pdb
"I_E45P, I_I47K, I_S44G",SKEMPI_v2.0,1JRH,1.7e-11,"H, L",I,PDB/SKEMPI_v2.0/1JRH.pdb,14.684936144347747,1JRH,1jrh_33,PDB/mutant_pdbs/1jrh/1jrh_33.pdb
I_E45P,SKEMPI_v2.0,1JRH,2e-11,"H, L",I,PDB/SKEMPI_v2.0/1JRH.pdb,14.588694568323046,1JRH,1jrh_34,PDB/mutant_pdbs/1jrh/1jrh_34.pdb
I_K37A,SKEMPI_v2.0,1JRH,6.05e-06,"H, L",I,PDB/SKEMPI_v2.0/1JRH.pdb,7.11539306971942,1JRH,1jrh_35,PDB/mutant_pdbs/1jrh/1jrh_35.pdb
I_K37M,SKEMPI_v2.0,1JRH,3.74e-06,"H, L",I,PDB/SKEMPI_v2.0/1JRH.pdb,7.400218763720445,1JRH,1jrh_36,PDB/mutant_pdbs/1jrh/1jrh_36.pdb
I_N38A,SKEMPI_v2.0,1JRH,8.78e-09,"H, L",I,PDB/SKEMPI_v2.0/1JRH.pdb,10.985533911005637,1JRH,1jrh_37,PDB/mutant_pdbs/1jrh/1jrh_37.pdb
I_N38Q,SKEMPI_v2.0,1JRH,2.66e-08,"H, L",I,PDB/SKEMPI_v2.0/1JRH.pdb,10.329133372399136,1JRH,1jrh_38,PDB/mutant_pdbs/1jrh/1jrh_38.pdb
I_Y39A,SKEMPI_v2.0,1JRH,4.48e-06,"H, L",I,PDB/SKEMPI_v2.0/1JRH.pdb,7.293306865336702,1JRH,1jrh_39,PDB/mutant_pdbs/1jrh/1jrh_39.pdb
I_Y39F,SKEMPI_v2.0,1JRH,5.47e-08,"H, L",I,PDB/SKEMPI_v2.0/1JRH.pdb,9.902194772438516,1JRH,1jrh_40,PDB/mutant_pdbs/1jrh/1jrh_40.pdb
I_G40A,SKEMPI_v2.0,1JRH,3e-05,"H, L",I,PDB/SKEMPI_v2.0/1JRH.pdb,6.167219513440438,1JRH,1jrh_41,PDB/mutant_pdbs/1jrh/1jrh_41.pdb
I_V41A,SKEMPI_v2.0,1JRH,3.46e-07,"H, L",I,PDB/SKEMPI_v2.0/1JRH.pdb,8.809861639549474,1JRH,1jrh_42,PDB/mutant_pdbs/1jrh/1jrh_42.pdb
I_K42A,SKEMPI_v2.0,1JRH,2.22e-06,"H, L",I,PDB/SKEMPI_v2.0/1JRH.pdb,7.709090652597488,1JRH,1jrh_43,PDB/mutant_pdbs/1jrh/1jrh_43.pdb
I_K42M,SKEMPI_v2.0,1JRH,5.76e-05,"H, L",I,PDB/SKEMPI_v2.0/1JRH.pdb,5.7809211039008535,1JRH,1jrh_44,PDB/mutant_pdbs/1jrh/1jrh_44.pdb
I_N43A,SKEMPI_v2.0,1JRH,1.03e-05,"H, L",I,PDB/SKEMPI_v2.0/1JRH.pdb,6.800298950441054,1JRH,1jrh_45,PDB/mutant_pdbs/1jrh/1jrh_45.pdb
I_S44A,SKEMPI_v2.0,1JRH,2.38e-08,"H, L",I,PDB/SKEMPI_v2.0/1JRH.pdb,10.394999733015936,1JRH,1jrh_46,PDB/mutant_pdbs/1jrh/1jrh_46.pdb
I_E45A,SKEMPI_v2.0,1JRH,6.91e-09,"H, L",I,PDB/SKEMPI_v2.0/1JRH.pdb,11.127366675175697,1JRH,1jrh_47,PDB/mutant_pdbs/1jrh/1jrh_47.pdb
I_W46F,SKEMPI_v2.0,1JRH,4.75e-09,"H, L",I,PDB/SKEMPI_v2.0/1JRH.pdb,11.34933313006236,1JRH,1jrh_48,PDB/mutant_pdbs/1jrh/1jrh_48.pdb
I_W46Y,SKEMPI_v2.0,1JRH,1.48e-08,"H, L",I,PDB/SKEMPI_v2.0/1JRH.pdb,10.676323079484833,1JRH,1jrh_49,PDB/mutant_pdbs/1jrh/1jrh_49.pdb
I_N69A,SKEMPI_v2.0,1JRH,7.34e-09,"H, L",I,PDB/SKEMPI_v2.0/1JRH.pdb,11.091616824768899,1JRH,1jrh_50,PDB/mutant_pdbs/1jrh/1jrh_50.pdb
I_W72A,SKEMPI_v2.0,1JRH,3.01e-05,"H, L",I,PDB/SKEMPI_v2.0/1JRH.pdb,6.1652488398445175,1JRH,1jrh_51,PDB/mutant_pdbs/1jrh/1jrh_51.pdb
I_W72F,SKEMPI_v2.0,1JRH,9.36e-08,"H, L",I,PDB/SKEMPI_v2.0/1JRH.pdb,9.584091721558114,1JRH,1jrh_52,PDB/mutant_pdbs/1jrh/1jrh_52.pdb
I_W72Y,SKEMPI_v2.0,1JRH,9.79e-08,"H, L",I,PDB/SKEMPI_v2.0/1JRH.pdb,9.557492957812386,1JRH,1jrh_53,PDB/mutant_pdbs/1jrh/1jrh_53.pdb
I_R74A,SKEMPI_v2.0,1JRH,9.5e-09,"H, L",I,PDB/SKEMPI_v2.0/1JRH.pdb,10.938860471398431,1JRH,1jrh_54,PDB/mutant_pdbs/1jrh/1jrh_54.pdb
I_K88A,SKEMPI_v2.0,1JRH,1.34e-08,"H, L",I,PDB/SKEMPI_v2.0/1JRH.pdb,10.735170153624509,1JRH,1jrh_55,PDB/mutant_pdbs/1jrh/1jrh_55.pdb
A_Q73A,SKEMPI_v2.0,1JTD,3.6e-12,A,B,PDB/SKEMPI_v2.0/1JTD.pdb,15.49944966927061,1JTD,1jtd_1,PDB/mutant_pdbs/1jtd/1jtd_1.pdb
A_N74A,SKEMPI_v2.0,1JTD,5.8e-12,A,B,PDB/SKEMPI_v2.0/1JTD.pdb,15.218916987327182,1JTD,1jtd_2,PDB/mutant_pdbs/1jtd/1jtd_2.pdb
A_L76A,SKEMPI_v2.0,1JTD,2.8e-11,A,B,PDB/SKEMPI_v2.0/1JTD.pdb,14.292866704309912,1JTD,1jtd_3,PDB/mutant_pdbs/1jtd/1jtd_3.pdb
A_E78A,SKEMPI_v2.0,1JTD,6.2e-12,A,B,PDB/SKEMPI_v2.0/1JTD.pdb,15.179688289835344,1JTD,1jtd_4,PDB/mutant_pdbs/1jtd/1jtd_4.pdb
A_Y79A,SKEMPI_v2.0,1JTD,6.7e-11,A,B,PDB/SKEMPI_v2.0/1JTD.pdb,13.779658326780794,1JTD,1jtd_5,PDB/mutant_pdbs/1jtd/1jtd_5.pdb
A_P81A,SKEMPI_v2.0,1JTD,2.8e-11,A,B,PDB/SKEMPI_v2.0/1JTD.pdb,14.292866704309912,1JTD,1jtd_6,PDB/mutant_pdbs/1jtd/1jtd_6.pdb
A_E84A,SKEMPI_v2.0,1JTD,1.6e-12,A,B,PDB/SKEMPI_v2.0/1JTD.pdb,15.976448927091784,1JTD,1jtd_7,PDB/mutant_pdbs/1jtd/1jtd_7.pdb
A_K85A,SKEMPI_v2.0,1JTD,5.6e-11,A,B,PDB/SKEMPI_v2.0/1JTD.pdb,13.885148895704129,1JTD,1jtd_8,PDB/mutant_pdbs/1jtd/1jtd_8.pdb
A_M103A,SKEMPI_v2.0,1JTD,1.06e-10,A,B,PDB/SKEMPI_v2.0/1JTD.pdb,13.509817934112935,1JTD,1jtd_9,PDB/mutant_pdbs/1jtd/1jtd_9.pdb
A_V190A,SKEMPI_v2.0,1JTD,1.6e-12,A,B,PDB/SKEMPI_v2.0/1JTD.pdb,15.976448927091784,1JTD,1jtd_10,PDB/mutant_pdbs/1jtd/1jtd_10.pdb
A_M244A,SKEMPI_v2.0,1JTD,2.4e-12,A,B,PDB/SKEMPI_v2.0/1JTD.pdb,15.737949298181197,1JTD,1jtd_11,PDB/mutant_pdbs/1jtd/1jtd_11.pdb
B_N12A,SKEMPI_v2.0,1JTD,4.32e-12,A,B,PDB/SKEMPI_v2.0/1JTD.pdb,15.496207248666781,1JTD,1jtd_12,PDB/mutant_pdbs/1jtd/1jtd_12.pdb
B_D14A,SKEMPI_v2.0,1JTD,6.12e-12,A,B,PDB/SKEMPI_v2.0/1JTD.pdb,15.289944597910237,1JTD,1jtd_13,PDB/mutant_pdbs/1jtd/1jtd_13.pdb
B_W15A,SKEMPI_v2.0,1JTD,5.04e-12,A,B,PDB/SKEMPI_v2.0/1JTD.pdb,15.4049212402141,1JTD,1jtd_14,PDB/mutant_pdbs/1jtd/1jtd_14.pdb
B_T19A,SKEMPI_v2.0,1JTD,7.9e-13,A,B,PDB/SKEMPI_v2.0/1JTD.pdb,16.502319554644675,1JTD,1jtd_15,PDB/mutant_pdbs/1jtd/1jtd_15.pdb
B_Y35A,SKEMPI_v2.0,1JTD,9.81e-11,A,B,PDB/SKEMPI_v2.0/1JTD.pdb,13.646966383758608,1JTD,1jtd_16,PDB/mutant_pdbs/1jtd/1jtd_16.pdb
B_F36A,SKEMPI_v2.0,1JTD,3.56e-11,A,B,PDB/SKEMPI_v2.0/1JTD.pdb,14.247231705449085,1JTD,1jtd_17,PDB/mutant_pdbs/1jtd/1jtd_17.pdb
B_L53A,SKEMPI_v2.0,1JTD,1.48e-12,A,B,PDB/SKEMPI_v2.0/1JTD.pdb,16.1305657074801,1JTD,1jtd_18,PDB/mutant_pdbs/1jtd/1jtd_18.pdb
B_N74A,SKEMPI_v2.0,1JTD,3.7e-12,A,B,PDB/SKEMPI_v2.0/1JTD.pdb,15.587950367809139,1JTD,1jtd_19,PDB/mutant_pdbs/1jtd/1jtd_19.pdb
B_Y75A,SKEMPI_v2.0,1JTD,1.08e-12,A,B,PDB/SKEMPI_v2.0/1JTD.pdb,16.31715256599464,1JTD,1jtd_20,PDB/mutant_pdbs/1jtd/1jtd_20.pdb
B_D93A,SKEMPI_v2.0,1JTD,1.38e-11,A,B,PDB/SKEMPI_v2.0/1JTD.pdb,14.808433608033312,1JTD,1jtd_21,PDB/mutant_pdbs/1jtd/1jtd_21.pdb
B_W114A,SKEMPI_v2.0,1JTD,1.17e-10,A,B,PDB/SKEMPI_v2.0/1JTD.pdb,13.542631011547533,1JTD,1jtd_22,PDB/mutant_pdbs/1jtd/1jtd_22.pdb
B_D129A,SKEMPI_v2.0,1JTD,2.43e-12,A,B,PDB/SKEMPI_v2.0/1JTD.pdb,15.836930340215211,1JTD,1jtd_23,PDB/mutant_pdbs/1jtd/1jtd_23.pdb
B_S131A,SKEMPI_v2.0,1JTD,6.2e-13,A,B,PDB/SKEMPI_v2.0/1JTD.pdb,16.645814408251965,1JTD,1jtd_24,PDB/mutant_pdbs/1jtd/1jtd_24.pdb
B_D132A,SKEMPI_v2.0,1JTD,1.9e-13,A,B,PDB/SKEMPI_v2.0/1JTD.pdb,17.346191097728582,1JTD,1jtd_25,PDB/mutant_pdbs/1jtd/1jtd_25.pdb
B_Y153A,SKEMPI_v2.0,1JTD,1.26e-10,A,B,PDB/SKEMPI_v2.0/1JTD.pdb,13.498745243544326,1JTD,1jtd_26,PDB/mutant_pdbs/1jtd/1jtd_26.pdb
B_D168A,SKEMPI_v2.0,1JTD,8e-14,A,B,PDB/SKEMPI_v2.0/1JTD.pdb,17.858431221991637,1JTD,1jtd_27,PDB/mutant_pdbs/1jtd/1jtd_27.pdb
B_Y170A,SKEMPI_v2.0,1JTD,1.47e-11,A,B,PDB/SKEMPI_v2.0/1JTD.pdb,14.771019892090461,1JTD,1jtd_28,PDB/mutant_pdbs/1jtd/1jtd_28.pdb
B_F171A,SKEMPI_v2.0,1JTD,1.97e-11,A,B,PDB/SKEMPI_v2.0/1JTD.pdb,14.597644666178113,1JTD,1jtd_29,PDB/mutant_pdbs/1jtd/1jtd_29.pdb
B_I191A,SKEMPI_v2.0,1JTD,6.31e-11,A,B,PDB/SKEMPI_v2.0/1JTD.pdb,13.9082786682777,1JTD,1jtd_30,PDB/mutant_pdbs/1jtd/1jtd_30.pdb
B_F192A,SKEMPI_v2.0,1JTD,3.85e-10,A,B,PDB/SKEMPI_v2.0/1JTD.pdb,12.837295353012541,1JTD,1jtd_31,PDB/mutant_pdbs/1jtd/1jtd_31.pdb
B_Y210A,SKEMPI_v2.0,1JTD,1.93e-12,A,B,PDB/SKEMPI_v2.0/1JTD.pdb,15.973353172104337,1JTD,1jtd_32,PDB/mutant_pdbs/1jtd/1jtd_32.pdb
B_E230A,SKEMPI_v2.0,1JTD,1.09e-11,A,B,PDB/SKEMPI_v2.0/1JTD.pdb,14.948133926865893,1JTD,1jtd_33,PDB/mutant_pdbs/1jtd/1jtd_33.pdb
B_W231A,SKEMPI_v2.0,1JTD,8.74e-09,A,B,PDB/SKEMPI_v2.0/1JTD.pdb,10.98823796533448,1JTD,1jtd_34,PDB/mutant_pdbs/1jtd/1jtd_34.pdb
B_R248A,SKEMPI_v2.0,1JTD,2.15e-12,A,B,PDB/SKEMPI_v2.0/1JTD.pdb,15.909427879171593,1JTD,1jtd_35,PDB/mutant_pdbs/1jtd/1jtd_35.pdb
B_N266A,SKEMPI_v2.0,1JTD,4.35e-11,A,B,PDB/SKEMPI_v2.0/1JTD.pdb,14.128548396287224,1JTD,1jtd_36,PDB/mutant_pdbs/1jtd/1jtd_36.pdb
A_G212S,SKEMPI_v2.0,1JTG,7e-11,A,B,PDB/SKEMPI_v2.0/1JTG.pdb,13.846824788316724,1JTG,1jtg_1,PDB/mutant_pdbs/1jtg/1jtg_1.pdb
A_E79K,SKEMPI_v2.0,1JTG,1.4e-07,A,B,PDB/SKEMPI_v2.0/1JTG.pdb,9.345670158656347,1JTG,1jtg_2,PDB/mutant_pdbs/1jtg/1jtg_2.pdb
B_D49A,SKEMPI_v2.0,1JTG,8.3e-09,A,B,PDB/SKEMPI_v2.0/1JTG.pdb,11.018827185515805,1JTG,1jtg_3,PDB/mutant_pdbs/1jtg/1jtg_3.pdb
B_F142A,SKEMPI_v2.0,1JTG,3.3e-08,A,B,PDB/SKEMPI_v2.0/1JTG.pdb,10.20146004746759,1JTG,1jtg_4,PDB/mutant_pdbs/1jtg/1jtg_4.pdb
"A_G212S, B_D49A",SKEMPI_v2.0,1JTG,9.4e-09,A,B,PDB/SKEMPI_v2.0/1JTG.pdb,10.945127057591092,1JTG,1jtg_5,PDB/mutant_pdbs/1jtg/1jtg_5.pdb
"A_G212S, B_F142A",SKEMPI_v2.0,1JTG,5.5e-08,A,B,PDB/SKEMPI_v2.0/1JTG.pdb,9.898955820686346,1JTG,1jtg_6,PDB/mutant_pdbs/1jtg/1jtg_6.pdb
"A_E79K, B_D49A",SKEMPI_v2.0,1JTG,1.5e-06,A,B,PDB/SKEMPI_v2.0/1JTG.pdb,7.941252829103182,1JTG,1jtg_7,PDB/mutant_pdbs/1jtg/1jtg_7.pdb
"A_E79K, B_F142A",SKEMPI_v2.0,1JTG,2.4e-07,A,B,PDB/SKEMPI_v2.0/1JTG.pdb,9.026483508445098,1JTG,1jtg_8,PDB/mutant_pdbs/1jtg/1jtg_8.pdb
B_D49A,SKEMPI_v2.0,1JTG,1.46e-07,A,B,PDB/SKEMPI_v2.0/1JTG.pdb,9.320819510978652,1JTG,1jtg_9,PDB/mutant_pdbs/1jtg/1jtg_9.pdb
"A_S209A, B_D49A",SKEMPI_v2.0,1JTG,1.09e-07,A,B,PDB/SKEMPI_v2.0/1JTG.pdb,9.493891298870631,1JTG,1jtg_10,PDB/mutant_pdbs/1jtg/1jtg_10.pdb
"A_S105A, B_D49A",SKEMPI_v2.0,1JTG,7.07e-08,A,B,PDB/SKEMPI_v2.0/1JTG.pdb,9.750250362046078,1JTG,1jtg_11,PDB/mutant_pdbs/1jtg/1jtg_11.pdb
"A_S105A, A_S209A, B_D49A",SKEMPI_v2.0,1JTG,4.33e-08,A,B,PDB/SKEMPI_v2.0/1JTG.pdb,10.040595401867137,1JTG,1jtg_12,PDB/mutant_pdbs/1jtg/1jtg_12.pdb
"A_R217A, B_D49A",SKEMPI_v2.0,1JTG,4.46e-08,A,B,PDB/SKEMPI_v2.0/1JTG.pdb,10.023077789432765,1JTG,1jtg_13,PDB/mutant_pdbs/1jtg/1jtg_13.pdb
"A_K208A, B_D49A",SKEMPI_v2.0,1JTG,9.41e-08,A,B,PDB/SKEMPI_v2.0/1JTG.pdb,9.580936749422827,1JTG,1jtg_14,PDB/mutant_pdbs/1jtg/1jtg_14.pdb
"A_R217A, A_S209A, B_D49A",SKEMPI_v2.0,1JTG,1.36e-08,A,B,PDB/SKEMPI_v2.0/1JTG.pdb,10.72639685435833,1JTG,1jtg_15,PDB/mutant_pdbs/1jtg/1jtg_15.pdb
"A_R217A, A_S105A, B_D49A",SKEMPI_v2.0,1JTG,5.68e-08,A,B,PDB/SKEMPI_v2.0/1JTG.pdb,9.879885543742446,1JTG,1jtg_16,PDB/mutant_pdbs/1jtg/1jtg_16.pdb
"A_K208A, A_S209A, B_D49A",SKEMPI_v2.0,1JTG,9.11e-08,A,B,PDB/SKEMPI_v2.0/1JTG.pdb,9.600123747482789,1JTG,1jtg_17,PDB/mutant_pdbs/1jtg/1jtg_17.pdb
"A_K208A, A_S105A, B_D49A",SKEMPI_v2.0,1JTG,6.32e-08,A,B,PDB/SKEMPI_v2.0/1JTG.pdb,9.816658950657628,1JTG,1jtg_18,PDB/mutant_pdbs/1jtg/1jtg_18.pdb
"A_R217A, A_S105A, A_S209A, B_D49A",SKEMPI_v2.0,1JTG,3.09e-08,A,B,PDB/SKEMPI_v2.0/1JTG.pdb,10.240397149883858,1JTG,1jtg_19,PDB/mutant_pdbs/1jtg/1jtg_19.pdb
"A_K208A, A_S105A, A_S209A, B_D49A",SKEMPI_v2.0,1JTG,1.91e-08,A,B,PDB/SKEMPI_v2.0/1JTG.pdb,10.525279213107625,1JTG,1jtg_20,PDB/mutant_pdbs/1jtg/1jtg_20.pdb
"A_K208A, A_R217A, B_D49A",SKEMPI_v2.0,1JTG,1.7e-07,A,B,PDB/SKEMPI_v2.0/1JTG.pdb,9.230693516352485,1JTG,1jtg_21,PDB/mutant_pdbs/1jtg/1jtg_21.pdb
"A_K208A, A_R217A, A_S209A, B_D49A",SKEMPI_v2.0,1JTG,2.11e-07,A,B,PDB/SKEMPI_v2.0/1JTG.pdb,9.1027458011928,1JTG,1jtg_22,PDB/mutant_pdbs/1jtg/1jtg_22.pdb
"A_K208A, A_R217A, A_S105A, B_D49A",SKEMPI_v2.0,1JTG,8.46e-08,A,B,PDB/SKEMPI_v2.0/1JTG.pdb,9.643959514483806,1JTG,1jtg_23,PDB/mutant_pdbs/1jtg/1jtg_23.pdb
"A_K208A, A_R217A, A_S105A, A_S209A, B_D49A",SKEMPI_v2.0,1JTG,1.26e-07,A,B,PDB/SKEMPI_v2.0/1JTG.pdb,9.408063272547878,1JTG,1jtg_24,PDB/mutant_pdbs/1jtg/1jtg_24.pdb
A_S209A,SKEMPI_v2.0,1JTG,5.53e-08,A,B,PDB/SKEMPI_v2.0/1JTG.pdb,9.895734487979162,1JTG,1jtg_25,PDB/mutant_pdbs/1jtg/1jtg_25.pdb
A_S105A,SKEMPI_v2.0,1JTG,2.6e-08,A,B,PDB/SKEMPI_v2.0/1JTG.pdb,10.34264392499444,1JTG,1jtg_26,PDB/mutant_pdbs/1jtg/1jtg_26.pdb
"A_S105A, A_S209A",SKEMPI_v2.0,1JTG,4.78e-08,A,B,PDB/SKEMPI_v2.0/1JTG.pdb,9.982044106902784,1JTG,1jtg_27,PDB/mutant_pdbs/1jtg/1jtg_27.pdb
A_R217A,SKEMPI_v2.0,1JTG,6.55e-08,A,B,PDB/SKEMPI_v2.0/1JTG.pdb,9.795490732704163,1JTG,1jtg_28,PDB/mutant_pdbs/1jtg/1jtg_28.pdb
A_K208A,SKEMPI_v2.0,1JTG,7.47e-08,A,B,PDB/SKEMPI_v2.0/1JTG.pdb,9.71765964240852,1JTG,1jtg_29,PDB/mutant_pdbs/1jtg/1jtg_29.pdb
"A_R217A, A_S209A",SKEMPI_v2.0,1JTG,2.38e-08,A,B,PDB/SKEMPI_v2.0/1JTG.pdb,10.394999733015936,1JTG,1jtg_30,PDB/mutant_pdbs/1jtg/1jtg_30.pdb
"A_R217A, A_S105A",SKEMPI_v2.0,1JTG,1.55e-07,A,B,PDB/SKEMPI_v2.0/1JTG.pdb,9.285395783586928,1JTG,1jtg_31,PDB/mutant_pdbs/1jtg/1jtg_31.pdb
"A_K208A, A_S209A",SKEMPI_v2.0,1JTG,2.34e-07,A,B,PDB/SKEMPI_v2.0/1JTG.pdb,9.041476381887156,1JTG,1jtg_32,PDB/mutant_pdbs/1jtg/1jtg_32.pdb
"A_K208A, A_S105A",SKEMPI_v2.0,1JTG,1.93e-07,A,B,PDB/SKEMPI_v2.0/1JTG.pdb,9.155549887110258,1JTG,1jtg_33,PDB/mutant_pdbs/1jtg/1jtg_33.pdb
"A_R217A, A_S105A, A_S209A",SKEMPI_v2.0,1JTG,1.18e-07,A,B,PDB/SKEMPI_v2.0/1JTG.pdb,9.446909121882978,1JTG,1jtg_34,PDB/mutant_pdbs/1jtg/1jtg_34.pdb
"A_K208A, A_S105A, A_S209A",SKEMPI_v2.0,1JTG,1.55e-07,A,B,PDB/SKEMPI_v2.0/1JTG.pdb,9.285395783586928,1JTG,1jtg_35,PDB/mutant_pdbs/1jtg/1jtg_35.pdb
"A_K208A, A_R217A",SKEMPI_v2.0,1JTG,6.85e-07,A,B,PDB/SKEMPI_v2.0/1JTG.pdb,8.405409814279784,1JTG,1jtg_36,PDB/mutant_pdbs/1jtg/1jtg_36.pdb
"A_K208A, A_R217A, A_S209A",SKEMPI_v2.0,1JTG,6.7e-07,A,B,PDB/SKEMPI_v2.0/1JTG.pdb,8.418521498290804,1JTG,1jtg_37,PDB/mutant_pdbs/1jtg/1jtg_37.pdb
"A_K208A, A_R217A, A_S105A",SKEMPI_v2.0,1JTG,4.72e-07,A,B,PDB/SKEMPI_v2.0/1JTG.pdb,8.62596380455512,1JTG,1jtg_38,PDB/mutant_pdbs/1jtg/1jtg_38.pdb
"A_K208A, A_R217A, A_S105A, A_S209A",SKEMPI_v2.0,1JTG,7.56e-07,A,B,PDB/SKEMPI_v2.0/1JTG.pdb,8.347006842330307,1JTG,1jtg_39,PDB/mutant_pdbs/1jtg/1jtg_39.pdb
B_D49A,SKEMPI_v2.0,1JTG,9.82e-08,A,B,PDB/SKEMPI_v2.0/1JTG.pdb,9.555681063887683,1JTG,1jtg_40,PDB/mutant_pdbs/1jtg/1jtg_40.pdb
B_K74A,SKEMPI_v2.0,1JTG,1.94e-06,A,B,PDB/SKEMPI_v2.0/1JTG.pdb,7.788928826043841,1JTG,1jtg_41,PDB/mutant_pdbs/1jtg/1jtg_41.pdb
B_F142A,SKEMPI_v2.0,1JTG,1.66e-07,A,B,PDB/SKEMPI_v2.0/1JTG.pdb,9.24479386985306,1JTG,1jtg_42,PDB/mutant_pdbs/1jtg/1jtg_42.pdb
B_Y143A,SKEMPI_v2.0,1JTG,9.09e-09,A,B,PDB/SKEMPI_v2.0/1JTG.pdb,10.96498591460786,1JTG,1jtg_43,PDB/mutant_pdbs/1jtg/1jtg_43.pdb
"B_F142A, B_K74A",SKEMPI_v2.0,1JTG,1.72e-05,A,B,PDB/SKEMPI_v2.0/1JTG.pdb,6.496645961186911,1JTG,1jtg_44,PDB/mutant_pdbs/1jtg/1jtg_44.pdb
"B_K74A, B_Y143A",SKEMPI_v2.0,1JTG,8.33e-07,A,B,PDB/SKEMPI_v2.0/1JTG.pdb,8.289569296010797,1JTG,1jtg_45,PDB/mutant_pdbs/1jtg/1jtg_45.pdb
"B_F142A, B_Y143A",SKEMPI_v2.0,1JTG,5.79e-07,A,B,PDB/SKEMPI_v2.0/1JTG.pdb,8.504966115556615,1JTG,1jtg_46,PDB/mutant_pdbs/1jtg/1jtg_46.pdb
"B_F142A, B_K74A, B_Y143A",SKEMPI_v2.0,1JTG,3.42e-06,A,B,PDB/SKEMPI_v2.0/1JTG.pdb,7.453186953964472,1JTG,1jtg_47,PDB/mutant_pdbs/1jtg/1jtg_47.pdb
A_E79A,SKEMPI_v2.0,1JTG,6.56e-08,A,B,PDB/SKEMPI_v2.0/1JTG.pdb,9.794587320066595,1JTG,1jtg_48,PDB/mutant_pdbs/1jtg/1jtg_48.pdb
"A_E79A, B_K74A",SKEMPI_v2.0,1JTG,6.83e-08,A,B,PDB/SKEMPI_v2.0/1JTG.pdb,9.770702013065124,1JTG,1jtg_49,PDB/mutant_pdbs/1jtg/1jtg_49.pdb
"A_E79A, B_F142A",SKEMPI_v2.0,1JTG,4.93e-07,A,B,PDB/SKEMPI_v2.0/1JTG.pdb,8.600185798542446,1JTG,1jtg_50,PDB/mutant_pdbs/1jtg/1jtg_50.pdb
"A_E79A, B_Y143A",SKEMPI_v2.0,1JTG,1.11e-07,A,B,PDB/SKEMPI_v2.0/1JTG.pdb,9.483123968260234,1JTG,1jtg_51,PDB/mutant_pdbs/1jtg/1jtg_51.pdb
"A_E79A, B_F142A, B_K74A",SKEMPI_v2.0,1JTG,9.4e-07,A,B,PDB/SKEMPI_v2.0/1JTG.pdb,8.218005743593459,1JTG,1jtg_52,PDB/mutant_pdbs/1jtg/1jtg_52.pdb
"A_E79A, B_K74A, B_Y143A",SKEMPI_v2.0,1JTG,2.81e-08,A,B,PDB/SKEMPI_v2.0/1JTG.pdb,10.296646971621236,1JTG,1jtg_53,PDB/mutant_pdbs/1jtg/1jtg_53.pdb
"A_E79A, B_F142A, B_Y143A",SKEMPI_v2.0,1JTG,6.28e-07,A,B,PDB/SKEMPI_v2.0/1JTG.pdb,8.456858222918878,1JTG,1jtg_54,PDB/mutant_pdbs/1jtg/1jtg_54.pdb
"A_E79A, B_F142A, B_K74A, B_Y143A",SKEMPI_v2.0,1JTG,2.69e-07,A,B,PDB/SKEMPI_v2.0/1JTG.pdb,8.95893129772489,1JTG,1jtg_55,PDB/mutant_pdbs/1jtg/1jtg_55.pdb
A_Y80A,SKEMPI_v2.0,1JTG,3.59e-09,A,B,PDB/SKEMPI_v2.0/1JTG.pdb,11.515140961989495,1JTG,1jtg_56,PDB/mutant_pdbs/1jtg/1jtg_56.pdb
"A_Y80A, B_K74A",SKEMPI_v2.0,1JTG,1.3e-06,A,B,PDB/SKEMPI_v2.0/1JTG.pdb,8.025995269660736,1JTG,1jtg_57,PDB/mutant_pdbs/1jtg/1jtg_57.pdb
"A_Y80A, B_F142A",SKEMPI_v2.0,1JTG,1.54e-08,A,B,PDB/SKEMPI_v2.0/1JTG.pdb,10.652789378685869,1JTG,1jtg_58,PDB/mutant_pdbs/1jtg/1jtg_58.pdb
"A_Y80A, B_Y143A",SKEMPI_v2.0,1JTG,2.93e-08,A,B,PDB/SKEMPI_v2.0/1JTG.pdb,10.271882936849005,1JTG,1jtg_59,PDB/mutant_pdbs/1jtg/1jtg_59.pdb
"A_Y80A, B_F142A, B_K74A",SKEMPI_v2.0,1JTG,1.52e-05,A,B,PDB/SKEMPI_v2.0/1JTG.pdb,6.569848522745084,1JTG,1jtg_60,PDB/mutant_pdbs/1jtg/1jtg_60.pdb
"A_Y80A, B_K74A, B_Y143A",SKEMPI_v2.0,1JTG,1.47e-06,A,B,PDB/SKEMPI_v2.0/1JTG.pdb,7.9532166070963815,1JTG,1jtg_61,PDB/mutant_pdbs/1jtg/1jtg_61.pdb
"A_Y80A, B_F142A, B_Y143A",SKEMPI_v2.0,1JTG,7.38e-07,A,B,PDB/SKEMPI_v2.0/1JTG.pdb,8.361277095952282,1JTG,1jtg_62,PDB/mutant_pdbs/1jtg/1jtg_62.pdb
"A_Y80A, B_F142A, B_K74A, B_Y143A",SKEMPI_v2.0,1JTG,6.01e-06,A,B,PDB/SKEMPI_v2.0/1JTG.pdb,7.119321355229234,1JTG,1jtg_63,PDB/mutant_pdbs/1jtg/1jtg_63.pdb
"A_E79A, A_Y80A",SKEMPI_v2.0,1JTG,2.7e-08,A,B,PDB/SKEMPI_v2.0/1JTG.pdb,10.320294598328417,1JTG,1jtg_64,PDB/mutant_pdbs/1jtg/1jtg_64.pdb
"A_E79A, A_Y80A, B_K74A",SKEMPI_v2.0,1JTG,4.95e-08,A,B,PDB/SKEMPI_v2.0/1JTG.pdb,9.961348934577877,1JTG,1jtg_65,PDB/mutant_pdbs/1jtg/1jtg_65.pdb
"A_E79A, A_Y80A, B_F142A",SKEMPI_v2.0,1JTG,6.05e-08,A,B,PDB/SKEMPI_v2.0/1JTG.pdb,9.842514383717052,1JTG,1jtg_66,PDB/mutant_pdbs/1jtg/1jtg_66.pdb
"A_E79A, A_Y80A, B_Y143A",SKEMPI_v2.0,1JTG,1.53e-07,A,B,PDB/SKEMPI_v2.0/1JTG.pdb,9.293086630244014,1JTG,1jtg_67,PDB/mutant_pdbs/1jtg/1jtg_67.pdb
"A_E79A, A_Y80A, B_F142A, B_K74A",SKEMPI_v2.0,1JTG,9.4e-07,A,B,PDB/SKEMPI_v2.0/1JTG.pdb,8.218005743593459,1JTG,1jtg_68,PDB/mutant_pdbs/1jtg/1jtg_68.pdb
"A_E79A, A_Y80A, B_K74A, B_Y143A",SKEMPI_v2.0,1JTG,9.43e-08,A,B,PDB/SKEMPI_v2.0/1JTG.pdb,9.579679451988588,1JTG,1jtg_69,PDB/mutant_pdbs/1jtg/1jtg_69.pdb
"A_E79A, A_Y80A, B_F142A, B_Y143A",SKEMPI_v2.0,1JTG,5.79e-07,A,B,PDB/SKEMPI_v2.0/1JTG.pdb,8.504966115556615,1JTG,1jtg_70,PDB/mutant_pdbs/1jtg/1jtg_70.pdb
"A_E79A, A_Y80A, B_F142A, B_K74A, B_Y143A",SKEMPI_v2.0,1JTG,2.8e-07,A,B,PDB/SKEMPI_v2.0/1JTG.pdb,8.935197499992418,1JTG,1jtg_71,PDB/mutant_pdbs/1jtg/1jtg_71.pdb
A_R217A,SKEMPI_v2.0,1JTG,4.04e-08,A,B,PDB/SKEMPI_v2.0/1JTG.pdb,10.081647483388473,1JTG,1jtg_72,PDB/mutant_pdbs/1jtg/1jtg_72.pdb
"A_R217A, B_D49A",SKEMPI_v2.0,1JTG,3.05e-08,A,B,PDB/SKEMPI_v2.0/1JTG.pdb,10.248113048866403,1JTG,1jtg_73,PDB/mutant_pdbs/1jtg/1jtg_73.pdb
"A_R217A, B_K74A",SKEMPI_v2.0,1JTG,0.00034,A,B,PDB/SKEMPI_v2.0/1JTG.pdb,4.729538886692107,1JTG,1jtg_74,PDB/mutant_pdbs/1jtg/1jtg_74.pdb
"A_R217A, B_F142A",SKEMPI_v2.0,1JTG,1.47e-06,A,B,PDB/SKEMPI_v2.0/1JTG.pdb,7.9532166070963815,1JTG,1jtg_75,PDB/mutant_pdbs/1jtg/1jtg_75.pdb
"A_R217A, B_Y143A",SKEMPI_v2.0,1JTG,2.2e-07,A,B,PDB/SKEMPI_v2.0/1JTG.pdb,9.078010503358488,1JTG,1jtg_76,PDB/mutant_pdbs/1jtg/1jtg_76.pdb
"A_R217A, B_F142A, B_K74A",SKEMPI_v2.0,1JTG,5.1e-05,A,B,PDB/SKEMPI_v2.0/1JTG.pdb,5.852988430801209,1JTG,1jtg_77,PDB/mutant_pdbs/1jtg/1jtg_77.pdb
"A_R217A, B_K74A, B_Y143A",SKEMPI_v2.0,1JTG,7.66e-06,A,B,PDB/SKEMPI_v2.0/1JTG.pdb,6.975664379935407,1JTG,1jtg_78,PDB/mutant_pdbs/1jtg/1jtg_78.pdb
"A_R217A, B_F142A, B_Y143A",SKEMPI_v2.0,1JTG,1.02e-05,A,B,PDB/SKEMPI_v2.0/1JTG.pdb,6.8060764291360965,1JTG,1jtg_79,PDB/mutant_pdbs/1jtg/1jtg_79.pdb
"A_R217A, B_F142A, B_K74A, B_Y143A",SKEMPI_v2.0,1JTG,3.41e-05,A,B,PDB/SKEMPI_v2.0/1JTG.pdb,6.091360373956073,1JTG,1jtg_80,PDB/mutant_pdbs/1jtg/1jtg_80.pdb
A_K208A,SKEMPI_v2.0,1JTG,2.7e-08,A,B,PDB/SKEMPI_v2.0/1JTG.pdb,10.320294598328417,1JTG,1jtg_81,PDB/mutant_pdbs/1jtg/1jtg_81.pdb
"A_K208A, B_D49A",SKEMPI_v2.0,1JTG,7.11e-08,A,B,PDB/SKEMPI_v2.0/1JTG.pdb,9.746909383542128,1JTG,1jtg_82,PDB/mutant_pdbs/1jtg/1jtg_82.pdb
"A_K208A, B_K74A",SKEMPI_v2.0,1JTG,0.000301,A,B,PDB/SKEMPI_v2.0/1JTG.pdb,4.801688182845702,1JTG,1jtg_83,PDB/mutant_pdbs/1jtg/1jtg_83.pdb
"A_K208A, B_F142A",SKEMPI_v2.0,1JTG,1.47e-06,A,B,PDB/SKEMPI_v2.0/1JTG.pdb,7.9532166070963815,1JTG,1jtg_84,PDB/mutant_pdbs/1jtg/1jtg_84.pdb
"A_K208A, B_Y143A",SKEMPI_v2.0,1JTG,3.57e-07,A,B,PDB/SKEMPI_v2.0/1JTG.pdb,8.791327963127406,1JTG,1jtg_85,PDB/mutant_pdbs/1jtg/1jtg_85.pdb
"A_K208A, B_F142A, B_K74A",SKEMPI_v2.0,1JTG,8.97e-05,A,B,PDB/SKEMPI_v2.0/1JTG.pdb,5.5186129953733705,1JTG,1jtg_86,PDB/mutant_pdbs/1jtg/1jtg_86.pdb
"A_K208A, B_K74A, B_Y143A",SKEMPI_v2.0,1JTG,1.79e-05,A,B,PDB/SKEMPI_v2.0/1JTG.pdb,6.473022839946995,1JTG,1jtg_87,PDB/mutant_pdbs/1jtg/1jtg_87.pdb
"A_K208A, B_F142A, B_Y143A",SKEMPI_v2.0,1JTG,1.29e-05,A,B,PDB/SKEMPI_v2.0/1JTG.pdb,6.667007506961127,1JTG,1jtg_88,PDB/mutant_pdbs/1jtg/1jtg_88.pdb
"A_K208A, B_F142A, B_K74A, B_Y143A",SKEMPI_v2.0,1JTG,4.9e-05,A,B,PDB/SKEMPI_v2.0/1JTG.pdb,5.876679064652392,1JTG,1jtg_89,PDB/mutant_pdbs/1jtg/1jtg_89.pdb
A_S105A,SKEMPI_v2.0,1JTG,8.38e-09,A,B,PDB/SKEMPI_v2.0/1JTG.pdb,11.013146692375615,1JTG,1jtg_90,PDB/mutant_pdbs/1jtg/1jtg_90.pdb
"A_S105A, B_D49A",SKEMPI_v2.0,1JTG,8.73e-09,A,B,PDB/SKEMPI_v2.0/1JTG.pdb,10.988915912596932,1JTG,1jtg_91,PDB/mutant_pdbs/1jtg/1jtg_91.pdb
"A_S105A, B_K74A",SKEMPI_v2.0,1JTG,1.02e-06,A,B,PDB/SKEMPI_v2.0/1JTG.pdb,8.169637086134912,1JTG,1jtg_92,PDB/mutant_pdbs/1jtg/1jtg_92.pdb
"A_S105A, B_F142A",SKEMPI_v2.0,1JTG,5.79e-07,A,B,PDB/SKEMPI_v2.0/1JTG.pdb,8.504966115556615,1JTG,1jtg_93,PDB/mutant_pdbs/1jtg/1jtg_93.pdb
"A_S105A, B_Y143A",SKEMPI_v2.0,1JTG,9.82e-08,A,B,PDB/SKEMPI_v2.0/1JTG.pdb,9.555681063887683,1JTG,1jtg_94,PDB/mutant_pdbs/1jtg/1jtg_94.pdb
"A_S105A, B_F142A, B_K74A",SKEMPI_v2.0,1JTG,2.9e-05,A,B,PDB/SKEMPI_v2.0/1JTG.pdb,6.187295567184043,1JTG,1jtg_95,PDB/mutant_pdbs/1jtg/1jtg_95.pdb
"A_S105A, B_K74A, B_Y143A",SKEMPI_v2.0,1JTG,2.58e-06,A,B,PDB/SKEMPI_v2.0/1JTG.pdb,7.620095505296015,1JTG,1jtg_96,PDB/mutant_pdbs/1jtg/1jtg_96.pdb
"A_S105A, B_F142A, B_Y143A",SKEMPI_v2.0,1JTG,5.33e-06,A,B,PDB/SKEMPI_v2.0/1JTG.pdb,7.190427311393706,1JTG,1jtg_97,PDB/mutant_pdbs/1jtg/1jtg_97.pdb
"A_S105A, B_F142A, B_K74A, B_Y143A",SKEMPI_v2.0,1JTG,2.47e-05,A,B,PDB/SKEMPI_v2.0/1JTG.pdb,6.2823371694058965,1JTG,1jtg_98,PDB/mutant_pdbs/1jtg/1jtg_98.pdb
A_Q74A,SKEMPI_v2.0,1JTG,9.85e-09,A,B,PDB/SKEMPI_v2.0/1JTG.pdb,10.917435353845592,1JTG,1jtg_99,PDB/mutant_pdbs/1jtg/1jtg_99.pdb
A_N75A,SKEMPI_v2.0,1JTG,2.21e-09,A,B,PDB/SKEMPI_v2.0/1JTG.pdb,11.802446158017958,1JTG,1jtg_100,PDB/mutant_pdbs/1jtg/1jtg_100.pdb
A_V78A,SKEMPI_v2.0,1JTG,1.2e-07,A,B,PDB/SKEMPI_v2.0/1JTG.pdb,9.436956167109027,1JTG,1jtg_101,PDB/mutant_pdbs/1jtg/1jtg_101.pdb
A_E79A,SKEMPI_v2.0,1JTG,9.43e-08,A,B,PDB/SKEMPI_v2.0/1JTG.pdb,9.579679451988588,1JTG,1jtg_102,PDB/mutant_pdbs/1jtg/1jtg_102.pdb
A_P82A,SKEMPI_v2.0,1JTG,2.5e-09,A,B,PDB/SKEMPI_v2.0/1JTG.pdb,11.729430573318384,1JTG,1jtg_103,PDB/mutant_pdbs/1jtg/1jtg_103.pdb
A_E85A,SKEMPI_v2.0,1JTG,4.53e-06,A,B,PDB/SKEMPI_v2.0/1JTG.pdb,7.2867342466005365,1JTG,1jtg_104,PDB/mutant_pdbs/1jtg/1jtg_104.pdb
A_M104A,SKEMPI_v2.0,1JTG,1.66e-08,A,B,PDB/SKEMPI_v2.0/1JTG.pdb,10.608354526851876,1JTG,1jtg_105,PDB/mutant_pdbs/1jtg/1jtg_105.pdb
A_E143A,SKEMPI_v2.0,1JTG,4.22e-09,A,B,PDB/SKEMPI_v2.0/1JTG.pdb,11.419394456526502,1JTG,1jtg_106,PDB/mutant_pdbs/1jtg/1jtg_106.pdb
A_V190A,SKEMPI_v2.0,1JTG,2.4e-09,A,B,PDB/SKEMPI_v2.0/1JTG.pdb,11.75360482244273,1JTG,1jtg_107,PDB/mutant_pdbs/1jtg/1jtg_107.pdb
B_F36A,SKEMPI_v2.0,1JTG,1.06e-06,A,B,PDB/SKEMPI_v2.0/1JTG.pdb,8.146857859726541,1JTG,1jtg_108,PDB/mutant_pdbs/1jtg/1jtg_108.pdb
B_H41A,SKEMPI_v2.0,1JTG,1.15e-06,A,B,PDB/SKEMPI_v2.0/1JTG.pdb,8.098598754921916,1JTG,1jtg_109,PDB/mutant_pdbs/1jtg/1jtg_109.pdb
B_D49A,SKEMPI_v2.0,1JTG,8.03e-08,A,B,PDB/SKEMPI_v2.0/1JTG.pdb,9.674850732673287,1JTG,1jtg_110,PDB/mutant_pdbs/1jtg/1jtg_110.pdb
B_Y50A,SKEMPI_v2.0,1JTG,2.4e-09,A,B,PDB/SKEMPI_v2.0/1JTG.pdb,11.75360482244273,1JTG,1jtg_111,PDB/mutant_pdbs/1jtg/1jtg_111.pdb
B_Y53A,SKEMPI_v2.0,1JTG,1.59e-07,A,B,PDB/SKEMPI_v2.0/1JTG.pdb,9.270307403835645,1JTG,1jtg_112,PDB/mutant_pdbs/1jtg/1jtg_112.pdb
B_S71A,SKEMPI_v2.0,1JTG,8.73e-09,A,B,PDB/SKEMPI_v2.0/1JTG.pdb,10.988915912596932,1JTG,1jtg_113,PDB/mutant_pdbs/1jtg/1jtg_113.pdb
B_K74A,SKEMPI_v2.0,1JTG,3.03e-06,A,B,PDB/SKEMPI_v2.0/1JTG.pdb,7.524887715165056,1JTG,1jtg_114,PDB/mutant_pdbs/1jtg/1jtg_114.pdb
B_W112A,SKEMPI_v2.0,1JTG,7.68e-07,A,B,PDB/SKEMPI_v2.0/1JTG.pdb,8.337680872124269,1JTG,1jtg_115,PDB/mutant_pdbs/1jtg/1jtg_115.pdb
B_S113A,SKEMPI_v2.0,1JTG,3.59e-09,A,B,PDB/SKEMPI_v2.0/1JTG.pdb,11.515140961989495,1JTG,1jtg_116,PDB/mutant_pdbs/1jtg/1jtg_116.pdb
B_F142A,SKEMPI_v2.0,1JTG,3.29e-07,A,B,PDB/SKEMPI_v2.0/1JTG.pdb,8.839696620585952,1JTG,1jtg_117,PDB/mutant_pdbs/1jtg/1jtg_117.pdb
B_H148A,SKEMPI_v2.0,1JTG,4.93e-07,A,B,PDB/SKEMPI_v2.0/1JTG.pdb,8.600185798542446,1JTG,1jtg_118,PDB/mutant_pdbs/1jtg/1jtg_118.pdb
B_W150A,SKEMPI_v2.0,1JTG,6.26e-06,A,B,PDB/SKEMPI_v2.0/1JTG.pdb,7.095186520852088,1JTG,1jtg_119,PDB/mutant_pdbs/1jtg/1jtg_119.pdb
B_R160A,SKEMPI_v2.0,1JTG,2.03e-07,A,B,PDB/SKEMPI_v2.0/1JTG.pdb,9.125635099510239,1JTG,1jtg_120,PDB/mutant_pdbs/1jtg/1jtg_120.pdb
B_W162A,SKEMPI_v2.0,1JTG,2.48e-07,A,B,PDB/SKEMPI_v2.0/1JTG.pdb,9.00706580593003,1JTG,1jtg_121,PDB/mutant_pdbs/1jtg/1jtg_121.pdb
"A_Q74A, B_H148A",SKEMPI_v2.0,1JTG,1.06e-06,A,B,PDB/SKEMPI_v2.0/1JTG.pdb,8.146857859726541,1JTG,1jtg_122,PDB/mutant_pdbs/1jtg/1jtg_122.pdb
"A_Q74A, B_W150A",SKEMPI_v2.0,1JTG,3.03e-06,A,B,PDB/SKEMPI_v2.0/1JTG.pdb,7.524887715165056,1JTG,1jtg_123,PDB/mutant_pdbs/1jtg/1jtg_123.pdb
"A_Q74A, B_R160A",SKEMPI_v2.0,1JTG,2.68e-06,A,B,PDB/SKEMPI_v2.0/1JTG.pdb,7.597576180962947,1JTG,1jtg_124,PDB/mutant_pdbs/1jtg/1jtg_124.pdb
"A_N75A, B_H148A",SKEMPI_v2.0,1JTG,1.66e-07,A,B,PDB/SKEMPI_v2.0/1JTG.pdb,9.24479386985306,1JTG,1jtg_125,PDB/mutant_pdbs/1jtg/1jtg_125.pdb
"A_N75A, B_W150A",SKEMPI_v2.0,1JTG,7.36e-06,A,B,PDB/SKEMPI_v2.0/1JTG.pdb,6.999323459937158,1JTG,1jtg_126,PDB/mutant_pdbs/1jtg/1jtg_126.pdb
"A_N75A, B_R160A",SKEMPI_v2.0,1JTG,6.83e-08,A,B,PDB/SKEMPI_v2.0/1JTG.pdb,9.770702013065124,1JTG,1jtg_127,PDB/mutant_pdbs/1jtg/1jtg_127.pdb
"A_E143A, B_W162A",SKEMPI_v2.0,1JTG,1.59e-07,A,B,PDB/SKEMPI_v2.0/1JTG.pdb,9.270307403835645,1JTG,1jtg_128,PDB/mutant_pdbs/1jtg/1jtg_128.pdb
"A_V78A, B_W162A",SKEMPI_v2.0,1JTG,6.01e-06,A,B,PDB/SKEMPI_v2.0/1JTG.pdb,7.119321355229234,1JTG,1jtg_129,PDB/mutant_pdbs/1jtg/1jtg_129.pdb
"A_M104A, B_Y53A",SKEMPI_v2.0,1JTG,2.11e-06,A,B,PDB/SKEMPI_v2.0/1JTG.pdb,7.739185144193985,1JTG,1jtg_130,PDB/mutant_pdbs/1jtg/1jtg_130.pdb
"A_M104A, B_Y50A",SKEMPI_v2.0,1JTG,8.73e-09,A,B,PDB/SKEMPI_v2.0/1JTG.pdb,10.988915912596932,1JTG,1jtg_131,PDB/mutant_pdbs/1jtg/1jtg_131.pdb
"A_M104A, B_F36A",SKEMPI_v2.0,1JTG,2.19e-06,A,B,PDB/SKEMPI_v2.0/1JTG.pdb,7.717147741090124,1JTG,1jtg_132,PDB/mutant_pdbs/1jtg/1jtg_132.pdb
"A_P82A, B_H41A",SKEMPI_v2.0,1JTG,4.2e-07,A,B,PDB/SKEMPI_v2.0/1JTG.pdb,8.695086387102705,1JTG,1jtg_133,PDB/mutant_pdbs/1jtg/1jtg_133.pdb
"A_P82A, B_Y50A",SKEMPI_v2.0,1JTG,1.6e-09,A,B,PDB/SKEMPI_v2.0/1JTG.pdb,11.993715935332444,1JTG,1jtg_134,PDB/mutant_pdbs/1jtg/1jtg_134.pdb
"A_P82A, B_Y53A",SKEMPI_v2.0,1JTG,2.69e-07,A,B,PDB/SKEMPI_v2.0/1JTG.pdb,8.95893129772489,1JTG,1jtg_135,PDB/mutant_pdbs/1jtg/1jtg_135.pdb
"A_V190A, B_Y50A",SKEMPI_v2.0,1JTG,1.07e-09,A,B,PDB/SKEMPI_v2.0/1JTG.pdb,12.231979349783792,1JTG,1jtg_136,PDB/mutant_pdbs/1jtg/1jtg_136.pdb
"A_E85A, B_S113A, B_S71A",SKEMPI_v2.0,1JTG,2.37e-05,A,B,PDB/SKEMPI_v2.0/1JTG.pdb,6.306811184099323,1JTG,1jtg_137,PDB/mutant_pdbs/1jtg/1jtg_137.pdb
"A_E85A, B_S113A",SKEMPI_v2.0,1JTG,1.06e-05,A,B,PDB/SKEMPI_v2.0/1JTG.pdb,6.783297202727726,1JTG,1jtg_138,PDB/mutant_pdbs/1jtg/1jtg_138.pdb
"A_E85A, B_S71A",SKEMPI_v2.0,1JTG,2.28e-05,A,B,PDB/SKEMPI_v2.0/1JTG.pdb,6.32973740985537,1JTG,1jtg_139,PDB/mutant_pdbs/1jtg/1jtg_139.pdb
"B_S113A, B_S71A",SKEMPI_v2.0,1JTG,1.03e-08,A,B,PDB/SKEMPI_v2.0/1JTG.pdb,10.890980921437501,1JTG,1jtg_140,PDB/mutant_pdbs/1jtg/1jtg_140.pdb
"A_E79A, B_S113A",SKEMPI_v2.0,1JTG,1.11e-07,A,B,PDB/SKEMPI_v2.0/1JTG.pdb,9.483123968260234,1JTG,1jtg_141,PDB/mutant_pdbs/1jtg/1jtg_141.pdb
"A_Q74A, B_W112A",SKEMPI_v2.0,1JTG,1.87e-06,A,B,PDB/SKEMPI_v2.0/1JTG.pdb,7.810691422384374,1JTG,1jtg_142,PDB/mutant_pdbs/1jtg/1jtg_142.pdb
"A_Q74A, B_W162A",SKEMPI_v2.0,1JTG,6.28e-07,A,B,PDB/SKEMPI_v2.0/1JTG.pdb,8.456858222918878,1JTG,1jtg_143,PDB/mutant_pdbs/1jtg/1jtg_143.pdb
"A_Q74A, B_K74A",SKEMPI_v2.0,1JTG,4.91e-06,A,B,PDB/SKEMPI_v2.0/1JTG.pdb,7.239032408553978,1JTG,1jtg_144,PDB/mutant_pdbs/1jtg/1jtg_144.pdb
"A_Q74A, B_F142A",SKEMPI_v2.0,1JTG,5.56e-07,A,B,PDB/SKEMPI_v2.0/1JTG.pdb,8.528969926668825,1JTG,1jtg_145,PDB/mutant_pdbs/1jtg/1jtg_145.pdb
"A_Q74A, B_D49A",SKEMPI_v2.0,1JTG,1.95e-07,A,B,PDB/SKEMPI_v2.0/1JTG.pdb,9.14944481376984,1JTG,1jtg_146,PDB/mutant_pdbs/1jtg/1jtg_146.pdb
"A_N75A, B_W112A",SKEMPI_v2.0,1JTG,5.34e-07,A,B,PDB/SKEMPI_v2.0/1JTG.pdb,8.552877964564109,1JTG,1jtg_147,PDB/mutant_pdbs/1jtg/1jtg_147.pdb
"A_N75A, B_W162A",SKEMPI_v2.0,1JTG,1.66e-07,A,B,PDB/SKEMPI_v2.0/1JTG.pdb,9.24479386985306,1JTG,1jtg_148,PDB/mutant_pdbs/1jtg/1jtg_148.pdb
"A_N75A, B_K74A",SKEMPI_v2.0,1JTG,1.79e-06,A,B,PDB/SKEMPI_v2.0/1JTG.pdb,7.836583496945811,1JTG,1jtg_149,PDB/mutant_pdbs/1jtg/1jtg_149.pdb
"A_N75A, B_F142A",SKEMPI_v2.0,1JTG,2.29e-07,A,B,PDB/SKEMPI_v2.0/1JTG.pdb,9.054267092280847,1JTG,1jtg_150,PDB/mutant_pdbs/1jtg/1jtg_150.pdb
"A_N75A, B_D49A",SKEMPI_v2.0,1JTG,6.83e-08,A,B,PDB/SKEMPI_v2.0/1JTG.pdb,9.770702013065124,1JTG,1jtg_151,PDB/mutant_pdbs/1jtg/1jtg_151.pdb
"A_V78A, B_R160A",SKEMPI_v2.0,1JTG,7.36e-06,A,B,PDB/SKEMPI_v2.0/1JTG.pdb,6.999323459937158,1JTG,1jtg_152,PDB/mutant_pdbs/1jtg/1jtg_152.pdb
"A_V78A, B_F142A",SKEMPI_v2.0,1JTG,9.76e-06,A,B,PDB/SKEMPI_v2.0/1JTG.pdb,6.832189098547943,1JTG,1jtg_153,PDB/mutant_pdbs/1jtg/1jtg_153.pdb
"A_E143A, B_W112A",SKEMPI_v2.0,1JTG,5.34e-07,A,B,PDB/SKEMPI_v2.0/1JTG.pdb,8.552877964564109,1JTG,1jtg_154,PDB/mutant_pdbs/1jtg/1jtg_154.pdb
"A_E143A, B_W150A",SKEMPI_v2.0,1JTG,4.91e-06,A,B,PDB/SKEMPI_v2.0/1JTG.pdb,7.239032408553978,1JTG,1jtg_155,PDB/mutant_pdbs/1jtg/1jtg_155.pdb
"A_E143A, B_R160A",SKEMPI_v2.0,1JTG,2.39e-07,A,B,PDB/SKEMPI_v2.0/1JTG.pdb,9.028956108567897,1JTG,1jtg_156,PDB/mutant_pdbs/1jtg/1jtg_156.pdb
"A_E143A, B_K74A",SKEMPI_v2.0,1JTG,4.53e-06,A,B,PDB/SKEMPI_v2.0/1JTG.pdb,7.2867342466005365,1JTG,1jtg_157,PDB/mutant_pdbs/1jtg/1jtg_157.pdb
"A_E143A, B_F142A",SKEMPI_v2.0,1JTG,3.72e-07,A,B,PDB/SKEMPI_v2.0/1JTG.pdb,8.766954693040315,1JTG,1jtg_158,PDB/mutant_pdbs/1jtg/1jtg_158.pdb
"A_E143A, B_D49A",SKEMPI_v2.0,1JTG,6.05e-08,A,B,PDB/SKEMPI_v2.0/1JTG.pdb,9.842514383717052,1JTG,1jtg_159,PDB/mutant_pdbs/1jtg/1jtg_159.pdb
"A_E85A, B_Y50A",SKEMPI_v2.0,1JTG,3.86e-06,A,B,PDB/SKEMPI_v2.0/1JTG.pdb,7.381516571447513,1JTG,1jtg_160,PDB/mutant_pdbs/1jtg/1jtg_160.pdb
"A_M104A, B_S113A, B_S71A",SKEMPI_v2.0,1JTG,8.03e-08,A,B,PDB/SKEMPI_v2.0/1JTG.pdb,9.674850732673287,1JTG,1jtg_161,PDB/mutant_pdbs/1jtg/1jtg_161.pdb
"A_V190A, B_F142A",SKEMPI_v2.0,1JTG,1.95e-07,A,B,PDB/SKEMPI_v2.0/1JTG.pdb,9.14944481376984,1JTG,1jtg_162,PDB/mutant_pdbs/1jtg/1jtg_162.pdb
"A_E79A, B_S113A, B_S71A",SKEMPI_v2.0,1JTG,3.72e-07,A,B,PDB/SKEMPI_v2.0/1JTG.pdb,8.766954693040315,1JTG,1jtg_163,PDB/mutant_pdbs/1jtg/1jtg_163.pdb
B_T32K,SKEMPI_v2.0,1JTG,1.75e-09,A,B,PDB/SKEMPI_v2.0/1JTG.pdb,11.94064879164695,1JTG,1jtg_164,PDB/mutant_pdbs/1jtg/1jtg_164.pdb
B_V93K,SKEMPI_v2.0,1JTG,5.6e-10,A,B,PDB/SKEMPI_v2.0/1JTG.pdb,12.615406812324938,1JTG,1jtg_165,PDB/mutant_pdbs/1jtg/1jtg_165.pdb
B_T140K,SKEMPI_v2.0,1JTG,1.22e-09,A,B,PDB/SKEMPI_v2.0/1JTG.pdb,12.154289045536178,1JTG,1jtg_166,PDB/mutant_pdbs/1jtg/1jtg_166.pdb
B_N89K,SKEMPI_v2.0,1JTG,5.8e-10,A,B,PDB/SKEMPI_v2.0/1JTG.pdb,12.594626193514191,1JTG,1jtg_167,PDB/mutant_pdbs/1jtg/1jtg_167.pdb
B_D163A,SKEMPI_v2.0,1JTG,1.3e-10,A,B,PDB/SKEMPI_v2.0/1JTG.pdb,13.480237897656,1JTG,1jtg_168,PDB/mutant_pdbs/1jtg/1jtg_168.pdb
B_D163K,SKEMPI_v2.0,1JTG,4.4e-11,A,B,PDB/SKEMPI_v2.0/1JTG.pdb,14.121780472689823,1JTG,1jtg_169,PDB/mutant_pdbs/1jtg/1jtg_169.pdb
"B_Q157K, B_T140K",SKEMPI_v2.0,1JTG,6.4e-10,A,B,PDB/SKEMPI_v2.0/1JTG.pdb,12.536331275003402,1JTG,1jtg_170,PDB/mutant_pdbs/1jtg/1jtg_170.pdb
"B_D163K, B_N89K, B_V165K",SKEMPI_v2.0,1JTG,2.2e-11,A,B,PDB/SKEMPI_v2.0/1JTG.pdb,14.532253131353752,1JTG,1jtg_171,PDB/mutant_pdbs/1jtg/1jtg_171.pdb
"B_D135K, B_D163K, B_V134K",SKEMPI_v2.0,1JTG,7.2e-12,A,B,PDB/SKEMPI_v2.0/1JTG.pdb,15.193703021885534,1JTG,1jtg_172,PDB/mutant_pdbs/1jtg/1jtg_172.pdb
"B_D135K, B_D163K, B_N89K, B_V165K",SKEMPI_v2.0,1JTG,4.3e-12,A,B,PDB/SKEMPI_v2.0/1JTG.pdb,15.498955220507666,1JTG,1jtg_173,PDB/mutant_pdbs/1jtg/1jtg_173.pdb
A_K86N,SKEMPI_v2.0,1JTG,3.8e-10,A,B,PDB/SKEMPI_v2.0/1JTG.pdb,12.845036468068207,1JTG,1jtg_174,PDB/mutant_pdbs/1jtg/1jtg_174.pdb
A_R214Y,SKEMPI_v2.0,1JTG,2.2e-10,A,B,PDB/SKEMPI_v2.0/1JTG.pdb,13.168692474354936,1JTG,1jtg_175,PDB/mutant_pdbs/1jtg/1jtg_175.pdb
A_P82Q,SKEMPI_v2.0,1JTG,6.1e-10,A,B,PDB/SKEMPI_v2.0/1JTG.pdb,12.564761704200105,1JTG,1jtg_176,PDB/mutant_pdbs/1jtg/1jtg_176.pdb
A_E143G,SKEMPI_v2.0,1JTG,2.1e-10,A,B,PDB/SKEMPI_v2.0/1JTG.pdb,13.19624101676308,1JTG,1jtg_177,PDB/mutant_pdbs/1jtg/1jtg_177.pdb
A_E85V,SKEMPI_v2.0,1JTG,9e-11,A,B,PDB/SKEMPI_v2.0/1JTG.pdb,13.69799968387969,1JTG,1jtg_178,PDB/mutant_pdbs/1jtg/1jtg_178.pdb
A_E85G,SKEMPI_v2.0,1JTG,6e-11,A,B,PDB/SKEMPI_v2.0/1JTG.pdb,13.938110796769402,1JTG,1jtg_179,PDB/mutant_pdbs/1jtg/1jtg_179.pdb
A_E146K,SKEMPI_v2.0,1JTG,1e-10,A,B,PDB/SKEMPI_v2.0/1JTG.pdb,13.635606569988159,1JTG,1jtg_180,PDB/mutant_pdbs/1jtg/1jtg_180.pdb
"A_E143G, A_E85G",SKEMPI_v2.0,1JTG,1e-10,A,B,PDB/SKEMPI_v2.0/1JTG.pdb,13.635606569988159,1JTG,1jtg_181,PDB/mutant_pdbs/1jtg/1jtg_181.pdb
"A_E143G, A_E85V",SKEMPI_v2.0,1JTG,8e-11,A,B,PDB/SKEMPI_v2.0/1JTG.pdb,13.767749250995188,1JTG,1jtg_182,PDB/mutant_pdbs/1jtg/1jtg_182.pdb
A_E213K,SKEMPI_v2.0,1JTG,1.4e-10,A,B,PDB/SKEMPI_v2.0/1JTG.pdb,13.436352129652795,1JTG,1jtg_183,PDB/mutant_pdbs/1jtg/1jtg_183.pdb
A_E79A,SKEMPI_v2.0,1JTG,7e-08,A,B,PDB/SKEMPI_v2.0/1JTG.pdb,9.788881551606584,1JTG,1jtg_184,PDB/mutant_pdbs/1jtg/1jtg_184.pdb
A_E79D,SKEMPI_v2.0,1JTG,1.5e-06,A,B,PDB/SKEMPI_v2.0/1JTG.pdb,7.9679013285297025,1JTG,1jtg_185,PDB/mutant_pdbs/1jtg/1jtg_185.pdb
A_E79K,SKEMPI_v2.0,1JTG,1.4e-07,A,B,PDB/SKEMPI_v2.0/1JTG.pdb,9.377031467913582,1JTG,1jtg_186,PDB/mutant_pdbs/1jtg/1jtg_186.pdb
B_E73M,SKEMPI_v2.0,1JTG,7.5e-09,A,B,PDB/SKEMPI_v2.0/1JTG.pdb,11.116024140025697,1JTG,1jtg_187,PDB/mutant_pdbs/1jtg/1jtg_187.pdb
"B_E73M, B_K74A",SKEMPI_v2.0,1JTG,4.5e-06,A,B,PDB/SKEMPI_v2.0/1JTG.pdb,7.315134389957424,1JTG,1jtg_188,PDB/mutant_pdbs/1jtg/1jtg_188.pdb
"B_E73M, B_F142A",SKEMPI_v2.0,1JTG,2.3e-07,A,B,PDB/SKEMPI_v2.0/1JTG.pdb,9.082061541019408,1JTG,1jtg_189,PDB/mutant_pdbs/1jtg/1jtg_189.pdb
"B_E73M, B_F142A, B_K74A",SKEMPI_v2.0,1JTG,7e-06,A,B,PDB/SKEMPI_v2.0/1JTG.pdb,7.052608823803591,1JTG,1jtg_190,PDB/mutant_pdbs/1jtg/1jtg_190.pdb
"A_E79A, B_E73M",SKEMPI_v2.0,1JTG,7.1e-08,A,B,PDB/SKEMPI_v2.0/1JTG.pdb,9.780453409254664,1JTG,1jtg_191,PDB/mutant_pdbs/1jtg/1jtg_191.pdb
"A_E79A, B_E73M, B_K74A",SKEMPI_v2.0,1JTG,1.1e-07,A,B,PDB/SKEMPI_v2.0/1JTG.pdb,9.52032370954598,1JTG,1jtg_192,PDB/mutant_pdbs/1jtg/1jtg_192.pdb
"A_E79A, B_E73M, B_F142A",SKEMPI_v2.0,1JTG,3.9e-07,A,B,PDB/SKEMPI_v2.0/1JTG.pdb,8.768297565022372,1JTG,1jtg_193,PDB/mutant_pdbs/1jtg/1jtg_193.pdb
"A_E79A, B_E73M, B_F142A, B_K74A",SKEMPI_v2.0,1JTG,2.5e-07,A,B,PDB/SKEMPI_v2.0/1JTG.pdb,9.032518350794984,1JTG,1jtg_194,PDB/mutant_pdbs/1jtg/1jtg_194.pdb
B_E31A,SKEMPI_v2.0,1JTG,2e-09,A,B,PDB/SKEMPI_v2.0/1JTG.pdb,11.861573254325416,1JTG,1jtg_195,PDB/mutant_pdbs/1jtg/1jtg_195.pdb
B_S35A,SKEMPI_v2.0,1JTG,5e-10,A,B,PDB/SKEMPI_v2.0/1JTG.pdb,12.682518571653272,1JTG,1jtg_196,PDB/mutant_pdbs/1jtg/1jtg_196.pdb
B_F36A,SKEMPI_v2.0,1JTG,4e-08,A,B,PDB/SKEMPI_v2.0/1JTG.pdb,10.08753993866267,1JTG,1jtg_197,PDB/mutant_pdbs/1jtg/1jtg_197.pdb
B_S39A,SKEMPI_v2.0,1JTG,3e-10,A,B,PDB/SKEMPI_v2.0/1JTG.pdb,12.985022798434516,1JTG,1jtg_198,PDB/mutant_pdbs/1jtg/1jtg_198.pdb
B_H41A,SKEMPI_v2.0,1JTG,3.4e-08,A,B,PDB/SKEMPI_v2.0/1JTG.pdb,10.18378151468737,1JTG,1jtg_199,PDB/mutant_pdbs/1jtg/1jtg_199.pdb
B_G48A,SKEMPI_v2.0,1JTG,7e-10,A,B,PDB/SKEMPI_v2.0/1JTG.pdb,12.483264131317906,1JTG,1jtg_200,PDB/mutant_pdbs/1jtg/1jtg_200.pdb
B_D49A,SKEMPI_v2.0,1JTG,2e-08,A,B,PDB/SKEMPI_v2.0/1JTG.pdb,10.498012597326598,1JTG,1jtg_201,PDB/mutant_pdbs/1jtg/1jtg_201.pdb
B_Y50A,SKEMPI_v2.0,1JTG,1.1e-11,A,B,PDB/SKEMPI_v2.0/1JTG.pdb,14.94272579001768,1JTG,1jtg_202,PDB/mutant_pdbs/1jtg/1jtg_202.pdb
B_Y51A,SKEMPI_v2.0,1JTG,5e-10,A,B,PDB/SKEMPI_v2.0/1JTG.pdb,12.682518571653272,1JTG,1jtg_203,PDB/mutant_pdbs/1jtg/1jtg_203.pdb
B_Y53A,SKEMPI_v2.0,1JTG,2.1e-08,A,B,PDB/SKEMPI_v2.0/1JTG.pdb,10.469119702765449,1JTG,1jtg_204,PDB/mutant_pdbs/1jtg/1jtg_204.pdb
B_S71A,SKEMPI_v2.0,1JTG,2e-10,A,B,PDB/SKEMPI_v2.0/1JTG.pdb,13.22513391132423,1JTG,1jtg_205,PDB/mutant_pdbs/1jtg/1jtg_205.pdb
B_E73A,SKEMPI_v2.0,1JTG,4e-10,A,B,PDB/SKEMPI_v2.0/1JTG.pdb,12.8146612526603,1JTG,1jtg_206,PDB/mutant_pdbs/1jtg/1jtg_206.pdb
B_K74A,SKEMPI_v2.0,1JTG,4.6e-08,A,B,PDB/SKEMPI_v2.0/1JTG.pdb,10.00477475159169,1JTG,1jtg_207,PDB/mutant_pdbs/1jtg/1jtg_207.pdb
B_W112A,SKEMPI_v2.0,1JTG,1.3e-08,A,B,PDB/SKEMPI_v2.0/1JTG.pdb,10.75311658365837,1JTG,1jtg_208,PDB/mutant_pdbs/1jtg/1jtg_208.pdb
B_S113A,SKEMPI_v2.0,1JTG,1.1e-10,A,B,PDB/SKEMPI_v2.0/1JTG.pdb,13.579165133018865,1JTG,1jtg_209,PDB/mutant_pdbs/1jtg/1jtg_209.pdb
B_G141A,SKEMPI_v2.0,1JTG,1.8e-09,A,B,PDB/SKEMPI_v2.0/1JTG.pdb,11.923966368216945,1JTG,1jtg_210,PDB/mutant_pdbs/1jtg/1jtg_210.pdb
B_F142A,SKEMPI_v2.0,1JTG,1.6e-08,A,B,PDB/SKEMPI_v2.0/1JTG.pdb,10.630155278333627,1JTG,1jtg_211,PDB/mutant_pdbs/1jtg/1jtg_211.pdb
B_Y143A,SKEMPI_v2.0,1JTG,6e-10,A,B,PDB/SKEMPI_v2.0/1JTG.pdb,12.574550139770588,1JTG,1jtg_212,PDB/mutant_pdbs/1jtg/1jtg_212.pdb
B_R144A,SKEMPI_v2.0,1JTG,6e-10,A,B,PDB/SKEMPI_v2.0/1JTG.pdb,12.574550139770588,1JTG,1jtg_213,PDB/mutant_pdbs/1jtg/1jtg_213.pdb
B_H148A,SKEMPI_v2.0,1JTG,2.1e-08,A,B,PDB/SKEMPI_v2.0/1JTG.pdb,10.469119702765449,1JTG,1jtg_214,PDB/mutant_pdbs/1jtg/1jtg_214.pdb
B_W150A,SKEMPI_v2.0,1JTG,1.84e-07,A,B,PDB/SKEMPI_v2.0/1JTG.pdb,9.183829434263831,1JTG,1jtg_215,PDB/mutant_pdbs/1jtg/1jtg_215.pdb
B_R160A,SKEMPI_v2.0,1JTG,1.1e-08,A,B,PDB/SKEMPI_v2.0/1JTG.pdb,10.852043819021233,1JTG,1jtg_216,PDB/mutant_pdbs/1jtg/1jtg_216.pdb
B_W162A,SKEMPI_v2.0,1JTG,2e-08,A,B,PDB/SKEMPI_v2.0/1JTG.pdb,10.498012597326598,1JTG,1jtg_217,PDB/mutant_pdbs/1jtg/1jtg_217.pdb
"B_E73A, B_Y50A",SKEMPI_v2.0,1JTG,4e-11,A,B,PDB/SKEMPI_v2.0/1JTG.pdb,14.178221909659118,1JTG,1jtg_218,PDB/mutant_pdbs/1jtg/1jtg_218.pdb
A_Q74A,SKEMPI_v2.0,1JTG,6.22e-10,A,B,PDB/SKEMPI_v2.0/1JTG.pdb,12.468975397751214,1JTG,1jtg_219,PDB/mutant_pdbs/1jtg/1jtg_219.pdb
A_N75A,SKEMPI_v2.0,1JTG,1.9e-11,A,B,PDB/SKEMPI_v2.0/1JTG.pdb,14.520955221424032,1JTG,1jtg_220,PDB/mutant_pdbs/1jtg/1jtg_220.pdb
A_L77A,SKEMPI_v2.0,1JTG,1e-09,A,B,PDB/SKEMPI_v2.0/1JTG.pdb,12.189683188741093,1JTG,1jtg_221,PDB/mutant_pdbs/1jtg/1jtg_221.pdb
A_E79A,SKEMPI_v2.0,1JTG,2.52e-08,A,B,PDB/SKEMPI_v2.0/1JTG.pdb,10.291613342890264,1JTG,1jtg_222,PDB/mutant_pdbs/1jtg/1jtg_222.pdb
A_Y80A,SKEMPI_v2.0,1JTG,1.96e-10,A,B,PDB/SKEMPI_v2.0/1JTG.pdb,13.14825810750993,1JTG,1jtg_223,PDB/mutant_pdbs/1jtg/1jtg_223.pdb
A_P82A,SKEMPI_v2.0,1JTG,3.43e-10,A,B,PDB/SKEMPI_v2.0/1JTG.pdb,12.819085127921513,1JTG,1jtg_224,PDB/mutant_pdbs/1jtg/1jtg_224.pdb
A_E85A,SKEMPI_v2.0,1JTG,2.5e-11,A,B,PDB/SKEMPI_v2.0/1JTG.pdb,14.359528049146112,1JTG,1jtg_225,PDB/mutant_pdbs/1jtg/1jtg_225.pdb
A_K86A,SKEMPI_v2.0,1JTG,5.4e-11,A,B,PDB/SKEMPI_v2.0/1JTG.pdb,13.906540797166567,1JTG,1jtg_226,PDB/mutant_pdbs/1jtg/1jtg_226.pdb
A_M104A,SKEMPI_v2.0,1JTG,2.94e-09,A,B,PDB/SKEMPI_v2.0/1JTG.pdb,11.555349235405888,1JTG,1jtg_227,PDB/mutant_pdbs/1jtg/1jtg_227.pdb
A_V190A,SKEMPI_v2.0,1JTG,8.6e-11,A,B,PDB/SKEMPI_v2.0/1JTG.pdb,13.632808335013747,1JTG,1jtg_228,PDB/mutant_pdbs/1jtg/1jtg_228.pdb
A_M244A,SKEMPI_v2.0,1JTG,2.11e-10,A,B,PDB/SKEMPI_v2.0/1JTG.pdb,13.104881277073885,1JTG,1jtg_229,PDB/mutant_pdbs/1jtg/1jtg_229.pdb
B_F36A,SKEMPI_v2.0,1JTG,7.14e-08,A,B,PDB/SKEMPI_v2.0/1JTG.pdb,9.907912873567364,1JTG,1jtg_230,PDB/mutant_pdbs/1jtg/1jtg_230.pdb
B_H41A,SKEMPI_v2.0,1JTG,3.85e-08,A,B,PDB/SKEMPI_v2.0/1JTG.pdb,10.211954314575463,1JTG,1jtg_231,PDB/mutant_pdbs/1jtg/1jtg_231.pdb
B_D49A,SKEMPI_v2.0,1JTG,2.63e-08,A,B,PDB/SKEMPI_v2.0/1JTG.pdb,9.989009511626806,1JTG,1jtg_232,PDB/mutant_pdbs/1jtg/1jtg_232.pdb
B_Y53A,SKEMPI_v2.0,1JTG,2.5e-08,A,B,PDB/SKEMPI_v2.0/1JTG.pdb,10.539793908204125,1JTG,1jtg_233,PDB/mutant_pdbs/1jtg/1jtg_233.pdb
B_K74A,SKEMPI_v2.0,1JTG,9.09e-08,A,B,PDB/SKEMPI_v2.0/1JTG.pdb,9.762522996830672,1JTG,1jtg_234,PDB/mutant_pdbs/1jtg/1jtg_234.pdb
B_W112A,SKEMPI_v2.0,1JTG,3.57e-08,A,B,PDB/SKEMPI_v2.0/1JTG.pdb,10.325272657376662,1JTG,1jtg_235,PDB/mutant_pdbs/1jtg/1jtg_235.pdb
B_F142A,SKEMPI_v2.0,1JTG,2.63e-08,A,B,PDB/SKEMPI_v2.0/1JTG.pdb,10.509270423690701,1JTG,1jtg_236,PDB/mutant_pdbs/1jtg/1jtg_236.pdb
B_H148A,SKEMPI_v2.0,1JTG,6.94e-09,A,B,PDB/SKEMPI_v2.0/1JTG.pdb,11.31145897962139,1JTG,1jtg_237,PDB/mutant_pdbs/1jtg/1jtg_237.pdb
B_W150A,SKEMPI_v2.0,1JTG,5e-07,A,B,PDB/SKEMPI_v2.0/1JTG.pdb,8.303519936205252,1JTG,1jtg_238,PDB/mutant_pdbs/1jtg/1jtg_238.pdb
B_R160A,SKEMPI_v2.0,1JTG,4.76e-08,A,B,PDB/SKEMPI_v2.0/1JTG.pdb,9.649475830246233,1JTG,1jtg_239,PDB/mutant_pdbs/1jtg/1jtg_239.pdb
B_S39A,SKEMPI_v2.0,1JTG,2.01e-10,A,B,PDB/SKEMPI_v2.0/1JTG.pdb,13.000331691062419,1JTG,1jtg_240,PDB/mutant_pdbs/1jtg/1jtg_240.pdb
B_G48A,SKEMPI_v2.0,1JTG,1e-09,A,B,PDB/SKEMPI_v2.0/1JTG.pdb,12.477952723609969,1JTG,1jtg_241,PDB/mutant_pdbs/1jtg/1jtg_241.pdb
B_Y50A,SKEMPI_v2.0,1JTG,3.33e-12,A,B,PDB/SKEMPI_v2.0/1JTG.pdb,15.912933137433901,1JTG,1jtg_242,PDB/mutant_pdbs/1jtg/1jtg_242.pdb
B_Y51A,SKEMPI_v2.0,1JTG,7.63e-10,A,B,PDB/SKEMPI_v2.0/1JTG.pdb,12.640825308230328,1JTG,1jtg_243,PDB/mutant_pdbs/1jtg/1jtg_243.pdb
B_S71A,SKEMPI_v2.0,1JTG,3.01e-10,A,B,PDB/SKEMPI_v2.0/1JTG.pdb,13.200888569886224,1JTG,1jtg_244,PDB/mutant_pdbs/1jtg/1jtg_244.pdb
B_E73A,SKEMPI_v2.0,1JTG,5.86e-10,A,B,PDB/SKEMPI_v2.0/1JTG.pdb,12.799748565205906,1JTG,1jtg_245,PDB/mutant_pdbs/1jtg/1jtg_245.pdb
B_S113A,SKEMPI_v2.0,1JTG,4.78e-11,A,B,PDB/SKEMPI_v2.0/1JTG.pdb,13.600486947768383,1JTG,1jtg_246,PDB/mutant_pdbs/1jtg/1jtg_246.pdb
B_G141A,SKEMPI_v2.0,1JTG,2.61e-09,A,B,PDB/SKEMPI_v2.0/1JTG.pdb,11.90030599546464,1JTG,1jtg_247,PDB/mutant_pdbs/1jtg/1jtg_247.pdb
B_Y143A,SKEMPI_v2.0,1JTG,5e-10,A,B,PDB/SKEMPI_v2.0/1JTG.pdb,12.682518571653272,1JTG,1jtg_248,PDB/mutant_pdbs/1jtg/1jtg_248.pdb
B_R144A,SKEMPI_v2.0,1JTG,8.17e-10,A,B,PDB/SKEMPI_v2.0/1JTG.pdb,12.599651504583772,1JTG,1jtg_249,PDB/mutant_pdbs/1jtg/1jtg_249.pdb
B_Q11A,SKEMPI_v2.0,1K8R,6.22e-06,A,B,PDB/SKEMPI_v2.0/1K8R.pdb,7.384847674807406,1K8R,1k8r_1,PDB/mutant_pdbs/1k8r/1k8r_1.pdb
B_R13A,SKEMPI_v2.0,1K8R,3.38e-05,A,B,PDB/SKEMPI_v2.0/1K8R.pdb,6.3420936822698275,1K8R,1k8r_2,PDB/mutant_pdbs/1k8r/1k8r_2.pdb
B_K23A,SKEMPI_v2.0,1K8R,8.05e-07,A,B,PDB/SKEMPI_v2.0/1K8R.pdb,8.644440475529022,1K8R,1k8r_3,PDB/mutant_pdbs/1k8r/1k8r_3.pdb
B_K31A,SKEMPI_v2.0,1K8R,2.99e-05,A,B,PDB/SKEMPI_v2.0/1K8R.pdb,6.417620797809978,1K8R,1k8r_4,PDB/mutant_pdbs/1k8r/1k8r_4.pdb
B_R76A,SKEMPI_v2.0,1K8R,1e-06,A,B,PDB/SKEMPI_v2.0/1K8R.pdb,8.510814838985898,1K8R,1k8r_5,PDB/mutant_pdbs/1k8r/1k8r_5.pdb
B_R77A,SKEMPI_v2.0,1K8R,3.38e-06,A,B,PDB/SKEMPI_v2.0/1K8R.pdb,7.760562822100811,1K8R,1k8r_6,PDB/mutant_pdbs/1k8r/1k8r_6.pdb
A_E31K,SKEMPI_v2.0,1K8R,3.99e-07,A,B,PDB/SKEMPI_v2.0/1K8R.pdb,9.076822472410363,1K8R,1k8r_7,PDB/mutant_pdbs/1k8r/1k8r_7.pdb
"A_D30K, A_E31K",SKEMPI_v2.0,1K8R,5.97e-07,A,B,PDB/SKEMPI_v2.0/1K8R.pdb,8.828588336808881,1K8R,1k8r_8,PDB/mutant_pdbs/1k8r/1k8r_8.pdb
A_D33A,SKEMPI_v2.0,1K8R,3.99e-06,A,B,PDB/SKEMPI_v2.0/1K8R.pdb,7.658353332579381,1K8R,1k8r_9,PDB/mutant_pdbs/1k8r/1k8r_9.pdb
A_E37A,SKEMPI_v2.0,1K8R,5.01e-07,A,B,PDB/SKEMPI_v2.0/1K8R.pdb,8.936585761784697,1K8R,1k8r_10,PDB/mutant_pdbs/1k8r/1k8r_10.pdb
A_D38A,SKEMPI_v2.0,1K8R,5.38e-06,A,B,PDB/SKEMPI_v2.0/1K8R.pdb,7.474222733017666,1K8R,1k8r_11,PDB/mutant_pdbs/1k8r/1k8r_11.pdb
A_D38E,SKEMPI_v2.0,1K8R,9.9e-05,A,B,PDB/SKEMPI_v2.0/1K8R.pdb,5.680067901088675,1K8R,1k8r_12,PDB/mutant_pdbs/1k8r/1k8r_12.pdb
A_D38N,SKEMPI_v2.0,1K8R,7.34e-06,A,B,PDB/SKEMPI_v2.0/1K8R.pdb,7.282851693521678,1K8R,1k8r_13,PDB/mutant_pdbs/1k8r/1k8r_13.pdb
A_S39A,SKEMPI_v2.0,1K8R,1e-06,A,B,PDB/SKEMPI_v2.0/1K8R.pdb,8.510814838985898,1K8R,1k8r_14,PDB/mutant_pdbs/1k8r/1k8r_14.pdb
A_Y40C,SKEMPI_v2.0,1K8R,9.9e-05,A,B,PDB/SKEMPI_v2.0/1K8R.pdb,5.680067901088675,1K8R,1k8r_15,PDB/mutant_pdbs/1k8r/1k8r_15.pdb
A_Y40F,SKEMPI_v2.0,1K8R,3.71e-06,A,B,PDB/SKEMPI_v2.0/1K8R.pdb,7.703175519172039,1K8R,1k8r_16,PDB/mutant_pdbs/1k8r/1k8r_16.pdb
A_R41A,SKEMPI_v2.0,1K8R,2.19e-06,A,B,PDB/SKEMPI_v2.0/1K8R.pdb,8.027905368248115,1K8R,1k8r_17,PDB/mutant_pdbs/1k8r/1k8r_17.pdb
A_D57A,SKEMPI_v2.0,1K8R,2.19e-06,A,B,PDB/SKEMPI_v2.0/1K8R.pdb,8.027905368248115,1K8R,1k8r_18,PDB/mutant_pdbs/1k8r/1k8r_18.pdb
A_E62A,SKEMPI_v2.0,1K8R,5.97e-07,A,B,PDB/SKEMPI_v2.0/1K8R.pdb,8.828588336808881,1K8R,1k8r_19,PDB/mutant_pdbs/1k8r/1k8r_19.pdb
A_E63A,SKEMPI_v2.0,1K8R,5.97e-07,A,B,PDB/SKEMPI_v2.0/1K8R.pdb,8.828588336808881,1K8R,1k8r_20,PDB/mutant_pdbs/1k8r/1k8r_20.pdb
A_P15S,SKEMPI_v2.0,1KAC,7.6e-08,A,B,PDB/SKEMPI_v2.0/1KAC.pdb,9.707442495406646,1KAC,1kac_1,PDB/mutant_pdbs/1kac/1kac_1.pdb
A_S87Y,SKEMPI_v2.0,1KAC,3.5e-08,A,B,PDB/SKEMPI_v2.0/1KAC.pdb,10.166615475984205,1KAC,1kac_2,PDB/mutant_pdbs/1kac/1kac_2.pdb
B_A32Y,SKEMPI_v2.0,1KIP,3.7e-09,"A, B",C,PDB/SKEMPI_v2.0/1KIP.pdb,11.497268396812691,1KIP,1kip_1,PDB/mutant_pdbs/1kip/1kip_1.pdb
B_F101Y,SKEMPI_v2.0,1KIQ,3.7e-09,"A, B",C,PDB/SKEMPI_v2.0/1KIQ.pdb,11.497268396812691,1KIQ,1kiq_1,PDB/mutant_pdbs/1kiq/1kiq_1.pdb
A_S50Y,SKEMPI_v2.0,1KIR,3.7e-09,"A, B",C,PDB/SKEMPI_v2.0/1KIR.pdb,11.497268396812691,1KIR,1kir_1,PDB/mutant_pdbs/1kir/1kir_1.pdb
P_T2K,SKEMPI_v2.0,1KNE,1e-05,A,P,PDB/SKEMPI_v2.0/1KNE.pdb,6.8178032849940795,1KNE,1kne_1,PDB/mutant_pdbs/1kne/1kne_1.pdb
P_T2I,SKEMPI_v2.0,1KNE,2.7e-05,A,P,PDB/SKEMPI_v2.0/1KNE.pdb,6.229612627331968,1KNE,1kne_2,PDB/mutant_pdbs/1kne/1kne_2.pdb
P_T2F,SKEMPI_v2.0,1KNE,2e-05,A,P,PDB/SKEMPI_v2.0/1KNE.pdb,6.40733062633015,1KNE,1kne_3,PDB/mutant_pdbs/1kne/1kne_3.pdb
P_T2L,SKEMPI_v2.0,1KNE,2.4e-05,A,P,PDB/SKEMPI_v2.0/1KNE.pdb,6.2993621944474665,1KNE,1kne_4,PDB/mutant_pdbs/1kne/1kne_4.pdb
A_A3F,SKEMPI_v2.0,1KNE,1.4e-05,A,P,PDB/SKEMPI_v2.0/1KNE.pdb,6.618548844658714,1KNE,1kne_5,PDB/mutant_pdbs/1kne/1kne_5.pdb
"A_A3F, P_T2K",SKEMPI_v2.0,1KNE,1.6e-05,A,P,PDB/SKEMPI_v2.0/1KNE.pdb,6.53947330733718,1KNE,1kne_6,PDB/mutant_pdbs/1kne/1kne_6.pdb
"A_A3F, P_T2I",SKEMPI_v2.0,1KNE,4.6e-05,A,P,PDB/SKEMPI_v2.0/1KNE.pdb,5.914092780595242,1KNE,1kne_7,PDB/mutant_pdbs/1kne/1kne_7.pdb
"A_A3F, P_T2F",SKEMPI_v2.0,1KNE,6.6e-05,A,P,PDB/SKEMPI_v2.0/1KNE.pdb,5.700305417807214,1KNE,1kne_8,PDB/mutant_pdbs/1kne/1kne_8.pdb
"A_A3F, P_T2L",SKEMPI_v2.0,1KNE,3.3e-05,A,P,PDB/SKEMPI_v2.0/1KNE.pdb,6.110778076471143,1KNE,1kne_9,PDB/mutant_pdbs/1kne/1kne_9.pdb
A_A3K,SKEMPI_v2.0,1KNE,7.7e-05,A,P,PDB/SKEMPI_v2.0/1KNE.pdb,5.609019409354533,1KNE,1kne_10,PDB/mutant_pdbs/1kne/1kne_10.pdb
"A_A3K, P_T2K",SKEMPI_v2.0,1KNE,0.000253,A,P,PDB/SKEMPI_v2.0/1KNE.pdb,4.90456334529106,1KNE,1kne_11,PDB/mutant_pdbs/1kne/1kne_11.pdb
"A_A3K, P_T2I",SKEMPI_v2.0,1KNE,0.00018,A,P,PDB/SKEMPI_v2.0/1KNE.pdb,5.1061630832228655,1KNE,1kne_12,PDB/mutant_pdbs/1kne/1kne_12.pdb
"A_A3K, P_T2F",SKEMPI_v2.0,1KNE,0.000203,A,P,PDB/SKEMPI_v2.0/1KNE.pdb,5.0349531285137905,1KNE,1kne_13,PDB/mutant_pdbs/1kne/1kne_13.pdb
"A_A3K, P_T2L",SKEMPI_v2.0,1KNE,0.000376,A,P,PDB/SKEMPI_v2.0/1KNE.pdb,4.669939112267969,1KNE,1kne_14,PDB/mutant_pdbs/1kne/1kne_14.pdb
A_A3L,SKEMPI_v2.0,1KNE,1.7e-05,A,P,PDB/SKEMPI_v2.0/1KNE.pdb,6.503572202354852,1KNE,1kne_15,PDB/mutant_pdbs/1kne/1kne_15.pdb
"A_A3L, P_T2K",SKEMPI_v2.0,1KNE,1.3e-05,A,P,PDB/SKEMPI_v2.0/1KNE.pdb,6.662434612661921,1KNE,1kne_16,PDB/mutant_pdbs/1kne/1kne_16.pdb
"A_A3L, P_T2I",SKEMPI_v2.0,1KNE,1.9e-05,A,P,PDB/SKEMPI_v2.0/1KNE.pdb,6.437705841738055,1KNE,1kne_17,PDB/mutant_pdbs/1kne/1kne_17.pdb
"A_A3L, P_T2F",SKEMPI_v2.0,1KNE,2.6e-05,A,P,PDB/SKEMPI_v2.0/1KNE.pdb,6.251961953997993,1KNE,1kne_18,PDB/mutant_pdbs/1kne/1kne_18.pdb
"A_A3L, P_T2L",SKEMPI_v2.0,1KNE,2.6e-05,A,P,PDB/SKEMPI_v2.0/1KNE.pdb,6.251961953997993,1KNE,1kne_19,PDB/mutant_pdbs/1kne/1kne_19.pdb
A_A3T,SKEMPI_v2.0,1KNE,9e-06,A,P,PDB/SKEMPI_v2.0/1KNE.pdb,6.880196398885611,1KNE,1kne_20,PDB/mutant_pdbs/1kne/1kne_20.pdb
"A_A3T, P_T2K",SKEMPI_v2.0,1KNE,1e-05,A,P,PDB/SKEMPI_v2.0/1KNE.pdb,6.8178032849940795,1KNE,1kne_21,PDB/mutant_pdbs/1kne/1kne_21.pdb
"A_A3T, P_T2I",SKEMPI_v2.0,1KNE,4.7e-05,A,P,PDB/SKEMPI_v2.0/1KNE.pdb,5.901357088259756,1KNE,1kne_22,PDB/mutant_pdbs/1kne/1kne_22.pdb
"A_A3T, P_T2F",SKEMPI_v2.0,1KNE,6.4e-05,A,P,PDB/SKEMPI_v2.0/1KNE.pdb,5.718527990009322,1KNE,1kne_23,PDB/mutant_pdbs/1kne/1kne_23.pdb
"A_A3T, P_T2L",SKEMPI_v2.0,1KNE,4.4e-05,A,P,PDB/SKEMPI_v2.0/1KNE.pdb,5.940416530696927,1KNE,1kne_24,PDB/mutant_pdbs/1kne/1kne_24.pdb
A_D40F,SKEMPI_v2.0,1KNE,6e-06,A,P,PDB/SKEMPI_v2.0/1KNE.pdb,7.120307511775325,1KNE,1kne_25,PDB/mutant_pdbs/1kne/1kne_25.pdb
"A_D40F, P_T2K",SKEMPI_v2.0,1KNE,1.2e-05,A,P,PDB/SKEMPI_v2.0/1KNE.pdb,6.709834853111396,1KNE,1kne_26,PDB/mutant_pdbs/1kne/1kne_26.pdb
"A_D40F, P_T2I",SKEMPI_v2.0,1KNE,2.4e-05,A,P,PDB/SKEMPI_v2.0/1KNE.pdb,6.2993621944474665,1KNE,1kne_27,PDB/mutant_pdbs/1kne/1kne_27.pdb
"A_D40F, P_T2F",SKEMPI_v2.0,1KNE,1.3e-05,A,P,PDB/SKEMPI_v2.0/1KNE.pdb,6.662434612661921,1KNE,1kne_28,PDB/mutant_pdbs/1kne/1kne_28.pdb
"A_D40F, P_T2L",SKEMPI_v2.0,1KNE,2.8e-05,A,P,PDB/SKEMPI_v2.0/1KNE.pdb,6.208076185994786,1KNE,1kne_29,PDB/mutant_pdbs/1kne/1kne_29.pdb
A_D40I,SKEMPI_v2.0,1KNE,3.7e-05,A,P,PDB/SKEMPI_v2.0/1KNE.pdb,6.043025768817428,1KNE,1kne_30,PDB/mutant_pdbs/1kne/1kne_30.pdb
"A_D40I, P_T2K",SKEMPI_v2.0,1KNE,4.6e-05,A,P,PDB/SKEMPI_v2.0/1KNE.pdb,5.914092780595242,1KNE,1kne_31,PDB/mutant_pdbs/1kne/1kne_31.pdb
"A_D40I, P_T2I",SKEMPI_v2.0,1KNE,4.8e-05,A,P,PDB/SKEMPI_v2.0/1KNE.pdb,5.888889535783537,1KNE,1kne_32,PDB/mutant_pdbs/1kne/1kne_32.pdb
"A_D40I, P_T2F",SKEMPI_v2.0,1KNE,0.000108,A,P,PDB/SKEMPI_v2.0/1KNE.pdb,5.408667310004111,1KNE,1kne_33,PDB/mutant_pdbs/1kne/1kne_33.pdb
"A_D40I, P_T2L",SKEMPI_v2.0,1KNE,4.5e-05,A,P,PDB/SKEMPI_v2.0/1KNE.pdb,5.927108400550724,1KNE,1kne_34,PDB/mutant_pdbs/1kne/1kne_34.pdb
A_D40K,SKEMPI_v2.0,1KNE,9e-06,A,P,PDB/SKEMPI_v2.0/1KNE.pdb,6.880196398885611,1KNE,1kne_35,PDB/mutant_pdbs/1kne/1kne_35.pdb
"A_D40K, P_T2K",SKEMPI_v2.0,1KNE,3e-05,A,P,PDB/SKEMPI_v2.0/1KNE.pdb,6.167219513440438,1KNE,1kne_36,PDB/mutant_pdbs/1kne/1kne_36.pdb
"A_D40K, P_T2I",SKEMPI_v2.0,1KNE,1.7e-05,A,P,PDB/SKEMPI_v2.0/1KNE.pdb,6.503572202354852,1KNE,1kne_37,PDB/mutant_pdbs/1kne/1kne_37.pdb
"A_D40K, P_T2F",SKEMPI_v2.0,1KNE,1.6e-05,A,P,PDB/SKEMPI_v2.0/1KNE.pdb,6.53947330733718,1KNE,1kne_38,PDB/mutant_pdbs/1kne/1kne_38.pdb
"A_D40K, P_T2L",SKEMPI_v2.0,1KNE,1e-05,A,P,PDB/SKEMPI_v2.0/1KNE.pdb,6.8178032849940795,1KNE,1kne_39,PDB/mutant_pdbs/1kne/1kne_39.pdb
A_D40T,SKEMPI_v2.0,1KNE,3.9e-05,A,P,PDB/SKEMPI_v2.0/1KNE.pdb,6.01185084110828,1KNE,1kne_40,PDB/mutant_pdbs/1kne/1kne_40.pdb
"A_D40T, P_T2K",SKEMPI_v2.0,1KNE,5.8e-05,A,P,PDB/SKEMPI_v2.0/1KNE.pdb,5.7768229085201135,1KNE,1kne_41,PDB/mutant_pdbs/1kne/1kne_41.pdb
"A_D40T, P_T2I",SKEMPI_v2.0,1KNE,7.6e-05,A,P,PDB/SKEMPI_v2.0/1KNE.pdb,5.616760524410196,1KNE,1kne_42,PDB/mutant_pdbs/1kne/1kne_42.pdb
"A_D40T, P_T2F",SKEMPI_v2.0,1KNE,0.000138,A,P,PDB/SKEMPI_v2.0/1KNE.pdb,5.2635090090415995,1KNE,1kne_43,PDB/mutant_pdbs/1kne/1kne_43.pdb
"A_D40T, P_T2L",SKEMPI_v2.0,1KNE,2.6e-05,A,P,PDB/SKEMPI_v2.0/1KNE.pdb,6.251961953997993,1KNE,1kne_44,PDB/mutant_pdbs/1kne/1kne_44.pdb
A_K24A,SKEMPI_v2.0,1KNE,2e-06,A,P,PDB/SKEMPI_v2.0/1KNE.pdb,7.770891283328966,1KNE,1kne_45,PDB/mutant_pdbs/1kne/1kne_45.pdb
"A_A3K, A_K24A",SKEMPI_v2.0,1KNE,1.1e-05,A,P,PDB/SKEMPI_v2.0/1KNE.pdb,6.761361848024785,1KNE,1kne_46,PDB/mutant_pdbs/1kne/1kne_46.pdb
A_V62I,SKEMPI_v2.0,1KTZ,1.1e-07,A,B,PDB/SKEMPI_v2.0/1KTZ.pdb,9.488483162022417,1KTZ,1ktz_1,PDB/mutant_pdbs/1ktz/1ktz_1.pdb
A_R13K,SKEMPI_v2.0,1KTZ,5.1e-07,A,B,PDB/SKEMPI_v2.0/1KTZ.pdb,8.580109744798841,1KTZ,1ktz_2,PDB/mutant_pdbs/1ktz/1ktz_2.pdb
A_R64K,SKEMPI_v2.0,1KTZ,3e-06,A,B,PDB/SKEMPI_v2.0/1KTZ.pdb,7.530780170439253,1KTZ,1ktz_3,PDB/mutant_pdbs/1ktz/1ktz_3.pdb
A_R13A,SKEMPI_v2.0,1KTZ,8.9e-07,A,B,PDB/SKEMPI_v2.0/1KTZ.pdb,8.250373737782864,1KTZ,1ktz_4,PDB/mutant_pdbs/1ktz/1ktz_4.pdb
A_R64A,SKEMPI_v2.0,1KTZ,9.5e-06,A,B,PDB/SKEMPI_v2.0/1KTZ.pdb,6.848178500401983,1KTZ,1ktz_5,PDB/mutant_pdbs/1ktz/1ktz_5.pdb
B_L3A,SKEMPI_v2.0,1KTZ,1.48e-05,A,B,PDB/SKEMPI_v2.0/1KTZ.pdb,6.585641108488385,1KTZ,1ktz_6,PDB/mutant_pdbs/1ktz/1ktz_6.pdb
B_F6A,SKEMPI_v2.0,1KTZ,0.000104,A,B,PDB/SKEMPI_v2.0/1KTZ.pdb,5.431016636670135,1KTZ,1ktz_7,PDB/mutant_pdbs/1ktz/1ktz_7.pdb
B_D8A,SKEMPI_v2.0,1KTZ,8.87e-06,A,B,PDB/SKEMPI_v2.0/1KTZ.pdb,6.888812588150451,1KTZ,1ktz_8,PDB/mutant_pdbs/1ktz/1ktz_8.pdb
B_D8N,SKEMPI_v2.0,1KTZ,1.99e-05,A,B,PDB/SKEMPI_v2.0/1KTZ.pdb,6.410298987778743,1KTZ,1ktz_9,PDB/mutant_pdbs/1ktz/1ktz_9.pdb
B_S25A,SKEMPI_v2.0,1KTZ,1.18e-06,A,B,PDB/SKEMPI_v2.0/1KTZ.pdb,8.083348464884162,1KTZ,1ktz_10,PDB/mutant_pdbs/1ktz/1ktz_10.pdb
B_I26A,SKEMPI_v2.0,1KTZ,1.67e-05,A,B,PDB/SKEMPI_v2.0/1KTZ.pdb,6.514115867271623,1KTZ,1ktz_11,PDB/mutant_pdbs/1ktz/1ktz_11.pdb
B_T27A,SKEMPI_v2.0,1KTZ,8.75e-06,A,B,PDB/SKEMPI_v2.0/1KTZ.pdb,6.896878822315615,1KTZ,1ktz_12,PDB/mutant_pdbs/1ktz/1ktz_12.pdb
B_S28A,SKEMPI_v2.0,1KTZ,9.8e-07,A,B,PDB/SKEMPI_v2.0/1KTZ.pdb,8.193327719986096,1KTZ,1ktz_13,PDB/mutant_pdbs/1ktz/1ktz_13.pdb
B_S28L,SKEMPI_v2.0,1KTZ,0.00062,A,B,PDB/SKEMPI_v2.0/1KTZ.pdb,4.373768495262623,1KTZ,1ktz_14,PDB/mutant_pdbs/1ktz/1ktz_14.pdb
B_I29A,SKEMPI_v2.0,1KTZ,6.87e-06,A,B,PDB/SKEMPI_v2.0/1KTZ.pdb,7.040122663728389,1KTZ,1ktz_15,PDB/mutant_pdbs/1ktz/1ktz_15.pdb
B_E31A,SKEMPI_v2.0,1KTZ,5.3e-06,A,B,PDB/SKEMPI_v2.0/1KTZ.pdb,7.1937698613916545,1KTZ,1ktz_16,PDB/mutant_pdbs/1ktz/1ktz_16.pdb
B_V53A,SKEMPI_v2.0,1KTZ,1.37e-06,A,B,PDB/SKEMPI_v2.0/1KTZ.pdb,7.9949371556158555,1KTZ,1ktz_17,PDB/mutant_pdbs/1ktz/1ktz_17.pdb
B_D94A,SKEMPI_v2.0,1KTZ,2.69e-06,A,B,PDB/SKEMPI_v2.0/1KTZ.pdb,7.595370640726072,1KTZ,1ktz_18,PDB/mutant_pdbs/1ktz/1ktz_18.pdb
B_E95A,SKEMPI_v2.0,1KTZ,8.47e-06,A,B,PDB/SKEMPI_v2.0/1KTZ.pdb,6.916138629384054,1KTZ,1ktz_19,PDB/mutant_pdbs/1ktz/1ktz_19.pdb
B_E95Q,SKEMPI_v2.0,1KTZ,1.06e-05,A,B,PDB/SKEMPI_v2.0/1KTZ.pdb,6.783297202727726,1KTZ,1ktz_20,PDB/mutant_pdbs/1ktz/1ktz_20.pdb
B_N23A,SKEMPI_v2.0,1KTZ,1.1e-06,A,B,PDB/SKEMPI_v2.0/1KTZ.pdb,8.124922505023601,1KTZ,1ktz_21,PDB/mutant_pdbs/1ktz/1ktz_21.pdb
B_V38A,SKEMPI_v2.0,1KTZ,2.03e-06,A,B,PDB/SKEMPI_v2.0/1KTZ.pdb,7.762074442511421,1KTZ,1ktz_22,PDB/mutant_pdbs/1ktz/1ktz_22.pdb
B_E51A,SKEMPI_v2.0,1KTZ,4.21e-06,A,B,PDB/SKEMPI_v2.0/1KTZ.pdb,7.330117437242614,1KTZ,1ktz_23,PDB/mutant_pdbs/1ktz/1ktz_23.pdb
B_H55A,SKEMPI_v2.0,1KTZ,1.12e-06,A,B,PDB/SKEMPI_v2.0/1KTZ.pdb,8.11425218266456,1KTZ,1ktz_24,PDB/mutant_pdbs/1ktz/1ktz_24.pdb
B_F86A,SKEMPI_v2.0,1KTZ,3.28e-06,A,B,PDB/SKEMPI_v2.0/1KTZ.pdb,7.4779386647328945,1KTZ,1ktz_25,PDB/mutant_pdbs/1ktz/1ktz_25.pdb
B_M88A,SKEMPI_v2.0,1KTZ,2.96e-06,A,B,PDB/SKEMPI_v2.0/1KTZ.pdb,7.538729106823273,1KTZ,1ktz_26,PDB/mutant_pdbs/1ktz/1ktz_26.pdb
B_I101A,SKEMPI_v2.0,1KTZ,1.69e-06,A,B,PDB/SKEMPI_v2.0/1KTZ.pdb,7.87062659732858,1KTZ,1ktz_27,PDB/mutant_pdbs/1ktz/1ktz_27.pdb
A_R7A,SKEMPI_v2.0,1LFD,1.71e-05,A,B,PDB/SKEMPI_v2.0/1LFD.pdb,6.500098955629586,1LFD,1lfd_1,PDB/mutant_pdbs/1lfd/1lfd_1.pdb
A_S9K,SKEMPI_v2.0,1LFD,5.24e-06,A,B,PDB/SKEMPI_v2.0/1LFD.pdb,7.200512099713562,1LFD,1lfd_2,PDB/mutant_pdbs/1lfd/1lfd_2.pdb
A_L10K,SKEMPI_v2.0,1LFD,4.93e-07,A,B,PDB/SKEMPI_v2.0/1LFD.pdb,8.600185798542446,1LFD,1lfd_3,PDB/mutant_pdbs/1lfd/1lfd_3.pdb
A_N14K,SKEMPI_v2.0,1LFD,2.25e-06,A,B,PDB/SKEMPI_v2.0/1LFD.pdb,7.701141716213469,1LFD,1lfd_4,PDB/mutant_pdbs/1lfd/1lfd_4.pdb
A_M17K,SKEMPI_v2.0,1LFD,5.84e-07,A,B,PDB/SKEMPI_v2.0/1LFD.pdb,8.499874193650795,1LFD,1lfd_5,PDB/mutant_pdbs/1lfd/1lfd_5.pdb
A_K19A,SKEMPI_v2.0,1LFD,1.44e-05,A,B,PDB/SKEMPI_v2.0/1LFD.pdb,6.601866421228711,1LFD,1lfd_6,PDB/mutant_pdbs/1lfd/1lfd_6.pdb
A_K35A,SKEMPI_v2.0,1LFD,1.9e-06,A,B,PDB/SKEMPI_v2.0/1LFD.pdb,7.8012664987368705,1LFD,1lfd_7,PDB/mutant_pdbs/1lfd/1lfd_7.pdb
A_D38A,SKEMPI_v2.0,1LFD,4.17e-07,A,B,PDB/SKEMPI_v2.0/1LFD.pdb,8.69933147244304,1LFD,1lfd_8,PDB/mutant_pdbs/1lfd/1lfd_8.pdb
A_D38K,SKEMPI_v2.0,1LFD,2.51e-07,A,B,PDB/SKEMPI_v2.0/1LFD.pdb,8.999945236743866,1LFD,1lfd_9,PDB/mutant_pdbs/1lfd/1lfd_9.pdb
A_K39A,SKEMPI_v2.0,1LFD,2.4e-05,A,B,PDB/SKEMPI_v2.0/1LFD.pdb,6.2993621944474665,1LFD,1lfd_10,PDB/mutant_pdbs/1lfd/1lfd_10.pdb
A_N41K,SKEMPI_v2.0,1LFD,9.69e-07,A,B,PDB/SKEMPI_v2.0/1LFD.pdb,8.200012301542817,1LFD,1lfd_11,PDB/mutant_pdbs/1lfd/1lfd_11.pdb
A_L42K,SKEMPI_v2.0,1LFD,1.15e-06,A,B,PDB/SKEMPI_v2.0/1LFD.pdb,8.098598754921916,1LFD,1lfd_12,PDB/mutant_pdbs/1lfd/1lfd_12.pdb
A_D43A,SKEMPI_v2.0,1LFD,5.84e-07,A,B,PDB/SKEMPI_v2.0/1LFD.pdb,8.499874193650795,1LFD,1lfd_13,PDB/mutant_pdbs/1lfd/1lfd_13.pdb
A_E44A,SKEMPI_v2.0,1LFD,5.84e-07,A,B,PDB/SKEMPI_v2.0/1LFD.pdb,8.499874193650795,1LFD,1lfd_14,PDB/mutant_pdbs/1lfd/1lfd_14.pdb
A_E44K,SKEMPI_v2.0,1LFD,9.69e-07,A,B,PDB/SKEMPI_v2.0/1LFD.pdb,8.200012301542817,1LFD,1lfd_15,PDB/mutant_pdbs/1lfd/1lfd_15.pdb
A_D45K,SKEMPI_v2.0,1LFD,4.93e-07,A,B,PDB/SKEMPI_v2.0/1LFD.pdb,8.600185798542446,1LFD,1lfd_16,PDB/mutant_pdbs/1lfd/1lfd_16.pdb
A_N79K,SKEMPI_v2.0,1LFD,5.84e-07,A,B,PDB/SKEMPI_v2.0/1LFD.pdb,8.499874193650795,1LFD,1lfd_17,PDB/mutant_pdbs/1lfd/1lfd_17.pdb
A_Y80K,SKEMPI_v2.0,1LFD,1.61e-06,A,B,PDB/SKEMPI_v2.0/1LFD.pdb,7.899344314586551,1LFD,1lfd_18,PDB/mutant_pdbs/1lfd/1lfd_18.pdb
A_D81K,SKEMPI_v2.0,1LFD,2.51e-07,A,B,PDB/SKEMPI_v2.0/1LFD.pdb,8.999945236743866,1LFD,1lfd_19,PDB/mutant_pdbs/1lfd/1lfd_19.pdb
"A_D45K, A_M17K",SKEMPI_v2.0,1LFD,8.18e-07,A,B,PDB/SKEMPI_v2.0/1LFD.pdb,8.300330104559801,1LFD,1lfd_20,PDB/mutant_pdbs/1lfd/1lfd_20.pdb
"A_D81K, A_M17K",SKEMPI_v2.0,1LFD,5.84e-07,A,B,PDB/SKEMPI_v2.0/1LFD.pdb,8.499874193650795,1LFD,1lfd_21,PDB/mutant_pdbs/1lfd/1lfd_21.pdb
"A_D38K, A_D45K, A_M17K",SKEMPI_v2.0,1LFD,5.49e-08,A,B,PDB/SKEMPI_v2.0/1LFD.pdb,9.900033504094004,1LFD,1lfd_22,PDB/mutant_pdbs/1lfd/1lfd_22.pdb
"A_D38K, A_D45K, A_D81K, A_M17K",SKEMPI_v2.0,1LFD,2.51e-07,A,B,PDB/SKEMPI_v2.0/1LFD.pdb,8.999945236743866,1LFD,1lfd_23,PDB/mutant_pdbs/1lfd/1lfd_23.pdb
"A_D38K, A_D43K, A_E44K",SKEMPI_v2.0,1LFD,1.51e-07,A,B,PDB/SKEMPI_v2.0/1LFD.pdb,9.300878675152996,1LFD,1lfd_24,PDB/mutant_pdbs/1lfd/1lfd_24.pdb
"A_D45K, A_D81K",SKEMPI_v2.0,1LFD,3.52e-07,A,B,PDB/SKEMPI_v2.0/1LFD.pdb,8.79968052570159,1LFD,1lfd_25,PDB/mutant_pdbs/1lfd/1lfd_25.pdb
A_I5A,SKEMPI_v2.0,1LFD,3.74e-06,A,B,PDB/SKEMPI_v2.0/1LFD.pdb,7.400218763720445,1LFD,1lfd_26,PDB/mutant_pdbs/1lfd/1lfd_26.pdb
A_R7A,SKEMPI_v2.0,1LFD,2.84e-05,A,B,PDB/SKEMPI_v2.0/1LFD.pdb,6.199676231409928,1LFD,1lfd_27,PDB/mutant_pdbs/1lfd/1lfd_27.pdb
A_N14A,SKEMPI_v2.0,1LFD,3.74e-06,A,B,PDB/SKEMPI_v2.0/1LFD.pdb,7.400218763720445,1LFD,1lfd_28,PDB/mutant_pdbs/1lfd/1lfd_28.pdb
A_N16A,SKEMPI_v2.0,1LFD,1.15e-06,A,B,PDB/SKEMPI_v2.0/1LFD.pdb,8.098598754921916,1LFD,1lfd_29,PDB/mutant_pdbs/1lfd/1lfd_29.pdb
A_Y18F,SKEMPI_v2.0,1LFD,3.74e-06,A,B,PDB/SKEMPI_v2.0/1LFD.pdb,7.400218763720445,1LFD,1lfd_30,PDB/mutant_pdbs/1lfd/1lfd_30.pdb
A_K19A,SKEMPI_v2.0,1LFD,1.44e-05,A,B,PDB/SKEMPI_v2.0/1LFD.pdb,6.601866421228711,1LFD,1lfd_31,PDB/mutant_pdbs/1lfd/1lfd_31.pdb
A_S20A,SKEMPI_v2.0,1LFD,2.67e-06,A,B,PDB/SKEMPI_v2.0/1LFD.pdb,7.599789966229222,1LFD,1lfd_32,PDB/mutant_pdbs/1lfd/1lfd_32.pdb
A_K35A,SKEMPI_v2.0,1LFD,1.15e-06,A,B,PDB/SKEMPI_v2.0/1LFD.pdb,8.098598754921916,1LFD,1lfd_33,PDB/mutant_pdbs/1lfd/1lfd_33.pdb
A_D38A,SKEMPI_v2.0,1LFD,4.17e-07,A,B,PDB/SKEMPI_v2.0/1LFD.pdb,8.69933147244304,1LFD,1lfd_34,PDB/mutant_pdbs/1lfd/1lfd_34.pdb
A_K39A,SKEMPI_v2.0,1LFD,3.98e-05,A,B,PDB/SKEMPI_v2.0/1LFD.pdb,5.999826329114814,1LFD,1lfd_35,PDB/mutant_pdbs/1lfd/1lfd_35.pdb
A_H40A,SKEMPI_v2.0,1LFD,3.74e-06,A,B,PDB/SKEMPI_v2.0/1LFD.pdb,7.400218763720445,1LFD,1lfd_36,PDB/mutant_pdbs/1lfd/1lfd_36.pdb
A_E44A,SKEMPI_v2.0,1LFD,5.84e-07,A,B,PDB/SKEMPI_v2.0/1LFD.pdb,8.499874193650795,1LFD,1lfd_37,PDB/mutant_pdbs/1lfd/1lfd_37.pdb
B_Q25A,SKEMPI_v2.0,1LFD,3.16e-06,A,B,PDB/SKEMPI_v2.0/1LFD.pdb,7.500010295323923,1LFD,1lfd_38,PDB/mutant_pdbs/1lfd/1lfd_38.pdb
B_D33A,SKEMPI_v2.0,1LFD,4.43e-06,A,B,PDB/SKEMPI_v2.0/1LFD.pdb,7.299953252377684,1LFD,1lfd_39,PDB/mutant_pdbs/1lfd/1lfd_39.pdb
B_S39A,SKEMPI_v2.0,1LFD,2.51e-07,A,B,PDB/SKEMPI_v2.0/1LFD.pdb,8.999945236743866,1LFD,1lfd_40,PDB/mutant_pdbs/1lfd/1lfd_40.pdb
B_Y40F,SKEMPI_v2.0,1LFD,3.36e-05,A,B,PDB/SKEMPI_v2.0/1LFD.pdb,6.100107754112102,1LFD,1lfd_41,PDB/mutant_pdbs/1lfd/1lfd_41.pdb
B_R41A,SKEMPI_v2.0,1LFD,3.16e-06,A,B,PDB/SKEMPI_v2.0/1LFD.pdb,7.500010295323923,1LFD,1lfd_42,PDB/mutant_pdbs/1lfd/1lfd_42.pdb
A_Y18A,SKEMPI_v2.0,1LFD,0.000415,A,B,PDB/SKEMPI_v2.0/1LFD.pdb,4.797194407206553,1LFD,1lfd_43,PDB/mutant_pdbs/1lfd/1lfd_43.pdb
B_V29A,SKEMPI_v2.0,1LFD,2.71e-06,A,B,PDB/SKEMPI_v2.0/1LFD.pdb,7.896661261386048,1LFD,1lfd_44,PDB/mutant_pdbs/1lfd/1lfd_44.pdb
B_E37A,SKEMPI_v2.0,1LFD,8.44e-06,A,B,PDB/SKEMPI_v2.0/1LFD.pdb,7.196826665531876,1LFD,1lfd_45,PDB/mutant_pdbs/1lfd/1lfd_45.pdb
B_D38A,SKEMPI_v2.0,1LFD,0.000675,A,B,PDB/SKEMPI_v2.0/1LFD.pdb,4.497534750017719,1LFD,1lfd_46,PDB/mutant_pdbs/1lfd/1lfd_46.pdb
B_Y40A,SKEMPI_v2.0,1LFD,0.000488,A,B,PDB/SKEMPI_v2.0/1LFD.pdb,4.697374286565148,1LFD,1lfd_47,PDB/mutant_pdbs/1lfd/1lfd_47.pdb
B_E62A,SKEMPI_v2.0,1LFD,1.67e-06,A,B,PDB/SKEMPI_v2.0/1LFD.pdb,8.194898397730993,1LFD,1lfd_48,PDB/mutant_pdbs/1lfd/1lfd_48.pdb
B_E63A,SKEMPI_v2.0,1LFD,1.96e-06,A,B,PDB/SKEMPI_v2.0/1LFD.pdb,8.096258620838494,1LFD,1lfd_49,PDB/mutant_pdbs/1lfd/1lfd_49.pdb
"A_N16A, B_Q25A",SKEMPI_v2.0,1LFD,1.15e-06,A,B,PDB/SKEMPI_v2.0/1LFD.pdb,8.098598754921916,1LFD,1lfd_50,PDB/mutant_pdbs/1lfd/1lfd_50.pdb
"A_K19A, B_Q25A",SKEMPI_v2.0,1LFD,4.71e-05,A,B,PDB/SKEMPI_v2.0/1LFD.pdb,5.9000984546954625,1LFD,1lfd_51,PDB/mutant_pdbs/1lfd/1lfd_51.pdb
"A_D38A, B_D33A",SKEMPI_v2.0,1LFD,9.69e-07,A,B,PDB/SKEMPI_v2.0/1LFD.pdb,8.200012301542817,1LFD,1lfd_52,PDB/mutant_pdbs/1lfd/1lfd_52.pdb
"A_H40A, B_D33A",SKEMPI_v2.0,1LFD,2.84e-05,A,B,PDB/SKEMPI_v2.0/1LFD.pdb,6.199676231409928,1LFD,1lfd_53,PDB/mutant_pdbs/1lfd/1lfd_53.pdb
"A_N16A, B_S39A",SKEMPI_v2.0,1LFD,6.91e-07,A,B,PDB/SKEMPI_v2.0/1LFD.pdb,8.400245361178067,1LFD,1lfd_54,PDB/mutant_pdbs/1lfd/1lfd_54.pdb
"A_Y18F, B_S39A",SKEMPI_v2.0,1LFD,2.67e-06,A,B,PDB/SKEMPI_v2.0/1LFD.pdb,7.599789966229222,1LFD,1lfd_55,PDB/mutant_pdbs/1lfd/1lfd_55.pdb
"A_K35A, B_S39A",SKEMPI_v2.0,1LFD,5.84e-07,A,B,PDB/SKEMPI_v2.0/1LFD.pdb,8.499874193650795,1LFD,1lfd_56,PDB/mutant_pdbs/1lfd/1lfd_56.pdb
"A_H40A, B_S39A",SKEMPI_v2.0,1LFD,1.61e-06,A,B,PDB/SKEMPI_v2.0/1LFD.pdb,7.899344314586551,1LFD,1lfd_57,PDB/mutant_pdbs/1lfd/1lfd_57.pdb
"A_N16A, B_Y40F",SKEMPI_v2.0,1LFD,3.36e-05,A,B,PDB/SKEMPI_v2.0/1LFD.pdb,6.100107754112102,1LFD,1lfd_58,PDB/mutant_pdbs/1lfd/1lfd_58.pdb
"A_Y18F, B_Y40F",SKEMPI_v2.0,1LFD,5.58e-05,A,B,PDB/SKEMPI_v2.0/1LFD.pdb,5.799722266152971,1LFD,1lfd_59,PDB/mutant_pdbs/1lfd/1lfd_59.pdb
"A_S20A, B_Y40F",SKEMPI_v2.0,1LFD,1.44e-05,A,B,PDB/SKEMPI_v2.0/1LFD.pdb,6.601866421228711,1LFD,1lfd_60,PDB/mutant_pdbs/1lfd/1lfd_60.pdb
"A_N14A, B_R41A",SKEMPI_v2.0,1LFD,1.03e-05,A,B,PDB/SKEMPI_v2.0/1LFD.pdb,6.800298950441054,1LFD,1lfd_61,PDB/mutant_pdbs/1lfd/1lfd_61.pdb
"A_N16A, B_R41A",SKEMPI_v2.0,1LFD,7.35e-06,A,B,PDB/SKEMPI_v2.0/1LFD.pdb,7.000128608761494,1LFD,1lfd_62,PDB/mutant_pdbs/1lfd/1lfd_62.pdb
"A_Y18F, B_R41A",SKEMPI_v2.0,1LFD,1.44e-05,A,B,PDB/SKEMPI_v2.0/1LFD.pdb,6.601866421228711,1LFD,1lfd_63,PDB/mutant_pdbs/1lfd/1lfd_63.pdb
"A_H40A, B_V29A",SKEMPI_v2.0,1LFD,3.09e-05,A,B,PDB/SKEMPI_v2.0/1LFD.pdb,6.397354716292273,1LFD,1lfd_64,PDB/mutant_pdbs/1lfd/1lfd_64.pdb
"A_R7A, B_E37A",SKEMPI_v2.0,1LFD,3.64e-05,A,B,PDB/SKEMPI_v2.0/1LFD.pdb,6.296440702132264,1LFD,1lfd_65,PDB/mutant_pdbs/1lfd/1lfd_65.pdb
"A_N14A, B_E37A",SKEMPI_v2.0,1LFD,3.09e-05,A,B,PDB/SKEMPI_v2.0/1LFD.pdb,6.397354716292273,1LFD,1lfd_66,PDB/mutant_pdbs/1lfd/1lfd_66.pdb
"A_Y18F, B_E37A",SKEMPI_v2.0,1LFD,9.93e-06,A,B,PDB/SKEMPI_v2.0/1LFD.pdb,7.0966730960175095,1LFD,1lfd_67,PDB/mutant_pdbs/1lfd/1lfd_67.pdb
"A_Y18A, B_E37A",SKEMPI_v2.0,1LFD,0.000415,A,B,PDB/SKEMPI_v2.0/1LFD.pdb,4.797194407206553,1LFD,1lfd_68,PDB/mutant_pdbs/1lfd/1lfd_68.pdb
"A_S20A, B_E37A",SKEMPI_v2.0,1LFD,5.03e-05,A,B,PDB/SKEMPI_v2.0/1LFD.pdb,6.097193162859677,1LFD,1lfd_69,PDB/mutant_pdbs/1lfd/1lfd_69.pdb
"A_Y18A, B_D38A",SKEMPI_v2.0,1LFD,0.00342,A,B,PDB/SKEMPI_v2.0/1LFD.pdb,3.4979078681882134,1LFD,1lfd_70,PDB/mutant_pdbs/1lfd/1lfd_70.pdb
"A_S20A, B_D38A",SKEMPI_v2.0,1LFD,0.000255,A,B,PDB/SKEMPI_v2.0/1LFD.pdb,5.097211859277047,1LFD,1lfd_71,PDB/mutant_pdbs/1lfd/1lfd_71.pdb
"A_K39A, B_D38A",SKEMPI_v2.0,1LFD,0.024,A,B,PDB/SKEMPI_v2.0/1LFD.pdb,2.297620366677234,1LFD,1lfd_72,PDB/mutant_pdbs/1lfd/1lfd_72.pdb
"A_Y18A, B_S39A",SKEMPI_v2.0,1LFD,0.000933,A,B,PDB/SKEMPI_v2.0/1LFD.pdb,4.298129378380974,1LFD,1lfd_73,PDB/mutant_pdbs/1lfd/1lfd_73.pdb
"A_K35A, B_E63A",SKEMPI_v2.0,1LFD,1.96e-06,A,B,PDB/SKEMPI_v2.0/1LFD.pdb,8.096258620838494,1LFD,1lfd_74,PDB/mutant_pdbs/1lfd/1lfd_74.pdb
B_D38A,SKEMPI_v2.0,1LFD,0.0001,A,B,PDB/SKEMPI_v2.0/1LFD.pdb,5.454242627995263,1LFD,1lfd_75,PDB/mutant_pdbs/1lfd/1lfd_75.pdb
B_Y32W,SKEMPI_v2.0,1LFD,7e-07,A,B,PDB/SKEMPI_v2.0/1LFD.pdb,8.39258216032146,1LFD,1lfd_76,PDB/mutant_pdbs/1lfd/1lfd_76.pdb
A_T163A,SKEMPI_v2.0,1LP9,4.7e-06,"A, B, C","E, F",PDB/SKEMPI_v2.0/1LP9.pdb,7.264917745258572,1LP9,1lp9_1,PDB/mutant_pdbs/1lp9/1lp9_1.pdb
A_W167A,SKEMPI_v2.0,1LP9,1.54e-05,"A, B, C","E, F",PDB/SKEMPI_v2.0/1LP9.pdb,6.562107407689421,1LP9,1lp9_2,PDB/mutant_pdbs/1lp9/1lp9_2.pdb
A_K66A,SKEMPI_v2.0,1LP9,3.18e-05,"A, B, C","E, F",PDB/SKEMPI_v2.0/1LP9.pdb,6.132713431174084,1LP9,1lp9_3,PDB/mutant_pdbs/1lp9/1lp9_3.pdb
D_A76H,SKEMPI_v2.0,1M9E,1.2e-05,A,D,PDB/SKEMPI_v2.0/1M9E.pdb,6.709834853111396,1M9E,1m9e_1,PDB/mutant_pdbs/1m9e/1m9e_1.pdb
A_F285L,SKEMPI_v2.0,1MAH,1.6e-11,A,F,PDB/SKEMPI_v2.0/1MAH.pdb,15.955806817226891,1MAH,1mah_1,PDB/mutant_pdbs/1mah/1mah_1.pdb
A_F287I,SKEMPI_v2.0,1MAH,5.7e-11,A,F,PDB/SKEMPI_v2.0/1MAH.pdb,15.140338865547886,1MAH,1mah_2,PDB/mutant_pdbs/1mah/1mah_2.pdb
A_F287Y,SKEMPI_v2.0,1MAH,7.9e-12,A,F,PDB/SKEMPI_v2.0/1MAH.pdb,16.408789006508766,1MAH,1mah_3,PDB/mutant_pdbs/1mah/1mah_3.pdb
A_F328G,SKEMPI_v2.0,1MAH,7.9e-12,A,F,PDB/SKEMPI_v2.0/1MAH.pdb,16.408789006508766,1MAH,1mah_4,PDB/mutant_pdbs/1mah/1mah_4.pdb
A_Y327A,SKEMPI_v2.0,1MAH,4.2e-12,A,F,PDB/SKEMPI_v2.0/1MAH.pdb,16.814306590896848,1MAH,1mah_5,PDB/mutant_pdbs/1mah/1mah_5.pdb
A_D71N,SKEMPI_v2.0,1MAH,4.3e-11,A,F,PDB/SKEMPI_v2.0/1MAH.pdb,15.32124981212536,1MAH,1mah_6,PDB/mutant_pdbs/1mah/1mah_6.pdb
A_Y121Q,SKEMPI_v2.0,1MAH,2.48e-10,A,F,PDB/SKEMPI_v2.0/1MAH.pdb,14.196552120628361,1MAH,1mah_7,PDB/mutant_pdbs/1mah/1mah_7.pdb
A_Y69N,SKEMPI_v2.0,1MAH,7.8e-09,A,F,PDB/SKEMPI_v2.0/1MAH.pdb,11.983105777758373,1MAH,1mah_8,PDB/mutant_pdbs/1mah/1mah_8.pdb
A_W276R,SKEMPI_v2.0,1MAH,2.1e-06,A,F,PDB/SKEMPI_v2.0/1MAH.pdb,8.391494897892633,1MAH,1mah_9,PDB/mutant_pdbs/1mah/1mah_9.pdb
"A_Y121Q, A_Y69N",SKEMPI_v2.0,1MAH,7.2e-08,A,F,PDB/SKEMPI_v2.0/1MAH.pdb,10.556529218881064,1MAH,1mah_10,PDB/mutant_pdbs/1mah/1mah_10.pdb
"A_W276R, A_Y121Q",SKEMPI_v2.0,1MAH,8.5e-06,A,F,PDB/SKEMPI_v2.0/1MAH.pdb,7.494082181574047,1MAH,1mah_11,PDB/mutant_pdbs/1mah/1mah_11.pdb
"A_W276R, A_Y69N",SKEMPI_v2.0,1MAH,0.00017,A,F,PDB/SKEMPI_v2.0/1MAH.pdb,5.5712205676174475,1MAH,1mah_12,PDB/mutant_pdbs/1mah/1mah_12.pdb
"A_W276R, A_Y121Q, A_Y69N",SKEMPI_v2.0,1MAH,0.000235,A,F,PDB/SKEMPI_v2.0/1MAH.pdb,5.363392335723934,1MAH,1mah_13,PDB/mutant_pdbs/1mah/1mah_13.pdb
L_S27Q,SKEMPI_v2.0,1MHP,4.3e-09,"H, L",A,PDB/SKEMPI_v2.0/1MHP.pdb,11.408273249511218,1MHP,1mhp_1,PDB/mutant_pdbs/1mhp/1mhp_1.pdb
"H_T50V, L_N51Y, L_S27Q",SKEMPI_v2.0,1MHP,1.9e-09,"H, L",A,PDB/SKEMPI_v2.0/1MHP.pdb,11.891948469733318,1MHP,1mhp_2,PDB/mutant_pdbs/1mhp/1mhp_2.pdb
L_L48K,SKEMPI_v2.0,1MHP,4.05e-08,"H, L",A,PDB/SKEMPI_v2.0/1MHP.pdb,10.080183485438702,1MHP,1mhp_3,PDB/mutant_pdbs/1mhp/1mhp_3.pdb
H_T50V,SKEMPI_v2.0,1MHP,5.45e-09,"H, L",A,PDB/SKEMPI_v2.0/1MHP.pdb,11.267924614533374,1MHP,1mhp_4,PDB/mutant_pdbs/1mhp/1mhp_4.pdb
H_L60D,SKEMPI_v2.0,1MHP,6.91e-09,"H, L",A,PDB/SKEMPI_v2.0/1MHP.pdb,11.127366675175697,1MHP,1mhp_5,PDB/mutant_pdbs/1mhp/1mhp_5.pdb
H_K64E,SKEMPI_v2.0,1MHP,6.54e-09,"H, L",A,PDB/SKEMPI_v2.0/1MHP.pdb,11.15995618265069,1MHP,1mhp_6,PDB/mutant_pdbs/1mhp/1mhp_6.pdb
H_K64Q,SKEMPI_v2.0,1MHP,6.54e-09,"H, L",A,PDB/SKEMPI_v2.0/1MHP.pdb,11.15995618265069,1MHP,1mhp_7,PDB/mutant_pdbs/1mhp/1mhp_7.pdb
H_K64D,SKEMPI_v2.0,1MHP,6.91e-09,"H, L",A,PDB/SKEMPI_v2.0/1MHP.pdb,11.127366675175697,1MHP,1mhp_8,PDB/mutant_pdbs/1mhp/1mhp_8.pdb
H_K64N,SKEMPI_v2.0,1MHP,7.52e-09,"H, L",A,PDB/SKEMPI_v2.0/1MHP.pdb,11.07726973859812,1MHP,1mhp_9,PDB/mutant_pdbs/1mhp/1mhp_9.pdb
L_N51Y,SKEMPI_v2.0,1MHP,7.14e-09,"H, L",A,PDB/SKEMPI_v2.0/1MHP.pdb,11.107976618461109,1MHP,1mhp_10,PDB/mutant_pdbs/1mhp/1mhp_10.pdb
H_G100M,SKEMPI_v2.0,1MHP,1.01e-08,"H, L",A,PDB/SKEMPI_v2.0/1MHP.pdb,10.90259280071633,1MHP,1mhp_11,PDB/mutant_pdbs/1mhp/1mhp_11.pdb
L_S23R,SKEMPI_v2.0,1MHP,7.59e-09,"H, L",A,PDB/SKEMPI_v2.0/1MHP.pdb,11.071782858731497,1MHP,1mhp_12,PDB/mutant_pdbs/1mhp/1mhp_12.pdb
L_N51E,SKEMPI_v2.0,1MHP,6.3e-09,"H, L",A,PDB/SKEMPI_v2.0/1MHP.pdb,11.182096588210623,1MHP,1mhp_13,PDB/mutant_pdbs/1mhp/1mhp_13.pdb
H_F99W,SKEMPI_v2.0,1MHP,8.5e-09,"H, L",A,PDB/SKEMPI_v2.0/1MHP.pdb,11.004726832015228,1MHP,1mhp_14,PDB/mutant_pdbs/1mhp/1mhp_14.pdb
H_G100F,SKEMPI_v2.0,1MHP,2.24e-08,"H, L",A,PDB/SKEMPI_v2.0/1MHP.pdb,10.430900837998262,1MHP,1mhp_15,PDB/mutant_pdbs/1mhp/1mhp_15.pdb
H_G54Y,SKEMPI_v2.0,1MHP,8.5e-09,"H, L",A,PDB/SKEMPI_v2.0/1MHP.pdb,11.004726832015228,1MHP,1mhp_16,PDB/mutant_pdbs/1mhp/1mhp_16.pdb
"H_K64E, H_T50V",SKEMPI_v2.0,1MHP,4.62e-09,"H, L",A,PDB/SKEMPI_v2.0/1MHP.pdb,11.365766264131043,1MHP,1mhp_17,PDB/mutant_pdbs/1mhp/1mhp_17.pdb
"H_K64Q, H_L60D",SKEMPI_v2.0,1MHP,9.14e-09,"H, L",A,PDB/SKEMPI_v2.0/1MHP.pdb,10.961737486994007,1MHP,1mhp_18,PDB/mutant_pdbs/1mhp/1mhp_18.pdb
"H_K64E, H_L60D",SKEMPI_v2.0,1MHP,6.69e-09,"H, L",A,PDB/SKEMPI_v2.0/1MHP.pdb,11.146527333541867,1MHP,1mhp_19,PDB/mutant_pdbs/1mhp/1mhp_19.pdb
"H_K64E, L_N51Y, L_S27Q",SKEMPI_v2.0,1MHP,1.7e-09,"H, L",A,PDB/SKEMPI_v2.0/1MHP.pdb,11.957814830350117,1MHP,1mhp_20,PDB/mutant_pdbs/1mhp/1mhp_20.pdb
"H_K64E, H_T50V, L_N51E, L_S27Q",SKEMPI_v2.0,1MHP,1e-09,"H, L",A,PDB/SKEMPI_v2.0/1MHP.pdb,12.272045912989343,1MHP,1mhp_21,PDB/mutant_pdbs/1mhp/1mhp_21.pdb
"H_K64E, H_T50V, L_N51Y, L_S27Q",SKEMPI_v2.0,1MHP,1.46e-09,"H, L",A,PDB/SKEMPI_v2.0/1MHP.pdb,12.047940824976285,1MHP,1mhp_22,PDB/mutant_pdbs/1mhp/1mhp_22.pdb
L_N29V,SKEMPI_v2.0,1MHP,5e-08,"H, L",A,PDB/SKEMPI_v2.0/1MHP.pdb,9.95539725765564,1MHP,1mhp_23,PDB/mutant_pdbs/1mhp/1mhp_23.pdb
L_H30R,SKEMPI_v2.0,1MHP,5.67e-08,"H, L",A,PDB/SKEMPI_v2.0/1MHP.pdb,9.880929045103338,1MHP,1mhp_24,PDB/mutant_pdbs/1mhp/1mhp_24.pdb
L_H30K,SKEMPI_v2.0,1MHP,6.07e-08,"H, L",A,PDB/SKEMPI_v2.0/1MHP.pdb,9.840559969833906,1MHP,1mhp_25,PDB/mutant_pdbs/1mhp/1mhp_25.pdb
L_N51R,SKEMPI_v2.0,1MHP,3.54e-08,"H, L",A,PDB/SKEMPI_v2.0/1MHP.pdb,10.159886007328153,1MHP,1mhp_26,PDB/mutant_pdbs/1mhp/1mhp_26.pdb
L_N51K,SKEMPI_v2.0,1MHP,2.58e-08,"H, L",A,PDB/SKEMPI_v2.0/1MHP.pdb,10.347216819293646,1MHP,1mhp_27,PDB/mutant_pdbs/1mhp/1mhp_27.pdb
H_R31Q,SKEMPI_v2.0,1MHP,7.73e-08,"H, L",A,PDB/SKEMPI_v2.0/1MHP.pdb,9.69739864173038,1MHP,1mhp_28,PDB/mutant_pdbs/1mhp/1mhp_28.pdb
H_S35Q,SKEMPI_v2.0,1MHP,8.5e-07,"H, L",A,PDB/SKEMPI_v2.0/1MHP.pdb,8.277605518017596,1MHP,1mhp_29,PDB/mutant_pdbs/1mhp/1mhp_29.pdb
H_Y59E,SKEMPI_v2.0,1MHP,2.13e-08,"H, L",A,PDB/SKEMPI_v2.0/1MHP.pdb,10.460719748180592,1MHP,1mhp_30,PDB/mutant_pdbs/1mhp/1mhp_30.pdb
L_N29Y,SKEMPI_v2.0,1MHP,2.13e-07,"H, L",A,PDB/SKEMPI_v2.0/1MHP.pdb,9.097159091181776,1MHP,1mhp_31,PDB/mutant_pdbs/1mhp/1mhp_31.pdb
L_N29W,SKEMPI_v2.0,1MHP,1.21e-07,"H, L",A,PDB/SKEMPI_v2.0/1MHP.pdb,9.432041725053121,1MHP,1mhp_32,PDB/mutant_pdbs/1mhp/1mhp_32.pdb
L_S90T,SKEMPI_v2.0,1MHP,4.25e-07,"H, L",A,PDB/SKEMPI_v2.0/1MHP.pdb,8.688078176681525,1MHP,1mhp_33,PDB/mutant_pdbs/1mhp/1mhp_33.pdb
L_S90R,SKEMPI_v2.0,1MHP,8.5e-07,"H, L",A,PDB/SKEMPI_v2.0/1MHP.pdb,8.277605518017596,1MHP,1mhp_34,PDB/mutant_pdbs/1mhp/1mhp_34.pdb
L_G91Q,SKEMPI_v2.0,1MHP,1.21e-07,"H, L",A,PDB/SKEMPI_v2.0/1MHP.pdb,9.432041725053121,1MHP,1mhp_35,PDB/mutant_pdbs/1mhp/1mhp_35.pdb
L_G91S,SKEMPI_v2.0,1MHP,2.02e-08,"H, L",A,PDB/SKEMPI_v2.0/1MHP.pdb,10.4921201420524,1MHP,1mhp_36,PDB/mutant_pdbs/1mhp/1mhp_36.pdb
"L_N29E, L_S90R",SKEMPI_v2.0,1MHP,8.5e-07,"H, L",A,PDB/SKEMPI_v2.0/1MHP.pdb,8.277605518017596,1MHP,1mhp_37,PDB/mutant_pdbs/1mhp/1mhp_37.pdb
H_S52M,SKEMPI_v2.0,1MHP,2.83e-07,"H, L",A,PDB/SKEMPI_v2.0/1MHP.pdb,8.928886390145056,1MHP,1mhp_38,PDB/mutant_pdbs/1mhp/1mhp_38.pdb
H_G53S,SKEMPI_v2.0,1MHP,2.66e-08,"H, L",A,PDB/SKEMPI_v2.0/1MHP.pdb,10.329133372399136,1MHP,1mhp_39,PDB/mutant_pdbs/1mhp/1mhp_39.pdb
H_G53A,SKEMPI_v2.0,1MHP,2.02e-08,"H, L",A,PDB/SKEMPI_v2.0/1MHP.pdb,10.4921201420524,1MHP,1mhp_40,PDB/mutant_pdbs/1mhp/1mhp_40.pdb
H_G54I,SKEMPI_v2.0,1MHP,8.5e-08,"H, L",A,PDB/SKEMPI_v2.0/1MHP.pdb,9.641166175016414,1MHP,1mhp_41,PDB/mutant_pdbs/1mhp/1mhp_41.pdb
H_G54T,SKEMPI_v2.0,1MHP,6.07e-08,"H, L",A,PDB/SKEMPI_v2.0/1MHP.pdb,9.840559969833906,1MHP,1mhp_42,PDB/mutant_pdbs/1mhp/1mhp_42.pdb
H_Y58Q,SKEMPI_v2.0,1MHP,2.83e-07,"H, L",A,PDB/SKEMPI_v2.0/1MHP.pdb,8.928886390145056,1MHP,1mhp_43,PDB/mutant_pdbs/1mhp/1mhp_43.pdb
H_Y58E,SKEMPI_v2.0,1MHP,2.83e-07,"H, L",A,PDB/SKEMPI_v2.0/1MHP.pdb,8.928886390145056,1MHP,1mhp_44,PDB/mutant_pdbs/1mhp/1mhp_44.pdb
H_Y58W,SKEMPI_v2.0,1MHP,3.4e-08,"H, L",A,PDB/SKEMPI_v2.0/1MHP.pdb,10.18378151468737,1MHP,1mhp_45,PDB/mutant_pdbs/1mhp/1mhp_45.pdb
L_L48F,SKEMPI_v2.0,1MHP,2.83e-08,"H, L",A,PDB/SKEMPI_v2.0/1MHP.pdb,10.292447047143872,1MHP,1mhp_46,PDB/mutant_pdbs/1mhp/1mhp_46.pdb
L_L48W,SKEMPI_v2.0,1MHP,2.13e-07,"H, L",A,PDB/SKEMPI_v2.0/1MHP.pdb,9.097159091181776,1MHP,1mhp_47,PDB/mutant_pdbs/1mhp/1mhp_47.pdb
L_N51D,SKEMPI_v2.0,1MHP,1.98e-08,"H, L",A,PDB/SKEMPI_v2.0/1MHP.pdb,10.503964274248837,1MHP,1mhp_48,PDB/mutant_pdbs/1mhp/1mhp_48.pdb
L_W89Q,SKEMPI_v2.0,1MHP,2.83e-07,"H, L",A,PDB/SKEMPI_v2.0/1MHP.pdb,8.928886390145056,1MHP,1mhp_49,PDB/mutant_pdbs/1mhp/1mhp_49.pdb
L_S90Q,SKEMPI_v2.0,1MHP,1.7e-07,"H, L",A,PDB/SKEMPI_v2.0/1MHP.pdb,9.230693516352485,1MHP,1mhp_50,PDB/mutant_pdbs/1mhp/1mhp_50.pdb
"L_F32Y, L_W89Q",SKEMPI_v2.0,1MHP,3.7e-08,"H, L",A,PDB/SKEMPI_v2.0/1MHP.pdb,10.133707739813877,1MHP,1mhp_51,PDB/mutant_pdbs/1mhp/1mhp_51.pdb
H_T33V,SKEMPI_v2.0,1MHP,1.77e-08,"H, L",A,PDB/SKEMPI_v2.0/1MHP.pdb,10.57035866599208,1MHP,1mhp_52,PDB/mutant_pdbs/1mhp/1mhp_52.pdb
H_T33N,SKEMPI_v2.0,1MHP,8.5e-07,"H, L",A,PDB/SKEMPI_v2.0/1MHP.pdb,8.277605518017596,1MHP,1mhp_53,PDB/mutant_pdbs/1mhp/1mhp_53.pdb
H_S35A,SKEMPI_v2.0,1MHP,1.21e-07,"H, L",A,PDB/SKEMPI_v2.0/1MHP.pdb,9.432041725053121,1MHP,1mhp_54,PDB/mutant_pdbs/1mhp/1mhp_54.pdb
H_F99Y,SKEMPI_v2.0,1MHP,3.04e-08,"H, L",A,PDB/SKEMPI_v2.0/1MHP.pdb,10.250057835077602,1MHP,1mhp_55,PDB/mutant_pdbs/1mhp/1mhp_55.pdb
H_G100L,SKEMPI_v2.0,1MHP,8.5e-07,"H, L",A,PDB/SKEMPI_v2.0/1MHP.pdb,8.277605518017596,1MHP,1mhp_56,PDB/mutant_pdbs/1mhp/1mhp_56.pdb
H_G100S,SKEMPI_v2.0,1MHP,2.18e-08,"H, L",A,PDB/SKEMPI_v2.0/1MHP.pdb,10.446979297205518,1MHP,1mhp_57,PDB/mutant_pdbs/1mhp/1mhp_57.pdb
"H_S35V, H_T50V",SKEMPI_v2.0,1MHP,8.5e-07,"H, L",A,PDB/SKEMPI_v2.0/1MHP.pdb,8.277605518017596,1MHP,1mhp_58,PDB/mutant_pdbs/1mhp/1mhp_58.pdb
"H_S35A, H_T50V",SKEMPI_v2.0,1MHP,2.83e-07,"H, L",A,PDB/SKEMPI_v2.0/1MHP.pdb,8.928886390145056,1MHP,1mhp_59,PDB/mutant_pdbs/1mhp/1mhp_59.pdb
"H_G102S, H_S35A",SKEMPI_v2.0,1MHP,1.21e-07,"H, L",A,PDB/SKEMPI_v2.0/1MHP.pdb,9.432041725053121,1MHP,1mhp_60,PDB/mutant_pdbs/1mhp/1mhp_60.pdb
"H_G102S, H_S35V",SKEMPI_v2.0,1MHP,9.44e-08,"H, L",A,PDB/SKEMPI_v2.0/1MHP.pdb,9.579051802890007,1MHP,1mhp_61,PDB/mutant_pdbs/1mhp/1mhp_61.pdb
"H_G102S, H_T50V",SKEMPI_v2.0,1MHP,1.42e-07,"H, L",A,PDB/SKEMPI_v2.0/1MHP.pdb,9.337270204071489,1MHP,1mhp_62,PDB/mutant_pdbs/1mhp/1mhp_62.pdb
L_H30W,SKEMPI_v2.0,1MHP,7.08e-08,"H, L",A,PDB/SKEMPI_v2.0/1MHP.pdb,9.749413348664222,1MHP,1mhp_63,PDB/mutant_pdbs/1mhp/1mhp_63.pdb
"L_N29Y, L_S90I",SKEMPI_v2.0,1MHP,1.77e-08,"H, L",A,PDB/SKEMPI_v2.0/1MHP.pdb,10.57035866599208,1MHP,1mhp_64,PDB/mutant_pdbs/1mhp/1mhp_64.pdb
H_G53N,SKEMPI_v2.0,1MHP,7.08e-08,"H, L",A,PDB/SKEMPI_v2.0/1MHP.pdb,9.749413348664222,1MHP,1mhp_65,PDB/mutant_pdbs/1mhp/1mhp_65.pdb
"H_G53Q, H_T33E",SKEMPI_v2.0,1MHP,1.42e-07,"H, L",A,PDB/SKEMPI_v2.0/1MHP.pdb,9.337270204071489,1MHP,1mhp_66,PDB/mutant_pdbs/1mhp/1mhp_66.pdb
"H_G53N, H_G54N, H_S52T, H_T33I",SKEMPI_v2.0,1MHP,2.13e-07,"H, L",A,PDB/SKEMPI_v2.0/1MHP.pdb,9.097159091181776,1MHP,1mhp_67,PDB/mutant_pdbs/1mhp/1mhp_67.pdb
"H_G53Q, H_G54F, H_S52T, H_T33I",SKEMPI_v2.0,1MHP,7.08e-08,"H, L",A,PDB/SKEMPI_v2.0/1MHP.pdb,9.749413348664222,1MHP,1mhp_68,PDB/mutant_pdbs/1mhp/1mhp_68.pdb
"H_T50V, L_S27Q",SKEMPI_v2.0,1MHP,2.63e-09,"H, L",A,PDB/SKEMPI_v2.0/1MHP.pdb,11.699410776668218,1MHP,1mhp_69,PDB/mutant_pdbs/1mhp/1mhp_69.pdb
"H_K64E, L_S27Q",SKEMPI_v2.0,1MHP,2e-09,"H, L",A,PDB/SKEMPI_v2.0/1MHP.pdb,11.861573254325416,1MHP,1mhp_70,PDB/mutant_pdbs/1mhp/1mhp_70.pdb
D_S25A,ATLAS,1MI5,1.48e-05,"A, C","D, E",PDB/ATLAS/1MI5.pdb,6.588956028509435,1MI5_at,1mi5_at_1,PDB/mutant_pdbs/1mi5_at/1mi5_at_1.pdb
D_T26A,ATLAS,1MI5,1.94e-05,"A, C","D, E",PDB/ATLAS/1MI5.pdb,6.428602414767697,1MI5_at,1mi5_at_2,PDB/mutant_pdbs/1mi5_at/1mi5_at_2.pdb
D_S28A,ATLAS,1MI5,1.17e-05,"A, C","D, E",PDB/ATLAS/1MI5.pdb,6.728212706952724,1MI5_at,1mi5_at_3,PDB/mutant_pdbs/1mi5_at/1mi5_at_3.pdb
D_T30A,ATLAS,1MI5,3.37e-05,"A, C","D, E",PDB/ATLAS/1MI5.pdb,6.101417548919825,1MI5_at,1mi5_at_4,PDB/mutant_pdbs/1mi5_at/1mi5_at_4.pdb
D_Y31A,ATLAS,1MI5,2.67e-05,"A, C","D, E",PDB/ATLAS/1MI5.pdb,6.23936835082901,1MI5_at,1mi5_at_5,PDB/mutant_pdbs/1mi5_at/1mi5_at_5.pdb
D_H33A,ATLAS,1MI5,0.0002,"A, C","D, E",PDB/ATLAS/1MI5.pdb,5.046308779718581,1MI5_at,1mi5_at_6,PDB/mutant_pdbs/1mi5_at/1mi5_at_6.pdb
D_H48A,ATLAS,1MI5,8.24e-05,"A, C","D, E",PDB/ATLAS/1MI5.pdb,5.571684102456539,1MI5_at,1mi5_at_7,PDB/mutant_pdbs/1mi5_at/1mi5_at_7.pdb
D_L50A,ATLAS,1MI5,0.0002,"A, C","D, E",PDB/ATLAS/1MI5.pdb,5.046308779718581,1MI5_at,1mi5_at_8,PDB/mutant_pdbs/1mi5_at/1mi5_at_8.pdb
D_T51A,ATLAS,1MI5,4.87e-06,"A, C","D, E",PDB/ATLAS/1MI5.pdb,7.247522746493723,1MI5_at,1mi5_at_9,PDB/mutant_pdbs/1mi5_at/1mi5_at_9.pdb
D_S52A,ATLAS,1MI5,2.82e-05,"A, C","D, E",PDB/ATLAS/1MI5.pdb,6.206984064025081,1MI5_at,1mi5_at_10,PDB/mutant_pdbs/1mi5_at/1mi5_at_10.pdb
D_N54A,ATLAS,1MI5,1.21e-05,"A, C","D, E",PDB/ATLAS/1MI5.pdb,6.70829537099394,1MI5_at,1mi5_at_11,PDB/mutant_pdbs/1mi5_at/1mi5_at_11.pdb
D_P93A,ATLAS,1MI5,0.0002,"A, C","D, E",PDB/ATLAS/1MI5.pdb,5.046308779718581,1MI5_at,1mi5_at_12,PDB/mutant_pdbs/1mi5_at/1mi5_at_12.pdb
D_L94A,ATLAS,1MI5,0.0002,"A, C","D, E",PDB/ATLAS/1MI5.pdb,5.046308779718581,1MI5_at,1mi5_at_13,PDB/mutant_pdbs/1mi5_at/1mi5_at_13.pdb
D_A95G,ATLAS,1MI5,3.489999999999999e-05,"A, C","D, E",PDB/ATLAS/1MI5.pdb,6.080687097843004,1MI5_at,1mi5_at_14,PDB/mutant_pdbs/1mi5_at/1mi5_at_14.pdb
D_G96A,ATLAS,1MI5,4.54e-05,"A, C","D, E",PDB/ATLAS/1MI5.pdb,5.9248485805141335,1MI5_at,1mi5_at_15,PDB/mutant_pdbs/1mi5_at/1mi5_at_15.pdb
D_G97A,ATLAS,1MI5,0.0002,"A, C","D, E",PDB/ATLAS/1MI5.pdb,5.046308779718581,1MI5_at,1mi5_at_16,PDB/mutant_pdbs/1mi5_at/1mi5_at_16.pdb
D_T98A,ATLAS,1MI5,6.14e-05,"A, C","D, E",PDB/ATLAS/1MI5.pdb,5.7459787190737055,1MI5_at,1mi5_at_17,PDB/mutant_pdbs/1mi5_at/1mi5_at_17.pdb
D_S99A,ATLAS,1MI5,5.05e-05,"A, C","D, E",PDB/ATLAS/1MI5.pdb,5.861771903279986,1MI5_at,1mi5_at_18,PDB/mutant_pdbs/1mi5_at/1mi5_at_18.pdb
D_Y100A,ATLAS,1MI5,0.0002,"A, C","D, E",PDB/ATLAS/1MI5.pdb,5.046308779718581,1MI5_at,1mi5_at_19,PDB/mutant_pdbs/1mi5_at/1mi5_at_19.pdb
D_G102A,ATLAS,1MI5,0.0002,"A, C","D, E",PDB/ATLAS/1MI5.pdb,5.046308779718581,1MI5_at,1mi5_at_20,PDB/mutant_pdbs/1mi5_at/1mi5_at_20.pdb
D_K103A,ATLAS,1MI5,0.0002,"A, C","D, E",PDB/ATLAS/1MI5.pdb,5.046308779718581,1MI5_at,1mi5_at_21,PDB/mutant_pdbs/1mi5_at/1mi5_at_21.pdb
E_S27A,ATLAS,1MI5,1.32e-05,"A, C","D, E",PDB/ATLAS/1MI5.pdb,6.656742439673714,1MI5_at,1mi5_at_22,PDB/mutant_pdbs/1mi5_at/1mi5_at_22.pdb
E_G28A,ATLAS,1MI5,7.67e-06,"A, C","D, E",PDB/ATLAS/1MI5.pdb,6.978402645791385,1MI5_at,1mi5_at_23,PDB/mutant_pdbs/1mi5_at/1mi5_at_23.pdb
E_V30A,ATLAS,1MI5,2.05e-05,"A, C","D, E",PDB/ATLAS/1MI5.pdb,6.395925791423892,1MI5_at,1mi5_at_24,PDB/mutant_pdbs/1mi5_at/1mi5_at_24.pdb
E_S31A,ATLAS,1MI5,7.529999999999999e-05,"A, C","D, E",PDB/ATLAS/1MI5.pdb,5.625070137845874,1MI5_at,1mi5_at_25,PDB/mutant_pdbs/1mi5_at/1mi5_at_25.pdb
E_Q50A,ATLAS,1MI5,1.11e-05,"A, C","D, E",PDB/ATLAS/1MI5.pdb,6.759403326739578,1MI5_at,1mi5_at_26,PDB/mutant_pdbs/1mi5_at/1mi5_at_26.pdb
E_N51A,ATLAS,1MI5,6.019999999999999e-06,"A, C","D, E",PDB/ATLAS/1MI5.pdb,7.121919893634863,1MI5_at,1mi5_at_27,PDB/mutant_pdbs/1mi5_at/1mi5_at_27.pdb
E_E52A,ATLAS,1MI5,4.98e-05,"A, C","D, E",PDB/ATLAS/1MI5.pdb,5.870042016911333,1MI5_at,1mi5_at_28,PDB/mutant_pdbs/1mi5_at/1mi5_at_28.pdb
E_S94A,ATLAS,1MI5,2.08e-05,"A, C","D, E",PDB/ATLAS/1MI5.pdb,6.38731811049244,1MI5_at,1mi5_at_29,PDB/mutant_pdbs/1mi5_at/1mi5_at_29.pdb
E_S95A,ATLAS,1MI5,4.45e-06,"A, C","D, E",PDB/ATLAS/1MI5.pdb,7.300958869853738,1MI5_at,1mi5_at_30,PDB/mutant_pdbs/1mi5_at/1mi5_at_30.pdb
E_L96A,ATLAS,1MI5,1.52e-05,"A, C","D, E",PDB/ATLAS/1MI5.pdb,6.573155493478008,1MI5_at,1mi5_at_31,PDB/mutant_pdbs/1mi5_at/1mi5_at_31.pdb
E_G97A,ATLAS,1MI5,0.0002,"A, C","D, E",PDB/ATLAS/1MI5.pdb,5.046308779718581,1MI5_at,1mi5_at_32,PDB/mutant_pdbs/1mi5_at/1mi5_at_32.pdb
E_Q98A,ATLAS,1MI5,0.0002,"A, C","D, E",PDB/ATLAS/1MI5.pdb,5.046308779718581,1MI5_at,1mi5_at_33,PDB/mutant_pdbs/1mi5_at/1mi5_at_33.pdb
E_A99G,ATLAS,1MI5,0.0002,"A, C","D, E",PDB/ATLAS/1MI5.pdb,5.046308779718581,1MI5_at,1mi5_at_34,PDB/mutant_pdbs/1mi5_at/1mi5_at_34.pdb
E_Y100A,ATLAS,1MI5,0.0002,"A, C","D, E",PDB/ATLAS/1MI5.pdb,5.046308779718581,1MI5_at,1mi5_at_35,PDB/mutant_pdbs/1mi5_at/1mi5_at_35.pdb
E_E105A,ATLAS,1MI5,1.53e-05,"A, C","D, E",PDB/ATLAS/1MI5.pdb,6.569270332345164,1MI5_at,1mi5_at_36,PDB/mutant_pdbs/1mi5_at/1mi5_at_36.pdb
E_Q106A,ATLAS,1MI5,0.0002,"A, C","D, E",PDB/ATLAS/1MI5.pdb,5.046308779718581,1MI5_at,1mi5_at_37,PDB/mutant_pdbs/1mi5_at/1mi5_at_37.pdb
E_Y107A,ATLAS,1MI5,1.94e-05,"A, C","D, E",PDB/ATLAS/1MI5.pdb,6.428602414767697,1MI5_at,1mi5_at_38,PDB/mutant_pdbs/1mi5_at/1mi5_at_38.pdb
A_Q65A,ATLAS,1MI5,9.699999999999999e-06,"A, C","D, E",PDB/ATLAS/1MI5.pdb,6.839281687185987,1MI5_at,1mi5_at_39,PDB/mutant_pdbs/1mi5_at/1mi5_at_39.pdb
A_T69A,ATLAS,1MI5,9.999999999999999e-05,"A, C","D, E",PDB/ATLAS/1MI5.pdb,5.456988052136872,1MI5_at,1mi5_at_40,PDB/mutant_pdbs/1mi5_at/1mi5_at_40.pdb
A_Q155A,ATLAS,1MI5,1.88e-05,"A, C","D, E",PDB/ATLAS/1MI5.pdb,6.447216038213228,1MI5_at,1mi5_at_41,PDB/mutant_pdbs/1mi5_at/1mi5_at_41.pdb
C_F1T,ATLAS,1MI5,2.93e-05,"A, C","D, E",PDB/ATLAS/1MI5.pdb,6.184312308620601,1MI5_at,1mi5_at_42,PDB/mutant_pdbs/1mi5_at/1mi5_at_42.pdb
C_F1Y,ATLAS,1MI5,1.845e-05,"A, C","D, E",PDB/ATLAS/1MI5.pdb,6.458350311245233,1MI5_at,1mi5_at_43,PDB/mutant_pdbs/1mi5_at/1mi5_at_43.pdb
C_Y7F,ATLAS,1MI5,0.000129,"A, C","D, E",PDB/ATLAS/1MI5.pdb,5.306116370188802,1MI5_at,1mi5_at_44,PDB/mutant_pdbs/1mi5_at/1mi5_at_44.pdb
D_S23A,SKEMPI_v2.0,1MI5,1.48e-05,"A, B, C","D, E",PDB/SKEMPI_v2.0/1MI5.pdb,6.585641108488385,1MI5,1mi5_1,PDB/mutant_pdbs/1mi5/1mi5_1.pdb
D_T24A,SKEMPI_v2.0,1MI5,1.94e-05,"A, B, C","D, E",PDB/SKEMPI_v2.0/1MI5.pdb,6.425368169045025,1MI5,1mi5_2,PDB/mutant_pdbs/1mi5/1mi5_2.pdb
D_S26A,SKEMPI_v2.0,1MI5,1.17e-05,"A, B, C","D, E",PDB/SKEMPI_v2.0/1MI5.pdb,6.724827726553453,1MI5,1mi5_3,PDB/mutant_pdbs/1mi5/1mi5_3.pdb
D_T28A,SKEMPI_v2.0,1MI5,3.37e-05,"A, B, C","D, E",PDB/SKEMPI_v2.0/1MI5.pdb,6.098347910709737,1MI5,1mi5_4,PDB/mutant_pdbs/1mi5/1mi5_4.pdb
D_D29A,SKEMPI_v2.0,1MI5,0.0001,"A, B, C","D, E",PDB/SKEMPI_v2.0/1MI5.pdb,5.454242627995263,1MI5,1mi5_5,PDB/mutant_pdbs/1mi5/1mi5_5.pdb
D_Y30A,SKEMPI_v2.0,1MI5,2.67e-05,"A, B, C","D, E",PDB/SKEMPI_v2.0/1MI5.pdb,6.2362293092304055,1MI5,1mi5_6,PDB/mutant_pdbs/1mi5/1mi5_6.pdb
D_H32A,SKEMPI_v2.0,1MI5,0.0001,"A, B, C","D, E",PDB/SKEMPI_v2.0/1MI5.pdb,5.454242627995263,1MI5,1mi5_7,PDB/mutant_pdbs/1mi5/1mi5_7.pdb
D_H47A,SKEMPI_v2.0,1MI5,8.24e-05,"A, B, C","D, E",PDB/SKEMPI_v2.0/1MI5.pdb,5.568880974449267,1MI5,1mi5_8,PDB/mutant_pdbs/1mi5/1mi5_8.pdb
D_L49A,SKEMPI_v2.0,1MI5,0.0001,"A, B, C","D, E",PDB/SKEMPI_v2.0/1MI5.pdb,5.454242627995263,1MI5,1mi5_9,PDB/mutant_pdbs/1mi5/1mi5_9.pdb
D_T50A,SKEMPI_v2.0,1MI5,4.87e-06,"A, B, C","D, E",PDB/SKEMPI_v2.0/1MI5.pdb,7.243876499933355,1MI5,1mi5_10,PDB/mutant_pdbs/1mi5/1mi5_10.pdb
D_S51A,SKEMPI_v2.0,1MI5,2.82e-05,"A, B, C","D, E",PDB/SKEMPI_v2.0/1MI5.pdb,6.203861315041001,1MI5,1mi5_11,PDB/mutant_pdbs/1mi5/1mi5_11.pdb
D_N52A,SKEMPI_v2.0,1MI5,1.21e-05,"A, B, C","D, E",PDB/SKEMPI_v2.0/1MI5.pdb,6.7049204110554905,1MI5,1mi5_12,PDB/mutant_pdbs/1mi5/1mi5_12.pdb
D_P89A,SKEMPI_v2.0,1MI5,0.0001,"A, B, C","D, E",PDB/SKEMPI_v2.0/1MI5.pdb,5.454242627995263,1MI5,1mi5_13,PDB/mutant_pdbs/1mi5/1mi5_13.pdb
D_L90A,SKEMPI_v2.0,1MI5,0.0001,"A, B, C","D, E",PDB/SKEMPI_v2.0/1MI5.pdb,5.454242627995263,1MI5,1mi5_14,PDB/mutant_pdbs/1mi5/1mi5_14.pdb
D_A91G,SKEMPI_v2.0,1MI5,3.49e-05,"A, B, C","D, E",PDB/SKEMPI_v2.0/1MI5.pdb,6.077627889173958,1MI5,1mi5_15,PDB/mutant_pdbs/1mi5/1mi5_15.pdb
D_G92A,SKEMPI_v2.0,1MI5,4.54e-05,"A, B, C","D, E",PDB/SKEMPI_v2.0/1MI5.pdb,5.921867774587329,1MI5,1mi5_16,PDB/mutant_pdbs/1mi5/1mi5_16.pdb
D_G93A,SKEMPI_v2.0,1MI5,0.0001,"A, B, C","D, E",PDB/SKEMPI_v2.0/1MI5.pdb,5.454242627995263,1MI5,1mi5_17,PDB/mutant_pdbs/1mi5/1mi5_17.pdb
D_T94A,SKEMPI_v2.0,1MI5,6.14e-05,"A, B, C","D, E",PDB/SKEMPI_v2.0/1MI5.pdb,5.743087903015142,1MI5,1mi5_18,PDB/mutant_pdbs/1mi5/1mi5_18.pdb
D_S95A,SKEMPI_v2.0,1MI5,5.05e-05,"A, B, C","D, E",PDB/SKEMPI_v2.0/1MI5.pdb,5.8588228313849955,1MI5,1mi5_19,PDB/mutant_pdbs/1mi5/1mi5_19.pdb
D_Y96A,SKEMPI_v2.0,1MI5,0.0001,"A, B, C","D, E",PDB/SKEMPI_v2.0/1MI5.pdb,5.454242627995263,1MI5,1mi5_20,PDB/mutant_pdbs/1mi5/1mi5_20.pdb
D_G97A,SKEMPI_v2.0,1MI5,0.0001,"A, B, C","D, E",PDB/SKEMPI_v2.0/1MI5.pdb,5.454242627995263,1MI5,1mi5_21,PDB/mutant_pdbs/1mi5/1mi5_21.pdb
D_K98A,SKEMPI_v2.0,1MI5,0.0001,"A, B, C","D, E",PDB/SKEMPI_v2.0/1MI5.pdb,5.454242627995263,1MI5,1mi5_22,PDB/mutant_pdbs/1mi5/1mi5_22.pdb
E_S25A,SKEMPI_v2.0,1MI5,1.32e-05,"A, B, C","D, E",PDB/SKEMPI_v2.0/1MI5.pdb,6.653393416142101,1MI5,1mi5_23,PDB/mutant_pdbs/1mi5/1mi5_23.pdb
E_G26A,SKEMPI_v2.0,1MI5,7.67e-06,"A, B, C","D, E",PDB/SKEMPI_v2.0/1MI5.pdb,6.9748917942171165,1MI5,1mi5_24,PDB/mutant_pdbs/1mi5/1mi5_24.pdb
E_V28A,SKEMPI_v2.0,1MI5,2.05e-05,"A, B, C","D, E",PDB/SKEMPI_v2.0/1MI5.pdb,6.392707985390978,1MI5,1mi5_25,PDB/mutant_pdbs/1mi5/1mi5_25.pdb
E_S29A,SKEMPI_v2.0,1MI5,7.53e-05,"A, B, C","D, E",PDB/SKEMPI_v2.0/1MI5.pdb,5.6222401511925915,1MI5,1mi5_26,PDB/mutant_pdbs/1mi5/1mi5_26.pdb
E_Q48A,SKEMPI_v2.0,1MI5,1.11e-05,"A, B, C","D, E",PDB/SKEMPI_v2.0/1MI5.pdb,6.756002654262602,1MI5,1mi5_27,PDB/mutant_pdbs/1mi5/1mi5_27.pdb
E_N49A,SKEMPI_v2.0,1MI5,6.02e-06,"A, B, C","D, E",PDB/SKEMPI_v2.0/1MI5.pdb,7.118336838179404,1MI5,1mi5_28,PDB/mutant_pdbs/1mi5/1mi5_28.pdb
E_E50A,SKEMPI_v2.0,1MI5,4.98e-05,"A, B, C","D, E",PDB/SKEMPI_v2.0/1MI5.pdb,5.867088784301787,1MI5,1mi5_29,PDB/mutant_pdbs/1mi5/1mi5_29.pdb
E_S92A,SKEMPI_v2.0,1MI5,2.08e-05,"A, B, C","D, E",PDB/SKEMPI_v2.0/1MI5.pdb,6.384104635005023,1MI5,1mi5_30,PDB/mutant_pdbs/1mi5/1mi5_30.pdb
E_S93A,SKEMPI_v2.0,1MI5,4.45e-06,"A, B, C","D, E",PDB/SKEMPI_v2.0/1MI5.pdb,7.297285739447977,1MI5,1mi5_31,PDB/mutant_pdbs/1mi5/1mi5_31.pdb
E_L94A,SKEMPI_v2.0,1MI5,1.52e-05,"A, B, C","D, E",PDB/SKEMPI_v2.0/1MI5.pdb,6.569848522745084,1MI5,1mi5_32,PDB/mutant_pdbs/1mi5/1mi5_32.pdb
E_G95A,SKEMPI_v2.0,1MI5,0.0001,"A, B, C","D, E",PDB/SKEMPI_v2.0/1MI5.pdb,5.454242627995263,1MI5,1mi5_33,PDB/mutant_pdbs/1mi5/1mi5_33.pdb
E_Q96A,SKEMPI_v2.0,1MI5,0.0001,"A, B, C","D, E",PDB/SKEMPI_v2.0/1MI5.pdb,5.454242627995263,1MI5,1mi5_34,PDB/mutant_pdbs/1mi5/1mi5_34.pdb
E_A97G,SKEMPI_v2.0,1MI5,0.0001,"A, B, C","D, E",PDB/SKEMPI_v2.0/1MI5.pdb,5.454242627995263,1MI5,1mi5_35,PDB/mutant_pdbs/1mi5/1mi5_35.pdb
E_Y98A,SKEMPI_v2.0,1MI5,0.0001,"A, B, C","D, E",PDB/SKEMPI_v2.0/1MI5.pdb,5.454242627995263,1MI5,1mi5_36,PDB/mutant_pdbs/1mi5/1mi5_36.pdb
E_E99A,SKEMPI_v2.0,1MI5,1.53e-05,"A, B, C","D, E",PDB/SKEMPI_v2.0/1MI5.pdb,6.565965316246384,1MI5,1mi5_37,PDB/mutant_pdbs/1mi5/1mi5_37.pdb
E_Q100A,SKEMPI_v2.0,1MI5,0.0001,"A, B, C","D, E",PDB/SKEMPI_v2.0/1MI5.pdb,5.454242627995263,1MI5,1mi5_38,PDB/mutant_pdbs/1mi5/1mi5_38.pdb
E_Y101A,SKEMPI_v2.0,1MI5,1.94e-05,"A, B, C","D, E",PDB/SKEMPI_v2.0/1MI5.pdb,6.425368169045025,1MI5,1mi5_39,PDB/mutant_pdbs/1mi5/1mi5_39.pdb
A_N32G,SKEMPI_v2.0,1MLC,1e-09,"A, B",E,PDB/SKEMPI_v2.0/1MLC.pdb,12.272045912989343,1MLC,1mlc_1,PDB/mutant_pdbs/1mlc/1mlc_1.pdb
A_N92A,SKEMPI_v2.0,1MLC,5.3e-10,"A, B",E,PDB/SKEMPI_v2.0/1MLC.pdb,12.648012489386918,1MLC,1mlc_2,PDB/mutant_pdbs/1mlc/1mlc_2.pdb
B_T28D,SKEMPI_v2.0,1MLC,3.41e-09,"A, B",E,PDB/SKEMPI_v2.0/1MLC.pdb,11.545603001951337,1MLC,1mlc_3,PDB/mutant_pdbs/1mlc/1mlc_3.pdb
B_T31A,SKEMPI_v2.0,1MLC,9.36e-09,"A, B",E,PDB/SKEMPI_v2.0/1MLC.pdb,10.947652378556931,1MLC,1mlc_4,PDB/mutant_pdbs/1mlc/1mlc_4.pdb
B_T31V,SKEMPI_v2.0,1MLC,1.07e-08,"A, B",E,PDB/SKEMPI_v2.0/1MLC.pdb,10.868418692784976,1MLC,1mlc_5,PDB/mutant_pdbs/1mlc/1mlc_5.pdb
B_S57A,SKEMPI_v2.0,1MLC,2.32e-09,"A, B",E,PDB/SKEMPI_v2.0/1MLC.pdb,11.773680876186335,1MLC,1mlc_6,PDB/mutant_pdbs/1mlc/1mlc_6.pdb
B_S57V,SKEMPI_v2.0,1MLC,1.91e-09,"A, B",E,PDB/SKEMPI_v2.0/1MLC.pdb,11.888839870106443,1MLC,1mlc_7,PDB/mutant_pdbs/1mlc/1mlc_7.pdb
B_T58D,SKEMPI_v2.0,1MLC,1.71e-09,"A, B",E,PDB/SKEMPI_v2.0/1MLC.pdb,11.95434158362485,1MLC,1mlc_8,PDB/mutant_pdbs/1mlc/1mlc_8.pdb
B_K65D,SKEMPI_v2.0,1MLC,4.54e-09,"A, B",E,PDB/SKEMPI_v2.0/1MLC.pdb,11.376110402582592,1MLC,1mlc_9,PDB/mutant_pdbs/1mlc/1mlc_9.pdb
A_N32Y,SKEMPI_v2.0,1MLC,4.4e-09,"A, B",E,PDB/SKEMPI_v2.0/1MLC.pdb,11.39465915869219,1MLC,1mlc_10,PDB/mutant_pdbs/1mlc/1mlc_10.pdb
B_T31W,SKEMPI_v2.0,1MLC,5.5e-09,"A, B",E,PDB/SKEMPI_v2.0/1MLC.pdb,11.26251647768516,1MLC,1mlc_11,PDB/mutant_pdbs/1mlc/1mlc_11.pdb
"A_N32G, A_N92A",SKEMPI_v2.0,1MLC,1.38e-09,"A, B",E,PDB/SKEMPI_v2.0/1MLC.pdb,12.081312294035678,1MLC,1mlc_12,PDB/mutant_pdbs/1mlc/1mlc_12.pdb
"B_S57V, B_T58D",SKEMPI_v2.0,1MLC,8.3e-10,"A, B",E,PDB/SKEMPI_v2.0/1MLC.pdb,12.382387842514621,1MLC,1mlc_13,PDB/mutant_pdbs/1mlc/1mlc_13.pdb
"A_N32G, A_N92A, B_S57V, B_T58D",SKEMPI_v2.0,1MLC,2.35e-10,"A, B",E,PDB/SKEMPI_v2.0/1MLC.pdb,13.129633031917765,1MLC,1mlc_14,PDB/mutant_pdbs/1mlc/1mlc_14.pdb
"A_N92A, B_S57V, B_T58D",SKEMPI_v2.0,1MLC,7.72e-11,"A, B",E,PDB/SKEMPI_v2.0/1MLC.pdb,13.788847197777665,1MLC,1mlc_15,PDB/mutant_pdbs/1mlc/1mlc_15.pdb
"A_N92A, B_S57V, B_T28D, B_T58D",SKEMPI_v2.0,1MLC,4.31e-11,"A, B",E,PDB/SKEMPI_v2.0/1MLC.pdb,14.134018983635794,1MLC,1mlc_16,PDB/mutant_pdbs/1mlc/1mlc_16.pdb
"A_N32L, A_N92A, B_S57V, B_T28D, B_T58D",SKEMPI_v2.0,1MLC,5.6e-11,"A, B",E,PDB/SKEMPI_v2.0/1MLC.pdb,13.978967469323752,1MLC,1mlc_17,PDB/mutant_pdbs/1mlc/1mlc_17.pdb
"A_N92A, B_S30G, B_S57V, B_T28D, B_T58D",SKEMPI_v2.0,1MLC,8.2e-11,"A, B",E,PDB/SKEMPI_v2.0/1MLC.pdb,13.753126610056015,1MLC,1mlc_18,PDB/mutant_pdbs/1mlc/1mlc_18.pdb
"A_N92A, B_S57V, B_T28D, B_T58D, B_Y59E",SKEMPI_v2.0,1MLC,3.7e-10,"A, B",E,PDB/SKEMPI_v2.0/1MLC.pdb,12.860829053811507,1MLC,1mlc_19,PDB/mutant_pdbs/1mlc/1mlc_19.pdb
"A_N92A, A_S91N, B_S57V, B_T28D, B_T58D",SKEMPI_v2.0,1MLC,1e-07,"A, B",E,PDB/SKEMPI_v2.0/1MLC.pdb,9.544924598991711,1MLC,1mlc_20,PDB/mutant_pdbs/1mlc/1mlc_20.pdb
"A_N92A, A_S91N, A_S93A, B_S57V, B_T28D, B_T58D",SKEMPI_v2.0,1MLC,2.9e-10,"A, B",E,PDB/SKEMPI_v2.0/1MLC.pdb,13.005098852178122,1MLC,1mlc_21,PDB/mutant_pdbs/1mlc/1mlc_21.pdb
"A_N92A, B_D100Q, B_R98M, B_S57V, B_T28D, B_T58D",SKEMPI_v2.0,1MLC,2.2e-09,"A, B",E,PDB/SKEMPI_v2.0/1MLC.pdb,11.80513181735612,1MLC,1mlc_22,PDB/mutant_pdbs/1mlc/1mlc_22.pdb
"A_N92A, B_R98S, B_S57V, B_T28D, B_T58D, B_Y32R",SKEMPI_v2.0,1MLC,1e-07,"A, B",E,PDB/SKEMPI_v2.0/1MLC.pdb,9.544924598991711,1MLC,1mlc_23,PDB/mutant_pdbs/1mlc/1mlc_23.pdb
"A_N92A, B_E35S, B_G99D, B_S57V, B_T28D, B_T58D",SKEMPI_v2.0,1MLC,3e-11,"A, B",E,PDB/SKEMPI_v2.0/1MLC.pdb,14.348583455433333,1MLC,1mlc_24,PDB/mutant_pdbs/1mlc/1mlc_24.pdb
"A_N92A, B_D100Q, B_R98V, B_S57V, B_T28D, B_T58D, B_Y32W",SKEMPI_v2.0,1MLC,8.1e-09,"A, B",E,PDB/SKEMPI_v2.0/1MLC.pdb,11.03327148377359,1MLC,1mlc_25,PDB/mutant_pdbs/1mlc/1mlc_25.pdb
"A_N92A, B_E35S, B_S57V, B_T28D, B_T58D",SKEMPI_v2.0,1MLC,1.1e-07,"A, B",E,PDB/SKEMPI_v2.0/1MLC.pdb,9.488483162022417,1MLC,1mlc_26,PDB/mutant_pdbs/1mlc/1mlc_26.pdb
"A_N92A, B_G99D, B_S57V, B_T28D, B_T58D",SKEMPI_v2.0,1MLC,3.12e-09,"A, B",E,PDB/SKEMPI_v2.0/1MLC.pdb,11.598236150110571,1MLC,1mlc_27,PDB/mutant_pdbs/1mlc/1mlc_27.pdb
"B_C170F, B_C32L",SKEMPI_v2.0,1MQ8,0.0015,A,B,PDB/SKEMPI_v2.0/1MQ8.pdb,3.850570858106734,1MQ8,1mq8_1,PDB/mutant_pdbs/1mq8/1mq8_1.pdb
"B_C170F, B_C32L, B_K158C, B_K165C",SKEMPI_v2.0,1MQ8,1.5e-07,A,B,PDB/SKEMPI_v2.0/1MQ8.pdb,9.304813486101997,1MQ8,1mq8_2,PDB/mutant_pdbs/1mq8/1mq8_2.pdb
"B_C170F, B_C32L, B_E155C, B_E172C",SKEMPI_v2.0,1MQ8,3.6e-07,A,B,PDB/SKEMPI_v2.0/1MQ8.pdb,8.786372395555384,1MQ8,1mq8_3,PDB/mutant_pdbs/1mq8/1mq8_3.pdb
"B_C170F, B_C32L, B_K31C, B_T171C",SKEMPI_v2.0,1MQ8,0.00045,A,B,PDB/SKEMPI_v2.0/1MQ8.pdb,4.563547743551908,1MQ8,1mq8_4,PDB/mutant_pdbs/1mq8/1mq8_4.pdb
"B_C170F, B_C32L, B_K165C, B_L160C",SKEMPI_v2.0,1MQ8,0.0016,A,B,PDB/SKEMPI_v2.0/1MQ8.pdb,3.812351993339548,1MQ8,1mq8_5,PDB/mutant_pdbs/1mq8/1mq8_5.pdb
"B_C32L, B_K31C",SKEMPI_v2.0,1MQ8,8.4e-06,A,B,PDB/SKEMPI_v2.0/1MQ8.pdb,6.92105307143996,1MQ8,1mq8_6,PDB/mutant_pdbs/1mq8/1mq8_6.pdb
"B_C170F, B_T171C",SKEMPI_v2.0,1MQ8,9.4e-06,A,B,PDB/SKEMPI_v2.0/1MQ8.pdb,6.854445086594643,1MQ8,1mq8_7,PDB/mutant_pdbs/1mq8/1mq8_7.pdb
E_M80L,SKEMPI_v2.0,1N8O,3.6e-12,"A, B, C",E,PDB/SKEMPI_v2.0/1N8O.pdb,15.604175680549465,1N8O,1n8o_1,PDB/mutant_pdbs/1n8o/1n8o_1.pdb
E_M80K,SKEMPI_v2.0,1N8O,4.7e-11,"A, B, C",E,PDB/SKEMPI_v2.0/1N8O.pdb,14.08272103025265,1N8O,1n8o_2,PDB/mutant_pdbs/1n8o/1n8o_2.pdb
E_M80R,SKEMPI_v2.0,1N8O,3.9e-11,"A, B, C",E,PDB/SKEMPI_v2.0/1N8O.pdb,14.193214783101174,1N8O,1n8o_3,PDB/mutant_pdbs/1n8o/1n8o_3.pdb
C_L509A,SKEMPI_v2.0,1N8Z,1.26e-09,"A, B",C,PDB/SKEMPI_v2.0/1N8Z.pdb,12.13518458654551,1N8Z,1n8z_1,PDB/mutant_pdbs/1n8z/1n8z_1.pdb
C_S535A,SKEMPI_v2.0,1N8Z,1.38e-09,"A, B",C,PDB/SKEMPI_v2.0/1N8Z.pdb,12.081312294035678,1N8Z,1n8z_2,PDB/mutant_pdbs/1n8z/1n8z_2.pdb
C_V536A,SKEMPI_v2.0,1N8Z,1.33e-09,"A, B",C,PDB/SKEMPI_v2.0/1N8Z.pdb,12.103166688061883,1N8Z,1n8z_3,PDB/mutant_pdbs/1n8z/1n8z_3.pdb
C_F539A,SKEMPI_v2.0,1N8Z,1.39e-09,"A, B",C,PDB/SKEMPI_v2.0/1N8Z.pdb,12.077036557994315,1N8Z,1n8z_4,PDB/mutant_pdbs/1n8z/1n8z_4.pdb
A_N30S,SKEMPI_v2.0,1N8Z,3.9e-10,"A, B",C,PDB/SKEMPI_v2.0/1N8Z.pdb,13.346284493596412,1N8Z,1n8z_5,PDB/mutant_pdbs/1n8z/1n8z_5.pdb
A_H91F,SKEMPI_v2.0,1N8Z,3.7e-10,"A, B",C,PDB/SKEMPI_v2.0/1N8Z.pdb,13.378714787522037,1N8Z,1n8z_6,PDB/mutant_pdbs/1n8z/1n8z_6.pdb
"A_H91F, A_N30S, A_Y92W",SKEMPI_v2.0,1N8Z,3.1e-10,"A, B",C,PDB/SKEMPI_v2.0/1N8Z.pdb,13.487709999110832,1N8Z,1n8z_7,PDB/mutant_pdbs/1n8z/1n8z_7.pdb
A_T94S,SKEMPI_v2.0,1N8Z,5.9e-10,"A, B",C,PDB/SKEMPI_v2.0/1N8Z.pdb,13.091261608418813,1N8Z,1n8z_8,PDB/mutant_pdbs/1n8z/1n8z_8.pdb
B_D102W,SKEMPI_v2.0,1N8Z,1.1e-10,"A, B",C,PDB/SKEMPI_v2.0/1N8Z.pdb,14.125977151798146,1N8Z,1n8z_9,PDB/mutant_pdbs/1n8z/1n8z_9.pdb
B_Y105F,SKEMPI_v2.0,1N8Z,1.4e-09,"A, B",C,PDB/SKEMPI_v2.0/1N8Z.pdb,12.558944149405145,1N8Z,1n8z_10,PDB/mutant_pdbs/1n8z/1n8z_10.pdb
B_Y109V,SKEMPI_v2.0,1N8Z,5.1e-10,"A, B",C,PDB/SKEMPI_v2.0/1N8Z.pdb,13.181024939250133,1N8Z,1n8z_11,PDB/mutant_pdbs/1n8z/1n8z_11.pdb
"A_H91F, A_N30S, A_T94S, A_Y92W, B_D102W, B_Y105F, B_Y109V",SKEMPI_v2.0,1N8Z,3.8e-10,"A, B",C,PDB/SKEMPI_v2.0/1N8Z.pdb,13.36228625872867,1N8Z,1n8z_12,PDB/mutant_pdbs/1n8z/1n8z_12.pdb
B_R50A,SKEMPI_v2.0,1N8Z,7e-08,"A, B",C,PDB/SKEMPI_v2.0/1N8Z.pdb,9.919836488751823,1N8Z,1n8z_13,PDB/mutant_pdbs/1n8z/1n8z_13.pdb
B_R59A,SKEMPI_v2.0,1N8Z,1e-08,"A, B",C,PDB/SKEMPI_v2.0/1N8Z.pdb,11.09151353209775,1N8Z,1n8z_14,PDB/mutant_pdbs/1n8z/1n8z_14.pdb
H_N31Q,SKEMPI_v2.0,1NCA,5e-08,N,"H, L",PDB/SKEMPI_v2.0/1NCA.pdb,9.95539725765564,1NCA,1nca_1,PDB/mutant_pdbs/1nca/1nca_1.pdb
H_E100D,SKEMPI_v2.0,1NCA,1e-07,N,"H, L",PDB/SKEMPI_v2.0/1NCA.pdb,9.544924598991711,1NCA,1nca_2,PDB/mutant_pdbs/1nca/1nca_2.pdb
H_D101K,SKEMPI_v2.0,1NCA,1.67e-07,N,"H, L",PDB/SKEMPI_v2.0/1NCA.pdb,9.241237181269256,1NCA,1nca_3,PDB/mutant_pdbs/1nca/1nca_3.pdb
H_N102Q,SKEMPI_v2.0,1NCA,1.25e-07,N,"H, L",PDB/SKEMPI_v2.0/1NCA.pdb,9.412781917984683,1NCA,1nca_4,PDB/mutant_pdbs/1nca/1nca_4.pdb
H_D57N,SKEMPI_v2.0,1NMB,6.67e-06,N,"H, L",PDB/SKEMPI_v2.0/1NMB.pdb,7.057618378447948,1NMB,1nmb_1,PDB/mutant_pdbs/1nmb/1nmb_1.pdb
H_D57E,SKEMPI_v2.0,1NMB,6.67e-06,N,"H, L",PDB/SKEMPI_v2.0/1NMB.pdb,7.057618378447948,1NMB,1nmb_2,PDB/mutant_pdbs/1nmb/1nmb_2.pdb
H_Y103A,SKEMPI_v2.0,1NMB,1.69e-06,N,"H, L",PDB/SKEMPI_v2.0/1NMB.pdb,7.87062659732858,1NMB,1nmb_3,PDB/mutant_pdbs/1nmb/1nmb_3.pdb
H_Y105F,SKEMPI_v2.0,1NMB,5e-07,N,"H, L",PDB/SKEMPI_v2.0/1NMB.pdb,8.591836600656825,1NMB,1nmb_4,PDB/mutant_pdbs/1nmb/1nmb_4.pdb
L_Y32F,SKEMPI_v2.0,1NMB,1e-07,N,"H, L",PDB/SKEMPI_v2.0/1NMB.pdb,9.544924598991711,1NMB,1nmb_5,PDB/mutant_pdbs/1nmb/1nmb_5.pdb
L_T93F,SKEMPI_v2.0,1NMB,4.37e-08,N,"H, L",PDB/SKEMPI_v2.0/1NMB.pdb,10.035149966999592,1NMB,1nmb_6,PDB/mutant_pdbs/1nmb/1nmb_6.pdb
L_T93W,SKEMPI_v2.0,1NMB,6.21e-08,N,"H, L",PDB/SKEMPI_v2.0/1NMB.pdb,9.827056752593508,1NMB,1nmb_7,PDB/mutant_pdbs/1nmb/1nmb_7.pdb
L_L94V,SKEMPI_v2.0,1NMB,2.08e-07,N,"H, L",PDB/SKEMPI_v2.0/1NMB.pdb,9.111225949002653,1NMB,1nmb_8,PDB/mutant_pdbs/1nmb/1nmb_8.pdb
E_D28A,SKEMPI_v2.0,1OGA,7.4e-05,"A, B, C","D, E",PDB/SKEMPI_v2.0/1OGA.pdb,5.632553110153499,1OGA,1oga_1,PDB/mutant_pdbs/1oga/1oga_1.pdb
E_D28S,SKEMPI_v2.0,1OGA,0.0002,"A, B, C","D, E",PDB/SKEMPI_v2.0/1OGA.pdb,5.043769969331335,1OGA,1oga_2,PDB/mutant_pdbs/1oga/1oga_2.pdb
E_Q48A,SKEMPI_v2.0,1OGA,0.0002,"A, B, C","D, E",PDB/SKEMPI_v2.0/1OGA.pdb,5.043769969331335,1OGA,1oga_3,PDB/mutant_pdbs/1oga/1oga_3.pdb
E_Q48E,SKEMPI_v2.0,1OGA,0.0002,"A, B, C","D, E",PDB/SKEMPI_v2.0/1OGA.pdb,5.043769969331335,1OGA,1oga_4,PDB/mutant_pdbs/1oga/1oga_4.pdb
E_I49A,SKEMPI_v2.0,1OGA,0.0002,"A, B, C","D, E",PDB/SKEMPI_v2.0/1OGA.pdb,5.043769969331335,1OGA,1oga_5,PDB/mutant_pdbs/1oga/1oga_5.pdb
E_I49G,SKEMPI_v2.0,1OGA,0.0002,"A, B, C","D, E",PDB/SKEMPI_v2.0/1OGA.pdb,5.043769969331335,1OGA,1oga_6,PDB/mutant_pdbs/1oga/1oga_6.pdb
E_I49N,SKEMPI_v2.0,1OGA,0.0002,"A, B, C","D, E",PDB/SKEMPI_v2.0/1OGA.pdb,5.043769969331335,1OGA,1oga_7,PDB/mutant_pdbs/1oga/1oga_7.pdb
E_I49V,SKEMPI_v2.0,1OGA,7.3e-06,"A, B, C","D, E",PDB/SKEMPI_v2.0/1OGA.pdb,7.004170855644951,1OGA,1oga_8,PDB/mutant_pdbs/1oga/1oga_8.pdb
E_I49L,SKEMPI_v2.0,1OGA,5.7e-05,"A, B, C","D, E",PDB/SKEMPI_v2.0/1OGA.pdb,5.787122070184412,1OGA,1oga_9,PDB/mutant_pdbs/1oga/1oga_9.pdb
E_N51A,SKEMPI_v2.0,1OGA,3.5e-05,"A, B, C","D, E",PDB/SKEMPI_v2.0/1OGA.pdb,6.0759335049877565,1OGA,1oga_10,PDB/mutant_pdbs/1oga/1oga_10.pdb
E_N51D,SKEMPI_v2.0,1OGA,1.2e-05,"A, B, C","D, E",PDB/SKEMPI_v2.0/1OGA.pdb,6.709834853111396,1OGA,1oga_11,PDB/mutant_pdbs/1oga/1oga_11.pdb
E_D52A,SKEMPI_v2.0,1OGA,6.5e-06,"A, B, C","D, E",PDB/SKEMPI_v2.0/1OGA.pdb,7.0729072713258505,1OGA,1oga_12,PDB/mutant_pdbs/1oga/1oga_12.pdb
E_Q54A,SKEMPI_v2.0,1OGA,1.2e-05,"A, B, C","D, E",PDB/SKEMPI_v2.0/1OGA.pdb,6.709834853111396,1OGA,1oga_13,PDB/mutant_pdbs/1oga/1oga_13.pdb
E_Q54E,SKEMPI_v2.0,1OGA,5.2e-06,"A, B, C","D, E",PDB/SKEMPI_v2.0/1OGA.pdb,7.205049952332879,1OGA,1oga_14,PDB/mutant_pdbs/1oga/1oga_14.pdb
E_R94A,SKEMPI_v2.0,1OGA,0.0002,"A, B, C","D, E",PDB/SKEMPI_v2.0/1OGA.pdb,5.043769969331335,1OGA,1oga_15,PDB/mutant_pdbs/1oga/1oga_15.pdb
E_R94H,SKEMPI_v2.0,1OGA,0.0002,"A, B, C","D, E",PDB/SKEMPI_v2.0/1OGA.pdb,5.043769969331335,1OGA,1oga_16,PDB/mutant_pdbs/1oga/1oga_16.pdb
E_S95A,SKEMPI_v2.0,1OGA,4.9e-06,"A, B, C","D, E",PDB/SKEMPI_v2.0/1OGA.pdb,7.240239721651208,1OGA,1oga_17,PDB/mutant_pdbs/1oga/1oga_17.pdb
E_Y97A,SKEMPI_v2.0,1OGA,7.7e-06,"A, B, C","D, E",PDB/SKEMPI_v2.0/1OGA.pdb,6.972580066353349,1OGA,1oga_18,PDB/mutant_pdbs/1oga/1oga_18.pdb
E_Y97F,SKEMPI_v2.0,1OGA,1.2e-05,"A, B, C","D, E",PDB/SKEMPI_v2.0/1OGA.pdb,6.709834853111396,1OGA,1oga_19,PDB/mutant_pdbs/1oga/1oga_19.pdb
D_S29A,SKEMPI_v2.0,1OGA,1.5e-05,"A, B, C","D, E",PDB/SKEMPI_v2.0/1OGA.pdb,6.577692172104367,1OGA,1oga_20,PDB/mutant_pdbs/1oga/1oga_20.pdb
D_S30A,SKEMPI_v2.0,1OGA,3e-05,"A, B, C","D, E",PDB/SKEMPI_v2.0/1OGA.pdb,6.167219513440438,1OGA,1oga_21,PDB/mutant_pdbs/1oga/1oga_21.pdb
D_Q32A,SKEMPI_v2.0,1OGA,2.7e-05,"A, B, C","D, E",PDB/SKEMPI_v2.0/1OGA.pdb,6.229612627331968,1OGA,1oga_22,PDB/mutant_pdbs/1oga/1oga_22.pdb
A_Q43A,SKEMPI_v2.0,1OGA,5.09e-06,"A, B, C","D, E",PDB/SKEMPI_v2.0/1OGA.pdb,7.217711378397039,1OGA,1oga_23,PDB/mutant_pdbs/1oga/1oga_23.pdb
A_E58A,SKEMPI_v2.0,1OGA,6.41e-06,"A, B, C","D, E",PDB/SKEMPI_v2.0/1OGA.pdb,7.081164077157446,1OGA,1oga_24,PDB/mutant_pdbs/1oga/1oga_24.pdb
A_D61A,SKEMPI_v2.0,1OGA,6.47e-06,"A, B, C","D, E",PDB/SKEMPI_v2.0/1OGA.pdb,7.07564676828113,1OGA,1oga_25,PDB/mutant_pdbs/1oga/1oga_25.pdb
A_E63A,SKEMPI_v2.0,1OGA,5.14e-06,"A, B, C","D, E",PDB/SKEMPI_v2.0/1OGA.pdb,7.21192260435377,1OGA,1oga_26,PDB/mutant_pdbs/1oga/1oga_26.pdb
A_T64A,SKEMPI_v2.0,1OGA,7.26e-06,"A, B, C","D, E",PDB/SKEMPI_v2.0/1OGA.pdb,7.007424637836736,1OGA,1oga_27,PDB/mutant_pdbs/1oga/1oga_27.pdb
A_R65A,SKEMPI_v2.0,1OGA,2.86e-06,"A, B, C","D, E",PDB/SKEMPI_v2.0/1OGA.pdb,7.559081174027514,1OGA,1oga_28,PDB/mutant_pdbs/1oga/1oga_28.pdb
A_K66A,SKEMPI_v2.0,1OGA,5.09e-06,"A, B, C","D, E",PDB/SKEMPI_v2.0/1OGA.pdb,7.217711378397039,1OGA,1oga_29,PDB/mutant_pdbs/1oga/1oga_29.pdb
A_V67A,SKEMPI_v2.0,1OGA,4.19e-06,"A, B, C","D, E",PDB/SKEMPI_v2.0/1OGA.pdb,7.332937380043097,1OGA,1oga_30,PDB/mutant_pdbs/1oga/1oga_30.pdb
A_K68A,SKEMPI_v2.0,1OGA,8.06e-06,"A, B, C","D, E",PDB/SKEMPI_v2.0/1OGA.pdb,6.945521136928097,1OGA,1oga_31,PDB/mutant_pdbs/1oga/1oga_31.pdb
A_A69G,SKEMPI_v2.0,1OGA,1.09e-05,"A, B, C","D, E",PDB/SKEMPI_v2.0/1OGA.pdb,6.766769984872997,1OGA,1oga_32,PDB/mutant_pdbs/1oga/1oga_32.pdb
A_H70A,SKEMPI_v2.0,1OGA,1.27e-05,"A, B, C","D, E",PDB/SKEMPI_v2.0/1OGA.pdb,6.676260615048454,1OGA,1oga_33,PDB/mutant_pdbs/1oga/1oga_33.pdb
A_Q72A,SKEMPI_v2.0,1OGA,2.44e-06,"A, B, C","D, E",PDB/SKEMPI_v2.0/1OGA.pdb,7.653134415875801,1OGA,1oga_34,PDB/mutant_pdbs/1oga/1oga_34.pdb
A_T73A,SKEMPI_v2.0,1OGA,2.22e-05,"A, B, C","D, E",PDB/SKEMPI_v2.0/1OGA.pdb,6.345529995598673,1OGA,1oga_35,PDB/mutant_pdbs/1oga/1oga_35.pdb
A_H74A,SKEMPI_v2.0,1OGA,1.47e-05,"A, B, C","D, E",PDB/SKEMPI_v2.0/1OGA.pdb,6.5896559500975656,1OGA,1oga_36,PDB/mutant_pdbs/1oga/1oga_36.pdb
A_R75A,SKEMPI_v2.0,1OGA,1.76e-05,"A, B, C","D, E",PDB/SKEMPI_v2.0/1OGA.pdb,6.483031870367886,1OGA,1oga_37,PDB/mutant_pdbs/1oga/1oga_37.pdb
A_V76A,SKEMPI_v2.0,1OGA,2.31e-05,"A, B, C","D, E",PDB/SKEMPI_v2.0/1OGA.pdb,6.321996294799707,1OGA,1oga_38,PDB/mutant_pdbs/1oga/1oga_38.pdb
A_T80A,SKEMPI_v2.0,1OGA,7.37e-06,"A, B, C","D, E",PDB/SKEMPI_v2.0/1OGA.pdb,6.998519404322694,1OGA,1oga_39,PDB/mutant_pdbs/1oga/1oga_39.pdb
A_K146A,SKEMPI_v2.0,1OGA,0.000138,"A, B, C","D, E",PDB/SKEMPI_v2.0/1OGA.pdb,5.2635090090415995,1OGA,1oga_40,PDB/mutant_pdbs/1oga/1oga_40.pdb
A_A149G,SKEMPI_v2.0,1OGA,6.52e-06,"A, B, C","D, E",PDB/SKEMPI_v2.0/1OGA.pdb,7.0710879553969725,1OGA,1oga_41,PDB/mutant_pdbs/1oga/1oga_41.pdb
A_A150G,SKEMPI_v2.0,1OGA,1.13e-05,"A, B, C","D, E",PDB/SKEMPI_v2.0/1OGA.pdb,6.745427607725354,1OGA,1oga_42,PDB/mutant_pdbs/1oga/1oga_42.pdb
A_H151A,SKEMPI_v2.0,1OGA,5.3e-06,"A, B, C","D, E",PDB/SKEMPI_v2.0/1OGA.pdb,7.1937698613916545,1OGA,1oga_43,PDB/mutant_pdbs/1oga/1oga_43.pdb
A_V152A,SKEMPI_v2.0,1OGA,5.57e-05,"A, B, C","D, E",PDB/SKEMPI_v2.0/1OGA.pdb,5.80078448503701,1OGA,1oga_44,PDB/mutant_pdbs/1oga/1oga_44.pdb
A_E154A,SKEMPI_v2.0,1OGA,1.49e-05,"A, B, C","D, E",PDB/SKEMPI_v2.0/1OGA.pdb,6.581653303054666,1OGA,1oga_45,PDB/mutant_pdbs/1oga/1oga_45.pdb
A_Q155A,SKEMPI_v2.0,1OGA,1.21e-05,"A, B, C","D, E",PDB/SKEMPI_v2.0/1OGA.pdb,6.7049204110554905,1OGA,1oga_46,PDB/mutant_pdbs/1oga/1oga_46.pdb
A_A158G,SKEMPI_v2.0,1OGA,6.63e-06,"A, B, C","D, E",PDB/SKEMPI_v2.0/1OGA.pdb,7.0611804154678675,1OGA,1oga_47,PDB/mutant_pdbs/1oga/1oga_47.pdb
A_T163A,SKEMPI_v2.0,1OGA,9.12e-06,"A, B, C","D, E",PDB/SKEMPI_v2.0/1OGA.pdb,6.872352749526328,1OGA,1oga_48,PDB/mutant_pdbs/1oga/1oga_48.pdb
"B_S11A, B_T12A",SKEMPI_v2.0,1OHZ,1.43e-08,A,B,PDB/SKEMPI_v2.0/1OHZ.pdb,12.132470468392304,1OHZ,1ohz_1,PDB/mutant_pdbs/1ohz/1ohz_1.pdb
"B_S45A, B_T46A",SKEMPI_v2.0,1OHZ,1.43e-08,A,B,PDB/SKEMPI_v2.0/1OHZ.pdb,12.132470468392304,1OHZ,1ohz_2,PDB/mutant_pdbs/1ohz/1ohz_2.pdb
"B_S11A, B_S45A, B_T12A, B_T46A",SKEMPI_v2.0,1OHZ,1.25e-08,A,B,PDB/SKEMPI_v2.0/1OHZ.pdb,12.222831511222893,1OHZ,1ohz_3,PDB/mutant_pdbs/1ohz/1ohz_3.pdb
"B_S11Q, B_S45Q",SKEMPI_v2.0,1OHZ,5e-07,A,B,PDB/SKEMPI_v2.0/1OHZ.pdb,9.745103258463109,1OHZ,1ohz_4,PDB/mutant_pdbs/1ohz/1ohz_4.pdb
"B_S11L, B_S45Q, B_T12L",SKEMPI_v2.0,1OHZ,2e-06,A,B,PDB/SKEMPI_v2.0/1OHZ.pdb,8.813963938809364,1OHZ,1ohz_5,PDB/mutant_pdbs/1ohz/1ohz_5.pdb
A_S15P,SKEMPI_v2.0,1P69,2.9e-07,A,B,PDB/SKEMPI_v2.0/1P69.pdb,8.914416881181673,1P69,1p69_1,PDB/mutant_pdbs/1p69/1p69_1.pdb
A_Y87S,SKEMPI_v2.0,1P6A,2.9e-07,A,B,PDB/SKEMPI_v2.0/1P6A.pdb,8.914416881181673,1P6A,1p6a_1,PDB/mutant_pdbs/1p6a/1p6a_1.pdb
I_L18G,SKEMPI_v2.0,1PPF,4.55e-08,E,I,PDB/SKEMPI_v2.0/1PPF.pdb,9.876867651925172,1PPF,1ppf_1,PDB/mutant_pdbs/1ppf/1ppf_1.pdb
I_L18A,SKEMPI_v2.0,1PPF,1e-09,E,I,PDB/SKEMPI_v2.0/1PPF.pdb,12.10732046449284,1PPF,1ppf_2,PDB/mutant_pdbs/1ppf/1ppf_2.pdb
I_L18S,SKEMPI_v2.0,1PPF,3.03e-08,E,I,PDB/SKEMPI_v2.0/1PPF.pdb,10.114398169710837,1PPF,1ppf_3,PDB/mutant_pdbs/1ppf/1ppf_3.pdb
I_L18C,SKEMPI_v2.0,1PPF,1.41e-10,E,I,PDB/SKEMPI_v2.0/1PPF.pdb,13.25184011428694,1PPF,1ppf_4,PDB/mutant_pdbs/1ppf/1ppf_4.pdb
I_L18V,SKEMPI_v2.0,1PPF,7.14e-11,E,I,PDB/SKEMPI_v2.0/1PPF.pdb,13.649391919942513,1PPF,1ppf_5,PDB/mutant_pdbs/1ppf/1ppf_5.pdb
I_L18T,SKEMPI_v2.0,1PPF,7.69e-10,E,I,PDB/SKEMPI_v2.0/1PPF.pdb,12.260778949001923,1PPF,1ppf_6,PDB/mutant_pdbs/1ppf/1ppf_6.pdb
I_L18P,SKEMPI_v2.0,1PPF,5.26e-06,E,I,PDB/SKEMPI_v2.0/1PPF.pdb,7.1016352591285425,1PPF,1ppf_7,PDB/mutant_pdbs/1ppf/1ppf_7.pdb
I_L18I,SKEMPI_v2.0,1PPF,4.76e-11,E,I,PDB/SKEMPI_v2.0/1PPF.pdb,13.886280064873976,1PPF,1ppf_8,PDB/mutant_pdbs/1ppf/1ppf_8.pdb
I_L18M,SKEMPI_v2.0,1PPF,1.37e-09,E,I,PDB/SKEMPI_v2.0/1PPF.pdb,11.923396051087302,1PPF,1ppf_9,PDB/mutant_pdbs/1ppf/1ppf_9.pdb
I_L18N,SKEMPI_v2.0,1PPF,1.11e-06,E,I,PDB/SKEMPI_v2.0/1PPF.pdb,8.010575884264618,1PPF,1ppf_10,PDB/mutant_pdbs/1ppf/1ppf_10.pdb
I_L18D,SKEMPI_v2.0,1PPF,6.25e-05,E,I,PDB/SKEMPI_v2.0/1PPF.pdb,5.655625322354818,1PPF,1ppf_11,PDB/mutant_pdbs/1ppf/1ppf_11.pdb
I_L18K,SKEMPI_v2.0,1PPF,2.63e-06,E,I,PDB/SKEMPI_v2.0/1PPF.pdb,7.506598217676177,1PPF,1ppf_12,PDB/mutant_pdbs/1ppf/1ppf_12.pdb
I_L18Q,SKEMPI_v2.0,1PPF,4.35e-08,E,I,PDB/SKEMPI_v2.0/1PPF.pdb,9.903129963206334,1PPF,1ppf_13,PDB/mutant_pdbs/1ppf/1ppf_13.pdb
I_L18E,SKEMPI_v2.0,1PPF,2.44e-05,E,I,PDB/SKEMPI_v2.0/1PPF.pdb,6.205149950032997,1PPF,1ppf_14,PDB/mutant_pdbs/1ppf/1ppf_14.pdb
I_L18H,SKEMPI_v2.0,1PPF,9.09e-06,E,I,PDB/SKEMPI_v2.0/1PPF.pdb,6.7820314074555546,1PPF,1ppf_15,PDB/mutant_pdbs/1ppf/1ppf_15.pdb
I_L18F,SKEMPI_v2.0,1PPF,1.01e-06,E,I,PDB/SKEMPI_v2.0/1PPF.pdb,8.065733614413748,1PPF,1ppf_16,PDB/mutant_pdbs/1ppf/1ppf_16.pdb
I_L18R,SKEMPI_v2.0,1PPF,3.03e-05,E,I,PDB/SKEMPI_v2.0/1PPF.pdb,6.078624681546557,1PPF,1ppf_17,PDB/mutant_pdbs/1ppf/1ppf_17.pdb
I_L18Y,SKEMPI_v2.0,1PPF,1.2e-05,E,I,PDB/SKEMPI_v2.0/1PPF.pdb,6.619769955754195,1PPF,1ppf_18,PDB/mutant_pdbs/1ppf/1ppf_18.pdb
I_L18W,SKEMPI_v2.0,1PPF,5.56e-05,E,I,PDB/SKEMPI_v2.0/1PPF.pdb,5.723971450085003,1PPF,1ppf_19,PDB/mutant_pdbs/1ppf/1ppf_19.pdb
I_A15G,SKEMPI_v2.0,1PPF,1.12e-09,E,I,PDB/SKEMPI_v2.0/1PPF.pdb,12.041109534148777,1PPF,1ppf_20,PDB/mutant_pdbs/1ppf/1ppf_20.pdb
I_A15S,SKEMPI_v2.0,1PPF,5.88e-10,E,I,PDB/SKEMPI_v2.0/1PPF.pdb,12.417567422223332,1PPF,1ppf_21,PDB/mutant_pdbs/1ppf/1ppf_21.pdb
I_A15C,SKEMPI_v2.0,1PPF,5.26e-11,E,I,PDB/SKEMPI_v2.0/1PPF.pdb,13.827924406069007,1PPF,1ppf_22,PDB/mutant_pdbs/1ppf/1ppf_22.pdb
I_A15V,SKEMPI_v2.0,1PPF,2.33e-10,E,I,PDB/SKEMPI_v2.0/1PPF.pdb,12.958389864948607,1PPF,1ppf_23,PDB/mutant_pdbs/1ppf/1ppf_23.pdb
I_A15T,SKEMPI_v2.0,1PPF,8.33e-10,E,I,PDB/SKEMPI_v2.0/1PPF.pdb,12.21407339765144,1PPF,1ppf_24,PDB/mutant_pdbs/1ppf/1ppf_24.pdb
I_A15P,SKEMPI_v2.0,1PPF,4.76e-09,E,I,PDB/SKEMPI_v2.0/1PPF.pdb,11.195764406097789,1PPF,1ppf_25,PDB/mutant_pdbs/1ppf/1ppf_25.pdb
I_A15L,SKEMPI_v2.0,1PPF,1.69e-10,E,I,PDB/SKEMPI_v2.0/1PPF.pdb,13.146011920285938,1PPF,1ppf_26,PDB/mutant_pdbs/1ppf/1ppf_26.pdb
I_A15I,SKEMPI_v2.0,1PPF,2.86e-10,E,I,PDB/SKEMPI_v2.0/1PPF.pdb,12.838648314747301,1PPF,1ppf_27,PDB/mutant_pdbs/1ppf/1ppf_27.pdb
I_A15M,SKEMPI_v2.0,1PPF,8.33e-11,E,I,PDB/SKEMPI_v2.0/1PPF.pdb,13.559331227039534,1PPF,1ppf_28,PDB/mutant_pdbs/1ppf/1ppf_28.pdb
I_A15N,SKEMPI_v2.0,1PPF,7.69e-10,E,I,PDB/SKEMPI_v2.0/1PPF.pdb,12.260778949001923,1PPF,1ppf_29,PDB/mutant_pdbs/1ppf/1ppf_29.pdb
I_A15D,SKEMPI_v2.0,1PPF,1.12e-09,E,I,PDB/SKEMPI_v2.0/1PPF.pdb,12.041109534148777,1PPF,1ppf_30,PDB/mutant_pdbs/1ppf/1ppf_30.pdb
I_A15K,SKEMPI_v2.0,1PPF,1.1e-09,E,I,PDB/SKEMPI_v2.0/1PPF.pdb,12.05163663070434,1PPF,1ppf_31,PDB/mutant_pdbs/1ppf/1ppf_31.pdb
I_A15Q,SKEMPI_v2.0,1PPF,2.5e-10,E,I,PDB/SKEMPI_v2.0/1PPF.pdb,12.91724638158811,1PPF,1ppf_32,PDB/mutant_pdbs/1ppf/1ppf_32.pdb
I_A15E,SKEMPI_v2.0,1PPF,1.96e-10,E,I,PDB/SKEMPI_v2.0/1PPF.pdb,13.059418525702428,1PPF,1ppf_33,PDB/mutant_pdbs/1ppf/1ppf_33.pdb
I_A15H,SKEMPI_v2.0,1PPF,4.17e-10,E,I,PDB/SKEMPI_v2.0/1PPF.pdb,12.618335410641642,1PPF,1ppf_34,PDB/mutant_pdbs/1ppf/1ppf_34.pdb
I_A15F,SKEMPI_v2.0,1PPF,1.45e-10,E,I,PDB/SKEMPI_v2.0/1PPF.pdb,13.235496725461617,1PPF,1ppf_35,PDB/mutant_pdbs/1ppf/1ppf_35.pdb
I_A15R,SKEMPI_v2.0,1PPF,1.05e-10,E,I,PDB/SKEMPI_v2.0/1PPF.pdb,13.424073223407854,1PPF,1ppf_36,PDB/mutant_pdbs/1ppf/1ppf_36.pdb
I_A15Y,SKEMPI_v2.0,1PPF,1.2e-10,E,I,PDB/SKEMPI_v2.0/1PPF.pdb,13.346059102694662,1PPF,1ppf_37,PDB/mutant_pdbs/1ppf/1ppf_37.pdb
I_A15W,SKEMPI_v2.0,1PPF,5.56e-11,E,I,PDB/SKEMPI_v2.0/1PPF.pdb,13.795518426413562,1PPF,1ppf_38,PDB/mutant_pdbs/1ppf/1ppf_38.pdb
I_T17G,SKEMPI_v2.0,1PPF,7.14e-08,E,I,PDB/SKEMPI_v2.0/1PPF.pdb,9.613618431778233,1PPF,1ppf_39,PDB/mutant_pdbs/1ppf/1ppf_39.pdb
I_T17A,SKEMPI_v2.0,1PPF,5.88e-08,E,I,PDB/SKEMPI_v2.0/1PPF.pdb,9.727051763447145,1PPF,1ppf_40,PDB/mutant_pdbs/1ppf/1ppf_40.pdb
I_T17S,SKEMPI_v2.0,1PPF,2.08e-09,E,I,PDB/SKEMPI_v2.0/1PPF.pdb,11.679443272892899,1PPF,1ppf_41,PDB/mutant_pdbs/1ppf/1ppf_41.pdb
I_T17C,SKEMPI_v2.0,1PPF,5.56e-09,E,I,PDB/SKEMPI_v2.0/1PPF.pdb,11.105002767637375,1PPF,1ppf_42,PDB/mutant_pdbs/1ppf/1ppf_42.pdb
I_T17V,SKEMPI_v2.0,1PPF,2e-09,E,I,PDB/SKEMPI_v2.0/1PPF.pdb,11.702357505945207,1PPF,1ppf_43,PDB/mutant_pdbs/1ppf/1ppf_43.pdb
I_T17P,SKEMPI_v2.0,1PPF,2.94e-08,E,I,PDB/SKEMPI_v2.0/1PPF.pdb,10.13201472199478,1PPF,1ppf_44,PDB/mutant_pdbs/1ppf/1ppf_44.pdb
I_T17L,SKEMPI_v2.0,1PPF,7.69e-09,E,I,PDB/SKEMPI_v2.0/1PPF.pdb,10.915521119613828,1PPF,1ppf_45,PDB/mutant_pdbs/1ppf/1ppf_45.pdb
I_T17I,SKEMPI_v2.0,1PPF,2e-09,E,I,PDB/SKEMPI_v2.0/1PPF.pdb,11.702357505945207,1PPF,1ppf_46,PDB/mutant_pdbs/1ppf/1ppf_46.pdb
I_T17M,SKEMPI_v2.0,1PPF,1.12e-08,E,I,PDB/SKEMPI_v2.0/1PPF.pdb,10.695851704760685,1PPF,1ppf_47,PDB/mutant_pdbs/1ppf/1ppf_47.pdb
I_T17N,SKEMPI_v2.0,1PPF,1.56e-08,E,I,PDB/SKEMPI_v2.0/1PPF.pdb,10.502260257120977,1PPF,1ppf_48,PDB/mutant_pdbs/1ppf/1ppf_48.pdb
I_T17D,SKEMPI_v2.0,1PPF,6.67e-07,E,I,PDB/SKEMPI_v2.0/1PPF.pdb,8.308143075239425,1PPF,1ppf_49,PDB/mutant_pdbs/1ppf/1ppf_49.pdb
I_T17K,SKEMPI_v2.0,1PPF,5e-08,E,I,PDB/SKEMPI_v2.0/1PPF.pdb,9.821767764264287,1PPF,1ppf_50,PDB/mutant_pdbs/1ppf/1ppf_50.pdb
I_T17Q,SKEMPI_v2.0,1PPF,4.55e-09,E,I,PDB/SKEMPI_v2.0/1PPF.pdb,11.222125481313265,1PPF,1ppf_51,PDB/mutant_pdbs/1ppf/1ppf_51.pdb
I_T17E,SKEMPI_v2.0,1PPF,2.78e-08,E,I,PDB/SKEMPI_v2.0/1PPF.pdb,10.164707896796918,1PPF,1ppf_52,PDB/mutant_pdbs/1ppf/1ppf_52.pdb
I_T17H,SKEMPI_v2.0,1PPF,2.86e-09,E,I,PDB/SKEMPI_v2.0/1PPF.pdb,11.49339048535921,1PPF,1ppf_53,PDB/mutant_pdbs/1ppf/1ppf_53.pdb
I_T17F,SKEMPI_v2.0,1PPF,2.94e-09,E,I,PDB/SKEMPI_v2.0/1PPF.pdb,11.477272551382875,1PPF,1ppf_54,PDB/mutant_pdbs/1ppf/1ppf_54.pdb
I_T17R,SKEMPI_v2.0,1PPF,5.56e-08,E,I,PDB/SKEMPI_v2.0/1PPF.pdb,9.75974493824928,1PPF,1ppf_55,PDB/mutant_pdbs/1ppf/1ppf_55.pdb
I_T17Y,SKEMPI_v2.0,1PPF,1.08e-08,E,I,PDB/SKEMPI_v2.0/1PPF.pdb,10.717099066348375,1PPF,1ppf_56,PDB/mutant_pdbs/1ppf/1ppf_56.pdb
I_T17W,SKEMPI_v2.0,1PPF,6.67e-09,E,I,PDB/SKEMPI_v2.0/1PPF.pdb,10.998658734015612,1PPF,1ppf_57,PDB/mutant_pdbs/1ppf/1ppf_57.pdb
I_E19G,SKEMPI_v2.0,1PPF,5.88e-09,E,I,PDB/SKEMPI_v2.0/1PPF.pdb,11.07230959283524,1PPF,1ppf_58,PDB/mutant_pdbs/1ppf/1ppf_58.pdb
I_E19A,SKEMPI_v2.0,1PPF,1.25e-09,E,I,PDB/SKEMPI_v2.0/1PPF.pdb,11.97695151074765,1PPF,1ppf_59,PDB/mutant_pdbs/1ppf/1ppf_59.pdb
I_E19S,SKEMPI_v2.0,1PPF,3.7e-09,E,I,PDB/SKEMPI_v2.0/1PPF.pdb,11.342942646519901,1PPF,1ppf_60,PDB/mutant_pdbs/1ppf/1ppf_60.pdb
I_E19C,SKEMPI_v2.0,1PPF,1.75e-09,E,I,PDB/SKEMPI_v2.0/1PPF.pdb,11.780371626658399,1PPF,1ppf_61,PDB/mutant_pdbs/1ppf/1ppf_61.pdb
I_E19V,SKEMPI_v2.0,1PPF,1.16e-09,E,I,PDB/SKEMPI_v2.0/1PPF.pdb,12.020607849818715,1PPF,1ppf_62,PDB/mutant_pdbs/1ppf/1ppf_62.pdb
I_E19T,SKEMPI_v2.0,1PPF,2.08e-09,E,I,PDB/SKEMPI_v2.0/1PPF.pdb,11.679443272892899,1PPF,1ppf_63,PDB/mutant_pdbs/1ppf/1ppf_63.pdb
I_E19P,SKEMPI_v2.0,1PPF,3.7e-08,E,I,PDB/SKEMPI_v2.0/1PPF.pdb,9.997684817131809,1PPF,1ppf_64,PDB/mutant_pdbs/1ppf/1ppf_64.pdb
I_E19L,SKEMPI_v2.0,1PPF,1e-09,E,I,PDB/SKEMPI_v2.0/1PPF.pdb,12.10732046449284,1PPF,1ppf_65,PDB/mutant_pdbs/1ppf/1ppf_65.pdb
I_E19I,SKEMPI_v2.0,1PPF,5.56e-10,E,I,PDB/SKEMPI_v2.0/1PPF.pdb,12.45026059702547,1PPF,1ppf_66,PDB/mutant_pdbs/1ppf/1ppf_66.pdb
I_E19M,SKEMPI_v2.0,1PPF,1.14e-09,E,I,PDB/SKEMPI_v2.0/1PPF.pdb,12.030768767702286,1PPF,1ppf_67,PDB/mutant_pdbs/1ppf/1ppf_67.pdb
I_E19N,SKEMPI_v2.0,1PPF,1.27e-09,E,I,PDB/SKEMPI_v2.0/1PPF.pdb,11.967677696157223,1PPF,1ppf_68,PDB/mutant_pdbs/1ppf/1ppf_68.pdb
I_E19D,SKEMPI_v2.0,1PPF,4.35e-10,E,I,PDB/SKEMPI_v2.0/1PPF.pdb,12.593645621982523,1PPF,1ppf_69,PDB/mutant_pdbs/1ppf/1ppf_69.pdb
I_E19K,SKEMPI_v2.0,1PPF,5.88e-09,E,I,PDB/SKEMPI_v2.0/1PPF.pdb,11.07230959283524,1PPF,1ppf_70,PDB/mutant_pdbs/1ppf/1ppf_70.pdb
I_E19Q,SKEMPI_v2.0,1PPF,5e-10,E,I,PDB/SKEMPI_v2.0/1PPF.pdb,12.512283423040476,1PPF,1ppf_71,PDB/mutant_pdbs/1ppf/1ppf_71.pdb
I_E19H,SKEMPI_v2.0,1PPF,5.26e-10,E,I,PDB/SKEMPI_v2.0/1PPF.pdb,12.482666576680916,1PPF,1ppf_72,PDB/mutant_pdbs/1ppf/1ppf_72.pdb
I_E19F,SKEMPI_v2.0,1PPF,1.64e-09,E,I,PDB/SKEMPI_v2.0/1PPF.pdb,11.818300095810809,1PPF,1ppf_73,PDB/mutant_pdbs/1ppf/1ppf_73.pdb
I_E19R,SKEMPI_v2.0,1PPF,2e-09,E,I,PDB/SKEMPI_v2.0/1PPF.pdb,11.702357505945207,1PPF,1ppf_74,PDB/mutant_pdbs/1ppf/1ppf_74.pdb
I_E19Y,SKEMPI_v2.0,1PPF,1.35e-09,E,I,PDB/SKEMPI_v2.0/1PPF.pdb,11.931987941991277,1PPF,1ppf_75,PDB/mutant_pdbs/1ppf/1ppf_75.pdb
I_E19W,SKEMPI_v2.0,1PPF,2.17e-09,E,I,PDB/SKEMPI_v2.0/1PPF.pdb,11.654695373259273,1PPF,1ppf_76,PDB/mutant_pdbs/1ppf/1ppf_76.pdb
I_Y20G,SKEMPI_v2.0,1PPF,1.92e-07,E,I,PDB/SKEMPI_v2.0/1PPF.pdb,9.035691609727936,1PPF,1ppf_77,PDB/mutant_pdbs/1ppf/1ppf_77.pdb
I_Y20A,SKEMPI_v2.0,1PPF,3.7e-08,E,I,PDB/SKEMPI_v2.0/1PPF.pdb,9.997684817131809,1PPF,1ppf_78,PDB/mutant_pdbs/1ppf/1ppf_78.pdb
I_Y20S,SKEMPI_v2.0,1PPF,7.69e-08,E,I,PDB/SKEMPI_v2.0/1PPF.pdb,9.570263290225734,1PPF,1ppf_79,PDB/mutant_pdbs/1ppf/1ppf_79.pdb
I_Y20C,SKEMPI_v2.0,1PPF,5.56e-08,E,I,PDB/SKEMPI_v2.0/1PPF.pdb,9.75974493824928,1PPF,1ppf_80,PDB/mutant_pdbs/1ppf/1ppf_80.pdb
I_Y20V,SKEMPI_v2.0,1PPF,1.92e-07,E,I,PDB/SKEMPI_v2.0/1PPF.pdb,9.035691609727936,1PPF,1ppf_81,PDB/mutant_pdbs/1ppf/1ppf_81.pdb
I_Y20T,SKEMPI_v2.0,1PPF,8.33e-07,E,I,PDB/SKEMPI_v2.0/1PPF.pdb,8.17829990948716,1PPF,1ppf_82,PDB/mutant_pdbs/1ppf/1ppf_82.pdb
I_Y20P,SKEMPI_v2.0,1PPF,1.41e-06,E,I,PDB/SKEMPI_v2.0/1PPF.pdb,7.870808796734567,1PPF,1ppf_83,PDB/mutant_pdbs/1ppf/1ppf_83.pdb
I_Y20L,SKEMPI_v2.0,1PPF,1.67e-09,E,I,PDB/SKEMPI_v2.0/1PPF.pdb,11.807709387947867,1PPF,1ppf_84,PDB/mutant_pdbs/1ppf/1ppf_84.pdb
I_Y20I,SKEMPI_v2.0,1PPF,1.25e-07,E,I,PDB/SKEMPI_v2.0/1PPF.pdb,9.286435851971463,1PPF,1ppf_85,PDB/mutant_pdbs/1ppf/1ppf_85.pdb
I_Y20M,SKEMPI_v2.0,1PPF,1.89e-08,E,I,PDB/SKEMPI_v2.0/1PPF.pdb,10.390150228513932,1PPF,1ppf_86,PDB/mutant_pdbs/1ppf/1ppf_86.pdb
I_Y20N,SKEMPI_v2.0,1PPF,7.69e-08,E,I,PDB/SKEMPI_v2.0/1PPF.pdb,9.570263290225734,1PPF,1ppf_87,PDB/mutant_pdbs/1ppf/1ppf_87.pdb
I_Y20D,SKEMPI_v2.0,1PPF,8.33e-06,E,I,PDB/SKEMPI_v2.0/1PPF.pdb,6.833042080099067,1PPF,1ppf_88,PDB/mutant_pdbs/1ppf/1ppf_88.pdb
I_Y20K,SKEMPI_v2.0,1PPF,3.23e-07,E,I,PDB/SKEMPI_v2.0/1PPF.pdb,8.731796125806571,1PPF,1ppf_89,PDB/mutant_pdbs/1ppf/1ppf_89.pdb
I_Y20Q,SKEMPI_v2.0,1PPF,4.55e-07,E,I,PDB/SKEMPI_v2.0/1PPF.pdb,8.531609822537078,1PPF,1ppf_90,PDB/mutant_pdbs/1ppf/1ppf_90.pdb
I_Y20E,SKEMPI_v2.0,1PPF,8.33e-06,E,I,PDB/SKEMPI_v2.0/1PPF.pdb,6.833042080099067,1PPF,1ppf_91,PDB/mutant_pdbs/1ppf/1ppf_91.pdb
I_Y20H,SKEMPI_v2.0,1PPF,9.09e-09,E,I,PDB/SKEMPI_v2.0/1PPF.pdb,10.817804895619835,1PPF,1ppf_92,PDB/mutant_pdbs/1ppf/1ppf_92.pdb
I_Y20F,SKEMPI_v2.0,1PPF,3.7e-10,E,I,PDB/SKEMPI_v2.0/1PPF.pdb,12.688200475907996,1PPF,1ppf_93,PDB/mutant_pdbs/1ppf/1ppf_93.pdb
I_Y20R,SKEMPI_v2.0,1PPF,2.63e-07,E,I,PDB/SKEMPI_v2.0/1PPF.pdb,8.85185604706427,1PPF,1ppf_94,PDB/mutant_pdbs/1ppf/1ppf_94.pdb
I_Y20W,SKEMPI_v2.0,1PPF,2.44e-10,E,I,PDB/SKEMPI_v2.0/1PPF.pdb,12.931439096973463,1PPF,1ppf_95,PDB/mutant_pdbs/1ppf/1ppf_95.pdb
I_R21G,SKEMPI_v2.0,1PPF,4.35e-10,E,I,PDB/SKEMPI_v2.0/1PPF.pdb,12.593645621982523,1PPF,1ppf_96,PDB/mutant_pdbs/1ppf/1ppf_96.pdb
I_R21A,SKEMPI_v2.0,1PPF,2.33e-10,E,I,PDB/SKEMPI_v2.0/1PPF.pdb,12.958389864948607,1PPF,1ppf_97,PDB/mutant_pdbs/1ppf/1ppf_97.pdb
I_R21S,SKEMPI_v2.0,1PPF,3.33e-10,E,I,PDB/SKEMPI_v2.0/1PPF.pdb,12.749756098337894,1PPF,1ppf_98,PDB/mutant_pdbs/1ppf/1ppf_98.pdb
I_R21C,SKEMPI_v2.0,1PPF,1.43e-10,E,I,PDB/SKEMPI_v2.0/1PPF.pdb,13.243611273294938,1PPF,1ppf_99,PDB/mutant_pdbs/1ppf/1ppf_99.pdb
I_R21V,SKEMPI_v2.0,1PPF,9.09e-11,E,I,PDB/SKEMPI_v2.0/1PPF.pdb,13.50832055439602,1PPF,1ppf_100,PDB/mutant_pdbs/1ppf/1ppf_100.pdb
I_R21T,SKEMPI_v2.0,1PPF,1.59e-10,E,I,PDB/SKEMPI_v2.0/1PPF.pdb,13.181647235572598,1PPF,1ppf_101,PDB/mutant_pdbs/1ppf/1ppf_101.pdb
I_R21P,SKEMPI_v2.0,1PPF,1.35e-05,E,I,PDB/SKEMPI_v2.0/1PPF.pdb,6.550956624438904,1PPF,1ppf_102,PDB/mutant_pdbs/1ppf/1ppf_102.pdb
I_R21L,SKEMPI_v2.0,1PPF,3.85e-11,E,I,PDB/SKEMPI_v2.0/1PPF.pdb,14.010240493098452,1PPF,1ppf_103,PDB/mutant_pdbs/1ppf/1ppf_103.pdb
I_R21I,SKEMPI_v2.0,1PPF,4.17e-11,E,I,PDB/SKEMPI_v2.0/1PPF.pdb,13.963593240029734,1PPF,1ppf_104,PDB/mutant_pdbs/1ppf/1ppf_104.pdb
I_R21M,SKEMPI_v2.0,1PPF,4.55e-11,E,I,PDB/SKEMPI_v2.0/1PPF.pdb,13.912641140089452,1PPF,1ppf_105,PDB/mutant_pdbs/1ppf/1ppf_105.pdb
I_R21N,SKEMPI_v2.0,1PPF,2.86e-10,E,I,PDB/SKEMPI_v2.0/1PPF.pdb,12.838648314747301,1PPF,1ppf_106,PDB/mutant_pdbs/1ppf/1ppf_106.pdb
I_R21D,SKEMPI_v2.0,1PPF,2.33e-10,E,I,PDB/SKEMPI_v2.0/1PPF.pdb,12.958389864948607,1PPF,1ppf_107,PDB/mutant_pdbs/1ppf/1ppf_107.pdb
I_R21K,SKEMPI_v2.0,1PPF,4.55e-10,E,I,PDB/SKEMPI_v2.0/1PPF.pdb,12.567383310701358,1PPF,1ppf_108,PDB/mutant_pdbs/1ppf/1ppf_108.pdb
I_R21Q,SKEMPI_v2.0,1PPF,1.59e-10,E,I,PDB/SKEMPI_v2.0/1PPF.pdb,13.181647235572598,1PPF,1ppf_109,PDB/mutant_pdbs/1ppf/1ppf_109.pdb
I_R21E,SKEMPI_v2.0,1PPF,3.57e-10,E,I,PDB/SKEMPI_v2.0/1PPF.pdb,12.709097049102056,1PPF,1ppf_110,PDB/mutant_pdbs/1ppf/1ppf_110.pdb
I_R21H,SKEMPI_v2.0,1PPF,7.14e-11,E,I,PDB/SKEMPI_v2.0/1PPF.pdb,13.649391919942513,1PPF,1ppf_111,PDB/mutant_pdbs/1ppf/1ppf_111.pdb
I_R21F,SKEMPI_v2.0,1PPF,3.13e-11,E,I,PDB/SKEMPI_v2.0/1PPF.pdb,14.131201223375731,1PPF,1ppf_112,PDB/mutant_pdbs/1ppf/1ppf_112.pdb
I_R21Y,SKEMPI_v2.0,1PPF,2.38e-10,E,I,PDB/SKEMPI_v2.0/1PPF.pdb,12.945985194033517,1PPF,1ppf_113,PDB/mutant_pdbs/1ppf/1ppf_113.pdb
I_R21W,SKEMPI_v2.0,1PPF,6.67e-11,E,I,PDB/SKEMPI_v2.0/1PPF.pdb,13.689174392791797,1PPF,1ppf_114,PDB/mutant_pdbs/1ppf/1ppf_114.pdb
I_P14G,SKEMPI_v2.0,1PPF,1.92e-10,E,I,PDB/SKEMPI_v2.0/1PPF.pdb,13.071465097892217,1PPF,1ppf_115,PDB/mutant_pdbs/1ppf/1ppf_115.pdb
I_P14A,SKEMPI_v2.0,1PPF,1.33e-10,E,I,PDB/SKEMPI_v2.0/1PPF.pdb,13.285965904187398,1PPF,1ppf_116,PDB/mutant_pdbs/1ppf/1ppf_116.pdb
I_P14S,SKEMPI_v2.0,1PPF,6.25e-11,E,I,PDB/SKEMPI_v2.0/1PPF.pdb,13.727172298683378,1PPF,1ppf_117,PDB/mutant_pdbs/1ppf/1ppf_117.pdb
I_P14C,SKEMPI_v2.0,1PPF,5.56e-12,E,I,PDB/SKEMPI_v2.0/1PPF.pdb,15.140776255801654,1PPF,1ppf_118,PDB/mutant_pdbs/1ppf/1ppf_118.pdb
I_P14V,SKEMPI_v2.0,1PPF,1.25e-11,E,I,PDB/SKEMPI_v2.0/1PPF.pdb,14.667467169523837,1PPF,1ppf_119,PDB/mutant_pdbs/1ppf/1ppf_119.pdb
I_P14T,SKEMPI_v2.0,1PPF,1.05e-10,E,I,PDB/SKEMPI_v2.0/1PPF.pdb,13.424073223407854,1PPF,1ppf_120,PDB/mutant_pdbs/1ppf/1ppf_120.pdb
I_P14L,SKEMPI_v2.0,1PPF,1.18e-12,E,I,PDB/SKEMPI_v2.0/1PPF.pdb,16.046394119536423,1PPF,1ppf_121,PDB/mutant_pdbs/1ppf/1ppf_121.pdb
I_P14I,SKEMPI_v2.0,1PPF,1.01e-11,E,I,PDB/SKEMPI_v2.0/1PPF.pdb,14.792022761354215,1PPF,1ppf_122,PDB/mutant_pdbs/1ppf/1ppf_122.pdb
I_P14M,SKEMPI_v2.0,1PPF,1.15e-11,E,I,PDB/SKEMPI_v2.0/1PPF.pdb,14.716181878306383,1PPF,1ppf_123,PDB/mutant_pdbs/1ppf/1ppf_123.pdb
I_P14N,SKEMPI_v2.0,1PPF,5.56e-11,E,I,PDB/SKEMPI_v2.0/1PPF.pdb,13.795518426413562,1PPF,1ppf_124,PDB/mutant_pdbs/1ppf/1ppf_124.pdb
I_P14D,SKEMPI_v2.0,1PPF,7.14e-11,E,I,PDB/SKEMPI_v2.0/1PPF.pdb,13.649391919942513,1PPF,1ppf_125,PDB/mutant_pdbs/1ppf/1ppf_125.pdb
I_P14K,SKEMPI_v2.0,1PPF,7.69e-11,E,I,PDB/SKEMPI_v2.0/1PPF.pdb,13.606036778390015,1PPF,1ppf_126,PDB/mutant_pdbs/1ppf/1ppf_126.pdb
I_P14Q,SKEMPI_v2.0,1PPF,4.17e-11,E,I,PDB/SKEMPI_v2.0/1PPF.pdb,13.963593240029734,1PPF,1ppf_127,PDB/mutant_pdbs/1ppf/1ppf_127.pdb
I_P14E,SKEMPI_v2.0,1PPF,1.47e-11,E,I,PDB/SKEMPI_v2.0/1PPF.pdb,14.572751168706693,1PPF,1ppf_128,PDB/mutant_pdbs/1ppf/1ppf_128.pdb
I_P14H,SKEMPI_v2.0,1PPF,8.33e-12,E,I,PDB/SKEMPI_v2.0/1PPF.pdb,14.904589056427627,1PPF,1ppf_129,PDB/mutant_pdbs/1ppf/1ppf_129.pdb
I_P14F,SKEMPI_v2.0,1PPF,7.14e-12,E,I,PDB/SKEMPI_v2.0/1PPF.pdb,14.994649749330607,1PPF,1ppf_130,PDB/mutant_pdbs/1ppf/1ppf_130.pdb
I_P14R,SKEMPI_v2.0,1PPF,1.3e-10,E,I,PDB/SKEMPI_v2.0/1PPF.pdb,13.299295107083434,1PPF,1ppf_131,PDB/mutant_pdbs/1ppf/1ppf_131.pdb
I_P14Y,SKEMPI_v2.0,1PPF,3.23e-11,E,I,PDB/SKEMPI_v2.0/1PPF.pdb,14.112827443358945,1PPF,1ppf_132,PDB/mutant_pdbs/1ppf/1ppf_132.pdb
I_P14W,SKEMPI_v2.0,1PPF,5.56e-12,E,I,PDB/SKEMPI_v2.0/1PPF.pdb,15.140776255801654,1PPF,1ppf_133,PDB/mutant_pdbs/1ppf/1ppf_133.pdb
I_K13G,SKEMPI_v2.0,1PPF,1.35e-09,E,I,PDB/SKEMPI_v2.0/1PPF.pdb,11.931987941991277,1PPF,1ppf_134,PDB/mutant_pdbs/1ppf/1ppf_134.pdb
I_K13A,SKEMPI_v2.0,1PPF,5.88e-10,E,I,PDB/SKEMPI_v2.0/1PPF.pdb,12.417567422223332,1PPF,1ppf_135,PDB/mutant_pdbs/1ppf/1ppf_135.pdb
I_K13S,SKEMPI_v2.0,1PPF,3.57e-10,E,I,PDB/SKEMPI_v2.0/1PPF.pdb,12.709097049102056,1PPF,1ppf_136,PDB/mutant_pdbs/1ppf/1ppf_136.pdb
I_K13C,SKEMPI_v2.0,1PPF,8.33e-10,E,I,PDB/SKEMPI_v2.0/1PPF.pdb,12.21407339765144,1PPF,1ppf_137,PDB/mutant_pdbs/1ppf/1ppf_137.pdb
I_K13V,SKEMPI_v2.0,1PPF,7.14e-10,E,I,PDB/SKEMPI_v2.0/1PPF.pdb,12.304134090554419,1PPF,1ppf_138,PDB/mutant_pdbs/1ppf/1ppf_138.pdb
I_K13T,SKEMPI_v2.0,1PPF,2.17e-10,E,I,PDB/SKEMPI_v2.0/1PPF.pdb,12.999953202647365,1PPF,1ppf_139,PDB/mutant_pdbs/1ppf/1ppf_139.pdb
I_K13P,SKEMPI_v2.0,1PPF,1.39e-09,E,I,PDB/SKEMPI_v2.0/1PPF.pdb,11.914928684732644,1PPF,1ppf_140,PDB/mutant_pdbs/1ppf/1ppf_140.pdb
I_K13L,SKEMPI_v2.0,1PPF,3.23e-10,E,I,PDB/SKEMPI_v2.0/1PPF.pdb,12.767569613970851,1PPF,1ppf_141,PDB/mutant_pdbs/1ppf/1ppf_141.pdb
I_K13I,SKEMPI_v2.0,1PPF,4.76e-10,E,I,PDB/SKEMPI_v2.0/1PPF.pdb,12.541022235485883,1PPF,1ppf_142,PDB/mutant_pdbs/1ppf/1ppf_142.pdb
I_K13M,SKEMPI_v2.0,1PPF,2.33e-10,E,I,PDB/SKEMPI_v2.0/1PPF.pdb,12.958389864948607,1PPF,1ppf_143,PDB/mutant_pdbs/1ppf/1ppf_143.pdb
I_K13N,SKEMPI_v2.0,1PPF,5e-10,E,I,PDB/SKEMPI_v2.0/1PPF.pdb,12.512283423040476,1PPF,1ppf_144,PDB/mutant_pdbs/1ppf/1ppf_144.pdb
I_K13D,SKEMPI_v2.0,1PPF,4.76e-10,E,I,PDB/SKEMPI_v2.0/1PPF.pdb,12.541022235485883,1PPF,1ppf_145,PDB/mutant_pdbs/1ppf/1ppf_145.pdb
I_K13Q,SKEMPI_v2.0,1PPF,2.5e-10,E,I,PDB/SKEMPI_v2.0/1PPF.pdb,12.91724638158811,1PPF,1ppf_146,PDB/mutant_pdbs/1ppf/1ppf_146.pdb
I_K13E,SKEMPI_v2.0,1PPF,1.11e-09,E,I,PDB/SKEMPI_v2.0/1PPF.pdb,12.046349372428898,1PPF,1ppf_147,PDB/mutant_pdbs/1ppf/1ppf_147.pdb
I_K13H,SKEMPI_v2.0,1PPF,9.09e-10,E,I,PDB/SKEMPI_v2.0/1PPF.pdb,12.163062725007928,1PPF,1ppf_148,PDB/mutant_pdbs/1ppf/1ppf_148.pdb
I_K13F,SKEMPI_v2.0,1PPF,8.33e-10,E,I,PDB/SKEMPI_v2.0/1PPF.pdb,12.21407339765144,1PPF,1ppf_149,PDB/mutant_pdbs/1ppf/1ppf_149.pdb
I_K13R,SKEMPI_v2.0,1PPF,5.56e-11,E,I,PDB/SKEMPI_v2.0/1PPF.pdb,13.795518426413562,1PPF,1ppf_150,PDB/mutant_pdbs/1ppf/1ppf_150.pdb
I_K13Y,SKEMPI_v2.0,1PPF,3.85e-10,E,I,PDB/SKEMPI_v2.0/1PPF.pdb,12.664982663710358,1PPF,1ppf_151,PDB/mutant_pdbs/1ppf/1ppf_151.pdb
I_K13W,SKEMPI_v2.0,1PPF,6.67e-10,E,I,PDB/SKEMPI_v2.0/1PPF.pdb,12.343916563403704,1PPF,1ppf_152,PDB/mutant_pdbs/1ppf/1ppf_152.pdb
I_G32A,SKEMPI_v2.0,1PPF,2.44e-10,E,I,PDB/SKEMPI_v2.0/1PPF.pdb,12.931439096973463,1PPF,1ppf_153,PDB/mutant_pdbs/1ppf/1ppf_153.pdb
I_G32S,SKEMPI_v2.0,1PPF,7.69e-10,E,I,PDB/SKEMPI_v2.0/1PPF.pdb,12.260778949001923,1PPF,1ppf_154,PDB/mutant_pdbs/1ppf/1ppf_154.pdb
I_G32C,SKEMPI_v2.0,1PPF,1.2e-09,E,I,PDB/SKEMPI_v2.0/1PPF.pdb,12.000801273306568,1PPF,1ppf_155,PDB/mutant_pdbs/1ppf/1ppf_155.pdb
I_G32V,SKEMPI_v2.0,1PPF,1.22e-08,E,I,PDB/SKEMPI_v2.0/1PPF.pdb,10.645886396744912,1PPF,1ppf_156,PDB/mutant_pdbs/1ppf/1ppf_156.pdb
I_G32T,SKEMPI_v2.0,1PPF,1.89e-08,E,I,PDB/SKEMPI_v2.0/1PPF.pdb,10.390150228513932,1PPF,1ppf_157,PDB/mutant_pdbs/1ppf/1ppf_157.pdb
I_G32P,SKEMPI_v2.0,1PPF,2.56e-10,E,I,PDB/SKEMPI_v2.0/1PPF.pdb,12.903390284276043,1PPF,1ppf_158,PDB/mutant_pdbs/1ppf/1ppf_158.pdb
I_G32L,SKEMPI_v2.0,1PPF,3.23e-08,E,I,PDB/SKEMPI_v2.0/1PPF.pdb,10.077053955194664,1PPF,1ppf_159,PDB/mutant_pdbs/1ppf/1ppf_159.pdb
I_G32I,SKEMPI_v2.0,1PPF,2.63e-07,E,I,PDB/SKEMPI_v2.0/1PPF.pdb,8.85185604706427,1PPF,1ppf_160,PDB/mutant_pdbs/1ppf/1ppf_160.pdb
I_G32M,SKEMPI_v2.0,1PPF,6.67e-09,E,I,PDB/SKEMPI_v2.0/1PPF.pdb,10.998658734015612,1PPF,1ppf_161,PDB/mutant_pdbs/1ppf/1ppf_161.pdb
I_G32N,SKEMPI_v2.0,1PPF,2.5e-09,E,I,PDB/SKEMPI_v2.0/1PPF.pdb,11.571988552200015,1PPF,1ppf_162,PDB/mutant_pdbs/1ppf/1ppf_162.pdb
I_G32D,SKEMPI_v2.0,1PPF,1.11e-08,E,I,PDB/SKEMPI_v2.0/1PPF.pdb,10.701091543040807,1PPF,1ppf_163,PDB/mutant_pdbs/1ppf/1ppf_163.pdb
I_G32K,SKEMPI_v2.0,1PPF,4.35e-08,E,I,PDB/SKEMPI_v2.0/1PPF.pdb,9.903129963206334,1PPF,1ppf_164,PDB/mutant_pdbs/1ppf/1ppf_164.pdb
I_G32Q,SKEMPI_v2.0,1PPF,1.85e-08,E,I,PDB/SKEMPI_v2.0/1PPF.pdb,10.402647775679442,1PPF,1ppf_165,PDB/mutant_pdbs/1ppf/1ppf_165.pdb
I_G32E,SKEMPI_v2.0,1PPF,1.92e-09,E,I,PDB/SKEMPI_v2.0/1PPF.pdb,11.726207268504123,1PPF,1ppf_166,PDB/mutant_pdbs/1ppf/1ppf_166.pdb
I_G32H,SKEMPI_v2.0,1PPF,2.08e-09,E,I,PDB/SKEMPI_v2.0/1PPF.pdb,11.679443272892899,1PPF,1ppf_167,PDB/mutant_pdbs/1ppf/1ppf_167.pdb
I_G32F,SKEMPI_v2.0,1PPF,2e-09,E,I,PDB/SKEMPI_v2.0/1PPF.pdb,11.702357505945207,1PPF,1ppf_168,PDB/mutant_pdbs/1ppf/1ppf_168.pdb
I_G32R,SKEMPI_v2.0,1PPF,5.88e-07,E,I,PDB/SKEMPI_v2.0/1PPF.pdb,8.381793934059052,1PPF,1ppf_169,PDB/mutant_pdbs/1ppf/1ppf_169.pdb
I_G32Y,SKEMPI_v2.0,1PPF,1.25e-09,E,I,PDB/SKEMPI_v2.0/1PPF.pdb,11.97695151074765,1PPF,1ppf_170,PDB/mutant_pdbs/1ppf/1ppf_170.pdb
I_G32W,SKEMPI_v2.0,1PPF,2.63e-09,E,I,PDB/SKEMPI_v2.0/1PPF.pdb,11.542371705840456,1PPF,1ppf_171,PDB/mutant_pdbs/1ppf/1ppf_171.pdb
I_N36G,SKEMPI_v2.0,1PPF,6.25e-11,E,I,PDB/SKEMPI_v2.0/1PPF.pdb,13.727172298683378,1PPF,1ppf_172,PDB/mutant_pdbs/1ppf/1ppf_172.pdb
I_N36A,SKEMPI_v2.0,1PPF,1.02e-11,E,I,PDB/SKEMPI_v2.0/1PPF.pdb,14.786266674872225,1PPF,1ppf_173,PDB/mutant_pdbs/1ppf/1ppf_173.pdb
I_N36S,SKEMPI_v2.0,1PPF,1.69e-11,E,I,PDB/SKEMPI_v2.0/1PPF.pdb,14.491269749674032,1PPF,1ppf_174,PDB/mutant_pdbs/1ppf/1ppf_174.pdb
I_N36C,SKEMPI_v2.0,1PPF,4.55e-10,E,I,PDB/SKEMPI_v2.0/1PPF.pdb,12.567383310701358,1PPF,1ppf_175,PDB/mutant_pdbs/1ppf/1ppf_175.pdb
I_N36V,SKEMPI_v2.0,1PPF,2.94e-10,E,I,PDB/SKEMPI_v2.0/1PPF.pdb,12.822530380770965,1PPF,1ppf_176,PDB/mutant_pdbs/1ppf/1ppf_176.pdb
I_N36T,SKEMPI_v2.0,1PPF,4.17e-10,E,I,PDB/SKEMPI_v2.0/1PPF.pdb,12.618335410641642,1PPF,1ppf_177,PDB/mutant_pdbs/1ppf/1ppf_177.pdb
I_N36P,SKEMPI_v2.0,1PPF,1.11e-12,E,I,PDB/SKEMPI_v2.0/1PPF.pdb,16.082122860593177,1PPF,1ppf_178,PDB/mutant_pdbs/1ppf/1ppf_178.pdb
I_N36L,SKEMPI_v2.0,1PPF,1.43e-08,E,I,PDB/SKEMPI_v2.0/1PPF.pdb,10.55309561451875,1PPF,1ppf_179,PDB/mutant_pdbs/1ppf/1ppf_179.pdb
I_N36I,SKEMPI_v2.0,1PPF,7.14e-10,E,I,PDB/SKEMPI_v2.0/1PPF.pdb,12.304134090554419,1PPF,1ppf_180,PDB/mutant_pdbs/1ppf/1ppf_180.pdb
I_N36M,SKEMPI_v2.0,1PPF,1e-09,E,I,PDB/SKEMPI_v2.0/1PPF.pdb,12.10732046449284,1PPF,1ppf_181,PDB/mutant_pdbs/1ppf/1ppf_181.pdb
I_N36D,SKEMPI_v2.0,1PPF,9.09e-13,E,I,PDB/SKEMPI_v2.0/1PPF.pdb,16.198836213172207,1PPF,1ppf_182,PDB/mutant_pdbs/1ppf/1ppf_182.pdb
I_N36K,SKEMPI_v2.0,1PPF,1.37e-08,E,I,PDB/SKEMPI_v2.0/1PPF.pdb,10.578138221699211,1PPF,1ppf_183,PDB/mutant_pdbs/1ppf/1ppf_183.pdb
I_N36Q,SKEMPI_v2.0,1PPF,3.13e-10,E,I,PDB/SKEMPI_v2.0/1PPF.pdb,12.785943393987637,1PPF,1ppf_184,PDB/mutant_pdbs/1ppf/1ppf_184.pdb
I_N36E,SKEMPI_v2.0,1PPF,2.94e-11,E,I,PDB/SKEMPI_v2.0/1PPF.pdb,14.16778821015906,1PPF,1ppf_185,PDB/mutant_pdbs/1ppf/1ppf_185.pdb
I_N36H,SKEMPI_v2.0,1PPF,6.67e-11,E,I,PDB/SKEMPI_v2.0/1PPF.pdb,13.689174392791797,1PPF,1ppf_186,PDB/mutant_pdbs/1ppf/1ppf_186.pdb
I_N36F,SKEMPI_v2.0,1PPF,3.7e-09,E,I,PDB/SKEMPI_v2.0/1PPF.pdb,11.342942646519901,1PPF,1ppf_187,PDB/mutant_pdbs/1ppf/1ppf_187.pdb
I_N36R,SKEMPI_v2.0,1PPF,3.85e-09,E,I,PDB/SKEMPI_v2.0/1PPF.pdb,11.319724834322264,1PPF,1ppf_188,PDB/mutant_pdbs/1ppf/1ppf_188.pdb
I_N36Y,SKEMPI_v2.0,1PPF,2.78e-09,E,I,PDB/SKEMPI_v2.0/1PPF.pdb,11.50996572618501,1PPF,1ppf_189,PDB/mutant_pdbs/1ppf/1ppf_189.pdb
I_N36W,SKEMPI_v2.0,1PPF,3e-09,E,I,PDB/SKEMPI_v2.0/1PPF.pdb,11.465469361013744,1PPF,1ppf_190,PDB/mutant_pdbs/1ppf/1ppf_190.pdb
"I_A15R, I_L18R",SKEMPI_v2.0,1PPF,3.6e-05,E,I,PDB/SKEMPI_v2.0/1PPF.pdb,5.977918852275098,1PPF,1ppf_191,PDB/mutant_pdbs/1ppf/1ppf_191.pdb
"I_A15V, I_E10D, I_E19D, I_G32S, I_N28S, I_N45S, I_R21M, I_S51R, I_T17P",SKEMPI_v2.0,1PPF,4.55e-08,E,I,PDB/SKEMPI_v2.0/1PPF.pdb,9.876867651925172,1PPF,1ppf_192,PDB/mutant_pdbs/1ppf/1ppf_192.pdb
"I_E10G, I_E19D, I_E43D, I_G32S, I_K13Q, I_L18Q, I_L23F, I_P14S, I_R21V, I_T17P, I_V42A",SKEMPI_v2.0,1PPF,4.35e-06,E,I,PDB/SKEMPI_v2.0/1PPF.pdb,7.212614304430148,1PPF,1ppf_193,PDB/mutant_pdbs/1ppf/1ppf_193.pdb
"I_A15V, I_E10D, I_G32S, I_N28S, I_N36D, I_R21M, I_T17S, I_Y11H",SKEMPI_v2.0,1PPF,2.7e-10,E,I,PDB/SKEMPI_v2.0/1PPF.pdb,12.872282812831738,1PPF,1ppf_194,PDB/mutant_pdbs/1ppf/1ppf_194.pdb
"I_A15V, I_G32N, I_L18P, I_N28S, I_N36D, I_N39S, I_R21M, I_S51G, I_T17S",SKEMPI_v2.0,1PPF,4.17e-05,E,I,PDB/SKEMPI_v2.0/1PPF.pdb,5.892046263701174,1PPF,1ppf_195,PDB/mutant_pdbs/1ppf/1ppf_195.pdb
"I_A15V, I_E10D, I_G32N, I_N28S, I_N36D, I_R21M, I_S51G, I_T17S",SKEMPI_v2.0,1PPF,9.09e-10,E,I,PDB/SKEMPI_v2.0/1PPF.pdb,12.163062725007928,1PPF,1ppf_196,PDB/mutant_pdbs/1ppf/1ppf_196.pdb
"I_A15V, I_E10D, I_E43D, I_G32S, I_N28S, I_R21M, I_T17S",SKEMPI_v2.0,1PPF,5.56e-09,E,I,PDB/SKEMPI_v2.0/1PPF.pdb,11.105002767637375,1PPF,1ppf_197,PDB/mutant_pdbs/1ppf/1ppf_197.pdb
"I_A15V, I_E10D, I_E43D, I_G32S, I_N28S, I_R21M, I_T17S, I_T49I, I_V6I",SKEMPI_v2.0,1PPF,4.55e-09,E,I,PDB/SKEMPI_v2.0/1PPF.pdb,11.222125481313265,1PPF,1ppf_198,PDB/mutant_pdbs/1ppf/1ppf_198.pdb
"I_A15V, I_E10D, I_E43D, I_G32S, I_N28S, I_R21M, I_T17S, I_V42A",SKEMPI_v2.0,1PPF,2.5e-09,E,I,PDB/SKEMPI_v2.0/1PPF.pdb,11.571988552200015,1PPF,1ppf_199,PDB/mutant_pdbs/1ppf/1ppf_199.pdb
"I_E10D, I_E43D, I_G32S, I_K29Q, I_N36S, I_R21M",SKEMPI_v2.0,1PPF,7.69e-11,E,I,PDB/SKEMPI_v2.0/1PPF.pdb,13.606036778390015,1PPF,1ppf_200,PDB/mutant_pdbs/1ppf/1ppf_200.pdb
"I_E43D, I_G32S, I_K29Q, I_R21M",SKEMPI_v2.0,1PPF,1.85e-10,E,I,PDB/SKEMPI_v2.0/1PPF.pdb,13.09316343445563,1PPF,1ppf_201,PDB/mutant_pdbs/1ppf/1ppf_201.pdb
"I_E10D, I_E43D, I_R21M",SKEMPI_v2.0,1PPF,4.55e-11,E,I,PDB/SKEMPI_v2.0/1PPF.pdb,13.912641140089452,1PPF,1ppf_202,PDB/mutant_pdbs/1ppf/1ppf_202.pdb
"I_A15D, I_E10D, I_E43D, I_K13R, I_R21M",SKEMPI_v2.0,1PPF,2.04e-10,E,I,PDB/SKEMPI_v2.0/1PPF.pdb,13.036045886936495,1PPF,1ppf_203,PDB/mutant_pdbs/1ppf/1ppf_203.pdb
"I_E10D, I_E43D, I_L18M, I_R21M",SKEMPI_v2.0,1PPF,6.67e-10,E,I,PDB/SKEMPI_v2.0/1PPF.pdb,12.343916563403704,1PPF,1ppf_204,PDB/mutant_pdbs/1ppf/1ppf_204.pdb
"I_E10D, I_E43D, I_G32D, I_L18V, I_R21M",SKEMPI_v2.0,1PPF,1.75e-09,E,I,PDB/SKEMPI_v2.0/1PPF.pdb,11.780371626658399,1PPF,1ppf_205,PDB/mutant_pdbs/1ppf/1ppf_205.pdb
"I_E10D, I_E43D, I_L18V, I_R21M",SKEMPI_v2.0,1PPF,1.75e-10,E,I,PDB/SKEMPI_v2.0/1PPF.pdb,13.125629456046491,1PPF,1ppf_206,PDB/mutant_pdbs/1ppf/1ppf_206.pdb
"I_E10D, I_E43D, I_L18M, I_R21M, I_T17R",SKEMPI_v2.0,1PPF,4e-07,E,I,PDB/SKEMPI_v2.0/1PPF.pdb,8.606878888621385,1PPF,1ppf_207,PDB/mutant_pdbs/1ppf/1ppf_207.pdb
"I_E10G, I_E43D, I_K55E, I_L18M, I_R21M",SKEMPI_v2.0,1PPF,1.61e-10,E,I,PDB/SKEMPI_v2.0/1PPF.pdb,13.174344164829037,1PPF,1ppf_208,PDB/mutant_pdbs/1ppf/1ppf_208.pdb
"I_D7N, I_E10G, I_E43D, I_K55E, I_L18M, I_R21M",SKEMPI_v2.0,1PPF,1.75e-10,E,I,PDB/SKEMPI_v2.0/1PPF.pdb,13.125629456046491,1PPF,1ppf_209,PDB/mutant_pdbs/1ppf/1ppf_209.pdb
"I_A15V, I_E10D, I_E43D, I_G32S, I_N28S, I_R21M, I_T17S, I_Y20D",SKEMPI_v2.0,1PPF,5e-05,E,I,PDB/SKEMPI_v2.0/1PPF.pdb,5.785994276100007,1PPF,1ppf_210,PDB/mutant_pdbs/1ppf/1ppf_210.pdb
"I_A15V, I_E10D, I_E43D, I_G32S, I_N28S, I_N36D, I_R21M, I_T17S",SKEMPI_v2.0,1PPF,1.56e-10,E,I,PDB/SKEMPI_v2.0/1PPF.pdb,13.192775915897164,1PPF,1ppf_211,PDB/mutant_pdbs/1ppf/1ppf_211.pdb
"I_A15V, I_E43D, I_G32S, I_K29Q, I_K34E, I_N28S, I_R21M, I_T17S",SKEMPI_v2.0,1PPF,4.35e-09,E,I,PDB/SKEMPI_v2.0/1PPF.pdb,11.248387792594428,1PPF,1ppf_212,PDB/mutant_pdbs/1ppf/1ppf_212.pdb
I_L18M,SKEMPI_v2.0,1PPF,1.3e-09,E,I,PDB/SKEMPI_v2.0/1PPF.pdb,11.954037277695342,1PPF,1ppf_213,PDB/mutant_pdbs/1ppf/1ppf_213.pdb
"I_A15D, I_G32A",SKEMPI_v2.0,1PPF,1.16e-09,E,I,PDB/SKEMPI_v2.0/1PPF.pdb,12.020607849818715,1PPF,1ppf_214,PDB/mutant_pdbs/1ppf/1ppf_214.pdb
I_G32A,SKEMPI_v2.0,1PPF,2.63e-10,E,I,PDB/SKEMPI_v2.0/1PPF.pdb,12.88762953522855,1PPF,1ppf_215,PDB/mutant_pdbs/1ppf/1ppf_215.pdb
"I_L23I, I_R21V",SKEMPI_v2.0,1PPF,1e-10,E,I,PDB/SKEMPI_v2.0/1PPF.pdb,13.452578293880933,1PPF,1ppf_216,PDB/mutant_pdbs/1ppf/1ppf_216.pdb
"I_E43K, I_K29I, I_L18M, I_L23V",SKEMPI_v2.0,1PPF,1.72e-09,E,I,PDB/SKEMPI_v2.0/1PPF.pdb,11.79047397724684,1PPF,1ppf_217,PDB/mutant_pdbs/1ppf/1ppf_217.pdb
"I_A15G, I_E43K, I_K29I, I_L18M, I_L23V",SKEMPI_v2.0,1PPF,7.69e-09,E,I,PDB/SKEMPI_v2.0/1PPF.pdb,10.915521119613828,1PPF,1ppf_218,PDB/mutant_pdbs/1ppf/1ppf_218.pdb
"I_L18M, I_N36D, I_S51N",SKEMPI_v2.0,1PPF,3.85e-11,E,I,PDB/SKEMPI_v2.0/1PPF.pdb,14.010240493098452,1PPF,1ppf_219,PDB/mutant_pdbs/1ppf/1ppf_219.pdb
"I_E10D, I_K13M, I_L18M, I_L23V",SKEMPI_v2.0,1PPF,2.56e-09,E,I,PDB/SKEMPI_v2.0/1PPF.pdb,11.558132454887952,1PPF,1ppf_220,PDB/mutant_pdbs/1ppf/1ppf_220.pdb
"I_E10G, I_F53P, I_G32S, I_H52Y, I_K29T, I_K55V, I_L18M, I_L23I, I_Y20S",SKEMPI_v2.0,1PPF,2.17e-06,E,I,PDB/SKEMPI_v2.0/1PPF.pdb,7.618921885094992,1PPF,1ppf_221,PDB/mutant_pdbs/1ppf/1ppf_221.pdb
"I_A15T, I_L18M",SKEMPI_v2.0,1PPF,1.32e-11,E,I,PDB/SKEMPI_v2.0/1PPF.pdb,14.635633098294257,1PPF,1ppf_222,PDB/mutant_pdbs/1ppf/1ppf_222.pdb
"I_G32D, I_L18M, I_T30S",SKEMPI_v2.0,1PPF,1.89e-07,E,I,PDB/SKEMPI_v2.0/1PPF.pdb,9.044892399125839,1PPF,1ppf_223,PDB/mutant_pdbs/1ppf/1ppf_223.pdb
"I_G32D, I_L18I",SKEMPI_v2.0,1PPF,1.16e-08,E,I,PDB/SKEMPI_v2.0/1PPF.pdb,10.67535002043062,1PPF,1ppf_224,PDB/mutant_pdbs/1ppf/1ppf_224.pdb
"I_A15D, I_L18A, I_Y20D",SKEMPI_v2.0,1PPF,0.000417,E,I,PDB/SKEMPI_v2.0/1PPF.pdb,4.546788434313081,1PPF,1ppf_225,PDB/mutant_pdbs/1ppf/1ppf_225.pdb
"I_H52R, I_L18M",SKEMPI_v2.0,1PPF,2e-09,E,I,PDB/SKEMPI_v2.0/1PPF.pdb,11.702357505945207,1PPF,1ppf_226,PDB/mutant_pdbs/1ppf/1ppf_226.pdb
"I_L18M, I_S51N",SKEMPI_v2.0,1PPF,1.37e-09,E,I,PDB/SKEMPI_v2.0/1PPF.pdb,11.923396051087302,1PPF,1ppf_227,PDB/mutant_pdbs/1ppf/1ppf_227.pdb
I_Y20H,SKEMPI_v2.0,1PPF,1.03e-08,E,I,PDB/SKEMPI_v2.0/1PPF.pdb,10.744793258062499,1PPF,1ppf_228,PDB/mutant_pdbs/1ppf/1ppf_228.pdb
"I_L18M, I_Y20Q",SKEMPI_v2.0,1PPF,3.13e-06,E,I,PDB/SKEMPI_v2.0/1PPF.pdb,7.404912076435264,1PPF,1ppf_229,PDB/mutant_pdbs/1ppf/1ppf_229.pdb
"I_G32D, I_L18M",SKEMPI_v2.0,1PPF,1.37e-07,E,I,PDB/SKEMPI_v2.0/1PPF.pdb,9.232880392311117,1PPF,1ppf_230,PDB/mutant_pdbs/1ppf/1ppf_230.pdb
"I_E10D, I_E43D, I_G32D, I_N36S, I_R21M, I_T17L, I_T49S",SKEMPI_v2.0,1PPF,2.63e-07,E,I,PDB/SKEMPI_v2.0/1PPF.pdb,8.85185604706427,1PPF,1ppf_231,PDB/mutant_pdbs/1ppf/1ppf_231.pdb
"I_E10D, I_E43D, I_G32S, I_L23F, I_N28S, I_R21M",SKEMPI_v2.0,1PPF,3.57e-10,E,I,PDB/SKEMPI_v2.0/1PPF.pdb,12.709097049102056,1PPF,1ppf_232,PDB/mutant_pdbs/1ppf/1ppf_232.pdb
"I_E10G, I_E43D, I_G32S, I_K13Q, I_L23F, I_N36D, I_R21V, I_T17S, I_V42A",SKEMPI_v2.0,1PPF,3.85e-10,E,I,PDB/SKEMPI_v2.0/1PPF.pdb,12.664982663710358,1PPF,1ppf_233,PDB/mutant_pdbs/1ppf/1ppf_233.pdb
"I_E10D, I_E19D, I_E43D, I_G32S, I_G54E, I_N28S, I_R21M, I_T17S",SKEMPI_v2.0,1PPF,4.17e-08,E,I,PDB/SKEMPI_v2.0/1PPF.pdb,9.927819751865455,1PPF,1ppf_234,PDB/mutant_pdbs/1ppf/1ppf_234.pdb
"I_A15V, I_E10D, I_E43D, I_R21M, I_Y20E",SKEMPI_v2.0,1PPF,1e-05,E,I,PDB/SKEMPI_v2.0/1PPF.pdb,6.726289146940466,1PPF,1ppf_235,PDB/mutant_pdbs/1ppf/1ppf_235.pdb
"I_A15V, I_E10D, I_E43D, I_R21M, I_T17S, I_V42A",SKEMPI_v2.0,1PPF,1.3e-09,E,I,PDB/SKEMPI_v2.0/1PPF.pdb,11.954037277695342,1PPF,1ppf_236,PDB/mutant_pdbs/1ppf/1ppf_236.pdb
"I_A15V, I_D7N, I_E10D, I_E19L, I_E43D, I_R21M, I_T17S, I_V42A",SKEMPI_v2.0,1PPF,1.75e-09,E,I,PDB/SKEMPI_v2.0/1PPF.pdb,11.780371626658399,1PPF,1ppf_237,PDB/mutant_pdbs/1ppf/1ppf_237.pdb
"I_A15V, I_E10D, I_E43H, I_G32H, I_K29I, I_L50F, I_N36Y, I_R21M, I_V42A, I_Y20D",SKEMPI_v2.0,1PPF,6.67e-07,E,I,PDB/SKEMPI_v2.0/1PPF.pdb,8.308143075239425,1PPF,1ppf_238,PDB/mutant_pdbs/1ppf/1ppf_238.pdb
"I_E19D, I_E43D, I_G32S, I_L23I, I_N28S, I_N36D, I_V42M, I_Y11H",SKEMPI_v2.0,1PPF,2.86e-10,E,I,PDB/SKEMPI_v2.0/1PPF.pdb,12.838648314747301,1PPF,1ppf_239,PDB/mutant_pdbs/1ppf/1ppf_239.pdb
"I_A15V, I_E10D, I_E19D, I_E43D, I_G32S, I_K29T, I_L48I, I_R21M",SKEMPI_v2.0,1PPF,4.17e-09,E,I,PDB/SKEMPI_v2.0/1PPF.pdb,11.273077581253547,1PPF,1ppf_240,PDB/mutant_pdbs/1ppf/1ppf_240.pdb
"I_A15V, I_E10D, I_E19D, I_E43D, I_G32N, I_K29T, I_L48I, I_N36I, I_R21M, I_T17S",SKEMPI_v2.0,1PPF,3.85e-07,E,I,PDB/SKEMPI_v2.0/1PPF.pdb,8.629209175546078,1PPF,1ppf_241,PDB/mutant_pdbs/1ppf/1ppf_241.pdb
"I_A15V, I_E10D, I_E19D, I_E43D, I_G32S, I_K13R, I_K55R, I_L48I, I_R21M",SKEMPI_v2.0,1PPF,8.33e-09,E,I,PDB/SKEMPI_v2.0/1PPF.pdb,10.868815568263345,1PPF,1ppf_242,PDB/mutant_pdbs/1ppf/1ppf_242.pdb
"I_A15V, I_E10D, I_E19D, I_E43D, I_G32S, I_K55R, I_L48I, I_R21M",SKEMPI_v2.0,1PPF,1.09e-08,E,I,PDB/SKEMPI_v2.0/1PPF.pdb,10.711714345723545,1PPF,1ppf_243,PDB/mutant_pdbs/1ppf/1ppf_243.pdb
I_G32V,SKEMPI_v2.0,1PPF,1.2e-08,E,I,PDB/SKEMPI_v2.0/1PPF.pdb,10.655543443918475,1PPF,1ppf_244,PDB/mutant_pdbs/1ppf/1ppf_244.pdb
I_T17E,SKEMPI_v2.0,1PPF,2.94e-08,E,I,PDB/SKEMPI_v2.0/1PPF.pdb,10.13201472199478,1PPF,1ppf_245,PDB/mutant_pdbs/1ppf/1ppf_245.pdb
"I_E10D, I_E43D, I_L18F, I_R21M",SKEMPI_v2.0,1PPF,3.57e-07,E,I,PDB/SKEMPI_v2.0/1PPF.pdb,8.673323560937774,1PPF,1ppf_246,PDB/mutant_pdbs/1ppf/1ppf_246.pdb
I_T17S,SKEMPI_v2.0,1PPF,2.27e-09,E,I,PDB/SKEMPI_v2.0/1PPF.pdb,11.628373892639186,1PPF,1ppf_247,PDB/mutant_pdbs/1ppf/1ppf_247.pdb
I_T17V,SKEMPI_v2.0,1PPF,2.22e-09,E,I,PDB/SKEMPI_v2.0/1PPF.pdb,11.641386413881264,1PPF,1ppf_248,PDB/mutant_pdbs/1ppf/1ppf_248.pdb
I_A15V,SKEMPI_v2.0,1PPF,2.27e-10,E,I,PDB/SKEMPI_v2.0/1PPF.pdb,12.973631722027278,1PPF,1ppf_249,PDB/mutant_pdbs/1ppf/1ppf_249.pdb
"I_A15V, I_T17S",SKEMPI_v2.0,1PPF,3.23e-09,E,I,PDB/SKEMPI_v2.0/1PPF.pdb,11.422311784582758,1PPF,1ppf_250,PDB/mutant_pdbs/1ppf/1ppf_250.pdb
I_T17A,SKEMPI_v2.0,1PPF,2.17e-08,E,I,PDB/SKEMPI_v2.0/1PPF.pdb,10.309437543871178,1PPF,1ppf_251,PDB/mutant_pdbs/1ppf/1ppf_251.pdb
I_L18K,SKEMPI_v2.0,1PPF,2.27e-06,E,I,PDB/SKEMPI_v2.0/1PPF.pdb,7.592600404474905,1PPF,1ppf_252,PDB/mutant_pdbs/1ppf/1ppf_252.pdb
I_L18A,SKEMPI_v2.0,1PPF,8.33e-10,E,I,PDB/SKEMPI_v2.0/1PPF.pdb,12.21407339765144,1PPF,1ppf_253,PDB/mutant_pdbs/1ppf/1ppf_253.pdb
I_L18E,SKEMPI_v2.0,1PPF,2.5e-05,E,I,PDB/SKEMPI_v2.0/1PPF.pdb,6.190957234647642,1PPF,1ppf_254,PDB/mutant_pdbs/1ppf/1ppf_254.pdb
I_L18Q,SKEMPI_v2.0,1PPF,5e-08,E,I,PDB/SKEMPI_v2.0/1PPF.pdb,9.821767764264287,1PPF,1ppf_255,PDB/mutant_pdbs/1ppf/1ppf_255.pdb
"I_A15Y, I_K13T, I_P14E",SKEMPI_v2.0,1PPF,4.55e-11,E,I,PDB/SKEMPI_v2.0/1PPF.pdb,13.959963048729213,1PPF,1ppf_256,PDB/mutant_pdbs/1ppf/1ppf_256.pdb
"I_A15Y, I_G32P, I_K13T, I_L18G, I_N36V, I_P14E, I_R21M",SKEMPI_v2.0,1PPF,3.23e-09,E,I,PDB/SKEMPI_v2.0/1PPF.pdb,11.461163185210593,1PPF,1ppf_257,PDB/mutant_pdbs/1ppf/1ppf_257.pdb
"I_A15Y, I_K13S, I_P14D",SKEMPI_v2.0,1PPF,1.32e-10,E,I,PDB/SKEMPI_v2.0/1PPF.pdb,13.335580626963667,1PPF,1ppf_258,PDB/mutant_pdbs/1ppf/1ppf_258.pdb
"I_A15Y, I_E19I, I_K13S, I_L18G, I_P14D, I_R21K",SKEMPI_v2.0,1PPF,1.47e-07,E,I,PDB/SKEMPI_v2.0/1PPF.pdb,9.22298420438954,1PPF,1ppf_259,PDB/mutant_pdbs/1ppf/1ppf_259.pdb
"A_V30M, B_V21M, C_V21M, D_V21M",SKEMPI_v2.0,1QAB,2.2e-07,"A, B, C, D",E,PDB/SKEMPI_v2.0/1QAB.pdb,8.92569489088603,1QAB,1qab_1,PDB/mutant_pdbs/1qab/1qab_1.pdb
"A_L55P, B_L46P, C_L46P, D_L46P",SKEMPI_v2.0,1QAB,6.6e-07,"A, B, C, D",E,PDB/SKEMPI_v2.0/1QAB.pdb,8.28602695442557,1QAB,1qab_2,PDB/mutant_pdbs/1qab/1qab_2.pdb
"A_L58H, B_L49H, C_L49H, D_L49H",SKEMPI_v2.0,1QAB,3.1e-07,"A, B, C, D",E,PDB/SKEMPI_v2.0/1QAB.pdb,8.72601501880013,1QAB,1qab_3,PDB/mutant_pdbs/1qab/1qab_3.pdb
"A_T60A, B_T51A, C_T51A, D_T51A",SKEMPI_v2.0,1QAB,4.3e-07,"A, B, C, D",E,PDB/SKEMPI_v2.0/1QAB.pdb,8.535495023843893,1QAB,1qab_4,PDB/mutant_pdbs/1qab/1qab_4.pdb
"A_S85A, B_S76A, C_S76A, D_S76A",SKEMPI_v2.0,1QAB,1.64e-06,"A, B, C, D",E,PDB/SKEMPI_v2.0/1QAB.pdb,7.756055428708956,1QAB,1qab_5,PDB/mutant_pdbs/1qab/1qab_5.pdb
"A_D99A, B_D90A, C_D90A, D_D90A",SKEMPI_v2.0,1QAB,6.23e-06,"A, B, C, D",E,PDB/SKEMPI_v2.0/1QAB.pdb,6.978936814228172,1QAB,1qab_6,PDB/mutant_pdbs/1qab/1qab_6.pdb
"A_S100E, B_S91E, C_S91E, D_S91E",SKEMPI_v2.0,1QAB,5.81e-06,"A, B, C, D",E,PDB/SKEMPI_v2.0/1QAB.pdb,7.019575455786715,1QAB,1qab_7,PDB/mutant_pdbs/1qab/1qab_7.pdb
"A_Y114H, B_Y105H, C_Y105H, D_Y105H",SKEMPI_v2.0,1QAB,1.12e-06,"A, B, C, D",E,PDB/SKEMPI_v2.0/1QAB.pdb,7.978107011814482,1QAB,1qab_8,PDB/mutant_pdbs/1qab/1qab_8.pdb
"A_Y114F, B_Y105F, C_Y105F, D_Y105F",SKEMPI_v2.0,1QAB,1.8e-07,"A, B, C, D",E,PDB/SKEMPI_v2.0/1QAB.pdb,9.042535573443821,1QAB,1qab_9,PDB/mutant_pdbs/1qab/1qab_9.pdb
C_A6P,SKEMPI_v2.0,1QRN,9.1e-07,"A, B, C","D, E",PDB/SKEMPI_v2.0/1QRN.pdb,8.237213487989303,1QRN,1qrn_1,PDB/mutant_pdbs/1qrn/1qrn_1.pdb
C_R7V,SKEMPI_v2.0,1QSE,9.1e-07,"A, B, C","D, E",PDB/SKEMPI_v2.0/1QSE.pdb,8.237213487989303,1QSE,1qse_1,PDB/mutant_pdbs/1qse/1qse_1.pdb
C_A8Y,SKEMPI_v2.0,1QSF,9.1e-07,"A, B, C","D, E",PDB/SKEMPI_v2.0/1QSF.pdb,8.237213487989303,1QSF,1qsf_1,PDB/mutant_pdbs/1qsf/1qsf_1.pdb
I_L13G,SKEMPI_v2.0,1R0R,1.56e-09,E,I,PDB/SKEMPI_v2.0/1R0R.pdb,11.84751808650907,1R0R,1r0r_1,PDB/mutant_pdbs/1r0r/1r0r_1.pdb
I_L13A,SKEMPI_v2.0,1R0R,5e-11,E,I,PDB/SKEMPI_v2.0/1R0R.pdb,13.857541252428566,1R0R,1r0r_2,PDB/mutant_pdbs/1r0r/1r0r_2.pdb
I_L13S,SKEMPI_v2.0,1R0R,4.17e-10,E,I,PDB/SKEMPI_v2.0/1R0R.pdb,12.618335410641642,1R0R,1r0r_3,PDB/mutant_pdbs/1r0r/1r0r_3.pdb
I_L13C,SKEMPI_v2.0,1R0R,3.03e-12,E,I,PDB/SKEMPI_v2.0/1R0R.pdb,15.49542948726321,1R0R,1r0r_4,PDB/mutant_pdbs/1r0r/1r0r_4.pdb
I_L13V,SKEMPI_v2.0,1R0R,1.12e-09,E,I,PDB/SKEMPI_v2.0/1R0R.pdb,12.041109534148777,1R0R,1r0r_5,PDB/mutant_pdbs/1r0r/1r0r_5.pdb
I_L13T,SKEMPI_v2.0,1R0R,3.85e-11,E,I,PDB/SKEMPI_v2.0/1R0R.pdb,14.010240493098452,1R0R,1r0r_6,PDB/mutant_pdbs/1r0r/1r0r_6.pdb
I_L13P,SKEMPI_v2.0,1R0R,1.27e-05,E,I,PDB/SKEMPI_v2.0/1R0R.pdb,6.58664637860485,1R0R,1r0r_7,PDB/mutant_pdbs/1r0r/1r0r_7.pdb
I_L13I,SKEMPI_v2.0,1R0R,7.14e-09,E,I,PDB/SKEMPI_v2.0/1R0R.pdb,10.958876261166328,1R0R,1r0r_8,PDB/mutant_pdbs/1r0r/1r0r_8.pdb
I_L13M,SKEMPI_v2.0,1R0R,1.23e-11,E,I,PDB/SKEMPI_v2.0/1R0R.pdb,14.676890568203168,1R0R,1r0r_9,PDB/mutant_pdbs/1r0r/1r0r_9.pdb
I_L13N,SKEMPI_v2.0,1R0R,3.7e-10,E,I,PDB/SKEMPI_v2.0/1R0R.pdb,12.688200475907996,1R0R,1r0r_10,PDB/mutant_pdbs/1r0r/1r0r_10.pdb
I_L13D,SKEMPI_v2.0,1R0R,6.25e-08,E,I,PDB/SKEMPI_v2.0/1R0R.pdb,9.691398810519098,1R0R,1r0r_11,PDB/mutant_pdbs/1r0r/1r0r_11.pdb
I_L13K,SKEMPI_v2.0,1R0R,8.33e-09,E,I,PDB/SKEMPI_v2.0/1R0R.pdb,10.868815568263345,1R0R,1r0r_12,PDB/mutant_pdbs/1r0r/1r0r_12.pdb
I_L13Q,SKEMPI_v2.0,1R0R,7.69e-11,E,I,PDB/SKEMPI_v2.0/1R0R.pdb,13.606036778390015,1R0R,1r0r_13,PDB/mutant_pdbs/1r0r/1r0r_13.pdb
I_L13E,SKEMPI_v2.0,1R0R,1.16e-09,E,I,PDB/SKEMPI_v2.0/1R0R.pdb,12.020607849818715,1R0R,1r0r_14,PDB/mutant_pdbs/1r0r/1r0r_14.pdb
I_L13H,SKEMPI_v2.0,1R0R,7.69e-11,E,I,PDB/SKEMPI_v2.0/1R0R.pdb,13.606036778390015,1R0R,1r0r_15,PDB/mutant_pdbs/1r0r/1r0r_15.pdb
I_L13F,SKEMPI_v2.0,1R0R,8.33e-11,E,I,PDB/SKEMPI_v2.0/1R0R.pdb,13.559331227039534,1R0R,1r0r_16,PDB/mutant_pdbs/1r0r/1r0r_16.pdb
I_L13R,SKEMPI_v2.0,1R0R,4.17e-09,E,I,PDB/SKEMPI_v2.0/1R0R.pdb,11.273077581253547,1R0R,1r0r_17,PDB/mutant_pdbs/1r0r/1r0r_17.pdb
I_L13Y,SKEMPI_v2.0,1R0R,6.25e-11,E,I,PDB/SKEMPI_v2.0/1R0R.pdb,13.727172298683378,1R0R,1r0r_18,PDB/mutant_pdbs/1r0r/1r0r_18.pdb
I_L13W,SKEMPI_v2.0,1R0R,3.85e-10,E,I,PDB/SKEMPI_v2.0/1R0R.pdb,12.664982663710358,1R0R,1r0r_19,PDB/mutant_pdbs/1r0r/1r0r_19.pdb
I_A10G,SKEMPI_v2.0,1R0R,1.92e-10,E,I,PDB/SKEMPI_v2.0/1R0R.pdb,13.071465097892217,1R0R,1r0r_20,PDB/mutant_pdbs/1r0r/1r0r_20.pdb
I_A10S,SKEMPI_v2.0,1R0R,5.56e-10,E,I,PDB/SKEMPI_v2.0/1R0R.pdb,12.45026059702547,1R0R,1r0r_21,PDB/mutant_pdbs/1r0r/1r0r_21.pdb
I_A10C,SKEMPI_v2.0,1R0R,1.3e-11,E,I,PDB/SKEMPI_v2.0/1R0R.pdb,14.644552936471529,1R0R,1r0r_22,PDB/mutant_pdbs/1r0r/1r0r_22.pdb
I_A10V,SKEMPI_v2.0,1R0R,5.88e-12,E,I,PDB/SKEMPI_v2.0/1R0R.pdb,15.108083080999519,1R0R,1r0r_23,PDB/mutant_pdbs/1r0r/1r0r_23.pdb
I_A10T,SKEMPI_v2.0,1R0R,2.5e-10,E,I,PDB/SKEMPI_v2.0/1R0R.pdb,12.91724638158811,1R0R,1r0r_24,PDB/mutant_pdbs/1r0r/1r0r_24.pdb
I_A10P,SKEMPI_v2.0,1R0R,8.33e-09,E,I,PDB/SKEMPI_v2.0/1R0R.pdb,10.868815568263345,1R0R,1r0r_25,PDB/mutant_pdbs/1r0r/1r0r_25.pdb
I_A10L,SKEMPI_v2.0,1R0R,1.52e-12,E,I,PDB/SKEMPI_v2.0/1R0R.pdb,15.898467442250393,1R0R,1r0r_26,PDB/mutant_pdbs/1r0r/1r0r_26.pdb
I_A10I,SKEMPI_v2.0,1R0R,1.41e-12,E,I,PDB/SKEMPI_v2.0/1R0R.pdb,15.942355773063126,1R0R,1r0r_27,PDB/mutant_pdbs/1r0r/1r0r_27.pdb
I_A10M,SKEMPI_v2.0,1R0R,1.56e-12,E,I,PDB/SKEMPI_v2.0/1R0R.pdb,15.88329157467335,1R0R,1r0r_28,PDB/mutant_pdbs/1r0r/1r0r_28.pdb
I_A10N,SKEMPI_v2.0,1R0R,1e-09,E,I,PDB/SKEMPI_v2.0/1R0R.pdb,12.10732046449284,1R0R,1r0r_29,PDB/mutant_pdbs/1r0r/1r0r_29.pdb
I_A10D,SKEMPI_v2.0,1R0R,2e-07,E,I,PDB/SKEMPI_v2.0/1R0R.pdb,9.01184184716902,1R0R,1r0r_30,PDB/mutant_pdbs/1r0r/1r0r_30.pdb
I_A10K,SKEMPI_v2.0,1R0R,5.26e-09,E,I,PDB/SKEMPI_v2.0/1R0R.pdb,11.137408747292822,1R0R,1r0r_31,PDB/mutant_pdbs/1r0r/1r0r_31.pdb
I_A10Q,SKEMPI_v2.0,1R0R,6.25e-10,E,I,PDB/SKEMPI_v2.0/1R0R.pdb,12.381914469295284,1R0R,1r0r_32,PDB/mutant_pdbs/1r0r/1r0r_32.pdb
I_A10E,SKEMPI_v2.0,1R0R,6.67e-08,E,I,PDB/SKEMPI_v2.0/1R0R.pdb,9.653400904627517,1R0R,1r0r_33,PDB/mutant_pdbs/1r0r/1r0r_33.pdb
I_A10H,SKEMPI_v2.0,1R0R,5.88e-10,E,I,PDB/SKEMPI_v2.0/1R0R.pdb,12.417567422223332,1R0R,1r0r_34,PDB/mutant_pdbs/1r0r/1r0r_34.pdb
I_A10F,SKEMPI_v2.0,1R0R,6.67e-13,E,I,PDB/SKEMPI_v2.0/1R0R.pdb,16.379690051567984,1R0R,1r0r_35,PDB/mutant_pdbs/1r0r/1r0r_35.pdb
I_A10R,SKEMPI_v2.0,1R0R,3.33e-07,E,I,PDB/SKEMPI_v2.0/1R0R.pdb,8.713982610173614,1R0R,1r0r_36,PDB/mutant_pdbs/1r0r/1r0r_36.pdb
I_A10Y,SKEMPI_v2.0,1R0R,7.14e-12,E,I,PDB/SKEMPI_v2.0/1R0R.pdb,14.994649749330607,1R0R,1r0r_37,PDB/mutant_pdbs/1r0r/1r0r_37.pdb
I_A10W,SKEMPI_v2.0,1R0R,4.17e-11,E,I,PDB/SKEMPI_v2.0/1R0R.pdb,13.963593240029734,1R0R,1r0r_38,PDB/mutant_pdbs/1r0r/1r0r_38.pdb
I_T12G,SKEMPI_v2.0,1R0R,5.88e-09,E,I,PDB/SKEMPI_v2.0/1R0R.pdb,11.07230959283524,1R0R,1r0r_39,PDB/mutant_pdbs/1r0r/1r0r_39.pdb
I_T12A,SKEMPI_v2.0,1R0R,2.13e-10,E,I,PDB/SKEMPI_v2.0/1R0R.pdb,13.010823061343613,1R0R,1r0r_40,PDB/mutant_pdbs/1r0r/1r0r_40.pdb
I_T12S,SKEMPI_v2.0,1R0R,1.32e-10,E,I,PDB/SKEMPI_v2.0/1R0R.pdb,13.290375268906162,1R0R,1r0r_41,PDB/mutant_pdbs/1r0r/1r0r_41.pdb
I_T12C,SKEMPI_v2.0,1R0R,1.16e-10,E,I,PDB/SKEMPI_v2.0/1R0R.pdb,13.365865679206808,1R0R,1r0r_42,PDB/mutant_pdbs/1r0r/1r0r_42.pdb
I_T12V,SKEMPI_v2.0,1R0R,1.43e-10,E,I,PDB/SKEMPI_v2.0/1R0R.pdb,13.243611273294938,1R0R,1r0r_43,PDB/mutant_pdbs/1r0r/1r0r_43.pdb
I_T12P,SKEMPI_v2.0,1R0R,1.25e-07,E,I,PDB/SKEMPI_v2.0/1R0R.pdb,9.286435851971463,1R0R,1r0r_44,PDB/mutant_pdbs/1r0r/1r0r_44.pdb
I_T12L,SKEMPI_v2.0,1R0R,9.09e-11,E,I,PDB/SKEMPI_v2.0/1R0R.pdb,13.50832055439602,1R0R,1r0r_45,PDB/mutant_pdbs/1r0r/1r0r_45.pdb
I_T12I,SKEMPI_v2.0,1R0R,4.55e-11,E,I,PDB/SKEMPI_v2.0/1R0R.pdb,13.912641140089452,1R0R,1r0r_46,PDB/mutant_pdbs/1r0r/1r0r_46.pdb
I_T12M,SKEMPI_v2.0,1R0R,2.78e-10,E,I,PDB/SKEMPI_v2.0/1R0R.pdb,12.855223555573103,1R0R,1r0r_47,PDB/mutant_pdbs/1r0r/1r0r_47.pdb
I_T12N,SKEMPI_v2.0,1R0R,3.03e-11,E,I,PDB/SKEMPI_v2.0/1R0R.pdb,14.150171657875118,1R0R,1r0r_48,PDB/mutant_pdbs/1r0r/1r0r_48.pdb
I_T12D,SKEMPI_v2.0,1R0R,3.85e-09,E,I,PDB/SKEMPI_v2.0/1R0R.pdb,11.319724834322264,1R0R,1r0r_49,PDB/mutant_pdbs/1r0r/1r0r_49.pdb
I_T12K,SKEMPI_v2.0,1R0R,7.69e-10,E,I,PDB/SKEMPI_v2.0/1R0R.pdb,12.260778949001923,1R0R,1r0r_50,PDB/mutant_pdbs/1r0r/1r0r_50.pdb
I_T12Q,SKEMPI_v2.0,1R0R,1.25e-09,E,I,PDB/SKEMPI_v2.0/1R0R.pdb,11.97695151074765,1R0R,1r0r_51,PDB/mutant_pdbs/1r0r/1r0r_51.pdb
I_T12E,SKEMPI_v2.0,1R0R,6.67e-09,E,I,PDB/SKEMPI_v2.0/1R0R.pdb,10.998658734015612,1R0R,1r0r_52,PDB/mutant_pdbs/1r0r/1r0r_52.pdb
I_T12H,SKEMPI_v2.0,1R0R,7.14e-11,E,I,PDB/SKEMPI_v2.0/1R0R.pdb,13.649391919942513,1R0R,1r0r_53,PDB/mutant_pdbs/1r0r/1r0r_53.pdb
I_T12F,SKEMPI_v2.0,1R0R,2.63e-11,E,I,PDB/SKEMPI_v2.0/1R0R.pdb,14.232887364616644,1R0R,1r0r_54,PDB/mutant_pdbs/1r0r/1r0r_54.pdb
I_T12R,SKEMPI_v2.0,1R0R,8.33e-09,E,I,PDB/SKEMPI_v2.0/1R0R.pdb,10.868815568263345,1R0R,1r0r_55,PDB/mutant_pdbs/1r0r/1r0r_55.pdb
I_T12Y,SKEMPI_v2.0,1R0R,6.67e-12,E,I,PDB/SKEMPI_v2.0/1R0R.pdb,15.034432222179891,1R0R,1r0r_56,PDB/mutant_pdbs/1r0r/1r0r_56.pdb
I_T12W,SKEMPI_v2.0,1R0R,4.17e-09,E,I,PDB/SKEMPI_v2.0/1R0R.pdb,11.273077581253547,1R0R,1r0r_57,PDB/mutant_pdbs/1r0r/1r0r_57.pdb
I_E14G,SKEMPI_v2.0,1R0R,2.86e-09,E,I,PDB/SKEMPI_v2.0/1R0R.pdb,11.49339048535921,1R0R,1r0r_58,PDB/mutant_pdbs/1r0r/1r0r_58.pdb
I_E14A,SKEMPI_v2.0,1R0R,1e-09,E,I,PDB/SKEMPI_v2.0/1R0R.pdb,12.10732046449284,1R0R,1r0r_59,PDB/mutant_pdbs/1r0r/1r0r_59.pdb
I_E14S,SKEMPI_v2.0,1R0R,6.25e-09,E,I,PDB/SKEMPI_v2.0/1R0R.pdb,11.036656639907193,1R0R,1r0r_60,PDB/mutant_pdbs/1r0r/1r0r_60.pdb
I_E14C,SKEMPI_v2.0,1R0R,1.61e-09,E,I,PDB/SKEMPI_v2.0/1R0R.pdb,11.829086335440943,1R0R,1r0r_61,PDB/mutant_pdbs/1r0r/1r0r_61.pdb
I_E14V,SKEMPI_v2.0,1R0R,3.45e-11,E,I,PDB/SKEMPI_v2.0/1R0R.pdb,14.074330774827285,1R0R,1r0r_62,PDB/mutant_pdbs/1r0r/1r0r_62.pdb
I_E14T,SKEMPI_v2.0,1R0R,3.85e-08,E,I,PDB/SKEMPI_v2.0/1R0R.pdb,9.974467004934173,1R0R,1r0r_63,PDB/mutant_pdbs/1r0r/1r0r_63.pdb
I_E14P,SKEMPI_v2.0,1R0R,1.69e-08,E,I,PDB/SKEMPI_v2.0/1R0R.pdb,10.45549626150975,1R0R,1r0r_64,PDB/mutant_pdbs/1r0r/1r0r_64.pdb
I_E14L,SKEMPI_v2.0,1R0R,7.69e-11,E,I,PDB/SKEMPI_v2.0/1R0R.pdb,13.606036778390015,1R0R,1r0r_65,PDB/mutant_pdbs/1r0r/1r0r_65.pdb
I_E14I,SKEMPI_v2.0,1R0R,1.02e-10,E,I,PDB/SKEMPI_v2.0/1R0R.pdb,13.44100884548413,1R0R,1r0r_66,PDB/mutant_pdbs/1r0r/1r0r_66.pdb
I_E14M,SKEMPI_v2.0,1R0R,4.17e-10,E,I,PDB/SKEMPI_v2.0/1R0R.pdb,12.618335410641642,1R0R,1r0r_67,PDB/mutant_pdbs/1r0r/1r0r_67.pdb
I_E14N,SKEMPI_v2.0,1R0R,1.05e-09,E,I,PDB/SKEMPI_v2.0/1R0R.pdb,12.07881539401976,1R0R,1r0r_68,PDB/mutant_pdbs/1r0r/1r0r_68.pdb
I_E14D,SKEMPI_v2.0,1R0R,4.55e-11,E,I,PDB/SKEMPI_v2.0/1R0R.pdb,13.912641140089452,1R0R,1r0r_69,PDB/mutant_pdbs/1r0r/1r0r_69.pdb
I_E14K,SKEMPI_v2.0,1R0R,2.86e-09,E,I,PDB/SKEMPI_v2.0/1R0R.pdb,11.49339048535921,1R0R,1r0r_70,PDB/mutant_pdbs/1r0r/1r0r_70.pdb
I_E14Q,SKEMPI_v2.0,1R0R,2.56e-10,E,I,PDB/SKEMPI_v2.0/1R0R.pdb,12.903390284276043,1R0R,1r0r_71,PDB/mutant_pdbs/1r0r/1r0r_71.pdb
I_E14H,SKEMPI_v2.0,1R0R,5.26e-10,E,I,PDB/SKEMPI_v2.0/1R0R.pdb,12.482666576680916,1R0R,1r0r_72,PDB/mutant_pdbs/1r0r/1r0r_72.pdb
I_E14F,SKEMPI_v2.0,1R0R,1.32e-08,E,I,PDB/SKEMPI_v2.0/1R0R.pdb,10.599859610129977,1R0R,1r0r_73,PDB/mutant_pdbs/1r0r/1r0r_73.pdb
I_E14R,SKEMPI_v2.0,1R0R,1e-09,E,I,PDB/SKEMPI_v2.0/1R0R.pdb,12.10732046449284,1R0R,1r0r_74,PDB/mutant_pdbs/1r0r/1r0r_74.pdb
I_E14Y,SKEMPI_v2.0,1R0R,7.14e-10,E,I,PDB/SKEMPI_v2.0/1R0R.pdb,12.304134090554419,1R0R,1r0r_75,PDB/mutant_pdbs/1r0r/1r0r_75.pdb
I_E14W,SKEMPI_v2.0,1R0R,6.67e-10,E,I,PDB/SKEMPI_v2.0/1R0R.pdb,12.343916563403704,1R0R,1r0r_76,PDB/mutant_pdbs/1r0r/1r0r_76.pdb
I_Y15G,SKEMPI_v2.0,1R0R,1.45e-06,E,I,PDB/SKEMPI_v2.0/1R0R.pdb,7.854465407909244,1R0R,1r0r_77,PDB/mutant_pdbs/1r0r/1r0r_77.pdb
I_Y15A,SKEMPI_v2.0,1R0R,3.03e-07,E,I,PDB/SKEMPI_v2.0/1R0R.pdb,8.769140340322744,1R0R,1r0r_78,PDB/mutant_pdbs/1r0r/1r0r_78.pdb
I_Y15S,SKEMPI_v2.0,1R0R,1.79e-07,E,I,PDB/SKEMPI_v2.0/1R0R.pdb,9.076652286106441,1R0R,1r0r_79,PDB/mutant_pdbs/1r0r/1r0r_79.pdb
I_Y15C,SKEMPI_v2.0,1R0R,7.14e-09,E,I,PDB/SKEMPI_v2.0/1R0R.pdb,10.958876261166328,1R0R,1r0r_80,PDB/mutant_pdbs/1r0r/1r0r_80.pdb
I_Y15V,SKEMPI_v2.0,1R0R,1.1e-08,E,I,PDB/SKEMPI_v2.0/1R0R.pdb,10.706378801316248,1R0R,1r0r_81,PDB/mutant_pdbs/1r0r/1r0r_81.pdb
I_Y15T,SKEMPI_v2.0,1R0R,3.03e-07,E,I,PDB/SKEMPI_v2.0/1R0R.pdb,8.769140340322744,1R0R,1r0r_82,PDB/mutant_pdbs/1r0r/1r0r_82.pdb
I_Y15P,SKEMPI_v2.0,1R0R,2.22e-06,E,I,PDB/SKEMPI_v2.0/1R0R.pdb,7.605612925716984,1R0R,1r0r_83,PDB/mutant_pdbs/1r0r/1r0r_83.pdb
I_Y15L,SKEMPI_v2.0,1R0R,2.27e-09,E,I,PDB/SKEMPI_v2.0/1R0R.pdb,11.628373892639186,1R0R,1r0r_84,PDB/mutant_pdbs/1r0r/1r0r_84.pdb
I_Y15I,SKEMPI_v2.0,1R0R,3.7e-09,E,I,PDB/SKEMPI_v2.0/1R0R.pdb,11.342942646519901,1R0R,1r0r_85,PDB/mutant_pdbs/1r0r/1r0r_85.pdb
I_Y15M,SKEMPI_v2.0,1R0R,5.88e-09,E,I,PDB/SKEMPI_v2.0/1R0R.pdb,11.07230959283524,1R0R,1r0r_86,PDB/mutant_pdbs/1r0r/1r0r_86.pdb
I_Y15N,SKEMPI_v2.0,1R0R,3.85e-07,E,I,PDB/SKEMPI_v2.0/1R0R.pdb,8.629209175546078,1R0R,1r0r_87,PDB/mutant_pdbs/1r0r/1r0r_87.pdb
I_Y15D,SKEMPI_v2.0,1R0R,5e-07,E,I,PDB/SKEMPI_v2.0/1R0R.pdb,8.476509934876194,1R0R,1r0r_88,PDB/mutant_pdbs/1r0r/1r0r_88.pdb
I_Y15K,SKEMPI_v2.0,1R0R,3.23e-07,E,I,PDB/SKEMPI_v2.0/1R0R.pdb,8.731796125806571,1R0R,1r0r_89,PDB/mutant_pdbs/1r0r/1r0r_89.pdb
I_Y15Q,SKEMPI_v2.0,1R0R,5.88e-08,E,I,PDB/SKEMPI_v2.0/1R0R.pdb,9.727051763447145,1R0R,1r0r_90,PDB/mutant_pdbs/1r0r/1r0r_90.pdb
I_Y15E,SKEMPI_v2.0,1R0R,7.14e-08,E,I,PDB/SKEMPI_v2.0/1R0R.pdb,9.613618431778233,1R0R,1r0r_91,PDB/mutant_pdbs/1r0r/1r0r_91.pdb
I_Y15H,SKEMPI_v2.0,1R0R,1.03e-08,E,I,PDB/SKEMPI_v2.0/1R0R.pdb,10.744793258062499,1R0R,1r0r_92,PDB/mutant_pdbs/1r0r/1r0r_92.pdb
I_Y15F,SKEMPI_v2.0,1R0R,8.33e-11,E,I,PDB/SKEMPI_v2.0/1R0R.pdb,13.559331227039534,1R0R,1r0r_93,PDB/mutant_pdbs/1r0r/1r0r_93.pdb
I_Y15R,SKEMPI_v2.0,1R0R,5.56e-08,E,I,PDB/SKEMPI_v2.0/1R0R.pdb,9.75974493824928,1R0R,1r0r_94,PDB/mutant_pdbs/1r0r/1r0r_94.pdb
I_Y15W,SKEMPI_v2.0,1R0R,1.59e-11,E,I,PDB/SKEMPI_v2.0/1R0R.pdb,14.526905064960692,1R0R,1r0r_95,PDB/mutant_pdbs/1r0r/1r0r_95.pdb
I_R16G,SKEMPI_v2.0,1R0R,1e-09,E,I,PDB/SKEMPI_v2.0/1R0R.pdb,12.10732046449284,1R0R,1r0r_96,PDB/mutant_pdbs/1r0r/1r0r_96.pdb
I_R16A,SKEMPI_v2.0,1R0R,2.5e-11,E,I,PDB/SKEMPI_v2.0/1R0R.pdb,14.262504210976203,1R0R,1r0r_97,PDB/mutant_pdbs/1r0r/1r0r_97.pdb
I_R16S,SKEMPI_v2.0,1R0R,2.86e-11,E,I,PDB/SKEMPI_v2.0/1R0R.pdb,14.183906144135396,1R0R,1r0r_98,PDB/mutant_pdbs/1r0r/1r0r_98.pdb
I_R16C,SKEMPI_v2.0,1R0R,3.57e-11,E,I,PDB/SKEMPI_v2.0/1R0R.pdb,14.054354878490148,1R0R,1r0r_99,PDB/mutant_pdbs/1r0r/1r0r_99.pdb
I_R16V,SKEMPI_v2.0,1R0R,3.57e-11,E,I,PDB/SKEMPI_v2.0/1R0R.pdb,14.054354878490148,1R0R,1r0r_100,PDB/mutant_pdbs/1r0r/1r0r_100.pdb
I_R16T,SKEMPI_v2.0,1R0R,5.26e-11,E,I,PDB/SKEMPI_v2.0/1R0R.pdb,13.827924406069007,1R0R,1r0r_101,PDB/mutant_pdbs/1r0r/1r0r_101.pdb
I_R16P,SKEMPI_v2.0,1R0R,7.69e-06,E,I,PDB/SKEMPI_v2.0/1R0R.pdb,6.879747631449549,1R0R,1r0r_102,PDB/mutant_pdbs/1r0r/1r0r_102.pdb
I_R16L,SKEMPI_v2.0,1R0R,4.35e-11,E,I,PDB/SKEMPI_v2.0/1R0R.pdb,13.938903451370614,1R0R,1r0r_103,PDB/mutant_pdbs/1r0r/1r0r_103.pdb
I_R16I,SKEMPI_v2.0,1R0R,4.17e-11,E,I,PDB/SKEMPI_v2.0/1R0R.pdb,13.963593240029734,1R0R,1r0r_104,PDB/mutant_pdbs/1r0r/1r0r_104.pdb
I_R16M,SKEMPI_v2.0,1R0R,6.25e-11,E,I,PDB/SKEMPI_v2.0/1R0R.pdb,13.727172298683378,1R0R,1r0r_105,PDB/mutant_pdbs/1r0r/1r0r_105.pdb
I_R16N,SKEMPI_v2.0,1R0R,2.7e-11,E,I,PDB/SKEMPI_v2.0/1R0R.pdb,14.217540642219829,1R0R,1r0r_106,PDB/mutant_pdbs/1r0r/1r0r_106.pdb
I_R16D,SKEMPI_v2.0,1R0R,2.17e-11,E,I,PDB/SKEMPI_v2.0/1R0R.pdb,14.345211032035458,1R0R,1r0r_107,PDB/mutant_pdbs/1r0r/1r0r_107.pdb
I_R16K,SKEMPI_v2.0,1R0R,2.5e-11,E,I,PDB/SKEMPI_v2.0/1R0R.pdb,14.262504210976203,1R0R,1r0r_108,PDB/mutant_pdbs/1r0r/1r0r_108.pdb
I_R16Q,SKEMPI_v2.0,1R0R,4e-11,E,I,PDB/SKEMPI_v2.0/1R0R.pdb,13.987910206173758,1R0R,1r0r_109,PDB/mutant_pdbs/1r0r/1r0r_109.pdb
I_R16E,SKEMPI_v2.0,1R0R,5.26e-11,E,I,PDB/SKEMPI_v2.0/1R0R.pdb,13.827924406069007,1R0R,1r0r_110,PDB/mutant_pdbs/1r0r/1r0r_110.pdb
I_R16H,SKEMPI_v2.0,1R0R,7.14e-11,E,I,PDB/SKEMPI_v2.0/1R0R.pdb,13.649391919942513,1R0R,1r0r_111,PDB/mutant_pdbs/1r0r/1r0r_111.pdb
I_R16F,SKEMPI_v2.0,1R0R,6.25e-11,E,I,PDB/SKEMPI_v2.0/1R0R.pdb,13.727172298683378,1R0R,1r0r_112,PDB/mutant_pdbs/1r0r/1r0r_112.pdb
I_R16Y,SKEMPI_v2.0,1R0R,1.18e-10,E,I,PDB/SKEMPI_v2.0/1R0R.pdb,13.355878460760238,1R0R,1r0r_113,PDB/mutant_pdbs/1r0r/1r0r_113.pdb
I_R16W,SKEMPI_v2.0,1R0R,1.45e-10,E,I,PDB/SKEMPI_v2.0/1R0R.pdb,13.235496725461617,1R0R,1r0r_114,PDB/mutant_pdbs/1r0r/1r0r_114.pdb
I_P9G,SKEMPI_v2.0,1R0R,1.64e-11,E,I,PDB/SKEMPI_v2.0/1R0R.pdb,14.508815754586994,1R0R,1r0r_115,PDB/mutant_pdbs/1r0r/1r0r_115.pdb
I_P9A,SKEMPI_v2.0,1R0R,1e-11,E,I,PDB/SKEMPI_v2.0/1R0R.pdb,14.797836123269027,1R0R,1r0r_116,PDB/mutant_pdbs/1r0r/1r0r_116.pdb
I_P9S,SKEMPI_v2.0,1R0R,3.7e-11,E,I,PDB/SKEMPI_v2.0/1R0R.pdb,14.03345830529609,1R0R,1r0r_117,PDB/mutant_pdbs/1r0r/1r0r_117.pdb
I_P9C,SKEMPI_v2.0,1R0R,5.56e-12,E,I,PDB/SKEMPI_v2.0/1R0R.pdb,15.140776255801654,1R0R,1r0r_118,PDB/mutant_pdbs/1r0r/1r0r_118.pdb
I_P9V,SKEMPI_v2.0,1R0R,2.78e-10,E,I,PDB/SKEMPI_v2.0/1R0R.pdb,12.855223555573103,1R0R,1r0r_119,PDB/mutant_pdbs/1r0r/1r0r_119.pdb
I_P9T,SKEMPI_v2.0,1R0R,2.22e-10,E,I,PDB/SKEMPI_v2.0/1R0R.pdb,12.986644243269357,1R0R,1r0r_120,PDB/mutant_pdbs/1r0r/1r0r_120.pdb
I_P9L,SKEMPI_v2.0,1R0R,2.17e-10,E,I,PDB/SKEMPI_v2.0/1R0R.pdb,12.999953202647365,1R0R,1r0r_121,PDB/mutant_pdbs/1r0r/1r0r_121.pdb
I_P9I,SKEMPI_v2.0,1R0R,5.56e-10,E,I,PDB/SKEMPI_v2.0/1R0R.pdb,12.45026059702547,1R0R,1r0r_122,PDB/mutant_pdbs/1r0r/1r0r_122.pdb
I_P9M,SKEMPI_v2.0,1R0R,2.78e-11,E,I,PDB/SKEMPI_v2.0/1R0R.pdb,14.200481384961197,1R0R,1r0r_123,PDB/mutant_pdbs/1r0r/1r0r_123.pdb
I_P9N,SKEMPI_v2.0,1R0R,6.25e-12,E,I,PDB/SKEMPI_v2.0/1R0R.pdb,15.072430128071472,1R0R,1r0r_124,PDB/mutant_pdbs/1r0r/1r0r_124.pdb
I_P9D,SKEMPI_v2.0,1R0R,4.17e-13,E,I,PDB/SKEMPI_v2.0/1R0R.pdb,16.65410889880592,1R0R,1r0r_125,PDB/mutant_pdbs/1r0r/1r0r_125.pdb
I_P9K,SKEMPI_v2.0,1R0R,5.26e-11,E,I,PDB/SKEMPI_v2.0/1R0R.pdb,13.827924406069007,1R0R,1r0r_126,PDB/mutant_pdbs/1r0r/1r0r_126.pdb
I_P9Q,SKEMPI_v2.0,1R0R,2.7e-12,E,I,PDB/SKEMPI_v2.0/1R0R.pdb,15.562798471607923,1R0R,1r0r_127,PDB/mutant_pdbs/1r0r/1r0r_127.pdb
I_P9E,SKEMPI_v2.0,1R0R,6.67e-13,E,I,PDB/SKEMPI_v2.0/1R0R.pdb,16.379690051567984,1R0R,1r0r_128,PDB/mutant_pdbs/1r0r/1r0r_128.pdb
I_P9H,SKEMPI_v2.0,1R0R,2.04e-11,E,I,PDB/SKEMPI_v2.0/1R0R.pdb,14.38130371632459,1R0R,1r0r_129,PDB/mutant_pdbs/1r0r/1r0r_129.pdb
I_P9F,SKEMPI_v2.0,1R0R,3.03e-10,E,I,PDB/SKEMPI_v2.0/1R0R.pdb,12.804913828487024,1R0R,1r0r_130,PDB/mutant_pdbs/1r0r/1r0r_130.pdb
I_P9R,SKEMPI_v2.0,1R0R,1.89e-10,E,I,PDB/SKEMPI_v2.0/1R0R.pdb,13.080665887290118,1R0R,1r0r_131,PDB/mutant_pdbs/1r0r/1r0r_131.pdb
I_P9Y,SKEMPI_v2.0,1R0R,1.25e-10,E,I,PDB/SKEMPI_v2.0/1R0R.pdb,13.322209340135744,1R0R,1r0r_132,PDB/mutant_pdbs/1r0r/1r0r_132.pdb
I_P9W,SKEMPI_v2.0,1R0R,6.67e-11,E,I,PDB/SKEMPI_v2.0/1R0R.pdb,13.689174392791797,1R0R,1r0r_133,PDB/mutant_pdbs/1r0r/1r0r_133.pdb
I_K8G,SKEMPI_v2.0,1R0R,7.14e-12,E,I,PDB/SKEMPI_v2.0/1R0R.pdb,14.994649749330607,1R0R,1r0r_134,PDB/mutant_pdbs/1r0r/1r0r_134.pdb
I_K8A,SKEMPI_v2.0,1R0R,1.05e-11,E,I,PDB/SKEMPI_v2.0/1R0R.pdb,14.769331052795948,1R0R,1r0r_135,PDB/mutant_pdbs/1r0r/1r0r_135.pdb
I_K8S,SKEMPI_v2.0,1R0R,1.75e-11,E,I,PDB/SKEMPI_v2.0/1R0R.pdb,14.470887285434584,1R0R,1r0r_136,PDB/mutant_pdbs/1r0r/1r0r_136.pdb
I_K8C,SKEMPI_v2.0,1R0R,1.04e-11,E,I,PDB/SKEMPI_v2.0/1R0R.pdb,14.774921890216717,1R0R,1r0r_137,PDB/mutant_pdbs/1r0r/1r0r_137.pdb
I_K8V,SKEMPI_v2.0,1R0R,5.88e-11,E,I,PDB/SKEMPI_v2.0/1R0R.pdb,13.762825251611424,1R0R,1r0r_138,PDB/mutant_pdbs/1r0r/1r0r_138.pdb
I_K8T,SKEMPI_v2.0,1R0R,1.32e-10,E,I,PDB/SKEMPI_v2.0/1R0R.pdb,13.290375268906162,1R0R,1r0r_139,PDB/mutant_pdbs/1r0r/1r0r_139.pdb
I_K8P,SKEMPI_v2.0,1R0R,2.86e-10,E,I,PDB/SKEMPI_v2.0/1R0R.pdb,12.838648314747301,1R0R,1r0r_140,PDB/mutant_pdbs/1r0r/1r0r_140.pdb
I_K8L,SKEMPI_v2.0,1R0R,1.69e-11,E,I,PDB/SKEMPI_v2.0/1R0R.pdb,14.491269749674032,1R0R,1r0r_141,PDB/mutant_pdbs/1r0r/1r0r_141.pdb
I_K8I,SKEMPI_v2.0,1R0R,1.96e-10,E,I,PDB/SKEMPI_v2.0/1R0R.pdb,13.059418525702428,1R0R,1r0r_142,PDB/mutant_pdbs/1r0r/1r0r_142.pdb
I_K8M,SKEMPI_v2.0,1R0R,1.14e-11,E,I,PDB/SKEMPI_v2.0/1R0R.pdb,14.721284426478471,1R0R,1r0r_143,PDB/mutant_pdbs/1r0r/1r0r_143.pdb
I_K8N,SKEMPI_v2.0,1R0R,1.52e-11,E,I,PDB/SKEMPI_v2.0/1R0R.pdb,14.553209612862299,1R0R,1r0r_144,PDB/mutant_pdbs/1r0r/1r0r_144.pdb
I_K8D,SKEMPI_v2.0,1R0R,1.08e-11,E,I,PDB/SKEMPI_v2.0/1R0R.pdb,14.752872554512654,1R0R,1r0r_145,PDB/mutant_pdbs/1r0r/1r0r_145.pdb
I_K8Q,SKEMPI_v2.0,1R0R,1.2e-11,E,I,PDB/SKEMPI_v2.0/1R0R.pdb,14.691316932082755,1R0R,1r0r_146,PDB/mutant_pdbs/1r0r/1r0r_146.pdb
I_K8E,SKEMPI_v2.0,1R0R,2.44e-11,E,I,PDB/SKEMPI_v2.0/1R0R.pdb,14.276696926361558,1R0R,1r0r_147,PDB/mutant_pdbs/1r0r/1r0r_147.pdb
I_K8H,SKEMPI_v2.0,1R0R,1.08e-11,E,I,PDB/SKEMPI_v2.0/1R0R.pdb,14.752872554512654,1R0R,1r0r_148,PDB/mutant_pdbs/1r0r/1r0r_148.pdb
I_K8F,SKEMPI_v2.0,1R0R,7.69e-12,E,I,PDB/SKEMPI_v2.0/1R0R.pdb,14.951294607778108,1R0R,1r0r_149,PDB/mutant_pdbs/1r0r/1r0r_149.pdb
I_K8R,SKEMPI_v2.0,1R0R,3.7e-11,E,I,PDB/SKEMPI_v2.0/1R0R.pdb,14.03345830529609,1R0R,1r0r_150,PDB/mutant_pdbs/1r0r/1r0r_150.pdb
I_K8Y,SKEMPI_v2.0,1R0R,9.09e-12,E,I,PDB/SKEMPI_v2.0/1R0R.pdb,14.853578383784114,1R0R,1r0r_151,PDB/mutant_pdbs/1r0r/1r0r_151.pdb
I_K8W,SKEMPI_v2.0,1R0R,4.55e-12,E,I,PDB/SKEMPI_v2.0/1R0R.pdb,15.257898969477546,1R0R,1r0r_152,PDB/mutant_pdbs/1r0r/1r0r_152.pdb
I_G27A,SKEMPI_v2.0,1R0R,2.63e-10,E,I,PDB/SKEMPI_v2.0/1R0R.pdb,12.88762953522855,1R0R,1r0r_153,PDB/mutant_pdbs/1r0r/1r0r_153.pdb
I_G27S,SKEMPI_v2.0,1R0R,1.37e-10,E,I,PDB/SKEMPI_v2.0/1R0R.pdb,13.268653880475396,1R0R,1r0r_154,PDB/mutant_pdbs/1r0r/1r0r_154.pdb
I_G27C,SKEMPI_v2.0,1R0R,3.23e-10,E,I,PDB/SKEMPI_v2.0/1R0R.pdb,12.767569613970851,1R0R,1r0r_155,PDB/mutant_pdbs/1r0r/1r0r_155.pdb
I_G27V,SKEMPI_v2.0,1R0R,7.69e-10,E,I,PDB/SKEMPI_v2.0/1R0R.pdb,12.260778949001923,1R0R,1r0r_156,PDB/mutant_pdbs/1r0r/1r0r_156.pdb
I_G27T,SKEMPI_v2.0,1R0R,5e-10,E,I,PDB/SKEMPI_v2.0/1R0R.pdb,12.512283423040476,1R0R,1r0r_157,PDB/mutant_pdbs/1r0r/1r0r_157.pdb
I_G27P,SKEMPI_v2.0,1R0R,1.82e-10,E,I,PDB/SKEMPI_v2.0/1R0R.pdb,13.102715222994183,1R0R,1r0r_158,PDB/mutant_pdbs/1r0r/1r0r_158.pdb
I_G27L,SKEMPI_v2.0,1R0R,1.72e-09,E,I,PDB/SKEMPI_v2.0/1R0R.pdb,11.79047397724684,1R0R,1r0r_159,PDB/mutant_pdbs/1r0r/1r0r_159.pdb
I_G27I,SKEMPI_v2.0,1R0R,8.33e-10,E,I,PDB/SKEMPI_v2.0/1R0R.pdb,12.21407339765144,1R0R,1r0r_160,PDB/mutant_pdbs/1r0r/1r0r_160.pdb
I_G27M,SKEMPI_v2.0,1R0R,1.12e-09,E,I,PDB/SKEMPI_v2.0/1R0R.pdb,12.041109534148777,1R0R,1r0r_161,PDB/mutant_pdbs/1r0r/1r0r_161.pdb
I_G27N,SKEMPI_v2.0,1R0R,2.56e-10,E,I,PDB/SKEMPI_v2.0/1R0R.pdb,12.903390284276043,1R0R,1r0r_162,PDB/mutant_pdbs/1r0r/1r0r_162.pdb
I_G27D,SKEMPI_v2.0,1R0R,3.85e-09,E,I,PDB/SKEMPI_v2.0/1R0R.pdb,11.319724834322264,1R0R,1r0r_163,PDB/mutant_pdbs/1r0r/1r0r_163.pdb
I_G27K,SKEMPI_v2.0,1R0R,4.17e-09,E,I,PDB/SKEMPI_v2.0/1R0R.pdb,11.273077581253547,1R0R,1r0r_164,PDB/mutant_pdbs/1r0r/1r0r_164.pdb
I_G27Q,SKEMPI_v2.0,1R0R,9.09e-10,E,I,PDB/SKEMPI_v2.0/1R0R.pdb,12.163062725007928,1R0R,1r0r_165,PDB/mutant_pdbs/1r0r/1r0r_165.pdb
I_G27E,SKEMPI_v2.0,1R0R,8.33e-10,E,I,PDB/SKEMPI_v2.0/1R0R.pdb,12.21407339765144,1R0R,1r0r_166,PDB/mutant_pdbs/1r0r/1r0r_166.pdb
I_G27H,SKEMPI_v2.0,1R0R,1.19e-09,E,I,PDB/SKEMPI_v2.0/1R0R.pdb,12.005690323193058,1R0R,1r0r_167,PDB/mutant_pdbs/1r0r/1r0r_167.pdb
I_G27F,SKEMPI_v2.0,1R0R,3.57e-11,E,I,PDB/SKEMPI_v2.0/1R0R.pdb,14.054354878490148,1R0R,1r0r_168,PDB/mutant_pdbs/1r0r/1r0r_168.pdb
I_G27R,SKEMPI_v2.0,1R0R,1.03e-08,E,I,PDB/SKEMPI_v2.0/1R0R.pdb,10.744793258062499,1R0R,1r0r_169,PDB/mutant_pdbs/1r0r/1r0r_169.pdb
I_G27Y,SKEMPI_v2.0,1R0R,6.67e-11,E,I,PDB/SKEMPI_v2.0/1R0R.pdb,13.689174392791797,1R0R,1r0r_170,PDB/mutant_pdbs/1r0r/1r0r_170.pdb
I_G27W,SKEMPI_v2.0,1R0R,3.13e-10,E,I,PDB/SKEMPI_v2.0/1R0R.pdb,12.785943393987637,1R0R,1r0r_171,PDB/mutant_pdbs/1r0r/1r0r_171.pdb
I_N31G,SKEMPI_v2.0,1R0R,4.76e-11,E,I,PDB/SKEMPI_v2.0/1R0R.pdb,13.886280064873976,1R0R,1r0r_172,PDB/mutant_pdbs/1r0r/1r0r_172.pdb
I_N31A,SKEMPI_v2.0,1R0R,2.78e-11,E,I,PDB/SKEMPI_v2.0/1R0R.pdb,14.200481384961197,1R0R,1r0r_173,PDB/mutant_pdbs/1r0r/1r0r_173.pdb
I_N31S,SKEMPI_v2.0,1R0R,6.67e-11,E,I,PDB/SKEMPI_v2.0/1R0R.pdb,13.689174392791797,1R0R,1r0r_174,PDB/mutant_pdbs/1r0r/1r0r_174.pdb
I_N31C,SKEMPI_v2.0,1R0R,7.69e-11,E,I,PDB/SKEMPI_v2.0/1R0R.pdb,13.606036778390015,1R0R,1r0r_175,PDB/mutant_pdbs/1r0r/1r0r_175.pdb
I_N31V,SKEMPI_v2.0,1R0R,9.09e-11,E,I,PDB/SKEMPI_v2.0/1R0R.pdb,13.50832055439602,1R0R,1r0r_176,PDB/mutant_pdbs/1r0r/1r0r_176.pdb
I_N31T,SKEMPI_v2.0,1R0R,7.69e-11,E,I,PDB/SKEMPI_v2.0/1R0R.pdb,13.606036778390015,1R0R,1r0r_177,PDB/mutant_pdbs/1r0r/1r0r_177.pdb
I_N31P,SKEMPI_v2.0,1R0R,3.57e-10,E,I,PDB/SKEMPI_v2.0/1R0R.pdb,12.709097049102056,1R0R,1r0r_178,PDB/mutant_pdbs/1r0r/1r0r_178.pdb
I_N31L,SKEMPI_v2.0,1R0R,4e-10,E,I,PDB/SKEMPI_v2.0/1R0R.pdb,12.642652376785664,1R0R,1r0r_179,PDB/mutant_pdbs/1r0r/1r0r_179.pdb
I_N31I,SKEMPI_v2.0,1R0R,5e-11,E,I,PDB/SKEMPI_v2.0/1R0R.pdb,13.857541252428566,1R0R,1r0r_180,PDB/mutant_pdbs/1r0r/1r0r_180.pdb
I_N31M,SKEMPI_v2.0,1R0R,5e-11,E,I,PDB/SKEMPI_v2.0/1R0R.pdb,13.857541252428566,1R0R,1r0r_181,PDB/mutant_pdbs/1r0r/1r0r_181.pdb
I_N31D,SKEMPI_v2.0,1R0R,7.69e-11,E,I,PDB/SKEMPI_v2.0/1R0R.pdb,13.606036778390015,1R0R,1r0r_182,PDB/mutant_pdbs/1r0r/1r0r_182.pdb
I_N31K,SKEMPI_v2.0,1R0R,2.04e-10,E,I,PDB/SKEMPI_v2.0/1R0R.pdb,13.036045886936495,1R0R,1r0r_183,PDB/mutant_pdbs/1r0r/1r0r_183.pdb
I_N31Q,SKEMPI_v2.0,1R0R,1.85e-11,E,I,PDB/SKEMPI_v2.0/1R0R.pdb,14.438421263843724,1R0R,1r0r_184,PDB/mutant_pdbs/1r0r/1r0r_184.pdb
I_N31E,SKEMPI_v2.0,1R0R,2.08e-11,E,I,PDB/SKEMPI_v2.0/1R0R.pdb,14.369958931669084,1R0R,1r0r_185,PDB/mutant_pdbs/1r0r/1r0r_185.pdb
I_N31H,SKEMPI_v2.0,1R0R,4.76e-11,E,I,PDB/SKEMPI_v2.0/1R0R.pdb,13.886280064873976,1R0R,1r0r_186,PDB/mutant_pdbs/1r0r/1r0r_186.pdb
I_N31F,SKEMPI_v2.0,1R0R,2.17e-11,E,I,PDB/SKEMPI_v2.0/1R0R.pdb,14.345211032035458,1R0R,1r0r_187,PDB/mutant_pdbs/1r0r/1r0r_187.pdb
I_N31R,SKEMPI_v2.0,1R0R,3.45e-10,E,I,PDB/SKEMPI_v2.0/1R0R.pdb,12.72907294543919,1R0R,1r0r_188,PDB/mutant_pdbs/1r0r/1r0r_188.pdb
I_N31Y,SKEMPI_v2.0,1R0R,4e-11,E,I,PDB/SKEMPI_v2.0/1R0R.pdb,13.987910206173758,1R0R,1r0r_189,PDB/mutant_pdbs/1r0r/1r0r_189.pdb
I_N31W,SKEMPI_v2.0,1R0R,3.23e-11,E,I,PDB/SKEMPI_v2.0/1R0R.pdb,14.112827443358945,1R0R,1r0r_190,PDB/mutant_pdbs/1r0r/1r0r_190.pdb
"I_L13R, I_T12K",SKEMPI_v2.0,1R0R,1.95e-07,E,I,PDB/SKEMPI_v2.0/1R0R.pdb,9.026633473987692,1R0R,1r0r_191,PDB/mutant_pdbs/1r0r/1r0r_191.pdb
"I_L13R, I_T12R",SKEMPI_v2.0,1R0R,1.6e-06,E,I,PDB/SKEMPI_v2.0/1R0R.pdb,7.796952971526116,1R0R,1r0r_192,PDB/mutant_pdbs/1r0r/1r0r_192.pdb
"I_A10R, I_L13R",SKEMPI_v2.0,1R0R,1.31e-05,E,I,PDB/SKEMPI_v2.0/1R0R.pdb,6.568529018297063,1R0R,1r0r_193,PDB/mutant_pdbs/1r0r/1r0r_193.pdb
"I_A10R, I_L13R, I_T12K",SKEMPI_v2.0,1R0R,0.000183,E,I,PDB/SKEMPI_v2.0/1R0R.pdb,5.027966934261076,1R0R,1r0r_194,PDB/mutant_pdbs/1r0r/1r0r_194.pdb
"I_A10L, I_L13R, I_P9S, I_T12K",SKEMPI_v2.0,1R0R,1.05e-07,E,I,PDB/SKEMPI_v2.0/1R0R.pdb,9.388299735243574,1R0R,1r0r_195,PDB/mutant_pdbs/1r0r/1r0r_195.pdb
"I_A10V, I_E14D, I_E5D, I_G27S, I_N23S, I_N40S, I_R16M, I_S46R, I_T12P",SKEMPI_v2.0,1R0R,1.23e-07,E,I,PDB/SKEMPI_v2.0/1R0R.pdb,9.295859250650794,1R0R,1r0r_196,PDB/mutant_pdbs/1r0r/1r0r_196.pdb
"I_E14D, I_L13K, I_L18V, I_S46N, I_T12P",SKEMPI_v2.0,1R0R,1e-05,E,I,PDB/SKEMPI_v2.0/1R0R.pdb,6.726289146940466,1R0R,1r0r_197,PDB/mutant_pdbs/1r0r/1r0r_197.pdb
"I_E14D, I_G27S, I_L13K, I_L18V, I_S46N, I_T12P",SKEMPI_v2.0,1R0R,1.25e-05,E,I,PDB/SKEMPI_v2.0/1R0R.pdb,6.595920193195276,1R0R,1r0r_198,PDB/mutant_pdbs/1r0r/1r0r_198.pdb
"I_E14D, I_E38D, I_E5G, I_G27S, I_K8Q, I_L13Q, I_L18F, I_P9S, I_R16V, I_T12P, I_V37A",SKEMPI_v2.0,1R0R,1.22e-08,E,I,PDB/SKEMPI_v2.0/1R0R.pdb,10.645886396744912,1R0R,1r0r_199,PDB/mutant_pdbs/1r0r/1r0r_199.pdb
"I_A10V, I_E5D, I_G27S, I_N23S, I_N31D, I_R16M, I_T12S, I_Y6H",SKEMPI_v2.0,1R0R,5.26e-11,E,I,PDB/SKEMPI_v2.0/1R0R.pdb,13.827924406069007,1R0R,1r0r_200,PDB/mutant_pdbs/1r0r/1r0r_200.pdb
"I_A10V, I_G27N, I_L13P, I_N23S, I_N31D, I_N34S, I_R16M, I_S46G, I_T12S",SKEMPI_v2.0,1R0R,0.000172,E,I,PDB/SKEMPI_v2.0/1R0R.pdb,5.064184830306376,1R0R,1r0r_201,PDB/mutant_pdbs/1r0r/1r0r_201.pdb
"I_A10V, I_E5D, I_G27N, I_N23S, I_N31D, I_R16M, I_S46G, I_T12S",SKEMPI_v2.0,1R0R,6.67e-11,E,I,PDB/SKEMPI_v2.0/1R0R.pdb,13.689174392791797,1R0R,1r0r_202,PDB/mutant_pdbs/1r0r/1r0r_202.pdb
"I_A10V, I_E38D, I_E5D, I_G27S, I_N23S, I_R16M, I_T12S",SKEMPI_v2.0,1R0R,4.17e-11,E,I,PDB/SKEMPI_v2.0/1R0R.pdb,13.963593240029734,1R0R,1r0r_203,PDB/mutant_pdbs/1r0r/1r0r_203.pdb
"I_A10V, I_E38D, I_E5D, I_G27S, I_N23S, I_R16M, I_T12S, I_T44I, I_V1I",SKEMPI_v2.0,1R0R,4.76e-11,E,I,PDB/SKEMPI_v2.0/1R0R.pdb,13.886280064873976,1R0R,1r0r_204,PDB/mutant_pdbs/1r0r/1r0r_204.pdb
"I_A10V, I_E38D, I_E5D, I_G27S, I_N23S, I_R16M, I_T12S, I_V37A",SKEMPI_v2.0,1R0R,2.7e-11,E,I,PDB/SKEMPI_v2.0/1R0R.pdb,14.217540642219829,1R0R,1r0r_205,PDB/mutant_pdbs/1r0r/1r0r_205.pdb
"I_E38D, I_E5D, I_G27S, I_K24Q, I_N31S, I_R16M",SKEMPI_v2.0,1R0R,9.09e-11,E,I,PDB/SKEMPI_v2.0/1R0R.pdb,13.50832055439602,1R0R,1r0r_206,PDB/mutant_pdbs/1r0r/1r0r_206.pdb
"I_E38D, I_G27S, I_K24Q, I_R16M",SKEMPI_v2.0,1R0R,1.92e-10,E,I,PDB/SKEMPI_v2.0/1R0R.pdb,13.071465097892217,1R0R,1r0r_207,PDB/mutant_pdbs/1r0r/1r0r_207.pdb
"I_E38D, I_E5D, I_R16M",SKEMPI_v2.0,1R0R,5.88e-11,E,I,PDB/SKEMPI_v2.0/1R0R.pdb,13.762825251611424,1R0R,1r0r_208,PDB/mutant_pdbs/1r0r/1r0r_208.pdb
"I_A10D, I_E38D, I_E5D, I_K8R, I_R16M",SKEMPI_v2.0,1R0R,5e-07,E,I,PDB/SKEMPI_v2.0/1R0R.pdb,8.476509934876194,1R0R,1r0r_209,PDB/mutant_pdbs/1r0r/1r0r_209.pdb
"I_E38D, I_E5D, I_K29R, I_R16M",SKEMPI_v2.0,1R0R,2.56e-11,E,I,PDB/SKEMPI_v2.0/1R0R.pdb,14.248648113664137,1R0R,1r0r_210,PDB/mutant_pdbs/1r0r/1r0r_210.pdb
"I_E38D, I_E5G, I_L13M, I_R16M",SKEMPI_v2.0,1R0R,1.96e-11,E,I,PDB/SKEMPI_v2.0/1R0R.pdb,14.404676355090523,1R0R,1r0r_211,PDB/mutant_pdbs/1r0r/1r0r_211.pdb
"I_E38D, I_E5D, I_L13M, I_R16M",SKEMPI_v2.0,1R0R,1.96e-11,E,I,PDB/SKEMPI_v2.0/1R0R.pdb,14.404676355090523,1R0R,1r0r_212,PDB/mutant_pdbs/1r0r/1r0r_212.pdb
"I_E38D, I_E5D, I_G27D, I_L13V, I_R16M",SKEMPI_v2.0,1R0R,7.69e-08,E,I,PDB/SKEMPI_v2.0/1R0R.pdb,9.570263290225734,1R0R,1r0r_213,PDB/mutant_pdbs/1r0r/1r0r_213.pdb
"I_E38D, I_E5D, I_L13V, I_R16M",SKEMPI_v2.0,1R0R,1.64e-09,E,I,PDB/SKEMPI_v2.0/1R0R.pdb,11.818300095810809,1R0R,1r0r_214,PDB/mutant_pdbs/1r0r/1r0r_214.pdb
"I_E38D, I_E5D, I_L13M, I_R16M, I_T12R",SKEMPI_v2.0,1R0R,9.09e-09,E,I,PDB/SKEMPI_v2.0/1R0R.pdb,10.817804895619835,1R0R,1r0r_215,PDB/mutant_pdbs/1r0r/1r0r_215.pdb
"I_E38D, I_E5G, I_K50E, I_L13M, I_R16M",SKEMPI_v2.0,1R0R,9.09e-12,E,I,PDB/SKEMPI_v2.0/1R0R.pdb,14.853578383784114,1R0R,1r0r_216,PDB/mutant_pdbs/1r0r/1r0r_216.pdb
"I_D2N, I_E38D, I_E5G, I_K50E, I_L13M, I_R16M",SKEMPI_v2.0,1R0R,5e-12,E,I,PDB/SKEMPI_v2.0/1R0R.pdb,15.20279908181666,1R0R,1r0r_217,PDB/mutant_pdbs/1r0r/1r0r_217.pdb
"I_A10V, I_E38D, I_E5D, I_G27S, I_N23S, I_R16M, I_T12S, I_Y15D",SKEMPI_v2.0,1R0R,2.38e-07,E,I,PDB/SKEMPI_v2.0/1R0R.pdb,8.910211705869237,1R0R,1r0r_218,PDB/mutant_pdbs/1r0r/1r0r_218.pdb
"I_A10V, I_E38D, I_E5D, I_G27S, I_N23S, I_N31D, I_R16M, I_T12S, I_T44N",SKEMPI_v2.0,1R0R,3.33e-11,E,I,PDB/SKEMPI_v2.0/1R0R.pdb,14.095013927725988,1R0R,1r0r_219,PDB/mutant_pdbs/1r0r/1r0r_219.pdb
"I_A10V, I_E38D, I_E5D, I_G27S, I_N23S, I_N31D, I_R16M, I_T12S",SKEMPI_v2.0,1R0R,3.57e-11,E,I,PDB/SKEMPI_v2.0/1R0R.pdb,14.054354878490148,1R0R,1r0r_220,PDB/mutant_pdbs/1r0r/1r0r_220.pdb
"I_A10V, I_E38D, I_E5D, I_G27S, I_N23S, I_N31D, I_R16M, I_T12S, I_T44S, I_V36F",SKEMPI_v2.0,1R0R,3.13e-11,E,I,PDB/SKEMPI_v2.0/1R0R.pdb,14.131201223375731,1R0R,1r0r_221,PDB/mutant_pdbs/1r0r/1r0r_221.pdb
"I_A10V, I_E38D, I_G27S, I_K24Q, I_K29E, I_N23S, I_R16M, I_T12S",SKEMPI_v2.0,1R0R,3.13e-10,E,I,PDB/SKEMPI_v2.0/1R0R.pdb,12.785943393987637,1R0R,1r0r_222,PDB/mutant_pdbs/1r0r/1r0r_222.pdb
I_L13M,SKEMPI_v2.0,1R0R,1.23e-11,E,I,PDB/SKEMPI_v2.0/1R0R.pdb,14.676890568203168,1R0R,1r0r_223,PDB/mutant_pdbs/1r0r/1r0r_223.pdb
"I_K50T, I_L13M, I_T44N",SKEMPI_v2.0,1R0R,7.14e-12,E,I,PDB/SKEMPI_v2.0/1R0R.pdb,14.994649749330607,1R0R,1r0r_224,PDB/mutant_pdbs/1r0r/1r0r_224.pdb
"I_G27A, I_N23S",SKEMPI_v2.0,1R0R,2.44e-10,E,I,PDB/SKEMPI_v2.0/1R0R.pdb,12.931439096973463,1R0R,1r0r_225,PDB/mutant_pdbs/1r0r/1r0r_225.pdb
"I_A10D, I_G27A",SKEMPI_v2.0,1R0R,6.25e-07,E,I,PDB/SKEMPI_v2.0/1R0R.pdb,8.346140981131006,1R0R,1r0r_226,PDB/mutant_pdbs/1r0r/1r0r_226.pdb
"I_A10D, I_G27A, I_N28S",SKEMPI_v2.0,1R0R,5.56e-07,E,I,PDB/SKEMPI_v2.0/1R0R.pdb,8.414487108861188,1R0R,1r0r_227,PDB/mutant_pdbs/1r0r/1r0r_227.pdb
I_G27A,SKEMPI_v2.0,1R0R,2.78e-10,E,I,PDB/SKEMPI_v2.0/1R0R.pdb,12.855223555573103,1R0R,1r0r_228,PDB/mutant_pdbs/1r0r/1r0r_228.pdb
"I_G27V, I_L13S, I_T12M",SKEMPI_v2.0,1R0R,4.76e-09,E,I,PDB/SKEMPI_v2.0/1R0R.pdb,11.195764406097789,1R0R,1r0r_229,PDB/mutant_pdbs/1r0r/1r0r_229.pdb
"I_L18I, I_R16V",SKEMPI_v2.0,1R0R,2.86e-11,E,I,PDB/SKEMPI_v2.0/1R0R.pdb,14.183906144135396,1R0R,1r0r_230,PDB/mutant_pdbs/1r0r/1r0r_230.pdb
"I_L13S, I_L18I, I_R16V",SKEMPI_v2.0,1R0R,7.14e-10,E,I,PDB/SKEMPI_v2.0/1R0R.pdb,12.304134090554419,1R0R,1r0r_231,PDB/mutant_pdbs/1r0r/1r0r_231.pdb
I_N23S,SKEMPI_v2.0,1R0R,2.63e-11,E,I,PDB/SKEMPI_v2.0/1R0R.pdb,14.232887364616644,1R0R,1r0r_232,PDB/mutant_pdbs/1r0r/1r0r_232.pdb
"I_E38K, I_K24I, I_L13M, I_L18V",SKEMPI_v2.0,1R0R,7.14e-12,E,I,PDB/SKEMPI_v2.0/1R0R.pdb,14.994649749330607,1R0R,1r0r_233,PDB/mutant_pdbs/1r0r/1r0r_233.pdb
"I_A10G, I_E38K, I_K24I, I_L13M, I_L18V",SKEMPI_v2.0,1R0R,1.69e-10,E,I,PDB/SKEMPI_v2.0/1R0R.pdb,13.146011920285938,1R0R,1r0r_234,PDB/mutant_pdbs/1r0r/1r0r_234.pdb
"I_L13M, I_N31D, I_S46N",SKEMPI_v2.0,1R0R,1.75e-11,E,I,PDB/SKEMPI_v2.0/1R0R.pdb,14.470887285434584,1R0R,1r0r_235,PDB/mutant_pdbs/1r0r/1r0r_235.pdb
"I_E5D, I_K8M, I_L13M, I_L18V",SKEMPI_v2.0,1R0R,1.52e-12,E,I,PDB/SKEMPI_v2.0/1R0R.pdb,15.898467442250393,1R0R,1r0r_236,PDB/mutant_pdbs/1r0r/1r0r_236.pdb
"I_E5G, I_F48P, I_G27S, I_H47Y, I_K24T, I_K50V, I_L13M, I_L18I, I_Y15S",SKEMPI_v2.0,1R0R,8.33e-09,E,I,PDB/SKEMPI_v2.0/1R0R.pdb,10.868815568263345,1R0R,1r0r_237,PDB/mutant_pdbs/1r0r/1r0r_237.pdb
"I_A10T, I_L13M",SKEMPI_v2.0,1R0R,4.55e-11,E,I,PDB/SKEMPI_v2.0/1R0R.pdb,13.912641140089452,1R0R,1r0r_238,PDB/mutant_pdbs/1r0r/1r0r_238.pdb
"I_G27D, I_L13M, I_T25S",SKEMPI_v2.0,1R0R,1.1e-09,E,I,PDB/SKEMPI_v2.0/1R0R.pdb,12.05163663070434,1R0R,1r0r_239,PDB/mutant_pdbs/1r0r/1r0r_239.pdb
"I_G27D, I_L13I",SKEMPI_v2.0,1R0R,2.27e-07,E,I,PDB/SKEMPI_v2.0/1R0R.pdb,8.937858233862999,1R0R,1r0r_240,PDB/mutant_pdbs/1r0r/1r0r_240.pdb
"I_A10D, I_L13A, I_Y15D",SKEMPI_v2.0,1R0R,0.000106,E,I,PDB/SKEMPI_v2.0/1R0R.pdb,5.346988404175502,1R0R,1r0r_241,PDB/mutant_pdbs/1r0r/1r0r_241.pdb
"I_H47R, I_K50Q, I_L13M, I_S46N",SKEMPI_v2.0,1R0R,1e-11,E,I,PDB/SKEMPI_v2.0/1R0R.pdb,14.797836123269027,1R0R,1r0r_242,PDB/mutant_pdbs/1r0r/1r0r_242.pdb
"I_H47R, I_L13M",SKEMPI_v2.0,1R0R,1.72e-11,E,I,PDB/SKEMPI_v2.0/1R0R.pdb,14.480989636023029,1R0R,1r0r_243,PDB/mutant_pdbs/1r0r/1r0r_243.pdb
"I_H47R, I_K50E, I_L13M",SKEMPI_v2.0,1R0R,6.25e-12,E,I,PDB/SKEMPI_v2.0/1R0R.pdb,15.072430128071472,1R0R,1r0r_244,PDB/mutant_pdbs/1r0r/1r0r_244.pdb
"I_L13M, I_S46N",SKEMPI_v2.0,1R0R,1.27e-11,E,I,PDB/SKEMPI_v2.0/1R0R.pdb,14.658193354933408,1R0R,1r0r_245,PDB/mutant_pdbs/1r0r/1r0r_245.pdb
I_Y15H,SKEMPI_v2.0,1R0R,5e-09,E,I,PDB/SKEMPI_v2.0/1R0R.pdb,11.167025593652381,1R0R,1r0r_246,PDB/mutant_pdbs/1r0r/1r0r_246.pdb
"I_L13M, I_Y15Q",SKEMPI_v2.0,1R0R,1.37e-08,E,I,PDB/SKEMPI_v2.0/1R0R.pdb,10.578138221699211,1R0R,1r0r_247,PDB/mutant_pdbs/1r0r/1r0r_247.pdb
"I_G27D, I_L13M",SKEMPI_v2.0,1R0R,1.67e-09,E,I,PDB/SKEMPI_v2.0/1R0R.pdb,11.807709387947867,1R0R,1r0r_248,PDB/mutant_pdbs/1r0r/1r0r_248.pdb
"I_E38D, I_E5D, I_G27D, I_N31S, I_R16M, I_T12L, I_T44S",SKEMPI_v2.0,1R0R,1.85e-08,E,I,PDB/SKEMPI_v2.0/1R0R.pdb,10.402647775679442,1R0R,1r0r_249,PDB/mutant_pdbs/1r0r/1r0r_249.pdb
"I_E38D, I_E5D, I_G27S, I_L18F, I_N23S, I_R16M",SKEMPI_v2.0,1R0R,2.63e-10,E,I,PDB/SKEMPI_v2.0/1R0R.pdb,12.88762953522855,1R0R,1r0r_250,PDB/mutant_pdbs/1r0r/1r0r_250.pdb
"I_E38D, I_E5G, I_G27S, I_K8Q, I_L18F, I_N31D, I_R16V, I_T12S, I_V37A",SKEMPI_v2.0,1R0R,2.94e-11,E,I,PDB/SKEMPI_v2.0/1R0R.pdb,14.16778821015906,1R0R,1r0r_251,PDB/mutant_pdbs/1r0r/1r0r_251.pdb
"I_E14D, I_E38D, I_E5D, I_G27S, I_G49E, I_N23S, I_R16M, I_T12S",SKEMPI_v2.0,1R0R,2.63e-10,E,I,PDB/SKEMPI_v2.0/1R0R.pdb,12.88762953522855,1R0R,1r0r_252,PDB/mutant_pdbs/1r0r/1r0r_252.pdb
"I_A10V, I_E38D, I_E5D, I_R16M, I_Y15E",SKEMPI_v2.0,1R0R,3.7e-09,E,I,PDB/SKEMPI_v2.0/1R0R.pdb,11.342942646519901,1R0R,1r0r_253,PDB/mutant_pdbs/1r0r/1r0r_253.pdb
"I_A10V, I_E38D, I_E5D, I_R16M, I_T12S, I_V37A",SKEMPI_v2.0,1R0R,4.17e-12,E,I,PDB/SKEMPI_v2.0/1R0R.pdb,15.308851069417827,1R0R,1r0r_254,PDB/mutant_pdbs/1r0r/1r0r_254.pdb
"I_A10V, I_D2N, I_E14L, I_E38D, I_E5D, I_R16M, I_T12S, I_V37A",SKEMPI_v2.0,1R0R,6.25e-12,E,I,PDB/SKEMPI_v2.0/1R0R.pdb,15.072430128071472,1R0R,1r0r_255,PDB/mutant_pdbs/1r0r/1r0r_255.pdb
"I_A10V, I_E38H, I_E5D, I_G27H, I_K24I, I_L45F, I_N31Y, I_R16M, I_V37A, I_Y15D",SKEMPI_v2.0,1R0R,4.35e-07,E,I,PDB/SKEMPI_v2.0/1R0R.pdb,8.557872133818242,1R0R,1r0r_256,PDB/mutant_pdbs/1r0r/1r0r_256.pdb
"I_A10V, I_E14D, I_E38D, I_E5D, I_G27S, I_K8Q, I_L13G, I_N23S, I_R16M, I_S46N, I_T12M",SKEMPI_v2.0,1R0R,5.56e-09,E,I,PDB/SKEMPI_v2.0/1R0R.pdb,11.105002767637375,1R0R,1r0r_257,PDB/mutant_pdbs/1r0r/1r0r_257.pdb
"I_E14D, I_E38D, I_G27S, I_L18I, I_N23S, I_N31D, I_V37M, I_Y6H",SKEMPI_v2.0,1R0R,1.1e-10,E,I,PDB/SKEMPI_v2.0/1R0R.pdb,13.396894460092435,1R0R,1r0r_258,PDB/mutant_pdbs/1r0r/1r0r_258.pdb
"I_A10V, I_E14D, I_E38D, I_E5D, I_G27S, I_K24T, I_L43I, I_R16M",SKEMPI_v2.0,1R0R,2.17e-11,E,I,PDB/SKEMPI_v2.0/1R0R.pdb,14.345211032035458,1R0R,1r0r_259,PDB/mutant_pdbs/1r0r/1r0r_259.pdb
"I_A10V, I_E14D, I_E38D, I_E5D, I_G27N, I_K24T, I_L43I, I_N31I, I_R16M, I_T12S",SKEMPI_v2.0,1R0R,5.88e-10,E,I,PDB/SKEMPI_v2.0/1R0R.pdb,12.417567422223332,1R0R,1r0r_260,PDB/mutant_pdbs/1r0r/1r0r_260.pdb
"I_A10V, I_E14D, I_E38D, I_E5D, I_G27S, I_K50R, I_K8R, I_L43I, I_R16M",SKEMPI_v2.0,1R0R,1.47e-11,E,I,PDB/SKEMPI_v2.0/1R0R.pdb,14.572751168706693,1R0R,1r0r_261,PDB/mutant_pdbs/1r0r/1r0r_261.pdb
"I_A10V, I_E14D, I_E38D, I_E5D, I_G27S, I_K50R, I_L43I, I_R16M",SKEMPI_v2.0,1R0R,1.96e-11,E,I,PDB/SKEMPI_v2.0/1R0R.pdb,14.404676355090523,1R0R,1r0r_262,PDB/mutant_pdbs/1r0r/1r0r_262.pdb
"I_A10D, I_L13A",SKEMPI_v2.0,1R0R,3.33e-07,E,I,PDB/SKEMPI_v2.0/1R0R.pdb,8.713982610173614,1R0R,1r0r_263,PDB/mutant_pdbs/1r0r/1r0r_263.pdb
"I_E38D, I_E5D, I_G27D, I_L13M, I_R16M",SKEMPI_v2.0,1R0R,9.09e-10,E,I,PDB/SKEMPI_v2.0/1R0R.pdb,12.163062725007928,1R0R,1r0r_264,PDB/mutant_pdbs/1r0r/1r0r_264.pdb
I_G27V,SKEMPI_v2.0,1R0R,8.33e-10,E,I,PDB/SKEMPI_v2.0/1R0R.pdb,12.21407339765144,1R0R,1r0r_265,PDB/mutant_pdbs/1r0r/1r0r_265.pdb
I_Y15D,SKEMPI_v2.0,1R0R,3.03e-07,E,I,PDB/SKEMPI_v2.0/1R0R.pdb,8.769140340322744,1R0R,1r0r_266,PDB/mutant_pdbs/1r0r/1r0r_266.pdb
I_T12E,SKEMPI_v2.0,1R0R,3.45e-09,E,I,PDB/SKEMPI_v2.0/1R0R.pdb,11.3838151160511,1R0R,1r0r_267,PDB/mutant_pdbs/1r0r/1r0r_267.pdb
"I_E38D, I_E5D, I_L13F, I_R16M",SKEMPI_v2.0,1R0R,2e-10,E,I,PDB/SKEMPI_v2.0/1R0R.pdb,13.047615335333298,1R0R,1r0r_268,PDB/mutant_pdbs/1r0r/1r0r_268.pdb
I_T12S,SKEMPI_v2.0,1R0R,1.19e-10,E,I,PDB/SKEMPI_v2.0/1R0R.pdb,13.350948152581152,1R0R,1r0r_269,PDB/mutant_pdbs/1r0r/1r0r_269.pdb
I_T12V,SKEMPI_v2.0,1R0R,1.82e-10,E,I,PDB/SKEMPI_v2.0/1R0R.pdb,13.102715222994183,1R0R,1r0r_270,PDB/mutant_pdbs/1r0r/1r0r_270.pdb
I_A10V,SKEMPI_v2.0,1R0R,5.56e-12,E,I,PDB/SKEMPI_v2.0/1R0R.pdb,15.140776255801654,1R0R,1r0r_271,PDB/mutant_pdbs/1r0r/1r0r_271.pdb
"I_A10V, I_T12S",SKEMPI_v2.0,1R0R,3.45e-11,E,I,PDB/SKEMPI_v2.0/1R0R.pdb,14.074330774827285,1R0R,1r0r_272,PDB/mutant_pdbs/1r0r/1r0r_272.pdb
I_T12A,SKEMPI_v2.0,1R0R,1.11e-10,E,I,PDB/SKEMPI_v2.0/1R0R.pdb,13.391607201816992,1R0R,1r0r_273,PDB/mutant_pdbs/1r0r/1r0r_273.pdb
I_L13K,SKEMPI_v2.0,1R0R,3.57e-09,E,I,PDB/SKEMPI_v2.0/1R0R.pdb,11.363839219713961,1R0R,1r0r_274,PDB/mutant_pdbs/1r0r/1r0r_274.pdb
I_L13A,SKEMPI_v2.0,1R0R,7.14e-11,E,I,PDB/SKEMPI_v2.0/1R0R.pdb,13.649391919942513,1R0R,1r0r_275,PDB/mutant_pdbs/1r0r/1r0r_275.pdb
I_L13E,SKEMPI_v2.0,1R0R,1.06e-09,E,I,PDB/SKEMPI_v2.0/1R0R.pdb,12.073277551115968,1R0R,1r0r_276,PDB/mutant_pdbs/1r0r/1r0r_276.pdb
I_L13Q,SKEMPI_v2.0,1R0R,8.33e-11,E,I,PDB/SKEMPI_v2.0/1R0R.pdb,13.559331227039534,1R0R,1r0r_277,PDB/mutant_pdbs/1r0r/1r0r_277.pdb
"I_L13R, I_T12R",SKEMPI_v2.0,1R0R,1.67e-06,E,I,PDB/SKEMPI_v2.0/1R0R.pdb,7.771935899783586,1R0R,1r0r_278,PDB/mutant_pdbs/1r0r/1r0r_278.pdb
"I_A10R, I_L13R",SKEMPI_v2.0,1R0R,1.35e-05,E,I,PDB/SKEMPI_v2.0/1R0R.pdb,6.550956624438904,1R0R,1r0r_279,PDB/mutant_pdbs/1r0r/1r0r_279.pdb
"I_A10R, I_L13R, I_T12K",SKEMPI_v2.0,1R0R,0.000189,E,I,PDB/SKEMPI_v2.0/1R0R.pdb,5.009118910961559,1R0R,1r0r_280,PDB/mutant_pdbs/1r0r/1r0r_280.pdb
"I_A10Y, I_K8T, I_P9E",SKEMPI_v2.0,1R0R,6.67e-12,E,I,PDB/SKEMPI_v2.0/1R0R.pdb,15.085569746745131,1R0R,1r0r_281,PDB/mutant_pdbs/1r0r/1r0r_281.pdb
"I_A10Y, I_G27P, I_K8T, I_L13G, I_N31V, I_P9E, I_R16M",SKEMPI_v2.0,1R0R,1.72e-09,E,I,PDB/SKEMPI_v2.0/1R0R.pdb,11.830577630230675,1R0R,1r0r_282,PDB/mutant_pdbs/1r0r/1r0r_282.pdb
"I_A10Y, I_K8S, I_P9D",SKEMPI_v2.0,1R0R,1.12e-12,E,I,PDB/SKEMPI_v2.0/1R0R.pdb,16.13156629789916,1R0R,1r0r_283,PDB/mutant_pdbs/1r0r/1r0r_283.pdb
"I_A10Y, I_E14I, I_K8S, I_L13G, I_P9D, I_R16K",SKEMPI_v2.0,1R0R,1.12e-10,E,I,PDB/SKEMPI_v2.0/1R0R.pdb,13.43189922531761,1R0R,1r0r_284,PDB/mutant_pdbs/1r0r/1r0r_284.pdb
"A_D19A, B_D19A",SKEMPI_v2.0,1REW,2.06e-09,"A, B",C,PDB/SKEMPI_v2.0/1REW.pdb,11.844068919772388,1REW,1rew_1,PDB/mutant_pdbs/1rew/1rew_1.pdb
"A_W20A, B_W20A",SKEMPI_v2.0,1REW,4.18e-09,"A, B",C,PDB/SKEMPI_v2.0/1REW.pdb,11.425034374100095,1REW,1rew_2,PDB/mutant_pdbs/1rew/1rew_2.pdb
"A_D19A, A_W20A, B_D19A, B_W20A",SKEMPI_v2.0,1REW,2.17e-08,"A, B",C,PDB/SKEMPI_v2.0/1REW.pdb,10.44970200025038,1REW,1rew_3,PDB/mutant_pdbs/1rew/1rew_3.pdb
"A_F38A, B_F38A",SKEMPI_v2.0,1REW,6.67e-09,"A, B",C,PDB/SKEMPI_v2.0/1REW.pdb,11.148300349444398,1REW,1rew_4,PDB/mutant_pdbs/1rew/1rew_4.pdb
"A_P39A, B_P39A",SKEMPI_v2.0,1REW,5.93e-09,"A, B",C,PDB/SKEMPI_v2.0/1REW.pdb,11.217938947409552,1REW,1rew_5,PDB/mutant_pdbs/1rew/1rew_5.pdb
"A_F38A, A_P39A, B_F38A, B_P39A",SKEMPI_v2.0,1REW,8.67e-08,"A, B",C,PDB/SKEMPI_v2.0/1REW.pdb,9.62943931915843,1REW,1rew_6,PDB/mutant_pdbs/1rew/1rew_6.pdb
"A_H28D, B_H28D",SKEMPI_v2.0,1REW,9.28e-10,"A, B",C,PDB/SKEMPI_v2.0/1REW.pdb,12.316296215857292,1REW,1rew_7,PDB/mutant_pdbs/1rew/1rew_7.pdb
"A_S77A, B_S77A",SKEMPI_v2.0,1REW,9.4e-10,"A, B",C,PDB/SKEMPI_v2.0/1REW.pdb,12.308687714589906,1REW,1rew_8,PDB/mutant_pdbs/1rew/1rew_8.pdb
"A_L89A, B_L89A",SKEMPI_v2.0,1REW,1e-09,"A, B",C,PDB/SKEMPI_v2.0/1REW.pdb,12.272045912989343,1REW,1rew_9,PDB/mutant_pdbs/1rew/1rew_9.pdb
"A_H28D, A_S77A, B_H28D, B_S77A",SKEMPI_v2.0,1REW,9.09e-10,"A, B",C,PDB/SKEMPI_v2.0/1REW.pdb,12.328546571606678,1REW,1rew_10,PDB/mutant_pdbs/1rew/1rew_10.pdb
"A_H28D, A_L89A, B_H28D, B_L89A",SKEMPI_v2.0,1REW,8.15e-10,"A, B",C,PDB/SKEMPI_v2.0/1REW.pdb,12.393187902385206,1REW,1rew_11,PDB/mutant_pdbs/1rew/1rew_11.pdb
"A_A23D, B_A23D",SKEMPI_v2.0,1REW,6.67e-10,"A, B",C,PDB/SKEMPI_v2.0/1REW.pdb,12.511861006443212,1REW,1rew_12,PDB/mutant_pdbs/1rew/1rew_12.pdb
"A_D42A, B_D42A",SKEMPI_v2.0,1REW,6.11e-10,"A, B",C,PDB/SKEMPI_v2.0/1REW.pdb,12.563791700921676,1REW,1rew_13,PDB/mutant_pdbs/1rew/1rew_13.pdb
"A_E98R, B_E98R",SKEMPI_v2.0,1REW,1.05e-09,"A, B",C,PDB/SKEMPI_v2.0/1REW.pdb,12.243153018428194,1REW,1rew_14,PDB/mutant_pdbs/1rew/1rew_14.pdb
"A_A23D, A_D19A, B_A23D, B_D19A",SKEMPI_v2.0,1REW,1.49e-09,"A, B",C,PDB/SKEMPI_v2.0/1REW.pdb,12.035895931049929,1REW,1rew_15,PDB/mutant_pdbs/1rew/1rew_15.pdb
"A_A23D, A_D42A, B_A23D, B_D42A",SKEMPI_v2.0,1REW,4.89e-10,"A, B",C,PDB/SKEMPI_v2.0/1REW.pdb,12.695692129166451,1REW,1rew_16,PDB/mutant_pdbs/1rew/1rew_16.pdb
"A_D42A, A_E98R, B_D42A, B_E98R",SKEMPI_v2.0,1REW,7.18e-10,"A, B",C,PDB/SKEMPI_v2.0/1REW.pdb,12.468228960324382,1REW,1rew_17,PDB/mutant_pdbs/1rew/1rew_17.pdb
"A_W17F, B_W17F",SKEMPI_v2.0,1REW,2.8e-09,"A, B",C,PDB/SKEMPI_v2.0/1REW.pdb,11.66231881399005,1REW,1rew_18,PDB/mutant_pdbs/1rew/1rew_18.pdb
"A_L40P, B_L40P",SKEMPI_v2.0,1REW,7e-06,"A, B",C,PDB/SKEMPI_v2.0/1REW.pdb,7.029021503322643,1REW,1rew_19,PDB/mutant_pdbs/1rew/1rew_19.pdb
"A_D42A, B_D42A",SKEMPI_v2.0,1REW,8e-10,"A, B",C,PDB/SKEMPI_v2.0/1REW.pdb,12.404188593996372,1REW,1rew_20,PDB/mutant_pdbs/1rew/1rew_20.pdb
"A_D42P, B_D42P",SKEMPI_v2.0,1REW,4.8e-08,"A, B",C,PDB/SKEMPI_v2.0/1REW.pdb,9.979571506779987,1REW,1rew_21,PDB/mutant_pdbs/1rew/1rew_21.pdb
"A_S58R, B_S58R",SKEMPI_v2.0,1REW,1.5e-08,"A, B",C,PDB/SKEMPI_v2.0/1REW.pdb,10.668374143100813,1REW,1rew_22,PDB/mutant_pdbs/1rew/1rew_22.pdb
"A_Y92A, B_Y92A",SKEMPI_v2.0,1REW,7e-09,"A, B",C,PDB/SKEMPI_v2.0/1REW.pdb,11.119703474319092,1REW,1rew_23,PDB/mutant_pdbs/1rew/1rew_23.pdb
C_Q55A,SKEMPI_v2.0,1REW,8e-08,"A, B",C,PDB/SKEMPI_v2.0/1REW.pdb,9.67706727999874,1REW,1rew_24,PDB/mutant_pdbs/1rew/1rew_24.pdb
"C_A62P, C_K57R, C_K61I, C_L64Q, C_Q63H, C_S59T, C_T67D",SKEMPI_v2.0,1REW,2.4e-09,"A, B",C,PDB/SKEMPI_v2.0/1REW.pdb,11.75360482244273,1REW,1rew_25,PDB/mutant_pdbs/1rew/1rew_25.pdb
"C_A43T, C_A62P, C_K48G, C_K57R, C_K61I, C_L64Q, C_M47L, C_Q63H, C_S59T, C_T67D, C_Y49L",SKEMPI_v2.0,1REW,1.1e-09,"A, B",C,PDB/SKEMPI_v2.0/1REW.pdb,12.215604476020047,1REW,1rew_26,PDB/mutant_pdbs/1rew/1rew_26.pdb
"C_A30T, C_A43T, C_A62P, C_D15E, C_G11H, C_I31M, C_K48G, C_K57R, C_K61I, C_L64Q, C_M47L, C_Q63H, C_S59T, C_T67D, C_Y49L",SKEMPI_v2.0,1REW,4.9e-09,"A, B",C,PDB/SKEMPI_v2.0/1REW.pdb,11.330921692647657,1REW,1rew_27,PDB/mutant_pdbs/1rew/1rew_27.pdb
C_A142F,SKEMPI_v2.0,1S0W,4.77e-09,A,C,PDB/SKEMPI_v2.0/1S0W.pdb,11.346844946279633,1S0W,1s0w_1,PDB/mutant_pdbs/1s0w/1s0w_1.pdb
A_V41A,SKEMPI_v2.0,1S1Q,0.00197,A,B,PDB/SKEMPI_v2.0/1S1Q.pdb,3.627260762365645,1S1Q,1s1q_1,PDB/mutant_pdbs/1s1q/1s1q_1.pdb
A_F42A,SKEMPI_v2.0,1S1Q,0.000889,A,B,PDB/SKEMPI_v2.0/1S1Q.pdb,4.09055286301396,1S1Q,1s1q_2,PDB/mutant_pdbs/1s1q/1s1q_2.pdb
A_N43A,SKEMPI_v2.0,1S1Q,0.00508,A,B,PDB/SKEMPI_v2.0/1S1Q.pdb,3.075707507486001,1S1Q,1s1q_3,PDB/mutant_pdbs/1s1q/1s1q_3.pdb
A_D44A,SKEMPI_v2.0,1S1Q,0.00324,A,B,PDB/SKEMPI_v2.0/1S1Q.pdb,3.337567799548101,1S1Q,1s1q_4,PDB/mutant_pdbs/1s1q/1s1q_4.pdb
A_W73A,SKEMPI_v2.0,1S1Q,0.00102,A,B,PDB/SKEMPI_v2.0/1S1Q.pdb,4.0105162709247315,1S1Q,1s1q_5,PDB/mutant_pdbs/1s1q/1s1q_5.pdb
A_F86A,SKEMPI_v2.0,1S1Q,0.00235,A,B,PDB/SKEMPI_v2.0/1S1Q.pdb,3.5245623182796426,1S1Q,1s1q_6,PDB/mutant_pdbs/1s1q/1s1q_6.pdb
B_L20T,SKEMPI_v2.0,1SBB,0.00012,A,B,PDB/SKEMPI_v2.0/1SBB.pdb,5.34627419611258,1SBB,1sbb_1,PDB/mutant_pdbs/1sbb/1sbb_1.pdb
B_V26Y,SKEMPI_v2.0,1SBB,1.2e-05,A,B,PDB/SKEMPI_v2.0/1SBB.pdb,6.709834853111396,1SBB,1sbb_2,PDB/mutant_pdbs/1sbb/1sbb_2.pdb
B_Y91V,SKEMPI_v2.0,1SBB,0.00016,A,B,PDB/SKEMPI_v2.0/1SBB.pdb,5.175912650338364,1SBB,1sbb_3,PDB/mutant_pdbs/1sbb/1sbb_3.pdb
"B_L20T, B_V26Y, B_Y91V",SKEMPI_v2.0,1SBB,0.00015,A,B,PDB/SKEMPI_v2.0/1SBB.pdb,5.21413151510555,1SBB,1sbb_4,PDB/mutant_pdbs/1sbb/1sbb_4.pdb
I_R38K,SKEMPI_v2.0,1SBN,3.2e-11,E,I,PDB/SKEMPI_v2.0/1SBN.pdb,14.310364590666147,1SBN,1sbn_1,PDB/mutant_pdbs/1sbn/1sbn_1.pdb
I_D13L,SKEMPI_v2.0,1SGD,1.79e-11,E,I,PDB/SKEMPI_v2.0/1SGD.pdb,14.457683603658815,1SGD,1sgd_1,PDB/mutant_pdbs/1sgd/1sgd_1.pdb
I_E13L,SKEMPI_v2.0,1SGE,1.79e-11,E,I,PDB/SKEMPI_v2.0/1SGE.pdb,14.457683603658815,1SGE,1sge_1,PDB/mutant_pdbs/1sge/1sge_1.pdb
I_N13L,SKEMPI_v2.0,1SGN,1.79e-11,E,I,PDB/SKEMPI_v2.0/1SGN.pdb,14.457683603658815,1SGN,1sgn_1,PDB/mutant_pdbs/1sgn/1sgn_1.pdb
I_A13L,SKEMPI_v2.0,1SGP,1.79e-11,E,I,PDB/SKEMPI_v2.0/1SGP.pdb,14.457683603658815,1SGP,1sgp_1,PDB/mutant_pdbs/1sgp/1sgp_1.pdb
I_G13L,SKEMPI_v2.0,1SGQ,1.79e-11,E,I,PDB/SKEMPI_v2.0/1SGQ.pdb,14.457683603658815,1SGQ,1sgq_1,PDB/mutant_pdbs/1sgq/1sgq_1.pdb
I_Y13L,SKEMPI_v2.0,1SGY,1.79e-11,E,I,PDB/SKEMPI_v2.0/1SGY.pdb,14.457683603658815,1SGY,1sgy_1,PDB/mutant_pdbs/1sgy/1sgy_1.pdb
I_K46R,SKEMPI_v2.0,1SIB,3.2e-11,E,I,PDB/SKEMPI_v2.0/1SIB.pdb,14.310364590666147,1SIB,1sib_1,PDB/mutant_pdbs/1sib/1sib_1.pdb
I_E8A,SKEMPI_v2.0,1SMF,1.68e-06,E,I,PDB/SKEMPI_v2.0/1SMF.pdb,7.926987654135751,1SMF,1smf_1,PDB/mutant_pdbs/1smf/1smf_1.pdb
I_S4A,SKEMPI_v2.0,1SMF,7.51e-06,E,I,PDB/SKEMPI_v2.0/1SMF.pdb,7.034270913621231,1SMF,1smf_2,PDB/mutant_pdbs/1smf/1smf_2.pdb
I_T2A,SKEMPI_v2.0,1SMF,9.61e-06,E,I,PDB/SKEMPI_v2.0/1SMF.pdb,6.887276168310877,1SMF,1smf_3,PDB/mutant_pdbs/1smf/1smf_3.pdb
I_I5A,SKEMPI_v2.0,1SMF,0.000114,E,I,PDB/SKEMPI_v2.0/1SMF.pdb,5.412734306899815,1SMF,1smf_4,PDB/mutant_pdbs/1smf/1smf_4.pdb
I_K3A,SKEMPI_v2.0,1SMF,0.0045,E,I,PDB/SKEMPI_v2.0/1SMF.pdb,3.2214635099527773,1SMF,1smf_5,PDB/mutant_pdbs/1smf/1smf_5.pdb
I_Y42A,SKEMPI_v2.0,1TM1,7.92e-11,E,I,PDB/SKEMPI_v2.0/1TM1.pdb,13.773700927917426,1TM1,1tm1_1,PDB/mutant_pdbs/1tm1/1tm1_1.pdb
I_Y42G,SKEMPI_v2.0,1TM1,5.4e-09,E,I,PDB/SKEMPI_v2.0/1TM1.pdb,11.273382596663302,1TM1,1tm1_2,PDB/mutant_pdbs/1tm1/1tm1_2.pdb
I_R46A,SKEMPI_v2.0,1TM1,3.62e-10,E,I,PDB/SKEMPI_v2.0/1TM1.pdb,12.873773544481086,1TM1,1tm1_3,PDB/mutant_pdbs/1tm1/1tm1_3.pdb
I_R48A,SKEMPI_v2.0,1TM1,2.78e-10,E,I,PDB/SKEMPI_v2.0/1TM1.pdb,13.030124556329202,1TM1,1tm1_4,PDB/mutant_pdbs/1tm1/1tm1_4.pdb
I_R48C,SKEMPI_v2.0,1TM1,4.71e-10,E,I,PDB/SKEMPI_v2.0/1TM1.pdb,12.717901739689541,1TM1,1tm1_5,PDB/mutant_pdbs/1tm1/1tm1_5.pdb
"I_R46A, I_R48A",SKEMPI_v2.0,1TM1,1.01e-08,E,I,PDB/SKEMPI_v2.0/1TM1.pdb,10.90259280071633,1TM1,1tm1_6,PDB/mutant_pdbs/1tm1/1tm1_6.pdb
I_T39D,SKEMPI_v2.0,1TM1,2.42e-11,E,I,PDB/SKEMPI_v2.0/1TM1.pdb,14.475811694384458,1TM1,1tm1_7,PDB/mutant_pdbs/1tm1/1tm1_7.pdb
I_T39A,SKEMPI_v2.0,1TM1,5.38e-11,E,I,PDB/SKEMPI_v2.0/1TM1.pdb,14.002701267056224,1TM1,1tm1_8,PDB/mutant_pdbs/1tm1/1tm1_8.pdb
I_E41A,SKEMPI_v2.0,1TM1,9.75e-11,E,I,PDB/SKEMPI_v2.0/1TM1.pdb,13.650599443430217,1TM1,1tm1_9,PDB/mutant_pdbs/1tm1/1tm1_9.pdb
"I_E41A, I_T39A",SKEMPI_v2.0,1TM1,2.14e-10,E,I,PDB/SKEMPI_v2.0/1TM1.pdb,13.185067348118679,1TM1,1tm1_10,PDB/mutant_pdbs/1tm1/1tm1_10.pdb
"I_E41A, I_T39D",SKEMPI_v2.0,1TM1,2.5e-12,E,I,PDB/SKEMPI_v2.0/1TM1.pdb,15.820112544314833,1TM1,1tm1_11,PDB/mutant_pdbs/1tm1/1tm1_11.pdb
I_V51A,SKEMPI_v2.0,1TM1,7.3e-13,E,I,PDB/SKEMPI_v2.0/1TM1.pdb,16.54909545463666,1TM1,1tm1_12,PDB/mutant_pdbs/1tm1/1tm1_12.pdb
I_T39A,SKEMPI_v2.0,1TM1,3e-10,E,I,PDB/SKEMPI_v2.0/1TM1.pdb,12.985022798434516,1TM1,1tm1_13,PDB/mutant_pdbs/1tm1/1tm1_13.pdb
I_T39P,SKEMPI_v2.0,1TM1,1.7e-09,E,I,PDB/SKEMPI_v2.0/1TM1.pdb,11.957814830350117,1TM1,1tm1_14,PDB/mutant_pdbs/1tm1/1tm1_14.pdb
I_E41A,SKEMPI_v2.0,1TM1,5.2e-10,E,I,PDB/SKEMPI_v2.0/1TM1.pdb,12.659292580328145,1TM1,1tm1_15,PDB/mutant_pdbs/1tm1/1tm1_15.pdb
I_E41S,SKEMPI_v2.0,1TM1,3.1e-10,E,I,PDB/SKEMPI_v2.0/1TM1.pdb,12.965605095919447,1TM1,1tm1_16,PDB/mutant_pdbs/1tm1/1tm1_16.pdb
"I_E41S, I_M40R",SKEMPI_v2.0,1TM1,1.2e-09,E,I,PDB/SKEMPI_v2.0/1TM1.pdb,12.16407748110666,1TM1,1tm1_17,PDB/mutant_pdbs/1tm1/1tm1_17.pdb
I_R43A,SKEMPI_v2.0,1TM1,2.5e-11,E,I,PDB/SKEMPI_v2.0/1TM1.pdb,14.456551887316017,1TM1,1tm1_18,PDB/mutant_pdbs/1tm1/1tm1_18.pdb
I_R46A,SKEMPI_v2.0,1TM1,1.7e-09,E,I,PDB/SKEMPI_v2.0/1TM1.pdb,11.957814830350117,1TM1,1tm1_19,PDB/mutant_pdbs/1tm1/1tm1_19.pdb
I_R48A,SKEMPI_v2.0,1TM1,5.6e-10,E,I,PDB/SKEMPI_v2.0/1TM1.pdb,12.615406812324938,1TM1,1tm1_20,PDB/mutant_pdbs/1tm1/1tm1_20.pdb
I_M40G,SKEMPI_v2.0,1TM1,1.3e-10,E,I,PDB/SKEMPI_v2.0/1TM1.pdb,13.480237897656,1TM1,1tm1_21,PDB/mutant_pdbs/1tm1/1tm1_21.pdb
I_M40A,SKEMPI_v2.0,1TM1,1.7e-11,E,I,PDB/SKEMPI_v2.0/1TM1.pdb,14.684936144347747,1TM1,1tm1_22,PDB/mutant_pdbs/1tm1/1tm1_22.pdb
I_M40K,SKEMPI_v2.0,1TM1,1.9e-11,E,I,PDB/SKEMPI_v2.0/1TM1.pdb,14.61906978373095,1TM1,1tm1_23,PDB/mutant_pdbs/1tm1/1tm1_23.pdb
I_M40Y,SKEMPI_v2.0,1TM1,3.3e-12,E,I,PDB/SKEMPI_v2.0/1TM1.pdb,15.655702675462855,1TM1,1tm1_24,PDB/mutant_pdbs/1tm1/1tm1_24.pdb
I_M40F,SKEMPI_v2.0,1TM1,1.7e-11,E,I,PDB/SKEMPI_v2.0/1TM1.pdb,14.684936144347747,1TM1,1tm1_25,PDB/mutant_pdbs/1tm1/1tm1_25.pdb
I_Y42A,SKEMPI_v2.0,1TM1,4.6e-10,E,I,PDB/SKEMPI_v2.0/1TM1.pdb,12.731896065589321,1TM1,1tm1_26,PDB/mutant_pdbs/1tm1/1tm1_26.pdb
I_K40M,SKEMPI_v2.0,1TM3,3e-12,E,I,PDB/SKEMPI_v2.0/1TM3.pdb,15.71214411243215,1TM3,1tm3_1,PDB/mutant_pdbs/1tm3/1tm3_1.pdb
I_G40M,SKEMPI_v2.0,1TM4,3e-12,E,I,PDB/SKEMPI_v2.0/1TM4.pdb,15.71214411243215,1TM4,1tm4_1,PDB/mutant_pdbs/1tm4/1tm4_1.pdb
I_A40M,SKEMPI_v2.0,1TM5,3e-12,E,I,PDB/SKEMPI_v2.0/1TM5.pdb,15.71214411243215,1TM5,1tm5_1,PDB/mutant_pdbs/1tm5/1tm5_1.pdb
I_Y40M,SKEMPI_v2.0,1TM7,3e-12,E,I,PDB/SKEMPI_v2.0/1TM7.pdb,15.71214411243215,1TM7,1tm7_1,PDB/mutant_pdbs/1tm7/1tm7_1.pdb
I_F40M,SKEMPI_v2.0,1TMG,3e-12,E,I,PDB/SKEMPI_v2.0/1TMG.pdb,15.71214411243215,1TMG,1tmg_1,PDB/mutant_pdbs/1tmg/1tmg_1.pdb
I_A42Y,SKEMPI_v2.0,1TO1,3e-12,E,I,PDB/SKEMPI_v2.0/1TO1.pdb,15.71214411243215,1TO1,1to1_1,PDB/mutant_pdbs/1to1/1to1_1.pdb
B_R65A,SKEMPI_v2.0,1U7F,1.09e-06,B,"A, C",PDB/SKEMPI_v2.0/1U7F.pdb,8.457726506645175,1U7F,1u7f_1,PDB/mutant_pdbs/1u7f/1u7f_1.pdb
B_D140A,SKEMPI_v2.0,1U7F,5.29e-06,B,"A, C",PDB/SKEMPI_v2.0/1U7F.pdb,7.484615294168302,1U7F,1u7f_2,PDB/mutant_pdbs/1u7f/1u7f_2.pdb
A_H62Q,SKEMPI_v2.0,1UUZ,1.3e-08,A,D,PDB/SKEMPI_v2.0/1UUZ.pdb,10.75311658365837,1UUZ,1uuz_1,PDB/mutant_pdbs/1uuz/1uuz_1.pdb
A_H62N,SKEMPI_v2.0,1UUZ,1.3e-08,A,D,PDB/SKEMPI_v2.0/1UUZ.pdb,10.75311658365837,1UUZ,1uuz_2,PDB/mutant_pdbs/1uuz/1uuz_2.pdb
A_H62D,SKEMPI_v2.0,1UUZ,3e-07,A,D,PDB/SKEMPI_v2.0/1UUZ.pdb,8.894340827438068,1UUZ,1uuz_3,PDB/mutant_pdbs/1uuz/1uuz_3.pdb
A_H62A,SKEMPI_v2.0,1UUZ,2e-08,A,D,PDB/SKEMPI_v2.0/1UUZ.pdb,10.498012597326598,1UUZ,1uuz_4,PDB/mutant_pdbs/1uuz/1uuz_4.pdb
A_C64A,SKEMPI_v2.0,1UUZ,3e-09,A,D,PDB/SKEMPI_v2.0/1UUZ.pdb,11.621462141435702,1UUZ,1uuz_5,PDB/mutant_pdbs/1uuz/1uuz_5.pdb
A_H30A,SKEMPI_v2.0,1VFB,8.33e-08,"A, B",C,PDB/SKEMPI_v2.0/1VFB.pdb,9.653129953009612,1VFB,1vfb_1,PDB/mutant_pdbs/1vfb/1vfb_1.pdb
A_Y32A,SKEMPI_v2.0,1VFB,1.92e-07,"A, B",C,PDB/SKEMPI_v2.0/1VFB.pdb,9.158626189452127,1VFB,1vfb_2,PDB/mutant_pdbs/1vfb/1vfb_2.pdb
A_Y49A,SKEMPI_v2.0,1VFB,7.69e-08,"A, B",C,PDB/SKEMPI_v2.0/1VFB.pdb,9.700470954038332,1VFB,1vfb_3,PDB/mutant_pdbs/1vfb/1vfb_3.pdb
A_Y50A,SKEMPI_v2.0,1VFB,3.85e-08,"A, B",C,PDB/SKEMPI_v2.0/1VFB.pdb,10.110174039014911,1VFB,1vfb_4,PDB/mutant_pdbs/1vfb/1vfb_4.pdb
A_W92A,SKEMPI_v2.0,1VFB,2e-06,"A, B",C,PDB/SKEMPI_v2.0/1VFB.pdb,7.770891283328966,1VFB,1vfb_5,PDB/mutant_pdbs/1vfb/1vfb_5.pdb
A_S93A,SKEMPI_v2.0,1VFB,3.57e-08,"A, B",C,PDB/SKEMPI_v2.0/1VFB.pdb,10.154888620126222,1VFB,1vfb_6,PDB/mutant_pdbs/1vfb/1vfb_6.pdb
B_T30A,SKEMPI_v2.0,1VFB,1.82e-08,"A, B",C,PDB/SKEMPI_v2.0/1VFB.pdb,10.553862143323006,1VFB,1vfb_7,PDB/mutant_pdbs/1vfb/1vfb_7.pdb
B_Y32A,SKEMPI_v2.0,1VFB,4.35e-08,"A, B",C,PDB/SKEMPI_v2.0/1VFB.pdb,10.037866425290776,1VFB,1vfb_8,PDB/mutant_pdbs/1vfb/1vfb_8.pdb
B_W52A,SKEMPI_v2.0,1VFB,3.7e-08,"A, B",C,PDB/SKEMPI_v2.0/1VFB.pdb,10.133707739813877,1VFB,1vfb_9,PDB/mutant_pdbs/1vfb/1vfb_9.pdb
B_D54A,SKEMPI_v2.0,1VFB,5.88e-08,"A, B",C,PDB/SKEMPI_v2.0/1VFB.pdb,9.859392603766155,1VFB,1vfb_10,PDB/mutant_pdbs/1vfb/1vfb_10.pdb
B_N56A,SKEMPI_v2.0,1VFB,2.7e-08,"A, B",C,PDB/SKEMPI_v2.0/1VFB.pdb,10.320294598328417,1VFB,1vfb_11,PDB/mutant_pdbs/1vfb/1vfb_11.pdb
B_D58A,SKEMPI_v2.0,1VFB,1.41e-08,"A, B",C,PDB/SKEMPI_v2.0/1VFB.pdb,10.705015944701376,1VFB,1vfb_12,PDB/mutant_pdbs/1vfb/1vfb_12.pdb
B_E98A,SKEMPI_v2.0,1VFB,1.41e-07,"A, B",C,PDB/SKEMPI_v2.0/1VFB.pdb,9.34145528770256,1VFB,1vfb_13,PDB/mutant_pdbs/1vfb/1vfb_13.pdb
B_R99A,SKEMPI_v2.0,1VFB,1.69e-08,"A, B",C,PDB/SKEMPI_v2.0/1VFB.pdb,10.597747911326213,1VFB,1vfb_14,PDB/mutant_pdbs/1vfb/1vfb_14.pdb
B_D100A,SKEMPI_v2.0,1VFB,3.57e-06,"A, B",C,PDB/SKEMPI_v2.0/1VFB.pdb,7.427767306128589,1VFB,1vfb_15,PDB/mutant_pdbs/1vfb/1vfb_15.pdb
B_Y101F,SKEMPI_v2.0,1VFB,1e-07,"A, B",C,PDB/SKEMPI_v2.0/1VFB.pdb,9.544924598991711,1VFB,1vfb_16,PDB/mutant_pdbs/1vfb/1vfb_16.pdb
B_S28N,SKEMPI_v2.0,1VFB,1.9e-09,"A, B",C,PDB/SKEMPI_v2.0/1VFB.pdb,11.891948469733318,1VFB,1vfb_17,PDB/mutant_pdbs/1vfb/1vfb_17.pdb
B_S28Q,SKEMPI_v2.0,1VFB,1.7e-09,"A, B",C,PDB/SKEMPI_v2.0/1VFB.pdb,11.957814830350117,1VFB,1vfb_18,PDB/mutant_pdbs/1vfb/1vfb_18.pdb
B_S28D,SKEMPI_v2.0,1VFB,1.49e-09,"A, B",C,PDB/SKEMPI_v2.0/1VFB.pdb,12.035895931049929,1VFB,1vfb_19,PDB/mutant_pdbs/1vfb/1vfb_19.pdb
B_S28E,SKEMPI_v2.0,1VFB,1.25e-09,"A, B",C,PDB/SKEMPI_v2.0/1VFB.pdb,12.139903231982315,1VFB,1vfb_20,PDB/mutant_pdbs/1vfb/1vfb_20.pdb
B_G31A,SKEMPI_v2.0,1VFB,2.5e-09,"A, B",C,PDB/SKEMPI_v2.0/1VFB.pdb,11.729430573318384,1VFB,1vfb_21,PDB/mutant_pdbs/1vfb/1vfb_21.pdb
B_G31E,SKEMPI_v2.0,1VFB,6.3e-10,"A, B",C,PDB/SKEMPI_v2.0/1VFB.pdb,12.545657245209439,1VFB,1vfb_22,PDB/mutant_pdbs/1vfb/1vfb_22.pdb
B_G31W,SKEMPI_v2.0,1VFB,1.5e-09,"A, B",C,PDB/SKEMPI_v2.0/1VFB.pdb,12.03193480009963,1VFB,1vfb_23,PDB/mutant_pdbs/1vfb/1vfb_23.pdb
B_Y32E,SKEMPI_v2.0,1VFB,3.7e-08,"A, B",C,PDB/SKEMPI_v2.0/1VFB.pdb,10.133707739813877,1VFB,1vfb_24,PDB/mutant_pdbs/1vfb/1vfb_24.pdb
B_D58N,SKEMPI_v2.0,1VFB,1.2e-09,"A, B",C,PDB/SKEMPI_v2.0/1VFB.pdb,12.16407748110666,1VFB,1vfb_25,PDB/mutant_pdbs/1vfb/1vfb_25.pdb
B_D58E,SKEMPI_v2.0,1VFB,1.7e-09,"A, B",C,PDB/SKEMPI_v2.0/1VFB.pdb,11.957814830350117,1VFB,1vfb_26,PDB/mutant_pdbs/1vfb/1vfb_26.pdb
B_R99Y,SKEMPI_v2.0,1VFB,1.2e-08,"A, B",C,PDB/SKEMPI_v2.0/1VFB.pdb,10.800516824107843,1VFB,1vfb_27,PDB/mutant_pdbs/1vfb/1vfb_27.pdb
B_R99W,SKEMPI_v2.0,1VFB,4.9e-09,"A, B",C,PDB/SKEMPI_v2.0/1VFB.pdb,11.330921692647657,1VFB,1vfb_28,PDB/mutant_pdbs/1vfb/1vfb_28.pdb
A_N31W,SKEMPI_v2.0,1VFB,2e-09,"A, B",C,PDB/SKEMPI_v2.0/1VFB.pdb,11.861573254325416,1VFB,1vfb_29,PDB/mutant_pdbs/1vfb/1vfb_29.pdb
A_Y32W,SKEMPI_v2.0,1VFB,2e-05,"A, B",C,PDB/SKEMPI_v2.0/1VFB.pdb,6.40733062633015,1VFB,1vfb_30,PDB/mutant_pdbs/1vfb/1vfb_30.pdb
A_L46D,SKEMPI_v2.0,1VFB,2e-05,"A, B",C,PDB/SKEMPI_v2.0/1VFB.pdb,6.40733062633015,1VFB,1vfb_31,PDB/mutant_pdbs/1vfb/1vfb_31.pdb
A_L46E,SKEMPI_v2.0,1VFB,2e-05,"A, B",C,PDB/SKEMPI_v2.0/1VFB.pdb,6.40733062633015,1VFB,1vfb_32,PDB/mutant_pdbs/1vfb/1vfb_32.pdb
A_Y50R,SKEMPI_v2.0,1VFB,6.2e-09,"A, B",C,PDB/SKEMPI_v2.0/1VFB.pdb,11.191571780256702,1VFB,1vfb_33,PDB/mutant_pdbs/1vfb/1vfb_33.pdb
A_Y50K,SKEMPI_v2.0,1VFB,2.7e-08,"A, B",C,PDB/SKEMPI_v2.0/1VFB.pdb,10.320294598328417,1VFB,1vfb_34,PDB/mutant_pdbs/1vfb/1vfb_34.pdb
A_T52F,SKEMPI_v2.0,1VFB,3.3e-09,"A, B",C,PDB/SKEMPI_v2.0/1VFB.pdb,11.565020704466408,1VFB,1vfb_35,PDB/mutant_pdbs/1vfb/1vfb_35.pdb
A_T53R,SKEMPI_v2.0,1VFB,2.4e-08,"A, B",C,PDB/SKEMPI_v2.0/1VFB.pdb,10.390044165443914,1VFB,1vfb_36,PDB/mutant_pdbs/1vfb/1vfb_36.pdb
C_D18A,SKEMPI_v2.0,1VFB,2.22e-08,"A, B",C,PDB/SKEMPI_v2.0/1VFB.pdb,10.43621196659512,1VFB,1vfb_37,PDB/mutant_pdbs/1vfb/1vfb_37.pdb
C_N19A,SKEMPI_v2.0,1VFB,2.44e-08,"A, B",C,PDB/SKEMPI_v2.0/1VFB.pdb,10.380255729873433,1VFB,1vfb_38,PDB/mutant_pdbs/1vfb/1vfb_38.pdb
C_Y23A,SKEMPI_v2.0,1VFB,2.5e-08,"A, B",C,PDB/SKEMPI_v2.0/1VFB.pdb,10.36586991631957,1VFB,1vfb_39,PDB/mutant_pdbs/1vfb/1vfb_39.pdb
C_S24A,SKEMPI_v2.0,1VFB,5.26e-08,"A, B",C,PDB/SKEMPI_v2.0/1VFB.pdb,9.925377461005475,1VFB,1vfb_40,PDB/mutant_pdbs/1vfb/1vfb_40.pdb
C_K116A,SKEMPI_v2.0,1VFB,4.17e-08,"A, B",C,PDB/SKEMPI_v2.0/1VFB.pdb,10.062892129441858,1VFB,1vfb_41,PDB/mutant_pdbs/1vfb/1vfb_41.pdb
C_T118A,SKEMPI_v2.0,1VFB,4.55e-08,"A, B",C,PDB/SKEMPI_v2.0/1VFB.pdb,10.011246803652046,1VFB,1vfb_42,PDB/mutant_pdbs/1vfb/1vfb_42.pdb
C_D119A,SKEMPI_v2.0,1VFB,6.25e-08,"A, B",C,PDB/SKEMPI_v2.0/1VFB.pdb,9.823254576648612,1VFB,1vfb_43,PDB/mutant_pdbs/1vfb/1vfb_43.pdb
C_V120A,SKEMPI_v2.0,1VFB,5.88e-08,"A, B",C,PDB/SKEMPI_v2.0/1VFB.pdb,9.859392603766155,1VFB,1vfb_44,PDB/mutant_pdbs/1vfb/1vfb_44.pdb
C_Q121A,SKEMPI_v2.0,1VFB,1.61e-06,"A, B",C,PDB/SKEMPI_v2.0/1VFB.pdb,7.899344314586551,1VFB,1vfb_45,PDB/mutant_pdbs/1vfb/1vfb_45.pdb
C_I124A,SKEMPI_v2.0,1VFB,1e-07,"A, B",C,PDB/SKEMPI_v2.0/1VFB.pdb,9.544924598991711,1VFB,1vfb_46,PDB/mutant_pdbs/1vfb/1vfb_46.pdb
C_R125A,SKEMPI_v2.0,1VFB,2.78e-07,"A, B",C,PDB/SKEMPI_v2.0/1VFB.pdb,8.939442585332754,1VFB,1vfb_47,PDB/mutant_pdbs/1vfb/1vfb_47.pdb
C_L129A,SKEMPI_v2.0,1VFB,1.67e-08,"A, B",C,PDB/SKEMPI_v2.0/1VFB.pdb,10.60479783826807,1VFB,1vfb_48,PDB/mutant_pdbs/1vfb/1vfb_48.pdb
A_Y32A,SKEMPI_v2.0,1VFB,2.27e-07,"A, B",C,PDB/SKEMPI_v2.0/1VFB.pdb,9.059461747248891,1VFB,1vfb_49,PDB/mutant_pdbs/1vfb/1vfb_49.pdb
A_Y50A,SKEMPI_v2.0,1VFB,3.03e-08,"A, B",C,PDB/SKEMPI_v2.0/1VFB.pdb,10.252009029162688,1VFB,1vfb_50,PDB/mutant_pdbs/1vfb/1vfb_50.pdb
A_W92A,SKEMPI_v2.0,1VFB,3.57e-06,"A, B",C,PDB/SKEMPI_v2.0/1VFB.pdb,7.427767306128589,1VFB,1vfb_51,PDB/mutant_pdbs/1vfb/1vfb_51.pdb
B_Y32A,SKEMPI_v2.0,1VFB,8.33e-08,"A, B",C,PDB/SKEMPI_v2.0/1VFB.pdb,9.653129953009612,1VFB,1vfb_52,PDB/mutant_pdbs/1vfb/1vfb_52.pdb
B_W52A,SKEMPI_v2.0,1VFB,5.88e-08,"A, B",C,PDB/SKEMPI_v2.0/1VFB.pdb,9.859392603766155,1VFB,1vfb_53,PDB/mutant_pdbs/1vfb/1vfb_53.pdb
B_D54A,SKEMPI_v2.0,1VFB,6.67e-08,"A, B",C,PDB/SKEMPI_v2.0/1VFB.pdb,9.78473969244558,1VFB,1vfb_54,PDB/mutant_pdbs/1vfb/1vfb_54.pdb
B_D100A,SKEMPI_v2.0,1VFB,1.79e-06,"A, B",C,PDB/SKEMPI_v2.0/1VFB.pdb,7.836583496945811,1VFB,1vfb_55,PDB/mutant_pdbs/1vfb/1vfb_55.pdb
B_Y101F,SKEMPI_v2.0,1VFB,1.82e-07,"A, B",C,PDB/SKEMPI_v2.0/1VFB.pdb,9.190301486324188,1VFB,1vfb_56,PDB/mutant_pdbs/1vfb/1vfb_56.pdb
"A_Y32A, C_Q121A",SKEMPI_v2.0,1VFB,1.82e-07,"A, B",C,PDB/SKEMPI_v2.0/1VFB.pdb,9.190301486324188,1VFB,1vfb_57,PDB/mutant_pdbs/1vfb/1vfb_57.pdb
"A_Y32A, C_I124A",SKEMPI_v2.0,1VFB,1.69e-06,"A, B",C,PDB/SKEMPI_v2.0/1VFB.pdb,7.87062659732858,1VFB,1vfb_58,PDB/mutant_pdbs/1vfb/1vfb_58.pdb
"A_Y50A, C_D18A",SKEMPI_v2.0,1VFB,1.06e-07,"A, B",C,PDB/SKEMPI_v2.0/1VFB.pdb,9.510418516725357,1VFB,1vfb_59,PDB/mutant_pdbs/1vfb/1vfb_59.pdb
"A_Y50A, C_D119A",SKEMPI_v2.0,1VFB,1e-07,"A, B",C,PDB/SKEMPI_v2.0/1VFB.pdb,9.544924598991711,1VFB,1vfb_60,PDB/mutant_pdbs/1vfb/1vfb_60.pdb
"A_W92A, C_Q121A",SKEMPI_v2.0,1VFB,4.76e-06,"A, B",C,PDB/SKEMPI_v2.0/1VFB.pdb,7.2574057603543745,1VFB,1vfb_61,PDB/mutant_pdbs/1vfb/1vfb_61.pdb
"A_W92A, C_I124A",SKEMPI_v2.0,1VFB,8.33e-06,"A, B",C,PDB/SKEMPI_v2.0/1VFB.pdb,6.926008639011981,1VFB,1vfb_62,PDB/mutant_pdbs/1vfb/1vfb_62.pdb
"A_W92A, C_R125A",SKEMPI_v2.0,1VFB,3.85e-06,"A, B",C,PDB/SKEMPI_v2.0/1VFB.pdb,7.383052725017278,1VFB,1vfb_63,PDB/mutant_pdbs/1vfb/1vfb_63.pdb
"A_W92A, C_L129A",SKEMPI_v2.0,1VFB,3.33e-06,"A, B",C,PDB/SKEMPI_v2.0/1VFB.pdb,7.468979539707775,1VFB,1vfb_64,PDB/mutant_pdbs/1vfb/1vfb_64.pdb
"B_Y32A, C_K116A",SKEMPI_v2.0,1VFB,1.82e-07,"A, B",C,PDB/SKEMPI_v2.0/1VFB.pdb,9.190301486324188,1VFB,1vfb_65,PDB/mutant_pdbs/1vfb/1vfb_65.pdb
"B_W52A, C_D119A",SKEMPI_v2.0,1VFB,5.56e-07,"A, B",C,PDB/SKEMPI_v2.0/1VFB.pdb,8.528969926668825,1VFB,1vfb_66,PDB/mutant_pdbs/1vfb/1vfb_66.pdb
"B_D54A, C_T118A",SKEMPI_v2.0,1VFB,1.04e-07,"A, B",C,PDB/SKEMPI_v2.0/1VFB.pdb,9.521698607666583,1VFB,1vfb_67,PDB/mutant_pdbs/1vfb/1vfb_67.pdb
"B_D100A, C_S24A",SKEMPI_v2.0,1VFB,3.7e-06,"A, B",C,PDB/SKEMPI_v2.0/1VFB.pdb,7.4065864258162435,1VFB,1vfb_68,PDB/mutant_pdbs/1vfb/1vfb_68.pdb
"B_Y101F, C_D119A",SKEMPI_v2.0,1VFB,1.27e-06,"A, B",C,PDB/SKEMPI_v2.0/1VFB.pdb,8.03982127204727,1VFB,1vfb_69,PDB/mutant_pdbs/1vfb/1vfb_69.pdb
"B_Y101F, C_V120A",SKEMPI_v2.0,1VFB,9.09e-07,"A, B",C,PDB/SKEMPI_v2.0/1VFB.pdb,8.237864600610228,1VFB,1vfb_70,PDB/mutant_pdbs/1vfb/1vfb_70.pdb
I_R20A,SKEMPI_v2.0,1WQJ,1.82e-08,I,B,PDB/SKEMPI_v2.0/1WQJ.pdb,10.553862143323006,1WQJ,1wqj_1,PDB/mutant_pdbs/1wqj/1wqj_1.pdb
"I_R35A, I_R36A",SKEMPI_v2.0,1WQJ,3.28e-08,I,B,PDB/SKEMPI_v2.0/1WQJ.pdb,10.205059978730526,1WQJ,1wqj_2,PDB/mutant_pdbs/1wqj/1wqj_2.pdb
I_R49A,SKEMPI_v2.0,1WQJ,9.09e-09,I,B,PDB/SKEMPI_v2.0/1WQJ.pdb,10.96498591460786,1WQJ,1wqj_3,PDB/mutant_pdbs/1wqj/1wqj_3.pdb
I_R54A,SKEMPI_v2.0,1WQJ,6.39e-09,I,B,PDB/SKEMPI_v2.0/1WQJ.pdb,11.173696633625765,1WQJ,1wqj_4,PDB/mutant_pdbs/1wqj/1wqj_4.pdb
I_R55A,SKEMPI_v2.0,1WQJ,1.14e-08,I,B,PDB/SKEMPI_v2.0/1WQJ.pdb,10.830892039515746,1WQJ,1wqj_5,PDB/mutant_pdbs/1wqj/1wqj_5.pdb
D_A81E,SKEMPI_v2.0,1X1W,1.32e-10,A,D,PDB/SKEMPI_v2.0/1X1W.pdb,13.47119670113618,1X1W,1x1w_1,PDB/mutant_pdbs/1x1w/1x1w_1.pdb
D_A76E,SKEMPI_v2.0,1X1X,1.32e-10,A,D,PDB/SKEMPI_v2.0/1X1X.pdb,13.47119670113618,1X1X,1x1x_1,PDB/mutant_pdbs/1x1x/1x1x_1.pdb
B_K6A,SKEMPI_v2.0,1XD3,2.9e-06,A,B,PDB/SKEMPI_v2.0/1XD3.pdb,7.728225330120038,1XD3,1xd3_1,PDB/mutant_pdbs/1xd3/1xd3_1.pdb
B_K27A,SKEMPI_v2.0,1XD3,2.7e-07,A,B,PDB/SKEMPI_v2.0/1XD3.pdb,9.167127020488348,1XD3,1xd3_2,PDB/mutant_pdbs/1xd3/1xd3_2.pdb
B_R42L,SKEMPI_v2.0,1XD3,7e-08,A,B,PDB/SKEMPI_v2.0/1XD3.pdb,9.985313957324442,1XD3,1xd3_3,PDB/mutant_pdbs/1xd3/1xd3_3.pdb
B_R54L,SKEMPI_v2.0,1XD3,1.3e-06,A,B,PDB/SKEMPI_v2.0/1XD3.pdb,8.214525359887666,1XD3,1xd3_4,PDB/mutant_pdbs/1xd3/1xd3_4.pdb
B_H68N,SKEMPI_v2.0,1XD3,3e-07,A,B,PDB/SKEMPI_v2.0/1XD3.pdb,9.103268296538962,1XD3,1xd3_5,PDB/mutant_pdbs/1xd3/1xd3_5.pdb
B_R72L,SKEMPI_v2.0,1XD3,2.7e-06,A,B,PDB/SKEMPI_v2.0/1XD3.pdb,7.771536415170768,1XD3,1xd3_6,PDB/mutant_pdbs/1xd3/1xd3_6.pdb
B_R74L,SKEMPI_v2.0,1XD3,1.66e-05,A,B,PDB/SKEMPI_v2.0/1XD3.pdb,6.670772246764784,1XD3,1xd3_7,PDB/mutant_pdbs/1xd3/1xd3_7.pdb
B_E24A,SKEMPI_v2.0,1XD3,2e-07,A,B,PDB/SKEMPI_v2.0/1XD3.pdb,9.349019603355615,1XD3,1xd3_8,PDB/mutant_pdbs/1xd3/1xd3_8.pdb
B_D39A,SKEMPI_v2.0,1XD3,1.5e-07,A,B,PDB/SKEMPI_v2.0/1XD3.pdb,9.523382930406406,1XD3,1xd3_9,PDB/mutant_pdbs/1xd3/1xd3_9.pdb
B_E51A,SKEMPI_v2.0,1XD3,4e-06,A,B,PDB/SKEMPI_v2.0/1XD3.pdb,7.53331436417059,1XD3,1xd3_10,PDB/mutant_pdbs/1xd3/1xd3_10.pdb
B_D52A,SKEMPI_v2.0,1XD3,2e-07,A,B,PDB/SKEMPI_v2.0/1XD3.pdb,9.349019603355615,1XD3,1xd3_11,PDB/mutant_pdbs/1xd3/1xd3_11.pdb
B_D58A,SKEMPI_v2.0,1XD3,2e-07,A,B,PDB/SKEMPI_v2.0/1XD3.pdb,9.349019603355615,1XD3,1xd3_12,PDB/mutant_pdbs/1xd3/1xd3_12.pdb
B_K6R,SKEMPI_v2.0,1XD3,5e-07,A,B,PDB/SKEMPI_v2.0/1XD3.pdb,8.793658265772923,1XD3,1xd3_13,PDB/mutant_pdbs/1xd3/1xd3_13.pdb
B_L8A,SKEMPI_v2.0,1XD3,2.75e-05,A,B,PDB/SKEMPI_v2.0/1XD3.pdb,6.3648244464695205,1XD3,1xd3_14,PDB/mutant_pdbs/1xd3/1xd3_14.pdb
B_K11R,SKEMPI_v2.0,1XD3,3.2e-06,A,B,PDB/SKEMPI_v2.0/1XD3.pdb,7.66856106788584,1XD3,1xd3_15,PDB/mutant_pdbs/1xd3/1xd3_15.pdb
B_K27R,SKEMPI_v2.0,1XD3,4.7e-07,A,B,PDB/SKEMPI_v2.0/1XD3.pdb,8.831160780833901,1XD3,1xd3_16,PDB/mutant_pdbs/1xd3/1xd3_16.pdb
B_K33R,SKEMPI_v2.0,1XD3,3e-07,A,B,PDB/SKEMPI_v2.0/1XD3.pdb,9.103268296538962,1XD3,1xd3_17,PDB/mutant_pdbs/1xd3/1xd3_17.pdb
B_I44A,SKEMPI_v2.0,1XD3,4.7e-07,A,B,PDB/SKEMPI_v2.0/1XD3.pdb,8.831160780833901,1XD3,1xd3_18,PDB/mutant_pdbs/1xd3/1xd3_18.pdb
B_A33F,SKEMPI_v2.0,1XGP,5.26e-09,"A, B",C,PDB/SKEMPI_v2.0/1XGP.pdb,11.28893811800429,1XGP,1xgp_1,PDB/mutant_pdbs/1xgp/1xgp_1.pdb
B_A33L,SKEMPI_v2.0,1XGP,1.22e-07,"A, B",C,PDB/SKEMPI_v2.0/1XGP.pdb,9.427167731538546,1XGP,1xgp_2,PDB/mutant_pdbs/1xgp/1xgp_2.pdb
B_A33I,SKEMPI_v2.0,1XGP,1.1e-07,"A, B",C,PDB/SKEMPI_v2.0/1XGP.pdb,9.488483162022417,1XGP,1xgp_3,PDB/mutant_pdbs/1xgp/1xgp_3.pdb
B_A33V,SKEMPI_v2.0,1XGP,7.14e-07,"A, B",C,PDB/SKEMPI_v2.0/1XGP.pdb,8.380855304463477,1XGP,1xgp_4,PDB/mutant_pdbs/1xgp/1xgp_4.pdb
B_V33F,SKEMPI_v2.0,1XGQ,5.26e-09,"A, B",C,PDB/SKEMPI_v2.0/1XGQ.pdb,11.28893811800429,1XGQ,1xgq_1,PDB/mutant_pdbs/1xgq/1xgq_1.pdb
B_V33L,SKEMPI_v2.0,1XGQ,1.22e-07,"A, B",C,PDB/SKEMPI_v2.0/1XGQ.pdb,9.427167731538546,1XGQ,1xgq_2,PDB/mutant_pdbs/1xgq/1xgq_2.pdb
B_V33I,SKEMPI_v2.0,1XGQ,1.1e-07,"A, B",C,PDB/SKEMPI_v2.0/1XGQ.pdb,9.488483162022417,1XGQ,1xgq_3,PDB/mutant_pdbs/1xgq/1xgq_3.pdb
B_V33A,SKEMPI_v2.0,1XGQ,5e-06,"A, B",C,PDB/SKEMPI_v2.0/1XGQ.pdb,7.228275943658009,1XGQ,1xgq_4,PDB/mutant_pdbs/1xgq/1xgq_4.pdb
B_I33F,SKEMPI_v2.0,1XGR,5.26e-09,"A, B",C,PDB/SKEMPI_v2.0/1XGR.pdb,11.28893811800429,1XGR,1xgr_1,PDB/mutant_pdbs/1xgr/1xgr_1.pdb
B_I33L,SKEMPI_v2.0,1XGR,1.22e-07,"A, B",C,PDB/SKEMPI_v2.0/1XGR.pdb,9.427167731538546,1XGR,1xgr_2,PDB/mutant_pdbs/1xgr/1xgr_2.pdb
B_I33V,SKEMPI_v2.0,1XGR,7.14e-07,"A, B",C,PDB/SKEMPI_v2.0/1XGR.pdb,8.380855304463477,1XGR,1xgr_3,PDB/mutant_pdbs/1xgr/1xgr_3.pdb
B_I33A,SKEMPI_v2.0,1XGR,5e-06,"A, B",C,PDB/SKEMPI_v2.0/1XGR.pdb,7.228275943658009,1XGR,1xgr_4,PDB/mutant_pdbs/1xgr/1xgr_4.pdb
B_L33F,SKEMPI_v2.0,1XGT,5.26e-09,"A, B",C,PDB/SKEMPI_v2.0/1XGT.pdb,11.28893811800429,1XGT,1xgt_1,PDB/mutant_pdbs/1xgt/1xgt_1.pdb
B_L33I,SKEMPI_v2.0,1XGT,1.1e-07,"A, B",C,PDB/SKEMPI_v2.0/1XGT.pdb,9.488483162022417,1XGT,1xgt_2,PDB/mutant_pdbs/1xgt/1xgt_2.pdb
B_L33V,SKEMPI_v2.0,1XGT,7.14e-07,"A, B",C,PDB/SKEMPI_v2.0/1XGT.pdb,8.380855304463477,1XGT,1xgt_3,PDB/mutant_pdbs/1xgt/1xgt_3.pdb
B_L33A,SKEMPI_v2.0,1XGT,5e-06,"A, B",C,PDB/SKEMPI_v2.0/1XGT.pdb,7.228275943658009,1XGT,1xgt_4,PDB/mutant_pdbs/1xgt/1xgt_4.pdb
B_F33L,SKEMPI_v2.0,1XGU,1.22e-07,"A, B",C,PDB/SKEMPI_v2.0/1XGU.pdb,9.427167731538546,1XGU,1xgu_1,PDB/mutant_pdbs/1xgu/1xgu_1.pdb
B_F33I,SKEMPI_v2.0,1XGU,1.1e-07,"A, B",C,PDB/SKEMPI_v2.0/1XGU.pdb,9.488483162022417,1XGU,1xgu_2,PDB/mutant_pdbs/1xgu/1xgu_2.pdb
B_F33V,SKEMPI_v2.0,1XGU,7.14e-07,"A, B",C,PDB/SKEMPI_v2.0/1XGU.pdb,8.380855304463477,1XGU,1xgu_3,PDB/mutant_pdbs/1xgu/1xgu_3.pdb
B_F33A,SKEMPI_v2.0,1XGU,5e-06,"A, B",C,PDB/SKEMPI_v2.0/1XGU.pdb,7.228275943658009,1XGU,1xgu_4,PDB/mutant_pdbs/1xgu/1xgu_4.pdb
"A_A79E, A_A80Y, C_A142F, C_A143Y, C_A74K",SKEMPI_v2.0,1XXM,4.77e-09,A,C,PDB/SKEMPI_v2.0/1XXM.pdb,11.346844946279633,1XXM,1xxm_1,PDB/mutant_pdbs/1xxm/1xxm_1.pdb
I_A39T,SKEMPI_v2.0,1Y1K,3e-12,E,I,PDB/SKEMPI_v2.0/1Y1K.pdb,15.71214411243215,1Y1K,1y1k_1,PDB/mutant_pdbs/1y1k/1y1k_1.pdb
I_P39T,SKEMPI_v2.0,1Y33,3e-12,E,I,PDB/SKEMPI_v2.0/1Y33.pdb,15.71214411243215,1Y33,1y33_1,PDB/mutant_pdbs/1y33/1y33_1.pdb
I_A41E,SKEMPI_v2.0,1Y34,3e-12,E,I,PDB/SKEMPI_v2.0/1Y34.pdb,15.71214411243215,1Y34,1y34_1,PDB/mutant_pdbs/1y34/1y34_1.pdb
I_S41E,SKEMPI_v2.0,1Y3B,3e-12,E,I,PDB/SKEMPI_v2.0/1Y3B.pdb,15.71214411243215,1Y3B,1y3b_1,PDB/mutant_pdbs/1y3b/1y3b_1.pdb
I_A43R,SKEMPI_v2.0,1Y3C,3e-12,E,I,PDB/SKEMPI_v2.0/1Y3C.pdb,15.71214411243215,1Y3C,1y3c_1,PDB/mutant_pdbs/1y3c/1y3c_1.pdb
I_A48R,SKEMPI_v2.0,1Y3D,3e-12,E,I,PDB/SKEMPI_v2.0/1Y3D.pdb,15.71214411243215,1Y3D,1y3d_1,PDB/mutant_pdbs/1y3d/1y3d_1.pdb
I_A46R,SKEMPI_v2.0,1Y48,3e-12,E,I,PDB/SKEMPI_v2.0/1Y48.pdb,15.71214411243215,1Y48,1y48_1,PDB/mutant_pdbs/1y48/1y48_1.pdb
"I_R39M, I_S40E",SKEMPI_v2.0,1Y4A,3e-12,E,I,PDB/SKEMPI_v2.0/1Y4A.pdb,15.71214411243215,1Y4A,1y4a_1,PDB/mutant_pdbs/1y4a/1y4a_1.pdb
A_R177H,SKEMPI_v2.0,1YCS,1.8e-06,A,B,PDB/SKEMPI_v2.0/1YCS.pdb,7.701853450958408,1YCS,1ycs_1,PDB/mutant_pdbs/1ycs/1ycs_1.pdb
"A_M37L, A_N143Y, A_N172D, A_V107A",SKEMPI_v2.0,1YCS,1.74e-06,A,B,PDB/SKEMPI_v2.0/1YCS.pdb,7.721592658162691,1YCS,1ycs_2,PDB/mutant_pdbs/1ycs/1ycs_2.pdb
"A_M37L, A_N143Y, A_N172D, A_V107A, A_V47A",SKEMPI_v2.0,1YCS,2.8e-06,A,B,PDB/SKEMPI_v2.0/1YCS.pdb,7.444595956366192,1YCS,1ycs_3,PDB/mutant_pdbs/1ycs/1ycs_3.pdb
"A_H72R, A_M37L, A_N143Y, A_N172D, A_R153S, A_V107A",SKEMPI_v2.0,1YCS,5.2e-06,A,B,PDB/SKEMPI_v2.0/1YCS.pdb,7.0841598524615215,1YCS,1ycs_4,PDB/mutant_pdbs/1ycs/1ycs_4.pdb
"A_F174L, A_M37L, A_N143Y, A_N172D, A_V107A",SKEMPI_v2.0,1YCS,1.6e-06,A,B,PDB/SKEMPI_v2.0/1YCS.pdb,7.770432723323647,1YCS,1ycs_5,PDB/mutant_pdbs/1ycs/1ycs_5.pdb
"A_M37L, A_N143Y, A_N172D, A_R186W, A_V107A",SKEMPI_v2.0,1YCS,2.4e-06,A,B,PDB/SKEMPI_v2.0/1YCS.pdb,7.534350320381747,1YCS,1ycs_6,PDB/mutant_pdbs/1ycs/1ycs_6.pdb
Y_R45K,SKEMPI_v2.0,1YQV,1.09e-10,"H, L",Y,PDB/SKEMPI_v2.0/1YQV.pdb,12.90078602473954,1YQV,1yqv_1,PDB/mutant_pdbs/1yqv/1yqv_1.pdb
"Y_I55V, Y_Q121H, Y_R68K, Y_S91T, Y_T40S",SKEMPI_v2.0,1YQV,4.45e-12,"H, L",Y,PDB/SKEMPI_v2.0/1YQV.pdb,14.69952301962338,1YQV,1yqv_2,PDB/mutant_pdbs/1yqv/1yqv_2.pdb
"Y_I55V, Y_R68K, Y_S91T, Y_T40S",SKEMPI_v2.0,1YQV,3.23e-08,"H, L",Y,PDB/SKEMPI_v2.0/1YQV.pdb,9.700021324217996,1YQV,1yqv_3,PDB/mutant_pdbs/1yqv/1yqv_3.pdb
D_L29P,SKEMPI_v2.0,1YY9,1.38e-09,"C, D",A,PDB/SKEMPI_v2.0/1YY9.pdb,12.081312294035678,1YY9,1yy9_1,PDB/mutant_pdbs/1yy9/1yy9_1.pdb
D_W52P,SKEMPI_v2.0,1YY9,1.59e-08,"C, D",A,PDB/SKEMPI_v2.0/1YY9.pdb,10.63386806083446,1YY9,1yy9_2,PDB/mutant_pdbs/1yy9/1yy9_2.pdb
D_S53P,SKEMPI_v2.0,1YY9,5.21e-09,"C, D",A,PDB/SKEMPI_v2.0/1YY9.pdb,11.294594196045507,1YY9,1yy9_3,PDB/mutant_pdbs/1yy9/1yy9_3.pdb
D_G54P,SKEMPI_v2.0,1YY9,2.06e-09,"C, D",A,PDB/SKEMPI_v2.0/1YY9.pdb,11.844068919772388,1YY9,1yy9_4,PDB/mutant_pdbs/1yy9/1yy9_4.pdb
D_A98P,SKEMPI_v2.0,1YY9,7.55e-09,"C, D",A,PDB/SKEMPI_v2.0/1YY9.pdb,11.07491199081574,1YY9,1yy9_5,PDB/mutant_pdbs/1yy9/1yy9_5.pdb
D_Y101P,SKEMPI_v2.0,1YY9,2.13e-08,"C, D",A,PDB/SKEMPI_v2.0/1YY9.pdb,10.460719748180592,1YY9,1yy9_6,PDB/mutant_pdbs/1yy9/1yy9_6.pdb
C_A25P,SKEMPI_v2.0,1YY9,1.48e-09,"C, D",A,PDB/SKEMPI_v2.0/1YY9.pdb,12.03988373648365,1YY9,1yy9_7,PDB/mutant_pdbs/1yy9/1yy9_7.pdb
C_S26P,SKEMPI_v2.0,1YY9,1.29e-09,"C, D",A,PDB/SKEMPI_v2.0/1YY9.pdb,12.12125013495639,1YY9,1yy9_8,PDB/mutant_pdbs/1yy9/1yy9_8.pdb
C_S28P,SKEMPI_v2.0,1YY9,9e-10,"C, D",A,PDB/SKEMPI_v2.0/1YY9.pdb,12.334439026880876,1YY9,1yy9_9,PDB/mutant_pdbs/1yy9/1yy9_9.pdb
C_S54P,SKEMPI_v2.0,1YY9,1.27e-09,"C, D",A,PDB/SKEMPI_v2.0/1YY9.pdb,12.130503243043718,1YY9,1yy9_10,PDB/mutant_pdbs/1yy9/1yy9_10.pdb
C_T96P,SKEMPI_v2.0,1YY9,1.13e-06,"C, D",A,PDB/SKEMPI_v2.0/1YY9.pdb,8.10898826472417,1YY9,1yy9_11,PDB/mutant_pdbs/1yy9/1yy9_11.pdb
C_S26D,SKEMPI_v2.0,1YY9,3.5e-10,"C, D",A,PDB/SKEMPI_v2.0/1YY9.pdb,12.893736789981837,1YY9,1yy9_12,PDB/mutant_pdbs/1yy9/1yy9_12.pdb
C_T31E,SKEMPI_v2.0,1YY9,2.04e-10,"C, D",A,PDB/SKEMPI_v2.0/1YY9.pdb,13.213407055466247,1YY9,1yy9_13,PDB/mutant_pdbs/1yy9/1yy9_13.pdb
C_N93A,SKEMPI_v2.0,1YY9,1.4e-10,"C, D",A,PDB/SKEMPI_v2.0/1YY9.pdb,13.436352129652795,1YY9,1yy9_14,PDB/mutant_pdbs/1yy9/1yy9_14.pdb
D_N56A,SKEMPI_v2.0,1YY9,4.45e-10,"C, D",A,PDB/SKEMPI_v2.0/1YY9.pdb,12.751528367443239,1YY9,1yy9_15,PDB/mutant_pdbs/1yy9/1yy9_15.pdb
D_T61E,SKEMPI_v2.0,1YY9,4.45e-10,"C, D",A,PDB/SKEMPI_v2.0/1YY9.pdb,12.751528367443239,1YY9,1yy9_16,PDB/mutant_pdbs/1yy9/1yy9_16.pdb
"C_N93A, C_T31E",SKEMPI_v2.0,1YY9,1.23e-10,"C, D",A,PDB/SKEMPI_v2.0/1YY9.pdb,13.513015497166302,1YY9,1yy9_17,PDB/mutant_pdbs/1yy9/1yy9_17.pdb
"C_N93A, C_S26D, C_T31E",SKEMPI_v2.0,1YY9,5.16e-11,"C, D",A,PDB/SKEMPI_v2.0/1YY9.pdb,14.027426131626164,1YY9,1yy9_18,PDB/mutant_pdbs/1yy9/1yy9_18.pdb
"C_N93A, C_S26D, C_T31E, D_N56A, D_T61E",SKEMPI_v2.0,1YY9,1.63e-10,"C, D",A,PDB/SKEMPI_v2.0/1YY9.pdb,13.346275900720094,1YY9,1yy9_19,PDB/mutant_pdbs/1yy9/1yy9_19.pdb
W_Y434A,SKEMPI_v2.0,1Z7X,7.2e-10,W,X,PDB/SKEMPI_v2.0/1Z7X.pdb,12.466581707887904,1Z7X,1z7x_1,PDB/mutant_pdbs/1z7x/1z7x_1.pdb
W_D435A,SKEMPI_v2.0,1Z7X,1.5e-11,W,X,PDB/SKEMPI_v2.0/1Z7X.pdb,14.75905611409726,1Z7X,1z7x_2,PDB/mutant_pdbs/1z7x/1z7x_2.pdb
W_Y437A,SKEMPI_v2.0,1Z7X,2.6e-12,W,X,PDB/SKEMPI_v2.0/1Z7X.pdb,15.796886552989703,1Z7X,1z7x_3,PDB/mutant_pdbs/1z7x/1z7x_3.pdb
"W_Q430A, W_V432A",SKEMPI_v2.0,1Z7X,2.1e-13,W,X,PDB/SKEMPI_v2.0/1Z7X.pdb,17.28692298775953,1Z7X,1z7x_4,PDB/mutant_pdbs/1z7x/1z7x_4.pdb
"W_E440A, W_S439A, W_W438A",SKEMPI_v2.0,1Z7X,1.2e-12,W,X,PDB/SKEMPI_v2.0/1Z7X.pdb,16.254759452103105,1Z7X,1z7x_5,PDB/mutant_pdbs/1z7x/1z7x_5.pdb
W_R457A,SKEMPI_v2.0,1Z7X,1.8e-13,W,X,PDB/SKEMPI_v2.0/1Z7X.pdb,17.37820899621221,1Z7X,1z7x_6,PDB/mutant_pdbs/1z7x/1z7x_6.pdb
W_I459A,SKEMPI_v2.0,1Z7X,7.6e-14,W,X,PDB/SKEMPI_v2.0/1Z7X.pdb,17.88880643739954,1Z7X,1z7x_7,PDB/mutant_pdbs/1z7x/1z7x_7.pdb
W_E206A,SKEMPI_v2.0,1Z7X,2.4e-13,W,X,PDB/SKEMPI_v2.0/1Z7X.pdb,17.207847450437995,1Z7X,1z7x_8,PDB/mutant_pdbs/1z7x/1z7x_8.pdb
W_W261A,SKEMPI_v2.0,1Z7X,4.1e-13,W,X,PDB/SKEMPI_v2.0/1Z7X.pdb,16.890720582717577,1Z7X,1z7x_9,PDB/mutant_pdbs/1z7x/1z7x_9.pdb
W_W263A,SKEMPI_v2.0,1Z7X,1.8e-12,W,X,PDB/SKEMPI_v2.0/1Z7X.pdb,16.014648339213394,1Z7X,1z7x_10,PDB/mutant_pdbs/1z7x/1z7x_10.pdb
W_E287A,SKEMPI_v2.0,1Z7X,4e-13,W,X,PDB/SKEMPI_v2.0/1Z7X.pdb,16.90534322365675,1Z7X,1z7x_11,PDB/mutant_pdbs/1z7x/1z7x_11.pdb
W_S289A,SKEMPI_v2.0,1Z7X,1.7e-13,W,X,PDB/SKEMPI_v2.0/1Z7X.pdb,17.412057458345377,1Z7X,1z7x_12,PDB/mutant_pdbs/1z7x/1z7x_12.pdb
W_W318A,SKEMPI_v2.0,1Z7X,2.3e-13,W,X,PDB/SKEMPI_v2.0/1Z7X.pdb,17.2330506952497,1Z7X,1z7x_13,PDB/mutant_pdbs/1z7x/1z7x_13.pdb
W_K320A,SKEMPI_v2.0,1Z7X,4e-13,W,X,PDB/SKEMPI_v2.0/1Z7X.pdb,16.90534322365675,1Z7X,1z7x_14,PDB/mutant_pdbs/1z7x/1z7x_14.pdb
W_E344A,SKEMPI_v2.0,1Z7X,6e-13,W,X,PDB/SKEMPI_v2.0/1Z7X.pdb,16.665232110767036,1Z7X,1z7x_15,PDB/mutant_pdbs/1z7x/1z7x_15.pdb
W_W375A,SKEMPI_v2.0,1Z7X,7.2e-13,W,X,PDB/SKEMPI_v2.0/1Z7X.pdb,16.55726367888435,1Z7X,1z7x_16,PDB/mutant_pdbs/1z7x/1z7x_16.pdb
W_E401A,SKEMPI_v2.0,1Z7X,3.9e-13,W,X,PDB/SKEMPI_v2.0/1Z7X.pdb,16.920336097098808,1Z7X,1z7x_17,PDB/mutant_pdbs/1z7x/1z7x_17.pdb
W_Y434F,SKEMPI_v2.0,1Z7X,3.8e-14,W,X,PDB/SKEMPI_v2.0/1Z7X.pdb,18.29927909606347,1Z7X,1z7x_18,PDB/mutant_pdbs/1z7x/1z7x_18.pdb
W_Y437F,SKEMPI_v2.0,1Z7X,1.2e-12,W,X,PDB/SKEMPI_v2.0/1Z7X.pdb,16.254759452103105,1Z7X,1z7x_19,PDB/mutant_pdbs/1z7x/1z7x_19.pdb
"W_D435A, W_Y434A",SKEMPI_v2.0,1Z7X,5.6e-09,W,X,PDB/SKEMPI_v2.0/1Z7X.pdb,11.25184615532612,1Z7X,1z7x_20,PDB/mutant_pdbs/1z7x/1z7x_20.pdb
"W_Y434A, W_Y437A",SKEMPI_v2.0,1Z7X,6.3e-09,W,X,PDB/SKEMPI_v2.0/1Z7X.pdb,11.182096588210623,1Z7X,1z7x_21,PDB/mutant_pdbs/1z7x/1z7x_21.pdb
B_G55D,SKEMPI_v2.0,2A9K,3e-06,A,B,PDB/SKEMPI_v2.0/2A9K.pdb,7.834033063208619,2A9K,2a9k_1,PDB/mutant_pdbs/2a9k/2a9k_1.pdb
B_E65A,SKEMPI_v2.0,2A9K,1e-05,A,B,PDB/SKEMPI_v2.0/2A9K.pdb,7.092345699154914,2A9K,2a9k_2,PDB/mutant_pdbs/2a9k/2a9k_2.pdb
"E_A14C, E_A38C",SKEMPI_v2.0,2ABZ,1.1e-09,B,E,PDB/SKEMPI_v2.0/2ABZ.pdb,12.215604476020047,2ABZ,2abz_1,PDB/mutant_pdbs/2abz/2abz_1.pdb
E_K22R,SKEMPI_v2.0,2AJF,1.6e-08,A,E,PDB/SKEMPI_v2.0/2AJF.pdb,10.630155278333627,2AJF,2ajf_1,PDB/mutant_pdbs/2ajf/2ajf_1.pdb
E_F38S,SKEMPI_v2.0,2AJF,1.41e-08,A,E,PDB/SKEMPI_v2.0/2AJF.pdb,10.705015944701376,2AJF,2ajf_2,PDB/mutant_pdbs/2ajf/2ajf_2.pdb
E_N151K,SKEMPI_v2.0,2AJF,4.84e-07,A,E,PDB/SKEMPI_v2.0/2AJF.pdb,8.611096407725265,2AJF,2ajf_3,PDB/mutant_pdbs/2ajf/2ajf_3.pdb
E_T159S,SKEMPI_v2.0,2AJF,3.52e-07,A,E,PDB/SKEMPI_v2.0/2AJF.pdb,8.79968052570159,2AJF,2ajf_4,PDB/mutant_pdbs/2ajf/2ajf_4.pdb
A_D20A,SKEMPI_v2.0,2AJF,3.68e-07,A,E,PDB/SKEMPI_v2.0/2AJF.pdb,8.773356775599904,2AJF,2ajf_5,PDB/mutant_pdbs/2ajf/2ajf_5.pdb
A_Y23A,SKEMPI_v2.0,2AJF,1.59e-06,A,E,PDB/SKEMPI_v2.0/2AJF.pdb,7.906746746836829,2AJF,2ajf_6,PDB/mutant_pdbs/2ajf/2ajf_6.pdb
A_Y23F,SKEMPI_v2.0,2AJF,1.45e-06,A,E,PDB/SKEMPI_v2.0/2AJF.pdb,7.961328882846787,2AJF,2ajf_7,PDB/mutant_pdbs/2ajf/2ajf_7.pdb
A_Q65A,ATLAS,2AK4,8.599999999999999e-06,"A, C","D, E",PDB/ATLAS/2AK4.pdb,6.910595357411166,2AK4_at,2ak4_at_1,PDB/mutant_pdbs/2ak4_at/2ak4_at_1.pdb
A_T69A,ATLAS,2AK4,8.8e-06,"A, C","D, E",PDB/ATLAS/2AK4.pdb,6.896974413861862,2AK4_at,2ak4_at_2,PDB/mutant_pdbs/2ak4_at/2ak4_at_2.pdb
A_Q155A,ATLAS,2AK4,5e-05,"A, C","D, E",PDB/ATLAS/2AK4.pdb,5.8676673245551605,2AK4_at,2ak4_at_3,PDB/mutant_pdbs/2ak4_at/2ak4_at_3.pdb
D_T29A,ATLAS,2AK4,1.51e-05,"A, C","D, E",PDB/ATLAS/2AK4.pdb,6.577066299424399,2AK4_at,2ak4_at_4,PDB/mutant_pdbs/2ak4_at/2ak4_at_4.pdb
D_Y31A,ATLAS,2AK4,2.21e-05,"A, C","D, E",PDB/ATLAS/2AK4.pdb,6.351398934484114,2AK4_at,2ak4_at_5,PDB/mutant_pdbs/2ak4_at/2ak4_at_5.pdb
D_N50A,ATLAS,2AK4,0.0002,"A, C","D, E",PDB/ATLAS/2AK4.pdb,5.046308779718581,2AK4_at,2ak4_at_6,PDB/mutant_pdbs/2ak4_at/2ak4_at_6.pdb
D_S93A,ATLAS,2AK4,0.0002,"A, C","D, E",PDB/ATLAS/2AK4.pdb,5.046308779718581,2AK4_at,2ak4_at_7,PDB/mutant_pdbs/2ak4_at/2ak4_at_7.pdb
D_Y96A,ATLAS,2AK4,0.0002,"A, C","D, E",PDB/ATLAS/2AK4.pdb,5.046308779718581,2AK4_at,2ak4_at_8,PDB/mutant_pdbs/2ak4_at/2ak4_at_8.pdb
D_N97A,ATLAS,2AK4,0.0002,"A, C","D, E",PDB/ATLAS/2AK4.pdb,5.046308779718581,2AK4_at,2ak4_at_9,PDB/mutant_pdbs/2ak4_at/2ak4_at_9.pdb
E_N28A,ATLAS,2AK4,2.66e-05,"A, C","D, E",PDB/ATLAS/2AK4.pdb,6.241591561504066,2AK4_at,2ak4_at_10,PDB/mutant_pdbs/2ak4_at/2ak4_at_10.pdb
E_N30A,ATLAS,2AK4,7.5e-05,"A, C","D, E",PDB/ATLAS/2AK4.pdb,5.627435350367013,2AK4_at,2ak4_at_11,PDB/mutant_pdbs/2ak4_at/2ak4_at_11.pdb
E_S31G,ATLAS,2AK4,0.0002,"A, C","D, E",PDB/ATLAS/2AK4.pdb,5.046308779718581,2AK4_at,2ak4_at_12,PDB/mutant_pdbs/2ak4_at/2ak4_at_12.pdb
E_S51A,ATLAS,2AK4,1.1e-05,"A, C","D, E",PDB/ATLAS/2AK4.pdb,6.7647652180825135,2AK4_at,2ak4_at_13,PDB/mutant_pdbs/2ak4_at/2ak4_at_13.pdb
E_N66A,ATLAS,2AK4,1.74e-05,"A, C","D, E",PDB/ATLAS/2AK4.pdb,6.4930664717139255,2AK4_at,2ak4_at_14,PDB/mutant_pdbs/2ak4_at/2ak4_at_14.pdb
E_L98A,ATLAS,2AK4,7.7e-05,"A, C","D, E",PDB/ATLAS/2AK4.pdb,5.6118427412719925,2AK4_at,2ak4_at_15,PDB/mutant_pdbs/2ak4_at/2ak4_at_15.pdb
E_E101A,ATLAS,2AK4,2.03e-05,"A, C","D, E",PDB/ATLAS/2AK4.pdb,6.401734513928131,2AK4_at,2ak4_at_16,PDB/mutant_pdbs/2ak4_at/2ak4_at_16.pdb
A_Q65A,ATLAS,2AK4,1.21e-05,"A, C","D, E",PDB/ATLAS/2AK4.pdb,6.70829537099394,2AK4_at,2ak4_at_17,PDB/mutant_pdbs/2ak4_at/2ak4_at_17.pdb
A_T69A,ATLAS,2AK4,1.05e-05,"A, C","D, E",PDB/ATLAS/2AK4.pdb,6.792327627206637,2AK4_at,2ak4_at_18,PDB/mutant_pdbs/2ak4_at/2ak4_at_18.pdb
A_Q72A,ATLAS,2AK4,2.8e-05,"A, C","D, E",PDB/ATLAS/2AK4.pdb,6.211201056558204,2AK4_at,2ak4_at_19,PDB/mutant_pdbs/2ak4_at/2ak4_at_19.pdb
A_R151A,ATLAS,2AK4,0.000188,"A, C","D, E",PDB/ATLAS/2AK4.pdb,5.08296902517901,2AK4_at,2ak4_at_20,PDB/mutant_pdbs/2ak4_at/2ak4_at_20.pdb
A_E154A,ATLAS,2AK4,2.78e-05,"A, C","D, E",PDB/ATLAS/2AK4.pdb,6.215448278686464,2AK4_at,2ak4_at_21,PDB/mutant_pdbs/2ak4_at/2ak4_at_21.pdb
A_Q155A,ATLAS,2AK4,8.979999999999999e-05,"A, C","D, E",PDB/ATLAS/2AK4.pdb,5.520730670276517,2AK4_at,2ak4_at_22,PDB/mutant_pdbs/2ak4_at/2ak4_at_22.pdb
A_R157A,ATLAS,2AK4,0.0002,"A, C","D, E",PDB/ATLAS/2AK4.pdb,5.046308779718581,2AK4_at,2ak4_at_23,PDB/mutant_pdbs/2ak4_at/2ak4_at_23.pdb
A_A158G,ATLAS,2AK4,8.17e-05,"A, C","D, E",PDB/ATLAS/2AK4.pdb,5.576738849322809,2AK4_at,2ak4_at_24,PDB/mutant_pdbs/2ak4_at/2ak4_at_24.pdb
A_E161A,ATLAS,2AK4,4.1e-05,"A, C","D, E",PDB/ATLAS/2AK4.pdb,5.985246519005601,2AK4_at,2ak4_at_25,PDB/mutant_pdbs/2ak4_at/2ak4_at_25.pdb
A_L163A,ATLAS,2AK4,2.37e-05,"A, C","D, E",PDB/ATLAS/2AK4.pdb,6.309985753487291,2AK4_at,2ak4_at_26,PDB/mutant_pdbs/2ak4_at/2ak4_at_26.pdb
C_P4A,ATLAS,2AK4,0.000119,"A, C","D, E",PDB/ATLAS/2AK4.pdb,5.3539233357133,2AK4_at,2ak4_at_27,PDB/mutant_pdbs/2ak4_at/2ak4_at_27.pdb
C_L5A,ATLAS,2AK4,0.0002,"A, C","D, E",PDB/ATLAS/2AK4.pdb,5.046308779718581,2AK4_at,2ak4_at_28,PDB/mutant_pdbs/2ak4_at/2ak4_at_28.pdb
C_P6A,ATLAS,2AK4,0.0002,"A, C","D, E",PDB/ATLAS/2AK4.pdb,5.046308779718581,2AK4_at,2ak4_at_29,PDB/mutant_pdbs/2ak4_at/2ak4_at_29.pdb
C_Q7A,ATLAS,2AK4,0.0002,"A, C","D, E",PDB/ATLAS/2AK4.pdb,5.046308779718581,2AK4_at,2ak4_at_30,PDB/mutant_pdbs/2ak4_at/2ak4_at_30.pdb
C_Q9A,ATLAS,2AK4,2.09e-05,"A, C","D, E",PDB/ATLAS/2AK4.pdb,6.3844764506100855,2AK4_at,2ak4_at_31,PDB/mutant_pdbs/2ak4_at/2ak4_at_31.pdb
C_L10A,ATLAS,2AK4,4.45e-05,"A, C","D, E",PDB/ATLAS/2AK4.pdb,5.93671185681952,2AK4_at,2ak4_at_32,PDB/mutant_pdbs/2ak4_at/2ak4_at_32.pdb
A_R156L,ATLAS,2AK4,5.225e-05,"A, C","D, E",PDB/ATLAS/2AK4.pdb,5.841587982412447,2AK4_at,2ak4_at_33,PDB/mutant_pdbs/2ak4_at/2ak4_at_33.pdb
A_E55A,ATLAS,2AK4,1.26e-05,"A, C","D, E",PDB/ATLAS/2AK4.pdb,6.684304848797837,2AK4_at,2ak4_at_34,PDB/mutant_pdbs/2ak4_at/2ak4_at_34.pdb
A_D61A,ATLAS,2AK4,1.17e-05,"A, C","D, E",PDB/ATLAS/2AK4.pdb,6.728212706952724,2AK4_at,2ak4_at_35,PDB/mutant_pdbs/2ak4_at/2ak4_at_35.pdb
A_R62A,ATLAS,2AK4,1.75e-05,"A, C","D, E",PDB/ATLAS/2AK4.pdb,6.489671133197147,2AK4_at,2ak4_at_36,PDB/mutant_pdbs/2ak4_at/2ak4_at_36.pdb
A_I66A,ATLAS,2AK4,6.079999999999999e-05,"A, C","D, E",PDB/ATLAS/2AK4.pdb,5.751796948641428,2AK4_at,2ak4_at_37,PDB/mutant_pdbs/2ak4_at/2ak4_at_37.pdb
A_R151A,ATLAS,2AK4,8.709999999999999e-05,"A, C","D, E",PDB/ATLAS/2AK4.pdb,5.538818105003948,2AK4_at,2ak4_at_38,PDB/mutant_pdbs/2ak4_at/2ak4_at_38.pdb
A_Q155A,ATLAS,2AK4,4.81e-05,"A, C","D, E",PDB/ATLAS/2AK4.pdb,5.890620682272091,2AK4_at,2ak4_at_39,PDB/mutant_pdbs/2ak4_at/2ak4_at_39.pdb
A_L163A,ATLAS,2AK4,1.61e-05,"A, C","D, E",PDB/ATLAS/2AK4.pdb,6.539073481576453,2AK4_at,2ak4_at_40,PDB/mutant_pdbs/2ak4_at/2ak4_at_40.pdb
A_E166A,ATLAS,2AK4,1.85e-05,"A, C","D, E",PDB/ATLAS/2AK4.pdb,6.456746832730087,2AK4_at,2ak4_at_41,PDB/mutant_pdbs/2ak4_at/2ak4_at_41.pdb
A_R170A,ATLAS,2AK4,5.4e-06,"A, C","D, E",PDB/ATLAS/2AK4.pdb,7.186316079001921,2AK4_at,2ak4_at_42,PDB/mutant_pdbs/2ak4_at/2ak4_at_42.pdb
A_R156L,ATLAS,2AK4,3.522999999999999e-05,"A, C","D, E",PDB/ATLAS/2AK4.pdb,6.07511112532043,2AK4_at,2ak4_at_43,PDB/mutant_pdbs/2ak4_at/2ak4_at_43.pdb
D_T30A,SKEMPI_v2.0,2AK4,1.51e-05,"A, B, C","D, E",PDB/SKEMPI_v2.0/2AK4.pdb,6.573757361155363,2AK4,2ak4_1,PDB/mutant_pdbs/2ak4/2ak4_1.pdb
D_Y32A,SKEMPI_v2.0,2AK4,2.21e-05,"A, B, C","D, E",PDB/SKEMPI_v2.0/2AK4.pdb,6.348203530022694,2AK4,2ak4_2,PDB/mutant_pdbs/2ak4/2ak4_2.pdb
D_N51A,SKEMPI_v2.0,2AK4,0.0002,"A, B, C","D, E",PDB/SKEMPI_v2.0/2AK4.pdb,5.043769969331335,2AK4,2ak4_3,PDB/mutant_pdbs/2ak4/2ak4_3.pdb
D_S94A,SKEMPI_v2.0,2AK4,0.0002,"A, B, C","D, E",PDB/SKEMPI_v2.0/2AK4.pdb,5.043769969331335,2AK4,2ak4_4,PDB/mutant_pdbs/2ak4/2ak4_4.pdb
D_Y97A,SKEMPI_v2.0,2AK4,0.0002,"A, B, C","D, E",PDB/SKEMPI_v2.0/2AK4.pdb,5.043769969331335,2AK4,2ak4_5,PDB/mutant_pdbs/2ak4/2ak4_5.pdb
D_N98A,SKEMPI_v2.0,2AK4,0.0002,"A, B, C","D, E",PDB/SKEMPI_v2.0/2AK4.pdb,5.043769969331335,2AK4,2ak4_6,PDB/mutant_pdbs/2ak4/2ak4_6.pdb
E_N26A,SKEMPI_v2.0,2AK4,2.66e-05,"A, B, C","D, E",PDB/SKEMPI_v2.0/2AK4.pdb,6.23845140140269,2AK4,2ak4_7,PDB/mutant_pdbs/2ak4/2ak4_7.pdb
E_N28A,SKEMPI_v2.0,2AK4,7.5e-05,"A, B, C","D, E",PDB/SKEMPI_v2.0/2AK4.pdb,5.624604173769479,2AK4,2ak4_8,PDB/mutant_pdbs/2ak4/2ak4_8.pdb
E_S29G,SKEMPI_v2.0,2AK4,0.0002,"A, B, C","D, E",PDB/SKEMPI_v2.0/2AK4.pdb,5.043769969331335,2AK4,2ak4_9,PDB/mutant_pdbs/2ak4/2ak4_9.pdb
E_S49A,SKEMPI_v2.0,2AK4,1.1e-05,"A, B, C","D, E",PDB/SKEMPI_v2.0/2AK4.pdb,6.761361848024785,2AK4,2ak4_10,PDB/mutant_pdbs/2ak4/2ak4_10.pdb
E_N63A,SKEMPI_v2.0,2AK4,1.74e-05,"A, B, C","D, E",PDB/SKEMPI_v2.0/2AK4.pdb,6.489799793965287,2AK4,2ak4_11,PDB/mutant_pdbs/2ak4/2ak4_11.pdb
E_L94A,SKEMPI_v2.0,2AK4,7.7e-05,"A, B, C","D, E",PDB/SKEMPI_v2.0/2AK4.pdb,5.609019409354533,2AK4,2ak4_12,PDB/mutant_pdbs/2ak4/2ak4_12.pdb
E_E97A,SKEMPI_v2.0,2AK4,2.03e-05,"A, B, C","D, E",PDB/SKEMPI_v2.0/2AK4.pdb,6.398513785512606,2AK4,2ak4_13,PDB/mutant_pdbs/2ak4/2ak4_13.pdb
A_Q65A,SKEMPI_v2.0,2AK4,1.21e-05,"A, B, C","D, E",PDB/SKEMPI_v2.0/2AK4.pdb,6.7049204110554905,2AK4,2ak4_14,PDB/mutant_pdbs/2ak4/2ak4_14.pdb
A_T69A,SKEMPI_v2.0,2AK4,1.05e-05,"A, B, C","D, E",PDB/SKEMPI_v2.0/2AK4.pdb,6.788910390432931,2AK4,2ak4_15,PDB/mutant_pdbs/2ak4/2ak4_15.pdb
A_Q72A,SKEMPI_v2.0,2AK4,2.8e-05,"A, B, C","D, E",PDB/SKEMPI_v2.0/2AK4.pdb,6.208076185994786,2AK4,2ak4_16,PDB/mutant_pdbs/2ak4/2ak4_16.pdb
A_R151A,SKEMPI_v2.0,2AK4,0.000188,"A, B, C","D, E",PDB/SKEMPI_v2.0/2AK4.pdb,5.0804117709318986,2AK4,2ak4_17,PDB/mutant_pdbs/2ak4/2ak4_17.pdb
A_E154A,SKEMPI_v2.0,2AK4,2.78e-05,"A, B, C","D, E",PDB/SKEMPI_v2.0/2AK4.pdb,6.212321271335123,2AK4,2ak4_18,PDB/mutant_pdbs/2ak4/2ak4_18.pdb
A_Q155A,SKEMPI_v2.0,2AK4,8.98e-05,"A, B, C","D, E",PDB/SKEMPI_v2.0/2AK4.pdb,5.517953177066585,2AK4,2ak4_19,PDB/mutant_pdbs/2ak4/2ak4_19.pdb
A_R157A,SKEMPI_v2.0,2AK4,0.0002,"A, B, C","D, E",PDB/SKEMPI_v2.0/2AK4.pdb,5.043769969331335,2AK4,2ak4_20,PDB/mutant_pdbs/2ak4/2ak4_20.pdb
A_A158G,SKEMPI_v2.0,2AK4,8.17e-05,"A, B, C","D, E",PDB/SKEMPI_v2.0/2AK4.pdb,5.573933178259928,2AK4,2ak4_21,PDB/mutant_pdbs/2ak4/2ak4_21.pdb
A_E161A,SKEMPI_v2.0,2AK4,4.1e-05,"A, B, C","D, E",PDB/SKEMPI_v2.0/2AK4.pdb,5.982235326727049,2AK4,2ak4_22,PDB/mutant_pdbs/2ak4/2ak4_22.pdb
A_L163A,SKEMPI_v2.0,2AK4,2.37e-05,"A, B, C","D, E",PDB/SKEMPI_v2.0/2AK4.pdb,6.306811184099323,2AK4,2ak4_23,PDB/mutant_pdbs/2ak4/2ak4_23.pdb
C_P4A,SKEMPI_v2.0,2AK4,0.000119,"A, B, C","D, E",PDB/SKEMPI_v2.0/2AK4.pdb,5.3512297636846,2AK4,2ak4_24,PDB/mutant_pdbs/2ak4/2ak4_24.pdb
C_L5A,SKEMPI_v2.0,2AK4,0.0002,"A, B, C","D, E",PDB/SKEMPI_v2.0/2AK4.pdb,5.043769969331335,2AK4,2ak4_25,PDB/mutant_pdbs/2ak4/2ak4_25.pdb
C_P6A,SKEMPI_v2.0,2AK4,0.0002,"A, B, C","D, E",PDB/SKEMPI_v2.0/2AK4.pdb,5.043769969331335,2AK4,2ak4_26,PDB/mutant_pdbs/2ak4/2ak4_26.pdb
C_Q7A,SKEMPI_v2.0,2AK4,0.0002,"A, B, C","D, E",PDB/SKEMPI_v2.0/2AK4.pdb,5.043769969331335,2AK4,2ak4_27,PDB/mutant_pdbs/2ak4/2ak4_27.pdb
C_Q9A,SKEMPI_v2.0,2AK4,2.09e-05,"A, B, C","D, E",PDB/SKEMPI_v2.0/2AK4.pdb,6.381264404768761,2AK4,2ak4_28,PDB/mutant_pdbs/2ak4/2ak4_28.pdb
C_L10A,SKEMPI_v2.0,2AK4,4.45e-05,"A, B, C","D, E",PDB/SKEMPI_v2.0/2AK4.pdb,5.933725082449161,2AK4,2ak4_29,PDB/mutant_pdbs/2ak4/2ak4_29.pdb
B_P16A,SKEMPI_v2.0,2AW2,1.7e-05,A,B,PDB/SKEMPI_v2.0/2AW2.pdb,6.503572202354852,2AW2,2aw2_1,PDB/mutant_pdbs/2aw2/2aw2_1.pdb
B_Y22A,SKEMPI_v2.0,2AW2,5.3e-06,A,B,PDB/SKEMPI_v2.0/2AW2.pdb,7.1937698613916545,2AW2,2aw2_2,PDB/mutant_pdbs/2aw2/2aw2_2.pdb
B_V35A,SKEMPI_v2.0,2AW2,1.4e-06,A,B,PDB/SKEMPI_v2.0/2AW2.pdb,7.982109501657531,2AW2,2aw2_3,PDB/mutant_pdbs/2aw2/2aw2_3.pdb
C_V15E,SKEMPI_v2.0,2B0U,2e-11,"A, B",C,PDB/SKEMPI_v2.0/2B0U.pdb,14.588694568323046,2B0U,2b0u_1,PDB/mutant_pdbs/2b0u/2b0u_1.pdb
C_F47E,SKEMPI_v2.0,2B0U,4e-11,"A, B",C,PDB/SKEMPI_v2.0/2B0U.pdb,14.178221909659118,2B0U,2b0u_2,PDB/mutant_pdbs/2b0u/2b0u_2.pdb
C_I51E,SKEMPI_v2.0,2B0U,3e-11,"A, B",C,PDB/SKEMPI_v2.0/2B0U.pdb,14.348583455433333,2B0U,2b0u_3,PDB/mutant_pdbs/2b0u/2b0u_3.pdb
C_F52E,SKEMPI_v2.0,2B0U,2e-11,"A, B",C,PDB/SKEMPI_v2.0/2B0U.pdb,14.588694568323046,2B0U,2b0u_4,PDB/mutant_pdbs/2b0u/2b0u_4.pdb
C_F47A,SKEMPI_v2.0,2B0U,5e-11,"A, B",C,PDB/SKEMPI_v2.0/2B0U.pdb,14.046079228652088,2B0U,2b0u_5,PDB/mutant_pdbs/2b0u/2b0u_5.pdb
C_I51A,SKEMPI_v2.0,2B0U,2e-11,"A, B",C,PDB/SKEMPI_v2.0/2B0U.pdb,14.588694568323046,2B0U,2b0u_6,PDB/mutant_pdbs/2b0u/2b0u_6.pdb
C_F52A,SKEMPI_v2.0,2B0U,2e-11,"A, B",C,PDB/SKEMPI_v2.0/2B0U.pdb,14.588694568323046,2B0U,2b0u_7,PDB/mutant_pdbs/2b0u/2b0u_7.pdb
B_I87F,SKEMPI_v2.0,2B0Z,1.4e-06,A,B,PDB/SKEMPI_v2.0/2B0Z.pdb,7.982109501657531,2B0Z,2b0z_1,PDB/mutant_pdbs/2b0z/2b0z_1.pdb
B_S87F,SKEMPI_v2.0,2B10,1.4e-06,A,B,PDB/SKEMPI_v2.0/2B10.pdb,7.982109501657531,2B10,2b10_1,PDB/mutant_pdbs/2b10/2b10_1.pdb
B_W87F,SKEMPI_v2.0,2B11,1.4e-06,A,B,PDB/SKEMPI_v2.0/2B11.pdb,7.982109501657531,2B11,2b11_1,PDB/mutant_pdbs/2b11/2b11_1.pdb
B_Y87F,SKEMPI_v2.0,2B12,1.4e-06,A,B,PDB/SKEMPI_v2.0/2B12.pdb,7.982109501657531,2B12,2b12_1,PDB/mutant_pdbs/2b12/2b12_1.pdb
"H_E64K, H_V50T, L_Q28S, L_Y52N",SKEMPI_v2.0,2B2X,8.5e-09,"H, L",A,PDB/SKEMPI_v2.0/2B2X.pdb,11.004726832015228,2B2X,2b2x_1,PDB/mutant_pdbs/2b2x/2b2x_1.pdb
"H_E64K, H_V50T, L_L49K, L_Q28S, L_Y52N",SKEMPI_v2.0,2B2X,4.05e-08,"H, L",A,PDB/SKEMPI_v2.0/2B2X.pdb,10.080183485438702,2B2X,2b2x_2,PDB/mutant_pdbs/2b2x/2b2x_2.pdb
"H_E64K, L_Q28S, L_Y52N",SKEMPI_v2.0,2B2X,5.45e-09,"H, L",A,PDB/SKEMPI_v2.0/2B2X.pdb,11.267924614533374,2B2X,2b2x_3,PDB/mutant_pdbs/2b2x/2b2x_3.pdb
"H_E64K, H_L60D, H_V50T, L_Q28S, L_Y52N",SKEMPI_v2.0,2B2X,6.91e-09,"H, L",A,PDB/SKEMPI_v2.0/2B2X.pdb,11.127366675175697,2B2X,2b2x_4,PDB/mutant_pdbs/2b2x/2b2x_4.pdb
"H_V50T, L_Q28S, L_Y52N",SKEMPI_v2.0,2B2X,6.54e-09,"H, L",A,PDB/SKEMPI_v2.0/2B2X.pdb,11.15995618265069,2B2X,2b2x_5,PDB/mutant_pdbs/2b2x/2b2x_5.pdb
"H_E64Q, H_V50T, L_Q28S, L_Y52N",SKEMPI_v2.0,2B2X,6.54e-09,"H, L",A,PDB/SKEMPI_v2.0/2B2X.pdb,11.15995618265069,2B2X,2b2x_6,PDB/mutant_pdbs/2b2x/2b2x_6.pdb
"H_E64D, H_V50T, L_Q28S, L_Y52N",SKEMPI_v2.0,2B2X,6.91e-09,"H, L",A,PDB/SKEMPI_v2.0/2B2X.pdb,11.127366675175697,2B2X,2b2x_7,PDB/mutant_pdbs/2b2x/2b2x_7.pdb
"H_E64N, H_V50T, L_Q28S, L_Y52N",SKEMPI_v2.0,2B2X,7.52e-09,"H, L",A,PDB/SKEMPI_v2.0/2B2X.pdb,11.07726973859812,2B2X,2b2x_8,PDB/mutant_pdbs/2b2x/2b2x_8.pdb
"H_E64K, H_V50T, L_Y52N",SKEMPI_v2.0,2B2X,2.76e-09,"H, L",A,PDB/SKEMPI_v2.0/2B2X.pdb,11.67083963537175,2B2X,2b2x_9,PDB/mutant_pdbs/2b2x/2b2x_9.pdb
"H_E64K, H_V50T, L_Q28S",SKEMPI_v2.0,2B2X,7.14e-09,"H, L",A,PDB/SKEMPI_v2.0/2B2X.pdb,11.107976618461109,2B2X,2b2x_10,PDB/mutant_pdbs/2b2x/2b2x_10.pdb
"H_E64K, H_G100M, H_V50T, L_Q28S, L_Y52N",SKEMPI_v2.0,2B2X,1.01e-08,"H, L",A,PDB/SKEMPI_v2.0/2B2X.pdb,10.90259280071633,2B2X,2b2x_11,PDB/mutant_pdbs/2b2x/2b2x_11.pdb
"H_E64K, H_V50T, L_Q28S, L_S24R, L_Y52N",SKEMPI_v2.0,2B2X,7.59e-09,"H, L",A,PDB/SKEMPI_v2.0/2B2X.pdb,11.071782858731497,2B2X,2b2x_12,PDB/mutant_pdbs/2b2x/2b2x_12.pdb
"H_E64K, H_V50T, L_Q28S, L_Y52E",SKEMPI_v2.0,2B2X,6.3e-09,"H, L",A,PDB/SKEMPI_v2.0/2B2X.pdb,11.182096588210623,2B2X,2b2x_13,PDB/mutant_pdbs/2b2x/2b2x_13.pdb
"H_E64K, H_F99W, H_V50T, L_Q28S, L_Y52N",SKEMPI_v2.0,2B2X,8.5e-09,"H, L",A,PDB/SKEMPI_v2.0/2B2X.pdb,11.004726832015228,2B2X,2b2x_14,PDB/mutant_pdbs/2b2x/2b2x_14.pdb
"H_E64K, H_G100F, H_V50T, L_Q28S, L_Y52N",SKEMPI_v2.0,2B2X,2.24e-08,"H, L",A,PDB/SKEMPI_v2.0/2B2X.pdb,10.430900837998262,2B2X,2b2x_15,PDB/mutant_pdbs/2b2x/2b2x_15.pdb
"H_E64K, H_G54Y, H_V50T, L_Q28S, L_Y52N",SKEMPI_v2.0,2B2X,8.5e-09,"H, L",A,PDB/SKEMPI_v2.0/2B2X.pdb,11.004726832015228,2B2X,2b2x_16,PDB/mutant_pdbs/2b2x/2b2x_16.pdb
"L_Q28S, L_Y52N",SKEMPI_v2.0,2B2X,4.62e-09,"H, L",A,PDB/SKEMPI_v2.0/2B2X.pdb,11.365766264131043,2B2X,2b2x_17,PDB/mutant_pdbs/2b2x/2b2x_17.pdb
"H_E64Q, H_L60D, H_V50T, L_Q28S, L_Y52N",SKEMPI_v2.0,2B2X,9.14e-09,"H, L",A,PDB/SKEMPI_v2.0/2B2X.pdb,10.961737486994007,2B2X,2b2x_18,PDB/mutant_pdbs/2b2x/2b2x_18.pdb
"H_L60D, H_V50T, L_Q28S, L_Y52N",SKEMPI_v2.0,2B2X,6.69e-09,"H, L",A,PDB/SKEMPI_v2.0/2B2X.pdb,11.146527333541867,2B2X,2b2x_19,PDB/mutant_pdbs/2b2x/2b2x_19.pdb
H_E64K,SKEMPI_v2.0,2B2X,1.12e-09,"H, L",A,PDB/SKEMPI_v2.0/2B2X.pdb,12.204934153661007,2B2X,2b2x_20,PDB/mutant_pdbs/2b2x/2b2x_20.pdb
H_V50T,SKEMPI_v2.0,2B2X,1.7e-09,"H, L",A,PDB/SKEMPI_v2.0/2B2X.pdb,11.957814830350117,2B2X,2b2x_21,PDB/mutant_pdbs/2b2x/2b2x_21.pdb
L_Y52E,SKEMPI_v2.0,2B2X,1e-09,"H, L",A,PDB/SKEMPI_v2.0/2B2X.pdb,12.272045912989343,2B2X,2b2x_22,PDB/mutant_pdbs/2b2x/2b2x_22.pdb
"H_E64K, H_V50T, L_N30V, L_Q28S, L_Y52N",SKEMPI_v2.0,2B2X,5e-08,"H, L",A,PDB/SKEMPI_v2.0/2B2X.pdb,9.95539725765564,2B2X,2b2x_23,PDB/mutant_pdbs/2b2x/2b2x_23.pdb
"H_E64K, H_V50T, L_H31R, L_Q28S, L_Y52N",SKEMPI_v2.0,2B2X,5.67e-08,"H, L",A,PDB/SKEMPI_v2.0/2B2X.pdb,9.880929045103338,2B2X,2b2x_24,PDB/mutant_pdbs/2b2x/2b2x_24.pdb
"H_E64K, H_V50T, L_H31K, L_Q28S, L_Y52N",SKEMPI_v2.0,2B2X,6.07e-08,"H, L",A,PDB/SKEMPI_v2.0/2B2X.pdb,9.840559969833906,2B2X,2b2x_25,PDB/mutant_pdbs/2b2x/2b2x_25.pdb
"H_E64K, H_V50T, L_Q28S, L_Y52R",SKEMPI_v2.0,2B2X,3.54e-08,"H, L",A,PDB/SKEMPI_v2.0/2B2X.pdb,10.159886007328153,2B2X,2b2x_26,PDB/mutant_pdbs/2b2x/2b2x_26.pdb
"H_E64K, H_V50T, L_Q28S, L_Y52K",SKEMPI_v2.0,2B2X,2.58e-08,"H, L",A,PDB/SKEMPI_v2.0/2B2X.pdb,10.347216819293646,2B2X,2b2x_27,PDB/mutant_pdbs/2b2x/2b2x_27.pdb
"H_E64K, H_R31Q, H_V50T, L_Q28S, L_Y52N",SKEMPI_v2.0,2B2X,7.73e-08,"H, L",A,PDB/SKEMPI_v2.0/2B2X.pdb,9.69739864173038,2B2X,2b2x_28,PDB/mutant_pdbs/2b2x/2b2x_28.pdb
"H_E64K, H_S35Q, H_V50T, L_Q28S, L_Y52N",SKEMPI_v2.0,2B2X,8.5e-07,"H, L",A,PDB/SKEMPI_v2.0/2B2X.pdb,8.277605518017596,2B2X,2b2x_29,PDB/mutant_pdbs/2b2x/2b2x_29.pdb
"H_E64K, H_V50T, H_Y59E, L_Q28S, L_Y52N",SKEMPI_v2.0,2B2X,2.13e-08,"H, L",A,PDB/SKEMPI_v2.0/2B2X.pdb,10.460719748180592,2B2X,2b2x_30,PDB/mutant_pdbs/2b2x/2b2x_30.pdb
"H_E64K, H_V50T, L_N30Y, L_Q28S, L_Y52N",SKEMPI_v2.0,2B2X,2.13e-07,"H, L",A,PDB/SKEMPI_v2.0/2B2X.pdb,9.097159091181776,2B2X,2b2x_31,PDB/mutant_pdbs/2b2x/2b2x_31.pdb
"H_E64K, H_V50T, L_N30W, L_Q28S, L_Y52N",SKEMPI_v2.0,2B2X,1.21e-07,"H, L",A,PDB/SKEMPI_v2.0/2B2X.pdb,9.432041725053121,2B2X,2b2x_32,PDB/mutant_pdbs/2b2x/2b2x_32.pdb
"H_E64K, H_V50T, L_Q28S, L_S91T, L_Y52N",SKEMPI_v2.0,2B2X,4.25e-07,"H, L",A,PDB/SKEMPI_v2.0/2B2X.pdb,8.688078176681525,2B2X,2b2x_33,PDB/mutant_pdbs/2b2x/2b2x_33.pdb
"H_E64K, H_V50T, L_Q28S, L_S91R, L_Y52N",SKEMPI_v2.0,2B2X,8.5e-07,"H, L",A,PDB/SKEMPI_v2.0/2B2X.pdb,8.277605518017596,2B2X,2b2x_34,PDB/mutant_pdbs/2b2x/2b2x_34.pdb
"H_E64K, H_V50T, L_G92Q, L_Q28S, L_Y52N",SKEMPI_v2.0,2B2X,1.21e-07,"H, L",A,PDB/SKEMPI_v2.0/2B2X.pdb,9.432041725053121,2B2X,2b2x_35,PDB/mutant_pdbs/2b2x/2b2x_35.pdb
"H_E64K, H_V50T, L_G92S, L_Q28S, L_Y52N",SKEMPI_v2.0,2B2X,2.02e-08,"H, L",A,PDB/SKEMPI_v2.0/2B2X.pdb,10.4921201420524,2B2X,2b2x_36,PDB/mutant_pdbs/2b2x/2b2x_36.pdb
"H_E64K, H_V50T, L_N30E, L_Q28S, L_S91R, L_Y52N",SKEMPI_v2.0,2B2X,8.5e-07,"H, L",A,PDB/SKEMPI_v2.0/2B2X.pdb,8.277605518017596,2B2X,2b2x_37,PDB/mutant_pdbs/2b2x/2b2x_37.pdb
"H_E64K, H_S52M, H_V50T, L_Q28S, L_Y52N",SKEMPI_v2.0,2B2X,2.83e-07,"H, L",A,PDB/SKEMPI_v2.0/2B2X.pdb,8.928886390145056,2B2X,2b2x_38,PDB/mutant_pdbs/2b2x/2b2x_38.pdb
"H_E64K, H_G53S, H_V50T, L_Q28S, L_Y52N",SKEMPI_v2.0,2B2X,2.66e-08,"H, L",A,PDB/SKEMPI_v2.0/2B2X.pdb,10.329133372399136,2B2X,2b2x_39,PDB/mutant_pdbs/2b2x/2b2x_39.pdb
"H_E64K, H_G53A, H_V50T, L_Q28S, L_Y52N",SKEMPI_v2.0,2B2X,2.02e-08,"H, L",A,PDB/SKEMPI_v2.0/2B2X.pdb,10.4921201420524,2B2X,2b2x_40,PDB/mutant_pdbs/2b2x/2b2x_40.pdb
"H_E64K, H_G54I, H_V50T, L_Q28S, L_Y52N",SKEMPI_v2.0,2B2X,8.5e-08,"H, L",A,PDB/SKEMPI_v2.0/2B2X.pdb,9.641166175016414,2B2X,2b2x_41,PDB/mutant_pdbs/2b2x/2b2x_41.pdb
"H_E64K, H_G54T, H_V50T, L_Q28S, L_Y52N",SKEMPI_v2.0,2B2X,6.07e-08,"H, L",A,PDB/SKEMPI_v2.0/2B2X.pdb,9.840559969833906,2B2X,2b2x_42,PDB/mutant_pdbs/2b2x/2b2x_42.pdb
"H_E64K, H_V50T, H_Y58Q, L_Q28S, L_Y52N",SKEMPI_v2.0,2B2X,2.83e-07,"H, L",A,PDB/SKEMPI_v2.0/2B2X.pdb,8.928886390145056,2B2X,2b2x_43,PDB/mutant_pdbs/2b2x/2b2x_43.pdb
"H_E64K, H_V50T, H_Y58E, L_Q28S, L_Y52N",SKEMPI_v2.0,2B2X,2.83e-07,"H, L",A,PDB/SKEMPI_v2.0/2B2X.pdb,8.928886390145056,2B2X,2b2x_44,PDB/mutant_pdbs/2b2x/2b2x_44.pdb
"H_E64K, H_V50T, H_Y58W, L_Q28S, L_Y52N",SKEMPI_v2.0,2B2X,3.4e-08,"H, L",A,PDB/SKEMPI_v2.0/2B2X.pdb,10.18378151468737,2B2X,2b2x_45,PDB/mutant_pdbs/2b2x/2b2x_45.pdb
"H_E64K, H_V50T, L_L49F, L_Q28S, L_Y52N",SKEMPI_v2.0,2B2X,2.83e-08,"H, L",A,PDB/SKEMPI_v2.0/2B2X.pdb,10.292447047143872,2B2X,2b2x_46,PDB/mutant_pdbs/2b2x/2b2x_46.pdb
"H_E64K, H_V50T, L_L49W, L_Q28S, L_Y52N",SKEMPI_v2.0,2B2X,2.13e-07,"H, L",A,PDB/SKEMPI_v2.0/2B2X.pdb,9.097159091181776,2B2X,2b2x_47,PDB/mutant_pdbs/2b2x/2b2x_47.pdb
"H_E64K, H_V50T, L_Q28S, L_Y52D",SKEMPI_v2.0,2B2X,1.98e-08,"H, L",A,PDB/SKEMPI_v2.0/2B2X.pdb,10.503964274248837,2B2X,2b2x_48,PDB/mutant_pdbs/2b2x/2b2x_48.pdb
"H_E64K, H_V50T, L_Q28S, L_W90Q, L_Y52N",SKEMPI_v2.0,2B2X,2.83e-07,"H, L",A,PDB/SKEMPI_v2.0/2B2X.pdb,8.928886390145056,2B2X,2b2x_49,PDB/mutant_pdbs/2b2x/2b2x_49.pdb
"H_E64K, H_V50T, L_Q28S, L_S91Q, L_Y52N",SKEMPI_v2.0,2B2X,1.7e-07,"H, L",A,PDB/SKEMPI_v2.0/2B2X.pdb,9.230693516352485,2B2X,2b2x_50,PDB/mutant_pdbs/2b2x/2b2x_50.pdb
"H_E64K, H_V50T, L_F33Y, L_Q28S, L_W90Q, L_Y52N",SKEMPI_v2.0,2B2X,3.7e-08,"H, L",A,PDB/SKEMPI_v2.0/2B2X.pdb,10.133707739813877,2B2X,2b2x_51,PDB/mutant_pdbs/2b2x/2b2x_51.pdb
"H_E64K, H_T33V, H_V50T, L_Q28S, L_Y52N",SKEMPI_v2.0,2B2X,1.77e-08,"H, L",A,PDB/SKEMPI_v2.0/2B2X.pdb,10.57035866599208,2B2X,2b2x_52,PDB/mutant_pdbs/2b2x/2b2x_52.pdb
"H_E64K, H_T33N, H_V50T, L_Q28S, L_Y52N",SKEMPI_v2.0,2B2X,8.5e-07,"H, L",A,PDB/SKEMPI_v2.0/2B2X.pdb,8.277605518017596,2B2X,2b2x_53,PDB/mutant_pdbs/2b2x/2b2x_53.pdb
"H_E64K, H_S35A, H_V50T, L_Q28S, L_Y52N",SKEMPI_v2.0,2B2X,1.21e-07,"H, L",A,PDB/SKEMPI_v2.0/2B2X.pdb,9.432041725053121,2B2X,2b2x_54,PDB/mutant_pdbs/2b2x/2b2x_54.pdb
"H_E64K, H_F99Y, H_V50T, L_Q28S, L_Y52N",SKEMPI_v2.0,2B2X,3.04e-08,"H, L",A,PDB/SKEMPI_v2.0/2B2X.pdb,10.250057835077602,2B2X,2b2x_55,PDB/mutant_pdbs/2b2x/2b2x_55.pdb
"H_E64K, H_G100L, H_V50T, L_Q28S, L_Y52N",SKEMPI_v2.0,2B2X,8.5e-07,"H, L",A,PDB/SKEMPI_v2.0/2B2X.pdb,8.277605518017596,2B2X,2b2x_56,PDB/mutant_pdbs/2b2x/2b2x_56.pdb
"H_E64K, H_G100S, H_V50T, L_Q28S, L_Y52N",SKEMPI_v2.0,2B2X,2.18e-08,"H, L",A,PDB/SKEMPI_v2.0/2B2X.pdb,10.446979297205518,2B2X,2b2x_57,PDB/mutant_pdbs/2b2x/2b2x_57.pdb
"H_E64K, H_S35V, L_Q28S, L_Y52N",SKEMPI_v2.0,2B2X,8.5e-07,"H, L",A,PDB/SKEMPI_v2.0/2B2X.pdb,8.277605518017596,2B2X,2b2x_58,PDB/mutant_pdbs/2b2x/2b2x_58.pdb
"H_E64K, H_S35A, L_Q28S, L_Y52N",SKEMPI_v2.0,2B2X,2.83e-07,"H, L",A,PDB/SKEMPI_v2.0/2B2X.pdb,8.928886390145056,2B2X,2b2x_59,PDB/mutant_pdbs/2b2x/2b2x_59.pdb
"H_E64K, H_G102S, H_S35A, H_V50T, L_Q28S, L_Y52N",SKEMPI_v2.0,2B2X,1.21e-07,"H, L",A,PDB/SKEMPI_v2.0/2B2X.pdb,9.432041725053121,2B2X,2b2x_60,PDB/mutant_pdbs/2b2x/2b2x_60.pdb
"H_E64K, H_G102S, H_S35V, H_V50T, L_Q28S, L_Y52N",SKEMPI_v2.0,2B2X,9.44e-08,"H, L",A,PDB/SKEMPI_v2.0/2B2X.pdb,9.579051802890007,2B2X,2b2x_61,PDB/mutant_pdbs/2b2x/2b2x_61.pdb
"H_E64K, H_G102S, L_Q28S, L_Y52N",SKEMPI_v2.0,2B2X,1.42e-07,"H, L",A,PDB/SKEMPI_v2.0/2B2X.pdb,9.337270204071489,2B2X,2b2x_62,PDB/mutant_pdbs/2b2x/2b2x_62.pdb
"H_E64K, H_V50T, L_H31W, L_Q28S, L_Y52N",SKEMPI_v2.0,2B2X,7.08e-08,"H, L",A,PDB/SKEMPI_v2.0/2B2X.pdb,9.749413348664222,2B2X,2b2x_63,PDB/mutant_pdbs/2b2x/2b2x_63.pdb
"H_E64K, H_V50T, L_N30Y, L_Q28S, L_S91I, L_Y52N",SKEMPI_v2.0,2B2X,1.77e-08,"H, L",A,PDB/SKEMPI_v2.0/2B2X.pdb,10.57035866599208,2B2X,2b2x_64,PDB/mutant_pdbs/2b2x/2b2x_64.pdb
"H_E64K, H_G53N, H_V50T, L_Q28S, L_Y52N",SKEMPI_v2.0,2B2X,7.08e-08,"H, L",A,PDB/SKEMPI_v2.0/2B2X.pdb,9.749413348664222,2B2X,2b2x_65,PDB/mutant_pdbs/2b2x/2b2x_65.pdb
"H_E64K, H_G53Q, H_T33E, H_V50T, L_Q28S, L_Y52N",SKEMPI_v2.0,2B2X,1.42e-07,"H, L",A,PDB/SKEMPI_v2.0/2B2X.pdb,9.337270204071489,2B2X,2b2x_66,PDB/mutant_pdbs/2b2x/2b2x_66.pdb
"H_E64K, H_G53N, H_G54N, H_S52T, H_T33I, H_V50T, L_Q28S, L_Y52N",SKEMPI_v2.0,2B2X,2.13e-07,"H, L",A,PDB/SKEMPI_v2.0/2B2X.pdb,9.097159091181776,2B2X,2b2x_67,PDB/mutant_pdbs/2b2x/2b2x_67.pdb
"H_E64K, H_G53Q, H_G54F, H_S52T, H_T33I, H_V50T, L_Q28S, L_Y52N",SKEMPI_v2.0,2B2X,7.08e-08,"H, L",A,PDB/SKEMPI_v2.0/2B2X.pdb,9.749413348664222,2B2X,2b2x_68,PDB/mutant_pdbs/2b2x/2b2x_68.pdb
"H_E64K, L_Y52N",SKEMPI_v2.0,2B2X,2.63e-09,"H, L",A,PDB/SKEMPI_v2.0/2B2X.pdb,11.699410776668218,2B2X,2b2x_69,PDB/mutant_pdbs/2b2x/2b2x_69.pdb
"H_V50T, L_Y52N",SKEMPI_v2.0,2B2X,2e-09,"H, L",A,PDB/SKEMPI_v2.0/2B2X.pdb,11.861573254325416,2B2X,2b2x_70,PDB/mutant_pdbs/2b2x/2b2x_70.pdb
A_H357A,SKEMPI_v2.0,2B42,1.7e-08,A,B,PDB/SKEMPI_v2.0/2B42.pdb,10.487600607847762,2B42,2b42_1,PDB/mutant_pdbs/2b42/2b42_1.pdb
A_H357Q,SKEMPI_v2.0,2B42,6.58e-09,A,B,PDB/SKEMPI_v2.0/2B42.pdb,11.044033075155362,2B42,2b42_2,PDB/mutant_pdbs/2b42/2b42_2.pdb
A_H357K,SKEMPI_v2.0,2B42,8.16e-08,A,B,PDB/SKEMPI_v2.0/2B42.pdb,9.56803833933397,2B42,2b42_3,PDB/mutant_pdbs/2b42/2b42_3.pdb
H_L27R,SKEMPI_v2.0,2BDN,2.4e-09,"H, L",A,PDB/SKEMPI_v2.0/2BDN.pdb,11.75360482244273,2BDN,2bdn_1,PDB/mutant_pdbs/2bdn/2bdn_1.pdb
H_L27K,SKEMPI_v2.0,2BDN,3.5e-09,"H, L",A,PDB/SKEMPI_v2.0/2BDN.pdb,11.53017613298302,2BDN,2bdn_2,PDB/mutant_pdbs/2bdn/2bdn_2.pdb
H_N28D,SKEMPI_v2.0,2BDN,1e-09,"H, L",A,PDB/SKEMPI_v2.0/2BDN.pdb,12.272045912989343,2BDN,2bdn_3,PDB/mutant_pdbs/2bdn/2bdn_3.pdb
H_N28Q,SKEMPI_v2.0,2BDN,8.5e-09,"H, L",A,PDB/SKEMPI_v2.0/2BDN.pdb,11.004726832015228,2BDN,2bdn_4,PDB/mutant_pdbs/2bdn/2bdn_4.pdb
H_D31E,SKEMPI_v2.0,2BDN,5e-09,"H, L",A,PDB/SKEMPI_v2.0/2BDN.pdb,11.318957914654456,2BDN,2bdn_5,PDB/mutant_pdbs/2bdn/2bdn_5.pdb
L_Y30K,SKEMPI_v2.0,2BDN,2.5e-09,"H, L",A,PDB/SKEMPI_v2.0/2BDN.pdb,11.729430573318384,2BDN,2bdn_6,PDB/mutant_pdbs/2bdn/2bdn_6.pdb
L_N31R,SKEMPI_v2.0,2BDN,1.7e-10,"H, L",A,PDB/SKEMPI_v2.0/2BDN.pdb,13.32137548734893,2BDN,2bdn_7,PDB/mutant_pdbs/2bdn/2bdn_7.pdb
L_N31K,SKEMPI_v2.0,2BDN,2.9e-07,"H, L",A,PDB/SKEMPI_v2.0/2BDN.pdb,8.914416881181673,2BDN,2bdn_8,PDB/mutant_pdbs/2bdn/2bdn_8.pdb
L_S53D,SKEMPI_v2.0,2BDN,6.1e-10,"H, L",A,PDB/SKEMPI_v2.0/2BDN.pdb,12.564761704200105,2BDN,2bdn_9,PDB/mutant_pdbs/2bdn/2bdn_9.pdb
L_S53E,SKEMPI_v2.0,2BDN,1.9e-10,"H, L",A,PDB/SKEMPI_v2.0/2BDN.pdb,13.255509126732134,2BDN,2bdn_10,PDB/mutant_pdbs/2bdn/2bdn_10.pdb
L_T56D,SKEMPI_v2.0,2BDN,3.9e-10,"H, L",A,PDB/SKEMPI_v2.0/2BDN.pdb,12.82965412610236,2BDN,2bdn_11,PDB/mutant_pdbs/2bdn/2bdn_11.pdb
L_T56E,SKEMPI_v2.0,2BDN,2.5e-10,"H, L",A,PDB/SKEMPI_v2.0/2BDN.pdb,13.092991230317201,2BDN,2bdn_12,PDB/mutant_pdbs/2bdn/2bdn_12.pdb
C_V9C,SKEMPI_v2.0,2BNQ,1.33e-05,"A, B, C","D, E",PDB/SKEMPI_v2.0/2BNQ.pdb,6.648924060066619,2BNQ,2bnq_1,PDB/mutant_pdbs/2bnq/2bnq_1.pdb
"D_S96T, D_T95Q, E_N97A, E_T98A",ATLAS,2BNR,2.14e-05,"A, C","D, E",PDB/ATLAS/2BNR.pdb,6.37046906181409,2BNR_at,2bnr_at_1,PDB/mutant_pdbs/2bnr_at/2bnr_at_1.pdb
"D_S96T, D_T95Q, E_G50A, E_N97A, E_T98A",ATLAS,2BNR,4.62e-06,"A, C","D, E",PDB/ATLAS/2BNR.pdb,7.2787462483157,2BNR_at,2bnr_at_2,PDB/mutant_pdbs/2bnr_at/2bnr_at_2.pdb
"D_S96T, D_T95Q, E_N97L, E_T98A",ATLAS,2BNR,2.69e-06,"A, C","D, E",PDB/ATLAS/2BNR.pdb,7.599193813867376,2BNR_at,2bnr_at_3,PDB/mutant_pdbs/2bnr_at/2bnr_at_3.pdb
"D_S96T, D_T95Q, E_A51E, E_G50A, E_N97A, E_T98A",ATLAS,2BNR,1.91e-06,"A, C","D, E",PDB/ATLAS/2BNR.pdb,7.802083146374645,2BNR_at,2bnr_at_4,PDB/mutant_pdbs/2bnr_at/2bnr_at_4.pdb
"D_S96T, D_T95Q, E_A51E, E_G50A, E_N97L, E_T98A",ATLAS,2BNR,9.1e-07,"A, C","D, E",PDB/ATLAS/2BNR.pdb,8.241359736389295,2BNR_at,2bnr_at_5,PDB/mutant_pdbs/2bnr_at/2bnr_at_5.pdb
"D_S53W, D_S96T, D_T95Q, E_A51E, E_G50A, E_N97A, E_T98A",ATLAS,2BNR,4e-07,"A, C","D, E",PDB/ATLAS/2BNR.pdb,8.728370546402944,2BNR_at,2bnr_at_6,PDB/mutant_pdbs/2bnr_at/2bnr_at_6.pdb
"D_S53W, D_S96T, D_T95Q, E_A51E, E_G50A, E_N97L, E_T98A",ATLAS,2BNR,1.4e-07,"A, C","D, E",PDB/ATLAS/2BNR.pdb,9.35037435504493,2BNR_at,2bnr_at_7,PDB/mutant_pdbs/2bnr_at/2bnr_at_7.pdb
"D_S96T, D_T95Q, E_A51I, E_G50A, E_G52Q, E_I53T, E_N97A, E_T98A",ATLAS,2BNR,1.5e-08,"A, C","D, E",PDB/ATLAS/2BNR.pdb,10.673744130085593,2BNR_at,2bnr_at_8,PDB/mutant_pdbs/2bnr_at/2bnr_at_8.pdb
"D_Q51P, D_S52F, D_S53W, E_A51G, E_G50S, E_I53M",ATLAS,2BNR,1.3e-09,"A, C","D, E",PDB/ATLAS/2BNR.pdb,12.122776239268253,2BNR_at,2bnr_at_9,PDB/mutant_pdbs/2bnr_at/2bnr_at_9.pdb
"D_G97D, D_S96L, D_S99T, D_T95L, E_I53T, E_V95L",ATLAS,2BNR,8.16e-08,"A, C","D, E",PDB/ATLAS/2BNR.pdb,9.670205528381095,2BNR_at,2bnr_at_10,PDB/mutant_pdbs/2bnr_at/2bnr_at_10.pdb
D_Y31D,ATLAS,2BNR,0.00024,"A, C","D, E",PDB/ATLAS/2BNR.pdb,4.938286001309781,2BNR_at,2bnr_at_11,PDB/mutant_pdbs/2bnr_at/2bnr_at_11.pdb
"D_G97D, D_Q51T, D_S52P, D_S53W, D_S96L, D_S99T, D_T95L, D_Y31D, E_A51I, E_G50A, E_G52Q, E_I53T, E_V95L",ATLAS,2BNR,1.8e-05,"A, C","D, E",PDB/ATLAS/2BNR.pdb,6.472980312574141,2BNR_at,2bnr_at_12,PDB/mutant_pdbs/2bnr_at/2bnr_at_12.pdb
E_G52I,ATLAS,2BNR,1.1e-06,"A, C","D, E",PDB/ATLAS/2BNR.pdb,8.129012231116732,2BNR_at,2bnr_at_13,PDB/mutant_pdbs/2bnr_at/2bnr_at_13.pdb
"D_G97N, D_I101P, D_P94H, D_S99Y, D_Y100F, E_I53T, E_Q56R, E_T70I, E_V95L",ATLAS,2BNR,8.399999999999999e-09,"A, C","D, E",PDB/ATLAS/2BNR.pdb,11.017277862088639,2BNR_at,2bnr_at_14,PDB/mutant_pdbs/2bnr_at/2bnr_at_14.pdb
"D_G97S, D_I101M, D_S96Q, D_S99H, D_T95Y, E_I53T, E_Q56R, E_T70I, E_V95L",ATLAS,2BNR,1.8e-07,"A, C","D, E",PDB/ATLAS/2BNR.pdb,9.201474338642576,2BNR_at,2bnr_at_15,PDB/mutant_pdbs/2bnr_at/2bnr_at_15.pdb
"D_G97S, D_I101M, D_S96Q, D_S99H, D_T95Y, E_I53T, E_T70I, E_V95L",ATLAS,2BNR,2.54e-07,"A, C","D, E",PDB/ATLAS/2BNR.pdb,8.997435902565233,2BNR_at,2bnr_at_16,PDB/mutant_pdbs/2bnr_at/2bnr_at_16.pdb
"D_G97D, D_Q51S, D_S52P, D_S53W, D_S96L, D_S99T, D_T95L, E_A51I, E_G50A, E_G52Q, E_I53T, E_N97D, E_T70I",ATLAS,2BNR,9.8e-10,"A, C","D, E",PDB/ATLAS/2BNR.pdb,12.29019291733706,2BNR_at,2bnr_at_17,PDB/mutant_pdbs/2bnr_at/2bnr_at_17.pdb
"D_G97D, D_Q51T, D_S52P, D_S53W, D_S96L, D_S99T, D_T95L, E_A51I, E_G50A, E_G52Q, E_I53T, E_N97D, E_T70I",ATLAS,2BNR,2e-10,"A, C","D, E",PDB/ATLAS/2BNR.pdb,13.231790857923887,2BNR_at,2bnr_at_18,PDB/mutant_pdbs/2bnr_at/2bnr_at_18.pdb
"D_G97D, D_Q51S, D_S52P, D_S53W, D_S96L, D_S99T, D_T95L, E_A51I, E_G50A, E_G52Q, E_I53T, E_Q56R, E_T70I, E_V95L",ATLAS,2BNR,1e-10,"A, C","D, E",PDB/ATLAS/2BNR.pdb,13.642470130342177,2BNR_at,2bnr_at_19,PDB/mutant_pdbs/2bnr_at/2bnr_at_19.pdb
"D_G97D, D_Q51T, D_S52P, D_S53W, D_S96L, D_S99T, D_T95L, E_A51I, E_G50A, E_G52Q, E_I53T, E_T70I",ATLAS,2BNR,1e-10,"A, C","D, E",PDB/ATLAS/2BNR.pdb,13.642470130342177,2BNR_at,2bnr_at_20,PDB/mutant_pdbs/2bnr_at/2bnr_at_20.pdb
"D_G97D, D_Q51S, D_S52P, D_S53W, D_S96L, D_S99T, D_T95L, E_A51I, E_G50A, E_G52Q, E_I53T, E_T70I",ATLAS,2BNR,1e-10,"A, C","D, E",PDB/ATLAS/2BNR.pdb,13.642470130342177,2BNR_at,2bnr_at_21,PDB/mutant_pdbs/2bnr_at/2bnr_at_21.pdb
"D_G97D, D_Q51S, D_S52P, D_S53W, D_S96L, D_S99T, D_T95L, E_A51I, E_G50A, E_G52Q, E_I53T",ATLAS,2BNR,4e-11,"A, C","D, E",PDB/ATLAS/2BNR.pdb,14.185358598539816,2BNR_at,2bnr_at_22,PDB/mutant_pdbs/2bnr_at/2bnr_at_22.pdb
"D_G97D, D_Q51T, D_S52P, D_S53W, D_S96L, D_S99T, D_T95L, E_A51I, E_G50A, E_G52Q, E_I53T, E_Q56R, E_T70I, E_V95L",ATLAS,2BNR,2.6e-11,"A, C","D, E",PDB/ATLAS/2BNR.pdb,14.440590992918398,2BNR_at,2bnr_at_23,PDB/mutant_pdbs/2bnr_at/2bnr_at_23.pdb
A_Q43A,SKEMPI_v2.0,2BNR,3.68e-06,"A, B, C","D, E",PDB/SKEMPI_v2.0/2BNR.pdb,7.409796118601086,2BNR,2bnr_1,PDB/mutant_pdbs/2bnr/2bnr_1.pdb
A_E58A,SKEMPI_v2.0,2BNR,3.2e-06,"A, B, C","D, E",PDB/SKEMPI_v2.0/2BNR.pdb,7.4925613056720675,2BNR,2bnr_2,PDB/mutant_pdbs/2bnr/2bnr_2.pdb
A_D61A,SKEMPI_v2.0,2BNR,2.75e-06,"A, B, C","D, E",PDB/SKEMPI_v2.0/2BNR.pdb,7.582307165352643,2BNR,2bnr_3,PDB/mutant_pdbs/2bnr/2bnr_3.pdb
A_E63A,SKEMPI_v2.0,2BNR,5.63e-06,"A, B, C","D, E",PDB/SKEMPI_v2.0/2BNR.pdb,7.158000222026267,2BNR,2bnr_4,PDB/mutant_pdbs/2bnr/2bnr_4.pdb
A_T64A,SKEMPI_v2.0,2BNR,5.06e-06,"A, B, C","D, E",PDB/SKEMPI_v2.0/2BNR.pdb,7.221212000624763,2BNR,2bnr_5,PDB/mutant_pdbs/2bnr/2bnr_5.pdb
A_R65A,SKEMPI_v2.0,2BNR,6.75e-05,"A, B, C","D, E",PDB/SKEMPI_v2.0/2BNR.pdb,5.68699728766101,2BNR,2bnr_6,PDB/mutant_pdbs/2bnr/2bnr_6.pdb
A_K66A,SKEMPI_v2.0,2BNR,5.54e-05,"A, B, C","D, E",PDB/SKEMPI_v2.0/2BNR.pdb,5.803982621715947,2BNR,2bnr_7,PDB/mutant_pdbs/2bnr/2bnr_7.pdb
A_V67A,SKEMPI_v2.0,2BNR,6.21e-06,"A, B, C","D, E",PDB/SKEMPI_v2.0/2BNR.pdb,7.0999354385958755,2BNR,2bnr_8,PDB/mutant_pdbs/2bnr/2bnr_8.pdb
A_K68A,SKEMPI_v2.0,2BNR,3.23e-06,"A, B, C","D, E",PDB/SKEMPI_v2.0/2BNR.pdb,7.487035416097642,2BNR,2bnr_9,PDB/mutant_pdbs/2bnr/2bnr_9.pdb
A_A69G,SKEMPI_v2.0,2BNR,7.33e-05,"A, B, C","D, E",PDB/SKEMPI_v2.0/2BNR.pdb,5.638181540960136,2BNR,2bnr_10,PDB/mutant_pdbs/2bnr/2bnr_10.pdb
A_H70A,SKEMPI_v2.0,2BNR,5.6e-05,"A, B, C","D, E",PDB/SKEMPI_v2.0/2BNR.pdb,5.797603527330858,2BNR,2bnr_11,PDB/mutant_pdbs/2bnr/2bnr_11.pdb
A_Q72A,SKEMPI_v2.0,2BNR,2.72e-06,"A, B, C","D, E",PDB/SKEMPI_v2.0/2BNR.pdb,7.588802881696768,2BNR,2bnr_12,PDB/mutant_pdbs/2bnr/2bnr_12.pdb
A_T73A,SKEMPI_v2.0,2BNR,2.8e-05,"A, B, C","D, E",PDB/SKEMPI_v2.0/2BNR.pdb,6.208076185994786,2BNR,2bnr_13,PDB/mutant_pdbs/2bnr/2bnr_13.pdb
A_H74A,SKEMPI_v2.0,2BNR,1.66e-05,"A, B, C","D, E",PDB/SKEMPI_v2.0/2BNR.pdb,6.517672555855429,2BNR,2bnr_14,PDB/mutant_pdbs/2bnr/2bnr_14.pdb
A_R75A,SKEMPI_v2.0,2BNR,7.84e-06,"A, B, C","D, E",PDB/SKEMPI_v2.0/2BNR.pdb,6.961909743994308,2BNR,2bnr_15,PDB/mutant_pdbs/2bnr/2bnr_15.pdb
A_V76A,SKEMPI_v2.0,2BNR,9.95e-06,"A, B, C","D, E",PDB/SKEMPI_v2.0/2BNR.pdb,6.820771646442672,2BNR,2bnr_16,PDB/mutant_pdbs/2bnr/2bnr_16.pdb
A_T80A,SKEMPI_v2.0,2BNR,7.9e-06,"A, B, C","D, E",PDB/SKEMPI_v2.0/2BNR.pdb,6.957394955652965,2BNR,2bnr_17,PDB/mutant_pdbs/2bnr/2bnr_17.pdb
A_K146A,SKEMPI_v2.0,2BNR,9.18e-06,"A, B, C","D, E",PDB/SKEMPI_v2.0/2BNR.pdb,6.868469543027628,2BNR,2bnr_18,PDB/mutant_pdbs/2bnr/2bnr_18.pdb
A_A149G,SKEMPI_v2.0,2BNR,3.3e-06,"A, B, C","D, E",PDB/SKEMPI_v2.0/2BNR.pdb,7.474338733469958,2BNR,2bnr_19,PDB/mutant_pdbs/2bnr/2bnr_19.pdb
A_A150G,SKEMPI_v2.0,2BNR,1.11e-05,"A, B, C","D, E",PDB/SKEMPI_v2.0/2BNR.pdb,6.756002654262602,2BNR,2bnr_20,PDB/mutant_pdbs/2bnr/2bnr_20.pdb
A_H151A,SKEMPI_v2.0,2BNR,7.87e-06,"A, B, C","D, E",PDB/SKEMPI_v2.0/2BNR.pdb,6.959648047283031,2BNR,2bnr_21,PDB/mutant_pdbs/2bnr/2bnr_21.pdb
A_V152A,SKEMPI_v2.0,2BNR,1.47e-05,"A, B, C","D, E",PDB/SKEMPI_v2.0/2BNR.pdb,6.5896559500975656,2BNR,2bnr_22,PDB/mutant_pdbs/2bnr/2bnr_22.pdb
A_E154A,SKEMPI_v2.0,2BNR,3.3e-06,"A, B, C","D, E",PDB/SKEMPI_v2.0/2BNR.pdb,7.474338733469958,2BNR,2bnr_23,PDB/mutant_pdbs/2bnr/2bnr_23.pdb
A_Q155A,SKEMPI_v2.0,2BNR,4.74e-06,"A, B, C","D, E",PDB/SKEMPI_v2.0/2BNR.pdb,7.25989918243421,2BNR,2bnr_24,PDB/mutant_pdbs/2bnr/2bnr_24.pdb
A_T163A,SKEMPI_v2.0,2BNR,6.94e-06,"A, B, C","D, E",PDB/SKEMPI_v2.0/2BNR.pdb,7.034119269687298,2BNR,2bnr_25,PDB/mutant_pdbs/2bnr/2bnr_25.pdb
C_C9V,SKEMPI_v2.0,2BNR,5.7e-06,"A, B, C","D, E",PDB/SKEMPI_v2.0/2BNR.pdb,7.150682727183228,2BNR,2bnr_26,PDB/mutant_pdbs/2bnr/2bnr_26.pdb
P_F59A,SKEMPI_v2.0,2BTF,3.4e-05,A,P,PDB/SKEMPI_v2.0/2BTF.pdb,6.093099543690923,2BTF,2btf_1,PDB/mutant_pdbs/2btf/2btf_1.pdb
P_V60E,SKEMPI_v2.0,2BTF,1.2e-05,A,P,PDB/SKEMPI_v2.0/2BTF.pdb,6.709834853111396,2BTF,2btf_2,PDB/mutant_pdbs/2btf/2btf_2.pdb
P_G120F,SKEMPI_v2.0,2BTF,4.2e-05,A,P,PDB/SKEMPI_v2.0/2BTF.pdb,5.967965073105073,2BTF,2btf_3,PDB/mutant_pdbs/2btf/2btf_3.pdb
P_K125A,SKEMPI_v2.0,2BTF,5e-06,A,P,PDB/SKEMPI_v2.0/2BTF.pdb,7.228275943658009,2BTF,2btf_4,PDB/mutant_pdbs/2btf/2btf_4.pdb
A_N48A,SKEMPI_v2.0,2C0L,3.48e-07,A,B,PDB/SKEMPI_v2.0/2C0L.pdb,9.013311332336214,2C0L,2c0l_1,PDB/mutant_pdbs/2c0l/2c0l_1.pdb
A_Q239R,SKEMPI_v2.0,2C0L,1.34e-06,A,B,PDB/SKEMPI_v2.0/2C0L.pdb,8.196157369416769,2C0L,2c0l_2,PDB/mutant_pdbs/2c0l/2c0l_2.pdb
A_S242Y,SKEMPI_v2.0,2C0L,1.73e-07,A,B,PDB/SKEMPI_v2.0/2C0L.pdb,9.436919332064052,2C0L,2c0l_3,PDB/mutant_pdbs/2c0l/2c0l_3.pdb
C_G6S,SKEMPI_v2.0,2C5D,3.9e-11,A,C,PDB/SKEMPI_v2.0/2C5D.pdb,14.193214783101174,2C5D,2c5d_1,PDB/mutant_pdbs/2c5d/2c5d_1.pdb
C_D61G,SKEMPI_v2.0,2C5D,1.41e-11,A,C,PDB/SKEMPI_v2.0/2C5D.pdb,14.795697915697824,2C5D,2c5d_2,PDB/mutant_pdbs/2c5d/2c5d_2.pdb
C_V66A,SKEMPI_v2.0,2C5D,1.2e-11,A,C,PDB/SKEMPI_v2.0/2C5D.pdb,14.891198795104291,2C5D,2c5d_3,PDB/mutant_pdbs/2c5d/2c5d_3.pdb
C_G101R,SKEMPI_v2.0,2C5D,3.2e-11,A,C,PDB/SKEMPI_v2.0/2C5D.pdb,14.310364590666147,2C5D,2c5d_4,PDB/mutant_pdbs/2c5d/2c5d_4.pdb
"C_D61G, C_G6S",SKEMPI_v2.0,2C5D,1.35e-11,A,C,PDB/SKEMPI_v2.0/2C5D.pdb,14.821449227988793,2C5D,2c5d_5,PDB/mutant_pdbs/2c5d/2c5d_5.pdb
"C_G6S, C_V66A",SKEMPI_v2.0,2C5D,7.9e-12,A,C,PDB/SKEMPI_v2.0/2C5D.pdb,15.138758897645861,2C5D,2c5d_6,PDB/mutant_pdbs/2c5d/2c5d_6.pdb
"C_G101R, C_G6S",SKEMPI_v2.0,2C5D,3.5e-11,A,C,PDB/SKEMPI_v2.0/2C5D.pdb,14.257297446980653,2C5D,2c5d_7,PDB/mutant_pdbs/2c5d/2c5d_7.pdb
"C_D61G, C_G101R",SKEMPI_v2.0,2C5D,1.28e-11,A,C,PDB/SKEMPI_v2.0/2C5D.pdb,14.852979930337105,2C5D,2c5d_8,PDB/mutant_pdbs/2c5d/2c5d_8.pdb
"C_G101R, C_V66A",SKEMPI_v2.0,2C5D,1.09e-11,A,C,PDB/SKEMPI_v2.0/2C5D.pdb,14.948133926865893,2C5D,2c5d_9,PDB/mutant_pdbs/2c5d/2c5d_9.pdb
"C_D61G, C_V66A",SKEMPI_v2.0,2C5D,5.7e-12,A,C,PDB/SKEMPI_v2.0/2C5D.pdb,15.332046669176124,2C5D,2c5d_10,PDB/mutant_pdbs/2c5d/2c5d_10.pdb
"C_D61G, C_G101R, C_V66A",SKEMPI_v2.0,2C5D,7.6e-12,A,C,PDB/SKEMPI_v2.0/2C5D.pdb,15.161685123401908,2C5D,2c5d_11,PDB/mutant_pdbs/2c5d/2c5d_11.pdb
"C_G101R, C_G6S, C_V66A",SKEMPI_v2.0,2C5D,8.6e-12,A,C,PDB/SKEMPI_v2.0/2C5D.pdb,15.088482561843735,2C5D,2c5d_12,PDB/mutant_pdbs/2c5d/2c5d_12.pdb
"C_D61G, C_G101R, C_G6S",SKEMPI_v2.0,2C5D,1.3e-11,A,C,PDB/SKEMPI_v2.0/2C5D.pdb,14.843798554654818,2C5D,2c5d_13,PDB/mutant_pdbs/2c5d/2c5d_13.pdb
"C_D61G, C_G6S, C_V66R",SKEMPI_v2.0,2C5D,4.1e-12,A,C,PDB/SKEMPI_v2.0/2C5D.pdb,15.52715992571876,2C5D,2c5d_14,PDB/mutant_pdbs/2c5d/2c5d_14.pdb
"C_D61G, C_G101R, C_G6S, C_V66R",SKEMPI_v2.0,2C5D,2.7e-12,A,C,PDB/SKEMPI_v2.0/2C5D.pdb,15.77453722632368,2C5D,2c5d_15,PDB/mutant_pdbs/2c5d/2c5d_15.pdb
"C_E33R, C_T51R",SKEMPI_v2.0,2C5D,1e-06,A,C,PDB/SKEMPI_v2.0/2C5D.pdb,8.181363941992895,2C5D,2c5d_16,PDB/mutant_pdbs/2c5d/2c5d_16.pdb
"A_T26D, B_T26D",SKEMPI_v2.0,2C5D,1.7e-08,"A, B","C, D",PDB/SKEMPI_v2.0/2C5D.pdb,10.594254173351299,2C5D,2c5d_17,PDB/mutant_pdbs/2c5d/2c5d_17.pdb
"A_R32E, B_R32E",SKEMPI_v2.0,2C5D,9e-08,"A, B","C, D",PDB/SKEMPI_v2.0/2C5D.pdb,9.607317712883242,2C5D,2c5d_18,PDB/mutant_pdbs/2c5d/2c5d_18.pdb
"A_K34E, B_K34E",SKEMPI_v2.0,2C5D,1.34e-07,"A, B","C, D",PDB/SKEMPI_v2.0/2C5D.pdb,9.371609496625693,2C5D,2c5d_19,PDB/mutant_pdbs/2c5d/2c5d_19.pdb
"A_K34E, A_K34E, A_R32E, B_R32E",SKEMPI_v2.0,2C5D,4e-06,"A, B","C, D",PDB/SKEMPI_v2.0/2C5D.pdb,7.360418624665037,2C5D,2c5d_20,PDB/mutant_pdbs/2c5d/2c5d_20.pdb
"A_A126V, B_A126V",SKEMPI_v2.0,2C5D,1.8e-08,"A, B","C, D",PDB/SKEMPI_v2.0/2C5D.pdb,10.560405711218129,2C5D,2c5d_21,PDB/mutant_pdbs/2c5d/2c5d_21.pdb
"A_F207A, B_F207A",SKEMPI_v2.0,2C5D,7e-09,"A, B","C, D",PDB/SKEMPI_v2.0/2C5D.pdb,11.119703474319092,2C5D,2c5d_22,PDB/mutant_pdbs/2c5d/2c5d_22.pdb
"C_Q28R, D_Q28R",SKEMPI_v2.0,2C5D,7e-09,"A, B","C, D",PDB/SKEMPI_v2.0/2C5D.pdb,11.119703474319092,2C5D,2c5d_23,PDB/mutant_pdbs/2c5d/2c5d_23.pdb
"C_E30R, D_E30R",SKEMPI_v2.0,2C5D,1e-08,"A, B","C, D",PDB/SKEMPI_v2.0/2C5D.pdb,10.908485255990529,2C5D,2c5d_24,PDB/mutant_pdbs/2c5d/2c5d_24.pdb
"C_E33R, D_E33R",SKEMPI_v2.0,2C5D,9.8e-08,"A, B","C, D",PDB/SKEMPI_v2.0/2C5D.pdb,9.556888376984912,2C5D,2c5d_25,PDB/mutant_pdbs/2c5d/2c5d_25.pdb
"C_E30R, C_E33R, C_E33R, D_E30R",SKEMPI_v2.0,2C5D,1.36e-07,"A, B","C, D",PDB/SKEMPI_v2.0/2C5D.pdb,9.362836197359513,2C5D,2c5d_26,PDB/mutant_pdbs/2c5d/2c5d_26.pdb
"C_T51R, D_T51R",SKEMPI_v2.0,2C5D,3.11e-07,"A, B","C, D",PDB/SKEMPI_v2.0/2C5D.pdb,8.873015919187285,2C5D,2c5d_27,PDB/mutant_pdbs/2c5d/2c5d_27.pdb
"C_Q96R, D_Q96R",SKEMPI_v2.0,2C5D,1e-08,"A, B","C, D",PDB/SKEMPI_v2.0/2C5D.pdb,10.908485255990529,2C5D,2c5d_28,PDB/mutant_pdbs/2c5d/2c5d_28.pdb
"C_L105E, D_L105E",SKEMPI_v2.0,2C5D,9e-09,"A, B","C, D",PDB/SKEMPI_v2.0/2C5D.pdb,10.970878369882058,2C5D,2c5d_29,PDB/mutant_pdbs/2c5d/2c5d_29.pdb
"C_K178E, D_K178E",SKEMPI_v2.0,2C5D,2.1e-08,"A, B","C, D",PDB/SKEMPI_v2.0/2C5D.pdb,10.469119702765449,2C5D,2c5d_30,PDB/mutant_pdbs/2c5d/2c5d_30.pdb
"C_T182E, D_T182E",SKEMPI_v2.0,2C5D,2.1e-08,"A, B","C, D",PDB/SKEMPI_v2.0/2C5D.pdb,10.469119702765449,2C5D,2c5d_31,PDB/mutant_pdbs/2c5d/2c5d_31.pdb
"A_F207A, B_F207A",SKEMPI_v2.0,2C5D,1e-08,"A, B","C, D",PDB/SKEMPI_v2.0/2C5D.pdb,10.908485255990529,2C5D,2c5d_32,PDB/mutant_pdbs/2c5d/2c5d_32.pdb
"A_F209A, B_F209A",SKEMPI_v2.0,2C5D,2.4e-08,"A, B","C, D",PDB/SKEMPI_v2.0/2C5D.pdb,10.390044165443914,2C5D,2c5d_33,PDB/mutant_pdbs/2c5d/2c5d_33.pdb
"A_W238F, B_W238F",SKEMPI_v2.0,2C5D,2.1e-08,"A, B","C, D",PDB/SKEMPI_v2.0/2C5D.pdb,10.469119702765449,2C5D,2c5d_34,PDB/mutant_pdbs/2c5d/2c5d_34.pdb
"A_L324A, B_L324A",SKEMPI_v2.0,2C5D,1.24e-07,"A, B","C, D",PDB/SKEMPI_v2.0/2C5D.pdb,9.417538464593958,2C5D,2c5d_35,PDB/mutant_pdbs/2c5d/2c5d_35.pdb
"A_Y364A, B_Y364A",SKEMPI_v2.0,2C5D,2.1e-08,"A, B","C, D",PDB/SKEMPI_v2.0/2C5D.pdb,10.469119702765449,2C5D,2c5d_36,PDB/mutant_pdbs/2c5d/2c5d_36.pdb
"B_A48S, B_A49T",SKEMPI_v2.0,2CCL,1.25e-08,A,B,PDB/SKEMPI_v2.0/2CCL.pdb,12.222831511222893,2CCL,2ccl_1,PDB/mutant_pdbs/2ccl/2ccl_1.pdb
I_R20A,SKEMPI_v2.0,2DSQ,4.59e-10,I,G,PDB/SKEMPI_v2.0/2DSQ.pdb,12.73318482968682,2DSQ,2dsq_1,PDB/mutant_pdbs/2dsq/2dsq_1.pdb
I_R35A,SKEMPI_v2.0,2DSQ,1.16e-09,I,G,PDB/SKEMPI_v2.0/2DSQ.pdb,12.184153534850264,2DSQ,2dsq_2,PDB/mutant_pdbs/2dsq/2dsq_2.pdb
I_R40A,SKEMPI_v2.0,2DSQ,3.57e-10,I,G,PDB/SKEMPI_v2.0/2DSQ.pdb,12.882009934123854,2DSQ,2dsq_3,PDB/mutant_pdbs/2dsq/2dsq_3.pdb
I_R41A,SKEMPI_v2.0,2DSQ,4.81e-10,I,G,PDB/SKEMPI_v2.0/2DSQ.pdb,12.705460381479348,2DSQ,2dsq_4,PDB/mutant_pdbs/2dsq/2dsq_4.pdb
B_R7A,SKEMPI_v2.0,2DVW,2.17e-07,A,B,PDB/SKEMPI_v2.0/2DVW.pdb,9.086141343251564,2DVW,2dvw_1,PDB/mutant_pdbs/2dvw/2dvw_1.pdb
"B_R3A, B_R7A",SKEMPI_v2.0,2DVW,2.55e-06,A,B,PDB/SKEMPI_v2.0/2DVW.pdb,7.627021746463955,2DVW,2dvw_2,PDB/mutant_pdbs/2dvw/2dvw_2.pdb
"B_R3A, B_R4A, B_R7A",SKEMPI_v2.0,2DVW,7.47e-06,A,B,PDB/SKEMPI_v2.0/2DVW.pdb,6.9905383284108895,2DVW,2dvw_3,PDB/mutant_pdbs/2dvw/2dvw_3.pdb
"B_E21A, B_E22A",SKEMPI_v2.0,2DVW,7.18e-08,A,B,PDB/SKEMPI_v2.0/2DVW.pdb,9.74110764632675,2DVW,2dvw_4,PDB/mutant_pdbs/2dvw/2dvw_4.pdb
B_K62E,SKEMPI_v2.0,2DVW,9.52e-08,A,B,PDB/SKEMPI_v2.0/2DVW.pdb,9.574054415688078,2DVW,2dvw_5,PDB/mutant_pdbs/2dvw/2dvw_5.pdb
A_R39A,SKEMPI_v2.0,2DVW,3.13e-07,A,B,PDB/SKEMPI_v2.0/2DVW.pdb,8.869219836514834,2DVW,2dvw_6,PDB/mutant_pdbs/2dvw/2dvw_6.pdb
A_K114A,SKEMPI_v2.0,2DVW,7.13e-08,A,B,PDB/SKEMPI_v2.0/2DVW.pdb,9.745245936186908,2DVW,2dvw_7,PDB/mutant_pdbs/2dvw/2dvw_7.pdb
"A_D37A, A_D69A",SKEMPI_v2.0,2DVW,9.3e-08,A,B,PDB/SKEMPI_v2.0/2DVW.pdb,9.587900010368173,2DVW,2dvw_8,PDB/mutant_pdbs/2dvw/2dvw_8.pdb
"A_K114A, A_R39A",SKEMPI_v2.0,2DVW,3.63e-06,A,B,PDB/SKEMPI_v2.0/2DVW.pdb,7.417897296500664,2DVW,2dvw_9,PDB/mutant_pdbs/2dvw/2dvw_9.pdb
A_E180A,SKEMPI_v2.0,2DVW,1.41e-07,A,B,PDB/SKEMPI_v2.0/2DVW.pdb,9.34145528770256,2DVW,2dvw_10,PDB/mutant_pdbs/2dvw/2dvw_10.pdb
Q_F5R,SKEMPI_v2.0,2E7L,6.3e-06,"E, Q","A, D",PDB/SKEMPI_v2.0/2E7L.pdb,7.091414617214175,2E7L,2e7l_1,PDB/mutant_pdbs/2e7l/2e7l_1.pdb
A_R107G,ATLAS,2ESV,3.02e-05,"A, C","D, E",PDB/ATLAS/2ESV.pdb,6.16638702700611,2ESV_at,2esv_at_1,PDB/mutant_pdbs/2esv_at/2esv_at_1.pdb
"A_R107G, C_I8V",ATLAS,2ESV,9.999999999999999e-05,"A, C","D, E",PDB/ATLAS/2ESV.pdb,5.456988052136872,2ESV_at,2esv_at_2,PDB/mutant_pdbs/2esv_at/2esv_at_2.pdb
"D_Q50P, D_S51F, D_S52W",ATLAS,2F54,2.55e-07,"A, C","D, E",PDB/ATLAS/2F54.pdb,8.995107864404108,2F54_at,2f54_at_1,PDB/mutant_pdbs/2f54_at/2f54_at_1.pdb
"E_A50V, E_G49S, E_I52M",ATLAS,2F54,1e-07,"A, C","D, E",PDB/ATLAS/2F54.pdb,9.549729091239524,2F54_at,2f54_at_2,PDB/mutant_pdbs/2f54_at/2f54_at_2.pdb
"E_A50I, E_G49A, E_G51Q, E_I52T",ATLAS,2F54,2.5e-08,"A, C","D, E",PDB/ATLAS/2F54.pdb,10.371087636076105,2F54_at,2f54_at_3,PDB/mutant_pdbs/2f54_at/2f54_at_3.pdb
"D_Q50S, D_S51P, D_S52W, E_A50V, E_G49S, E_I52M",ATLAS,2F54,2e-09,"A, C","D, E",PDB/ATLAS/2F54.pdb,11.86754384488967,2F54_at,2f54_at_4,PDB/mutant_pdbs/2f54_at/2f54_at_4.pdb
"D_Q50T, D_S51P, D_S52W, E_A50V, E_G49S, E_I52M",ATLAS,2F54,1e-09,"A, C","D, E",PDB/ATLAS/2F54.pdb,12.27822311730796,2F54_at,2f54_at_5,PDB/mutant_pdbs/2f54_at/2f54_at_5.pdb
"D_Q50M, D_S51G, D_S52H, E_A50V, E_G49S, E_I52M",ATLAS,2F54,4e-09,"A, C","D, E",PDB/ATLAS/2F54.pdb,11.45686457247138,2F54_at,2f54_at_6,PDB/mutant_pdbs/2f54_at/2f54_at_6.pdb
"D_Q50M, D_S51G, D_S52T, E_A50V, E_G49S, E_I52M",ATLAS,2F54,8e-09,"A, C","D, E",PDB/ATLAS/2F54.pdb,11.046185300053091,2F54_at,2f54_at_7,PDB/mutant_pdbs/2f54_at/2f54_at_7.pdb
I_T11A,SKEMPI_v2.0,2FTL,5e-11,E,I,PDB/SKEMPI_v2.0/2FTL.pdb,13.904675746484449,2FTL,2ftl_1,PDB/mutant_pdbs/2ftl/2ftl_1.pdb
I_G12A,SKEMPI_v2.0,2FTL,8.3e-11,E,I,PDB/SKEMPI_v2.0/2FTL.pdb,13.60756646763914,2FTL,2ftl_2,PDB/mutant_pdbs/2ftl/2ftl_2.pdb
I_P13A,SKEMPI_v2.0,2FTL,5e-11,E,I,PDB/SKEMPI_v2.0/2FTL.pdb,13.904675746484449,2FTL,2ftl_3,PDB/mutant_pdbs/2ftl/2ftl_3.pdb
I_K15A,SKEMPI_v2.0,2FTL,1.4e-06,E,I,PDB/SKEMPI_v2.0/2FTL.pdb,7.901752694593864,2FTL,2ftl_4,PDB/mutant_pdbs/2ftl/2ftl_4.pdb
I_R17A,SKEMPI_v2.0,2FTL,5e-11,E,I,PDB/SKEMPI_v2.0/2FTL.pdb,13.904675746484449,2FTL,2ftl_5,PDB/mutant_pdbs/2ftl/2ftl_5.pdb
I_I18A,SKEMPI_v2.0,2FTL,2.4e-10,E,I,PDB/SKEMPI_v2.0/2FTL.pdb,12.985113477970657,2FTL,2ftl_6,PDB/mutant_pdbs/2ftl/2ftl_6.pdb
I_I19A,SKEMPI_v2.0,2FTL,5e-11,E,I,PDB/SKEMPI_v2.0/2FTL.pdb,13.904675746484449,2FTL,2ftl_7,PDB/mutant_pdbs/2ftl/2ftl_7.pdb
I_R20A,SKEMPI_v2.0,2FTL,5e-11,E,I,PDB/SKEMPI_v2.0/2FTL.pdb,13.904675746484449,2FTL,2ftl_8,PDB/mutant_pdbs/2ftl/2ftl_8.pdb
I_F33A,SKEMPI_v2.0,2FTL,5e-11,E,I,PDB/SKEMPI_v2.0/2FTL.pdb,13.904675746484449,2FTL,2ftl_9,PDB/mutant_pdbs/2ftl/2ftl_9.pdb
I_V34A,SKEMPI_v2.0,2FTL,5e-11,E,I,PDB/SKEMPI_v2.0/2FTL.pdb,13.904675746484449,2FTL,2ftl_10,PDB/mutant_pdbs/2ftl/2ftl_10.pdb
I_Y35A,SKEMPI_v2.0,2FTL,5e-11,E,I,PDB/SKEMPI_v2.0/2FTL.pdb,13.904675746484449,2FTL,2ftl_11,PDB/mutant_pdbs/2ftl/2ftl_11.pdb
I_G36A,SKEMPI_v2.0,2FTL,2.1e-10,E,I,PDB/SKEMPI_v2.0/2FTL.pdb,13.063392952835935,2FTL,2ftl_12,PDB/mutant_pdbs/2ftl/2ftl_12.pdb
I_G37A,SKEMPI_v2.0,2FTL,5e-11,E,I,PDB/SKEMPI_v2.0/2FTL.pdb,13.904675746484449,2FTL,2ftl_13,PDB/mutant_pdbs/2ftl/2ftl_13.pdb
I_R39A,SKEMPI_v2.0,2FTL,5e-11,E,I,PDB/SKEMPI_v2.0/2FTL.pdb,13.904675746484449,2FTL,2ftl_14,PDB/mutant_pdbs/2ftl/2ftl_14.pdb
I_K46A,SKEMPI_v2.0,2FTL,5e-11,E,I,PDB/SKEMPI_v2.0/2FTL.pdb,13.904675746484449,2FTL,2ftl_15,PDB/mutant_pdbs/2ftl/2ftl_15.pdb
I_K15G,SKEMPI_v2.0,2FTL,6.67e-05,E,I,PDB/SKEMPI_v2.0/2FTL.pdb,5.6367349927097115,2FTL,2ftl_16,PDB/mutant_pdbs/2ftl/2ftl_16.pdb
I_K15A,SKEMPI_v2.0,2FTL,3.7e-06,E,I,PDB/SKEMPI_v2.0/2FTL.pdb,7.332023475220778,2FTL,2ftl_17,PDB/mutant_pdbs/2ftl/2ftl_17.pdb
I_K15S,SKEMPI_v2.0,2FTL,2.7e-08,E,I,PDB/SKEMPI_v2.0/2FTL.pdb,10.216399015123766,2FTL,2ftl_18,PDB/mutant_pdbs/2ftl/2ftl_18.pdb
I_K15V,SKEMPI_v2.0,2FTL,2.44e-05,E,I,PDB/SKEMPI_v2.0/2FTL.pdb,6.226255902243994,2FTL,2ftl_19,PDB/mutant_pdbs/2ftl/2ftl_19.pdb
I_K15T,SKEMPI_v2.0,2FTL,3.45e-06,E,I,PDB/SKEMPI_v2.0/2FTL.pdb,7.373034966757182,2FTL,2ftl_20,PDB/mutant_pdbs/2ftl/2ftl_20.pdb
I_K15D,SKEMPI_v2.0,2FTL,1.59e-05,E,I,PDB/SKEMPI_v2.0/2FTL.pdb,6.477315088933603,2FTL,2ftl_21,PDB/mutant_pdbs/2ftl/2ftl_21.pdb
I_K15N,SKEMPI_v2.0,2FTL,4.55e-08,E,I,PDB/SKEMPI_v2.0/2FTL.pdb,9.910462439856891,2FTL,2ftl_22,PDB/mutant_pdbs/2ftl/2ftl_22.pdb
I_K15M,SKEMPI_v2.0,2FTL,2.56e-08,E,I,PDB/SKEMPI_v2.0/2FTL.pdb,10.247612294294075,2FTL,2ftl_23,PDB/mutant_pdbs/2ftl/2ftl_23.pdb
I_K15I,SKEMPI_v2.0,2FTL,9.09e-06,E,I,PDB/SKEMPI_v2.0/2FTL.pdb,6.80509954149452,2FTL,2ftl_24,PDB/mutant_pdbs/2ftl/2ftl_24.pdb
I_K15L,SKEMPI_v2.0,2FTL,1.85e-07,E,I,PDB/SKEMPI_v2.0/2FTL.pdb,9.08819739508826,2FTL,2ftl_25,PDB/mutant_pdbs/2ftl/2ftl_25.pdb
I_K15E,SKEMPI_v2.0,2FTL,4.76e-07,E,I,PDB/SKEMPI_v2.0/2FTL.pdb,8.5341781648295,2FTL,2ftl_26,PDB/mutant_pdbs/2ftl/2ftl_26.pdb
I_K15Q,SKEMPI_v2.0,2FTL,4.35e-07,E,I,PDB/SKEMPI_v2.0/2FTL.pdb,8.586980542436672,2FTL,2ftl_27,PDB/mutant_pdbs/2ftl/2ftl_27.pdb
I_K15H,SKEMPI_v2.0,2FTL,1.61e-07,E,I,PDB/SKEMPI_v2.0/2FTL.pdb,9.16965425039491,2FTL,2ftl_28,PDB/mutant_pdbs/2ftl/2ftl_28.pdb
I_K15R,SKEMPI_v2.0,2FTL,2.2e-14,E,I,PDB/SKEMPI_v2.0/2FTL.pdb,18.43545588991043,2FTL,2ftl_29,PDB/mutant_pdbs/2ftl/2ftl_29.pdb
I_K15F,SKEMPI_v2.0,2FTL,8.33e-09,E,I,PDB/SKEMPI_v2.0/2FTL.pdb,10.905784328699617,2FTL,2ftl_30,PDB/mutant_pdbs/2ftl/2ftl_30.pdb
I_K15Y,SKEMPI_v2.0,2FTL,6.25e-09,E,I,PDB/SKEMPI_v2.0/2FTL.pdb,11.074196288342252,2FTL,2ftl_31,PDB/mutant_pdbs/2ftl/2ftl_31.pdb
I_K15W,SKEMPI_v2.0,2FTL,1.32e-07,E,I,PDB/SKEMPI_v2.0/2FTL.pdb,9.286080018091345,2FTL,2ftl_32,PDB/mutant_pdbs/2ftl/2ftl_32.pdb
B_E31A,SKEMPI_v2.0,2G2U,3.39e-06,A,B,PDB/SKEMPI_v2.0/2G2U.pdb,7.458404493170527,2G2U,2g2u_1,PDB/mutant_pdbs/2g2u/2g2u_1.pdb
B_S35A,SKEMPI_v2.0,2G2U,2.27e-07,A,B,PDB/SKEMPI_v2.0/2G2U.pdb,9.059461747248891,2G2U,2g2u_2,PDB/mutant_pdbs/2g2u/2g2u_2.pdb
B_F36A,SKEMPI_v2.0,2G2U,0.00012,A,B,PDB/SKEMPI_v2.0/2G2U.pdb,5.34627419611258,2G2U,2g2u_3,PDB/mutant_pdbs/2g2u/2g2u_3.pdb
B_S39A,SKEMPI_v2.0,2G2U,2.25e-07,A,B,PDB/SKEMPI_v2.0/2G2U.pdb,9.064702373212285,2G2U,2g2u_4,PDB/mutant_pdbs/2g2u/2g2u_4.pdb
B_H41A,SKEMPI_v2.0,2G2U,2.05e-05,A,B,PDB/SKEMPI_v2.0/2G2U.pdb,6.392707985390978,2G2U,2g2u_5,PDB/mutant_pdbs/2g2u/2g2u_5.pdb
B_G48A,SKEMPI_v2.0,2G2U,5.5e-07,A,B,PDB/SKEMPI_v2.0/2G2U.pdb,8.53539516368753,2G2U,2g2u_6,PDB/mutant_pdbs/2g2u/2g2u_6.pdb
B_Y50A,SKEMPI_v2.0,2G2U,3.4e-08,A,B,PDB/SKEMPI_v2.0/2G2U.pdb,10.18378151468737,2G2U,2g2u_7,PDB/mutant_pdbs/2g2u/2g2u_7.pdb
B_Y51A,SKEMPI_v2.0,2G2U,3.91e-07,A,B,PDB/SKEMPI_v2.0/2G2U.pdb,8.737455670617575,2G2U,2g2u_8,PDB/mutant_pdbs/2g2u/2g2u_8.pdb
B_Y53A,SKEMPI_v2.0,2G2U,5.5e-05,A,B,PDB/SKEMPI_v2.0/2G2U.pdb,5.808273849689898,2G2U,2g2u_9,PDB/mutant_pdbs/2g2u/2g2u_9.pdb
B_S71A,SKEMPI_v2.0,2G2U,4.76e-07,A,B,PDB/SKEMPI_v2.0/2G2U.pdb,8.62096641735319,2G2U,2g2u_10,PDB/mutant_pdbs/2g2u/2g2u_10.pdb
B_E73A,SKEMPI_v2.0,2G2U,4e-08,A,B,PDB/SKEMPI_v2.0/2G2U.pdb,10.08753993866267,2G2U,2g2u_11,PDB/mutant_pdbs/2g2u/2g2u_11.pdb
B_K74A,SKEMPI_v2.0,2G2U,7.83e-07,A,B,PDB/SKEMPI_v2.0/2G2U.pdb,8.326226223519564,2G2U,2g2u_12,PDB/mutant_pdbs/2g2u/2g2u_12.pdb
B_W112A,SKEMPI_v2.0,2G2U,5.7e-06,A,B,PDB/SKEMPI_v2.0/2G2U.pdb,7.150682727183228,2G2U,2g2u_13,PDB/mutant_pdbs/2g2u/2g2u_13.pdb
B_S113A,SKEMPI_v2.0,2G2U,4.02e-07,A,B,PDB/SKEMPI_v2.0/2G2U.pdb,8.72102572507205,2G2U,2g2u_14,PDB/mutant_pdbs/2g2u/2g2u_14.pdb
B_G141A,SKEMPI_v2.0,2G2U,5.62e-07,A,B,PDB/SKEMPI_v2.0/2G2U.pdb,8.52261365595849,2G2U,2g2u_15,PDB/mutant_pdbs/2g2u/2g2u_15.pdb
B_F142A,SKEMPI_v2.0,2G2U,1.8e-06,A,B,PDB/SKEMPI_v2.0/2G2U.pdb,7.833284397220498,2G2U,2g2u_16,PDB/mutant_pdbs/2g2u/2g2u_16.pdb
B_Y143A,SKEMPI_v2.0,2G2U,5e-08,A,B,PDB/SKEMPI_v2.0/2G2U.pdb,9.95539725765564,2G2U,2g2u_17,PDB/mutant_pdbs/2g2u/2g2u_17.pdb
B_R144A,SKEMPI_v2.0,2G2U,6.34e-07,A,B,PDB/SKEMPI_v2.0/2G2U.pdb,8.451227243542803,2G2U,2g2u_18,PDB/mutant_pdbs/2g2u/2g2u_18.pdb
B_H148A,SKEMPI_v2.0,2G2U,7.47e-06,A,B,PDB/SKEMPI_v2.0/2G2U.pdb,6.9905383284108895,2G2U,2g2u_19,PDB/mutant_pdbs/2g2u/2g2u_19.pdb
B_W150A,SKEMPI_v2.0,2G2U,2.3e-05,A,B,PDB/SKEMPI_v2.0/2G2U.pdb,6.32456543925917,2G2U,2g2u_20,PDB/mutant_pdbs/2g2u/2g2u_20.pdb
B_R160A,SKEMPI_v2.0,2G2U,3.5e-06,A,B,PDB/SKEMPI_v2.0/2G2U.pdb,7.439494161986572,2G2U,2g2u_21,PDB/mutant_pdbs/2g2u/2g2u_21.pdb
B_W162A,SKEMPI_v2.0,2G2U,2.77e-06,A,B,PDB/SKEMPI_v2.0/2G2U.pdb,7.578015937378693,2G2U,2g2u_22,PDB/mutant_pdbs/2g2u/2g2u_22.pdb
"B_E73A, B_Y50A",SKEMPI_v2.0,2G2U,1.8e-08,A,B,PDB/SKEMPI_v2.0/2G2U.pdb,10.560405711218129,2G2U,2g2u_23,PDB/mutant_pdbs/2g2u/2g2u_23.pdb
"B_Y143A, B_Y50A",SKEMPI_v2.0,2G2U,3.4e-08,A,B,PDB/SKEMPI_v2.0/2G2U.pdb,10.18378151468737,2G2U,2g2u_24,PDB/mutant_pdbs/2g2u/2g2u_24.pdb
"B_E73A, B_Y143A",SKEMPI_v2.0,2G2U,5.1e-08,A,B,PDB/SKEMPI_v2.0/2G2U.pdb,9.943670401797657,2G2U,2g2u_25,PDB/mutant_pdbs/2g2u/2g2u_25.pdb
"B_W112A, B_Y143A",SKEMPI_v2.0,2G2U,5.66e-07,A,B,PDB/SKEMPI_v2.0/2G2U.pdb,8.518413731481129,2G2U,2g2u_26,PDB/mutant_pdbs/2g2u/2g2u_26.pdb
"B_W150A, B_Y143A",SKEMPI_v2.0,2G2U,6e-06,A,B,PDB/SKEMPI_v2.0/2G2U.pdb,7.120307511775325,2G2U,2g2u_27,PDB/mutant_pdbs/2g2u/2g2u_27.pdb
"B_E73M, B_F142W, B_Y143F",SKEMPI_v2.0,2G2U,2.65e-07,A,B,PDB/SKEMPI_v2.0/2G2U.pdb,8.9678031770544,2G2U,2g2u_28,PDB/mutant_pdbs/2g2u/2g2u_28.pdb
"B_E73M, B_F142W, B_S130K, B_S146M, B_Y143F",SKEMPI_v2.0,2G2U,1.22e-08,A,B,PDB/SKEMPI_v2.0/2G2U.pdb,10.79072838853736,2G2U,2g2u_29,PDB/mutant_pdbs/2g2u/2g2u_29.pdb
"B_E73M, B_F142W, B_S130K, B_Y143F",SKEMPI_v2.0,2G2U,5.72e-08,A,B,PDB/SKEMPI_v2.0/2G2U.pdb,9.875729829361216,2G2U,2g2u_30,PDB/mutant_pdbs/2g2u/2g2u_30.pdb
"B_E73M, B_Y143F",SKEMPI_v2.0,2G2U,1.17e-07,A,B,PDB/SKEMPI_v2.0/2G2U.pdb,9.451949040551085,2G2U,2g2u_31,PDB/mutant_pdbs/2g2u/2g2u_31.pdb
B_E73M,SKEMPI_v2.0,2G2U,4.4e-09,A,B,PDB/SKEMPI_v2.0/2G2U.pdb,11.39465915869219,2G2U,2g2u_32,PDB/mutant_pdbs/2g2u/2g2u_32.pdb
B_S130K,SKEMPI_v2.0,2G2U,1.44e-07,A,B,PDB/SKEMPI_v2.0/2G2U.pdb,9.328987735226344,2G2U,2g2u_33,PDB/mutant_pdbs/2g2u/2g2u_33.pdb
"B_E73M, B_S130K",SKEMPI_v2.0,2G2U,1.5e-08,A,B,PDB/SKEMPI_v2.0/2G2U.pdb,10.668374143100813,2G2U,2g2u_34,PDB/mutant_pdbs/2g2u/2g2u_34.pdb
"B_E73M, B_S130K, B_S146M",SKEMPI_v2.0,2G2U,4.6e-09,A,B,PDB/SKEMPI_v2.0/2G2U.pdb,11.368335408590504,2G2U,2g2u_35,PDB/mutant_pdbs/2g2u/2g2u_35.pdb
A_D79K,SKEMPI_v2.0,2G2U,5.82e-07,A,B,PDB/SKEMPI_v2.0/2G2U.pdb,8.501905711489014,2G2U,2g2u_36,PDB/mutant_pdbs/2g2u/2g2u_36.pdb
A_D79A,SKEMPI_v2.0,2G2U,1.33e-07,A,B,PDB/SKEMPI_v2.0/2G2U.pdb,9.407508613574532,2G2U,2g2u_37,PDB/mutant_pdbs/2g2u/2g2u_37.pdb
A_D79E,SKEMPI_v2.0,2G2U,1.1e-09,A,B,PDB/SKEMPI_v2.0/2G2U.pdb,12.256596437348973,2G2U,2g2u_38,PDB/mutant_pdbs/2g2u/2g2u_38.pdb
A_D79K,SKEMPI_v2.0,2G2U,5.8e-07,A,B,PDB/SKEMPI_v2.0/2G2U.pdb,8.532480948096662,2G2U,2g2u_39,PDB/mutant_pdbs/2g2u/2g2u_39.pdb
B_E73M,SKEMPI_v2.0,2G2U,2.8e-08,A,B,PDB/SKEMPI_v2.0/2G2U.pdb,10.333317748122075,2G2U,2g2u_40,PDB/mutant_pdbs/2g2u/2g2u_40.pdb
"B_E73M, B_K74A",SKEMPI_v2.0,2G2U,4e-06,A,B,PDB/SKEMPI_v2.0/2G2U.pdb,7.385118016022973,2G2U,2g2u_41,PDB/mutant_pdbs/2g2u/2g2u_41.pdb
"B_E73M, B_F142A",SKEMPI_v2.0,2G2U,3.1e-06,A,B,PDB/SKEMPI_v2.0/2G2U.pdb,7.536568382246076,2G2U,2g2u_42,PDB/mutant_pdbs/2g2u/2g2u_42.pdb
"B_E73M, B_F142A, B_K74A",SKEMPI_v2.0,2G2U,2.2e-05,A,B,PDB/SKEMPI_v2.0/2G2U.pdb,6.372200898049986,2G2U,2g2u_43,PDB/mutant_pdbs/2g2u/2g2u_43.pdb
"A_D79A, B_E73M",SKEMPI_v2.0,2G2U,4.8e-08,A,B,PDB/SKEMPI_v2.0/2G2U.pdb,10.01306000176918,2G2U,2g2u_44,PDB/mutant_pdbs/2g2u/2g2u_44.pdb
"A_D79A, B_E73M, B_K74A",SKEMPI_v2.0,2G2U,1.3e-07,A,B,PDB/SKEMPI_v2.0/2G2U.pdb,9.421064503594652,2G2U,2g2u_45,PDB/mutant_pdbs/2g2u/2g2u_45.pdb
"A_D79A, B_E73M, B_F142A",SKEMPI_v2.0,2G2U,5.6e-07,A,B,PDB/SKEMPI_v2.0/2G2U.pdb,8.553331300527576,2G2U,2g2u_46,PDB/mutant_pdbs/2g2u/2g2u_46.pdb
"A_D79A, B_E73M, B_F142A, B_K74A",SKEMPI_v2.0,2G2U,3.4e-07,A,B,PDB/SKEMPI_v2.0/2G2U.pdb,8.849818914257979,2G2U,2g2u_47,PDB/mutant_pdbs/2g2u/2g2u_47.pdb
A_K79D,SKEMPI_v2.0,2G2W,1.25e-06,A,B,PDB/SKEMPI_v2.0/2G2W.pdb,8.049221260985867,2G2W,2g2w_1,PDB/mutant_pdbs/2g2w/2g2w_1.pdb
B_R31A,SKEMPI_v2.0,2GOX,6.21e-08,A,B,PDB/SKEMPI_v2.0/2GOX.pdb,9.827056752593508,2GOX,2gox_1,PDB/mutant_pdbs/2gox/2gox_1.pdb
B_N38A,SKEMPI_v2.0,2GOX,1.98e-08,A,B,PDB/SKEMPI_v2.0/2GOX.pdb,10.503964274248837,2GOX,2gox_2,PDB/mutant_pdbs/2gox/2gox_2.pdb
A_A49D,SKEMPI_v2.0,2GYK,1.62e-14,A,B,PDB/SKEMPI_v2.0/2GYK.pdb,18.804162767102557,2GYK,2gyk_1,PDB/mutant_pdbs/2gyk/2gyk_1.pdb
A_K141Q,SKEMPI_v2.0,2HLE,2e-08,A,B,PDB/SKEMPI_v2.0/2HLE.pdb,10.498012597326598,2HLE,2hle_1,PDB/mutant_pdbs/2hle/2hle_1.pdb
A_L87R,SKEMPI_v2.0,2HLE,1.9e-06,A,B,PDB/SKEMPI_v2.0/2HLE.pdb,7.8012664987368705,2HLE,2hle_2,PDB/mutant_pdbs/2hle/2hle_2.pdb
B_T55V,SKEMPI_v2.0,2HRK,1.52e-07,A,B,PDB/SKEMPI_v2.0/2HRK.pdb,9.296969836742715,2HRK,2hrk_1,PDB/mutant_pdbs/2hrk/2hrk_1.pdb
A_T108V,SKEMPI_v2.0,2HRK,1.79e-07,A,B,PDB/SKEMPI_v2.0/2HRK.pdb,9.200144153944626,2HRK,2hrk_2,PDB/mutant_pdbs/2hrk/2hrk_2.pdb
A_K140A,SKEMPI_v2.0,2HRK,2.65e-07,A,B,PDB/SKEMPI_v2.0/2HRK.pdb,8.9678031770544,2HRK,2hrk_3,PDB/mutant_pdbs/2hrk/2hrk_3.pdb
N_A29V,SKEMPI_v2.0,2I26,1e-08,N,L,PDB/SKEMPI_v2.0/2I26.pdb,10.908485255990529,2I26,2i26_1,PDB/mutant_pdbs/2i26/2i26_1.pdb
N_S60R,SKEMPI_v2.0,2I26,3.3e-09,N,L,PDB/SKEMPI_v2.0/2I26.pdb,11.565020704466408,2I26,2i26_2,PDB/mutant_pdbs/2i26/2i26_2.pdb
D_V4A,SKEMPI_v2.0,2J0T,4e-10,A,D,PDB/SKEMPI_v2.0/2J0T.pdb,12.8146612526603,2J0T,2j0t_1,PDB/mutant_pdbs/2j0t/2j0t_1.pdb
D_V4I,SKEMPI_v2.0,2J0T,6.4e-09,A,D,PDB/SKEMPI_v2.0/2J0T.pdb,11.172770618004586,2J0T,2j0t_2,PDB/mutant_pdbs/2j0t/2j0t_2.pdb
D_V4K,SKEMPI_v2.0,2J0T,8.7e-09,A,D,PDB/SKEMPI_v2.0/2J0T.pdb,10.990954423625663,2J0T,2j0t_3,PDB/mutant_pdbs/2j0t/2j0t_3.pdb
D_V4S,SKEMPI_v2.0,2J0T,2.1e-09,A,D,PDB/SKEMPI_v2.0/2J0T.pdb,11.832680359764266,2J0T,2j0t_4,PDB/mutant_pdbs/2j0t/2j0t_4.pdb
D_S68A,SKEMPI_v2.0,2J0T,1.4e-08,A,D,PDB/SKEMPI_v2.0/2J0T.pdb,10.709230815655163,2J0T,2j0t_5,PDB/mutant_pdbs/2j0t/2j0t_5.pdb
D_S68E,SKEMPI_v2.0,2J0T,1.6e-08,A,D,PDB/SKEMPI_v2.0/2J0T.pdb,10.630155278333627,2J0T,2j0t_6,PDB/mutant_pdbs/2j0t/2j0t_6.pdb
D_S68R,SKEMPI_v2.0,2J0T,4.8e-08,A,D,PDB/SKEMPI_v2.0/2J0T.pdb,9.979571506779987,2J0T,2j0t_7,PDB/mutant_pdbs/2j0t/2j0t_7.pdb
D_S68Y,SKEMPI_v2.0,2J0T,6.1e-08,A,D,PDB/SKEMPI_v2.0/2J0T.pdb,9.837640390202473,2J0T,2j0t_8,PDB/mutant_pdbs/2j0t/2j0t_8.pdb
D_T2L,SKEMPI_v2.0,2J0T,3.7e-08,A,D,PDB/SKEMPI_v2.0/2J0T.pdb,10.133707739813877,2J0T,2j0t_9,PDB/mutant_pdbs/2j0t/2j0t_9.pdb
"D_T2L, D_V4S",SKEMPI_v2.0,2J0T,1.4e-07,A,D,PDB/SKEMPI_v2.0/2J0T.pdb,9.345670158656347,2J0T,2j0t_10,PDB/mutant_pdbs/2j0t/2j0t_10.pdb
"D_S68A, D_T2L, D_V4S",SKEMPI_v2.0,2J0T,3e-06,A,D,PDB/SKEMPI_v2.0/2J0T.pdb,7.530780170439253,2J0T,2j0t_11,PDB/mutant_pdbs/2j0t/2j0t_11.pdb
D_T2R,SKEMPI_v2.0,2J0T,2e-06,A,D,PDB/SKEMPI_v2.0/2J0T.pdb,7.770891283328966,2J0T,2j0t_12,PDB/mutant_pdbs/2j0t/2j0t_12.pdb
D_T2S,SKEMPI_v2.0,2J0T,5.9e-09,A,D,PDB/SKEMPI_v2.0/2J0T.pdb,11.220942437545723,2J0T,2j0t_13,PDB/mutant_pdbs/2j0t/2j0t_13.pdb
"D_T2S, D_V4A",SKEMPI_v2.0,2J0T,3.3e-09,A,D,PDB/SKEMPI_v2.0/2J0T.pdb,11.565020704466408,2J0T,2j0t_14,PDB/mutant_pdbs/2j0t/2j0t_14.pdb
"D_S68Y, D_T2S, D_V4A",SKEMPI_v2.0,2J0T,1.5e-08,A,D,PDB/SKEMPI_v2.0/2J0T.pdb,10.668374143100813,2J0T,2j0t_15,PDB/mutant_pdbs/2j0t/2j0t_15.pdb
"D_C1S, D_F12Y",SKEMPI_v2.0,2J0T,1.8e-06,A,D,PDB/SKEMPI_v2.0/2J0T.pdb,8.01728772198742,2J0T,2j0t_16,PDB/mutant_pdbs/2j0t/2j0t_16.pdb
D_T2A,SKEMPI_v2.0,2J0T,2.09e-06,A,D,PDB/SKEMPI_v2.0/2J0T.pdb,7.9267504826815784,2J0T,2j0t_17,PDB/mutant_pdbs/2j0t/2j0t_17.pdb
D_M66A,SKEMPI_v2.0,2J0T,2.4e-08,A,D,PDB/SKEMPI_v2.0/2J0T.pdb,10.63410560557179,2J0T,2j0t_18,PDB/mutant_pdbs/2j0t/2j0t_18.pdb
D_V69I,SKEMPI_v2.0,2J0T,5.7e-09,A,D,PDB/SKEMPI_v2.0/2J0T.pdb,11.505423600485909,2J0T,2j0t_19,PDB/mutant_pdbs/2j0t/2j0t_19.pdb
D_V69T,SKEMPI_v2.0,2J0T,1.32e-08,A,D,PDB/SKEMPI_v2.0/2J0T.pdb,10.996452996903548,2J0T,2j0t_20,PDB/mutant_pdbs/2j0t/2j0t_20.pdb
"D_A103V, D_V69A",SKEMPI_v2.0,2J0T,4.9e-09,A,D,PDB/SKEMPI_v2.0/2J0T.pdb,11.597084282743404,2J0T,2j0t_21,PDB/mutant_pdbs/2j0t/2j0t_21.pdb
D_C70S,SKEMPI_v2.0,2J0T,2.16e-06,A,D,PDB/SKEMPI_v2.0/2J0T.pdb,7.906783118886016,2J0T,2j0t_22,PDB/mutant_pdbs/2j0t/2j0t_22.pdb
A_S116A,SKEMPI_v2.0,2J12,1e-07,A,B,PDB/SKEMPI_v2.0/2J12.pdb,9.544924598991711,2J12,2j12_1,PDB/mutant_pdbs/2j12/2j12_1.pdb
C_R155A,SKEMPI_v2.0,2J1K,1.2e-09,C,T,PDB/SKEMPI_v2.0/2J1K.pdb,12.16407748110666,2J1K,2j1k_1,PDB/mutant_pdbs/2j1k/2j1k_1.pdb
C_G10D,SKEMPI_v2.0,2J1K,1.5e-09,C,T,PDB/SKEMPI_v2.0/2J1K.pdb,12.03193480009963,2J1K,2j1k_2,PDB/mutant_pdbs/2j1k/2j1k_2.pdb
C_R24A,SKEMPI_v2.0,2J1K,4e-09,C,T,PDB/SKEMPI_v2.0/2J1K.pdb,11.451100595661485,2J1K,2j1k_3,PDB/mutant_pdbs/2j1k/2j1k_3.pdb
A_A66K,SKEMPI_v2.0,2J8U,9.3e-06,"A, B, C","E, F",PDB/SKEMPI_v2.0/2J8U.pdb,6.8607786963705415,2J8U,2j8u_1,PDB/mutant_pdbs/2j8u/2j8u_1.pdb
A_A167W,SKEMPI_v2.0,2JCC,9.3e-06,"A, B, C","E, F",PDB/SKEMPI_v2.0/2JCC.pdb,6.8607786963705415,2JCC,2jcc_1,PDB/mutant_pdbs/2jcc/2jcc_1.pdb
P_F2Y,SKEMPI_v2.0,2JEL,3e-09,"H, L",P,PDB/SKEMPI_v2.0/2JEL.pdb,11.621462141435702,2JEL,2jel_1,PDB/mutant_pdbs/2jel/2jel_1.pdb
P_F2W,SKEMPI_v2.0,2JEL,2.5e-07,"H, L",P,PDB/SKEMPI_v2.0/2JEL.pdb,9.002309259320754,2JEL,2jel_2,PDB/mutant_pdbs/2jel/2jel_2.pdb
P_Q3K,SKEMPI_v2.0,2JEL,3e-06,"H, L",P,PDB/SKEMPI_v2.0/2JEL.pdb,7.530780170439253,2JEL,2jel_3,PDB/mutant_pdbs/2jel/2jel_3.pdb
P_Q4K,SKEMPI_v2.0,2JEL,3e-08,"H, L",P,PDB/SKEMPI_v2.0/2JEL.pdb,10.257901484436886,2JEL,2jel_4,PDB/mutant_pdbs/2jel/2jel_4.pdb
P_E5D,SKEMPI_v2.0,2JEL,6e-09,"H, L",P,PDB/SKEMPI_v2.0/2JEL.pdb,11.210989482771772,2JEL,2jel_5,PDB/mutant_pdbs/2jel/2jel_5.pdb
P_E5Q,SKEMPI_v2.0,2JEL,1e-08,"H, L",P,PDB/SKEMPI_v2.0/2JEL.pdb,10.908485255990529,2JEL,2jel_6,PDB/mutant_pdbs/2jel/2jel_6.pdb
P_V6F,SKEMPI_v2.0,2JEL,3e-09,"H, L",P,PDB/SKEMPI_v2.0/2JEL.pdb,11.621462141435702,2JEL,2jel_7,PDB/mutant_pdbs/2jel/2jel_7.pdb
P_T7N,SKEMPI_v2.0,2JEL,6e-09,"H, L",P,PDB/SKEMPI_v2.0/2JEL.pdb,11.210989482771772,2JEL,2jel_8,PDB/mutant_pdbs/2jel/2jel_8.pdb
P_T7S,SKEMPI_v2.0,2JEL,3e-09,"H, L",P,PDB/SKEMPI_v2.0/2JEL.pdb,11.621462141435702,2JEL,2jel_9,PDB/mutant_pdbs/2jel/2jel_9.pdb
P_P11E,SKEMPI_v2.0,2JEL,3e-09,"H, L",P,PDB/SKEMPI_v2.0/2JEL.pdb,11.621462141435702,2JEL,2jel_10,PDB/mutant_pdbs/2jel/2jel_10.pdb
P_N12D,SKEMPI_v2.0,2JEL,3e-09,"H, L",P,PDB/SKEMPI_v2.0/2JEL.pdb,11.621462141435702,2JEL,2jel_11,PDB/mutant_pdbs/2jel/2jel_11.pdb
P_R17G,SKEMPI_v2.0,2JEL,3e-09,"H, L",P,PDB/SKEMPI_v2.0/2JEL.pdb,11.621462141435702,2JEL,2jel_12,PDB/mutant_pdbs/2jel/2jel_12.pdb
P_R17K,SKEMPI_v2.0,2JEL,3e-09,"H, L",P,PDB/SKEMPI_v2.0/2JEL.pdb,11.621462141435702,2JEL,2jel_13,PDB/mutant_pdbs/2jel/2jel_13.pdb
P_K24E,SKEMPI_v2.0,2JEL,3e-09,"H, L",P,PDB/SKEMPI_v2.0/2JEL.pdb,11.621462141435702,2JEL,2jel_14,PDB/mutant_pdbs/2jel/2jel_14.pdb
P_K27E,SKEMPI_v2.0,2JEL,3e-09,"H, L",P,PDB/SKEMPI_v2.0/2JEL.pdb,11.621462141435702,2JEL,2jel_15,PDB/mutant_pdbs/2jel/2jel_15.pdb
P_T34N,SKEMPI_v2.0,2JEL,0.0003,"H, L",P,PDB/SKEMPI_v2.0/2JEL.pdb,4.803658856441621,2JEL,2jel_16,PDB/mutant_pdbs/2jel/2jel_16.pdb
P_T34Q,SKEMPI_v2.0,2JEL,3e-09,"H, L",P,PDB/SKEMPI_v2.0/2JEL.pdb,11.621462141435702,2JEL,2jel_17,PDB/mutant_pdbs/2jel/2jel_17.pdb
P_T36Q,SKEMPI_v2.0,2JEL,6e-09,"H, L",P,PDB/SKEMPI_v2.0/2JEL.pdb,11.210989482771772,2JEL,2jel_18,PDB/mutant_pdbs/2jel/2jel_18.pdb
P_N38T,SKEMPI_v2.0,2JEL,3e-09,"H, L",P,PDB/SKEMPI_v2.0/2JEL.pdb,11.621462141435702,2JEL,2jel_19,PDB/mutant_pdbs/2jel/2jel_19.pdb
P_S41C,SKEMPI_v2.0,2JEL,3.75e-08,"H, L",P,PDB/SKEMPI_v2.0/2JEL.pdb,10.125758803429857,2JEL,2jel_20,PDB/mutant_pdbs/2jel/2jel_20.pdb
P_S43C,SKEMPI_v2.0,2JEL,3e-09,"H, L",P,PDB/SKEMPI_v2.0/2JEL.pdb,11.621462141435702,2JEL,2jel_21,PDB/mutant_pdbs/2jel/2jel_21.pdb
P_S46C,SKEMPI_v2.0,2JEL,3e-09,"H, L",P,PDB/SKEMPI_v2.0/2JEL.pdb,11.621462141435702,2JEL,2jel_22,PDB/mutant_pdbs/2jel/2jel_22.pdb
P_Q57E,SKEMPI_v2.0,2JEL,1.5e-09,"H, L",P,PDB/SKEMPI_v2.0/2JEL.pdb,12.03193480009963,2JEL,2jel_23,PDB/mutant_pdbs/2jel/2jel_23.pdb
P_T62N,SKEMPI_v2.0,2JEL,3e-09,"H, L",P,PDB/SKEMPI_v2.0/2JEL.pdb,11.621462141435702,2JEL,2jel_24,PDB/mutant_pdbs/2jel/2jel_24.pdb
P_T62A,SKEMPI_v2.0,2JEL,3e-09,"H, L",P,PDB/SKEMPI_v2.0/2JEL.pdb,11.621462141435702,2JEL,2jel_25,PDB/mutant_pdbs/2jel/2jel_25.pdb
P_S64T,SKEMPI_v2.0,2JEL,3e-06,"H, L",P,PDB/SKEMPI_v2.0/2JEL.pdb,7.530780170439253,2JEL,2jel_26,PDB/mutant_pdbs/2jel/2jel_26.pdb
P_E66K,SKEMPI_v2.0,2JEL,3e-06,"H, L",P,PDB/SKEMPI_v2.0/2JEL.pdb,7.530780170439253,2JEL,2jel_27,PDB/mutant_pdbs/2jel/2jel_27.pdb
P_E68A,SKEMPI_v2.0,2JEL,6e-09,"H, L",P,PDB/SKEMPI_v2.0/2JEL.pdb,11.210989482771772,2JEL,2jel_28,PDB/mutant_pdbs/2jel/2jel_28.pdb
P_D69E,SKEMPI_v2.0,2JEL,1.5e-08,"H, L",P,PDB/SKEMPI_v2.0/2JEL.pdb,10.668374143100813,2JEL,2jel_29,PDB/mutant_pdbs/2jel/2jel_29.pdb
P_E70K,SKEMPI_v2.0,2JEL,3e-06,"H, L",P,PDB/SKEMPI_v2.0/2JEL.pdb,7.530780170439253,2JEL,2jel_30,PDB/mutant_pdbs/2jel/2jel_30.pdb
P_E70A,SKEMPI_v2.0,2JEL,3e-07,"H, L",P,PDB/SKEMPI_v2.0/2JEL.pdb,8.894340827438068,2JEL,2jel_31,PDB/mutant_pdbs/2jel/2jel_31.pdb
P_Q71E,SKEMPI_v2.0,2JEL,3e-07,"H, L",P,PDB/SKEMPI_v2.0/2JEL.pdb,8.894340827438068,2JEL,2jel_32,PDB/mutant_pdbs/2jel/2jel_32.pdb
P_K72R,SKEMPI_v2.0,2JEL,3e-09,"H, L",P,PDB/SKEMPI_v2.0/2JEL.pdb,11.621462141435702,2JEL,2jel_33,PDB/mutant_pdbs/2jel/2jel_33.pdb
P_K72E,SKEMPI_v2.0,2JEL,6e-09,"H, L",P,PDB/SKEMPI_v2.0/2JEL.pdb,11.210989482771772,2JEL,2jel_34,PDB/mutant_pdbs/2jel/2jel_34.pdb
P_E75R,SKEMPI_v2.0,2JEL,3e-07,"H, L",P,PDB/SKEMPI_v2.0/2JEL.pdb,8.894340827438068,2JEL,2jel_35,PDB/mutant_pdbs/2jel/2jel_35.pdb
P_H76D,SKEMPI_v2.0,2JEL,1e-09,"H, L",P,PDB/SKEMPI_v2.0/2JEL.pdb,12.272045912989343,2JEL,2jel_36,PDB/mutant_pdbs/2jel/2jel_36.pdb
P_H76A,SKEMPI_v2.0,2JEL,1.5e-09,"H, L",P,PDB/SKEMPI_v2.0/2JEL.pdb,12.03193480009963,2JEL,2jel_37,PDB/mutant_pdbs/2jel/2jel_37.pdb
P_K79E,SKEMPI_v2.0,2JEL,6e-09,"H, L",P,PDB/SKEMPI_v2.0/2JEL.pdb,11.210989482771772,2JEL,2jel_38,PDB/mutant_pdbs/2jel/2jel_38.pdb
P_A82S,SKEMPI_v2.0,2JEL,3e-09,"H, L",P,PDB/SKEMPI_v2.0/2JEL.pdb,11.621462141435702,2JEL,2jel_39,PDB/mutant_pdbs/2jel/2jel_39.pdb
P_E83A,SKEMPI_v2.0,2JEL,3e-09,"H, L",P,PDB/SKEMPI_v2.0/2JEL.pdb,11.621462141435702,2JEL,2jel_40,PDB/mutant_pdbs/2jel/2jel_40.pdb
P_E85Q,SKEMPI_v2.0,2JEL,3e-09,"H, L",P,PDB/SKEMPI_v2.0/2JEL.pdb,11.621462141435702,2JEL,2jel_41,PDB/mutant_pdbs/2jel/2jel_41.pdb
P_E85D,SKEMPI_v2.0,2JEL,3e-09,"H, L",P,PDB/SKEMPI_v2.0/2JEL.pdb,11.621462141435702,2JEL,2jel_42,PDB/mutant_pdbs/2jel/2jel_42.pdb
P_E85A,SKEMPI_v2.0,2JEL,3e-09,"H, L",P,PDB/SKEMPI_v2.0/2JEL.pdb,11.621462141435702,2JEL,2jel_43,PDB/mutant_pdbs/2jel/2jel_43.pdb
P_E85K,SKEMPI_v2.0,2JEL,3e-09,"H, L",P,PDB/SKEMPI_v2.0/2JEL.pdb,11.621462141435702,2JEL,2jel_44,PDB/mutant_pdbs/2jel/2jel_44.pdb
A_K10D,SKEMPI_v2.0,2KSO,9.1e-06,A,B,PDB/SKEMPI_v2.0/2KSO.pdb,6.873652830990486,2KSO,2kso_1,PDB/mutant_pdbs/2kso/2kso_1.pdb
A_K49D,SKEMPI_v2.0,2KSO,5e-05,A,B,PDB/SKEMPI_v2.0/2KSO.pdb,5.864715286659192,2KSO,2kso_2,PDB/mutant_pdbs/2kso/2kso_2.pdb
A_K49E,SKEMPI_v2.0,2KSO,5e-05,A,B,PDB/SKEMPI_v2.0/2KSO.pdb,5.864715286659192,2KSO,2kso_3,PDB/mutant_pdbs/2kso/2kso_3.pdb
"A_K10D, B_D25K",SKEMPI_v2.0,2KSO,1e-05,A,B,PDB/SKEMPI_v2.0/2KSO.pdb,6.8178032849940795,2KSO,2kso_4,PDB/mutant_pdbs/2kso/2kso_4.pdb
"A_K10E, B_E27K",SKEMPI_v2.0,2KSO,1.54e-05,A,B,PDB/SKEMPI_v2.0/2KSO.pdb,6.562107407689421,2KSO,2kso_5,PDB/mutant_pdbs/2kso/2kso_5.pdb
"A_K49D, B_D36K",SKEMPI_v2.0,2KSO,7e-06,A,B,PDB/SKEMPI_v2.0/2KSO.pdb,7.029021503322643,2KSO,2kso_6,PDB/mutant_pdbs/2kso/2kso_6.pdb
A_R43E,SKEMPI_v2.0,2KSO,1.7e-06,A,B,PDB/SKEMPI_v2.0/2KSO.pdb,7.867132859353668,2KSO,2kso_7,PDB/mutant_pdbs/2kso/2kso_7.pdb
"A_R43E, B_H20R",SKEMPI_v2.0,2KSO,1.3e-06,A,B,PDB/SKEMPI_v2.0/2KSO.pdb,8.025995269660736,2KSO,2kso_8,PDB/mutant_pdbs/2kso/2kso_8.pdb
"A_R43E, B_H20E",SKEMPI_v2.0,2KSO,1.12e-05,A,B,PDB/SKEMPI_v2.0/2KSO.pdb,6.7506915256657445,2KSO,2kso_9,PDB/mutant_pdbs/2kso/2kso_9.pdb
B_H20E,SKEMPI_v2.0,2KSO,4e-06,A,B,PDB/SKEMPI_v2.0/2KSO.pdb,7.360418624665037,2KSO,2kso_10,PDB/mutant_pdbs/2kso/2kso_10.pdb
"B_N31A, B_R24A",SKEMPI_v2.0,2NOJ,4.6e-08,A,B,PDB/SKEMPI_v2.0/2NOJ.pdb,10.00477475159169,2NOJ,2noj_1,PDB/mutant_pdbs/2noj/2noj_1.pdb
I_W13L,SKEMPI_v2.0,2NU0,1.79e-11,E,I,PDB/SKEMPI_v2.0/2NU0.pdb,14.457683603658815,2NU0,2nu0_1,PDB/mutant_pdbs/2nu0/2nu0_1.pdb
I_H13L,SKEMPI_v2.0,2NU1,1.79e-11,E,I,PDB/SKEMPI_v2.0/2NU1.pdb,14.457683603658815,2NU1,2nu1_1,PDB/mutant_pdbs/2nu1/2nu1_1.pdb
I_R13L,SKEMPI_v2.0,2NU2,1.79e-11,E,I,PDB/SKEMPI_v2.0/2NU2.pdb,14.457683603658815,2NU2,2nu2_1,PDB/mutant_pdbs/2nu2/2nu2_1.pdb
I_K13L,SKEMPI_v2.0,2NU4,1.79e-11,E,I,PDB/SKEMPI_v2.0/2NU4.pdb,14.457683603658815,2NU4,2nu4_1,PDB/mutant_pdbs/2nu4/2nu4_1.pdb
"G_C110V, G_C14W, G_C226Q, G_C27I, G_M231A, G_S92T, G_W13M, G_W181S",SKEMPI_v2.0,2NY7,2.18e-08,"H, L",G,PDB/SKEMPI_v2.0/2NY7.pdb,10.446979297205518,2NY7,2ny7_1,PDB/mutant_pdbs/2ny7/2ny7_1.pdb
"G_C110V, G_C14W, G_C226Q, G_C27I, G_M231A, G_W13M",SKEMPI_v2.0,2NY7,7.77e-08,"H, L",G,PDB/SKEMPI_v2.0/2NY7.pdb,9.694342186588797,2NY7,2ny7_2,PDB/mutant_pdbs/2ny7/2ny7_2.pdb
"G_C110V, G_C14W, G_C226Q, G_C27I, G_E103C, G_K66C, G_M231A, G_W13M",SKEMPI_v2.0,2NY7,6.04e-08,"H, L",G,PDB/SKEMPI_v2.0/2NY7.pdb,9.843494014823953,2NY7,2ny7_3,PDB/mutant_pdbs/2ny7/2ny7_3.pdb
"G_C110V, G_C14W, G_M231A, G_W13M",SKEMPI_v2.0,2NY7,2.57e-07,"H, L",G,PDB/SKEMPI_v2.0/2NY7.pdb,8.985955920016515,2NY7,2ny7_4,PDB/mutant_pdbs/2ny7/2ny7_4.pdb
"G_C110V, G_C14W, G_C226Q, G_C27I, G_E102C, G_K66C, G_M231A, G_W13M",SKEMPI_v2.0,2NY7,7.15e-08,"H, L",G,PDB/SKEMPI_v2.0/2NY7.pdb,9.743587148354187,2NY7,2ny7_5,PDB/mutant_pdbs/2ny7/2ny7_5.pdb
"G_C110V, G_C14W, G_C226Q, G_C27I, G_G229C, G_M231A, G_W13M",SKEMPI_v2.0,2NY7,5.23e-08,"H, L",G,PDB/SKEMPI_v2.0/2NY7.pdb,9.928764621063909,2NY7,2ny7_6,PDB/mutant_pdbs/2ny7/2ny7_6.pdb
"G_C226Q, G_C27I, G_M231A",SKEMPI_v2.0,2NY7,5.13e-08,"H, L",G,PDB/SKEMPI_v2.0/2NY7.pdb,9.94019715507239,2NY7,2ny7_7,PDB/mutant_pdbs/2ny7/2ny7_7.pdb
"G_C226Q, G_C27I",SKEMPI_v2.0,2NY7,5.1e-08,"H, L",G,PDB/SKEMPI_v2.0/2NY7.pdb,9.943670401797657,2NY7,2ny7_8,PDB/mutant_pdbs/2ny7/2ny7_8.pdb
"G_C110V, G_C14W, G_E102C, G_K66C, G_M231A, G_W13M",SKEMPI_v2.0,2NY7,9.23e-08,"H, L",G,PDB/SKEMPI_v2.0/2NY7.pdb,9.59237419040326,2NY7,2ny7_9,PDB/mutant_pdbs/2ny7/2ny7_9.pdb
"G_C226Q, G_C27I, G_E102C, G_K66C",SKEMPI_v2.0,2NY7,3.9e-08,"H, L",G,PDB/SKEMPI_v2.0/2NY7.pdb,10.102532812104727,2NY7,2ny7_10,PDB/mutant_pdbs/2ny7/2ny7_10.pdb
"G_G229C, G_M231A",SKEMPI_v2.0,2NY7,1.92e-08,"H, L",G,PDB/SKEMPI_v2.0/2NY7.pdb,10.522186846450943,2NY7,2ny7_11,PDB/mutant_pdbs/2ny7/2ny7_11.pdb
A_S874A,SKEMPI_v2.0,2NYY,8.45e-11,"C, D",A,PDB/SKEMPI_v2.0/2NYY.pdb,13.643158381410672,2NYY,2nyy_1,PDB/mutant_pdbs/2nyy/2nyy_1.pdb
A_K875A,SKEMPI_v2.0,2NYY,2.05e-10,"C, D",A,PDB/SKEMPI_v2.0/2NYY.pdb,13.121850120919385,2NYY,2nyy_2,PDB/mutant_pdbs/2nyy/2nyy_2.pdb
A_Q887A,SKEMPI_v2.0,2NYY,3.03e-10,"C, D",A,PDB/SKEMPI_v2.0/2NYY.pdb,12.892022085823672,2NYY,2nyy_3,PDB/mutant_pdbs/2nyy/2nyy_3.pdb
A_F889A,SKEMPI_v2.0,2NYY,2.55e-10,"C, D",A,PDB/SKEMPI_v2.0/2NYY.pdb,12.993470653825263,2NYY,2nyy_4,PDB/mutant_pdbs/2nyy/2nyy_4.pdb
A_N890A,SKEMPI_v2.0,2NYY,5.68e-10,"C, D",A,PDB/SKEMPI_v2.0/2NYY.pdb,12.522396073459944,2NYY,2nyy_5,PDB/mutant_pdbs/2nyy/2nyy_5.pdb
A_L891A,SKEMPI_v2.0,2NYY,1.02e-08,"C, D",A,PDB/SKEMPI_v2.0/2NYY.pdb,10.823625793420247,2NYY,2nyy_6,PDB/mutant_pdbs/2nyy/2nyy_6.pdb
A_E892A,SKEMPI_v2.0,2NYY,1.56e-08,"C, D",A,PDB/SKEMPI_v2.0/2NYY.pdb,10.573704204448331,2NYY,2nyy_7,PDB/mutant_pdbs/2nyy/2nyy_7.pdb
A_K895A,SKEMPI_v2.0,2NYY,9.85e-11,"C, D",A,PDB/SKEMPI_v2.0/2NYY.pdb,13.552982462018772,2NYY,2nyy_8,PDB/mutant_pdbs/2nyy/2nyy_8.pdb
A_F925A,SKEMPI_v2.0,2NYY,1.24e-07,"C, D",A,PDB/SKEMPI_v2.0/2NYY.pdb,9.354333508455744,2NYY,2nyy_9,PDB/mutant_pdbs/2nyy/2nyy_9.pdb
A_N926A,SKEMPI_v2.0,2NYY,1.48e-10,"C, D",A,PDB/SKEMPI_v2.0/2NYY.pdb,13.313488390841645,2NYY,2nyy_10,PDB/mutant_pdbs/2nyy/2nyy_10.pdb
A_S927A,SKEMPI_v2.0,2NYY,1.25e-10,"C, D",A,PDB/SKEMPI_v2.0/2NYY.pdb,13.412836614558438,2NYY,2nyy_11,PDB/mutant_pdbs/2nyy/2nyy_11.pdb
A_I928A,SKEMPI_v2.0,2NYY,1.23e-10,"C, D",A,PDB/SKEMPI_v2.0/2NYY.pdb,13.422324117990689,2NYY,2nyy_12,PDB/mutant_pdbs/2nyy/2nyy_12.pdb
A_K1028A,SKEMPI_v2.0,2NYY,1.19e-10,"C, D",A,PDB/SKEMPI_v2.0/2NYY.pdb,13.441770929129326,2NYY,2nyy_13,PDB/mutant_pdbs/2nyy/2nyy_13.pdb
A_D1030A,SKEMPI_v2.0,2NYY,1.27e-10,"C, D",A,PDB/SKEMPI_v2.0/2NYY.pdb,13.403499712793925,2NYY,2nyy_14,PDB/mutant_pdbs/2nyy/2nyy_14.pdb
A_R1033A,SKEMPI_v2.0,2NYY,5.04e-10,"C, D",A,PDB/SKEMPI_v2.0/2NYY.pdb,12.59271402067139,2NYY,2nyy_15,PDB/mutant_pdbs/2nyy/2nyy_15.pdb
A_D1034A,SKEMPI_v2.0,2NYY,9.22e-09,"C, D",A,PDB/SKEMPI_v2.0/2NYY.pdb,10.883042712071521,2NYY,2nyy_16,PDB/mutant_pdbs/2nyy/2nyy_16.pdb
A_T1035A,SKEMPI_v2.0,2NYY,2e-09,"C, D",A,PDB/SKEMPI_v2.0/2NYY.pdb,11.781965380135311,2NYY,2nyy_17,PDB/mutant_pdbs/2nyy/2nyy_17.pdb
A_H1036A,SKEMPI_v2.0,2NYY,3.17e-05,"C, D",A,PDB/SKEMPI_v2.0/2NYY.pdb,6.093406919831859,2NYY,2nyy_18,PDB/mutant_pdbs/2nyy/2nyy_18.pdb
A_R1266A,SKEMPI_v2.0,2NYY,2.08e-10,"C, D",A,PDB/SKEMPI_v2.0/2NYY.pdb,13.113304511140047,2NYY,2nyy_19,PDB/mutant_pdbs/2nyy/2nyy_19.pdb
D_M33Q,SKEMPI_v2.0,2NYY,1.4e-10,"C, D",A,PDB/SKEMPI_v2.0/2NYY.pdb,13.34617526972224,2NYY,2nyy_20,PDB/mutant_pdbs/2nyy/2nyy_20.pdb
D_K29R,SKEMPI_v2.0,2NYY,1.75e-10,"C, D",A,PDB/SKEMPI_v2.0/2NYY.pdb,13.214919452346129,2NYY,2nyy_21,PDB/mutant_pdbs/2nyy/2nyy_21.pdb
D_Y30D,SKEMPI_v2.0,2NYY,1.73e-10,"C, D",A,PDB/SKEMPI_v2.0/2NYY.pdb,13.221680589550726,2NYY,2nyy_22,PDB/mutant_pdbs/2nyy/2nyy_22.pdb
D_Y30Q,SKEMPI_v2.0,2NYY,1.93e-10,"C, D",A,PDB/SKEMPI_v2.0/2NYY.pdb,13.15733097315297,2NYY,2nyy_23,PDB/mutant_pdbs/2nyy/2nyy_23.pdb
D_Y56Q,SKEMPI_v2.0,2NYY,3.75e-10,"C, D",A,PDB/SKEMPI_v2.0/2NYY.pdb,12.766619177042069,2NYY,2nyy_24,PDB/mutant_pdbs/2nyy/2nyy_24.pdb
C_S28Q,SKEMPI_v2.0,2NYY,3.13e-10,"C, D",A,PDB/SKEMPI_v2.0/2NYY.pdb,12.87292260074946,2NYY,2nyy_25,PDB/mutant_pdbs/2nyy/2nyy_25.pdb
C_D30Y,SKEMPI_v2.0,2NYY,4.61e-10,"C, D",A,PDB/SKEMPI_v2.0/2NYY.pdb,12.64516976387076,2NYY,2nyy_26,PDB/mutant_pdbs/2nyy/2nyy_26.pdb
C_S31N,SKEMPI_v2.0,2NYY,8.5e-11,"C, D",A,PDB/SKEMPI_v2.0/2NYY.pdb,13.639688091341634,2NYY,2nyy_27,PDB/mutant_pdbs/2nyy/2nyy_27.pdb
C_H34R,SKEMPI_v2.0,2NYY,1.84e-10,"C, D",A,PDB/SKEMPI_v2.0/2NYY.pdb,13.185420724688063,2NYY,2nyy_28,PDB/mutant_pdbs/2nyy/2nyy_28.pdb
D_V36I,SKEMPI_v2.0,2NYY,8.7e-11,"C, D",A,PDB/SKEMPI_v2.0/2NYY.pdb,13.62600811522314,2NYY,2nyy_29,PDB/mutant_pdbs/2nyy/2nyy_29.pdb
D_E5Q,SKEMPI_v2.0,2NYY,8.2e-11,"C, D",A,PDB/SKEMPI_v2.0/2NYY.pdb,13.660823746901277,2NYY,2nyy_30,PDB/mutant_pdbs/2nyy/2nyy_30.pdb
"D_E5Q, D_V36I",SKEMPI_v2.0,2NYY,1.15e-10,"C, D",A,PDB/SKEMPI_v2.0/2NYY.pdb,13.461882715917735,2NYY,2nyy_31,PDB/mutant_pdbs/2nyy/2nyy_31.pdb
"D_D31H, D_K29S, D_S60P, D_Y30D",SKEMPI_v2.0,2NYY,1.36e-10,"C, D",A,PDB/SKEMPI_v2.0/2NYY.pdb,13.363226100111962,2NYY,2nyy_32,PDB/mutant_pdbs/2nyy/2nyy_32.pdb
A_S874A,SKEMPI_v2.0,2NZ9,1.11e-10,"C, D",A,PDB/SKEMPI_v2.0/2NZ9.pdb,13.482706570536838,2NZ9,2nz9_1,PDB/mutant_pdbs/2nz9/2nz9_1.pdb
A_K875A,SKEMPI_v2.0,2NZ9,3.41e-10,"C, D",A,PDB/SKEMPI_v2.0/2NZ9.pdb,12.822524976675322,2NZ9,2nz9_2,PDB/mutant_pdbs/2nz9/2nz9_2.pdb
A_Q887A,SKEMPI_v2.0,2NZ9,1.61e-10,"C, D",A,PDB/SKEMPI_v2.0/2NZ9.pdb,13.263965553705427,2NZ9,2nz9_3,PDB/mutant_pdbs/2nz9/2nz9_3.pdb
A_F889A,SKEMPI_v2.0,2NZ9,1.25e-10,"C, D",A,PDB/SKEMPI_v2.0/2NZ9.pdb,13.412836614558438,2NZ9,2nz9_4,PDB/mutant_pdbs/2nz9/2nz9_4.pdb
A_N890A,SKEMPI_v2.0,2NZ9,5.35e-09,"C, D",A,PDB/SKEMPI_v2.0/2NZ9.pdb,11.20319409405663,2NZ9,2nz9_5,PDB/mutant_pdbs/2nz9/2nz9_5.pdb
A_L891A,SKEMPI_v2.0,2NZ9,6.56e-09,"C, D",A,PDB/SKEMPI_v2.0/2NZ9.pdb,11.083261077890477,2NZ9,2nz9_6,PDB/mutant_pdbs/2nz9/2nz9_6.pdb
A_E892A,SKEMPI_v2.0,2NZ9,1.51e-08,"C, D",A,PDB/SKEMPI_v2.0/2NZ9.pdb,10.59286591381522,2NZ9,2nz9_7,PDB/mutant_pdbs/2nz9/2nz9_7.pdb
A_K895A,SKEMPI_v2.0,2NZ9,8.17e-11,"C, D",A,PDB/SKEMPI_v2.0/2NZ9.pdb,13.662979689915556,2NZ9,2nz9_8,PDB/mutant_pdbs/2nz9/2nz9_8.pdb
A_F925A,SKEMPI_v2.0,2NZ9,3.98e-08,"C, D",A,PDB/SKEMPI_v2.0/2NZ9.pdb,10.02278676789575,2NZ9,2nz9_9,PDB/mutant_pdbs/2nz9/2nz9_9.pdb
A_N926A,SKEMPI_v2.0,2NZ9,1.05e-10,"C, D",A,PDB/SKEMPI_v2.0/2NZ9.pdb,13.515393449417433,2NZ9,2nz9_10,PDB/mutant_pdbs/2nz9/2nz9_10.pdb
A_S927A,SKEMPI_v2.0,2NZ9,1.19e-10,"C, D",A,PDB/SKEMPI_v2.0/2NZ9.pdb,13.441770929129326,2NZ9,2nz9_11,PDB/mutant_pdbs/2nz9/2nz9_11.pdb
A_I928A,SKEMPI_v2.0,2NZ9,1.53e-10,"C, D",A,PDB/SKEMPI_v2.0/2NZ9.pdb,13.293944650896568,2NZ9,2nz9_12,PDB/mutant_pdbs/2nz9/2nz9_12.pdb
A_K1028A,SKEMPI_v2.0,2NZ9,1.34e-10,"C, D",A,PDB/SKEMPI_v2.0/2NZ9.pdb,13.37194051817501,2NZ9,2nz9_13,PDB/mutant_pdbs/2nz9/2nz9_13.pdb
A_D1030A,SKEMPI_v2.0,2NZ9,1.29e-10,"C, D",A,PDB/SKEMPI_v2.0/2NZ9.pdb,13.394308706103157,2NZ9,2nz9_14,PDB/mutant_pdbs/2nz9/2nz9_14.pdb
A_R1033A,SKEMPI_v2.0,2NZ9,2.23e-10,"C, D",A,PDB/SKEMPI_v2.0/2NZ9.pdb,13.07234510597289,2NZ9,2nz9_15,PDB/mutant_pdbs/2nz9/2nz9_15.pdb
A_D1034A,SKEMPI_v2.0,2NZ9,7.26e-09,"C, D",A,PDB/SKEMPI_v2.0/2NZ9.pdb,11.02362267186115,2NZ9,2nz9_16,PDB/mutant_pdbs/2nz9/2nz9_16.pdb
A_T1035A,SKEMPI_v2.0,2NZ9,7.65e-09,"C, D",A,PDB/SKEMPI_v2.0/2NZ9.pdb,10.99284397311544,2NZ9,2nz9_17,PDB/mutant_pdbs/2nz9/2nz9_17.pdb
A_H1036A,SKEMPI_v2.0,2NZ9,4.09e-05,"C, D",A,PDB/SKEMPI_v2.0/2NZ9.pdb,5.943522513325253,2NZ9,2nz9_18,PDB/mutant_pdbs/2nz9/2nz9_18.pdb
A_R1266A,SKEMPI_v2.0,2NZ9,2.64e-10,"C, D",A,PDB/SKEMPI_v2.0/2NZ9.pdb,12.973068176415392,2NZ9,2nz9_19,PDB/mutant_pdbs/2nz9/2nz9_19.pdb
"D_D30Y, D_H31D, D_S29K",SKEMPI_v2.0,2NZ9,1.25e-10,"C, D",A,PDB/SKEMPI_v2.0/2NZ9.pdb,13.412836614558438,2NZ9,2nz9_20,PDB/mutant_pdbs/2nz9/2nz9_20.pdb
B_E24A,SKEMPI_v2.0,2O3B,3.3e-08,A,B,PDB/SKEMPI_v2.0/2O3B.pdb,10.20146004746759,2O3B,2o3b_1,PDB/mutant_pdbs/2o3b/2o3b_1.pdb
B_E24D,SKEMPI_v2.0,2O3B,8.8e-12,A,B,PDB/SKEMPI_v2.0/2O3B.pdb,15.07486847102471,2O3B,2o3b_2,PDB/mutant_pdbs/2o3b/2o3b_2.pdb
B_E24Q,SKEMPI_v2.0,2O3B,2.9e-08,A,B,PDB/SKEMPI_v2.0/2O3B.pdb,10.277977538180489,2O3B,2o3b_3,PDB/mutant_pdbs/2o3b/2o3b_3.pdb
B_Q74A,SKEMPI_v2.0,2O3B,7.5e-10,A,B,PDB/SKEMPI_v2.0/2O3B.pdb,12.442407458763558,2O3B,2o3b_4,PDB/mutant_pdbs/2o3b/2o3b_4.pdb
B_D75E,SKEMPI_v2.0,2O3B,3.1e-08,A,B,PDB/SKEMPI_v2.0/2O3B.pdb,10.238483781921815,2O3B,2o3b_5,PDB/mutant_pdbs/2o3b/2o3b_5.pdb
B_D75N,SKEMPI_v2.0,2O3B,6.8e-08,A,B,PDB/SKEMPI_v2.0/2O3B.pdb,9.773308856023442,2O3B,2o3b_6,PDB/mutant_pdbs/2o3b/2o3b_6.pdb
B_W76A,SKEMPI_v2.0,2O3B,3.1e-09,A,B,PDB/SKEMPI_v2.0/2O3B.pdb,11.602044438920633,2O3B,2o3b_7,PDB/mutant_pdbs/2o3b/2o3b_7.pdb
"B_Q74A, B_W76A",SKEMPI_v2.0,2O3B,5.3e-08,A,B,PDB/SKEMPI_v2.0/2O3B.pdb,9.920891175389286,2O3B,2o3b_8,PDB/mutant_pdbs/2o3b/2o3b_8.pdb
Q_F5R,SKEMPI_v2.0,2OI9,0.0003,"A, Q","B, C",PDB/SKEMPI_v2.0/2OI9.pdb,4.803658856441621,2OI9,2oi9_1,PDB/mutant_pdbs/2oi9/2oi9_1.pdb
C_Y4D,ATLAS,2OL3,2e-05,"A, C","D, E",PDB/ATLAS/2OL3.pdb,6.410555792752799,2OL3_at,2ol3_at_1,PDB/mutant_pdbs/2ol3_at/2ol3_at_1.pdb
A_K7E,SKEMPI_v2.0,2OOB,3.93e-05,A,B,PDB/SKEMPI_v2.0/2OOB.pdb,6.007312988488961,2OOB,2oob_1,PDB/mutant_pdbs/2oob/2oob_1.pdb
"A_A6S, A_K7E",SKEMPI_v2.0,2OOB,6.97e-05,A,B,PDB/SKEMPI_v2.0/2OOB.pdb,5.668004244087822,2OOB,2oob_2,PDB/mutant_pdbs/2oob/2oob_2.pdb
A_A9E,SKEMPI_v2.0,2OOB,0.01,A,B,PDB/SKEMPI_v2.0/2OOB.pdb,2.7271213139976314,2OOB,2oob_3,PDB/mutant_pdbs/2oob/2oob_3.pdb
A_G13S,SKEMPI_v2.0,2OOB,7.9e-05,A,B,PDB/SKEMPI_v2.0/2OOB.pdb,5.59383429865415,2OOB,2oob_4,PDB/mutant_pdbs/2oob/2oob_4.pdb
"A_A9E, A_G13S",SKEMPI_v2.0,2OOB,0.01,A,B,PDB/SKEMPI_v2.0/2OOB.pdb,2.7271213139976314,2OOB,2oob_5,PDB/mutant_pdbs/2oob/2oob_5.pdb
"A_A6S, A_A9E, A_G13S, A_K7E",SKEMPI_v2.0,2OOB,0.01,A,B,PDB/SKEMPI_v2.0/2OOB.pdb,2.7271213139976314,2OOB,2oob_6,PDB/mutant_pdbs/2oob/2oob_6.pdb
"A_I27E, A_I38E",SKEMPI_v2.0,2OOB,8.58e-05,A,B,PDB/SKEMPI_v2.0/2OOB.pdb,5.544936745475056,2OOB,2oob_7,PDB/mutant_pdbs/2oob/2oob_7.pdb
"D_D98G, D_L96T, D_L97S, D_P53F, D_T100S, D_T52P, E_A49S, E_I50V, E_L94V, E_Q51G, E_T52M",SKEMPI_v2.0,2P5E,1.31e-09,"A, B, C","D, E",PDB/SKEMPI_v2.0/2P5E.pdb,12.112139388037868,2P5E,2p5e_1,PDB/mutant_pdbs/2p5e/2p5e_1.pdb
"D_P53S, D_T52Q, D_W54S, E_A49G, E_I50A, E_Q51G",SKEMPI_v2.0,2P5E,8.15e-08,"A, B, C","D, E",PDB/SKEMPI_v2.0/2P5E.pdb,9.666066588387576,2P5E,2p5e_2,PDB/mutant_pdbs/2p5e/2p5e_2.pdb
"D_D98G, D_L96T, D_L97S, D_P53S, D_T100S, D_T52Q, D_W54S, E_A49G, E_I50A, E_L94V, E_Q51G, E_T52I",SKEMPI_v2.0,2P5E,3.24e-05,"A, B, C","D, E",PDB/SKEMPI_v2.0/2P5E.pdb,6.121644195449284,2P5E,2p5e_3,PDB/mutant_pdbs/2p5e/2p5e_3.pdb
"D_D98G, D_L96T, D_L97S, D_P53S, D_T100S, D_T52Q, D_W54S, D_Y32D, E_A49G, E_I50A, E_L94V, E_Q51G, E_T52I",SKEMPI_v2.0,2P5E,2.4e-05,"A, B, C","D, E",PDB/SKEMPI_v2.0/2P5E.pdb,6.2993621944474665,2P5E,2p5e_4,PDB/mutant_pdbs/2p5e/2p5e_4.pdb
D_Y32D,SKEMPI_v2.0,2P5E,1.8e-05,"A, B, C","D, E",PDB/SKEMPI_v2.0/2P5E.pdb,6.469723740221682,2P5E,2p5e_5,PDB/mutant_pdbs/2p5e/2p5e_5.pdb
A_E291Q,SKEMPI_v2.0,2PCB,9.09e-06,A,B,PDB/SKEMPI_v2.0/2PCB.pdb,6.874303943611413,2PCB,2pcb_1,PDB/mutant_pdbs/2pcb/2pcb_1.pdb
A_E32Q,SKEMPI_v2.0,2PCB,2.78e-05,A,B,PDB/SKEMPI_v2.0/2PCB.pdb,6.212321271335123,2PCB,2pcb_2,PDB/mutant_pdbs/2pcb/2pcb_2.pdb
A_E35Q,SKEMPI_v2.0,2PCB,3.13e-05,A,B,PDB/SKEMPI_v2.0/2PCB.pdb,6.142098522517201,2PCB,2pcb_3,PDB/mutant_pdbs/2pcb/2pcb_3.pdb
A_A193F,SKEMPI_v2.0,2PCB,3.45e-05,A,B,PDB/SKEMPI_v2.0/2PCB.pdb,6.084454326369458,2PCB,2pcb_4,PDB/mutant_pdbs/2pcb/2pcb_4.pdb
A_D34N,SKEMPI_v2.0,2PCB,4e-05,A,B,PDB/SKEMPI_v2.0/2PCB.pdb,5.996857967666222,2PCB,2pcb_5,PDB/mutant_pdbs/2pcb/2pcb_5.pdb
A_E290N,SKEMPI_v2.0,2PCB,4.35e-05,A,B,PDB/SKEMPI_v2.0/2PCB.pdb,5.947184454294328,2PCB,2pcb_6,PDB/mutant_pdbs/2pcb/2pcb_6.pdb
A_D34A,SKEMPI_v2.0,2PCC,2.53e-07,A,B,PDB/SKEMPI_v2.0/2PCC.pdb,8.995245316287507,2PCC,2pcc_1,PDB/mutant_pdbs/2pcc/2pcc_1.pdb
A_V197A,SKEMPI_v2.0,2PCC,4e-05,A,B,PDB/SKEMPI_v2.0/2PCC.pdb,5.996857967666222,2PCC,2pcc_2,PDB/mutant_pdbs/2pcc/2pcc_2.pdb
A_E290A,SKEMPI_v2.0,2PCC,0.0405,A,B,PDB/SKEMPI_v2.0/2PCC.pdb,1.8988195434458073,2PCC,2pcc_3,PDB/mutant_pdbs/2pcc/2pcc_3.pdb
B_K92A,SKEMPI_v2.0,2PCC,5.27e-06,A,B,PDB/SKEMPI_v2.0/2PCC.pdb,7.197131385284956,2PCC,2pcc_4,PDB/mutant_pdbs/2pcc/2pcc_4.pdb
"A_D34A, B_K92A",SKEMPI_v2.0,2PCC,1.62e-06,A,B,PDB/SKEMPI_v2.0/2PCC.pdb,7.895677511112029,2PCC,2pcc_5,PDB/mutant_pdbs/2pcc/2pcc_5.pdb
"A_V197A, B_K92A",SKEMPI_v2.0,2PCC,1.45e-05,A,B,PDB/SKEMPI_v2.0/2PCC.pdb,6.597768225847972,2PCC,2pcc_6,PDB/mutant_pdbs/2pcc/2pcc_6.pdb
B_K77A,SKEMPI_v2.0,2PCC,1.92e-06,A,B,PDB/SKEMPI_v2.0/2PCC.pdb,7.795065532453312,2PCC,2pcc_7,PDB/mutant_pdbs/2pcc/2pcc_7.pdb
"A_V197A, B_K77A",SKEMPI_v2.0,2PCC,0.00013,A,B,PDB/SKEMPI_v2.0/2PCC.pdb,5.298873955663106,2PCC,2pcc_8,PDB/mutant_pdbs/2pcc/2pcc_8.pdb
"A_E290A, B_K77A",SKEMPI_v2.0,2PCC,7.39e-06,A,B,PDB/SKEMPI_v2.0/2PCC.pdb,6.9969145608768795,2PCC,2pcc_9,PDB/mutant_pdbs/2pcc/2pcc_9.pdb
B_A86G,SKEMPI_v2.0,2PCC,2.85e-05,A,B,PDB/SKEMPI_v2.0/2PCC.pdb,6.197594728848341,2PCC,2pcc_10,PDB/mutant_pdbs/2pcc/2pcc_10.pdb
"A_D34A, B_A86G",SKEMPI_v2.0,2PCC,9.75e-07,A,B,PDB/SKEMPI_v2.0/2PCC.pdb,8.196356815434953,2PCC,2pcc_11,PDB/mutant_pdbs/2pcc/2pcc_11.pdb
"A_V197A, B_A86G",SKEMPI_v2.0,2PCC,4e-05,A,B,PDB/SKEMPI_v2.0/2PCC.pdb,5.996857967666222,2PCC,2pcc_12,PDB/mutant_pdbs/2pcc/2pcc_12.pdb
"D_Q52T, D_S53P, D_S54W, E_A51I, E_G50A, E_G52Q",SKEMPI_v2.0,2PYE,4.77e-11,"A, B, C","D, E",PDB/SKEMPI_v2.0/2PYE.pdb,14.073966260277265,2PYE,2pye_1,PDB/mutant_pdbs/2pye/2pye_1.pdb
"D_D98G, D_L96T, D_L97S, D_Q52P, D_S53F, D_S54W, D_T100S, E_A51V, E_G50S, E_L95V, E_T53M",SKEMPI_v2.0,2PYE,1.31e-09,"A, B, C","D, E",PDB/SKEMPI_v2.0/2PYE.pdb,12.112139388037868,2PYE,2pye_2,PDB/mutant_pdbs/2pye/2pye_2.pdb
"D_D98G, D_L96T, D_L97S, D_T100S, E_L95V, E_T53I",SKEMPI_v2.0,2PYE,3.24e-05,"A, B, C","D, E",PDB/SKEMPI_v2.0/2PYE.pdb,6.121644195449284,2PYE,2pye_3,PDB/mutant_pdbs/2pye/2pye_3.pdb
"D_D98G, D_L96T, D_L97S, D_T100S, D_Y32D, E_L95V, E_T53I",SKEMPI_v2.0,2PYE,2.4e-05,"A, B, C","D, E",PDB/SKEMPI_v2.0/2PYE.pdb,6.2993621944474665,2PYE,2pye_4,PDB/mutant_pdbs/2pye/2pye_4.pdb
"D_Q52T, D_S53P, D_S54W, D_Y32D, E_A51I, E_G50A, E_G52Q",SKEMPI_v2.0,2PYE,1.8e-05,"A, B, C","D, E",PDB/SKEMPI_v2.0/2PYE.pdb,6.469723740221682,2PYE,2pye_5,PDB/mutant_pdbs/2pye/2pye_5.pdb
"C_H63Q, C_I61K, C_P62A, C_Q64L, C_R57K, C_S67T, C_T59S",SKEMPI_v2.0,2QJ9,7e-10,"A, B",C,PDB/SKEMPI_v2.0/2QJ9.pdb,12.483264131317906,2QJ9,2qj9_1,PDB/mutant_pdbs/2qj9/2qj9_1.pdb
"C_A43T, C_K48G, C_M47L, C_Y49L",SKEMPI_v2.0,2QJ9,1.1e-09,"A, B",C,PDB/SKEMPI_v2.0/2QJ9.pdb,12.215604476020047,2QJ9,2qj9_2,PDB/mutant_pdbs/2qj9/2qj9_2.pdb
"C_A30T, C_A43T, C_D15E, C_G11H, C_I31M, C_K48G, C_M47L, C_Y49L",SKEMPI_v2.0,2QJ9,4.9e-09,"A, B",C,PDB/SKEMPI_v2.0/2QJ9.pdb,11.330921692647657,2QJ9,2qj9_3,PDB/mutant_pdbs/2qj9/2qj9_3.pdb
"C_G48K, C_L47M, C_L49Y, C_T43A",SKEMPI_v2.0,2QJA,2.4e-09,"A, B",C,PDB/SKEMPI_v2.0/2QJA.pdb,11.75360482244273,2QJA,2qja_1,PDB/mutant_pdbs/2qja/2qja_1.pdb
"C_G48K, C_H63Q, C_I61K, C_L47M, C_L49Y, C_P62A, C_Q64L, C_R57K, C_S67T, C_T43A, C_T59S",SKEMPI_v2.0,2QJA,7e-10,"A, B",C,PDB/SKEMPI_v2.0/2QJA.pdb,12.483264131317906,2QJA,2qja_2,PDB/mutant_pdbs/2qja/2qja_2.pdb
"C_A30T, C_D15E, C_G11H, C_I31M",SKEMPI_v2.0,2QJA,4.9e-09,"A, B",C,PDB/SKEMPI_v2.0/2QJA.pdb,11.330921692647657,2QJA,2qja_3,PDB/mutant_pdbs/2qja/2qja_3.pdb
"C_E15D, C_H11G, C_M31I, C_T30A",SKEMPI_v2.0,2QJB,1.1e-09,"A, B",C,PDB/SKEMPI_v2.0/2QJB.pdb,12.215604476020047,2QJB,2qjb_1,PDB/mutant_pdbs/2qjb/2qjb_1.pdb
"C_E15D, C_G48K, C_H11G, C_L47M, C_L49Y, C_M31I, C_T30A, C_T43A",SKEMPI_v2.0,2QJB,2.4e-09,"A, B",C,PDB/SKEMPI_v2.0/2QJB.pdb,11.75360482244273,2QJB,2qjb_2,PDB/mutant_pdbs/2qjb/2qjb_2.pdb
"C_E15D, C_G48K, C_H11G, C_H63Q, C_I61K, C_L47M, C_L49Y, C_M31I, C_P62A, C_Q64L, C_R57K, C_S67T, C_T30A, C_T43A, C_T59S",SKEMPI_v2.0,2QJB,7e-10,"A, B",C,PDB/SKEMPI_v2.0/2QJB.pdb,12.483264131317906,2QJB,2qjb_3,PDB/mutant_pdbs/2qjb/2qjb_3.pdb
A_L70Y,SKEMPI_v2.0,2REX,1.41e-05,A,B,PDB/SKEMPI_v2.0/2REX.pdb,6.614333973704929,2REX,2rex_1,PDB/mutant_pdbs/2rex/2rex_1.pdb
B_Y97F,SKEMPI_v2.0,2REX,5.5e-06,A,B,PDB/SKEMPI_v2.0/2REX.pdb,7.171834506688714,2REX,2rex_2,PDB/mutant_pdbs/2rex/2rex_2.pdb
I_P13L,SKEMPI_v2.0,2SGP,1.79e-11,E,I,PDB/SKEMPI_v2.0/2SGP.pdb,14.457683603658815,2SGP,2sgp_1,PDB/mutant_pdbs/2sgp/2sgp_1.pdb
I_Q13L,SKEMPI_v2.0,2SGQ,1.79e-11,E,I,PDB/SKEMPI_v2.0/2SGQ.pdb,14.457683603658815,2SGQ,2sgq_1,PDB/mutant_pdbs/2sgq/2sgq_1.pdb
I_M67E,SKEMPI_v2.0,2SIC,6.9e-11,E,I,PDB/SKEMPI_v2.0/2SIC.pdb,13.855345609698425,2SIC,2sic_1,PDB/mutant_pdbs/2sic/2sic_1.pdb
I_M67D,SKEMPI_v2.0,2SIC,6.4e-11,E,I,PDB/SKEMPI_v2.0/2SIC.pdb,13.899891932002216,2SIC,2sic_2,PDB/mutant_pdbs/2sic/2sic_2.pdb
I_M67H,SKEMPI_v2.0,2SIC,2.6e-11,E,I,PDB/SKEMPI_v2.0/2SIC.pdb,14.433325895990889,2SIC,2sic_3,PDB/mutant_pdbs/2sic/2sic_3.pdb
I_M67K,SKEMPI_v2.0,2SIC,1.8e-11,E,I,PDB/SKEMPI_v2.0/2SIC.pdb,14.651087682214577,2SIC,2sic_4,PDB/mutant_pdbs/2sic/2sic_4.pdb
I_M67R,SKEMPI_v2.0,2SIC,1.8e-11,E,I,PDB/SKEMPI_v2.0/2SIC.pdb,14.651087682214577,2SIC,2sic_5,PDB/mutant_pdbs/2sic/2sic_5.pdb
I_M67G,SKEMPI_v2.0,2SIC,2.3e-11,E,I,PDB/SKEMPI_v2.0/2SIC.pdb,14.505929381252066,2SIC,2sic_6,PDB/mutant_pdbs/2sic/2sic_6.pdb
I_M67A,SKEMPI_v2.0,2SIC,2.6e-11,E,I,PDB/SKEMPI_v2.0/2SIC.pdb,14.433325895990889,2SIC,2sic_7,PDB/mutant_pdbs/2sic/2sic_7.pdb
I_M67L,SKEMPI_v2.0,2SIC,1.2e-11,E,I,PDB/SKEMPI_v2.0/2SIC.pdb,14.891198795104291,2SIC,2sic_8,PDB/mutant_pdbs/2sic/2sic_8.pdb
I_M67V,SKEMPI_v2.0,2SIC,6e-11,E,I,PDB/SKEMPI_v2.0/2SIC.pdb,13.938110796769402,2SIC,2sic_9,PDB/mutant_pdbs/2sic/2sic_9.pdb
I_M67I,SKEMPI_v2.0,2SIC,2.7e-10,E,I,PDB/SKEMPI_v2.0/2SIC.pdb,13.047415912326048,2SIC,2sic_10,PDB/mutant_pdbs/2sic/2sic_10.pdb
A_A163T,SKEMPI_v2.0,2UWE,9.3e-06,"A, B, C","E, F",PDB/SKEMPI_v2.0/2UWE.pdb,6.8607786963705415,2UWE,2uwe_1,PDB/mutant_pdbs/2uwe/2uwe_1.pdb
C_S115L,SKEMPI_v2.0,2VIR,5e-07,"A, B",C,PDB/SKEMPI_v2.0/2VIR.pdb,8.591836600656825,2VIR,2vir_1,PDB/mutant_pdbs/2vir/2vir_1.pdb
C_T89I,SKEMPI_v2.0,2VIR,4e-06,"A, B",C,PDB/SKEMPI_v2.0/2VIR.pdb,7.360418624665037,2VIR,2vir_2,PDB/mutant_pdbs/2vir/2vir_2.pdb
C_I89T,SKEMPI_v2.0,2VIS,1e-09,"A, B",C,PDB/SKEMPI_v2.0/2VIS.pdb,12.272045912989343,2VIS,2vis_1,PDB/mutant_pdbs/2vis/2vis_1.pdb
D_S31A,ATLAS,2VLJ,1.5e-05,"A, C","D, E",PDB/ATLAS/2VLJ.pdb,6.581003090982941,2VLJ_at,2vlj_at_1,PDB/mutant_pdbs/2vlj_at/2vlj_at_1.pdb
D_S32A,ATLAS,2VLJ,3e-05,"A, C","D, E",PDB/ATLAS/2VLJ.pdb,6.170323818564651,2VLJ_at,2vlj_at_2,PDB/mutant_pdbs/2vlj_at/2vlj_at_2.pdb
D_Q34A,ATLAS,2VLJ,2.7e-05,"A, C","D, E",PDB/ATLAS/2VLJ.pdb,6.232748338385993,2VLJ_at,2vlj_at_3,PDB/mutant_pdbs/2vlj_at/2vlj_at_3.pdb
E_D32A,ATLAS,2VLJ,7.4e-05,"A, C","D, E",PDB/ATLAS/2VLJ.pdb,5.635388287893508,2VLJ_at,2vlj_at_4,PDB/mutant_pdbs/2vlj_at/2vlj_at_4.pdb
E_D32S,ATLAS,2VLJ,0.0002,"A, C","D, E",PDB/ATLAS/2VLJ.pdb,5.046308779718581,2VLJ_at,2vlj_at_5,PDB/mutant_pdbs/2vlj_at/2vlj_at_5.pdb
E_Q52A,ATLAS,2VLJ,0.0002,"A, C","D, E",PDB/ATLAS/2VLJ.pdb,5.046308779718581,2VLJ_at,2vlj_at_6,PDB/mutant_pdbs/2vlj_at/2vlj_at_6.pdb
E_Q52E,ATLAS,2VLJ,0.0002,"A, C","D, E",PDB/ATLAS/2VLJ.pdb,5.046308779718581,2VLJ_at,2vlj_at_7,PDB/mutant_pdbs/2vlj_at/2vlj_at_7.pdb
E_I53A,ATLAS,2VLJ,0.0002,"A, C","D, E",PDB/ATLAS/2VLJ.pdb,5.046308779718581,2VLJ_at,2vlj_at_8,PDB/mutant_pdbs/2vlj_at/2vlj_at_8.pdb
E_I53G,ATLAS,2VLJ,0.0002,"A, C","D, E",PDB/ATLAS/2VLJ.pdb,5.046308779718581,2VLJ_at,2vlj_at_9,PDB/mutant_pdbs/2vlj_at/2vlj_at_9.pdb
E_I53N,ATLAS,2VLJ,0.0002,"A, C","D, E",PDB/ATLAS/2VLJ.pdb,5.046308779718581,2VLJ_at,2vlj_at_10,PDB/mutant_pdbs/2vlj_at/2vlj_at_10.pdb
E_I53V,ATLAS,2VLJ,7.3e-06,"A, C","D, E",PDB/ATLAS/2VLJ.pdb,7.007696445001817,2VLJ_at,2vlj_at_11,PDB/mutant_pdbs/2vlj_at/2vlj_at_11.pdb
E_I53L,ATLAS,2VLJ,5.7e-05,"A, C","D, E",PDB/ATLAS/2VLJ.pdb,5.790035051092222,2VLJ_at,2vlj_at_12,PDB/mutant_pdbs/2vlj_at/2vlj_at_12.pdb
E_N55A,ATLAS,2VLJ,3.5e-05,"A, C","D, E",PDB/ATLAS/2VLJ.pdb,6.0789918607788564,2VLJ_at,2vlj_at_13,PDB/mutant_pdbs/2vlj_at/2vlj_at_13.pdb
E_N55D,ATLAS,2VLJ,1.2e-05,"A, C","D, E",PDB/ATLAS/2VLJ.pdb,6.713212286762289,2VLJ_at,2vlj_at_14,PDB/mutant_pdbs/2vlj_at/2vlj_at_14.pdb
E_D56A,ATLAS,2VLJ,6.5e-06,"A, C","D, E",PDB/ATLAS/2VLJ.pdb,7.076467459549671,2VLJ_at,2vlj_at_15,PDB/mutant_pdbs/2vlj_at/2vlj_at_15.pdb
E_Q58A,ATLAS,2VLJ,1.2e-05,"A, C","D, E",PDB/ATLAS/2VLJ.pdb,6.713212286762289,2VLJ_at,2vlj_at_16,PDB/mutant_pdbs/2vlj_at/2vlj_at_16.pdb
E_Q58E,ATLAS,2VLJ,5.2e-06,"A, C","D, E",PDB/ATLAS/2VLJ.pdb,7.208676655329018,2VLJ_at,2vlj_at_17,PDB/mutant_pdbs/2vlj_at/2vlj_at_17.pdb
E_R98A,ATLAS,2VLJ,0.0002,"A, C","D, E",PDB/ATLAS/2VLJ.pdb,5.046308779718581,2VLJ_at,2vlj_at_18,PDB/mutant_pdbs/2vlj_at/2vlj_at_18.pdb
E_R98H,ATLAS,2VLJ,0.0002,"A, C","D, E",PDB/ATLAS/2VLJ.pdb,5.046308779718581,2VLJ_at,2vlj_at_19,PDB/mutant_pdbs/2vlj_at/2vlj_at_19.pdb
E_Y101A,ATLAS,2VLJ,7.699999999999999e-06,"A, C","D, E",PDB/ATLAS/2VLJ.pdb,6.97608975430621,2VLJ_at,2vlj_at_20,PDB/mutant_pdbs/2vlj_at/2vlj_at_20.pdb
E_Y101F,ATLAS,2VLJ,1.2e-05,"A, C","D, E",PDB/ATLAS/2VLJ.pdb,6.713212286762289,2VLJ_at,2vlj_at_21,PDB/mutant_pdbs/2vlj_at/2vlj_at_21.pdb
B_A75N,SKEMPI_v2.0,2VLN,3.26e-14,A,B,PDB/SKEMPI_v2.0/2VLN.pdb,18.390045870051427,2VLN,2vln_1,PDB/mutant_pdbs/2vln/2vln_1.pdb
B_A95K,SKEMPI_v2.0,2VLO,3.26e-14,A,B,PDB/SKEMPI_v2.0/2VLO.pdb,18.390045870051427,2VLO,2vlo_1,PDB/mutant_pdbs/2vlo/2vlo_1.pdb
B_A54R,SKEMPI_v2.0,2VLP,3.26e-14,A,B,PDB/SKEMPI_v2.0/2VLP.pdb,18.390045870051427,2VLP,2vlp_1,PDB/mutant_pdbs/2vlp/2vlp_1.pdb
B_A86F,SKEMPI_v2.0,2VLQ,3.26e-14,A,B,PDB/SKEMPI_v2.0/2VLQ.pdb,18.390045870051427,2VLQ,2vlq_1,PDB/mutant_pdbs/2vlq/2vlq_1.pdb
E_A95S,SKEMPI_v2.0,2VLR,5.2e-06,"A, B, C","D, E",PDB/SKEMPI_v2.0/2VLR.pdb,7.205049952332879,2VLR,2vlr_1,PDB/mutant_pdbs/2vlr/2vlr_1.pdb
"B_S42A, B_T43F",SKEMPI_v2.0,2VN5,1.54e-09,A,B,PDB/SKEMPI_v2.0/2VN5.pdb,12.419583258358665,2VN5,2vn5_1,PDB/mutant_pdbs/2vn5/2vn5_1.pdb
"A_T35A, B_S42A, B_T43F",SKEMPI_v2.0,2VN5,1.67e-09,A,B,PDB/SKEMPI_v2.0/2VN5.pdb,12.369981263564432,2VN5,2vn5_2,PDB/mutant_pdbs/2vn5/2vn5_2.pdb
"A_N37A, B_S42A, B_T43F",SKEMPI_v2.0,2VN5,7.41e-09,A,B,PDB/SKEMPI_v2.0/2VN5.pdb,11.458009315305487,2VN5,2vn5_3,PDB/mutant_pdbs/2vn5/2vn5_3.pdb
"A_Y39A, B_S42A, B_T43F",SKEMPI_v2.0,2VN5,8.33e-09,A,B,PDB/SKEMPI_v2.0/2VN5.pdb,11.386378214371126,2VN5,2vn5_4,PDB/mutant_pdbs/2vn5/2vn5_4.pdb
"A_S66A, B_S42A, B_T43F",SKEMPI_v2.0,2VN5,8.62e-10,A,B,PDB/SKEMPI_v2.0/2VN5.pdb,12.774750287703686,2VN5,2vn5_5,PDB/mutant_pdbs/2vn5/2vn5_5.pdb
"A_S75A, B_S42A, B_T43F",SKEMPI_v2.0,2VN5,1e-09,A,B,PDB/SKEMPI_v2.0/2VN5.pdb,12.683859534230596,2VN5,2vn5_6,PDB/mutant_pdbs/2vn5/2vn5_6.pdb
"A_L77A, B_S42A, B_T43F",SKEMPI_v2.0,2VN5,2.04e-07,A,B,PDB/SKEMPI_v2.0/2VN5.pdb,9.428856798713753,2VN5,2vn5_7,PDB/mutant_pdbs/2vn5/2vn5_7.pdb
"A_L79A, B_S42A, B_T43F",SKEMPI_v2.0,2VN5,1.22e-07,A,B,PDB/SKEMPI_v2.0/2VN5.pdb,9.743515641992857,2VN5,2vn5_8,PDB/mutant_pdbs/2vn5/2vn5_8.pdb
"A_N81A, B_S42A, B_T43F",SKEMPI_v2.0,2VN5,2.72e-09,A,B,PDB/SKEMPI_v2.0/2VN5.pdb,12.07141387459567,2VN5,2vn5_9,PDB/mutant_pdbs/2vn5/2vn5_9.pdb
"A_I83A, B_S42A, B_T43F",SKEMPI_v2.0,2VN5,4.72e-09,A,B,PDB/SKEMPI_v2.0/2VN5.pdb,11.73406112924244,2VN5,2vn5_10,PDB/mutant_pdbs/2vn5/2vn5_10.pdb
"A_M125G, B_S42A, B_T43F",SKEMPI_v2.0,2VN5,1.36e-08,A,B,PDB/SKEMPI_v2.0/2VN5.pdb,11.086343057524715,2VN5,2vn5_11,PDB/mutant_pdbs/2vn5/2vn5_11.pdb
"A_K127G, B_S42A, B_T43F",SKEMPI_v2.0,2VN5,2.35e-09,A,B,PDB/SKEMPI_v2.0/2VN5.pdb,12.160907018372605,2VN5,2vn5_12,PDB/mutant_pdbs/2vn5/2vn5_12.pdb
"A_N37A, A_T35A, B_S42A, B_T43F",SKEMPI_v2.0,2VN5,1.57e-08,A,B,PDB/SKEMPI_v2.0/2VN5.pdb,10.998456955542384,2VN5,2vn5_13,PDB/mutant_pdbs/2vn5/2vn5_13.pdb
"A_N37A, A_T35A, A_Y39A, B_S42A, B_T43F",SKEMPI_v2.0,2VN5,4.72e-07,A,B,PDB/SKEMPI_v2.0/2VN5.pdb,8.915425677191196,2VN5,2vn5_14,PDB/mutant_pdbs/2vn5/2vn5_14.pdb
"A_N37A, A_N81A, A_T35A, B_S42A, B_T43F",SKEMPI_v2.0,2VN5,1.75e-07,A,B,PDB/SKEMPI_v2.0/2VN5.pdb,9.52270625206708,2VN5,2vn5_15,PDB/mutant_pdbs/2vn5/2vn5_15.pdb
"A_N37A, A_N81A, A_T35A, A_Y39A, B_S42A, B_T43F",SKEMPI_v2.0,2VN5,5e-06,A,B,PDB/SKEMPI_v2.0/2VN5.pdb,7.470835539082773,2VN5,2vn5_16,PDB/mutant_pdbs/2vn5/2vn5_16.pdb
"A_S66A, A_S68A, A_S75A, B_S42A, B_T43F",SKEMPI_v2.0,2VN5,1.26e-09,A,B,PDB/SKEMPI_v2.0/2VN5.pdb,12.54240554582556,2VN5,2vn5_17,PDB/mutant_pdbs/2vn5/2vn5_17.pdb
"A_L77A, A_L79A, B_S42A, B_T43F",SKEMPI_v2.0,2VN5,1.61e-05,A,B,PDB/SKEMPI_v2.0/2VN5.pdb,6.7551052568356456,2VN5,2vn5_18,PDB/mutant_pdbs/2vn5/2vn5_18.pdb
"A_K127A, A_M125G, B_S42A, B_T43F",SKEMPI_v2.0,2VN5,5.21e-08,A,B,PDB/SKEMPI_v2.0/2VN5.pdb,10.264289698075105,2VN5,2vn5_19,PDB/mutant_pdbs/2vn5/2vn5_19.pdb
"B_A14S, B_L15T, B_S42A, B_T43F",SKEMPI_v2.0,2VN5,1.8e-09,A,B,PDB/SKEMPI_v2.0/2VN5.pdb,12.32409946782154,2VN5,2vn5_20,PDB/mutant_pdbs/2vn5/2vn5_20.pdb
"B_A14Q, B_L15Q, B_S42A, B_T43F",SKEMPI_v2.0,2VN5,1.29e-09,A,B,PDB/SKEMPI_v2.0/2VN5.pdb,12.528003495189827,2VN5,2vn5_21,PDB/mutant_pdbs/2vn5/2vn5_21.pdb
"B_A14S, B_L15T",SKEMPI_v2.0,2VN5,8.62e-09,A,B,PDB/SKEMPI_v2.0/2VN5.pdb,11.365432561678064,2VN5,2vn5_22,PDB/mutant_pdbs/2vn5/2vn5_22.pdb
"B_S42Q, B_T43Q",SKEMPI_v2.0,2VN5,4.88e-09,A,B,PDB/SKEMPI_v2.0/2VN5.pdb,11.713657276134771,2VN5,2vn5_23,PDB/mutant_pdbs/2vn5/2vn5_23.pdb
"B_F17A, B_L45A, B_S42A, B_T43F",SKEMPI_v2.0,2VN5,4.35e-06,A,B,PDB/SKEMPI_v2.0/2VN5.pdb,7.556072128450633,2VN5,2vn5_24,PDB/mutant_pdbs/2vn5/2vn5_24.pdb
A_D30L,SKEMPI_v2.0,2WPT,4.8e-11,A,B,PDB/SKEMPI_v2.0/2WPT.pdb,14.070253477776435,2WPT,2wpt_1,PDB/mutant_pdbs/2wpt/2wpt_1.pdb
A_N31V,SKEMPI_v2.0,2WPT,3.3e-09,A,B,PDB/SKEMPI_v2.0/2WPT.pdb,11.565020704466408,2WPT,2wpt_2,PDB/mutant_pdbs/2wpt/2wpt_2.pdb
A_R35T,SKEMPI_v2.0,2WPT,2.6e-09,A,B,PDB/SKEMPI_v2.0/2WPT.pdb,11.706204581993257,2WPT,2wpt_3,PDB/mutant_pdbs/2wpt/2wpt_3.pdb
A_E36H,SKEMPI_v2.0,2WPT,1.6e-08,A,B,PDB/SKEMPI_v2.0/2WPT.pdb,10.630155278333627,2WPT,2wpt_4,PDB/mutant_pdbs/2wpt/2wpt_4.pdb
A_R39E,SKEMPI_v2.0,2WPT,8e-09,A,B,PDB/SKEMPI_v2.0/2WPT.pdb,11.040627936997558,2WPT,2wpt_5,PDB/mutant_pdbs/2wpt/2wpt_5.pdb
"A_N31V, A_R35T",SKEMPI_v2.0,2WPT,1.9e-10,A,B,PDB/SKEMPI_v2.0/2WPT.pdb,13.255509126732134,2WPT,2wpt_6,PDB/mutant_pdbs/2wpt/2wpt_6.pdb
"A_D30L, A_N31V, A_R35T",SKEMPI_v2.0,2WPT,3.4e-13,A,B,PDB/SKEMPI_v2.0/2WPT.pdb,17.00158479968145,2WPT,2wpt_7,PDB/mutant_pdbs/2wpt/2wpt_7.pdb
"A_N31V, A_R35T, A_R39E",SKEMPI_v2.0,2WPT,6.4e-11,A,B,PDB/SKEMPI_v2.0/2WPT.pdb,13.899891932002216,2WPT,2wpt_8,PDB/mutant_pdbs/2wpt/2wpt_8.pdb
"A_E36H, A_N31V, A_R35T, A_R39E",SKEMPI_v2.0,2WPT,9.5e-11,A,B,PDB/SKEMPI_v2.0/2WPT.pdb,13.665981785396063,2WPT,2wpt_9,PDB/mutant_pdbs/2wpt/2wpt_9.pdb
A_E27A,SKEMPI_v2.0,2WPT,2.8e-07,A,B,PDB/SKEMPI_v2.0/2WPT.pdb,8.935197499992418,2WPT,2wpt_10,PDB/mutant_pdbs/2wpt/2wpt_10.pdb
A_D30A,SKEMPI_v2.0,2WPT,1.2e-08,A,B,PDB/SKEMPI_v2.0/2WPT.pdb,10.800516824107843,2WPT,2wpt_11,PDB/mutant_pdbs/2wpt/2wpt_11.pdb
A_N31A,SKEMPI_v2.0,2WPT,7.9e-09,A,B,PDB/SKEMPI_v2.0/2WPT.pdb,11.048076926649413,2WPT,2wpt_12,PDB/mutant_pdbs/2wpt/2wpt_12.pdb
A_V34A,SKEMPI_v2.0,2WPT,9.3e-06,A,B,PDB/SKEMPI_v2.0/2WPT.pdb,6.8607786963705415,2WPT,2wpt_13,PDB/mutant_pdbs/2wpt/2wpt_13.pdb
A_R35A,SKEMPI_v2.0,2WPT,2.3e-09,A,B,PDB/SKEMPI_v2.0/2WPT.pdb,11.778808067254435,2WPT,2wpt_14,PDB/mutant_pdbs/2wpt/2wpt_14.pdb
A_E38A,SKEMPI_v2.0,2WPT,3e-05,A,B,PDB/SKEMPI_v2.0/2WPT.pdb,6.167219513440438,2WPT,2wpt_15,PDB/mutant_pdbs/2wpt/2wpt_15.pdb
A_R39A,SKEMPI_v2.0,2WPT,1e-08,A,B,PDB/SKEMPI_v2.0/2WPT.pdb,10.908485255990529,2WPT,2wpt_16,PDB/mutant_pdbs/2wpt/2wpt_16.pdb
A_S47A,SKEMPI_v2.0,2WPT,9e-07,A,B,PDB/SKEMPI_v2.0/2WPT.pdb,8.243757055884426,2WPT,2wpt_17,PDB/mutant_pdbs/2wpt/2wpt_17.pdb
A_D48A,SKEMPI_v2.0,2WPT,0.0001,A,B,PDB/SKEMPI_v2.0/2WPT.pdb,5.454242627995263,2WPT,2wpt_18,PDB/mutant_pdbs/2wpt/2wpt_18.pdb
A_Y51A,SKEMPI_v2.0,2WPT,0.0001,A,B,PDB/SKEMPI_v2.0/2WPT.pdb,5.454242627995263,2WPT,2wpt_19,PDB/mutant_pdbs/2wpt/2wpt_19.pdb
A_Y52A,SKEMPI_v2.0,2WPT,0.0001,A,B,PDB/SKEMPI_v2.0/2WPT.pdb,5.454242627995263,2WPT,2wpt_20,PDB/mutant_pdbs/2wpt/2wpt_20.pdb
A_P53A,SKEMPI_v2.0,2WPT,2.1e-06,A,B,PDB/SKEMPI_v2.0/2WPT.pdb,7.741998388767817,2WPT,2wpt_21,PDB/mutant_pdbs/2wpt/2wpt_21.pdb
"A_D30A, B_F79A",SKEMPI_v2.0,2WPT,1.2e-07,A,B,PDB/SKEMPI_v2.0/2WPT.pdb,9.436956167109027,2WPT,2wpt_22,PDB/mutant_pdbs/2wpt/2wpt_22.pdb
"A_N31A, B_F79A",SKEMPI_v2.0,2WPT,1.47e-06,A,B,PDB/SKEMPI_v2.0/2WPT.pdb,7.9532166070963815,2WPT,2wpt_23,PDB/mutant_pdbs/2wpt/2wpt_23.pdb
"A_V34A, B_F79A",SKEMPI_v2.0,2WPT,2.87e-05,A,B,PDB/SKEMPI_v2.0/2WPT.pdb,6.193453545055613,2WPT,2wpt_24,PDB/mutant_pdbs/2wpt/2wpt_24.pdb
B_R47A,SKEMPI_v2.0,2WPT,8.82e-08,A,B,PDB/SKEMPI_v2.0/2WPT.pdb,9.619281490876443,2WPT,2wpt_25,PDB/mutant_pdbs/2wpt/2wpt_25.pdb
B_N65A,SKEMPI_v2.0,2WPT,6.12e-08,A,B,PDB/SKEMPI_v2.0/2WPT.pdb,9.835701969914972,2WPT,2wpt_26,PDB/mutant_pdbs/2wpt/2wpt_26.pdb
B_S67A,SKEMPI_v2.0,2WPT,3.1e-09,A,B,PDB/SKEMPI_v2.0/2WPT.pdb,11.602044438920633,2WPT,2wpt_27,PDB/mutant_pdbs/2wpt/2wpt_27.pdb
B_N68A,SKEMPI_v2.0,2WPT,1.05e-07,A,B,PDB/SKEMPI_v2.0/2WPT.pdb,9.516031704430562,2WPT,2wpt_28,PDB/mutant_pdbs/2wpt/2wpt_28.pdb
B_S70A,SKEMPI_v2.0,2WPT,4.63e-09,A,B,PDB/SKEMPI_v2.0/2WPT.pdb,11.364485859590982,2WPT,2wpt_29,PDB/mutant_pdbs/2wpt/2wpt_29.pdb
B_S71A,SKEMPI_v2.0,2WPT,1.01e-08,A,B,PDB/SKEMPI_v2.0/2WPT.pdb,10.90259280071633,2WPT,2wpt_30,PDB/mutant_pdbs/2wpt/2wpt_30.pdb
B_S77A,SKEMPI_v2.0,2WPT,1.11e-08,A,B,PDB/SKEMPI_v2.0/2WPT.pdb,10.84668462525905,2WPT,2wpt_31,PDB/mutant_pdbs/2wpt/2wpt_31.pdb
B_F79A,SKEMPI_v2.0,2WPT,9.37e-08,A,B,PDB/SKEMPI_v2.0/2WPT.pdb,9.583459381007827,2WPT,2wpt_32,PDB/mutant_pdbs/2wpt/2wpt_32.pdb
B_T80A,SKEMPI_v2.0,2WPT,3.16e-08,A,B,PDB/SKEMPI_v2.0/2WPT.pdb,10.227131609321555,2WPT,2wpt_33,PDB/mutant_pdbs/2wpt/2wpt_33.pdb
B_Q85A,SKEMPI_v2.0,2WPT,5.94e-08,A,B,PDB/SKEMPI_v2.0/2WPT.pdb,9.853380502695193,2WPT,2wpt_34,PDB/mutant_pdbs/2wpt/2wpt_34.pdb
B_K90A,SKEMPI_v2.0,2WPT,3.01e-08,A,B,PDB/SKEMPI_v2.0/2WPT.pdb,10.255930810840965,2WPT,2wpt_35,PDB/mutant_pdbs/2wpt/2wpt_35.pdb
B_V91A,SKEMPI_v2.0,2WPT,1.59e-08,A,B,PDB/SKEMPI_v2.0/2WPT.pdb,10.63386806083446,2WPT,2wpt_36,PDB/mutant_pdbs/2wpt/2wpt_36.pdb
"A_A25S, A_D29E, A_D30L, A_D45S, A_D55E, A_D56G, A_E14Q, A_E23D, A_E36H, A_E58D, A_E62S, A_E67T, A_E70Q, A_F15L, A_G24T, A_I68V, A_K17T, A_K18T, A_K66N, A_L40M, A_N31V, A_R21N, A_R35T, A_R39E, A_R54K, A_R57D, A_T26S",SKEMPI_v2.0,2WPT,1.82e-14,A,B,PDB/SKEMPI_v2.0/2WPT.pdb,18.7352260853159,2WPT,2wpt_37,PDB/mutant_pdbs/2wpt/2wpt_37.pdb
"A_A25S, A_E14Q, A_E23D, A_F15L, A_G24T, A_K17T, A_K18T, A_R21N, A_T26S",SKEMPI_v2.0,2WPT,1.31e-08,A,B,PDB/SKEMPI_v2.0/2WPT.pdb,10.74857873103905,2WPT,2wpt_38,PDB/mutant_pdbs/2wpt/2wpt_38.pdb
"A_D29E, A_D30L, A_D45S, A_D55E, A_D56G, A_E36H, A_E58D, A_L40M, A_N31V, A_R35T, A_R39E, A_R54K, A_R57D",SKEMPI_v2.0,2WPT,2.26e-12,A,B,PDB/SKEMPI_v2.0/2WPT.pdb,15.879879548053136,2WPT,2wpt_39,PDB/mutant_pdbs/2wpt/2wpt_39.pdb
"A_D29E, A_D30L, A_E36H, A_L40M, A_N31V, A_R35T, A_R39E",SKEMPI_v2.0,2WPT,3.23e-13,A,B,PDB/SKEMPI_v2.0/2WPT.pdb,17.031960015089354,2WPT,2wpt_40,PDB/mutant_pdbs/2wpt/2wpt_40.pdb
"A_A25S, A_D29E, A_D30L, A_E23D, A_E36H, A_G24T, A_L40M, A_N31V, A_R35T, A_R39E, A_T26S",SKEMPI_v2.0,2WPT,2.01e-13,A,B,PDB/SKEMPI_v2.0/2WPT.pdb,17.312862325728872,2WPT,2wpt_41,PDB/mutant_pdbs/2wpt/2wpt_41.pdb
"A_A25S, A_D29E, A_D30L, A_E23D, A_E36H, A_G24T, A_K17T, A_K18T, A_L40M, A_N31V, A_R21N, A_R35T, A_R39E, A_T26S",SKEMPI_v2.0,2WPT,1.28e-14,A,B,PDB/SKEMPI_v2.0/2WPT.pdb,18.943661901333552,2WPT,2wpt_42,PDB/mutant_pdbs/2wpt/2wpt_42.pdb
"A_A25S, A_D29E, A_D30L, A_E14Q, A_E23D, A_E36H, A_F15L, A_G24T, A_K17T, A_K18T, A_L40M, A_N31V, A_R21N, A_R35T, A_R39E, A_T26S",SKEMPI_v2.0,2WPT,7.6e-15,A,B,PDB/SKEMPI_v2.0/2WPT.pdb,19.252367094398355,2WPT,2wpt_43,PDB/mutant_pdbs/2wpt/2wpt_43.pdb
"A_A25S, A_D29E, A_D30L, A_D45S, A_D55E, A_D56G, A_E14Q, A_E23D, A_E36H, A_E58D, A_F15L, A_G24T, A_K17T, A_K18T, A_L40M, A_N31V, A_R21N, A_R35T, A_R39E, A_R54K, A_R57D, A_T26S",SKEMPI_v2.0,2WPT,2.08e-14,A,B,PDB/SKEMPI_v2.0/2WPT.pdb,18.656150547994365,2WPT,2wpt_44,PDB/mutant_pdbs/2wpt/2wpt_44.pdb
A_D30A,SKEMPI_v2.0,2WPT,7.46e-08,A,B,PDB/SKEMPI_v2.0/2WPT.pdb,9.718452927013518,2WPT,2wpt_45,PDB/mutant_pdbs/2wpt/2wpt_45.pdb
B_F79A,SKEMPI_v2.0,2WPT,7.41e-05,A,B,PDB/SKEMPI_v2.0/2WPT.pdb,5.631753397852254,2WPT,2wpt_46,PDB/mutant_pdbs/2wpt/2wpt_46.pdb
"A_D30A, B_F79A",SKEMPI_v2.0,2WPT,6.21e-07,A,B,PDB/SKEMPI_v2.0/2WPT.pdb,8.46349609559469,2WPT,2wpt_47,PDB/mutant_pdbs/2wpt/2wpt_47.pdb
A_N31A,SKEMPI_v2.0,2WPT,6.49e-07,A,B,PDB/SKEMPI_v2.0/2WPT.pdb,8.437379686578796,2WPT,2wpt_48,PDB/mutant_pdbs/2wpt/2wpt_48.pdb
B_S77A,SKEMPI_v2.0,2WPT,7.09e-07,A,B,PDB/SKEMPI_v2.0/2WPT.pdb,8.38501685967192,2WPT,2wpt_49,PDB/mutant_pdbs/2wpt/2wpt_49.pdb
"A_N31A, B_S77A",SKEMPI_v2.0,2WPT,3.92e-07,A,B,PDB/SKEMPI_v2.0/2WPT.pdb,8.735943059657053,2WPT,2wpt_50,PDB/mutant_pdbs/2wpt/2wpt_50.pdb
A_K248A,SKEMPI_v2.0,3AAA,1.4e-06,"A, B",C,PDB/SKEMPI_v2.0/3AAA.pdb,7.8481814898847535,3AAA,3aaa_1,PDB/mutant_pdbs/3aaa/3aaa_1.pdb
A_K248E,SKEMPI_v2.0,3AAA,7.1e-06,"A, B",C,PDB/SKEMPI_v2.0/3AAA.pdb,6.90282588516836,3AAA,3aaa_2,PDB/mutant_pdbs/3aaa/3aaa_2.pdb
A_R252A,SKEMPI_v2.0,3AAA,3.6e-06,"A, B",C,PDB/SKEMPI_v2.0/3AAA.pdb,7.298267917439848,3AAA,3aaa_3,PDB/mutant_pdbs/3aaa/3aaa_3.pdb
A_R252E,SKEMPI_v2.0,3AAA,1.8e-05,"A, B",C,PDB/SKEMPI_v2.0/3AAA.pdb,6.361171328472996,3AAA,3aaa_4,PDB/mutant_pdbs/3aaa/3aaa_4.pdb
A_R258A,SKEMPI_v2.0,3AAA,9.3e-07,"A, B",C,PDB/SKEMPI_v2.0/3AAA.pdb,8.08634708233967,3AAA,3aaa_5,PDB/mutant_pdbs/3aaa/3aaa_5.pdb
A_R258E,SKEMPI_v2.0,3AAA,8.6e-06,"A, B",C,PDB/SKEMPI_v2.0/3AAA.pdb,6.7912273678399195,3AAA,3aaa_6,PDB/mutant_pdbs/3aaa/3aaa_6.pdb
"A_K248A, A_R258A",SKEMPI_v2.0,3AAA,6.9e-05,"A, B",C,PDB/SKEMPI_v2.0/3AAA.pdb,5.5787806330124825,3AAA,3aaa_7,PDB/mutant_pdbs/3aaa/3aaa_7.pdb
C_W7A,SKEMPI_v2.0,3AAA,6.4e-06,"A, B",C,PDB/SKEMPI_v2.0/3AAA.pdb,6.963261656286525,3AAA,3aaa_8,PDB/mutant_pdbs/3aaa/3aaa_8.pdb
C_D43A,SKEMPI_v2.0,3AAA,0.00012,"A, B",C,PDB/SKEMPI_v2.0/3AAA.pdb,5.256571608929483,3AAA,3aaa_9,PDB/mutant_pdbs/3aaa/3aaa_9.pdb
C_E77A,SKEMPI_v2.0,3AAA,5.8e-07,"A, B",C,PDB/SKEMPI_v2.0/3AAA.pdb,8.36126059462315,3AAA,3aaa_10,PDB/mutant_pdbs/3aaa/3aaa_10.pdb
C_E77R,SKEMPI_v2.0,3AAA,2.1e-05,"A, B",C,PDB/SKEMPI_v2.0/3AAA.pdb,6.2714169644574405,3AAA,3aaa_11,PDB/mutant_pdbs/3aaa/3aaa_11.pdb
C_L16E,SKEMPI_v2.0,3B4V,5.6e-10,"A, B",C,PDB/SKEMPI_v2.0/3B4V.pdb,12.615406812324938,3B4V,3b4v_1,PDB/mutant_pdbs/3b4v/3b4v_1.pdb
C_L49E,SKEMPI_v2.0,3B4V,1.5e-07,"A, B",C,PDB/SKEMPI_v2.0/3B4V.pdb,9.304813486101997,3B4V,3b4v_2,PDB/mutant_pdbs/3b4v/3b4v_2.pdb
C_F52E,SKEMPI_v2.0,3B4V,9.8e-08,"A, B",C,PDB/SKEMPI_v2.0/3B4V.pdb,9.556888376984912,3B4V,3b4v_3,PDB/mutant_pdbs/3b4v/3b4v_3.pdb
C_L53E,SKEMPI_v2.0,3B4V,1.4e-07,"A, B",C,PDB/SKEMPI_v2.0/3B4V.pdb,9.345670158656347,3B4V,3b4v_4,PDB/mutant_pdbs/3b4v/3b4v_4.pdb
C_L49A,SKEMPI_v2.0,3B4V,5.9e-08,"A, B",C,PDB/SKEMPI_v2.0/3B4V.pdb,9.857381780546906,3B4V,3b4v_5,PDB/mutant_pdbs/3b4v/3b4v_5.pdb
C_F52A,SKEMPI_v2.0,3B4V,9.3e-08,"A, B",C,PDB/SKEMPI_v2.0/3B4V.pdb,9.587900010368173,3B4V,3b4v_6,PDB/mutant_pdbs/3b4v/3b4v_6.pdb
C_L53A,SKEMPI_v2.0,3B4V,4.3e-08,"A, B",C,PDB/SKEMPI_v2.0/3B4V.pdb,10.0447125925124,3B4V,3b4v_7,PDB/mutant_pdbs/3b4v/3b4v_7.pdb
"L_D28N, L_P30A, L_R31K, L_S32T, L_T97S, L_T98S, L_Y57F",SKEMPI_v2.0,3BDY,5.8e-08,"H, L",V,PDB/SKEMPI_v2.0/3BDY.pdb,9.867504879516561,3BDY,3bdy_1,PDB/mutant_pdbs/3bdy/3bdy_1.pdb
"H_D103V, H_D32G, H_G101V, H_K31S, H_N56E, H_T55S, L_D28N, L_P30A, L_R31K, L_S32T, L_T97S, L_T98S, L_Y57F",SKEMPI_v2.0,3BDY,3e-09,"H, L",V,PDB/SKEMPI_v2.0/3BDY.pdb,11.621462141435702,3BDY,3bdy_2,PDB/mutant_pdbs/3bdy/3bdy_2.pdb
"L_D28N, L_P30A, L_R31K, L_S32T, L_T97S, L_T98S",SKEMPI_v2.0,3BDY,6e-08,"H, L",V,PDB/SKEMPI_v2.0/3BDY.pdb,10.012654141641628,3BDY,3bdy_3,PDB/mutant_pdbs/3bdy/3bdy_3.pdb
"H_D103V, H_D32G, H_G101V, H_K31S, H_N56E, H_T55S, L_D28N, L_P30A, L_R31K, L_S32T, L_T97S, L_T98S",SKEMPI_v2.0,3BDY,3.3e-09,"H, L",V,PDB/SKEMPI_v2.0/3BDY.pdb,11.759064676017855,3BDY,3bdy_4,PDB/mutant_pdbs/3bdy/3bdy_4.pdb
"H_D103V, H_D32G, H_G101V, H_K31S, H_N56E, H_R51A, H_R60A, H_T55S, L_D28N, L_P30A, L_R31K, L_S32T, L_T97S, L_T98S",SKEMPI_v2.0,3BDY,3e-09,"H, L",V,PDB/SKEMPI_v2.0/3BDY.pdb,11.816453116963146,3BDY,3bdy_5,PDB/mutant_pdbs/3bdy/3bdy_5.pdb
"L_D28N, L_P30A, L_R31K, L_S32T, L_T97S, L_T98S, L_Y57F",SKEMPI_v2.0,3BE1,6e-09,"H, L",A,PDB/SKEMPI_v2.0/3BE1.pdb,11.210989482771772,3BE1,3be1_1,PDB/mutant_pdbs/3be1/3be1_1.pdb
"H_D102V, H_D31G, H_G100V, H_K30S, H_N55E, H_T54S, L_D28N, L_P30A, L_R31K, L_S32T, L_T97S, L_T98S, L_Y57F",SKEMPI_v2.0,3BE1,2e-10,"H, L",A,PDB/SKEMPI_v2.0/3BE1.pdb,13.22513391132423,3BE1,3be1_2,PDB/mutant_pdbs/3be1/3be1_2.pdb
"L_D28N, L_P30A, L_R31K, L_S32T, L_T97S, L_T98S",SKEMPI_v2.0,3BE1,6.4e-09,"H, L",A,PDB/SKEMPI_v2.0/3BE1.pdb,11.360233212266406,3BE1,3be1_3,PDB/mutant_pdbs/3be1/3be1_3.pdb
"H_D102V, H_D31G, H_G100V, H_K30S, H_N55E, H_T54S, L_D28N, L_P30A, L_R31K, L_S32T, L_T97S, L_T98S",SKEMPI_v2.0,3BE1,2e-10,"H, L",A,PDB/SKEMPI_v2.0/3BE1.pdb,13.44703213131289,3BE1,3be1_4,PDB/mutant_pdbs/3be1/3be1_4.pdb
"H_D102V, H_D31G, H_G100V, H_K30S, H_N55E, H_T54S, L_D28N, L_P30A, L_R31K, L_S32T, L_T97S, L_T98S, L_Y36A",SKEMPI_v2.0,3BE1,1e-10,"H, L",A,PDB/SKEMPI_v2.0/3BE1.pdb,13.864391915122187,3BE1,3be1_5,PDB/mutant_pdbs/3be1/3be1_5.pdb
"H_D102V, H_D31G, H_G100V, H_K30S, H_N55E, H_T54S, L_D28N, L_I33A, L_P30A, L_R31K, L_S32T, L_T97S, L_T98S, L_Y36A",SKEMPI_v2.0,3BE1,2e-10,"H, L",A,PDB/SKEMPI_v2.0/3BE1.pdb,13.44703213131289,3BE1,3be1_6,PDB/mutant_pdbs/3be1/3be1_6.pdb
C_L2A,SKEMPI_v2.0,3BK3,2.2e-08,A,C,PDB/SKEMPI_v2.0/3BK3.pdb,10.441571160357304,3BK3,3bk3_1,PDB/mutant_pdbs/3bk3/3bk3_1.pdb
C_L2R,SKEMPI_v2.0,3BK3,2.3e-08,A,C,PDB/SKEMPI_v2.0/3BK3.pdb,10.415247410255619,3BK3,3bk3_2,PDB/mutant_pdbs/3bk3/3bk3_2.pdb
C_I3A,SKEMPI_v2.0,3BK3,1.27e-07,A,C,PDB/SKEMPI_v2.0/3BK3.pdb,9.403381929046084,3BK3,3bk3_3,PDB/mutant_pdbs/3bk3/3bk3_3.pdb
C_I3R,SKEMPI_v2.0,3BK3,6.6e-08,A,C,PDB/SKEMPI_v2.0/3BK3.pdb,9.790987388803662,3BK3,3bk3_4,PDB/mutant_pdbs/3bk3/3bk3_4.pdb
C_T4P,SKEMPI_v2.0,3BK3,5e-08,A,C,PDB/SKEMPI_v2.0/3BK3.pdb,9.95539725765564,3BK3,3bk3_5,PDB/mutant_pdbs/3bk3/3bk3_5.pdb
C_T6P,SKEMPI_v2.0,3BK3,4.17e-07,A,C,PDB/SKEMPI_v2.0/3BK3.pdb,8.69933147244304,3BK3,3bk3_6,PDB/mutant_pdbs/3bk3/3bk3_6.pdb
C_I19A,SKEMPI_v2.0,3BK3,5e-08,A,C,PDB/SKEMPI_v2.0/3BK3.pdb,9.95539725765564,3BK3,3bk3_7,PDB/mutant_pdbs/3bk3/3bk3_7.pdb
C_I19R,SKEMPI_v2.0,3BK3,4.5e-08,A,C,PDB/SKEMPI_v2.0/3BK3.pdb,10.017790371547173,3BK3,3bk3_8,PDB/mutant_pdbs/3bk3/3bk3_8.pdb
C_I22A,SKEMPI_v2.0,3BK3,2e-07,A,C,PDB/SKEMPI_v2.0/3BK3.pdb,9.134451940327782,3BK3,3bk3_9,PDB/mutant_pdbs/3bk3/3bk3_9.pdb
C_I22R,SKEMPI_v2.0,3BK3,7.9e-07,A,C,PDB/SKEMPI_v2.0/3BK3.pdb,8.320955612651781,3BK3,3bk3_10,PDB/mutant_pdbs/3bk3/3bk3_10.pdb
C_I28A,SKEMPI_v2.0,3BK3,1.85e-07,A,C,PDB/SKEMPI_v2.0/3BK3.pdb,9.180619741478989,3BK3,3bk3_11,PDB/mutant_pdbs/3bk3/3bk3_11.pdb
C_I28R,SKEMPI_v2.0,3BK3,1.6e-07,A,C,PDB/SKEMPI_v2.0/3BK3.pdb,9.26659462133481,3BK3,3bk3_12,PDB/mutant_pdbs/3bk3/3bk3_12.pdb
C_A37R,SKEMPI_v2.0,3BK3,2.27e-07,A,C,PDB/SKEMPI_v2.0/3BK3.pdb,9.059461747248891,3BK3,3bk3_13,PDB/mutant_pdbs/3bk3/3bk3_13.pdb
B_Q23A,SKEMPI_v2.0,3BN9,6.1e-12,B,"C, D",PDB/SKEMPI_v2.0/3BN9.pdb,15.291883018197739,3BN9,3bn9_1,PDB/mutant_pdbs/3bn9/3bn9_1.pdb
B_I26A,SKEMPI_v2.0,3BN9,1.23e-11,B,"C, D",PDB/SKEMPI_v2.0/3BN9.pdb,14.876576154165118,3BN9,3bn9_2,PDB/mutant_pdbs/3bn9/3bn9_2.pdb
B_I45A,SKEMPI_v2.0,3BN9,5.04e-11,B,"C, D",PDB/SKEMPI_v2.0/3BN9.pdb,14.041360583215285,3BN9,3bn9_3,PDB/mutant_pdbs/3bn9/3bn9_3.pdb
B_D46A,SKEMPI_v2.0,3BN9,2.51e-11,B,"C, D",PDB/SKEMPI_v2.0/3BN9.pdb,14.454187864739128,3BN9,3bn9_4,PDB/mutant_pdbs/3bn9/3bn9_4.pdb
B_D47A,SKEMPI_v2.0,3BN9,2.08e-11,B,"C, D",PDB/SKEMPI_v2.0/3BN9.pdb,14.565468576997917,3BN9,3bn9_5,PDB/mutant_pdbs/3bn9/3bn9_5.pdb
B_R48A,SKEMPI_v2.0,3BN9,1.14e-11,B,"C, D",PDB/SKEMPI_v2.0/3BN9.pdb,14.921574010512193,3BN9,3bn9_6,PDB/mutant_pdbs/3bn9/3bn9_6.pdb
B_F50A,SKEMPI_v2.0,3BN9,1.14e-11,B,"C, D",PDB/SKEMPI_v2.0/3BN9.pdb,14.921574010512193,3BN9,3bn9_7,PDB/mutant_pdbs/3bn9/3bn9_7.pdb
B_R51A,SKEMPI_v2.0,3BN9,1.09e-11,B,"C, D",PDB/SKEMPI_v2.0/3BN9.pdb,14.948133926865893,3BN9,3bn9_8,PDB/mutant_pdbs/3bn9/3bn9_8.pdb
B_Y52A,SKEMPI_v2.0,3BN9,1.27e-11,B,"C, D",PDB/SKEMPI_v2.0/3BN9.pdb,14.857624557041348,3BN9,3bn9_9,PDB/mutant_pdbs/3bn9/3bn9_9.pdb
B_R82A,SKEMPI_v2.0,3BN9,9.4e-12,B,"C, D",PDB/SKEMPI_v2.0/3BN9.pdb,15.03580902858754,3BN9,3bn9_10,PDB/mutant_pdbs/3bn9/3bn9_10.pdb
B_F89A,SKEMPI_v2.0,3BN9,3.62e-11,B,"C, D",PDB/SKEMPI_v2.0/3BN9.pdb,14.237334201479904,3BN9,3bn9_11,PDB/mutant_pdbs/3bn9/3bn9_11.pdb
B_N90A,SKEMPI_v2.0,3BN9,4.54e-11,B,"C, D",PDB/SKEMPI_v2.0/3BN9.pdb,14.103231716580225,3BN9,3bn9_12,PDB/mutant_pdbs/3bn9/3bn9_12.pdb
B_D91A,SKEMPI_v2.0,3BN9,1e-06,B,"C, D",PDB/SKEMPI_v2.0/3BN9.pdb,8.181363941992895,3BN9,3bn9_13,PDB/mutant_pdbs/3bn9/3bn9_13.pdb
B_F92A,SKEMPI_v2.0,3BN9,1e-06,B,"C, D",PDB/SKEMPI_v2.0/3BN9.pdb,8.181363941992895,3BN9,3bn9_14,PDB/mutant_pdbs/3bn9/3bn9_14.pdb
B_T93A,SKEMPI_v2.0,3BN9,8.32e-11,B,"C, D",PDB/SKEMPI_v2.0/3BN9.pdb,13.74452325967006,3BN9,3bn9_15,PDB/mutant_pdbs/3bn9/3bn9_15.pdb
B_H138A,SKEMPI_v2.0,3BN9,1.42e-11,B,"C, D",PDB/SKEMPI_v2.0/3BN9.pdb,14.791512832066752,3BN9,3bn9_16,PDB/mutant_pdbs/3bn9/3bn9_16.pdb
B_Q140A,SKEMPI_v2.0,3BN9,1.54e-11,B,"C, D",PDB/SKEMPI_v2.0/3BN9.pdb,14.743471349682316,3BN9,3bn9_17,PDB/mutant_pdbs/3bn9/3bn9_17.pdb
B_Y141A,SKEMPI_v2.0,3BN9,7.68e-11,B,"C, D",PDB/SKEMPI_v2.0/3BN9.pdb,13.791923500119534,3BN9,3bn9_18,PDB/mutant_pdbs/3bn9/3bn9_18.pdb
B_T144A,SKEMPI_v2.0,3BN9,2.01e-11,B,"C, D",PDB/SKEMPI_v2.0/3BN9.pdb,14.585741011731242,3BN9,3bn9_19,PDB/mutant_pdbs/3bn9/3bn9_19.pdb
B_L147A,SKEMPI_v2.0,3BN9,2.17e-11,B,"C, D",PDB/SKEMPI_v2.0/3BN9.pdb,14.540383971246827,3BN9,3bn9_20,PDB/mutant_pdbs/3bn9/3bn9_20.pdb
B_E163A,SKEMPI_v2.0,3BN9,2.31e-11,B,"C, D",PDB/SKEMPI_v2.0/3BN9.pdb,14.503360236792602,3BN9,3bn9_21,PDB/mutant_pdbs/3bn9/3bn9_21.pdb
B_Q168A,SKEMPI_v2.0,3BN9,1.16e-11,B,"C, D",PDB/SKEMPI_v2.0/3BN9.pdb,14.911274848847896,3BN9,3bn9_22,PDB/mutant_pdbs/3bn9/3bn9_22.pdb
B_Q169A,SKEMPI_v2.0,3BN9,8.51e-10,B,"C, D",PDB/SKEMPI_v2.0/3BN9.pdb,12.3675912080766,3BN9,3bn9_23,PDB/mutant_pdbs/3bn9/3bn9_23.pdb
B_D214A,SKEMPI_v2.0,3BN9,3.2e-11,B,"C, D",PDB/SKEMPI_v2.0/3BN9.pdb,14.310364590666147,3BN9,3bn9_24,PDB/mutant_pdbs/3bn9/3bn9_24.pdb
B_Q218A,SKEMPI_v2.0,3BN9,4.05e-11,B,"C, D",PDB/SKEMPI_v2.0/3BN9.pdb,14.17086545643515,3BN9,3bn9_25,PDB/mutant_pdbs/3bn9/3bn9_25.pdb
B_R219A,SKEMPI_v2.0,3BN9,1.05e-11,B,"C, D",PDB/SKEMPI_v2.0/3BN9.pdb,14.970274332425827,3BN9,3bn9_26,PDB/mutant_pdbs/3bn9/3bn9_26.pdb
B_K221A,SKEMPI_v2.0,3BN9,4.63e-11,B,"C, D",PDB/SKEMPI_v2.0/3BN9.pdb,14.091607173588612,3BN9,3bn9_27,PDB/mutant_pdbs/3bn9/3bn9_27.pdb
D_T28R,SKEMPI_v2.0,3BN9,3.93e-11,B,"C, D",PDB/SKEMPI_v2.0/3BN9.pdb,14.188676930481858,3BN9,3bn9_28,PDB/mutant_pdbs/3bn9/3bn9_28.pdb
D_S30G,SKEMPI_v2.0,3BN9,1.66e-10,B,"C, D",PDB/SKEMPI_v2.0/3BN9.pdb,13.335475840849508,3BN9,3bn9_29,PDB/mutant_pdbs/3bn9/3bn9_29.pdb
D_S30N,SKEMPI_v2.0,3BN9,1.55e-10,B,"C, D",PDB/SKEMPI_v2.0/3BN9.pdb,13.376077754583376,3BN9,3bn9_30,PDB/mutant_pdbs/3bn9/3bn9_30.pdb
D_T102Q,SKEMPI_v2.0,3BN9,2.16e-11,B,"C, D",PDB/SKEMPI_v2.0/3BN9.pdb,14.543119250331895,3BN9,3bn9_31,PDB/mutant_pdbs/3bn9/3bn9_31.pdb
D_T102R,SKEMPI_v2.0,3BN9,2.03e-11,B,"C, D",PDB/SKEMPI_v2.0/3BN9.pdb,14.579877727505503,3BN9,3bn9_32,PDB/mutant_pdbs/3bn9/3bn9_32.pdb
D_Y103S,SKEMPI_v2.0,3BN9,4.86e-11,B,"C, D",PDB/SKEMPI_v2.0/3BN9.pdb,14.062897024552466,3BN9,3bn9_33,PDB/mutant_pdbs/3bn9/3bn9_33.pdb
D_P104H,SKEMPI_v2.0,3BN9,1.35e-09,B,"C, D",PDB/SKEMPI_v2.0/3BN9.pdb,12.09432791399116,3BN9,3bn9_34,PDB/mutant_pdbs/3bn9/3bn9_34.pdb
D_Q105V,SKEMPI_v2.0,3BN9,1.77e-10,B,"C, D",PDB/SKEMPI_v2.0/3BN9.pdb,13.297479979989712,3BN9,3bn9_35,PDB/mutant_pdbs/3bn9/3bn9_35.pdb
A_F115A,SKEMPI_v2.0,3BP8,1.37e-08,A,C,PDB/SKEMPI_v2.0/3BP8.pdb,10.722058469613486,3BP8,3bp8_1,PDB/mutant_pdbs/3bp8/3bp8_1.pdb
C_A51F,SKEMPI_v2.0,3BP8,1.17e-08,A,C,PDB/SKEMPI_v2.0/3BP8.pdb,10.8155096975499,3BP8,3bp8_2,PDB/mutant_pdbs/3bp8/3bp8_2.pdb
"A_F115A, C_A51F",SKEMPI_v2.0,3BP8,1.12e-09,A,C,PDB/SKEMPI_v2.0/3BP8.pdb,12.204934153661007,3BP8,3bp8_3,PDB/mutant_pdbs/3bp8/3bp8_3.pdb
U_R135A,SKEMPI_v2.0,3BT1,5.6e-10,A,U,PDB/SKEMPI_v2.0/3BT1.pdb,12.615406812324938,3BT1,3bt1_1,PDB/mutant_pdbs/3bt1/3bt1_1.pdb
U_K137A,SKEMPI_v2.0,3BT1,2.84e-09,A,U,PDB/SKEMPI_v2.0/3BT1.pdb,11.653918859405191,3BT1,3bt1_2,PDB/mutant_pdbs/3bt1/3bt1_2.pdb
U_R140A,SKEMPI_v2.0,3BT1,1.68e-09,A,U,PDB/SKEMPI_v2.0/3BT1.pdb,11.964823040771295,3BT1,3bt1_3,PDB/mutant_pdbs/3bt1/3bt1_3.pdb
U_H141A,SKEMPI_v2.0,3BT1,2.78e-09,A,U,PDB/SKEMPI_v2.0/3BT1.pdb,11.666563899330386,3BT1,3bt1_4,PDB/mutant_pdbs/3bt1/3bt1_4.pdb
U_R143A,SKEMPI_v2.0,3BT1,1.85e-09,A,U,PDB/SKEMPI_v2.0/3BT1.pdb,11.90774105547662,3BT1,3bt1_5,PDB/mutant_pdbs/3bt1/3bt1_5.pdb
U_L1A,SKEMPI_v2.0,3BT1,8.2e-10,A,U,PDB/SKEMPI_v2.0/3BT1.pdb,12.181687329683754,3BT1,3bt1_6,PDB/mutant_pdbs/3bt1/3bt1_6.pdb
U_R2A,SKEMPI_v2.0,3BT1,5.4e-10,A,U,PDB/SKEMPI_v2.0/3BT1.pdb,12.4249140044396,3BT1,3bt1_7,PDB/mutant_pdbs/3bt1/3bt1_7.pdb
U_M4A,SKEMPI_v2.0,3BT1,4.9e-10,A,U,PDB/SKEMPI_v2.0/3BT1.pdb,12.48148767935039,3BT1,3bt1_8,PDB/mutant_pdbs/3bt1/3bt1_8.pdb
U_Q5A,SKEMPI_v2.0,3BT1,5.1e-10,A,U,PDB/SKEMPI_v2.0/3BT1.pdb,12.458194539355771,3BT1,3bt1_9,PDB/mutant_pdbs/3bt1/3bt1_9.pdb
U_K7A,SKEMPI_v2.0,3BT1,7.3e-10,A,U,PDB/SKEMPI_v2.0/3BT1.pdb,12.24937970035766,3BT1,3bt1_10,PDB/mutant_pdbs/3bt1/3bt1_10.pdb
U_T8A,SKEMPI_v2.0,3BT1,6.2e-10,A,U,PDB/SKEMPI_v2.0/3BT1.pdb,12.344475852737808,3BT1,3bt1_11,PDB/mutant_pdbs/3bt1/3bt1_11.pdb
U_N9A,SKEMPI_v2.0,3BT1,7.7e-10,A,U,PDB/SKEMPI_v2.0/3BT1.pdb,12.218318957866254,3BT1,3bt1_12,PDB/mutant_pdbs/3bt1/3bt1_12.pdb
U_G10A,SKEMPI_v2.0,3BT1,7.2e-10,A,U,PDB/SKEMPI_v2.0/3BT1.pdb,12.25741087386294,3BT1,3bt1_13,PDB/mutant_pdbs/3bt1/3bt1_13.pdb
U_D11A,SKEMPI_v2.0,3BT1,4.4e-10,A,U,PDB/SKEMPI_v2.0/3BT1.pdb,12.544155724823707,3BT1,3bt1_14,PDB/mutant_pdbs/3bt1/3bt1_14.pdb
U_R13A,SKEMPI_v2.0,3BT1,7.3e-10,A,U,PDB/SKEMPI_v2.0/3BT1.pdb,12.24937970035766,3BT1,3bt1_15,PDB/mutant_pdbs/3bt1/3bt1_15.pdb
U_V14A,SKEMPI_v2.0,3BT1,7.4e-10,A,U,PDB/SKEMPI_v2.0/3BT1.pdb,12.241457797913558,3BT1,3bt1_16,PDB/mutant_pdbs/3bt1/3bt1_16.pdb
U_E15A,SKEMPI_v2.0,3BT1,5.6e-10,A,U,PDB/SKEMPI_v2.0/3BT1.pdb,12.403738912789283,3BT1,3bt1_17,PDB/mutant_pdbs/3bt1/3bt1_17.pdb
U_E16A,SKEMPI_v2.0,3BT1,5.3e-10,A,U,PDB/SKEMPI_v2.0/3BT1.pdb,12.435797514732775,3BT1,3bt1_18,PDB/mutant_pdbs/3bt1/3bt1_18.pdb
U_A18S,SKEMPI_v2.0,3BT1,5.2e-10,A,U,PDB/SKEMPI_v2.0/3BT1.pdb,12.446888342403176,3BT1,3bt1_19,PDB/mutant_pdbs/3bt1/3bt1_19.pdb
U_L19A,SKEMPI_v2.0,3BT1,6.2e-10,A,U,PDB/SKEMPI_v2.0/3BT1.pdb,12.344475852737808,3BT1,3bt1_20,PDB/mutant_pdbs/3bt1/3bt1_20.pdb
U_G20A,SKEMPI_v2.0,3BT1,4.6e-10,A,U,PDB/SKEMPI_v2.0/3BT1.pdb,12.518273648381445,3BT1,3bt1_21,PDB/mutant_pdbs/3bt1/3bt1_21.pdb
U_Q21A,SKEMPI_v2.0,3BT1,7.8e-10,A,U,PDB/SKEMPI_v2.0/3BT1.pdb,12.210805939461274,3BT1,3bt1_22,PDB/mutant_pdbs/3bt1/3bt1_22.pdb
U_D22A,SKEMPI_v2.0,3BT1,6.8e-10,A,U,PDB/SKEMPI_v2.0/3BT1.pdb,12.290691408779107,3BT1,3bt1_23,PDB/mutant_pdbs/3bt1/3bt1_23.pdb
U_L23A,SKEMPI_v2.0,3BT1,1e-09,A,U,PDB/SKEMPI_v2.0/3BT1.pdb,12.066139102368716,3BT1,3bt1_24,PDB/mutant_pdbs/3bt1/3bt1_24.pdb
U_R25A,SKEMPI_v2.0,3BT1,2.56e-09,A,U,PDB/SKEMPI_v2.0/3BT1.pdb,11.518819079191054,3BT1,3bt1_25,PDB/mutant_pdbs/3bt1/3bt1_25.pdb
U_T26A,SKEMPI_v2.0,3BT1,6.3e-10,A,U,PDB/SKEMPI_v2.0/3BT1.pdb,12.335159640424045,3BT1,3bt1_26,PDB/mutant_pdbs/3bt1/3bt1_26.pdb
U_T27A,SKEMPI_v2.0,3BT1,2.14e-09,A,U,PDB/SKEMPI_v2.0/3BT1.pdb,11.623159263416508,3BT1,3bt1_27,PDB/mutant_pdbs/3bt1/3bt1_27.pdb
U_I28A,SKEMPI_v2.0,3BT1,5.2e-10,A,U,PDB/SKEMPI_v2.0/3BT1.pdb,12.446888342403176,3BT1,3bt1_28,PDB/mutant_pdbs/3bt1/3bt1_28.pdb
U_V29A,SKEMPI_v2.0,3BT1,1.54e-09,A,U,PDB/SKEMPI_v2.0/3BT1.pdb,11.814733424347692,3BT1,3bt1_29,PDB/mutant_pdbs/3bt1/3bt1_29.pdb
U_R30A,SKEMPI_v2.0,3BT1,1e-09,A,U,PDB/SKEMPI_v2.0/3BT1.pdb,12.066139102368716,3BT1,3bt1_30,PDB/mutant_pdbs/3bt1/3bt1_30.pdb
U_L31A,SKEMPI_v2.0,3BT1,7.8e-10,A,U,PDB/SKEMPI_v2.0/3BT1.pdb,12.210805939461274,3BT1,3bt1_31,PDB/mutant_pdbs/3bt1/3bt1_31.pdb
U_W32A,SKEMPI_v2.0,3BT1,4.5e-10,A,U,PDB/SKEMPI_v2.0/3BT1.pdb,12.531070885451769,3BT1,3bt1_32,PDB/mutant_pdbs/3bt1/3bt1_32.pdb
U_E33A,SKEMPI_v2.0,3BT1,8.7e-10,A,U,PDB/SKEMPI_v2.0/3BT1.pdb,12.14722455913749,3BT1,3bt1_33,PDB/mutant_pdbs/3bt1/3bt1_33.pdb
U_E34A,SKEMPI_v2.0,3BT1,8.2e-10,A,U,PDB/SKEMPI_v2.0/3BT1.pdb,12.181687329683754,3BT1,3bt1_34,PDB/mutant_pdbs/3bt1/3bt1_34.pdb
U_G35A,SKEMPI_v2.0,3BT1,7.9e-10,A,U,PDB/SKEMPI_v2.0/3BT1.pdb,12.203388630902452,3BT1,3bt1_35,PDB/mutant_pdbs/3bt1/3bt1_35.pdb
U_E36A,SKEMPI_v2.0,3BT1,5.4e-10,A,U,PDB/SKEMPI_v2.0/3BT1.pdb,12.4249140044396,3BT1,3bt1_36,PDB/mutant_pdbs/3bt1/3bt1_36.pdb
U_E37A,SKEMPI_v2.0,3BT1,5e-10,A,U,PDB/SKEMPI_v2.0/3BT1.pdb,12.469724635887278,3BT1,3bt1_37,PDB/mutant_pdbs/3bt1/3bt1_37.pdb
U_L38A,SKEMPI_v2.0,3BT1,1.11e-09,A,U,PDB/SKEMPI_v2.0/3BT1.pdb,12.005375394971658,3BT1,3bt1_38,PDB/mutant_pdbs/3bt1/3bt1_38.pdb
U_E39A,SKEMPI_v2.0,3BT1,6e-10,A,U,PDB/SKEMPI_v2.0/3BT1.pdb,12.363567754875108,3BT1,3bt1_39,PDB/mutant_pdbs/3bt1/3bt1_39.pdb
U_L40A,SKEMPI_v2.0,3BT1,2e-09,A,U,PDB/SKEMPI_v2.0/3BT1.pdb,11.662553568850155,3BT1,3bt1_40,PDB/mutant_pdbs/3bt1/3bt1_40.pdb
U_V41A,SKEMPI_v2.0,3BT1,1.05e-09,A,U,PDB/SKEMPI_v2.0/3BT1.pdb,12.037730987917653,3BT1,3bt1_41,PDB/mutant_pdbs/3bt1/3bt1_41.pdb
U_E42A,SKEMPI_v2.0,3BT1,3.3e-10,A,U,PDB/SKEMPI_v2.0/3BT1.pdb,12.711658855400367,3BT1,3bt1_42,PDB/mutant_pdbs/3bt1/3bt1_42.pdb
U_K43A,SKEMPI_v2.0,3BT1,6.7e-10,A,U,PDB/SKEMPI_v2.0/3BT1.pdb,12.299317505037466,3BT1,3bt1_43,PDB/mutant_pdbs/3bt1/3bt1_43.pdb
U_S44A,SKEMPI_v2.0,3BT1,6.7e-10,A,U,PDB/SKEMPI_v2.0/3BT1.pdb,12.299317505037466,3BT1,3bt1_44,PDB/mutant_pdbs/3bt1/3bt1_44.pdb
U_T46A,SKEMPI_v2.0,3BT1,1e-09,A,U,PDB/SKEMPI_v2.0/3BT1.pdb,12.066139102368716,3BT1,3bt1_45,PDB/mutant_pdbs/3bt1/3bt1_45.pdb
U_H47A,SKEMPI_v2.0,3BT1,8.9e-10,A,U,PDB/SKEMPI_v2.0/3BT1.pdb,12.133991015678987,3BT1,3bt1_46,PDB/mutant_pdbs/3bt1/3bt1_46.pdb
U_S48A,SKEMPI_v2.0,3BT1,9.1e-10,A,U,PDB/SKEMPI_v2.0/3BT1.pdb,12.121051575445719,3BT1,3bt1_47,PDB/mutant_pdbs/3bt1/3bt1_47.pdb
U_E49A,SKEMPI_v2.0,3BT1,4.4e-10,A,U,PDB/SKEMPI_v2.0/3BT1.pdb,12.544155724823707,3BT1,3bt1_48,PDB/mutant_pdbs/3bt1/3bt1_48.pdb
U_K50A,SKEMPI_v2.0,3BT1,1.36e-09,A,U,PDB/SKEMPI_v2.0/3BT1.pdb,11.887105875260549,3BT1,3bt1_49,PDB/mutant_pdbs/3bt1/3bt1_49.pdb
U_T51A,SKEMPI_v2.0,3BT1,1.53e-09,A,U,PDB/SKEMPI_v2.0/3BT1.pdb,11.818526602895309,3BT1,3bt1_50,PDB/mutant_pdbs/3bt1/3bt1_50.pdb
U_N52Q,SKEMPI_v2.0,3BT1,1.34e-09,A,U,PDB/SKEMPI_v2.0/3BT1.pdb,11.895731971518906,3BT1,3bt1_51,PDB/mutant_pdbs/3bt1/3bt1_51.pdb
U_R53A,SKEMPI_v2.0,3BT1,2.06e-09,A,U,PDB/SKEMPI_v2.0/3BT1.pdb,11.645342931185603,3BT1,3bt1_52,PDB/mutant_pdbs/3bt1/3bt1_52.pdb
U_T54A,SKEMPI_v2.0,3BT1,8.9e-10,A,U,PDB/SKEMPI_v2.0/3BT1.pdb,12.133991015678987,3BT1,3bt1_53,PDB/mutant_pdbs/3bt1/3bt1_53.pdb
U_L55A,SKEMPI_v2.0,3BT1,3e-09,A,U,PDB/SKEMPI_v2.0/3BT1.pdb,11.426471165908257,3BT1,3bt1_54,PDB/mutant_pdbs/3bt1/3bt1_54.pdb
U_S56A,SKEMPI_v2.0,3BT1,5e-10,A,U,PDB/SKEMPI_v2.0/3BT1.pdb,12.469724635887278,3BT1,3bt1_55,PDB/mutant_pdbs/3bt1/3bt1_55.pdb
U_Y57A,SKEMPI_v2.0,3BT1,3.49e-09,A,U,PDB/SKEMPI_v2.0/3BT1.pdb,11.338382756814033,3BT1,3bt1_56,PDB/mutant_pdbs/3bt1/3bt1_56.pdb
U_R58A,SKEMPI_v2.0,3BT1,4.1e-10,A,U,PDB/SKEMPI_v2.0/3BT1.pdb,12.585272863202317,3BT1,3bt1_57,PDB/mutant_pdbs/3bt1/3bt1_57.pdb
U_T59A,SKEMPI_v2.0,3BT1,1.17e-09,A,U,PDB/SKEMPI_v2.0/3BT1.pdb,11.974723536519376,3BT1,3bt1_58,PDB/mutant_pdbs/3bt1/3bt1_58.pdb
U_G60A,SKEMPI_v2.0,3BT1,7.6e-10,A,U,PDB/SKEMPI_v2.0/3BT1.pdb,12.225930188441117,3BT1,3bt1_59,PDB/mutant_pdbs/3bt1/3bt1_59.pdb
U_L61A,SKEMPI_v2.0,3BT1,3.7e-10,A,U,PDB/SKEMPI_v2.0/3BT1.pdb,12.645043331432118,3BT1,3bt1_60,PDB/mutant_pdbs/3bt1/3bt1_60.pdb
U_K62A,SKEMPI_v2.0,3BT1,9.3e-10,A,U,PDB/SKEMPI_v2.0/3BT1.pdb,12.108393449795908,3BT1,3bt1_61,PDB/mutant_pdbs/3bt1/3bt1_61.pdb
U_I63A,SKEMPI_v2.0,3BT1,5.6e-10,A,U,PDB/SKEMPI_v2.0/3BT1.pdb,12.403738912789283,3BT1,3bt1_62,PDB/mutant_pdbs/3bt1/3bt1_62.pdb
U_T64A,SKEMPI_v2.0,3BT1,1.4e-09,A,U,PDB/SKEMPI_v2.0/3BT1.pdb,11.870227857340991,3BT1,3bt1_63,PDB/mutant_pdbs/3bt1/3bt1_63.pdb
U_S65A,SKEMPI_v2.0,3BT1,7.8e-10,A,U,PDB/SKEMPI_v2.0/3BT1.pdb,12.210805939461274,3BT1,3bt1_64,PDB/mutant_pdbs/3bt1/3bt1_64.pdb
U_L66A,SKEMPI_v2.0,3BT1,4.7e-09,A,U,PDB/SKEMPI_v2.0/3BT1.pdb,11.165069519673558,3BT1,3bt1_65,PDB/mutant_pdbs/3bt1/3bt1_65.pdb
U_T67A,SKEMPI_v2.0,3BT1,6.3e-10,A,U,PDB/SKEMPI_v2.0/3BT1.pdb,12.335159640424045,3BT1,3bt1_66,PDB/mutant_pdbs/3bt1/3bt1_66.pdb
U_E68A,SKEMPI_v2.0,3BT1,5e-10,A,U,PDB/SKEMPI_v2.0/3BT1.pdb,12.469724635887278,3BT1,3bt1_67,PDB/mutant_pdbs/3bt1/3bt1_67.pdb
U_V69A,SKEMPI_v2.0,3BT1,6.7e-10,A,U,PDB/SKEMPI_v2.0/3BT1.pdb,12.299317505037466,3BT1,3bt1_68,PDB/mutant_pdbs/3bt1/3bt1_68.pdb
U_V70A,SKEMPI_v2.0,3BT1,5.9e-10,A,U,PDB/SKEMPI_v2.0/3BT1.pdb,12.373353713763589,3BT1,3bt1_69,PDB/mutant_pdbs/3bt1/3bt1_69.pdb
U_G72A,SKEMPI_v2.0,3BT1,6.9e-10,A,U,PDB/SKEMPI_v2.0/3BT1.pdb,12.282191245439547,3BT1,3bt1_70,PDB/mutant_pdbs/3bt1/3bt1_70.pdb
U_L73A,SKEMPI_v2.0,3BT1,6.8e-10,A,U,PDB/SKEMPI_v2.0/3BT1.pdb,12.290691408779107,3BT1,3bt1_71,PDB/mutant_pdbs/3bt1/3bt1_71.pdb
U_D74A,SKEMPI_v2.0,3BT1,7.7e-10,A,U,PDB/SKEMPI_v2.0/3BT1.pdb,12.218318957866254,3BT1,3bt1_72,PDB/mutant_pdbs/3bt1/3bt1_72.pdb
U_L75A,SKEMPI_v2.0,3BT1,1.1e-09,A,U,PDB/SKEMPI_v2.0/3BT1.pdb,12.010644669375415,3BT1,3bt1_73,PDB/mutant_pdbs/3bt1/3bt1_73.pdb
U_Q78A,SKEMPI_v2.0,3BT1,6.9e-10,A,U,PDB/SKEMPI_v2.0/3BT1.pdb,12.282191245439547,3BT1,3bt1_74,PDB/mutant_pdbs/3bt1/3bt1_74.pdb
U_G79A,SKEMPI_v2.0,3BT1,6.7e-10,A,U,PDB/SKEMPI_v2.0/3BT1.pdb,12.299317505037466,3BT1,3bt1_75,PDB/mutant_pdbs/3bt1/3bt1_75.pdb
U_N80A,SKEMPI_v2.0,3BT1,6.5e-10,A,U,PDB/SKEMPI_v2.0/3BT1.pdb,12.316962820473444,3BT1,3bt1_76,PDB/mutant_pdbs/3bt1/3bt1_76.pdb
U_S81A,SKEMPI_v2.0,3BT1,7.1e-10,A,U,PDB/SKEMPI_v2.0/3BT1.pdb,12.26555437511001,3BT1,3bt1_77,PDB/mutant_pdbs/3bt1/3bt1_77.pdb
U_G82A,SKEMPI_v2.0,3BT1,5.4e-10,A,U,PDB/SKEMPI_v2.0/3BT1.pdb,12.4249140044396,3BT1,3bt1_78,PDB/mutant_pdbs/3bt1/3bt1_78.pdb
U_V83A,SKEMPI_v2.0,3BT1,7.4e-10,A,U,PDB/SKEMPI_v2.0/3BT1.pdb,12.241457797913558,3BT1,3bt1_79,PDB/mutant_pdbs/3bt1/3bt1_79.pdb
U_T84A,SKEMPI_v2.0,3BT1,4e-10,A,U,PDB/SKEMPI_v2.0/3BT1.pdb,12.599650157817008,3BT1,3bt1_80,PDB/mutant_pdbs/3bt1/3bt1_80.pdb
U_Y85A,SKEMPI_v2.0,3BT1,7e-10,A,U,PDB/SKEMPI_v2.0/3BT1.pdb,12.273813390859551,3BT1,3bt1_81,PDB/mutant_pdbs/3bt1/3bt1_81.pdb
U_S86A,SKEMPI_v2.0,3BT1,6.9e-10,A,U,PDB/SKEMPI_v2.0/3BT1.pdb,12.282191245439547,3BT1,3bt1_82,PDB/mutant_pdbs/3bt1/3bt1_82.pdb
U_R87A,SKEMPI_v2.0,3BT1,6.9e-10,A,U,PDB/SKEMPI_v2.0/3BT1.pdb,12.282191245439547,3BT1,3bt1_83,PDB/mutant_pdbs/3bt1/3bt1_83.pdb
U_S88A,SKEMPI_v2.0,3BT1,6.4e-10,A,U,PDB/SKEMPI_v2.0/3BT1.pdb,12.325990146228177,3BT1,3bt1_84,PDB/mutant_pdbs/3bt1/3bt1_84.pdb
U_R89A,SKEMPI_v2.0,3BT1,7.4e-10,A,U,PDB/SKEMPI_v2.0/3BT1.pdb,12.241457797913558,3BT1,3bt1_85,PDB/mutant_pdbs/3bt1/3bt1_85.pdb
U_Y90A,SKEMPI_v2.0,3BT1,6.2e-10,A,U,PDB/SKEMPI_v2.0/3BT1.pdb,12.344475852737808,3BT1,3bt1_86,PDB/mutant_pdbs/3bt1/3bt1_86.pdb
U_L91A,SKEMPI_v2.0,3BT1,3.5e-10,A,U,PDB/SKEMPI_v2.0/3BT1.pdb,12.677398924378114,3BT1,3bt1_87,PDB/mutant_pdbs/3bt1/3bt1_87.pdb
U_E92A,SKEMPI_v2.0,3BT1,6.5e-10,A,U,PDB/SKEMPI_v2.0/3BT1.pdb,12.316962820473444,3BT1,3bt1_88,PDB/mutant_pdbs/3bt1/3bt1_88.pdb
U_I94A,SKEMPI_v2.0,3BT1,6.3e-10,A,U,PDB/SKEMPI_v2.0/3BT1.pdb,12.335159640424045,3BT1,3bt1_89,PDB/mutant_pdbs/3bt1/3bt1_89.pdb
U_S95A,SKEMPI_v2.0,3BT1,2e-09,A,U,PDB/SKEMPI_v2.0/3BT1.pdb,11.662553568850155,3BT1,3bt1_90,PDB/mutant_pdbs/3bt1/3bt1_90.pdb
U_G97A,SKEMPI_v2.0,3BT1,1.5e-10,A,U,PDB/SKEMPI_v2.0/3BT1.pdb,13.17073882191223,3BT1,3bt1_91,PDB/mutant_pdbs/3bt1/3bt1_91.pdb
U_S98A,SKEMPI_v2.0,3BT1,3.24e-09,A,U,PDB/SKEMPI_v2.0/3BT1.pdb,11.381660534460579,3BT1,3bt1_92,PDB/mutant_pdbs/3bt1/3bt1_92.pdb
U_S99A,SKEMPI_v2.0,3BT1,7.6e-10,A,U,PDB/SKEMPI_v2.0/3BT1.pdb,12.225930188441117,3BT1,3bt1_93,PDB/mutant_pdbs/3bt1/3bt1_93.pdb
U_D100A,SKEMPI_v2.0,3BT1,8e-09,A,U,PDB/SKEMPI_v2.0/3BT1.pdb,10.855382501813034,3BT1,3bt1_94,PDB/mutant_pdbs/3bt1/3bt1_94.pdb
U_M101A,SKEMPI_v2.0,3BT1,9.2e-10,A,U,PDB/SKEMPI_v2.0/3BT1.pdb,12.114688114862886,3BT1,3bt1_95,PDB/mutant_pdbs/3bt1/3bt1_95.pdb
U_S102A,SKEMPI_v2.0,3BT1,1.29e-09,A,U,PDB/SKEMPI_v2.0/3BT1.pdb,11.917873454839672,3BT1,3bt1_96,PDB/mutant_pdbs/3bt1/3bt1_96.pdb
U_E104A,SKEMPI_v2.0,3BT1,1.82e-09,A,U,PDB/SKEMPI_v2.0/3BT1.pdb,11.71746604192716,3BT1,3bt1_97,PDB/mutant_pdbs/3bt1/3bt1_97.pdb
U_R105A,SKEMPI_v2.0,3BT1,9.1e-10,A,U,PDB/SKEMPI_v2.0/3BT1.pdb,12.121051575445719,3BT1,3bt1_98,PDB/mutant_pdbs/3bt1/3bt1_98.pdb
U_R107A,SKEMPI_v2.0,3BT1,7.2e-10,A,U,PDB/SKEMPI_v2.0/3BT1.pdb,12.25741087386294,3BT1,3bt1_99,PDB/mutant_pdbs/3bt1/3bt1_99.pdb
U_H108A,SKEMPI_v2.0,3BT1,9.3e-10,A,U,PDB/SKEMPI_v2.0/3BT1.pdb,12.108393449795908,3BT1,3bt1_100,PDB/mutant_pdbs/3bt1/3bt1_100.pdb
U_Q109A,SKEMPI_v2.0,3BT1,5.3e-10,A,U,PDB/SKEMPI_v2.0/3BT1.pdb,12.435797514732775,3BT1,3bt1_101,PDB/mutant_pdbs/3bt1/3bt1_101.pdb
U_S110A,SKEMPI_v2.0,3BT1,7e-10,A,U,PDB/SKEMPI_v2.0/3BT1.pdb,12.273813390859551,3BT1,3bt1_102,PDB/mutant_pdbs/3bt1/3bt1_102.pdb
U_L111A,SKEMPI_v2.0,3BT1,5.45e-09,A,U,PDB/SKEMPI_v2.0/3BT1.pdb,11.078865476705634,3BT1,3bt1_103,PDB/mutant_pdbs/3bt1/3bt1_103.pdb
U_Q112A,SKEMPI_v2.0,3BT1,3.7e-10,A,U,PDB/SKEMPI_v2.0/3BT1.pdb,12.645043331432118,3BT1,3bt1_104,PDB/mutant_pdbs/3bt1/3bt1_104.pdb
U_R114A,SKEMPI_v2.0,3BT1,6.6e-10,A,U,PDB/SKEMPI_v2.0/3BT1.pdb,12.308073321881809,3BT1,3bt1_105,PDB/mutant_pdbs/3bt1/3bt1_105.pdb
U_S115A,SKEMPI_v2.0,3BT1,4.7e-10,A,U,PDB/SKEMPI_v2.0/3BT1.pdb,12.505751642158971,3BT1,3bt1_106,PDB/mutant_pdbs/3bt1/3bt1_106.pdb
U_P116A,SKEMPI_v2.0,3BT1,3e-10,A,U,PDB/SKEMPI_v2.0/3BT1.pdb,12.767153288393668,3BT1,3bt1_107,PDB/mutant_pdbs/3bt1/3bt1_107.pdb
U_E117A,SKEMPI_v2.0,3BT1,2.8e-10,A,U,PDB/SKEMPI_v2.0/3BT1.pdb,12.807324446307844,3BT1,3bt1_108,PDB/mutant_pdbs/3bt1/3bt1_108.pdb
U_E118A,SKEMPI_v2.0,3BT1,4.6e-10,A,U,PDB/SKEMPI_v2.0/3BT1.pdb,12.518273648381445,3BT1,3bt1_109,PDB/mutant_pdbs/3bt1/3bt1_109.pdb
U_Q119A,SKEMPI_v2.0,3BT1,4.1e-10,A,U,PDB/SKEMPI_v2.0/3BT1.pdb,12.585272863202317,3BT1,3bt1_110,PDB/mutant_pdbs/3bt1/3bt1_110.pdb
U_L121A,SKEMPI_v2.0,3BT1,1e-09,A,U,PDB/SKEMPI_v2.0/3BT1.pdb,12.066139102368716,3BT1,3bt1_111,PDB/mutant_pdbs/3bt1/3bt1_111.pdb
U_D122A,SKEMPI_v2.0,3BT1,1.74e-09,A,U,PDB/SKEMPI_v2.0/3BT1.pdb,11.743639025618931,3BT1,3bt1_112,PDB/mutant_pdbs/3bt1/3bt1_112.pdb
U_V123A,SKEMPI_v2.0,3BT1,1.74e-09,A,U,PDB/SKEMPI_v2.0/3BT1.pdb,11.743639025618931,3BT1,3bt1_113,PDB/mutant_pdbs/3bt1/3bt1_113.pdb
U_V124A,SKEMPI_v2.0,3BT1,1.62e-09,A,U,PDB/SKEMPI_v2.0/3BT1.pdb,11.785246067979138,3BT1,3bt1_114,PDB/mutant_pdbs/3bt1/3bt1_114.pdb
U_T125A,SKEMPI_v2.0,3BT1,2.5e-09,A,U,PDB/SKEMPI_v2.0/3BT1.pdb,11.532628046920424,3BT1,3bt1_115,PDB/mutant_pdbs/3bt1/3bt1_115.pdb
U_H126A,SKEMPI_v2.0,3BT1,8.9e-10,A,U,PDB/SKEMPI_v2.0/3BT1.pdb,12.133991015678987,3BT1,3bt1_116,PDB/mutant_pdbs/3bt1/3bt1_116.pdb
U_W127A,SKEMPI_v2.0,3BT1,2.2e-10,A,U,PDB/SKEMPI_v2.0/3BT1.pdb,12.947741258342269,3BT1,3bt1_117,PDB/mutant_pdbs/3bt1/3bt1_117.pdb
U_I128A,SKEMPI_v2.0,3BT1,2.7e-10,A,U,PDB/SKEMPI_v2.0/3BT1.pdb,12.828499537958162,3BT1,3bt1_118,PDB/mutant_pdbs/3bt1/3bt1_118.pdb
U_Q129A,SKEMPI_v2.0,3BT1,3.9e-10,A,U,PDB/SKEMPI_v2.0/3BT1.pdb,12.614391472979836,3BT1,3bt1_119,PDB/mutant_pdbs/3bt1/3bt1_119.pdb
U_E130A,SKEMPI_v2.0,3BT1,4.9e-10,A,U,PDB/SKEMPI_v2.0/3BT1.pdb,12.48148767935039,3BT1,3bt1_120,PDB/mutant_pdbs/3bt1/3bt1_120.pdb
U_G131A,SKEMPI_v2.0,3BT1,3.2e-10,A,U,PDB/SKEMPI_v2.0/3BT1.pdb,12.729575679746736,3BT1,3bt1_121,PDB/mutant_pdbs/3bt1/3bt1_121.pdb
U_E132A,SKEMPI_v2.0,3BT1,3.5e-10,A,U,PDB/SKEMPI_v2.0/3BT1.pdb,12.677398924378114,3BT1,3bt1_122,PDB/mutant_pdbs/3bt1/3bt1_122.pdb
U_E133A,SKEMPI_v2.0,3BT1,3.6e-10,A,U,PDB/SKEMPI_v2.0/3BT1.pdb,12.660996407381498,3BT1,3bt1_123,PDB/mutant_pdbs/3bt1/3bt1_123.pdb
U_G134A,SKEMPI_v2.0,3BT1,4e-10,A,U,PDB/SKEMPI_v2.0/3BT1.pdb,12.599650157817008,3BT1,3bt1_124,PDB/mutant_pdbs/3bt1/3bt1_124.pdb
U_R135A,SKEMPI_v2.0,3BT1,7e-10,A,U,PDB/SKEMPI_v2.0/3BT1.pdb,12.273813390859551,3BT1,3bt1_125,PDB/mutant_pdbs/3bt1/3bt1_125.pdb
U_P136A,SKEMPI_v2.0,3BT1,8.1e-10,A,U,PDB/SKEMPI_v2.0/3BT1.pdb,12.1888316014977,3BT1,3bt1_126,PDB/mutant_pdbs/3bt1/3bt1_126.pdb
U_K137A,SKEMPI_v2.0,3BT1,1.31e-09,A,U,PDB/SKEMPI_v2.0/3BT1.pdb,11.908915572802332,3BT1,3bt1_127,PDB/mutant_pdbs/3bt1/3bt1_127.pdb
U_D138A,SKEMPI_v2.0,3BT1,4.1e-09,A,U,PDB/SKEMPI_v2.0/3BT1.pdb,11.244590740716903,3BT1,3bt1_128,PDB/mutant_pdbs/3bt1/3bt1_128.pdb
U_D139A,SKEMPI_v2.0,3BT1,2.7e-09,A,U,PDB/SKEMPI_v2.0/3BT1.pdb,11.487817415472747,3BT1,3bt1_129,PDB/mutant_pdbs/3bt1/3bt1_129.pdb
U_R140A,SKEMPI_v2.0,3BT1,1.79e-09,A,U,PDB/SKEMPI_v2.0/3BT1.pdb,11.727143564117723,3BT1,3bt1_130,PDB/mutant_pdbs/3bt1/3bt1_130.pdb
U_H141A,SKEMPI_v2.0,3BT1,1.35e-09,A,U,PDB/SKEMPI_v2.0/3BT1.pdb,11.891402948991308,3BT1,3bt1_131,PDB/mutant_pdbs/3bt1/3bt1_131.pdb
U_L142A,SKEMPI_v2.0,3BT1,1.56e-09,A,U,PDB/SKEMPI_v2.0/3BT1.pdb,11.807220405942713,3BT1,3bt1_132,PDB/mutant_pdbs/3bt1/3bt1_132.pdb
U_R143A,SKEMPI_v2.0,3BT1,2.17e-09,A,U,PDB/SKEMPI_v2.0/3BT1.pdb,11.615053552261793,3BT1,3bt1_133,PDB/mutant_pdbs/3bt1/3bt1_133.pdb
U_G144A,SKEMPI_v2.0,3BT1,3.8e-09,A,U,PDB/SKEMPI_v2.0/3BT1.pdb,11.288833599474264,3BT1,3bt1_134,PDB/mutant_pdbs/3bt1/3bt1_134.pdb
U_G146A,SKEMPI_v2.0,3BT1,5.23e-09,A,U,PDB/SKEMPI_v2.0/3BT1.pdb,11.102856733128784,3BT1,3bt1_135,PDB/mutant_pdbs/3bt1/3bt1_135.pdb
U_Y147A,SKEMPI_v2.0,3BT1,3.8e-10,A,U,PDB/SKEMPI_v2.0/3BT1.pdb,12.62951572195968,3BT1,3bt1_136,PDB/mutant_pdbs/3bt1/3bt1_136.pdb
U_L148A,SKEMPI_v2.0,3BT1,7.61e-09,A,U,PDB/SKEMPI_v2.0/3BT1.pdb,10.884482450003468,3BT1,3bt1_137,PDB/mutant_pdbs/3bt1/3bt1_137.pdb
U_P149A,SKEMPI_v2.0,3BT1,1.26e-09,A,U,PDB/SKEMPI_v2.0/3BT1.pdb,11.931574106905483,3BT1,3bt1_138,PDB/mutant_pdbs/3bt1/3bt1_138.pdb
U_G150A,SKEMPI_v2.0,3BT1,1.1e-09,A,U,PDB/SKEMPI_v2.0/3BT1.pdb,12.010644669375415,3BT1,3bt1_139,PDB/mutant_pdbs/3bt1/3bt1_139.pdb
U_P152A,SKEMPI_v2.0,3BT1,1e-09,A,U,PDB/SKEMPI_v2.0/3BT1.pdb,12.066139102368716,3BT1,3bt1_140,PDB/mutant_pdbs/3bt1/3bt1_140.pdb
U_S154A,SKEMPI_v2.0,3BT1,4.3e-10,A,U,PDB/SKEMPI_v2.0/3BT1.pdb,12.55754139130013,3BT1,3bt1_141,PDB/mutant_pdbs/3bt1/3bt1_141.pdb
U_N155A,SKEMPI_v2.0,3BT1,1.27e-09,A,U,PDB/SKEMPI_v2.0/3BT1.pdb,11.9269713094356,3BT1,3bt1_142,PDB/mutant_pdbs/3bt1/3bt1_142.pdb
U_G156A,SKEMPI_v2.0,3BT1,3.1e-10,A,U,PDB/SKEMPI_v2.0/3BT1.pdb,12.748061386256367,3BT1,3bt1_143,PDB/mutant_pdbs/3bt1/3bt1_143.pdb
U_F157A,SKEMPI_v2.0,3BT1,1.5e-09,A,U,PDB/SKEMPI_v2.0/3BT1.pdb,11.830056699426816,3BT1,3bt1_144,PDB/mutant_pdbs/3bt1/3bt1_144.pdb
U_H158A,SKEMPI_v2.0,3BT1,6.5e-10,A,U,PDB/SKEMPI_v2.0/3BT1.pdb,12.316962820473444,3BT1,3bt1_145,PDB/mutant_pdbs/3bt1/3bt1_145.pdb
U_N159A,SKEMPI_v2.0,3BT1,8.6e-10,A,U,PDB/SKEMPI_v2.0/3BT1.pdb,12.153955857781572,3BT1,3bt1_146,PDB/mutant_pdbs/3bt1/3bt1_146.pdb
U_N160Q,SKEMPI_v2.0,3BT1,8.9e-10,A,U,PDB/SKEMPI_v2.0/3BT1.pdb,12.133991015678987,3BT1,3bt1_147,PDB/mutant_pdbs/3bt1/3bt1_147.pdb
U_D161A,SKEMPI_v2.0,3BT1,3.9e-10,A,U,PDB/SKEMPI_v2.0/3BT1.pdb,12.614391472979836,3BT1,3bt1_148,PDB/mutant_pdbs/3bt1/3bt1_148.pdb
U_T162A,SKEMPI_v2.0,3BT1,4e-10,A,U,PDB/SKEMPI_v2.0/3BT1.pdb,12.599650157817008,3BT1,3bt1_149,PDB/mutant_pdbs/3bt1/3bt1_149.pdb
U_F163A,SKEMPI_v2.0,3BT1,2.77e-09,A,U,PDB/SKEMPI_v2.0/3BT1.pdb,11.472914386422536,3BT1,3bt1_150,PDB/mutant_pdbs/3bt1/3bt1_150.pdb
U_H164A,SKEMPI_v2.0,3BT1,2.61e-09,A,U,PDB/SKEMPI_v2.0/3BT1.pdb,11.50755662267703,3BT1,3bt1_151,PDB/mutant_pdbs/3bt1/3bt1_151.pdb
U_F165A,SKEMPI_v2.0,3BT1,5.7e-10,A,U,PDB/SKEMPI_v2.0/3BT1.pdb,12.393433319017777,3BT1,3bt1_152,PDB/mutant_pdbs/3bt1/3bt1_152.pdb
U_L166A,SKEMPI_v2.0,3BT1,1.62e-09,A,U,PDB/SKEMPI_v2.0/3BT1.pdb,11.785246067979138,3BT1,3bt1_153,PDB/mutant_pdbs/3bt1/3bt1_153.pdb
U_K167A,SKEMPI_v2.0,3BT1,7.4e-10,A,U,PDB/SKEMPI_v2.0/3BT1.pdb,12.241457797913558,3BT1,3bt1_154,PDB/mutant_pdbs/3bt1/3bt1_154.pdb
U_N170Q,SKEMPI_v2.0,3BT1,6.2e-10,A,U,PDB/SKEMPI_v2.0/3BT1.pdb,12.344475852737808,3BT1,3bt1_155,PDB/mutant_pdbs/3bt1/3bt1_155.pdb
U_T171A,SKEMPI_v2.0,3BT1,7.3e-10,A,U,PDB/SKEMPI_v2.0/3BT1.pdb,12.24937970035766,3BT1,3bt1_156,PDB/mutant_pdbs/3bt1/3bt1_156.pdb
U_T172A,SKEMPI_v2.0,3BT1,9.2e-10,A,U,PDB/SKEMPI_v2.0/3BT1.pdb,12.114688114862886,3BT1,3bt1_157,PDB/mutant_pdbs/3bt1/3bt1_157.pdb
U_K173A,SKEMPI_v2.0,3BT1,1.48e-09,A,U,PDB/SKEMPI_v2.0/3BT1.pdb,11.837872264394997,3BT1,3bt1_158,PDB/mutant_pdbs/3bt1/3bt1_158.pdb
U_E176A,SKEMPI_v2.0,3BT1,4.8e-10,A,U,PDB/SKEMPI_v2.0/3BT1.pdb,12.493493276804838,3BT1,3bt1_159,PDB/mutant_pdbs/3bt1/3bt1_159.pdb
U_G177A,SKEMPI_v2.0,3BT1,8e-10,A,U,PDB/SKEMPI_v2.0/3BT1.pdb,12.196064624298446,3BT1,3bt1_160,PDB/mutant_pdbs/3bt1/3bt1_160.pdb
U_P178A,SKEMPI_v2.0,3BT1,2.9e-10,A,U,PDB/SKEMPI_v2.0/3BT1.pdb,12.786892495597952,3BT1,3bt1_161,PDB/mutant_pdbs/3bt1/3bt1_161.pdb
U_I179A,SKEMPI_v2.0,3BT1,8.5e-10,A,U,PDB/SKEMPI_v2.0/3BT1.pdb,12.160765886849378,3BT1,3bt1_162,PDB/mutant_pdbs/3bt1/3bt1_162.pdb
U_L180A,SKEMPI_v2.0,3BT1,1.43e-09,A,U,PDB/SKEMPI_v2.0/3BT1.pdb,11.857882853961584,3BT1,3bt1_163,PDB/mutant_pdbs/3bt1/3bt1_163.pdb
U_E181A,SKEMPI_v2.0,3BT1,1e-09,A,U,PDB/SKEMPI_v2.0/3BT1.pdb,12.066139102368716,3BT1,3bt1_164,PDB/mutant_pdbs/3bt1/3bt1_164.pdb
U_L182A,SKEMPI_v2.0,3BT1,1.58e-09,A,U,PDB/SKEMPI_v2.0/3BT1.pdb,11.79980309738389,3BT1,3bt1_165,PDB/mutant_pdbs/3bt1/3bt1_165.pdb
U_E183A,SKEMPI_v2.0,3BT1,8.9e-10,A,U,PDB/SKEMPI_v2.0/3BT1.pdb,12.133991015678987,3BT1,3bt1_166,PDB/mutant_pdbs/3bt1/3bt1_166.pdb
U_N184A,SKEMPI_v2.0,3BT1,8e-10,A,U,PDB/SKEMPI_v2.0/3BT1.pdb,12.196064624298446,3BT1,3bt1_167,PDB/mutant_pdbs/3bt1/3bt1_167.pdb
U_L185A,SKEMPI_v2.0,3BT1,6.5e-10,A,U,PDB/SKEMPI_v2.0/3BT1.pdb,12.316962820473444,3BT1,3bt1_168,PDB/mutant_pdbs/3bt1/3bt1_168.pdb
U_P186A,SKEMPI_v2.0,3BT1,4.5e-10,A,U,PDB/SKEMPI_v2.0/3BT1.pdb,12.531070885451769,3BT1,3bt1_169,PDB/mutant_pdbs/3bt1/3bt1_169.pdb
U_Q187A,SKEMPI_v2.0,3BT1,3.4e-10,A,U,PDB/SKEMPI_v2.0/3BT1.pdb,12.69427694229767,3BT1,3bt1_170,PDB/mutant_pdbs/3bt1/3bt1_170.pdb
U_N188A,SKEMPI_v2.0,3BT1,3.1e-10,A,U,PDB/SKEMPI_v2.0/3BT1.pdb,12.748061386256367,3BT1,3bt1_171,PDB/mutant_pdbs/3bt1/3bt1_171.pdb
U_G189A,SKEMPI_v2.0,3BT1,3.9e-10,A,U,PDB/SKEMPI_v2.0/3BT1.pdb,12.614391472979836,3BT1,3bt1_172,PDB/mutant_pdbs/3bt1/3bt1_172.pdb
U_R190A,SKEMPI_v2.0,3BT1,7.9e-10,A,U,PDB/SKEMPI_v2.0/3BT1.pdb,12.203388630902452,3BT1,3bt1_173,PDB/mutant_pdbs/3bt1/3bt1_173.pdb
U_Q191A,SKEMPI_v2.0,3BT1,3.3e-10,A,U,PDB/SKEMPI_v2.0/3BT1.pdb,12.711658855400367,3BT1,3bt1_174,PDB/mutant_pdbs/3bt1/3bt1_174.pdb
U_Y193A,SKEMPI_v2.0,3BT1,4.1e-10,A,U,PDB/SKEMPI_v2.0/3BT1.pdb,12.585272863202317,3BT1,3bt1_175,PDB/mutant_pdbs/3bt1/3bt1_175.pdb
U_S194A,SKEMPI_v2.0,3BT1,2.9e-10,A,U,PDB/SKEMPI_v2.0/3BT1.pdb,12.786892495597952,3BT1,3bt1_176,PDB/mutant_pdbs/3bt1/3bt1_176.pdb
U_K196A,SKEMPI_v2.0,3BT1,7e-10,A,U,PDB/SKEMPI_v2.0/3BT1.pdb,12.273813390859551,3BT1,3bt1_177,PDB/mutant_pdbs/3bt1/3bt1_177.pdb
U_G197A,SKEMPI_v2.0,3BT1,4.8e-10,A,U,PDB/SKEMPI_v2.0/3BT1.pdb,12.493493276804838,3BT1,3bt1_178,PDB/mutant_pdbs/3bt1/3bt1_178.pdb
U_N198Q,SKEMPI_v2.0,3BT1,4.7e-10,A,U,PDB/SKEMPI_v2.0/3BT1.pdb,12.505751642158971,3BT1,3bt1_179,PDB/mutant_pdbs/3bt1/3bt1_179.pdb
U_S199A,SKEMPI_v2.0,3BT1,3.7e-10,A,U,PDB/SKEMPI_v2.0/3BT1.pdb,12.645043331432118,3BT1,3bt1_180,PDB/mutant_pdbs/3bt1/3bt1_180.pdb
U_T200A,SKEMPI_v2.0,3BT1,3.1e-10,A,U,PDB/SKEMPI_v2.0/3BT1.pdb,12.748061386256367,3BT1,3bt1_181,PDB/mutant_pdbs/3bt1/3bt1_181.pdb
U_H201A,SKEMPI_v2.0,3BT1,4.7e-10,A,U,PDB/SKEMPI_v2.0/3BT1.pdb,12.505751642158971,3BT1,3bt1_182,PDB/mutant_pdbs/3bt1/3bt1_182.pdb
U_G202A,SKEMPI_v2.0,3BT1,2.3e-10,A,U,PDB/SKEMPI_v2.0/3BT1.pdb,12.921859181900007,3BT1,3bt1_183,PDB/mutant_pdbs/3bt1/3bt1_183.pdb
U_S204A,SKEMPI_v2.0,3BT1,3.2e-10,A,U,PDB/SKEMPI_v2.0/3BT1.pdb,12.729575679746736,3BT1,3bt1_184,PDB/mutant_pdbs/3bt1/3bt1_184.pdb
U_S205A,SKEMPI_v2.0,3BT1,3.2e-10,A,U,PDB/SKEMPI_v2.0/3BT1.pdb,12.729575679746736,3BT1,3bt1_185,PDB/mutant_pdbs/3bt1/3bt1_185.pdb
U_E206A,SKEMPI_v2.0,3BT1,3.8e-10,A,U,PDB/SKEMPI_v2.0/3BT1.pdb,12.62951572195968,3BT1,3bt1_186,PDB/mutant_pdbs/3bt1/3bt1_186.pdb
U_E207A,SKEMPI_v2.0,3BT1,3e-10,A,U,PDB/SKEMPI_v2.0/3BT1.pdb,12.767153288393668,3BT1,3bt1_187,PDB/mutant_pdbs/3bt1/3bt1_187.pdb
U_T208A,SKEMPI_v2.0,3BT1,6.8e-10,A,U,PDB/SKEMPI_v2.0/3BT1.pdb,12.290691408779107,3BT1,3bt1_188,PDB/mutant_pdbs/3bt1/3bt1_188.pdb
U_F209A,SKEMPI_v2.0,3BT1,6.4e-10,A,U,PDB/SKEMPI_v2.0/3BT1.pdb,12.325990146228177,3BT1,3bt1_189,PDB/mutant_pdbs/3bt1/3bt1_189.pdb
U_L210A,SKEMPI_v2.0,3BT1,1.9e-10,A,U,PDB/SKEMPI_v2.0/3BT1.pdb,13.033101255478238,3BT1,3bt1_190,PDB/mutant_pdbs/3bt1/3bt1_190.pdb
U_I211A,SKEMPI_v2.0,3BT1,5.9e-10,A,U,PDB/SKEMPI_v2.0/3BT1.pdb,12.373353713763589,3BT1,3bt1_191,PDB/mutant_pdbs/3bt1/3bt1_191.pdb
U_D212A,SKEMPI_v2.0,3BT1,4.1e-10,A,U,PDB/SKEMPI_v2.0/3BT1.pdb,12.585272863202317,3BT1,3bt1_192,PDB/mutant_pdbs/3bt1/3bt1_192.pdb
U_R214A,SKEMPI_v2.0,3BT1,4.4e-10,A,U,PDB/SKEMPI_v2.0/3BT1.pdb,12.544155724823707,3BT1,3bt1_193,PDB/mutant_pdbs/3bt1/3bt1_193.pdb
U_G215A,SKEMPI_v2.0,3BT1,3.9e-10,A,U,PDB/SKEMPI_v2.0/3BT1.pdb,12.614391472979836,3BT1,3bt1_194,PDB/mutant_pdbs/3bt1/3bt1_194.pdb
U_P216A,SKEMPI_v2.0,3BT1,3.8e-10,A,U,PDB/SKEMPI_v2.0/3BT1.pdb,12.62951572195968,3BT1,3bt1_195,PDB/mutant_pdbs/3bt1/3bt1_195.pdb
U_M217A,SKEMPI_v2.0,3BT1,2.61e-09,A,U,PDB/SKEMPI_v2.0/3BT1.pdb,11.50755662267703,3BT1,3bt1_196,PDB/mutant_pdbs/3bt1/3bt1_196.pdb
U_N218A,SKEMPI_v2.0,3BT1,3.4e-10,A,U,PDB/SKEMPI_v2.0/3BT1.pdb,12.69427694229767,3BT1,3bt1_197,PDB/mutant_pdbs/3bt1/3bt1_197.pdb
U_Q219A,SKEMPI_v2.0,3BT1,4.1e-10,A,U,PDB/SKEMPI_v2.0/3BT1.pdb,12.585272863202317,3BT1,3bt1_198,PDB/mutant_pdbs/3bt1/3bt1_198.pdb
U_L221A,SKEMPI_v2.0,3BT1,7.2e-10,A,U,PDB/SKEMPI_v2.0/3BT1.pdb,12.25741087386294,3BT1,3bt1_199,PDB/mutant_pdbs/3bt1/3bt1_199.pdb
U_V222A,SKEMPI_v2.0,3BT1,2e-10,A,U,PDB/SKEMPI_v2.0/3BT1.pdb,13.003235691335567,3BT1,3bt1_200,PDB/mutant_pdbs/3bt1/3bt1_200.pdb
U_A223S,SKEMPI_v2.0,3BT1,3.1e-10,A,U,PDB/SKEMPI_v2.0/3BT1.pdb,12.748061386256367,3BT1,3bt1_201,PDB/mutant_pdbs/3bt1/3bt1_201.pdb
U_T224A,SKEMPI_v2.0,3BT1,3.2e-10,A,U,PDB/SKEMPI_v2.0/3BT1.pdb,12.729575679746736,3BT1,3bt1_202,PDB/mutant_pdbs/3bt1/3bt1_202.pdb
U_G225A,SKEMPI_v2.0,3BT1,1.53e-09,A,U,PDB/SKEMPI_v2.0/3BT1.pdb,11.818526602895309,3BT1,3bt1_203,PDB/mutant_pdbs/3bt1/3bt1_203.pdb
U_T226A,SKEMPI_v2.0,3BT1,4.4e-10,A,U,PDB/SKEMPI_v2.0/3BT1.pdb,12.544155724823707,3BT1,3bt1_204,PDB/mutant_pdbs/3bt1/3bt1_204.pdb
U_H227A,SKEMPI_v2.0,3BT1,7.2e-10,A,U,PDB/SKEMPI_v2.0/3BT1.pdb,12.25741087386294,3BT1,3bt1_205,PDB/mutant_pdbs/3bt1/3bt1_205.pdb
U_E228A,SKEMPI_v2.0,3BT1,6.2e-10,A,U,PDB/SKEMPI_v2.0/3BT1.pdb,12.344475852737808,3BT1,3bt1_206,PDB/mutant_pdbs/3bt1/3bt1_206.pdb
U_P229A,SKEMPI_v2.0,3BT1,5e-10,A,U,PDB/SKEMPI_v2.0/3BT1.pdb,12.469724635887278,3BT1,3bt1_207,PDB/mutant_pdbs/3bt1/3bt1_207.pdb
U_K230A,SKEMPI_v2.0,3BT1,7.2e-10,A,U,PDB/SKEMPI_v2.0/3BT1.pdb,12.25741087386294,3BT1,3bt1_208,PDB/mutant_pdbs/3bt1/3bt1_208.pdb
U_N231A,SKEMPI_v2.0,3BT1,8.1e-10,A,U,PDB/SKEMPI_v2.0/3BT1.pdb,12.1888316014977,3BT1,3bt1_209,PDB/mutant_pdbs/3bt1/3bt1_209.pdb
U_Q232A,SKEMPI_v2.0,3BT1,5.4e-10,A,U,PDB/SKEMPI_v2.0/3BT1.pdb,12.4249140044396,3BT1,3bt1_210,PDB/mutant_pdbs/3bt1/3bt1_210.pdb
U_S233A,SKEMPI_v2.0,3BT1,3.4e-10,A,U,PDB/SKEMPI_v2.0/3BT1.pdb,12.69427694229767,3BT1,3bt1_211,PDB/mutant_pdbs/3bt1/3bt1_211.pdb
U_Y234A,SKEMPI_v2.0,3BT1,6.3e-10,A,U,PDB/SKEMPI_v2.0/3BT1.pdb,12.335159640424045,3BT1,3bt1_212,PDB/mutant_pdbs/3bt1/3bt1_212.pdb
U_M235A,SKEMPI_v2.0,3BT1,5e-10,A,U,PDB/SKEMPI_v2.0/3BT1.pdb,12.469724635887278,3BT1,3bt1_213,PDB/mutant_pdbs/3bt1/3bt1_213.pdb
U_V236A,SKEMPI_v2.0,3BT1,6e-10,A,U,PDB/SKEMPI_v2.0/3BT1.pdb,12.363567754875108,3BT1,3bt1_214,PDB/mutant_pdbs/3bt1/3bt1_214.pdb
U_R237A,SKEMPI_v2.0,3BT1,6.4e-10,A,U,PDB/SKEMPI_v2.0/3BT1.pdb,12.325990146228177,3BT1,3bt1_215,PDB/mutant_pdbs/3bt1/3bt1_215.pdb
U_G238A,SKEMPI_v2.0,3BT1,4e-10,A,U,PDB/SKEMPI_v2.0/3BT1.pdb,12.599650157817008,3BT1,3bt1_216,PDB/mutant_pdbs/3bt1/3bt1_216.pdb
U_A240S,SKEMPI_v2.0,3BT1,3.4e-10,A,U,PDB/SKEMPI_v2.0/3BT1.pdb,12.69427694229767,3BT1,3bt1_217,PDB/mutant_pdbs/3bt1/3bt1_217.pdb
U_T241A,SKEMPI_v2.0,3BT1,8.3e-10,A,U,PDB/SKEMPI_v2.0/3BT1.pdb,12.17462965723753,3BT1,3bt1_218,PDB/mutant_pdbs/3bt1/3bt1_218.pdb
U_A242S,SKEMPI_v2.0,3BT1,2.7e-10,A,U,PDB/SKEMPI_v2.0/3BT1.pdb,12.828499537958162,3BT1,3bt1_219,PDB/mutant_pdbs/3bt1/3bt1_219.pdb
U_S243A,SKEMPI_v2.0,3BT1,4.1e-10,A,U,PDB/SKEMPI_v2.0/3BT1.pdb,12.585272863202317,3BT1,3bt1_220,PDB/mutant_pdbs/3bt1/3bt1_220.pdb
U_M244A,SKEMPI_v2.0,3BT1,5.7e-10,A,U,PDB/SKEMPI_v2.0/3BT1.pdb,12.393433319017777,3BT1,3bt1_221,PDB/mutant_pdbs/3bt1/3bt1_221.pdb
U_Q246A,SKEMPI_v2.0,3BT1,1e-09,A,U,PDB/SKEMPI_v2.0/3BT1.pdb,12.066139102368716,3BT1,3bt1_222,PDB/mutant_pdbs/3bt1/3bt1_222.pdb
U_H247A,SKEMPI_v2.0,3BT1,5e-10,A,U,PDB/SKEMPI_v2.0/3BT1.pdb,12.469724635887278,3BT1,3bt1_223,PDB/mutant_pdbs/3bt1/3bt1_223.pdb
U_A248S,SKEMPI_v2.0,3BT1,5.7e-10,A,U,PDB/SKEMPI_v2.0/3BT1.pdb,12.393433319017777,3BT1,3bt1_224,PDB/mutant_pdbs/3bt1/3bt1_224.pdb
U_H249A,SKEMPI_v2.0,3BT1,7.4e-10,A,U,PDB/SKEMPI_v2.0/3BT1.pdb,12.241457797913558,3BT1,3bt1_225,PDB/mutant_pdbs/3bt1/3bt1_225.pdb
U_L250A,SKEMPI_v2.0,3BT1,9.3e-10,A,U,PDB/SKEMPI_v2.0/3BT1.pdb,12.108393449795908,3BT1,3bt1_226,PDB/mutant_pdbs/3bt1/3bt1_226.pdb
U_G251A,SKEMPI_v2.0,3BT1,6.2e-10,A,U,PDB/SKEMPI_v2.0/3BT1.pdb,12.344475852737808,3BT1,3bt1_227,PDB/mutant_pdbs/3bt1/3bt1_227.pdb
U_D252A,SKEMPI_v2.0,3BT1,5.1e-10,A,U,PDB/SKEMPI_v2.0/3BT1.pdb,12.458194539355771,3BT1,3bt1_228,PDB/mutant_pdbs/3bt1/3bt1_228.pdb
U_A253S,SKEMPI_v2.0,3BT1,6.5e-10,A,U,PDB/SKEMPI_v2.0/3BT1.pdb,12.316962820473444,3BT1,3bt1_229,PDB/mutant_pdbs/3bt1/3bt1_229.pdb
U_F254A,SKEMPI_v2.0,3BT1,2.08e-09,A,U,PDB/SKEMPI_v2.0/3BT1.pdb,11.639717275366053,3BT1,3bt1_230,PDB/mutant_pdbs/3bt1/3bt1_230.pdb
U_S255A,SKEMPI_v2.0,3BT1,6.6e-10,A,U,PDB/SKEMPI_v2.0/3BT1.pdb,12.308073321881809,3BT1,3bt1_231,PDB/mutant_pdbs/3bt1/3bt1_231.pdb
U_M256A,SKEMPI_v2.0,3BT1,1.6e-09,A,U,PDB/SKEMPI_v2.0/3BT1.pdb,11.792479090779885,3BT1,3bt1_232,PDB/mutant_pdbs/3bt1/3bt1_232.pdb
U_N257A,SKEMPI_v2.0,3BT1,3.1e-10,A,U,PDB/SKEMPI_v2.0/3BT1.pdb,12.748061386256367,3BT1,3bt1_233,PDB/mutant_pdbs/3bt1/3bt1_233.pdb
U_H258A,SKEMPI_v2.0,3BT1,5e-10,A,U,PDB/SKEMPI_v2.0/3BT1.pdb,12.469724635887278,3BT1,3bt1_234,PDB/mutant_pdbs/3bt1/3bt1_234.pdb
U_I259A,SKEMPI_v2.0,3BT1,5.8e-10,A,U,PDB/SKEMPI_v2.0/3BT1.pdb,12.38330696207939,3BT1,3bt1_235,PDB/mutant_pdbs/3bt1/3bt1_235.pdb
U_D260A,SKEMPI_v2.0,3BT1,5.5e-10,A,U,PDB/SKEMPI_v2.0/3BT1.pdb,12.414230202893977,3BT1,3bt1_236,PDB/mutant_pdbs/3bt1/3bt1_236.pdb
U_V261A,SKEMPI_v2.0,3BT1,6.9e-10,A,U,PDB/SKEMPI_v2.0/3BT1.pdb,12.282191245439547,3BT1,3bt1_237,PDB/mutant_pdbs/3bt1/3bt1_237.pdb
U_S262A,SKEMPI_v2.0,3BT1,4.1e-10,A,U,PDB/SKEMPI_v2.0/3BT1.pdb,12.585272863202317,3BT1,3bt1_238,PDB/mutant_pdbs/3bt1/3bt1_238.pdb
U_T265A,SKEMPI_v2.0,3BT1,5.1e-10,A,U,PDB/SKEMPI_v2.0/3BT1.pdb,12.458194539355771,3BT1,3bt1_239,PDB/mutant_pdbs/3bt1/3bt1_239.pdb
U_K266A,SKEMPI_v2.0,3BT1,5.4e-10,A,U,PDB/SKEMPI_v2.0/3BT1.pdb,12.4249140044396,3BT1,3bt1_240,PDB/mutant_pdbs/3bt1/3bt1_240.pdb
U_S267A,SKEMPI_v2.0,3BT1,3.6e-10,A,U,PDB/SKEMPI_v2.0/3BT1.pdb,12.660996407381498,3BT1,3bt1_241,PDB/mutant_pdbs/3bt1/3bt1_241.pdb
U_G268A,SKEMPI_v2.0,3BT1,2.8e-10,A,U,PDB/SKEMPI_v2.0/3BT1.pdb,12.807324446307844,3BT1,3bt1_242,PDB/mutant_pdbs/3bt1/3bt1_242.pdb
U_H271A,SKEMPI_v2.0,3BT1,5.9e-10,A,U,PDB/SKEMPI_v2.0/3BT1.pdb,12.373353713763589,3BT1,3bt1_243,PDB/mutant_pdbs/3bt1/3bt1_243.pdb
U_P272A,SKEMPI_v2.0,3BT1,4.5e-10,A,U,PDB/SKEMPI_v2.0/3BT1.pdb,12.531070885451769,3BT1,3bt1_244,PDB/mutant_pdbs/3bt1/3bt1_244.pdb
U_D273A,SKEMPI_v2.0,3BT1,5e-10,A,U,PDB/SKEMPI_v2.0/3BT1.pdb,12.469724635887278,3BT1,3bt1_245,PDB/mutant_pdbs/3bt1/3bt1_245.pdb
I_D13K,SKEMPI_v2.0,3BTD,5.88e-14,E,I,PDB/SKEMPI_v2.0/3BTD.pdb,17.85913819127154,3BTD,3btd_1,PDB/mutant_pdbs/3btd/3btd_1.pdb
I_E13K,SKEMPI_v2.0,3BTE,5.88e-14,E,I,PDB/SKEMPI_v2.0/3BTE.pdb,17.85913819127154,3BTE,3bte_1,PDB/mutant_pdbs/3bte/3bte_1.pdb
I_F13K,SKEMPI_v2.0,3BTF,5.88e-14,E,I,PDB/SKEMPI_v2.0/3BTF.pdb,17.85913819127154,3BTF,3btf_1,PDB/mutant_pdbs/3btf/3btf_1.pdb
I_G13K,SKEMPI_v2.0,3BTG,5.88e-14,E,I,PDB/SKEMPI_v2.0/3BTG.pdb,17.85913819127154,3BTG,3btg_1,PDB/mutant_pdbs/3btg/3btg_1.pdb
I_H13K,SKEMPI_v2.0,3BTH,5.88e-14,E,I,PDB/SKEMPI_v2.0/3BTH.pdb,17.85913819127154,3BTH,3bth_1,PDB/mutant_pdbs/3bth/3bth_1.pdb
I_M13K,SKEMPI_v2.0,3BTM,5.88e-14,E,I,PDB/SKEMPI_v2.0/3BTM.pdb,17.85913819127154,3BTM,3btm_1,PDB/mutant_pdbs/3btm/3btm_1.pdb
I_Q13K,SKEMPI_v2.0,3BTQ,5.88e-14,E,I,PDB/SKEMPI_v2.0/3BTQ.pdb,17.85913819127154,3BTQ,3btq_1,PDB/mutant_pdbs/3btq/3btq_1.pdb
I_T13K,SKEMPI_v2.0,3BTT,5.88e-14,E,I,PDB/SKEMPI_v2.0/3BTT.pdb,17.85913819127154,3BTT,3btt_1,PDB/mutant_pdbs/3btt/3btt_1.pdb
I_W13K,SKEMPI_v2.0,3BTW,5.88e-14,E,I,PDB/SKEMPI_v2.0/3BTW.pdb,17.85913819127154,3BTW,3btw_1,PDB/mutant_pdbs/3btw/3btw_1.pdb
C_F84V,SKEMPI_v2.0,3BX1,9e-09,A,C,PDB/SKEMPI_v2.0/3BX1.pdb,10.970878369882058,3BX1,3bx1_1,PDB/mutant_pdbs/3bx1/3bx1_1.pdb
C_R85G,SKEMPI_v2.0,3BX1,8.2e-09,A,C,PDB/SKEMPI_v2.0/3BX1.pdb,11.026005296058385,3BX1,3bx1_2,PDB/mutant_pdbs/3bx1/3bx1_2.pdb
C_A86T,SKEMPI_v2.0,3BX1,1e-07,A,C,PDB/SKEMPI_v2.0/3BX1.pdb,9.544924598991711,3BX1,3bx1_3,PDB/mutant_pdbs/3bx1/3bx1_3.pdb
C_Y87I,SKEMPI_v2.0,3BX1,9.11e-08,A,C,PDB/SKEMPI_v2.0/3BX1.pdb,9.600123747482789,3BX1,3bx1_4,PDB/mutant_pdbs/3bx1/3bx1_4.pdb
C_Y87A,SKEMPI_v2.0,3BX1,4.03e-08,A,C,PDB/SKEMPI_v2.0/3BX1.pdb,10.08311510958966,3BX1,3bx1_5,PDB/mutant_pdbs/3bx1/3bx1_5.pdb
C_T88V,SKEMPI_v2.0,3BX1,5.42e-07,A,C,PDB/SKEMPI_v2.0/3BX1.pdb,8.544072049602766,3BX1,3bx1_6,PDB/mutant_pdbs/3bx1/3bx1_6.pdb
C_T89A,SKEMPI_v2.0,3BX1,6e-09,A,C,PDB/SKEMPI_v2.0/3BX1.pdb,11.210989482771772,3BX1,3bx1_7,PDB/mutant_pdbs/3bx1/3bx1_7.pdb
C_K40A,SKEMPI_v2.0,3C60,0.000177,"C, D","A, B",PDB/SKEMPI_v2.0/3C60.pdb,5.116116037996816,3C60,3c60_1,PDB/mutant_pdbs/3c60/3c60_1.pdb
C_D56A,SKEMPI_v2.0,3C60,3.9e-05,"C, D","A, B",PDB/SKEMPI_v2.0/3C60.pdb,6.01185084110828,3C60,3c60_2,PDB/mutant_pdbs/3c60/3c60_2.pdb
C_Q58A,SKEMPI_v2.0,3C60,6.1e-05,"C, D","A, B",PDB/SKEMPI_v2.0/3C60.pdb,5.746958419206027,3C60,3c60_3,PDB/mutant_pdbs/3c60/3c60_3.pdb
C_L61A,SKEMPI_v2.0,3C60,5.9e-05,"C, D","A, B",PDB/SKEMPI_v2.0/3C60.pdb,5.766699809550459,3C60,3c60_4,PDB/mutant_pdbs/3c60/3c60_4.pdb
C_Q62A,SKEMPI_v2.0,3C60,5.2e-05,"C, D","A, B",PDB/SKEMPI_v2.0/3C60.pdb,5.841489295334064,3C60,3c60_5,PDB/mutant_pdbs/3c60/3c60_5.pdb
C_N63A,SKEMPI_v2.0,3C60,6e-05,"C, D","A, B",PDB/SKEMPI_v2.0/3C60.pdb,5.756746854776509,3C60,3c60_6,PDB/mutant_pdbs/3c60/3c60_6.pdb
C_V66A,SKEMPI_v2.0,3C60,9.9e-05,"C, D","A, B",PDB/SKEMPI_v2.0/3C60.pdb,5.460194304917501,3C60,3c60_7,PDB/mutant_pdbs/3c60/3c60_7.pdb
C_K68A,SKEMPI_v2.0,3C60,3.1e-05,"C, D","A, B",PDB/SKEMPI_v2.0/3C60.pdb,6.147801810925368,3C60,3c60_8,PDB/mutant_pdbs/3c60/3c60_8.pdb
C_H69A,SKEMPI_v2.0,3C60,2.2e-05,"C, D","A, B",PDB/SKEMPI_v2.0/3C60.pdb,6.3508891893608554,3C60,3c60_9,PDB/mutant_pdbs/3c60/3c60_9.pdb
C_V73A,SKEMPI_v2.0,3C60,1.2e-05,"C, D","A, B",PDB/SKEMPI_v2.0/3C60.pdb,6.709834853111396,3C60,3c60_10,PDB/mutant_pdbs/3c60/3c60_10.pdb
C_K76A,SKEMPI_v2.0,3C60,1.3e-05,"C, D","A, B",PDB/SKEMPI_v2.0/3C60.pdb,6.662434612661921,3C60,3c60_11,PDB/mutant_pdbs/3c60/3c60_11.pdb
D_F1A,SKEMPI_v2.0,3C60,1.2e-05,"C, D","A, B",PDB/SKEMPI_v2.0/3C60.pdb,6.709834853111396,3C60,3c60_12,PDB/mutant_pdbs/3c60/3c60_12.pdb
D_E2A,SKEMPI_v2.0,3C60,1.3e-05,"C, D","A, B",PDB/SKEMPI_v2.0/3C60.pdb,6.662434612661921,3C60,3c60_13,PDB/mutant_pdbs/3c60/3c60_13.pdb
D_Q4A,SKEMPI_v2.0,3C60,8.6e-05,"C, D","A, B",PDB/SKEMPI_v2.0/3C60.pdb,5.543557962852025,3C60,3c60_14,PDB/mutant_pdbs/3c60/3c60_14.pdb
D_K5A,SKEMPI_v2.0,3C60,8.4e-05,"C, D","A, B",PDB/SKEMPI_v2.0/3C60.pdb,5.5574924144411435,3C60,3c60_15,PDB/mutant_pdbs/3c60/3c60_15.pdb
D_K7A,SKEMPI_v2.0,3C60,0.000453,"C, D","A, B",PDB/SKEMPI_v2.0/3C60.pdb,4.559612932602905,3C60,3c60_16,PDB/mutant_pdbs/3c60/3c60_16.pdb
D_N9A,SKEMPI_v2.0,3C60,1.2e-05,"C, D","A, B",PDB/SKEMPI_v2.0/3C60.pdb,6.709834853111396,3C60,3c60_17,PDB/mutant_pdbs/3c60/3c60_17.pdb
D_K10A,SKEMPI_v2.0,3C60,1.2e-05,"C, D","A, B",PDB/SKEMPI_v2.0/3C60.pdb,6.709834853111396,3C60,3c60_18,PDB/mutant_pdbs/3c60/3c60_18.pdb
D_V12A,SKEMPI_v2.0,3C60,1.2e-05,"C, D","A, B",PDB/SKEMPI_v2.0/3C60.pdb,6.709834853111396,3C60,3c60_19,PDB/mutant_pdbs/3c60/3c60_19.pdb
D_D13A,SKEMPI_v2.0,3C60,1.3e-05,"C, D","A, B",PDB/SKEMPI_v2.0/3C60.pdb,6.662434612661921,3C60,3c60_20,PDB/mutant_pdbs/3c60/3c60_20.pdb
D_E69A,SKEMPI_v2.0,3C60,1.3e-05,"C, D","A, B",PDB/SKEMPI_v2.0/3C60.pdb,6.662434612661921,3C60,3c60_21,PDB/mutant_pdbs/3c60/3c60_21.pdb
D_Y70A,SKEMPI_v2.0,3C60,1.2e-05,"C, D","A, B",PDB/SKEMPI_v2.0/3C60.pdb,6.709834853111396,3C60,3c60_22,PDB/mutant_pdbs/3c60/3c60_22.pdb
D_S73A,SKEMPI_v2.0,3C60,1.2e-05,"C, D","A, B",PDB/SKEMPI_v2.0/3C60.pdb,6.709834853111396,3C60,3c60_23,PDB/mutant_pdbs/3c60/3c60_23.pdb
D_Q74A,SKEMPI_v2.0,3C60,1.2e-05,"C, D","A, B",PDB/SKEMPI_v2.0/3C60.pdb,6.709834853111396,3C60,3c60_24,PDB/mutant_pdbs/3c60/3c60_24.pdb
D_P75A,SKEMPI_v2.0,3C60,1.2e-05,"C, D","A, B",PDB/SKEMPI_v2.0/3C60.pdb,6.709834853111396,3C60,3c60_25,PDB/mutant_pdbs/3c60/3c60_25.pdb
D_E76A,SKEMPI_v2.0,3C60,1.2e-05,"C, D","A, B",PDB/SKEMPI_v2.0/3C60.pdb,6.709834853111396,3C60,3c60_26,PDB/mutant_pdbs/3c60/3c60_26.pdb
D_I77A,SKEMPI_v2.0,3C60,1.3e-05,"C, D","A, B",PDB/SKEMPI_v2.0/3C60.pdb,6.662434612661921,3C60,3c60_27,PDB/mutant_pdbs/3c60/3c60_27.pdb
D_E79A,SKEMPI_v2.0,3C60,1.3e-05,"C, D","A, B",PDB/SKEMPI_v2.0/3C60.pdb,6.662434612661921,3C60,3c60_28,PDB/mutant_pdbs/3c60/3c60_28.pdb
D_R80A,SKEMPI_v2.0,3C60,0.000367,"C, D","A, B",PDB/SKEMPI_v2.0/3C60.pdb,4.684286198438749,3C60,3c60_29,PDB/mutant_pdbs/3c60/3c60_29.pdb
D_R82A,SKEMPI_v2.0,3C60,1.2e-05,"C, D","A, B",PDB/SKEMPI_v2.0/3C60.pdb,6.709834853111396,3C60,3c60_30,PDB/mutant_pdbs/3c60/3c60_30.pdb
D_D86A,SKEMPI_v2.0,3C60,1.3e-05,"C, D","A, B",PDB/SKEMPI_v2.0/3C60.pdb,6.662434612661921,3C60,3c60_31,PDB/mutant_pdbs/3c60/3c60_31.pdb
D_T87A,SKEMPI_v2.0,3C60,8.6e-05,"C, D","A, B",PDB/SKEMPI_v2.0/3C60.pdb,5.543557962852025,3C60,3c60_32,PDB/mutant_pdbs/3c60/3c60_32.pdb
D_R90A,SKEMPI_v2.0,3C60,1.3e-05,"C, D","A, B",PDB/SKEMPI_v2.0/3C60.pdb,6.662434612661921,3C60,3c60_33,PDB/mutant_pdbs/3c60/3c60_33.pdb
D_H91A,SKEMPI_v2.0,3C60,7.5e-05,"C, D","A, B",PDB/SKEMPI_v2.0/3C60.pdb,5.624604173769479,3C60,3c60_34,PDB/mutant_pdbs/3c60/3c60_34.pdb
D_E94A,SKEMPI_v2.0,3C60,1.2e-05,"C, D","A, B",PDB/SKEMPI_v2.0/3C60.pdb,6.709834853111396,3C60,3c60_35,PDB/mutant_pdbs/3c60/3c60_35.pdb
E_E30A,SKEMPI_v2.0,3D3V,3.07e-05,"A, B, C","D, E",PDB/SKEMPI_v2.0/3D3V.pdb,6.153560561679071,3D3V,3d3v_1,PDB/mutant_pdbs/3d3v/3d3v_1.pdb
C_Y8A,SKEMPI_v2.0,3D3V,0.000275,"A, B, C","D, E",PDB/SKEMPI_v2.0/3D3V.pdb,4.855185851355011,3D3V,3d3v_2,PDB/mutant_pdbs/3d3v/3d3v_2.pdb
"C_Y8A, E_E30A",SKEMPI_v2.0,3D3V,0.000626,"A, B, C","D, E",PDB/SKEMPI_v2.0/3D3V.pdb,4.368065206854456,3D3V,3d3v_3,PDB/mutant_pdbs/3d3v/3d3v_3.pdb
C_Y8F,SKEMPI_v2.0,3D3V,9.57e-06,"A, B, C","D, E",PDB/SKEMPI_v2.0/3D3V.pdb,6.843831015659921,3D3V,3d3v_4,PDB/mutant_pdbs/3d3v/3d3v_4.pdb
"C_Y8F, E_E30A",SKEMPI_v2.0,3D3V,0.000154,"A, B, C","D, E",PDB/SKEMPI_v2.0/3D3V.pdb,5.198546750690604,3D3V,3d3v_5,PDB/mutant_pdbs/3d3v/3d3v_5.pdb
E_L97A,SKEMPI_v2.0,3D3V,7.17e-05,"A, B, C","D, E",PDB/SKEMPI_v2.0/3D3V.pdb,5.651251023016623,3D3V,3d3v_6,PDB/mutant_pdbs/3d3v/3d3v_6.pdb
"C_Y8A, E_L97A",SKEMPI_v2.0,3D3V,0.00143,"A, B, C","D, E",PDB/SKEMPI_v2.0/3D3V.pdb,3.878871861694995,3D3V,3d3v_7,PDB/mutant_pdbs/3d3v/3d3v_7.pdb
C_A38N,SKEMPI_v2.0,3D5R,1.4e-09,A,C,PDB/SKEMPI_v2.0/3D5R.pdb,12.072791472653979,3D5R,3d5r_1,PDB/mutant_pdbs/3d5r/3d5r_1.pdb
C_A31R,SKEMPI_v2.0,3D5S,1.4e-09,A,C,PDB/SKEMPI_v2.0/3D5S.pdb,12.072791472653979,3D5S,3d5s_1,PDB/mutant_pdbs/3d5s/3d5s_1.pdb
A_Y116D,ATLAS,3DXA,6.3e-06,"A, C","D, E",PDB/ATLAS/3DXA.pdb,7.094984121216127,3DXA_at,3dxa_at_1,PDB/mutant_pdbs/3dxa_at/3dxa_at_1.pdb
"A_D156L, A_Y116D",ATLAS,3DXA,9.4e-06,"A, C","D, E",PDB/ATLAS/3DXA.pdb,6.857895310631518,3DXA_at,3dxa_at_2,PDB/mutant_pdbs/3dxa_at/3dxa_at_2.pdb
A_H104F,SKEMPI_v2.0,3EG5,3.7e-08,A,B,PDB/SKEMPI_v2.0/3EG5.pdb,9.963679086461294,3EG5,3eg5_1,PDB/mutant_pdbs/3eg5/3eg5_1.pdb
"B_H75N, B_S74N, B_T73N",SKEMPI_v2.0,3EG5,7.4e-06,A,B,PDB/SKEMPI_v2.0/3EG5.pdb,6.8787293079719065,3EG5,3eg5_2,PDB/mutant_pdbs/3eg5/3eg5_2.pdb
"A_H104F, B_H75N, B_S74N, B_T73N",SKEMPI_v2.0,3EG5,1.33e-07,A,B,PDB/SKEMPI_v2.0/3EG5.pdb,9.218729176512836,3EG5,3eg5_3,PDB/mutant_pdbs/3eg5/3eg5_3.pdb
B_T1A,SKEMPI_v2.0,3EQS,6.2e-09,A,B,PDB/SKEMPI_v2.0/3EQS.pdb,11.191571780256702,3EQS,3eqs_1,PDB/mutant_pdbs/3eqs/3eqs_1.pdb
B_S2A,SKEMPI_v2.0,3EQS,2.7e-08,A,B,PDB/SKEMPI_v2.0/3EQS.pdb,10.320294598328417,3EQS,3eqs_2,PDB/mutant_pdbs/3eqs/3eqs_2.pdb
B_F3A,SKEMPI_v2.0,3EQS,3.8e-05,A,B,PDB/SKEMPI_v2.0/3EQS.pdb,6.0272331830741255,3EQS,3eqs_3,PDB/mutant_pdbs/3eqs/3eqs_3.pdb
B_E5A,SKEMPI_v2.0,3EQS,2.1e-08,A,B,PDB/SKEMPI_v2.0/3EQS.pdb,10.469119702765449,3EQS,3eqs_4,PDB/mutant_pdbs/3eqs/3eqs_4.pdb
B_Y6A,SKEMPI_v2.0,3EQS,6.1e-07,A,B,PDB/SKEMPI_v2.0/3EQS.pdb,8.47407973320366,3EQS,3eqs_5,PDB/mutant_pdbs/3eqs/3eqs_5.pdb
B_W7A,SKEMPI_v2.0,3EQS,0.00016,A,B,PDB/SKEMPI_v2.0/3EQS.pdb,5.175912650338364,3EQS,3eqs_6,PDB/mutant_pdbs/3eqs/3eqs_6.pdb
B_N8A,SKEMPI_v2.0,3EQS,4.9e-10,A,B,PDB/SKEMPI_v2.0/3EQS.pdb,12.694482349646472,3EQS,3eqs_7,PDB/mutant_pdbs/3eqs/3eqs_7.pdb
B_L9A,SKEMPI_v2.0,3EQS,2.4e-09,A,B,PDB/SKEMPI_v2.0/3EQS.pdb,11.75360482244273,3EQS,3eqs_8,PDB/mutant_pdbs/3eqs/3eqs_8.pdb
B_L10A,SKEMPI_v2.0,3EQS,8.9e-07,A,B,PDB/SKEMPI_v2.0/3EQS.pdb,8.250373737782864,3EQS,3eqs_9,PDB/mutant_pdbs/3eqs/3eqs_9.pdb
B_S11A,SKEMPI_v2.0,3EQS,3.9e-09,A,B,PDB/SKEMPI_v2.0/3EQS.pdb,11.466093469103543,3EQS,3eqs_10,PDB/mutant_pdbs/3eqs/3eqs_10.pdb
C_T1A,SKEMPI_v2.0,3EQY,1.6e-08,A,C,PDB/SKEMPI_v2.0/3EQY.pdb,10.630155278333627,3EQY,3eqy_1,PDB/mutant_pdbs/3eqy/3eqy_1.pdb
C_S2A,SKEMPI_v2.0,3EQY,3.7e-08,A,C,PDB/SKEMPI_v2.0/3EQY.pdb,10.133707739813877,3EQY,3eqy_2,PDB/mutant_pdbs/3eqy/3eqy_2.pdb
C_F3A,SKEMPI_v2.0,3EQY,0.00012,A,C,PDB/SKEMPI_v2.0/3EQY.pdb,5.34627419611258,3EQY,3eqy_3,PDB/mutant_pdbs/3eqy/3eqy_3.pdb
C_E5A,SKEMPI_v2.0,3EQY,6.7e-08,A,C,PDB/SKEMPI_v2.0/3EQY.pdb,9.782082155289622,3EQY,3eqy_4,PDB/mutant_pdbs/3eqy/3eqy_4.pdb
C_Y6A,SKEMPI_v2.0,3EQY,6.7e-07,A,C,PDB/SKEMPI_v2.0/3EQY.pdb,8.418521498290804,3EQY,3eqy_5,PDB/mutant_pdbs/3eqy/3eqy_5.pdb
C_W7A,SKEMPI_v2.0,3EQY,0.00023,A,C,PDB/SKEMPI_v2.0/3EQY.pdb,4.961004782260355,3EQY,3eqy_6,PDB/mutant_pdbs/3eqy/3eqy_6.pdb
C_N8A,SKEMPI_v2.0,3EQY,2.4e-09,A,C,PDB/SKEMPI_v2.0/3EQY.pdb,11.75360482244273,3EQY,3eqy_7,PDB/mutant_pdbs/3eqy/3eqy_7.pdb
C_L9A,SKEMPI_v2.0,3EQY,9e-09,A,C,PDB/SKEMPI_v2.0/3EQY.pdb,10.970878369882058,3EQY,3eqy_8,PDB/mutant_pdbs/3eqy/3eqy_8.pdb
C_L10A,SKEMPI_v2.0,3EQY,4.3e-07,A,C,PDB/SKEMPI_v2.0/3EQY.pdb,8.681151935513585,3EQY,3eqy_9,PDB/mutant_pdbs/3eqy/3eqy_9.pdb
C_S11A,SKEMPI_v2.0,3EQY,1.1e-08,A,C,PDB/SKEMPI_v2.0/3EQY.pdb,10.852043819021233,3EQY,3eqy_10,PDB/mutant_pdbs/3eqy/3eqy_10.pdb
C_P12A,SKEMPI_v2.0,3EQY,1.4e-08,A,C,PDB/SKEMPI_v2.0/3EQY.pdb,10.709230815655163,3EQY,3eqy_11,PDB/mutant_pdbs/3eqy/3eqy_11.pdb
A_M33A,SKEMPI_v2.0,3F1S,1.7e-08,A,B,PDB/SKEMPI_v2.0/3F1S.pdb,10.594254173351299,3F1S,3f1s_1,PDB/mutant_pdbs/3f1s/3f1s_1.pdb
A_D36A,SKEMPI_v2.0,3F1S,8.4e-08,A,B,PDB/SKEMPI_v2.0/3F1S.pdb,9.648174385437592,3F1S,3f1s_2,PDB/mutant_pdbs/3f1s/3f1s_2.pdb
A_D200A,SKEMPI_v2.0,3F1S,4.2e-09,A,B,PDB/SKEMPI_v2.0/3F1S.pdb,11.422207701100335,3F1S,3f1s_3,PDB/mutant_pdbs/3f1s/3f1s_3.pdb
A_K201A,SKEMPI_v2.0,3F1S,1e-10,A,B,PDB/SKEMPI_v2.0/3F1S.pdb,13.635606569988159,3F1S,3f1s_4,PDB/mutant_pdbs/3f1s/3f1s_4.pdb
A_K201C,SKEMPI_v2.0,3F1S,1e-10,A,B,PDB/SKEMPI_v2.0/3F1S.pdb,13.635606569988159,3F1S,3f1s_5,PDB/mutant_pdbs/3f1s/3f1s_5.pdb
A_Y202A,SKEMPI_v2.0,3F1S,3.3e-07,A,B,PDB/SKEMPI_v2.0/3F1S.pdb,8.837899390468776,3F1S,3f1s_6,PDB/mutant_pdbs/3f1s/3f1s_6.pdb
A_D255A,SKEMPI_v2.0,3F1S,1.2e-06,A,B,PDB/SKEMPI_v2.0/3F1S.pdb,8.073395510110212,3F1S,3f1s_7,PDB/mutant_pdbs/3f1s/3f1s_7.pdb
C_F1T,ATLAS,3FFC,0.0002,"A, C","D, E",PDB/ATLAS/3FFC.pdb,5.046308779718581,3FFC_at,3ffc_at_1,PDB/mutant_pdbs/3ffc_at/3ffc_at_1.pdb
C_F1Y,ATLAS,3FFC,0.0002,"A, C","D, E",PDB/ATLAS/3FFC.pdb,5.046308779718581,3FFC_at,3ffc_at_2,PDB/mutant_pdbs/3ffc_at/3ffc_at_2.pdb
C_Y7F,ATLAS,3FFC,0.000149,"A, C","D, E",PDB/ATLAS/3FFC.pdb,5.220719202756884,3FFC_at,3ffc_at_3,PDB/mutant_pdbs/3ffc_at/3ffc_at_3.pdb
C_G8V,ATLAS,3FFC,2.275e-05,"A, C","D, E",PDB/ATLAS/3FFC.pdb,6.334224255157439,3FFC_at,3ffc_at_4,PDB/mutant_pdbs/3ffc_at/3ffc_at_4.pdb
H_H104A,SKEMPI_v2.0,3G6D,3.68e-12,"H, L",A,PDB/SKEMPI_v2.0/3G6D.pdb,15.591160060593984,3G6D,3g6d_1,PDB/mutant_pdbs/3g6d/3g6d_1.pdb
H_W105A,SKEMPI_v2.0,3G6D,1.47e-12,"H, L",A,PDB/SKEMPI_v2.0/3G6D.pdb,16.13458054908928,3G6D,3g6d_2,PDB/mutant_pdbs/3g6d/3g6d_2.pdb
"H_K210T, H_K215T",SKEMPI_v2.0,3G6D,1.47e-11,"H, L",A,PDB/SKEMPI_v2.0/3G6D.pdb,14.771019892090461,3G6D,3g6d_3,PDB/mutant_pdbs/3g6d/3g6d_3.pdb
"L_E3V, L_E80G, L_G76R, L_Q78E, L_T77V",SKEMPI_v2.0,3G6D,2.33e-11,"H, L",A,PDB/SKEMPI_v2.0/3G6D.pdb,14.498255145960332,3G6D,3g6d_4,PDB/mutant_pdbs/3g6d/3g6d_4.pdb
"L_M92I, L_T89S, L_T94K, L_V93D",SKEMPI_v2.0,3G6D,7.08e-11,"H, L",A,PDB/SKEMPI_v2.0/3G6D.pdb,13.84009531966067,3G6D,3g6d_5,PDB/mutant_pdbs/3g6d/3g6d_5.pdb
"L_E3V, L_E80G, L_G76R, L_M92I, L_Q78E, L_T77V, L_T89S, L_T94K, L_V93D",SKEMPI_v2.0,3G6D,2.91e-11,"H, L",A,PDB/SKEMPI_v2.0/3G6D.pdb,14.366620998148207,3G6D,3g6d_6,PDB/mutant_pdbs/3g6d/3g6d_6.pdb
"H_F103A, H_H104A, H_W105A, L_E3V, L_E80G, L_G76R, L_Q78E, L_T77V",SKEMPI_v2.0,3G6D,4.5e-08,"H, L",A,PDB/SKEMPI_v2.0/3G6D.pdb,10.017790371547173,3G6D,3g6d_7,PDB/mutant_pdbs/3g6d/3g6d_7.pdb
"H_D54N, L_E3V, L_E80G, L_G76R, L_Q78E, L_T77V",SKEMPI_v2.0,3G6D,2.22e-11,"H, L",A,PDB/SKEMPI_v2.0/3G6D.pdb,14.526893937591568,3G6D,3g6d_8,PDB/mutant_pdbs/3g6d/3g6d_8.pdb
C_P4G,ATLAS,3GSN,6.92e-05,"A, C","D, E",PDB/ATLAS/3GSN.pdb,5.675122835176614,3GSN_at,3gsn_at_1,PDB/mutant_pdbs/3gsn_at/3gsn_at_1.pdb
C_P4A,ATLAS,3GSN,5.65e-05,"A, C","D, E",PDB/ATLAS/3GSN.pdb,5.7952552165763995,3GSN_at,3gsn_at_2,PDB/mutant_pdbs/3gsn_at/3gsn_at_2.pdb
C_M5V,ATLAS,3GSN,6.02e-05,"A, C","D, E",PDB/ATLAS/3GSN.pdb,5.757672880600645,3GSN_at,3gsn_at_3,PDB/mutant_pdbs/3gsn_at/3gsn_at_3.pdb
C_M5T,ATLAS,3GSN,5.82e-05,"A, C","D, E",PDB/ATLAS/3GSN.pdb,5.777691168161259,3GSN_at,3gsn_at_4,PDB/mutant_pdbs/3gsn_at/3gsn_at_4.pdb
C_M5Q,ATLAS,3GSN,5.749999999999999e-05,"A, C","D, E",PDB/ATLAS/3GSN.pdb,5.784860477155118,3GSN_at,3gsn_at_5,PDB/mutant_pdbs/3gsn_at/3gsn_at_5.pdb
C_T8S,ATLAS,3GSN,4.27e-05,"A, C","D, E",PDB/ATLAS/3GSN.pdb,5.96117571973469,3GSN_at,3gsn_at_6,PDB/mutant_pdbs/3gsn_at/3gsn_at_6.pdb
A_A150P,ATLAS,3H9S,5.4e-06,"A, C","D, E",PDB/ATLAS/3H9S.pdb,7.186316079001921,3H9S_at,3h9s_at_1,PDB/mutant_pdbs/3h9s_at/3h9s_at_1.pdb
A_A150P,SKEMPI_v2.0,3H9S,5.4e-06,"A, B, C","D, E",PDB/SKEMPI_v2.0/3H9S.pdb,7.182700625666856,3H9S,3h9s_1,PDB/mutant_pdbs/3h9s/3h9s_1.pdb
Y_Y20A,SKEMPI_v2.0,3HFM,1.13e-07,"H, L",Y,PDB/SKEMPI_v2.0/3HFM.pdb,9.472548921722986,3HFM,3hfm_1,PDB/mutant_pdbs/3hfm/3hfm_1.pdb
L_N32A,SKEMPI_v2.0,3HFM,1.67e-07,"H, L",Y,PDB/SKEMPI_v2.0/3HFM.pdb,9.241237181269256,3HFM,3hfm_2,PDB/mutant_pdbs/3hfm/3hfm_2.pdb
Y_K96A,SKEMPI_v2.0,3HFM,4e-06,"H, L",Y,PDB/SKEMPI_v2.0/3HFM.pdb,7.360418624665037,3HFM,3hfm_3,PDB/mutant_pdbs/3hfm/3hfm_3.pdb
L_N31A,SKEMPI_v2.0,3HFM,2e-07,"H, L",Y,PDB/SKEMPI_v2.0/3HFM.pdb,9.134451940327782,3HFM,3hfm_4,PDB/mutant_pdbs/3hfm/3hfm_4.pdb
"L_N31A, Y_K96A",SKEMPI_v2.0,3HFM,9e-06,"H, L",Y,PDB/SKEMPI_v2.0/3HFM.pdb,6.880196398885611,3HFM,3hfm_5,PDB/mutant_pdbs/3hfm/3hfm_5.pdb
L_N31D,SKEMPI_v2.0,3HFM,2.9e-10,"H, L",Y,PDB/SKEMPI_v2.0/3HFM.pdb,13.005098852178122,3HFM,3hfm_6,PDB/mutant_pdbs/3hfm/3hfm_6.pdb
L_N31E,SKEMPI_v2.0,3HFM,4.6e-07,"H, L",Y,PDB/SKEMPI_v2.0/3HFM.pdb,8.641214094592874,3HFM,3hfm_7,PDB/mutant_pdbs/3hfm/3hfm_7.pdb
L_Y50A,SKEMPI_v2.0,3HFM,6.6e-08,"H, L",Y,PDB/SKEMPI_v2.0/3HFM.pdb,9.790987388803662,3HFM,3hfm_8,PDB/mutant_pdbs/3hfm/3hfm_8.pdb
L_Y50L,SKEMPI_v2.0,3HFM,5e-08,"H, L",Y,PDB/SKEMPI_v2.0/3HFM.pdb,9.95539725765564,3HFM,3hfm_9,PDB/mutant_pdbs/3hfm/3hfm_9.pdb
L_Y50F,SKEMPI_v2.0,3HFM,1.6e-09,"H, L",Y,PDB/SKEMPI_v2.0/3HFM.pdb,11.993715935332444,3HFM,3hfm_10,PDB/mutant_pdbs/3hfm/3hfm_10.pdb
"L_Y50A, Y_R21A",SKEMPI_v2.0,3HFM,1.4e-06,"H, L",Y,PDB/SKEMPI_v2.0/3HFM.pdb,7.982109501657531,3HFM,3hfm_11,PDB/mutant_pdbs/3hfm/3hfm_11.pdb
"L_Y50F, Y_R21A",SKEMPI_v2.0,3HFM,4.5e-08,"H, L",Y,PDB/SKEMPI_v2.0/3HFM.pdb,10.017790371547173,3HFM,3hfm_12,PDB/mutant_pdbs/3hfm/3hfm_12.pdb
"L_Y50F, Y_Y20A",SKEMPI_v2.0,3HFM,1.1e-06,"H, L",Y,PDB/SKEMPI_v2.0/3HFM.pdb,8.124922505023601,3HFM,3hfm_13,PDB/mutant_pdbs/3hfm/3hfm_13.pdb
"L_Y50A, Y_K96A",SKEMPI_v2.0,3HFM,1.4e-05,"H, L",Y,PDB/SKEMPI_v2.0/3HFM.pdb,6.618548844658714,3HFM,3hfm_14,PDB/mutant_pdbs/3hfm/3hfm_14.pdb
"L_Y50A, Y_K97A",SKEMPI_v2.0,3HFM,7e-06,"H, L",Y,PDB/SKEMPI_v2.0/3HFM.pdb,7.029021503322643,3HFM,3hfm_15,PDB/mutant_pdbs/3hfm/3hfm_15.pdb
Y_K97A,SKEMPI_v2.0,3HFM,1e-06,"H, L",Y,PDB/SKEMPI_v2.0/3HFM.pdb,8.181363941992895,3HFM,3hfm_16,PDB/mutant_pdbs/3hfm/3hfm_16.pdb
H_Y33A,SKEMPI_v2.0,3HFM,8e-07,"H, L",Y,PDB/SKEMPI_v2.0/3HFM.pdb,8.313506622999926,3HFM,3hfm_17,PDB/mutant_pdbs/3hfm/3hfm_17.pdb
"H_Y33A, Y_K97A",SKEMPI_v2.0,3HFM,6e-06,"H, L",Y,PDB/SKEMPI_v2.0/3HFM.pdb,7.120307511775325,3HFM,3hfm_18,PDB/mutant_pdbs/3hfm/3hfm_18.pdb
H_W98F,SKEMPI_v2.0,3HFM,7.2e-09,"H, L",Y,PDB/SKEMPI_v2.0/3HFM.pdb,11.103021050889087,3HFM,3hfm_19,PDB/mutant_pdbs/3hfm/3hfm_19.pdb
"H_W98F, Y_Y20A",SKEMPI_v2.0,3HFM,1.11e-06,"H, L",Y,PDB/SKEMPI_v2.0/3HFM.pdb,8.119563311261418,3HFM,3hfm_20,PDB/mutant_pdbs/3hfm/3hfm_20.pdb
H_W98A,SKEMPI_v2.0,3HFM,3.3e-07,"H, L",Y,PDB/SKEMPI_v2.0/3HFM.pdb,8.837899390468776,3HFM,3hfm_21,PDB/mutant_pdbs/3hfm/3hfm_21.pdb
"H_W98A, Y_K96A",SKEMPI_v2.0,3HFM,1.4e-05,"H, L",Y,PDB/SKEMPI_v2.0/3HFM.pdb,6.618548844658714,3HFM,3hfm_22,PDB/mutant_pdbs/3hfm/3hfm_22.pdb
H_D32A,SKEMPI_v2.0,3HFM,7.4e-10,"H, L",Y,PDB/SKEMPI_v2.0/3HFM.pdb,12.450356395147578,3HFM,3hfm_23,PDB/mutant_pdbs/3hfm/3hfm_23.pdb
"H_D32A, Y_K97A",SKEMPI_v2.0,3HFM,7e-08,"H, L",Y,PDB/SKEMPI_v2.0/3HFM.pdb,9.756142817320276,3HFM,3hfm_24,PDB/mutant_pdbs/3hfm/3hfm_24.pdb
"H_D32N, Y_K97A",SKEMPI_v2.0,3HFM,1.16e-07,"H, L",Y,PDB/SKEMPI_v2.0/3HFM.pdb,9.457032220852632,3HFM,3hfm_25,PDB/mutant_pdbs/3hfm/3hfm_25.pdb
H_D32N,SKEMPI_v2.0,3HFM,4e-11,"H, L",Y,PDB/SKEMPI_v2.0/3HFM.pdb,14.178221909659118,3HFM,3hfm_26,PDB/mutant_pdbs/3hfm/3hfm_26.pdb
"H_D32A, Y_K97M",SKEMPI_v2.0,3HFM,2e-10,"H, L",Y,PDB/SKEMPI_v2.0/3HFM.pdb,13.22513391132423,3HFM,3hfm_27,PDB/mutant_pdbs/3hfm/3hfm_27.pdb
"H_D32N, Y_K97M",SKEMPI_v2.0,3HFM,5e-11,"H, L",Y,PDB/SKEMPI_v2.0/3HFM.pdb,14.046079228652088,3HFM,3hfm_28,PDB/mutant_pdbs/3hfm/3hfm_28.pdb
Y_K97M,SKEMPI_v2.0,3HFM,1.9e-10,"H, L",Y,PDB/SKEMPI_v2.0/3HFM.pdb,13.255509126732134,3HFM,3hfm_29,PDB/mutant_pdbs/3hfm/3hfm_29.pdb
Y_R21A,SKEMPI_v2.0,3HFM,1.7e-10,"H, L",Y,PDB/SKEMPI_v2.0/3HFM.pdb,13.32137548734893,3HFM,3hfm_30,PDB/mutant_pdbs/3hfm/3hfm_30.pdb
H_S31A,SKEMPI_v2.0,3HFM,4e-11,"H, L",Y,PDB/SKEMPI_v2.0/3HFM.pdb,14.178221909659118,3HFM,3hfm_31,PDB/mutant_pdbs/3hfm/3hfm_31.pdb
H_Y50A,SKEMPI_v2.0,3HFM,7e-06,"H, L",Y,PDB/SKEMPI_v2.0/3HFM.pdb,7.029021503322643,3HFM,3hfm_32,PDB/mutant_pdbs/3hfm/3hfm_32.pdb
"H_Y50A, Y_R21A",SKEMPI_v2.0,3HFM,2e-05,"H, L",Y,PDB/SKEMPI_v2.0/3HFM.pdb,6.40733062633015,3HFM,3hfm_33,PDB/mutant_pdbs/3hfm/3hfm_33.pdb
L_Q53A,SKEMPI_v2.0,3HFM,1.5e-10,"H, L",Y,PDB/SKEMPI_v2.0/3HFM.pdb,13.395495457098447,3HFM,3hfm_34,PDB/mutant_pdbs/3hfm/3hfm_34.pdb
L_Y96A,SKEMPI_v2.0,3HFM,2.9e-09,"H, L",Y,PDB/SKEMPI_v2.0/3HFM.pdb,11.641538195179306,3HFM,3hfm_35,PDB/mutant_pdbs/3hfm/3hfm_35.pdb
"L_Y96A, Y_R21A",SKEMPI_v2.0,3HFM,5e-07,"H, L",Y,PDB/SKEMPI_v2.0/3HFM.pdb,8.591836600656825,3HFM,3hfm_36,PDB/mutant_pdbs/3hfm/3hfm_36.pdb
"L_Y96F, Y_R21A",SKEMPI_v2.0,3HFM,3.5e-08,"H, L",Y,PDB/SKEMPI_v2.0/3HFM.pdb,10.166615475984205,3HFM,3hfm_37,PDB/mutant_pdbs/3hfm/3hfm_37.pdb
L_Y96F,SKEMPI_v2.0,3HFM,3.2e-10,"H, L",Y,PDB/SKEMPI_v2.0/3HFM.pdb,12.94680393366733,3HFM,3hfm_38,PDB/mutant_pdbs/3hfm/3hfm_38.pdb
H_Y53W,SKEMPI_v2.0,3HFM,7.69e-09,"H, L",Y,PDB/SKEMPI_v2.0/3HFM.pdb,11.249669725316293,3HFM,3hfm_39,PDB/mutant_pdbs/3hfm/3hfm_39.pdb
H_Y53F,SKEMPI_v2.0,3HFM,6.67e-09,"H, L",Y,PDB/SKEMPI_v2.0/3HFM.pdb,11.335352368730376,3HFM,3hfm_40,PDB/mutant_pdbs/3hfm/3hfm_40.pdb
H_Y53L,SKEMPI_v2.0,3HFM,9.09e-09,"H, L",Y,PDB/SKEMPI_v2.0/3HFM.pdb,11.14896218834289,3HFM,3hfm_41,PDB/mutant_pdbs/3hfm/3hfm_41.pdb
H_Y53A,SKEMPI_v2.0,3HFM,5.26e-07,"H, L",Y,PDB/SKEMPI_v2.0/3HFM.pdb,8.705471448369185,3HFM,3hfm_42,PDB/mutant_pdbs/3hfm/3hfm_42.pdb
H_Y33W,SKEMPI_v2.0,3HFM,4.35e-08,"H, L",Y,PDB/SKEMPI_v2.0/3HFM.pdb,10.206287002896325,3HFM,3hfm_43,PDB/mutant_pdbs/3hfm/3hfm_43.pdb
H_Y33F,SKEMPI_v2.0,3HFM,1.41e-08,"H, L",Y,PDB/SKEMPI_v2.0/3HFM.pdb,10.884630306189653,3HFM,3hfm_44,PDB/mutant_pdbs/3hfm/3hfm_44.pdb
H_Y33L,SKEMPI_v2.0,3HFM,6.67e-08,"H, L",Y,PDB/SKEMPI_v2.0/3HFM.pdb,9.948913177218156,3HFM,3hfm_45,PDB/mutant_pdbs/3hfm/3hfm_45.pdb
H_Y50F,SKEMPI_v2.0,3HFM,3.45e-08,"H, L",Y,PDB/SKEMPI_v2.0/3HFM.pdb,10.345860060744526,3HFM,3hfm_46,PDB/mutant_pdbs/3hfm/3hfm_46.pdb
H_Y50L,SKEMPI_v2.0,3HFM,2.7e-07,"H, L",Y,PDB/SKEMPI_v2.0/3HFM.pdb,9.107014712157277,3HFM,3hfm_47,PDB/mutant_pdbs/3hfm/3hfm_47.pdb
H_Y58F,SKEMPI_v2.0,3HFM,4.35e-09,"H, L",Y,PDB/SKEMPI_v2.0/3HFM.pdb,11.592726194408543,3HFM,3hfm_48,PDB/mutant_pdbs/3hfm/3hfm_48.pdb
H_Y58L,SKEMPI_v2.0,3HFM,2.94e-08,"H, L",Y,PDB/SKEMPI_v2.0/3HFM.pdb,10.442178437974212,3HFM,3hfm_49,PDB/mutant_pdbs/3hfm/3hfm_49.pdb
H_Y58A,SKEMPI_v2.0,3HFM,3.85e-08,"H, L",Y,PDB/SKEMPI_v2.0/3HFM.pdb,10.27980783161583,3HFM,3hfm_50,PDB/mutant_pdbs/3hfm/3hfm_50.pdb
Y_D101G,SKEMPI_v2.0,3HFM,1.82e-10,"H, L",Y,PDB/SKEMPI_v2.0/3HFM.pdb,13.280983457320636,3HFM,3hfm_51,PDB/mutant_pdbs/3hfm/3hfm_51.pdb
Y_D101A,SKEMPI_v2.0,3HFM,1e-09,"H, L",Y,PDB/SKEMPI_v2.0/3HFM.pdb,12.272045912989343,3HFM,3hfm_52,PDB/mutant_pdbs/3hfm/3hfm_52.pdb
Y_D101N,SKEMPI_v2.0,3HFM,1.25e-09,"H, L",Y,PDB/SKEMPI_v2.0/3HFM.pdb,12.139903231982315,3HFM,3hfm_53,PDB/mutant_pdbs/3hfm/3hfm_53.pdb
Y_D101S,SKEMPI_v2.0,3HFM,2.34e-09,"H, L",Y,PDB/SKEMPI_v2.0/3HFM.pdb,11.768597695884788,3HFM,3hfm_54,PDB/mutant_pdbs/3hfm/3hfm_54.pdb
Y_D101Q,SKEMPI_v2.0,3HFM,3.38e-09,"H, L",Y,PDB/SKEMPI_v2.0/3HFM.pdb,11.5508359096611,3HFM,3hfm_55,PDB/mutant_pdbs/3hfm/3hfm_55.pdb
Y_D101R,SKEMPI_v2.0,3HFM,4.68e-09,"H, L",Y,PDB/SKEMPI_v2.0/3HFM.pdb,11.358125037220859,3HFM,3hfm_56,PDB/mutant_pdbs/3hfm/3hfm_56.pdb
Y_D101E,SKEMPI_v2.0,3HFM,3.64e-09,"H, L",Y,PDB/SKEMPI_v2.0/3HFM.pdb,11.506950141657892,3HFM,3hfm_57,PDB/mutant_pdbs/3hfm/3hfm_57.pdb
Y_D101F,SKEMPI_v2.0,3HFM,5.07e-09,"H, L",Y,PDB/SKEMPI_v2.0/3HFM.pdb,11.310724796771385,3HFM,3hfm_58,PDB/mutant_pdbs/3hfm/3hfm_58.pdb
Y_D101K,SKEMPI_v2.0,3HFM,3.64e-09,"H, L",Y,PDB/SKEMPI_v2.0/3HFM.pdb,11.506950141657892,3HFM,3hfm_59,PDB/mutant_pdbs/3hfm/3hfm_59.pdb
Y_R21W,SKEMPI_v2.0,3HFM,3.64e-09,"H, L",Y,PDB/SKEMPI_v2.0/3HFM.pdb,11.506950141657892,3HFM,3hfm_60,PDB/mutant_pdbs/3hfm/3hfm_60.pdb
Y_R21Q,SKEMPI_v2.0,3HFM,5.72e-09,"H, L",Y,PDB/SKEMPI_v2.0/3HFM.pdb,11.239290486360034,3HFM,3hfm_61,PDB/mutant_pdbs/3hfm/3hfm_61.pdb
Y_R21E,SKEMPI_v2.0,3HFM,6.24e-09,"H, L",Y,PDB/SKEMPI_v2.0/3HFM.pdb,11.187763491446644,3HFM,3hfm_62,PDB/mutant_pdbs/3hfm/3hfm_62.pdb
Y_R21G,SKEMPI_v2.0,3HFM,6e-09,"H, L",Y,PDB/SKEMPI_v2.0/3HFM.pdb,11.210989482771772,3HFM,3hfm_63,PDB/mutant_pdbs/3hfm/3hfm_63.pdb
Y_R21N,SKEMPI_v2.0,3HFM,5.07e-09,"H, L",Y,PDB/SKEMPI_v2.0/3HFM.pdb,11.310724796771385,3HFM,3hfm_64,PDB/mutant_pdbs/3hfm/3hfm_64.pdb
Y_R21H,SKEMPI_v2.0,3HFM,3.9e-09,"H, L",Y,PDB/SKEMPI_v2.0/3HFM.pdb,11.466093469103543,3HFM,3hfm_65,PDB/mutant_pdbs/3hfm/3hfm_65.pdb
Y_R21K,SKEMPI_v2.0,3HFM,2e-09,"H, L",Y,PDB/SKEMPI_v2.0/3HFM.pdb,11.861573254325416,3HFM,3hfm_66,PDB/mutant_pdbs/3hfm/3hfm_66.pdb
Y_N19K,SKEMPI_v2.0,3HFM,1.95e-10,"H, L",Y,PDB/SKEMPI_v2.0/3HFM.pdb,13.240126784766288,3HFM,3hfm_67,PDB/mutant_pdbs/3hfm/3hfm_67.pdb
Y_N19Q,SKEMPI_v2.0,3HFM,1.21e-10,"H, L",Y,PDB/SKEMPI_v2.0/3HFM.pdb,13.52272369604957,3HFM,3hfm_68,PDB/mutant_pdbs/3hfm/3hfm_68.pdb
Y_N19D,SKEMPI_v2.0,3HFM,2.6e-10,"H, L",Y,PDB/SKEMPI_v2.0/3HFM.pdb,13.069765238992073,3HFM,3hfm_69,PDB/mutant_pdbs/3hfm/3hfm_69.pdb
Y_G102V,SKEMPI_v2.0,3HFM,1.95e-10,"H, L",Y,PDB/SKEMPI_v2.0/3HFM.pdb,13.240126784766288,3HFM,3hfm_70,PDB/mutant_pdbs/3hfm/3hfm_70.pdb
Y_R21G,SKEMPI_v2.0,3HFM,5.8e-09,"H, L",Y,PDB/SKEMPI_v2.0/3HFM.pdb,11.231065536515377,3HFM,3hfm_71,PDB/mutant_pdbs/3hfm/3hfm_71.pdb
Y_R21A,SKEMPI_v2.0,3HFM,3e-10,"H, L",Y,PDB/SKEMPI_v2.0/3HFM.pdb,12.985022798434516,3HFM,3hfm_72,PDB/mutant_pdbs/3hfm/3hfm_72.pdb
Y_R21N,SKEMPI_v2.0,3HFM,5e-09,"H, L",Y,PDB/SKEMPI_v2.0/3HFM.pdb,11.318957914654456,3HFM,3hfm_73,PDB/mutant_pdbs/3hfm/3hfm_73.pdb
Y_R21E,SKEMPI_v2.0,3HFM,6.2e-09,"H, L",Y,PDB/SKEMPI_v2.0/3HFM.pdb,11.191571780256702,3HFM,3hfm_74,PDB/mutant_pdbs/3hfm/3hfm_74.pdb
Y_R21Q,SKEMPI_v2.0,3HFM,5.6e-09,"H, L",Y,PDB/SKEMPI_v2.0/3HFM.pdb,11.25184615532612,3HFM,3hfm_75,PDB/mutant_pdbs/3hfm/3hfm_75.pdb
Y_R21H,SKEMPI_v2.0,3HFM,3.8e-09,"H, L",Y,PDB/SKEMPI_v2.0/3HFM.pdb,11.481475811069389,3HFM,3hfm_76,PDB/mutant_pdbs/3hfm/3hfm_76.pdb
Y_R21M,SKEMPI_v2.0,3HFM,2.39e-09,"H, L",Y,PDB/SKEMPI_v2.0/3HFM.pdb,11.756077422565527,3HFM,3hfm_77,PDB/mutant_pdbs/3hfm/3hfm_77.pdb
Y_R21K,SKEMPI_v2.0,3HFM,1.9e-09,"H, L",Y,PDB/SKEMPI_v2.0/3HFM.pdb,11.891948469733318,3HFM,3hfm_78,PDB/mutant_pdbs/3hfm/3hfm_78.pdb
Y_R21W,SKEMPI_v2.0,3HFM,3.6e-09,"H, L",Y,PDB/SKEMPI_v2.0/3HFM.pdb,11.513493709553018,3HFM,3hfm_79,PDB/mutant_pdbs/3hfm/3hfm_79.pdb
Y_K97G,SKEMPI_v2.0,3HFM,3.9e-06,"H, L",Y,PDB/SKEMPI_v2.0/3HFM.pdb,7.375411498107095,3HFM,3hfm_80,PDB/mutant_pdbs/3hfm/3hfm_80.pdb
Y_K97A,SKEMPI_v2.0,3HFM,8.9e-07,"H, L",Y,PDB/SKEMPI_v2.0/3HFM.pdb,8.250373737782864,3HFM,3hfm_81,PDB/mutant_pdbs/3hfm/3hfm_81.pdb
Y_K97D,SKEMPI_v2.0,3HFM,6.9e-06,"H, L",Y,PDB/SKEMPI_v2.0/3HFM.pdb,7.037542324704344,3HFM,3hfm_82,PDB/mutant_pdbs/3hfm/3hfm_82.pdb
Y_K97E,SKEMPI_v2.0,3HFM,3.3e-08,"H, L",Y,PDB/SKEMPI_v2.0/3HFM.pdb,10.20146004746759,3HFM,3hfm_83,PDB/mutant_pdbs/3hfm/3hfm_83.pdb
Y_K97M,SKEMPI_v2.0,3HFM,2.9e-10,"H, L",Y,PDB/SKEMPI_v2.0/3HFM.pdb,13.005098852178122,3HFM,3hfm_84,PDB/mutant_pdbs/3hfm/3hfm_84.pdb
Y_K97R,SKEMPI_v2.0,3HFM,1.3e-08,"H, L",Y,PDB/SKEMPI_v2.0/3HFM.pdb,10.75311658365837,3HFM,3hfm_85,PDB/mutant_pdbs/3hfm/3hfm_85.pdb
Y_D101G,SKEMPI_v2.0,3HFM,1.8e-10,"H, L",Y,PDB/SKEMPI_v2.0/3HFM.pdb,13.287527025215763,3HFM,3hfm_86,PDB/mutant_pdbs/3hfm/3hfm_86.pdb
Y_D101A,SKEMPI_v2.0,3HFM,1e-09,"H, L",Y,PDB/SKEMPI_v2.0/3HFM.pdb,12.272045912989343,3HFM,3hfm_87,PDB/mutant_pdbs/3hfm/3hfm_87.pdb
Y_D101S,SKEMPI_v2.0,3HFM,2.3e-09,"H, L",Y,PDB/SKEMPI_v2.0/3HFM.pdb,11.778808067254435,3HFM,3hfm_88,PDB/mutant_pdbs/3hfm/3hfm_88.pdb
Y_D101N,SKEMPI_v2.0,3HFM,1.2e-09,"H, L",Y,PDB/SKEMPI_v2.0/3HFM.pdb,12.16407748110666,3HFM,3hfm_89,PDB/mutant_pdbs/3hfm/3hfm_89.pdb
Y_D101E,SKEMPI_v2.0,3HFM,3.6e-09,"H, L",Y,PDB/SKEMPI_v2.0/3HFM.pdb,11.513493709553018,3HFM,3hfm_90,PDB/mutant_pdbs/3hfm/3hfm_90.pdb
Y_D101Q,SKEMPI_v2.0,3HFM,3.3e-09,"H, L",Y,PDB/SKEMPI_v2.0/3HFM.pdb,11.565020704466408,3HFM,3hfm_91,PDB/mutant_pdbs/3hfm/3hfm_91.pdb
Y_D101K,SKEMPI_v2.0,3HFM,3.5e-09,"H, L",Y,PDB/SKEMPI_v2.0/3HFM.pdb,11.53017613298302,3HFM,3hfm_92,PDB/mutant_pdbs/3hfm/3hfm_92.pdb
Y_D101F,SKEMPI_v2.0,3HFM,5e-09,"H, L",Y,PDB/SKEMPI_v2.0/3HFM.pdb,11.318957914654456,3HFM,3hfm_93,PDB/mutant_pdbs/3hfm/3hfm_93.pdb
Y_D101R,SKEMPI_v2.0,3HFM,4.6e-09,"H, L",Y,PDB/SKEMPI_v2.0/3HFM.pdb,11.368335408590504,3HFM,3hfm_94,PDB/mutant_pdbs/3hfm/3hfm_94.pdb
Y_Y20F,SKEMPI_v2.0,3HFM,3.2e-11,"H, L",Y,PDB/SKEMPI_v2.0/3HFM.pdb,14.310364590666147,3HFM,3hfm_95,PDB/mutant_pdbs/3hfm/3hfm_95.pdb
Y_K96M,SKEMPI_v2.0,3HFM,7e-06,"H, L",Y,PDB/SKEMPI_v2.0/3HFM.pdb,7.029021503322643,3HFM,3hfm_96,PDB/mutant_pdbs/3hfm/3hfm_96.pdb
Y_G102V,SKEMPI_v2.0,3HFM,1.9e-10,"H, L",Y,PDB/SKEMPI_v2.0/3HFM.pdb,13.255509126732134,3HFM,3hfm_97,PDB/mutant_pdbs/3hfm/3hfm_97.pdb
Y_H15A,SKEMPI_v2.0,3HFM,3.3e-11,"H, L",Y,PDB/SKEMPI_v2.0/3HFM.pdb,14.292142018464038,3HFM,3hfm_98,PDB/mutant_pdbs/3hfm/3hfm_98.pdb
Y_Y20A,SKEMPI_v2.0,3HFM,9.5e-08,"H, L",Y,PDB/SKEMPI_v2.0/3HFM.pdb,9.575299814399614,3HFM,3hfm_99,PDB/mutant_pdbs/3hfm/3hfm_99.pdb
Y_R21A,SKEMPI_v2.0,3HFM,3e-10,"H, L",Y,PDB/SKEMPI_v2.0/3HFM.pdb,12.985022798434516,3HFM,3hfm_100,PDB/mutant_pdbs/3hfm/3hfm_100.pdb
Y_W63A,SKEMPI_v2.0,3HFM,1.2e-10,"H, L",Y,PDB/SKEMPI_v2.0/3HFM.pdb,13.527638138105475,3HFM,3hfm_101,PDB/mutant_pdbs/3hfm/3hfm_101.pdb
Y_R73A,SKEMPI_v2.0,3HFM,4e-11,"H, L",Y,PDB/SKEMPI_v2.0/3HFM.pdb,14.178221909659118,3HFM,3hfm_102,PDB/mutant_pdbs/3hfm/3hfm_102.pdb
Y_L75A,SKEMPI_v2.0,3HFM,2.3e-10,"H, L",Y,PDB/SKEMPI_v2.0/3HFM.pdb,13.14236872425325,3HFM,3hfm_103,PDB/mutant_pdbs/3hfm/3hfm_103.pdb
Y_T89A,SKEMPI_v2.0,3HFM,7e-11,"H, L",Y,PDB/SKEMPI_v2.0/3HFM.pdb,13.846824788316724,3HFM,3hfm_104,PDB/mutant_pdbs/3hfm/3hfm_104.pdb
Y_N93A,SKEMPI_v2.0,3HFM,1e-10,"H, L",Y,PDB/SKEMPI_v2.0/3HFM.pdb,13.635606569988159,3HFM,3hfm_105,PDB/mutant_pdbs/3hfm/3hfm_105.pdb
Y_K96A,SKEMPI_v2.0,3HFM,4e-06,"H, L",Y,PDB/SKEMPI_v2.0/3HFM.pdb,7.360418624665037,3HFM,3hfm_106,PDB/mutant_pdbs/3hfm/3hfm_106.pdb
Y_I98A,SKEMPI_v2.0,3HFM,7e-11,"H, L",Y,PDB/SKEMPI_v2.0/3HFM.pdb,13.846824788316724,3HFM,3hfm_107,PDB/mutant_pdbs/3hfm/3hfm_107.pdb
Y_S100A,SKEMPI_v2.0,3HFM,1.1e-10,"H, L",Y,PDB/SKEMPI_v2.0/3HFM.pdb,13.579165133018865,3HFM,3hfm_108,PDB/mutant_pdbs/3hfm/3hfm_108.pdb
Y_D101A,SKEMPI_v2.0,3HFM,3.5e-10,"H, L",Y,PDB/SKEMPI_v2.0/3HFM.pdb,12.893736789981837,3HFM,3hfm_109,PDB/mutant_pdbs/3hfm/3hfm_109.pdb
Y_Y20F,SKEMPI_v2.0,3HFM,3.2e-11,"H, L",Y,PDB/SKEMPI_v2.0/3HFM.pdb,14.310364590666147,3HFM,3hfm_110,PDB/mutant_pdbs/3hfm/3hfm_110.pdb
Y_Y20L,SKEMPI_v2.0,3HFM,2.8e-09,"H, L",Y,PDB/SKEMPI_v2.0/3HFM.pdb,11.66231881399005,3HFM,3hfm_111,PDB/mutant_pdbs/3hfm/3hfm_111.pdb
Y_K96R,SKEMPI_v2.0,3HFM,5.9e-07,"H, L",Y,PDB/SKEMPI_v2.0/3HFM.pdb,8.493821123548091,3HFM,3hfm_112,PDB/mutant_pdbs/3hfm/3hfm_112.pdb
C_L2A,ATLAS,3HG1,6.4e-06,"A, C","D, E",PDB/ATLAS/3HG1.pdb,7.085653456729785,3HG1_at,3hg1_at_1,PDB/mutant_pdbs/3hg1_at/3hg1_at_1.pdb
"E_G52P, E_I53F, E_S50Y, E_V51G",SKEMPI_v2.0,3HG1,1.8e-06,"A, B, C","D, E",PDB/SKEMPI_v2.0/3HG1.pdb,7.833284397220498,3HG1,3hg1_1,PDB/mutant_pdbs/3hg1/3hg1_1.pdb
"E_G52P, E_I53F, E_S50W, E_V51G",SKEMPI_v2.0,3HG1,1.3e-06,"A, B, C","D, E",PDB/SKEMPI_v2.0/3HG1.pdb,8.025995269660736,3HG1,3hg1_2,PDB/mutant_pdbs/3hg1/3hg1_2.pdb
"E_G52P, E_I53Y, E_S50F, E_V51G",SKEMPI_v2.0,3HG1,8.5e-07,"A, B, C","D, E",PDB/SKEMPI_v2.0/3HG1.pdb,8.277605518017596,3HG1,3hg1_3,PDB/mutant_pdbs/3hg1/3hg1_3.pdb
"E_G52P, E_I53Y, E_S50Y, E_V51G",SKEMPI_v2.0,3HG1,1.4e-06,"A, B, C","D, E",PDB/SKEMPI_v2.0/3HG1.pdb,7.982109501657531,3HG1,3hg1_4,PDB/mutant_pdbs/3hg1/3hg1_4.pdb
"E_E102G, E_F104Q, E_G52P, E_I53F, E_L103W, E_S50Y, E_T100M, E_V51G",SKEMPI_v2.0,3HG1,2.1e-06,"A, B, C","D, E",PDB/SKEMPI_v2.0/3HG1.pdb,7.741998388767817,3HG1,3hg1_5,PDB/mutant_pdbs/3hg1/3hg1_5.pdb
"E_E102G, E_G52P, E_G99N, E_I53F, E_L103W, E_S50Y, E_T100L, E_V51G",SKEMPI_v2.0,3HG1,2.1e-07,"A, B, C","D, E",PDB/SKEMPI_v2.0/3HG1.pdb,9.105559045766634,3HG1,3hg1_6,PDB/mutant_pdbs/3hg1/3hg1_6.pdb
"E_E102G, E_F104Q, E_G52P, E_I53F, E_L103W, E_S50W, E_T100M, E_V51G",SKEMPI_v2.0,3HG1,5.4e-07,"A, B, C","D, E",PDB/SKEMPI_v2.0/3HG1.pdb,8.546261282665672,3HG1,3hg1_7,PDB/mutant_pdbs/3hg1/3hg1_7.pdb
"E_E102G, E_G52P, E_G99N, E_I53F, E_L103W, E_S50W, E_T100L, E_V51G",SKEMPI_v2.0,3HG1,1.7e-07,"A, B, C","D, E",PDB/SKEMPI_v2.0/3HG1.pdb,9.230693516352485,3HG1,3hg1_8,PDB/mutant_pdbs/3hg1/3hg1_8.pdb
C_V15E,SKEMPI_v2.0,3HH2,2e-08,"A, B",C,PDB/SKEMPI_v2.0/3HH2.pdb,10.498012597326598,3HH2,3hh2_1,PDB/mutant_pdbs/3hh2/3hh2_1.pdb
C_F47E,SKEMPI_v2.0,3HH2,2.1e-08,"A, B",C,PDB/SKEMPI_v2.0/3HH2.pdb,10.469119702765449,3HH2,3hh2_2,PDB/mutant_pdbs/3hh2/3hh2_2.pdb
C_I51E,SKEMPI_v2.0,3HH2,2.7e-08,"A, B",C,PDB/SKEMPI_v2.0/3HH2.pdb,10.320294598328417,3HH2,3hh2_3,PDB/mutant_pdbs/3hh2/3hh2_3.pdb
C_F52E,SKEMPI_v2.0,3HH2,2.5e-08,"A, B",C,PDB/SKEMPI_v2.0/3HH2.pdb,10.36586991631957,3HH2,3hh2_4,PDB/mutant_pdbs/3hh2/3hh2_4.pdb
C_F47A,SKEMPI_v2.0,3HH2,5.9e-08,"A, B",C,PDB/SKEMPI_v2.0/3HH2.pdb,9.857381780546906,3HH2,3hh2_5,PDB/mutant_pdbs/3hh2/3hh2_5.pdb
C_I51A,SKEMPI_v2.0,3HH2,2.1e-08,"A, B",C,PDB/SKEMPI_v2.0/3HH2.pdb,10.469119702765449,3HH2,3hh2_6,PDB/mutant_pdbs/3hh2/3hh2_6.pdb
C_F52A,SKEMPI_v2.0,3HH2,5.4e-08,"A, B",C,PDB/SKEMPI_v2.0/3HH2.pdb,9.909821939664488,3HH2,3hh2_7,PDB/mutant_pdbs/3hh2/3hh2_7.pdb
"G_C129V, G_C14W, G_C242Q, G_C27I, G_M247A, G_S111T, G_W13M, G_W200S",SKEMPI_v2.0,3IDX,1.25e-08,"H, L",G,PDB/SKEMPI_v2.0/3IDX.pdb,10.776342574983497,3IDX,3idx_1,PDB/mutant_pdbs/3idx/3idx_1.pdb
"G_C129V, G_C14W, G_C242Q, G_C27I, G_M247A, G_W13M",SKEMPI_v2.0,3IDX,5.52e-09,"H, L",G,PDB/SKEMPI_v2.0/3IDX.pdb,11.26036697670782,3IDX,3idx_2,PDB/mutant_pdbs/3idx/3idx_2.pdb
"G_C129V, G_C14W, G_C242Q, G_C27I, G_E122C, G_K85C, G_M247A, G_W13M",SKEMPI_v2.0,3IDX,6.06e-09,"H, L",G,PDB/SKEMPI_v2.0/3IDX.pdb,11.205097027497574,3IDX,3idx_3,PDB/mutant_pdbs/3idx/3idx_3.pdb
"G_C129V, G_C14W, G_M247A, G_W13M",SKEMPI_v2.0,3IDX,9.75e-08,"H, L",G,PDB/SKEMPI_v2.0/3IDX.pdb,9.559917472433769,3IDX,3idx_4,PDB/mutant_pdbs/3idx/3idx_4.pdb
"G_C129V, G_C14W, G_C242Q, G_C27I, G_E121C, G_K85C, G_M247A, G_W13M",SKEMPI_v2.0,3IDX,7.18e-09,"H, L",G,PDB/SKEMPI_v2.0/3IDX.pdb,11.104668303325566,3IDX,3idx_5,PDB/mutant_pdbs/3idx/3idx_5.pdb
"G_C129V, G_C14W, G_C242Q, G_C27I, G_G245C, G_M247A, G_T41C, G_W13M",SKEMPI_v2.0,3IDX,5.68e-09,"H, L",G,PDB/SKEMPI_v2.0/3IDX.pdb,11.243446200741262,3IDX,3idx_6,PDB/mutant_pdbs/3idx/3idx_6.pdb
"G_C242Q, G_C27I, G_M247A",SKEMPI_v2.0,3IDX,7.41e-09,"H, L",G,PDB/SKEMPI_v2.0/3IDX.pdb,11.085996025847518,3IDX,3idx_7,PDB/mutant_pdbs/3idx/3idx_7.pdb
"G_C242Q, G_C27I",SKEMPI_v2.0,3IDX,4.53e-09,"H, L",G,PDB/SKEMPI_v2.0/3IDX.pdb,11.377416217596984,3IDX,3idx_8,PDB/mutant_pdbs/3idx/3idx_8.pdb
"G_C129V, G_C14W, G_E121C, G_K85C, G_M247A, G_W13M",SKEMPI_v2.0,3IDX,1.58e-07,"H, L",G,PDB/SKEMPI_v2.0/3IDX.pdb,9.274043610986668,3IDX,3idx_9,PDB/mutant_pdbs/3idx/3idx_9.pdb
"G_C242Q, G_C27I, G_E121C, G_K85C",SKEMPI_v2.0,3IDX,5.25e-09,"H, L",G,PDB/SKEMPI_v2.0/3IDX.pdb,11.290065020093307,3IDX,3idx_10,PDB/mutant_pdbs/3idx/3idx_10.pdb
"G_G245C, G_M247A, G_T41C",SKEMPI_v2.0,3IDX,5.81e-07,"H, L",G,PDB/SKEMPI_v2.0/3IDX.pdb,8.502924089846738,3IDX,3idx_11,PDB/mutant_pdbs/3idx/3idx_11.pdb
A_D20A,SKEMPI_v2.0,3KBH,2.97e-07,A,E,PDB/SKEMPI_v2.0/3KBH.pdb,8.900292504360305,3KBH,3kbh_1,PDB/mutant_pdbs/3kbh/3kbh_1.pdb
A_Y23A,SKEMPI_v2.0,3KBH,1.45e-06,A,E,PDB/SKEMPI_v2.0/3KBH.pdb,7.961328882846787,3KBH,3kbh_2,PDB/mutant_pdbs/3kbh/3kbh_2.pdb
A_Y23F,SKEMPI_v2.0,3KBH,1.04e-06,A,E,PDB/SKEMPI_v2.0/3KBH.pdb,8.158137950667767,3KBH,3kbh_3,PDB/mutant_pdbs/3kbh/3kbh_3.pdb
E_Y17A,SKEMPI_v2.0,3KBH,4.12e-08,A,E,PDB/SKEMPI_v2.0/3KBH.pdb,10.070035604109643,3KBH,3kbh_4,PDB/mutant_pdbs/3kbh/3kbh_4.pdb
E_S54A,SKEMPI_v2.0,3KBH,8e-07,A,E,PDB/SKEMPI_v2.0/3KBH.pdb,8.313506622999926,3KBH,3kbh_5,PDB/mutant_pdbs/3kbh/3kbh_5.pdb
E_S54T,SKEMPI_v2.0,3KBH,2.33e-06,A,E,PDB/SKEMPI_v2.0/3KBH.pdb,7.680451860966252,3KBH,3kbh_6,PDB/mutant_pdbs/3kbh/3kbh_6.pdb
A_Y116D,ATLAS,3KPR,1.3e-06,"A, C","D, E",PDB/ATLAS/3KPR.pdb,8.030035200165598,3KPR_at,3kpr_at_1,PDB/mutant_pdbs/3kpr_at/3kpr_at_1.pdb
"A_D156L, A_Y116D",ATLAS,3KPR,0.0002,"A, C","D, E",PDB/ATLAS/3KPR.pdb,5.046308779718581,3KPR_at,3kpr_at_2,PDB/mutant_pdbs/3kpr_at/3kpr_at_2.pdb
A_Y116D,ATLAS,3KPS,0.000189,"A, C","D, E",PDB/ATLAS/3KPS.pdb,5.079825861575471,3KPS_at,3kps_at_1,PDB/mutant_pdbs/3kps_at/3kps_at_1.pdb
"A_D156L, A_Y116D",ATLAS,3KPS,0.0002,"A, C","D, E",PDB/ATLAS/3KPS.pdb,5.046308779718581,3KPS_at,3kps_at_2,PDB/mutant_pdbs/3kps_at/3kps_at_2.pdb
B_K30A,SKEMPI_v2.0,3KUD,4.6e-05,A,B,PDB/SKEMPI_v2.0/3KUD.pdb,5.914092780595242,3KUD,3kud_1,PDB/mutant_pdbs/3kud/3kud_1.pdb
"B_F6W, B_K30A",SKEMPI_v2.0,3KUD,6.6e-05,A,B,PDB/SKEMPI_v2.0/3KUD.pdb,5.700305417807214,3KUD,3kud_2,PDB/mutant_pdbs/3kud/3kud_2.pdb
"B_K30A, B_V33I",SKEMPI_v2.0,3KUD,0.000179,A,B,PDB/SKEMPI_v2.0/3KUD.pdb,5.109462182948178,3KUD,3kud_3,PDB/mutant_pdbs/3kud/3kud_3.pdb
"B_K30A, B_N16R",SKEMPI_v2.0,3KUD,6.2e-06,A,B,PDB/SKEMPI_v2.0/3KUD.pdb,7.100889809260255,3KUD,3kud_4,PDB/mutant_pdbs/3kud/3kud_4.pdb
"B_F6W, B_K30A, B_N16R",SKEMPI_v2.0,3KUD,1.3e-05,A,B,PDB/SKEMPI_v2.0/3KUD.pdb,6.662434612661921,3KUD,3kud_5,PDB/mutant_pdbs/3kud/3kud_5.pdb
"B_F6W, B_K30A, B_N16R, B_V33I",SKEMPI_v2.0,3KUD,4.6e-05,A,B,PDB/SKEMPI_v2.0/3KUD.pdb,5.914092780595242,3KUD,3kud_6,PDB/mutant_pdbs/3kud/3kud_6.pdb
"B_F6W, B_K30A, B_N16R, B_R12L, B_V33I",SKEMPI_v2.0,3KUD,4.7e-05,A,B,PDB/SKEMPI_v2.0/3KUD.pdb,5.901357088259756,3KUD,3kud_7,PDB/mutant_pdbs/3kud/3kud_7.pdb
"B_F6W, B_K30A, B_N16R, B_V14E, B_V33I",SKEMPI_v2.0,3KUD,0.00137,A,B,PDB/SKEMPI_v2.0/3KUD.pdb,3.904255184619407,3KUD,3kud_8,PDB/mutant_pdbs/3kud/3kud_8.pdb
"B_F6W, B_K29R, B_K30A, B_N16R, B_R12L, B_V14E, B_V33I",SKEMPI_v2.0,3KUD,0.00206,A,B,PDB/SKEMPI_v2.0/3KUD.pdb,3.6627049777794927,3KUD,3kud_9,PDB/mutant_pdbs/3kud/3kud_9.pdb
B_N16R,SKEMPI_v2.0,3KUD,4.42e-07,A,B,PDB/SKEMPI_v2.0/3KUD.pdb,8.664852185356397,3KUD,3kud_10,PDB/mutant_pdbs/3kud/3kud_10.pdb
"A_T35A, B_K30A",SKEMPI_v2.0,3KUD,0.000288,A,B,PDB/SKEMPI_v2.0/3KUD.pdb,4.827833105565967,3KUD,3kud_11,PDB/mutant_pdbs/3kud/3kud_11.pdb
"A_T35A, B_K30A, B_N16R",SKEMPI_v2.0,3KUD,2.2e-05,A,B,PDB/SKEMPI_v2.0/3KUD.pdb,6.3508891893608554,3KUD,3kud_12,PDB/mutant_pdbs/3kud/3kud_12.pdb
A_T35A,SKEMPI_v2.0,3KUD,4.9e-05,A,B,PDB/SKEMPI_v2.0/3KUD.pdb,5.876679064652392,3KUD,3kud_13,PDB/mutant_pdbs/3kud/3kud_13.pdb
"A_T35A, B_N16R",SKEMPI_v2.0,3KUD,2.1e-05,A,B,PDB/SKEMPI_v2.0/3KUD.pdb,6.378437731769002,3KUD,3kud_14,PDB/mutant_pdbs/3kud/3kud_14.pdb
"A_C118S, A_Y32C, B_K30A",SKEMPI_v2.0,3KUD,0.000226,A,B,PDB/SKEMPI_v2.0/3KUD.pdb,4.971394292062608,3KUD,3kud_15,PDB/mutant_pdbs/3kud/3kud_15.pdb
"A_C118S, A_Y32C, B_K30A, B_N16R",SKEMPI_v2.0,3KUD,2.8e-05,A,B,PDB/SKEMPI_v2.0/3KUD.pdb,6.208076185994786,3KUD,3kud_16,PDB/mutant_pdbs/3kud/3kud_16.pdb
"A_C118S, A_Y32C",SKEMPI_v2.0,3KUD,7.9e-06,A,B,PDB/SKEMPI_v2.0/3KUD.pdb,6.957394955652965,3KUD,3kud_17,PDB/mutant_pdbs/3kud/3kud_17.pdb
"A_C118S, A_Y32C, B_N16R",SKEMPI_v2.0,3KUD,1.6e-06,A,B,PDB/SKEMPI_v2.0/3KUD.pdb,7.903033964335996,3KUD,3kud_18,PDB/mutant_pdbs/3kud/3kud_18.pdb
"L_E93L, L_H91Q, L_N92D, L_Y94G",SKEMPI_v2.0,3L5X,3.7e-11,A,"H, L",PDB/SKEMPI_v2.0/3L5X.pdb,14.224389710810325,3L5X,3l5x_1,PDB/mutant_pdbs/3l5x/3l5x_1.pdb
"L_E93W, L_N92D, L_Y94G",SKEMPI_v2.0,3L5X,4.4e-11,A,"H, L",PDB/SKEMPI_v2.0/3L5X.pdb,14.121780472689823,3L5X,3l5x_2,PDB/mutant_pdbs/3l5x/3l5x_2.pdb
"L_E93I, L_H91Q, L_N92D, L_Y94G",SKEMPI_v2.0,3L5X,5.5e-11,A,"H, L",PDB/SKEMPI_v2.0/3L5X.pdb,13.989637791682794,3L5X,3l5x_3,PDB/mutant_pdbs/3l5x/3l5x_3.pdb
"L_E93W, L_N92E, L_Y94G",SKEMPI_v2.0,3L5X,5.5e-11,A,"H, L",PDB/SKEMPI_v2.0/3L5X.pdb,13.989637791682794,3L5X,3l5x_4,PDB/mutant_pdbs/3l5x/3l5x_4.pdb
"L_E93P, L_N92D, L_Y94G",SKEMPI_v2.0,3L5X,6.3e-11,A,"H, L",PDB/SKEMPI_v2.0/3L5X.pdb,13.909217902208253,3L5X,3l5x_5,PDB/mutant_pdbs/3l5x/3l5x_5.pdb
"L_E93Y, L_H91Q, L_N92D, L_Y94G",SKEMPI_v2.0,3L5X,6.5e-11,A,"H, L",PDB/SKEMPI_v2.0/3L5X.pdb,13.890710556319931,3L5X,3l5x_6,PDB/mutant_pdbs/3l5x/3l5x_6.pdb
"L_E93W, L_N92S, L_Y94G",SKEMPI_v2.0,3L5X,8.8e-11,A,"H, L",PDB/SKEMPI_v2.0/3L5X.pdb,13.711307814025893,3L5X,3l5x_7,PDB/mutant_pdbs/3l5x/3l5x_7.pdb
"L_E93S, L_N92E, L_Y94G",SKEMPI_v2.0,3L5X,8.9e-11,A,"H, L",PDB/SKEMPI_v2.0/3L5X.pdb,13.704616365778127,3L5X,3l5x_8,PDB/mutant_pdbs/3l5x/3l5x_8.pdb
"L_E93H, L_N92S, L_Y94G",SKEMPI_v2.0,3L5X,9.2e-11,A,"H, L",PDB/SKEMPI_v2.0/3L5X.pdb,13.684984063924208,3L5X,3l5x_9,PDB/mutant_pdbs/3l5x/3l5x_9.pdb
"L_E93W, L_N92F, L_Y94G",SKEMPI_v2.0,3L5X,9.4e-11,A,"H, L",PDB/SKEMPI_v2.0/3L5X.pdb,13.672248371588722,3L5X,3l5x_10,PDB/mutant_pdbs/3l5x/3l5x_10.pdb
"L_E93W, L_N92D, L_Y94E",SKEMPI_v2.0,3L5X,1e-10,A,"H, L",PDB/SKEMPI_v2.0/3L5X.pdb,13.635606569988159,3L5X,3l5x_11,PDB/mutant_pdbs/3l5x/3l5x_11.pdb
"L_E93Y, L_N92S, L_Y94G",SKEMPI_v2.0,3L5X,1.48e-10,A,"H, L",PDB/SKEMPI_v2.0/3L5X.pdb,13.403444393482467,3L5X,3l5x_12,PDB/mutant_pdbs/3l5x/3l5x_12.pdb
"L_E93D, L_H91P, L_N92L, L_Y94V",SKEMPI_v2.0,3L5X,1.77e-10,A,"H, L",PDB/SKEMPI_v2.0/3L5X.pdb,13.297479979989712,3L5X,3l5x_13,PDB/mutant_pdbs/3l5x/3l5x_13.pdb
"L_E93W, L_N92V, L_Y94G",SKEMPI_v2.0,3L5X,1.84e-10,A,"H, L",PDB/SKEMPI_v2.0/3L5X.pdb,13.274511405260279,3L5X,3l5x_14,PDB/mutant_pdbs/3l5x/3l5x_14.pdb
L_Y94A,SKEMPI_v2.0,3L5X,1.86e-10,A,"H, L",PDB/SKEMPI_v2.0/3L5X.pdb,13.268109322700692,3L5X,3l5x_15,PDB/mutant_pdbs/3l5x/3l5x_15.pdb
"L_E93M, L_N92L, L_Y94G",SKEMPI_v2.0,3L5X,1.87e-10,A,"H, L",PDB/SKEMPI_v2.0/3L5X.pdb,13.264934050379638,3L5X,3l5x_16,PDB/mutant_pdbs/3l5x/3l5x_16.pdb
"L_E93D, L_H91P, L_N92L, L_Y94T",SKEMPI_v2.0,3L5X,1.92e-10,A,"H, L",PDB/SKEMPI_v2.0/3L5X.pdb,13.249308160448576,3L5X,3l5x_17,PDB/mutant_pdbs/3l5x/3l5x_17.pdb
"L_E93Y, L_N92D, L_Y94A",SKEMPI_v2.0,3L5X,1.93e-10,A,"H, L",PDB/SKEMPI_v2.0/3L5X.pdb,13.246231858106706,3L5X,3l5x_18,PDB/mutant_pdbs/3l5x/3l5x_18.pdb
"L_E93I, L_N92S, L_Y94G",SKEMPI_v2.0,3L5X,1.93e-10,A,"H, L",PDB/SKEMPI_v2.0/3L5X.pdb,13.246231858106706,3L5X,3l5x_19,PDB/mutant_pdbs/3l5x/3l5x_19.pdb
"L_E93H, L_Y94G",SKEMPI_v2.0,3L5X,2.08e-10,A,"H, L",PDB/SKEMPI_v2.0/3L5X.pdb,13.201907919999101,3L5X,3l5x_20,PDB/mutant_pdbs/3l5x/3l5x_20.pdb
"L_E93W, L_N92D, L_Y94S",SKEMPI_v2.0,3L5X,2.25e-10,A,"H, L",PDB/SKEMPI_v2.0/3L5X.pdb,13.155384344208734,3L5X,3l5x_21,PDB/mutant_pdbs/3l5x/3l5x_21.pdb
"L_E93N, L_N92L, L_Y94G",SKEMPI_v2.0,3L5X,2.33e-10,A,"H, L",PDB/SKEMPI_v2.0/3L5X.pdb,13.134694488961514,3L5X,3l5x_22,PDB/mutant_pdbs/3l5x/3l5x_22.pdb
"L_E93D, L_N92L, L_Y94S",SKEMPI_v2.0,3L5X,2.39e-10,A,"H, L",PDB/SKEMPI_v2.0/3L5X.pdb,13.119638079564345,3L5X,3l5x_23,PDB/mutant_pdbs/3l5x/3l5x_23.pdb
"L_E93D, L_H91P, L_N92I, L_Y94A",SKEMPI_v2.0,3L5X,2.53e-10,A,"H, L",PDB/SKEMPI_v2.0/3L5X.pdb,13.085927287283956,3L5X,3l5x_24,PDB/mutant_pdbs/3l5x/3l5x_24.pdb
"L_E93D, L_H91P, L_N92L, L_Y94S",SKEMPI_v2.0,3L5X,2.59e-10,A,"H, L",PDB/SKEMPI_v2.0/3L5X.pdb,13.072047272140072,3L5X,3l5x_25,PDB/mutant_pdbs/3l5x/3l5x_25.pdb
"L_E93L, L_N92L, L_Y94G",SKEMPI_v2.0,3L5X,2.62e-10,A,"H, L",PDB/SKEMPI_v2.0/3L5X.pdb,13.065227386372754,3L5X,3l5x_26,PDB/mutant_pdbs/3l5x/3l5x_26.pdb
"L_E93N, L_N92D, L_Y94S",SKEMPI_v2.0,3L5X,3.06e-10,A,"H, L",PDB/SKEMPI_v2.0/3L5X.pdb,12.973295942576533,3L5X,3l5x_27,PDB/mutant_pdbs/3l5x/3l5x_27.pdb
"L_E93R, L_N92D, L_Y94D",SKEMPI_v2.0,3L5X,3.12e-10,A,"H, L",PDB/SKEMPI_v2.0/3L5X.pdb,12.961796807109389,3L5X,3l5x_28,PDB/mutant_pdbs/3l5x/3l5x_28.pdb
"L_E93V, L_N92S, L_Y94G",SKEMPI_v2.0,3L5X,3.15e-10,A,"H, L",PDB/SKEMPI_v2.0/3L5X.pdb,12.956129903873368,3L5X,3l5x_29,PDB/mutant_pdbs/3l5x/3l5x_29.pdb
"L_E93G, L_N92V, L_Y94G",SKEMPI_v2.0,3L5X,3.45e-10,A,"H, L",PDB/SKEMPI_v2.0/3L5X.pdb,12.902257611363536,3L5X,3l5x_30,PDB/mutant_pdbs/3l5x/3l5x_30.pdb
"L_H91P, L_N92L, L_Y94A",SKEMPI_v2.0,3L5X,3.56e-10,A,"H, L",PDB/SKEMPI_v2.0/3L5X.pdb,12.883671048450271,3L5X,3l5x_31,PDB/mutant_pdbs/3l5x/3l5x_31.pdb
"L_E93L, L_N92D, L_Y94G",SKEMPI_v2.0,3L5X,3.65e-10,A,"H, L",PDB/SKEMPI_v2.0/3L5X.pdb,12.868886142304143,3L5X,3l5x_32,PDB/mutant_pdbs/3l5x/3l5x_32.pdb
"L_E93F, L_Y94G",SKEMPI_v2.0,3L5X,3.66e-10,A,"H, L",PDB/SKEMPI_v2.0/3L5X.pdb,12.86726593098135,3L5X,3l5x_33,PDB/mutant_pdbs/3l5x/3l5x_33.pdb
"L_E93W, L_N92S, L_Y94A",SKEMPI_v2.0,3L5X,4.52e-10,A,"H, L",PDB/SKEMPI_v2.0/3L5X.pdb,12.742285575391575,3L5X,3l5x_34,PDB/mutant_pdbs/3l5x/3l5x_34.pdb
"L_E93S, L_N92S, L_Y94G",SKEMPI_v2.0,3L5X,4.95e-10,A,"H, L",PDB/SKEMPI_v2.0/3L5X.pdb,12.68847024857551,3L5X,3l5x_35,PDB/mutant_pdbs/3l5x/3l5x_35.pdb
A_I10A,SKEMPI_v2.0,3LB6,8.47e-12,A,C,PDB/SKEMPI_v2.0/3LB6.pdb,15.09750257137695,3LB6,3lb6_1,PDB/mutant_pdbs/3lb6/3lb6_1.pdb
A_K100A,SKEMPI_v2.0,3LB6,2.89e-10,A,C,PDB/SKEMPI_v2.0/3LB6.pdb,13.007144404709704,3LB6,3lb6_2,PDB/mutant_pdbs/3lb6/3lb6_2.pdb
A_K101A,SKEMPI_v2.0,3LB6,1.16e-12,A,C,PDB/SKEMPI_v2.0/3LB6.pdb,16.274835505846713,3LB6,3lb6_3,PDB/mutant_pdbs/3lb6/3lb6_3.pdb
A_F103A,SKEMPI_v2.0,3LB6,8.91e-11,A,C,PDB/SKEMPI_v2.0/3LB6.pdb,13.703951360801927,3LB6,3lb6_4,PDB/mutant_pdbs/3lb6/3lb6_4.pdb
B_A8N,SKEMPI_v2.0,3LNZ,3.2e-09,A,B,PDB/SKEMPI_v2.0/3LNZ.pdb,11.583243276668515,3LNZ,3lnz_1,PDB/mutant_pdbs/3lnz/3lnz_1.pdb
A_D187E,SKEMPI_v2.0,3LZF,5.8e-09,"A, B","H, L",PDB/SKEMPI_v2.0/3LZF.pdb,11.231065536515377,3LZF,3lzf_1,PDB/mutant_pdbs/3lzf/3lzf_1.pdb
A_D222G,SKEMPI_v2.0,3LZF,6.2e-09,"A, B","H, L",PDB/SKEMPI_v2.0/3LZF.pdb,11.191571780256702,3LZF,3lzf_2,PDB/mutant_pdbs/3lzf/3lzf_2.pdb
"A_D187E, A_D222G",SKEMPI_v2.0,3LZF,3.1e-09,"A, B","H, L",PDB/SKEMPI_v2.0/3LZF.pdb,11.602044438920633,3LZF,3lzf_3,PDB/mutant_pdbs/3lzf/3lzf_3.pdb
A_E32A,SKEMPI_v2.0,3M62,2.84e-07,A,B,PDB/SKEMPI_v2.0/3M62.pdb,8.92679754540756,3M62,3m62_1,PDB/mutant_pdbs/3m62/3m62_1.pdb
A_D46A,SKEMPI_v2.0,3M62,7.9e-06,A,B,PDB/SKEMPI_v2.0/3M62.pdb,6.957394955652965,3M62,3m62_2,PDB/mutant_pdbs/3m62/3m62_2.pdb
A_L50A,SKEMPI_v2.0,3M62,8.3e-06,A,B,PDB/SKEMPI_v2.0/3M62.pdb,6.928145214519358,3M62,3m62_3,PDB/mutant_pdbs/3m62/3m62_3.pdb
A_T54A,SKEMPI_v2.0,3M62,7.2e-08,A,B,PDB/SKEMPI_v2.0/3M62.pdb,9.73946039389027,3M62,3m62_4,PDB/mutant_pdbs/3m62/3m62_4.pdb
A_E55A,SKEMPI_v2.0,3M62,4.13e-07,A,B,PDB/SKEMPI_v2.0/3M62.pdb,8.705039341876654,3M62,3m62_5,PDB/mutant_pdbs/3m62/3m62_5.pdb
A_R98A,SKEMPI_v2.0,3M62,2.65e-07,A,B,PDB/SKEMPI_v2.0/3M62.pdb,8.9678031770544,3M62,3m62_6,PDB/mutant_pdbs/3m62/3m62_6.pdb
A_G102A,SKEMPI_v2.0,3M62,5.92e-07,A,B,PDB/SKEMPI_v2.0/3M62.pdb,8.49181710515816,3M62,3m62_7,PDB/mutant_pdbs/3m62/3m62_7.pdb
A_Y103A,SKEMPI_v2.0,3M62,0.000134,A,B,PDB/SKEMPI_v2.0/3M62.pdb,5.280927525629245,3M62,3m62_8,PDB/mutant_pdbs/3m62/3m62_8.pdb
A_I110A,SKEMPI_v2.0,3M62,1.6e-06,A,B,PDB/SKEMPI_v2.0/3M62.pdb,7.903033964335996,3M62,3m62_9,PDB/mutant_pdbs/3m62/3m62_9.pdb
B_F7A,SKEMPI_v2.0,3M62,3.76e-07,A,B,PDB/SKEMPI_v2.0/3M62.pdb,8.760621083264416,3M62,3m62_10,PDB/mutant_pdbs/3m62/3m62_10.pdb
B_K8A,SKEMPI_v2.0,3M62,1.62e-07,A,B,PDB/SKEMPI_v2.0/3M62.pdb,9.259238168110844,3M62,3m62_11,PDB/mutant_pdbs/3m62/3m62_11.pdb
B_I43A,SKEMPI_v2.0,3M62,9.1e-06,A,B,PDB/SKEMPI_v2.0/3M62.pdb,6.873652830990486,3M62,3m62_12,PDB/mutant_pdbs/3m62/3m62_12.pdb
B_S45A,SKEMPI_v2.0,3M62,6.06e-07,A,B,PDB/SKEMPI_v2.0/3M62.pdb,8.477975713499943,3M62,3m62_13,PDB/mutant_pdbs/3m62/3m62_13.pdb
B_V48A,SKEMPI_v2.0,3M62,4.41e-07,A,B,PDB/SKEMPI_v2.0/3M62.pdb,8.666193492541556,3M62,3m62_14,PDB/mutant_pdbs/3m62/3m62_14.pdb
B_Q50A,SKEMPI_v2.0,3M62,4.15e-07,A,B,PDB/SKEMPI_v2.0/3M62.pdb,8.702178530182103,3M62,3m62_15,PDB/mutant_pdbs/3m62/3m62_15.pdb
B_Q65A,SKEMPI_v2.0,3M62,1.13e-07,A,B,PDB/SKEMPI_v2.0/3M62.pdb,9.472548921722986,3M62,3m62_16,PDB/mutant_pdbs/3m62/3m62_16.pdb
B_V67A,SKEMPI_v2.0,3M62,4.78e-07,A,B,PDB/SKEMPI_v2.0/3M62.pdb,8.618483449903968,3M62,3m62_17,PDB/mutant_pdbs/3m62/3m62_17.pdb
B_M69A,SKEMPI_v2.0,3M62,2.21e-07,A,B,PDB/SKEMPI_v2.0/3M62.pdb,9.075324844020326,3M62,3m62_18,PDB/mutant_pdbs/3m62/3m62_18.pdb
A_E33A,SKEMPI_v2.0,3M63,5.21e-07,A,B,PDB/SKEMPI_v2.0/3M63.pdb,8.567472882047877,3M63,3m63_1,PDB/mutant_pdbs/3m63/3m63_1.pdb
A_D46A,SKEMPI_v2.0,3M63,7.6e-06,A,B,PDB/SKEMPI_v2.0/3M63.pdb,6.980321181409013,3M63,3m63_2,PDB/mutant_pdbs/3m63/3m63_2.pdb
A_L50A,SKEMPI_v2.0,3M63,4.63e-07,A,B,PDB/SKEMPI_v2.0/3M63.pdb,8.637364545593348,3M63,3m63_3,PDB/mutant_pdbs/3m63/3m63_3.pdb
A_T54A,SKEMPI_v2.0,3M63,2.96e-07,A,B,PDB/SKEMPI_v2.0/3M63.pdb,8.902289763822088,3M63,3m63_4,PDB/mutant_pdbs/3m63/3m63_4.pdb
A_E55A,SKEMPI_v2.0,3M63,3.14e-07,A,B,PDB/SKEMPI_v2.0/3M63.pdb,8.867330881582808,3M63,3m63_5,PDB/mutant_pdbs/3m63/3m63_5.pdb
A_R98A,SKEMPI_v2.0,3M63,1.28e-07,A,B,PDB/SKEMPI_v2.0/3M63.pdb,9.398737302341841,3M63,3m63_6,PDB/mutant_pdbs/3m63/3m63_6.pdb
A_G102A,SKEMPI_v2.0,3M63,2.16e-07,A,B,PDB/SKEMPI_v2.0/3M63.pdb,9.08887662233663,3M63,3m63_7,PDB/mutant_pdbs/3m63/3m63_7.pdb
A_Y103A,SKEMPI_v2.0,3M63,8.3e-05,A,B,PDB/SKEMPI_v2.0/3M63.pdb,5.564584557520542,3M63,3m63_8,PDB/mutant_pdbs/3m63/3m63_8.pdb
A_V106A,SKEMPI_v2.0,3M63,3.9e-06,A,B,PDB/SKEMPI_v2.0/3M63.pdb,7.375411498107095,3M63,3m63_9,PDB/mutant_pdbs/3m63/3m63_9.pdb
A_I110A,SKEMPI_v2.0,3M63,1.1e-06,A,B,PDB/SKEMPI_v2.0/3M63.pdb,8.124922505023601,3M63,3m63_10,PDB/mutant_pdbs/3m63/3m63_10.pdb
A_F113A,SKEMPI_v2.0,3M63,3.6e-06,A,B,PDB/SKEMPI_v2.0/3M63.pdb,7.422811738556569,3M63,3m63_11,PDB/mutant_pdbs/3m63/3m63_11.pdb
"B_G8F, B_H67V, B_Q9K, B_S65Q, B_V69M",SKEMPI_v2.0,3M63,2.4e-07,A,B,PDB/SKEMPI_v2.0/3M63.pdb,9.026483508445098,3M63,3m63_12,PDB/mutant_pdbs/3m63/3m63_12.pdb
C_G4A,ATLAS,3MV7,4.8e-06,"A, C","D, E",PDB/ATLAS/3MV7.pdb,7.2561007549599275,3MV7_at,3mv7_at_1,PDB/mutant_pdbs/3mv7_at/3mv7_at_1.pdb
C_E5D,ATLAS,3MV7,0.000189,"A, C","D, E",PDB/ATLAS/3MV7.pdb,5.079825861575471,3MV7_at,3mv7_at_2,PDB/mutant_pdbs/3mv7_at/3mv7_at_2.pdb
C_E5Q,ATLAS,3MV7,5.203e-05,"A, C","D, E",PDB/ATLAS/3MV7.pdb,5.84408792261809,3MV7_at,3mv7_at_3,PDB/mutant_pdbs/3mv7_at/3mv7_at_3.pdb
"C_G4A, E_Q55A",ATLAS,3MV7,1.2e-05,"A, C","D, E",PDB/ATLAS/3MV7.pdb,6.713212286762289,3MV7_at,3mv7_at_4,PDB/mutant_pdbs/3mv7_at/3mv7_at_4.pdb
"C_E5D, E_Q55A",ATLAS,3MV7,0.000179,"A, C","D, E",PDB/ATLAS/3MV7.pdb,5.112034059885903,3MV7_at,3mv7_at_5,PDB/mutant_pdbs/3mv7_at/3mv7_at_5.pdb
"C_E5Q, E_Q55A",ATLAS,3MV7,9.96e-05,"A, C","D, E",PDB/ATLAS/3MV7.pdb,5.459362744493044,3MV7_at,3mv7_at_6,PDB/mutant_pdbs/3mv7_at/3mv7_at_6.pdb
"C_G4A, E_Q55H",ATLAS,3MV7,7.45e-05,"A, C","D, E",PDB/ATLAS/3MV7.pdb,5.631398475175174,3MV7_at,3mv7_at_7,PDB/mutant_pdbs/3mv7_at/3mv7_at_7.pdb
"C_E5D, E_Q55H",ATLAS,3MV7,0.0002,"A, C","D, E",PDB/ATLAS/3MV7.pdb,5.046308779718581,3MV7_at,3mv7_at_8,PDB/mutant_pdbs/3mv7_at/3mv7_at_8.pdb
"C_E5Q, E_Q55H",ATLAS,3MV7,0.0002,"A, C","D, E",PDB/ATLAS/3MV7.pdb,5.046308779718581,3MV7_at,3mv7_at_9,PDB/mutant_pdbs/3mv7_at/3mv7_at_9.pdb
A_H33A,SKEMPI_v2.0,3MZG,2.4e-05,A,B,PDB/SKEMPI_v2.0/3MZG.pdb,6.2993621944474665,3MZG,3mzg_1,PDB/mutant_pdbs/3mzg/3mzg_1.pdb
A_H46A,SKEMPI_v2.0,3MZG,1.8e-05,A,B,PDB/SKEMPI_v2.0/3MZG.pdb,6.469723740221682,3MZG,3mzg_2,PDB/mutant_pdbs/3mzg/3mzg_2.pdb
A_H84A,SKEMPI_v2.0,3MZG,1.53e-05,A,B,PDB/SKEMPI_v2.0/3MZG.pdb,6.565965316246384,3MZG,3mzg_3,PDB/mutant_pdbs/3mzg/3mzg_3.pdb
A_H125A,SKEMPI_v2.0,3MZG,8.7e-06,A,B,PDB/SKEMPI_v2.0/3MZG.pdb,6.900272452629216,3MZG,3mzg_4,PDB/mutant_pdbs/3mzg/3mzg_4.pdb
A_H160A,SKEMPI_v2.0,3MZG,2.1e-05,A,B,PDB/SKEMPI_v2.0/3MZG.pdb,6.378437731769002,3MZG,3mzg_5,PDB/mutant_pdbs/3mzg/3mzg_5.pdb
A_H182A,SKEMPI_v2.0,3MZG,2.69e-07,A,B,PDB/SKEMPI_v2.0/3MZG.pdb,8.95893129772489,3MZG,3mzg_6,PDB/mutant_pdbs/3mzg/3mzg_6.pdb
A_H14A,SKEMPI_v2.0,3MZG,7.2e-06,A,B,PDB/SKEMPI_v2.0/3MZG.pdb,7.01233907989264,3MZG,3mzg_7,PDB/mutant_pdbs/3mzg/3mzg_7.pdb
A_H167A,SKEMPI_v2.0,3MZG,6.28e-06,A,B,PDB/SKEMPI_v2.0/3MZG.pdb,7.093297565920063,3MZG,3mzg_8,PDB/mutant_pdbs/3mzg/3mzg_8.pdb
A_H17A,SKEMPI_v2.0,3MZG,1.92e-06,A,B,PDB/SKEMPI_v2.0/3MZG.pdb,7.795065532453312,3MZG,3mzg_9,PDB/mutant_pdbs/3mzg/3mzg_9.pdb
B_H188A,SKEMPI_v2.0,3MZG,9.4e-06,A,B,PDB/SKEMPI_v2.0/3MZG.pdb,6.854445086594643,3MZG,3mzg_10,PDB/mutant_pdbs/3mzg/3mzg_10.pdb
"A_H167A, B_H188A",SKEMPI_v2.0,3MZG,1.34e-05,A,B,PDB/SKEMPI_v2.0/3MZG.pdb,6.64448818262806,3MZG,3mzg_11,PDB/mutant_pdbs/3mzg/3mzg_11.pdb
B_N18T,SKEMPI_v2.0,3MZW,1.8e-11,A,B,PDB/SKEMPI_v2.0/3MZW.pdb,14.651087682214577,3MZW,3mzw_1,PDB/mutant_pdbs/3mzw/3mzw_1.pdb
B_N18G,SKEMPI_v2.0,3MZW,2.6e-11,A,B,PDB/SKEMPI_v2.0/3MZW.pdb,14.433325895990889,3MZW,3mzw_2,PDB/mutant_pdbs/3mzw/3mzw_2.pdb
B_N18A,SKEMPI_v2.0,3MZW,2.4e-11,A,B,PDB/SKEMPI_v2.0/3MZW.pdb,14.480726136440362,3MZW,3mzw_3,PDB/mutant_pdbs/3mzw/3mzw_3.pdb
"B_N18T, B_N1E",SKEMPI_v2.0,3MZW,4.4e-11,A,B,PDB/SKEMPI_v2.0/3MZW.pdb,14.121780472689823,3MZW,3mzw_4,PDB/mutant_pdbs/3mzw/3mzw_4.pdb
"B_N18T, B_N1A",SKEMPI_v2.0,3MZW,4.1e-11,A,B,PDB/SKEMPI_v2.0/3MZW.pdb,14.163599268719945,3MZW,3mzw_5,PDB/mutant_pdbs/3mzw/3mzw_5.pdb
"B_A49S, B_N18T",SKEMPI_v2.0,3MZW,2.7e-11,A,B,PDB/SKEMPI_v2.0/3MZW.pdb,14.410976569324864,3MZW,3mzw_6,PDB/mutant_pdbs/3mzw/3mzw_6.pdb
"B_A37S, B_A41S, B_A49S, B_N18T",SKEMPI_v2.0,3MZW,1.9e-11,A,B,PDB/SKEMPI_v2.0/3MZW.pdb,14.61906978373095,3MZW,3mzw_7,PDB/mutant_pdbs/3mzw/3mzw_7.pdb
"B_A37S, B_A41S, B_A49S, B_N18T, B_N1A",SKEMPI_v2.0,3MZW,2.4e-11,A,B,PDB/SKEMPI_v2.0/3MZW.pdb,14.480726136440362,3MZW,3mzw_8,PDB/mutant_pdbs/3mzw/3mzw_8.pdb
"B_A37S, B_A41S, B_A49S, B_N18T, B_N1E",SKEMPI_v2.0,3MZW,3.7e-11,A,B,PDB/SKEMPI_v2.0/3MZW.pdb,14.224389710810325,3MZW,3mzw_9,PDB/mutant_pdbs/3mzw/3mzw_9.pdb
"B_N18T, B_S28A",SKEMPI_v2.0,3MZW,1.6e-11,A,B,PDB/SKEMPI_v2.0/3MZW.pdb,14.720837249330074,3MZW,3mzw_10,PDB/mutant_pdbs/3mzw/3mzw_10.pdb
"B_N18T, B_S28K",SKEMPI_v2.0,3MZW,1.6e-11,A,B,PDB/SKEMPI_v2.0/3MZW.pdb,14.720837249330074,3MZW,3mzw_11,PDB/mutant_pdbs/3mzw/3mzw_11.pdb
"B_D31A, B_N18T",SKEMPI_v2.0,3MZW,7.6e-11,A,B,PDB/SKEMPI_v2.0/3MZW.pdb,13.798124466403092,3MZW,3mzw_12,PDB/mutant_pdbs/3mzw/3mzw_12.pdb
"B_D31K, B_N18T",SKEMPI_v2.0,3MZW,1.8e-10,A,B,PDB/SKEMPI_v2.0/3MZW.pdb,13.287527025215763,3MZW,3mzw_13,PDB/mutant_pdbs/3mzw/3mzw_13.pdb
"B_D32E, B_N18T",SKEMPI_v2.0,3MZW,3.3e-11,A,B,PDB/SKEMPI_v2.0/3MZW.pdb,14.292142018464038,3MZW,3mzw_14,PDB/mutant_pdbs/3mzw/3mzw_14.pdb
"B_E42A, B_N18T",SKEMPI_v2.0,3MZW,1.3e-11,A,B,PDB/SKEMPI_v2.0/3MZW.pdb,14.843798554654818,3MZW,3mzw_15,PDB/mutant_pdbs/3mzw/3mzw_15.pdb
"B_L46T, B_N18T",SKEMPI_v2.0,3MZW,1.7e-11,A,B,PDB/SKEMPI_v2.0/3MZW.pdb,14.684936144347747,3MZW,3mzw_16,PDB/mutant_pdbs/3mzw/3mzw_16.pdb
"B_L46Y, B_N18T",SKEMPI_v2.0,3MZW,2.2e-11,A,B,PDB/SKEMPI_v2.0/3MZW.pdb,14.532253131353752,3MZW,3mzw_17,PDB/mutant_pdbs/3mzw/3mzw_17.pdb
"B_A49S, B_N18T, B_N38E",SKEMPI_v2.0,3MZW,2.9e-11,A,B,PDB/SKEMPI_v2.0/3MZW.pdb,14.368659509176936,3MZW,3mzw_18,PDB/mutant_pdbs/3mzw/3mzw_18.pdb
"B_A37S, B_A41S, B_L46T, B_N18T",SKEMPI_v2.0,3MZW,1.8e-11,A,B,PDB/SKEMPI_v2.0/3MZW.pdb,14.651087682214577,3MZW,3mzw_19,PDB/mutant_pdbs/3mzw/3mzw_19.pdb
"B_A37S, B_A41S, B_L46Y, B_N18T",SKEMPI_v2.0,3MZW,2.1e-11,A,B,PDB/SKEMPI_v2.0/3MZW.pdb,14.559801673761896,3MZW,3mzw_20,PDB/mutant_pdbs/3mzw/3mzw_20.pdb
"B_A37S, B_A41S, B_A49S, B_N18T, B_N1A, B_S28K",SKEMPI_v2.0,3MZW,1.6e-11,A,B,PDB/SKEMPI_v2.0/3MZW.pdb,14.720837249330074,3MZW,3mzw_21,PDB/mutant_pdbs/3mzw/3mzw_21.pdb
"B_A37S, B_A41S, B_A49S, B_D31A, B_N18T, B_N1A, B_S28K",SKEMPI_v2.0,3MZW,4.9e-11,A,B,PDB/SKEMPI_v2.0/3MZW.pdb,14.058043006645287,3MZW,3mzw_22,PDB/mutant_pdbs/3mzw/3mzw_22.pdb
"B_A37S, B_A41S, B_A49S, B_D32E, B_N18T, B_N1A, B_S28K",SKEMPI_v2.0,3MZW,7.3e-12,A,B,PDB/SKEMPI_v2.0/3MZW.pdb,15.185534797637844,3MZW,3mzw_23,PDB/mutant_pdbs/3mzw/3mzw_23.pdb
"B_A37S, B_A41S, B_A49S, B_N18T, B_N1A, B_N38E, B_S28K",SKEMPI_v2.0,3MZW,1.5e-11,A,B,PDB/SKEMPI_v2.0/3MZW.pdb,14.75905611409726,3MZW,3mzw_24,PDB/mutant_pdbs/3mzw/3mzw_24.pdb
"B_A37S, B_A41S, B_A49S, B_E42A, B_N18T, B_N1A, B_S28K",SKEMPI_v2.0,3MZW,1.2e-11,A,B,PDB/SKEMPI_v2.0/3MZW.pdb,14.891198795104291,3MZW,3mzw_25,PDB/mutant_pdbs/3mzw/3mzw_25.pdb
A_A14H,SKEMPI_v2.0,3N06,8.4e-06,A,B,PDB/SKEMPI_v2.0/3N06.pdb,6.92105307143996,3N06,3n06_1,PDB/mutant_pdbs/3n06/3n06_1.pdb
A_A17H,SKEMPI_v2.0,3N0P,8.4e-06,A,B,PDB/SKEMPI_v2.0/3N0P.pdb,6.92105307143996,3N0P,3n0p_1,PDB/mutant_pdbs/3n0p/3n0p_1.pdb
A_E79D,SKEMPI_v2.0,3N4I,1.8e-06,A,B,PDB/SKEMPI_v2.0/3N4I.pdb,7.859570586472914,3N4I,3n4i_1,PDB/mutant_pdbs/3n4i/3n4i_1.pdb
L_W91F,SKEMPI_v2.0,3N85,1e-09,A,"H, L",PDB/SKEMPI_v2.0/3N85.pdb,12.272045912989343,3N85,3n85_1,PDB/mutant_pdbs/3n85/3n85_1.pdb
L_W94Y,SKEMPI_v2.0,3N85,7.4e-10,A,"H, L",PDB/SKEMPI_v2.0/3N85.pdb,12.450356395147578,3N85,3n85_2,PDB/mutant_pdbs/3n85/3n85_2.pdb
H_W30K,SKEMPI_v2.0,3N85,2.1e-10,A,"H, L",PDB/SKEMPI_v2.0/3N85.pdb,13.19624101676308,3N85,3n85_3,PDB/mutant_pdbs/3n85/3n85_3.pdb
H_W30R,SKEMPI_v2.0,3N85,3.1e-10,A,"H, L",PDB/SKEMPI_v2.0/3N85.pdb,12.965605095919447,3N85,3n85_4,PDB/mutant_pdbs/3n85/3n85_4.pdb
H_S32Y,SKEMPI_v2.0,3N85,8.7e-10,A,"H, L",PDB/SKEMPI_v2.0/3N85.pdb,12.354515080624479,3N85,3n85_5,PDB/mutant_pdbs/3n85/3n85_5.pdb
H_S32A,SKEMPI_v2.0,3N85,6.3e-10,A,"H, L",PDB/SKEMPI_v2.0/3N85.pdb,12.545657245209439,3N85,3n85_6,PDB/mutant_pdbs/3n85/3n85_6.pdb
H_S50G,SKEMPI_v2.0,3N85,1.8e-09,A,"H, L",PDB/SKEMPI_v2.0/3N85.pdb,11.923966368216945,3N85,3n85_7,PDB/mutant_pdbs/3n85/3n85_7.pdb
H_S52Y,SKEMPI_v2.0,3N85,2.1e-10,A,"H, L",PDB/SKEMPI_v2.0/3N85.pdb,13.19624101676308,3N85,3n85_8,PDB/mutant_pdbs/3n85/3n85_8.pdb
H_W100F,SKEMPI_v2.0,3N85,7.7e-10,A,"H, L",PDB/SKEMPI_v2.0/3N85.pdb,12.426822694348614,3N85,3n85_9,PDB/mutant_pdbs/3n85/3n85_9.pdb
A_A167H,SKEMPI_v2.0,3NCB,2e-05,A,B,PDB/SKEMPI_v2.0/3NCB.pdb,6.40733062633015,3NCB,3ncb_1,PDB/mutant_pdbs/3ncb/3ncb_1.pdb
B_A188H,SKEMPI_v2.0,3NCC,2e-05,A,B,PDB/SKEMPI_v2.0/3NCC.pdb,6.40733062633015,3NCC,3ncc_1,PDB/mutant_pdbs/3ncc/3ncc_1.pdb
H_T33Y,SKEMPI_v2.0,3NGB,6.64e-09,"H, L",G,PDB/SKEMPI_v2.0/3NGB.pdb,11.150969866522836,3NGB,3ngb_1,PDB/mutant_pdbs/3ngb/3ngb_1.pdb
H_G55S,SKEMPI_v2.0,3NGB,2.02e-08,"H, L",G,PDB/SKEMPI_v2.0/3NGB.pdb,10.4921201420524,3NGB,3ngb_2,PDB/mutant_pdbs/3ngb/3ngb_2.pdb
H_A57G,SKEMPI_v2.0,3NGB,5.24e-09,"H, L",G,PDB/SKEMPI_v2.0/3NGB.pdb,11.29119407071001,3NGB,3ngb_3,PDB/mutant_pdbs/3ngb/3ngb_3.pdb
H_V58T,SKEMPI_v2.0,3NGB,7.27e-09,"H, L",G,PDB/SKEMPI_v2.0/3NGB.pdb,11.097291485691306,3NGB,3ngb_4,PDB/mutant_pdbs/3ngb/3ngb_4.pdb
H_P63K,SKEMPI_v2.0,3NGB,8.53e-09,"H, L",G,PDB/SKEMPI_v2.0/3NGB.pdb,11.002640440418144,3NGB,3ngb_5,PDB/mutant_pdbs/3ngb/3ngb_5.pdb
H_V74T,SKEMPI_v2.0,3NGB,7.61e-09,"H, L",G,PDB/SKEMPI_v2.0/3NGB.pdb,11.070224471334585,3NGB,3ngb_6,PDB/mutant_pdbs/3ngb/3ngb_6.pdb
H_Y75S,SKEMPI_v2.0,3NGB,1.01e-08,"H, L",G,PDB/SKEMPI_v2.0/3NGB.pdb,10.90259280071633,3NGB,3ngb_7,PDB/mutant_pdbs/3ngb/3ngb_7.pdb
H_I30T,SKEMPI_v2.0,3NGB,6.52e-09,"H, L",G,PDB/SKEMPI_v2.0/3NGB.pdb,11.16176992639342,3NGB,3ngb_8,PDB/mutant_pdbs/3ngb/3ngb_8.pdb
H_K52N,SKEMPI_v2.0,3NGB,7.74e-09,"H, L",G,PDB/SKEMPI_v2.0/3NGB.pdb,11.06019370473882,3NGB,3ngb_9,PDB/mutant_pdbs/3ngb/3ngb_9.pdb
H_R54N,SKEMPI_v2.0,3NGB,6.23e-09,"H, L",G,PDB/SKEMPI_v2.0/3NGB.pdb,11.18871327010906,3NGB,3ngb_10,PDB/mutant_pdbs/3ngb/3ngb_10.pdb
H_R62Q,SKEMPI_v2.0,3NGB,6.78e-09,"H, L",G,PDB/SKEMPI_v2.0/3NGB.pdb,11.138613805503047,3NGB,3ngb_11,PDB/mutant_pdbs/3ngb/3ngb_11.pdb
L_Y26S,SKEMPI_v2.0,3NGB,1.73e-08,"H, L",G,PDB/SKEMPI_v2.0/3NGB.pdb,10.58389495521222,3NGB,3ngb_12,PDB/mutant_pdbs/3ngb/3ngb_12.pdb
"H_A57G, H_P63K, H_V58T, H_V74T",SKEMPI_v2.0,3NGB,9.72e-08,"H, L",G,PDB/SKEMPI_v2.0/3NGB.pdb,9.561742394892091,3NGB,3ngb_13,PDB/mutant_pdbs/3ngb/3ngb_13.pdb
"H_A57G, H_G56S, H_P63K, H_T33Y, H_V58T, H_V74T, H_Y75S",SKEMPI_v2.0,3NGB,1.52e-07,"H, L",G,PDB/SKEMPI_v2.0/3NGB.pdb,9.296969836742715,3NGB,3ngb_14,PDB/mutant_pdbs/3ngb/3ngb_14.pdb
"H_A57G, H_G55S, H_I30T, H_K52N, H_P63K, H_R54N, H_R62Q, H_V58T, H_V74T, H_Y75S, L_Y26S",SKEMPI_v2.0,3NGB,2.47e-08,"H, L",G,PDB/SKEMPI_v2.0/3NGB.pdb,10.373019140402343,3NGB,3ngb_15,PDB/mutant_pdbs/3ngb/3ngb_15.pdb
"H_C102A, H_C32S",SKEMPI_v2.0,3NGB,8.92e-09,"H, L",G,PDB/SKEMPI_v2.0/3NGB.pdb,10.976165787767652,3NGB,3ngb_16,PDB/mutant_pdbs/3ngb/3ngb_16.pdb
H_I30A,SKEMPI_v2.0,3NGB,2.19e-08,"H, L",G,PDB/SKEMPI_v2.0/3NGB.pdb,10.619508468763724,3NGB,3ngb_17,PDB/mutant_pdbs/3ngb/3ngb_17.pdb
H_T33A,SKEMPI_v2.0,3NGB,7.12e-08,"H, L",G,PDB/SKEMPI_v2.0/3NGB.pdb,9.909601858939526,3NGB,3ngb_18,PDB/mutant_pdbs/3ngb/3ngb_18.pdb
H_W47A,SKEMPI_v2.0,3NGB,1.62e-07,"H, L",G,PDB/SKEMPI_v2.0/3NGB.pdb,9.414594513213375,3NGB,3ngb_19,PDB/mutant_pdbs/3ngb/3ngb_19.pdb
H_W50A,SKEMPI_v2.0,3NGB,1.88e-07,"H, L",G,PDB/SKEMPI_v2.0/3NGB.pdb,9.324971153705667,3NGB,3ngb_20,PDB/mutant_pdbs/3ngb/3ngb_20.pdb
H_K52A,SKEMPI_v2.0,3NGB,6.19e-08,"H, L",G,PDB/SKEMPI_v2.0/3NGB.pdb,9.993882588742514,3NGB,3ngb_21,PDB/mutant_pdbs/3ngb/3ngb_21.pdb
H_R54A,SKEMPI_v2.0,3NGB,1.43e-08,"H, L",G,PDB/SKEMPI_v2.0/3NGB.pdb,10.876149561901977,3NGB,3ngb_22,PDB/mutant_pdbs/3ngb/3ngb_22.pdb
H_G55A,SKEMPI_v2.0,3NGB,2.64e-09,"H, L",G,PDB/SKEMPI_v2.0/3NGB.pdb,11.893424516102183,3NGB,3ngb_23,PDB/mutant_pdbs/3ngb/3ngb_23.pdb
H_G56A,SKEMPI_v2.0,3NGB,1.8e-07,"H, L",G,PDB/SKEMPI_v2.0/3NGB.pdb,9.351154534994803,3NGB,3ngb_24,PDB/mutant_pdbs/3ngb/3ngb_24.pdb
H_V58A,SKEMPI_v2.0,3NGB,2.1e-07,"H, L",G,PDB/SKEMPI_v2.0/3NGB.pdb,9.258336882104999,3NGB,3ngb_25,PDB/mutant_pdbs/3ngb/3ngb_25.pdb
H_N59A,SKEMPI_v2.0,3NGB,4.14e-07,"H, L",G,PDB/SKEMPI_v2.0/3NGB.pdb,8.84964088647911,3NGB,3ngb_26,PDB/mutant_pdbs/3ngb/3ngb_26.pdb
H_Y60A,SKEMPI_v2.0,3NGB,5.47e-08,"H, L",G,PDB/SKEMPI_v2.0/3NGB.pdb,10.068338980029765,3NGB,3ngb_27,PDB/mutant_pdbs/3ngb/3ngb_27.pdb
H_R62A,SKEMPI_v2.0,3NGB,1.15e-07,"H, L",G,PDB/SKEMPI_v2.0/3NGB.pdb,9.620920475879132,3NGB,3ngb_28,PDB/mutant_pdbs/3ngb/3ngb_28.pdb
H_P63A,SKEMPI_v2.0,3NGB,2.05e-08,"H, L",G,PDB/SKEMPI_v2.0/3NGB.pdb,10.659285761024798,3NGB,3ngb_29,PDB/mutant_pdbs/3ngb/3ngb_29.pdb
H_Q65A,SKEMPI_v2.0,3NGB,1.25e-08,"H, L",G,PDB/SKEMPI_v2.0/3NGB.pdb,10.95715369201342,3NGB,3ngb_30,PDB/mutant_pdbs/3ngb/3ngb_30.pdb
H_M70A,SKEMPI_v2.0,3NGB,5.31e-08,"H, L",G,PDB/SKEMPI_v2.0/3NGB.pdb,10.086214070519617,3NGB,3ngb_31,PDB/mutant_pdbs/3ngb/3ngb_31.pdb
H_R72A,SKEMPI_v2.0,3NGB,3.37e-07,"H, L",G,PDB/SKEMPI_v2.0/3NGB.pdb,8.9735475674038,3NGB,3ngb_32,PDB/mutant_pdbs/3ngb/3ngb_32.pdb
H_V74A,SKEMPI_v2.0,3NGB,1.34e-07,"H, L",G,PDB/SKEMPI_v2.0/3NGB.pdb,9.528851266703304,3NGB,3ngb_33,PDB/mutant_pdbs/3ngb/3ngb_33.pdb
H_Y75A,SKEMPI_v2.0,3NGB,1.58e-08,"H, L",G,PDB/SKEMPI_v2.0/3NGB.pdb,10.816087561072488,3NGB,3ngb_34,PDB/mutant_pdbs/3ngb/3ngb_34.pdb
H_D103A,SKEMPI_v2.0,3NGB,2.43e-08,"H, L",G,PDB/SKEMPI_v2.0/3NGB.pdb,10.556893881888067,3NGB,3ngb_35,PDB/mutant_pdbs/3ngb/3ngb_35.pdb
H_Y104A,SKEMPI_v2.0,3NGB,2.34e-07,"H, L",G,PDB/SKEMPI_v2.0/3NGB.pdb,9.193179005744323,3NGB,3ngb_36,PDB/mutant_pdbs/3ngb/3ngb_36.pdb
H_N105A,SKEMPI_v2.0,3NGB,1.41e-07,"H, L",G,PDB/SKEMPI_v2.0/3NGB.pdb,9.498191114677434,3NGB,3ngb_37,PDB/mutant_pdbs/3ngb/3ngb_37.pdb
H_W106A,SKEMPI_v2.0,3NGB,3.64e-05,"H, L",G,PDB/SKEMPI_v2.0/3NGB.pdb,6.15426300885831,3NGB,3ngb_38,PDB/mutant_pdbs/3ngb/3ngb_38.pdb
L_V1A,SKEMPI_v2.0,3NGB,6.09e-09,"H, L",G,PDB/SKEMPI_v2.0/3NGB.pdb,11.39012855876554,3NGB,3ngb_39,PDB/mutant_pdbs/3ngb/3ngb_39.pdb
L_Q25A,SKEMPI_v2.0,3NGB,1.5e-08,"H, L",G,PDB/SKEMPI_v2.0/3NGB.pdb,10.847373709260221,3NGB,3ngb_40,PDB/mutant_pdbs/3ngb/3ngb_40.pdb
L_Y26A,SKEMPI_v2.0,3NGB,1.13e-07,"H, L",G,PDB/SKEMPI_v2.0/3NGB.pdb,9.631484306315652,3NGB,3ngb_41,PDB/mutant_pdbs/3ngb/3ngb_41.pdb
L_S28A,SKEMPI_v2.0,3NGB,1.73e-08,"H, L",G,PDB/SKEMPI_v2.0/3NGB.pdb,10.761477085333228,3NGB,3ngb_42,PDB/mutant_pdbs/3ngb/3ngb_42.pdb
L_Y87A,SKEMPI_v2.0,3NGB,6.33e-07,"H, L",G,PDB/SKEMPI_v2.0/3NGB.pdb,8.593976828794176,3NGB,3ngb_43,PDB/mutant_pdbs/3ngb/3ngb_43.pdb
L_E88A,SKEMPI_v2.0,3NGB,1.97e-07,"H, L",G,PDB/SKEMPI_v2.0/3NGB.pdb,9.296814824058398,3NGB,3ngb_44,PDB/mutant_pdbs/3ngb/3ngb_44.pdb
L_F89A,SKEMPI_v2.0,3NGB,9.16e-08,"H, L",G,PDB/SKEMPI_v2.0/3NGB.pdb,9.757903949266431,3NGB,3ngb_45,PDB/mutant_pdbs/3ngb/3ngb_45.pdb
A_Q23A,SKEMPI_v2.0,3NPS,7.36e-11,A,"B, C",PDB/SKEMPI_v2.0/3NPS.pdb,13.817126744931238,3NPS,3nps_1,PDB/mutant_pdbs/3nps/3nps_1.pdb
A_I26A,SKEMPI_v2.0,3NPS,2.08e-10,A,"B, C",PDB/SKEMPI_v2.0/3NPS.pdb,13.201907919999101,3NPS,3nps_2,PDB/mutant_pdbs/3nps/3nps_2.pdb
A_I45A,SKEMPI_v2.0,3NPS,4.02e-11,A,"B, C",PDB/SKEMPI_v2.0/3NPS.pdb,14.175268353067313,3NPS,3nps_3,PDB/mutant_pdbs/3nps/3nps_3.pdb
A_D46A,SKEMPI_v2.0,3NPS,1.25e-10,A,"B, C",PDB/SKEMPI_v2.0/3NPS.pdb,13.50346388898113,3NPS,3nps_4,PDB/mutant_pdbs/3nps/3nps_4.pdb
A_D47A,SKEMPI_v2.0,3NPS,4.27e-10,A,"B, C",PDB/SKEMPI_v2.0/3NPS.pdb,12.775979922528672,3NPS,3nps_5,PDB/mutant_pdbs/3nps/3nps_5.pdb
A_R48A,SKEMPI_v2.0,3NPS,1.17e-11,A,"B, C",PDB/SKEMPI_v2.0/3NPS.pdb,14.906191668546347,3NPS,3nps_6,PDB/mutant_pdbs/3nps/3nps_6.pdb
A_F50A,SKEMPI_v2.0,3NPS,1.02e-10,A,"B, C",PDB/SKEMPI_v2.0/3NPS.pdb,13.623879714130176,3NPS,3nps_7,PDB/mutant_pdbs/3nps/3nps_7.pdb
A_R51A,SKEMPI_v2.0,3NPS,8.89e-11,A,"B, C",PDB/SKEMPI_v2.0/3NPS.pdb,13.705282118371096,3NPS,3nps_8,PDB/mutant_pdbs/3nps/3nps_8.pdb
A_Y52A,SKEMPI_v2.0,3NPS,1.51e-10,A,"B, C",PDB/SKEMPI_v2.0/3NPS.pdb,13.391560646149443,3NPS,3nps_9,PDB/mutant_pdbs/3nps/3nps_9.pdb
A_R82A,SKEMPI_v2.0,3NPS,5.45e-11,A,"B, C",PDB/SKEMPI_v2.0/3NPS.pdb,13.995045928531006,3NPS,3nps_10,PDB/mutant_pdbs/3nps/3nps_10.pdb
A_F89A,SKEMPI_v2.0,3NPS,1e-09,A,"B, C",PDB/SKEMPI_v2.0/3NPS.pdb,12.272045912989343,3NPS,3nps_11,PDB/mutant_pdbs/3nps/3nps_11.pdb
A_N90A,SKEMPI_v2.0,3NPS,1.08e-10,A,"B, C",PDB/SKEMPI_v2.0/3NPS.pdb,13.590031251997006,3NPS,3nps_12,PDB/mutant_pdbs/3nps/3nps_12.pdb
A_D91A,SKEMPI_v2.0,3NPS,8.97e-10,A,"B, C",PDB/SKEMPI_v2.0/3NPS.pdb,12.33641628036745,3NPS,3nps_13,PDB/mutant_pdbs/3nps/3nps_13.pdb
A_F92A,SKEMPI_v2.0,3NPS,1.54e-10,A,"B, C",PDB/SKEMPI_v2.0/3NPS.pdb,13.3799106926835,3NPS,3nps_14,PDB/mutant_pdbs/3nps/3nps_14.pdb
A_T93A,SKEMPI_v2.0,3NPS,2.39e-10,A,"B, C",PDB/SKEMPI_v2.0/3NPS.pdb,13.119638079564345,3NPS,3nps_15,PDB/mutant_pdbs/3nps/3nps_15.pdb
A_H138A,SKEMPI_v2.0,3NPS,1.67e-09,A,"B, C",PDB/SKEMPI_v2.0/3NPS.pdb,11.968358495266887,3NPS,3nps_16,PDB/mutant_pdbs/3nps/3nps_16.pdb
A_Q140A,SKEMPI_v2.0,3NPS,1.16e-10,A,"B, C",PDB/SKEMPI_v2.0/3NPS.pdb,13.547714191849078,3NPS,3nps_17,PDB/mutant_pdbs/3nps/3nps_17.pdb
A_Y141A,SKEMPI_v2.0,3NPS,1.41e-09,A,"B, C",PDB/SKEMPI_v2.0/3NPS.pdb,12.068576601700192,3NPS,3nps_18,PDB/mutant_pdbs/3nps/3nps_18.pdb
A_T144A,SKEMPI_v2.0,3NPS,9.46e-11,A,"B, C",PDB/SKEMPI_v2.0/3NPS.pdb,13.668480467875625,3NPS,3nps_19,PDB/mutant_pdbs/3nps/3nps_19.pdb
A_L147A,SKEMPI_v2.0,3NPS,1.16e-10,A,"B, C",PDB/SKEMPI_v2.0/3NPS.pdb,13.547714191849078,3NPS,3nps_20,PDB/mutant_pdbs/3nps/3nps_20.pdb
A_E163A,SKEMPI_v2.0,3NPS,1.99e-10,A,"B, C",PDB/SKEMPI_v2.0/3NPS.pdb,13.228102272772823,3NPS,3nps_21,PDB/mutant_pdbs/3nps/3nps_21.pdb
A_Q168A,SKEMPI_v2.0,3NPS,6.37e-11,A,"B, C",PDB/SKEMPI_v2.0/3NPS.pdb,13.90267433431313,3NPS,3nps_22,PDB/mutant_pdbs/3nps/3nps_22.pdb
A_Q169A,SKEMPI_v2.0,3NPS,2.46e-10,A,"B, C",PDB/SKEMPI_v2.0/3NPS.pdb,13.102542838502373,3NPS,3nps_23,PDB/mutant_pdbs/3nps/3nps_23.pdb
A_D214A,SKEMPI_v2.0,3NPS,8.38e-10,A,"B, C",PDB/SKEMPI_v2.0/3NPS.pdb,12.376707349374433,3NPS,3nps_24,PDB/mutant_pdbs/3nps/3nps_24.pdb
A_Q218A,SKEMPI_v2.0,3NPS,6.57e-11,A,"B, C",PDB/SKEMPI_v2.0/3NPS.pdb,13.884367254530561,3NPS,3nps_25,PDB/mutant_pdbs/3nps/3nps_25.pdb
A_R219A,SKEMPI_v2.0,3NPS,6.11e-11,A,"B, C",PDB/SKEMPI_v2.0/3NPS.pdb,13.927352357920494,3NPS,3nps_26,PDB/mutant_pdbs/3nps/3nps_26.pdb
A_K221A,SKEMPI_v2.0,3NPS,5.91e-11,A,"B, C",PDB/SKEMPI_v2.0/3NPS.pdb,13.94706089462447,3NPS,3nps_27,PDB/mutant_pdbs/3nps/3nps_27.pdb
A_R193E,SKEMPI_v2.0,3NVN,6.25e-07,B,A,PDB/SKEMPI_v2.0/3NVN.pdb,8.601635092798281,3NVN,3nvn_1,PDB/mutant_pdbs/3nvn/3nvn_1.pdb
B_R186S,SKEMPI_v2.0,3NVN,8e-08,B,A,PDB/SKEMPI_v2.0/3NVN.pdb,9.839434180669858,3NVN,3nvn_2,PDB/mutant_pdbs/3nvn/3nvn_2.pdb
A_R157E,SKEMPI_v2.0,3NVQ,3.9e-06,B,A,PDB/SKEMPI_v2.0/3NVQ.pdb,7.499160013176005,3NVQ,3nvq_1,PDB/mutant_pdbs/3nvq/3nvq_1.pdb
A_R159E,SKEMPI_v2.0,3NVQ,4e-06,B,A,PDB/SKEMPI_v2.0/3NVQ.pdb,7.483915581454718,3NVQ,3nvq_2,PDB/mutant_pdbs/3nvq/3nvq_2.pdb
C_C3A,ATLAS,3O4L,5.04e-05,"A, C","D, E",PDB/ATLAS/3O4L.pdb,5.862946303961257,3O4L_at,3o4l_at_1,PDB/mutant_pdbs/3o4l_at/3o4l_at_1.pdb
C_T4A,ATLAS,3O4L,0.0006852000000000001,"A, C","D, E",PDB/ATLAS/3O4L.pdb,4.316726723099838,3O4L_at,3o4l_at_2,PDB/mutant_pdbs/3o4l_at/3o4l_at_2.pdb
C_L5A,ATLAS,3O4L,0.0001771,"A, C","D, E",PDB/ATLAS/3O4L.pdb,5.11835662145366,3O4L_at,3o4l_at_3,PDB/mutant_pdbs/3o4l_at/3o4l_at_3.pdb
C_V6A,ATLAS,3O4L,0.0001338,"A, C","D, E",PDB/ATLAS/3O4L.pdb,5.284470677107615,3O4L_at,3o4l_at_4,PDB/mutant_pdbs/3o4l_at/3o4l_at_4.pdb
C_M8A,ATLAS,3O4L,4.379999999999999e-05,"A, C","D, E",PDB/ATLAS/3O4L.pdb,5.946105925977089,3O4L_at,3o4l_at_5,PDB/mutant_pdbs/3o4l_at/3o4l_at_5.pdb
D_T29A,ATLAS,3O6F,4.199999999999999e-07,"A, B, C","D, E",PDB/ATLAS/3O6F.pdb,8.699463108438493,3O6F_at,3o6f_at_1,PDB/mutant_pdbs/3o6f_at/3o6f_at_1.pdb
D_K96A,ATLAS,3O6F,6e-06,"A, B, C","D, E",PDB/ATLAS/3O6F.pdb,7.123891559180579,3O6F_at,3o6f_at_2,PDB/mutant_pdbs/3o6f_at/3o6f_at_2.pdb
E_E50A,ATLAS,3O6F,6e-06,"A, B, C","D, E",PDB/ATLAS/3O6F.pdb,7.123891559180579,3O6F_at,3o6f_at_3,PDB/mutant_pdbs/3o6f_at/3o6f_at_3.pdb
E_T55A,ATLAS,3O6F,6.799999999999999e-06,"A, B, C","D, E",PDB/ATLAS/3O6F.pdb,7.0497342807214585,3O6F_at,3o6f_at_4,PDB/mutant_pdbs/3o6f_at/3o6f_at_4.pdb
E_S98A,ATLAS,3O6F,0.0003,"A, B, C","D, E",PDB/ATLAS/3O6F.pdb,4.8060768055304335,3O6F_at,3o6f_at_5,PDB/mutant_pdbs/3o6f_at/3o6f_at_5.pdb
E_N100A,ATLAS,3O6F,9.999999999999999e-05,"A, B, C","D, E",PDB/ATLAS/3O6F.pdb,5.456988052136872,3O6F_at,3o6f_at_6,PDB/mutant_pdbs/3o6f_at/3o6f_at_6.pdb
E_Y48A,ATLAS,3PL6,1.58e-05,"A, B, C","D, E",PDB/ATLAS/3PL6.pdb,6.550217727675438,3PL6_at,3pl6_at_1,PDB/mutant_pdbs/3pl6_at/3pl6_at_1.pdb
E_Q50A,ATLAS,3PL6,0.000108,"A, B, C","D, E",PDB/ATLAS/3PL6.pdb,5.4113897935494135,3PL6_at,3pl6_at_2,PDB/mutant_pdbs/3pl6_at/3pl6_at_2.pdb
E_T52A,ATLAS,3PL6,2e-05,"A, B, C","D, E",PDB/ATLAS/3PL6.pdb,6.410555792752799,3PL6_at,3pl6_at_3,PDB/mutant_pdbs/3pl6_at/3pl6_at_3.pdb
E_D56A,ATLAS,3PL6,3.08e-05,"A, B, C","D, E",PDB/ATLAS/3PL6.pdb,6.154731209469631,3PL6_at,3pl6_at_4,PDB/mutant_pdbs/3pl6_at/3pl6_at_4.pdb
E_L97A,ATLAS,3PL6,0.00011,"A, B, C","D, E",PDB/ATLAS/3PL6.pdb,5.4005182050482965,3PL6_at,3pl6_at_5,PDB/mutant_pdbs/3pl6_at/3pl6_at_5.pdb
D_F95A,ATLAS,3PL6,0.00025,"A, B, C","D, E",PDB/ATLAS/3PL6.pdb,4.914099583939233,3PL6_at,3pl6_at_6,PDB/mutant_pdbs/3pl6_at/3pl6_at_6.pdb
D_N97A,ATLAS,3PL6,3.8e-05,"A, B, C","D, E",PDB/ATLAS/3PL6.pdb,6.030267025280369,3PL6_at,3pl6_at_7,PDB/mutant_pdbs/3pl6_at/3pl6_at_7.pdb
D_E98A,ATLAS,3PL6,0.00025,"A, B, C","D, E",PDB/ATLAS/3PL6.pdb,4.914099583939233,3PL6_at,3pl6_at_8,PDB/mutant_pdbs/3pl6_at/3pl6_at_8.pdb
"D_N31A, D_S52A",ATLAS,3PL6,1.38e-05,"A, B, C","D, E",PDB/ATLAS/3PL6.pdb,6.630405439362246,3PL6_at,3pl6_at_9,PDB/mutant_pdbs/3pl6_at/3pl6_at_9.pdb
C_G2L,ATLAS,3PWP,4.8e-05,"A, C","D, E",PDB/ATLAS/3PWP.pdb,5.8918537419257095,3PWP_at,3pwp_at_1,PDB/mutant_pdbs/3pwp_at/3pwp_at_1.pdb
"C_G2L, C_I9V",ATLAS,3PWP,7.3e-05,"A, C","D, E",PDB/ATLAS/3PWP.pdb,5.643449431967599,3PWP_at,3pwp_at_2,PDB/mutant_pdbs/3pwp_at/3pwp_at_2.pdb
C_G2L,SKEMPI_v2.0,3PWP,4.8e-05,"A, B, C","D, E",PDB/SKEMPI_v2.0/3PWP.pdb,5.888889535783537,3PWP,3pwp_1,PDB/mutant_pdbs/3pwp/3pwp_1.pdb
"C_G2L, C_I9V",SKEMPI_v2.0,3PWP,7.3e-05,"A, B, C","D, E",PDB/SKEMPI_v2.0/3PWP.pdb,5.640610198646134,3PWP,3pwp_2,PDB/mutant_pdbs/3pwp/3pwp_2.pdb
B_Y100F,SKEMPI_v2.0,3Q3J,1e-05,A,B,PDB/SKEMPI_v2.0/3Q3J.pdb,6.8178032849940795,3Q3J,3q3j_1,PDB/mutant_pdbs/3q3j/3q3j_1.pdb
A_R202A,SKEMPI_v2.0,3Q8D,1.3e-07,A,E,PDB/SKEMPI_v2.0/3Q8D.pdb,9.389555926659554,3Q8D,3q8d_1,PDB/mutant_pdbs/3q8d/3q8d_1.pdb
A_R202E,SKEMPI_v2.0,3Q8D,6.2e-07,A,E,PDB/SKEMPI_v2.0/3Q8D.pdb,8.464450466259072,3Q8D,3q8d_2,PDB/mutant_pdbs/3q8d/3q8d_2.pdb
A_R209A,SKEMPI_v2.0,3Q8D,5.6e-07,A,E,PDB/SKEMPI_v2.0/3Q8D.pdb,8.524724841328489,3Q8D,3q8d_3,PDB/mutant_pdbs/3q8d/3q8d_3.pdb
A_R209E,SKEMPI_v2.0,3Q8D,1e-05,A,E,PDB/SKEMPI_v2.0/3Q8D.pdb,6.8178032849940795,3Q8D,3q8d_4,PDB/mutant_pdbs/3q8d/3q8d_4.pdb
A_F227A,SKEMPI_v2.0,3Q8D,1e-07,A,E,PDB/SKEMPI_v2.0/3Q8D.pdb,9.544924598991711,3Q8D,3q8d_5,PDB/mutant_pdbs/3q8d/3q8d_5.pdb
A_F227D,SKEMPI_v2.0,3Q8D,1e-05,A,E,PDB/SKEMPI_v2.0/3Q8D.pdb,6.8178032849940795,3Q8D,3q8d_6,PDB/mutant_pdbs/3q8d/3q8d_6.pdb
A_R228A,SKEMPI_v2.0,3Q8D,1.1e-07,A,E,PDB/SKEMPI_v2.0/3Q8D.pdb,9.488483162022417,3Q8D,3q8d_7,PDB/mutant_pdbs/3q8d/3q8d_7.pdb
A_R228E,SKEMPI_v2.0,3Q8D,4.6e-07,A,E,PDB/SKEMPI_v2.0/3Q8D.pdb,8.641214094592874,3Q8D,3q8d_8,PDB/mutant_pdbs/3q8d/3q8d_8.pdb
A_R131A,SKEMPI_v2.0,3Q8D,1e-05,A,E,PDB/SKEMPI_v2.0/3Q8D.pdb,6.8178032849940795,3Q8D,3q8d_9,PDB/mutant_pdbs/3q8d/3q8d_9.pdb
A_R97A,SKEMPI_v2.0,3Q8D,1.3e-07,A,E,PDB/SKEMPI_v2.0/3Q8D.pdb,9.389555926659554,3Q8D,3q8d_10,PDB/mutant_pdbs/3q8d/3q8d_10.pdb
A_R12A,SKEMPI_v2.0,3Q8D,1.1e-07,A,E,PDB/SKEMPI_v2.0/3Q8D.pdb,9.488483162022417,3Q8D,3q8d_11,PDB/mutant_pdbs/3q8d/3q8d_11.pdb
C_L2A,ATLAS,3QDG,1.13e-05,"A, C","D, E",PDB/ATLAS/3QDG.pdb,6.748822957192328,3QDG_at,3qdg_at_1,PDB/mutant_pdbs/3qdg_at/3qdg_at_1.pdb
D_D26W,SKEMPI_v2.0,3QDG,6.8e-07,"A, B, C","D, E",PDB/SKEMPI_v2.0/3QDG.pdb,8.409748199024627,3QDG,3qdg_1,PDB/mutant_pdbs/3qdg/3qdg_1.pdb
D_D26Y,SKEMPI_v2.0,3QDG,4.6e-07,"A, B, C","D, E",PDB/SKEMPI_v2.0/3QDG.pdb,8.641214094592874,3QDG,3qdg_2,PDB/mutant_pdbs/3qdg/3qdg_2.pdb
D_R27W,SKEMPI_v2.0,3QDG,2.6e-05,"A, B, C","D, E",PDB/SKEMPI_v2.0/3QDG.pdb,6.251961953997993,3QDG,3qdg_3,PDB/mutant_pdbs/3qdg/3qdg_3.pdb
E_L95W,SKEMPI_v2.0,3QDG,2.9e-06,"A, B, C","D, E",PDB/SKEMPI_v2.0/3QDG.pdb,7.550856224182858,3QDG,3qdg_4,PDB/mutant_pdbs/3qdg/3qdg_4.pdb
E_F97W,SKEMPI_v2.0,3QDG,4.6e-05,"A, B, C","D, E",PDB/SKEMPI_v2.0/3QDG.pdb,5.914092780595242,3QDG,3qdg_5,PDB/mutant_pdbs/3qdg/3qdg_5.pdb
E_T99F,SKEMPI_v2.0,3QDG,8.9e-06,"A, B, C","D, E",PDB/SKEMPI_v2.0/3QDG.pdb,6.886813080784049,3QDG,3qdg_6,PDB/mutant_pdbs/3qdg/3qdg_6.pdb
D_G28I,SKEMPI_v2.0,3QDG,4.1e-05,"A, B, C","D, E",PDB/SKEMPI_v2.0/3QDG.pdb,5.982235326727049,3QDG,3qdg_7,PDB/mutant_pdbs/3qdg/3qdg_7.pdb
D_G28L,SKEMPI_v2.0,3QDG,9.9e-05,"A, B, C","D, E",PDB/SKEMPI_v2.0/3QDG.pdb,5.460194304917501,3QDG,3qdg_8,PDB/mutant_pdbs/3qdg/3qdg_8.pdb
D_G28Y,SKEMPI_v2.0,3QDG,0.00012,"A, B, C","D, E",PDB/SKEMPI_v2.0/3QDG.pdb,5.34627419611258,3QDG,3qdg_9,PDB/mutant_pdbs/3qdg/3qdg_9.pdb
D_R27P,SKEMPI_v2.0,3QDG,1.2e-05,"A, B, C","D, E",PDB/SKEMPI_v2.0/3QDG.pdb,6.709834853111396,3QDG,3qdg_10,PDB/mutant_pdbs/3qdg/3qdg_10.pdb
D_G28P,SKEMPI_v2.0,3QDG,6e-05,"A, B, C","D, E",PDB/SKEMPI_v2.0/3QDG.pdb,5.756746854776509,3QDG,3qdg_11,PDB/mutant_pdbs/3qdg/3qdg_11.pdb
E_A52P,SKEMPI_v2.0,3QDG,8.5e-06,"A, B, C","D, E",PDB/SKEMPI_v2.0/3QDG.pdb,6.914044861018781,3QDG,3qdg_12,PDB/mutant_pdbs/3qdg/3qdg_12.pdb
D_G28N,SKEMPI_v2.0,3QDG,4e-05,"A, B, C","D, E",PDB/SKEMPI_v2.0/3QDG.pdb,5.996857967666222,3QDG,3qdg_13,PDB/mutant_pdbs/3qdg/3qdg_13.pdb
E_F97Y,SKEMPI_v2.0,3QDG,0.0001,"A, B, C","D, E",PDB/SKEMPI_v2.0/3QDG.pdb,5.454242627995263,3QDG,3qdg_14,PDB/mutant_pdbs/3qdg/3qdg_14.pdb
"D_D26W, E_L95W",SKEMPI_v2.0,3QDG,3.3e-08,"A, B, C","D, E",PDB/SKEMPI_v2.0/3QDG.pdb,10.20146004746759,3QDG,3qdg_15,PDB/mutant_pdbs/3qdg/3qdg_15.pdb
"D_D26Y, E_L95W",SKEMPI_v2.0,3QDG,2.4e-08,"A, B, C","D, E",PDB/SKEMPI_v2.0/3QDG.pdb,10.390044165443914,3QDG,3qdg_16,PDB/mutant_pdbs/3qdg/3qdg_16.pdb
C_A2L,ATLAS,3QDJ,0.0033,"A, C","D, E",PDB/ATLAS/3QDJ.pdb,3.3853599454076413,3QDJ_at,3qdj_at_1,PDB/mutant_pdbs/3qdj_at/3qdj_at_1.pdb
D_D26W,ATLAS,3QDJ,1.1e-06,"A, C","D, E",PDB/ATLAS/3QDJ.pdb,8.129012231116732,3QDJ_at,3qdj_at_2,PDB/mutant_pdbs/3qdj_at/3qdj_at_2.pdb
D_D26Y,ATLAS,3QDJ,4.5e-06,"A, C","D, E",PDB/ATLAS/3QDJ.pdb,7.294338857410722,3QDJ_at,3qdj_at_3,PDB/mutant_pdbs/3qdj_at/3qdj_at_3.pdb
D_R27W,ATLAS,3QDJ,6.2e-05,"A, C","D, E",PDB/ATLAS/3QDJ.pdb,5.740217069619959,3QDJ_at,3qdj_at_4,PDB/mutant_pdbs/3qdj_at/3qdj_at_4.pdb
E_L98W,ATLAS,3QDJ,1.1e-05,"A, C","D, E",PDB/ATLAS/3QDJ.pdb,6.7647652180825135,3QDJ_at,3qdj_at_5,PDB/mutant_pdbs/3qdj_at/3qdj_at_5.pdb
E_F100W,ATLAS,3QDJ,8.3e-05,"A, C","D, E",PDB/ATLAS/3QDJ.pdb,5.5673855229018425,3QDJ_at,3qdj_at_6,PDB/mutant_pdbs/3qdj_at/3qdj_at_6.pdb
E_T102F,ATLAS,3QDJ,2.7e-05,"A, C","D, E",PDB/ATLAS/3QDJ.pdb,6.232748338385993,3QDJ_at,3qdj_at_7,PDB/mutant_pdbs/3qdj_at/3qdj_at_7.pdb
D_G28I,ATLAS,3QDJ,3.6e-05,"A, C","D, E",PDB/ATLAS/3QDJ.pdb,6.062301040155852,3QDJ_at,3qdj_at_8,PDB/mutant_pdbs/3qdj_at/3qdj_at_8.pdb
D_G28L,ATLAS,3QDJ,0.00013,"A, C","D, E",PDB/ATLAS/3QDJ.pdb,5.301541174097164,3QDJ_at,3qdj_at_9,PDB/mutant_pdbs/3qdj_at/3qdj_at_9.pdb
D_G28Y,ATLAS,3QDJ,0.00011,"A, C","D, E",PDB/ATLAS/3QDJ.pdb,5.4005182050482965,3QDJ_at,3qdj_at_10,PDB/mutant_pdbs/3qdj_at/3qdj_at_10.pdb
D_R27P,ATLAS,3QDJ,4.6e-05,"A, C","D, E",PDB/ATLAS/3QDJ.pdb,5.917069672934466,3QDJ_at,3qdj_at_11,PDB/mutant_pdbs/3qdj_at/3qdj_at_11.pdb
D_G28P,ATLAS,3QDJ,0.00034,"A, C","D, E",PDB/ATLAS/3QDJ.pdb,4.731919527071313,3QDJ_at,3qdj_at_12,PDB/mutant_pdbs/3qdj_at/3qdj_at_12.pdb
E_A55P,ATLAS,3QDJ,6.1e-05,"A, C","D, E",PDB/ATLAS/3QDJ.pdb,5.7498511835109944,3QDJ_at,3qdj_at_13,PDB/mutant_pdbs/3qdj_at/3qdj_at_13.pdb
D_G28N,ATLAS,3QDJ,8.599999999999999e-05,"A, C","D, E",PDB/ATLAS/3QDJ.pdb,5.546348344376948,3QDJ_at,3qdj_at_14,PDB/mutant_pdbs/3qdj_at/3qdj_at_14.pdb
E_F100Y,ATLAS,3QDJ,0.00016,"A, C","D, E",PDB/ATLAS/3QDJ.pdb,5.178517975497929,3QDJ_at,3qdj_at_15,PDB/mutant_pdbs/3qdj_at/3qdj_at_15.pdb
"D_D26W, E_L98W",ATLAS,3QDJ,6e-07,"A, C","D, E",PDB/ATLAS/3QDJ.pdb,8.488138572214796,3QDJ_at,3qdj_at_16,PDB/mutant_pdbs/3qdj_at/3qdj_at_16.pdb
"D_D26Y, E_L98W",ATLAS,3QDJ,1.7e-06,"A, C","D, E",PDB/ATLAS/3QDJ.pdb,7.871092825558039,3QDJ_at,3qdj_at_17,PDB/mutant_pdbs/3qdj_at/3qdj_at_17.pdb
D_D26W,SKEMPI_v2.0,3QDJ,1.1e-06,"A, B, C","D, E",PDB/SKEMPI_v2.0/3QDJ.pdb,8.124922505023601,3QDJ,3qdj_1,PDB/mutant_pdbs/3qdj/3qdj_1.pdb
D_D26Y,SKEMPI_v2.0,3QDJ,4.5e-06,"A, B, C","D, E",PDB/SKEMPI_v2.0/3QDJ.pdb,7.2906690575495405,3QDJ,3qdj_2,PDB/mutant_pdbs/3qdj/3qdj_2.pdb
D_R27W,SKEMPI_v2.0,3QDJ,6.2e-05,"A, B, C","D, E",PDB/SKEMPI_v2.0/3QDJ.pdb,5.737329152261439,3QDJ,3qdj_3,PDB/mutant_pdbs/3qdj/3qdj_3.pdb
E_L95W,SKEMPI_v2.0,3QDJ,1.1e-05,"A, B, C","D, E",PDB/SKEMPI_v2.0/3QDJ.pdb,6.761361848024785,3QDJ,3qdj_4,PDB/mutant_pdbs/3qdj/3qdj_4.pdb
E_F97W,SKEMPI_v2.0,3QDJ,8.3e-05,"A, B, C","D, E",PDB/SKEMPI_v2.0/3QDJ.pdb,5.564584557520542,3QDJ,3qdj_5,PDB/mutant_pdbs/3qdj/3qdj_5.pdb
E_T99F,SKEMPI_v2.0,3QDJ,2.7e-05,"A, B, C","D, E",PDB/SKEMPI_v2.0/3QDJ.pdb,6.229612627331968,3QDJ,3qdj_6,PDB/mutant_pdbs/3qdj/3qdj_6.pdb
D_G28I,SKEMPI_v2.0,3QDJ,3.6e-05,"A, B, C","D, E",PDB/SKEMPI_v2.0/3QDJ.pdb,6.059251081557753,3QDJ,3qdj_7,PDB/mutant_pdbs/3qdj/3qdj_7.pdb
D_G28L,SKEMPI_v2.0,3QDJ,0.00013,"A, B, C","D, E",PDB/SKEMPI_v2.0/3QDJ.pdb,5.298873955663106,3QDJ,3qdj_8,PDB/mutant_pdbs/3qdj/3qdj_8.pdb
D_G28Y,SKEMPI_v2.0,3QDJ,0.00011,"A, B, C","D, E",PDB/SKEMPI_v2.0/3QDJ.pdb,5.39780119102597,3QDJ,3qdj_9,PDB/mutant_pdbs/3qdj/3qdj_9.pdb
D_R27P,SKEMPI_v2.0,3QDJ,4.6e-05,"A, B, C","D, E",PDB/SKEMPI_v2.0/3QDJ.pdb,5.914092780595242,3QDJ,3qdj_10,PDB/mutant_pdbs/3qdj/3qdj_10.pdb
D_G28P,SKEMPI_v2.0,3QDJ,0.00034,"A, B, C","D, E",PDB/SKEMPI_v2.0/3QDJ.pdb,4.729538886692107,3QDJ,3qdj_11,PDB/mutant_pdbs/3qdj/3qdj_11.pdb
E_A52P,SKEMPI_v2.0,3QDJ,6.1e-05,"A, B, C","D, E",PDB/SKEMPI_v2.0/3QDJ.pdb,5.746958419206027,3QDJ,3qdj_12,PDB/mutant_pdbs/3qdj/3qdj_12.pdb
D_G28N,SKEMPI_v2.0,3QDJ,8.6e-05,"A, B, C","D, E",PDB/SKEMPI_v2.0/3QDJ.pdb,5.543557962852025,3QDJ,3qdj_13,PDB/mutant_pdbs/3qdj/3qdj_13.pdb
E_F97Y,SKEMPI_v2.0,3QDJ,0.00016,"A, B, C","D, E",PDB/SKEMPI_v2.0/3QDJ.pdb,5.175912650338364,3QDJ,3qdj_14,PDB/mutant_pdbs/3qdj/3qdj_14.pdb
"D_D26W, E_L95W",SKEMPI_v2.0,3QDJ,6e-07,"A, B, C","D, E",PDB/SKEMPI_v2.0/3QDJ.pdb,8.48386816877414,3QDJ,3qdj_15,PDB/mutant_pdbs/3qdj/3qdj_15.pdb
"D_D26Y, E_L95W",SKEMPI_v2.0,3QDJ,1.7e-06,"A, B, C","D, E",PDB/SKEMPI_v2.0/3QDJ.pdb,7.867132859353668,3QDJ,3qdj_16,PDB/mutant_pdbs/3qdj/3qdj_16.pdb
C_A2L,SKEMPI_v2.0,3QDJ,0.0033,"A, B, C","D, E",PDB/SKEMPI_v2.0/3QDJ.pdb,3.383656762473511,3QDJ,3qdj_17,PDB/mutant_pdbs/3qdj/3qdj_17.pdb
C_F5Y,SKEMPI_v2.0,3QFJ,9e-07,"A, B, C","D, E",PDB/SKEMPI_v2.0/3QFJ.pdb,7.662821155973107,3QFJ,3qfj_1,PDB/mutant_pdbs/3qfj/3qfj_1.pdb
B_N10A,SKEMPI_v2.0,3QHY,1.35e-11,A,B,PDB/SKEMPI_v2.0/3QHY.pdb,14.821449227988793,3QHY,3qhy_1,PDB/mutant_pdbs/3qhy/3qhy_1.pdb
B_D12A,SKEMPI_v2.0,3QHY,1.35e-11,A,B,PDB/SKEMPI_v2.0/3QHY.pdb,14.821449227988793,3QHY,3qhy_2,PDB/mutant_pdbs/3qhy/3qhy_2.pdb
B_W13A,SKEMPI_v2.0,3QHY,3.77e-11,A,B,PDB/SKEMPI_v2.0/3QHY.pdb,14.213290836844779,3QHY,3qhy_3,PDB/mutant_pdbs/3qhy/3qhy_3.pdb
B_T17A,SKEMPI_v2.0,3QHY,3.3e-13,A,B,PDB/SKEMPI_v2.0/3QHY.pdb,17.019263332461673,3QHY,3qhy_4,PDB/mutant_pdbs/3qhy/3qhy_4.pdb
B_Y33A,SKEMPI_v2.0,3QHY,4.03e-11,A,B,PDB/SKEMPI_v2.0/3QHY.pdb,14.173797080586105,3QHY,3qhy_5,PDB/mutant_pdbs/3qhy/3qhy_5.pdb
B_F34A,SKEMPI_v2.0,3QHY,2.5e-10,A,B,PDB/SKEMPI_v2.0/3QHY.pdb,13.092991230317201,3QHY,3qhy_6,PDB/mutant_pdbs/3qhy/3qhy_6.pdb
B_L51A,SKEMPI_v2.0,3QHY,1.19e-12,A,B,PDB/SKEMPI_v2.0/3QHY.pdb,16.259715019675127,3QHY,3qhy_7,PDB/mutant_pdbs/3qhy/3qhy_7.pdb
B_N72A,SKEMPI_v2.0,3QHY,4.51e-12,A,B,PDB/SKEMPI_v2.0/3QHY.pdb,15.470718488749466,3QHY,3qhy_8,PDB/mutant_pdbs/3qhy/3qhy_8.pdb
B_Y73A,SKEMPI_v2.0,3QHY,1.16e-12,A,B,PDB/SKEMPI_v2.0/3QHY.pdb,16.274835505846713,3QHY,3qhy_9,PDB/mutant_pdbs/3qhy/3qhy_9.pdb
B_D91A,SKEMPI_v2.0,3QHY,7.28e-12,A,B,PDB/SKEMPI_v2.0/3QHY.pdb,15.187159453990411,3QHY,3qhy_10,PDB/mutant_pdbs/3qhy/3qhy_10.pdb
B_W112A,SKEMPI_v2.0,3QHY,1.8e-10,A,B,PDB/SKEMPI_v2.0/3QHY.pdb,13.287527025215763,3QHY,3qhy_11,PDB/mutant_pdbs/3qhy/3qhy_11.pdb
B_D127A,SKEMPI_v2.0,3QHY,5.7e-13,A,B,PDB/SKEMPI_v2.0/3QHY.pdb,16.69560732617494,3QHY,3qhy_12,PDB/mutant_pdbs/3qhy/3qhy_12.pdb
B_S129A,SKEMPI_v2.0,3QHY,2.6e-13,A,B,PDB/SKEMPI_v2.0/3QHY.pdb,17.16044720998852,3QHY,3qhy_13,PDB/mutant_pdbs/3qhy/3qhy_13.pdb
B_D130A,SKEMPI_v2.0,3QHY,1.52e-12,A,B,PDB/SKEMPI_v2.0/3QHY.pdb,16.114773121736796,3QHY,3qhy_14,PDB/mutant_pdbs/3qhy/3qhy_14.pdb
B_Y151A,SKEMPI_v2.0,3QHY,9.7e-11,A,B,PDB/SKEMPI_v2.0/3QHY.pdb,13.653644112703033,3QHY,3qhy_15,PDB/mutant_pdbs/3qhy/3qhy_15.pdb
B_D166A,SKEMPI_v2.0,3QHY,1.1e-10,A,B,PDB/SKEMPI_v2.0/3QHY.pdb,13.579165133018865,3QHY,3qhy_16,PDB/mutant_pdbs/3qhy/3qhy_16.pdb
B_Y168A,SKEMPI_v2.0,3QHY,5.69e-12,A,B,PDB/SKEMPI_v2.0/3QHY.pdb,15.333086505912263,3QHY,3qhy_17,PDB/mutant_pdbs/3qhy/3qhy_17.pdb
B_F169A,SKEMPI_v2.0,3QHY,9.75e-12,A,B,PDB/SKEMPI_v2.0/3QHY.pdb,15.014160100429033,3QHY,3qhy_18,PDB/mutant_pdbs/3qhy/3qhy_18.pdb
B_I189A,SKEMPI_v2.0,3QHY,5.32e-11,A,B,PDB/SKEMPI_v2.0/3QHY.pdb,14.009342684731656,3QHY,3qhy_19,PDB/mutant_pdbs/3qhy/3qhy_19.pdb
B_F190A,SKEMPI_v2.0,3QHY,5.39e-11,A,B,PDB/SKEMPI_v2.0/3QHY.pdb,14.001601569675994,3QHY,3qhy_20,PDB/mutant_pdbs/3qhy/3qhy_20.pdb
B_Y208A,SKEMPI_v2.0,3QHY,4.5e-13,A,B,PDB/SKEMPI_v2.0/3QHY.pdb,16.835593656541253,3QHY,3qhy_21,PDB/mutant_pdbs/3qhy/3qhy_21.pdb
B_E228A,SKEMPI_v2.0,3QHY,4.85e-11,A,B,PDB/SKEMPI_v2.0/3QHY.pdb,14.064116771366963,3QHY,3qhy_22,PDB/mutant_pdbs/3qhy/3qhy_22.pdb
B_W229A,SKEMPI_v2.0,3QHY,2.88e-09,A,B,PDB/SKEMPI_v2.0/3QHY.pdb,11.645636390560046,3QHY,3qhy_23,PDB/mutant_pdbs/3qhy/3qhy_23.pdb
B_R246A,SKEMPI_v2.0,3QHY,7.4e-13,A,B,PDB/SKEMPI_v2.0/3QHY.pdb,16.54103836614403,3QHY,3qhy_24,PDB/mutant_pdbs/3qhy/3qhy_24.pdb
B_N264A,SKEMPI_v2.0,3QHY,2.84e-11,A,B,PDB/SKEMPI_v2.0/3QHY.pdb,14.381040173402825,3QHY,3qhy_25,PDB/mutant_pdbs/3qhy/3qhy_25.pdb
D_R90P,ATLAS,3QIB,1.12e-05,"A, B, C","D, E",PDB/ATLAS/3QIB.pdb,6.754089524755843,3QIB_at,3qib_at_1,PDB/mutant_pdbs/3qib_at/3qib_at_1.pdb
D_N95P,ATLAS,3QIB,5.17e-05,"A, B, C","D, E",PDB/ATLAS/3QIB.pdb,5.8478577229270154,3QIB_at,3qib_at_2,PDB/mutant_pdbs/3qib_at/3qib_at_2.pdb
E_L96P,ATLAS,3QIB,7.339999999999999e-06,"A, B, C","D, E",PDB/ATLAS/3QIB.pdb,7.0044588142693165,3QIB_at,3qib_at_3,PDB/mutant_pdbs/3qib_at/3qib_at_3.pdb
A_Q57A,ATLAS,3QIB,8.599999999999999e-06,"A, B, C","D, E",PDB/ATLAS/3QIB.pdb,6.910595357411166,3QIB_at,3qib_at_4,PDB/mutant_pdbs/3qib_at/3qib_at_4.pdb
A_A61G,ATLAS,3QIB,2.48e-05,"A, B, C","D, E",PDB/ATLAS/3QIB.pdb,6.283105537817596,3QIB_at,3qib_at_5,PDB/mutant_pdbs/3qib_at/3qib_at_5.pdb
A_A64G,ATLAS,3QIB,1.54e-05,"A, B, C","D, E",PDB/ATLAS/3QIB.pdb,6.565410481887921,3QIB_at,3qib_at_6,PDB/mutant_pdbs/3qib_at/3qib_at_6.pdb
A_K67A,ATLAS,3QIB,1.43e-05,"A, B, C","D, E",PDB/ATLAS/3QIB.pdb,6.609318340042806,3QIB_at,3qib_at_7,PDB/mutant_pdbs/3qib_at/3qib_at_7.pdb
A_A68G,ATLAS,3QIB,2.29e-05,"A, B, C","D, E",PDB/ATLAS/3QIB.pdb,6.3303305832051695,3QIB_at,3qib_at_8,PDB/mutant_pdbs/3qib_at/3qib_at_8.pdb
A_E75A,ATLAS,3QIB,5.5e-06,"A, B, C","D, E",PDB/ATLAS/3QIB.pdb,7.175444490500804,3QIB_at,3qib_at_9,PDB/mutant_pdbs/3qib_at/3qib_at_9.pdb
B_E59A,ATLAS,3QIB,5.5e-06,"A, B, C","D, E",PDB/ATLAS/3QIB.pdb,7.175444490500804,3QIB_at,3qib_at_10,PDB/mutant_pdbs/3qib_at/3qib_at_10.pdb
B_S63A,ATLAS,3QIB,5.75e-06,"A, B, C","D, E",PDB/ATLAS/3QIB.pdb,7.149107490189336,3QIB_at,3qib_at_11,PDB/mutant_pdbs/3qib_at/3qib_at_11.pdb
B_Q64A,ATLAS,3QIB,0.000108,"A, B, C","D, E",PDB/ATLAS/3QIB.pdb,5.4113897935494135,3QIB_at,3qib_at_12,PDB/mutant_pdbs/3qib_at/3qib_at_12.pdb
B_E66A,ATLAS,3QIB,4.26e-05,"A, B, C","D, E",PDB/ATLAS/3QIB.pdb,5.96256489962014,3QIB_at,3qib_at_13,PDB/mutant_pdbs/3qib_at/3qib_at_13.pdb
B_E69A,ATLAS,3QIB,0.000119,"A, B, C","D, E",PDB/ATLAS/3QIB.pdb,5.3539233357133,3QIB_at,3qib_at_14,PDB/mutant_pdbs/3qib_at/3qib_at_14.pdb
B_A73G,ATLAS,3QIB,0.000227,"A, B, C","D, E",PDB/ATLAS/3QIB.pdb,4.971280839898206,3QIB_at,3qib_at_15,PDB/mutant_pdbs/3qib_at/3qib_at_15.pdb
B_D76A,ATLAS,3QIB,2.36e-05,"A, B, C","D, E",PDB/ATLAS/3QIB.pdb,6.312490978994513,3QIB_at,3qib_at_16,PDB/mutant_pdbs/3qib_at/3qib_at_16.pdb
B_T77A,ATLAS,3QIB,1.95e-05,"A, B, C","D, E",PDB/ATLAS/3QIB.pdb,6.425556212943234,3QIB_at,3qib_at_17,PDB/mutant_pdbs/3qib_at/3qib_at_17.pdb
B_H81A,ATLAS,3QIB,6e-06,"A, B, C","D, E",PDB/ATLAS/3QIB.pdb,7.123891559180579,3QIB_at,3qib_at_18,PDB/mutant_pdbs/3qib_at/3qib_at_18.pdb
"A_K67A, B_E66A",ATLAS,3QIB,7e-05,"A, B, C","D, E",PDB/ATLAS/3QIB.pdb,5.668312588360567,3QIB_at,3qib_at_19,PDB/mutant_pdbs/3qib_at/3qib_at_19.pdb
C_R89P,SKEMPI_v2.0,3QIB,1.12e-05,"A, B, P","C, D",PDB/SKEMPI_v2.0/3QIB.pdb,6.7506915256657445,3QIB,3qib_1,PDB/mutant_pdbs/3qib/3qib_1.pdb
C_N94P,SKEMPI_v2.0,3QIB,5.17e-05,"A, B, P","C, D",PDB/SKEMPI_v2.0/3QIB.pdb,5.844915651290461,3QIB,3qib_2,PDB/mutant_pdbs/3qib/3qib_2.pdb
D_L95P,SKEMPI_v2.0,3QIB,7.34e-06,"A, B, P","C, D",PDB/SKEMPI_v2.0/3QIB.pdb,7.000934853772453,3QIB,3qib_3,PDB/mutant_pdbs/3qib/3qib_3.pdb
A_Q57A,SKEMPI_v2.0,3QIB,8.6e-06,"A, B, P","C, D",PDB/SKEMPI_v2.0/3QIB.pdb,6.90711861985084,3QIB,3qib_4,PDB/mutant_pdbs/3qib/3qib_4.pdb
A_A61G,SKEMPI_v2.0,3QIB,2.48e-05,"A, B, P","C, D",PDB/SKEMPI_v2.0/3QIB.pdb,6.279944491932397,3QIB,3qib_5,PDB/mutant_pdbs/3qib/3qib_5.pdb
A_A64G,SKEMPI_v2.0,3QIB,1.54e-05,"A, B, P","C, D",PDB/SKEMPI_v2.0/3QIB.pdb,6.562107407689421,3QIB,3qib_6,PDB/mutant_pdbs/3qib/3qib_6.pdb
A_K67A,SKEMPI_v2.0,3QIB,1.43e-05,"A, B, P","C, D",PDB/SKEMPI_v2.0/3QIB.pdb,6.6059931756926265,3QIB,3qib_7,PDB/mutant_pdbs/3qib/3qib_7.pdb
A_A68G,SKEMPI_v2.0,3QIB,2.29e-05,"A, B, P","C, D",PDB/SKEMPI_v2.0/3QIB.pdb,6.3271457782832154,3QIB,3qib_8,PDB/mutant_pdbs/3qib/3qib_8.pdb
A_E75A,SKEMPI_v2.0,3QIB,5.5e-06,"A, B, P","C, D",PDB/SKEMPI_v2.0/3QIB.pdb,7.171834506688714,3QIB,3qib_9,PDB/mutant_pdbs/3qib/3qib_9.pdb
B_E57A,SKEMPI_v2.0,3QIB,5.5e-06,"A, B, P","C, D",PDB/SKEMPI_v2.0/3QIB.pdb,7.171834506688714,3QIB,3qib_10,PDB/mutant_pdbs/3qib/3qib_10.pdb
B_S61A,SKEMPI_v2.0,3QIB,5.75e-06,"A, B, P","C, D",PDB/SKEMPI_v2.0/3QIB.pdb,7.145510756587028,3QIB,3qib_11,PDB/mutant_pdbs/3qib/3qib_11.pdb
B_Q62A,SKEMPI_v2.0,3QIB,0.000108,"A, B, P","C, D",PDB/SKEMPI_v2.0/3QIB.pdb,5.408667310004111,3QIB,3qib_12,PDB/mutant_pdbs/3qib/3qib_12.pdb
B_E64A,SKEMPI_v2.0,3QIB,4.26e-05,"A, B, P","C, D",PDB/SKEMPI_v2.0/3QIB.pdb,5.9595651185202145,3QIB,3qib_13,PDB/mutant_pdbs/3qib/3qib_13.pdb
B_E67A,SKEMPI_v2.0,3QIB,0.000119,"A, B, P","C, D",PDB/SKEMPI_v2.0/3QIB.pdb,5.3512297636846,3QIB,3qib_14,PDB/mutant_pdbs/3qib/3qib_14.pdb
B_A71G,SKEMPI_v2.0,3QIB,0.000227,"A, B, P","C, D",PDB/SKEMPI_v2.0/3QIB.pdb,4.968779776252442,3QIB,3qib_15,PDB/mutant_pdbs/3qib/3qib_15.pdb
B_D74A,SKEMPI_v2.0,3QIB,2.36e-05,"A, B, P","C, D",PDB/SKEMPI_v2.0/3QIB.pdb,6.309315149221416,3QIB,3qib_16,PDB/mutant_pdbs/3qib/3qib_16.pdb
B_T75A,SKEMPI_v2.0,3QIB,1.95e-05,"A, B, P","C, D",PDB/SKEMPI_v2.0/3QIB.pdb,6.422323499772209,3QIB,3qib_17,PDB/mutant_pdbs/3qib/3qib_17.pdb
B_H79A,SKEMPI_v2.0,3QIB,6e-06,"A, B, P","C, D",PDB/SKEMPI_v2.0/3QIB.pdb,7.120307511775325,3QIB,3qib_18,PDB/mutant_pdbs/3qib/3qib_18.pdb
"A_K67A, B_E64A",SKEMPI_v2.0,3QIB,7e-05,"A, B, P","C, D",PDB/SKEMPI_v2.0/3QIB.pdb,5.665460846323828,3QIB,3qib_19,PDB/mutant_pdbs/3qib/3qib_19.pdb
P_Y6A,SKEMPI_v2.0,3QIB,0.0011,"A, B, P","C, D",PDB/SKEMPI_v2.0/3QIB.pdb,4.034240534027153,3QIB,3qib_20,PDB/mutant_pdbs/3qib/3qib_20.pdb
P_Y6F,SKEMPI_v2.0,3QIB,6.6e-06,"A, B, P","C, D",PDB/SKEMPI_v2.0/3QIB.pdb,7.06386607480603,3QIB,3qib_21,PDB/mutant_pdbs/3qib/3qib_21.pdb
P_K8A,SKEMPI_v2.0,3QIB,0.0011,"A, B, P","C, D",PDB/SKEMPI_v2.0/3QIB.pdb,4.034240534027153,3QIB,3qib_22,PDB/mutant_pdbs/3qib/3qib_22.pdb
P_K8R,SKEMPI_v2.0,3QIB,0.00024,"A, B, P","C, D",PDB/SKEMPI_v2.0/3QIB.pdb,4.935801537448651,3QIB,3qib_23,PDB/mutant_pdbs/3qib/3qib_23.pdb
P_T11A,SKEMPI_v2.0,3QIB,0.0011,"A, B, P","C, D",PDB/SKEMPI_v2.0/3QIB.pdb,4.034240534027153,3QIB,3qib_24,PDB/mutant_pdbs/3qib/3qib_24.pdb
P_T11S,SKEMPI_v2.0,3QIB,3.38e-05,"A, B, P","C, D",PDB/SKEMPI_v2.0/3QIB.pdb,6.096593281665835,3QIB,3qib_25,PDB/mutant_pdbs/3qib/3qib_25.pdb
P_T11N,SKEMPI_v2.0,3QIB,4.34e-05,"A, B, P","C, D",PDB/SKEMPI_v2.0/3QIB.pdb,5.948547370590003,3QIB,3qib_26,PDB/mutant_pdbs/3qib/3qib_26.pdb
"P_T11S, P_Y6F",SKEMPI_v2.0,3QIB,4.29e-05,"A, B, P","C, D",PDB/SKEMPI_v2.0/3QIB.pdb,5.955409404138985,3QIB,3qib_27,PDB/mutant_pdbs/3qib/3qib_27.pdb
A_A323W,SKEMPI_v2.0,3R9A,6.2e-06,"A, C",B,PDB/SKEMPI_v2.0/3R9A.pdb,7.100889809260255,3R9A,3r9a_1,PDB/mutant_pdbs/3r9a/3r9a_1.pdb
A_Y325A,SKEMPI_v2.0,3R9A,1.94e-05,"A, C",B,PDB/SKEMPI_v2.0/3R9A.pdb,6.425368169045025,3R9A,3r9a_2,PDB/mutant_pdbs/3r9a/3r9a_2.pdb
A_Y325W,SKEMPI_v2.0,3R9A,7.9e-06,"A, C",B,PDB/SKEMPI_v2.0/3R9A.pdb,6.957394955652965,3R9A,3r9a_3,PDB/mutant_pdbs/3r9a/3r9a_3.pdb
A_V331D,SKEMPI_v2.0,3R9A,3.5e-06,"A, C",B,PDB/SKEMPI_v2.0/3R9A.pdb,7.439494161986572,3R9A,3r9a_4,PDB/mutant_pdbs/3r9a/3r9a_4.pdb
A_G165R,SKEMPI_v2.0,3R9A,3.8e-06,"A, C",B,PDB/SKEMPI_v2.0/3R9A.pdb,7.390793840072942,3R9A,3r9a_5,PDB/mutant_pdbs/3r9a/3r9a_5.pdb
C_A8K,SKEMPI_v2.0,3RF3,1e-09,A,C,PDB/SKEMPI_v2.0/3RF3.pdb,12.272045912989343,3RF3,3rf3_1,PDB/mutant_pdbs/3rf3/3rf3_1.pdb
A_S18A,SKEMPI_v2.0,3S9D,7e-09,A,B,PDB/SKEMPI_v2.0/3S9D.pdb,11.119703474319092,3S9D,3s9d_1,PDB/mutant_pdbs/3s9d/3s9d_1.pdb
A_L19A,SKEMPI_v2.0,3S9D,5.5e-08,A,B,PDB/SKEMPI_v2.0/3S9D.pdb,9.898955820686346,3S9D,3s9d_2,PDB/mutant_pdbs/3s9d/3s9d_2.pdb
A_F20A,SKEMPI_v2.0,3S9D,2.4e-08,A,B,PDB/SKEMPI_v2.0/3S9D.pdb,10.390044165443914,3S9D,3s9d_3,PDB/mutant_pdbs/3s9d/3s9d_3.pdb
A_S21A,SKEMPI_v2.0,3S9D,1e-08,A,B,PDB/SKEMPI_v2.0/3S9D.pdb,10.908485255990529,3S9D,3s9d_4,PDB/mutant_pdbs/3s9d/3s9d_4.pdb
A_L23A,SKEMPI_v2.0,3S9D,5e-06,A,B,PDB/SKEMPI_v2.0/3S9D.pdb,7.228275943658009,3S9D,3s9d_5,PDB/mutant_pdbs/3s9d/3s9d_5.pdb
A_K24A,SKEMPI_v2.0,3S9D,2.3e-08,A,B,PDB/SKEMPI_v2.0/3S9D.pdb,10.415247410255619,3S9D,3s9d_6,PDB/mutant_pdbs/3s9d/3s9d_6.pdb
A_D25A,SKEMPI_v2.0,3S9D,1.9e-08,A,B,PDB/SKEMPI_v2.0/3S9D.pdb,10.528387812734502,3S9D,3s9d_7,PDB/mutant_pdbs/3s9d/3s9d_7.pdb
A_R26A,SKEMPI_v2.0,3S9D,5e-06,A,B,PDB/SKEMPI_v2.0/3S9D.pdb,7.228275943658009,3S9D,3s9d_8,PDB/mutant_pdbs/3s9d/3s9d_8.pdb
A_H27A,SKEMPI_v2.0,3S9D,2e-08,A,B,PDB/SKEMPI_v2.0/3S9D.pdb,10.498012597326598,3S9D,3s9d_9,PDB/mutant_pdbs/3s9d/3s9d_9.pdb
A_D28A,SKEMPI_v2.0,3S9D,1.5e-08,A,B,PDB/SKEMPI_v2.0/3S9D.pdb,10.668374143100813,3S9D,3s9d_10,PDB/mutant_pdbs/3s9d/3s9d_10.pdb
A_E34A,SKEMPI_v2.0,3S9D,1e-08,A,B,PDB/SKEMPI_v2.0/3S9D.pdb,10.908485255990529,3S9D,3s9d_11,PDB/mutant_pdbs/3s9d/3s9d_11.pdb
A_K92A,SKEMPI_v2.0,3S9D,1.2e-08,A,B,PDB/SKEMPI_v2.0/3S9D.pdb,10.800516824107843,3S9D,3s9d_12,PDB/mutant_pdbs/3s9d/3s9d_12.pdb
A_R96A,SKEMPI_v2.0,3S9D,1.8e-08,A,B,PDB/SKEMPI_v2.0/3S9D.pdb,10.560405711218129,3S9D,3s9d_13,PDB/mutant_pdbs/3s9d/3s9d_13.pdb
A_L99A,SKEMPI_v2.0,3S9D,9e-09,A,B,PDB/SKEMPI_v2.0/3S9D.pdb,10.970878369882058,3S9D,3s9d_14,PDB/mutant_pdbs/3s9d/3s9d_14.pdb
A_K102A,SKEMPI_v2.0,3S9D,1.6e-08,A,B,PDB/SKEMPI_v2.0/3S9D.pdb,10.630155278333627,3S9D,3s9d_15,PDB/mutant_pdbs/3s9d/3s9d_15.pdb
A_E103A,SKEMPI_v2.0,3S9D,8e-09,A,B,PDB/SKEMPI_v2.0/3S9D.pdb,11.040627936997558,3S9D,3s9d_16,PDB/mutant_pdbs/3s9d/3s9d_16.pdb
A_K104A,SKEMPI_v2.0,3S9D,3.7e-08,A,B,PDB/SKEMPI_v2.0/3S9D.pdb,10.133707739813877,3S9D,3s9d_17,PDB/mutant_pdbs/3s9d/3s9d_17.pdb
A_K105A,SKEMPI_v2.0,3S9D,1.1e-08,A,B,PDB/SKEMPI_v2.0/3S9D.pdb,10.852043819021233,3S9D,3s9d_18,PDB/mutant_pdbs/3s9d/3s9d_18.pdb
B_T33A,SKEMPI_v2.0,3S9D,1.3e-07,A,B,PDB/SKEMPI_v2.0/3S9D.pdb,9.389555926659554,3S9D,3s9d_19,PDB/mutant_pdbs/3s9d/3s9d_19.pdb
B_M35A,SKEMPI_v2.0,3S9D,5e-06,A,B,PDB/SKEMPI_v2.0/3S9D.pdb,7.228275943658009,3S9D,3s9d_20,PDB/mutant_pdbs/3s9d/3s9d_20.pdb
B_S36A,SKEMPI_v2.0,3S9D,2.2e-08,A,B,PDB/SKEMPI_v2.0/3S9D.pdb,10.441571160357304,3S9D,3s9d_21,PDB/mutant_pdbs/3s9d/3s9d_21.pdb
B_K37A,SKEMPI_v2.0,3S9D,1.7e-08,A,B,PDB/SKEMPI_v2.0/3S9D.pdb,10.594254173351299,3S9D,3s9d_22,PDB/mutant_pdbs/3s9d/3s9d_22.pdb
B_E39R,SKEMPI_v2.0,3S9D,3e-08,A,B,PDB/SKEMPI_v2.0/3S9D.pdb,10.257901484436886,3S9D,3s9d_23,PDB/mutant_pdbs/3s9d/3s9d_23.pdb
B_E39A,SKEMPI_v2.0,3S9D,1.4e-08,A,B,PDB/SKEMPI_v2.0/3S9D.pdb,10.709230815655163,3S9D,3s9d_24,PDB/mutant_pdbs/3s9d/3s9d_24.pdb
B_K42A,SKEMPI_v2.0,3S9D,1.9e-08,A,B,PDB/SKEMPI_v2.0/3S9D.pdb,10.528387812734502,3S9D,3s9d_25,PDB/mutant_pdbs/3s9d/3s9d_25.pdb
B_W61F,SKEMPI_v2.0,3S9D,3.4e-08,A,B,PDB/SKEMPI_v2.0/3S9D.pdb,10.18378151468737,3S9D,3s9d_26,PDB/mutant_pdbs/3s9d/3s9d_26.pdb
B_S63A,SKEMPI_v2.0,3S9D,1.7e-08,A,B,PDB/SKEMPI_v2.0/3S9D.pdb,10.594254173351299,3S9D,3s9d_27,PDB/mutant_pdbs/3s9d/3s9d_27.pdb
B_H65A,SKEMPI_v2.0,3S9D,2.9e-08,A,B,PDB/SKEMPI_v2.0/3S9D.pdb,10.277977538180489,3S9D,3s9d_28,PDB/mutant_pdbs/3s9d/3s9d_28.pdb
B_N85A,SKEMPI_v2.0,3S9D,7e-09,A,B,PDB/SKEMPI_v2.0/3S9D.pdb,11.119703474319092,3S9D,3s9d_29,PDB/mutant_pdbs/3s9d/3s9d_29.pdb
B_W87A,SKEMPI_v2.0,3S9D,3.5e-08,A,B,PDB/SKEMPI_v2.0/3S9D.pdb,10.166615475984205,3S9D,3s9d_30,PDB/mutant_pdbs/3s9d/3s9d_30.pdb
B_D121R,SKEMPI_v2.0,3S9D,9e-09,A,B,PDB/SKEMPI_v2.0/3S9D.pdb,10.970878369882058,3S9D,3s9d_31,PDB/mutant_pdbs/3s9d/3s9d_31.pdb
A_L8A,SKEMPI_v2.0,3S9D,2.6e-08,A,B,PDB/SKEMPI_v2.0/3S9D.pdb,10.34264392499444,3S9D,3s9d_32,PDB/mutant_pdbs/3s9d/3s9d_32.pdb
A_M9A,SKEMPI_v2.0,3S9D,3.7e-09,A,B,PDB/SKEMPI_v2.0/3S9D.pdb,11.497268396812691,3S9D,3s9d_33,PDB/mutant_pdbs/3s9d/3s9d_33.pdb
A_R15A,SKEMPI_v2.0,3S9D,4e-09,A,B,PDB/SKEMPI_v2.0/3S9D.pdb,11.451100595661485,3S9D,3s9d_34,PDB/mutant_pdbs/3s9d/3s9d_34.pdb
A_R16A,SKEMPI_v2.0,3S9D,5.5e-09,A,B,PDB/SKEMPI_v2.0/3S9D.pdb,11.26251647768516,3S9D,3s9d_35,PDB/mutant_pdbs/3s9d/3s9d_35.pdb
A_I17A,SKEMPI_v2.0,3S9D,2.4e-09,A,B,PDB/SKEMPI_v2.0/3S9D.pdb,11.75360482244273,3S9D,3s9d_36,PDB/mutant_pdbs/3s9d/3s9d_36.pdb
A_S18A,SKEMPI_v2.0,3S9D,2.6e-09,A,B,PDB/SKEMPI_v2.0/3S9D.pdb,11.706204581993257,3S9D,3s9d_37,PDB/mutant_pdbs/3s9d/3s9d_37.pdb
A_L19A,SKEMPI_v2.0,3S9D,1.69e-08,A,B,PDB/SKEMPI_v2.0/3S9D.pdb,10.597747911326213,3S9D,3s9d_38,PDB/mutant_pdbs/3s9d/3s9d_38.pdb
A_F20A,SKEMPI_v2.0,3S9D,1.37e-08,A,B,PDB/SKEMPI_v2.0/3S9D.pdb,10.722058469613486,3S9D,3s9d_39,PDB/mutant_pdbs/3s9d/3s9d_39.pdb
A_L23A,SKEMPI_v2.0,3S9D,1.7e-06,A,B,PDB/SKEMPI_v2.0/3S9D.pdb,7.867132859353668,3S9D,3s9d_40,PDB/mutant_pdbs/3s9d/3s9d_40.pdb
A_L23V,SKEMPI_v2.0,3S9D,2.59e-07,A,B,PDB/SKEMPI_v2.0/3S9D.pdb,8.981365301143624,3S9D,3s9d_41,PDB/mutant_pdbs/3s9d/3s9d_41.pdb
A_K24A,SKEMPI_v2.0,3S9D,9e-09,A,B,PDB/SKEMPI_v2.0/3S9D.pdb,10.970878369882058,3S9D,3s9d_42,PDB/mutant_pdbs/3s9d/3s9d_42.pdb
A_D25A,SKEMPI_v2.0,3S9D,8.7e-09,A,B,PDB/SKEMPI_v2.0/3S9D.pdb,10.990954423625663,3S9D,3s9d_43,PDB/mutant_pdbs/3s9d/3s9d_43.pdb
A_R26K,SKEMPI_v2.0,3S9D,8e-06,A,B,PDB/SKEMPI_v2.0/3S9D.pdb,6.949945966001108,3S9D,3s9d_44,PDB/mutant_pdbs/3s9d/3s9d_44.pdb
A_R26A,SKEMPI_v2.0,3S9D,2.81e-05,A,B,PDB/SKEMPI_v2.0/3S9D.pdb,6.205965000624787,3S9D,3s9d_45,PDB/mutant_pdbs/3s9d/3s9d_45.pdb
A_R26Q,SKEMPI_v2.0,3S9D,8.62e-05,A,B,PDB/SKEMPI_v2.0/3S9D.pdb,5.542182382978968,3S9D,3s9d_46,PDB/mutant_pdbs/3s9d/3s9d_46.pdb
A_H27A,SKEMPI_v2.0,3S9D,7.9e-09,A,B,PDB/SKEMPI_v2.0/3S9D.pdb,11.048076926649413,3S9D,3s9d_47,PDB/mutant_pdbs/3s9d/3s9d_47.pdb
A_D28A,SKEMPI_v2.0,3S9D,4.6e-09,A,B,PDB/SKEMPI_v2.0/3S9D.pdb,11.368335408590504,3S9D,3s9d_48,PDB/mutant_pdbs/3s9d/3s9d_48.pdb
A_Q33A,SKEMPI_v2.0,3S9D,3.1e-09,A,B,PDB/SKEMPI_v2.0/3S9D.pdb,11.602044438920633,3S9D,3s9d_49,PDB/mutant_pdbs/3s9d/3s9d_49.pdb
A_R96A,SKEMPI_v2.0,3S9D,3e-09,A,B,PDB/SKEMPI_v2.0/3S9D.pdb,11.621462141435702,3S9D,3s9d_50,PDB/mutant_pdbs/3s9d/3s9d_50.pdb
A_K102A,SKEMPI_v2.0,3S9D,6.2e-09,A,B,PDB/SKEMPI_v2.0/3S9D.pdb,11.191571780256702,3S9D,3s9d_51,PDB/mutant_pdbs/3s9d/3s9d_51.pdb
A_E103A,SKEMPI_v2.0,3S9D,2.1e-09,A,B,PDB/SKEMPI_v2.0/3S9D.pdb,11.832680359764266,3S9D,3s9d_52,PDB/mutant_pdbs/3s9d/3s9d_52.pdb
A_K104A,SKEMPI_v2.0,3S9D,2.6e-08,A,B,PDB/SKEMPI_v2.0/3S9D.pdb,10.34264392499444,3S9D,3s9d_53,PDB/mutant_pdbs/3s9d/3s9d_53.pdb
A_K105A,SKEMPI_v2.0,3S9D,3.8e-09,A,B,PDB/SKEMPI_v2.0/3S9D.pdb,11.481475811069389,3S9D,3s9d_54,PDB/mutant_pdbs/3s9d/3s9d_54.pdb
A_R115A,SKEMPI_v2.0,3S9D,1.2e-07,A,B,PDB/SKEMPI_v2.0/3S9D.pdb,9.436956167109027,3S9D,3s9d_55,PDB/mutant_pdbs/3s9d/3s9d_55.pdb
A_A116G,SKEMPI_v2.0,3S9D,1e-07,A,B,PDB/SKEMPI_v2.0/3S9D.pdb,9.544924598991711,3S9D,3s9d_56,PDB/mutant_pdbs/3s9d/3s9d_56.pdb
A_A116M,SKEMPI_v2.0,3S9D,1.79e-08,A,B,PDB/SKEMPI_v2.0/3S9D.pdb,10.563704810943442,3S9D,3s9d_57,PDB/mutant_pdbs/3s9d/3s9d_57.pdb
A_M119A,SKEMPI_v2.0,3S9D,1.43e-07,A,B,PDB/SKEMPI_v2.0/3S9D.pdb,9.333114489690258,3S9D,3s9d_58,PDB/mutant_pdbs/3s9d/3s9d_58.pdb
A_R120A,SKEMPI_v2.0,3S9D,5.38e-07,A,B,PDB/SKEMPI_v2.0/3S9D.pdb,8.54845863906096,3S9D,3s9d_59,PDB/mutant_pdbs/3s9d/3s9d_59.pdb
A_S123A,SKEMPI_v2.0,3S9D,1.38e-08,A,B,PDB/SKEMPI_v2.0/3S9D.pdb,10.717751637036864,3S9D,3s9d_60,PDB/mutant_pdbs/3s9d/3s9d_60.pdb
A_L124A,SKEMPI_v2.0,3S9D,2.86e-08,A,B,PDB/SKEMPI_v2.0/3S9D.pdb,10.286202488025147,3S9D,3s9d_61,PDB/mutant_pdbs/3s9d/3s9d_61.pdb
A_N127A,SKEMPI_v2.0,3S9D,2.6e-09,A,B,PDB/SKEMPI_v2.0/3S9D.pdb,11.706204581993257,3S9D,3s9d_62,PDB/mutant_pdbs/3s9d/3s9d_62.pdb
A_Q48A,SKEMPI_v2.0,3S9D,3e-09,A,B,PDB/SKEMPI_v2.0/3S9D.pdb,11.621462141435702,3S9D,3s9d_63,PDB/mutant_pdbs/3s9d/3s9d_63.pdb
A_F50A,SKEMPI_v2.0,3S9D,4e-09,A,B,PDB/SKEMPI_v2.0/3S9D.pdb,11.451100595661485,3S9D,3s9d_64,PDB/mutant_pdbs/3s9d/3s9d_64.pdb
A_N51A,SKEMPI_v2.0,3S9D,3e-09,A,B,PDB/SKEMPI_v2.0/3S9D.pdb,11.621462141435702,3S9D,3s9d_65,PDB/mutant_pdbs/3s9d/3s9d_65.pdb
A_S54A,SKEMPI_v2.0,3S9D,3e-09,A,B,PDB/SKEMPI_v2.0/3S9D.pdb,11.621462141435702,3S9D,3s9d_66,PDB/mutant_pdbs/3s9d/3s9d_66.pdb
A_T55A,SKEMPI_v2.0,3S9D,3e-09,A,B,PDB/SKEMPI_v2.0/3S9D.pdb,11.621462141435702,3S9D,3s9d_67,PDB/mutant_pdbs/3s9d/3s9d_67.pdb
A_K56A,SKEMPI_v2.0,3S9D,3e-09,A,B,PDB/SKEMPI_v2.0/3S9D.pdb,11.621462141435702,3S9D,3s9d_68,PDB/mutant_pdbs/3s9d/3s9d_68.pdb
A_S59A,SKEMPI_v2.0,3S9D,4e-09,A,B,PDB/SKEMPI_v2.0/3S9D.pdb,11.451100595661485,3S9D,3s9d_69,PDB/mutant_pdbs/3s9d/3s9d_69.pdb
A_T65A,SKEMPI_v2.0,3S9D,4e-09,A,B,PDB/SKEMPI_v2.0/3S9D.pdb,11.451100595661485,3S9D,3s9d_70,PDB/mutant_pdbs/3s9d/3s9d_70.pdb
A_L66A,SKEMPI_v2.0,3S9D,5e-09,A,B,PDB/SKEMPI_v2.0/3S9D.pdb,11.318957914654456,3S9D,3s9d_71,PDB/mutant_pdbs/3s9d/3s9d_71.pdb
A_K69A,SKEMPI_v2.0,3S9D,3e-09,A,B,PDB/SKEMPI_v2.0/3S9D.pdb,11.621462141435702,3S9D,3s9d_72,PDB/mutant_pdbs/3s9d/3s9d_72.pdb
A_Y71A,SKEMPI_v2.0,3S9D,5e-09,A,B,PDB/SKEMPI_v2.0/3S9D.pdb,11.318957914654456,3S9D,3s9d_73,PDB/mutant_pdbs/3s9d/3s9d_73.pdb
A_T72A,SKEMPI_v2.0,3S9D,4e-09,A,B,PDB/SKEMPI_v2.0/3S9D.pdb,11.451100595661485,3S9D,3s9d_74,PDB/mutant_pdbs/3s9d/3s9d_74.pdb
A_Y75A,SKEMPI_v2.0,3S9D,5e-09,A,B,PDB/SKEMPI_v2.0/3S9D.pdb,11.318957914654456,3S9D,3s9d_75,PDB/mutant_pdbs/3s9d/3s9d_75.pdb
A_Q76A,SKEMPI_v2.0,3S9D,4e-09,A,B,PDB/SKEMPI_v2.0/3S9D.pdb,11.451100595661485,3S9D,3s9d_76,PDB/mutant_pdbs/3s9d/3s9d_76.pdb
A_N79A,SKEMPI_v2.0,3S9D,4e-09,A,B,PDB/SKEMPI_v2.0/3S9D.pdb,11.451100595661485,3S9D,3s9d_77,PDB/mutant_pdbs/3s9d/3s9d_77.pdb
A_E82A,SKEMPI_v2.0,3S9D,4e-09,A,B,PDB/SKEMPI_v2.0/3S9D.pdb,11.451100595661485,3S9D,3s9d_78,PDB/mutant_pdbs/3s9d/3s9d_78.pdb
"A_A43H, A_A44E, A_A47Q",SKEMPI_v2.0,3S9D,6.7e-10,A,B,PDB/SKEMPI_v2.0/3S9D.pdb,12.509203469287252,3S9D,3s9d_79,PDB/mutant_pdbs/3s9d/3s9d_79.pdb
"A_A43Y, A_A44N, A_A47S",SKEMPI_v2.0,3S9D,5e-10,A,B,PDB/SKEMPI_v2.0/3S9D.pdb,12.682518571653272,3S9D,3s9d_80,PDB/mutant_pdbs/3s9d/3s9d_80.pdb
"A_A43H, A_A44E, A_A47Q",SKEMPI_v2.0,3S9D,5e-09,A,B,PDB/SKEMPI_v2.0/3S9D.pdb,11.318957914654456,3S9D,3s9d_81,PDB/mutant_pdbs/3s9d/3s9d_81.pdb
A_R5A,SKEMPI_v2.0,3S9D,8.57e-09,A,B,PDB/SKEMPI_v2.0/3S9D.pdb,10.999869970480452,3S9D,3s9d_82,PDB/mutant_pdbs/3s9d/3s9d_82.pdb
A_L8A,SKEMPI_v2.0,3S9D,3e-08,A,B,PDB/SKEMPI_v2.0/3S9D.pdb,10.257901484436886,3S9D,3s9d_83,PDB/mutant_pdbs/3s9d/3s9d_83.pdb
A_M9A,SKEMPI_v2.0,3S9D,3e-09,A,B,PDB/SKEMPI_v2.0/3S9D.pdb,11.621462141435702,3S9D,3s9d_84,PDB/mutant_pdbs/3s9d/3s9d_84.pdb
A_A12W,SKEMPI_v2.0,3S9D,2.21e-09,A,B,PDB/SKEMPI_v2.0/3S9D.pdb,11.802446158017958,3S9D,3s9d_85,PDB/mutant_pdbs/3s9d/3s9d_85.pdb
A_R15A,SKEMPI_v2.0,3S9D,4.35e-09,A,B,PDB/SKEMPI_v2.0/3S9D.pdb,11.401427082289592,3S9D,3s9d_86,PDB/mutant_pdbs/3s9d/3s9d_86.pdb
A_R16A,SKEMPI_v2.0,3S9D,3.53e-09,A,B,PDB/SKEMPI_v2.0/3S9D.pdb,11.525121875823393,3S9D,3s9d_87,PDB/mutant_pdbs/3s9d/3s9d_87.pdb
A_I17A,SKEMPI_v2.0,3S9D,2.61e-09,A,B,PDB/SKEMPI_v2.0/3S9D.pdb,11.703931309070835,3S9D,3s9d_88,PDB/mutant_pdbs/3s9d/3s9d_88.pdb
A_S18A,SKEMPI_v2.0,3S9D,3e-09,A,B,PDB/SKEMPI_v2.0/3S9D.pdb,11.621462141435702,3S9D,3s9d_89,PDB/mutant_pdbs/3s9d/3s9d_89.pdb
A_L19A,SKEMPI_v2.0,3S9D,1.36e-08,A,B,PDB/SKEMPI_v2.0/3S9D.pdb,10.72639685435833,3S9D,3s9d_90,PDB/mutant_pdbs/3s9d/3s9d_90.pdb
A_F20A,SKEMPI_v2.0,3S9D,1e-08,A,B,PDB/SKEMPI_v2.0/3S9D.pdb,10.908485255990529,3S9D,3s9d_91,PDB/mutant_pdbs/3s9d/3s9d_91.pdb
A_L23A,SKEMPI_v2.0,3S9D,2.31e-06,A,B,PDB/SKEMPI_v2.0/3S9D.pdb,7.685556951798523,3S9D,3s9d_92,PDB/mutant_pdbs/3s9d/3s9d_92.pdb
A_L23V,SKEMPI_v2.0,3S9D,1.3e-07,A,B,PDB/SKEMPI_v2.0/3S9D.pdb,9.389555926659554,3S9D,3s9d_93,PDB/mutant_pdbs/3s9d/3s9d_93.pdb
A_K24A,SKEMPI_v2.0,3S9D,1e-08,A,B,PDB/SKEMPI_v2.0/3S9D.pdb,10.908485255990529,3S9D,3s9d_94,PDB/mutant_pdbs/3s9d/3s9d_94.pdb
A_D25A,SKEMPI_v2.0,3S9D,1.43e-08,A,B,PDB/SKEMPI_v2.0/3S9D.pdb,10.696675146689074,3S9D,3s9d_95,PDB/mutant_pdbs/3s9d/3s9d_95.pdb
A_R26A,SKEMPI_v2.0,3S9D,0.00012,A,B,PDB/SKEMPI_v2.0/3S9D.pdb,5.34627419611258,3S9D,3s9d_96,PDB/mutant_pdbs/3s9d/3s9d_96.pdb
A_R26K,SKEMPI_v2.0,3S9D,6e-06,A,B,PDB/SKEMPI_v2.0/3S9D.pdb,7.120307511775325,3S9D,3s9d_97,PDB/mutant_pdbs/3s9d/3s9d_97.pdb
A_H27A,SKEMPI_v2.0,3S9D,8.82e-09,A,B,PDB/SKEMPI_v2.0/3S9D.pdb,10.982842147875258,3S9D,3s9d_98,PDB/mutant_pdbs/3s9d/3s9d_98.pdb
A_D28A,SKEMPI_v2.0,3S9D,6e-09,A,B,PDB/SKEMPI_v2.0/3S9D.pdb,11.210989482771772,3S9D,3s9d_99,PDB/mutant_pdbs/3s9d/3s9d_99.pdb
A_R91K,SKEMPI_v2.0,3S9D,3.16e-09,A,B,PDB/SKEMPI_v2.0/3S9D.pdb,11.59069226632037,3S9D,3s9d_100,PDB/mutant_pdbs/3s9d/3s9d_100.pdb
A_K92A,SKEMPI_v2.0,3S9D,2.63e-09,A,B,PDB/SKEMPI_v2.0/3S9D.pdb,11.699410776668218,3S9D,3s9d_101,PDB/mutant_pdbs/3s9d/3s9d_101.pdb
A_R96A,SKEMPI_v2.0,3S9D,4.84e-09,A,B,PDB/SKEMPI_v2.0/3S9D.pdb,11.338217721722897,3S9D,3s9d_102,PDB/mutant_pdbs/3s9d/3s9d_102.pdb
A_K102A,SKEMPI_v2.0,3S9D,3e-09,A,B,PDB/SKEMPI_v2.0/3S9D.pdb,11.621462141435702,3S9D,3s9d_103,PDB/mutant_pdbs/3s9d/3s9d_103.pdb
A_E103A,SKEMPI_v2.0,3S9D,2.27e-09,A,B,PDB/SKEMPI_v2.0/3S9D.pdb,11.786583061246523,3S9D,3s9d_104,PDB/mutant_pdbs/3s9d/3s9d_104.pdb
A_K104A,SKEMPI_v2.0,3S9D,4.29e-09,A,B,PDB/SKEMPI_v2.0/3S9D.pdb,11.409652032134249,3S9D,3s9d_105,PDB/mutant_pdbs/3s9d/3s9d_105.pdb
A_K105A,SKEMPI_v2.0,3S9D,4.17e-09,A,B,PDB/SKEMPI_v2.0/3S9D.pdb,11.426452786440672,3S9D,3s9d_106,PDB/mutant_pdbs/3s9d/3s9d_106.pdb
A_R115A,SKEMPI_v2.0,3S9D,1e-07,A,B,PDB/SKEMPI_v2.0/3S9D.pdb,9.544924598991711,3S9D,3s9d_107,PDB/mutant_pdbs/3s9d/3s9d_107.pdb
A_A116M,SKEMPI_v2.0,3S9D,1.88e-08,A,B,PDB/SKEMPI_v2.0/3S9D.pdb,10.534654398927161,3S9D,3s9d_108,PDB/mutant_pdbs/3s9d/3s9d_108.pdb
A_A116G,SKEMPI_v2.0,3S9D,1e-07,A,B,PDB/SKEMPI_v2.0/3S9D.pdb,9.544924598991711,3S9D,3s9d_109,PDB/mutant_pdbs/3s9d/3s9d_109.pdb
A_M119A,SKEMPI_v2.0,3S9D,1e-07,A,B,PDB/SKEMPI_v2.0/3S9D.pdb,9.544924598991711,3S9D,3s9d_110,PDB/mutant_pdbs/3s9d/3s9d_110.pdb
A_R120A,SKEMPI_v2.0,3S9D,3e-07,A,B,PDB/SKEMPI_v2.0/3S9D.pdb,8.894340827438068,3S9D,3s9d_111,PDB/mutant_pdbs/3s9d/3s9d_111.pdb
A_S123A,SKEMPI_v2.0,3S9D,3e-08,A,B,PDB/SKEMPI_v2.0/3S9D.pdb,10.257901484436886,3S9D,3s9d_112,PDB/mutant_pdbs/3s9d/3s9d_112.pdb
A_L124A,SKEMPI_v2.0,3S9D,3e-08,A,B,PDB/SKEMPI_v2.0/3S9D.pdb,10.257901484436886,3S9D,3s9d_113,PDB/mutant_pdbs/3s9d/3s9d_113.pdb
A_N127A,SKEMPI_v2.0,3S9D,3e-09,A,B,PDB/SKEMPI_v2.0/3S9D.pdb,11.621462141435702,3S9D,3s9d_114,PDB/mutant_pdbs/3s9d/3s9d_114.pdb
B_E17R,SKEMPI_v2.0,3S9D,3e-09,A,B,PDB/SKEMPI_v2.0/3S9D.pdb,11.621462141435702,3S9D,3s9d_115,PDB/mutant_pdbs/3s9d/3s9d_115.pdb
B_Y32A,SKEMPI_v2.0,3S9D,2.73e-08,A,B,PDB/SKEMPI_v2.0/3S9D.pdb,10.313751030433291,3S9D,3s9d_116,PDB/mutant_pdbs/3s9d/3s9d_116.pdb
B_T33A,SKEMPI_v2.0,3S9D,5e-08,A,B,PDB/SKEMPI_v2.0/3S9D.pdb,9.95539725765564,3S9D,3s9d_117,PDB/mutant_pdbs/3s9d/3s9d_117.pdb
B_I34A,SKEMPI_v2.0,3S9D,6e-08,A,B,PDB/SKEMPI_v2.0/3S9D.pdb,9.847428825772955,3S9D,3s9d_118,PDB/mutant_pdbs/3s9d/3s9d_118.pdb
B_M35A,SKEMPI_v2.0,3S9D,1.5e-07,A,B,PDB/SKEMPI_v2.0/3S9D.pdb,9.304813486101997,3S9D,3s9d_119,PDB/mutant_pdbs/3s9d/3s9d_119.pdb
B_M35V,SKEMPI_v2.0,3S9D,6.52e-08,A,B,PDB/SKEMPI_v2.0/3S9D.pdb,9.798209269394604,3S9D,3s9d_120,PDB/mutant_pdbs/3s9d/3s9d_120.pdb
B_S36A,SKEMPI_v2.0,3S9D,7.5e-09,A,B,PDB/SKEMPI_v2.0/3S9D.pdb,11.078846801764744,3S9D,3s9d_121,PDB/mutant_pdbs/3s9d/3s9d_121.pdb
B_K37A,SKEMPI_v2.0,3S9D,9.68e-09,A,B,PDB/SKEMPI_v2.0/3S9D.pdb,10.927745063058968,3S9D,3s9d_122,PDB/mutant_pdbs/3s9d/3s9d_122.pdb
B_E39A,SKEMPI_v2.0,3S9D,4.29e-09,A,B,PDB/SKEMPI_v2.0/3S9D.pdb,11.409652032134249,3S9D,3s9d_123,PDB/mutant_pdbs/3s9d/3s9d_123.pdb
B_D40A,SKEMPI_v2.0,3S9D,3e-09,A,B,PDB/SKEMPI_v2.0/3S9D.pdb,11.621462141435702,3S9D,3s9d_124,PDB/mutant_pdbs/3s9d/3s9d_124.pdb
B_K42A,SKEMPI_v2.0,3S9D,8.11e-09,A,B,PDB/SKEMPI_v2.0/3S9D.pdb,11.032540839795555,3S9D,3s9d_125,PDB/mutant_pdbs/3s9d/3s9d_125.pdb
B_R62A,SKEMPI_v2.0,3S9D,4e-09,A,B,PDB/SKEMPI_v2.0/3S9D.pdb,11.451100595661485,3S9D,3s9d_126,PDB/mutant_pdbs/3s9d/3s9d_126.pdb
B_S63A,SKEMPI_v2.0,3S9D,4.76e-09,A,B,PDB/SKEMPI_v2.0/3S9D.pdb,11.348087731350823,3S9D,3s9d_127,PDB/mutant_pdbs/3s9d/3s9d_127.pdb
B_T64A,SKEMPI_v2.0,3S9D,4.62e-09,A,B,PDB/SKEMPI_v2.0/3S9D.pdb,11.365766264131043,3S9D,3s9d_128,PDB/mutant_pdbs/3s9d/3s9d_128.pdb
B_H65A,SKEMPI_v2.0,3S9D,8.82e-09,A,B,PDB/SKEMPI_v2.0/3S9D.pdb,10.982842147875258,3S9D,3s9d_129,PDB/mutant_pdbs/3s9d/3s9d_129.pdb
B_E66A,SKEMPI_v2.0,3S9D,1.76e-07,A,B,PDB/SKEMPI_v2.0/3S9D.pdb,9.210153184365518,3S9D,3s9d_130,PDB/mutant_pdbs/3s9d/3s9d_130.pdb
B_A67M,SKEMPI_v2.0,3S9D,2.26e-09,A,B,PDB/SKEMPI_v2.0/3S9D.pdb,11.789197577056688,3S9D,3s9d_131,PDB/mutant_pdbs/3s9d/3s9d_131.pdb
B_V69A,SKEMPI_v2.0,3S9D,1.5e-07,A,B,PDB/SKEMPI_v2.0/3S9D.pdb,9.304813486101997,3S9D,3s9d_132,PDB/mutant_pdbs/3s9d/3s9d_132.pdb
B_H84A,SKEMPI_v2.0,3S9D,3.23e-09,A,B,PDB/SKEMPI_v2.0/3S9D.pdb,11.57771738709409,3S9D,3s9d_133,PDB/mutant_pdbs/3s9d/3s9d_133.pdb
B_N85A,SKEMPI_v2.0,3S9D,2.4e-09,A,B,PDB/SKEMPI_v2.0/3S9D.pdb,11.75360482244273,3S9D,3s9d_134,PDB/mutant_pdbs/3s9d/3s9d_134.pdb
B_W87A,SKEMPI_v2.0,3S9D,1.76e-08,A,B,PDB/SKEMPI_v2.0/3S9D.pdb,10.573713841364334,3S9D,3s9d_135,PDB/mutant_pdbs/3s9d/3s9d_135.pdb
B_I90A,SKEMPI_v2.0,3S9D,3.75e-08,A,B,PDB/SKEMPI_v2.0/3S9D.pdb,10.125758803429857,3S9D,3s9d_136,PDB/mutant_pdbs/3s9d/3s9d_136.pdb
B_D91A,SKEMPI_v2.0,3S9D,1.76e-08,A,B,PDB/SKEMPI_v2.0/3S9D.pdb,10.573713841364334,3S9D,3s9d_137,PDB/mutant_pdbs/3s9d/3s9d_137.pdb
B_D121R,SKEMPI_v2.0,3S9D,2.54e-09,A,B,PDB/SKEMPI_v2.0/3S9D.pdb,11.720030584379789,3S9D,3s9d_138,PDB/mutant_pdbs/3s9d/3s9d_138.pdb
B_H166A,SKEMPI_v2.0,3S9D,3e-09,A,B,PDB/SKEMPI_v2.0/3S9D.pdb,11.621462141435702,3S9D,3s9d_139,PDB/mutant_pdbs/3s9d/3s9d_139.pdb
"A_R120A, B_E66A",SKEMPI_v2.0,3S9D,1.36e-06,A,B,PDB/SKEMPI_v2.0/3S9D.pdb,7.999275540360697,3S9D,3s9d_140,PDB/mutant_pdbs/3s9d/3s9d_140.pdb
"A_L8A, B_T33A",SKEMPI_v2.0,3S9D,1.05e-06,A,B,PDB/SKEMPI_v2.0/3S9D.pdb,8.152471047431746,3S9D,3s9d_141,PDB/mutant_pdbs/3s9d/3s9d_141.pdb
"A_L19A, B_T33A",SKEMPI_v2.0,3S9D,7.7e-07,A,B,PDB/SKEMPI_v2.0/3S9D.pdb,8.336140723352164,3S9D,3s9d_142,PDB/mutant_pdbs/3s9d/3s9d_142.pdb
"A_F20A, B_T33A",SKEMPI_v2.0,3S9D,4.1e-07,A,B,PDB/SKEMPI_v2.0/3S9D.pdb,8.709356640724682,3S9D,3s9d_143,PDB/mutant_pdbs/3s9d/3s9d_143.pdb
"A_L23A, B_T33A",SKEMPI_v2.0,3S9D,5.86e-05,A,B,PDB/SKEMPI_v2.0/3S9D.pdb,5.770728307188627,3S9D,3s9d_144,PDB/mutant_pdbs/3s9d/3s9d_144.pdb
"A_R115A, B_T33A",SKEMPI_v2.0,3S9D,2.32e-06,A,B,PDB/SKEMPI_v2.0/3S9D.pdb,7.682998905189888,3S9D,3s9d_145,PDB/mutant_pdbs/3s9d/3s9d_145.pdb
"A_A116G, B_T33A",SKEMPI_v2.0,3S9D,3.87e-06,A,B,PDB/SKEMPI_v2.0/3S9D.pdb,7.379984392406301,3S9D,3s9d_146,PDB/mutant_pdbs/3s9d/3s9d_146.pdb
"A_M119A, B_T33A",SKEMPI_v2.0,3S9D,4.68e-06,A,B,PDB/SKEMPI_v2.0/3S9D.pdb,7.267443066224411,3S9D,3s9d_147,PDB/mutant_pdbs/3s9d/3s9d_147.pdb
"A_R120A, B_T33A",SKEMPI_v2.0,3S9D,1.82e-05,A,B,PDB/SKEMPI_v2.0/3S9D.pdb,6.463180172326558,3S9D,3s9d_148,PDB/mutant_pdbs/3s9d/3s9d_148.pdb
"A_S123A, B_T33A",SKEMPI_v2.0,3S9D,4.4e-07,A,B,PDB/SKEMPI_v2.0/3S9D.pdb,8.667537844694559,3S9D,3s9d_149,PDB/mutant_pdbs/3s9d/3s9d_149.pdb
"A_L124A, B_T33A",SKEMPI_v2.0,3S9D,6.7e-07,A,B,PDB/SKEMPI_v2.0/3S9D.pdb,8.418521498290804,3S9D,3s9d_150,PDB/mutant_pdbs/3s9d/3s9d_150.pdb
"A_R115A, B_I34A",SKEMPI_v2.0,3S9D,3.38e-06,A,B,PDB/SKEMPI_v2.0/3S9D.pdb,7.460153938664651,3S9D,3s9d_151,PDB/mutant_pdbs/3s9d/3s9d_151.pdb
"A_A116G, B_I34A",SKEMPI_v2.0,3S9D,4.76e-06,A,B,PDB/SKEMPI_v2.0/3S9D.pdb,7.2574057603543745,3S9D,3s9d_152,PDB/mutant_pdbs/3s9d/3s9d_152.pdb
"A_M119A, B_I34A",SKEMPI_v2.0,3S9D,3.18e-06,A,B,PDB/SKEMPI_v2.0/3S9D.pdb,7.4962740881729,3S9D,3s9d_153,PDB/mutant_pdbs/3s9d/3s9d_153.pdb
"A_R120A, B_I34A",SKEMPI_v2.0,3S9D,1.16e-05,A,B,PDB/SKEMPI_v2.0/3S9D.pdb,6.729910906855,3S9D,3s9d_154,PDB/mutant_pdbs/3s9d/3s9d_154.pdb
"A_S123A, B_I34A",SKEMPI_v2.0,3S9D,4e-07,A,B,PDB/SKEMPI_v2.0/3S9D.pdb,8.723979281663853,3S9D,3s9d_155,PDB/mutant_pdbs/3s9d/3s9d_155.pdb
"A_L124A, B_I34A",SKEMPI_v2.0,3S9D,1.02e-06,A,B,PDB/SKEMPI_v2.0/3S9D.pdb,8.169637086134912,3S9D,3s9d_156,PDB/mutant_pdbs/3s9d/3s9d_156.pdb
"A_R5A, B_W87A",SKEMPI_v2.0,3S9D,1.3e-07,A,B,PDB/SKEMPI_v2.0/3S9D.pdb,9.389555926659554,3S9D,3s9d_157,PDB/mutant_pdbs/3s9d/3s9d_157.pdb
"A_L8A, B_W87A",SKEMPI_v2.0,3S9D,4.5e-07,A,B,PDB/SKEMPI_v2.0/3S9D.pdb,8.654229714548356,3S9D,3s9d_158,PDB/mutant_pdbs/3s9d/3s9d_158.pdb
"A_M119A, B_W87A",SKEMPI_v2.0,3S9D,1.65e-06,A,B,PDB/SKEMPI_v2.0/3S9D.pdb,7.884811392133887,3S9D,3s9d_159,PDB/mutant_pdbs/3s9d/3s9d_159.pdb
"A_S123A, B_W87A",SKEMPI_v2.0,3S9D,2.6e-07,A,B,PDB/SKEMPI_v2.0/3S9D.pdb,8.979083267995625,3S9D,3s9d_160,PDB/mutant_pdbs/3s9d/3s9d_160.pdb
"A_L124A, B_W87A",SKEMPI_v2.0,3S9D,3.6e-07,A,B,PDB/SKEMPI_v2.0/3S9D.pdb,8.786372395555384,3S9D,3s9d_161,PDB/mutant_pdbs/3s9d/3s9d_161.pdb
B_I90A,SKEMPI_v2.0,3S9D,4e-08,A,B,PDB/SKEMPI_v2.0/3S9D.pdb,10.08753993866267,3S9D,3s9d_162,PDB/mutant_pdbs/3s9d/3s9d_162.pdb
"A_L8A, B_I90A",SKEMPI_v2.0,3S9D,1.38e-06,A,B,PDB/SKEMPI_v2.0/3S9D.pdb,7.990630323039231,3S9D,3s9d_163,PDB/mutant_pdbs/3s9d/3s9d_163.pdb
"A_L19A, B_I90A",SKEMPI_v2.0,3S9D,4.2e-07,A,B,PDB/SKEMPI_v2.0/3S9D.pdb,8.695086387102705,3S9D,3s9d_164,PDB/mutant_pdbs/3s9d/3s9d_164.pdb
"A_F20A, B_I90A",SKEMPI_v2.0,3S9D,2.9e-07,A,B,PDB/SKEMPI_v2.0/3S9D.pdb,8.914416881181673,3S9D,3s9d_165,PDB/mutant_pdbs/3s9d/3s9d_165.pdb
"A_L23A, B_I90A",SKEMPI_v2.0,3S9D,2.47e-05,A,B,PDB/SKEMPI_v2.0/3S9D.pdb,6.2823371694058965,3S9D,3s9d_166,PDB/mutant_pdbs/3s9d/3s9d_166.pdb
"A_R115A, B_I90A",SKEMPI_v2.0,3S9D,9.6e-07,A,B,PDB/SKEMPI_v2.0/3S9D.pdb,8.20553819111724,3S9D,3s9d_167,PDB/mutant_pdbs/3s9d/3s9d_167.pdb
"A_M119A, B_I90A",SKEMPI_v2.0,3S9D,2.27e-06,A,B,PDB/SKEMPI_v2.0/3S9D.pdb,7.695901090250075,3S9D,3s9d_168,PDB/mutant_pdbs/3s9d/3s9d_168.pdb
"A_R120A, B_I90A",SKEMPI_v2.0,3S9D,9.91e-06,A,B,PDB/SKEMPI_v2.0/3S9D.pdb,6.823157095263742,3S9D,3s9d_169,PDB/mutant_pdbs/3s9d/3s9d_169.pdb
"A_S123A, B_I90A",SKEMPI_v2.0,3S9D,6.1e-07,A,B,PDB/SKEMPI_v2.0/3S9D.pdb,8.47407973320366,3S9D,3s9d_170,PDB/mutant_pdbs/3s9d/3s9d_170.pdb
"A_L124A, B_I90A",SKEMPI_v2.0,3S9D,7.1e-07,A,B,PDB/SKEMPI_v2.0/3S9D.pdb,8.384182205736602,3S9D,3s9d_171,PDB/mutant_pdbs/3s9d/3s9d_171.pdb
"A_L19A, B_D91A",SKEMPI_v2.0,3S9D,3.6e-07,A,B,PDB/SKEMPI_v2.0/3S9D.pdb,8.786372395555384,3S9D,3s9d_172,PDB/mutant_pdbs/3s9d/3s9d_172.pdb
"A_F20A, B_D91A",SKEMPI_v2.0,3S9D,1.4e-07,A,B,PDB/SKEMPI_v2.0/3S9D.pdb,9.345670158656347,3S9D,3s9d_173,PDB/mutant_pdbs/3s9d/3s9d_173.pdb
"A_R115A, B_D91A",SKEMPI_v2.0,3S9D,1.23e-06,A,B,PDB/SKEMPI_v2.0/3S9D.pdb,8.058772869171039,3S9D,3s9d_174,PDB/mutant_pdbs/3s9d/3s9d_174.pdb
"A_S123A, B_D91A",SKEMPI_v2.0,3S9D,2.3e-07,A,B,PDB/SKEMPI_v2.0/3S9D.pdb,9.051686753256803,3S9D,3s9d_175,PDB/mutant_pdbs/3s9d/3s9d_175.pdb
"A_L124A, B_D91A",SKEMPI_v2.0,3S9D,4.1e-07,A,B,PDB/SKEMPI_v2.0/3S9D.pdb,8.709356640724682,3S9D,3s9d_176,PDB/mutant_pdbs/3s9d/3s9d_176.pdb
B_T33A,SKEMPI_v2.0,3S9D,7.4e-08,A,B,PDB/SKEMPI_v2.0/3S9D.pdb,9.723235081149946,3S9D,3s9d_177,PDB/mutant_pdbs/3s9d/3s9d_177.pdb
B_I34A,SKEMPI_v2.0,3S9D,6.5e-08,A,B,PDB/SKEMPI_v2.0/3S9D.pdb,9.800028585323483,3S9D,3s9d_178,PDB/mutant_pdbs/3s9d/3s9d_178.pdb
B_M35V,SKEMPI_v2.0,3S9D,3.49e-07,A,B,PDB/SKEMPI_v2.0/3S9D.pdb,8.804749203171589,3S9D,3s9d_179,PDB/mutant_pdbs/3s9d/3s9d_179.pdb
B_H65A,SKEMPI_v2.0,3S9D,1.9e-08,A,B,PDB/SKEMPI_v2.0/3S9D.pdb,10.528387812734502,3S9D,3s9d_180,PDB/mutant_pdbs/3s9d/3s9d_180.pdb
B_E66A,SKEMPI_v2.0,3S9D,1.52e-07,A,B,PDB/SKEMPI_v2.0/3S9D.pdb,9.296969836742715,3S9D,3s9d_181,PDB/mutant_pdbs/3s9d/3s9d_181.pdb
B_W87A,SKEMPI_v2.0,3S9D,3.4e-08,A,B,PDB/SKEMPI_v2.0/3S9D.pdb,10.18378151468737,3S9D,3s9d_182,PDB/mutant_pdbs/3s9d/3s9d_182.pdb
B_D91A,SKEMPI_v2.0,3S9D,3.9e-08,A,B,PDB/SKEMPI_v2.0/3S9D.pdb,10.102532812104727,3S9D,3s9d_183,PDB/mutant_pdbs/3s9d/3s9d_183.pdb
A_L8A,SKEMPI_v2.0,3S9D,6.9e-08,A,B,PDB/SKEMPI_v2.0/3S9D.pdb,9.764663638701977,3S9D,3s9d_184,PDB/mutant_pdbs/3s9d/3s9d_184.pdb
A_L19A,SKEMPI_v2.0,3S9D,3.1e-08,A,B,PDB/SKEMPI_v2.0/3S9D.pdb,10.238483781921815,3S9D,3s9d_185,PDB/mutant_pdbs/3s9d/3s9d_185.pdb
A_L23A,SKEMPI_v2.0,3S9D,1.7e-06,A,B,PDB/SKEMPI_v2.0/3S9D.pdb,7.867132859353668,3S9D,3s9d_186,PDB/mutant_pdbs/3s9d/3s9d_186.pdb
A_R115A,SKEMPI_v2.0,3S9D,9.9e-08,A,B,PDB/SKEMPI_v2.0/3S9D.pdb,9.550876275913948,3S9D,3s9d_187,PDB/mutant_pdbs/3s9d/3s9d_187.pdb
A_A116G,SKEMPI_v2.0,3S9D,9.6e-08,A,B,PDB/SKEMPI_v2.0/3S9D.pdb,9.569098848116056,3S9D,3s9d_188,PDB/mutant_pdbs/3s9d/3s9d_188.pdb
A_M119A,SKEMPI_v2.0,3S9D,1.43e-07,A,B,PDB/SKEMPI_v2.0/3S9D.pdb,9.333114489690258,3S9D,3s9d_189,PDB/mutant_pdbs/3s9d/3s9d_189.pdb
A_R120A,SKEMPI_v2.0,3S9D,5.4e-07,A,B,PDB/SKEMPI_v2.0/3S9D.pdb,8.546261282665672,3S9D,3s9d_190,PDB/mutant_pdbs/3s9d/3s9d_190.pdb
A_S123A,SKEMPI_v2.0,3S9D,1.6e-08,A,B,PDB/SKEMPI_v2.0/3S9D.pdb,10.630155278333627,3S9D,3s9d_191,PDB/mutant_pdbs/3s9d/3s9d_191.pdb
A_L124A,SKEMPI_v2.0,3S9D,4e-08,A,B,PDB/SKEMPI_v2.0/3S9D.pdb,10.08753993866267,3S9D,3s9d_192,PDB/mutant_pdbs/3s9d/3s9d_192.pdb
"A_L8A, B_M35V",SKEMPI_v2.0,3S9D,4.4e-06,A,B,PDB/SKEMPI_v2.0/3S9D.pdb,7.303977187695743,3S9D,3s9d_193,PDB/mutant_pdbs/3s9d/3s9d_193.pdb
"A_L19A, B_M35V",SKEMPI_v2.0,3S9D,3.65e-06,A,B,PDB/SKEMPI_v2.0/3S9D.pdb,7.414643514308878,3S9D,3s9d_194,PDB/mutant_pdbs/3s9d/3s9d_194.pdb
"A_L23A, B_M35V",SKEMPI_v2.0,3S9D,0.00041,A,B,PDB/SKEMPI_v2.0/3S9D.pdb,4.618674669728233,3S9D,3s9d_195,PDB/mutant_pdbs/3s9d/3s9d_195.pdb
"A_R115A, B_M35V",SKEMPI_v2.0,3S9D,1.3e-06,A,B,PDB/SKEMPI_v2.0/3S9D.pdb,8.025995269660736,3S9D,3s9d_196,PDB/mutant_pdbs/3s9d/3s9d_196.pdb
"A_A116G, B_M35V",SKEMPI_v2.0,3S9D,1.92e-05,A,B,PDB/SKEMPI_v2.0/3S9D.pdb,6.431504875454496,3S9D,3s9d_197,PDB/mutant_pdbs/3s9d/3s9d_197.pdb
"A_M119A, B_M35V",SKEMPI_v2.0,3S9D,2.5e-05,A,B,PDB/SKEMPI_v2.0/3S9D.pdb,6.275187945323121,3S9D,3s9d_198,PDB/mutant_pdbs/3s9d/3s9d_198.pdb
"A_R120A, B_M35V",SKEMPI_v2.0,3S9D,7e-05,A,B,PDB/SKEMPI_v2.0/3S9D.pdb,5.665460846323828,3S9D,3s9d_199,PDB/mutant_pdbs/3s9d/3s9d_199.pdb
"A_S123A, B_M35V",SKEMPI_v2.0,3S9D,2.45e-06,A,B,PDB/SKEMPI_v2.0/3S9D.pdb,7.650712380315137,3S9D,3s9d_200,PDB/mutant_pdbs/3s9d/3s9d_200.pdb
"A_L124A, B_M35V",SKEMPI_v2.0,3S9D,5.26e-06,A,B,PDB/SKEMPI_v2.0/3S9D.pdb,7.198256147007843,3S9D,3s9d_201,PDB/mutant_pdbs/3s9d/3s9d_201.pdb
"A_L8A, B_E66A",SKEMPI_v2.0,3S9D,2.5e-06,A,B,PDB/SKEMPI_v2.0/3S9D.pdb,7.638748602321938,3S9D,3s9d_202,PDB/mutant_pdbs/3s9d/3s9d_202.pdb
"A_L23A, B_E66A",SKEMPI_v2.0,3S9D,6.9e-05,A,B,PDB/SKEMPI_v2.0/3S9D.pdb,5.673981667705529,3S9D,3s9d_203,PDB/mutant_pdbs/3s9d/3s9d_203.pdb
"A_R115A, B_E66A",SKEMPI_v2.0,3S9D,6.5e-06,A,B,PDB/SKEMPI_v2.0/3S9D.pdb,7.0729072713258505,3S9D,3s9d_204,PDB/mutant_pdbs/3s9d/3s9d_204.pdb
"A_A116G, B_E66A",SKEMPI_v2.0,3S9D,1.24e-05,A,B,PDB/SKEMPI_v2.0/3S9D.pdb,6.690417150596326,3S9D,3s9d_205,PDB/mutant_pdbs/3s9d/3s9d_205.pdb
"A_M119A, B_E66A",SKEMPI_v2.0,3S9D,1.12e-05,A,B,PDB/SKEMPI_v2.0/3S9D.pdb,6.7506915256657445,3S9D,3s9d_206,PDB/mutant_pdbs/3s9d/3s9d_206.pdb
"A_R120A, B_E66A",SKEMPI_v2.0,3S9D,1.15e-06,A,B,PDB/SKEMPI_v2.0/3S9D.pdb,8.098598754921916,3S9D,3s9d_207,PDB/mutant_pdbs/3s9d/3s9d_207.pdb
"A_S123A, B_E66A",SKEMPI_v2.0,3S9D,9.9e-07,A,B,PDB/SKEMPI_v2.0/3S9D.pdb,8.187315618915132,3S9D,3s9d_208,PDB/mutant_pdbs/3s9d/3s9d_208.pdb
"A_L124A, B_E66A",SKEMPI_v2.0,3S9D,1.45e-06,A,B,PDB/SKEMPI_v2.0/3S9D.pdb,7.961328882846787,3S9D,3s9d_209,PDB/mutant_pdbs/3s9d/3s9d_209.pdb
"A_R5A, B_H65A",SKEMPI_v2.0,3S9D,1.05e-07,A,B,PDB/SKEMPI_v2.0/3S9D.pdb,9.516031704430562,3S9D,3s9d_210,PDB/mutant_pdbs/3s9d/3s9d_210.pdb
"A_L8A, B_H65A",SKEMPI_v2.0,3S9D,2.2e-06,A,B,PDB/SKEMPI_v2.0/3S9D.pdb,7.714449846359672,3S9D,3s9d_211,PDB/mutant_pdbs/3s9d/3s9d_211.pdb
"A_L19A, B_H65A",SKEMPI_v2.0,3S9D,4.35e-07,A,B,PDB/SKEMPI_v2.0/3S9D.pdb,8.67430576829196,3S9D,3s9d_212,PDB/mutant_pdbs/3s9d/3s9d_212.pdb
"A_R120A, B_H65A",SKEMPI_v2.0,3S9D,1.65e-06,A,B,PDB/SKEMPI_v2.0/3S9D.pdb,7.884811392133887,3S9D,3s9d_213,PDB/mutant_pdbs/3s9d/3s9d_213.pdb
"A_S123A, B_H65A",SKEMPI_v2.0,3S9D,1.7e-08,A,B,PDB/SKEMPI_v2.0/3S9D.pdb,10.594254173351299,3S9D,3s9d_214,PDB/mutant_pdbs/3s9d/3s9d_214.pdb
"A_L124A, B_H65A",SKEMPI_v2.0,3S9D,3.57e-07,A,B,PDB/SKEMPI_v2.0/3S9D.pdb,8.791327963127406,3S9D,3s9d_215,PDB/mutant_pdbs/3s9d/3s9d_215.pdb
"B_N44E, B_S47Q, B_Y43A",SKEMPI_v2.0,3SE3,6.9e-07,B,A,PDB/SKEMPI_v2.0/3SE3.pdb,8.401102981703161,3SE3,3se3_1,PDB/mutant_pdbs/3se3/3se3_1.pdb
"B_N44A, B_S47Q, B_Y43H",SKEMPI_v2.0,3SE3,3.1e-07,B,A,PDB/SKEMPI_v2.0/3SE3.pdb,8.874923124923,3SE3,3se3_2,PDB/mutant_pdbs/3se3/3se3_2.pdb
"B_N44E, B_S47A, B_Y43H",SKEMPI_v2.0,3SE3,5.9e-07,B,A,PDB/SKEMPI_v2.0/3SE3.pdb,8.493821123548091,3SE3,3se3_3,PDB/mutant_pdbs/3se3/3se3_3.pdb
"B_N44E, B_Q48A, B_S47Q, B_Y43H",SKEMPI_v2.0,3SE3,1.82e-06,B,A,PDB/SKEMPI_v2.0/3SE3.pdb,7.826740829325373,3SE3,3se3_4,PDB/mutant_pdbs/3se3/3se3_4.pdb
"B_F50A, B_N44E, B_S47Q, B_Y43H",SKEMPI_v2.0,3SE3,3.33e-06,B,A,PDB/SKEMPI_v2.0/3SE3.pdb,7.468979539707775,3SE3,3se3_5,PDB/mutant_pdbs/3se3/3se3_5.pdb
"B_N44E, B_N51A, B_S47Q, B_Y43H",SKEMPI_v2.0,3SE3,5e-06,B,A,PDB/SKEMPI_v2.0/3SE3.pdb,7.228275943658009,3SE3,3se3_6,PDB/mutant_pdbs/3se3/3se3_6.pdb
"B_N44E, B_S47Q, B_S54A, B_Y43H",SKEMPI_v2.0,3SE3,2e-06,B,A,PDB/SKEMPI_v2.0/3SE3.pdb,7.770891283328966,3SE3,3se3_7,PDB/mutant_pdbs/3se3/3se3_7.pdb
"B_N44E, B_S47Q, B_T55A, B_Y43H",SKEMPI_v2.0,3SE3,3.7e-06,B,A,PDB/SKEMPI_v2.0/3SE3.pdb,7.4065864258162435,3SE3,3se3_8,PDB/mutant_pdbs/3se3/3se3_8.pdb
"B_K56A, B_N44E, B_S47Q, B_Y43H",SKEMPI_v2.0,3SE3,2.56e-06,B,A,PDB/SKEMPI_v2.0/3SE3.pdb,7.624703986679096,3SE3,3se3_9,PDB/mutant_pdbs/3se3/3se3_9.pdb
"B_D57A, B_N44E, B_S47Q, B_Y43H",SKEMPI_v2.0,3SE3,1.67e-06,B,A,PDB/SKEMPI_v2.0/3SE3.pdb,7.87767652427044,3SE3,3se3_10,PDB/mutant_pdbs/3se3/3se3_10.pdb
"B_N44E, B_S47Q, B_S59A, B_Y43H",SKEMPI_v2.0,3SE3,2.94e-06,B,A,PDB/SKEMPI_v2.0/3SE3.pdb,7.542743948432453,3SE3,3se3_11,PDB/mutant_pdbs/3se3/3se3_11.pdb
"B_N44E, B_S47Q, B_T65A, B_Y43H",SKEMPI_v2.0,3SE3,1.45e-06,B,A,PDB/SKEMPI_v2.0/3SE3.pdb,7.961328882846787,3SE3,3se3_12,PDB/mutant_pdbs/3se3/3se3_12.pdb
"B_L66A, B_N44E, B_S47Q, B_Y43H",SKEMPI_v2.0,3SE3,8.7e-06,B,A,PDB/SKEMPI_v2.0/3SE3.pdb,6.900272452629216,3SE3,3se3_13,PDB/mutant_pdbs/3se3/3se3_13.pdb
"B_K69A, B_N44E, B_S47Q, B_Y43H",SKEMPI_v2.0,3SE3,1.47e-06,B,A,PDB/SKEMPI_v2.0/3SE3.pdb,7.9532166070963815,3SE3,3se3_14,PDB/mutant_pdbs/3se3/3se3_14.pdb
"B_N44E, B_S47Q, B_Y43H, B_Y71A",SKEMPI_v2.0,3SE3,4.17e-06,B,A,PDB/SKEMPI_v2.0/3SE3.pdb,7.335770815444225,3SE3,3se3_15,PDB/mutant_pdbs/3se3/3se3_15.pdb
"B_N44E, B_S47Q, B_T72A, B_Y43H",SKEMPI_v2.0,3SE3,2.78e-06,B,A,PDB/SKEMPI_v2.0/3SE3.pdb,7.5758819283339385,3SE3,3se3_16,PDB/mutant_pdbs/3se3/3se3_16.pdb
"B_N44E, B_S47Q, B_Y43H, B_Y75A",SKEMPI_v2.0,3SE3,5.88e-06,B,A,PDB/SKEMPI_v2.0/3SE3.pdb,7.132271289768524,3SE3,3se3_17,PDB/mutant_pdbs/3se3/3se3_17.pdb
"B_N44E, B_Q76A, B_S47Q, B_Y43H",SKEMPI_v2.0,3SE3,1.43e-06,B,A,PDB/SKEMPI_v2.0/3SE3.pdb,7.969553832691443,3SE3,3se3_18,PDB/mutant_pdbs/3se3/3se3_18.pdb
"B_N44E, B_N79A, B_S47Q, B_Y43H",SKEMPI_v2.0,3SE3,3.23e-06,B,A,PDB/SKEMPI_v2.0/3SE3.pdb,7.487035416097642,3SE3,3se3_19,PDB/mutant_pdbs/3se3/3se3_19.pdb
"B_E82A, B_N44E, B_S47Q, B_Y43H",SKEMPI_v2.0,3SE3,2.86e-06,B,A,PDB/SKEMPI_v2.0/3SE3.pdb,7.559081174027514,3SE3,3se3_20,PDB/mutant_pdbs/3se3/3se3_20.pdb
"B_N44E, B_S47Q, B_V85A, B_Y43H",SKEMPI_v2.0,3SE3,2e-06,B,A,PDB/SKEMPI_v2.0/3SE3.pdb,7.770891283328966,3SE3,3se3_21,PDB/mutant_pdbs/3se3/3se3_21.pdb
"B_N44E, B_S47Q, B_Y43H",SKEMPI_v2.0,3SE3,6.9e-10,B,C,PDB/SKEMPI_v2.0/3SE3.pdb,12.491784952699609,3SE3,3se3_22,PDB/mutant_pdbs/3se3/3se3_22.pdb
"B_N44A, B_S47A, B_Y43A",SKEMPI_v2.0,3SE3,6.7e-10,B,C,PDB/SKEMPI_v2.0/3SE3.pdb,12.509203469287252,3SE3,3se3_23,PDB/mutant_pdbs/3se3/3se3_23.pdb
"B_N44E, B_S47Q, B_Y43H",SKEMPI_v2.0,3SE3,1.9e-06,B,A,PDB/SKEMPI_v2.0/3SE3.pdb,7.8012664987368705,3SE3,3se3_24,PDB/mutant_pdbs/3se3/3se3_24.pdb
"B_N44D, B_S47L, B_Y43M",SKEMPI_v2.0,3SE3,1e-07,B,A,PDB/SKEMPI_v2.0/3SE3.pdb,9.544924598991711,3SE3,3se3_25,PDB/mutant_pdbs/3se3/3se3_25.pdb
"B_N44A, B_S47A, B_Y43A",SKEMPI_v2.0,3SE3,1.1e-07,B,A,PDB/SKEMPI_v2.0/3SE3.pdb,9.488483162022417,3SE3,3se3_26,PDB/mutant_pdbs/3se3/3se3_26.pdb
"B_N44E, B_Q48A, B_S47Q, B_Y43H",SKEMPI_v2.0,3SE3,1.85e-06,B,A,PDB/SKEMPI_v2.0/3SE3.pdb,7.817059084480173,3SE3,3se3_27,PDB/mutant_pdbs/3se3/3se3_27.pdb
"B_F50A, B_N44E, B_S47Q, B_Y43H",SKEMPI_v2.0,3SE3,3.41e-06,B,A,PDB/SKEMPI_v2.0/3SE3.pdb,7.45492103095489,3SE3,3se3_28,PDB/mutant_pdbs/3se3/3se3_28.pdb
"B_N44E, B_N51A, B_S47Q, B_Y43H",SKEMPI_v2.0,3SE3,5.17e-06,B,A,PDB/SKEMPI_v2.0/3SE3.pdb,7.208476308289278,3SE3,3se3_29,PDB/mutant_pdbs/3se3/3se3_29.pdb
"B_N44E, B_S47Q, B_S54A, B_Y43H",SKEMPI_v2.0,3SE3,2.03e-06,B,A,PDB/SKEMPI_v2.0/3SE3.pdb,7.762074442511421,3SE3,3se3_30,PDB/mutant_pdbs/3se3/3se3_30.pdb
"B_N44E, B_S47Q, B_T55A, B_Y43H",SKEMPI_v2.0,3SE3,3.75e-06,B,A,PDB/SKEMPI_v2.0/3SE3.pdb,7.3986374894322235,3SE3,3se3_31,PDB/mutant_pdbs/3se3/3se3_31.pdb
"B_K56A, B_N44E, B_S47Q, B_Y43H",SKEMPI_v2.0,3SE3,2.63e-06,B,A,PDB/SKEMPI_v2.0/3SE3.pdb,7.608728805671772,3SE3,3se3_32,PDB/mutant_pdbs/3se3/3se3_32.pdb
"B_D57A, B_N44E, B_S47Q, B_Y43H",SKEMPI_v2.0,3SE3,1.7e-06,B,A,PDB/SKEMPI_v2.0/3SE3.pdb,7.867132859353668,3SE3,3se3_33,PDB/mutant_pdbs/3se3/3se3_33.pdb
"B_N44E, B_S47Q, B_S59A, B_Y43H",SKEMPI_v2.0,3SE3,3e-06,B,A,PDB/SKEMPI_v2.0/3SE3.pdb,7.530780170439253,3SE3,3se3_34,PDB/mutant_pdbs/3se3/3se3_34.pdb
"B_N44E, B_S47Q, B_T65A, B_Y43H",SKEMPI_v2.0,3SE3,1.49e-06,B,A,PDB/SKEMPI_v2.0/3SE3.pdb,7.945213960053482,3SE3,3se3_35,PDB/mutant_pdbs/3se3/3se3_35.pdb
"B_L66A, B_N44E, B_S47Q, B_Y43H",SKEMPI_v2.0,3SE3,8.82e-06,B,A,PDB/SKEMPI_v2.0/3SE3.pdb,6.892160176878811,3SE3,3se3_36,PDB/mutant_pdbs/3se3/3se3_36.pdb
"B_K69A, B_N44E, B_S47Q, B_Y43H",SKEMPI_v2.0,3SE3,1.5e-06,B,A,PDB/SKEMPI_v2.0/3SE3.pdb,7.941252829103182,3SE3,3se3_37,PDB/mutant_pdbs/3se3/3se3_37.pdb
"B_N44E, B_S47Q, B_Y43H, B_Y71A",SKEMPI_v2.0,3SE3,4.29e-06,B,A,PDB/SKEMPI_v2.0/3SE3.pdb,7.318970061137802,3SE3,3se3_38,PDB/mutant_pdbs/3se3/3se3_38.pdb
"B_N44E, B_S47Q, B_T72A, B_Y43H",SKEMPI_v2.0,3SE3,2.83e-06,B,A,PDB/SKEMPI_v2.0/3SE3.pdb,7.565325733146241,3SE3,3se3_39,PDB/mutant_pdbs/3se3/3se3_39.pdb
"B_N44E, B_Q76A, B_S47Q, B_Y43H",SKEMPI_v2.0,3SE3,1.46e-06,B,A,PDB/SKEMPI_v2.0/3SE3.pdb,7.957258853979837,3SE3,3se3_40,PDB/mutant_pdbs/3se3/3se3_40.pdb
"B_N44E, B_N79A, B_S47Q, B_Y43H",SKEMPI_v2.0,3SE3,3.26e-06,B,A,PDB/SKEMPI_v2.0/3SE3.pdb,7.481560614060902,3SE3,3se3_41,PDB/mutant_pdbs/3se3/3se3_41.pdb
"B_E82A, B_N44E, B_S47Q, B_Y43H",SKEMPI_v2.0,3SE3,2.94e-06,B,A,PDB/SKEMPI_v2.0/3SE3.pdb,7.542743948432453,3SE3,3se3_42,PDB/mutant_pdbs/3se3/3se3_42.pdb
"B_I88A, B_N44E, B_S47Q, B_Y43H",SKEMPI_v2.0,3SE3,1.27e-06,B,A,PDB/SKEMPI_v2.0/3SE3.pdb,8.03982127204727,3SE3,3se3_43,PDB/mutant_pdbs/3se3/3se3_43.pdb
"B_L89A, B_N44E, B_S47Q, B_Y43H",SKEMPI_v2.0,3SE3,3.33e-06,B,A,PDB/SKEMPI_v2.0/3SE3.pdb,7.468979539707775,3SE3,3se3_44,PDB/mutant_pdbs/3se3/3se3_44.pdb
"B_N44E, B_R92A, B_S47Q, B_Y43H",SKEMPI_v2.0,3SE3,3e-06,B,A,PDB/SKEMPI_v2.0/3SE3.pdb,7.530780170439253,3SE3,3se3_45,PDB/mutant_pdbs/3se3/3se3_45.pdb
"B_N44E, B_R92K, B_S47Q, B_Y43H",SKEMPI_v2.0,3SE3,2.05e-06,B,A,PDB/SKEMPI_v2.0/3SE3.pdb,7.756268642389793,3SE3,3se3_46,PDB/mutant_pdbs/3se3/3se3_46.pdb
"B_K93A, B_N44E, B_S47Q, B_Y43H",SKEMPI_v2.0,3SE3,2.05e-06,B,A,PDB/SKEMPI_v2.0/3SE3.pdb,7.756268642389793,3SE3,3se3_47,PDB/mutant_pdbs/3se3/3se3_47.pdb
"B_K103A, B_N44E, B_S47Q, B_Y43H",SKEMPI_v2.0,3SE3,2.31e-06,B,A,PDB/SKEMPI_v2.0/3SE3.pdb,7.685556951798523,3SE3,3se3_48,PDB/mutant_pdbs/3se3/3se3_48.pdb
"B_N44E, B_S47Q, B_Y43A",SKEMPI_v2.0,3SE3,7.04e-07,B,A,PDB/SKEMPI_v2.0/3SE3.pdb,8.38920786703766,3SE3,3se3_49,PDB/mutant_pdbs/3se3/3se3_49.pdb
"B_N44A, B_S47Q, B_Y43H",SKEMPI_v2.0,3SE3,3.18e-07,B,A,PDB/SKEMPI_v2.0/3SE3.pdb,8.859834745171716,3SE3,3se3_50,PDB/mutant_pdbs/3se3/3se3_50.pdb
"B_N44E, B_S47A, B_Y43H",SKEMPI_v2.0,3SE3,6e-07,B,A,PDB/SKEMPI_v2.0/3SE3.pdb,8.48386816877414,3SE3,3se3_51,PDB/mutant_pdbs/3se3/3se3_51.pdb
"B_N44A, B_S47A, B_Y43A",SKEMPI_v2.0,3SE3,5e-08,B,A,PDB/SKEMPI_v2.0/3SE3.pdb,9.95539725765564,3SE3,3se3_52,PDB/mutant_pdbs/3se3/3se3_52.pdb
A_N53A,SKEMPI_v2.0,3SE3,1.39e-08,B,A,PDB/SKEMPI_v2.0/3SE3.pdb,10.713475900995498,3SE3,3se3_53,PDB/mutant_pdbs/3se3/3se3_53.pdb
A_Y55A,SKEMPI_v2.0,3SE3,3.13e-07,B,A,PDB/SKEMPI_v2.0/3SE3.pdb,8.869219836514834,3SE3,3se3_54,PDB/mutant_pdbs/3se3/3se3_54.pdb
A_F81A,SKEMPI_v2.0,3SE3,5e-08,B,A,PDB/SKEMPI_v2.0/3SE3.pdb,9.95539725765564,3SE3,3se3_55,PDB/mutant_pdbs/3se3/3se3_55.pdb
A_E96A,SKEMPI_v2.0,3SE3,8.33e-08,B,A,PDB/SKEMPI_v2.0/3SE3.pdb,9.653129953009612,3SE3,3se3_56,PDB/mutant_pdbs/3se3/3se3_56.pdb
A_K98A,SKEMPI_v2.0,3SE3,3.13e-07,B,A,PDB/SKEMPI_v2.0/3SE3.pdb,8.869219836514834,3SE3,3se3_57,PDB/mutant_pdbs/3se3/3se3_57.pdb
A_L116A,SKEMPI_v2.0,3SE3,2.5e-08,B,A,PDB/SKEMPI_v2.0/3SE3.pdb,10.36586991631957,3SE3,3se3_58,PDB/mutant_pdbs/3se3/3se3_58.pdb
A_D117A,SKEMPI_v2.0,3SE3,6.25e-08,B,A,PDB/SKEMPI_v2.0/3SE3.pdb,9.823254576648612,3SE3,3se3_59,PDB/mutant_pdbs/3se3/3se3_59.pdb
A_S120A,SKEMPI_v2.0,3SE3,6.25e-08,B,A,PDB/SKEMPI_v2.0/3SE3.pdb,9.823254576648612,3SE3,3se3_60,PDB/mutant_pdbs/3se3/3se3_60.pdb
A_N140T,SKEMPI_v2.0,3SE3,3.13e-08,B,A,PDB/SKEMPI_v2.0/3SE3.pdb,10.23278049351365,3SE3,3se3_61,PDB/mutant_pdbs/3se3/3se3_61.pdb
A_Y148A,SKEMPI_v2.0,3SE3,5e-08,B,A,PDB/SKEMPI_v2.0/3SE3.pdb,9.95539725765564,3SE3,3se3_62,PDB/mutant_pdbs/3se3/3se3_62.pdb
A_T166A,SKEMPI_v2.0,3SE3,1.92e-08,B,A,PDB/SKEMPI_v2.0/3SE3.pdb,10.522186846450943,3SE3,3se3_63,PDB/mutant_pdbs/3se3/3se3_63.pdb
A_S167A,SKEMPI_v2.0,3SE3,1.67e-08,B,A,PDB/SKEMPI_v2.0/3SE3.pdb,10.60479783826807,3SE3,3se3_64,PDB/mutant_pdbs/3se3/3se3_64.pdb
A_F223A,SKEMPI_v2.0,3SE3,3.13e-07,B,A,PDB/SKEMPI_v2.0/3SE3.pdb,8.869219836514834,3SE3,3se3_65,PDB/mutant_pdbs/3se3/3se3_65.pdb
A_R226A,SKEMPI_v2.0,3SE3,5e-08,B,A,PDB/SKEMPI_v2.0/3SE3.pdb,9.95539725765564,3SE3,3se3_66,PDB/mutant_pdbs/3se3/3se3_66.pdb
A_N227A,SKEMPI_v2.0,3SE3,6.25e-08,B,A,PDB/SKEMPI_v2.0/3SE3.pdb,9.823254576648612,3SE3,3se3_67,PDB/mutant_pdbs/3se3/3se3_67.pdb
A_N230A,SKEMPI_v2.0,3SE3,3.57e-08,B,A,PDB/SKEMPI_v2.0/3SE3.pdb,10.154888620126222,3SE3,3se3_68,PDB/mutant_pdbs/3se3/3se3_68.pdb
A_F273A,SKEMPI_v2.0,3SE3,2.5e-08,B,A,PDB/SKEMPI_v2.0/3SE3.pdb,10.36586991631957,3SE3,3se3_69,PDB/mutant_pdbs/3se3/3se3_69.pdb
C_T36A,SKEMPI_v2.0,3SE4,2e-08,B,C,PDB/SKEMPI_v2.0/3SE4.pdb,10.498012597326598,3SE4,3se4_1,PDB/mutant_pdbs/3se4/3se4_1.pdb
C_M38A,SKEMPI_v2.0,3SE4,3.33e-08,B,C,PDB/SKEMPI_v2.0/3SE4.pdb,10.196100853705408,3SE4,3se4_2,PDB/mutant_pdbs/3se4/3se4_2.pdb
C_M38V,SKEMPI_v2.0,3SE4,1.43e-08,B,C,PDB/SKEMPI_v2.0/3SE4.pdb,10.696675146689074,3SE4,3se4_3,PDB/mutant_pdbs/3se4/3se4_3.pdb
C_S39A,SKEMPI_v2.0,3SE4,2.86e-09,B,C,PDB/SKEMPI_v2.0/3SE4.pdb,11.649763145023963,3SE4,3se4_4,PDB/mutant_pdbs/3se4/3se4_4.pdb
C_H68A,SKEMPI_v2.0,3SE4,7.14e-10,B,C,PDB/SKEMPI_v2.0/3SE4.pdb,12.471537275459923,3SE4,3se4_5,PDB/mutant_pdbs/3se4/3se4_5.pdb
C_E69A,SKEMPI_v2.0,3SE4,2e-08,B,C,PDB/SKEMPI_v2.0/3SE4.pdb,10.498012597326598,3SE4,3se4_6,PDB/mutant_pdbs/3se4/3se4_6.pdb
C_V72A,SKEMPI_v2.0,3SE4,1.43e-08,B,C,PDB/SKEMPI_v2.0/3SE4.pdb,10.696675146689074,3SE4,3se4_7,PDB/mutant_pdbs/3se4/3se4_7.pdb
C_I95A,SKEMPI_v2.0,3SE4,1.54e-08,B,C,PDB/SKEMPI_v2.0/3SE4.pdb,10.652789378685869,3SE4,3se4_8,PDB/mutant_pdbs/3se4/3se4_8.pdb
C_H172A,SKEMPI_v2.0,3SE4,1e-09,B,C,PDB/SKEMPI_v2.0/3SE4.pdb,12.272045912989343,3SE4,3se4_9,PDB/mutant_pdbs/3se4/3se4_9.pdb
A_Y55A,SKEMPI_v2.0,3SE4,0.0004,B,A,PDB/SKEMPI_v2.0/3SE4.pdb,4.633297310667405,3SE4,3se4_10,PDB/mutant_pdbs/3se4/3se4_10.pdb
A_L116A,SKEMPI_v2.0,3SE4,5e-05,B,A,PDB/SKEMPI_v2.0/3SE4.pdb,5.864715286659192,3SE4,3se4_11,PDB/mutant_pdbs/3se4/3se4_11.pdb
A_D117A,SKEMPI_v2.0,3SE4,5e-05,B,A,PDB/SKEMPI_v2.0/3SE4.pdb,5.864715286659192,3SE4,3se4_12,PDB/mutant_pdbs/3se4/3se4_12.pdb
A_S120A,SKEMPI_v2.0,3SE4,4e-05,B,A,PDB/SKEMPI_v2.0/3SE4.pdb,5.996857967666222,3SE4,3se4_13,PDB/mutant_pdbs/3se4/3se4_13.pdb
A_N140T,SKEMPI_v2.0,3SE4,8e-05,B,A,PDB/SKEMPI_v2.0/3SE4.pdb,5.586385309002293,3SE4,3se4_14,PDB/mutant_pdbs/3se4/3se4_14.pdb
A_Y148A,SKEMPI_v2.0,3SE4,2.5e-05,B,A,PDB/SKEMPI_v2.0/3SE4.pdb,6.275187945323121,3SE4,3se4_15,PDB/mutant_pdbs/3se4/3se4_15.pdb
A_T166A,SKEMPI_v2.0,3SE4,1.6e-05,B,A,PDB/SKEMPI_v2.0/3SE4.pdb,6.53947330733718,3SE4,3se4_16,PDB/mutant_pdbs/3se4/3se4_16.pdb
A_F223A,SKEMPI_v2.0,3SE4,0.0004,B,A,PDB/SKEMPI_v2.0/3SE4.pdb,4.633297310667405,3SE4,3se4_17,PDB/mutant_pdbs/3se4/3se4_17.pdb
A_R226A,SKEMPI_v2.0,3SE4,6.67e-05,B,A,PDB/SKEMPI_v2.0/3SE4.pdb,5.694057721449133,3SE4,3se4_18,PDB/mutant_pdbs/3se4/3se4_18.pdb
A_N227A,SKEMPI_v2.0,3SE4,4e-05,B,A,PDB/SKEMPI_v2.0/3SE4.pdb,5.996857967666222,3SE4,3se4_19,PDB/mutant_pdbs/3se4/3se4_19.pdb
A_N230A,SKEMPI_v2.0,3SE4,6.67e-05,B,A,PDB/SKEMPI_v2.0/3SE4.pdb,5.694057721449133,3SE4,3se4_20,PDB/mutant_pdbs/3se4/3se4_20.pdb
A_F273A,SKEMPI_v2.0,3SE4,5.71e-05,B,A,PDB/SKEMPI_v2.0/3SE4.pdb,5.786084056125343,3SE4,3se4_21,PDB/mutant_pdbs/3se4/3se4_21.pdb
B_P27A,SKEMPI_v2.0,3SE4,1.5e-09,B,C,PDB/SKEMPI_v2.0/3SE4.pdb,12.03193480009963,3SE4,3se4_22,PDB/mutant_pdbs/3se4/3se4_22.pdb
B_P27L,SKEMPI_v2.0,3SE4,9.52e-09,B,C,PDB/SKEMPI_v2.0/3SE4.pdb,10.937615072686892,3SE4,3se4_23,PDB/mutant_pdbs/3se4/3se4_23.pdb
B_L31A,SKEMPI_v2.0,3SE4,2e-07,B,C,PDB/SKEMPI_v2.0/3SE4.pdb,9.134451940327782,3SE4,3se4_24,PDB/mutant_pdbs/3se4/3se4_24.pdb
B_M130A,SKEMPI_v2.0,3SE4,5.26e-09,B,C,PDB/SKEMPI_v2.0/3SE4.pdb,11.28893811800429,3SE4,3se4_25,PDB/mutant_pdbs/3se4/3se4_25.pdb
B_K134A,SKEMPI_v2.0,3SE4,4e-08,B,C,PDB/SKEMPI_v2.0/3SE4.pdb,10.08753993866267,3SE4,3se4_26,PDB/mutant_pdbs/3se4/3se4_26.pdb
B_K134R,SKEMPI_v2.0,3SE4,3.86e-10,B,C,PDB/SKEMPI_v2.0/3SE4.pdb,12.835759199442776,3SE4,3se4_27,PDB/mutant_pdbs/3se4/3se4_27.pdb
B_P27A,SKEMPI_v2.0,3SE4,4.35e-05,B,A,PDB/SKEMPI_v2.0/3SE4.pdb,5.947184454294328,3SE4,3se4_28,PDB/mutant_pdbs/3se4/3se4_28.pdb
B_P27L,SKEMPI_v2.0,3SE4,4.76e-05,B,A,PDB/SKEMPI_v2.0/3SE4.pdb,5.893845103355558,3SE4,3se4_29,PDB/mutant_pdbs/3se4/3se4_29.pdb
B_L31A,SKEMPI_v2.0,3SE4,3.92e-05,B,A,PDB/SKEMPI_v2.0/3SE4.pdb,6.0088217456594215,3SE4,3se4_30,PDB/mutant_pdbs/3se4/3se4_30.pdb
B_M130A,SKEMPI_v2.0,3SE4,4.17e-05,B,A,PDB/SKEMPI_v2.0/3SE4.pdb,5.972210158445408,3SE4,3se4_31,PDB/mutant_pdbs/3se4/3se4_31.pdb
B_K134A,SKEMPI_v2.0,3SE4,3.77e-05,B,A,PDB/SKEMPI_v2.0/3SE4.pdb,6.0319268948518845,3SE4,3se4_32,PDB/mutant_pdbs/3se4/3se4_32.pdb
B_K134R,SKEMPI_v2.0,3SE4,5.06e-05,B,A,PDB/SKEMPI_v2.0/3SE4.pdb,5.857651343625948,3SE4,3se4_33,PDB/mutant_pdbs/3se4/3se4_33.pdb
"B_K134A, C_E69A",SKEMPI_v2.0,3SE4,4.96e-08,B,C,PDB/SKEMPI_v2.0/3SE4.pdb,9.960153804264916,3SE4,3se4_34,PDB/mutant_pdbs/3se4/3se4_34.pdb
"B_K134R, C_E69A",SKEMPI_v2.0,3SE4,2.13e-08,B,C,PDB/SKEMPI_v2.0/3SE4.pdb,10.460719748180592,3SE4,3se4_35,PDB/mutant_pdbs/3se4/3se4_35.pdb
H_R30A,SKEMPI_v2.0,3SE8,5.9e-08,"H, L",G,PDB/SKEMPI_v2.0/3SE8.pdb,10.022774092301047,3SE8,3se8_1,PDB/mutant_pdbs/3se8/3se8_1.pdb
H_W47A,SKEMPI_v2.0,3SE8,7.3e-07,"H, L",G,PDB/SKEMPI_v2.0/3SE8.pdb,8.50812969238611,3SE8,3se8_2,PDB/mutant_pdbs/3se8/3se8_2.pdb
H_W50A,SKEMPI_v2.0,3SE8,5.77e-07,"H, L",G,PDB/SKEMPI_v2.0/3SE8.pdb,8.649750361595244,3SE8,3se8_3,PDB/mutant_pdbs/3se8/3se8_3.pdb
H_K52A,SKEMPI_v2.0,3SE8,3.99e-07,"H, L",G,PDB/SKEMPI_v2.0/3SE8.pdb,8.871861964968838,3SE8,3se8_4,PDB/mutant_pdbs/3se8/3se8_4.pdb
H_L54A,SKEMPI_v2.0,3SE8,6.9e-08,"H, L",G,PDB/SKEMPI_v2.0/3SE8.pdb,9.92850027693523,3SE8,3se8_5,PDB/mutant_pdbs/3se8/3se8_5.pdb
H_W55A,SKEMPI_v2.0,3SE8,2.23e-07,"H, L",G,PDB/SKEMPI_v2.0/3SE8.pdb,9.222170827861264,3SE8,3se8_6,PDB/mutant_pdbs/3se8/3se8_6.pdb
H_G56A,SKEMPI_v2.0,3SE8,1.14e-07,"H, L",G,PDB/SKEMPI_v2.0/3SE8.pdb,9.626179224505469,3SE8,3se8_7,PDB/mutant_pdbs/3se8/3se8_7.pdb
H_V58A,SKEMPI_v2.0,3SE8,5.02e-07,"H, L",G,PDB/SKEMPI_v2.0/3SE8.pdb,8.733591245497383,3SE8,3se8_8,PDB/mutant_pdbs/3se8/3se8_8.pdb
H_S59A,SKEMPI_v2.0,3SE8,4.26e-07,"H, L",G,PDB/SKEMPI_v2.0/3SE8.pdb,8.832436204875528,3SE8,3se8_9,PDB/mutant_pdbs/3se8/3se8_9.pdb
H_Y60A,SKEMPI_v2.0,3SE8,2.61e-07,"H, L",G,PDB/SKEMPI_v2.0/3SE8.pdb,9.127427612440204,3SE8,3se8_10,PDB/mutant_pdbs/3se8/3se8_10.pdb
H_R62A,SKEMPI_v2.0,3SE8,4.67e-07,"H, L",G,PDB/SKEMPI_v2.0/3SE8.pdb,8.77710718582797,3SE8,3se8_11,PDB/mutant_pdbs/3se8/3se8_11.pdb
H_Q63A,SKEMPI_v2.0,3SE8,4.01e-07,"H, L",G,PDB/SKEMPI_v2.0/3SE8.pdb,8.86885134424486,3SE8,3se8_12,PDB/mutant_pdbs/3se8/3se8_12.pdb
H_Q65A,SKEMPI_v2.0,3SE8,1.57e-07,"H, L",G,PDB/SKEMPI_v2.0/3SE8.pdb,9.433471384881749,3SE8,3se8_13,PDB/mutant_pdbs/3se8/3se8_13.pdb
H_R72A,SKEMPI_v2.0,3SE8,5.09e-06,"H, L",G,PDB/SKEMPI_v2.0/3SE8.pdb,7.338813918303028,3SE8,3se8_14,PDB/mutant_pdbs/3se8/3se8_14.pdb
H_Q76A,SKEMPI_v2.0,3SE8,7.4e-08,"H, L",G,PDB/SKEMPI_v2.0/3SE8.pdb,9.886376609357159,3SE8,3se8_15,PDB/mutant_pdbs/3se8/3se8_15.pdb
H_P78A,SKEMPI_v2.0,3SE8,6.5e-08,"H, L",G,PDB/SKEMPI_v2.0/3SE8.pdb,9.964458595144345,3SE8,3se8_16,PDB/mutant_pdbs/3se8/3se8_16.pdb
H_P81A,SKEMPI_v2.0,3SE8,5.6e-08,"H, L",G,PDB/SKEMPI_v2.0/3SE8.pdb,10.05419632883615,3SE8,3se8_17,PDB/mutant_pdbs/3se8/3se8_17.pdb
H_D110A,SKEMPI_v2.0,3SE8,3.3e-08,"H, L",G,PDB/SKEMPI_v2.0/3SE8.pdb,10.372625484505637,3SE8,3se8_18,PDB/mutant_pdbs/3se8/3se8_18.pdb
H_Y111A,SKEMPI_v2.0,3SE8,2.5e-07,"H, L",G,PDB/SKEMPI_v2.0/3SE8.pdb,9.153354716691906,3SE8,3se8_19,PDB/mutant_pdbs/3se8/3se8_19.pdb
H_D114A,SKEMPI_v2.0,3SE8,4.2e-08,"H, L",G,PDB/SKEMPI_v2.0/3SE8.pdb,10.227416289807922,3SE8,3se8_20,PDB/mutant_pdbs/3se8/3se8_20.pdb
H_F115A,SKEMPI_v2.0,3SE8,3.71e-07,"H, L",G,PDB/SKEMPI_v2.0/3SE8.pdb,8.915672037670696,3SE8,3se8_21,PDB/mutant_pdbs/3se8/3se8_21.pdb
L_E1A,SKEMPI_v2.0,3SE8,2.5e-08,"H, L",G,PDB/SKEMPI_v2.0/3SE8.pdb,10.539793908204125,3SE8,3se8_22,PDB/mutant_pdbs/3se8/3se8_22.pdb
L_Q27A,SKEMPI_v2.0,3SE8,4.4e-08,"H, L",G,PDB/SKEMPI_v2.0/3SE8.pdb,10.199405523533867,3SE8,3se8_23,PDB/mutant_pdbs/3se8/3se8_23.pdb
L_N30A,SKEMPI_v2.0,3SE8,8.7e-08,"H, L",G,PDB/SKEMPI_v2.0/3SE8.pdb,9.788927219087029,3SE8,3se8_24,PDB/mutant_pdbs/3se8/3se8_24.pdb
L_D49A,SKEMPI_v2.0,3SE8,2.61e-07,"H, L",G,PDB/SKEMPI_v2.0/3SE8.pdb,9.127427612440204,3SE8,3se8_25,PDB/mutant_pdbs/3se8/3se8_25.pdb
L_F90A,SKEMPI_v2.0,3SE8,1.5e-08,"H, L",G,PDB/SKEMPI_v2.0/3SE8.pdb,10.847373709260221,3SE8,3se8_26,PDB/mutant_pdbs/3se8/3se8_26.pdb
L_E91A,SKEMPI_v2.0,3SE8,7.78e-07,"H, L",G,PDB/SKEMPI_v2.0/3SE8.pdb,8.469785308481264,3SE8,3se8_27,PDB/mutant_pdbs/3se8/3se8_27.pdb
L_F92A,SKEMPI_v2.0,3SE8,2.51e-07,"H, L",G,PDB/SKEMPI_v2.0/3SE8.pdb,9.15095102930668,3SE8,3se8_28,PDB/mutant_pdbs/3se8/3se8_28.pdb
H_L34A,SKEMPI_v2.0,3SE9,6.4e-08,"H, L",G,PDB/SKEMPI_v2.0/3SE9.pdb,9.973794020754188,3SE9,3se9_1,PDB/mutant_pdbs/3se9/3se9_1.pdb
H_W48A,SKEMPI_v2.0,3SE9,1.45e-07,"H, L",G,PDB/SKEMPI_v2.0/3SE9.pdb,9.48134741803093,3SE9,3se9_2,PDB/mutant_pdbs/3se9/3se9_2.pdb
H_W51A,SKEMPI_v2.0,3SE9,2.08e-07,"H, L",G,PDB/SKEMPI_v2.0/3SE9.pdb,9.264098867610079,3SE9,3se9_3,PDB/mutant_pdbs/3se9/3se9_3.pdb
H_V55A,SKEMPI_v2.0,3SE9,6e-09,"H, L",G,PDB/SKEMPI_v2.0/3SE9.pdb,11.399093333153846,3SE9,3se9_4,PDB/mutant_pdbs/3se9/3se9_4.pdb
H_T56A,SKEMPI_v2.0,3SE9,6e-09,"H, L",G,PDB/SKEMPI_v2.0/3SE9.pdb,11.399093333153846,3SE9,3se9_5,PDB/mutant_pdbs/3se9/3se9_5.pdb
H_G57A,SKEMPI_v2.0,3SE9,5.3e-08,"H, L",G,PDB/SKEMPI_v2.0/3SE9.pdb,10.087349081016622,3SE9,3se9_6,PDB/mutant_pdbs/3se9/3se9_6.pdb
H_V59A,SKEMPI_v2.0,3SE9,1.28e-07,"H, L",G,PDB/SKEMPI_v2.0/3SE9.pdb,9.556434236944892,3SE9,3se9_7,PDB/mutant_pdbs/3se9/3se9_7.pdb
H_N60A,SKEMPI_v2.0,3SE9,3.13e-07,"H, L",G,PDB/SKEMPI_v2.0/3SE9.pdb,9.018032249879175,3SE9,3se9_8,PDB/mutant_pdbs/3se9/3se9_8.pdb
H_G62A,SKEMPI_v2.0,3SE9,2.7e-08,"H, L",G,PDB/SKEMPI_v2.0/3SE9.pdb,10.493453903669495,3SE9,3se9_9,PDB/mutant_pdbs/3se9/3se9_9.pdb
H_P64A,SKEMPI_v2.0,3SE9,1.2e-08,"H, L",G,PDB/SKEMPI_v2.0/3SE9.pdb,10.981733549344552,3SE9,3se9_10,PDB/mutant_pdbs/3se9/3se9_10.pdb
H_R67A,SKEMPI_v2.0,3SE9,2.87e-07,"H, L",G,PDB/SKEMPI_v2.0/3SE9.pdb,9.070248933869573,3SE9,3se9_11,PDB/mutant_pdbs/3se9/3se9_11.pdb
H_R74A,SKEMPI_v2.0,3SE9,2.14e-06,"H, L",G,PDB/SKEMPI_v2.0/3SE9.pdb,7.860536544286558,3SE9,3se9_12,PDB/mutant_pdbs/3se9/3se9_12.pdb
H_R76A,SKEMPI_v2.0,3SE9,1.7e-08,"H, L",G,PDB/SKEMPI_v2.0/3SE9.pdb,10.772010115857192,3SE9,3se9_13,PDB/mutant_pdbs/3se9/3se9_13.pdb
H_D77A,SKEMPI_v2.0,3SE9,7e-09,"H, L",G,PDB/SKEMPI_v2.0/3SE9.pdb,11.306275680264042,3SE9,3se9_14,PDB/mutant_pdbs/3se9/3se9_14.pdb
H_Y104A,SKEMPI_v2.0,3SE9,5.4e-08,"H, L",G,PDB/SKEMPI_v2.0/3SE9.pdb,10.0760941198602,3SE9,3se9_15,PDB/mutant_pdbs/3se9/3se9_15.pdb
H_T105A,SKEMPI_v2.0,3SE9,1.2e-08,"H, L",G,PDB/SKEMPI_v2.0/3SE9.pdb,10.981733549344552,3SE9,3se9_16,PDB/mutant_pdbs/3se9/3se9_16.pdb
H_G106A,SKEMPI_v2.0,3SE9,1.5e-08,"H, L",G,PDB/SKEMPI_v2.0/3SE9.pdb,10.847373709260221,3SE9,3se9_17,PDB/mutant_pdbs/3se9/3se9_17.pdb
H_G107A,SKEMPI_v2.0,3SE9,9e-09,"H, L",G,PDB/SKEMPI_v2.0/3SE9.pdb,11.15495351031632,3SE9,3se9_18,PDB/mutant_pdbs/3se9/3se9_18.pdb
H_G109A,SKEMPI_v2.0,3SE9,3.4e-08,"H, L",G,PDB/SKEMPI_v2.0/3SE9.pdb,10.354650332047894,3SE9,3se9_19,PDB/mutant_pdbs/3se9/3se9_19.pdb
L_V3A,SKEMPI_v2.0,3SE9,1.1e-08,"H, L",G,PDB/SKEMPI_v2.0/3SE9.pdb,11.034125091152461,3SE9,3se9_20,PDB/mutant_pdbs/3se9/3se9_20.pdb
L_Y28A,SKEMPI_v2.0,3SE9,1.6e-07,"H, L",G,PDB/SKEMPI_v2.0/3SE9.pdb,9.422074396860562,3SE9,3se9_21,PDB/mutant_pdbs/3se9/3se9_21.pdb
L_G29A,SKEMPI_v2.0,3SE9,5.4e-08,"H, L",G,PDB/SKEMPI_v2.0/3SE9.pdb,10.0760941198602,3SE9,3se9_22,PDB/mutant_pdbs/3se9/3se9_22.pdb
L_L89A,SKEMPI_v2.0,3SE9,1.24e-07,"H, L",G,PDB/SKEMPI_v2.0/3SE9.pdb,9.575550854939493,3SE9,3se9_23,PDB/mutant_pdbs/3se9/3se9_23.pdb
L_E90A,SKEMPI_v2.0,3SE9,5e-08,"H, L",G,PDB/SKEMPI_v2.0/3SE9.pdb,10.122434124394827,3SE9,3se9_24,PDB/mutant_pdbs/3se9/3se9_24.pdb
L_F91A,SKEMPI_v2.0,3SE9,2.6e-08,"H, L",G,PDB/SKEMPI_v2.0/3SE9.pdb,10.516178219037972,3SE9,3se9_25,PDB/mutant_pdbs/3se9/3se9_25.pdb
C_L11E,SKEMPI_v2.0,3SEK,1.7e-07,B,C,PDB/SKEMPI_v2.0/3SEK.pdb,9.230693516352485,3SEK,3sek_1,PDB/mutant_pdbs/3sek/3sek_1.pdb
C_L44E,SKEMPI_v2.0,3SEK,2.4e-06,B,C,PDB/SKEMPI_v2.0/3SEK.pdb,7.6629228514462815,3SEK,3sek_2,PDB/mutant_pdbs/3sek/3sek_2.pdb
C_F47E,SKEMPI_v2.0,3SEK,2.4e-06,B,C,PDB/SKEMPI_v2.0/3SEK.pdb,7.6629228514462815,3SEK,3sek_3,PDB/mutant_pdbs/3sek/3sek_3.pdb
C_L48E,SKEMPI_v2.0,3SEK,1.6e-06,B,C,PDB/SKEMPI_v2.0/3SEK.pdb,7.903033964335996,3SEK,3sek_4,PDB/mutant_pdbs/3sek/3sek_4.pdb
C_L44A,SKEMPI_v2.0,3SEK,1.2e-07,B,C,PDB/SKEMPI_v2.0/3SEK.pdb,9.436956167109027,3SEK,3sek_5,PDB/mutant_pdbs/3sek/3sek_5.pdb
C_F47A,SKEMPI_v2.0,3SEK,5.6e-08,B,C,PDB/SKEMPI_v2.0/3SEK.pdb,9.888285498327305,3SEK,3sek_6,PDB/mutant_pdbs/3sek/3sek_6.pdb
C_L48A,SKEMPI_v2.0,3SEK,4.1e-07,B,C,PDB/SKEMPI_v2.0/3SEK.pdb,8.709356640724682,3SEK,3sek_7,PDB/mutant_pdbs/3sek/3sek_7.pdb
A_R202E,SKEMPI_v2.0,3SF4,1.3e-07,A,D,PDB/SKEMPI_v2.0/3SF4.pdb,9.389555926659554,3SF4,3sf4_1,PDB/mutant_pdbs/3sf4/3sf4_1.pdb
A_N264R,SKEMPI_v2.0,3SF4,1.9e-08,A,D,PDB/SKEMPI_v2.0/3SF4.pdb,10.528387812734502,3SF4,3sf4_2,PDB/mutant_pdbs/3sf4/3sf4_2.pdb
D_W8A,SKEMPI_v2.0,3SF4,4.3e-07,A,D,PDB/SKEMPI_v2.0/3SF4.pdb,8.681151935513585,3SF4,3sf4_3,PDB/mutant_pdbs/3sf4/3sf4_3.pdb
D_E19R,SKEMPI_v2.0,3SF4,6.2e-08,A,D,PDB/SKEMPI_v2.0/3SF4.pdb,9.828011123257886,3SF4,3sf4_4,PDB/mutant_pdbs/3sf4/3sf4_4.pdb
D_K27D,SKEMPI_v2.0,3SF4,4.8e-09,A,D,PDB/SKEMPI_v2.0/3SF4.pdb,11.343132163778801,3SF4,3sf4_5,PDB/mutant_pdbs/3sf4/3sf4_5.pdb
I_L12G,SKEMPI_v2.0,3SGB,8.33e-08,E,I,PDB/SKEMPI_v2.0/3SGB.pdb,9.523557738875255,3SGB,3sgb_1,PDB/mutant_pdbs/3sgb/3sgb_1.pdb
I_L12A,SKEMPI_v2.0,3SGB,2.78e-09,E,I,PDB/SKEMPI_v2.0/3SGB.pdb,11.50996572618501,3SGB,3sgb_2,PDB/mutant_pdbs/3sgb/3sgb_2.pdb
I_L12S,SKEMPI_v2.0,3SGB,2e-08,E,I,PDB/SKEMPI_v2.0/3SGB.pdb,10.357099676557112,3SGB,3sgb_3,PDB/mutant_pdbs/3sgb/3sgb_3.pdb
I_L12C,SKEMPI_v2.0,3SGB,1.75e-11,E,I,PDB/SKEMPI_v2.0/3SGB.pdb,14.470887285434584,3SGB,3sgb_4,PDB/mutant_pdbs/3sgb/3sgb_4.pdb
I_L12V,SKEMPI_v2.0,3SGB,3e-09,E,I,PDB/SKEMPI_v2.0/3SGB.pdb,11.465469361013744,3SGB,3sgb_5,PDB/mutant_pdbs/3sgb/3sgb_5.pdb
I_L12T,SKEMPI_v2.0,3SGB,4e-09,E,I,PDB/SKEMPI_v2.0/3SGB.pdb,11.297394547397571,3SGB,3sgb_6,PDB/mutant_pdbs/3sgb/3sgb_6.pdb
I_L12P,SKEMPI_v2.0,3SGB,2.78e-05,E,I,PDB/SKEMPI_v2.0/3SGB.pdb,6.128934408632637,3SGB,3sgb_7,PDB/mutant_pdbs/3sgb/3sgb_7.pdb
I_L12I,SKEMPI_v2.0,3SGB,3.45e-08,E,I,PDB/SKEMPI_v2.0/3SGB.pdb,10.038557286663005,3SGB,3sgb_8,PDB/mutant_pdbs/3sgb/3sgb_8.pdb
I_L12M,SKEMPI_v2.0,3SGB,3.7e-11,E,I,PDB/SKEMPI_v2.0/3SGB.pdb,14.03345830529609,3SGB,3sgb_9,PDB/mutant_pdbs/3sgb/3sgb_9.pdb
I_L12N,SKEMPI_v2.0,3SGB,5.56e-09,E,I,PDB/SKEMPI_v2.0/3SGB.pdb,11.105002767637375,3SGB,3sgb_10,PDB/mutant_pdbs/3sgb/3sgb_10.pdb
I_L12D,SKEMPI_v2.0,3SGB,2.56e-07,E,I,PDB/SKEMPI_v2.0/3SGB.pdb,8.867616796111765,3SGB,3sgb_11,PDB/mutant_pdbs/3sgb/3sgb_11.pdb
I_L12K,SKEMPI_v2.0,3SGB,3.85e-09,E,I,PDB/SKEMPI_v2.0/3SGB.pdb,11.319724834322264,3SGB,3sgb_12,PDB/mutant_pdbs/3sgb/3sgb_12.pdb
I_L12Q,SKEMPI_v2.0,3SGB,1.45e-09,E,I,PDB/SKEMPI_v2.0/3SGB.pdb,11.890238896073527,3SGB,3sgb_13,PDB/mutant_pdbs/3sgb/3sgb_13.pdb
I_L12E,SKEMPI_v2.0,3SGB,4.35e-07,E,I,PDB/SKEMPI_v2.0/3SGB.pdb,8.557872133818242,3SGB,3sgb_14,PDB/mutant_pdbs/3sgb/3sgb_14.pdb
I_L12H,SKEMPI_v2.0,3SGB,3.23e-10,E,I,PDB/SKEMPI_v2.0/3SGB.pdb,12.767569613970851,3SGB,3sgb_15,PDB/mutant_pdbs/3sgb/3sgb_15.pdb
I_L12F,SKEMPI_v2.0,3SGB,1.82e-10,E,I,PDB/SKEMPI_v2.0/3SGB.pdb,13.102715222994183,3SGB,3sgb_16,PDB/mutant_pdbs/3sgb/3sgb_16.pdb
I_L12R,SKEMPI_v2.0,3SGB,5.26e-09,E,I,PDB/SKEMPI_v2.0/3SGB.pdb,11.137408747292822,3SGB,3sgb_17,PDB/mutant_pdbs/3sgb/3sgb_17.pdb
I_L12Y,SKEMPI_v2.0,3SGB,3.03e-10,E,I,PDB/SKEMPI_v2.0/3SGB.pdb,12.804913828487024,3SGB,3sgb_18,PDB/mutant_pdbs/3sgb/3sgb_18.pdb
I_L12W,SKEMPI_v2.0,3SGB,4.17e-10,E,I,PDB/SKEMPI_v2.0/3SGB.pdb,12.618335410641642,3SGB,3sgb_19,PDB/mutant_pdbs/3sgb/3sgb_19.pdb
I_A9G,SKEMPI_v2.0,3SGB,1.19e-09,E,I,PDB/SKEMPI_v2.0/3SGB.pdb,12.005690323193058,3SGB,3sgb_20,PDB/mutant_pdbs/3sgb/3sgb_20.pdb
I_A9S,SKEMPI_v2.0,3SGB,8.33e-11,E,I,PDB/SKEMPI_v2.0/3SGB.pdb,13.559331227039534,3SGB,3sgb_21,PDB/mutant_pdbs/3sgb/3sgb_21.pdb
I_A9C,SKEMPI_v2.0,3SGB,1.92e-11,E,I,PDB/SKEMPI_v2.0/3SGB.pdb,14.41672292728031,3SGB,3sgb_22,PDB/mutant_pdbs/3sgb/3sgb_22.pdb
I_A9V,SKEMPI_v2.0,3SGB,4.76e-12,E,I,PDB/SKEMPI_v2.0/3SGB.pdb,15.231537894262068,3SGB,3sgb_23,PDB/mutant_pdbs/3sgb/3sgb_23.pdb
I_A9T,SKEMPI_v2.0,3SGB,3.13e-11,E,I,PDB/SKEMPI_v2.0/3SGB.pdb,14.131201223375731,3SGB,3sgb_24,PDB/mutant_pdbs/3sgb/3sgb_24.pdb
I_A9P,SKEMPI_v2.0,3SGB,4.55e-11,E,I,PDB/SKEMPI_v2.0/3SGB.pdb,13.912641140089452,3SGB,3sgb_25,PDB/mutant_pdbs/3sgb/3sgb_25.pdb
I_A9L,SKEMPI_v2.0,3SGB,2.38e-11,E,I,PDB/SKEMPI_v2.0/3SGB.pdb,14.291243023421611,3SGB,3sgb_26,PDB/mutant_pdbs/3sgb/3sgb_26.pdb
I_A9I,SKEMPI_v2.0,3SGB,8.33e-12,E,I,PDB/SKEMPI_v2.0/3SGB.pdb,14.904589056427627,3SGB,3sgb_27,PDB/mutant_pdbs/3sgb/3sgb_27.pdb
I_A9M,SKEMPI_v2.0,3SGB,2.08e-11,E,I,PDB/SKEMPI_v2.0/3SGB.pdb,14.369958931669084,3SGB,3sgb_28,PDB/mutant_pdbs/3sgb/3sgb_28.pdb
I_A9N,SKEMPI_v2.0,3SGB,1.54e-11,E,I,PDB/SKEMPI_v2.0/3SGB.pdb,14.545572405391276,3SGB,3sgb_29,PDB/mutant_pdbs/3sgb/3sgb_29.pdb
I_A9D,SKEMPI_v2.0,3SGB,4e-11,E,I,PDB/SKEMPI_v2.0/3SGB.pdb,13.987910206173758,3SGB,3sgb_30,PDB/mutant_pdbs/3sgb/3sgb_30.pdb
I_A9K,SKEMPI_v2.0,3SGB,1.2e-09,E,I,PDB/SKEMPI_v2.0/3SGB.pdb,12.000801273306568,3SGB,3sgb_31,PDB/mutant_pdbs/3sgb/3sgb_31.pdb
I_A9Q,SKEMPI_v2.0,3SGB,3.7e-11,E,I,PDB/SKEMPI_v2.0/3SGB.pdb,14.03345830529609,3SGB,3sgb_32,PDB/mutant_pdbs/3sgb/3sgb_32.pdb
I_A9E,SKEMPI_v2.0,3SGB,5.56e-11,E,I,PDB/SKEMPI_v2.0/3SGB.pdb,13.795518426413562,3SGB,3sgb_33,PDB/mutant_pdbs/3sgb/3sgb_33.pdb
I_A9H,SKEMPI_v2.0,3SGB,8.33e-12,E,I,PDB/SKEMPI_v2.0/3SGB.pdb,14.904589056427627,3SGB,3sgb_34,PDB/mutant_pdbs/3sgb/3sgb_34.pdb
I_A9F,SKEMPI_v2.0,3SGB,2.44e-12,E,I,PDB/SKEMPI_v2.0/3SGB.pdb,15.62195475574965,3SGB,3sgb_35,PDB/mutant_pdbs/3sgb/3sgb_35.pdb
I_A9R,SKEMPI_v2.0,3SGB,5.56e-10,E,I,PDB/SKEMPI_v2.0/3SGB.pdb,12.45026059702547,3SGB,3sgb_36,PDB/mutant_pdbs/3sgb/3sgb_36.pdb
I_A9Y,SKEMPI_v2.0,3SGB,1.11e-12,E,I,PDB/SKEMPI_v2.0/3SGB.pdb,16.082122860593177,3SGB,3sgb_37,PDB/mutant_pdbs/3sgb/3sgb_37.pdb
I_A9W,SKEMPI_v2.0,3SGB,1.3e-12,E,I,PDB/SKEMPI_v2.0/3SGB.pdb,15.989810765859623,3SGB,3sgb_38,PDB/mutant_pdbs/3sgb/3sgb_38.pdb
I_T11G,SKEMPI_v2.0,3SGB,2.22e-07,E,I,PDB/SKEMPI_v2.0/3SGB.pdb,8.950870755105077,3SGB,3sgb_39,PDB/mutant_pdbs/3sgb/3sgb_39.pdb
I_T11A,SKEMPI_v2.0,3SGB,7.69e-09,E,I,PDB/SKEMPI_v2.0/3SGB.pdb,10.915521119613828,3SGB,3sgb_40,PDB/mutant_pdbs/3sgb/3sgb_40.pdb
I_T11S,SKEMPI_v2.0,3SGB,1.15e-09,E,I,PDB/SKEMPI_v2.0/3SGB.pdb,12.025666219530194,3SGB,3sgb_41,PDB/mutant_pdbs/3sgb/3sgb_41.pdb
I_T11C,SKEMPI_v2.0,3SGB,2.5e-09,E,I,PDB/SKEMPI_v2.0/3SGB.pdb,11.571988552200015,3SGB,3sgb_42,PDB/mutant_pdbs/3sgb/3sgb_42.pdb
I_T11V,SKEMPI_v2.0,3SGB,1.32e-09,E,I,PDB/SKEMPI_v2.0/3SGB.pdb,11.94511743951807,3SGB,3sgb_43,PDB/mutant_pdbs/3sgb/3sgb_43.pdb
I_T11P,SKEMPI_v2.0,3SGB,3.85e-09,E,I,PDB/SKEMPI_v2.0/3SGB.pdb,11.319724834322264,3SGB,3sgb_44,PDB/mutant_pdbs/3sgb/3sgb_44.pdb
I_T11L,SKEMPI_v2.0,3SGB,1.16e-09,E,I,PDB/SKEMPI_v2.0/3SGB.pdb,12.020607849818715,3SGB,3sgb_45,PDB/mutant_pdbs/3sgb/3sgb_45.pdb
I_T11I,SKEMPI_v2.0,3SGB,3.45e-10,E,I,PDB/SKEMPI_v2.0/3SGB.pdb,12.72907294543919,3SGB,3sgb_46,PDB/mutant_pdbs/3sgb/3sgb_46.pdb
I_T11M,SKEMPI_v2.0,3SGB,5.56e-10,E,I,PDB/SKEMPI_v2.0/3SGB.pdb,12.45026059702547,3SGB,3sgb_47,PDB/mutant_pdbs/3sgb/3sgb_47.pdb
I_T11N,SKEMPI_v2.0,3SGB,4.35e-09,E,I,PDB/SKEMPI_v2.0/3SGB.pdb,11.248387792594428,3SGB,3sgb_48,PDB/mutant_pdbs/3sgb/3sgb_48.pdb
I_T11D,SKEMPI_v2.0,3SGB,7.69e-08,E,I,PDB/SKEMPI_v2.0/3SGB.pdb,9.570263290225734,3SGB,3sgb_49,PDB/mutant_pdbs/3sgb/3sgb_49.pdb
I_T11K,SKEMPI_v2.0,3SGB,5.56e-10,E,I,PDB/SKEMPI_v2.0/3SGB.pdb,12.45026059702547,3SGB,3sgb_50,PDB/mutant_pdbs/3sgb/3sgb_50.pdb
I_T11Q,SKEMPI_v2.0,3SGB,2.56e-09,E,I,PDB/SKEMPI_v2.0/3SGB.pdb,11.558132454887952,3SGB,3sgb_51,PDB/mutant_pdbs/3sgb/3sgb_51.pdb
I_T11E,SKEMPI_v2.0,3SGB,5.88e-08,E,I,PDB/SKEMPI_v2.0/3SGB.pdb,9.727051763447145,3SGB,3sgb_52,PDB/mutant_pdbs/3sgb/3sgb_52.pdb
I_T11H,SKEMPI_v2.0,3SGB,6.67e-09,E,I,PDB/SKEMPI_v2.0/3SGB.pdb,10.998658734015612,3SGB,3sgb_53,PDB/mutant_pdbs/3sgb/3sgb_53.pdb
I_T11F,SKEMPI_v2.0,3SGB,8.33e-09,E,I,PDB/SKEMPI_v2.0/3SGB.pdb,10.868815568263345,3SGB,3sgb_54,PDB/mutant_pdbs/3sgb/3sgb_54.pdb
I_T11R,SKEMPI_v2.0,3SGB,5e-10,E,I,PDB/SKEMPI_v2.0/3SGB.pdb,12.512283423040476,3SGB,3sgb_55,PDB/mutant_pdbs/3sgb/3sgb_55.pdb
I_T11Y,SKEMPI_v2.0,3SGB,5.26e-09,E,I,PDB/SKEMPI_v2.0/3SGB.pdb,11.137408747292822,3SGB,3sgb_56,PDB/mutant_pdbs/3sgb/3sgb_56.pdb
I_T11W,SKEMPI_v2.0,3SGB,3e-09,E,I,PDB/SKEMPI_v2.0/3SGB.pdb,11.465469361013744,3SGB,3sgb_57,PDB/mutant_pdbs/3sgb/3sgb_57.pdb
I_E13G,SKEMPI_v2.0,3SGB,6.25e-10,E,I,PDB/SKEMPI_v2.0/3SGB.pdb,12.381914469295284,3SGB,3sgb_58,PDB/mutant_pdbs/3sgb/3sgb_58.pdb
I_E13A,SKEMPI_v2.0,3SGB,1e-10,E,I,PDB/SKEMPI_v2.0/3SGB.pdb,13.452578293880933,3SGB,3sgb_59,PDB/mutant_pdbs/3sgb/3sgb_59.pdb
I_E13S,SKEMPI_v2.0,3SGB,4.76e-10,E,I,PDB/SKEMPI_v2.0/3SGB.pdb,12.541022235485883,3SGB,3sgb_60,PDB/mutant_pdbs/3sgb/3sgb_60.pdb
I_E13C,SKEMPI_v2.0,3SGB,1.3e-10,E,I,PDB/SKEMPI_v2.0/3SGB.pdb,13.299295107083434,3SGB,3sgb_61,PDB/mutant_pdbs/3sgb/3sgb_61.pdb
I_E13V,SKEMPI_v2.0,3SGB,2.22e-11,E,I,PDB/SKEMPI_v2.0/3SGB.pdb,14.331902072657451,3SGB,3sgb_62,PDB/mutant_pdbs/3sgb/3sgb_62.pdb
I_E13T,SKEMPI_v2.0,3SGB,6.67e-10,E,I,PDB/SKEMPI_v2.0/3SGB.pdb,12.343916563403704,3SGB,3sgb_63,PDB/mutant_pdbs/3sgb/3sgb_63.pdb
I_E13P,SKEMPI_v2.0,3SGB,8.33e-10,E,I,PDB/SKEMPI_v2.0/3SGB.pdb,12.21407339765144,3SGB,3sgb_64,PDB/mutant_pdbs/3sgb/3sgb_64.pdb
I_E13L,SKEMPI_v2.0,3SGB,6.67e-11,E,I,PDB/SKEMPI_v2.0/3SGB.pdb,13.689174392791797,3SGB,3sgb_65,PDB/mutant_pdbs/3sgb/3sgb_65.pdb
I_E13I,SKEMPI_v2.0,3SGB,6.25e-12,E,I,PDB/SKEMPI_v2.0/3SGB.pdb,15.072430128071472,3SGB,3sgb_66,PDB/mutant_pdbs/3sgb/3sgb_66.pdb
I_E13M,SKEMPI_v2.0,3SGB,1.3e-11,E,I,PDB/SKEMPI_v2.0/3SGB.pdb,14.644552936471529,3SGB,3sgb_67,PDB/mutant_pdbs/3sgb/3sgb_67.pdb
I_E13N,SKEMPI_v2.0,3SGB,1.15e-10,E,I,PDB/SKEMPI_v2.0/3SGB.pdb,13.370924048918289,3SGB,3sgb_68,PDB/mutant_pdbs/3sgb/3sgb_68.pdb
I_E13D,SKEMPI_v2.0,3SGB,4.55e-11,E,I,PDB/SKEMPI_v2.0/3SGB.pdb,13.912641140089452,3SGB,3sgb_69,PDB/mutant_pdbs/3sgb/3sgb_69.pdb
I_E13K,SKEMPI_v2.0,3SGB,2.38e-11,E,I,PDB/SKEMPI_v2.0/3SGB.pdb,14.291243023421611,3SGB,3sgb_70,PDB/mutant_pdbs/3sgb/3sgb_70.pdb
I_E13Q,SKEMPI_v2.0,3SGB,2.44e-11,E,I,PDB/SKEMPI_v2.0/3SGB.pdb,14.276696926361558,3SGB,3sgb_71,PDB/mutant_pdbs/3sgb/3sgb_71.pdb
I_E13H,SKEMPI_v2.0,3SGB,4.35e-11,E,I,PDB/SKEMPI_v2.0/3SGB.pdb,13.938903451370614,3SGB,3sgb_72,PDB/mutant_pdbs/3sgb/3sgb_72.pdb
I_E13F,SKEMPI_v2.0,3SGB,4.76e-10,E,I,PDB/SKEMPI_v2.0/3SGB.pdb,12.541022235485883,3SGB,3sgb_73,PDB/mutant_pdbs/3sgb/3sgb_73.pdb
I_E13R,SKEMPI_v2.0,3SGB,1.54e-10,E,I,PDB/SKEMPI_v2.0/3SGB.pdb,13.200314576003183,3SGB,3sgb_74,PDB/mutant_pdbs/3sgb/3sgb_74.pdb
I_E13Y,SKEMPI_v2.0,3SGB,6.67e-11,E,I,PDB/SKEMPI_v2.0/3SGB.pdb,13.689174392791797,3SGB,3sgb_75,PDB/mutant_pdbs/3sgb/3sgb_75.pdb
I_E13W,SKEMPI_v2.0,3SGB,2.44e-10,E,I,PDB/SKEMPI_v2.0/3SGB.pdb,12.931439096973463,3SGB,3sgb_76,PDB/mutant_pdbs/3sgb/3sgb_76.pdb
I_Y14G,SKEMPI_v2.0,3SGB,2.17e-09,E,I,PDB/SKEMPI_v2.0/3SGB.pdb,11.654695373259273,3SGB,3sgb_77,PDB/mutant_pdbs/3sgb/3sgb_77.pdb
I_Y14A,SKEMPI_v2.0,3SGB,4.76e-10,E,I,PDB/SKEMPI_v2.0/3SGB.pdb,12.541022235485883,3SGB,3sgb_78,PDB/mutant_pdbs/3sgb/3sgb_78.pdb
I_Y14S,SKEMPI_v2.0,3SGB,5.56e-10,E,I,PDB/SKEMPI_v2.0/3SGB.pdb,12.45026059702547,3SGB,3sgb_79,PDB/mutant_pdbs/3sgb/3sgb_79.pdb
I_Y14C,SKEMPI_v2.0,3SGB,3.13e-10,E,I,PDB/SKEMPI_v2.0/3SGB.pdb,12.785943393987637,3SGB,3sgb_80,PDB/mutant_pdbs/3sgb/3sgb_80.pdb
I_Y14V,SKEMPI_v2.0,3SGB,3.12e-08,E,I,PDB/SKEMPI_v2.0/3SGB.pdb,10.097297298573343,3SGB,3sgb_81,PDB/mutant_pdbs/3sgb/3sgb_81.pdb
I_Y14T,SKEMPI_v2.0,3SGB,6.67e-08,E,I,PDB/SKEMPI_v2.0/3SGB.pdb,9.653400904627517,3SGB,3sgb_82,PDB/mutant_pdbs/3sgb/3sgb_82.pdb
I_Y14P,SKEMPI_v2.0,3SGB,7.14e-07,E,I,PDB/SKEMPI_v2.0/3SGB.pdb,8.26836060239014,3SGB,3sgb_83,PDB/mutant_pdbs/3sgb/3sgb_83.pdb
I_Y14L,SKEMPI_v2.0,3SGB,2.56e-10,E,I,PDB/SKEMPI_v2.0/3SGB.pdb,12.903390284276043,3SGB,3sgb_84,PDB/mutant_pdbs/3sgb/3sgb_84.pdb
I_Y14I,SKEMPI_v2.0,3SGB,7.69e-09,E,I,PDB/SKEMPI_v2.0/3SGB.pdb,10.915521119613828,3SGB,3sgb_85,PDB/mutant_pdbs/3sgb/3sgb_85.pdb
I_Y14M,SKEMPI_v2.0,3SGB,5.26e-10,E,I,PDB/SKEMPI_v2.0/3SGB.pdb,12.482666576680916,3SGB,3sgb_86,PDB/mutant_pdbs/3sgb/3sgb_86.pdb
I_Y14N,SKEMPI_v2.0,3SGB,3.7e-09,E,I,PDB/SKEMPI_v2.0/3SGB.pdb,11.342942646519901,3SGB,3sgb_87,PDB/mutant_pdbs/3sgb/3sgb_87.pdb
I_Y14D,SKEMPI_v2.0,3SGB,2.44e-09,E,I,PDB/SKEMPI_v2.0/3SGB.pdb,11.586181267585369,3SGB,3sgb_88,PDB/mutant_pdbs/3sgb/3sgb_88.pdb
I_Y14K,SKEMPI_v2.0,3SGB,5.88e-09,E,I,PDB/SKEMPI_v2.0/3SGB.pdb,11.07230959283524,3SGB,3sgb_89,PDB/mutant_pdbs/3sgb/3sgb_89.pdb
I_Y14Q,SKEMPI_v2.0,3SGB,4.55e-09,E,I,PDB/SKEMPI_v2.0/3SGB.pdb,11.222125481313265,3SGB,3sgb_90,PDB/mutant_pdbs/3sgb/3sgb_90.pdb
I_Y14E,SKEMPI_v2.0,3SGB,5.56e-10,E,I,PDB/SKEMPI_v2.0/3SGB.pdb,12.45026059702547,3SGB,3sgb_91,PDB/mutant_pdbs/3sgb/3sgb_91.pdb
I_Y14H,SKEMPI_v2.0,3SGB,3.23e-10,E,I,PDB/SKEMPI_v2.0/3SGB.pdb,12.767569613970851,3SGB,3sgb_92,PDB/mutant_pdbs/3sgb/3sgb_92.pdb
I_Y14F,SKEMPI_v2.0,3SGB,2.38e-11,E,I,PDB/SKEMPI_v2.0/3SGB.pdb,14.291243023421611,3SGB,3sgb_93,PDB/mutant_pdbs/3sgb/3sgb_93.pdb
I_Y14R,SKEMPI_v2.0,3SGB,1.89e-09,E,I,PDB/SKEMPI_v2.0/3SGB.pdb,11.735408057902026,3SGB,3sgb_94,PDB/mutant_pdbs/3sgb/3sgb_94.pdb
I_Y14W,SKEMPI_v2.0,3SGB,3.45e-11,E,I,PDB/SKEMPI_v2.0/3SGB.pdb,14.074330774827285,3SGB,3sgb_95,PDB/mutant_pdbs/3sgb/3sgb_95.pdb
I_R15G,SKEMPI_v2.0,3SGB,1.16e-10,E,I,PDB/SKEMPI_v2.0/3SGB.pdb,13.365865679206808,3SGB,3sgb_96,PDB/mutant_pdbs/3sgb/3sgb_96.pdb
I_R15A,SKEMPI_v2.0,3SGB,1.96e-11,E,I,PDB/SKEMPI_v2.0/3SGB.pdb,14.404676355090523,3SGB,3sgb_97,PDB/mutant_pdbs/3sgb/3sgb_97.pdb
I_R15S,SKEMPI_v2.0,3SGB,2.86e-11,E,I,PDB/SKEMPI_v2.0/3SGB.pdb,14.183906144135396,3SGB,3sgb_98,PDB/mutant_pdbs/3sgb/3sgb_98.pdb
I_R15C,SKEMPI_v2.0,3SGB,4.55e-11,E,I,PDB/SKEMPI_v2.0/3SGB.pdb,13.912641140089452,3SGB,3sgb_99,PDB/mutant_pdbs/3sgb/3sgb_99.pdb
I_R15V,SKEMPI_v2.0,3SGB,1.72e-11,E,I,PDB/SKEMPI_v2.0/3SGB.pdb,14.480989636023029,3SGB,3sgb_100,PDB/mutant_pdbs/3sgb/3sgb_100.pdb
I_R15T,SKEMPI_v2.0,3SGB,3.85e-11,E,I,PDB/SKEMPI_v2.0/3SGB.pdb,14.010240493098452,3SGB,3sgb_101,PDB/mutant_pdbs/3sgb/3sgb_101.pdb
I_R15P,SKEMPI_v2.0,3SGB,7.69e-06,E,I,PDB/SKEMPI_v2.0/3SGB.pdb,6.879747631449549,3SGB,3sgb_102,PDB/mutant_pdbs/3sgb/3sgb_102.pdb
I_R15L,SKEMPI_v2.0,3SGB,2.63e-11,E,I,PDB/SKEMPI_v2.0/3SGB.pdb,14.232887364616644,3SGB,3sgb_103,PDB/mutant_pdbs/3sgb/3sgb_103.pdb
I_R15I,SKEMPI_v2.0,3SGB,2.7e-11,E,I,PDB/SKEMPI_v2.0/3SGB.pdb,14.217540642219829,3SGB,3sgb_104,PDB/mutant_pdbs/3sgb/3sgb_104.pdb
I_R15M,SKEMPI_v2.0,3SGB,2.22e-11,E,I,PDB/SKEMPI_v2.0/3SGB.pdb,14.331902072657451,3SGB,3sgb_105,PDB/mutant_pdbs/3sgb/3sgb_105.pdb
I_R15N,SKEMPI_v2.0,3SGB,3.13e-11,E,I,PDB/SKEMPI_v2.0/3SGB.pdb,14.131201223375731,3SGB,3sgb_106,PDB/mutant_pdbs/3sgb/3sgb_106.pdb
I_R15D,SKEMPI_v2.0,3SGB,5.26e-11,E,I,PDB/SKEMPI_v2.0/3SGB.pdb,13.827924406069007,3SGB,3sgb_107,PDB/mutant_pdbs/3sgb/3sgb_107.pdb
I_R15K,SKEMPI_v2.0,3SGB,1.12e-11,E,I,PDB/SKEMPI_v2.0/3SGB.pdb,14.731625192924966,3SGB,3sgb_108,PDB/mutant_pdbs/3sgb/3sgb_108.pdb
I_R15Q,SKEMPI_v2.0,3SGB,1.92e-11,E,I,PDB/SKEMPI_v2.0/3SGB.pdb,14.41672292728031,3SGB,3sgb_109,PDB/mutant_pdbs/3sgb/3sgb_109.pdb
I_R15E,SKEMPI_v2.0,3SGB,5.56e-11,E,I,PDB/SKEMPI_v2.0/3SGB.pdb,13.795518426413562,3SGB,3sgb_110,PDB/mutant_pdbs/3sgb/3sgb_110.pdb
I_R15H,SKEMPI_v2.0,3SGB,3.85e-11,E,I,PDB/SKEMPI_v2.0/3SGB.pdb,14.010240493098452,3SGB,3sgb_111,PDB/mutant_pdbs/3sgb/3sgb_111.pdb
I_R15F,SKEMPI_v2.0,3SGB,2.63e-11,E,I,PDB/SKEMPI_v2.0/3SGB.pdb,14.232887364616644,3SGB,3sgb_112,PDB/mutant_pdbs/3sgb/3sgb_112.pdb
I_R15Y,SKEMPI_v2.0,3SGB,2.94e-11,E,I,PDB/SKEMPI_v2.0/3SGB.pdb,14.16778821015906,3SGB,3sgb_113,PDB/mutant_pdbs/3sgb/3sgb_113.pdb
I_R15W,SKEMPI_v2.0,3SGB,3.03e-11,E,I,PDB/SKEMPI_v2.0/3SGB.pdb,14.150171657875118,3SGB,3sgb_114,PDB/mutant_pdbs/3sgb/3sgb_114.pdb
I_P8G,SKEMPI_v2.0,3SGB,1.96e-11,E,I,PDB/SKEMPI_v2.0/3SGB.pdb,14.404676355090523,3SGB,3sgb_115,PDB/mutant_pdbs/3sgb/3sgb_115.pdb
I_P8A,SKEMPI_v2.0,3SGB,1.3e-11,E,I,PDB/SKEMPI_v2.0/3SGB.pdb,14.644552936471529,3SGB,3sgb_116,PDB/mutant_pdbs/3sgb/3sgb_116.pdb
I_P8S,SKEMPI_v2.0,3SGB,2e-11,E,I,PDB/SKEMPI_v2.0/3SGB.pdb,14.392873164721392,3SGB,3sgb_117,PDB/mutant_pdbs/3sgb/3sgb_117.pdb
I_P8C,SKEMPI_v2.0,3SGB,1.03e-11,E,I,PDB/SKEMPI_v2.0/3SGB.pdb,14.78056674622678,3SGB,3sgb_118,PDB/mutant_pdbs/3sgb/3sgb_118.pdb
I_P8V,SKEMPI_v2.0,3SGB,1.06e-11,E,I,PDB/SKEMPI_v2.0/3SGB.pdb,14.763793209892155,3SGB,3sgb_119,PDB/mutant_pdbs/3sgb/3sgb_119.pdb
I_P8T,SKEMPI_v2.0,3SGB,1.49e-11,E,I,PDB/SKEMPI_v2.0/3SGB.pdb,14.564855939744907,3SGB,3sgb_120,PDB/mutant_pdbs/3sgb/3sgb_120.pdb
I_P8L,SKEMPI_v2.0,3SGB,1.41e-11,E,I,PDB/SKEMPI_v2.0/3SGB.pdb,14.597097943675031,3SGB,3sgb_121,PDB/mutant_pdbs/3sgb/3sgb_121.pdb
I_P8I,SKEMPI_v2.0,3SGB,1.72e-11,E,I,PDB/SKEMPI_v2.0/3SGB.pdb,14.480989636023029,3SGB,3sgb_122,PDB/mutant_pdbs/3sgb/3sgb_122.pdb
I_P8M,SKEMPI_v2.0,3SGB,7.69e-12,E,I,PDB/SKEMPI_v2.0/3SGB.pdb,14.951294607778108,3SGB,3sgb_123,PDB/mutant_pdbs/3sgb/3sgb_123.pdb
I_P8N,SKEMPI_v2.0,3SGB,1.45e-11,E,I,PDB/SKEMPI_v2.0/3SGB.pdb,14.580754554849712,3SGB,3sgb_124,PDB/mutant_pdbs/3sgb/3sgb_124.pdb
I_P8D,SKEMPI_v2.0,3SGB,3.13e-12,E,I,PDB/SKEMPI_v2.0/3SGB.pdb,15.476459052763824,3SGB,3sgb_125,PDB/mutant_pdbs/3sgb/3sgb_125.pdb
I_P8K,SKEMPI_v2.0,3SGB,2.17e-11,E,I,PDB/SKEMPI_v2.0/3SGB.pdb,14.345211032035458,3SGB,3sgb_126,PDB/mutant_pdbs/3sgb/3sgb_126.pdb
I_P8Q,SKEMPI_v2.0,3SGB,1.05e-11,E,I,PDB/SKEMPI_v2.0/3SGB.pdb,14.769331052795948,3SGB,3sgb_127,PDB/mutant_pdbs/3sgb/3sgb_127.pdb
I_P8E,SKEMPI_v2.0,3SGB,6.25e-12,E,I,PDB/SKEMPI_v2.0/3SGB.pdb,15.072430128071472,3SGB,3sgb_128,PDB/mutant_pdbs/3sgb/3sgb_128.pdb
I_P8H,SKEMPI_v2.0,3SGB,2.86e-11,E,I,PDB/SKEMPI_v2.0/3SGB.pdb,14.183906144135396,3SGB,3sgb_129,PDB/mutant_pdbs/3sgb/3sgb_129.pdb
I_P8F,SKEMPI_v2.0,3SGB,1e-11,E,I,PDB/SKEMPI_v2.0/3SGB.pdb,14.797836123269027,3SGB,3sgb_130,PDB/mutant_pdbs/3sgb/3sgb_130.pdb
I_P8R,SKEMPI_v2.0,3SGB,3.03e-11,E,I,PDB/SKEMPI_v2.0/3SGB.pdb,14.150171657875118,3SGB,3sgb_131,PDB/mutant_pdbs/3sgb/3sgb_131.pdb
I_P8Y,SKEMPI_v2.0,3SGB,9.09e-12,E,I,PDB/SKEMPI_v2.0/3SGB.pdb,14.853578383784114,3SGB,3sgb_132,PDB/mutant_pdbs/3sgb/3sgb_132.pdb
I_P8W,SKEMPI_v2.0,3SGB,7.69e-12,E,I,PDB/SKEMPI_v2.0/3SGB.pdb,14.951294607778108,3SGB,3sgb_133,PDB/mutant_pdbs/3sgb/3sgb_133.pdb
I_K7G,SKEMPI_v2.0,3SGB,5.26e-12,E,I,PDB/SKEMPI_v2.0/3SGB.pdb,15.173182235457102,3SGB,3sgb_134,PDB/mutant_pdbs/3sgb/3sgb_134.pdb
I_K7A,SKEMPI_v2.0,3SGB,2.33e-13,E,I,PDB/SKEMPI_v2.0/3SGB.pdb,16.994163353112885,3SGB,3sgb_135,PDB/mutant_pdbs/3sgb/3sgb_135.pdb
I_K7S,SKEMPI_v2.0,3SGB,2.27e-13,E,I,PDB/SKEMPI_v2.0/3SGB.pdb,17.00940521019156,3SGB,3sgb_136,PDB/mutant_pdbs/3sgb/3sgb_136.pdb
I_K7C,SKEMPI_v2.0,3SGB,6.67e-12,E,I,PDB/SKEMPI_v2.0/3SGB.pdb,15.034432222179891,3SGB,3sgb_137,PDB/mutant_pdbs/3sgb/3sgb_137.pdb
I_K7V,SKEMPI_v2.0,3SGB,3.57e-12,E,I,PDB/SKEMPI_v2.0/3SGB.pdb,15.39961270787824,3SGB,3sgb_138,PDB/mutant_pdbs/3sgb/3sgb_138.pdb
I_K7T,SKEMPI_v2.0,3SGB,6.67e-13,E,I,PDB/SKEMPI_v2.0/3SGB.pdb,16.379690051567984,3SGB,3sgb_139,PDB/mutant_pdbs/3sgb/3sgb_139.pdb
I_K7P,SKEMPI_v2.0,3SGB,1.79e-11,E,I,PDB/SKEMPI_v2.0/3SGB.pdb,14.457683603658815,3SGB,3sgb_140,PDB/mutant_pdbs/3sgb/3sgb_140.pdb
I_K7L,SKEMPI_v2.0,3SGB,8.33e-13,E,I,PDB/SKEMPI_v2.0/3SGB.pdb,16.24984688581572,3SGB,3sgb_141,PDB/mutant_pdbs/3sgb/3sgb_141.pdb
I_K7I,SKEMPI_v2.0,3SGB,1.85e-12,E,I,PDB/SKEMPI_v2.0/3SGB.pdb,15.783679093231816,3SGB,3sgb_142,PDB/mutant_pdbs/3sgb/3sgb_142.pdb
I_K7M,SKEMPI_v2.0,3SGB,2.5e-12,E,I,PDB/SKEMPI_v2.0/3SGB.pdb,15.607762040364296,3SGB,3sgb_143,PDB/mutant_pdbs/3sgb/3sgb_143.pdb
I_K7N,SKEMPI_v2.0,3SGB,5.88e-12,E,I,PDB/SKEMPI_v2.0/3SGB.pdb,15.108083080999519,3SGB,3sgb_144,PDB/mutant_pdbs/3sgb/3sgb_144.pdb
I_K7D,SKEMPI_v2.0,3SGB,6.25e-12,E,I,PDB/SKEMPI_v2.0/3SGB.pdb,15.072430128071472,3SGB,3sgb_145,PDB/mutant_pdbs/3sgb/3sgb_145.pdb
I_K7Q,SKEMPI_v2.0,3SGB,6.25e-12,E,I,PDB/SKEMPI_v2.0/3SGB.pdb,15.072430128071472,3SGB,3sgb_146,PDB/mutant_pdbs/3sgb/3sgb_146.pdb
I_K7E,SKEMPI_v2.0,3SGB,1.89e-11,E,I,PDB/SKEMPI_v2.0/3SGB.pdb,14.425923716678213,3SGB,3sgb_147,PDB/mutant_pdbs/3sgb/3sgb_147.pdb
I_K7H,SKEMPI_v2.0,3SGB,9.09e-12,E,I,PDB/SKEMPI_v2.0/3SGB.pdb,14.853578383784114,3SGB,3sgb_148,PDB/mutant_pdbs/3sgb/3sgb_148.pdb
I_K7F,SKEMPI_v2.0,3SGB,5.26e-12,E,I,PDB/SKEMPI_v2.0/3SGB.pdb,15.173182235457102,3SGB,3sgb_149,PDB/mutant_pdbs/3sgb/3sgb_149.pdb
I_K7R,SKEMPI_v2.0,3SGB,5.56e-12,E,I,PDB/SKEMPI_v2.0/3SGB.pdb,15.140776255801654,3SGB,3sgb_150,PDB/mutant_pdbs/3sgb/3sgb_150.pdb
I_K7Y,SKEMPI_v2.0,3SGB,6.67e-12,E,I,PDB/SKEMPI_v2.0/3SGB.pdb,15.034432222179891,3SGB,3sgb_151,PDB/mutant_pdbs/3sgb/3sgb_151.pdb
I_K7W,SKEMPI_v2.0,3SGB,1.75e-11,E,I,PDB/SKEMPI_v2.0/3SGB.pdb,14.470887285434584,3SGB,3sgb_152,PDB/mutant_pdbs/3sgb/3sgb_152.pdb
I_G26A,SKEMPI_v2.0,3SGB,1.41e-10,E,I,PDB/SKEMPI_v2.0/3SGB.pdb,13.25184011428694,3SGB,3sgb_153,PDB/mutant_pdbs/3sgb/3sgb_153.pdb
I_G26S,SKEMPI_v2.0,3SGB,2.7e-10,E,I,PDB/SKEMPI_v2.0/3SGB.pdb,12.872282812831738,3SGB,3sgb_154,PDB/mutant_pdbs/3sgb/3sgb_154.pdb
I_G26C,SKEMPI_v2.0,3SGB,1.47e-09,E,I,PDB/SKEMPI_v2.0/3SGB.pdb,11.882235509930508,3SGB,3sgb_155,PDB/mutant_pdbs/3sgb/3sgb_155.pdb
I_G26V,SKEMPI_v2.0,3SGB,1.79e-09,E,I,PDB/SKEMPI_v2.0/3SGB.pdb,11.76716794488263,3SGB,3sgb_156,PDB/mutant_pdbs/3sgb/3sgb_156.pdb
I_G26T,SKEMPI_v2.0,3SGB,3e-09,E,I,PDB/SKEMPI_v2.0/3SGB.pdb,11.465469361013744,3SGB,3sgb_157,PDB/mutant_pdbs/3sgb/3sgb_157.pdb
I_G26P,SKEMPI_v2.0,3SGB,1.14e-10,E,I,PDB/SKEMPI_v2.0/3SGB.pdb,13.376026597090378,3SGB,3sgb_158,PDB/mutant_pdbs/3sgb/3sgb_158.pdb
I_G26L,SKEMPI_v2.0,3SGB,1.59e-09,E,I,PDB/SKEMPI_v2.0/3SGB.pdb,11.836389406184507,3SGB,3sgb_159,PDB/mutant_pdbs/3sgb/3sgb_159.pdb
I_G26I,SKEMPI_v2.0,3SGB,1.79e-08,E,I,PDB/SKEMPI_v2.0/3SGB.pdb,10.421910115494535,3SGB,3sgb_160,PDB/mutant_pdbs/3sgb/3sgb_160.pdb
I_G26M,SKEMPI_v2.0,3SGB,2e-09,E,I,PDB/SKEMPI_v2.0/3SGB.pdb,11.702357505945207,3SGB,3sgb_161,PDB/mutant_pdbs/3sgb/3sgb_161.pdb
I_G26N,SKEMPI_v2.0,3SGB,8.33e-10,E,I,PDB/SKEMPI_v2.0/3SGB.pdb,12.21407339765144,3SGB,3sgb_162,PDB/mutant_pdbs/3sgb/3sgb_162.pdb
I_G26D,SKEMPI_v2.0,3SGB,2.78e-10,E,I,PDB/SKEMPI_v2.0/3SGB.pdb,12.855223555573103,3SGB,3sgb_163,PDB/mutant_pdbs/3sgb/3sgb_163.pdb
I_G26K,SKEMPI_v2.0,3SGB,1.27e-09,E,I,PDB/SKEMPI_v2.0/3SGB.pdb,11.967677696157223,3SGB,3sgb_164,PDB/mutant_pdbs/3sgb/3sgb_164.pdb
I_G26Q,SKEMPI_v2.0,3SGB,2.63e-09,E,I,PDB/SKEMPI_v2.0/3SGB.pdb,11.542371705840456,3SGB,3sgb_165,PDB/mutant_pdbs/3sgb/3sgb_165.pdb
I_G26E,SKEMPI_v2.0,3SGB,5e-10,E,I,PDB/SKEMPI_v2.0/3SGB.pdb,12.512283423040476,3SGB,3sgb_166,PDB/mutant_pdbs/3sgb/3sgb_166.pdb
I_G26H,SKEMPI_v2.0,3SGB,1.82e-09,E,I,PDB/SKEMPI_v2.0/3SGB.pdb,11.75745739360609,3SGB,3sgb_167,PDB/mutant_pdbs/3sgb/3sgb_167.pdb
I_G26F,SKEMPI_v2.0,3SGB,2.94e-09,E,I,PDB/SKEMPI_v2.0/3SGB.pdb,11.477272551382875,3SGB,3sgb_168,PDB/mutant_pdbs/3sgb/3sgb_168.pdb
I_G26R,SKEMPI_v2.0,3SGB,6.67e-09,E,I,PDB/SKEMPI_v2.0/3SGB.pdb,10.998658734015612,3SGB,3sgb_169,PDB/mutant_pdbs/3sgb/3sgb_169.pdb
I_G26Y,SKEMPI_v2.0,3SGB,3.33e-09,E,I,PDB/SKEMPI_v2.0/3SGB.pdb,11.404498268949803,3SGB,3sgb_170,PDB/mutant_pdbs/3sgb/3sgb_170.pdb
I_G26W,SKEMPI_v2.0,3SGB,1.32e-08,E,I,PDB/SKEMPI_v2.0/3SGB.pdb,10.599859610129977,3SGB,3sgb_171,PDB/mutant_pdbs/3sgb/3sgb_171.pdb
I_N30G,SKEMPI_v2.0,3SGB,3.03e-11,E,I,PDB/SKEMPI_v2.0/3SGB.pdb,14.150171657875118,3SGB,3sgb_172,PDB/mutant_pdbs/3sgb/3sgb_172.pdb
I_N30A,SKEMPI_v2.0,3SGB,3.13e-11,E,I,PDB/SKEMPI_v2.0/3SGB.pdb,14.131201223375731,3SGB,3sgb_173,PDB/mutant_pdbs/3sgb/3sgb_173.pdb
I_N30S,SKEMPI_v2.0,3SGB,3.57e-11,E,I,PDB/SKEMPI_v2.0/3SGB.pdb,14.054354878490148,3SGB,3sgb_174,PDB/mutant_pdbs/3sgb/3sgb_174.pdb
I_N30C,SKEMPI_v2.0,3SGB,3.23e-11,E,I,PDB/SKEMPI_v2.0/3SGB.pdb,14.112827443358945,3SGB,3sgb_175,PDB/mutant_pdbs/3sgb/3sgb_175.pdb
I_N30V,SKEMPI_v2.0,3SGB,1.19e-11,E,I,PDB/SKEMPI_v2.0/3SGB.pdb,14.696205981969245,3SGB,3sgb_176,PDB/mutant_pdbs/3sgb/3sgb_176.pdb
I_N30T,SKEMPI_v2.0,3SGB,1.82e-11,E,I,PDB/SKEMPI_v2.0/3SGB.pdb,14.447973052382277,3SGB,3sgb_177,PDB/mutant_pdbs/3sgb/3sgb_177.pdb
I_N30P,SKEMPI_v2.0,3SGB,4.76e-11,E,I,PDB/SKEMPI_v2.0/3SGB.pdb,13.886280064873976,3SGB,3sgb_178,PDB/mutant_pdbs/3sgb/3sgb_178.pdb
I_N30L,SKEMPI_v2.0,3SGB,6.25e-11,E,I,PDB/SKEMPI_v2.0/3SGB.pdb,13.727172298683378,3SGB,3sgb_179,PDB/mutant_pdbs/3sgb/3sgb_179.pdb
I_N30I,SKEMPI_v2.0,3SGB,2.5e-11,E,I,PDB/SKEMPI_v2.0/3SGB.pdb,14.262504210976203,3SGB,3sgb_180,PDB/mutant_pdbs/3sgb/3sgb_180.pdb
I_N30M,SKEMPI_v2.0,3SGB,2.27e-11,E,I,PDB/SKEMPI_v2.0/3SGB.pdb,14.31888955141537,3SGB,3sgb_181,PDB/mutant_pdbs/3sgb/3sgb_181.pdb
I_N30D,SKEMPI_v2.0,3SGB,8.33e-11,E,I,PDB/SKEMPI_v2.0/3SGB.pdb,13.559331227039534,3SGB,3sgb_182,PDB/mutant_pdbs/3sgb/3sgb_182.pdb
I_N30K,SKEMPI_v2.0,3SGB,4.76e-11,E,I,PDB/SKEMPI_v2.0/3SGB.pdb,13.886280064873976,3SGB,3sgb_183,PDB/mutant_pdbs/3sgb/3sgb_183.pdb
I_N30Q,SKEMPI_v2.0,3SGB,2.7e-11,E,I,PDB/SKEMPI_v2.0/3SGB.pdb,14.217540642219829,3SGB,3sgb_184,PDB/mutant_pdbs/3sgb/3sgb_184.pdb
I_N30E,SKEMPI_v2.0,3SGB,9.09e-11,E,I,PDB/SKEMPI_v2.0/3SGB.pdb,13.50832055439602,3SGB,3sgb_185,PDB/mutant_pdbs/3sgb/3sgb_185.pdb
I_N30H,SKEMPI_v2.0,3SGB,1.45e-11,E,I,PDB/SKEMPI_v2.0/3SGB.pdb,14.580754554849712,3SGB,3sgb_186,PDB/mutant_pdbs/3sgb/3sgb_186.pdb
I_N30F,SKEMPI_v2.0,3SGB,1.41e-11,E,I,PDB/SKEMPI_v2.0/3SGB.pdb,14.597097943675031,3SGB,3sgb_187,PDB/mutant_pdbs/3sgb/3sgb_187.pdb
I_N30R,SKEMPI_v2.0,3SGB,4.76e-11,E,I,PDB/SKEMPI_v2.0/3SGB.pdb,13.886280064873976,3SGB,3sgb_188,PDB/mutant_pdbs/3sgb/3sgb_188.pdb
I_N30Y,SKEMPI_v2.0,3SGB,1.49e-11,E,I,PDB/SKEMPI_v2.0/3SGB.pdb,14.564855939744907,3SGB,3sgb_189,PDB/mutant_pdbs/3sgb/3sgb_189.pdb
I_N30W,SKEMPI_v2.0,3SGB,4.35e-11,E,I,PDB/SKEMPI_v2.0/3SGB.pdb,13.938903451370614,3SGB,3sgb_190,PDB/mutant_pdbs/3sgb/3sgb_190.pdb
"I_L12R, I_T11K",SKEMPI_v2.0,3SGB,1.29e-07,E,I,PDB/SKEMPI_v2.0/3SGB.pdb,9.268033132086828,3SGB,3sgb_191,PDB/mutant_pdbs/3sgb/3sgb_191.pdb
"I_L12R, I_T11R",SKEMPI_v2.0,3SGB,1.95e-07,E,I,PDB/SKEMPI_v2.0/3SGB.pdb,9.026633473987692,3SGB,3sgb_192,PDB/mutant_pdbs/3sgb/3sgb_192.pdb
"I_A9R, I_L12R",SKEMPI_v2.0,3SGB,1e-07,E,I,PDB/SKEMPI_v2.0/3SGB.pdb,9.416804805716653,3SGB,3sgb_193,PDB/mutant_pdbs/3sgb/3sgb_193.pdb
"I_A9R, I_L12R, I_T11K",SKEMPI_v2.0,3SGB,1.55e-06,E,I,PDB/SKEMPI_v2.0/3SGB.pdb,7.815501769184244,3SGB,3sgb_194,PDB/mutant_pdbs/3sgb/3sgb_194.pdb
"I_A9R, I_L12R, I_T11P",SKEMPI_v2.0,3SGB,3.25e-05,E,I,PDB/SKEMPI_v2.0/3SGB.pdb,6.037674047850145,3SGB,3sgb_195,PDB/mutant_pdbs/3sgb/3sgb_195.pdb
"I_A9R, I_L12R, I_P8S, I_T11P",SKEMPI_v2.0,3SGB,1.79e-05,E,I,PDB/SKEMPI_v2.0/3SGB.pdb,6.386136627330256,3SGB,3sgb_196,PDB/mutant_pdbs/3sgb/3sgb_196.pdb
"I_A9R, I_K7R, I_L12R, I_T11K",SKEMPI_v2.0,3SGB,2.09e-07,E,I,PDB/SKEMPI_v2.0/3SGB.pdb,8.986125507776237,3SGB,3sgb_197,PDB/mutant_pdbs/3sgb/3sgb_197.pdb
"I_A9R, I_K7R, I_L12R, I_P8F, I_T11K",SKEMPI_v2.0,3SGB,2.66e-07,E,I,PDB/SKEMPI_v2.0/3SGB.pdb,8.845229457475483,3SGB,3sgb_198,PDB/mutant_pdbs/3sgb/3sgb_198.pdb
"I_A9R, I_L12R, I_R15L, I_T11K",SKEMPI_v2.0,3SGB,2.18e-06,E,I,PDB/SKEMPI_v2.0/3SGB.pdb,7.616235728399724,3SGB,3sgb_199,PDB/mutant_pdbs/3sgb/3sgb_199.pdb
"I_A9L, I_L12R, I_P8S, I_T11K",SKEMPI_v2.0,3SGB,7.36e-08,E,I,PDB/SKEMPI_v2.0/3SGB.pdb,9.59588846824439,3SGB,3sgb_200,PDB/mutant_pdbs/3sgb/3sgb_200.pdb
"I_A9R, I_E13S, I_L12R, I_T11K",SKEMPI_v2.0,3SGB,3.12e-06,E,I,PDB/SKEMPI_v2.0/3SGB.pdb,7.406781639797155,3SGB,3sgb_201,PDB/mutant_pdbs/3sgb/3sgb_201.pdb
"I_A9V, I_E13D, I_E4D, I_G26S, I_N22S, I_N39S, I_R15M, I_S45R, I_T11P",SKEMPI_v2.0,3SGB,1.3e-09,E,I,PDB/SKEMPI_v2.0/3SGB.pdb,11.954037277695342,3SGB,3sgb_202,PDB/mutant_pdbs/3sgb/3sgb_202.pdb
"I_E13D, I_H46R, I_L12K, I_L17V, I_S45N, I_T11P",SKEMPI_v2.0,3SGB,6.25e-08,E,I,PDB/SKEMPI_v2.0/3SGB.pdb,9.691398810519098,3SGB,3sgb_203,PDB/mutant_pdbs/3sgb/3sgb_203.pdb
"I_E13D, I_L12K, I_L17V, I_S45N, I_T11P",SKEMPI_v2.0,3SGB,7.14e-08,E,I,PDB/SKEMPI_v2.0/3SGB.pdb,9.613618431778233,3SGB,3sgb_204,PDB/mutant_pdbs/3sgb/3sgb_204.pdb
"I_E13D, I_G26S, I_L12K, I_L17V, I_S45N, I_T11P",SKEMPI_v2.0,3SGB,9.09e-08,E,I,PDB/SKEMPI_v2.0/3SGB.pdb,9.47254706623174,3SGB,3sgb_205,PDB/mutant_pdbs/3sgb/3sgb_205.pdb
"I_E13D, I_E37D, I_E4G, I_G26S, I_K7Q, I_L12Q, I_L17F, I_P8S, I_R15V, I_T11P, I_V36A",SKEMPI_v2.0,3SGB,2.27e-08,E,I,PDB/SKEMPI_v2.0/3SGB.pdb,10.283116063251091,3SGB,3sgb_206,PDB/mutant_pdbs/3sgb/3sgb_206.pdb
"I_A9V, I_E4D, I_G26S, I_N22S, I_N30D, I_R15M, I_T11S, I_Y5H",SKEMPI_v2.0,3SGB,1.56e-08,E,I,PDB/SKEMPI_v2.0/3SGB.pdb,10.502260257120977,3SGB,3sgb_207,PDB/mutant_pdbs/3sgb/3sgb_207.pdb
"I_A9V, I_E4D, I_G26N, I_N22S, I_N30D, I_R15M, I_S45G, I_T11S",SKEMPI_v2.0,3SGB,1.28e-08,E,I,PDB/SKEMPI_v2.0/3SGB.pdb,10.617837584047493,3SGB,3sgb_208,PDB/mutant_pdbs/3sgb/3sgb_208.pdb
"I_A9V, I_E37D, I_E4D, I_G26S, I_N22S, I_R15M, I_T11S",SKEMPI_v2.0,3SGB,4e-09,E,I,PDB/SKEMPI_v2.0/3SGB.pdb,11.297394547397571,3SGB,3sgb_209,PDB/mutant_pdbs/3sgb/3sgb_209.pdb
"I_A9V, I_E37D, I_E4D, I_G26S, I_N22S, I_R15M, I_T11S, I_T43I",SKEMPI_v2.0,3SGB,2.86e-09,E,I,PDB/SKEMPI_v2.0/3SGB.pdb,11.49339048535921,3SGB,3sgb_210,PDB/mutant_pdbs/3sgb/3sgb_210.pdb
"I_A9V, I_E37D, I_E4D, I_G26S, I_N22S, I_R15M, I_T11S, I_V36A",SKEMPI_v2.0,3SGB,1.49e-09,E,I,PDB/SKEMPI_v2.0/3SGB.pdb,11.87434028096872,3SGB,3sgb_211,PDB/mutant_pdbs/3sgb/3sgb_211.pdb
"I_E37D, I_E4D, I_G26S, I_K23Q, I_N30S, I_R15M",SKEMPI_v2.0,3SGB,3.13e-10,E,I,PDB/SKEMPI_v2.0/3SGB.pdb,12.785943393987637,3SGB,3sgb_212,PDB/mutant_pdbs/3sgb/3sgb_212.pdb
"I_E37D, I_G26S, I_K23Q, I_R15M",SKEMPI_v2.0,3SGB,6.25e-10,E,I,PDB/SKEMPI_v2.0/3SGB.pdb,12.381914469295284,3SGB,3sgb_213,PDB/mutant_pdbs/3sgb/3sgb_213.pdb
"I_E37D, I_E4D, I_R15M",SKEMPI_v2.0,3SGB,2.04e-11,E,I,PDB/SKEMPI_v2.0/3SGB.pdb,14.38130371632459,3SGB,3sgb_214,PDB/mutant_pdbs/3sgb/3sgb_214.pdb
"I_A9D, I_E37D, I_E4D, I_K7R, I_R15M",SKEMPI_v2.0,3SGB,1.1e-11,E,I,PDB/SKEMPI_v2.0/3SGB.pdb,14.74215228948053,3SGB,3sgb_215,PDB/mutant_pdbs/3sgb/3sgb_215.pdb
"I_E37D, I_E4D, I_K28R, I_R15M",SKEMPI_v2.0,3SGB,1.41e-11,E,I,PDB/SKEMPI_v2.0/3SGB.pdb,14.597097943675031,3SGB,3sgb_216,PDB/mutant_pdbs/3sgb/3sgb_216.pdb
"I_E37D, I_E4G, I_L12M, I_R15M",SKEMPI_v2.0,3SGB,8.33e-11,E,I,PDB/SKEMPI_v2.0/3SGB.pdb,13.559331227039534,3SGB,3sgb_217,PDB/mutant_pdbs/3sgb/3sgb_217.pdb
"I_E37D, I_E4D, I_L12M, I_R15M",SKEMPI_v2.0,3SGB,4e-11,E,I,PDB/SKEMPI_v2.0/3SGB.pdb,13.987910206173758,3SGB,3sgb_218,PDB/mutant_pdbs/3sgb/3sgb_218.pdb
"I_E37D, I_E4D, I_G26D, I_L12V, I_R15M",SKEMPI_v2.0,3SGB,1.61e-08,E,I,PDB/SKEMPI_v2.0/3SGB.pdb,10.483828506052848,3SGB,3sgb_219,PDB/mutant_pdbs/3sgb/3sgb_219.pdb
"I_E37D, I_E4D, I_L12V, I_R15M",SKEMPI_v2.0,3SGB,3e-09,E,I,PDB/SKEMPI_v2.0/3SGB.pdb,11.465469361013744,3SGB,3sgb_220,PDB/mutant_pdbs/3sgb/3sgb_220.pdb
"I_E37D, I_E4D, I_L12M, I_R15M, I_T11R",SKEMPI_v2.0,3SGB,1e-09,E,I,PDB/SKEMPI_v2.0/3SGB.pdb,12.10732046449284,3SGB,3sgb_221,PDB/mutant_pdbs/3sgb/3sgb_221.pdb
"I_E37D, I_E4G, I_K49E, I_L12M, I_R15M",SKEMPI_v2.0,3SGB,2.44e-11,E,I,PDB/SKEMPI_v2.0/3SGB.pdb,14.276696926361558,3SGB,3sgb_222,PDB/mutant_pdbs/3sgb/3sgb_222.pdb
"I_D1N, I_E37D, I_E4G, I_K49E, I_L12M, I_R15M",SKEMPI_v2.0,3SGB,1.85e-11,E,I,PDB/SKEMPI_v2.0/3SGB.pdb,14.438421263843724,3SGB,3sgb_223,PDB/mutant_pdbs/3sgb/3sgb_223.pdb
"I_A9V, I_E37D, I_E4D, I_G26S, I_N22S, I_R15M, I_T11S, I_Y14D",SKEMPI_v2.0,3SGB,6.67e-08,E,I,PDB/SKEMPI_v2.0/3SGB.pdb,9.653400904627517,3SGB,3sgb_224,PDB/mutant_pdbs/3sgb/3sgb_224.pdb
"I_A9V, I_E37D, I_E4D, I_G26S, I_N22S, I_N30D, I_R15M, I_T11S, I_T43N",SKEMPI_v2.0,3SGB,5e-09,E,I,PDB/SKEMPI_v2.0/3SGB.pdb,11.167025593652381,3SGB,3sgb_225,PDB/mutant_pdbs/3sgb/3sgb_225.pdb
"I_A9V, I_E37D, I_E4D, I_G26S, I_N22S, I_N30D, I_R15M, I_T11S",SKEMPI_v2.0,3SGB,5.26e-09,E,I,PDB/SKEMPI_v2.0/3SGB.pdb,11.137408747292822,3SGB,3sgb_226,PDB/mutant_pdbs/3sgb/3sgb_226.pdb
"I_A9V, I_E37D, I_E4D, I_G26S, I_N22S, I_N30D, I_R15M, I_T11S, I_T43S, I_V35F",SKEMPI_v2.0,3SGB,4.76e-09,E,I,PDB/SKEMPI_v2.0/3SGB.pdb,11.195764406097789,3SGB,3sgb_227,PDB/mutant_pdbs/3sgb/3sgb_227.pdb
"I_A9V, I_E37D, I_G26S, I_K23Q, I_K28E, I_N22S, I_R15M, I_T11S",SKEMPI_v2.0,3SGB,3.45e-08,E,I,PDB/SKEMPI_v2.0/3SGB.pdb,10.038557286663005,3SGB,3sgb_228,PDB/mutant_pdbs/3sgb/3sgb_228.pdb
"I_E37D, I_E4D, I_G26D, I_L12Q, I_L17I, I_N30S, I_R15K, I_T11L, I_Y14Q, I_Y5H",SKEMPI_v2.0,3SGB,5e-06,E,I,PDB/SKEMPI_v2.0/3SGB.pdb,7.131252105488102,3SGB,3sgb_229,PDB/mutant_pdbs/3sgb/3sgb_229.pdb
"I_E37D, I_E4D, I_G26D, I_L12Q, I_N30S, I_R15K, I_T11L, I_Y14Q, I_Y5H",SKEMPI_v2.0,3SGB,5.26e-06,E,I,PDB/SKEMPI_v2.0/3SGB.pdb,7.1016352591285425,3SGB,3sgb_230,PDB/mutant_pdbs/3sgb/3sgb_230.pdb
I_L12M,SKEMPI_v2.0,3SGB,4e-11,E,I,PDB/SKEMPI_v2.0/3SGB.pdb,13.987910206173758,3SGB,3sgb_231,PDB/mutant_pdbs/3sgb/3sgb_231.pdb
"I_K49T, I_L12M, I_T43N",SKEMPI_v2.0,3SGB,2.86e-11,E,I,PDB/SKEMPI_v2.0/3SGB.pdb,14.183906144135396,3SGB,3sgb_232,PDB/mutant_pdbs/3sgb/3sgb_232.pdb
"I_G26A, I_N22S",SKEMPI_v2.0,3SGB,1.69e-10,E,I,PDB/SKEMPI_v2.0/3SGB.pdb,13.146011920285938,3SGB,3sgb_233,PDB/mutant_pdbs/3sgb/3sgb_233.pdb
"I_A9D, I_G26A",SKEMPI_v2.0,3SGB,1.11e-10,E,I,PDB/SKEMPI_v2.0/3SGB.pdb,13.391607201816992,3SGB,3sgb_234,PDB/mutant_pdbs/3sgb/3sgb_234.pdb
"I_A9D, I_G26A, I_N27S",SKEMPI_v2.0,3SGB,7.14e-10,E,I,PDB/SKEMPI_v2.0/3SGB.pdb,12.304134090554419,3SGB,3sgb_235,PDB/mutant_pdbs/3sgb/3sgb_235.pdb
I_G26A,SKEMPI_v2.0,3SGB,1.79e-10,E,I,PDB/SKEMPI_v2.0/3SGB.pdb,13.112425774270722,3SGB,3sgb_236,PDB/mutant_pdbs/3sgb/3sgb_236.pdb
"I_G26V, I_L12S, I_T11M",SKEMPI_v2.0,3SGB,2.08e-06,E,I,PDB/SKEMPI_v2.0/3SGB.pdb,7.643669784728617,3SGB,3sgb_237,PDB/mutant_pdbs/3sgb/3sgb_237.pdb
"I_L17I, I_R15V",SKEMPI_v2.0,3SGB,2.38e-11,E,I,PDB/SKEMPI_v2.0/3SGB.pdb,14.291243023421611,3SGB,3sgb_238,PDB/mutant_pdbs/3sgb/3sgb_238.pdb
"I_L12S, I_L17I, I_R15V",SKEMPI_v2.0,3SGB,3.45e-08,E,I,PDB/SKEMPI_v2.0/3SGB.pdb,10.038557286663005,3SGB,3sgb_239,PDB/mutant_pdbs/3sgb/3sgb_239.pdb
I_N22S,SKEMPI_v2.0,3SGB,1.82e-11,E,I,PDB/SKEMPI_v2.0/3SGB.pdb,14.447973052382277,3SGB,3sgb_240,PDB/mutant_pdbs/3sgb/3sgb_240.pdb
"I_E37K, I_K23I, I_L12M, I_L17V",SKEMPI_v2.0,3SGB,7.14e-11,E,I,PDB/SKEMPI_v2.0/3SGB.pdb,13.649391919942513,3SGB,3sgb_241,PDB/mutant_pdbs/3sgb/3sgb_241.pdb
"I_A9G, I_E37K, I_K23I, I_L12M, I_L17V",SKEMPI_v2.0,3SGB,4.17e-09,E,I,PDB/SKEMPI_v2.0/3SGB.pdb,11.273077581253547,3SGB,3sgb_242,PDB/mutant_pdbs/3sgb/3sgb_242.pdb
"I_L12M, I_N30D, I_S45N",SKEMPI_v2.0,3SGB,1.14e-10,E,I,PDB/SKEMPI_v2.0/3SGB.pdb,13.376026597090378,3SGB,3sgb_243,PDB/mutant_pdbs/3sgb/3sgb_243.pdb
"I_E4D, I_K7M, I_L12M, I_L17V",SKEMPI_v2.0,3SGB,2.04e-11,E,I,PDB/SKEMPI_v2.0/3SGB.pdb,14.38130371632459,3SGB,3sgb_244,PDB/mutant_pdbs/3sgb/3sgb_244.pdb
"I_E4G, I_F47P, I_G26S, I_H46Y, I_K23T, I_K49V, I_L12M, I_L17I, I_Y14S",SKEMPI_v2.0,3SGB,9.09e-09,E,I,PDB/SKEMPI_v2.0/3SGB.pdb,10.817804895619835,3SGB,3sgb_245,PDB/mutant_pdbs/3sgb/3sgb_245.pdb
"I_A9T, I_L12M",SKEMPI_v2.0,3SGB,4e-11,E,I,PDB/SKEMPI_v2.0/3SGB.pdb,13.987910206173758,3SGB,3sgb_246,PDB/mutant_pdbs/3sgb/3sgb_246.pdb
"I_G26D, I_L12M, I_T24S",SKEMPI_v2.0,3SGB,9.09e-10,E,I,PDB/SKEMPI_v2.0/3SGB.pdb,12.163062725007928,3SGB,3sgb_247,PDB/mutant_pdbs/3sgb/3sgb_247.pdb
"I_G26D, I_L12I",SKEMPI_v2.0,3SGB,3.45e-07,E,I,PDB/SKEMPI_v2.0/3SGB.pdb,8.693299457274913,3SGB,3sgb_248,PDB/mutant_pdbs/3sgb/3sgb_248.pdb
"I_A9D, I_L12A, I_Y14D",SKEMPI_v2.0,3SGB,3.03e-07,E,I,PDB/SKEMPI_v2.0/3SGB.pdb,8.769140340322744,3SGB,3sgb_249,PDB/mutant_pdbs/3sgb/3sgb_249.pdb
"I_H46R, I_K49Q, I_L12M, I_S45N",SKEMPI_v2.0,3SGB,2.63e-11,E,I,PDB/SKEMPI_v2.0/3SGB.pdb,14.232887364616644,3SGB,3sgb_250,PDB/mutant_pdbs/3sgb/3sgb_250.pdb
"I_H46R, I_L12M",SKEMPI_v2.0,3SGB,4.17e-11,E,I,PDB/SKEMPI_v2.0/3SGB.pdb,13.963593240029734,3SGB,3sgb_251,PDB/mutant_pdbs/3sgb/3sgb_251.pdb
"I_H46R, I_K49E, I_L12M",SKEMPI_v2.0,3SGB,1.47e-11,E,I,PDB/SKEMPI_v2.0/3SGB.pdb,14.572751168706693,3SGB,3sgb_252,PDB/mutant_pdbs/3sgb/3sgb_252.pdb
"I_L12M, I_S45N",SKEMPI_v2.0,3SGB,3.85e-11,E,I,PDB/SKEMPI_v2.0/3SGB.pdb,14.010240493098452,3SGB,3sgb_253,PDB/mutant_pdbs/3sgb/3sgb_253.pdb
"I_G26S, I_N30D, I_T24I, I_V36L, I_Y14D, I_Y5H",SKEMPI_v2.0,3SGB,2.33e-07,E,I,PDB/SKEMPI_v2.0/3SGB.pdb,8.922616376784328,3SGB,3sgb_254,PDB/mutant_pdbs/3sgb/3sgb_254.pdb
I_Y14H,SKEMPI_v2.0,3SGB,1.92e-10,E,I,PDB/SKEMPI_v2.0/3SGB.pdb,13.071465097892217,3SGB,3sgb_255,PDB/mutant_pdbs/3sgb/3sgb_255.pdb
"I_L12M, I_Y14Q",SKEMPI_v2.0,3SGB,1.05e-08,E,I,PDB/SKEMPI_v2.0/3SGB.pdb,10.733557564631667,3SGB,3sgb_256,PDB/mutant_pdbs/3sgb/3sgb_256.pdb
"I_G26D, I_L12M",SKEMPI_v2.0,3SGB,8.33e-10,E,I,PDB/SKEMPI_v2.0/3SGB.pdb,12.21407339765144,3SGB,3sgb_257,PDB/mutant_pdbs/3sgb/3sgb_257.pdb
"I_E37D, I_E4D, I_G26D, I_N30S, I_R15M, I_T11L, I_T43S",SKEMPI_v2.0,3SGB,1.04e-08,E,I,PDB/SKEMPI_v2.0/3SGB.pdb,10.739148402052438,3SGB,3sgb_258,PDB/mutant_pdbs/3sgb/3sgb_258.pdb
"I_A9G, I_G26N, I_K49E, I_L12M, I_N27D, I_R15L, I_S45N, I_T11M, I_Y14R",SKEMPI_v2.0,3SGB,1.33e-05,E,I,PDB/SKEMPI_v2.0/3SGB.pdb,6.5596767572469314,3SGB,3sgb_259,PDB/mutant_pdbs/3sgb/3sgb_259.pdb
"I_E37D, I_E4D, I_G26S, I_L17F, I_N22S, I_R15M",SKEMPI_v2.0,3SGB,2.7e-10,E,I,PDB/SKEMPI_v2.0/3SGB.pdb,12.872282812831738,3SGB,3sgb_260,PDB/mutant_pdbs/3sgb/3sgb_260.pdb
"I_E37D, I_E4G, I_G26S, I_K7Q, I_L17F, I_N30D, I_R15V, I_T11S, I_V36A",SKEMPI_v2.0,3SGB,3.85e-09,E,I,PDB/SKEMPI_v2.0/3SGB.pdb,11.319724834322264,3SGB,3sgb_261,PDB/mutant_pdbs/3sgb/3sgb_261.pdb
"I_E13D, I_E37D, I_E4D, I_G26S, I_G48E, I_N22S, I_R15M, I_T11S",SKEMPI_v2.0,3SGB,4.76e-08,E,I,PDB/SKEMPI_v2.0/3SGB.pdb,9.850506576709694,3SGB,3sgb_262,PDB/mutant_pdbs/3sgb/3sgb_262.pdb
"I_A9V, I_E37D, I_E4D, I_R15M, I_Y14E",SKEMPI_v2.0,3SGB,3.23e-10,E,I,PDB/SKEMPI_v2.0/3SGB.pdb,12.767569613970851,3SGB,3sgb_263,PDB/mutant_pdbs/3sgb/3sgb_263.pdb
"I_A9V, I_E37D, I_E4D, I_R15M, I_T11S, I_V36A",SKEMPI_v2.0,3SGB,2.27e-10,E,I,PDB/SKEMPI_v2.0/3SGB.pdb,12.973631722027278,3SGB,3sgb_264,PDB/mutant_pdbs/3sgb/3sgb_264.pdb
"I_A9V, I_D1N, I_E13L, I_E37D, I_E4D, I_R15M, I_T11S, I_V36A",SKEMPI_v2.0,3SGB,1.54e-09,E,I,PDB/SKEMPI_v2.0/3SGB.pdb,11.85505674661509,3SGB,3sgb_265,PDB/mutant_pdbs/3sgb/3sgb_265.pdb
"I_A9V, I_E37H, I_E4D, I_G26H, I_K23I, I_L44F, I_N30Y, I_R15M, I_V36A, I_Y14D",SKEMPI_v2.0,3SGB,9.09e-10,E,I,PDB/SKEMPI_v2.0/3SGB.pdb,12.163062725007928,3SGB,3sgb_266,PDB/mutant_pdbs/3sgb/3sgb_266.pdb
"I_A9V, I_E13D, I_E37D, I_E4D, I_G26S, I_K7Q, I_L12G, I_N22S, I_R15M, I_S45N, I_T11M",SKEMPI_v2.0,3SGB,3.33e-07,E,I,PDB/SKEMPI_v2.0/3SGB.pdb,8.713982610173614,3SGB,3sgb_267,PDB/mutant_pdbs/3sgb/3sgb_267.pdb
"I_E13D, I_E37D, I_G26S, I_L17I, I_N22S, I_N30D, I_V36M, I_Y5H",SKEMPI_v2.0,3SGB,9.09e-10,E,I,PDB/SKEMPI_v2.0/3SGB.pdb,12.163062725007928,3SGB,3sgb_268,PDB/mutant_pdbs/3sgb/3sgb_268.pdb
"I_A9V, I_E13D, I_E37D, I_E4D, I_G26S, I_K23T, I_L42I, I_R15M",SKEMPI_v2.0,3SGB,1.35e-10,E,I,PDB/SKEMPI_v2.0/3SGB.pdb,13.277245771379372,3SGB,3sgb_269,PDB/mutant_pdbs/3sgb/3sgb_269.pdb
"I_A9V, I_E13D, I_E37D, I_E4D, I_G26N, I_K23T, I_L42I, I_N30I, I_R15M, I_T11S",SKEMPI_v2.0,3SGB,2.38e-08,E,I,PDB/SKEMPI_v2.0/3SGB.pdb,10.255469535257332,3SGB,3sgb_270,PDB/mutant_pdbs/3sgb/3sgb_270.pdb
"I_A9V, I_E13D, I_E37D, I_E4D, I_G26S, I_K49R, I_K7R, I_L42I, I_R15M",SKEMPI_v2.0,3SGB,1.56e-11,E,I,PDB/SKEMPI_v2.0/3SGB.pdb,14.538033745285256,3SGB,3sgb_271,PDB/mutant_pdbs/3sgb/3sgb_271.pdb
"I_A9V, I_E13D, I_E37D, I_E4D, I_G26S, I_K49R, I_L42I, I_R15M",SKEMPI_v2.0,3SGB,1.12e-10,E,I,PDB/SKEMPI_v2.0/3SGB.pdb,13.386367363536872,3SGB,3sgb_272,PDB/mutant_pdbs/3sgb/3sgb_272.pdb
"I_A9D, I_L12A",SKEMPI_v2.0,3SGB,1.49e-09,E,I,PDB/SKEMPI_v2.0/3SGB.pdb,11.87434028096872,3SGB,3sgb_273,PDB/mutant_pdbs/3sgb/3sgb_273.pdb
"I_G26D, I_L12K, I_T11P",SKEMPI_v2.0,3SGB,1.12e-06,E,I,PDB/SKEMPI_v2.0/3SGB.pdb,8.005336045984498,3SGB,3sgb_274,PDB/mutant_pdbs/3sgb/3sgb_274.pdb
"I_L12K, I_T11P",SKEMPI_v2.0,3SGB,7.69e-07,E,I,PDB/SKEMPI_v2.0/3SGB.pdb,8.225005460837641,3SGB,3sgb_275,PDB/mutant_pdbs/3sgb/3sgb_275.pdb
"I_E37D, I_E4D, I_G26D, I_L12M, I_R15M",SKEMPI_v2.0,3SGB,5e-10,E,I,PDB/SKEMPI_v2.0/3SGB.pdb,12.512283423040476,3SGB,3sgb_276,PDB/mutant_pdbs/3sgb/3sgb_276.pdb
I_G26V,SKEMPI_v2.0,3SGB,2.5e-09,E,I,PDB/SKEMPI_v2.0/3SGB.pdb,11.571988552200015,3SGB,3sgb_277,PDB/mutant_pdbs/3sgb/3sgb_277.pdb
I_Y14D,SKEMPI_v2.0,3SGB,2.08e-09,E,I,PDB/SKEMPI_v2.0/3SGB.pdb,11.679443272892899,3SGB,3sgb_278,PDB/mutant_pdbs/3sgb/3sgb_278.pdb
I_T11E,SKEMPI_v2.0,3SGB,3.33e-08,E,I,PDB/SKEMPI_v2.0/3SGB.pdb,10.059240439561709,3SGB,3sgb_279,PDB/mutant_pdbs/3sgb/3sgb_279.pdb
"I_E37D, I_E4D, I_L12F, I_R15M",SKEMPI_v2.0,3SGB,6.67e-11,E,I,PDB/SKEMPI_v2.0/3SGB.pdb,13.689174392791797,3SGB,3sgb_280,PDB/mutant_pdbs/3sgb/3sgb_280.pdb
I_T11S,SKEMPI_v2.0,3SGB,1.3e-09,E,I,PDB/SKEMPI_v2.0/3SGB.pdb,11.954037277695342,3SGB,3sgb_281,PDB/mutant_pdbs/3sgb/3sgb_281.pdb
I_T11V,SKEMPI_v2.0,3SGB,5e-10,E,I,PDB/SKEMPI_v2.0/3SGB.pdb,12.512283423040476,3SGB,3sgb_282,PDB/mutant_pdbs/3sgb/3sgb_282.pdb
I_A9V,SKEMPI_v2.0,3SGB,5.88e-12,E,I,PDB/SKEMPI_v2.0/3SGB.pdb,15.108083080999519,3SGB,3sgb_283,PDB/mutant_pdbs/3sgb/3sgb_283.pdb
"I_A9V, I_T11S",SKEMPI_v2.0,3SGB,2.7e-10,E,I,PDB/SKEMPI_v2.0/3SGB.pdb,12.872282812831738,3SGB,3sgb_284,PDB/mutant_pdbs/3sgb/3sgb_284.pdb
I_T11A,SKEMPI_v2.0,3SGB,4.17e-09,E,I,PDB/SKEMPI_v2.0/3SGB.pdb,11.273077581253547,3SGB,3sgb_285,PDB/mutant_pdbs/3sgb/3sgb_285.pdb
I_L12A,SKEMPI_v2.0,3SGB,2.63e-09,E,I,PDB/SKEMPI_v2.0/3SGB.pdb,11.542371705840456,3SGB,3sgb_286,PDB/mutant_pdbs/3sgb/3sgb_286.pdb
I_L12E,SKEMPI_v2.0,3SGB,8.33e-07,E,I,PDB/SKEMPI_v2.0/3SGB.pdb,8.17829990948716,3SGB,3sgb_287,PDB/mutant_pdbs/3sgb/3sgb_287.pdb
I_L12Q,SKEMPI_v2.0,3SGB,1.19e-09,E,I,PDB/SKEMPI_v2.0/3SGB.pdb,12.005690323193058,3SGB,3sgb_288,PDB/mutant_pdbs/3sgb/3sgb_288.pdb
"I_A9R, I_L12R",SKEMPI_v2.0,3SGB,1.05e-07,E,I,PDB/SKEMPI_v2.0/3SGB.pdb,9.388299735243574,3SGB,3sgb_289,PDB/mutant_pdbs/3sgb/3sgb_289.pdb
"I_A9R, I_L12R, I_T11P",SKEMPI_v2.0,3SGB,3.33e-05,E,I,PDB/SKEMPI_v2.0/3SGB.pdb,6.023466951397429,3SGB,3sgb_290,PDB/mutant_pdbs/3sgb/3sgb_290.pdb
"I_A9R, I_L12R, I_P8S, I_T11P",SKEMPI_v2.0,3SGB,1.85e-05,E,I,PDB/SKEMPI_v2.0/3SGB.pdb,6.366874287515163,3SGB,3sgb_291,PDB/mutant_pdbs/3sgb/3sgb_291.pdb
"I_A9Y, I_K7T, I_P8E",SKEMPI_v2.0,3SGB,2.63e-14,E,I,PDB/SKEMPI_v2.0/3SGB.pdb,18.33079915500127,3SGB,3sgb_292,PDB/mutant_pdbs/3sgb/3sgb_292.pdb
"I_A9Y, I_G26P, I_K7T, I_L12G, I_N30V, I_P8E, I_R15M",SKEMPI_v2.0,3SGB,4e-10,E,I,PDB/SKEMPI_v2.0/3SGB.pdb,12.685654595754324,3SGB,3sgb_293,PDB/mutant_pdbs/3sgb/3sgb_293.pdb
"I_A9Y, I_K7S, I_P8D",SKEMPI_v2.0,3SGB,1.64e-14,E,I,PDB/SKEMPI_v2.0/3SGB.pdb,18.607666076910295,3SGB,3sgb_294,PDB/mutant_pdbs/3sgb/3sgb_294.pdb
"I_A9Y, I_E13I, I_K7S, I_L12G, I_P8D, I_R15K",SKEMPI_v2.0,3SGB,2.08e-11,E,I,PDB/SKEMPI_v2.0/3SGB.pdb,14.418836343001294,3SGB,3sgb_295,PDB/mutant_pdbs/3sgb/3sgb_295.pdb
C_N35A,SKEMPI_v2.0,3SZK,2.1e-08,"A, B",C,PDB/SKEMPI_v2.0/3SZK.pdb,9.942150590210142,3SZK,3szk_1,PDB/mutant_pdbs/3szk/3szk_1.pdb
C_T38A,SKEMPI_v2.0,3SZK,8.2e-08,"A, B",C,PDB/SKEMPI_v2.0/3SZK.pdb,9.176079976019656,3SZK,3szk_2,PDB/mutant_pdbs/3szk/3szk_2.pdb
C_Q39A,SKEMPI_v2.0,3SZK,6.2e-08,"A, B",C,PDB/SKEMPI_v2.0/3SZK.pdb,9.333312576785174,3SZK,3szk_3,PDB/mutant_pdbs/3szk/3szk_3.pdb
C_Y40A,SKEMPI_v2.0,3SZK,2.29e-06,"A, B",C,PDB/SKEMPI_v2.0/3SZK.pdb,7.30359033954636,3SZK,3szk_4,PDB/mutant_pdbs/3szk/3szk_4.pdb
C_Y41A,SKEMPI_v2.0,3SZK,2.61e-06,"A, B",C,PDB/SKEMPI_v2.0/3SZK.pdb,7.230032089513598,3SZK,3szk_5,PDB/mutant_pdbs/3szk/3szk_5.pdb
C_H42A,SKEMPI_v2.0,3SZK,1.23e-06,"A, B",C,PDB/SKEMPI_v2.0/3SZK.pdb,7.653129939514778,3SZK,3szk_6,PDB/mutant_pdbs/3szk/3szk_6.pdb
C_F43A,SKEMPI_v2.0,3SZK,7.2e-07,"A, B",C,PDB/SKEMPI_v2.0/3SZK.pdb,7.954294045437189,3SZK,3szk_7,PDB/mutant_pdbs/3szk/3szk_7.pdb
C_F44A,SKEMPI_v2.0,3SZK,6.98e-07,"A, B",C,PDB/SKEMPI_v2.0/3SZK.pdb,7.971745845958617,3SZK,3szk_8,PDB/mutant_pdbs/3szk/3szk_8.pdb
C_N66A,SKEMPI_v2.0,3SZK,2.4e-08,"A, B",C,PDB/SKEMPI_v2.0/3SZK.pdb,9.867055365169891,3SZK,3szk_9,PDB/mutant_pdbs/3szk/3szk_9.pdb
C_S69A,SKEMPI_v2.0,3SZK,2.19e-07,"A, B",C,PDB/SKEMPI_v2.0/3SZK.pdb,8.623625760601241,3SZK,3szk_10,PDB/mutant_pdbs/3szk/3szk_10.pdb
C_T70A,SKEMPI_v2.0,3SZK,2.03e-07,"A, B",C,PDB/SKEMPI_v2.0/3SZK.pdb,8.666291050877172,3SZK,3szk_11,PDB/mutant_pdbs/3szk/3szk_11.pdb
C_D120A,SKEMPI_v2.0,3SZK,5.3e-08,"A, B",C,PDB/SKEMPI_v2.0/3SZK.pdb,9.421517458507276,3SZK,3szk_12,PDB/mutant_pdbs/3szk/3szk_12.pdb
C_D121A,SKEMPI_v2.0,3SZK,5.5e-08,"A, B",C,PDB/SKEMPI_v2.0/3SZK.pdb,9.400686232396765,3SZK,3szk_13,PDB/mutant_pdbs/3szk/3szk_13.pdb
C_G122A,SKEMPI_v2.0,3SZK,3.2e-08,"A, B",C,PDB/SKEMPI_v2.0/3SZK.pdb,9.705269064988338,3SZK,3szk_14,PDB/mutant_pdbs/3szk/3szk_14.pdb
C_E123A,SKEMPI_v2.0,3SZK,7e-08,"A, B",C,PDB/SKEMPI_v2.0/3SZK.pdb,9.265061803025631,3SZK,3szk_15,PDB/mutant_pdbs/3szk/3szk_15.pdb
C_E124A,SKEMPI_v2.0,3SZK,5.5e-08,"A, B",C,PDB/SKEMPI_v2.0/3SZK.pdb,9.400686232396765,3SZK,3szk_16,PDB/mutant_pdbs/3szk/3szk_16.pdb
C_V27A,SKEMPI_v2.0,3SZK,2e-08,"A, B",C,PDB/SKEMPI_v2.0/3SZK.pdb,9.96958914444103,3SZK,3szk_17,PDB/mutant_pdbs/3szk/3szk_17.pdb
C_D48A,SKEMPI_v2.0,3SZK,2.4e-08,"A, B",C,PDB/SKEMPI_v2.0/3SZK.pdb,9.867055365169891,3SZK,3szk_18,PDB/mutant_pdbs/3szk/3szk_18.pdb
C_D51A,SKEMPI_v2.0,3SZK,2.4e-08,"A, B",C,PDB/SKEMPI_v2.0/3SZK.pdb,9.867055365169891,3SZK,3szk_19,PDB/mutant_pdbs/3szk/3szk_19.pdb
C_K56A,SKEMPI_v2.0,3SZK,2e-08,"A, B",C,PDB/SKEMPI_v2.0/3SZK.pdb,9.96958914444103,3SZK,3szk_20,PDB/mutant_pdbs/3szk/3szk_20.pdb
C_K57A,SKEMPI_v2.0,3SZK,1.6e-08,"A, B",C,PDB/SKEMPI_v2.0/3SZK.pdb,10.095080348216163,3SZK,3szk_21,PDB/mutant_pdbs/3szk/3szk_21.pdb
E_N170D,SKEMPI_v2.0,3TGK,9e-06,E,I,PDB/SKEMPI_v2.0/3TGK.pdb,6.880196398885611,3TGK,3tgk_1,PDB/mutant_pdbs/3tgk/3tgk_1.pdb
B_I45A,SKEMPI_v2.0,3U82,1e-06,A,B,PDB/SKEMPI_v2.0/3U82.pdb,8.181363941992895,3U82,3u82_1,PDB/mutant_pdbs/3u82/3u82_1.pdb
"B_E90A, B_N98A, B_Q29A, B_T28A",SKEMPI_v2.0,3U82,2.27e-09,A,B,PDB/SKEMPI_v2.0/3U82.pdb,11.786583061246523,3U82,3u82_2,PDB/mutant_pdbs/3u82/3u82_2.pdb
A_E47A,SKEMPI_v2.0,3UIG,1.43e-05,A,P,PDB/SKEMPI_v2.0/3UIG.pdb,6.6059931756926265,3UIG,3uig_1,PDB/mutant_pdbs/3uig/3uig_1.pdb
A_K58A,SKEMPI_v2.0,3UIG,1.02e-05,A,P,PDB/SKEMPI_v2.0/3UIG.pdb,6.8060764291360965,3UIG,3uig_2,PDB/mutant_pdbs/3uig/3uig_2.pdb
A_E61A,SKEMPI_v2.0,3UIG,9.34e-05,A,P,PDB/SKEMPI_v2.0/3UIG.pdb,5.494676460925025,3UIG,3uig_3,PDB/mutant_pdbs/3uig/3uig_3.pdb
A_D67A,SKEMPI_v2.0,3UIG,0.00015,A,P,PDB/SKEMPI_v2.0/3UIG.pdb,5.21413151510555,3UIG,3uig_4,PDB/mutant_pdbs/3uig/3uig_4.pdb
A_E72A,SKEMPI_v2.0,3UIG,9.9e-05,A,P,PDB/SKEMPI_v2.0/3UIG.pdb,5.460194304917501,3UIG,3uig_5,PDB/mutant_pdbs/3uig/3uig_5.pdb
"A_H76W, A_K58Y",SKEMPI_v2.0,3UIH,1.98e-05,A,P,PDB/SKEMPI_v2.0/3UIH.pdb,6.413282303252387,3UIH,3uih_1,PDB/mutant_pdbs/3uih/3uih_1.pdb
A_K58A,SKEMPI_v2.0,3UII,1.08e-05,A,P,PDB/SKEMPI_v2.0/3UII.pdb,6.772227967002927,3UII,3uii_1,PDB/mutant_pdbs/3uii/3uii_1.pdb
"A_H76W, A_K58Y",SKEMPI_v2.0,3UII,1.06e-05,A,P,PDB/SKEMPI_v2.0/3UII.pdb,6.783297202727726,3UII,3uii_2,PDB/mutant_pdbs/3uii/3uii_2.pdb
C_L2Q,ATLAS,3UTT,8.4e-05,"A, C","D, E",PDB/ATLAS/3UTT.pdb,5.560289809951767,3UTT_at,3utt_at_1,PDB/mutant_pdbs/3utt_at/3utt_at_1.pdb
G_L28N,SKEMPI_v2.0,3VR6,2.7e-09,"A, B, C, D, E, F","G, H",PDB/SKEMPI_v2.0/3VR6.pdb,11.683855255327233,3VR6,3vr6_1,PDB/mutant_pdbs/3vr6/3vr6_1.pdb
G_L29N,SKEMPI_v2.0,3VR6,5e-09,"A, B, C, D, E, F","G, H",PDB/SKEMPI_v2.0/3VR6.pdb,11.318957914654456,3VR6,3vr6_2,PDB/mutant_pdbs/3vr6/3vr6_2.pdb
G_R134A,SKEMPI_v2.0,3VR6,6.5e-09,"A, B, C, D, E, F","G, H",PDB/SKEMPI_v2.0/3VR6.pdb,11.163589242322299,3VR6,3vr6_3,PDB/mutant_pdbs/3vr6/3vr6_3.pdb
G_R135A,SKEMPI_v2.0,3VR6,7.3e-09,"A, B, C, D, E, F","G, H",PDB/SKEMPI_v2.0/3VR6.pdb,11.094852826641397,3VR6,3vr6_4,PDB/mutant_pdbs/3vr6/3vr6_4.pdb
"G_R134A, G_R135A",SKEMPI_v2.0,3VR6,1.7e-08,"A, B, C, D, E, F","G, H",PDB/SKEMPI_v2.0/3VR6.pdb,10.594254173351299,3VR6,3vr6_5,PDB/mutant_pdbs/3vr6/3vr6_5.pdb
G_A138S,SKEMPI_v2.0,3VR6,9e-10,"A, B, C, D, E, F","G, H",PDB/SKEMPI_v2.0/3VR6.pdb,12.334439026880876,3VR6,3vr6_6,PDB/mutant_pdbs/3vr6/3vr6_6.pdb
G_L139N,SKEMPI_v2.0,3VR6,5.3e-09,"A, B, C, D, E, F","G, H",PDB/SKEMPI_v2.0/3VR6.pdb,11.284451832388104,3VR6,3vr6_7,PDB/mutant_pdbs/3vr6/3vr6_7.pdb
"A_R476A, B_R481A, C_R471A",SKEMPI_v2.0,3VR6,1e-09,"A, B, C, D, E, F","G, H",PDB/SKEMPI_v2.0/3VR6.pdb,12.272045912989343,3VR6,3vr6_8,PDB/mutant_pdbs/3vr6/3vr6_8.pdb
"D_V385A, E_V385A, F_V388A",SKEMPI_v2.0,3VR6,5.2e-09,"A, B, C, D, E, F","G, H",PDB/SKEMPI_v2.0/3VR6.pdb,11.295731923329328,3VR6,3vr6_9,PDB/mutant_pdbs/3vr6/3vr6_9.pdb
"D_L386A, E_L386A, F_L389A",SKEMPI_v2.0,3VR6,1.09e-08,"A, B, C, D, E, F","G, H",PDB/SKEMPI_v2.0/3VR6.pdb,10.857451955869445,3VR6,3vr6_10,PDB/mutant_pdbs/3vr6/3vr6_10.pdb
"A_R476A, B_R481A, C_R471A, G_R134A, G_R135A",SKEMPI_v2.0,3VR6,1.48e-08,"A, B, C, D, E, F","G, H",PDB/SKEMPI_v2.0/3VR6.pdb,10.676323079484833,3VR6,3vr6_11,PDB/mutant_pdbs/3vr6/3vr6_11.pdb
"D_V385A, E_V385A, F_V388A, G_R134A, G_R135A",SKEMPI_v2.0,3VR6,1.08e-08,"A, B, C, D, E, F","G, H",PDB/SKEMPI_v2.0/3VR6.pdb,10.862909937999374,3VR6,3vr6_12,PDB/mutant_pdbs/3vr6/3vr6_12.pdb
"A_L477A, A_V478A, B_L482A, B_V483A, C_L472A, C_V473A",SKEMPI_v2.0,3VR6,1.1e-09,"A, B, C, D, E, F","G, H",PDB/SKEMPI_v2.0/3VR6.pdb,12.215604476020047,3VR6,3vr6_13,PDB/mutant_pdbs/3vr6/3vr6_13.pdb
"A_L477A, A_V478A, B_L482A, B_V483A, C_L472A, C_V473A, D_L386A, E_L386A, F_L389A",SKEMPI_v2.0,3VR6,1.2e-09,"A, B, C, D, E, F","G, H",PDB/SKEMPI_v2.0/3VR6.pdb,12.16407748110666,3VR6,3vr6_14,PDB/mutant_pdbs/3vr6/3vr6_14.pdb
"A_L477A, A_V478A, B_L482A, B_V483A, C_L472A, C_V473A, G_R134A, G_R135A",SKEMPI_v2.0,3VR6,5.09e-08,"A, B, C, D, E, F","G, H",PDB/SKEMPI_v2.0/3VR6.pdb,9.94483269239467,3VR6,3vr6_15,PDB/mutant_pdbs/3vr6/3vr6_15.pdb
"A_L477A, A_V478A, B_L482A, B_V483A, C_L472A, C_V473A, G_L139N",SKEMPI_v2.0,3VR6,1.4e-09,"A, B, C, D, E, F","G, H",PDB/SKEMPI_v2.0/3VR6.pdb,12.072791472653979,3VR6,3vr6_16,PDB/mutant_pdbs/3vr6/3vr6_16.pdb
"D_R347E, E_R347E, F_R350E",SKEMPI_v2.0,3VR6,1.3e-09,"A, B, C, D, E, F","G, H",PDB/SKEMPI_v2.0/3VR6.pdb,12.116677240657186,3VR6,3vr6_17,PDB/mutant_pdbs/3vr6/3vr6_17.pdb
"D_R347K, E_R347K, F_R350K",SKEMPI_v2.0,3VR6,6.2e-09,"A, B, C, D, E, F","G, H",PDB/SKEMPI_v2.0/3VR6.pdb,11.191571780256702,3VR6,3vr6_18,PDB/mutant_pdbs/3vr6/3vr6_18.pdb
C_F2Y,ATLAS,3VXM,3.75e-05,"A, C","D, E",PDB/ATLAS/3VXM.pdb,6.038114622785303,3VXM_at,3vxm_at_1,PDB/mutant_pdbs/3vxm_at/3vxm_at_1.pdb
C_Y2F,ATLAS,3VXR,0.0002915,"A, C","D, E",PDB/ATLAS/3VXR.pdb,4.82310628575095,3VXR_at,3vxr_at_1,PDB/mutant_pdbs/3vxr_at/3vxr_at_1.pdb
C_F2Y,ATLAS,3VXU,4.87e-05,"A, C","D, E",PDB/ATLAS/3VXU.pdb,5.883275733459506,3VXU_at,3vxu_at_1,PDB/mutant_pdbs/3vxu_at/3vxu_at_1.pdb
A_Y45F,SKEMPI_v2.0,3W2D,2.55e-09,A,"H, L",PDB/SKEMPI_v2.0/3W2D.pdb,11.7177037174604,3W2D,3w2d_1,PDB/mutant_pdbs/3w2d/3w2d_1.pdb
A_Y45L,SKEMPI_v2.0,3W2D,3.14e-08,A,"H, L",PDB/SKEMPI_v2.0/3W2D.pdb,10.230891538581623,3W2D,3w2d_2,PDB/mutant_pdbs/3w2d/3w2d_2.pdb
A_K67R,SKEMPI_v2.0,3W2D,2.81e-10,A,"H, L",PDB/SKEMPI_v2.0/3W2D.pdb,13.023768285618868,3W2D,3w2d_3,PDB/mutant_pdbs/3w2d/3w2d_3.pdb
A_K67N,SKEMPI_v2.0,3W2D,1.42e-06,A,"H, L",PDB/SKEMPI_v2.0/3W2D.pdb,7.973709547072674,3W2D,3w2d_4,PDB/mutant_pdbs/3w2d/3w2d_4.pdb
A_R221E,SKEMPI_v2.0,3WWN,3.75e-06,A,B,PDB/SKEMPI_v2.0/3WWN.pdb,8.26760497980178,3WWN,3wwn_1,PDB/mutant_pdbs/3wwn/3wwn_1.pdb
A_R224E,SKEMPI_v2.0,3WWN,5.88e-05,A,B,PDB/SKEMPI_v2.0/3WWN.pdb,6.4462437607795735,3WWN,3wwn_2,PDB/mutant_pdbs/3wwn/3wwn_2.pdb
A_K225E,SKEMPI_v2.0,3WWN,8.62e-06,A,B,PDB/SKEMPI_v2.0/3WWN.pdb,7.716820242659739,3WWN,3wwn_3,PDB/mutant_pdbs/3wwn/3wwn_3.pdb
B_A127G,SKEMPI_v2.0,4B0M,4e-06,A,"B, M",PDB/SKEMPI_v2.0/4B0M.pdb,7.360418624665037,4B0M,4b0m_1,PDB/mutant_pdbs/4b0m/4b0m_1.pdb
M_P98A,SKEMPI_v2.0,4B0M,4.8e-06,A,"B, M",PDB/SKEMPI_v2.0/4B0M.pdb,7.252450192782354,4B0M,4b0m_2,PDB/mutant_pdbs/4b0m/4b0m_2.pdb
M_P98S,SKEMPI_v2.0,4B0M,8.7e-06,A,"B, M",PDB/SKEMPI_v2.0/4B0M.pdb,6.900272452629216,4B0M,4b0m_3,PDB/mutant_pdbs/4b0m/4b0m_3.pdb
M_P99A,SKEMPI_v2.0,4B0M,6.14e-05,A,"B, M",PDB/SKEMPI_v2.0/4B0M.pdb,5.743087903015142,4B0M,4b0m_4,PDB/mutant_pdbs/4b0m/4b0m_4.pdb
M_P99S,SKEMPI_v2.0,4B0M,7.01e-05,A,"B, M",PDB/SKEMPI_v2.0/4B0M.pdb,5.6646154687797265,4B0M,4b0m_5,PDB/mutant_pdbs/4b0m/4b0m_5.pdb
"M_P98S, M_P99A",SKEMPI_v2.0,4B0M,8e-05,A,"B, M",PDB/SKEMPI_v2.0/4B0M.pdb,5.586385309002293,4B0M,4b0m_6,PDB/mutant_pdbs/4b0m/4b0m_6.pdb
M_Y9G,SKEMPI_v2.0,4B0M,7e-06,A,"B, M",PDB/SKEMPI_v2.0/4B0M.pdb,7.029021503322643,4B0M,4b0m_7,PDB/mutant_pdbs/4b0m/4b0m_7.pdb
M_Y37A,SKEMPI_v2.0,4B0M,3.94e-05,A,"B, M",PDB/SKEMPI_v2.0/4B0M.pdb,6.005808065521287,4B0M,4b0m_8,PDB/mutant_pdbs/4b0m/4b0m_8.pdb
"M_Y37A, M_Y9G",SKEMPI_v2.0,4B0M,0.0001,A,"B, M",PDB/SKEMPI_v2.0/4B0M.pdb,5.454242627995263,4B0M,4b0m_9,PDB/mutant_pdbs/4b0m/4b0m_9.pdb
M_L40A,SKEMPI_v2.0,4B0M,6.07e-05,A,"B, M",PDB/SKEMPI_v2.0/4B0M.pdb,5.749877998837459,4B0M,4b0m_10,PDB/mutant_pdbs/4b0m/4b0m_10.pdb
A_M8A,SKEMPI_v2.0,4B0M,5e-06,A,"B, M",PDB/SKEMPI_v2.0/4B0M.pdb,7.228275943658009,4B0M,4b0m_11,PDB/mutant_pdbs/4b0m/4b0m_11.pdb
"A_M8A, A_T7G",SKEMPI_v2.0,4B0M,5.1e-06,A,"B, M",PDB/SKEMPI_v2.0/4B0M.pdb,7.216549087800026,4B0M,4b0m_12,PDB/mutant_pdbs/4b0m/4b0m_12.pdb
B_L29K,SKEMPI_v2.0,4BFI,2e-05,A,B,PDB/SKEMPI_v2.0/4BFI.pdb,6.40733062633015,4BFI,4bfi_1,PDB/mutant_pdbs/4bfi/4bfi_1.pdb
B_N43D,SKEMPI_v2.0,4BFI,6e-05,A,B,PDB/SKEMPI_v2.0/4BFI.pdb,5.756746854776509,4BFI,4bfi_2,PDB/mutant_pdbs/4bfi/4bfi_2.pdb
B_N43A,SKEMPI_v2.0,4BFI,3e-05,A,B,PDB/SKEMPI_v2.0/4BFI.pdb,6.167219513440438,4BFI,4bfi_3,PDB/mutant_pdbs/4bfi/4bfi_3.pdb
B_L91A,SKEMPI_v2.0,4BFI,5.45e-06,A,B,PDB/SKEMPI_v2.0/4BFI.pdb,7.1772426435369265,4BFI,4bfi_4,PDB/mutant_pdbs/4bfi/4bfi_4.pdb
B_N93K,SKEMPI_v2.0,4BFI,6e-05,A,B,PDB/SKEMPI_v2.0/4BFI.pdb,5.756746854776509,4BFI,4bfi_5,PDB/mutant_pdbs/4bfi/4bfi_5.pdb
B_F95D,SKEMPI_v2.0,4BFI,6e-05,A,B,PDB/SKEMPI_v2.0/4BFI.pdb,5.756746854776509,4BFI,4bfi_6,PDB/mutant_pdbs/4bfi/4bfi_6.pdb
B_F95A,SKEMPI_v2.0,4BFI,2e-05,A,B,PDB/SKEMPI_v2.0/4BFI.pdb,6.40733062633015,4BFI,4bfi_7,PDB/mutant_pdbs/4bfi/4bfi_7.pdb
B_K99E,SKEMPI_v2.0,4BFI,3e-05,A,B,PDB/SKEMPI_v2.0/4BFI.pdb,6.167219513440438,4BFI,4bfi_8,PDB/mutant_pdbs/4bfi/4bfi_8.pdb
B_Q6K,SKEMPI_v2.0,4BFI,5.88e-07,A,B,PDB/SKEMPI_v2.0/4BFI.pdb,8.495831946767339,4BFI,4bfi_9,PDB/mutant_pdbs/4bfi/4bfi_9.pdb
B_S17D,SKEMPI_v2.0,4BFI,6.32e-07,A,B,PDB/SKEMPI_v2.0/4BFI.pdb,8.45309829365881,4BFI,4bfi_10,PDB/mutant_pdbs/4bfi/4bfi_10.pdb
B_Q26K,SKEMPI_v2.0,4BFI,4.14e-07,A,B,PDB/SKEMPI_v2.0/4BFI.pdb,8.703607208484405,4BFI,4bfi_11,PDB/mutant_pdbs/4bfi/4bfi_11.pdb
I_P35G,SKEMPI_v2.0,4CPA,1.2e-07,A,I,PDB/SKEMPI_v2.0/4CPA.pdb,9.436956167109027,4CPA,4cpa_1,PDB/mutant_pdbs/4cpa/4cpa_1.pdb
I_Y36G,SKEMPI_v2.0,4CPA,3.5e-09,A,I,PDB/SKEMPI_v2.0/4CPA.pdb,11.53017613298302,4CPA,4cpa_2,PDB/mutant_pdbs/4cpa/4cpa_2.pdb
I_Y36F,SKEMPI_v2.0,4CPA,1.5e-09,A,I,PDB/SKEMPI_v2.0/4CPA.pdb,12.03193480009963,4CPA,4cpa_3,PDB/mutant_pdbs/4cpa/4cpa_3.pdb
I_V37G,SKEMPI_v2.0,4CPA,8.2e-07,A,I,PDB/SKEMPI_v2.0/4CPA.pdb,8.298883982060753,4CPA,4cpa_4,PDB/mutant_pdbs/4cpa/4cpa_4.pdb
I_V37A,SKEMPI_v2.0,4CPA,7.6e-08,A,I,PDB/SKEMPI_v2.0/4CPA.pdb,9.707442495406646,4CPA,4cpa_5,PDB/mutant_pdbs/4cpa/4cpa_5.pdb
I_V37L,SKEMPI_v2.0,4CPA,1.3e-08,A,I,PDB/SKEMPI_v2.0/4CPA.pdb,10.75311658365837,4CPA,4cpa_6,PDB/mutant_pdbs/4cpa/4cpa_6.pdb
I_V37I,SKEMPI_v2.0,4CPA,2.1e-09,A,I,PDB/SKEMPI_v2.0/4CPA.pdb,11.832680359764266,4CPA,4cpa_7,PDB/mutant_pdbs/4cpa/4cpa_7.pdb
I_V37F,SKEMPI_v2.0,4CPA,1.5e-09,A,I,PDB/SKEMPI_v2.0/4CPA.pdb,12.03193480009963,4CPA,4cpa_8,PDB/mutant_pdbs/4cpa/4cpa_8.pdb
A_D720W,SKEMPI_v2.0,4CVW,3.3e-10,A,C,PDB/SKEMPI_v2.0/4CVW.pdb,12.928581361465222,4CVW,4cvw_1,PDB/mutant_pdbs/4cvw/4cvw_1.pdb
A_D720R,SKEMPI_v2.0,4CVW,7.2e-09,A,C,PDB/SKEMPI_v2.0/4CVW.pdb,11.103021050889087,4CVW,4cvw_2,PDB/mutant_pdbs/4cvw/4cvw_2.pdb
C_R27A,SKEMPI_v2.0,4CVW,9.2e-10,A,C,PDB/SKEMPI_v2.0/4CVW.pdb,12.321423406925394,4CVW,4cvw_3,PDB/mutant_pdbs/4cvw/4cvw_3.pdb
C_R31A,SKEMPI_v2.0,4CVW,1.4e-09,A,C,PDB/SKEMPI_v2.0/4CVW.pdb,12.072791472653979,4CVW,4cvw_4,PDB/mutant_pdbs/4cvw/4cvw_4.pdb
C_R31W,SKEMPI_v2.0,4CVW,5.2e-10,A,C,PDB/SKEMPI_v2.0/4CVW.pdb,12.659292580328145,4CVW,4cvw_5,PDB/mutant_pdbs/4cvw/4cvw_5.pdb
C_L34G,SKEMPI_v2.0,4CVW,4.2e-09,A,C,PDB/SKEMPI_v2.0/4CVW.pdb,11.422207701100335,4CVW,4cvw_6,PDB/mutant_pdbs/4cvw/4cvw_6.pdb
C_L34W,SKEMPI_v2.0,4CVW,7.4e-11,A,C,PDB/SKEMPI_v2.0/4CVW.pdb,13.813917052146394,4CVW,4cvw_7,PDB/mutant_pdbs/4cvw/4cvw_7.pdb
C_V35D,SKEMPI_v2.0,4CVW,1.7e-07,A,C,PDB/SKEMPI_v2.0/4CVW.pdb,9.230693516352485,4CVW,4cvw_8,PDB/mutant_pdbs/4cvw/4cvw_8.pdb
"C_L34G, C_V35D",SKEMPI_v2.0,4CVW,2e-05,A,C,PDB/SKEMPI_v2.0/4CVW.pdb,6.40733062633015,4CVW,4cvw_9,PDB/mutant_pdbs/4cvw/4cvw_9.pdb
"A_E81A, B_E81A",SKEMPI_v2.0,4E6K,0.000259,"A, B",G,PDB/SKEMPI_v2.0/4E6K.pdb,4.841448263065157,4E6K,4e6k_1,PDB/mutant_pdbs/4e6k/4e6k_1.pdb
"A_L68A, B_L68A",SKEMPI_v2.0,4E6K,0.000299,"A, B",G,PDB/SKEMPI_v2.0/4E6K.pdb,4.757257222915497,4E6K,4e6k_2,PDB/mutant_pdbs/4e6k/4e6k_2.pdb
"A_E85A, B_E85A",SKEMPI_v2.0,4E6K,0.00059,"A, B",G,PDB/SKEMPI_v2.0/4E6K.pdb,4.358812248331324,4E6K,4e6k_3,PDB/mutant_pdbs/4e6k/4e6k_3.pdb
G_Y2F,SKEMPI_v2.0,4E6K,1.07e-05,"A, B",G,PDB/SKEMPI_v2.0/4E6K.pdb,6.709504472911462,4E6K,4e6k_4,PDB/mutant_pdbs/4e6k/4e6k_4.pdb
G_K40A,SKEMPI_v2.0,4E6K,7.7e-06,"A, B",G,PDB/SKEMPI_v2.0/4E6K.pdb,6.9023863072961005,4E6K,4e6k_5,PDB/mutant_pdbs/4e6k/4e6k_5.pdb
G_L5A,SKEMPI_v2.0,4E6K,8.2e-05,"A, B",G,PDB/SKEMPI_v2.0/4E6K.pdb,5.515671097579263,4E6K,4e6k_6,PDB/mutant_pdbs/4e6k/4e6k_6.pdb
A_C147R,SKEMPI_v2.0,4EKD,2e-08,A,B,PDB/SKEMPI_v2.0/4EKD.pdb,10.498012597326598,4EKD,4ekd_1,PDB/mutant_pdbs/4ekd/4ekd_1.pdb
D_K66A,SKEMPI_v2.0,4FTV,1.3e-07,"A, B, C","D, E",PDB/SKEMPI_v2.0/4FTV.pdb,9.389555926659554,4FTV,4ftv_1,PDB/mutant_pdbs/4ftv/4ftv_1.pdb
A_T163A,SKEMPI_v2.0,4FTV,3.44e-06,"A, B, C","D, E",PDB/SKEMPI_v2.0/4FTV.pdb,7.449733959521798,4FTV,4ftv_2,PDB/mutant_pdbs/4ftv/4ftv_2.pdb
"A_T163A, D_K66A",SKEMPI_v2.0,4FTV,5.13e-08,"A, B, C","D, E",PDB/SKEMPI_v2.0/4FTV.pdb,9.94019715507239,4FTV,4ftv_3,PDB/mutant_pdbs/4ftv/4ftv_3.pdb
D_D93A,SKEMPI_v2.0,4FTV,1.18e-05,"A, B, C","D, E",PDB/SKEMPI_v2.0/4FTV.pdb,6.7197878078853455,4FTV,4ftv_4,PDB/mutant_pdbs/4ftv/4ftv_4.pdb
A_R65A,SKEMPI_v2.0,4FTV,0.00136,"A, B, C","D, E",PDB/SKEMPI_v2.0/4FTV.pdb,3.9085935693642493,4FTV,4ftv_5,PDB/mutant_pdbs/4ftv/4ftv_5.pdb
"A_R65A, D_D93A",SKEMPI_v2.0,4FTV,2.27e-05,"A, B, C","D, E",PDB/SKEMPI_v2.0/4FTV.pdb,6.332340433251258,4FTV,4ftv_6,PDB/mutant_pdbs/4ftv/4ftv_6.pdb
"A_E63Q, D_D93A",SKEMPI_v2.0,4FTV,2.6e-06,"A, B, C","D, E",PDB/SKEMPI_v2.0/4FTV.pdb,7.615522610996808,4FTV,4ftv_7,PDB/mutant_pdbs/4ftv/4ftv_7.pdb
"A_E63Q, A_K66A",SKEMPI_v2.0,4FTV,2.48e-05,"A, B, C","D, E",PDB/SKEMPI_v2.0/4FTV.pdb,6.279944491932397,4FTV,4ftv_8,PDB/mutant_pdbs/4ftv/4ftv_8.pdb
"A_E63Q, A_K66A, D_D93A",SKEMPI_v2.0,4FTV,6e-05,"A, B, C","D, E",PDB/SKEMPI_v2.0/4FTV.pdb,5.756746854776509,4FTV,4ftv_9,PDB/mutant_pdbs/4ftv/4ftv_9.pdb
"E_A100G, E_M98A, E_Q101R, E_S99G",SKEMPI_v2.0,4FTV,3.2e-06,"A, B, C","D, E",PDB/SKEMPI_v2.0/4FTV.pdb,7.4925613056720675,4FTV,4ftv_10,PDB/mutant_pdbs/4ftv/4ftv_10.pdb
"E_A100G, E_Q101R, E_S99G",SKEMPI_v2.0,4FTV,1.9e-06,"A, B, C","D, E",PDB/SKEMPI_v2.0/4FTV.pdb,7.8012664987368705,4FTV,4ftv_11,PDB/mutant_pdbs/4ftv/4ftv_11.pdb
"E_A100G, E_M98A, E_Q101R",SKEMPI_v2.0,4FTV,1.8e-06,"A, B, C","D, E",PDB/SKEMPI_v2.0/4FTV.pdb,7.833284397220498,4FTV,4ftv_12,PDB/mutant_pdbs/4ftv/4ftv_12.pdb
"E_M98A, E_Q101E",SKEMPI_v2.0,4FTV,9.4e-09,"A, B, C","D, E",PDB/SKEMPI_v2.0/4FTV.pdb,10.945127057591092,4FTV,4ftv_13,PDB/mutant_pdbs/4ftv/4ftv_13.pdb
E_Q101E,SKEMPI_v2.0,4FTV,4.4e-09,"A, B, C","D, E",PDB/SKEMPI_v2.0/4FTV.pdb,11.39465915869219,4FTV,4ftv_14,PDB/mutant_pdbs/4ftv/4ftv_14.pdb
E_Q101R,SKEMPI_v2.0,4FTV,8e-09,"A, B, C","D, E",PDB/SKEMPI_v2.0/4FTV.pdb,11.040627936997558,4FTV,4ftv_15,PDB/mutant_pdbs/4ftv/4ftv_15.pdb
A_F168E,SKEMPI_v2.0,4FZA,2.28e-08,A,B,PDB/SKEMPI_v2.0/4FZA.pdb,10.420419380851818,4FZA,4fza_1,PDB/mutant_pdbs/4fza/4fza_1.pdb
A_Y213A,SKEMPI_v2.0,4FZA,7.79e-08,A,B,PDB/SKEMPI_v2.0/4FZA.pdb,9.692819854467473,4FZA,4fza_2,PDB/mutant_pdbs/4fza/4fza_2.pdb
A_R217A,SKEMPI_v2.0,4FZA,5.17e-08,A,B,PDB/SKEMPI_v2.0/4FZA.pdb,9.93559762228691,4FZA,4fza_3,PDB/mutant_pdbs/4fza/4fza_3.pdb
B_E122A,SKEMPI_v2.0,4FZA,1.87e-08,A,B,PDB/SKEMPI_v2.0/4FZA.pdb,10.537812736382005,4FZA,4fza_4,PDB/mutant_pdbs/4fza/4fza_4.pdb
B_R6A,SKEMPI_v2.0,4G0N,1.29e-06,A,B,PDB/SKEMPI_v2.0/4G0N.pdb,8.30005031711296,4G0N,4g0n_1,PDB/mutant_pdbs/4g0n/4g0n_1.pdb
B_N11A,SKEMPI_v2.0,4G0N,9.45e-08,A,B,PDB/SKEMPI_v2.0/4G0N.pdb,9.89984846994364,4G0N,4g0n_2,PDB/mutant_pdbs/4g0n/4g0n_2.pdb
B_Q13A,SKEMPI_v2.0,4G0N,1.29e-06,A,B,PDB/SKEMPI_v2.0/4G0N.pdb,8.30005031711296,4G0N,4g0n_3,PDB/mutant_pdbs/4g0n/4g0n_3.pdb
B_R14A,SKEMPI_v2.0,4G0N,2.11e-06,A,B,PDB/SKEMPI_v2.0/4G0N.pdb,7.998889343663581,4G0N,4g0n_4,PDB/mutant_pdbs/4g0n/4g0n_4.pdb
B_T15A,SKEMPI_v2.0,4G0N,9.31e-07,A,B,PDB/SKEMPI_v2.0/4G0N.pdb,8.499666121145474,4G0N,4g0n_5,PDB/mutant_pdbs/4g0n/4g0n_5.pdb
B_V16A,SKEMPI_v2.0,4G0N,4.11e-07,A,B,PDB/SKEMPI_v2.0/4G0N.pdb,9.000125921633545,4G0N,4g0n_6,PDB/mutant_pdbs/4g0n/4g0n_6.pdb
B_K31A,SKEMPI_v2.0,4G0N,2.92e-06,A,B,PDB/SKEMPI_v2.0/4G0N.pdb,7.800034054219125,4G0N,4g0n_7,PDB/mutant_pdbs/4g0n/4g0n_7.pdb
B_V35A,SKEMPI_v2.0,4G0N,9.45e-08,A,B,PDB/SKEMPI_v2.0/4G0N.pdb,9.89984846994364,4G0N,4g0n_8,PDB/mutant_pdbs/4g0n/4g0n_8.pdb
A_I21A,SKEMPI_v2.0,4G0N,3.49e-07,A,B,PDB/SKEMPI_v2.0/4G0N.pdb,9.100210585828354,4G0N,4g0n_9,PDB/mutant_pdbs/4g0n/4g0n_9.pdb
A_H27A,SKEMPI_v2.0,4G0N,4.91e-08,A,B,PDB/SKEMPI_v2.0/4G0N.pdb,10.300588411227839,4G0N,4g0n_10,PDB/mutant_pdbs/4g0n/4g0n_10.pdb
A_E31A,SKEMPI_v2.0,4G0N,1.82e-07,A,B,PDB/SKEMPI_v2.0/4G0N.pdb,9.498700865059899,4G0N,4g0n_11,PDB/mutant_pdbs/4g0n/4g0n_11.pdb
A_D33A,SKEMPI_v2.0,4G0N,4.84e-07,A,B,PDB/SKEMPI_v2.0/4G0N.pdb,8.900059374427455,4G0N,4g0n_12,PDB/mutant_pdbs/4g0n/4g0n_12.pdb
A_I36A,SKEMPI_v2.0,4G0N,1.52e-06,A,B,PDB/SKEMPI_v2.0/4G0N.pdb,8.199630964299063,4G0N,4g0n_13,PDB/mutant_pdbs/4g0n/4g0n_13.pdb
A_E37A,SKEMPI_v2.0,4G0N,1.52e-06,A,B,PDB/SKEMPI_v2.0/4G0N.pdb,8.199630964299063,4G0N,4g0n_14,PDB/mutant_pdbs/4g0n/4g0n_14.pdb
A_D38A,SKEMPI_v2.0,4G0N,1.76e-05,A,B,PDB/SKEMPI_v2.0/4G0N.pdb,6.700583275413787,4G0N,4g0n_15,PDB/mutant_pdbs/4g0n/4g0n_15.pdb
A_S39A,SKEMPI_v2.0,4G0N,1.31e-07,A,B,PDB/SKEMPI_v2.0/4G0N.pdb,9.699951566457692,4G0N,4g0n_16,PDB/mutant_pdbs/4g0n/4g0n_16.pdb
A_R41A,SKEMPI_v2.0,4G0N,3.01e-08,A,B,PDB/SKEMPI_v2.0/4G0N.pdb,10.600089562882607,4G0N,4g0n_17,PDB/mutant_pdbs/4g0n/4g0n_17.pdb
A_V45A,SKEMPI_v2.0,4G0N,4.91e-08,A,B,PDB/SKEMPI_v2.0/4G0N.pdb,10.300588411227839,4G0N,4g0n_18,PDB/mutant_pdbs/4g0n/4g0n_18.pdb
"A_I21A, B_T15A",SKEMPI_v2.0,4G0N,2.92e-06,A,B,PDB/SKEMPI_v2.0/4G0N.pdb,7.800034054219125,4G0N,4g0n_19,PDB/mutant_pdbs/4g0n/4g0n_19.pdb
"A_I21A, B_V16A",SKEMPI_v2.0,4G0N,1.1e-06,A,B,PDB/SKEMPI_v2.0/4G0N.pdb,8.397570911232446,4G0N,4g0n_20,PDB/mutant_pdbs/4g0n/4g0n_20.pdb
"A_I21A, B_V35A",SKEMPI_v2.0,4G0N,1.31e-07,A,B,PDB/SKEMPI_v2.0/4G0N.pdb,9.699951566457692,4G0N,4g0n_21,PDB/mutant_pdbs/4g0n/4g0n_21.pdb
"A_H27A, B_V35A",SKEMPI_v2.0,4G0N,1.11e-07,A,B,PDB/SKEMPI_v2.0/4G0N.pdb,9.801349604779032,4G0N,4g0n_22,PDB/mutant_pdbs/4g0n/4g0n_22.pdb
"A_E31A, B_R6A",SKEMPI_v2.0,4G0N,2.92e-06,A,B,PDB/SKEMPI_v2.0/4G0N.pdb,7.800034054219125,4G0N,4g0n_23,PDB/mutant_pdbs/4g0n/4g0n_23.pdb
"A_E31A, B_T15A",SKEMPI_v2.0,4G0N,1.1e-06,A,B,PDB/SKEMPI_v2.0/4G0N.pdb,8.397570911232446,4G0N,4g0n_24,PDB/mutant_pdbs/4g0n/4g0n_24.pdb
"A_E31A, B_K31A",SKEMPI_v2.0,4G0N,2.48e-06,A,B,PDB/SKEMPI_v2.0/4G0N.pdb,7.899998610304743,4G0N,4g0n_25,PDB/mutant_pdbs/4g0n/4g0n_25.pdb
"A_D33A, B_R6A",SKEMPI_v2.0,4G0N,5.61e-06,A,B,PDB/SKEMPI_v2.0/4G0N.pdb,7.400379719650553,4G0N,4g0n_26,PDB/mutant_pdbs/4g0n/4g0n_26.pdb
"A_D33A, B_K31A",SKEMPI_v2.0,4G0N,6.61e-06,A,B,PDB/SKEMPI_v2.0/4G0N.pdb,7.299981900388532,4G0N,4g0n_27,PDB/mutant_pdbs/4g0n/4g0n_27.pdb
"A_I36A, B_R6A",SKEMPI_v2.0,4G0N,0.000106,A,B,PDB/SKEMPI_v2.0/4G0N.pdb,5.60160689961243,4G0N,4g0n_28,PDB/mutant_pdbs/4g0n/4g0n_28.pdb
"A_I36A, B_T15A",SKEMPI_v2.0,4G0N,1.27e-05,A,B,PDB/SKEMPI_v2.0/4G0N.pdb,6.900296206157462,4G0N,4g0n_29,PDB/mutant_pdbs/4g0n/4g0n_29.pdb
"A_I36A, B_V16A",SKEMPI_v2.0,4G0N,6.61e-06,A,B,PDB/SKEMPI_v2.0/4G0N.pdb,7.299981900388532,4G0N,4g0n_30,PDB/mutant_pdbs/4g0n/4g0n_30.pdb
"A_E37A, B_R6A",SKEMPI_v2.0,4G0N,4.05e-06,A,B,PDB/SKEMPI_v2.0/4G0N.pdb,7.599809224173992,4G0N,4g0n_31,PDB/mutant_pdbs/4g0n/4g0n_31.pdb
"A_E37A, B_T15A",SKEMPI_v2.0,4G0N,9.16e-06,A,B,PDB/SKEMPI_v2.0/4G0N.pdb,7.100290014529818,4G0N,4g0n_32,PDB/mutant_pdbs/4g0n/4g0n_32.pdb
"A_E37A, B_V16A",SKEMPI_v2.0,4G0N,7.78e-06,A,B,PDB/SKEMPI_v2.0/4G0N.pdb,7.200233016588997,4G0N,4g0n_33,PDB/mutant_pdbs/4g0n/4g0n_33.pdb
"A_E37A, B_K31A",SKEMPI_v2.0,4G0N,2.44e-05,A,B,PDB/SKEMPI_v2.0/4G0N.pdb,6.50063328098695,4G0N,4g0n_34,PDB/mutant_pdbs/4g0n/4g0n_34.pdb
"A_D38A, B_R6A",SKEMPI_v2.0,4G0N,0.000147,A,B,PDB/SKEMPI_v2.0/4G0N.pdb,5.4014676183705195,4G0N,4g0n_35,PDB/mutant_pdbs/4g0n/4g0n_35.pdb
"A_D38A, B_T15A",SKEMPI_v2.0,4G0N,1.27e-05,A,B,PDB/SKEMPI_v2.0/4G0N.pdb,6.900296206157462,4G0N,4g0n_36,PDB/mutant_pdbs/4g0n/4g0n_36.pdb
"A_S39A, B_Q13A",SKEMPI_v2.0,4G0N,2.48e-06,A,B,PDB/SKEMPI_v2.0/4G0N.pdb,7.899998610304743,4G0N,4g0n_37,PDB/mutant_pdbs/4g0n/4g0n_37.pdb
"A_S39A, B_R14A",SKEMPI_v2.0,4G0N,3.44e-06,A,B,PDB/SKEMPI_v2.0/4G0N.pdb,7.699725031988972,4G0N,4g0n_38,PDB/mutant_pdbs/4g0n/4g0n_38.pdb
"A_S39A, B_T15A",SKEMPI_v2.0,4G0N,2.11e-06,A,B,PDB/SKEMPI_v2.0/4G0N.pdb,7.998889343663581,4G0N,4g0n_39,PDB/mutant_pdbs/4g0n/4g0n_39.pdb
"A_R41A, B_N11A",SKEMPI_v2.0,4G0N,3.01e-08,A,B,PDB/SKEMPI_v2.0/4G0N.pdb,10.600089562882607,4G0N,4g0n_40,PDB/mutant_pdbs/4g0n/4g0n_40.pdb
"A_R41A, B_Q13A",SKEMPI_v2.0,4G0N,6.71e-07,A,B,PDB/SKEMPI_v2.0/4G0N.pdb,8.700109380000617,4G0N,4g0n_41,PDB/mutant_pdbs/4g0n/4g0n_41.pdb
"A_V45A, B_N11A",SKEMPI_v2.0,4G0N,8.02e-08,A,B,PDB/SKEMPI_v2.0/4G0N.pdb,10.000272843564083,4G0N,4g0n_42,PDB/mutant_pdbs/4g0n/4g0n_42.pdb
"A_V45A, B_Q13A",SKEMPI_v2.0,4G0N,1.1e-06,A,B,PDB/SKEMPI_v2.0/4G0N.pdb,8.397570911232446,4G0N,4g0n_43,PDB/mutant_pdbs/4g0n/4g0n_43.pdb
"A_V45A, B_R14A",SKEMPI_v2.0,4G0N,1.52e-06,A,B,PDB/SKEMPI_v2.0/4G0N.pdb,8.199630964299063,4G0N,4g0n_44,PDB/mutant_pdbs/4g0n/4g0n_44.pdb
"A_V45A, B_T15A",SKEMPI_v2.0,4G0N,4.84e-07,A,B,PDB/SKEMPI_v2.0/4G0N.pdb,8.900059374427455,4G0N,4g0n_45,PDB/mutant_pdbs/4g0n/4g0n_45.pdb
B_F8W,SKEMPI_v2.0,4G0N,3.6e-07,A,B,PDB/SKEMPI_v2.0/4G0N.pdb,8.786372395555384,4G0N,4g0n_46,PDB/mutant_pdbs/4g0n/4g0n_46.pdb
B_V35I,SKEMPI_v2.0,4G0N,3.3e-07,A,B,PDB/SKEMPI_v2.0/4G0N.pdb,8.837899390468776,4G0N,4g0n_47,PDB/mutant_pdbs/4g0n/4g0n_47.pdb
B_N18R,SKEMPI_v2.0,4G0N,4e-08,A,B,PDB/SKEMPI_v2.0/4G0N.pdb,10.08753993866267,4G0N,4g0n_48,PDB/mutant_pdbs/4g0n/4g0n_48.pdb
"B_F8W, B_N18R",SKEMPI_v2.0,4G0N,8e-08,A,B,PDB/SKEMPI_v2.0/4G0N.pdb,9.67706727999874,4G0N,4g0n_49,PDB/mutant_pdbs/4g0n/4g0n_49.pdb
"B_F8W, B_N18R, B_V35I",SKEMPI_v2.0,4G0N,2.4e-07,A,B,PDB/SKEMPI_v2.0/4G0N.pdb,9.026483508445098,4G0N,4g0n_50,PDB/mutant_pdbs/4g0n/4g0n_50.pdb
"B_F8W, B_N18R, B_R14L, B_V35I",SKEMPI_v2.0,4G0N,3.6e-07,A,B,PDB/SKEMPI_v2.0/4G0N.pdb,8.786372395555384,4G0N,4g0n_51,PDB/mutant_pdbs/4g0n/4g0n_51.pdb
"B_F8W, B_N18R, B_V16E, B_V35I",SKEMPI_v2.0,4G0N,2.8e-06,A,B,PDB/SKEMPI_v2.0/4G0N.pdb,7.571636842993602,4G0N,4g0n_52,PDB/mutant_pdbs/4g0n/4g0n_52.pdb
"B_F8W, B_K31R, B_N18R, B_R14L, B_V16E, B_V35I",SKEMPI_v2.0,4G0N,5.7e-05,A,B,PDB/SKEMPI_v2.0/4G0N.pdb,5.787122070184412,4G0N,4g0n_53,PDB/mutant_pdbs/4g0n/4g0n_53.pdb
B_A32K,SKEMPI_v2.0,4G0N,2e-08,A,B,PDB/SKEMPI_v2.0/4G0N.pdb,10.498012597326598,4G0N,4g0n_54,PDB/mutant_pdbs/4g0n/4g0n_54.pdb
"B_A32K, B_N18R",SKEMPI_v2.0,4G0N,1.5e-08,A,B,PDB/SKEMPI_v2.0/4G0N.pdb,10.668374143100813,4G0N,4g0n_55,PDB/mutant_pdbs/4g0n/4g0n_55.pdb
A_T35A,SKEMPI_v2.0,4G0N,1.1e-05,A,B,PDB/SKEMPI_v2.0/4G0N.pdb,6.761361848024785,4G0N,4g0n_56,PDB/mutant_pdbs/4g0n/4g0n_56.pdb
"A_T35A, B_N18R",SKEMPI_v2.0,4G0N,4.5e-06,A,B,PDB/SKEMPI_v2.0/4G0N.pdb,7.2906690575495405,4G0N,4g0n_57,PDB/mutant_pdbs/4g0n/4g0n_57.pdb
"A_T35A, B_A32K",SKEMPI_v2.0,4G0N,1.01e-05,A,B,PDB/SKEMPI_v2.0/4G0N.pdb,6.811910829719881,4G0N,4g0n_58,PDB/mutant_pdbs/4g0n/4g0n_58.pdb
"A_T35A, B_A32K, B_N18R",SKEMPI_v2.0,4G0N,3.6e-06,A,B,PDB/SKEMPI_v2.0/4G0N.pdb,7.422811738556569,4G0N,4g0n_59,PDB/mutant_pdbs/4g0n/4g0n_59.pdb
"A_C116S, A_Y32C",SKEMPI_v2.0,4G0N,4.5e-07,A,B,PDB/SKEMPI_v2.0/4G0N.pdb,8.654229714548356,4G0N,4g0n_60,PDB/mutant_pdbs/4g0n/4g0n_60.pdb
"A_C116S, A_Y32C, B_N18R",SKEMPI_v2.0,4G0N,7e-08,A,B,PDB/SKEMPI_v2.0/4G0N.pdb,9.756142817320276,4G0N,4g0n_61,PDB/mutant_pdbs/4g0n/4g0n_61.pdb
"A_C116S, A_Y32C, B_A32K",SKEMPI_v2.0,4G0N,4.4e-08,A,B,PDB/SKEMPI_v2.0/4G0N.pdb,10.031098501693375,4G0N,4g0n_62,PDB/mutant_pdbs/4g0n/4g0n_62.pdb
"A_C116S, A_Y32C, B_A32K, B_N18R",SKEMPI_v2.0,4G0N,7e-09,A,B,PDB/SKEMPI_v2.0/4G0N.pdb,11.119703474319092,4G0N,4g0n_63,PDB/mutant_pdbs/4g0n/4g0n_63.pdb
B_K12M,SKEMPI_v2.0,4G0N,1.1e-07,A,B,PDB/SKEMPI_v2.0/4G0N.pdb,9.488483162022417,4G0N,4g0n_64,PDB/mutant_pdbs/4g0n/4g0n_64.pdb
B_N11D,SKEMPI_v2.0,4G0N,2.5e-07,A,B,PDB/SKEMPI_v2.0/4G0N.pdb,9.002309259320754,4G0N,4g0n_65,PDB/mutant_pdbs/4g0n/4g0n_65.pdb
B_K12A,SKEMPI_v2.0,4G0N,2.6e-07,A,B,PDB/SKEMPI_v2.0/4G0N.pdb,8.979083267995625,4G0N,4g0n_66,PDB/mutant_pdbs/4g0n/4g0n_66.pdb
B_K12E,SKEMPI_v2.0,4G0N,3e-07,A,B,PDB/SKEMPI_v2.0/4G0N.pdb,8.894340827438068,4G0N,4g0n_67,PDB/mutant_pdbs/4g0n/4g0n_67.pdb
"B_N11D, B_R6A",SKEMPI_v2.0,4G0N,3.8e-06,A,B,PDB/SKEMPI_v2.0/4G0N.pdb,7.390793840072942,4G0N,4g0n_68,PDB/mutant_pdbs/4g0n/4g0n_68.pdb
B_K31E,SKEMPI_v2.0,4G0N,6.1e-05,A,B,PDB/SKEMPI_v2.0/4G0N.pdb,5.746958419206027,4G0N,4g0n_69,PDB/mutant_pdbs/4g0n/4g0n_69.pdb
"B_K31A, B_R36G",SKEMPI_v2.0,4G0N,0.0001,A,B,PDB/SKEMPI_v2.0/4G0N.pdb,5.454242627995263,4G0N,4g0n_70,PDB/mutant_pdbs/4g0n/4g0n_70.pdb
B_R36L,SKEMPI_v2.0,4G0N,0.0001,A,B,PDB/SKEMPI_v2.0/4G0N.pdb,5.454242627995263,4G0N,4g0n_71,PDB/mutant_pdbs/4g0n/4g0n_71.pdb
A_E31A,SKEMPI_v2.0,4G0N,8.33e-07,A,B,PDB/SKEMPI_v2.0/4G0N.pdb,8.289569296010797,4G0N,4g0n_72,PDB/mutant_pdbs/4g0n/4g0n_72.pdb
A_D33A,SKEMPI_v2.0,4G0N,2.56e-07,A,B,PDB/SKEMPI_v2.0/4G0N.pdb,8.988264643677912,4G0N,4g0n_73,PDB/mutant_pdbs/4g0n/4g0n_73.pdb
A_R41A,SKEMPI_v2.0,4G0N,6.67e-08,A,B,PDB/SKEMPI_v2.0/4G0N.pdb,9.78473969244558,4G0N,4g0n_74,PDB/mutant_pdbs/4g0n/4g0n_74.pdb
B_R6A,SKEMPI_v2.0,4G0N,2.5e-06,A,B,PDB/SKEMPI_v2.0/4G0N.pdb,7.638748602321938,4G0N,4g0n_75,PDB/mutant_pdbs/4g0n/4g0n_75.pdb
B_N11A,SKEMPI_v2.0,4G0N,1.67e-07,A,B,PDB/SKEMPI_v2.0/4G0N.pdb,9.241237181269256,4G0N,4g0n_76,PDB/mutant_pdbs/4g0n/4g0n_76.pdb
B_R14A,SKEMPI_v2.0,4G0N,1e-06,A,B,PDB/SKEMPI_v2.0/4G0N.pdb,8.181363941992895,4G0N,4g0n_77,PDB/mutant_pdbs/4g0n/4g0n_77.pdb
B_V16A,SKEMPI_v2.0,4G0N,2.56e-07,A,B,PDB/SKEMPI_v2.0/4G0N.pdb,8.988264643677912,4G0N,4g0n_78,PDB/mutant_pdbs/4g0n/4g0n_78.pdb
B_K31A,SKEMPI_v2.0,4G0N,2.5e-06,A,B,PDB/SKEMPI_v2.0/4G0N.pdb,7.638748602321938,4G0N,4g0n_79,PDB/mutant_pdbs/4g0n/4g0n_79.pdb
B_V35A,SKEMPI_v2.0,4G0N,6.67e-08,A,B,PDB/SKEMPI_v2.0/4G0N.pdb,9.78473969244558,4G0N,4g0n_80,PDB/mutant_pdbs/4g0n/4g0n_80.pdb
A_T35S,SKEMPI_v2.0,4G0N,2.1e-06,A,B,PDB/SKEMPI_v2.0/4G0N.pdb,7.092501879643,4G0N,4g0n_81,PDB/mutant_pdbs/4g0n/4g0n_81.pdb
A_T35A,SKEMPI_v2.0,4G0N,7.2e-06,A,B,PDB/SKEMPI_v2.0/4G0N.pdb,6.424055600035874,4G0N,4g0n_82,PDB/mutant_pdbs/4g0n/4g0n_82.pdb
A_D38A,SKEMPI_v2.0,4G0N,1.3e-06,A,B,PDB/SKEMPI_v2.0/4G0N.pdb,8.025995269660736,4G0N,4g0n_83,PDB/mutant_pdbs/4g0n/4g0n_83.pdb
A_R198E,SKEMPI_v2.0,4G2V,4.8e-06,A,B,PDB/SKEMPI_v2.0/4G2V.pdb,7.252450192782354,4G2V,4g2v_1,PDB/mutant_pdbs/4g2v/4g2v_1.pdb
A_N260R,SKEMPI_v2.0,4G2V,1.6e-07,A,B,PDB/SKEMPI_v2.0/4G2V.pdb,9.26659462133481,4G2V,4g2v_2,PDB/mutant_pdbs/4g2v/4g2v_2.pdb
"A_N260R, A_R198E",SKEMPI_v2.0,4G2V,5.2e-06,A,B,PDB/SKEMPI_v2.0/4G2V.pdb,7.205049952332879,4G2V,4g2v_3,PDB/mutant_pdbs/4g2v/4g2v_3.pdb
D_D108S,ATLAS,4GG6,0.0002,"A, B, C","D, E",PDB/ATLAS/4GG6.pdb,5.046308779718581,4GG6_at,4gg6_at_1,PDB/mutant_pdbs/4gg6_at/4gg6_at_1.pdb
D_R110K,ATLAS,4GG6,0.0002,"A, B, C","D, E",PDB/ATLAS/4GG6.pdb,5.046308779718581,4GG6_at,4gg6_at_2,PDB/mutant_pdbs/4gg6_at/4gg6_at_2.pdb
D_R110A,ATLAS,4GG6,0.0002,"A, B, C","D, E",PDB/ATLAS/4GG6.pdb,5.046308779718581,4GG6_at,4gg6_at_3,PDB/mutant_pdbs/4gg6_at/4gg6_at_3.pdb
E_L37A,ATLAS,4GG6,9.12e-05,"A, B, C","D, E",PDB/ATLAS/4GG6.pdb,5.51156497445328,4GG6_at,4gg6_at_4,PDB/mutant_pdbs/4gg6_at/4gg6_at_4.pdb
E_Y57F,ATLAS,4GG6,1.48e-05,"A, B, C","D, E",PDB/ATLAS/4GG6.pdb,6.588956028509435,4GG6_at,4gg6_at_5,PDB/mutant_pdbs/4gg6_at/4gg6_at_5.pdb
E_Y57A,ATLAS,4GG6,0.0002,"A, B, C","D, E",PDB/ATLAS/4GG6.pdb,5.046308779718581,4GG6_at,4gg6_at_6,PDB/mutant_pdbs/4gg6_at/4gg6_at_6.pdb
E_R66A,ATLAS,4GG6,2.3e-06,"A, B, C","D, E",PDB/ATLAS/4GG6.pdb,7.691995958386975,4GG6_at,4gg6_at_7,PDB/mutant_pdbs/4gg6_at/4gg6_at_7.pdb
E_V108A,ATLAS,4GG6,3.33e-05,"A, B, C","D, E",PDB/ATLAS/4GG6.pdb,6.108492080133141,4GG6_at,4gg6_at_8,PDB/mutant_pdbs/4gg6_at/4gg6_at_8.pdb
E_A109G,ATLAS,4GG6,9.800000000000001e-06,"A, B, C","D, E",PDB/ATLAS/4GG6.pdb,6.833204865200191,4GG6_at,4gg6_at_9,PDB/mutant_pdbs/4gg6_at/4gg6_at_9.pdb
E_V110A,ATLAS,4GG6,1.43e-05,"A, B, C","D, E",PDB/ATLAS/4GG6.pdb,6.609318340042806,4GG6_at,4gg6_at_10,PDB/mutant_pdbs/4gg6_at/4gg6_at_10.pdb
E_S111A,ATLAS,4GG6,4.5e-05,"A, B, C","D, E",PDB/ATLAS/4GG6.pdb,5.930091844376503,4GG6_at,4gg6_at_11,PDB/mutant_pdbs/4gg6_at/4gg6_at_11.pdb
E_T113A,ATLAS,4GG6,1.25e-05,"A, B, C","D, E",PDB/ATLAS/4GG6.pdb,6.68902586939174,4GG6_at,4gg6_at_12,PDB/mutant_pdbs/4gg6_at/4gg6_at_12.pdb
E_Y114A,ATLAS,4GG6,1.56e-05,"A, B, C","D, E",PDB/ATLAS/4GG6.pdb,6.557765408722581,4GG6_at,4gg6_at_13,PDB/mutant_pdbs/4gg6_at/4gg6_at_13.pdb
A_K294A,SKEMPI_v2.0,4GNK,2.6e-07,A,B,PDB/SKEMPI_v2.0/4GNK.pdb,8.979083267995625,4GNK,4gnk_1,PDB/mutant_pdbs/4gnk/4gnk_1.pdb
"A_D279A, A_P281D",SKEMPI_v2.0,4GNK,2.7e-07,A,B,PDB/SKEMPI_v2.0/4GNK.pdb,8.9567339413296,4GNK,4gnk_2,PDB/mutant_pdbs/4gnk/4gnk_2.pdb
B_L764A,SKEMPI_v2.0,4GNK,2e-08,A,B,PDB/SKEMPI_v2.0/4GNK.pdb,10.498012597326598,4GNK,4gnk_3,PDB/mutant_pdbs/4gnk/4gnk_3.pdb
"A_K294A, B_L764A",SKEMPI_v2.0,4GNK,1.6e-08,A,B,PDB/SKEMPI_v2.0/4GNK.pdb,10.630155278333627,4GNK,4gnk_4,PDB/mutant_pdbs/4gnk/4gnk_4.pdb
"A_D279A, A_P281D, B_L764A",SKEMPI_v2.0,4GNK,1.2e-08,A,B,PDB/SKEMPI_v2.0/4GNK.pdb,10.800516824107843,4GNK,4gnk_5,PDB/mutant_pdbs/4gnk/4gnk_5.pdb
B_T540E,SKEMPI_v2.0,4GNK,1.6e-07,A,B,PDB/SKEMPI_v2.0/4GNK.pdb,9.26659462133481,4GNK,4gnk_6,PDB/mutant_pdbs/4gnk/4gnk_6.pdb
"E_L20A, E_R26A, E_T22A",SKEMPI_v2.0,4GU0,3.48e-06,A,E,PDB/SKEMPI_v2.0/4GU0.pdb,7.2680548575817125,4GU0,4gu0_1,PDB/mutant_pdbs/4gu0/4gu0_1.pdb
A_D189E,SKEMPI_v2.0,4GXU,2.4e-07,"A, B, C, D, E, F","M, N",PDB/SKEMPI_v2.0/4GXU.pdb,9.026483508445098,4GXU,4gxu_1,PDB/mutant_pdbs/4gxu/4gxu_1.pdb
A_D224G,SKEMPI_v2.0,4GXU,1.7e-07,"A, B, C, D, E, F","M, N",PDB/SKEMPI_v2.0/4GXU.pdb,9.230693516352485,4GXU,4gxu_2,PDB/mutant_pdbs/4gxu/4gxu_2.pdb
"A_D189E, A_D224G",SKEMPI_v2.0,4GXU,1e-06,"A, B, C, D, E, F","M, N",PDB/SKEMPI_v2.0/4GXU.pdb,8.181363941992895,4GXU,4gxu_3,PDB/mutant_pdbs/4gxu/4gxu_3.pdb
"C_C5V, C_H2W",ATLAS,4H1L,3.17e-05,"A, B, C","D, E",PDB/ATLAS/4H1L.pdb,6.137666463337393,4H1L_at,4h1l_at_1,PDB/mutant_pdbs/4h1l_at/4h1l_at_1.pdb
B_R22A,SKEMPI_v2.0,4HFK,2.82e-09,A,"B, D",PDB/SKEMPI_v2.0/4HFK.pdb,11.658103943036265,4HFK,4hfk_1,PDB/mutant_pdbs/4hfk/4hfk_1.pdb
B_L45A,SKEMPI_v2.0,4HFK,1.91e-08,A,"B, D",PDB/SKEMPI_v2.0/4HFK.pdb,10.525279213107625,4HFK,4hfk_2,PDB/mutant_pdbs/4hfk/4hfk_2.pdb
B_E46A,SKEMPI_v2.0,4HFK,2e-09,A,"B, D",PDB/SKEMPI_v2.0/4HFK.pdb,11.861573254325416,4HFK,4hfk_3,PDB/mutant_pdbs/4hfk/4hfk_3.pdb
B_S48A,SKEMPI_v2.0,4HFK,3.78e-10,A,"B, D",PDB/SKEMPI_v2.0/4HFK.pdb,12.848161471990682,4HFK,4hfk_4,PDB/mutant_pdbs/4hfk/4hfk_4.pdb
B_N49A,SKEMPI_v2.0,4HFK,2.6e-10,A,"B, D",PDB/SKEMPI_v2.0/4HFK.pdb,13.069765238992073,4HFK,4hfk_5,PDB/mutant_pdbs/4hfk/4hfk_5.pdb
B_L50A,SKEMPI_v2.0,4HFK,2.83e-10,A,"B, D",PDB/SKEMPI_v2.0/4HFK.pdb,13.019568361141506,4HFK,4hfk_6,PDB/mutant_pdbs/4hfk/4hfk_6.pdb
B_E56A,SKEMPI_v2.0,4HFK,1.32e-09,A,"B, D",PDB/SKEMPI_v2.0/4HFK.pdb,12.107636044137365,4HFK,4hfk_7,PDB/mutant_pdbs/4hfk/4hfk_7.pdb
D_T72A,SKEMPI_v2.0,4HFK,6.11e-09,A,"B, D",PDB/SKEMPI_v2.0/4HFK.pdb,11.200231043922862,4HFK,4hfk_8,PDB/mutant_pdbs/4hfk/4hfk_8.pdb
D_L17A,SKEMPI_v2.0,4HRN,2.65e-07,A,D,PDB/SKEMPI_v2.0/4HRN.pdb,8.9678031770544,4HRN,4hrn_1,PDB/mutant_pdbs/4hrn/4hrn_1.pdb
D_S43A,SKEMPI_v2.0,4HRN,1.28e-08,A,D,PDB/SKEMPI_v2.0/4HRN.pdb,10.762297959340657,4HRN,4hrn_2,PDB/mutant_pdbs/4hrn/4hrn_2.pdb
D_V44A,SKEMPI_v2.0,4HRN,3.8e-07,A,D,PDB/SKEMPI_v2.0/4HRN.pdb,8.754354497071757,4HRN,4hrn_3,PDB/mutant_pdbs/4hrn/4hrn_3.pdb
D_F47A,SKEMPI_v2.0,4HRN,2.1e-07,A,D,PDB/SKEMPI_v2.0/4HRN.pdb,9.105559045766634,4HRN,4hrn_4,PDB/mutant_pdbs/4hrn/4hrn_4.pdb
A_R28V,SKEMPI_v2.0,4HSA,6.56e-09,"A, B",C,PDB/SKEMPI_v2.0/4HSA.pdb,11.158147977065413,4HSA,4hsa_1,PDB/mutant_pdbs/4hsa/4hsa_1.pdb
A_W40V,SKEMPI_v2.0,4HSA,1.69e-09,"A, B",C,PDB/SKEMPI_v2.0/4HSA.pdb,11.961308568325027,4HSA,4hsa_2,PDB/mutant_pdbs/4hsa/4hsa_2.pdb
A_Y58I,SKEMPI_v2.0,4HSA,3e-09,"A, B",C,PDB/SKEMPI_v2.0/4HSA.pdb,11.621462141435702,4HSA,4hsa_3,PDB/mutant_pdbs/4hsa/4hsa_3.pdb
A_H59S,SKEMPI_v2.0,4HSA,2e-09,"A, B",C,PDB/SKEMPI_v2.0/4HSA.pdb,11.861573254325416,4HSA,4hsa_4,PDB/mutant_pdbs/4hsa/4hsa_4.pdb
H_Y100F,SKEMPI_v2.0,4I77,1e-11,"H, L",Z,PDB/SKEMPI_v2.0/4I77.pdb,14.999167226986977,4I77,4i77_1,PDB/mutant_pdbs/4i77/4i77_1.pdb
H_Y100A,SKEMPI_v2.0,4I77,1e-11,"H, L",Z,PDB/SKEMPI_v2.0/4I77.pdb,14.999167226986977,4I77,4i77_2,PDB/mutant_pdbs/4i77/4i77_2.pdb
H_Y101F,SKEMPI_v2.0,4I77,1e-11,"H, L",Z,PDB/SKEMPI_v2.0/4I77.pdb,14.999167226986977,4I77,4i77_3,PDB/mutant_pdbs/4i77/4i77_3.pdb
H_Y101A,SKEMPI_v2.0,4I77,4.9e-11,"H, L",Z,PDB/SKEMPI_v2.0/4I77.pdb,14.058043006645287,4I77,4i77_4,PDB/mutant_pdbs/4i77/4i77_4.pdb
H_Y103F,SKEMPI_v2.0,4I77,1e-11,"H, L",Z,PDB/SKEMPI_v2.0/4I77.pdb,14.999167226986977,4I77,4i77_5,PDB/mutant_pdbs/4i77/4i77_5.pdb
H_Y103A,SKEMPI_v2.0,4I77,1.74e-10,"H, L",Z,PDB/SKEMPI_v2.0/4I77.pdb,13.307603078959366,4I77,4i77_6,PDB/mutant_pdbs/4i77/4i77_6.pdb
H_D54A,SKEMPI_v2.0,4I77,3.61e-10,"H, L",Z,PDB/SKEMPI_v2.0/4I77.pdb,12.87541168347611,4I77,4i77_7,PDB/mutant_pdbs/4i77/4i77_7.pdb
H_W52F,SKEMPI_v2.0,4I77,3.46e-10,"H, L",Z,PDB/SKEMPI_v2.0/4I77.pdb,12.900543610545922,4I77,4i77_8,PDB/mutant_pdbs/4i77/4i77_8.pdb
H_W52A,SKEMPI_v2.0,4I77,3.55e-10,"H, L",Z,PDB/SKEMPI_v2.0/4I77.pdb,12.885336835396979,4I77,4i77_9,PDB/mutant_pdbs/4i77/4i77_9.pdb
L_Y32F,SKEMPI_v2.0,4I77,1e-11,"H, L",Z,PDB/SKEMPI_v2.0/4I77.pdb,14.999167226986977,4I77,4i77_10,PDB/mutant_pdbs/4i77/4i77_10.pdb
L_Y32A,SKEMPI_v2.0,4I77,1e-11,"H, L",Z,PDB/SKEMPI_v2.0/4I77.pdb,14.999167226986977,4I77,4i77_11,PDB/mutant_pdbs/4i77/4i77_11.pdb
L_N95A,SKEMPI_v2.0,4I77,1.83e-10,"H, L",Z,PDB/SKEMPI_v2.0/4I77.pdb,13.27773858964528,4I77,4i77_12,PDB/mutant_pdbs/4i77/4i77_12.pdb
C_W17A,SKEMPI_v2.0,4J2L,3.82e-06,A,"C, D",PDB/SKEMPI_v2.0/4J2L.pdb,7.387685240446066,4J2L,4j2l_1,PDB/mutant_pdbs/4j2l/4j2l_1.pdb
C_L20S,SKEMPI_v2.0,4J2L,1.53e-06,A,"C, D",PDB/SKEMPI_v2.0/4J2L.pdb,7.929525973245199,4J2L,4j2l_2,PDB/mutant_pdbs/4j2l/4j2l_2.pdb
"A_S34D, A_V23A",SKEMPI_v2.0,4J2L,4.06e-06,A,"C, D",PDB/SKEMPI_v2.0/4J2L.pdb,7.351601783847492,4J2L,4j2l_3,PDB/mutant_pdbs/4j2l/4j2l_3.pdb
"A_L118E, A_V23A",SKEMPI_v2.0,4J2L,1.85e-07,A,"C, D",PDB/SKEMPI_v2.0/4J2L.pdb,9.180619741478989,4J2L,4j2l_4,PDB/mutant_pdbs/4j2l/4j2l_4.pdb
"A_L118E, A_S34D",SKEMPI_v2.0,4J2L,2.87e-07,A,"C, D",PDB/SKEMPI_v2.0/4J2L.pdb,8.920574859053245,4J2L,4j2l_5,PDB/mutant_pdbs/4j2l/4j2l_5.pdb
A_V23A,SKEMPI_v2.0,4J2L,1.03e-07,A,"C, D",PDB/SKEMPI_v2.0/4J2L.pdb,9.527420264438685,4J2L,4j2l_6,PDB/mutant_pdbs/4j2l/4j2l_6.pdb
A_S34D,SKEMPI_v2.0,4J2L,1.72e-08,A,"C, D",PDB/SKEMPI_v2.0/4J2L.pdb,10.58732793218336,4J2L,4j2l_7,PDB/mutant_pdbs/4j2l/4j2l_7.pdb
A_L118E,SKEMPI_v2.0,4J2L,3.05e-08,A,"C, D",PDB/SKEMPI_v2.0/4J2L.pdb,10.248113048866403,4J2L,4j2l_8,PDB/mutant_pdbs/4j2l/4j2l_8.pdb
A_R169A,SKEMPI_v2.0,4JEU,7e-10,A,B,PDB/SKEMPI_v2.0/4JEU.pdb,12.483264131317906,4JEU,4jeu_1,PDB/mutant_pdbs/4jeu/4jeu_1.pdb
A_R37C,SKEMPI_v2.0,4JEU,6.5e-09,A,B,PDB/SKEMPI_v2.0/4JEU.pdb,11.163589242322299,4JEU,4jeu_2,PDB/mutant_pdbs/4jeu/4jeu_2.pdb
"B_E148A, B_L147A",SKEMPI_v2.0,4JEU,1.05e-08,A,B,PDB/SKEMPI_v2.0/4JEU.pdb,10.87959236142938,4JEU,4jeu_3,PDB/mutant_pdbs/4jeu/4jeu_3.pdb
"B_E148A, B_L147A",SKEMPI_v2.0,4JEU,7.7e-09,A,B,PDB/SKEMPI_v2.0/4JEU.pdb,11.063262037349798,4JEU,4jeu_4,PDB/mutant_pdbs/4jeu/4jeu_4.pdb
B_I215A,SKEMPI_v2.0,4JEU,3.33e-07,A,B,PDB/SKEMPI_v2.0/4JEU.pdb,8.83254019670659,4JEU,4jeu_5,PDB/mutant_pdbs/4jeu/4jeu_5.pdb
B_R3A,SKEMPI_v2.0,4JEU,9.4e-09,A,B,PDB/SKEMPI_v2.0/4JEU.pdb,10.945127057591092,4JEU,4jeu_6,PDB/mutant_pdbs/4jeu/4jeu_6.pdb
B_T4A,SKEMPI_v2.0,4JEU,1.9e-09,A,B,PDB/SKEMPI_v2.0/4JEU.pdb,11.891948469733318,4JEU,4jeu_7,PDB/mutant_pdbs/4jeu/4jeu_7.pdb
B_L7A,SKEMPI_v2.0,4JEU,9.1e-09,A,B,PDB/SKEMPI_v2.0/4JEU.pdb,10.964334801986933,4JEU,4jeu_8,PDB/mutant_pdbs/4jeu/4jeu_8.pdb
C_A4G,SKEMPI_v2.0,4JFD,6e-10,"A, B, C","D, E",PDB/SKEMPI_v2.0/4JFD.pdb,12.574550139770588,4JFD,4jfd_1,PDB/mutant_pdbs/4jfd/4jfd_1.pdb
"C_A4G, C_E1A",SKEMPI_v2.0,4JFD,0.00014,"A, B, C","D, E",PDB/SKEMPI_v2.0/4JFD.pdb,5.254988187659899,4JFD,4jfd_2,PDB/mutant_pdbs/4jfd/4jfd_2.pdb
"C_A4G, C_G6A",SKEMPI_v2.0,4JFD,4.1e-05,"A, B, C","D, E",PDB/SKEMPI_v2.0/4JFD.pdb,5.982235326727049,4JFD,4jfd_3,PDB/mutant_pdbs/4jfd/4jfd_3.pdb
"C_A4G, C_I7A",SKEMPI_v2.0,4JFD,3.1e-05,"A, B, C","D, E",PDB/SKEMPI_v2.0/4JFD.pdb,6.147801810925368,4JFD,4jfd_4,PDB/mutant_pdbs/4jfd/4jfd_4.pdb
"C_A4G, C_L8A",SKEMPI_v2.0,4JFD,2.1e-05,"A, B, C","D, E",PDB/SKEMPI_v2.0/4JFD.pdb,6.378437731769002,4JFD,4jfd_5,PDB/mutant_pdbs/4jfd/4jfd_5.pdb
"C_A4G, C_T9A",SKEMPI_v2.0,4JFD,3.7e-05,"A, B, C","D, E",PDB/SKEMPI_v2.0/4JFD.pdb,6.043025768817428,4JFD,4jfd_6,PDB/mutant_pdbs/4jfd/4jfd_6.pdb
C_A7I,SKEMPI_v2.0,4JFE,6e-10,"A, B, C","D, E",PDB/SKEMPI_v2.0/4JFE.pdb,12.574550139770588,4JFE,4jfe_1,PDB/mutant_pdbs/4jfe/4jfe_1.pdb
"C_A7I, C_E1A",SKEMPI_v2.0,4JFE,0.00014,"A, B, C","D, E",PDB/SKEMPI_v2.0/4JFE.pdb,5.254988187659899,4JFE,4jfe_2,PDB/mutant_pdbs/4jfe/4jfe_2.pdb
"C_A7I, C_G4A",SKEMPI_v2.0,4JFE,3.6e-05,"A, B, C","D, E",PDB/SKEMPI_v2.0/4JFE.pdb,6.059251081557753,4JFE,4jfe_3,PDB/mutant_pdbs/4jfe/4jfe_3.pdb
"C_A7I, C_G6A",SKEMPI_v2.0,4JFE,4.1e-05,"A, B, C","D, E",PDB/SKEMPI_v2.0/4JFE.pdb,5.982235326727049,4JFE,4jfe_4,PDB/mutant_pdbs/4jfe/4jfe_4.pdb
"C_A7I, C_L8A",SKEMPI_v2.0,4JFE,2.1e-05,"A, B, C","D, E",PDB/SKEMPI_v2.0/4JFE.pdb,6.378437731769002,4JFE,4jfe_5,PDB/mutant_pdbs/4jfe/4jfe_5.pdb
"C_A7I, C_T9A",SKEMPI_v2.0,4JFE,3.7e-05,"A, B, C","D, E",PDB/SKEMPI_v2.0/4JFE.pdb,6.043025768817428,4JFE,4jfe_6,PDB/mutant_pdbs/4jfe/4jfe_6.pdb
C_E1A,ATLAS,4JFF,0.00014,"A, C","D, E",PDB/ATLAS/4JFF.pdb,5.257633315942277,4JFF_at,4jff_at_1,PDB/mutant_pdbs/4jff_at/4jff_at_1.pdb
C_G6A,ATLAS,4JFF,4.1e-05,"A, C","D, E",PDB/ATLAS/4JFF.pdb,5.985246519005601,4JFF_at,4jff_at_2,PDB/mutant_pdbs/4jff_at/4jff_at_2.pdb
C_L8A,ATLAS,4JFF,2.1e-05,"A, C","D, E",PDB/ATLAS/4JFF.pdb,6.381648354788347,4JFF_at,4jff_at_3,PDB/mutant_pdbs/4jff_at/4jff_at_3.pdb
C_T9A,ATLAS,4JFF,3.7e-05,"A, C","D, E",PDB/ATLAS/4JFF.pdb,6.046067560311798,4JFF_at,4jff_at_4,PDB/mutant_pdbs/4jff_at/4jff_at_4.pdb
C_E1A,SKEMPI_v2.0,4JFF,0.00014,"A, B, C","D, E",PDB/SKEMPI_v2.0/4JFF.pdb,5.254988187659899,4JFF,4jff_1,PDB/mutant_pdbs/4jff/4jff_1.pdb
C_G4A,SKEMPI_v2.0,4JFF,3.6e-05,"A, B, C","D, E",PDB/SKEMPI_v2.0/4JFF.pdb,6.059251081557753,4JFF,4jff_2,PDB/mutant_pdbs/4jff/4jff_2.pdb
C_G6A,SKEMPI_v2.0,4JFF,4.1e-05,"A, B, C","D, E",PDB/SKEMPI_v2.0/4JFF.pdb,5.982235326727049,4JFF,4jff_3,PDB/mutant_pdbs/4jff/4jff_3.pdb
C_I7A,SKEMPI_v2.0,4JFF,3.1e-05,"A, B, C","D, E",PDB/SKEMPI_v2.0/4JFF.pdb,6.147801810925368,4JFF,4jff_4,PDB/mutant_pdbs/4jff/4jff_4.pdb
C_L8A,SKEMPI_v2.0,4JFF,2.1e-05,"A, B, C","D, E",PDB/SKEMPI_v2.0/4JFF.pdb,6.378437731769002,4JFF,4jff_5,PDB/mutant_pdbs/4jff/4jff_5.pdb
C_T9A,SKEMPI_v2.0,4JFF,3.7e-05,"A, B, C","D, E",PDB/SKEMPI_v2.0/4JFF.pdb,6.043025768817428,4JFF,4jff_6,PDB/mutant_pdbs/4jff/4jff_6.pdb
D_W44A,SKEMPI_v2.0,4JGH,8.93e-07,"A, B, C",D,PDB/SKEMPI_v2.0/4JGH.pdb,8.248380959001363,4JGH,4jgh_1,PDB/mutant_pdbs/4jgh/4jgh_1.pdb
A_V30N,SKEMPI_v2.0,4JPK,1.19e-07,"H, L",A,PDB/SKEMPI_v2.0/4JPK.pdb,9.441911734681048,4JPK,4jpk_1,PDB/mutant_pdbs/4jpk/4jpk_1.pdb
A_S41G,SKEMPI_v2.0,4JPK,1.65e-06,"H, L",A,PDB/SKEMPI_v2.0/4JPK.pdb,7.884811392133887,4JPK,4jpk_2,PDB/mutant_pdbs/4jpk/4jpk_2.pdb
A_F63L,SKEMPI_v2.0,4JPK,3.13e-07,"H, L",A,PDB/SKEMPI_v2.0/4JPK.pdb,8.869219836514834,4JPK,4jpk_3,PDB/mutant_pdbs/4jpk/4jpk_3.pdb
A_R81T,SKEMPI_v2.0,4JPK,1.57e-07,"H, L",A,PDB/SKEMPI_v2.0/4JPK.pdb,9.277803540246737,4JPK,4jpk_4,PDB/mutant_pdbs/4jpk/4jpk_4.pdb
A_R130K,SKEMPI_v2.0,4JPK,6.43e-08,"H, L",A,PDB/SKEMPI_v2.0/4JPK.pdb,9.806440570756322,4JPK,4jpk_5,PDB/mutant_pdbs/4jpk/4jpk_5.pdb
A_F144I,SKEMPI_v2.0,4JPK,4.54e-07,"H, L",A,PDB/SKEMPI_v2.0/4JPK.pdb,8.648989088584962,4JPK,4jpk_6,PDB/mutant_pdbs/4jpk/4jpk_6.pdb
A_T35S,SKEMPI_v2.0,4JPK,4.13e-08,"H, L",A,PDB/SKEMPI_v2.0/4JPK.pdb,10.06859999887547,4JPK,4jpk_7,PDB/mutant_pdbs/4jpk/4jpk_7.pdb
A_D141R,SKEMPI_v2.0,4JPK,2.94e-05,"H, L",A,PDB/SKEMPI_v2.0/4JPK.pdb,6.179183291433637,4JPK,4jpk_8,PDB/mutant_pdbs/4jpk/4jpk_8.pdb
"A_D159N, A_D33N",SKEMPI_v2.0,4JPK,1.24e-07,"H, L",A,PDB/SKEMPI_v2.0/4JPK.pdb,9.417538464593958,4JPK,4jpk_9,PDB/mutant_pdbs/4jpk/4jpk_9.pdb
A_R156L,ATLAS,4JRX,2.71e-05,"A, C","D, E",PDB/ATLAS/4JRX.pdb,6.230558003360137,4JRX_at,4jrx_at_1,PDB/mutant_pdbs/4jrx_at/4jrx_at_1.pdb
A_R156L,ATLAS,4JRY,2.925e-05,"A, C","D, E",PDB/ATLAS/4JRY.pdb,6.1853242387550855,4JRY_at,4jry_at_1,PDB/mutant_pdbs/4jry_at/4jry_at_1.pdb
A_I66A,ATLAS,4JRY,0.0001606,"A, C","D, E",PDB/ATLAS/4JRY.pdb,5.176300312460735,4JRY_at,4jry_at_2,PDB/mutant_pdbs/4jry_at/4jry_at_2.pdb
A_R151A,ATLAS,4JRY,2.89e-05,"A, C","D, E",PDB/ATLAS/4JRY.pdb,6.192456559876554,4JRY_at,4jry_at_3,PDB/mutant_pdbs/4jry_at/4jry_at_3.pdb
A_Q155A,ATLAS,4JRY,2.57e-05,"A, C","D, E",PDB/ATLAS/4JRY.pdb,6.2619850261225825,4JRY_at,4jry_at_4,PDB/mutant_pdbs/4jry_at/4jry_at_4.pdb
A_L163A,ATLAS,4JRY,0.0002,"A, C","D, E",PDB/ATLAS/4JRY.pdb,5.046308779718581,4JRY_at,4jry_at_5,PDB/mutant_pdbs/4jry_at/4jry_at_5.pdb
A_E166A,ATLAS,4JRY,0.000162,"A, C","D, E",PDB/ATLAS/4JRY.pdb,5.171157819361266,4JRY_at,4jry_at_6,PDB/mutant_pdbs/4jry_at/4jry_at_6.pdb
A_G503E,SKEMPI_v2.0,4K71,1.05e-08,A,"B, C",PDB/SKEMPI_v2.0/4K71.pdb,10.87959236142938,4K71,4k71_1,PDB/mutant_pdbs/4k71/4k71_1.pdb
"A_A418T, A_M416V",SKEMPI_v2.0,4K71,2.26e-08,A,"B, C",PDB/SKEMPI_v2.0/4K71.pdb,10.42563692005787,4K71,4k71_2,PDB/mutant_pdbs/4k71/4k71_2.pdb
"A_A545V, A_G503R",SKEMPI_v2.0,4K71,5.01e-08,A,"B, C",PDB/SKEMPI_v2.0/4K71.pdb,9.95421406671443,4K71,4k71_3,PDB/mutant_pdbs/4k71/4k71_3.pdb
A_A545V,SKEMPI_v2.0,4K71,9.26e-08,A,"B, C",PDB/SKEMPI_v2.0/4K71.pdb,9.590452543928235,4K71,4k71_4,PDB/mutant_pdbs/4k71/4k71_4.pdb
"A_A418T, A_G503R, A_M416V",SKEMPI_v2.0,4K71,3.26e-07,A,"B, C",PDB/SKEMPI_v2.0/4K71.pdb,8.845121271059718,4K71,4k71_5,PDB/mutant_pdbs/4k71/4k71_5.pdb
"A_A545V, A_G503E",SKEMPI_v2.0,4K71,3.68e-07,A,"B, C",PDB/SKEMPI_v2.0/4K71.pdb,8.773356775599904,4K71,4k71_6,PDB/mutant_pdbs/4k71/4k71_6.pdb
"A_A418T, A_A545V, A_M416V",SKEMPI_v2.0,4K71,3.71e-07,A,"B, C",PDB/SKEMPI_v2.0/4K71.pdb,8.768548736719035,4K71,4k71_7,PDB/mutant_pdbs/4k71/4k71_7.pdb
"A_A418T, A_A545V, A_G503R, A_M416V",SKEMPI_v2.0,4K71,3.95e-07,A,"B, C",PDB/SKEMPI_v2.0/4K71.pdb,8.73142827131571,4K71,4k71_8,PDB/mutant_pdbs/4k71/4k71_8.pdb
"A_A545V, A_G503E, A_M416V",SKEMPI_v2.0,4K71,4.2e-07,A,"B, C",PDB/SKEMPI_v2.0/4K71.pdb,8.695086387102705,4K71,4k71_9,PDB/mutant_pdbs/4k71/4k71_9.pdb
"A_A418T, A_A545V, A_G503E",SKEMPI_v2.0,4K71,5.9e-07,A,"B, C",PDB/SKEMPI_v2.0/4K71.pdb,8.493821123548091,4K71,4k71_10,PDB/mutant_pdbs/4k71/4k71_10.pdb
"A_A418T, A_A545V, A_G503E, A_M416V",SKEMPI_v2.0,4K71,1.03e-06,A,"B, C",PDB/SKEMPI_v2.0/4K71.pdb,8.16385960743987,4K71,4k71_11,PDB/mutant_pdbs/4k71/4k71_11.pdb
A_H462A,SKEMPI_v2.0,4K71,1.77e-08,A,"B, C",PDB/SKEMPI_v2.0/4K71.pdb,10.57035866599208,4K71,4k71_12,PDB/mutant_pdbs/4k71/4k71_12.pdb
A_H462F,SKEMPI_v2.0,4K71,1.65e-08,A,"B, C",PDB/SKEMPI_v2.0/4K71.pdb,10.61193270613152,4K71,4k71_13,PDB/mutant_pdbs/4k71/4k71_13.pdb
B_H157A,SKEMPI_v2.0,4K71,8.9e-09,A,"B, C",PDB/SKEMPI_v2.0/4K71.pdb,10.977495051780496,4K71,4k71_14,PDB/mutant_pdbs/4k71/4k71_14.pdb
B_H157F,SKEMPI_v2.0,4K71,4.1e-09,A,"B, C",PDB/SKEMPI_v2.0/4K71.pdb,11.436477954722312,4K71,4k71_15,PDB/mutant_pdbs/4k71/4k71_15.pdb
B_R30A,SKEMPI_v2.0,4KRL,4e-06,A,B,PDB/SKEMPI_v2.0/4KRL.pdb,7.360418624665037,4KRL,4krl_1,PDB/mutant_pdbs/4krl/4krl_1.pdb
B_D112A,SKEMPI_v2.0,4KRL,6.56e-07,A,B,PDB/SKEMPI_v2.0/4KRL.pdb,8.431026663067781,4KRL,4krl_2,PDB/mutant_pdbs/4krl/4krl_2.pdb
"A_D49T, A_F51A",SKEMPI_v2.0,4KRL,5e-06,A,B,PDB/SKEMPI_v2.0/4KRL.pdb,7.228275943658009,4KRL,4krl_3,PDB/mutant_pdbs/4krl/4krl_3.pdb
B_R15A,SKEMPI_v2.0,4KRO,4e-06,A,B,PDB/SKEMPI_v2.0/4KRO.pdb,7.360418624665037,4KRO,4kro_1,PDB/mutant_pdbs/4kro/4kro_1.pdb
B_D92A,SKEMPI_v2.0,4KRO,3.5e-06,A,B,PDB/SKEMPI_v2.0/4KRO.pdb,7.439494161986572,4KRO,4kro_2,PDB/mutant_pdbs/4kro/4kro_2.pdb
"A_D321T, A_F323A",SKEMPI_v2.0,4KRO,3.42e-07,A,B,PDB/SKEMPI_v2.0/4KRO.pdb,8.816747610963288,4KRO,4kro_3,PDB/mutant_pdbs/4kro/4kro_3.pdb
B_E105A,SKEMPI_v2.0,4KRP,2.5e-06,A,B,PDB/SKEMPI_v2.0/4KRP.pdb,7.638748602321938,4KRP,4krp_1,PDB/mutant_pdbs/4krp/4krp_1.pdb
"A_D277T, A_F279A",SKEMPI_v2.0,4KRP,3.04e-07,A,B,PDB/SKEMPI_v2.0/4KRP.pdb,8.886497178078786,4KRP,4krp_2,PDB/mutant_pdbs/4krp/4krp_2.pdb
A_T11K,SKEMPI_v2.0,4L0P,9e-09,A,B,PDB/SKEMPI_v2.0/4L0P.pdb,10.970878369882058,4L0P,4l0p_1,PDB/mutant_pdbs/4l0p/4l0p_1.pdb
A_S20F,SKEMPI_v2.0,4L0P,9.9e-09,A,B,PDB/SKEMPI_v2.0/4L0P.pdb,10.914436932912764,4L0P,4l0p_2,PDB/mutant_pdbs/4l0p/4l0p_2.pdb
A_E27K,SKEMPI_v2.0,4L0P,8.1e-07,A,B,PDB/SKEMPI_v2.0/4L0P.pdb,8.30615016977596,4L0P,4l0p_3,PDB/mutant_pdbs/4l0p/4l0p_3.pdb
A_N59S,SKEMPI_v2.0,4L0P,1.53e-08,A,B,PDB/SKEMPI_v2.0/4L0P.pdb,10.65664728724283,4L0P,4l0p_4,PDB/mutant_pdbs/4l0p/4l0p_4.pdb
A_T76Q,SKEMPI_v2.0,4L0P,1.08e-07,A,B,PDB/SKEMPI_v2.0/4L0P.pdb,9.499349281000558,4L0P,4l0p_5,PDB/mutant_pdbs/4l0p/4l0p_5.pdb
A_T140N,SKEMPI_v2.0,4L0P,1.44e-08,A,B,PDB/SKEMPI_v2.0/4L0P.pdb,10.69254839222516,4L0P,4l0p_6,PDB/mutant_pdbs/4l0p/4l0p_6.pdb
D_Y50A,ATLAS,4L3E,2.69e-05,"A, C","D, E",PDB/ATLAS/4L3E.pdb,6.234946800833159,4L3E_at,4l3e_at_1,PDB/mutant_pdbs/4l3e_at/4l3e_at_1.pdb
D_N52A,ATLAS,4L3E,1.899e-06,"A, C","D, E",PDB/ATLAS/4L3E.pdb,7.805505227007369,4L3E_at,4l3e_at_2,PDB/mutant_pdbs/4l3e_at/4l3e_at_2.pdb
A_Q155A,ATLAS,4L3E,0.000102,"A, C","D, E",PDB/ATLAS/4L3E.pdb,5.445255293499094,4L3E_at,4l3e_at_3,PDB/mutant_pdbs/4l3e_at/4l3e_at_3.pdb
A_E166A,ATLAS,4L3E,3.22e-05,"A, C","D, E",PDB/ATLAS/4L3E.pdb,6.128394209158163,4L3E_at,4l3e_at_4,PDB/mutant_pdbs/4l3e_at/4l3e_at_4.pdb
"A_Q155A, D_Y50A",ATLAS,4L3E,7.709999999999999e-05,"A, C","D, E",PDB/ATLAS/4L3E.pdb,5.611073779516145,4L3E_at,4l3e_at_5,PDB/mutant_pdbs/4l3e_at/4l3e_at_5.pdb
"A_E166A, D_N52A",ATLAS,4L3E,2.61e-05,"A, C","D, E",PDB/ATLAS/4L3E.pdb,6.252834497525777,4L3E_at,4l3e_at_6,PDB/mutant_pdbs/4l3e_at/4l3e_at_6.pdb
"D_Y26D, E_W95L",SKEMPI_v2.0,4L3E,9.5e-06,"A, B, C","D, E",PDB/SKEMPI_v2.0/4L3E.pdb,6.848178500401983,4L3E,4l3e_1,PDB/mutant_pdbs/4l3e/4l3e_1.pdb
A_R65A,SKEMPI_v2.0,4L3E,9e-07,"A, B, C","D, E",PDB/SKEMPI_v2.0/4L3E.pdb,8.243757055884426,4L3E,4l3e_2,PDB/mutant_pdbs/4l3e/4l3e_2.pdb
E_Y48A,SKEMPI_v2.0,4L3E,4.3e-06,"A, B, C","D, E",PDB/SKEMPI_v2.0/4L3E.pdb,7.317591278514769,4L3E,4l3e_3,PDB/mutant_pdbs/4l3e/4l3e_3.pdb
"A_R65A, E_Y48A",SKEMPI_v2.0,4L3E,6.2e-05,"A, B, C","D, E",PDB/SKEMPI_v2.0/4L3E.pdb,5.737329152261439,4L3E,4l3e_4,PDB/mutant_pdbs/4l3e/4l3e_4.pdb
"A_R65A, D_Y26A",SKEMPI_v2.0,4L3E,0.00018,"A, B, C","D, E",PDB/SKEMPI_v2.0/4L3E.pdb,5.1061630832228655,4L3E,4l3e_5,PDB/mutant_pdbs/4l3e/4l3e_5.pdb
D_Y26A,SKEMPI_v2.0,4L3E,1.1e-05,"A, B, C","D, E",PDB/SKEMPI_v2.0/4L3E.pdb,6.761361848024785,4L3E,4l3e_6,PDB/mutant_pdbs/4l3e/4l3e_6.pdb
D_Y50A,SKEMPI_v2.0,4L3E,2.71e-05,"A, B, C","D, E",PDB/SKEMPI_v2.0/4L3E.pdb,6.2274233942690636,4L3E,4l3e_7,PDB/mutant_pdbs/4l3e/4l3e_7.pdb
A_Q155A,SKEMPI_v2.0,4L3E,0.000103,"A, B, C","D, E",PDB/SKEMPI_v2.0/4L3E.pdb,5.436738293442238,4L3E,4l3e_8,PDB/mutant_pdbs/4l3e/4l3e_8.pdb
"A_Q155A, D_Y50A",SKEMPI_v2.0,4L3E,7.75e-05,"A, B, C","D, E",PDB/SKEMPI_v2.0/4L3E.pdb,5.6051864712544095,4L3E,4l3e_9,PDB/mutant_pdbs/4l3e/4l3e_9.pdb
D_N52A,SKEMPI_v2.0,4L3E,1.91e-06,"A, B, C","D, E",PDB/SKEMPI_v2.0/4L3E.pdb,7.798157899109994,4L3E,4l3e_10,PDB/mutant_pdbs/4l3e/4l3e_10.pdb
A_E166A,SKEMPI_v2.0,4L3E,3.24e-05,"A, B, C","D, E",PDB/SKEMPI_v2.0/4L3E.pdb,6.121644195449284,4L3E,4l3e_11,PDB/mutant_pdbs/4l3e/4l3e_11.pdb
"A_E166A, D_N52A",SKEMPI_v2.0,4L3E,2.62e-05,"A, B, C","D, E",PDB/SKEMPI_v2.0/4L3E.pdb,6.247424101378674,4L3E,4l3e_12,PDB/mutant_pdbs/4l3e/4l3e_12.pdb
A_H56N,SKEMPI_v2.0,4LRX,2.6e-05,"A, B","C, D",PDB/SKEMPI_v2.0/4LRX.pdb,6.147063263494671,4LRX,4lrx_1,PDB/mutant_pdbs/4lrx/4lrx_1.pdb
"D_A94S, D_G98K, D_L95G, D_P96T, E_E53G, E_H51G, E_I50V, E_P52A, E_Y54I",ATLAS,4MNQ,3.7e-05,"A, C","D, E",PDB/ATLAS/4MNQ.pdb,6.046067560311798,4MNQ_at,4mnq_at_1,PDB/mutant_pdbs/4mnq_at/4mnq_at_1.pdb
"D_A94S, D_G98K, D_L95G, D_P96T",ATLAS,4MNQ,9.499999999999999e-09,"A, C","D, E",PDB/ATLAS/4MNQ.pdb,10.944366609219601,4MNQ_at,4mnq_at_2,PDB/mutant_pdbs/4mnq_at/4mnq_at_2.pdb
"D_A94S, D_G98K, D_L95G, D_P96T, E_E53F, E_H51W, E_P52E, E_Y54E",ATLAS,4MNQ,9.1e-09,"A, C","D, E",PDB/ATLAS/4MNQ.pdb,10.96985376245773,4MNQ_at,4mnq_at_3,PDB/mutant_pdbs/4mnq_at/4mnq_at_3.pdb
"E_E53G, E_H51G, E_I50V, E_P52A, E_Y54I",ATLAS,4MNQ,2.6e-08,"A, C","D, E",PDB/ATLAS/4MNQ.pdb,10.347849953815745,4MNQ_at,4mnq_at_4,PDB/mutant_pdbs/4mnq_at/4mnq_at_4.pdb
"E_E53F, E_H51W, E_P52E, E_Y54E",ATLAS,4MNQ,3.1e-09,"A, C","D, E",PDB/ATLAS/4MNQ.pdb,11.60788439417512,4MNQ_at,4mnq_at_5,PDB/mutant_pdbs/4mnq_at/4mnq_at_5.pdb
"C_K4A, D_A94S, D_G98K, D_L95G, D_P96T",ATLAS,4MNQ,9.2e-07,"A, C","D, E",PDB/ATLAS/4MNQ.pdb,8.234884426584612,4MNQ_at,4mnq_at_6,PDB/mutant_pdbs/4mnq_at/4mnq_at_6.pdb
"C_K4A, E_E53G, E_H51G, E_I50V, E_P52A, E_Y54I",ATLAS,4MNQ,2.6e-06,"A, C","D, E",PDB/ATLAS/4MNQ.pdb,7.619355927747308,4MNQ_at,4mnq_at_7,PDB/mutant_pdbs/4mnq_at/4mnq_at_7.pdb
C_K4A,ATLAS,4MNQ,8.3e-06,"A, C","D, E",PDB/ATLAS/4MNQ.pdb,6.93163253593606,4MNQ_at,4mnq_at_8,PDB/mutant_pdbs/4mnq_at/4mnq_at_8.pdb
"C_K4A, E_E53F, E_H51W, E_P52E, E_Y54E",ATLAS,4MNQ,8.4e-06,"A, C","D, E",PDB/ATLAS/4MNQ.pdb,6.924536822985986,4MNQ_at,4mnq_at_9,PDB/mutant_pdbs/4mnq_at/4mnq_at_9.pdb
"C_L6A, D_A94S, D_G98K, D_L95G, D_P96T",ATLAS,4MNQ,1.1e-05,"A, C","D, E",PDB/ATLAS/4MNQ.pdb,6.7647652180825135,4MNQ_at,4mnq_at_10,PDB/mutant_pdbs/4mnq_at/4mnq_at_10.pdb
"C_L6A, D_A94S, D_G98K, D_L95G, D_P96T, E_E53F, E_H51W, E_P52E, E_Y54E",ATLAS,4MNQ,1.9e-05,"A, C","D, E",PDB/ATLAS/4MNQ.pdb,6.440946297698659,4MNQ_at,4mnq_at_11,PDB/mutant_pdbs/4mnq_at/4mnq_at_11.pdb
"C_L6A, E_E53G, E_H51G, E_I50V, E_P52A, E_Y54I",ATLAS,4MNQ,5.299999999999999e-06,"A, C","D, E",PDB/ATLAS/4MNQ.pdb,7.19739088648967,4MNQ_at,4mnq_at_12,PDB/mutant_pdbs/4mnq_at/4mnq_at_12.pdb
C_L6A,ATLAS,4MNQ,2.2e-06,"A, C","D, E",PDB/ATLAS/4MNQ.pdb,7.718332958698443,4MNQ_at,4mnq_at_13,PDB/mutant_pdbs/4mnq_at/4mnq_at_13.pdb
"C_L6A, E_E53F, E_H51W, E_P52E, E_Y54E",ATLAS,4MNQ,3.3e-06,"A, C","D, E",PDB/ATLAS/4MNQ.pdb,7.478100984510294,4MNQ_at,4mnq_at_14,PDB/mutant_pdbs/4mnq_at/4mnq_at_14.pdb
"C_A3G, D_A94S, D_G98K, D_L95G, D_P96T, E_E53G, E_H51G, E_I50V, E_P52A, E_Y54I",ATLAS,4MNQ,3.7e-06,"A, C","D, E",PDB/ATLAS/4MNQ.pdb,7.410314573346016,4MNQ_at,4mnq_at_15,PDB/mutant_pdbs/4mnq_at/4mnq_at_15.pdb
"C_A3G, C_W8T, D_A94S, D_G98K, D_L95G, D_P96T, E_E53G, E_H51G, E_I50V, E_P52A, E_Y54I",ATLAS,4MNQ,4.039999999999999e-06,"A, C","D, E",PDB/ATLAS/4MNQ.pdb,7.358228112093553,4MNQ_at,4mnq_at_16,PDB/mutant_pdbs/4mnq_at/4mnq_at_16.pdb
"C_W8Y, D_A94S, D_G98K, D_L95G, D_P96T, E_E53G, E_H51G, E_I50V, E_P52A, E_Y54I",ATLAS,4MNQ,2.26e-05,"A, C","D, E",PDB/ATLAS/4MNQ.pdb,6.338143684774038,4MNQ_at,4mnq_at_17,PDB/mutant_pdbs/4mnq_at/4mnq_at_17.pdb
"C_W8T, D_A94S, D_G98K, D_L95G, D_P96T, E_E53G, E_H51G, E_I50V, E_P52A, E_Y54I",ATLAS,4MNQ,2.76e-05,"A, C","D, E",PDB/ATLAS/4MNQ.pdb,6.219726166943956,4MNQ_at,4mnq_at_18,PDB/mutant_pdbs/4mnq_at/4mnq_at_18.pdb
"D_A94S, D_G98K, D_L95G, D_P96T, E_E53G, E_H51G, E_I50V, E_P52A, E_Y54I",ATLAS,4MNQ,3.66e-05,"A, C","D, E",PDB/ATLAS/4MNQ.pdb,6.052507677520485,4MNQ_at,4mnq_at_19,PDB/mutant_pdbs/4mnq_at/4mnq_at_19.pdb
"C_H7Y, D_A94S, D_G98K, D_L95G, D_P96T, E_E53G, E_H51G, E_I50V, E_P52A, E_Y54I",ATLAS,4MNQ,8.15e-05,"A, C","D, E",PDB/ATLAS/4MNQ.pdb,5.5781910190441755,4MNQ_at,4mnq_at_20,PDB/mutant_pdbs/4mnq_at/4mnq_at_20.pdb
"C_F5Y, D_A94S, D_G98K, D_L95G, D_P96T, E_E53G, E_H51G, E_I50V, E_P52A, E_Y54I",ATLAS,4MNQ,0.0002421,"A, C","D, E",PDB/ATLAS/4MNQ.pdb,4.933124307620283,4MNQ_at,4mnq_at_21,PDB/mutant_pdbs/4mnq_at/4mnq_at_21.pdb
"C_W8E, D_A94S, D_G98K, D_L95G, D_P96T, E_E53G, E_H51G, E_I50V, E_P52A, E_Y54I",ATLAS,4MNQ,0.0005,"A, C","D, E",PDB/ATLAS/4MNQ.pdb,4.503420311520943,4MNQ_at,4mnq_at_22,PDB/mutant_pdbs/4mnq_at/4mnq_at_22.pdb
"D_A93S, D_G97K, D_L94G, D_P95T, E_E52G, E_H50G, E_I49V, E_P51A, E_Y53I",SKEMPI_v2.0,4MNQ,3.7e-05,"A, B, C","D, E",PDB/SKEMPI_v2.0/4MNQ.pdb,6.043025768817428,4MNQ,4mnq_1,PDB/mutant_pdbs/4mnq/4mnq_1.pdb
"D_A93S, D_G97K, D_L94G, D_P95T",SKEMPI_v2.0,4MNQ,9.5e-09,"A, B, C","D, E",PDB/SKEMPI_v2.0/4MNQ.pdb,10.938860471398431,4MNQ,4mnq_2,PDB/mutant_pdbs/4mnq/4mnq_2.pdb
"D_A93S, D_G97K, D_L94G, D_P95T, E_E52F, E_H50W, E_P51E, E_Y53E",SKEMPI_v2.0,4MNQ,9.1e-09,"A, B, C","D, E",PDB/SKEMPI_v2.0/4MNQ.pdb,10.964334801986933,4MNQ,4mnq_3,PDB/mutant_pdbs/4mnq/4mnq_3.pdb
"E_E52G, E_H50G, E_I49V, E_P51A, E_Y53I",SKEMPI_v2.0,4MNQ,2.6e-08,"A, B, C","D, E",PDB/SKEMPI_v2.0/4MNQ.pdb,10.34264392499444,4MNQ,4mnq_4,PDB/mutant_pdbs/4mnq/4mnq_4.pdb
"E_E52F, E_H50W, E_P51E, E_Y53E",SKEMPI_v2.0,4MNQ,3.1e-09,"A, B, C","D, E",PDB/SKEMPI_v2.0/4MNQ.pdb,11.602044438920633,4MNQ,4mnq_5,PDB/mutant_pdbs/4mnq/4mnq_5.pdb
"C_K4A, D_A93S, D_G97K, D_L94G, D_P95T",SKEMPI_v2.0,4MNQ,9.2e-07,"A, B, C","D, E",PDB/SKEMPI_v2.0/4MNQ.pdb,8.230741435928945,4MNQ,4mnq_6,PDB/mutant_pdbs/4mnq/4mnq_6.pdb
"C_K4A, E_E52G, E_H50G, E_I49V, E_P51A, E_Y53I",SKEMPI_v2.0,4MNQ,2.6e-06,"A, B, C","D, E",PDB/SKEMPI_v2.0/4MNQ.pdb,7.615522610996808,4MNQ,4mnq_7,PDB/mutant_pdbs/4mnq/4mnq_7.pdb
C_K4A,SKEMPI_v2.0,4MNQ,8.3e-06,"A, B, C","D, E",PDB/SKEMPI_v2.0/4MNQ.pdb,6.928145214519358,4MNQ,4mnq_8,PDB/mutant_pdbs/4mnq/4mnq_8.pdb
"C_K4A, E_E52F, E_H50W, E_P51E, E_Y53E",SKEMPI_v2.0,4MNQ,8.4e-06,"A, B, C","D, E",PDB/SKEMPI_v2.0/4MNQ.pdb,6.92105307143996,4MNQ,4mnq_9,PDB/mutant_pdbs/4mnq/4mnq_9.pdb
"C_L6A, D_A93S, D_G97K, D_L94G, D_P95T",SKEMPI_v2.0,4MNQ,1.1e-05,"A, B, C","D, E",PDB/SKEMPI_v2.0/4MNQ.pdb,6.761361848024785,4MNQ,4mnq_10,PDB/mutant_pdbs/4mnq/4mnq_10.pdb
"C_L6A, D_A93S, D_G97K, D_L94G, D_P95T, E_E52F, E_H50W, E_P51E, E_Y53E",SKEMPI_v2.0,4MNQ,1.9e-05,"A, B, C","D, E",PDB/SKEMPI_v2.0/4MNQ.pdb,6.437705841738055,4MNQ,4mnq_11,PDB/mutant_pdbs/4mnq/4mnq_11.pdb
"C_L6A, E_E52G, E_H50G, E_I49V, E_P51A, E_Y53I",SKEMPI_v2.0,4MNQ,5.3e-06,"A, B, C","D, E",PDB/SKEMPI_v2.0/4MNQ.pdb,7.1937698613916545,4MNQ,4mnq_12,PDB/mutant_pdbs/4mnq/4mnq_12.pdb
C_L6A,SKEMPI_v2.0,4MNQ,2.2e-06,"A, B, C","D, E",PDB/SKEMPI_v2.0/4MNQ.pdb,7.714449846359672,4MNQ,4mnq_13,PDB/mutant_pdbs/4mnq/4mnq_13.pdb
"C_L6A, E_E52F, E_H50W, E_P51E, E_Y53E",SKEMPI_v2.0,4MNQ,3.3e-06,"A, B, C","D, E",PDB/SKEMPI_v2.0/4MNQ.pdb,7.474338733469958,4MNQ,4mnq_14,PDB/mutant_pdbs/4mnq/4mnq_14.pdb
B_I48A,SKEMPI_v2.0,4MYW,1.47e-06,A,B,PDB/SKEMPI_v2.0/4MYW.pdb,7.9532166070963815,4MYW,4myw_1,PDB/mutant_pdbs/4myw/4myw_1.pdb
"B_E93A, B_N101A, B_Q32A, B_T31A",SKEMPI_v2.0,4MYW,7.81e-09,A,B,PDB/SKEMPI_v2.0/4MYW.pdb,11.05486208276494,4MYW,4myw_2,PDB/mutant_pdbs/4myw/4myw_2.pdb
G_P10A,SKEMPI_v2.0,4N8V,1.54e-05,G,"A, B, C",PDB/SKEMPI_v2.0/4N8V.pdb,6.562107407689421,4N8V,4n8v_1,PDB/mutant_pdbs/4n8v/4n8v_1.pdb
G_K38A,SKEMPI_v2.0,4N8V,5.99e-05,G,"A, B, C",PDB/SKEMPI_v2.0/4N8V.pdb,5.757734656288409,4N8V,4n8v_2,PDB/mutant_pdbs/4n8v/4n8v_2.pdb
G_Y39F,SKEMPI_v2.0,4N8V,5.3e-05,G,"A, B, C",PDB/SKEMPI_v2.0/4N8V.pdb,5.8302092043928395,4N8V,4n8v_3,PDB/mutant_pdbs/4n8v/4n8v_3.pdb
G_Y124A,SKEMPI_v2.0,4N8V,2.72e-05,G,"A, B, C",PDB/SKEMPI_v2.0/4N8V.pdb,6.2252422246979515,4N8V,4n8v_4,PDB/mutant_pdbs/4n8v/4n8v_4.pdb
"B_L77A, B_S79A, B_T78A",SKEMPI_v2.0,4NKQ,5.9e-10,C,"A, B",PDB/SKEMPI_v2.0/4NKQ.pdb,12.584503094544537,4NKQ,4nkq_1,PDB/mutant_pdbs/4nkq/4nkq_1.pdb
"B_N81A, B_R80A, B_Y82A",SKEMPI_v2.0,4NKQ,2.8e-10,C,"A, B",PDB/SKEMPI_v2.0/4NKQ.pdb,13.025879470988865,4NKQ,4nkq_2,PDB/mutant_pdbs/4nkq/4nkq_2.pdb
B_R80A,SKEMPI_v2.0,4NKQ,6e-10,C,"A, B",PDB/SKEMPI_v2.0/4NKQ.pdb,12.574550139770588,4NKQ,4nkq_3,PDB/mutant_pdbs/4nkq/4nkq_3.pdb
B_R80D,SKEMPI_v2.0,4NKQ,4.3e-10,C,"A, B",PDB/SKEMPI_v2.0/4NKQ.pdb,12.771833906510032,4NKQ,4nkq_4,PDB/mutant_pdbs/4nkq/4nkq_4.pdb
B_N81A,SKEMPI_v2.0,4NKQ,5.8e-10,C,"A, B",PDB/SKEMPI_v2.0/4NKQ.pdb,12.594626193514191,4NKQ,4nkq_5,PDB/mutant_pdbs/4nkq/4nkq_5.pdb
B_Y82A,SKEMPI_v2.0,4NKQ,2.6e-10,C,"A, B",PDB/SKEMPI_v2.0/4NKQ.pdb,13.069765238992073,4NKQ,4nkq_6,PDB/mutant_pdbs/4nkq/4nkq_6.pdb
B_Y82F,SKEMPI_v2.0,4NKQ,3.3e-10,C,"A, B",PDB/SKEMPI_v2.0/4NKQ.pdb,12.928581361465222,4NKQ,4nkq_7,PDB/mutant_pdbs/4nkq/4nkq_7.pdb
"B_D87A, B_K89A, B_T88A",SKEMPI_v2.0,4NKQ,8.9e-10,C,"A, B",PDB/SKEMPI_v2.0/4NKQ.pdb,12.341055708779312,4NKQ,4nkq_8,PDB/mutant_pdbs/4nkq/4nkq_8.pdb
B_D87A,SKEMPI_v2.0,4NKQ,6.4e-10,C,"A, B",PDB/SKEMPI_v2.0/4NKQ.pdb,12.536331275003402,4NKQ,4nkq_9,PDB/mutant_pdbs/4nkq/4nkq_9.pdb
B_D87R,SKEMPI_v2.0,4NKQ,6.9e-10,C,"A, B",PDB/SKEMPI_v2.0/4NKQ.pdb,12.491784952699609,4NKQ,4nkq_10,PDB/mutant_pdbs/4nkq/4nkq_10.pdb
B_T88A,SKEMPI_v2.0,4NKQ,8.4e-10,C,"A, B",PDB/SKEMPI_v2.0/4NKQ.pdb,12.375295699435224,4NKQ,4nkq_11,PDB/mutant_pdbs/4nkq/4nkq_11.pdb
B_K89A,SKEMPI_v2.0,4NKQ,9.4e-10,C,"A, B",PDB/SKEMPI_v2.0/4NKQ.pdb,12.308687714589906,4NKQ,4nkq_12,PDB/mutant_pdbs/4nkq/4nkq_12.pdb
B_K89D,SKEMPI_v2.0,4NKQ,2.94e-09,C,"A, B",PDB/SKEMPI_v2.0/4NKQ.pdb,11.633425919428902,4NKQ,4nkq_13,PDB/mutant_pdbs/4nkq/4nkq_13.pdb
"B_E92A, B_I91A, B_K90A",SKEMPI_v2.0,4NKQ,1.5e-10,C,"A, B",PDB/SKEMPI_v2.0/4NKQ.pdb,13.395495457098447,4NKQ,4nkq_14,PDB/mutant_pdbs/4nkq/4nkq_14.pdb
B_K90A,SKEMPI_v2.0,4NKQ,3.5e-10,C,"A, B",PDB/SKEMPI_v2.0/4NKQ.pdb,12.893736789981837,4NKQ,4nkq_15,PDB/mutant_pdbs/4nkq/4nkq_15.pdb
B_K90D,SKEMPI_v2.0,4NKQ,3.5e-10,C,"A, B",PDB/SKEMPI_v2.0/4NKQ.pdb,12.893736789981837,4NKQ,4nkq_16,PDB/mutant_pdbs/4nkq/4nkq_16.pdb
B_I91A,SKEMPI_v2.0,4NKQ,4.5e-10,C,"A, B",PDB/SKEMPI_v2.0/4NKQ.pdb,12.744911685544803,4NKQ,4nkq_17,PDB/mutant_pdbs/4nkq/4nkq_17.pdb
B_E92A,SKEMPI_v2.0,4NKQ,2.7e-10,C,"A, B",PDB/SKEMPI_v2.0/4NKQ.pdb,13.047415912326048,4NKQ,4nkq_18,PDB/mutant_pdbs/4nkq/4nkq_18.pdb
"B_K121A, B_L122A, B_Q120A, B_S123A, B_Y119A, B_Y124A",SKEMPI_v2.0,4NKQ,2.9e-10,C,"A, B",PDB/SKEMPI_v2.0/4NKQ.pdb,13.005098852178122,4NKQ,4nkq_19,PDB/mutant_pdbs/4nkq/4nkq_19.pdb
"B_Y119A, B_Y124A",SKEMPI_v2.0,4NKQ,1.7e-10,C,"A, B",PDB/SKEMPI_v2.0/4NKQ.pdb,13.32137548734893,4NKQ,4nkq_20,PDB/mutant_pdbs/4nkq/4nkq_20.pdb
B_Q120A,SKEMPI_v2.0,4NKQ,2.5e-10,C,"A, B",PDB/SKEMPI_v2.0/4NKQ.pdb,13.092991230317201,4NKQ,4nkq_21,PDB/mutant_pdbs/4nkq/4nkq_21.pdb
B_K121A,SKEMPI_v2.0,4NKQ,1.9e-10,C,"A, B",PDB/SKEMPI_v2.0/4NKQ.pdb,13.255509126732134,4NKQ,4nkq_22,PDB/mutant_pdbs/4nkq/4nkq_22.pdb
B_L122A,SKEMPI_v2.0,4NKQ,7.3e-10,C,"A, B",PDB/SKEMPI_v2.0/4NKQ.pdb,12.458413483640214,4NKQ,4nkq_23,PDB/mutant_pdbs/4nkq/4nkq_23.pdb
B_S123A,SKEMPI_v2.0,4NKQ,7.8e-10,C,"A, B",PDB/SKEMPI_v2.0/4NKQ.pdb,12.41918146743843,4NKQ,4nkq_24,PDB/mutant_pdbs/4nkq/4nkq_24.pdb
B_D126A,SKEMPI_v2.0,4NKQ,5.9e-10,C,"A, B",PDB/SKEMPI_v2.0/4NKQ.pdb,12.584503094544537,4NKQ,4nkq_25,PDB/mutant_pdbs/4nkq/4nkq_25.pdb
"B_D176A, B_I179A, B_R178A, B_V177A",SKEMPI_v2.0,4NKQ,4e-10,C,"A, B",PDB/SKEMPI_v2.0/4NKQ.pdb,12.8146612526603,4NKQ,4nkq_26,PDB/mutant_pdbs/4nkq/4nkq_26.pdb
B_D176A,SKEMPI_v2.0,4NKQ,1e-09,C,"A, B",PDB/SKEMPI_v2.0/4NKQ.pdb,12.272045912989343,4NKQ,4nkq_27,PDB/mutant_pdbs/4nkq/4nkq_27.pdb
B_D176E,SKEMPI_v2.0,4NKQ,1.08e-09,C,"A, B",PDB/SKEMPI_v2.0/4NKQ.pdb,12.226470594998192,4NKQ,4nkq_28,PDB/mutant_pdbs/4nkq/4nkq_28.pdb
B_R178A,SKEMPI_v2.0,4NKQ,9e-10,C,"A, B",PDB/SKEMPI_v2.0/4NKQ.pdb,12.334439026880876,4NKQ,4nkq_29,PDB/mutant_pdbs/4nkq/4nkq_29.pdb
B_R178D,SKEMPI_v2.0,4NKQ,3e-10,C,"A, B",PDB/SKEMPI_v2.0/4NKQ.pdb,12.985022798434516,4NKQ,4nkq_30,PDB/mutant_pdbs/4nkq/4nkq_30.pdb
"B_K90D, B_R80D",SKEMPI_v2.0,4NKQ,4.5e-09,C,"A, B",PDB/SKEMPI_v2.0/4NKQ.pdb,11.381351028545987,4NKQ,4nkq_31,PDB/mutant_pdbs/4nkq/4nkq_31.pdb
C_D99K,SKEMPI_v2.0,4NKQ,2.8e-10,C,"A, B",PDB/SKEMPI_v2.0/4NKQ.pdb,13.025879470988865,4NKQ,4nkq_32,PDB/mutant_pdbs/4nkq/4nkq_32.pdb
"B_R80D, C_D99K",SKEMPI_v2.0,4NKQ,6.6e-10,C,"A, B",PDB/SKEMPI_v2.0/4NKQ.pdb,12.518108702801294,4NKQ,4nkq_33,PDB/mutant_pdbs/4nkq/4nkq_33.pdb
"B_D87R, C_D99K",SKEMPI_v2.0,4NKQ,1.94e-09,C,"A, B",PDB/SKEMPI_v2.0/4NKQ.pdb,11.879610797040288,4NKQ,4nkq_34,PDB/mutant_pdbs/4nkq/4nkq_34.pdb
"B_K90D, C_D99K",SKEMPI_v2.0,4NKQ,2.1e-10,C,"A, B",PDB/SKEMPI_v2.0/4NKQ.pdb,13.19624101676308,4NKQ,4nkq_35,PDB/mutant_pdbs/4nkq/4nkq_35.pdb
"B_K90D, B_R80D, C_D99K",SKEMPI_v2.0,4NKQ,1.21e-09,C,"A, B",PDB/SKEMPI_v2.0/4NKQ.pdb,12.159163039050755,4NKQ,4nkq_36,PDB/mutant_pdbs/4nkq/4nkq_36.pdb
B_R178M,SKEMPI_v2.0,4NKQ,9.3e-10,C,"A, B",PDB/SKEMPI_v2.0/4NKQ.pdb,11.44718425117224,4NKQ,4nkq_37,PDB/mutant_pdbs/4nkq/4nkq_37.pdb
"B_D176A, B_V177A",SKEMPI_v2.0,4NKQ,1e-09,C,"A, B",PDB/SKEMPI_v2.0/4NKQ.pdb,11.40723730838271,4NKQ,4nkq_38,PDB/mutant_pdbs/4nkq/4nkq_38.pdb
"B_D176Q, B_V177Q",SKEMPI_v2.0,4NKQ,1.09e-09,C,"A, B",PDB/SKEMPI_v2.0/4NKQ.pdb,11.359800314646,4NKQ,4nkq_39,PDB/mutant_pdbs/4nkq/4nkq_39.pdb
B_D176A,SKEMPI_v2.0,4NKQ,8.4e-10,C,"A, B",PDB/SKEMPI_v2.0/4NKQ.pdb,11.503211103166297,4NKQ,4nkq_40,PDB/mutant_pdbs/4nkq/4nkq_40.pdb
B_D176N,SKEMPI_v2.0,4NKQ,1.43e-09,C,"A, B",PDB/SKEMPI_v2.0/4NKQ.pdb,11.210353414837401,4NKQ,4nkq_41,PDB/mutant_pdbs/4nkq/4nkq_41.pdb
"B_I179A, B_L180A",SKEMPI_v2.0,4NKQ,6e-11,C,"A, B",PDB/SKEMPI_v2.0/4NKQ.pdb,12.955894935252095,4NKQ,4nkq_42,PDB/mutant_pdbs/4nkq/4nkq_42.pdb
"B_I179Q, B_L180Q",SKEMPI_v2.0,4NKQ,2.4e-10,C,"A, B",PDB/SKEMPI_v2.0/4NKQ.pdb,12.192801469145326,4NKQ,4nkq_43,PDB/mutant_pdbs/4nkq/4nkq_43.pdb
B_R156Q,SKEMPI_v2.0,4NKQ,7e-11,C,"A, B",PDB/SKEMPI_v2.0/4NKQ.pdb,12.871041833435342,4NKQ,4nkq_44,PDB/mutant_pdbs/4nkq/4nkq_44.pdb
C_N4E,SKEMPI_v2.0,4NKQ,3e-11,C,"A, B",PDB/SKEMPI_v2.0/4NKQ.pdb,14.348583455433333,4NKQ,4nkq_45,PDB/mutant_pdbs/4nkq/4nkq_45.pdb
C_I6G,SKEMPI_v2.0,4NKQ,1.02e-10,C,"A, B",PDB/SKEMPI_v2.0/4NKQ.pdb,13.623879714130176,4NKQ,4nkq_46,PDB/mutant_pdbs/4nkq/4nkq_46.pdb
C_E8R,SKEMPI_v2.0,4NKQ,5e-09,C,"A, B",PDB/SKEMPI_v2.0/4NKQ.pdb,11.318957914654456,4NKQ,4nkq_47,PDB/mutant_pdbs/4nkq/4nkq_47.pdb
C_R10D,SKEMPI_v2.0,4NKQ,7e-11,C,"A, B",PDB/SKEMPI_v2.0/4NKQ.pdb,13.846824788316724,4NKQ,4nkq_48,PDB/mutant_pdbs/4nkq/4nkq_48.pdb
C_R11D,SKEMPI_v2.0,4NKQ,4.1e-11,C,"A, B",PDB/SKEMPI_v2.0/4NKQ.pdb,14.163599268719945,4NKQ,4nkq_49,PDB/mutant_pdbs/4nkq/4nkq_49.pdb
C_N14D,SKEMPI_v2.0,4NKQ,2.1e-11,C,"A, B",PDB/SKEMPI_v2.0/4NKQ.pdb,14.559801673761896,4NKQ,4nkq_50,PDB/mutant_pdbs/4nkq/4nkq_50.pdb
C_L15D,SKEMPI_v2.0,4NKQ,3.9e-11,C,"A, B",PDB/SKEMPI_v2.0/4NKQ.pdb,14.193214783101174,4NKQ,4nkq_51,PDB/mutant_pdbs/4nkq/4nkq_51.pdb
B_I18M,SKEMPI_v2.0,4NM8,3e-09,"A, B, C, D, E, F","H, L",PDB/SKEMPI_v2.0/4NM8.pdb,11.816453116963146,4NM8,4nm8_1,PDB/mutant_pdbs/4nm8/4nm8_1.pdb
B_D19N,SKEMPI_v2.0,4NM8,7.5e-09,"A, B, C, D, E, F","H, L",PDB/SKEMPI_v2.0/4NM8.pdb,11.264733493069519,4NM8,4nm8_2,PDB/mutant_pdbs/4nm8/4nm8_2.pdb
B_R25M,SKEMPI_v2.0,4NM8,7.6e-07,"A, B, C, D, E, F","H, L",PDB/SKEMPI_v2.0/4NM8.pdb,8.483879855830777,4NM8,4nm8_3,PDB/mutant_pdbs/4nm8/4nm8_3.pdb
B_T32E,SKEMPI_v2.0,4NM8,1e-09,"A, B, C, D, E, F","H, L",PDB/SKEMPI_v2.0/4NM8.pdb,12.477952723609969,4NM8,4nm8_4,PDB/mutant_pdbs/4nm8/4nm8_4.pdb
B_T32I,SKEMPI_v2.0,4NM8,2.3e-09,"A, B, C, D, E, F","H, L",PDB/SKEMPI_v2.0/4NM8.pdb,11.976439075094273,4NM8,4nm8_5,PDB/mutant_pdbs/4nm8/4nm8_5.pdb
B_T32R,SKEMPI_v2.0,4NM8,1.9e-08,"A, B, C, D, E, F","H, L",PDB/SKEMPI_v2.0/4NM8.pdb,10.705038614961591,4NM8,4nm8_6,PDB/mutant_pdbs/4nm8/4nm8_6.pdb
B_Q34T,SKEMPI_v2.0,4NM8,1.2e-07,"A, B, C, D, E, F","H, L",PDB/SKEMPI_v2.0/4NM8.pdb,9.595294357832332,4NM8,4nm8_7,PDB/mutant_pdbs/4nm8/4nm8_7.pdb
B_Q34R,SKEMPI_v2.0,4NM8,3.5e-07,"A, B, C, D, E, F","H, L",PDB/SKEMPI_v2.0/4NM8.pdb,8.9507570810489,4NM8,4nm8_8,PDB/mutant_pdbs/4nm8/4nm8_8.pdb
B_L38Y,SKEMPI_v2.0,4NM8,9e-10,"A, B, C, D, E, F","H, L",PDB/SKEMPI_v2.0/4NM8.pdb,12.54139270182854,4NM8,4nm8_9,PDB/mutant_pdbs/4nm8/4nm8_9.pdb
A_K77A,SKEMPI_v2.0,4NZW,5.73e-07,A,B,PDB/SKEMPI_v2.0/4NZW.pdb,8.511134784555168,4NZW,4nzw_1,PDB/mutant_pdbs/4nzw/4nzw_1.pdb
B_E49A,SKEMPI_v2.0,4NZW,8.73e-07,A,B,PDB/SKEMPI_v2.0/4NZW.pdb,8.261794598599302,4NZW,4nzw_2,PDB/mutant_pdbs/4nzw/4nzw_2.pdb
B_E124A,SKEMPI_v2.0,4NZW,9.21e-07,A,B,PDB/SKEMPI_v2.0/4NZW.pdb,8.23009810412306,4NZW,4nzw_3,PDB/mutant_pdbs/4nzw/4nzw_3.pdb
A_Y215A,SKEMPI_v2.0,4O27,1.88e-07,A,B,PDB/SKEMPI_v2.0/4O27.pdb,9.171093741928345,4O27,4o27_1,PDB/mutant_pdbs/4o27/4o27_1.pdb
A_K88A,SKEMPI_v2.0,4O27,1.41e-07,A,B,PDB/SKEMPI_v2.0/4O27.pdb,9.34145528770256,4O27,4o27_2,PDB/mutant_pdbs/4o27/4o27_2.pdb
B_E42A,SKEMPI_v2.0,4O27,4.68e-08,A,B,PDB/SKEMPI_v2.0/4O27.pdb,9.994564380222043,4O27,4o27_3,PDB/mutant_pdbs/4o27/4o27_3.pdb
B_E122A,SKEMPI_v2.0,4O27,4.16e-08,A,B,PDB/SKEMPI_v2.0/4O27.pdb,10.06431394733754,4O27,4o27_4,PDB/mutant_pdbs/4o27/4o27_4.pdb
A_Q34A,SKEMPI_v2.0,4OFY,4.3e-06,A,D,PDB/SKEMPI_v2.0/4OFY.pdb,7.317591278514769,4OFY,4ofy_1,PDB/mutant_pdbs/4ofy/4ofy_1.pdb
A_M36A,SKEMPI_v2.0,4OFY,6.8e-07,A,D,PDB/SKEMPI_v2.0/4OFY.pdb,8.409748199024627,4OFY,4ofy_2,PDB/mutant_pdbs/4ofy/4ofy_2.pdb
A_D38A,SKEMPI_v2.0,4OFY,1.49e-06,A,D,PDB/SKEMPI_v2.0/4OFY.pdb,7.945213960053482,4OFY,4ofy_3,PDB/mutant_pdbs/4ofy/4ofy_3.pdb
A_F40A,SKEMPI_v2.0,4OFY,0.0014,A,D,PDB/SKEMPI_v2.0/4OFY.pdb,3.891427530661083,4OFY,4ofy_4,PDB/mutant_pdbs/4ofy/4ofy_4.pdb
A_Q85A,SKEMPI_v2.0,4OFY,1.1e-05,A,D,PDB/SKEMPI_v2.0/4OFY.pdb,6.761361848024785,4OFY,4ofy_5,PDB/mutant_pdbs/4ofy/4ofy_5.pdb
A_S87A,SKEMPI_v2.0,4OFY,7.5e-07,A,D,PDB/SKEMPI_v2.0/4OFY.pdb,8.35172548776711,4OFY,4ofy_6,PDB/mutant_pdbs/4ofy/4ofy_6.pdb
A_E88A,SKEMPI_v2.0,4OFY,9.5e-07,A,D,PDB/SKEMPI_v2.0/4OFY.pdb,8.211739157400798,4OFY,4ofy_7,PDB/mutant_pdbs/4ofy/4ofy_7.pdb
"A_F40A, A_Q34A",SKEMPI_v2.0,4OFY,0.00064,A,D,PDB/SKEMPI_v2.0/4OFY.pdb,4.354967333010506,4OFY,4ofy_8,PDB/mutant_pdbs/4ofy/4ofy_8.pdb
"A_F40A, A_M36A, A_Q34A, A_S87A",SKEMPI_v2.0,4OFY,0.0011,A,D,PDB/SKEMPI_v2.0/4OFY.pdb,4.034240534027153,4OFY,4ofy_9,PDB/mutant_pdbs/4ofy/4ofy_9.pdb
D_Q34A,SKEMPI_v2.0,4OFY,7.5e-05,A,D,PDB/SKEMPI_v2.0/4OFY.pdb,5.624604173769479,4OFY,4ofy_10,PDB/mutant_pdbs/4ofy/4ofy_10.pdb
D_L42A,SKEMPI_v2.0,4OFY,4.5e-05,A,D,PDB/SKEMPI_v2.0/4OFY.pdb,5.927108400550724,4OFY,4ofy_11,PDB/mutant_pdbs/4ofy/4ofy_11.pdb
D_Q86A,SKEMPI_v2.0,4OFY,0.0015,A,D,PDB/SKEMPI_v2.0/4OFY.pdb,3.850570858106734,4OFY,4ofy_12,PDB/mutant_pdbs/4ofy/4ofy_12.pdb
D_R96A,SKEMPI_v2.0,4OFY,0.00019,A,D,PDB/SKEMPI_v2.0/4OFY.pdb,5.074145184739239,4OFY,4ofy_13,PDB/mutant_pdbs/4ofy/4ofy_13.pdb
D_N36A,ATLAS,4OZG,1.4e-05,"A, B, C","D, E",PDB/ATLAS/4OZG.pdb,6.621880328976494,4OZG_at,4ozg_at_1,PDB/mutant_pdbs/4ozg_at/4ozg_at_1.pdb
D_Y38A,ATLAS,4OZG,0.0003,"A, B, C","D, E",PDB/ATLAS/4OZG.pdb,4.8060768055304335,4OZG_at,4ozg_at_2,PDB/mutant_pdbs/4ozg_at/4ozg_at_2.pdb
D_Y40F,ATLAS,4OZG,0.0003,"A, B, C","D, E",PDB/ATLAS/4OZG.pdb,4.8060768055304335,4OZG_at,4ozg_at_3,PDB/mutant_pdbs/4ozg_at/4ozg_at_3.pdb
D_L57A,ATLAS,4OZG,0.0001168,"A, B, C","D, E",PDB/ATLAS/4OZG.pdb,5.364979355328657,4OZG_at,4ozg_at_4,PDB/mutant_pdbs/4ozg_at/4ozg_at_4.pdb
E_Y55F,ATLAS,4OZG,5.299999999999999e-06,"A, B, C","D, E",PDB/ATLAS/4OZG.pdb,7.19739088648967,4OZG_at,4ozg_at_5,PDB/mutant_pdbs/4ozg_at/4ozg_at_5.pdb
E_Q57A,ATLAS,4OZG,6.95e-05,"A, B, C","D, E",PDB/ATLAS/4OZG.pdb,5.672559810488826,4OZG_at,4ozg_at_6,PDB/mutant_pdbs/4ozg_at/4ozg_at_6.pdb
E_N63A,ATLAS,4OZG,1.31e-05,"A, B, C","D, E",PDB/ATLAS/4OZG.pdb,6.661248050358059,4OZG_at,4ozg_at_7,PDB/mutant_pdbs/4ozg_at/4ozg_at_7.pdb
E_F108A,ATLAS,4OZG,0.0001783,"A, B, C","D, E",PDB/ATLAS/4OZG.pdb,5.1143555823903615,4OZG_at,4ozg_at_8,PDB/mutant_pdbs/4ozg_at/4ozg_at_8.pdb
E_R109A,ATLAS,4OZG,0.0003,"A, B, C","D, E",PDB/ATLAS/4OZG.pdb,4.8060768055304335,4OZG_at,4ozg_at_9,PDB/mutant_pdbs/4ozg_at/4ozg_at_9.pdb
E_F110A,ATLAS,4OZG,7.02e-05,"A, B, C","D, E",PDB/ATLAS/4OZG.pdb,5.666622187927995,4OZG_at,4ozg_at_10,PDB/mutant_pdbs/4ozg_at/4ozg_at_10.pdb
E_D114A,ATLAS,4OZG,0.0002562,"A, B, C","D, E",PDB/ATLAS/4OZG.pdb,4.899585200709963,4OZG_at,4ozg_at_11,PDB/mutant_pdbs/4ozg_at/4ozg_at_11.pdb
E_Y117F,ATLAS,4OZG,3.89e-05,"A, B, C","D, E",PDB/ATLAS/4OZG.pdb,6.016398083721764,4OZG_at,4ozg_at_12,PDB/mutant_pdbs/4ozg_at/4ozg_at_12.pdb
G_N29A,SKEMPI_v2.0,4OZG,1.4e-05,"A, B, J","G, H",PDB/SKEMPI_v2.0/4OZG.pdb,6.5074993673993395,4OZG,4ozg_1,PDB/mutant_pdbs/4ozg/4ozg_1.pdb
G_Y31A,SKEMPI_v2.0,4OZG,0.0003,"A, B, J","G, H",PDB/SKEMPI_v2.0/4OZG.pdb,4.723060553481191,4OZG,4ozg_2,PDB/mutant_pdbs/4ozg/4ozg_2.pdb
G_Y33F,SKEMPI_v2.0,4OZG,0.0003,"A, B, J","G, H",PDB/SKEMPI_v2.0/4OZG.pdb,4.723060553481191,4OZG,4ozg_3,PDB/mutant_pdbs/4ozg/4ozg_3.pdb
G_L50A,SKEMPI_v2.0,4OZG,0.000117,"A, B, J","G, H",PDB/SKEMPI_v2.0/4OZG.pdb,5.27131292409231,4OZG,4ozg_4,PDB/mutant_pdbs/4ozg/4ozg_4.pdb
H_Y46F,SKEMPI_v2.0,4OZG,5.3e-06,"A, B, J","G, H",PDB/SKEMPI_v2.0/4OZG.pdb,7.073069024791123,4OZG,4ozg_5,PDB/mutant_pdbs/4ozg/4ozg_5.pdb
H_Q48A,SKEMPI_v2.0,4OZG,6.15e-05,"A, B, J","G, H",PDB/SKEMPI_v2.0/4OZG.pdb,5.645779847833352,4OZG,4ozg_6,PDB/mutant_pdbs/4ozg/4ozg_6.pdb
H_N50A,SKEMPI_v2.0,4OZG,1.31e-05,"A, B, J","G, H",PDB/SKEMPI_v2.0/4OZG.pdb,6.54618708286068,4OZG,4ozg_7,PDB/mutant_pdbs/4ozg/4ozg_7.pdb
H_F94A,SKEMPI_v2.0,4OZG,0.000178,"A, B, J","G, H",PDB/SKEMPI_v2.0/4OZG.pdb,5.026994869733361,4OZG,4ozg_8,PDB/mutant_pdbs/4ozg/4ozg_8.pdb
H_R95A,SKEMPI_v2.0,4OZG,0.0003,"A, B, J","G, H",PDB/SKEMPI_v2.0/4OZG.pdb,4.723060553481191,4OZG,4ozg_9,PDB/mutant_pdbs/4ozg/4ozg_9.pdb
H_F96A,SKEMPI_v2.0,4OZG,7.02e-05,"A, B, J","G, H",PDB/SKEMPI_v2.0/4OZG.pdb,5.568741576598701,4OZG,4ozg_10,PDB/mutant_pdbs/4ozg/4ozg_10.pdb
H_D98A,SKEMPI_v2.0,4OZG,0.000256,"A, B, J","G, H",PDB/SKEMPI_v2.0/4OZG.pdb,4.81540846676399,4OZG,4ozg_11,PDB/mutant_pdbs/4ozg/4ozg_11.pdb
H_Y101F,SKEMPI_v2.0,4OZG,3.89e-05,"A, B, J","G, H",PDB/SKEMPI_v2.0/4OZG.pdb,5.912475728762291,4OZG,4ozg_12,PDB/mutant_pdbs/4ozg/4ozg_12.pdb
C_K40A,SKEMPI_v2.0,4P23,4.5e-05,"C, D","A, B",PDB/SKEMPI_v2.0/4P23.pdb,5.927108400550724,4P23,4p23_1,PDB/mutant_pdbs/4p23/4p23_1.pdb
C_D56A,SKEMPI_v2.0,4P23,3.2e-05,"C, D","A, B",PDB/SKEMPI_v2.0/4P23.pdb,6.129000648673252,4P23,4p23_2,PDB/mutant_pdbs/4p23/4p23_2.pdb
C_Q58A,SKEMPI_v2.0,4P23,3.1e-05,"C, D","A, B",PDB/SKEMPI_v2.0/4P23.pdb,6.147801810925368,4P23,4p23_3,PDB/mutant_pdbs/4p23/4p23_3.pdb
C_L61A,SKEMPI_v2.0,4P23,3e-05,"C, D","A, B",PDB/SKEMPI_v2.0/4P23.pdb,6.167219513440438,4P23,4p23_4,PDB/mutant_pdbs/4p23/4p23_4.pdb
C_Q62A,SKEMPI_v2.0,4P23,0.000151,"C, D","A, B",PDB/SKEMPI_v2.0/4P23.pdb,5.210196704156547,4P23,4p23_5,PDB/mutant_pdbs/4p23/4p23_5.pdb
C_N63A,SKEMPI_v2.0,4P23,7.7e-05,"C, D","A, B",PDB/SKEMPI_v2.0/4P23.pdb,5.609019409354533,4P23,4p23_6,PDB/mutant_pdbs/4p23/4p23_6.pdb
C_V66A,SKEMPI_v2.0,4P23,4.3e-05,"C, D","A, B",PDB/SKEMPI_v2.0/4P23.pdb,5.954030621515954,4P23,4p23_7,PDB/mutant_pdbs/4p23/4p23_7.pdb
C_K68A,SKEMPI_v2.0,4P23,1.9e-05,"C, D","A, B",PDB/SKEMPI_v2.0/4P23.pdb,6.437705841738055,4P23,4p23_8,PDB/mutant_pdbs/4p23/4p23_8.pdb
C_H69A,SKEMPI_v2.0,4P23,1.7e-05,"C, D","A, B",PDB/SKEMPI_v2.0/4P23.pdb,6.503572202354852,4P23,4p23_9,PDB/mutant_pdbs/4p23/4p23_9.pdb
C_V73A,SKEMPI_v2.0,4P23,6e-06,"C, D","A, B",PDB/SKEMPI_v2.0/4P23.pdb,7.120307511775325,4P23,4p23_10,PDB/mutant_pdbs/4p23/4p23_10.pdb
C_K76A,SKEMPI_v2.0,4P23,8e-06,"C, D","A, B",PDB/SKEMPI_v2.0/4P23.pdb,6.949945966001108,4P23,4p23_11,PDB/mutant_pdbs/4p23/4p23_11.pdb
D_F1A,SKEMPI_v2.0,4P23,6e-06,"C, D","A, B",PDB/SKEMPI_v2.0/4P23.pdb,7.120307511775325,4P23,4p23_12,PDB/mutant_pdbs/4p23/4p23_12.pdb
D_E2A,SKEMPI_v2.0,4P23,4.3e-05,"C, D","A, B",PDB/SKEMPI_v2.0/4P23.pdb,5.954030621515954,4P23,4p23_13,PDB/mutant_pdbs/4p23/4p23_13.pdb
D_Q4A,SKEMPI_v2.0,4P23,1.9e-05,"C, D","A, B",PDB/SKEMPI_v2.0/4P23.pdb,6.437705841738055,4P23,4p23_14,PDB/mutant_pdbs/4p23/4p23_14.pdb
D_K5A,SKEMPI_v2.0,4P23,0.000259,"C, D","A, B",PDB/SKEMPI_v2.0/4P23.pdb,4.890683330147176,4P23,4p23_15,PDB/mutant_pdbs/4p23/4p23_15.pdb
D_K7A,SKEMPI_v2.0,4P23,0.000458,"C, D","A, B",PDB/SKEMPI_v2.0/4P23.pdb,4.553112462620471,4P23,4p23_16,PDB/mutant_pdbs/4p23/4p23_16.pdb
D_N9A,SKEMPI_v2.0,4P23,6e-06,"C, D","A, B",PDB/SKEMPI_v2.0/4P23.pdb,7.120307511775325,4P23,4p23_17,PDB/mutant_pdbs/4p23/4p23_17.pdb
D_K10A,SKEMPI_v2.0,4P23,7e-06,"C, D","A, B",PDB/SKEMPI_v2.0/4P23.pdb,7.029021503322643,4P23,4p23_18,PDB/mutant_pdbs/4p23/4p23_18.pdb
D_V12A,SKEMPI_v2.0,4P23,6e-06,"C, D","A, B",PDB/SKEMPI_v2.0/4P23.pdb,7.120307511775325,4P23,4p23_19,PDB/mutant_pdbs/4p23/4p23_19.pdb
D_D13A,SKEMPI_v2.0,4P23,8e-06,"C, D","A, B",PDB/SKEMPI_v2.0/4P23.pdb,6.949945966001108,4P23,4p23_20,PDB/mutant_pdbs/4p23/4p23_20.pdb
D_E68A,SKEMPI_v2.0,4P23,7e-06,"C, D","A, B",PDB/SKEMPI_v2.0/4P23.pdb,7.029021503322643,4P23,4p23_21,PDB/mutant_pdbs/4p23/4p23_21.pdb
D_Y69A,SKEMPI_v2.0,4P23,9e-06,"C, D","A, B",PDB/SKEMPI_v2.0/4P23.pdb,6.880196398885611,4P23,4p23_22,PDB/mutant_pdbs/4p23/4p23_22.pdb
D_S72A,SKEMPI_v2.0,4P23,6e-06,"C, D","A, B",PDB/SKEMPI_v2.0/4P23.pdb,7.120307511775325,4P23,4p23_23,PDB/mutant_pdbs/4p23/4p23_23.pdb
D_Q73A,SKEMPI_v2.0,4P23,8e-06,"C, D","A, B",PDB/SKEMPI_v2.0/4P23.pdb,6.949945966001108,4P23,4p23_24,PDB/mutant_pdbs/4p23/4p23_24.pdb
D_P74A,SKEMPI_v2.0,4P23,7e-06,"C, D","A, B",PDB/SKEMPI_v2.0/4P23.pdb,7.029021503322643,4P23,4p23_25,PDB/mutant_pdbs/4p23/4p23_25.pdb
D_E75A,SKEMPI_v2.0,4P23,8e-06,"C, D","A, B",PDB/SKEMPI_v2.0/4P23.pdb,6.949945966001108,4P23,4p23_26,PDB/mutant_pdbs/4p23/4p23_26.pdb
D_I76A,SKEMPI_v2.0,4P23,8e-06,"C, D","A, B",PDB/SKEMPI_v2.0/4P23.pdb,6.949945966001108,4P23,4p23_27,PDB/mutant_pdbs/4p23/4p23_27.pdb
D_E78A,SKEMPI_v2.0,4P23,8e-06,"C, D","A, B",PDB/SKEMPI_v2.0/4P23.pdb,6.949945966001108,4P23,4p23_28,PDB/mutant_pdbs/4p23/4p23_28.pdb
D_R79A,SKEMPI_v2.0,4P23,0.000198,"C, D","A, B",PDB/SKEMPI_v2.0/4P23.pdb,5.0497216462535714,4P23,4p23_29,PDB/mutant_pdbs/4p23/4p23_29.pdb
D_R81A,SKEMPI_v2.0,4P23,7e-06,"C, D","A, B",PDB/SKEMPI_v2.0/4P23.pdb,7.029021503322643,4P23,4p23_30,PDB/mutant_pdbs/4p23/4p23_30.pdb
D_D85A,SKEMPI_v2.0,4P23,7e-06,"C, D","A, B",PDB/SKEMPI_v2.0/4P23.pdb,7.029021503322643,4P23,4p23_31,PDB/mutant_pdbs/4p23/4p23_31.pdb
D_T86A,SKEMPI_v2.0,4P23,6e-06,"C, D","A, B",PDB/SKEMPI_v2.0/4P23.pdb,7.120307511775325,4P23,4p23_32,PDB/mutant_pdbs/4p23/4p23_32.pdb
D_R89A,SKEMPI_v2.0,4P23,7e-06,"C, D","A, B",PDB/SKEMPI_v2.0/4P23.pdb,7.029021503322643,4P23,4p23_33,PDB/mutant_pdbs/4p23/4p23_33.pdb
D_H90A,SKEMPI_v2.0,4P23,8e-06,"C, D","A, B",PDB/SKEMPI_v2.0/4P23.pdb,6.949945966001108,4P23,4p23_34,PDB/mutant_pdbs/4p23/4p23_34.pdb
D_E93A,SKEMPI_v2.0,4P23,7e-06,"C, D","A, B",PDB/SKEMPI_v2.0/4P23.pdb,7.029021503322643,4P23,4p23_35,PDB/mutant_pdbs/4p23/4p23_35.pdb
C_K40A,SKEMPI_v2.0,4P5T,4.1e-05,"C, D","A, B",PDB/SKEMPI_v2.0/4P5T.pdb,5.982235326727049,4P5T,4p5t_1,PDB/mutant_pdbs/4p5t/4p5t_1.pdb
C_D56A,SKEMPI_v2.0,4P5T,1.7e-05,"C, D","A, B",PDB/SKEMPI_v2.0/4P5T.pdb,6.503572202354852,4P5T,4p5t_2,PDB/mutant_pdbs/4p5t/4p5t_2.pdb
C_Q58A,SKEMPI_v2.0,4P5T,6e-06,"C, D","A, B",PDB/SKEMPI_v2.0/4P5T.pdb,7.120307511775325,4P5T,4p5t_3,PDB/mutant_pdbs/4p5t/4p5t_3.pdb
C_L61A,SKEMPI_v2.0,4P5T,3.3e-05,"C, D","A, B",PDB/SKEMPI_v2.0/4P5T.pdb,6.110778076471143,4P5T,4p5t_4,PDB/mutant_pdbs/4p5t/4p5t_4.pdb
C_Q62A,SKEMPI_v2.0,4P5T,6e-06,"C, D","A, B",PDB/SKEMPI_v2.0/4P5T.pdb,7.120307511775325,4P5T,4p5t_5,PDB/mutant_pdbs/4p5t/4p5t_5.pdb
C_N63A,SKEMPI_v2.0,4P5T,7.5e-05,"C, D","A, B",PDB/SKEMPI_v2.0/4P5T.pdb,5.624604173769479,4P5T,4p5t_6,PDB/mutant_pdbs/4p5t/4p5t_6.pdb
C_V66A,SKEMPI_v2.0,4P5T,2.6e-05,"C, D","A, B",PDB/SKEMPI_v2.0/4P5T.pdb,6.251961953997993,4P5T,4p5t_7,PDB/mutant_pdbs/4p5t/4p5t_7.pdb
C_K68A,SKEMPI_v2.0,4P5T,3.2e-05,"C, D","A, B",PDB/SKEMPI_v2.0/4P5T.pdb,6.129000648673252,4P5T,4p5t_8,PDB/mutant_pdbs/4p5t/4p5t_8.pdb
C_H69A,SKEMPI_v2.0,4P5T,3.3e-05,"C, D","A, B",PDB/SKEMPI_v2.0/4P5T.pdb,6.110778076471143,4P5T,4p5t_9,PDB/mutant_pdbs/4p5t/4p5t_9.pdb
C_V73A,SKEMPI_v2.0,4P5T,6e-06,"C, D","A, B",PDB/SKEMPI_v2.0/4P5T.pdb,7.120307511775325,4P5T,4p5t_10,PDB/mutant_pdbs/4p5t/4p5t_10.pdb
C_K76A,SKEMPI_v2.0,4P5T,1.1e-05,"C, D","A, B",PDB/SKEMPI_v2.0/4P5T.pdb,6.761361848024785,4P5T,4p5t_11,PDB/mutant_pdbs/4p5t/4p5t_11.pdb
D_F1A,SKEMPI_v2.0,4P5T,6e-06,"C, D","A, B",PDB/SKEMPI_v2.0/4P5T.pdb,7.120307511775325,4P5T,4p5t_12,PDB/mutant_pdbs/4p5t/4p5t_12.pdb
D_E2A,SKEMPI_v2.0,4P5T,3.6e-05,"C, D","A, B",PDB/SKEMPI_v2.0/4P5T.pdb,6.059251081557753,4P5T,4p5t_13,PDB/mutant_pdbs/4p5t/4p5t_13.pdb
D_Q4A,SKEMPI_v2.0,4P5T,9.8e-05,"C, D","A, B",PDB/SKEMPI_v2.0/4P5T.pdb,5.466206405988464,4P5T,4p5t_14,PDB/mutant_pdbs/4p5t/4p5t_14.pdb
D_K5A,SKEMPI_v2.0,4P5T,0.000173,"C, D","A, B",PDB/SKEMPI_v2.0/4P5T.pdb,5.129652327216956,4P5T,4p5t_15,PDB/mutant_pdbs/4p5t/4p5t_15.pdb
D_K7A,SKEMPI_v2.0,4P5T,8.2e-05,"C, D","A, B",PDB/SKEMPI_v2.0/4P5T.pdb,5.57176266806312,4P5T,4p5t_16,PDB/mutant_pdbs/4p5t/4p5t_16.pdb
D_N9A,SKEMPI_v2.0,4P5T,6e-06,"C, D","A, B",PDB/SKEMPI_v2.0/4P5T.pdb,7.120307511775325,4P5T,4p5t_17,PDB/mutant_pdbs/4p5t/4p5t_17.pdb
D_K10A,SKEMPI_v2.0,4P5T,9e-06,"C, D","A, B",PDB/SKEMPI_v2.0/4P5T.pdb,6.880196398885611,4P5T,4p5t_18,PDB/mutant_pdbs/4p5t/4p5t_18.pdb
D_V12A,SKEMPI_v2.0,4P5T,7e-06,"C, D","A, B",PDB/SKEMPI_v2.0/4P5T.pdb,7.029021503322643,4P5T,4p5t_19,PDB/mutant_pdbs/4p5t/4p5t_19.pdb
D_D13A,SKEMPI_v2.0,4P5T,6e-06,"C, D","A, B",PDB/SKEMPI_v2.0/4P5T.pdb,7.120307511775325,4P5T,4p5t_20,PDB/mutant_pdbs/4p5t/4p5t_20.pdb
D_E67A,SKEMPI_v2.0,4P5T,9e-06,"C, D","A, B",PDB/SKEMPI_v2.0/4P5T.pdb,6.880196398885611,4P5T,4p5t_21,PDB/mutant_pdbs/4p5t/4p5t_21.pdb
D_Y68A,SKEMPI_v2.0,4P5T,8e-06,"C, D","A, B",PDB/SKEMPI_v2.0/4P5T.pdb,6.949945966001108,4P5T,4p5t_22,PDB/mutant_pdbs/4p5t/4p5t_22.pdb
D_S71A,SKEMPI_v2.0,4P5T,6e-06,"C, D","A, B",PDB/SKEMPI_v2.0/4P5T.pdb,7.120307511775325,4P5T,4p5t_23,PDB/mutant_pdbs/4p5t/4p5t_23.pdb
D_Q72A,SKEMPI_v2.0,4P5T,6e-06,"C, D","A, B",PDB/SKEMPI_v2.0/4P5T.pdb,7.120307511775325,4P5T,4p5t_24,PDB/mutant_pdbs/4p5t/4p5t_24.pdb
D_P73A,SKEMPI_v2.0,4P5T,6e-06,"C, D","A, B",PDB/SKEMPI_v2.0/4P5T.pdb,7.120307511775325,4P5T,4p5t_25,PDB/mutant_pdbs/4p5t/4p5t_25.pdb
D_E74A,SKEMPI_v2.0,4P5T,1.7e-05,"C, D","A, B",PDB/SKEMPI_v2.0/4P5T.pdb,6.503572202354852,4P5T,4p5t_26,PDB/mutant_pdbs/4p5t/4p5t_26.pdb
D_I75A,SKEMPI_v2.0,4P5T,7e-06,"C, D","A, B",PDB/SKEMPI_v2.0/4P5T.pdb,7.029021503322643,4P5T,4p5t_27,PDB/mutant_pdbs/4p5t/4p5t_27.pdb
D_E77A,SKEMPI_v2.0,4P5T,3.3e-05,"C, D","A, B",PDB/SKEMPI_v2.0/4P5T.pdb,6.110778076471143,4P5T,4p5t_28,PDB/mutant_pdbs/4p5t/4p5t_28.pdb
D_R78A,SKEMPI_v2.0,4P5T,0.000199,"C, D","A, B",PDB/SKEMPI_v2.0/4P5T.pdb,5.0467383307799265,4P5T,4p5t_29,PDB/mutant_pdbs/4p5t/4p5t_29.pdb
D_R80A,SKEMPI_v2.0,4P5T,6e-06,"C, D","A, B",PDB/SKEMPI_v2.0/4P5T.pdb,7.120307511775325,4P5T,4p5t_30,PDB/mutant_pdbs/4p5t/4p5t_30.pdb
D_D84A,SKEMPI_v2.0,4P5T,6e-06,"C, D","A, B",PDB/SKEMPI_v2.0/4P5T.pdb,7.120307511775325,4P5T,4p5t_31,PDB/mutant_pdbs/4p5t/4p5t_31.pdb
D_T85A,SKEMPI_v2.0,4P5T,2.4e-05,"C, D","A, B",PDB/SKEMPI_v2.0/4P5T.pdb,6.2993621944474665,4P5T,4p5t_32,PDB/mutant_pdbs/4p5t/4p5t_32.pdb
D_R88A,SKEMPI_v2.0,4P5T,6e-06,"C, D","A, B",PDB/SKEMPI_v2.0/4P5T.pdb,7.120307511775325,4P5T,4p5t_33,PDB/mutant_pdbs/4p5t/4p5t_33.pdb
D_H89A,SKEMPI_v2.0,4P5T,2.3e-05,"C, D","A, B",PDB/SKEMPI_v2.0/4P5T.pdb,6.32456543925917,4P5T,4p5t_34,PDB/mutant_pdbs/4p5t/4p5t_34.pdb
D_E92A,SKEMPI_v2.0,4P5T,6e-06,"C, D","A, B",PDB/SKEMPI_v2.0/4P5T.pdb,7.120307511775325,4P5T,4p5t_35,PDB/mutant_pdbs/4p5t/4p5t_35.pdb
C_G4A,ATLAS,4PRI,0.0001315,"A, C","D, E",PDB/ATLAS/4PRI.pdb,5.294743949071459,4PRI_at,4pri_at_1,PDB/mutant_pdbs/4pri_at/4pri_at_1.pdb
C_E5Q,ATLAS,4PRI,0.0001805,"A, C","D, E",PDB/ATLAS/4PRI.pdb,5.107089789610303,4PRI_at,4pri_at_2,PDB/mutant_pdbs/4pri_at/4pri_at_2.pdb
A_F194A,SKEMPI_v2.0,4PWX,1e-05,"A, B","C, D",PDB/SKEMPI_v2.0/4PWX.pdb,6.8178032849940795,4PWX,4pwx_1,PDB/mutant_pdbs/4pwx/4pwx_1.pdb
A_Y198A,SKEMPI_v2.0,4PWX,1e-05,"A, B","C, D",PDB/SKEMPI_v2.0/4PWX.pdb,6.8178032849940795,4PWX,4pwx_2,PDB/mutant_pdbs/4pwx/4pwx_2.pdb
A_E201K,SKEMPI_v2.0,4PWX,1e-05,"A, B","C, D",PDB/SKEMPI_v2.0/4PWX.pdb,6.8178032849940795,4PWX,4pwx_3,PDB/mutant_pdbs/4pwx/4pwx_3.pdb
A_Q205A,SKEMPI_v2.0,4PWX,2.99e-06,"A, B","C, D",PDB/SKEMPI_v2.0/4PWX.pdb,7.532757423925829,4PWX,4pwx_4,PDB/mutant_pdbs/4pwx/4pwx_4.pdb
A_E206A,SKEMPI_v2.0,4PWX,3.12e-06,"A, B","C, D",PDB/SKEMPI_v2.0/4PWX.pdb,7.507554179114125,4PWX,4pwx_5,PDB/mutant_pdbs/4pwx/4pwx_5.pdb
A_E246K,SKEMPI_v2.0,4PWX,1e-05,"A, B","C, D",PDB/SKEMPI_v2.0/4PWX.pdb,6.8178032849940795,4PWX,4pwx_6,PDB/mutant_pdbs/4pwx/4pwx_6.pdb
A_D250A,SKEMPI_v2.0,4PWX,3.72e-06,"A, B","C, D",PDB/SKEMPI_v2.0/4PWX.pdb,7.403394036041499,4PWX,4pwx_7,PDB/mutant_pdbs/4pwx/4pwx_7.pdb
B_R269A,SKEMPI_v2.0,4PWX,1e-05,"A, B","C, D",PDB/SKEMPI_v2.0/4PWX.pdb,6.8178032849940795,4PWX,4pwx_8,PDB/mutant_pdbs/4pwx/4pwx_8.pdb
B_K65A,SKEMPI_v2.0,4PWX,7.6e-07,"A, B","C, D",PDB/SKEMPI_v2.0/4PWX.pdb,8.343881838407828,4PWX,4pwx_9,PDB/mutant_pdbs/4pwx/4pwx_9.pdb
B_K65D,SKEMPI_v2.0,4PWX,6.6e-07,"A, B","C, D",PDB/SKEMPI_v2.0/4PWX.pdb,8.427426731804847,4PWX,4pwx_10,PDB/mutant_pdbs/4pwx/4pwx_10.pdb
B_K68A,SKEMPI_v2.0,4PWX,1.15e-06,"A, B","C, D",PDB/SKEMPI_v2.0/4PWX.pdb,8.098598754921916,4PWX,4pwx_11,PDB/mutant_pdbs/4pwx/4pwx_11.pdb
B_K68D,SKEMPI_v2.0,4PWX,8.4e-07,"A, B","C, D",PDB/SKEMPI_v2.0/4PWX.pdb,8.284613728438776,4PWX,4pwx_12,PDB/mutant_pdbs/4pwx/4pwx_12.pdb
B_R71A,SKEMPI_v2.0,4PWX,9.9e-07,"A, B","C, D",PDB/SKEMPI_v2.0/4PWX.pdb,8.187315618915132,4PWX,4pwx_13,PDB/mutant_pdbs/4pwx/4pwx_13.pdb
C_K1A,SKEMPI_v2.0,4PWX,1.19e-06,"A, B","C, D",PDB/SKEMPI_v2.0/4PWX.pdb,8.078351077682232,4PWX,4pwx_14,PDB/mutant_pdbs/4pwx/4pwx_14.pdb
C_K9A,SKEMPI_v2.0,4PWX,3.4e-07,"A, B","C, D",PDB/SKEMPI_v2.0/4PWX.pdb,8.820220857688556,4PWX,4pwx_15,PDB/mutant_pdbs/4pwx/4pwx_15.pdb
C_Y15A,SKEMPI_v2.0,4PWX,1.93e-06,"A, B","C, D",PDB/SKEMPI_v2.0/4PWX.pdb,7.791989230111442,4PWX,4pwx_16,PDB/mutant_pdbs/4pwx/4pwx_16.pdb
C_Y16A,SKEMPI_v2.0,4PWX,3.73e-06,"A, B","C, D",PDB/SKEMPI_v2.0/4PWX.pdb,7.401804271679816,4PWX,4pwx_17,PDB/mutant_pdbs/4pwx/4pwx_17.pdb
C_E17A,SKEMPI_v2.0,4PWX,1.7e-07,"A, B","C, D",PDB/SKEMPI_v2.0/4PWX.pdb,9.230693516352485,4PWX,4pwx_18,PDB/mutant_pdbs/4pwx/4pwx_18.pdb
C_H19A,SKEMPI_v2.0,4PWX,3e-07,"A, B","C, D",PDB/SKEMPI_v2.0/4PWX.pdb,8.894340827438068,4PWX,4pwx_19,PDB/mutant_pdbs/4pwx/4pwx_19.pdb
C_Q20A,SKEMPI_v2.0,4PWX,4e-07,"A, B","C, D",PDB/SKEMPI_v2.0/4PWX.pdb,8.723979281663853,4PWX,4pwx_20,PDB/mutant_pdbs/4pwx/4pwx_20.pdb
C_R23A,SKEMPI_v2.0,4PWX,1e-05,"A, B","C, D",PDB/SKEMPI_v2.0/4PWX.pdb,6.8178032849940795,4PWX,4pwx_21,PDB/mutant_pdbs/4pwx/4pwx_21.pdb
C_R28A,SKEMPI_v2.0,4PWX,1e-05,"A, B","C, D",PDB/SKEMPI_v2.0/4PWX.pdb,6.8178032849940795,4PWX,4pwx_22,PDB/mutant_pdbs/4pwx/4pwx_22.pdb
C_R31A,SKEMPI_v2.0,4PWX,9.5e-07,"A, B","C, D",PDB/SKEMPI_v2.0/4PWX.pdb,8.211739157400798,4PWX,4pwx_23,PDB/mutant_pdbs/4pwx/4pwx_23.pdb
C_D60K,SKEMPI_v2.0,4PWX,1.01e-06,"A, B","C, D",PDB/SKEMPI_v2.0/4PWX.pdb,8.175471486718699,4PWX,4pwx_24,PDB/mutant_pdbs/4pwx/4pwx_24.pdb
C_E67K,SKEMPI_v2.0,4PWX,3.48e-06,"A, B","C, D",PDB/SKEMPI_v2.0/4PWX.pdb,7.442887792300174,4PWX,4pwx_25,PDB/mutant_pdbs/4pwx/4pwx_25.pdb
C_K3R,ATLAS,4QRP,6.59e-06,"A, C","D, E",PDB/ATLAS/4QRP.pdb,7.068320097328141,4QRP_at,4qrp_at_1,PDB/mutant_pdbs/4qrp_at/4qrp_at_1.pdb
C_L9I,ATLAS,4QRP,3.18e-06,"A, C","D, E",PDB/ATLAS/4QRP.pdb,7.50004738049916,4QRP_at,4qrp_at_2,PDB/mutant_pdbs/4qrp_at/4qrp_at_2.pdb
C_K4R,ATLAS,4QRP,1.58e-05,"A, C","D, E",PDB/ATLAS/4QRP.pdb,6.550217727675438,4QRP_at,4qrp_at_3,PDB/mutant_pdbs/4qrp_at/4qrp_at_3.pdb
"C_A66V, C_G61D, C_R101G, C_S6G",SKEMPI_v2.0,4RA0,3.3e-11,A,C,PDB/SKEMPI_v2.0/4RA0.pdb,14.292142018464038,4RA0,4ra0_1,PDB/mutant_pdbs/4ra0/4ra0_1.pdb
"C_A66V, C_G61D, C_R101G",SKEMPI_v2.0,4RA0,3.9e-11,A,C,PDB/SKEMPI_v2.0/4RA0.pdb,14.193214783101174,4RA0,4ra0_2,PDB/mutant_pdbs/4ra0/4ra0_2.pdb
"C_A66V, C_R101G, C_S6G",SKEMPI_v2.0,4RA0,1.41e-11,A,C,PDB/SKEMPI_v2.0/4RA0.pdb,14.795697915697824,4RA0,4ra0_3,PDB/mutant_pdbs/4ra0/4ra0_3.pdb
"C_A66V, C_G61D, C_S6G",SKEMPI_v2.0,4RA0,3.2e-11,A,C,PDB/SKEMPI_v2.0/4RA0.pdb,14.310364590666147,4RA0,4ra0_4,PDB/mutant_pdbs/4ra0/4ra0_4.pdb
"C_A66V, C_R101G",SKEMPI_v2.0,4RA0,1.35e-11,A,C,PDB/SKEMPI_v2.0/4RA0.pdb,14.821449227988793,4RA0,4ra0_5,PDB/mutant_pdbs/4ra0/4ra0_5.pdb
"C_A66V, C_G61D",SKEMPI_v2.0,4RA0,3.5e-11,A,C,PDB/SKEMPI_v2.0/4RA0.pdb,14.257297446980653,4RA0,4ra0_6,PDB/mutant_pdbs/4ra0/4ra0_6.pdb
"C_A66V, C_S6G",SKEMPI_v2.0,4RA0,1.28e-11,A,C,PDB/SKEMPI_v2.0/4RA0.pdb,14.852979930337105,4RA0,4ra0_7,PDB/mutant_pdbs/4ra0/4ra0_7.pdb
C_A66V,SKEMPI_v2.0,4RA0,1.3e-11,A,C,PDB/SKEMPI_v2.0/4RA0.pdb,14.843798554654818,4RA0,4ra0_8,PDB/mutant_pdbs/4ra0/4ra0_8.pdb
C_R101G,SKEMPI_v2.0,4RA0,4.1e-12,A,C,PDB/SKEMPI_v2.0/4RA0.pdb,15.52715992571876,4RA0,4ra0_9,PDB/mutant_pdbs/4ra0/4ra0_9.pdb
"B_E48A, B_H52A, B_R47A",SKEMPI_v2.0,4RS1,9.5e-09,A,B,PDB/SKEMPI_v2.0/4RS1.pdb,10.938860471398431,4RS1,4rs1_1,PDB/mutant_pdbs/4rs1/4rs1_1.pdb
"B_K118A, B_N116A, B_R119A, B_S117A",SKEMPI_v2.0,4RS1,2.21e-08,A,B,PDB/SKEMPI_v2.0/4RS1.pdb,10.438885501019143,4RS1,4rs1_2,PDB/mutant_pdbs/4rs1/4rs1_2.pdb
"B_L146A, B_S148A, B_T147A",SKEMPI_v2.0,4RS1,1.66e-08,A,B,PDB/SKEMPI_v2.0/4RS1.pdb,10.608354526851876,4RS1,4rs1_3,PDB/mutant_pdbs/4rs1/4rs1_3.pdb
B_N150A,SKEMPI_v2.0,4RS1,2.21e-08,A,B,PDB/SKEMPI_v2.0/4RS1.pdb,10.438885501019143,4RS1,4rs1_4,PDB/mutant_pdbs/4rs1/4rs1_4.pdb
B_Y151A,SKEMPI_v2.0,4RS1,7.9e-09,A,B,PDB/SKEMPI_v2.0/4RS1.pdb,11.048076926649413,4RS1,4rs1_5,PDB/mutant_pdbs/4rs1/4rs1_5.pdb
B_Y151F,SKEMPI_v2.0,4RS1,1.12e-08,A,B,PDB/SKEMPI_v2.0/4RS1.pdb,10.841373496662193,4RS1,4rs1_6,PDB/mutant_pdbs/4rs1/4rs1_6.pdb
B_T172A,SKEMPI_v2.0,4RS1,5.38e-08,A,B,PDB/SKEMPI_v2.0/4RS1.pdb,9.912019296059777,4RS1,4rs1_7,PDB/mutant_pdbs/4rs1/4rs1_7.pdb
B_K174A,SKEMPI_v2.0,4RS1,1.04e-07,A,B,PDB/SKEMPI_v2.0/4RS1.pdb,9.521698607666583,4RS1,4rs1_8,PDB/mutant_pdbs/4rs1/4rs1_8.pdb
B_I175A,SKEMPI_v2.0,4RS1,1.5e-08,A,B,PDB/SKEMPI_v2.0/4RS1.pdb,10.668374143100813,4RS1,4rs1_9,PDB/mutant_pdbs/4rs1/4rs1_9.pdb
B_E176A,SKEMPI_v2.0,4RS1,7.4e-09,A,B,PDB/SKEMPI_v2.0/4RS1.pdb,11.086795738148764,4RS1,4rs1_10,PDB/mutant_pdbs/4rs1/4rs1_10.pdb
"B_Y201A, B_Y206A",SKEMPI_v2.0,4RS1,8.07e-08,A,B,PDB/SKEMPI_v2.0/4RS1.pdb,9.671908183170062,4RS1,4rs1_11,PDB/mutant_pdbs/4rs1/4rs1_11.pdb
B_Q202A,SKEMPI_v2.0,4RS1,2.35e-07,A,B,PDB/SKEMPI_v2.0/4RS1.pdb,9.038951060921317,4RS1,4rs1_12,PDB/mutant_pdbs/4rs1/4rs1_12.pdb
B_K203A,SKEMPI_v2.0,4RS1,3.81e-08,A,B,PDB/SKEMPI_v2.0/4RS1.pdb,10.11635881449126,4RS1,4rs1_13,PDB/mutant_pdbs/4rs1/4rs1_13.pdb
B_L204A,SKEMPI_v2.0,4RS1,2.7e-08,A,B,PDB/SKEMPI_v2.0/4RS1.pdb,10.320294598328417,4RS1,4rs1_14,PDB/mutant_pdbs/4rs1/4rs1_14.pdb
B_S205A,SKEMPI_v2.0,4RS1,6.76e-08,A,B,PDB/SKEMPI_v2.0/4RS1.pdb,9.776802593998354,4RS1,4rs1_15,PDB/mutant_pdbs/4rs1/4rs1_15.pdb
A_E25A,SKEMPI_v2.0,4RS1,2.4e-08,A,B,PDB/SKEMPI_v2.0/4RS1.pdb,10.390044165443914,4RS1,4rs1_16,PDB/mutant_pdbs/4rs1/4rs1_16.pdb
A_E25K,SKEMPI_v2.0,4RS1,7.04e-08,A,B,PDB/SKEMPI_v2.0/4RS1.pdb,9.752768524036476,4RS1,4rs1_17,PDB/mutant_pdbs/4rs1/4rs1_17.pdb
A_D28A,SKEMPI_v2.0,4RS1,1.51e-07,A,B,PDB/SKEMPI_v2.0/4RS1.pdb,9.300878675152996,4RS1,4rs1_18,PDB/mutant_pdbs/4rs1/4rs1_18.pdb
A_D28K,SKEMPI_v2.0,4RS1,8.55e-07,A,B,PDB/SKEMPI_v2.0/4RS1.pdb,8.27413227129233,4RS1,4rs1_19,PDB/mutant_pdbs/4rs1/4rs1_19.pdb
A_Q79A,SKEMPI_v2.0,4RS1,4.2e-09,A,B,PDB/SKEMPI_v2.0/4RS1.pdb,11.422207701100335,4RS1,4rs1_20,PDB/mutant_pdbs/4rs1/4rs1_20.pdb
A_Q79E,SKEMPI_v2.0,4RS1,1.47e-08,A,B,PDB/SKEMPI_v2.0/4RS1.pdb,10.680337921094013,4RS1,4rs1_21,PDB/mutant_pdbs/4rs1/4rs1_21.pdb
A_D92A,SKEMPI_v2.0,4RS1,6.96e-08,A,B,PDB/SKEMPI_v2.0/4RS1.pdb,9.759536447633877,4RS1,4rs1_22,PDB/mutant_pdbs/4rs1/4rs1_22.pdb
A_D92K,SKEMPI_v2.0,4RS1,4.66e-07,A,B,PDB/SKEMPI_v2.0/4RS1.pdb,8.63353985930114,4RS1,4rs1_23,PDB/mutant_pdbs/4rs1/4rs1_23.pdb
A_L95A,SKEMPI_v2.0,4RS1,1.03e-07,A,B,PDB/SKEMPI_v2.0/4RS1.pdb,9.527420264438685,4RS1,4rs1_24,PDB/mutant_pdbs/4rs1/4rs1_24.pdb
A_F99A,SKEMPI_v2.0,4RS1,8.65e-07,A,B,PDB/SKEMPI_v2.0/4RS1.pdb,8.267246299878517,4RS1,4rs1_25,PDB/mutant_pdbs/4rs1/4rs1_25.pdb
"A_F99A, A_L95A",SKEMPI_v2.0,4RS1,2e-06,A,B,PDB/SKEMPI_v2.0/4RS1.pdb,7.770891283328966,4RS1,4rs1_26,PDB/mutant_pdbs/4rs1/4rs1_26.pdb
"A_D28K, A_E25K",SKEMPI_v2.0,4RS1,2e-06,A,B,PDB/SKEMPI_v2.0/4RS1.pdb,7.770891283328966,4RS1,4rs1_27,PDB/mutant_pdbs/4rs1/4rs1_27.pdb
"A_D92K, A_E25K",SKEMPI_v2.0,4RS1,2e-06,A,B,PDB/SKEMPI_v2.0/4RS1.pdb,7.770891283328966,4RS1,4rs1_28,PDB/mutant_pdbs/4rs1/4rs1_28.pdb
"A_D28K, A_D92K",SKEMPI_v2.0,4RS1,2e-06,A,B,PDB/SKEMPI_v2.0/4RS1.pdb,7.770891283328966,4RS1,4rs1_29,PDB/mutant_pdbs/4rs1/4rs1_29.pdb
A_E88A,SKEMPI_v2.0,4RS1,3.8e-09,A,B,PDB/SKEMPI_v2.0/4RS1.pdb,10.672378522369867,4RS1,4rs1_30,PDB/mutant_pdbs/4rs1/4rs1_30.pdb
A_E88Q,SKEMPI_v2.0,4RS1,8.1e-09,A,B,PDB/SKEMPI_v2.0/4RS1.pdb,10.25575906377612,4RS1,4rs1_31,PDB/mutant_pdbs/4rs1/4rs1_31.pdb
A_E88K,SKEMPI_v2.0,4RS1,3e-09,A,B,PDB/SKEMPI_v2.0/4RS1.pdb,10.802500044220434,4RS1,4rs1_32,PDB/mutant_pdbs/4rs1/4rs1_32.pdb
A_N89D,SKEMPI_v2.0,4RS1,2.8e-09,A,B,PDB/SKEMPI_v2.0/4RS1.pdb,10.84047755528605,4RS1,4rs1_33,PDB/mutant_pdbs/4rs1/4rs1_33.pdb
A_N89A,SKEMPI_v2.0,4RS1,1.5e-08,A,B,PDB/SKEMPI_v2.0/4RS1.pdb,9.916575965231292,4RS1,4rs1_34,PDB/mutant_pdbs/4rs1/4rs1_34.pdb
A_N89K,SKEMPI_v2.0,4RS1,7.9e-09,A,B,PDB/SKEMPI_v2.0/4RS1.pdb,10.269521170073446,4RS1,4rs1_35,PDB/mutant_pdbs/4rs1/4rs1_35.pdb
A_K91A,SKEMPI_v2.0,4RS1,1.4e-09,A,B,PDB/SKEMPI_v2.0/4RS1.pdb,11.222024288339435,4RS1,4rs1_36,PDB/mutant_pdbs/4rs1/4rs1_36.pdb
A_K91Q,SKEMPI_v2.0,4RS1,2.7e-09,A,B,PDB/SKEMPI_v2.0/4RS1.pdb,10.8604963279384,4RS1,4rs1_37,PDB/mutant_pdbs/4rs1/4rs1_37.pdb
A_K91E,SKEMPI_v2.0,4RS1,2.1e-09,A,B,PDB/SKEMPI_v2.0/4RS1.pdb,10.99883375723054,4RS1,4rs1_38,PDB/mutant_pdbs/4rs1/4rs1_38.pdb
A_D92N,SKEMPI_v2.0,4RS1,1.9e-08,A,B,PDB/SKEMPI_v2.0/4RS1.pdb,9.786454443380729,4RS1,4rs1_39,PDB/mutant_pdbs/4rs1/4rs1_39.pdb
A_D92A,SKEMPI_v2.0,4RS1,3.1e-08,A,B,PDB/SKEMPI_v2.0/4RS1.pdb,9.516979891249472,4RS1,4rs1_40,PDB/mutant_pdbs/4rs1/4rs1_40.pdb
A_D92R,SKEMPI_v2.0,4RS1,3.35e-07,A,B,PDB/SKEMPI_v2.0/4RS1.pdb,8.206816716363964,4RS1,4rs1_41,PDB/mutant_pdbs/4rs1/4rs1_41.pdb
A_D92K,SKEMPI_v2.0,4RS1,1.4e-06,A,B,PDB/SKEMPI_v2.0/4RS1.pdb,7.419611852211865,4RS1,4rs1_42,PDB/mutant_pdbs/4rs1/4rs1_42.pdb
A_I6G,SKEMPI_v2.0,4RS1,1.57e-08,A,B,PDB/SKEMPI_v2.0/4RS1.pdb,10.641364197245553,4RS1,4rs1_43,PDB/mutant_pdbs/4rs1/4rs1_43.pdb
A_E8R,SKEMPI_v2.0,4RS1,7.2e-09,A,B,PDB/SKEMPI_v2.0/4RS1.pdb,11.103021050889087,4RS1,4rs1_44,PDB/mutant_pdbs/4rs1/4rs1_44.pdb
A_R10D,SKEMPI_v2.0,4RS1,5e-09,A,B,PDB/SKEMPI_v2.0/4RS1.pdb,11.318957914654456,4RS1,4rs1_45,PDB/mutant_pdbs/4rs1/4rs1_45.pdb
A_R11D,SKEMPI_v2.0,4RS1,5.1e-09,A,B,PDB/SKEMPI_v2.0/4RS1.pdb,11.307231058796473,4RS1,4rs1_46,PDB/mutant_pdbs/4rs1/4rs1_46.pdb
E_N21A,SKEMPI_v2.0,4U6H,5e-11,"A, B",E,PDB/SKEMPI_v2.0/4U6H.pdb,14.046079228652088,4U6H,4u6h_1,PDB/mutant_pdbs/4u6h/4u6h_1.pdb
E_Q25A,SKEMPI_v2.0,4U6H,1.1e-10,"A, B",E,PDB/SKEMPI_v2.0/4U6H.pdb,13.579165133018865,4U6H,4u6h_2,PDB/mutant_pdbs/4u6h/4u6h_2.pdb
"D_I16N, D_S15I",SKEMPI_v2.0,4UYP,1.3e-11,A,D,PDB/SKEMPI_v2.0/4UYP.pdb,15.341912600113032,4UYP,4uyp_1,PDB/mutant_pdbs/4uyp/4uyp_1.pdb
"D_I16N, D_I51S, D_N52I, D_S15I",SKEMPI_v2.0,4UYP,1.4e-11,A,D,PDB/SKEMPI_v2.0/4UYP.pdb,15.296554155331194,4UYP,4uyp_2,PDB/mutant_pdbs/4uyp/4uyp_2.pdb
"D_I16N, D_K50N, D_R14N, D_S15I",SKEMPI_v2.0,4UYP,6.4e-11,A,D,PDB/SKEMPI_v2.0/4UYP.pdb,14.366331258579471,4UYP,4uyp_3,PDB/mutant_pdbs/4uyp/4uyp_3.pdb
"D_I16N, D_I51S",SKEMPI_v2.0,4UYP,5.6e-10,A,D,PDB/SKEMPI_v2.0/4UYP.pdb,13.038742611396243,4UYP,4uyp_4,PDB/mutant_pdbs/4uyp/4uyp_4.pdb
"D_N52I, D_S15I",SKEMPI_v2.0,4UYP,1.3e-08,A,D,PDB/SKEMPI_v2.0/4UYP.pdb,11.113959422036165,4UYP,4uyp_5,PDB/mutant_pdbs/4uyp/4uyp_5.pdb
"D_A18F, D_A54F, D_I16N, D_S15I",SKEMPI_v2.0,4UYP,5.4e-08,A,D,PDB/SKEMPI_v2.0/4UYP.pdb,10.242366300055913,4UYP,4uyp_6,PDB/mutant_pdbs/4uyp/4uyp_6.pdb
"D_I16N, D_L20Y, D_L56Y, D_S15I",SKEMPI_v2.0,4UYP,3e-11,A,D,PDB/SKEMPI_v2.0/4UYP.pdb,14.830079544541833,4UYP,4uyp_7,PDB/mutant_pdbs/4uyp/4uyp_7.pdb
"D_D23Q, D_D59Q, D_I16N, D_S15I",SKEMPI_v2.0,4UYP,3.8e-08,A,D,PDB/SKEMPI_v2.0/4UYP.pdb,10.457442508234013,4UYP,4uyp_8,PDB/mutant_pdbs/4uyp/4uyp_8.pdb
"B_I52N, B_S51I",SKEMPI_v2.0,4UYQ,1.3e-11,A,B,PDB/SKEMPI_v2.0/4UYQ.pdb,15.341912600113032,4UYQ,4uyq_1,PDB/mutant_pdbs/4uyq/4uyq_1.pdb
"B_I15S, B_I52N, B_N16I, B_S51I",SKEMPI_v2.0,4UYQ,2e-11,A,B,PDB/SKEMPI_v2.0/4UYQ.pdb,15.078248077327174,4UYQ,4uyq_2,PDB/mutant_pdbs/4uyq/4uyq_2.pdb
"B_I52N, B_K50N, B_R14N, B_S51I",SKEMPI_v2.0,4UYQ,6.4e-11,A,B,PDB/SKEMPI_v2.0/4UYQ.pdb,14.366331258579471,4UYQ,4uyq_3,PDB/mutant_pdbs/4uyq/4uyq_3.pdb
"B_I15S, B_I52N",SKEMPI_v2.0,4UYQ,5.6e-10,A,B,PDB/SKEMPI_v2.0/4UYQ.pdb,13.038742611396243,4UYQ,4uyq_4,PDB/mutant_pdbs/4uyq/4uyq_4.pdb
"B_N16I, B_S51I",SKEMPI_v2.0,4UYQ,1.3e-08,A,B,PDB/SKEMPI_v2.0/4UYQ.pdb,11.113959422036165,4UYQ,4uyq_5,PDB/mutant_pdbs/4uyq/4uyq_5.pdb
"B_A18F, B_A54F, B_I52N, B_S51I",SKEMPI_v2.0,4UYQ,5.4e-08,A,B,PDB/SKEMPI_v2.0/4UYQ.pdb,10.242366300055913,4UYQ,4uyq_6,PDB/mutant_pdbs/4uyq/4uyq_6.pdb
"B_I52N, B_L20Y, B_L56Y, B_S51I",SKEMPI_v2.0,4UYQ,3e-11,A,B,PDB/SKEMPI_v2.0/4UYQ.pdb,14.830079544541833,4UYQ,4uyq_7,PDB/mutant_pdbs/4uyq/4uyq_7.pdb
"B_D23Q, B_D59Q, B_I52N, B_S51I",SKEMPI_v2.0,4UYQ,3.8e-08,A,B,PDB/SKEMPI_v2.0/4UYQ.pdb,10.457442508234013,4UYQ,4uyq_8,PDB/mutant_pdbs/4uyq/4uyq_8.pdb
A_R201E,SKEMPI_v2.0,4WND,6.5e-06,A,B,PDB/SKEMPI_v2.0/4WND.pdb,7.0729072713258505,4WND,4wnd_1,PDB/mutant_pdbs/4wnd/4wnd_1.pdb
A_N263R,SKEMPI_v2.0,4WND,5.6e-08,A,B,PDB/SKEMPI_v2.0/4WND.pdb,9.888285498327305,4WND,4wnd_2,PDB/mutant_pdbs/4wnd/4wnd_2.pdb
"A_N263R, A_R201E",SKEMPI_v2.0,4WND,3.9e-05,A,B,PDB/SKEMPI_v2.0/4WND.pdb,6.01185084110828,4WND,4wnd_3,PDB/mutant_pdbs/4wnd/4wnd_3.pdb
E_K153A,SKEMPI_v2.0,4X4M,2.59e-08,"A, B",E,PDB/SKEMPI_v2.0/4X4M.pdb,10.34492595814244,4X4M,4x4m_1,PDB/mutant_pdbs/4x4m/4x4m_1.pdb
E_H154A,SKEMPI_v2.0,4X4M,1.68e-08,"A, B",E,PDB/SKEMPI_v2.0/4X4M.pdb,10.601262383772477,4X4M,4x4m_2,PDB/mutant_pdbs/4x4m/4x4m_2.pdb
E_R155A,SKEMPI_v2.0,4X4M,1.66e-07,"A, B",E,PDB/SKEMPI_v2.0/4X4M.pdb,9.24479386985306,4X4M,4x4m_3,PDB/mutant_pdbs/4x4m/4x4m_3.pdb
"E_H154A, E_K153A, E_R155A",SKEMPI_v2.0,4X4M,1.8e-07,"A, B",E,PDB/SKEMPI_v2.0/4X4M.pdb,9.196845054219313,4X4M,4x4m_4,PDB/mutant_pdbs/4x4m/4x4m_4.pdb
E_K153E,SKEMPI_v2.0,4X4M,4.4e-08,"A, B",E,PDB/SKEMPI_v2.0/4X4M.pdb,10.031098501693375,4X4M,4x4m_5,PDB/mutant_pdbs/4x4m/4x4m_5.pdb
E_H154E,SKEMPI_v2.0,4X4M,2.51e-07,"A, B",E,PDB/SKEMPI_v2.0/4X4M.pdb,8.999945236743866,4X4M,4x4m_6,PDB/mutant_pdbs/4x4m/4x4m_6.pdb
E_R155E,SKEMPI_v2.0,4X4M,2.6e-08,"A, B",E,PDB/SKEMPI_v2.0/4X4M.pdb,10.34264392499444,4X4M,4x4m_7,PDB/mutant_pdbs/4x4m/4x4m_7.pdb
A_Y246A,SKEMPI_v2.0,4Y61,3.12e-07,A,B,PDB/SKEMPI_v2.0/4Y61.pdb,8.871114836112941,4Y61,4y61_1,PDB/mutant_pdbs/4y61/4y61_1.pdb
B_R86A,SKEMPI_v2.0,4Y61,2.57e-07,A,B,PDB/SKEMPI_v2.0/4Y61.pdb,8.985955920016515,4Y61,4y61_2,PDB/mutant_pdbs/4y61/4y61_2.pdb
"B_F219A, B_H222A",SKEMPI_v2.0,4Y61,5.8e-07,A,B,PDB/SKEMPI_v2.0/4Y61.pdb,8.503944222517745,4Y61,4y61_3,PDB/mutant_pdbs/4y61/4y61_3.pdb
A_D133A,SKEMPI_v2.0,4YEB,1.7e-07,A,B,PDB/SKEMPI_v2.0/4YEB.pdb,9.230693516352485,4YEB,4yeb_1,PDB/mutant_pdbs/4yeb/4yeb_1.pdb
A_A114S,SKEMPI_v2.0,4YEB,1.9e-08,A,B,PDB/SKEMPI_v2.0/4YEB.pdb,10.528387812734502,4YEB,4yeb_2,PDB/mutant_pdbs/4yeb/4yeb_2.pdb
B_R88T,SKEMPI_v2.0,4YEB,2.7e-08,A,B,PDB/SKEMPI_v2.0/4YEB.pdb,10.320294598328417,4YEB,4yeb_3,PDB/mutant_pdbs/4yeb/4yeb_3.pdb
B_F131A,SKEMPI_v2.0,4YEB,1e-06,A,B,PDB/SKEMPI_v2.0/4YEB.pdb,8.181363941992895,4YEB,4yeb_4,PDB/mutant_pdbs/4yeb/4yeb_4.pdb
A_R48A,SKEMPI_v2.0,4YFD,1.1e-06,A,B,PDB/SKEMPI_v2.0/4YFD.pdb,8.124922505023601,4YFD,4yfd_1,PDB/mutant_pdbs/4yfd/4yfd_1.pdb
A_R169A,SKEMPI_v2.0,4YFD,8.9e-07,A,B,PDB/SKEMPI_v2.0/4YFD.pdb,8.250373737782864,4YFD,4yfd_2,PDB/mutant_pdbs/4yfd/4yfd_2.pdb
A_E259A,SKEMPI_v2.0,4YFD,5.3e-06,A,B,PDB/SKEMPI_v2.0/4YFD.pdb,7.1937698613916545,4YFD,4yfd_3,PDB/mutant_pdbs/4yfd/4yfd_3.pdb
"A_E207G, A_E210G, A_L208S, A_R209S",SKEMPI_v2.0,4YFD,6.4e-07,A,B,PDB/SKEMPI_v2.0/4YFD.pdb,8.445649304006954,4YFD,4yfd_4,PDB/mutant_pdbs/4yfd/4yfd_4.pdb
"A_E207Q, A_E210Q, A_R209E",SKEMPI_v2.0,4YFD,9.1e-07,A,B,PDB/SKEMPI_v2.0/4YFD.pdb,8.237213487989303,4YFD,4yfd_5,PDB/mutant_pdbs/4yfd/4yfd_5.pdb
B_W4A,SKEMPI_v2.0,4YFD,4.6e-06,A,B,PDB/SKEMPI_v2.0/4YFD.pdb,7.277653437594058,4YFD,4yfd_6,PDB/mutant_pdbs/4yfd/4yfd_6.pdb
B_D7A,SKEMPI_v2.0,4YFD,6.2e-07,A,B,PDB/SKEMPI_v2.0/4YFD.pdb,8.464450466259072,4YFD,4yfd_7,PDB/mutant_pdbs/4yfd/4yfd_7.pdb
B_K71A,SKEMPI_v2.0,4YFD,8.2e-06,A,B,PDB/SKEMPI_v2.0/4YFD.pdb,6.935323325061936,4YFD,4yfd_8,PDB/mutant_pdbs/4yfd/4yfd_8.pdb
A_R48A,SKEMPI_v2.0,4YH7,2.8e-06,A,B,PDB/SKEMPI_v2.0/4YH7.pdb,7.571636842993602,4YH7,4yh7_1,PDB/mutant_pdbs/4yh7/4yh7_1.pdb
A_R169A,SKEMPI_v2.0,4YH7,1.7e-06,A,B,PDB/SKEMPI_v2.0/4YH7.pdb,7.867132859353668,4YH7,4yh7_2,PDB/mutant_pdbs/4yh7/4yh7_2.pdb
A_Y246A,SKEMPI_v2.0,4YH7,8.6e-07,A,B,PDB/SKEMPI_v2.0/4YH7.pdb,8.270679276849657,4YH7,4yh7_3,PDB/mutant_pdbs/4yh7/4yh7_3.pdb
"A_E207G, A_E210G, A_L208S, A_R209S",SKEMPI_v2.0,4YH7,1.4e-07,A,B,PDB/SKEMPI_v2.0/4YH7.pdb,9.345670158656347,4YH7,4yh7_4,PDB/mutant_pdbs/4yh7/4yh7_4.pdb
"A_E207Q, A_E210Q, A_R209E",SKEMPI_v2.0,4YH7,1.6e-07,A,B,PDB/SKEMPI_v2.0/4YH7.pdb,9.26659462133481,4YH7,4yh7_5,PDB/mutant_pdbs/4yh7/4yh7_5.pdb
B_D7A,SKEMPI_v2.0,4YH7,2.4e-06,A,B,PDB/SKEMPI_v2.0/4YH7.pdb,7.6629228514462815,4YH7,4yh7_6,PDB/mutant_pdbs/4yh7/4yh7_6.pdb
"B_F61A, B_M45A, B_P58A, B_Y47A",SKEMPI_v2.0,4YH7,2.8e-06,A,B,PDB/SKEMPI_v2.0/4YH7.pdb,7.571636842993602,4YH7,4yh7_7,PDB/mutant_pdbs/4yh7/4yh7_7.pdb
B_D258A,SKEMPI_v2.0,4YH7,2.2e-06,A,B,PDB/SKEMPI_v2.0/4YH7.pdb,7.714449846359672,4YH7,4yh7_8,PDB/mutant_pdbs/4yh7/4yh7_8.pdb
A_Y160A,SKEMPI_v2.0,4ZS6,2.59e-07,"H, L",A,PDB/SKEMPI_v2.0/4ZS6.pdb,8.981365301143624,4ZS6,4zs6_1,PDB/mutant_pdbs/4zs6/4zs6_1.pdb
A_E156A,SKEMPI_v2.0,4ZS6,5.28e-05,"H, L",A,PDB/SKEMPI_v2.0/4ZS6.pdb,5.832448098814243,4ZS6,4zs6_2,PDB/mutant_pdbs/4zs6/4zs6_2.pdb
A_Y182A,SKEMPI_v2.0,5C6T,2.93e-08,"H, L",A,PDB/SKEMPI_v2.0/5C6T.pdb,10.271882936849005,5C6T,5c6t_1,PDB/mutant_pdbs/5c6t/5c6t_1.pdb
A_N183A,SKEMPI_v2.0,5C6T,2.1e-10,"H, L",A,PDB/SKEMPI_v2.0/5C6T.pdb,13.19624101676308,5C6T,5c6t_2,PDB/mutant_pdbs/5c6t/5c6t_2.pdb
A_T185A,SKEMPI_v2.0,5C6T,2.3e-10,"H, L",A,PDB/SKEMPI_v2.0/5C6T.pdb,13.14236872425325,5C6T,5c6t_3,PDB/mutant_pdbs/5c6t/5c6t_3.pdb
A_N186A,SKEMPI_v2.0,5C6T,2.4e-10,"H, L",A,PDB/SKEMPI_v2.0/5C6T.pdb,13.117165479441544,5C6T,5c6t_4,PDB/mutant_pdbs/5c6t/5c6t_4.pdb
A_N188A,SKEMPI_v2.0,5C6T,7e-11,"H, L",A,PDB/SKEMPI_v2.0/5C6T.pdb,13.846824788316724,5C6T,5c6t_5,PDB/mutant_pdbs/5c6t/5c6t_5.pdb
A_F192A,SKEMPI_v2.0,5C6T,3.79e-09,"H, L",A,PDB/SKEMPI_v2.0/5C6T.pdb,11.483036251680003,5C6T,5c6t_6,PDB/mutant_pdbs/5c6t/5c6t_6.pdb
A_E194A,SKEMPI_v2.0,5C6T,8.2e-10,"H, L",A,PDB/SKEMPI_v2.0/5C6T.pdb,12.389565953057199,5C6T,5c6t_7,PDB/mutant_pdbs/5c6t/5c6t_7.pdb
"A_D197A, A_N195A",SKEMPI_v2.0,5C6T,3.5e-10,"H, L",A,PDB/SKEMPI_v2.0/5C6T.pdb,12.893736789981837,5C6T,5c6t_8,PDB/mutant_pdbs/5c6t/5c6t_8.pdb
"A_D197A, A_N195A, A_Y182A",SKEMPI_v2.0,5C6T,1.87e-08,"H, L",A,PDB/SKEMPI_v2.0/5C6T.pdb,10.537812736382005,5C6T,5c6t_9,PDB/mutant_pdbs/5c6t/5c6t_9.pdb
A_F199A,SKEMPI_v2.0,5C6T,1.37e-08,"H, L",A,PDB/SKEMPI_v2.0/5C6T.pdb,10.722058469613486,5C6T,5c6t_10,PDB/mutant_pdbs/5c6t/5c6t_10.pdb
A_F200A,SKEMPI_v2.0,5C6T,2.6e-10,"H, L",A,PDB/SKEMPI_v2.0/5C6T.pdb,13.069765238992073,5C6T,5c6t_11,PDB/mutant_pdbs/5c6t/5c6t_11.pdb
A_I201A,SKEMPI_v2.0,5C6T,5.8e-10,"H, L",A,PDB/SKEMPI_v2.0/5C6T.pdb,12.594626193514191,5C6T,5c6t_12,PDB/mutant_pdbs/5c6t/5c6t_12.pdb
H_R31S,SKEMPI_v2.0,5C6T,2.2e-10,"H, L",A,PDB/SKEMPI_v2.0/5C6T.pdb,13.168692474354936,5C6T,5c6t_13,PDB/mutant_pdbs/5c6t/5c6t_13.pdb
H_S32A,SKEMPI_v2.0,5C6T,3e-11,"H, L",A,PDB/SKEMPI_v2.0/5C6T.pdb,14.348583455433333,5C6T,5c6t_14,PDB/mutant_pdbs/5c6t/5c6t_14.pdb
H_N97A,SKEMPI_v2.0,5C6T,1.71e-09,"H, L",A,PDB/SKEMPI_v2.0/5C6T.pdb,11.95434158362485,5C6T,5c6t_15,PDB/mutant_pdbs/5c6t/5c6t_15.pdb
H_Y98A,SKEMPI_v2.0,5C6T,2.36e-09,"H, L",A,PDB/SKEMPI_v2.0/5C6T.pdb,11.763557777216679,5C6T,5c6t_16,PDB/mutant_pdbs/5c6t/5c6t_16.pdb
H_F99A,SKEMPI_v2.0,5C6T,1.53e-09,"H, L",A,PDB/SKEMPI_v2.0/5C6T.pdb,12.020207944241648,5C6T,5c6t_17,PDB/mutant_pdbs/5c6t/5c6t_17.pdb
H_Y104A,SKEMPI_v2.0,5C6T,2.4e-10,"H, L",A,PDB/SKEMPI_v2.0/5C6T.pdb,13.117165479441544,5C6T,5c6t_18,PDB/mutant_pdbs/5c6t/5c6t_18.pdb
L_Y47A,SKEMPI_v2.0,5C6T,3.3e-10,"H, L",A,PDB/SKEMPI_v2.0/5C6T.pdb,12.928581361465222,5C6T,5c6t_19,PDB/mutant_pdbs/5c6t/5c6t_19.pdb
L_R48A,SKEMPI_v2.0,5C6T,1.6e-10,"H, L",A,PDB/SKEMPI_v2.0/5C6T.pdb,13.35727659233126,5C6T,5c6t_20,PDB/mutant_pdbs/5c6t/5c6t_20.pdb
B_E49D,SKEMPI_v2.0,5CXB,5e-09,A,B,PDB/SKEMPI_v2.0/5CXB.pdb,11.318957914654456,5CXB,5cxb_1,PDB/mutant_pdbs/5cxb/5cxb_1.pdb
B_T52Q,SKEMPI_v2.0,5CXB,3e-09,A,B,PDB/SKEMPI_v2.0/5CXB.pdb,11.621462141435702,5CXB,5cxb_2,PDB/mutant_pdbs/5cxb/5cxb_2.pdb
B_R54A,SKEMPI_v2.0,5CXB,7e-09,A,B,PDB/SKEMPI_v2.0/5CXB.pdb,11.119703474319092,5CXB,5cxb_3,PDB/mutant_pdbs/5cxb/5cxb_3.pdb
B_R54E,SKEMPI_v2.0,5CXB,2.49e-07,A,B,PDB/SKEMPI_v2.0/5CXB.pdb,9.004682756963348,5CXB,5cxb_4,PDB/mutant_pdbs/5cxb/5cxb_4.pdb
B_V56W,SKEMPI_v2.0,5CXB,7e-09,A,B,PDB/SKEMPI_v2.0/5CXB.pdb,11.119703474319092,5CXB,5cxb_5,PDB/mutant_pdbs/5cxb/5cxb_5.pdb
B_E52R,SKEMPI_v2.0,5CYK,2.7e-09,A,B,PDB/SKEMPI_v2.0/5CYK.pdb,11.683855255327233,5CYK,5cyk_1,PDB/mutant_pdbs/5cyk/5cyk_1.pdb
"B_E47D, B_E52R",SKEMPI_v2.0,5CYK,5e-09,A,B,PDB/SKEMPI_v2.0/5CYK.pdb,11.318957914654456,5CYK,5cyk_2,PDB/mutant_pdbs/5cyk/5cyk_2.pdb
"B_E52R, B_T50Q",SKEMPI_v2.0,5CYK,3e-09,A,B,PDB/SKEMPI_v2.0/5CYK.pdb,11.621462141435702,5CYK,5cyk_3,PDB/mutant_pdbs/5cyk/5cyk_3.pdb
B_E52A,SKEMPI_v2.0,5CYK,7e-09,A,B,PDB/SKEMPI_v2.0/5CYK.pdb,11.119703474319092,5CYK,5cyk_4,PDB/mutant_pdbs/5cyk/5cyk_4.pdb
"B_E52R, B_V54W",SKEMPI_v2.0,5CYK,7e-09,A,B,PDB/SKEMPI_v2.0/5CYK.pdb,11.119703474319092,5CYK,5cyk_5,PDB/mutant_pdbs/5cyk/5cyk_5.pdb
B_I22A,SKEMPI_v2.0,5E6P,3.2e-06,A,B,PDB/SKEMPI_v2.0/5E6P.pdb,7.366847189805085,5E6P,5e6p_1,PDB/mutant_pdbs/5e6p/5e6p_1.pdb
B_L24A,SKEMPI_v2.0,5E6P,9.6e-06,A,B,PDB/SKEMPI_v2.0/5E6P.pdb,6.727179253344626,5E6P,5e6p_2,PDB/mutant_pdbs/5e6p/5e6p_2.pdb
B_R42A,SKEMPI_v2.0,5E6P,6.4e-06,A,B,PDB/SKEMPI_v2.0/5E6P.pdb,6.963261656286525,5E6P,5e6p_3,PDB/mutant_pdbs/5e6p/5e6p_3.pdb
B_R42E,SKEMPI_v2.0,5E6P,4e-05,A,B,PDB/SKEMPI_v2.0/5E6P.pdb,5.8962395453899425,5E6P,5e6p_4,PDB/mutant_pdbs/5e6p/5e6p_4.pdb
A_Y468A,SKEMPI_v2.0,5E6P,3.7e-06,A,B,PDB/SKEMPI_v2.0/5E6P.pdb,7.282314841490467,5E6P,5e6p_5,PDB/mutant_pdbs/5e6p/5e6p_5.pdb
A_A494E,SKEMPI_v2.0,5E6P,1.32e-05,A,B,PDB/SKEMPI_v2.0/5E6P.pdb,6.541759298421595,5E6P,5e6p_6,PDB/mutant_pdbs/5e6p/5e6p_6.pdb
A_A495E,SKEMPI_v2.0,5E6P,3e-05,A,B,PDB/SKEMPI_v2.0/5E6P.pdb,6.063742675966605,5E6P,5e6p_7,PDB/mutant_pdbs/5e6p/5e6p_7.pdb
D_G27E,SKEMPI_v2.0,5E9D,6.1e-08,"A, B, C","D, E",PDB/SKEMPI_v2.0/5E9D.pdb,9.837640390202473,5E9D,5e9d_1,PDB/mutant_pdbs/5e9d/5e9d_1.pdb
D_T90Q,SKEMPI_v2.0,5E9D,5.2e-08,"A, B, C","D, E",PDB/SKEMPI_v2.0/5E9D.pdb,9.932171266330512,5E9D,5e9d_2,PDB/mutant_pdbs/5e9d/5e9d_2.pdb
E_V49D,SKEMPI_v2.0,5E9D,6.6e-08,"A, B, C","D, E",PDB/SKEMPI_v2.0/5E9D.pdb,9.790987388803662,5E9D,5e9d_3,PDB/mutant_pdbs/5e9d/5e9d_3.pdb
E_A98Y,SKEMPI_v2.0,5E9D,3e-08,"A, B, C","D, E",PDB/SKEMPI_v2.0/5E9D.pdb,10.257901484436886,5E9D,5e9d_4,PDB/mutant_pdbs/5e9d/5e9d_4.pdb
D_Y49W,SKEMPI_v2.0,5E9D,7.6e-08,"A, B, C","D, E",PDB/SKEMPI_v2.0/5E9D.pdb,9.707442495406646,5E9D,5e9d_5,PDB/mutant_pdbs/5e9d/5e9d_5.pdb
E_N27G,SKEMPI_v2.0,5E9D,2.18e-07,"A, B, C","D, E",PDB/SKEMPI_v2.0/5E9D.pdb,9.0834186402067,5E9D,5e9d_6,PDB/mutant_pdbs/5e9d/5e9d_6.pdb
D_S50G,SKEMPI_v2.0,5E9D,1.29e-07,"A, B, C","D, E",PDB/SKEMPI_v2.0/5E9D.pdb,9.394128820958759,5E9D,5e9d_7,PDB/mutant_pdbs/5e9d/5e9d_7.pdb
D_K96Q,SKEMPI_v2.0,5E9D,1.88e-07,"A, B, C","D, E",PDB/SKEMPI_v2.0/5E9D.pdb,9.171093741928345,5E9D,5e9d_8,PDB/mutant_pdbs/5e9d/5e9d_8.pdb
"D_G27E, D_T90Q",SKEMPI_v2.0,5E9D,1e-08,"A, B, C","D, E",PDB/SKEMPI_v2.0/5E9D.pdb,10.908485255990529,5E9D,5e9d_9,PDB/mutant_pdbs/5e9d/5e9d_9.pdb
"D_G27E, E_V49D",SKEMPI_v2.0,5E9D,1.8e-08,"A, B, C","D, E",PDB/SKEMPI_v2.0/5E9D.pdb,10.560405711218129,5E9D,5e9d_10,PDB/mutant_pdbs/5e9d/5e9d_10.pdb
"D_G27E, E_A98Y",SKEMPI_v2.0,5E9D,1.5e-08,"A, B, C","D, E",PDB/SKEMPI_v2.0/5E9D.pdb,10.668374143100813,5E9D,5e9d_11,PDB/mutant_pdbs/5e9d/5e9d_11.pdb
"D_T90Q, E_A98Y",SKEMPI_v2.0,5E9D,1.6e-08,"A, B, C","D, E",PDB/SKEMPI_v2.0/5E9D.pdb,10.630155278333627,5E9D,5e9d_12,PDB/mutant_pdbs/5e9d/5e9d_12.pdb
"D_G27E, D_T90Q, E_A98Y",SKEMPI_v2.0,5E9D,2.1e-09,"A, B, C","D, E",PDB/SKEMPI_v2.0/5E9D.pdb,11.832680359764266,5E9D,5e9d_13,PDB/mutant_pdbs/5e9d/5e9d_13.pdb
"D_G27R, D_T90Q, E_A98D, E_V49E",SKEMPI_v2.0,5E9D,7e-10,"A, B, C","D, E",PDB/SKEMPI_v2.0/5E9D.pdb,12.483264131317906,5E9D,5e9d_14,PDB/mutant_pdbs/5e9d/5e9d_14.pdb
"D_G27E, D_T90Q, E_A98E, E_V49D",SKEMPI_v2.0,5E9D,1.6e-09,"A, B, C","D, E",PDB/SKEMPI_v2.0/5E9D.pdb,11.993715935332444,5E9D,5e9d_15,PDB/mutant_pdbs/5e9d/5e9d_15.pdb
"D_G27R, D_T90Q, E_A98V, E_V49E",SKEMPI_v2.0,5E9D,1.3e-09,"A, B, C","D, E",PDB/SKEMPI_v2.0/5E9D.pdb,12.116677240657186,5E9D,5e9d_16,PDB/mutant_pdbs/5e9d/5e9d_16.pdb
A_E50A,SKEMPI_v2.0,5F4E,9.6e-08,A,B,PDB/SKEMPI_v2.0/5F4E.pdb,9.408543498315451,5F4E,5f4e_1,PDB/mutant_pdbs/5f4e/5f4e_1.pdb
A_E50K,SKEMPI_v2.0,5F4E,1.19e-07,A,B,PDB/SKEMPI_v2.0/5F4E.pdb,9.283490396850828,5F4E,5f4e_2,PDB/mutant_pdbs/5f4e/5f4e_2.pdb
A_D51A,SKEMPI_v2.0,5F4E,7.1e-08,A,B,PDB/SKEMPI_v2.0/5F4E.pdb,9.584190130139186,5F4E,5f4e_3,PDB/mutant_pdbs/5f4e/5f4e_3.pdb
A_Q109A,SKEMPI_v2.0,5F4E,5.6e-08,A,B,PDB/SKEMPI_v2.0/5F4E.pdb,9.722374667818457,5F4E,5f4e_4,PDB/mutant_pdbs/5f4e/5f4e_4.pdb
A_H136A,SKEMPI_v2.0,5F4E,1.8e-06,A,B,PDB/SKEMPI_v2.0/5F4E.pdb,7.701853450958408,5F4E,5f4e_5,PDB/mutant_pdbs/5f4e/5f4e_5.pdb
A_R139A,SKEMPI_v2.0,5F4E,7.3e-07,A,B,PDB/SKEMPI_v2.0/5F4E.pdb,8.22733333290142,5F4E,5f4e_6,PDB/mutant_pdbs/5f4e/5f4e_6.pdb
A_R139E,SKEMPI_v2.0,5F4E,2.2e-06,A,B,PDB/SKEMPI_v2.0/5F4E.pdb,7.585012768400617,5F4E,5f4e_7,PDB/mutant_pdbs/5f4e/5f4e_7.pdb
B_E26A,SKEMPI_v2.0,5F4E,6.81e-07,A,B,PDB/SKEMPI_v2.0/5F4E.pdb,8.267789419056065,5F4E,5f4e_8,PDB/mutant_pdbs/5f4e/5f4e_8.pdb
B_E26K,SKEMPI_v2.0,5F4E,2.8e-06,A,B,PDB/SKEMPI_v2.0/5F4E.pdb,7.444595956366192,5F4E,5f4e_9,PDB/mutant_pdbs/5f4e/5f4e_9.pdb
B_W43A,SKEMPI_v2.0,5F4E,3.61e-07,A,B,PDB/SKEMPI_v2.0/5F4E.pdb,8.63733491864611,5F4E,5f4e_10,PDB/mutant_pdbs/5f4e/5f4e_10.pdb
B_L62A,SKEMPI_v2.0,5F4E,9.1e-06,A,B,PDB/SKEMPI_v2.0/5F4E.pdb,6.758323085504069,5F4E,5f4e_11,PDB/mutant_pdbs/5f4e/5f4e_11.pdb
B_K139A,SKEMPI_v2.0,5F4E,9.7e-08,A,B,PDB/SKEMPI_v2.0/5F4E.pdb,9.402509756778622,5F4E,5f4e_12,PDB/mutant_pdbs/5f4e/5f4e_12.pdb
B_K139E,SKEMPI_v2.0,5F4E,1.34e-07,A,B,PDB/SKEMPI_v2.0/5F4E.pdb,9.21436772654808,5F4E,5f4e_13,PDB/mutant_pdbs/5f4e/5f4e_13.pdb
B_M108A,SKEMPI_v2.0,5K39,7.41e-09,A,B,PDB/SKEMPI_v2.0/5K39.pdb,11.830022604763457,5K39,5k39_1,PDB/mutant_pdbs/5k39/5k39_1.pdb
B_M112A,SKEMPI_v2.0,5K39,1.12e-08,A,B,PDB/SKEMPI_v2.0/5K39.pdb,11.56898245616972,5K39,5k39_2,PDB/mutant_pdbs/5k39/5k39_2.pdb
B_S115A,SKEMPI_v2.0,5K39,3.55e-08,A,B,PDB/SKEMPI_v2.0/5K39.pdb,10.839974952365743,5K39,5k39_3,PDB/mutant_pdbs/5k39/5k39_3.pdb
B_F142A,SKEMPI_v2.0,5K39,1.63e-06,A,B,PDB/SKEMPI_v2.0/5K39.pdb,8.42169993532381,5K39,5k39_4,PDB/mutant_pdbs/5k39/5k39_4.pdb
B_I148A,SKEMPI_v2.0,5K39,5.31e-07,A,B,PDB/SKEMPI_v2.0/5K39.pdb,9.130456803710736,5K39,5k39_5,PDB/mutant_pdbs/5k39/5k39_5.pdb
B_I17A,SKEMPI_v2.0,5M2O,2.59e-07,A,B,PDB/SKEMPI_v2.0/5M2O.pdb,9.282753398497436,5M2O,5m2o_1,PDB/mutant_pdbs/5m2o/5m2o_1.pdb
B_S18A,SKEMPI_v2.0,5M2O,9.17e-09,A,B,PDB/SKEMPI_v2.0/5M2O.pdb,11.327575370487335,5M2O,5m2o_2,PDB/mutant_pdbs/5m2o/5m2o_2.pdb
B_V21A,SKEMPI_v2.0,5M2O,5.24e-07,A,B,PDB/SKEMPI_v2.0/5M2O.pdb,8.851457748548363,5M2O,5m2o_3,PDB/mutant_pdbs/5m2o/5m2o_3.pdb
B_Q25A,SKEMPI_v2.0,5M2O,5.85e-08,A,B,PDB/SKEMPI_v2.0/5M2O.pdb,10.19337544751082,5M2O,5m2o_4,PDB/mutant_pdbs/5m2o/5m2o_4.pdb
B_K32A,SKEMPI_v2.0,5M2O,5.1e-08,A,B,PDB/SKEMPI_v2.0/5M2O.pdb,10.27735061662308,5M2O,5m2o_5,PDB/mutant_pdbs/5m2o/5m2o_5.pdb
B_Q61A,SKEMPI_v2.0,5M2O,6.49e-09,A,B,PDB/SKEMPI_v2.0/5M2O.pdb,11.539148685159528,5M2O,5m2o_6,PDB/mutant_pdbs/5m2o/5m2o_6.pdb
B_L65A,SKEMPI_v2.0,5M2O,3.56e-08,A,B,PDB/SKEMPI_v2.0/5M2O.pdb,10.497373551045007,5M2O,5m2o_7,PDB/mutant_pdbs/5m2o/5m2o_7.pdb
"B_Q25A, B_V21A",SKEMPI_v2.0,5M2O,2.29e-06,A,B,PDB/SKEMPI_v2.0/5M2O.pdb,7.948783832439147,5M2O,5m2o_8,PDB/mutant_pdbs/5m2o/5m2o_8.pdb
A_N64A,SKEMPI_v2.0,5M2O,9.09e-09,A,B,PDB/SKEMPI_v2.0/5M2O.pdb,11.332938462077923,5M2O,5m2o_9,PDB/mutant_pdbs/5m2o/5m2o_9.pdb
A_N71A,SKEMPI_v2.0,5M2O,1.1e-08,A,B,PDB/SKEMPI_v2.0/5M2O.pdb,11.21620636328369,5M2O,5m2o_10,PDB/mutant_pdbs/5m2o/5m2o_10.pdb
A_K73A,SKEMPI_v2.0,5M2O,2.36e-09,A,B,PDB/SKEMPI_v2.0/5M2O.pdb,12.158308038197104,5M2O,5m2o_11,PDB/mutant_pdbs/5m2o/5m2o_11.pdb
A_L75A,SKEMPI_v2.0,5M2O,1.32e-07,A,B,PDB/SKEMPI_v2.0/5M2O.pdb,9.695297103634354,5M2O,5m2o_12,PDB/mutant_pdbs/5m2o/5m2o_12.pdb
A_E80A,SKEMPI_v2.0,5M2O,2.76e-08,A,B,PDB/SKEMPI_v2.0/5M2O.pdb,10.653160823284777,5M2O,5m2o_13,PDB/mutant_pdbs/5m2o/5m2o_13.pdb
A_H117A,SKEMPI_v2.0,5M2O,3.76e-08,A,B,PDB/SKEMPI_v2.0/5M2O.pdb,10.463919382553945,5M2O,5m2o_14,PDB/mutant_pdbs/5m2o/5m2o_14.pdb
A_N120A,SKEMPI_v2.0,5M2O,1.81e-08,A,B,PDB/SKEMPI_v2.0/5M2O.pdb,10.911390825024812,5M2O,5m2o_15,PDB/mutant_pdbs/5m2o/5m2o_15.pdb
"A_E80A, A_H117A",SKEMPI_v2.0,5M2O,6.06e-07,A,B,PDB/SKEMPI_v2.0/5M2O.pdb,8.76247154281202,5M2O,5m2o_16,PDB/mutant_pdbs/5m2o/5m2o_16.pdb
"A_H117A, A_N71A",SKEMPI_v2.0,5M2O,4.02e-07,A,B,PDB/SKEMPI_v2.0/5M2O.pdb,9.01367759504091,5M2O,5m2o_17,PDB/mutant_pdbs/5m2o/5m2o_17.pdb
"A_N120A, A_N71A",SKEMPI_v2.0,5M2O,5.38e-07,A,B,PDB/SKEMPI_v2.0/5M2O.pdb,8.835319667217368,5M2O,5m2o_18,PDB/mutant_pdbs/5m2o/5m2o_18.pdb
"A_E80A, A_N71A",SKEMPI_v2.0,5M2O,4.81e-08,A,B,PDB/SKEMPI_v2.0/5M2O.pdb,10.31318266035023,5M2O,5m2o_19,PDB/mutant_pdbs/5m2o/5m2o_19.pdb
"A_E80A, A_N120A",SKEMPI_v2.0,5M2O,6.54e-08,A,B,PDB/SKEMPI_v2.0/5M2O.pdb,10.125133630539521,5M2O,5m2o_20,PDB/mutant_pdbs/5m2o/5m2o_20.pdb
"A_H117A, A_N120A",SKEMPI_v2.0,5M2O,4.39e-07,A,B,PDB/SKEMPI_v2.0/5M2O.pdb,8.959787445459583,5M2O,5m2o_21,PDB/mutant_pdbs/5m2o/5m2o_21.pdb
"A_K184E, A_T183A",SKEMPI_v2.0,5TAR,0.000231,A,B,PDB/SKEMPI_v2.0/5TAR.pdb,4.958435637800891,5TAR,5tar_1,PDB/mutant_pdbs/5tar/5tar_1.pdb
B_F13A,SKEMPI_v2.0,5TAR,3.4e-06,A,B,PDB/SKEMPI_v2.0/5TAR.pdb,7.456660200689739,5TAR,5tar_2,PDB/mutant_pdbs/5tar/5tar_2.pdb
B_M18A,SKEMPI_v2.0,5TAR,1.6e-06,A,B,PDB/SKEMPI_v2.0/5TAR.pdb,7.903033964335996,5TAR,5tar_3,PDB/mutant_pdbs/5tar/5tar_3.pdb
B_W30A,SKEMPI_v2.0,5TAR,7e-06,A,B,PDB/SKEMPI_v2.0/5TAR.pdb,7.029021503322643,5TAR,5tar_4,PDB/mutant_pdbs/5tar/5tar_4.pdb
B_E86A,SKEMPI_v2.0,5TAR,1.54e-05,A,B,PDB/SKEMPI_v2.0/5TAR.pdb,6.562107407689421,5TAR,5tar_5,PDB/mutant_pdbs/5tar/5tar_5.pdb
B_W88A,SKEMPI_v2.0,5TAR,4.4e-06,A,B,PDB/SKEMPI_v2.0/5TAR.pdb,7.303977187695743,5TAR,5tar_6,PDB/mutant_pdbs/5tar/5tar_6.pdb
B_Q114A,SKEMPI_v2.0,5TAR,3e-06,A,B,PDB/SKEMPI_v2.0/5TAR.pdb,7.530780170439253,5TAR,5tar_7,PDB/mutant_pdbs/5tar/5tar_7.pdb
B_I127A,SKEMPI_v2.0,5TAR,2.2e-06,A,B,PDB/SKEMPI_v2.0/5TAR.pdb,7.714449846359672,5TAR,5tar_8,PDB/mutant_pdbs/5tar/5tar_8.pdb
B_F131A,SKEMPI_v2.0,5TAR,3.5e-06,A,B,PDB/SKEMPI_v2.0/5TAR.pdb,7.439494161986572,5TAR,5tar_9,PDB/mutant_pdbs/5tar/5tar_9.pdb
A_G12D,SKEMPI_v2.0,5UFE,6.4e-09,A,B,PDB/SKEMPI_v2.0/5UFE.pdb,11.172770618004586,5UFE,5ufe_1,PDB/mutant_pdbs/5ufe/5ufe_1.pdb
A_G12C,SKEMPI_v2.0,5UFE,2.1e-08,A,B,PDB/SKEMPI_v2.0/5UFE.pdb,10.469119702765449,5UFE,5ufe_2,PDB/mutant_pdbs/5ufe/5ufe_2.pdb
A_G12V,SKEMPI_v2.0,5UFE,1.2e-08,A,B,PDB/SKEMPI_v2.0/5UFE.pdb,10.800516824107843,5UFE,5ufe_3,PDB/mutant_pdbs/5ufe/5ufe_3.pdb
B_Q25R,SKEMPI_v2.0,5UFE,8.24e-08,A,B,PDB/SKEMPI_v2.0/5UFE.pdb,9.659562945445714,5UFE,5ufe_4,PDB/mutant_pdbs/5ufe/5ufe_4.pdb
"B_D34G, B_E33G, B_Q25R",SKEMPI_v2.0,5UFE,5.93e-08,A,B,PDB/SKEMPI_v2.0/5UFE.pdb,9.854378290410736,5UFE,5ufe_5,PDB/mutant_pdbs/5ufe/5ufe_5.pdb
"A_G12D, B_Q25R",SKEMPI_v2.0,5UFE,9.7e-09,A,B,PDB/SKEMPI_v2.0/5UFE.pdb,10.926522798705403,5UFE,5ufe_6,PDB/mutant_pdbs/5ufe/5ufe_6.pdb
"A_G12D, B_D34G, B_E33G, B_Q25R",SKEMPI_v2.0,5UFE,1.06e-08,A,B,PDB/SKEMPI_v2.0/5UFE.pdb,10.873979173724173,5UFE,5ufe_7,PDB/mutant_pdbs/5ufe/5ufe_7.pdb
A_D12G,SKEMPI_v2.0,5UFQ,5.03e-08,A,C,PDB/SKEMPI_v2.0/5UFQ.pdb,9.951854753358331,5UFQ,5ufq_1,PDB/mutant_pdbs/5ufq/5ufq_1.pdb
A_D12C,SKEMPI_v2.0,5UFQ,2.1e-08,A,C,PDB/SKEMPI_v2.0/5UFQ.pdb,10.469119702765449,5UFQ,5ufq_2,PDB/mutant_pdbs/5ufq/5ufq_2.pdb
A_D12V,SKEMPI_v2.0,5UFQ,1.2e-08,A,C,PDB/SKEMPI_v2.0/5UFQ.pdb,10.800516824107843,5UFQ,5ufq_3,PDB/mutant_pdbs/5ufq/5ufq_3.pdb
"A_D12G, C_K55G, C_Q25R",SKEMPI_v2.0,5UFQ,8.24e-08,A,C,PDB/SKEMPI_v2.0/5UFQ.pdb,9.659562945445714,5UFQ,5ufq_4,PDB/mutant_pdbs/5ufq/5ufq_4.pdb
"C_K55G, C_Q25R",SKEMPI_v2.0,5UFQ,9.7e-09,A,C,PDB/SKEMPI_v2.0/5UFQ.pdb,10.926522798705403,5UFQ,5ufq_5,PDB/mutant_pdbs/5ufq/5ufq_5.pdb
A_D13C,SKEMPI_v2.0,5XCO,3.5e-08,A,B,PDB/SKEMPI_v2.0/5XCO.pdb,10.166615475984205,5XCO,5xco_1,PDB/mutant_pdbs/5xco/5xco_1.pdb
A_D13G,SKEMPI_v2.0,5XCO,5.8e-08,A,B,PDB/SKEMPI_v2.0/5XCO.pdb,9.867504879516561,5XCO,5xco_2,PDB/mutant_pdbs/5xco/5xco_2.pdb
B_P6A,SKEMPI_v2.0,5XCO,5.5e-08,A,B,PDB/SKEMPI_v2.0/5XCO.pdb,9.898955820686346,5XCO,5xco_3,PDB/mutant_pdbs/5xco/5xco_3.pdb
B_L7A,SKEMPI_v2.0,5XCO,9.2e-07,A,B,PDB/SKEMPI_v2.0/5XCO.pdb,8.230741435928945,5XCO,5xco_4,PDB/mutant_pdbs/5xco/5xco_4.pdb
B_Y8A,SKEMPI_v2.0,5XCO,8.9e-08,A,B,PDB/SKEMPI_v2.0/5XCO.pdb,9.61393439478168,5XCO,5xco_5,PDB/mutant_pdbs/5xco/5xco_5.pdb
B_I9A,SKEMPI_v2.0,5XCO,1e-06,A,B,PDB/SKEMPI_v2.0/5XCO.pdb,8.181363941992895,5XCO,5xco_6,PDB/mutant_pdbs/5xco/5xco_6.pdb
B_S10A,SKEMPI_v2.0,5XCO,7.8e-08,A,B,PDB/SKEMPI_v2.0/5XCO.pdb,9.692060153440798,5XCO,5xco_7,PDB/mutant_pdbs/5xco/5xco_7.pdb
B_Y11A,SKEMPI_v2.0,5XCO,2.2e-07,A,B,PDB/SKEMPI_v2.0/5XCO.pdb,9.078010503358488,5XCO,5xco_8,PDB/mutant_pdbs/5xco/5xco_8.pdb
B_D12A,SKEMPI_v2.0,5XCO,1e-06,A,B,PDB/SKEMPI_v2.0/5XCO.pdb,8.181363941992895,5XCO,5xco_9,PDB/mutant_pdbs/5xco/5xco_9.pdb
B_P13A,SKEMPI_v2.0,5XCO,2.6e-08,A,B,PDB/SKEMPI_v2.0/5XCO.pdb,10.34264392499444,5XCO,5xco_10,PDB/mutant_pdbs/5xco/5xco_10.pdb
B_V14A,SKEMPI_v2.0,5XCO,8.9e-09,A,B,PDB/SKEMPI_v2.0/5XCO.pdb,10.977495051780496,5XCO,5xco_11,PDB/mutant_pdbs/5xco/5xco_11.pdb
"A_D13C, B_P6A",SKEMPI_v2.0,5XCO,5.2e-07,A,B,PDB/SKEMPI_v2.0/5XCO.pdb,8.568610609331696,5XCO,5xco_12,PDB/mutant_pdbs/5xco/5xco_12.pdb
"A_D13C, B_L7A",SKEMPI_v2.0,5XCO,1e-06,A,B,PDB/SKEMPI_v2.0/5XCO.pdb,8.181363941992895,5XCO,5xco_13,PDB/mutant_pdbs/5xco/5xco_13.pdb
"A_D13C, B_Y8A",SKEMPI_v2.0,5XCO,7.4e-07,A,B,PDB/SKEMPI_v2.0/5XCO.pdb,8.359674424151132,5XCO,5xco_14,PDB/mutant_pdbs/5xco/5xco_14.pdb
"A_D13C, B_I9A",SKEMPI_v2.0,5XCO,1e-06,A,B,PDB/SKEMPI_v2.0/5XCO.pdb,8.181363941992895,5XCO,5xco_15,PDB/mutant_pdbs/5xco/5xco_15.pdb
"A_D13C, B_S10A",SKEMPI_v2.0,5XCO,5.7e-07,A,B,PDB/SKEMPI_v2.0/5XCO.pdb,8.514243384182045,5XCO,5xco_16,PDB/mutant_pdbs/5xco/5xco_16.pdb
"A_D13C, B_Y11A",SKEMPI_v2.0,5XCO,1e-06,A,B,PDB/SKEMPI_v2.0/5XCO.pdb,8.181363941992895,5XCO,5xco_17,PDB/mutant_pdbs/5xco/5xco_17.pdb
"A_D13C, B_D12A",SKEMPI_v2.0,5XCO,1e-06,A,B,PDB/SKEMPI_v2.0/5XCO.pdb,8.181363941992895,5XCO,5xco_18,PDB/mutant_pdbs/5xco/5xco_18.pdb
"A_D13C, B_P13A",SKEMPI_v2.0,5XCO,1.7e-07,A,B,PDB/SKEMPI_v2.0/5XCO.pdb,9.230693516352485,5XCO,5xco_19,PDB/mutant_pdbs/5xco/5xco_19.pdb
"A_D13C, B_V14A",SKEMPI_v2.0,5XCO,3.8e-08,A,B,PDB/SKEMPI_v2.0/5XCO.pdb,10.117915154070573,5XCO,5xco_20,PDB/mutant_pdbs/5xco/5xco_20.pdb
"A_D13G, B_P6A",SKEMPI_v2.0,5XCO,5.6e-07,A,B,PDB/SKEMPI_v2.0/5XCO.pdb,8.524724841328489,5XCO,5xco_21,PDB/mutant_pdbs/5xco/5xco_21.pdb
"A_D13G, B_L7A",SKEMPI_v2.0,5XCO,1e-06,A,B,PDB/SKEMPI_v2.0/5XCO.pdb,8.181363941992895,5XCO,5xco_22,PDB/mutant_pdbs/5xco/5xco_22.pdb
"A_D13G, B_Y8A",SKEMPI_v2.0,5XCO,9.1e-07,A,B,PDB/SKEMPI_v2.0/5XCO.pdb,8.237213487989303,5XCO,5xco_23,PDB/mutant_pdbs/5xco/5xco_23.pdb
"A_D13G, B_I9A",SKEMPI_v2.0,5XCO,1e-06,A,B,PDB/SKEMPI_v2.0/5XCO.pdb,8.181363941992895,5XCO,5xco_24,PDB/mutant_pdbs/5xco/5xco_24.pdb
"A_D13G, B_S10A",SKEMPI_v2.0,5XCO,9.9e-07,A,B,PDB/SKEMPI_v2.0/5XCO.pdb,8.187315618915132,5XCO,5xco_25,PDB/mutant_pdbs/5xco/5xco_25.pdb
"A_D13G, B_Y11A",SKEMPI_v2.0,5XCO,1e-06,A,B,PDB/SKEMPI_v2.0/5XCO.pdb,8.181363941992895,5XCO,5xco_26,PDB/mutant_pdbs/5xco/5xco_26.pdb
"A_D13G, B_D12A",SKEMPI_v2.0,5XCO,1e-06,A,B,PDB/SKEMPI_v2.0/5XCO.pdb,8.181363941992895,5XCO,5xco_27,PDB/mutant_pdbs/5xco/5xco_27.pdb
"A_D13G, B_P13A",SKEMPI_v2.0,5XCO,3.2e-07,A,B,PDB/SKEMPI_v2.0/5XCO.pdb,8.856121962670883,5XCO,5xco_28,PDB/mutant_pdbs/5xco/5xco_28.pdb
"A_D13G, B_V14A",SKEMPI_v2.0,5XCO,8.3e-08,A,B,PDB/SKEMPI_v2.0/5XCO.pdb,9.65526652851699,5XCO,5xco_29,PDB/mutant_pdbs/5xco/5xco_29.pdb
