PDB,chain_1,chain_2,path,source,cluster_rep,cluster_size,is_representative
1AKH,A,B,../../GraPPI_data/PDB/new_dimer_db/1AKH.pdb,new_dimer_db,1AKH,3,True
1B34,A,B,../../GraPPI_data/PDB/new_dimer_db/1B34.pdb,new_dimer_db,1B34,1,True
1BND,A,B,../../GraPPI_data/PDB/new_dimer_db/1BND.pdb,new_dimer_db,1BND,3,True
1CF7,A,B,../../GraPPI_data/PDB/new_dimer_db/1CF7.pdb,new_dimer_db,1CF7,1,True
1CI6,A,B,../../GraPPI_data/PDB/new_dimer_db/1CI6.pdb,new_dimer_db,1CI6,1,True
1D2Z,A,B,../../GraPPI_data/PDB/new_dimer_db/1D2Z.pdb,new_dimer_db,1D2Z,1,True
1D3B,A,B,../../GraPPI_data/PDB/new_dimer_db/1D3B.pdb,new_dimer_db,1D3B,1,True
1DSZ,A,B,../../GraPPI_data/PDB/new_dimer_db/1DSZ.pdb,new_dimer_db,1DSZ,1,True
1FO1,A,B,../../GraPPI_data/PDB/new_dimer_db/1FO1.pdb,new_dimer_db,1FO1,1,True
1FOS,E,F,../../GraPPI_data/PDB/new_dimer_db/1FOS.pdb,new_dimer_db,1FOS,3,True
1FSE,C,F,../../GraPPI_data/PDB/new_dimer_db/1FSE.pdb,new_dimer_db,1FSE,1,True
1FUU,A,B,../../GraPPI_data/PDB/new_dimer_db/1FUU.pdb,new_dimer_db,1FUU,1,True
1FXW,A,F,../../GraPPI_data/PDB/new_dimer_db/1FXW.pdb,new_dimer_db,1FXW,1,True
1G3T,A,B,../../GraPPI_data/PDB/new_dimer_db/1G3T.pdb,new_dimer_db,1G3T,3,True
1GD2,H,I,../../GraPPI_data/PDB/new_dimer_db/1GD2.pdb,new_dimer_db,1GD2,1,True
1GKA,A,B,../../GraPPI_data/PDB/new_dimer_db/1GKA.pdb,new_dimer_db,1GKA,1,True
1GMN,A,B,../../GraPPI_data/PDB/new_dimer_db/1GMN.pdb,new_dimer_db,1GMN,1,True
1GZ0,D,E,../../GraPPI_data/PDB/new_dimer_db/1GZ0.pdb,new_dimer_db,1GZ0,1,True
1HR7,A,B,../../GraPPI_data/PDB/new_dimer_db/1HR7.pdb,new_dimer_db,1HR7,7,True
1IZN,A,B,../../GraPPI_data/PDB/new_dimer_db/1IZN.pdb,new_dimer_db,1IZN,4,True
1JAT,A,B,../../GraPPI_data/PDB/new_dimer_db/1JAT.pdb,new_dimer_db,1JAT,11,True
1JHF,A,B,../../GraPPI_data/PDB/new_dimer_db/1JHF.pdb,new_dimer_db,1JHF,2,True
1JQJ,A,C,../../GraPPI_data/PDB/new_dimer_db/1JQJ.pdb,new_dimer_db,1JQJ,1,True
1KDD,A,B,../../GraPPI_data/PDB/new_dimer_db/1KDD.pdb,new_dimer_db,1KDD,3,True
1LP1,A,B,../../GraPPI_data/PDB/new_dimer_db/1LP1.pdb,new_dimer_db,1LP1,10,True
1MH2,A,B,../../GraPPI_data/PDB/new_dimer_db/1MH2.pdb,new_dimer_db,1MH2,1,True
1NF3,A,C,../../GraPPI_data/PDB/new_dimer_db/1NF3.pdb,new_dimer_db,1NF3,1,True
1NLW,A,B,../../GraPPI_data/PDB/new_dimer_db/1NLW.pdb,new_dimer_db,1NLW,6,True
1OEY,J,A,../../GraPPI_data/PDB/new_dimer_db/1OEY.pdb,new_dimer_db,1OEY,1,True
1OQS,A,B,../../GraPPI_data/PDB/new_dimer_db/1OQS.pdb,new_dimer_db,1OQS,4,True
1ORH,A,B,../../GraPPI_data/PDB/new_dimer_db/1ORH.pdb,new_dimer_db,1ORH,1,True
1OXK,A,B,../../GraPPI_data/PDB/new_dimer_db/1OXK.pdb,new_dimer_db,1OXK,5,True
1OY7,D,E,../../GraPPI_data/PDB/new_dimer_db/1OY7.pdb,new_dimer_db,1OY7,3,True
1PUF,A,B,../../GraPPI_data/PDB/new_dimer_db/1PUF.pdb,new_dimer_db,1PUF,2,True
1QA9,A,B,../../GraPPI_data/PDB/new_dimer_db/1QA9.pdb,new_dimer_db,1QA9,2,True
1QAV,A,B,../../GraPPI_data/PDB/new_dimer_db/1QAV.pdb,new_dimer_db,1QAV,2,True
1QX7,A,B,../../GraPPI_data/PDB/new_dimer_db/1QX7.pdb,new_dimer_db,1QX7,1,True
1R0N,A,B,../../GraPPI_data/PDB/new_dimer_db/1R0N.pdb,new_dimer_db,1R0N,4,True
1RMF,L,H,../../GraPPI_data/PDB/new_dimer_db/1RMF.pdb,new_dimer_db,1RMF,232,True
1RPQ,A,W,../../GraPPI_data/PDB/new_dimer_db/1RPQ.pdb,new_dimer_db,1RPQ,1,True
1SB2,A,B,../../GraPPI_data/PDB/new_dimer_db/1SB2.pdb,new_dimer_db,1SB2,1,True
1SPP,A,B,../../GraPPI_data/PDB/new_dimer_db/1SPP.pdb,new_dimer_db,1SPP,1,True
1SRQ,A,B,../../GraPPI_data/PDB/new_dimer_db/1SRQ.pdb,new_dimer_db,1SRQ,1,True
1SV0,A,C,../../GraPPI_data/PDB/new_dimer_db/1SV0.pdb,new_dimer_db,1SV0,1,True
1TY4,A,C,../../GraPPI_data/PDB/new_dimer_db/1TY4.pdb,new_dimer_db,1TY4,1,True
1U8T,A,E,../../GraPPI_data/PDB/new_dimer_db/1U8T.pdb,new_dimer_db,1U8T,3,True
1VEU,A,B,../../GraPPI_data/PDB/new_dimer_db/1VEU.pdb,new_dimer_db,1VEU,5,True
1VF6,A,C,../../GraPPI_data/PDB/new_dimer_db/1VF6.pdb,new_dimer_db,1VF6,1,True
1WMH,A,B,../../GraPPI_data/PDB/new_dimer_db/1WMH.pdb,new_dimer_db,1WMH,1,True
10LG,A,B,../../GraPPI_data/PDB/new_dimer_db/10LG.pdb,new_dimer_db,10LG,1,True
1A2X,A,B,../../GraPPI_data/PDB/new_dimer_db/1A2X.pdb,new_dimer_db,1A2X,1,True
1A81,A,B,../../GraPPI_data/PDB/new_dimer_db/1A81.pdb,new_dimer_db,1A81,1,True
1A9N,A,C,../../GraPPI_data/PDB/new_dimer_db/1A9N.pdb,new_dimer_db,1A9N,1,True
1ABO,A,C,../../GraPPI_data/PDB/new_dimer_db/1ABO.pdb,new_dimer_db,1ABO,1,True
1ACB,E,I,../../GraPPI_data/PDB/new_dimer_db/1ACB.pdb,new_dimer_db,1ACB,6,True
1ARO,P,L,../../GraPPI_data/PDB/new_dimer_db/1ARO.pdb,new_dimer_db,1ARO,1,True
1AUI,A,B,../../GraPPI_data/PDB/new_dimer_db/1AUI.pdb,new_dimer_db,1AUI,5,True
1AUT,C,L,../../GraPPI_data/PDB/new_dimer_db/1AUT.pdb,new_dimer_db,1AUT,2,True
1AVA,A,C,../../GraPPI_data/PDB/new_dimer_db/1AVA.pdb,new_dimer_db,1AVA,1,True
1AVF,A,P,../../GraPPI_data/PDB/new_dimer_db/1AVF.pdb,new_dimer_db,1AVF,1,True
1AWC,A,B,../../GraPPI_data/PDB/new_dimer_db/1AWC.pdb,new_dimer_db,1AWC,1,True
1AY7,A,B,../../GraPPI_data/PDB/new_dimer_db/1AY7.pdb,new_dimer_db,1AY7,1,True
1B07,A,C,../../GraPPI_data/PDB/new_dimer_db/1B07.pdb,new_dimer_db,1B07,1,True
1B0N,A,B,../../GraPPI_data/PDB/new_dimer_db/1B0N.pdb,new_dimer_db,1B0N,1,True
1B5F,A,B,../../GraPPI_data/PDB/new_dimer_db/1B5F.pdb,new_dimer_db,1B5F,1,True
1BBZ,A,B,../../GraPPI_data/PDB/new_dimer_db/1BBZ.pdb,new_dimer_db,1BBZ,1,True
1BDJ,A,B,../../GraPPI_data/PDB/new_dimer_db/1BDJ.pdb,new_dimer_db,1BDJ,1,True
1BH9,A,B,../../GraPPI_data/PDB/new_dimer_db/1BH9.pdb,new_dimer_db,1BH9,2,True
1BJR,E,I,../../GraPPI_data/PDB/new_dimer_db/1BJR.pdb,new_dimer_db,1BJR,1,True
1BLX,A,B,../../GraPPI_data/PDB/new_dimer_db/1BLX.pdb,new_dimer_db,1BLX,1,True
1BML,B,D,../../GraPPI_data/PDB/new_dimer_db/1BML.pdb,new_dimer_db,1BML,1,True
1BP3,A,B,../../GraPPI_data/PDB/new_dimer_db/1BP3.pdb,new_dimer_db,1BP3,2,True
1BPL,A,B,../../GraPPI_data/PDB/new_dimer_db/1BPL.pdb,new_dimer_db,1BPL,1,True
1BR8,I,P,../../GraPPI_data/PDB/new_dimer_db/1BR8.pdb,new_dimer_db,1BR8,1,True
1BUH,A,B,../../GraPPI_data/PDB/new_dimer_db/1BUH.pdb,new_dimer_db,1BUH,4,True
1BUN,A,B,../../GraPPI_data/PDB/new_dimer_db/1BUN.pdb,new_dimer_db,1BUN,1,True
1BVN,P,T,../../GraPPI_data/PDB/new_dimer_db/1BVN.pdb,new_dimer_db,1BVN,1,True
1C16,A,B,../../GraPPI_data/PDB/new_dimer_db/1C16.pdb,new_dimer_db,1C16,20,True
1C9P,A,B,../../GraPPI_data/PDB/new_dimer_db/1C9P.pdb,new_dimer_db,1C9P,2,True
1CDL,A,E,../../GraPPI_data/PDB/new_dimer_db/1CDL.pdb,new_dimer_db,1CDL,1,True
1CDM,A,B,../../GraPPI_data/PDB/new_dimer_db/1CDM.pdb,new_dimer_db,1CDM,1,True
1CIQ,A,B,../../GraPPI_data/PDB/new_dimer_db/1CIQ.pdb,new_dimer_db,1CIQ,1,True
1CLV,A,I,../../GraPPI_data/PDB/new_dimer_db/1CLV.pdb,new_dimer_db,1CLV,1,True
1CM1,A,B,../../GraPPI_data/PDB/new_dimer_db/1CM1.pdb,new_dimer_db,1CM1,1,True
1CM4,A,B,../../GraPPI_data/PDB/new_dimer_db/1CM4.pdb,new_dimer_db,1CM4,1,True
1CMI,A,C,../../GraPPI_data/PDB/new_dimer_db/1CMI.pdb,new_dimer_db,1CMI,1,True
1CO7,E,I,../../GraPPI_data/PDB/new_dimer_db/1CO7.pdb,new_dimer_db,1CO7,2,True
1CPB,A,B,../../GraPPI_data/PDB/new_dimer_db/1CPB.pdb,new_dimer_db,1CPB,1,True
1CQT,B,J,../../GraPPI_data/PDB/new_dimer_db/1CQT.pdb,new_dimer_db,1CQT,1,True
1CXZ,A,B,../../GraPPI_data/PDB/new_dimer_db/1CXZ.pdb,new_dimer_db,1CXZ,1,True
1D3U,A,B,../../GraPPI_data/PDB/new_dimer_db/1D3U.pdb,new_dimer_db,1D3U,4,True
1D4T,A,B,../../GraPPI_data/PDB/new_dimer_db/1D4T.pdb,new_dimer_db,1D4T,1,True
1DCE,A,B,../../GraPPI_data/PDB/new_dimer_db/1DCE.pdb,new_dimer_db,1DCE,1,True
1DEV,A,B,../../GraPPI_data/PDB/new_dimer_db/1DEV.pdb,new_dimer_db,1DEV,2,True
1DFJ,E,I,../../GraPPI_data/PDB/new_dimer_db/1DFJ.pdb,new_dimer_db,1DFJ,5,True
1DJ7,A,B,../../GraPPI_data/PDB/new_dimer_db/1DJ7.pdb,new_dimer_db,1DJ7,4,True
1DKD,A,E,../../GraPPI_data/PDB/new_dimer_db/1DKD.pdb,new_dimer_db,1DKD,1,True
1DLK,A,B,../../GraPPI_data/PDB/new_dimer_db/1DLK.pdb,new_dimer_db,1DLK,1,True
1DML,A,B,../../GraPPI_data/PDB/new_dimer_db/1DML.pdb,new_dimer_db,1DML,1,True
1DOW,A,B,../../GraPPI_data/PDB/new_dimer_db/1DOW.pdb,new_dimer_db,1DOW,1,True
1DTD,A,B,../../GraPPI_data/PDB/new_dimer_db/1DTD.pdb,new_dimer_db,1DTD,1,True
1DXP,A,C,../../GraPPI_data/PDB/new_dimer_db/1DXP.pdb,new_dimer_db,1DXP,1,True
1DY8,A,C,../../GraPPI_data/PDB/new_dimer_db/1DY8.pdb,new_dimer_db,1DY8,1,True
1DY9,A,C,../../GraPPI_data/PDB/new_dimer_db/1DY9.pdb,new_dimer_db,1DY9,1,True
1DZB,X,A,../../GraPPI_data/PDB/new_dimer_db/1DZB.pdb,new_dimer_db,1DZB,1,True
1E3A,A,B,../../GraPPI_data/PDB/new_dimer_db/1E3A.pdb,new_dimer_db,1E3A,2,True
1E44,A,B,../../GraPPI_data/PDB/new_dimer_db/1E44.pdb,new_dimer_db,1E44,2,True
1E50,A,B,../../GraPPI_data/PDB/new_dimer_db/1E50.pdb,new_dimer_db,1E50,2,True
1E6E,A,B,../../GraPPI_data/PDB/new_dimer_db/1E6E.pdb,new_dimer_db,1E6E,1,True
1E96,A,B,../../GraPPI_data/PDB/new_dimer_db/1E96.pdb,new_dimer_db,1E96,1,True
1EAI,A,C,../../GraPPI_data/PDB/new_dimer_db/1EAI.pdb,new_dimer_db,1EAI,1,True
1EE5,A,B,../../GraPPI_data/PDB/new_dimer_db/1EE5.pdb,new_dimer_db,1EE5,1,True
1EG4,P,A,../../GraPPI_data/PDB/new_dimer_db/1EG4.pdb,new_dimer_db,1EG4,1,True
1EGP,A,B,../../GraPPI_data/PDB/new_dimer_db/1EGP.pdb,new_dimer_db,1EGP,1,True
1EJA,A,B,../../GraPPI_data/PDB/new_dimer_db/1EJA.pdb,new_dimer_db,1EJA,1,True
1EJY,N,I,../../GraPPI_data/PDB/new_dimer_db/1EJY.pdb,new_dimer_db,1EJY,1,True
1EM8,A,B,../../GraPPI_data/PDB/new_dimer_db/1EM8.pdb,new_dimer_db,1EM8,1,True
1EMU,A,B,../../GraPPI_data/PDB/new_dimer_db/1EMU.pdb,new_dimer_db,1EMU,1,True
1EOJ,A,B,../../GraPPI_data/PDB/new_dimer_db/1EOJ.pdb,new_dimer_db,1EOJ,1,True
1EOL,A,B,../../GraPPI_data/PDB/new_dimer_db/1EOL.pdb,new_dimer_db,1EOL,1,True
1EWY,A,C,../../GraPPI_data/PDB/new_dimer_db/1EWY.pdb,new_dimer_db,1EWY,1,True
1F2T,A,B,../../GraPPI_data/PDB/new_dimer_db/1F2T.pdb,new_dimer_db,1F2T,2,True
1F34,A,B,../../GraPPI_data/PDB/new_dimer_db/1F34.pdb,new_dimer_db,1F34,1,True
1F3U,A,B,../../GraPPI_data/PDB/new_dimer_db/1F3U.pdb,new_dimer_db,1F3U,1,True
1F3V,A,B,../../GraPPI_data/PDB/new_dimer_db/1F3V.pdb,new_dimer_db,1F3V,1,True
1F45,A,B,../../GraPPI_data/PDB/new_dimer_db/1F45.pdb,new_dimer_db,1F45,1,True
1F47,B,A,../../GraPPI_data/PDB/new_dimer_db/1F47.pdb,new_dimer_db,1F47,1,True
1F59,A,C,../../GraPPI_data/PDB/new_dimer_db/1F59.pdb,new_dimer_db,1F59,1,True
1F5Q,A,B,../../GraPPI_data/PDB/new_dimer_db/1F5Q.pdb,new_dimer_db,1F5Q,2,True
1F8U,A,B,../../GraPPI_data/PDB/new_dimer_db/1F8U.pdb,new_dimer_db,1F8U,4,True
1FCD,A,C,../../GraPPI_data/PDB/new_dimer_db/1FCD.pdb,new_dimer_db,1FCD,2,True
1FFW,A,B,../../GraPPI_data/PDB/new_dimer_db/1FFW.pdb,new_dimer_db,1FFW,5,True
1FGL,A,B,../../GraPPI_data/PDB/new_dimer_db/1FGL.pdb,new_dimer_db,1FGL,1,True
1FIZ,A,L,../../GraPPI_data/PDB/new_dimer_db/1FIZ.pdb,new_dimer_db,1FIZ,2,True
1FLE,E,I,../../GraPPI_data/PDB/new_dimer_db/1FLE.pdb,new_dimer_db,1FLE,3,True
1FLL,B,Y,../../GraPPI_data/PDB/new_dimer_db/1FLL.pdb,new_dimer_db,1FLL,1,True
1FM0,D,E,../../GraPPI_data/PDB/new_dimer_db/1FM0.pdb,new_dimer_db,1FM0,2,True
1FOE,A,B,../../GraPPI_data/PDB/new_dimer_db/1FOE.pdb,new_dimer_db,1FOE,1,True
1FQ1,A,B,../../GraPPI_data/PDB/new_dimer_db/1FQ1.pdb,new_dimer_db,1FQ1,1,True
1FQV,A,B,../../GraPPI_data/PDB/new_dimer_db/1FQV.pdb,new_dimer_db,1FQV,1,True
1FS0,E,G,../../GraPPI_data/PDB/new_dimer_db/1FS0.pdb,new_dimer_db,1FS0,1,True
1FYH,A,B,../../GraPPI_data/PDB/new_dimer_db/1FYH.pdb,new_dimer_db,1FYH,1,True
1FYN,A,B,../../GraPPI_data/PDB/new_dimer_db/1FYN.pdb,new_dimer_db,1FYN,1,True
1G0V,A,B,../../GraPPI_data/PDB/new_dimer_db/1G0V.pdb,new_dimer_db,1G0V,3,True
1G0Y,R,I,../../GraPPI_data/PDB/new_dimer_db/1G0Y.pdb,new_dimer_db,1G0Y,1,True
1G3J,A,B,../../GraPPI_data/PDB/new_dimer_db/1G3J.pdb,new_dimer_db,1G3J,1,True
1G4U,S,R,../../GraPPI_data/PDB/new_dimer_db/1G4U.pdb,new_dimer_db,1G4U,1,True
1G6V,A,K,../../GraPPI_data/PDB/new_dimer_db/1G6V.pdb,new_dimer_db,1G6V,1,True
1G73,A,C,../../GraPPI_data/PDB/new_dimer_db/1G73.pdb,new_dimer_db,1G73,1,True
1G8J,A,B,../../GraPPI_data/PDB/new_dimer_db/1G8J.pdb,new_dimer_db,1G8J,4,True
1G9I,E,I,../../GraPPI_data/PDB/new_dimer_db/1G9I.pdb,new_dimer_db,1G9I,1,True
1GAG,A,B,../../GraPPI_data/PDB/new_dimer_db/1GAG.pdb,new_dimer_db,1GAG,1,True
1GAQ,A,B,../../GraPPI_data/PDB/new_dimer_db/1GAQ.pdb,new_dimer_db,1GAQ,1,True
1GH6,A,B,../../GraPPI_data/PDB/new_dimer_db/1GH6.pdb,new_dimer_db,1GH6,1,True
1GJ7,A,B,../../GraPPI_data/PDB/new_dimer_db/1GJ7.pdb,new_dimer_db,1GJ7,1,True
1GJ9,A,B,../../GraPPI_data/PDB/new_dimer_db/1GJ9.pdb,new_dimer_db,1GJ9,1,True
1GJD,A,B,../../GraPPI_data/PDB/new_dimer_db/1GJD.pdb,new_dimer_db,1GJD,3,True
1GL1,I,A,../../GraPPI_data/PDB/new_dimer_db/1GL1.pdb,new_dimer_db,1GL1,1,True
1GL4,A,B,../../GraPPI_data/PDB/new_dimer_db/1GL4.pdb,new_dimer_db,1GL4,1,True
1GNG,X,A,../../GraPPI_data/PDB/new_dimer_db/1GNG.pdb,new_dimer_db,1GNG,4,True
1GO3,F,E,../../GraPPI_data/PDB/new_dimer_db/1GO3.pdb,new_dimer_db,1GO3,2,True
1GT0,C,D,../../GraPPI_data/PDB/new_dimer_db/1GT0.pdb,new_dimer_db,1GT0,1,True
1GXD,A,C,../../GraPPI_data/PDB/new_dimer_db/1GXD.pdb,new_dimer_db,1GXD,1,True
1GZH,A,B,../../GraPPI_data/PDB/new_dimer_db/1GZH.pdb,new_dimer_db,1GZH,1,True
1GZS,A,B,../../GraPPI_data/PDB/new_dimer_db/1GZS.pdb,new_dimer_db,1GZS,1,True
1H0H,A,B,../../GraPPI_data/PDB/new_dimer_db/1H0H.pdb,new_dimer_db,1H0H,22,True
1H1V,A,G,../../GraPPI_data/PDB/new_dimer_db/1H1V.pdb,new_dimer_db,1H1V,1,True
1H2V,C,Z,../../GraPPI_data/PDB/new_dimer_db/1H2V.pdb,new_dimer_db,1H2V,3,True
1H3O,A,B,../../GraPPI_data/PDB/new_dimer_db/1H3O.pdb,new_dimer_db,1H3O,1,True
1HC9,A,C,../../GraPPI_data/PDB/new_dimer_db/1HC9.pdb,new_dimer_db,1HC9,1,True
1HE1,A,C,../../GraPPI_data/PDB/new_dimer_db/1HE1.pdb,new_dimer_db,1HE1,1,True
1HE8,A,B,../../GraPPI_data/PDB/new_dimer_db/1HE8.pdb,new_dimer_db,1HE8,5,True
1HFE,L,S,../../GraPPI_data/PDB/new_dimer_db/1HFE.pdb,new_dimer_db,1HFE,12,True
1HH4,A,D,../../GraPPI_data/PDB/new_dimer_db/1HH4.pdb,new_dimer_db,1HH4,6,True
1HL6,A,B,../../GraPPI_data/PDB/new_dimer_db/1HL6.pdb,new_dimer_db,1HL6,1,True
1HRP,A,B,../../GraPPI_data/PDB/new_dimer_db/1HRP.pdb,new_dimer_db,1HRP,3,True
1HTR,P,B,../../GraPPI_data/PDB/new_dimer_db/1HTR.pdb,new_dimer_db,1HTR,1,True
1I2M,A,B,../../GraPPI_data/PDB/new_dimer_db/1I2M.pdb,new_dimer_db,1I2M,1,True
1I4E,A,B,../../GraPPI_data/PDB/new_dimer_db/1I4E.pdb,new_dimer_db,1I4E,2,True
1I4O,A,C,../../GraPPI_data/PDB/new_dimer_db/1I4O.pdb,new_dimer_db,1I4O,1,True
1I8L,A,C,../../GraPPI_data/PDB/new_dimer_db/1I8L.pdb,new_dimer_db,1I8L,1,True
1IAR,A,B,../../GraPPI_data/PDB/new_dimer_db/1IAR.pdb,new_dimer_db,1IAR,1,True
1IBR,A,B,../../GraPPI_data/PDB/new_dimer_db/1IBR.pdb,new_dimer_db,1IBR,1,True
1IEB,A,B,../../GraPPI_data/PDB/new_dimer_db/1IEB.pdb,new_dimer_db,1IEB,37,True
1II8,A,B,../../GraPPI_data/PDB/new_dimer_db/1II8.pdb,new_dimer_db,1II8,1,True
1IJE,A,B,../../GraPPI_data/PDB/new_dimer_db/1IJE.pdb,new_dimer_db,1IJE,8,True
1IQ5,A,B,../../GraPPI_data/PDB/new_dimer_db/1IQ5.pdb,new_dimer_db,1IQ5,1,True
1ITB,A,B,../../GraPPI_data/PDB/new_dimer_db/1ITB.pdb,new_dimer_db,1ITB,3,True
1IWQ,A,B,../../GraPPI_data/PDB/new_dimer_db/1IWQ.pdb,new_dimer_db,1IWQ,1,True
1IXS,A,B,../../GraPPI_data/PDB/new_dimer_db/1IXS.pdb,new_dimer_db,1IXS,1,True
1J19,A,B,../../GraPPI_data/PDB/new_dimer_db/1J19.pdb,new_dimer_db,1J19,1,True
1J2J,A,B,../../GraPPI_data/PDB/new_dimer_db/1J2J.pdb,new_dimer_db,1J2J,1,True
1J2X,A,B,../../GraPPI_data/PDB/new_dimer_db/1J2X.pdb,new_dimer_db,1J2X,1,True
1JCH,A,B,../../GraPPI_data/PDB/new_dimer_db/1JCH.pdb,new_dimer_db,1JCH,2,True
1JDH,A,B,../../GraPPI_data/PDB/new_dimer_db/1JDH.pdb,new_dimer_db,1JDH,1,True
1JEY,A,B,../../GraPPI_data/PDB/new_dimer_db/1JEY.pdb,new_dimer_db,1JEY,6,True
1JIW,P,I,../../GraPPI_data/PDB/new_dimer_db/1JIW.pdb,new_dimer_db,1JIW,3,True
1JK9,A,B,../../GraPPI_data/PDB/new_dimer_db/1JK9.pdb,new_dimer_db,1JK9,1,True
1JMA,B,A,../../GraPPI_data/PDB/new_dimer_db/1JMA.pdb,new_dimer_db,1JMA,1,True
1JMT,A,B,../../GraPPI_data/PDB/new_dimer_db/1JMT.pdb,new_dimer_db,1JMT,1,True
1JPP,A,C,../../GraPPI_data/PDB/new_dimer_db/1JPP.pdb,new_dimer_db,1JPP,1,True
1JPW,A,D,../../GraPPI_data/PDB/new_dimer_db/1JPW.pdb,new_dimer_db,1JPW,1,True
1JQL,A,B,../../GraPPI_data/PDB/new_dimer_db/1JQL.pdb,new_dimer_db,1JQL,1,True
1JRR,A,P,../../GraPPI_data/PDB/new_dimer_db/1JRR.pdb,new_dimer_db,1JRR,3,True
1JTD,A,B,../../GraPPI_data/PDB/new_dimer_db/1JTD.pdb,new_dimer_db,1JTD,2,True
1K4W,A,B,../../GraPPI_data/PDB/new_dimer_db/1K4W.pdb,new_dimer_db,1K4W,1,True
1K78,A,B,../../GraPPI_data/PDB/new_dimer_db/1K78.pdb,new_dimer_db,1K78,1,True
1K7L,A,B,../../GraPPI_data/PDB/new_dimer_db/1K7L.pdb,new_dimer_db,1K7L,3,True
1K8R,A,B,../../GraPPI_data/PDB/new_dimer_db/1K8R.pdb,new_dimer_db,1K8R,1,True
1K9O,I,E,../../GraPPI_data/PDB/new_dimer_db/1K9O.pdb,new_dimer_db,1K9O,5,True
1KA9,H,F,../../GraPPI_data/PDB/new_dimer_db/1KA9.pdb,new_dimer_db,1KA9,7,True
1KDQ,A,B,../../GraPPI_data/PDB/new_dimer_db/1KDQ.pdb,new_dimer_db,1KDQ,6,True
1KEE,A,B,../../GraPPI_data/PDB/new_dimer_db/1KEE.pdb,new_dimer_db,1KEE,7,True
1KI1,A,B,../../GraPPI_data/PDB/new_dimer_db/1KI1.pdb,new_dimer_db,1KI1,2,True
1KJY,A,B,../../GraPPI_data/PDB/new_dimer_db/1KJY.pdb,new_dimer_db,1KJY,1,True
1KKQ,A,E,../../GraPPI_data/PDB/new_dimer_db/1KKQ.pdb,new_dimer_db,1KKQ,1,True
1KRL,A,B,../../GraPPI_data/PDB/new_dimer_db/1KRL.pdb,new_dimer_db,1KRL,3,True
1KSJ,A,B,../../GraPPI_data/PDB/new_dimer_db/1KSJ.pdb,new_dimer_db,1KSJ,4,True
1KVE,A,B,../../GraPPI_data/PDB/new_dimer_db/1KVE.pdb,new_dimer_db,1KVE,2,True
1KXQ,H,A,../../GraPPI_data/PDB/new_dimer_db/1KXQ.pdb,new_dimer_db,1KXQ,1,True
1KXT,A,B,../../GraPPI_data/PDB/new_dimer_db/1KXT.pdb,new_dimer_db,1KXT,1,True
1KXV,A,C,../../GraPPI_data/PDB/new_dimer_db/1KXV.pdb,new_dimer_db,1KXV,1,True
1KZZ,A,B,../../GraPPI_data/PDB/new_dimer_db/1KZZ.pdb,new_dimer_db,1KZZ,1,True
1L0A,A,B,../../GraPPI_data/PDB/new_dimer_db/1L0A.pdb,new_dimer_db,1L0A,1,True
1L0Y,A,B,../../GraPPI_data/PDB/new_dimer_db/1L0Y.pdb,new_dimer_db,1L0Y,3,True
1L4D,A,B,../../GraPPI_data/PDB/new_dimer_db/1L4D.pdb,new_dimer_db,1L4D,2,True
1L6X,A,B,../../GraPPI_data/PDB/new_dimer_db/1L6X.pdb,new_dimer_db,1L6X,1,True
1LB1,A,B,../../GraPPI_data/PDB/new_dimer_db/1LB1.pdb,new_dimer_db,1LB1,5,True
1LCJ,A,B,../../GraPPI_data/PDB/new_dimer_db/1LCJ.pdb,new_dimer_db,1LCJ,1,True
1LDJ,A,B,../../GraPPI_data/PDB/new_dimer_db/1LDJ.pdb,new_dimer_db,1LDJ,1,True
1LEW,A,B,../../GraPPI_data/PDB/new_dimer_db/1LEW.pdb,new_dimer_db,1LEW,1,True
1LF8,A,B,../../GraPPI_data/PDB/new_dimer_db/1LF8.pdb,new_dimer_db,1LF8,2,True
1LOT,A,B,../../GraPPI_data/PDB/new_dimer_db/1LOT.pdb,new_dimer_db,1LOT,3,True
1LPB,A,B,../../GraPPI_data/PDB/new_dimer_db/1LPB.pdb,new_dimer_db,1LPB,3,True
1LQV,A,C,../../GraPPI_data/PDB/new_dimer_db/1LQV.pdb,new_dimer_db,1LQV,2,True
1LSH,A,B,../../GraPPI_data/PDB/new_dimer_db/1LSH.pdb,new_dimer_db,1LSH,1,True
1LVB,A,C,../../GraPPI_data/PDB/new_dimer_db/1LVB.pdb,new_dimer_db,1LVB,1,True
1LYW,A,B,../../GraPPI_data/PDB/new_dimer_db/1LYW.pdb,new_dimer_db,1LYW,6,True
1M1E,A,B,../../GraPPI_data/PDB/new_dimer_db/1M1E.pdb,new_dimer_db,1M1E,2,True
1M2O,A,B,../../GraPPI_data/PDB/new_dimer_db/1M2O.pdb,new_dimer_db,1M2O,1,True
1M45,A,B,../../GraPPI_data/PDB/new_dimer_db/1M45.pdb,new_dimer_db,1M45,1,True
1M46,A,B,../../GraPPI_data/PDB/new_dimer_db/1M46.pdb,new_dimer_db,1M46,1,True
1M5N,S,Q,../../GraPPI_data/PDB/new_dimer_db/1M5N.pdb,new_dimer_db,1M5N,1,True
1MDM,A,B,../../GraPPI_data/PDB/new_dimer_db/1MDM.pdb,new_dimer_db,1MDM,1,True
1MFQ,B,C,../../GraPPI_data/PDB/new_dimer_db/1MFQ.pdb,new_dimer_db,1MFQ,1,True
1MHW,A,C,../../GraPPI_data/PDB/new_dimer_db/1MHW.pdb,new_dimer_db,1MHW,1,True
1MJE,B,A,../../GraPPI_data/PDB/new_dimer_db/1MJE.pdb,new_dimer_db,1MJE,3,True
1MK7,A,D,../../GraPPI_data/PDB/new_dimer_db/1MK7.pdb,new_dimer_db,1MK7,1,True
1MK9,A,D,../../GraPPI_data/PDB/new_dimer_db/1MK9.pdb,new_dimer_db,1MK9,1,True
1MQ8,A,B,../../GraPPI_data/PDB/new_dimer_db/1MQ8.pdb,new_dimer_db,1MQ8,2,True
1MQS,A,B,../../GraPPI_data/PDB/new_dimer_db/1MQS.pdb,new_dimer_db,1MQS,1,True
1MR1,A,D,../../GraPPI_data/PDB/new_dimer_db/1MR1.pdb,new_dimer_db,1MR1,2,True
1MVF,A,E,../../GraPPI_data/PDB/new_dimer_db/1MVF.pdb,new_dimer_db,1MVF,1,True
1MXE,A,E,../../GraPPI_data/PDB/new_dimer_db/1MXE.pdb,new_dimer_db,1MXE,1,True
1MZW,A,B,../../GraPPI_data/PDB/new_dimer_db/1MZW.pdb,new_dimer_db,1MZW,1,True
1N0L,A,B,../../GraPPI_data/PDB/new_dimer_db/1N0L.pdb,new_dimer_db,1N0L,1,True
1N12,A,B,../../GraPPI_data/PDB/new_dimer_db/1N12.pdb,new_dimer_db,1N12,1,True
1N4H,A,B,../../GraPPI_data/PDB/new_dimer_db/1N4H.pdb,new_dimer_db,1N4H,1,True
1N4M,A,C,../../GraPPI_data/PDB/new_dimer_db/1N4M.pdb,new_dimer_db,1N4M,1,True
1N52,A,B,../../GraPPI_data/PDB/new_dimer_db/1N52.pdb,new_dimer_db,1N52,6,True
1N5Z,A,P,../../GraPPI_data/PDB/new_dimer_db/1N5Z.pdb,new_dimer_db,1N5Z,1,True
1NGM,A,B,../../GraPPI_data/PDB/new_dimer_db/1NGM.pdb,new_dimer_db,1NGM,1,True
1NIW,A,B,../../GraPPI_data/PDB/new_dimer_db/1NIW.pdb,new_dimer_db,1NIW,1,True
1NJP,K,T,../../GraPPI_data/PDB/new_dimer_db/1NJP.pdb,new_dimer_db,1NJP,2,True
1NMU,A,B,../../GraPPI_data/PDB/new_dimer_db/1NMU.pdb,new_dimer_db,1NMU,2,True
1NPE,A,B,../../GraPPI_data/PDB/new_dimer_db/1NPE.pdb,new_dimer_db,1NPE,1,True
1NQ7,A,B,../../GraPPI_data/PDB/new_dimer_db/1NQ7.pdb,new_dimer_db,1NQ7,1,True
1NQL,A,B,../../GraPPI_data/PDB/new_dimer_db/1NQL.pdb,new_dimer_db,1NQL,1,True
1NRJ,A,B,../../GraPPI_data/PDB/new_dimer_db/1NRJ.pdb,new_dimer_db,1NRJ,1,True
1NRL,A,C,../../GraPPI_data/PDB/new_dimer_db/1NRL.pdb,new_dimer_db,1NRL,2,True
1NS3,A,C,../../GraPPI_data/PDB/new_dimer_db/1NS3.pdb,new_dimer_db,1NS3,1,True
1NTV,A,B,../../GraPPI_data/PDB/new_dimer_db/1NTV.pdb,new_dimer_db,1NTV,2,True
1NU9,A,C,../../GraPPI_data/PDB/new_dimer_db/1NU9.pdb,new_dimer_db,1NU9,1,True
1NW9,A,B,../../GraPPI_data/PDB/new_dimer_db/1NW9.pdb,new_dimer_db,1NW9,1,True
1O6K,A,C,../../GraPPI_data/PDB/new_dimer_db/1O6K.pdb,new_dimer_db,1O6K,1,True
1O6L,A,C,../../GraPPI_data/PDB/new_dimer_db/1O6L.pdb,new_dimer_db,1O6L,1,True
1O97,C,D,../../GraPPI_data/PDB/new_dimer_db/1O97.pdb,new_dimer_db,1O97,6,True
1OC0,A,B,../../GraPPI_data/PDB/new_dimer_db/1OC0.pdb,new_dimer_db,1OC0,1,True
1OE9,A,B,../../GraPPI_data/PDB/new_dimer_db/1OE9.pdb,new_dimer_db,1OE9,2,True
1OEB,A,D,../../GraPPI_data/PDB/new_dimer_db/1OEB.pdb,new_dimer_db,1OEB,1,True
1OGY,A,B,../../GraPPI_data/PDB/new_dimer_db/1OGY.pdb,new_dimer_db,1OGY,3,True
1OJ5,A,B,../../GraPPI_data/PDB/new_dimer_db/1OJ5.pdb,new_dimer_db,1OJ5,2,True
1OL5,A,B,../../GraPPI_data/PDB/new_dimer_db/1OL5.pdb,new_dimer_db,1OL5,3,True
1OM9,A,P,../../GraPPI_data/PDB/new_dimer_db/1OM9.pdb,new_dimer_db,1OM9,1,True
1OND,Q,Z,../../GraPPI_data/PDB/new_dimer_db/1OND.pdb,new_dimer_db,1OND,1,True
1OP9,A,B,../../GraPPI_data/PDB/new_dimer_db/1OP9.pdb,new_dimer_db,1OP9,2,True
1OR7,A,C,../../GraPPI_data/PDB/new_dimer_db/1OR7.pdb,new_dimer_db,1OR7,1,True
1ORY,A,B,../../GraPPI_data/PDB/new_dimer_db/1ORY.pdb,new_dimer_db,1ORY,1,True
1OX1,A,B,../../GraPPI_data/PDB/new_dimer_db/1OX1.pdb,new_dimer_db,1OX1,1,True
1OXG,A,B,../../GraPPI_data/PDB/new_dimer_db/1OXG.pdb,new_dimer_db,1OXG,1,True
1P16,B,D,../../GraPPI_data/PDB/new_dimer_db/1P16.pdb,new_dimer_db,1P16,1,True
1P27,A,B,../../GraPPI_data/PDB/new_dimer_db/1P27.pdb,new_dimer_db,1P27,2,True
1P57,A,B,../../GraPPI_data/PDB/new_dimer_db/1P57.pdb,new_dimer_db,1P57,3,True
1P5V,A,B,../../GraPPI_data/PDB/new_dimer_db/1P5V.pdb,new_dimer_db,1P5V,3,True
1P69,A,B,../../GraPPI_data/PDB/new_dimer_db/1P69.pdb,new_dimer_db,1P69,2,True
1PD0,A,B,../../GraPPI_data/PDB/new_dimer_db/1PD0.pdb,new_dimer_db,1PD0,1,True
1PDK,A,B,../../GraPPI_data/PDB/new_dimer_db/1PDK.pdb,new_dimer_db,1PDK,1,True
1PEG,A,B,../../GraPPI_data/PDB/new_dimer_db/1PEG.pdb,new_dimer_db,1PEG,1,True
1PFB,A,B,../../GraPPI_data/PDB/new_dimer_db/1PFB.pdb,new_dimer_db,1PFB,1,True
1PFX,C,L,../../GraPPI_data/PDB/new_dimer_db/1PFX.pdb,new_dimer_db,1PFX,1,True
1PID,A,B,../../GraPPI_data/PDB/new_dimer_db/1PID.pdb,new_dimer_db,1PID,1,True
1PJM,A,B,../../GraPPI_data/PDB/new_dimer_db/1PJM.pdb,new_dimer_db,1PJM,1,True
1PJN,A,B,../../GraPPI_data/PDB/new_dimer_db/1PJN.pdb,new_dimer_db,1PJN,1,True
1PQ1,A,B,../../GraPPI_data/PDB/new_dimer_db/1PQ1.pdb,new_dimer_db,1PQ1,1,True
1PQZ,A,B,../../GraPPI_data/PDB/new_dimer_db/1PQZ.pdb,new_dimer_db,1PQZ,2,True
1PU9,A,B,../../GraPPI_data/PDB/new_dimer_db/1PU9.pdb,new_dimer_db,1PU9,1,True
1PUA,A,B,../../GraPPI_data/PDB/new_dimer_db/1PUA.pdb,new_dimer_db,1PUA,1,True
1PVH,A,B,../../GraPPI_data/PDB/new_dimer_db/1PVH.pdb,new_dimer_db,1PVH,1,True
1PWW,A,C,../../GraPPI_data/PDB/new_dimer_db/1PWW.pdb,new_dimer_db,1PWW,1,True
1PXV,A,C,../../GraPPI_data/PDB/new_dimer_db/1PXV.pdb,new_dimer_db,1PXV,2,True
1PZL,A,B,../../GraPPI_data/PDB/new_dimer_db/1PZL.pdb,new_dimer_db,1PZL,1,True
1Q40,A,B,../../GraPPI_data/PDB/new_dimer_db/1Q40.pdb,new_dimer_db,1Q40,1,True
1Q4Q,A,B,../../GraPPI_data/PDB/new_dimer_db/1Q4Q.pdb,new_dimer_db,1Q4Q,1,True
1Q7L,A,B,../../GraPPI_data/PDB/new_dimer_db/1Q7L.pdb,new_dimer_db,1Q7L,1,True
1QBK,B,C,../../GraPPI_data/PDB/new_dimer_db/1QBK.pdb,new_dimer_db,1QBK,1,True
1QD6,A,C,../../GraPPI_data/PDB/new_dimer_db/1QD6.pdb,new_dimer_db,1QD6,1,True
1QFK,L,H,../../GraPPI_data/PDB/new_dimer_db/1QFK.pdb,new_dimer_db,1QFK,1,True
1QGE,D,E,../../GraPPI_data/PDB/new_dimer_db/1QGE.pdb,new_dimer_db,1QGE,1,True
1QGK,A,B,../../GraPPI_data/PDB/new_dimer_db/1QGK.pdb,new_dimer_db,1QGK,4,True
1QGR,A,B,../../GraPPI_data/PDB/new_dimer_db/1QGR.pdb,new_dimer_db,1QGR,1,True
1QS7,A,B,../../GraPPI_data/PDB/new_dimer_db/1QS7.pdb,new_dimer_db,1QS7,1,True
1QSN,A,B,../../GraPPI_data/PDB/new_dimer_db/1QSN.pdb,new_dimer_db,1QSN,1,True
1QTX,A,B,../../GraPPI_data/PDB/new_dimer_db/1QTX.pdb,new_dimer_db,1QTX,1,True
1QUN,A,B,../../GraPPI_data/PDB/new_dimer_db/1QUN.pdb,new_dimer_db,1QUN,3,True
1QZ7,A,B,../../GraPPI_data/PDB/new_dimer_db/1QZ7.pdb,new_dimer_db,1QZ7,1,True
1R17,A,C,../../GraPPI_data/PDB/new_dimer_db/1R17.pdb,new_dimer_db,1R17,1,True
1R1R,A,D,../../GraPPI_data/PDB/new_dimer_db/1R1R.pdb,new_dimer_db,1R1R,7,True
1R27,A,B,../../GraPPI_data/PDB/new_dimer_db/1R27.pdb,new_dimer_db,1R27,1,True
1R6Q,A,C,../../GraPPI_data/PDB/new_dimer_db/1R6Q.pdb,new_dimer_db,1R6Q,7,True
1R8O,A,B,../../GraPPI_data/PDB/new_dimer_db/1R8O.pdb,new_dimer_db,1R8O,1,True
1RBE,S,A,../../GraPPI_data/PDB/new_dimer_db/1RBE.pdb,new_dimer_db,1RBE,27,True
1RJC,A,B,../../GraPPI_data/PDB/new_dimer_db/1RJC.pdb,new_dimer_db,1RJC,4,True
1RKC,A,B,../../GraPPI_data/PDB/new_dimer_db/1RKC.pdb,new_dimer_db,1RKC,2,True
1RKE,A,B,../../GraPPI_data/PDB/new_dimer_db/1RKE.pdb,new_dimer_db,1RKE,1,True
1RP3,A,B,../../GraPPI_data/PDB/new_dimer_db/1RP3.pdb,new_dimer_db,1RP3,2,True
1RRP,A,B,../../GraPPI_data/PDB/new_dimer_db/1RRP.pdb,new_dimer_db,1RRP,7,True
1S1Q,A,B,../../GraPPI_data/PDB/new_dimer_db/1S1Q.pdb,new_dimer_db,1S1Q,2,True
1S26,A,D,../../GraPPI_data/PDB/new_dimer_db/1S26.pdb,new_dimer_db,1S26,6,True
1S70,A,B,../../GraPPI_data/PDB/new_dimer_db/1S70.pdb,new_dimer_db,1S70,1,True
1S9D,A,E,../../GraPPI_data/PDB/new_dimer_db/1S9D.pdb,new_dimer_db,1S9D,4,True
1SDD,A,B,../../GraPPI_data/PDB/new_dimer_db/1SDD.pdb,new_dimer_db,1SDD,1,True
1SGH,A,B,../../GraPPI_data/PDB/new_dimer_db/1SGH.pdb,new_dimer_db,1SGH,1,True
1SHY,A,B,../../GraPPI_data/PDB/new_dimer_db/1SHY.pdb,new_dimer_db,1SHY,1,True
1SHZ,A,C,../../GraPPI_data/PDB/new_dimer_db/1SHZ.pdb,new_dimer_db,1SHZ,2,True
1SL3,A,B,../../GraPPI_data/PDB/new_dimer_db/1SL3.pdb,new_dimer_db,1SL3,8,True
1SP4,A,B,../../GraPPI_data/PDB/new_dimer_db/1SP4.pdb,new_dimer_db,1SP4,4,True
1SQ0,A,B,../../GraPPI_data/PDB/new_dimer_db/1SQ0.pdb,new_dimer_db,1SQ0,4,True
1SQK,A,B,../../GraPPI_data/PDB/new_dimer_db/1SQK.pdb,new_dimer_db,1SQK,1,True
1SRN,A,B,../../GraPPI_data/PDB/new_dimer_db/1SRN.pdb,new_dimer_db,1SRN,4,True
1SSH,A,B,../../GraPPI_data/PDB/new_dimer_db/1SSH.pdb,new_dimer_db,1SSH,1,True
1STC,E,I,../../GraPPI_data/PDB/new_dimer_db/1STC.pdb,new_dimer_db,1STC,4,True
1STF,E,I,../../GraPPI_data/PDB/new_dimer_db/1STF.pdb,new_dimer_db,1STF,5,True
1SVD,A,M,../../GraPPI_data/PDB/new_dimer_db/1SVD.pdb,new_dimer_db,1SVD,1,True
1SVF,A,B,../../GraPPI_data/PDB/new_dimer_db/1SVF.pdb,new_dimer_db,1SVF,1,True
1SYQ,A,B,../../GraPPI_data/PDB/new_dimer_db/1SYQ.pdb,new_dimer_db,1SYQ,1,True
1SYX,A,B,../../GraPPI_data/PDB/new_dimer_db/1SYX.pdb,new_dimer_db,1SYX,1,True
1T0F,A,C,../../GraPPI_data/PDB/new_dimer_db/1T0F.pdb,new_dimer_db,1T0F,1,True
1T0H,A,B,../../GraPPI_data/PDB/new_dimer_db/1T0H.pdb,new_dimer_db,1T0H,1,True
1T0P,A,B,../../GraPPI_data/PDB/new_dimer_db/1T0P.pdb,new_dimer_db,1T0P,2,True
1T29,A,B,../../GraPPI_data/PDB/new_dimer_db/1T29.pdb,new_dimer_db,1T29,1,True
1T2V,A,F,../../GraPPI_data/PDB/new_dimer_db/1T2V.pdb,new_dimer_db,1T2V,1,True
1T2W,A,B,../../GraPPI_data/PDB/new_dimer_db/1T2W.pdb,new_dimer_db,1T2W,1,True
1T3L,A,B,../../GraPPI_data/PDB/new_dimer_db/1T3L.pdb,new_dimer_db,1T3L,1,True
1T44,G,A,../../GraPPI_data/PDB/new_dimer_db/1T44.pdb,new_dimer_db,1T44,51,True
1T5Z,A,B,../../GraPPI_data/PDB/new_dimer_db/1T5Z.pdb,new_dimer_db,1T5Z,1,True
1T6B,X,Y,../../GraPPI_data/PDB/new_dimer_db/1T6B.pdb,new_dimer_db,1T6B,1,True
1T6G,A,C,../../GraPPI_data/PDB/new_dimer_db/1T6G.pdb,new_dimer_db,1T6G,3,True
1T6O,A,B,../../GraPPI_data/PDB/new_dimer_db/1T6O.pdb,new_dimer_db,1T6O,1,True
1T7D,A,B,../../GraPPI_data/PDB/new_dimer_db/1T7D.pdb,new_dimer_db,1T7D,1,True
1T7M,A,B,../../GraPPI_data/PDB/new_dimer_db/1T7M.pdb,new_dimer_db,1T7M,1,True
1T7R,A,B,../../GraPPI_data/PDB/new_dimer_db/1T7R.pdb,new_dimer_db,1T7R,1,True
1TA3,A,B,../../GraPPI_data/PDB/new_dimer_db/1TA3.pdb,new_dimer_db,1TA3,1,True
1TBG,A,E,../../GraPPI_data/PDB/new_dimer_db/1TBG.pdb,new_dimer_db,1TBG,1,True
1TDQ,A,B,../../GraPPI_data/PDB/new_dimer_db/1TDQ.pdb,new_dimer_db,1TDQ,1,True
1TE1,A,B,../../GraPPI_data/PDB/new_dimer_db/1TE1.pdb,new_dimer_db,1TE1,1,True
1TGS,Z,I,../../GraPPI_data/PDB/new_dimer_db/1TGS.pdb,new_dimer_db,1TGS,7,True
1TH1,A,C,../../GraPPI_data/PDB/new_dimer_db/1TH1.pdb,new_dimer_db,1TH1,1,True
1TMQ,A,B,../../GraPPI_data/PDB/new_dimer_db/1TMQ.pdb,new_dimer_db,1TMQ,1,True
1TOQ,A,B,../../GraPPI_data/PDB/new_dimer_db/1TOQ.pdb,new_dimer_db,1TOQ,4,True
1TUE,A,B,../../GraPPI_data/PDB/new_dimer_db/1TUE.pdb,new_dimer_db,1TUE,1,True
1U0S,Y,A,../../GraPPI_data/PDB/new_dimer_db/1U0S.pdb,new_dimer_db,1U0S,1,True
1U5I,A,B,../../GraPPI_data/PDB/new_dimer_db/1U5I.pdb,new_dimer_db,1U5I,4,True
1U6H,A,B,../../GraPPI_data/PDB/new_dimer_db/1U6H.pdb,new_dimer_db,1U6H,3,True
1U8C,A,B,../../GraPPI_data/PDB/new_dimer_db/1U8C.pdb,new_dimer_db,1U8C,13,True
1UAD,A,C,../../GraPPI_data/PDB/new_dimer_db/1UAD.pdb,new_dimer_db,1UAD,1,True
1UN0,A,C,../../GraPPI_data/PDB/new_dimer_db/1UN0.pdb,new_dimer_db,1UN0,1,True
1UN6,B,D,../../GraPPI_data/PDB/new_dimer_db/1UN6.pdb,new_dimer_db,1UN6,1,True
1US7,A,B,../../GraPPI_data/PDB/new_dimer_db/1US7.pdb,new_dimer_db,1US7,1,True
1USV,A,B,../../GraPPI_data/PDB/new_dimer_db/1USV.pdb,new_dimer_db,1USV,2,True
1UTI,A,D,../../GraPPI_data/PDB/new_dimer_db/1UTI.pdb,new_dimer_db,1UTI,1,True
1UUZ,A,D,../../GraPPI_data/PDB/new_dimer_db/1UUZ.pdb,new_dimer_db,1UUZ,1,True
1UVU,L,H,../../GraPPI_data/PDB/new_dimer_db/1UVU.pdb,new_dimer_db,1UVU,6,True
1UW4,A,B,../../GraPPI_data/PDB/new_dimer_db/1UW4.pdb,new_dimer_db,1UW4,1,True
1V18,A,B,../../GraPPI_data/PDB/new_dimer_db/1V18.pdb,new_dimer_db,1V18,1,True
1V5I,A,B,../../GraPPI_data/PDB/new_dimer_db/1V5I.pdb,new_dimer_db,1V5I,1,True
1V74,A,B,../../GraPPI_data/PDB/new_dimer_db/1V74.pdb,new_dimer_db,1V74,3,True
1VIW,A,B,../../GraPPI_data/PDB/new_dimer_db/1VIW.pdb,new_dimer_db,1VIW,1,True
1VRA,A,B,../../GraPPI_data/PDB/new_dimer_db/1VRA.pdb,new_dimer_db,1VRA,3,True
1VRK,A,B,../../GraPPI_data/PDB/new_dimer_db/1VRK.pdb,new_dimer_db,1VRK,1,True
1VRS,A,D,../../GraPPI_data/PDB/new_dimer_db/1VRS.pdb,new_dimer_db,1VRS,1,True
1W1W,B,F,../../GraPPI_data/PDB/new_dimer_db/1W1W.pdb,new_dimer_db,1W1W,3,True
1W3C,A,C,../../GraPPI_data/PDB/new_dimer_db/1W3C.pdb,new_dimer_db,1W3C,1,True
1W70,A,C,../../GraPPI_data/PDB/new_dimer_db/1W70.pdb,new_dimer_db,1W70,1,True
1WKW,A,B,../../GraPPI_data/PDB/new_dimer_db/1WKW.pdb,new_dimer_db,1WKW,1,True
1WM0,X,Y,../../GraPPI_data/PDB/new_dimer_db/1WM0.pdb,new_dimer_db,1WM0,5,True
1WMI,A,B,../../GraPPI_data/PDB/new_dimer_db/1WMI.pdb,new_dimer_db,1WMI,1,True
1WPX,A,B,../../GraPPI_data/PDB/new_dimer_db/1WPX.pdb,new_dimer_db,1WPX,1,True
1WRZ,A,B,../../GraPPI_data/PDB/new_dimer_db/1WRZ.pdb,new_dimer_db,1WRZ,1,True
1WUL,S,L,../../GraPPI_data/PDB/new_dimer_db/1WUL.pdb,new_dimer_db,1WUL,100,True
1X9M,A,B,../../GraPPI_data/PDB/new_dimer_db/1X9M.pdb,new_dimer_db,1X9M,18,True
1XB2,A,B,../../GraPPI_data/PDB/new_dimer_db/1XB2.pdb,new_dimer_db,1XB2,1,True
1XFZ,A,O,../../GraPPI_data/PDB/new_dimer_db/1XFZ.pdb,new_dimer_db,1XFZ,7,True
1XG2,A,B,../../GraPPI_data/PDB/new_dimer_db/1XG2.pdb,new_dimer_db,1XG2,1,True
1XH8,A,B,../../GraPPI_data/PDB/new_dimer_db/1XH8.pdb,new_dimer_db,1XH8,20,True
1XL3,A,C,../../GraPPI_data/PDB/new_dimer_db/1XL3.pdb,new_dimer_db,1XL3,1,True
1XN3,C,I,../../GraPPI_data/PDB/new_dimer_db/1XN3.pdb,new_dimer_db,1XN3,1,True
1XOU,A,B,../../GraPPI_data/PDB/new_dimer_db/1XOU.pdb,new_dimer_db,1XOU,1,True
1XQS,A,C,../../GraPPI_data/PDB/new_dimer_db/1XQS.pdb,new_dimer_db,1XQS,1,True
1XTG,A,B,../../GraPPI_data/PDB/new_dimer_db/1XTG.pdb,new_dimer_db,1XTG,1,True
1XZQ,A,B,../../GraPPI_data/PDB/new_dimer_db/1XZQ.pdb,new_dimer_db,1XZQ,2,True
1Y19,A,B,../../GraPPI_data/PDB/new_dimer_db/1Y19.pdb,new_dimer_db,1Y19,1,True
1Y2A,C,P,../../GraPPI_data/PDB/new_dimer_db/1Y2A.pdb,new_dimer_db,1Y2A,1,True
1Y3A,A,E,../../GraPPI_data/PDB/new_dimer_db/1Y3A.pdb,new_dimer_db,1Y3A,3,True
1Y56,A,B,../../GraPPI_data/PDB/new_dimer_db/1Y56.pdb,new_dimer_db,1Y56,1,True
1Y64,A,B,../../GraPPI_data/PDB/new_dimer_db/1Y64.pdb,new_dimer_db,1Y64,1,True
1Y8X,A,B,../../GraPPI_data/PDB/new_dimer_db/1Y8X.pdb,new_dimer_db,1Y8X,2,True
1Y96,A,B,../../GraPPI_data/PDB/new_dimer_db/1Y96.pdb,new_dimer_db,1Y96,1,True
1Y98,A,B,../../GraPPI_data/PDB/new_dimer_db/1Y98.pdb,new_dimer_db,1Y98,1,True
1YC5,A,B,../../GraPPI_data/PDB/new_dimer_db/1YC5.pdb,new_dimer_db,1YC5,3,True
1YCR,A,B,../../GraPPI_data/PDB/new_dimer_db/1YCR.pdb,new_dimer_db,1YCR,6,True
1YD8,H,U,../../GraPPI_data/PDB/new_dimer_db/1YD8.pdb,new_dimer_db,1YD8,3,True
1YDI,A,B,../../GraPPI_data/PDB/new_dimer_db/1YDI.pdb,new_dimer_db,1YDI,1,True
1YDT,E,I,../../GraPPI_data/PDB/new_dimer_db/1YDT.pdb,new_dimer_db,1YDT,136,True
1YJM,A,C,../../GraPPI_data/PDB/new_dimer_db/1YJM.pdb,new_dimer_db,1YJM,1,True
1YKH,A,B,../../GraPPI_data/PDB/new_dimer_db/1YKH.pdb,new_dimer_db,1YKH,2,True
1YM0,A,B,../../GraPPI_data/PDB/new_dimer_db/1YM0.pdb,new_dimer_db,1YM0,1,True
1YMT,A,B,../../GraPPI_data/PDB/new_dimer_db/1YMT.pdb,new_dimer_db,1YMT,1,True
1YOV,A,B,../../GraPPI_data/PDB/new_dimer_db/1YOV.pdb,new_dimer_db,1YOV,1,True
1YOW,A,B,../../GraPPI_data/PDB/new_dimer_db/1YOW.pdb,new_dimer_db,1YOW,1,True
1YP0,A,B,../../GraPPI_data/PDB/new_dimer_db/1YP0.pdb,new_dimer_db,1YP0,1,True
1YR5,A,B,../../GraPPI_data/PDB/new_dimer_db/1YR5.pdb,new_dimer_db,1YR5,1,True
1YRK,A,B,../../GraPPI_data/PDB/new_dimer_db/1YRK.pdb,new_dimer_db,1YRK,1,True
1YU6,A,C,../../GraPPI_data/PDB/new_dimer_db/1YU6.pdb,new_dimer_db,1YU6,2,True
1YUC,A,C,../../GraPPI_data/PDB/new_dimer_db/1YUC.pdb,new_dimer_db,1YUC,2,True
1YUK,A,B,../../GraPPI_data/PDB/new_dimer_db/1YUK.pdb,new_dimer_db,1YUK,1,True
1YVB,A,I,../../GraPPI_data/PDB/new_dimer_db/1YVB.pdb,new_dimer_db,1YVB,1,True
1YWO,A,P,../../GraPPI_data/PDB/new_dimer_db/1YWO.pdb,new_dimer_db,1YWO,1,True
1Z0J,A,B,../../GraPPI_data/PDB/new_dimer_db/1Z0J.pdb,new_dimer_db,1Z0J,1,True
1Z0K,A,B,../../GraPPI_data/PDB/new_dimer_db/1Z0K.pdb,new_dimer_db,1Z0K,1,True
1Z3E,A,B,../../GraPPI_data/PDB/new_dimer_db/1Z3E.pdb,new_dimer_db,1Z3E,3,True
1Z5Y,D,E,../../GraPPI_data/PDB/new_dimer_db/1Z5Y.pdb,new_dimer_db,1Z5Y,1,True
1Z8U,A,B,../../GraPPI_data/PDB/new_dimer_db/1Z8U.pdb,new_dimer_db,1Z8U,3,True
1ZBD,A,B,../../GraPPI_data/PDB/new_dimer_db/1ZBD.pdb,new_dimer_db,1ZBD,1,True
1ZC4,A,D,../../GraPPI_data/PDB/new_dimer_db/1ZC4.pdb,new_dimer_db,1ZC4,2,True
1ZDT,A,P,../../GraPPI_data/PDB/new_dimer_db/1ZDT.pdb,new_dimer_db,1ZDT,4,True
1ZGX,A,B,../../GraPPI_data/PDB/new_dimer_db/1ZGX.pdb,new_dimer_db,1ZGX,1,True
1ZGY,A,B,../../GraPPI_data/PDB/new_dimer_db/1ZGY.pdb,new_dimer_db,1ZGY,1,True
1ZH7,A,C,../../GraPPI_data/PDB/new_dimer_db/1ZH7.pdb,new_dimer_db,1ZH7,1,True
1ZHH,A,B,../../GraPPI_data/PDB/new_dimer_db/1ZHH.pdb,new_dimer_db,1ZHH,1,True
1ZHI,A,B,../../GraPPI_data/PDB/new_dimer_db/1ZHI.pdb,new_dimer_db,1ZHI,2,True
1ZLI,A,B,../../GraPPI_data/PDB/new_dimer_db/1ZLI.pdb,new_dimer_db,1ZLI,4,True
1ZMY,A,L,../../GraPPI_data/PDB/new_dimer_db/1ZMY.pdb,new_dimer_db,1ZMY,6,True
1ZNI,A,B,../../GraPPI_data/PDB/new_dimer_db/1ZNI.pdb,new_dimer_db,1ZNI,13,True
1ZOQ,A,C,../../GraPPI_data/PDB/new_dimer_db/1ZOQ.pdb,new_dimer_db,1ZOQ,1,True
1ZT2,A,B,../../GraPPI_data/PDB/new_dimer_db/1ZT2.pdb,new_dimer_db,1ZT2,1,True
1ZUD,1,2,../../GraPPI_data/PDB/new_dimer_db/1ZUD.pdb,new_dimer_db,1ZUD,1,True
1ZUN,A,B,../../GraPPI_data/PDB/new_dimer_db/1ZUN.pdb,new_dimer_db,1ZUN,1,True
1ZUZ,A,B,../../GraPPI_data/PDB/new_dimer_db/1ZUZ.pdb,new_dimer_db,1ZUZ,1,True
1ZV5,L,A,../../GraPPI_data/PDB/new_dimer_db/1ZV5.pdb,new_dimer_db,1ZV5,1,True
1ZVH,L,A,../../GraPPI_data/PDB/new_dimer_db/1ZVH.pdb,new_dimer_db,1ZVH,1,True
1ZVY,A,B,../../GraPPI_data/PDB/new_dimer_db/1ZVY.pdb,new_dimer_db,1ZVY,5,True
1ZW2,A,B,../../GraPPI_data/PDB/new_dimer_db/1ZW2.pdb,new_dimer_db,1ZW2,1,True
1ZW3,A,B,../../GraPPI_data/PDB/new_dimer_db/1ZW3.pdb,new_dimer_db,1ZW3,1,True
21IK,A,B,../../GraPPI_data/PDB/new_dimer_db/21IK.pdb,new_dimer_db,21IK,11,True
2A1J,A,B,../../GraPPI_data/PDB/new_dimer_db/2A1J.pdb,new_dimer_db,2A1J,1,True
2A1U,A,B,../../GraPPI_data/PDB/new_dimer_db/2A1U.pdb,new_dimer_db,2A1U,6,True
2A3I,A,B,../../GraPPI_data/PDB/new_dimer_db/2A3I.pdb,new_dimer_db,2A3I,1,True
2A42,A,B,../../GraPPI_data/PDB/new_dimer_db/2A42.pdb,new_dimer_db,2A42,3,True
2A5F,A,B,../../GraPPI_data/PDB/new_dimer_db/2A5F.pdb,new_dimer_db,2A5F,3,True
2A9K,A,B,../../GraPPI_data/PDB/new_dimer_db/2A9K.pdb,new_dimer_db,2A9K,2,True
2AHO,A,B,../../GraPPI_data/PDB/new_dimer_db/2AHO.pdb,new_dimer_db,2AHO,1,True
2AO6,A,B,../../GraPPI_data/PDB/new_dimer_db/2AO6.pdb,new_dimer_db,2AO6,1,True
2AP2,A,P,../../GraPPI_data/PDB/new_dimer_db/2AP2.pdb,new_dimer_db,2AP2,1,True
2AS5,N,F,../../GraPPI_data/PDB/new_dimer_db/2AS5.pdb,new_dimer_db,2AS5,1,True
2ATQ,A,B,../../GraPPI_data/PDB/new_dimer_db/2ATQ.pdb,new_dimer_db,2ATQ,1,True
2AUH,A,B,../../GraPPI_data/PDB/new_dimer_db/2AUH.pdb,new_dimer_db,2AUH,1,True
2AW2,A,B,../../GraPPI_data/PDB/new_dimer_db/2AW2.pdb,new_dimer_db,2AW2,1,True
2B12,A,B,../../GraPPI_data/PDB/new_dimer_db/2B12.pdb,new_dimer_db,2B12,2,True
2B3T,A,B,../../GraPPI_data/PDB/new_dimer_db/2B3T.pdb,new_dimer_db,2B3T,1,True
2B5L,A,C,../../GraPPI_data/PDB/new_dimer_db/2B5L.pdb,new_dimer_db,2B5L,1,True
2B9H,A,C,../../GraPPI_data/PDB/new_dimer_db/2B9H.pdb,new_dimer_db,2B9H,1,True
2B9I,A,C,../../GraPPI_data/PDB/new_dimer_db/2B9I.pdb,new_dimer_db,2B9I,1,True
2B9J,A,C,../../GraPPI_data/PDB/new_dimer_db/2B9J.pdb,new_dimer_db,2B9J,1,True
2B9S,A,B,../../GraPPI_data/PDB/new_dimer_db/2B9S.pdb,new_dimer_db,2B9S,1,True
2BBA,A,P,../../GraPPI_data/PDB/new_dimer_db/2BBA.pdb,new_dimer_db,2BBA,1,True
2BCG,G,Y,../../GraPPI_data/PDB/new_dimer_db/2BCG.pdb,new_dimer_db,2BCG,6,True
2BCX,A,B,../../GraPPI_data/PDB/new_dimer_db/2BCX.pdb,new_dimer_db,2BCX,3,True
2BEC,A,B,../../GraPPI_data/PDB/new_dimer_db/2BEC.pdb,new_dimer_db,2BEC,1,True
2BF8,A,B,../../GraPPI_data/PDB/new_dimer_db/2BF8.pdb,new_dimer_db,2BF8,1,True
2BH1,X,A,../../GraPPI_data/PDB/new_dimer_db/2BH1.pdb,new_dimer_db,2BH1,1,True
2BKK,A,B,../../GraPPI_data/PDB/new_dimer_db/2BKK.pdb,new_dimer_db,2BKK,1,True
2BKU,A,B,../../GraPPI_data/PDB/new_dimer_db/2BKU.pdb,new_dimer_db,2BKU,3,True
2BOV,A,B,../../GraPPI_data/PDB/new_dimer_db/2BOV.pdb,new_dimer_db,2BOV,1,True
2BP3,A,T,../../GraPPI_data/PDB/new_dimer_db/2BP3.pdb,new_dimer_db,2BP3,1,True
2BP5,M,P,../../GraPPI_data/PDB/new_dimer_db/2BP5.pdb,new_dimer_db,2BP5,1,True
2BPB,A,B,../../GraPPI_data/PDB/new_dimer_db/2BPB.pdb,new_dimer_db,2BPB,5,True
2BTF,A,P,../../GraPPI_data/PDB/new_dimer_db/2BTF.pdb,new_dimer_db,2BTF,4,True
2BYM,A,B,../../GraPPI_data/PDB/new_dimer_db/2BYM.pdb,new_dimer_db,2BYM,2,True
2BZW,A,B,../../GraPPI_data/PDB/new_dimer_db/2BZW.pdb,new_dimer_db,2BZW,1,True
2C0L,A,B,../../GraPPI_data/PDB/new_dimer_db/2C0L.pdb,new_dimer_db,2C0L,1,True
2C1D,A,B,../../GraPPI_data/PDB/new_dimer_db/2C1D.pdb,new_dimer_db,2C1D,5,True
2C1T,A,C,../../GraPPI_data/PDB/new_dimer_db/2C1T.pdb,new_dimer_db,2C1T,1,True
2C35,A,B,../../GraPPI_data/PDB/new_dimer_db/2C35.pdb,new_dimer_db,2C35,2,True
2C5K,P,T,../../GraPPI_data/PDB/new_dimer_db/2C5K.pdb,new_dimer_db,2C5K,2,True
2C5W,A,B,../../GraPPI_data/PDB/new_dimer_db/2C5W.pdb,new_dimer_db,2C5W,5,True
2CCL,A,B,../../GraPPI_data/PDB/new_dimer_db/2CCL.pdb,new_dimer_db,2CCL,8,True
2CG5,A,B,../../GraPPI_data/PDB/new_dimer_db/2CG5.pdb,new_dimer_db,2CG5,1,True
2CH4,W,A,../../GraPPI_data/PDB/new_dimer_db/2CH4.pdb,new_dimer_db,2CH4,1,True
2CI9,B,M,../../GraPPI_data/PDB/new_dimer_db/2CI9.pdb,new_dimer_db,2CI9,1,True
2CKZ,A,B,../../GraPPI_data/PDB/new_dimer_db/2CKZ.pdb,new_dimer_db,2CKZ,1,True
2CO1,A,B,../../GraPPI_data/PDB/new_dimer_db/2CO1.pdb,new_dimer_db,2CO1,4,True
2CO7,A,B,../../GraPPI_data/PDB/new_dimer_db/2CO7.pdb,new_dimer_db,2CO7,2,True
2COL,A,B,../../GraPPI_data/PDB/new_dimer_db/2COL.pdb,new_dimer_db,2COL,4,True
2CV3,A,B,../../GraPPI_data/PDB/new_dimer_db/2CV3.pdb,new_dimer_db,2CV3,1,True
2D07,A,B,../../GraPPI_data/PDB/new_dimer_db/2D07.pdb,new_dimer_db,2D07,2,True
2D11,A,E,../../GraPPI_data/PDB/new_dimer_db/2D11.pdb,new_dimer_db,2D11,2,True
2D5R,A,B,../../GraPPI_data/PDB/new_dimer_db/2D5R.pdb,new_dimer_db,2D5R,1,True
2DCU,A,B,../../GraPPI_data/PDB/new_dimer_db/2DCU.pdb,new_dimer_db,2DCU,2,True
2DF6,A,C,../../GraPPI_data/PDB/new_dimer_db/2DF6.pdb,new_dimer_db,2DF6,1,True
2DFK,A,B,../../GraPPI_data/PDB/new_dimer_db/2DFK.pdb,new_dimer_db,2DFK,1,True
2DOI,A,B,../../GraPPI_data/PDB/new_dimer_db/2DOI.pdb,new_dimer_db,2DOI,2,True
2DRK,A,B,../../GraPPI_data/PDB/new_dimer_db/2DRK.pdb,new_dimer_db,2DRK,1,True
2DSP,B,I,../../GraPPI_data/PDB/new_dimer_db/2DSP.pdb,new_dimer_db,2DSP,2,True
2DWX,A,B,../../GraPPI_data/PDB/new_dimer_db/2DWX.pdb,new_dimer_db,2DWX,1,True
2DX5,A,B,../../GraPPI_data/PDB/new_dimer_db/2DX5.pdb,new_dimer_db,2DX5,1,True
2DYM,A,B,../../GraPPI_data/PDB/new_dimer_db/2DYM.pdb,new_dimer_db,2DYM,1,True
2DYO,A,B,../../GraPPI_data/PDB/new_dimer_db/2DYO.pdb,new_dimer_db,2DYO,1,True
2DZO,A,B,../../GraPPI_data/PDB/new_dimer_db/2DZO.pdb,new_dimer_db,2DZO,2,True
2E33,A,B,../../GraPPI_data/PDB/new_dimer_db/2E33.pdb,new_dimer_db,2E33,1,True
2EGG,A,B,../../GraPPI_data/PDB/new_dimer_db/2EGG.pdb,new_dimer_db,2EGG,1,True
2EHB,A,D,../../GraPPI_data/PDB/new_dimer_db/2EHB.pdb,new_dimer_db,2EHB,1,True
2EJG,A,C,../../GraPPI_data/PDB/new_dimer_db/2EJG.pdb,new_dimer_db,2EJG,2,True
2EMS,A,B,../../GraPPI_data/PDB/new_dimer_db/2EMS.pdb,new_dimer_db,2EMS,1,True
2EMT,B,D,../../GraPPI_data/PDB/new_dimer_db/2EMT.pdb,new_dimer_db,2EMT,1,True
2EX3,A,B,../../GraPPI_data/PDB/new_dimer_db/2EX3.pdb,new_dimer_db,2EX3,1,True
2F2L,A,X,../../GraPPI_data/PDB/new_dimer_db/2F2L.pdb,new_dimer_db,2F2L,1,True
2F31,A,B,../../GraPPI_data/PDB/new_dimer_db/2F31.pdb,new_dimer_db,2F31,1,True
2F3C,E,I,../../GraPPI_data/PDB/new_dimer_db/2F3C.pdb,new_dimer_db,2F3C,4,True
2F3Z,A,B,../../GraPPI_data/PDB/new_dimer_db/2F3Z.pdb,new_dimer_db,2F3Z,1,True
2F49,A,C,../../GraPPI_data/PDB/new_dimer_db/2F49.pdb,new_dimer_db,2F49,1,True
2F4M,A,B,../../GraPPI_data/PDB/new_dimer_db/2F4M.pdb,new_dimer_db,2F4M,1,True
2F6M,A,B,../../GraPPI_data/PDB/new_dimer_db/2F6M.pdb,new_dimer_db,2F6M,1,True
2F8E,X,A,../../GraPPI_data/PDB/new_dimer_db/2F8E.pdb,new_dimer_db,2F8E,2,True
2F91,A,B,../../GraPPI_data/PDB/new_dimer_db/2F91.pdb,new_dimer_db,2F91,4,True
2F9Z,A,C,../../GraPPI_data/PDB/new_dimer_db/2F9Z.pdb,new_dimer_db,2F9Z,1,True
2FCW,A,B,../../GraPPI_data/PDB/new_dimer_db/2FCW.pdb,new_dimer_db,2FCW,1,True
2FFF,A,B,../../GraPPI_data/PDB/new_dimer_db/2FFF.pdb,new_dimer_db,2FFF,1,True
2FH5,A,B,../../GraPPI_data/PDB/new_dimer_db/2FH5.pdb,new_dimer_db,2FH5,1,True
2FHZ,A,B,../../GraPPI_data/PDB/new_dimer_db/2FHZ.pdb,new_dimer_db,2FHZ,2,True
2FIF,A,B,../../GraPPI_data/PDB/new_dimer_db/2FIF.pdb,new_dimer_db,2FIF,3,True
2FJU,A,B,../../GraPPI_data/PDB/new_dimer_db/2FJU.pdb,new_dimer_db,2FJU,1,True
2FKA,A,B,../../GraPPI_data/PDB/new_dimer_db/2FKA.pdb,new_dimer_db,2FKA,1,True
2FMH,A,B,../../GraPPI_data/PDB/new_dimer_db/2FMH.pdb,new_dimer_db,2FMH,1,True
2FMI,A,B,../../GraPPI_data/PDB/new_dimer_db/2FMI.pdb,new_dimer_db,2FMI,5,True
2FOM,A,B,../../GraPPI_data/PDB/new_dimer_db/2FOM.pdb,new_dimer_db,2FOM,1,True
2FOT,A,C,../../GraPPI_data/PDB/new_dimer_db/2FOT.pdb,new_dimer_db,2FOT,1,True
2FTX,A,B,../../GraPPI_data/PDB/new_dimer_db/2FTX.pdb,new_dimer_db,2FTX,1,True
2FU5,A,D,../../GraPPI_data/PDB/new_dimer_db/2FU5.pdb,new_dimer_db,2FU5,1,True
2FYD,A,B,../../GraPPI_data/PDB/new_dimer_db/2FYD.pdb,new_dimer_db,2FYD,12,True
2FYS,B,D,../../GraPPI_data/PDB/new_dimer_db/2FYS.pdb,new_dimer_db,2FYS,1,True
2G01,A,F,../../GraPPI_data/PDB/new_dimer_db/2G01.pdb,new_dimer_db,2G01,1,True
2G1T,B,F,../../GraPPI_data/PDB/new_dimer_db/2G1T.pdb,new_dimer_db,2G1T,1,True
2G45,A,B,../../GraPPI_data/PDB/new_dimer_db/2G45.pdb,new_dimer_db,2G45,1,True
2G47,A,C,../../GraPPI_data/PDB/new_dimer_db/2G47.pdb,new_dimer_db,2G47,1,True
2G48,A,C,../../GraPPI_data/PDB/new_dimer_db/2G48.pdb,new_dimer_db,2G48,1,True
2G54,A,C,../../GraPPI_data/PDB/new_dimer_db/2G54.pdb,new_dimer_db,2G54,1,True
2G56,A,C,../../GraPPI_data/PDB/new_dimer_db/2G56.pdb,new_dimer_db,2G56,1,True
2G5Z,A,B,../../GraPPI_data/PDB/new_dimer_db/2G5Z.pdb,new_dimer_db,2G5Z,6,True
2G77,A,B,../../GraPPI_data/PDB/new_dimer_db/2G77.pdb,new_dimer_db,2G77,1,True
2G81,E,I,../../GraPPI_data/PDB/new_dimer_db/2G81.pdb,new_dimer_db,2G81,1,True
2G83,A,C,../../GraPPI_data/PDB/new_dimer_db/2G83.pdb,new_dimer_db,2G83,1,True
2GAF,A,D,../../GraPPI_data/PDB/new_dimer_db/2GAF.pdb,new_dimer_db,2GAF,5,True
2GDC,A,B,../../GraPPI_data/PDB/new_dimer_db/2GDC.pdb,new_dimer_db,2GDC,1,True
2GGM,A,C,../../GraPPI_data/PDB/new_dimer_db/2GGM.pdb,new_dimer_db,2GGM,1,True
2GGV,A,B,../../GraPPI_data/PDB/new_dimer_db/2GGV.pdb,new_dimer_db,2GGV,1,True
2GHW,A,B,../../GraPPI_data/PDB/new_dimer_db/2GHW.pdb,new_dimer_db,2GHW,1,True
2GJE,A,D,../../GraPPI_data/PDB/new_dimer_db/2GJE.pdb,new_dimer_db,2GJE,1,True
2GJX,A,B,../../GraPPI_data/PDB/new_dimer_db/2GJX.pdb,new_dimer_db,2GJX,1,True
2GMX,A,F,../../GraPPI_data/PDB/new_dimer_db/2GMX.pdb,new_dimer_db,2GMX,1,True
2GOL,A,B,../../GraPPI_data/PDB/new_dimer_db/2GOL.pdb,new_dimer_db,2GOL,1,True
2GOX,A,B,../../GraPPI_data/PDB/new_dimer_db/2GOX.pdb,new_dimer_db,2GOX,5,True
2GPH,A,B,../../GraPPI_data/PDB/new_dimer_db/2GPH.pdb,new_dimer_db,2GPH,1,True
2GRQ,A,B,../../GraPPI_data/PDB/new_dimer_db/2GRQ.pdb,new_dimer_db,2GRQ,6,True
2GRX,A,C,../../GraPPI_data/PDB/new_dimer_db/2GRX.pdb,new_dimer_db,2GRX,1,True
2GSK,A,B,../../GraPPI_data/PDB/new_dimer_db/2GSK.pdb,new_dimer_db,2GSK,1,True
2GTK,A,B,../../GraPPI_data/PDB/new_dimer_db/2GTK.pdb,new_dimer_db,2GTK,1,True
2GUZ,A,B,../../GraPPI_data/PDB/new_dimer_db/2GUZ.pdb,new_dimer_db,2GUZ,1,True
2GVF,A,B,../../GraPPI_data/PDB/new_dimer_db/2GVF.pdb,new_dimer_db,2GVF,5,True
2GWF,A,B,../../GraPPI_data/PDB/new_dimer_db/2GWF.pdb,new_dimer_db,2GWF,1,True
2GWW,A,B,../../GraPPI_data/PDB/new_dimer_db/2GWW.pdb,new_dimer_db,2GWW,1,True
2H0D,A,B,../../GraPPI_data/PDB/new_dimer_db/2H0D.pdb,new_dimer_db,2H0D,4,True
2H4J,A,D,../../GraPPI_data/PDB/new_dimer_db/2H4J.pdb,new_dimer_db,2H4J,1,True
2H7V,A,C,../../GraPPI_data/PDB/new_dimer_db/2H7V.pdb,new_dimer_db,2H7V,1,True
2H7Z,A,B,../../GraPPI_data/PDB/new_dimer_db/2H7Z.pdb,new_dimer_db,2H7Z,1,True
2HDI,A,B,../../GraPPI_data/PDB/new_dimer_db/2HDI.pdb,new_dimer_db,2HDI,1,True
2HDN,A,B,../../GraPPI_data/PDB/new_dimer_db/2HDN.pdb,new_dimer_db,2HDN,2,True
2HFP,A,B,../../GraPPI_data/PDB/new_dimer_db/2HFP.pdb,new_dimer_db,2HFP,1,True
2HKX,A,B,../../GraPPI_data/PDB/new_dimer_db/2HKX.pdb,new_dimer_db,2HKX,1,True
2HMH,A,B,../../GraPPI_data/PDB/new_dimer_db/2HMH.pdb,new_dimer_db,2HMH,1,True
2HO2,A,B,../../GraPPI_data/PDB/new_dimer_db/2HO2.pdb,new_dimer_db,2HO2,1,True
2HPZ,A,B,../../GraPPI_data/PDB/new_dimer_db/2HPZ.pdb,new_dimer_db,2HPZ,1,True
2HQW,A,B,../../GraPPI_data/PDB/new_dimer_db/2HQW.pdb,new_dimer_db,2HQW,1,True
2HSM,A,B,../../GraPPI_data/PDB/new_dimer_db/2HSM.pdb,new_dimer_db,2HSM,2,True
2HTH,A,B,../../GraPPI_data/PDB/new_dimer_db/2HTH.pdb,new_dimer_db,2HTH,1,True
2HZM,A,B,../../GraPPI_data/PDB/new_dimer_db/2HZM.pdb,new_dimer_db,2HZM,1,True
2I0Q,A,B,../../GraPPI_data/PDB/new_dimer_db/2I0Q.pdb,new_dimer_db,2I0Q,14,True
2I25,N,L,../../GraPPI_data/PDB/new_dimer_db/2I25.pdb,new_dimer_db,2I25,4,True
2I32,A,E,../../GraPPI_data/PDB/new_dimer_db/2I32.pdb,new_dimer_db,2I32,1,True
2I3H,A,B,../../GraPPI_data/PDB/new_dimer_db/2I3H.pdb,new_dimer_db,2I3H,2,True
2I3T,A,B,../../GraPPI_data/PDB/new_dimer_db/2I3T.pdb,new_dimer_db,2I3T,2,True
2IAA,A,B,../../GraPPI_data/PDB/new_dimer_db/2IAA.pdb,new_dimer_db,2IAA,2,True
2IBG,A,F,../../GraPPI_data/PDB/new_dimer_db/2IBG.pdb,new_dimer_db,2IBG,1,True
2IDO,A,B,../../GraPPI_data/PDB/new_dimer_db/2IDO.pdb,new_dimer_db,2IDO,1,True
2IE4,A,C,../../GraPPI_data/PDB/new_dimer_db/2IE4.pdb,new_dimer_db,2IE4,4,True
2IHS,A,C,../../GraPPI_data/PDB/new_dimer_db/2IHS.pdb,new_dimer_db,2IHS,1,True
2IUI,A,C,../../GraPPI_data/PDB/new_dimer_db/2IUI.pdb,new_dimer_db,2IUI,1,True
2IWT,A,B,../../GraPPI_data/PDB/new_dimer_db/2IWT.pdb,new_dimer_db,2IWT,1,True
2IY1,A,B,../../GraPPI_data/PDB/new_dimer_db/2IY1.pdb,new_dimer_db,2IY1,15,True
2IYB,A,E,../../GraPPI_data/PDB/new_dimer_db/2IYB.pdb,new_dimer_db,2IYB,1,True
2J04,A,B,../../GraPPI_data/PDB/new_dimer_db/2J04.pdb,new_dimer_db,2J04,1,True
2J0M,A,B,../../GraPPI_data/PDB/new_dimer_db/2J0M.pdb,new_dimer_db,2J0M,1,True
2J0U,A,B,../../GraPPI_data/PDB/new_dimer_db/2J0U.pdb,new_dimer_db,2J0U,1,True
2J3R,A,B,../../GraPPI_data/PDB/new_dimer_db/2J3R.pdb,new_dimer_db,2J3R,1,True
2J59,A,M,../../GraPPI_data/PDB/new_dimer_db/2J59.pdb,new_dimer_db,2J59,1,True
2J7I,B,D,../../GraPPI_data/PDB/new_dimer_db/2J7I.pdb,new_dimer_db,2J7I,1,True
2J7P,A,D,../../GraPPI_data/PDB/new_dimer_db/2J7P.pdb,new_dimer_db,2J7P,9,True
2J7Q,A,B,../../GraPPI_data/PDB/new_dimer_db/2J7Q.pdb,new_dimer_db,2J7Q,1,True
2J7X,A,B,../../GraPPI_data/PDB/new_dimer_db/2J7X.pdb,new_dimer_db,2J7X,1,True
2J9U,A,B,../../GraPPI_data/PDB/new_dimer_db/2J9U.pdb,new_dimer_db,2J9U,1,True
2JBU,A,C,../../GraPPI_data/PDB/new_dimer_db/2JBU.pdb,new_dimer_db,2JBU,1,True
2JBY,A,B,../../GraPPI_data/PDB/new_dimer_db/2JBY.pdb,new_dimer_db,2JBY,1,True
2JDL,A,C,../../GraPPI_data/PDB/new_dimer_db/2JDL.pdb,new_dimer_db,2JDL,1,True
2JDO,A,C,../../GraPPI_data/PDB/new_dimer_db/2JDO.pdb,new_dimer_db,2JDO,1,True
2JDR,A,C,../../GraPPI_data/PDB/new_dimer_db/2JDR.pdb,new_dimer_db,2JDR,1,True
2JDV,A,I,../../GraPPI_data/PDB/new_dimer_db/2JDV.pdb,new_dimer_db,2JDV,6,True
2JJT,A,C,../../GraPPI_data/PDB/new_dimer_db/2JJT.pdb,new_dimer_db,2JJT,5,True
2JKI,A,S,../../GraPPI_data/PDB/new_dimer_db/2JKI.pdb,new_dimer_db,2JKI,1,True
2KIN,A,B,../../GraPPI_data/PDB/new_dimer_db/2KIN.pdb,new_dimer_db,2KIN,1,True
2LTN,A,B,../../GraPPI_data/PDB/new_dimer_db/2LTN.pdb,new_dimer_db,2LTN,8,True
2NLL,A,B,../../GraPPI_data/PDB/new_dimer_db/2NLL.pdb,new_dimer_db,2NLL,1,True
2NM1,A,B,../../GraPPI_data/PDB/new_dimer_db/2NM1.pdb,new_dimer_db,2NM1,2,True
2NMV,A,B,../../GraPPI_data/PDB/new_dimer_db/2NMV.pdb,new_dimer_db,2NMV,2,True
2NNU,A,B,../../GraPPI_data/PDB/new_dimer_db/2NNU.pdb,new_dimer_db,2NNU,1,True
2NO3,A,F,../../GraPPI_data/PDB/new_dimer_db/2NO3.pdb,new_dimer_db,2NO3,1,True
2NP0,A,B,../../GraPPI_data/PDB/new_dimer_db/2NP0.pdb,new_dimer_db,2NP0,1,True
2NPA,A,B,../../GraPPI_data/PDB/new_dimer_db/2NPA.pdb,new_dimer_db,2NPA,1,True
2NQD,A,B,../../GraPPI_data/PDB/new_dimer_db/2NQD.pdb,new_dimer_db,2NQD,5,True
2O25,A,D,../../GraPPI_data/PDB/new_dimer_db/2O25.pdb,new_dimer_db,2O25,1,True
2O2V,A,B,../../GraPPI_data/PDB/new_dimer_db/2O2V.pdb,new_dimer_db,2O2V,2,True
2O3B,A,B,../../GraPPI_data/PDB/new_dimer_db/2O3B.pdb,new_dimer_db,2O3B,1,True
2O4X,A,B,../../GraPPI_data/PDB/new_dimer_db/2O4X.pdb,new_dimer_db,2O4X,2,True
2O60,A,B,../../GraPPI_data/PDB/new_dimer_db/2O60.pdb,new_dimer_db,2O60,1,True
2O61,A,B,../../GraPPI_data/PDB/new_dimer_db/2O61.pdb,new_dimer_db,2O61,1,True
2O88,A,C,../../GraPPI_data/PDB/new_dimer_db/2O88.pdb,new_dimer_db,2O88,1,True
2O8G,I,A,../../GraPPI_data/PDB/new_dimer_db/2O8G.pdb,new_dimer_db,2O8G,2,True
2O8V,A,B,../../GraPPI_data/PDB/new_dimer_db/2O8V.pdb,new_dimer_db,2O8V,1,True
2O9Q,A,C,../../GraPPI_data/PDB/new_dimer_db/2O9Q.pdb,new_dimer_db,2O9Q,3,True
2O9V,A,B,../../GraPPI_data/PDB/new_dimer_db/2O9V.pdb,new_dimer_db,2O9V,1,True
2OCV,A,B,../../GraPPI_data/PDB/new_dimer_db/2OCV.pdb,new_dimer_db,2OCV,11,True
2OKR,A,C,../../GraPPI_data/PDB/new_dimer_db/2OKR.pdb,new_dimer_db,2OKR,1,True
2OMY,A,B,../../GraPPI_data/PDB/new_dimer_db/2OMY.pdb,new_dimer_db,2OMY,8,True
2OOB,A,B,../../GraPPI_data/PDB/new_dimer_db/2OOB.pdb,new_dimer_db,2OOB,1,True
2OS2,A,C,../../GraPPI_data/PDB/new_dimer_db/2OS2.pdb,new_dimer_db,2OS2,1,True
2OT3,A,B,../../GraPPI_data/PDB/new_dimer_db/2OT3.pdb,new_dimer_db,2OT3,6,True
2OT8,A,C,../../GraPPI_data/PDB/new_dimer_db/2OT8.pdb,new_dimer_db,2OT8,1,True
2OV2,I,A,../../GraPPI_data/PDB/new_dimer_db/2OV2.pdb,new_dimer_db,2OV2,2,True
2OVM,A,B,../../GraPPI_data/PDB/new_dimer_db/2OVM.pdb,new_dimer_db,2OVM,2,True
2OXH,Z,Y,../../GraPPI_data/PDB/new_dimer_db/2OXH.pdb,new_dimer_db,2OXH,3,True
2OZN,A,B,../../GraPPI_data/PDB/new_dimer_db/2OZN.pdb,new_dimer_db,2OZN,1,True
2P1M,A,B,../../GraPPI_data/PDB/new_dimer_db/2P1M.pdb,new_dimer_db,2P1M,4,True
2P28,A,B,../../GraPPI_data/PDB/new_dimer_db/2P28.pdb,new_dimer_db,2P28,1,True
2P4R,A,T,../../GraPPI_data/PDB/new_dimer_db/2P4R.pdb,new_dimer_db,2P4R,1,True
2P5B,I,A,../../GraPPI_data/PDB/new_dimer_db/2P5B.pdb,new_dimer_db,2P5B,1,True
2P7V,A,B,../../GraPPI_data/PDB/new_dimer_db/2P7V.pdb,new_dimer_db,2P7V,1,True
2PEH,A,C,../../GraPPI_data/PDB/new_dimer_db/2PEH.pdb,new_dimer_db,2PEH,1,True
2PF4,A,E,../../GraPPI_data/PDB/new_dimer_db/2PF4.pdb,new_dimer_db,2PF4,1,True
2PJW,H,V,../../GraPPI_data/PDB/new_dimer_db/2PJW.pdb,new_dimer_db,2PJW,1,True
2PKA,A,B,../../GraPPI_data/PDB/new_dimer_db/2PKA.pdb,new_dimer_db,2PKA,1,True
2PKG,A,C,../../GraPPI_data/PDB/new_dimer_db/2PKG.pdb,new_dimer_db,2PKG,1,True
2PL9,A,D,../../GraPPI_data/PDB/new_dimer_db/2PL9.pdb,new_dimer_db,2PL9,1,True
2PLX,A,B,../../GraPPI_data/PDB/new_dimer_db/2PLX.pdb,new_dimer_db,2PLX,2,True
2PM9,A,B,../../GraPPI_data/PDB/new_dimer_db/2PM9.pdb,new_dimer_db,2PM9,1,True
2PMI,A,B,../../GraPPI_data/PDB/new_dimer_db/2PMI.pdb,new_dimer_db,2PMI,2,True
2PMS,A,C,../../GraPPI_data/PDB/new_dimer_db/2PMS.pdb,new_dimer_db,2PMS,1,True
2PNX,C,D,../../GraPPI_data/PDB/new_dimer_db/2PNX.pdb,new_dimer_db,2PNX,1,True
2PQN,A,B,../../GraPPI_data/PDB/new_dimer_db/2PQN.pdb,new_dimer_db,2PQN,1,True
2PQR,A,C,../../GraPPI_data/PDB/new_dimer_db/2PQR.pdb,new_dimer_db,2PQR,1,True
2PR9,A,P,../../GraPPI_data/PDB/new_dimer_db/2PR9.pdb,new_dimer_db,2PR9,1,True
2Q0N,A,B,../../GraPPI_data/PDB/new_dimer_db/2Q0N.pdb,new_dimer_db,2Q0N,1,True
2Q3Y,A,B,../../GraPPI_data/PDB/new_dimer_db/2Q3Y.pdb,new_dimer_db,2Q3Y,1,True
2Q5D,A,C,../../GraPPI_data/PDB/new_dimer_db/2Q5D.pdb,new_dimer_db,2Q5D,1,True
2Q7K,A,B,../../GraPPI_data/PDB/new_dimer_db/2Q7K.pdb,new_dimer_db,2Q7K,6,True
2Q97,A,T,../../GraPPI_data/PDB/new_dimer_db/2Q97.pdb,new_dimer_db,2Q97,1,True
2QA7,A,B,../../GraPPI_data/PDB/new_dimer_db/2QA7.pdb,new_dimer_db,2QA7,1,True
2QAC,A,T,../../GraPPI_data/PDB/new_dimer_db/2QAC.pdb,new_dimer_db,2QAC,1,True
2QB0,A,D,../../GraPPI_data/PDB/new_dimer_db/2QB0.pdb,new_dimer_db,2QB0,1,True
2QBX,B,D,../../GraPPI_data/PDB/new_dimer_db/2QBX.pdb,new_dimer_db,2QBX,1,True
2QBY,A,B,../../GraPPI_data/PDB/new_dimer_db/2QBY.pdb,new_dimer_db,2QBY,1,True
2QK7,A,B,../../GraPPI_data/PDB/new_dimer_db/2QK7.pdb,new_dimer_db,2QK7,1,True
2QKH,B,A,../../GraPPI_data/PDB/new_dimer_db/2QKH.pdb,new_dimer_db,2QKH,1,True
2QKL,A,B,../../GraPPI_data/PDB/new_dimer_db/2QKL.pdb,new_dimer_db,2QKL,1,True
2QKW,A,B,../../GraPPI_data/PDB/new_dimer_db/2QKW.pdb,new_dimer_db,2QKW,1,True
2QL2,A,B,../../GraPPI_data/PDB/new_dimer_db/2QL2.pdb,new_dimer_db,2QL2,3,True
2QME,A,I,../../GraPPI_data/PDB/new_dimer_db/2QME.pdb,new_dimer_db,2QME,1,True
2QN5,B,T,../../GraPPI_data/PDB/new_dimer_db/2QN5.pdb,new_dimer_db,2QN5,1,True
2QNA,A,B,../../GraPPI_data/PDB/new_dimer_db/2QNA.pdb,new_dimer_db,2QNA,1,True
2QOS,C,A,../../GraPPI_data/PDB/new_dimer_db/2QOS.pdb,new_dimer_db,2QOS,1,True
2QPY,A,B,../../GraPPI_data/PDB/new_dimer_db/2QPY.pdb,new_dimer_db,2QPY,2,True
2QSF,A,X,../../GraPPI_data/PDB/new_dimer_db/2QSF.pdb,new_dimer_db,2QSF,1,True
2QSG,A,X,../../GraPPI_data/PDB/new_dimer_db/2QSG.pdb,new_dimer_db,2QSG,6,True
2QTW,A,B,../../GraPPI_data/PDB/new_dimer_db/2QTW.pdb,new_dimer_db,2QTW,9,True
2QV1,A,C,../../GraPPI_data/PDB/new_dimer_db/2QV1.pdb,new_dimer_db,2QV1,5,True
2QVS,E,B,../../GraPPI_data/PDB/new_dimer_db/2QVS.pdb,new_dimer_db,2QVS,11,True
2QWQ,A,B,../../GraPPI_data/PDB/new_dimer_db/2QWQ.pdb,new_dimer_db,2QWQ,5,True
2R05,A,B,../../GraPPI_data/PDB/new_dimer_db/2R05.pdb,new_dimer_db,2R05,2,True
2RAX,A,B,../../GraPPI_data/PDB/new_dimer_db/2RAX.pdb,new_dimer_db,2RAX,2,True
2RD7,A,C,../../GraPPI_data/PDB/new_dimer_db/2RD7.pdb,new_dimer_db,2RD7,1,True
2REX,A,B,../../GraPPI_data/PDB/new_dimer_db/2REX.pdb,new_dimer_db,2REX,1,True
2RF4,A,B,../../GraPPI_data/PDB/new_dimer_db/2RF4.pdb,new_dimer_db,2RF4,1,True
2RKY,A,D,../../GraPPI_data/PDB/new_dimer_db/2RKY.pdb,new_dimer_db,2RKY,1,True
2RKZ,A,M,../../GraPPI_data/PDB/new_dimer_db/2RKZ.pdb,new_dimer_db,2RKZ,1,True
2RL0,A,G,../../GraPPI_data/PDB/new_dimer_db/2RL0.pdb,new_dimer_db,2RL0,1,True
2STB,E,I,../../GraPPI_data/PDB/new_dimer_db/2STB.pdb,new_dimer_db,2STB,11,True
2TLD,E,I,../../GraPPI_data/PDB/new_dimer_db/2TLD.pdb,new_dimer_db,2TLD,1,True
2UUY,A,B,../../GraPPI_data/PDB/new_dimer_db/2UUY.pdb,new_dimer_db,2UUY,1,True
2UW9,A,C,../../GraPPI_data/PDB/new_dimer_db/2UW9.pdb,new_dimer_db,2UW9,1,True
2UYZ,A,B,../../GraPPI_data/PDB/new_dimer_db/2UYZ.pdb,new_dimer_db,2UYZ,5,True
2V1S,H,A,../../GraPPI_data/PDB/new_dimer_db/2V1S.pdb,new_dimer_db,2V1S,1,True
2V1Y,A,B,../../GraPPI_data/PDB/new_dimer_db/2V1Y.pdb,new_dimer_db,2V1Y,1,True
2V3B,A,B,../../GraPPI_data/PDB/new_dimer_db/2V3B.pdb,new_dimer_db,2V3B,1,True
2V3C,A,C,../../GraPPI_data/PDB/new_dimer_db/2V3C.pdb,new_dimer_db,2V3C,1,True
2V4Z,A,B,../../GraPPI_data/PDB/new_dimer_db/2V4Z.pdb,new_dimer_db,2V4Z,11,True
2V52,B,M,../../GraPPI_data/PDB/new_dimer_db/2V52.pdb,new_dimer_db,2V52,1,True
2V6X,A,B,../../GraPPI_data/PDB/new_dimer_db/2V6X.pdb,new_dimer_db,2V6X,1,True
2V85,A,D,../../GraPPI_data/PDB/new_dimer_db/2V85.pdb,new_dimer_db,2V85,1,True
2V87,B,E,../../GraPPI_data/PDB/new_dimer_db/2V87.pdb,new_dimer_db,2V87,1,True
2V89,A,B,../../GraPPI_data/PDB/new_dimer_db/2V89.pdb,new_dimer_db,2V89,1,True
2V8C,A,C,../../GraPPI_data/PDB/new_dimer_db/2V8C.pdb,new_dimer_db,2V8C,1,True
2V8S,E,V,../../GraPPI_data/PDB/new_dimer_db/2V8S.pdb,new_dimer_db,2V8S,1,True
2V9T,A,B,../../GraPPI_data/PDB/new_dimer_db/2V9T.pdb,new_dimer_db,2V9T,1,True
2VAY,A,B,../../GraPPI_data/PDB/new_dimer_db/2VAY.pdb,new_dimer_db,2VAY,4,True
2VCP,A,D,../../GraPPI_data/PDB/new_dimer_db/2VCP.pdb,new_dimer_db,2VCP,1,True
2VDB,A,B,../../GraPPI_data/PDB/new_dimer_db/2VDB.pdb,new_dimer_db,2VDB,2,True
2VE7,A,C,../../GraPPI_data/PDB/new_dimer_db/2VE7.pdb,new_dimer_db,2VE7,1,True
2VNF,A,C,../../GraPPI_data/PDB/new_dimer_db/2VNF.pdb,new_dimer_db,2VNF,1,True
2VOG,A,B,../../GraPPI_data/PDB/new_dimer_db/2VOG.pdb,new_dimer_db,2VOG,1,True
2VOI,A,B,../../GraPPI_data/PDB/new_dimer_db/2VOI.pdb,new_dimer_db,2VOI,3,True
2VPD,A,B,../../GraPPI_data/PDB/new_dimer_db/2VPD.pdb,new_dimer_db,2VPD,4,True
2VR3,A,C,../../GraPPI_data/PDB/new_dimer_db/2VR3.pdb,new_dimer_db,2VR3,1,True
2VRR,A,B,../../GraPPI_data/PDB/new_dimer_db/2VRR.pdb,new_dimer_db,2VRR,1,True
2VSX,A,E,../../GraPPI_data/PDB/new_dimer_db/2VSX.pdb,new_dimer_db,2VSX,2,True
2VUU,I,A,../../GraPPI_data/PDB/new_dimer_db/2VUU.pdb,new_dimer_db,2VUU,3,True
2VWF,A,B,../../GraPPI_data/PDB/new_dimer_db/2VWF.pdb,new_dimer_db,2VWF,1,True
2VZD,A,C,../../GraPPI_data/PDB/new_dimer_db/2VZD.pdb,new_dimer_db,2VZD,1,True
2VZG,A,B,../../GraPPI_data/PDB/new_dimer_db/2VZG.pdb,new_dimer_db,2VZG,1,True
2VZI,A,B,../../GraPPI_data/PDB/new_dimer_db/2VZI.pdb,new_dimer_db,2VZI,1,True
2W07,A,B,../../GraPPI_data/PDB/new_dimer_db/2W07.pdb,new_dimer_db,2W07,1,True
2W10,A,D,../../GraPPI_data/PDB/new_dimer_db/2W10.pdb,new_dimer_db,2W10,1,True
2W2H,A,C,../../GraPPI_data/PDB/new_dimer_db/2W2H.pdb,new_dimer_db,2W2H,1,True
2W2U,A,C,../../GraPPI_data/PDB/new_dimer_db/2W2U.pdb,new_dimer_db,2W2U,1,True
2W2X,A,D,../../GraPPI_data/PDB/new_dimer_db/2W2X.pdb,new_dimer_db,2W2X,1,True
2W55,A,B,../../GraPPI_data/PDB/new_dimer_db/2W55.pdb,new_dimer_db,2W55,4,True
2W96,A,B,../../GraPPI_data/PDB/new_dimer_db/2W96.pdb,new_dimer_db,2W96,6,True
2W9R,A,B,../../GraPPI_data/PDB/new_dimer_db/2W9R.pdb,new_dimer_db,2W9R,1,True
2WAX,A,B,../../GraPPI_data/PDB/new_dimer_db/2WAX.pdb,new_dimer_db,2WAX,3,True
2WBW,A,B,../../GraPPI_data/PDB/new_dimer_db/2WBW.pdb,new_dimer_db,2WBW,1,True
2WEL,A,D,../../GraPPI_data/PDB/new_dimer_db/2WEL.pdb,new_dimer_db,2WEL,1,True
2WFV,A,B,../../GraPPI_data/PDB/new_dimer_db/2WFV.pdb,new_dimer_db,2WFV,2,True
2WH6,A,B,../../GraPPI_data/PDB/new_dimer_db/2WH6.pdb,new_dimer_db,2WH6,2,True
2WHX,A,C,../../GraPPI_data/PDB/new_dimer_db/2WHX.pdb,new_dimer_db,2WHX,1,True
2WJV,A,D,../../GraPPI_data/PDB/new_dimer_db/2WJV.pdb,new_dimer_db,2WJV,1,True
2WK3,B,D,../../GraPPI_data/PDB/new_dimer_db/2WK3.pdb,new_dimer_db,2WK3,1,True
2WO3,A,B,../../GraPPI_data/PDB/new_dimer_db/2WO3.pdb,new_dimer_db,2WO3,5,True
2WP1,A,B,../../GraPPI_data/PDB/new_dimer_db/2WP1.pdb,new_dimer_db,2WP1,1,True
2WP2,B,Q,../../GraPPI_data/PDB/new_dimer_db/2WP2.pdb,new_dimer_db,2WP2,1,True
2WT7,A,B,../../GraPPI_data/PDB/new_dimer_db/2WT7.pdb,new_dimer_db,2WT7,1,True
2WUS,A,R,../../GraPPI_data/PDB/new_dimer_db/2WUS.pdb,new_dimer_db,2WUS,1,True
2WWK,O,T,../../GraPPI_data/PDB/new_dimer_db/2WWK.pdb,new_dimer_db,2WWK,6,True
2WY3,A,B,../../GraPPI_data/PDB/new_dimer_db/2WY3.pdb,new_dimer_db,2WY3,1,True
2WY7,A,Q,../../GraPPI_data/PDB/new_dimer_db/2WY7.pdb,new_dimer_db,2WY7,1,True
2WZQ,A,C,../../GraPPI_data/PDB/new_dimer_db/2WZQ.pdb,new_dimer_db,2WZQ,3,True
2X04,B,D,../../GraPPI_data/PDB/new_dimer_db/2X04.pdb,new_dimer_db,2X04,1,True
2X0G,A,B,../../GraPPI_data/PDB/new_dimer_db/2X0G.pdb,new_dimer_db,2X0G,1,True
2X39,A,C,../../GraPPI_data/PDB/new_dimer_db/2X39.pdb,new_dimer_db,2X39,1,True
2X4W,A,B,../../GraPPI_data/PDB/new_dimer_db/2X4W.pdb,new_dimer_db,2X4W,1,True
2X4X,F,E,../../GraPPI_data/PDB/new_dimer_db/2X4X.pdb,new_dimer_db,2X4X,1,True
2X4Y,O,P,../../GraPPI_data/PDB/new_dimer_db/2X4Y.pdb,new_dimer_db,2X4Y,1,True
2X7R,N,C,../../GraPPI_data/PDB/new_dimer_db/2X7R.pdb,new_dimer_db,2X7R,1,True
2X83,A,B,../../GraPPI_data/PDB/new_dimer_db/2X83.pdb,new_dimer_db,2X83,12,True
2X9A,D,C,../../GraPPI_data/PDB/new_dimer_db/2X9A.pdb,new_dimer_db,2X9A,1,True
2XB6,A,C,../../GraPPI_data/PDB/new_dimer_db/2XB6.pdb,new_dimer_db,2XB6,1,True
2XFG,A,B,../../GraPPI_data/PDB/new_dimer_db/2XFG.pdb,new_dimer_db,2XFG,1,True
2XGY,A,B,../../GraPPI_data/PDB/new_dimer_db/2XGY.pdb,new_dimer_db,2XGY,1,True
2XH5,A,C,../../GraPPI_data/PDB/new_dimer_db/2XH5.pdb,new_dimer_db,2XH5,1,True
2XJY,A,B,../../GraPPI_data/PDB/new_dimer_db/2XJY.pdb,new_dimer_db,2XJY,1,True
2XJZ,I,A,../../GraPPI_data/PDB/new_dimer_db/2XJZ.pdb,new_dimer_db,2XJZ,1,True
2XL2,A,C,../../GraPPI_data/PDB/new_dimer_db/2XL2.pdb,new_dimer_db,2XL2,1,True
2XN3,A,B,../../GraPPI_data/PDB/new_dimer_db/2XN3.pdb,new_dimer_db,2XN3,58,True
2XNS,B,D,../../GraPPI_data/PDB/new_dimer_db/2XNS.pdb,new_dimer_db,2XNS,1,True
2XPN,A,B,../../GraPPI_data/PDB/new_dimer_db/2XPN.pdb,new_dimer_db,2XPN,1,True
2XPO,A,B,../../GraPPI_data/PDB/new_dimer_db/2XPO.pdb,new_dimer_db,2XPO,1,True
2XPP,A,B,../../GraPPI_data/PDB/new_dimer_db/2XPP.pdb,new_dimer_db,2XPP,1,True
2XPX,A,B,../../GraPPI_data/PDB/new_dimer_db/2XPX.pdb,new_dimer_db,2XPX,1,True
2XQR,A,B,../../GraPPI_data/PDB/new_dimer_db/2XQR.pdb,new_dimer_db,2XQR,1,True
2XRW,A,B,../../GraPPI_data/PDB/new_dimer_db/2XRW.pdb,new_dimer_db,2XRW,1,True
2XS0,A,B,../../GraPPI_data/PDB/new_dimer_db/2XS0.pdb,new_dimer_db,2XS0,1,True
2XS1,A,B,../../GraPPI_data/PDB/new_dimer_db/2XS1.pdb,new_dimer_db,2XS1,1,True
2XU7,A,D,../../GraPPI_data/PDB/new_dimer_db/2XU7.pdb,new_dimer_db,2XU7,1,True
2XUM,A,S,../../GraPPI_data/PDB/new_dimer_db/2XUM.pdb,new_dimer_db,2XUM,1,True
2XV6,D,C,../../GraPPI_data/PDB/new_dimer_db/2XV6.pdb,new_dimer_db,2XV6,1,True
2XVC,A,B,../../GraPPI_data/PDB/new_dimer_db/2XVC.pdb,new_dimer_db,2XVC,1,True
2XWU,A,B,../../GraPPI_data/PDB/new_dimer_db/2XWU.pdb,new_dimer_db,2XWU,1,True
2XXN,A,B,../../GraPPI_data/PDB/new_dimer_db/2XXN.pdb,new_dimer_db,2XXN,1,True
2XYI,A,B,../../GraPPI_data/PDB/new_dimer_db/2XYI.pdb,new_dimer_db,2XYI,1,True
2XZE,R,B,../../GraPPI_data/PDB/new_dimer_db/2XZE.pdb,new_dimer_db,2XZE,1,True
2Y3A,A,B,../../GraPPI_data/PDB/new_dimer_db/2Y3A.pdb,new_dimer_db,2Y3A,1,True
2Y3N,D,C,../../GraPPI_data/PDB/new_dimer_db/2Y3N.pdb,new_dimer_db,2Y3N,1,True
2Y4P,D,C,../../GraPPI_data/PDB/new_dimer_db/2Y4P.pdb,new_dimer_db,2Y4P,1,True
2Y4V,A,B,../../GraPPI_data/PDB/new_dimer_db/2Y4V.pdb,new_dimer_db,2Y4V,1,True
2Y5B,A,B,../../GraPPI_data/PDB/new_dimer_db/2Y5B.pdb,new_dimer_db,2Y5B,1,True
2Y9Q,A,B,../../GraPPI_data/PDB/new_dimer_db/2Y9Q.pdb,new_dimer_db,2Y9Q,2,True
2Y9X,A,E,../../GraPPI_data/PDB/new_dimer_db/2Y9X.pdb,new_dimer_db,2Y9X,2,True
2YAJ,A,B,../../GraPPI_data/PDB/new_dimer_db/2YAJ.pdb,new_dimer_db,2YAJ,2,True
2YB8,A,B,../../GraPPI_data/PDB/new_dimer_db/2YB8.pdb,new_dimer_db,2YB8,1,True
2YBA,A,D,../../GraPPI_data/PDB/new_dimer_db/2YBA.pdb,new_dimer_db,2YBA,1,True
2YBF,A,B,../../GraPPI_data/PDB/new_dimer_db/2YBF.pdb,new_dimer_db,2YBF,1,True
2YBP,A,C,../../GraPPI_data/PDB/new_dimer_db/2YBP.pdb,new_dimer_db,2YBP,1,True
2YBS,A,C,../../GraPPI_data/PDB/new_dimer_db/2YBS.pdb,new_dimer_db,2YBS,1,True
2YC2,A,D,../../GraPPI_data/PDB/new_dimer_db/2YC2.pdb,new_dimer_db,2YC2,1,True
2YCL,A,B,../../GraPPI_data/PDB/new_dimer_db/2YCL.pdb,new_dimer_db,2YCL,2,True
2YGG,A,B,../../GraPPI_data/PDB/new_dimer_db/2YGG.pdb,new_dimer_db,2YGG,1,True
2YGV,A,E,../../GraPPI_data/PDB/new_dimer_db/2YGV.pdb,new_dimer_db,2YGV,1,True
2YHO,A,B,../../GraPPI_data/PDB/new_dimer_db/2YHO.pdb,new_dimer_db,2YHO,1,True
2YIN,B,D,../../GraPPI_data/PDB/new_dimer_db/2YIN.pdb,new_dimer_db,2YIN,1,True
2YPB,A,B,../../GraPPI_data/PDB/new_dimer_db/2YPB.pdb,new_dimer_db,2YPB,1,True
2YSU,A,B,../../GraPPI_data/PDB/new_dimer_db/2YSU.pdb,new_dimer_db,2YSU,2,True
2YVC,C,F,../../GraPPI_data/PDB/new_dimer_db/2YVC.pdb,new_dimer_db,2YVC,1,True
2YY0,A,B,../../GraPPI_data/PDB/new_dimer_db/2YY0.pdb,new_dimer_db,2YY0,1,True
2Z2S,A,B,../../GraPPI_data/PDB/new_dimer_db/2Z2S.pdb,new_dimer_db,2Z2S,2,True
2Z3R,A,B,../../GraPPI_data/PDB/new_dimer_db/2Z3R.pdb,new_dimer_db,2Z3R,3,True
2Z4J,A,B,../../GraPPI_data/PDB/new_dimer_db/2Z4J.pdb,new_dimer_db,2Z4J,1,True
2Z5B,A,B,../../GraPPI_data/PDB/new_dimer_db/2Z5B.pdb,new_dimer_db,2Z5B,1,True
2Z5K,A,B,../../GraPPI_data/PDB/new_dimer_db/2Z5K.pdb,new_dimer_db,2Z5K,1,True
2Z6K,A,C,../../GraPPI_data/PDB/new_dimer_db/2Z6K.pdb,new_dimer_db,2Z6K,5,True
2Z8W,A,D,../../GraPPI_data/PDB/new_dimer_db/2Z8W.pdb,new_dimer_db,2Z8W,2,True
2Z93,A,B,../../GraPPI_data/PDB/new_dimer_db/2Z93.pdb,new_dimer_db,2Z93,1,True
2ZA4,A,B,../../GraPPI_data/PDB/new_dimer_db/2ZA4.pdb,new_dimer_db,2ZA4,13,True
2ZAE,A,B,../../GraPPI_data/PDB/new_dimer_db/2ZAE.pdb,new_dimer_db,2ZAE,2,True
2ZET,A,C,../../GraPPI_data/PDB/new_dimer_db/2ZET.pdb,new_dimer_db,2ZET,1,True
2ZFD,A,B,../../GraPPI_data/PDB/new_dimer_db/2ZFD.pdb,new_dimer_db,2ZFD,1,True
2ZHX,A,B,../../GraPPI_data/PDB/new_dimer_db/2ZHX.pdb,new_dimer_db,2ZHX,12,True
2ZIR,A,B,../../GraPPI_data/PDB/new_dimer_db/2ZIR.pdb,new_dimer_db,2ZIR,85,True
2ZIX,A,B,../../GraPPI_data/PDB/new_dimer_db/2ZIX.pdb,new_dimer_db,2ZIX,4,True
2ZJD,A,B,../../GraPPI_data/PDB/new_dimer_db/2ZJD.pdb,new_dimer_db,2ZJD,1,True
2ZJS,E,Y,../../GraPPI_data/PDB/new_dimer_db/2ZJS.pdb,new_dimer_db,2ZJS,1,True
2ZNE,A,C,../../GraPPI_data/PDB/new_dimer_db/2ZNE.pdb,new_dimer_db,2ZNE,1,True
2ZNX,A,Y,../../GraPPI_data/PDB/new_dimer_db/2ZNX.pdb,new_dimer_db,2ZNX,2,True
2ZSI,A,B,../../GraPPI_data/PDB/new_dimer_db/2ZSI.pdb,new_dimer_db,2ZSI,2,True
2ZZP,A,B,../../GraPPI_data/PDB/new_dimer_db/2ZZP.pdb,new_dimer_db,2ZZP,3,True
3A01,A,B,../../GraPPI_data/PDB/new_dimer_db/3A01.pdb,new_dimer_db,3A01,1,True
3A1G,A,B,../../GraPPI_data/PDB/new_dimer_db/3A1G.pdb,new_dimer_db,3A1G,2,True
3A1P,A,B,../../GraPPI_data/PDB/new_dimer_db/3A1P.pdb,new_dimer_db,3A1P,1,True
3A2F,A,B,../../GraPPI_data/PDB/new_dimer_db/3A2F.pdb,new_dimer_db,3A2F,1,True
3A58,A,B,../../GraPPI_data/PDB/new_dimer_db/3A58.pdb,new_dimer_db,3A58,1,True
3A7A,A,B,../../GraPPI_data/PDB/new_dimer_db/3A7A.pdb,new_dimer_db,3A7A,1,True
3A7Q,A,B,../../GraPPI_data/PDB/new_dimer_db/3A7Q.pdb,new_dimer_db,3A7Q,1,True
3A8K,A,E,../../GraPPI_data/PDB/new_dimer_db/3A8K.pdb,new_dimer_db,3A8K,3,True
3A8Y,A,C,../../GraPPI_data/PDB/new_dimer_db/3A8Y.pdb,new_dimer_db,3A8Y,1,True
3A98,A,B,../../GraPPI_data/PDB/new_dimer_db/3A98.pdb,new_dimer_db,3A98,1,True
3ABE,C,Z,../../GraPPI_data/PDB/new_dimer_db/3ABE.pdb,new_dimer_db,3ABE,1,True
3AEV,A,B,../../GraPPI_data/PDB/new_dimer_db/3AEV.pdb,new_dimer_db,3AEV,1,True
3AJB,A,B,../../GraPPI_data/PDB/new_dimer_db/3AJB.pdb,new_dimer_db,3AJB,1,True
3AJI,A,B,../../GraPPI_data/PDB/new_dimer_db/3AJI.pdb,new_dimer_db,3AJI,3,True
3AKO,A,B,../../GraPPI_data/PDB/new_dimer_db/3AKO.pdb,new_dimer_db,3AKO,1,True
3AM7,A,B,../../GraPPI_data/PDB/new_dimer_db/3AM7.pdb,new_dimer_db,3AM7,1,True
3ANW,A,B,../../GraPPI_data/PDB/new_dimer_db/3ANW.pdb,new_dimer_db,3ANW,1,True
3AON,A,B,../../GraPPI_data/PDB/new_dimer_db/3AON.pdb,new_dimer_db,3AON,1,True
3AQC,A,B,../../GraPPI_data/PDB/new_dimer_db/3AQC.pdb,new_dimer_db,3AQC,2,True
3ASW,A,B,../../GraPPI_data/PDB/new_dimer_db/3ASW.pdb,new_dimer_db,3ASW,1,True
3AT0,A,B,../../GraPPI_data/PDB/new_dimer_db/3AT0.pdb,new_dimer_db,3AT0,1,True
3AU4,A,B,../../GraPPI_data/PDB/new_dimer_db/3AU4.pdb,new_dimer_db,3AU4,1,True
3AV0,A,B,../../GraPPI_data/PDB/new_dimer_db/3AV0.pdb,new_dimer_db,3AV0,1,True
3AVR,A,B,../../GraPPI_data/PDB/new_dimer_db/3AVR.pdb,new_dimer_db,3AVR,1,True
3AWR,A,C,../../GraPPI_data/PDB/new_dimer_db/3AWR.pdb,new_dimer_db,3AWR,2,True
3AX2,A,B,../../GraPPI_data/PDB/new_dimer_db/3AX2.pdb,new_dimer_db,3AX2,1,True
3AX5,A,B,../../GraPPI_data/PDB/new_dimer_db/3AX5.pdb,new_dimer_db,3AX5,2,True
3AXJ,A,B,../../GraPPI_data/PDB/new_dimer_db/3AXJ.pdb,new_dimer_db,3AXJ,1,True
3AYH,A,B,../../GraPPI_data/PDB/new_dimer_db/3AYH.pdb,new_dimer_db,3AYH,1,True
3AYU,A,B,../../GraPPI_data/PDB/new_dimer_db/3AYU.pdb,new_dimer_db,3AYU,1,True
3B0A,A,B,../../GraPPI_data/PDB/new_dimer_db/3B0A.pdb,new_dimer_db,3B0A,2,True
3B0B,B,C,../../GraPPI_data/PDB/new_dimer_db/3B0B.pdb,new_dimer_db,3B0B,1,True
3B0D,W,T,../../GraPPI_data/PDB/new_dimer_db/3B0D.pdb,new_dimer_db,3B0D,2,True
3B0Z,A,B,../../GraPPI_data/PDB/new_dimer_db/3B0Z.pdb,new_dimer_db,3B0Z,1,True
3B1M,A,B,../../GraPPI_data/PDB/new_dimer_db/3B1M.pdb,new_dimer_db,3B1M,1,True
3B1S,A,B,../../GraPPI_data/PDB/new_dimer_db/3B1S.pdb,new_dimer_db,3B1S,1,True
3B71,A,D,../../GraPPI_data/PDB/new_dimer_db/3B71.pdb,new_dimer_db,3B71,1,True
3B8H,A,B,../../GraPPI_data/PDB/new_dimer_db/3B8H.pdb,new_dimer_db,3B8H,8,True
3BC1,A,B,../../GraPPI_data/PDB/new_dimer_db/3BC1.pdb,new_dimer_db,3BC1,1,True
3BEG,A,B,../../GraPPI_data/PDB/new_dimer_db/3BEG.pdb,new_dimer_db,3BEG,1,True
3BEJ,A,E,../../GraPPI_data/PDB/new_dimer_db/3BEJ.pdb,new_dimer_db,3BEJ,1,True
3BFQ,G,F,../../GraPPI_data/PDB/new_dimer_db/3BFQ.pdb,new_dimer_db,3BFQ,1,True
3BFW,A,B,../../GraPPI_data/PDB/new_dimer_db/3BFW.pdb,new_dimer_db,3BFW,1,True
3BG1,A,B,../../GraPPI_data/PDB/new_dimer_db/3BG1.pdb,new_dimer_db,3BG1,2,True
3BH7,A,B,../../GraPPI_data/PDB/new_dimer_db/3BH7.pdb,new_dimer_db,3BH7,2,True
3BIK,A,B,../../GraPPI_data/PDB/new_dimer_db/3BIK.pdb,new_dimer_db,3BIK,6,True
3BK3,B,D,../../GraPPI_data/PDB/new_dimer_db/3BK3.pdb,new_dimer_db,3BK3,1,True
3BL2,A,C,../../GraPPI_data/PDB/new_dimer_db/3BL2.pdb,new_dimer_db,3BL2,1,True
3BQD,A,B,../../GraPPI_data/PDB/new_dimer_db/3BQD.pdb,new_dimer_db,3BQD,1,True
3BRF,A,D,../../GraPPI_data/PDB/new_dimer_db/3BRF.pdb,new_dimer_db,3BRF,2,True
3BRV,A,B,../../GraPPI_data/PDB/new_dimer_db/3BRV.pdb,new_dimer_db,3BRV,2,True
3BS5,A,B,../../GraPPI_data/PDB/new_dimer_db/3BS5.pdb,new_dimer_db,3BS5,1,True
3BTK,E,I,../../GraPPI_data/PDB/new_dimer_db/3BTK.pdb,new_dimer_db,3BTK,81,True
3BTP,A,B,../../GraPPI_data/PDB/new_dimer_db/3BTP.pdb,new_dimer_db,3BTP,1,True
3BTR,C,B,../../GraPPI_data/PDB/new_dimer_db/3BTR.pdb,new_dimer_db,3BTR,1,True
3BU6,A,B,../../GraPPI_data/PDB/new_dimer_db/3BU6.pdb,new_dimer_db,3BU6,3,True
3BU8,A,C,../../GraPPI_data/PDB/new_dimer_db/3BU8.pdb,new_dimer_db,3BU8,2,True
3BUA,A,E,../../GraPPI_data/PDB/new_dimer_db/3BUA.pdb,new_dimer_db,3BUA,1,True
3BUO,A,B,../../GraPPI_data/PDB/new_dimer_db/3BUO.pdb,new_dimer_db,3BUO,1,True
3BX1,A,C,../../GraPPI_data/PDB/new_dimer_db/3BX1.pdb,new_dimer_db,3BX1,1,True
3BXK,A,B,../../GraPPI_data/PDB/new_dimer_db/3BXK.pdb,new_dimer_db,3BXK,1,True
3BXL,A,B,../../GraPPI_data/PDB/new_dimer_db/3BXL.pdb,new_dimer_db,3BXL,1,True
3BYA,A,B,../../GraPPI_data/PDB/new_dimer_db/3BYA.pdb,new_dimer_db,3BYA,1,True
3BZD,A,B,../../GraPPI_data/PDB/new_dimer_db/3BZD.pdb,new_dimer_db,3BZD,8,True
3BZL,B,D,../../GraPPI_data/PDB/new_dimer_db/3BZL.pdb,new_dimer_db,3BZL,1,True
3BZV,A,B,../../GraPPI_data/PDB/new_dimer_db/3BZV.pdb,new_dimer_db,3BZV,1,True
3BZY,A,B,../../GraPPI_data/PDB/new_dimer_db/3BZY.pdb,new_dimer_db,3BZY,3,True
3BZZ,A,B,../../GraPPI_data/PDB/new_dimer_db/3BZZ.pdb,new_dimer_db,3BZZ,1,True
3C00,A,B,../../GraPPI_data/PDB/new_dimer_db/3C00.pdb,new_dimer_db,3C00,1,True
3C01,A,E,../../GraPPI_data/PDB/new_dimer_db/3C01.pdb,new_dimer_db,3C01,2,True
3C03,B,C,../../GraPPI_data/PDB/new_dimer_db/3C03.pdb,new_dimer_db,3C03,1,True
3C05,A,B,../../GraPPI_data/PDB/new_dimer_db/3C05.pdb,new_dimer_db,3C05,1,True
3C0T,A,B,../../GraPPI_data/PDB/new_dimer_db/3C0T.pdb,new_dimer_db,3C0T,1,True
3C3O,A,B,../../GraPPI_data/PDB/new_dimer_db/3C3O.pdb,new_dimer_db,3C3O,1,True
3C3Q,A,B,../../GraPPI_data/PDB/new_dimer_db/3C3Q.pdb,new_dimer_db,3C3Q,1,True
3C4M,B,D,../../GraPPI_data/PDB/new_dimer_db/3C4M.pdb,new_dimer_db,3C4M,1,True
3C5T,A,B,../../GraPPI_data/PDB/new_dimer_db/3C5T.pdb,new_dimer_db,3C5T,2,True
3C66,A,C,../../GraPPI_data/PDB/new_dimer_db/3C66.pdb,new_dimer_db,3C66,1,True
3C6N,A,B,../../GraPPI_data/PDB/new_dimer_db/3C6N.pdb,new_dimer_db,3C6N,1,True
3C6W,C,D,../../GraPPI_data/PDB/new_dimer_db/3C6W.pdb,new_dimer_db,3C6W,1,True
3C7N,A,B,../../GraPPI_data/PDB/new_dimer_db/3C7N.pdb,new_dimer_db,3C7N,1,True
3C85,B,D,../../GraPPI_data/PDB/new_dimer_db/3C85.pdb,new_dimer_db,3C85,1,True
3C9A,B,D,../../GraPPI_data/PDB/new_dimer_db/3C9A.pdb,new_dimer_db,3C9A,1,True
3C9C,A,B,../../GraPPI_data/PDB/new_dimer_db/3C9C.pdb,new_dimer_db,3C9C,1,True
3CAL,A,B,../../GraPPI_data/PDB/new_dimer_db/3CAL.pdb,new_dimer_db,3CAL,1,True
3CF4,A,G,../../GraPPI_data/PDB/new_dimer_db/3CF4.pdb,new_dimer_db,3CF4,1,True
3CFS,B,E,../../GraPPI_data/PDB/new_dimer_db/3CFS.pdb,new_dimer_db,3CFS,4,True
3CJR,A,B,../../GraPPI_data/PDB/new_dimer_db/3CJR.pdb,new_dimer_db,3CJR,2,True
3CJS,A,B,../../GraPPI_data/PDB/new_dimer_db/3CJS.pdb,new_dimer_db,3CJS,1,True
3CJT,A,B,../../GraPPI_data/PDB/new_dimer_db/3CJT.pdb,new_dimer_db,3CJT,2,True
3CKI,A,B,../../GraPPI_data/PDB/new_dimer_db/3CKI.pdb,new_dimer_db,3CKI,1,True
3CM8,A,B,../../GraPPI_data/PDB/new_dimer_db/3CM8.pdb,new_dimer_db,3CM8,2,True
3COJ,C,K,../../GraPPI_data/PDB/new_dimer_db/3COJ.pdb,new_dimer_db,3COJ,1,True
3CQG,A,B,../../GraPPI_data/PDB/new_dimer_db/3CQG.pdb,new_dimer_db,3CQG,2,True
3CQU,A,C,../../GraPPI_data/PDB/new_dimer_db/3CQU.pdb,new_dimer_db,3CQU,1,True
3CQW,A,C,../../GraPPI_data/PDB/new_dimer_db/3CQW.pdb,new_dimer_db,3CQW,1,True
3CR3,B,D,../../GraPPI_data/PDB/new_dimer_db/3CR3.pdb,new_dimer_db,3CR3,1,True
3CS8,A,B,../../GraPPI_data/PDB/new_dimer_db/3CS8.pdb,new_dimer_db,3CS8,1,True
3CTO,A,B,../../GraPPI_data/PDB/new_dimer_db/3CTO.pdb,new_dimer_db,3CTO,1,True
3CWD,A,C,../../GraPPI_data/PDB/new_dimer_db/3CWD.pdb,new_dimer_db,3CWD,2,True
3CWZ,A,B,../../GraPPI_data/PDB/new_dimer_db/3CWZ.pdb,new_dimer_db,3CWZ,1,True
3CX8,A,B,../../GraPPI_data/PDB/new_dimer_db/3CX8.pdb,new_dimer_db,3CX8,3,True
3CXW,A,B,../../GraPPI_data/PDB/new_dimer_db/3CXW.pdb,new_dimer_db,3CXW,1,True
3D12,A,B,../../GraPPI_data/PDB/new_dimer_db/3D12.pdb,new_dimer_db,3D12,7,True
3D1N,I,J,../../GraPPI_data/PDB/new_dimer_db/3D1N.pdb,new_dimer_db,3D1N,1,True
3D24,A,B,../../GraPPI_data/PDB/new_dimer_db/3D24.pdb,new_dimer_db,3D24,1,True
3D2F,A,B,../../GraPPI_data/PDB/new_dimer_db/3D2F.pdb,new_dimer_db,3D2F,2,True
3D31,A,C,../../GraPPI_data/PDB/new_dimer_db/3D31.pdb,new_dimer_db,3D31,1,True
3D6N,A,B,../../GraPPI_data/PDB/new_dimer_db/3D6N.pdb,new_dimer_db,3D6N,1,True
3D7T,A,B,../../GraPPI_data/PDB/new_dimer_db/3D7T.pdb,new_dimer_db,3D7T,1,True
3D7V,A,B,../../GraPPI_data/PDB/new_dimer_db/3D7V.pdb,new_dimer_db,3D7V,10,True
3D8C,A,B,../../GraPPI_data/PDB/new_dimer_db/3D8C.pdb,new_dimer_db,3D8C,1,True
3D9T,A,B,../../GraPPI_data/PDB/new_dimer_db/3D9T.pdb,new_dimer_db,3D9T,1,True
3DA7,A,D,../../GraPPI_data/PDB/new_dimer_db/3DA7.pdb,new_dimer_db,3DA7,1,True
3DBO,A,B,../../GraPPI_data/PDB/new_dimer_db/3DBO.pdb,new_dimer_db,3DBO,1,True
3DD7,A,B,../../GraPPI_data/PDB/new_dimer_db/3DD7.pdb,new_dimer_db,3DD7,1,True
3DDC,A,B,../../GraPPI_data/PDB/new_dimer_db/3DDC.pdb,new_dimer_db,3DDC,1,True
3DEP,A,B,../../GraPPI_data/PDB/new_dimer_db/3DEP.pdb,new_dimer_db,3DEP,1,True
3DGA,A,C,../../GraPPI_data/PDB/new_dimer_db/3DGA.pdb,new_dimer_db,3DGA,2,True
3DI3,A,B,../../GraPPI_data/PDB/new_dimer_db/3DI3.pdb,new_dimer_db,3DI3,2,True
3DLQ,I,R,../../GraPPI_data/PDB/new_dimer_db/3DLQ.pdb,new_dimer_db,3DLQ,2,True
3DO7,A,B,../../GraPPI_data/PDB/new_dimer_db/3DO7.pdb,new_dimer_db,3DO7,7,True
3DOF,A,B,../../GraPPI_data/PDB/new_dimer_db/3DOF.pdb,new_dimer_db,3DOF,2,True
3DOM,A,B,../../GraPPI_data/PDB/new_dimer_db/3DOM.pdb,new_dimer_db,3DOM,2,True
3DPL,C,R,../../GraPPI_data/PDB/new_dimer_db/3DPL.pdb,new_dimer_db,3DPL,1,True
3DPP,B,C,../../GraPPI_data/PDB/new_dimer_db/3DPP.pdb,new_dimer_db,3DPP,1,True
3DPQ,F,G,../../GraPPI_data/PDB/new_dimer_db/3DPQ.pdb,new_dimer_db,3DPQ,1,True
3DPU,A,B,../../GraPPI_data/PDB/new_dimer_db/3DPU.pdb,new_dimer_db,3DPU,1,True
3DS0,A,T,../../GraPPI_data/PDB/new_dimer_db/3DS0.pdb,new_dimer_db,3DS0,2,True
3DS1,A,T,../../GraPPI_data/PDB/new_dimer_db/3DS1.pdb,new_dimer_db,3DS1,1,True
3DVJ,A,B,../../GraPPI_data/PDB/new_dimer_db/3DVJ.pdb,new_dimer_db,3DVJ,2,True
3DVM,A,B,../../GraPPI_data/PDB/new_dimer_db/3DVM.pdb,new_dimer_db,3DVM,2,True
3DVU,A,C,../../GraPPI_data/PDB/new_dimer_db/3DVU.pdb,new_dimer_db,3DVU,1,True
3DXE,A,B,../../GraPPI_data/PDB/new_dimer_db/3DXE.pdb,new_dimer_db,3DXE,3,True
3E0J,H,G,../../GraPPI_data/PDB/new_dimer_db/3E0J.pdb,new_dimer_db,3E0J,1,True
3E20,E,H,../../GraPPI_data/PDB/new_dimer_db/3E20.pdb,new_dimer_db,3E20,1,True
3E2U,A,E,../../GraPPI_data/PDB/new_dimer_db/3E2U.pdb,new_dimer_db,3E2U,2,True
3E50,B,D,../../GraPPI_data/PDB/new_dimer_db/3E50.pdb,new_dimer_db,3E50,1,True
3E7C,A,H,../../GraPPI_data/PDB/new_dimer_db/3E7C.pdb,new_dimer_db,3E7C,2,True
3E7Y,A,B,../../GraPPI_data/PDB/new_dimer_db/3E7Y.pdb,new_dimer_db,3E7Y,72,True
3E87,A,C,../../GraPPI_data/PDB/new_dimer_db/3E87.pdb,new_dimer_db,3E87,1,True
3E88,A,C,../../GraPPI_data/PDB/new_dimer_db/3E88.pdb,new_dimer_db,3E88,1,True
3E8D,A,C,../../GraPPI_data/PDB/new_dimer_db/3E8D.pdb,new_dimer_db,3E8D,1,True
3E8E,A,G,../../GraPPI_data/PDB/new_dimer_db/3E8E.pdb,new_dimer_db,3E8E,9,True
3EAB,A,G,../../GraPPI_data/PDB/new_dimer_db/3EAB.pdb,new_dimer_db,3EAB,1,True
3EAR,A,B,../../GraPPI_data/PDB/new_dimer_db/3EAR.pdb,new_dimer_db,3EAR,1,True
3EG1,B,D,../../GraPPI_data/PDB/new_dimer_db/3EG1.pdb,new_dimer_db,3EG1,1,True
3EGV,A,B,../../GraPPI_data/PDB/new_dimer_db/3EGV.pdb,new_dimer_db,3EGV,1,True
3EHF,A,B,../../GraPPI_data/PDB/new_dimer_db/3EHF.pdb,new_dimer_db,3EHF,1,True
3EHT,A,B,../../GraPPI_data/PDB/new_dimer_db/3EHT.pdb,new_dimer_db,3EHT,1,True
3EHU,A,C,../../GraPPI_data/PDB/new_dimer_db/3EHU.pdb,new_dimer_db,3EHU,1,True
3EJE,A,B,../../GraPPI_data/PDB/new_dimer_db/3EJE.pdb,new_dimer_db,3EJE,3,True
3EJH,A,E,../../GraPPI_data/PDB/new_dimer_db/3EJH.pdb,new_dimer_db,3EJH,1,True
3EP3,B,A,../../GraPPI_data/PDB/new_dimer_db/3EP3.pdb,new_dimer_db,3EP3,25,True
3EQS,A,B,../../GraPPI_data/PDB/new_dimer_db/3EQS.pdb,new_dimer_db,3EQS,4,True
3ERY,A,B,../../GraPPI_data/PDB/new_dimer_db/3ERY.pdb,new_dimer_db,3ERY,1,True
3ESW,A,B,../../GraPPI_data/PDB/new_dimer_db/3ESW.pdb,new_dimer_db,3ESW,2,True
3EU7,A,X,../../GraPPI_data/PDB/new_dimer_db/3EU7.pdb,new_dimer_db,3EU7,1,True
3EUL,A,D,../../GraPPI_data/PDB/new_dimer_db/3EUL.pdb,new_dimer_db,3EUL,1,True
3EWE,A,B,../../GraPPI_data/PDB/new_dimer_db/3EWE.pdb,new_dimer_db,3EWE,1,True
3EWT,A,E,../../GraPPI_data/PDB/new_dimer_db/3EWT.pdb,new_dimer_db,3EWT,1,True
3EWV,A,E,../../GraPPI_data/PDB/new_dimer_db/3EWV.pdb,new_dimer_db,3EWV,1,True
3F2O,A,C,../../GraPPI_data/PDB/new_dimer_db/3F2O.pdb,new_dimer_db,3F2O,1,True
3F62,A,B,../../GraPPI_data/PDB/new_dimer_db/3F62.pdb,new_dimer_db,3F62,1,True
3F7D,A,B,../../GraPPI_data/PDB/new_dimer_db/3F7D.pdb,new_dimer_db,3F7D,1,True
3F7P,A,C,../../GraPPI_data/PDB/new_dimer_db/3F7P.pdb,new_dimer_db,3F7P,1,True
3F8U,A,B,../../GraPPI_data/PDB/new_dimer_db/3F8U.pdb,new_dimer_db,3F8U,1,True
3F9P,A,C,../../GraPPI_data/PDB/new_dimer_db/3F9P.pdb,new_dimer_db,3F9P,26,True
3FAV,A,B,../../GraPPI_data/PDB/new_dimer_db/3FAV.pdb,new_dimer_db,3FAV,1,True
3FBN,A,B,../../GraPPI_data/PDB/new_dimer_db/3FBN.pdb,new_dimer_db,3FBN,2,True
3FGT,A,B,../../GraPPI_data/PDB/new_dimer_db/3FGT.pdb,new_dimer_db,3FGT,2,True
3FIE,A,C,../../GraPPI_data/PDB/new_dimer_db/3FIE.pdb,new_dimer_db,3FIE,1,True
3FII,A,B,../../GraPPI_data/PDB/new_dimer_db/3FII.pdb,new_dimer_db,3FII,1,True
3FJU,A,B,../../GraPPI_data/PDB/new_dimer_db/3FJU.pdb,new_dimer_db,3FJU,1,True
3FMP,A,B,../../GraPPI_data/PDB/new_dimer_db/3FMP.pdb,new_dimer_db,3FMP,3,True
3FQ9,A,B,../../GraPPI_data/PDB/new_dimer_db/3FQ9.pdb,new_dimer_db,3FQ9,1,True
3FSH,B,C,../../GraPPI_data/PDB/new_dimer_db/3FSH.pdb,new_dimer_db,3FSH,1,True
3FUG,A,B,../../GraPPI_data/PDB/new_dimer_db/3FUG.pdb,new_dimer_db,3FUG,1,True
3FUR,A,H,../../GraPPI_data/PDB/new_dimer_db/3FUR.pdb,new_dimer_db,3FUR,1,True
3FXE,A,B,../../GraPPI_data/PDB/new_dimer_db/3FXE.pdb,new_dimer_db,3FXE,2,True
3G2S,A,C,../../GraPPI_data/PDB/new_dimer_db/3G2S.pdb,new_dimer_db,3G2S,1,True
3G3B,A,B,../../GraPPI_data/PDB/new_dimer_db/3G3B.pdb,new_dimer_db,3G3B,2,True
3G7K,C,D,../../GraPPI_data/PDB/new_dimer_db/3G7K.pdb,new_dimer_db,3G7K,1,True
3G9A,A,B,../../GraPPI_data/PDB/new_dimer_db/3G9A.pdb,new_dimer_db,3G9A,1,True
3G9E,A,B,../../GraPPI_data/PDB/new_dimer_db/3G9E.pdb,new_dimer_db,3G9E,3,True
3G9V,A,B,../../GraPPI_data/PDB/new_dimer_db/3G9V.pdb,new_dimer_db,3G9V,1,True
3G9W,A,D,../../GraPPI_data/PDB/new_dimer_db/3G9W.pdb,new_dimer_db,3G9W,1,True
3GB8,A,B,../../GraPPI_data/PDB/new_dimer_db/3GB8.pdb,new_dimer_db,3GB8,1,True
3GC3,A,B,../../GraPPI_data/PDB/new_dimer_db/3GC3.pdb,new_dimer_db,3GC3,1,True
3GEI,B,C,../../GraPPI_data/PDB/new_dimer_db/3GEI.pdb,new_dimer_db,3GEI,1,True
3GFU,D,C,../../GraPPI_data/PDB/new_dimer_db/3GFU.pdb,new_dimer_db,3GFU,2,True
3GIF,A,B,../../GraPPI_data/PDB/new_dimer_db/3GIF.pdb,new_dimer_db,3GIF,1,True
3GJ8,A,B,../../GraPPI_data/PDB/new_dimer_db/3GJ8.pdb,new_dimer_db,3GJ8,6,True
3GOF,A,C,../../GraPPI_data/PDB/new_dimer_db/3GOF.pdb,new_dimer_db,3GOF,1,True
3GOV,A,B,../../GraPPI_data/PDB/new_dimer_db/3GOV.pdb,new_dimer_db,3GOV,1,True
3GP2,A,B,../../GraPPI_data/PDB/new_dimer_db/3GP2.pdb,new_dimer_db,3GP2,1,True
3GQI,A,B,../../GraPPI_data/PDB/new_dimer_db/3GQI.pdb,new_dimer_db,3GQI,1,True
3GS2,A,B,../../GraPPI_data/PDB/new_dimer_db/3GS2.pdb,new_dimer_db,3GS2,1,True
3GTY,X,S,../../GraPPI_data/PDB/new_dimer_db/3GTY.pdb,new_dimer_db,3GTY,1,True
3GXE,B,F,../../GraPPI_data/PDB/new_dimer_db/3GXE.pdb,new_dimer_db,3GXE,1,True
3GXU,A,B,../../GraPPI_data/PDB/new_dimer_db/3GXU.pdb,new_dimer_db,3GXU,3,True
3GYS,A,B,../../GraPPI_data/PDB/new_dimer_db/3GYS.pdb,new_dimer_db,3GYS,11,True
3GYT,A,B,../../GraPPI_data/PDB/new_dimer_db/3GYT.pdb,new_dimer_db,3GYT,1,True
3GYU,A,B,../../GraPPI_data/PDB/new_dimer_db/3GYU.pdb,new_dimer_db,3GYU,1,True
3GYX,A,B,../../GraPPI_data/PDB/new_dimer_db/3GYX.pdb,new_dimer_db,3GYX,1,True
3H1Z,A,P,../../GraPPI_data/PDB/new_dimer_db/3H1Z.pdb,new_dimer_db,3H1Z,1,True
3H2V,A,E,../../GraPPI_data/PDB/new_dimer_db/3H2V.pdb,new_dimer_db,3H2V,1,True
3H3B,A,C,../../GraPPI_data/PDB/new_dimer_db/3H3B.pdb,new_dimer_db,3H3B,1,True
3H3G,A,B,../../GraPPI_data/PDB/new_dimer_db/3H3G.pdb,new_dimer_db,3H3G,1,True
3H44,A,C,../../GraPPI_data/PDB/new_dimer_db/3H44.pdb,new_dimer_db,3H44,1,True
3H4S,A,E,../../GraPPI_data/PDB/new_dimer_db/3H4S.pdb,new_dimer_db,3H4S,1,True
3H5C,A,B,../../GraPPI_data/PDB/new_dimer_db/3H5C.pdb,new_dimer_db,3H5C,2,True
3H6S,A,E,../../GraPPI_data/PDB/new_dimer_db/3H6S.pdb,new_dimer_db,3H6S,1,True
3H7H,A,B,../../GraPPI_data/PDB/new_dimer_db/3H7H.pdb,new_dimer_db,3H7H,1,True
3H82,B,A,../../GraPPI_data/PDB/new_dimer_db/3H82.pdb,new_dimer_db,3H82,12,True
3H9R,A,B,../../GraPPI_data/PDB/new_dimer_db/3H9R.pdb,new_dimer_db,3H9R,7,True
3HCU,A,B,../../GraPPI_data/PDB/new_dimer_db/3HCU.pdb,new_dimer_db,3HCU,2,True
3HE4,A,B,../../GraPPI_data/PDB/new_dimer_db/3HE4.pdb,new_dimer_db,3HE4,1,True
3HE5,A,B,../../GraPPI_data/PDB/new_dimer_db/3HE5.pdb,new_dimer_db,3HE5,1,True
3HGK,A,F,../../GraPPI_data/PDB/new_dimer_db/3HGK.pdb,new_dimer_db,3HGK,1,True
3HGZ,B,E,../../GraPPI_data/PDB/new_dimer_db/3HGZ.pdb,new_dimer_db,3HGZ,1,True
3HHC,B,D,../../GraPPI_data/PDB/new_dimer_db/3HHC.pdb,new_dimer_db,3HHC,1,True
3HHS,A,B,../../GraPPI_data/PDB/new_dimer_db/3HHS.pdb,new_dimer_db,3HHS,1,True
3HI2,A,B,../../GraPPI_data/PDB/new_dimer_db/3HI2.pdb,new_dimer_db,3HI2,1,True
3HO5,B,H,../../GraPPI_data/PDB/new_dimer_db/3HO5.pdb,new_dimer_db,3HO5,4,True
3HQR,A,S,../../GraPPI_data/PDB/new_dimer_db/3HQR.pdb,new_dimer_db,3HQR,1,True
3HR4,A,B,../../GraPPI_data/PDB/new_dimer_db/3HR4.pdb,new_dimer_db,3HR4,1,True
3HS8,A,P,../../GraPPI_data/PDB/new_dimer_db/3HS8.pdb,new_dimer_db,3HS8,1,True
3HS9,A,P,../../GraPPI_data/PDB/new_dimer_db/3HS9.pdb,new_dimer_db,3HS9,1,True
3HTU,A,B,../../GraPPI_data/PDB/new_dimer_db/3HTU.pdb,new_dimer_db,3HTU,1,True
3HUF,A,C,../../GraPPI_data/PDB/new_dimer_db/3HUF.pdb,new_dimer_db,3HUF,1,True
3HVE,A,B,../../GraPPI_data/PDB/new_dimer_db/3HVE.pdb,new_dimer_db,3HVE,1,True
3HVQ,A,C,../../GraPPI_data/PDB/new_dimer_db/3HVQ.pdb,new_dimer_db,3HVQ,3,True
3HW2,A,B,../../GraPPI_data/PDB/new_dimer_db/3HW2.pdb,new_dimer_db,3HW2,1,True
3HYM,A,B,../../GraPPI_data/PDB/new_dimer_db/3HYM.pdb,new_dimer_db,3HYM,1,True
3HZH,A,B,../../GraPPI_data/PDB/new_dimer_db/3HZH.pdb,new_dimer_db,3HZH,1,True
3I08,A,B,../../GraPPI_data/PDB/new_dimer_db/3I08.pdb,new_dimer_db,3I08,1,True
3I1H,A,B,../../GraPPI_data/PDB/new_dimer_db/3I1H.pdb,new_dimer_db,3I1H,1,True
3I7H,A,B,../../GraPPI_data/PDB/new_dimer_db/3I7H.pdb,new_dimer_db,3I7H,1,True
3I7K,A,B,../../GraPPI_data/PDB/new_dimer_db/3I7K.pdb,new_dimer_db,3I7K,1,True
3I7L,A,B,../../GraPPI_data/PDB/new_dimer_db/3I7L.pdb,new_dimer_db,3I7L,1,True
3I7N,A,B,../../GraPPI_data/PDB/new_dimer_db/3I7N.pdb,new_dimer_db,3I7N,1,True
3I7O,A,B,../../GraPPI_data/PDB/new_dimer_db/3I7O.pdb,new_dimer_db,3I7O,1,True
3I7P,A,B,../../GraPPI_data/PDB/new_dimer_db/3I7P.pdb,new_dimer_db,3I7P,1,True
3I89,A,B,../../GraPPI_data/PDB/new_dimer_db/3I89.pdb,new_dimer_db,3I89,1,True
3I8C,A,B,../../GraPPI_data/PDB/new_dimer_db/3I8C.pdb,new_dimer_db,3I8C,1,True
3I8E,A,C,../../GraPPI_data/PDB/new_dimer_db/3I8E.pdb,new_dimer_db,3I8E,1,True
3I90,A,C,../../GraPPI_data/PDB/new_dimer_db/3I90.pdb,new_dimer_db,3I90,1,True
3IAB,A,B,../../GraPPI_data/PDB/new_dimer_db/3IAB.pdb,new_dimer_db,3IAB,1,True
3IAX,A,B,../../GraPPI_data/PDB/new_dimer_db/3IAX.pdb,new_dimer_db,3IAX,1,True
3ICQ,T,B,../../GraPPI_data/PDB/new_dimer_db/3ICQ.pdb,new_dimer_db,3ICQ,1,True
3IEC,A,E,../../GraPPI_data/PDB/new_dimer_db/3IEC.pdb,new_dimer_db,3IEC,1,True
3IEY,A,B,../../GraPPI_data/PDB/new_dimer_db/3IEY.pdb,new_dimer_db,3IEY,1,True
3IF8,A,B,../../GraPPI_data/PDB/new_dimer_db/3IF8.pdb,new_dimer_db,3IF8,1,True
3IFQ,A,C,../../GraPPI_data/PDB/new_dimer_db/3IFQ.pdb,new_dimer_db,3IFQ,1,True
3IHP,A,C,../../GraPPI_data/PDB/new_dimer_db/3IHP.pdb,new_dimer_db,3IHP,1,True
3IO8,A,B,../../GraPPI_data/PDB/new_dimer_db/3IO8.pdb,new_dimer_db,3IO8,2,True
3IUX,A,B,../../GraPPI_data/PDB/new_dimer_db/3IUX.pdb,new_dimer_db,3IUX,1,True
3IVB,A,M,../../GraPPI_data/PDB/new_dimer_db/3IVB.pdb,new_dimer_db,3IVB,1,True
3IVV,A,D,../../GraPPI_data/PDB/new_dimer_db/3IVV.pdb,new_dimer_db,3IVV,1,True
3IWD,B,A,../../GraPPI_data/PDB/new_dimer_db/3IWD.pdb,new_dimer_db,3IWD,3,True
3IXS,A,B,../../GraPPI_data/PDB/new_dimer_db/3IXS.pdb,new_dimer_db,3IXS,1,True
3JV6,A,B,../../GraPPI_data/PDB/new_dimer_db/3JV6.pdb,new_dimer_db,3JV6,2,True
3JWR,A,C,../../GraPPI_data/PDB/new_dimer_db/3JWR.pdb,new_dimer_db,3JWR,1,True
3JZQ,A,P,../../GraPPI_data/PDB/new_dimer_db/3JZQ.pdb,new_dimer_db,3JZQ,2,True
3JZR,A,P,../../GraPPI_data/PDB/new_dimer_db/3JZR.pdb,new_dimer_db,3JZR,1,True
3K1I,A,D,../../GraPPI_data/PDB/new_dimer_db/3K1I.pdb,new_dimer_db,3K1I,1,True
3K1K,A,C,../../GraPPI_data/PDB/new_dimer_db/3K1K.pdb,new_dimer_db,3K1K,1,True
3K5B,A,B,../../GraPPI_data/PDB/new_dimer_db/3K5B.pdb,new_dimer_db,3K5B,1,True
3K65,A,B,../../GraPPI_data/PDB/new_dimer_db/3K65.pdb,new_dimer_db,3K65,1,True
3K6G,A,D,../../GraPPI_data/PDB/new_dimer_db/3K6G.pdb,new_dimer_db,3K6G,1,True
3K74,A,B,../../GraPPI_data/PDB/new_dimer_db/3K74.pdb,new_dimer_db,3K74,1,True
3K75,B,D,../../GraPPI_data/PDB/new_dimer_db/3K75.pdb,new_dimer_db,3K75,1,True
3K8P,C,D,../../GraPPI_data/PDB/new_dimer_db/3K8P.pdb,new_dimer_db,3K8P,1,True
3K9X,A,B,../../GraPPI_data/PDB/new_dimer_db/3K9X.pdb,new_dimer_db,3K9X,5,True
3KBU,A,D,../../GraPPI_data/PDB/new_dimer_db/3KBU.pdb,new_dimer_db,3KBU,2,True
3KCP,A,B,../../GraPPI_data/PDB/new_dimer_db/3KCP.pdb,new_dimer_db,3KCP,1,True
3KF8,A,B,../../GraPPI_data/PDB/new_dimer_db/3KF8.pdb,new_dimer_db,3KF8,1,True
3KF9,A,B,../../GraPPI_data/PDB/new_dimer_db/3KF9.pdb,new_dimer_db,3KF9,1,True
3KJL,A,E,../../GraPPI_data/PDB/new_dimer_db/3KJL.pdb,new_dimer_db,3KJL,2,True
3KL4,A,B,../../GraPPI_data/PDB/new_dimer_db/3KL4.pdb,new_dimer_db,3KL4,1,True
3KL8,F,G,../../GraPPI_data/PDB/new_dimer_db/3KL8.pdb,new_dimer_db,3KL8,1,True
3KLD,A,B,../../GraPPI_data/PDB/new_dimer_db/3KLD.pdb,new_dimer_db,3KLD,1,True
3KMR,A,C,../../GraPPI_data/PDB/new_dimer_db/3KMR.pdb,new_dimer_db,3KMR,1,True
3KND,A,B,../../GraPPI_data/PDB/new_dimer_db/3KND.pdb,new_dimer_db,3KND,1,True
3KOZ,G,C,../../GraPPI_data/PDB/new_dimer_db/3KOZ.pdb,new_dimer_db,3KOZ,3,True
3KP0,A,E,../../GraPPI_data/PDB/new_dimer_db/3KP0.pdb,new_dimer_db,3KP0,1,True
3KQ4,A,B,../../GraPPI_data/PDB/new_dimer_db/3KQ4.pdb,new_dimer_db,3KQ4,1,True
3KQB,A,L,../../GraPPI_data/PDB/new_dimer_db/3KQB.pdb,new_dimer_db,3KQB,212,True
3KTA,A,B,../../GraPPI_data/PDB/new_dimer_db/3KTA.pdb,new_dimer_db,3KTA,2,True
3KTP,A,B,../../GraPPI_data/PDB/new_dimer_db/3KTP.pdb,new_dimer_db,3KTP,1,True
3KTR,A,B,../../GraPPI_data/PDB/new_dimer_db/3KTR.pdb,new_dimer_db,3KTR,1,True
3KUD,A,B,../../GraPPI_data/PDB/new_dimer_db/3KUD.pdb,new_dimer_db,3KUD,11,True
3KUI,A,B,../../GraPPI_data/PDB/new_dimer_db/3KUI.pdb,new_dimer_db,3KUI,1,True
3KUJ,A,B,../../GraPPI_data/PDB/new_dimer_db/3KUJ.pdb,new_dimer_db,3KUJ,1,True
3KUS,A,C,../../GraPPI_data/PDB/new_dimer_db/3KUS.pdb,new_dimer_db,3KUS,1,True
3KUT,A,C,../../GraPPI_data/PDB/new_dimer_db/3KUT.pdb,new_dimer_db,3KUT,1,True
3KV4,A,B,../../GraPPI_data/PDB/new_dimer_db/3KV4.pdb,new_dimer_db,3KV4,1,True
3KW5,A,B,../../GraPPI_data/PDB/new_dimer_db/3KW5.pdb,new_dimer_db,3KW5,8,True
3KXC,A,C,../../GraPPI_data/PDB/new_dimer_db/3KXC.pdb,new_dimer_db,3KXC,4,True
3KYJ,A,B,../../GraPPI_data/PDB/new_dimer_db/3KYJ.pdb,new_dimer_db,3KYJ,2,True
3KZ1,A,F,../../GraPPI_data/PDB/new_dimer_db/3KZ1.pdb,new_dimer_db,3KZ1,1,True
3L0E,A,B,../../GraPPI_data/PDB/new_dimer_db/3L0E.pdb,new_dimer_db,3L0E,2,True
3L0I,A,B,../../GraPPI_data/PDB/new_dimer_db/3L0I.pdb,new_dimer_db,3L0I,1,True
3L0X,A,B,../../GraPPI_data/PDB/new_dimer_db/3L0X.pdb,new_dimer_db,3L0X,1,True
3L10,A,B,../../GraPPI_data/PDB/new_dimer_db/3L10.pdb,new_dimer_db,3L10,2,True
3L1Z,A,B,../../GraPPI_data/PDB/new_dimer_db/3L1Z.pdb,new_dimer_db,3L1Z,1,True
3L2O,A,B,../../GraPPI_data/PDB/new_dimer_db/3L2O.pdb,new_dimer_db,3L2O,1,True
3L3X,A,B,../../GraPPI_data/PDB/new_dimer_db/3L3X.pdb,new_dimer_db,3L3X,1,True
3L4Q,A,C,../../GraPPI_data/PDB/new_dimer_db/3L4Q.pdb,new_dimer_db,3L4Q,1,True
3L51,A,B,../../GraPPI_data/PDB/new_dimer_db/3L51.pdb,new_dimer_db,3L51,1,True
3L6X,A,B,../../GraPPI_data/PDB/new_dimer_db/3L6X.pdb,new_dimer_db,3L6X,1,True
3L6Y,A,B,../../GraPPI_data/PDB/new_dimer_db/3L6Y.pdb,new_dimer_db,3L6Y,1,True
3L82,A,B,../../GraPPI_data/PDB/new_dimer_db/3L82.pdb,new_dimer_db,3L82,1,True
3L9I,A,C,../../GraPPI_data/PDB/new_dimer_db/3L9I.pdb,new_dimer_db,3L9I,8,True
3L9J,C,T,../../GraPPI_data/PDB/new_dimer_db/3L9J.pdb,new_dimer_db,3L9J,1,True
3L9K,A,Y,../../GraPPI_data/PDB/new_dimer_db/3L9K.pdb,new_dimer_db,3L9K,1,True
3LB6,A,C,../../GraPPI_data/PDB/new_dimer_db/3LB6.pdb,new_dimer_db,3LB6,1,True
3LB8,A,C,../../GraPPI_data/PDB/new_dimer_db/3LB8.pdb,new_dimer_db,3LB8,1,True
3LBX,A,B,../../GraPPI_data/PDB/new_dimer_db/3LBX.pdb,new_dimer_db,3LBX,1,True
3LCB,B,C,../../GraPPI_data/PDB/new_dimer_db/3LCB.pdb,new_dimer_db,3LCB,1,True
3LCN,A,C,../../GraPPI_data/PDB/new_dimer_db/3LCN.pdb,new_dimer_db,3LCN,1,True
3LDZ,D,G,../../GraPPI_data/PDB/new_dimer_db/3LDZ.pdb,new_dimer_db,3LDZ,1,True
3LEV,A,L,../../GraPPI_data/PDB/new_dimer_db/3LEV.pdb,new_dimer_db,3LEV,1,True
3LKU,A,B,../../GraPPI_data/PDB/new_dimer_db/3LKU.pdb,new_dimer_db,3LKU,2,True
3LL8,E,A,../../GraPPI_data/PDB/new_dimer_db/3LL8.pdb,new_dimer_db,3LL8,1,True
3LPE,A,B,../../GraPPI_data/PDB/new_dimer_db/3LPE.pdb,new_dimer_db,3LPE,1,True
3LQC,A,B,../../GraPPI_data/PDB/new_dimer_db/3LQC.pdb,new_dimer_db,3LQC,1,True
3LQV,A,P,../../GraPPI_data/PDB/new_dimer_db/3LQV.pdb,new_dimer_db,3LQV,3,True
3LRH,A,B,../../GraPPI_data/PDB/new_dimer_db/3LRH.pdb,new_dimer_db,3LRH,1,True
3LWW,A,B,../../GraPPI_data/PDB/new_dimer_db/3LWW.pdb,new_dimer_db,3LWW,2,True
3LXR,A,F,../../GraPPI_data/PDB/new_dimer_db/3LXR.pdb,new_dimer_db,3LXR,4,True
3LYV,C,F,../../GraPPI_data/PDB/new_dimer_db/3LYV.pdb,new_dimer_db,3LYV,1,True
3M18,A,B,../../GraPPI_data/PDB/new_dimer_db/3M18.pdb,new_dimer_db,3M18,1,True
3M1C,A,B,../../GraPPI_data/PDB/new_dimer_db/3M1C.pdb,new_dimer_db,3M1C,1,True
3M63,A,B,../../GraPPI_data/PDB/new_dimer_db/3M63.pdb,new_dimer_db,3M63,2,True
3M7F,A,B,../../GraPPI_data/PDB/new_dimer_db/3M7F.pdb,new_dimer_db,3M7F,1,True
3MCA,A,B,../../GraPPI_data/PDB/new_dimer_db/3MCA.pdb,new_dimer_db,3MCA,1,True
3MCB,A,B,../../GraPPI_data/PDB/new_dimer_db/3MCB.pdb,new_dimer_db,3MCB,2,True
3MDB,A,C,../../GraPPI_data/PDB/new_dimer_db/3MDB.pdb,new_dimer_db,3MDB,2,True
3ME0,A,B,../../GraPPI_data/PDB/new_dimer_db/3ME0.pdb,new_dimer_db,3ME0,2,True
3MFG,A,B,../../GraPPI_data/PDB/new_dimer_db/3MFG.pdb,new_dimer_db,3MFG,1,True
3MJ7,A,B,../../GraPPI_data/PDB/new_dimer_db/3MJ7.pdb,new_dimer_db,3MJ7,1,True
3MJH,A,B,../../GraPPI_data/PDB/new_dimer_db/3MJH.pdb,new_dimer_db,3MJH,1,True
3MK4,A,B,../../GraPPI_data/PDB/new_dimer_db/3MK4.pdb,new_dimer_db,3MK4,1,True
3MK8,A,B,../../GraPPI_data/PDB/new_dimer_db/3MK8.pdb,new_dimer_db,3MK8,1,True
3MKQ,A,B,../../GraPPI_data/PDB/new_dimer_db/3MKQ.pdb,new_dimer_db,3MKQ,1,True
3MLQ,A,E,../../GraPPI_data/PDB/new_dimer_db/3MLQ.pdb,new_dimer_db,3MLQ,1,True
3MML,A,B,../../GraPPI_data/PDB/new_dimer_db/3MML.pdb,new_dimer_db,3MML,1,True
3MMP,A,G,../../GraPPI_data/PDB/new_dimer_db/3MMP.pdb,new_dimer_db,3MMP,1,True
3MMY,A,B,../../GraPPI_data/PDB/new_dimer_db/3MMY.pdb,new_dimer_db,3MMY,1,True
3MN5,A,S,../../GraPPI_data/PDB/new_dimer_db/3MN5.pdb,new_dimer_db,3MN5,1,True
3MNP,A,B,../../GraPPI_data/PDB/new_dimer_db/3MNP.pdb,new_dimer_db,3MNP,4,True
3MO8,A,B,../../GraPPI_data/PDB/new_dimer_db/3MO8.pdb,new_dimer_db,3MO8,1,True
3MP7,A,B,../../GraPPI_data/PDB/new_dimer_db/3MP7.pdb,new_dimer_db,3MP7,1,True
3MQP,A,B,../../GraPPI_data/PDB/new_dimer_db/3MQP.pdb,new_dimer_db,3MQP,1,True
3MSX,A,B,../../GraPPI_data/PDB/new_dimer_db/3MSX.pdb,new_dimer_db,3MSX,12,True
3MV5,A,C,../../GraPPI_data/PDB/new_dimer_db/3MV5.pdb,new_dimer_db,3MV5,1,True
3MVH,A,B,../../GraPPI_data/PDB/new_dimer_db/3MVH.pdb,new_dimer_db,3MVH,1,True
3MZG,A,B,../../GraPPI_data/PDB/new_dimer_db/3MZG.pdb,new_dimer_db,3MZG,9,True
3MZW,A,B,../../GraPPI_data/PDB/new_dimer_db/3MZW.pdb,new_dimer_db,3MZW,1,True
3N1Q,B,C,../../GraPPI_data/PDB/new_dimer_db/3N1Q.pdb,new_dimer_db,3N1Q,6,True
3N3K,A,B,../../GraPPI_data/PDB/new_dimer_db/3N3K.pdb,new_dimer_db,3N3K,1,True
3N40,P,F,../../GraPPI_data/PDB/new_dimer_db/3N40.pdb,new_dimer_db,3N40,1,True
3N70,A,B,../../GraPPI_data/PDB/new_dimer_db/3N70.pdb,new_dimer_db,3N70,1,True
3N7P,A,R,../../GraPPI_data/PDB/new_dimer_db/3N7P.pdb,new_dimer_db,3N7P,1,True
3N7S,A,D,../../GraPPI_data/PDB/new_dimer_db/3N7S.pdb,new_dimer_db,3N7S,3,True
3N84,A,E,../../GraPPI_data/PDB/new_dimer_db/3N84.pdb,new_dimer_db,3N84,1,True
3N9Y,A,C,../../GraPPI_data/PDB/new_dimer_db/3N9Y.pdb,new_dimer_db,3N9Y,1,True
3NA1,A,C,../../GraPPI_data/PDB/new_dimer_db/3NA1.pdb,new_dimer_db,3NA1,3,True
3NBH,A,B,../../GraPPI_data/PDB/new_dimer_db/3NBH.pdb,new_dimer_db,3NBH,2,True
3NDB,A,B,../../GraPPI_data/PDB/new_dimer_db/3NDB.pdb,new_dimer_db,3NDB,1,True
3NFK,A,C,../../GraPPI_data/PDB/new_dimer_db/3NFK.pdb,new_dimer_db,3NFK,1,True
3NMX,A,D,../../GraPPI_data/PDB/new_dimer_db/3NMX.pdb,new_dimer_db,3NMX,1,True
3NMZ,A,C,../../GraPPI_data/PDB/new_dimer_db/3NMZ.pdb,new_dimer_db,3NMZ,1,True
3NQZ,A,B,../../GraPPI_data/PDB/new_dimer_db/3NQZ.pdb,new_dimer_db,3NQZ,2,True
3NS7,A,B,../../GraPPI_data/PDB/new_dimer_db/3NS7.pdb,new_dimer_db,3NS7,14,True
3NTW,A,B,../../GraPPI_data/PDB/new_dimer_db/3NTW.pdb,new_dimer_db,3NTW,1,True
3NVM,A,B,../../GraPPI_data/PDB/new_dimer_db/3NVM.pdb,new_dimer_db,3NVM,1,True
3NVN,A,B,../../GraPPI_data/PDB/new_dimer_db/3NVN.pdb,new_dimer_db,3NVN,1,True
3NXA,C,D,../../GraPPI_data/PDB/new_dimer_db/3NXA.pdb,new_dimer_db,3NXA,1,True
3NY7,A,B,../../GraPPI_data/PDB/new_dimer_db/3NY7.pdb,new_dimer_db,3NY7,1,True
3NYB,A,B,../../GraPPI_data/PDB/new_dimer_db/3NYB.pdb,new_dimer_db,3NYB,1,True
3O0G,A,D,../../GraPPI_data/PDB/new_dimer_db/3O0G.pdb,new_dimer_db,3O0G,9,True
3O2B,A,B,../../GraPPI_data/PDB/new_dimer_db/3O2B.pdb,new_dimer_db,3O2B,2,True
3O2H,A,B,../../GraPPI_data/PDB/new_dimer_db/3O2H.pdb,new_dimer_db,3O2H,1,True
3O34,A,B,../../GraPPI_data/PDB/new_dimer_db/3O34.pdb,new_dimer_db,3O34,1,True
3O37,A,E,../../GraPPI_data/PDB/new_dimer_db/3O37.pdb,new_dimer_db,3O37,1,True
3O65,A,B,../../GraPPI_data/PDB/new_dimer_db/3O65.pdb,new_dimer_db,3O65,1,True
3O6B,A,B,../../GraPPI_data/PDB/new_dimer_db/3O6B.pdb,new_dimer_db,3O6B,2,True
3OAG,A,B,../../GraPPI_data/PDB/new_dimer_db/3OAG.pdb,new_dimer_db,3OAG,3,True
3OAK,A,D,../../GraPPI_data/PDB/new_dimer_db/3OAK.pdb,new_dimer_db,3OAK,1,True
3OAZ,H,K,../../GraPPI_data/PDB/new_dimer_db/3OAZ.pdb,new_dimer_db,3OAZ,2,True
3OB0,L,H,../../GraPPI_data/PDB/new_dimer_db/3OB0.pdb,new_dimer_db,3OB0,1,True
3OC3,A,C,../../GraPPI_data/PDB/new_dimer_db/3OC3.pdb,new_dimer_db,3OC3,1,True
3OCB,A,C,../../GraPPI_data/PDB/new_dimer_db/3OCB.pdb,new_dimer_db,3OCB,1,True
3OCD,A,B,../../GraPPI_data/PDB/new_dimer_db/3OCD.pdb,new_dimer_db,3OCD,1,True
3OED,A,C,../../GraPPI_data/PDB/new_dimer_db/3OED.pdb,new_dimer_db,3OED,1,True
3OG6,A,B,../../GraPPI_data/PDB/new_dimer_db/3OG6.pdb,new_dimer_db,3OG6,2,True
3OGM,A,B,../../GraPPI_data/PDB/new_dimer_db/3OGM.pdb,new_dimer_db,3OGM,2,True
3OGO,A,E,../../GraPPI_data/PDB/new_dimer_db/3OGO.pdb,new_dimer_db,3OGO,1,True
3OJ3,I,A,../../GraPPI_data/PDB/new_dimer_db/3OJ3.pdb,new_dimer_db,3OJ3,1,True
3OJA,A,B,../../GraPPI_data/PDB/new_dimer_db/3OJA.pdb,new_dimer_db,3OJA,1,True
3OKH,A,B,../../GraPPI_data/PDB/new_dimer_db/3OKH.pdb,new_dimer_db,3OKH,1,True
3OLM,A,D,../../GraPPI_data/PDB/new_dimer_db/3OLM.pdb,new_dimer_db,3OLM,1,True
3OM3,A,B,../../GraPPI_data/PDB/new_dimer_db/3OM3.pdb,new_dimer_db,3OM3,11,True
3OMO,A,C,../../GraPPI_data/PDB/new_dimer_db/3OMO.pdb,new_dimer_db,3OMO,5,True
3ONA,A,B,../../GraPPI_data/PDB/new_dimer_db/3ONA.pdb,new_dimer_db,3ONA,1,True
3ONG,B,C,../../GraPPI_data/PDB/new_dimer_db/3ONG.pdb,new_dimer_db,3ONG,1,True
3OQ3,A,B,../../GraPPI_data/PDB/new_dimer_db/3OQ3.pdb,new_dimer_db,3OQ3,1,True
3OSS,C,D,../../GraPPI_data/PDB/new_dimer_db/3OSS.pdb,new_dimer_db,3OSS,1,True
3OSZ,A,B,../../GraPPI_data/PDB/new_dimer_db/3OSZ.pdb,new_dimer_db,3OSZ,1,True
3OUN,A,B,../../GraPPI_data/PDB/new_dimer_db/3OUN.pdb,new_dimer_db,3OUN,1,True
3OUR,A,B,../../GraPPI_data/PDB/new_dimer_db/3OUR.pdb,new_dimer_db,3OUR,1,True
3OUW,A,B,../../GraPPI_data/PDB/new_dimer_db/3OUW.pdb,new_dimer_db,3OUW,1,True
3OUX,A,B,../../GraPPI_data/PDB/new_dimer_db/3OUX.pdb,new_dimer_db,3OUX,1,True
3OW4,A,C,../../GraPPI_data/PDB/new_dimer_db/3OW4.pdb,new_dimer_db,3OW4,1,True
3OXT,A,B,../../GraPPI_data/PDB/new_dimer_db/3OXT.pdb,new_dimer_db,3OXT,5,True
3OY6,U,P,../../GraPPI_data/PDB/new_dimer_db/3OY6.pdb,new_dimer_db,3OY6,10,True
3OYP,A,C,../../GraPPI_data/PDB/new_dimer_db/3OYP.pdb,new_dimer_db,3OYP,1,True
3P0G,A,B,../../GraPPI_data/PDB/new_dimer_db/3P0G.pdb,new_dimer_db,3P0G,1,True
3P4K,A,P,../../GraPPI_data/PDB/new_dimer_db/3P4K.pdb,new_dimer_db,3P4K,1,True
3P71,T,C,../../GraPPI_data/PDB/new_dimer_db/3P71.pdb,new_dimer_db,3P71,1,True
3P72,A,B,../../GraPPI_data/PDB/new_dimer_db/3P72.pdb,new_dimer_db,3P72,1,True
3P8N,A,C,../../GraPPI_data/PDB/new_dimer_db/3P8N.pdb,new_dimer_db,3P8N,1,True
3P8O,A,C,../../GraPPI_data/PDB/new_dimer_db/3P8O.pdb,new_dimer_db,3P8O,1,True
3P9W,A,B,../../GraPPI_data/PDB/new_dimer_db/3P9W.pdb,new_dimer_db,3P9W,1,True
3PCR,A,B,../../GraPPI_data/PDB/new_dimer_db/3PCR.pdb,new_dimer_db,3PCR,1,True
3PCS,A,E,../../GraPPI_data/PDB/new_dimer_db/3PCS.pdb,new_dimer_db,3PCS,1,True
3PEV,A,B,../../GraPPI_data/PDB/new_dimer_db/3PEV.pdb,new_dimer_db,3PEV,2,True
3PFV,B,D,../../GraPPI_data/PDB/new_dimer_db/3PFV.pdb,new_dimer_db,3PFV,1,True
3PGE,A,B,../../GraPPI_data/PDB/new_dimer_db/3PGE.pdb,new_dimer_db,3PGE,1,True
3PH0,A,C,../../GraPPI_data/PDB/new_dimer_db/3PH0.pdb,new_dimer_db,3PH0,1,True
3PIN,A,B,../../GraPPI_data/PDB/new_dimer_db/3PIN.pdb,new_dimer_db,3PIN,1,True
3PK1,A,B,../../GraPPI_data/PDB/new_dimer_db/3PK1.pdb,new_dimer_db,3PK1,1,True
3PKN,A,B,../../GraPPI_data/PDB/new_dimer_db/3PKN.pdb,new_dimer_db,3PKN,1,True
3PL7,A,C,../../GraPPI_data/PDB/new_dimer_db/3PL7.pdb,new_dimer_db,3PL7,2,True
3PLV,A,C,../../GraPPI_data/PDB/new_dimer_db/3PLV.pdb,new_dimer_db,3PLV,2,True
3PLZ,A,C,../../GraPPI_data/PDB/new_dimer_db/3PLZ.pdb,new_dimer_db,3PLZ,1,True
3PNL,A,B,../../GraPPI_data/PDB/new_dimer_db/3PNL.pdb,new_dimer_db,3PNL,1,True
3PNR,A,B,../../GraPPI_data/PDB/new_dimer_db/3PNR.pdb,new_dimer_db,3PNR,1,True
3PQR,A,B,../../GraPPI_data/PDB/new_dimer_db/3PQR.pdb,new_dimer_db,3PQR,11,True
3PSE,A,B,../../GraPPI_data/PDB/new_dimer_db/3PSE.pdb,new_dimer_db,3PSE,1,True
3PTG,A,J,../../GraPPI_data/PDB/new_dimer_db/3PTG.pdb,new_dimer_db,3PTG,3,True
3PTH,A,B,../../GraPPI_data/PDB/new_dimer_db/3PTH.pdb,new_dimer_db,3PTH,1,True
3PTL,A,B,../../GraPPI_data/PDB/new_dimer_db/3PTL.pdb,new_dimer_db,3PTL,1,True
3PUJ,B,D,../../GraPPI_data/PDB/new_dimer_db/3PUJ.pdb,new_dimer_db,3PUJ,1,True
3PUK,A,B,../../GraPPI_data/PDB/new_dimer_db/3PUK.pdb,new_dimer_db,3PUK,1,True
3PVB,A,B,../../GraPPI_data/PDB/new_dimer_db/3PVB.pdb,new_dimer_db,3PVB,4,True
3PVL,A,B,../../GraPPI_data/PDB/new_dimer_db/3PVL.pdb,new_dimer_db,3PVL,1,True
3PZD,A,B,../../GraPPI_data/PDB/new_dimer_db/3PZD.pdb,new_dimer_db,3PZD,1,True
3Q10,B,D,../../GraPPI_data/PDB/new_dimer_db/3Q10.pdb,new_dimer_db,3Q10,1,True
3Q6E,A,B,../../GraPPI_data/PDB/new_dimer_db/3Q6E.pdb,new_dimer_db,3Q6E,14,True
3Q87,A,B,../../GraPPI_data/PDB/new_dimer_db/3Q87.pdb,new_dimer_db,3Q87,1,True
3Q95,A,C,../../GraPPI_data/PDB/new_dimer_db/3Q95.pdb,new_dimer_db,3Q95,6,True
3Q9U,A,C,../../GraPPI_data/PDB/new_dimer_db/3Q9U.pdb,new_dimer_db,3Q9U,2,True
3QB4,A,B,../../GraPPI_data/PDB/new_dimer_db/3QB4.pdb,new_dimer_db,3QB4,1,True
3QB7,A,C,../../GraPPI_data/PDB/new_dimer_db/3QB7.pdb,new_dimer_db,3QB7,1,True
3QBR,A,B,../../GraPPI_data/PDB/new_dimer_db/3QBR.pdb,new_dimer_db,3QBR,1,True
3QBT,A,B,../../GraPPI_data/PDB/new_dimer_db/3QBT.pdb,new_dimer_db,3QBT,1,True
3QDR,A,B,../../GraPPI_data/PDB/new_dimer_db/3QDR.pdb,new_dimer_db,3QDR,1,True
3QF7,A,C,../../GraPPI_data/PDB/new_dimer_db/3QF7.pdb,new_dimer_db,3QF7,1,True
3QHE,A,B,../../GraPPI_data/PDB/new_dimer_db/3QHE.pdb,new_dimer_db,3QHE,1,True
3QHT,A,C,../../GraPPI_data/PDB/new_dimer_db/3QHT.pdb,new_dimer_db,3QHT,1,True
3QI2,A,C,../../GraPPI_data/PDB/new_dimer_db/3QI2.pdb,new_dimer_db,3QI2,3,True
3QIS,A,B,../../GraPPI_data/PDB/new_dimer_db/3QIS.pdb,new_dimer_db,3QIS,1,True
3QKK,A,C,../../GraPPI_data/PDB/new_dimer_db/3QKK.pdb,new_dimer_db,3QKK,1,True
3QKL,A,C,../../GraPPI_data/PDB/new_dimer_db/3QKL.pdb,new_dimer_db,3QKL,1,True
3QKU,A,C,../../GraPPI_data/PDB/new_dimer_db/3QKU.pdb,new_dimer_db,3QKU,1,True
3QLA,A,D,../../GraPPI_data/PDB/new_dimer_db/3QLA.pdb,new_dimer_db,3QLA,1,True
3QML,A,C,../../GraPPI_data/PDB/new_dimer_db/3QML.pdb,new_dimer_db,3QML,1,True
3QN7,A,B,../../GraPPI_data/PDB/new_dimer_db/3QN7.pdb,new_dimer_db,3QN7,1,True
3QNJ,B,D,../../GraPPI_data/PDB/new_dimer_db/3QNJ.pdb,new_dimer_db,3QNJ,1,True
3QO2,A,P,../../GraPPI_data/PDB/new_dimer_db/3QO2.pdb,new_dimer_db,3QO2,1,True
3QRX,A,B,../../GraPPI_data/PDB/new_dimer_db/3QRX.pdb,new_dimer_db,3QRX,1,True
3QSK,A,B,../../GraPPI_data/PDB/new_dimer_db/3QSK.pdb,new_dimer_db,3QSK,12,True
3QSY,A,B,../../GraPPI_data/PDB/new_dimer_db/3QSY.pdb,new_dimer_db,3QSY,1,True
3QT0,A,C,../../GraPPI_data/PDB/new_dimer_db/3QT0.pdb,new_dimer_db,3QT0,1,True
3QWQ,A,B,../../GraPPI_data/PDB/new_dimer_db/3QWQ.pdb,new_dimer_db,3QWQ,1,True
3R07,A,C,../../GraPPI_data/PDB/new_dimer_db/3R07.pdb,new_dimer_db,3R07,1,True
3R2D,A,J,../../GraPPI_data/PDB/new_dimer_db/3R2D.pdb,new_dimer_db,3R2D,5,True
3R4D,A,B,../../GraPPI_data/PDB/new_dimer_db/3R4D.pdb,new_dimer_db,3R4D,1,True
3R7G,A,B,../../GraPPI_data/PDB/new_dimer_db/3R7G.pdb,new_dimer_db,3R7G,2,True
3R84,A,B,../../GraPPI_data/PDB/new_dimer_db/3R84.pdb,new_dimer_db,3R84,1,True
3R85,A,E,../../GraPPI_data/PDB/new_dimer_db/3R85.pdb,new_dimer_db,3R85,1,True
3R93,A,E,../../GraPPI_data/PDB/new_dimer_db/3R93.pdb,new_dimer_db,3R93,1,True
3RA3,A,B,../../GraPPI_data/PDB/new_dimer_db/3RA3.pdb,new_dimer_db,3RA3,1,True
3REA,A,B,../../GraPPI_data/PDB/new_dimer_db/3REA.pdb,new_dimer_db,3REA,7,True
3REP,A,B,../../GraPPI_data/PDB/new_dimer_db/3REP.pdb,new_dimer_db,3REP,10,True
3REQ,A,B,../../GraPPI_data/PDB/new_dimer_db/3REQ.pdb,new_dimer_db,3REQ,10,True
3RF3,A,C,../../GraPPI_data/PDB/new_dimer_db/3RF3.pdb,new_dimer_db,3RF3,1,True
3RL7,B,A,../../GraPPI_data/PDB/new_dimer_db/3RL7.pdb,new_dimer_db,3RL7,1,True
3RO2,A,B,../../GraPPI_data/PDB/new_dimer_db/3RO2.pdb,new_dimer_db,3RO2,1,True
3RO3,A,B,../../GraPPI_data/PDB/new_dimer_db/3RO3.pdb,new_dimer_db,3RO3,1,True
3RPF,A,D,../../GraPPI_data/PDB/new_dimer_db/3RPF.pdb,new_dimer_db,3RPF,1,True
3RTR,H,G,../../GraPPI_data/PDB/new_dimer_db/3RTR.pdb,new_dimer_db,3RTR,1,True
3RUI,A,B,../../GraPPI_data/PDB/new_dimer_db/3RUI.pdb,new_dimer_db,3RUI,1,True
3RV0,A,B,../../GraPPI_data/PDB/new_dimer_db/3RV0.pdb,new_dimer_db,3RV0,1,True
3RZ9,A,B,../../GraPPI_data/PDB/new_dimer_db/3RZ9.pdb,new_dimer_db,3RZ9,1,True
3RZW,A,D,../../GraPPI_data/PDB/new_dimer_db/3RZW.pdb,new_dimer_db,3RZW,1,True
3RZX,A,B,../../GraPPI_data/PDB/new_dimer_db/3RZX.pdb,new_dimer_db,3RZX,1,True
3S04,A,B,../../GraPPI_data/PDB/new_dimer_db/3S04.pdb,new_dimer_db,3S04,1,True
3S48,A,D,../../GraPPI_data/PDB/new_dimer_db/3S48.pdb,new_dimer_db,3S48,1,True
3S4W,A,B,../../GraPPI_data/PDB/new_dimer_db/3S4W.pdb,new_dimer_db,3S4W,1,True
3S8V,X,A,../../GraPPI_data/PDB/new_dimer_db/3S8V.pdb,new_dimer_db,3S8V,1,True
3S90,A,C,../../GraPPI_data/PDB/new_dimer_db/3S90.pdb,new_dimer_db,3S90,1,True
3S9D,A,B,../../GraPPI_data/PDB/new_dimer_db/3S9D.pdb,new_dimer_db,3S9D,1,True
3SBT,A,B,../../GraPPI_data/PDB/new_dimer_db/3SBT.pdb,new_dimer_db,3SBT,1,True
3SF4,A,D,../../GraPPI_data/PDB/new_dimer_db/3SF4.pdb,new_dimer_db,3SF4,1,True
3SGQ,E,I,../../GraPPI_data/PDB/new_dimer_db/3SGQ.pdb,new_dimer_db,3SGQ,25,True
3SI5,X,A,../../GraPPI_data/PDB/new_dimer_db/3SI5.pdb,new_dimer_db,3SI5,1,True
3SIU,A,B,../../GraPPI_data/PDB/new_dimer_db/3SIU.pdb,new_dimer_db,3SIU,3,True
3SL9,A,C,../../GraPPI_data/PDB/new_dimer_db/3SL9.pdb,new_dimer_db,3SL9,1,True
3SO6,A,Q,../../GraPPI_data/PDB/new_dimer_db/3SO6.pdb,new_dimer_db,3SO6,1,True
3SP6,A,B,../../GraPPI_data/PDB/new_dimer_db/3SP6.pdb,new_dimer_db,3SP6,1,True
3SQV,A,C,../../GraPPI_data/PDB/new_dimer_db/3SQV.pdb,new_dimer_db,3SQV,1,True
3SRI,A,B,../../GraPPI_data/PDB/new_dimer_db/3SRI.pdb,new_dimer_db,3SRI,1,True
3SRN,A,B,../../GraPPI_data/PDB/new_dimer_db/3SRN.pdb,new_dimer_db,3SRN,1,True
3SU8,A,X,../../GraPPI_data/PDB/new_dimer_db/3SU8.pdb,new_dimer_db,3SU8,2,True
3SUI,A,B,../../GraPPI_data/PDB/new_dimer_db/3SUI.pdb,new_dimer_db,3SUI,1,True
3SV1,D,A,../../GraPPI_data/PDB/new_dimer_db/3SV1.pdb,new_dimer_db,3SV1,1,True
3SVM,A,P,../../GraPPI_data/PDB/new_dimer_db/3SVM.pdb,new_dimer_db,3SVM,1,True
3SY2,D,A,../../GraPPI_data/PDB/new_dimer_db/3SY2.pdb,new_dimer_db,3SY2,1,True
3SYN,A,E,../../GraPPI_data/PDB/new_dimer_db/3SYN.pdb,new_dimer_db,3SYN,1,True
3T04,A,D,../../GraPPI_data/PDB/new_dimer_db/3T04.pdb,new_dimer_db,3T04,1,True
3T5G,A,B,../../GraPPI_data/PDB/new_dimer_db/3T5G.pdb,new_dimer_db,3T5G,1,True
3T5X,A,B,../../GraPPI_data/PDB/new_dimer_db/3T5X.pdb,new_dimer_db,3T5X,1,True
3T6G,B,A,../../GraPPI_data/PDB/new_dimer_db/3T6G.pdb,new_dimer_db,3T6G,1,True
3T7G,A,C,../../GraPPI_data/PDB/new_dimer_db/3T7G.pdb,new_dimer_db,3T7G,1,True
3TAC,A,B,../../GraPPI_data/PDB/new_dimer_db/3TAC.pdb,new_dimer_db,3TAC,1,True
3TAD,A,C,../../GraPPI_data/PDB/new_dimer_db/3TAD.pdb,new_dimer_db,3TAD,1,True
3TBI,A,B,../../GraPPI_data/PDB/new_dimer_db/3TBI.pdb,new_dimer_db,3TBI,1,True
3TEC,E,I,../../GraPPI_data/PDB/new_dimer_db/3TEC.pdb,new_dimer_db,3TEC,29,True
3TG1,A,B,../../GraPPI_data/PDB/new_dimer_db/3TG1.pdb,new_dimer_db,3TG1,1,True
3TGO,A,C,../../GraPPI_data/PDB/new_dimer_db/3TGO.pdb,new_dimer_db,3TGO,1,True
3THO,A,B,../../GraPPI_data/PDB/new_dimer_db/3THO.pdb,new_dimer_db,3THO,1,True
3THY,A,B,../../GraPPI_data/PDB/new_dimer_db/3THY.pdb,new_dimer_db,3THY,24,True
3TIW,A,C,../../GraPPI_data/PDB/new_dimer_db/3TIW.pdb,new_dimer_db,3TIW,1,True
3TIX,B,A,../../GraPPI_data/PDB/new_dimer_db/3TIX.pdb,new_dimer_db,3TIX,1,True
3TJ3,A,C,../../GraPPI_data/PDB/new_dimer_db/3TJ3.pdb,new_dimer_db,3TJ3,2,True
3TJ5,A,B,../../GraPPI_data/PDB/new_dimer_db/3TJ5.pdb,new_dimer_db,3TJ5,1,True
3TJ6,A,B,../../GraPPI_data/PDB/new_dimer_db/3TJ6.pdb,new_dimer_db,3TJ6,1,True
3TKL,A,B,../../GraPPI_data/PDB/new_dimer_db/3TKL.pdb,new_dimer_db,3TKL,1,True
3TL8,B,A,../../GraPPI_data/PDB/new_dimer_db/3TL8.pdb,new_dimer_db,3TL8,1,True
3TMP,B,A,../../GraPPI_data/PDB/new_dimer_db/3TMP.pdb,new_dimer_db,3TMP,1,True
3TNF,A,B,../../GraPPI_data/PDB/new_dimer_db/3TNF.pdb,new_dimer_db,3TNF,2,True
3TPM,A,B,../../GraPPI_data/PDB/new_dimer_db/3TPM.pdb,new_dimer_db,3TPM,1,True
3TRS,B,A,../../GraPPI_data/PDB/new_dimer_db/3TRS.pdb,new_dimer_db,3TRS,2,True
3TSZ,A,B,../../GraPPI_data/PDB/new_dimer_db/3TSZ.pdb,new_dimer_db,3TSZ,1,True
3TU3,A,B,../../GraPPI_data/PDB/new_dimer_db/3TU3.pdb,new_dimer_db,3TU3,1,True
3TVT,A,B,../../GraPPI_data/PDB/new_dimer_db/3TVT.pdb,new_dimer_db,3TVT,1,True
3TWR,A,E,../../GraPPI_data/PDB/new_dimer_db/3TWR.pdb,new_dimer_db,3TWR,1,True
3TWS,A,E,../../GraPPI_data/PDB/new_dimer_db/3TWS.pdb,new_dimer_db,3TWS,1,True
3TWT,A,E,../../GraPPI_data/PDB/new_dimer_db/3TWT.pdb,new_dimer_db,3TWT,1,True
3TWU,A,B,../../GraPPI_data/PDB/new_dimer_db/3TWU.pdb,new_dimer_db,3TWU,1,True
3TWV,A,E,../../GraPPI_data/PDB/new_dimer_db/3TWV.pdb,new_dimer_db,3TWV,1,True
3TWX,A,C,../../GraPPI_data/PDB/new_dimer_db/3TWX.pdb,new_dimer_db,3TWX,1,True
3TX7,A,B,../../GraPPI_data/PDB/new_dimer_db/3TX7.pdb,new_dimer_db,3TX7,1,True
3TZ1,A,B,../../GraPPI_data/PDB/new_dimer_db/3TZ1.pdb,new_dimer_db,3TZ1,1,True
3TZD,A,T,../../GraPPI_data/PDB/new_dimer_db/3TZD.pdb,new_dimer_db,3TZD,1,True
3TZZ,B,C,../../GraPPI_data/PDB/new_dimer_db/3TZZ.pdb,new_dimer_db,3TZZ,4,True
3U0K,B,A,../../GraPPI_data/PDB/new_dimer_db/3U0K.pdb,new_dimer_db,3U0K,1,True
3U0P,A,B,../../GraPPI_data/PDB/new_dimer_db/3U0P.pdb,new_dimer_db,3U0P,91,True
3U23,A,B,../../GraPPI_data/PDB/new_dimer_db/3U23.pdb,new_dimer_db,3U23,1,True
3U3F,D,H,../../GraPPI_data/PDB/new_dimer_db/3U3F.pdb,new_dimer_db,3U3F,1,True
3U5N,B,D,../../GraPPI_data/PDB/new_dimer_db/3U5N.pdb,new_dimer_db,3U5N,1,True
3U5O,A,I,../../GraPPI_data/PDB/new_dimer_db/3U5O.pdb,new_dimer_db,3U5O,1,True
3U5P,A,I,../../GraPPI_data/PDB/new_dimer_db/3U5P.pdb,new_dimer_db,3U5P,1,True
3U73,U,A,../../GraPPI_data/PDB/new_dimer_db/3U73.pdb,new_dimer_db,3U73,3,True
3U86,A,B,../../GraPPI_data/PDB/new_dimer_db/3U86.pdb,new_dimer_db,3U86,1,True
3U9Z,A,C,../../GraPPI_data/PDB/new_dimer_db/3U9Z.pdb,new_dimer_db,3U9Z,4,True
3UA7,A,C,../../GraPPI_data/PDB/new_dimer_db/3UA7.pdb,new_dimer_db,3UA7,1,True
3UAT,A,B,../../GraPPI_data/PDB/new_dimer_db/3UAT.pdb,new_dimer_db,3UAT,1,True
3UBU,A,B,../../GraPPI_data/PDB/new_dimer_db/3UBU.pdb,new_dimer_db,3UBU,14,True
3UI2,A,B,../../GraPPI_data/PDB/new_dimer_db/3UI2.pdb,new_dimer_db,3UI2,1,True
3UI3,A,B,../../GraPPI_data/PDB/new_dimer_db/3UI3.pdb,new_dimer_db,3UI3,1,True
3UJG,A,B,../../GraPPI_data/PDB/new_dimer_db/3UJG.pdb,new_dimer_db,3UJG,1,True
3UKV,C,D,../../GraPPI_data/PDB/new_dimer_db/3UKV.pdb,new_dimer_db,3UKV,1,True
3UKW,B,C,../../GraPPI_data/PDB/new_dimer_db/3UKW.pdb,new_dimer_db,3UKW,1,True
3UKX,B,C,../../GraPPI_data/PDB/new_dimer_db/3UKX.pdb,new_dimer_db,3UKX,1,True
3UKY,B,C,../../GraPPI_data/PDB/new_dimer_db/3UKY.pdb,new_dimer_db,3UKY,1,True
3UL0,B,C,../../GraPPI_data/PDB/new_dimer_db/3UL0.pdb,new_dimer_db,3UL0,2,True
3UL1,B,A,../../GraPPI_data/PDB/new_dimer_db/3UL1.pdb,new_dimer_db,3UL1,1,True
3ULQ,A,B,../../GraPPI_data/PDB/new_dimer_db/3ULQ.pdb,new_dimer_db,3ULQ,1,True
3UM0,A,B,../../GraPPI_data/PDB/new_dimer_db/3UM0.pdb,new_dimer_db,3UM0,2,True
3UOT,A,B,../../GraPPI_data/PDB/new_dimer_db/3UOT.pdb,new_dimer_db,3UOT,1,True
3UP0,A,P,../../GraPPI_data/PDB/new_dimer_db/3UP0.pdb,new_dimer_db,3UP0,2,True
3UVK,A,B,../../GraPPI_data/PDB/new_dimer_db/3UVK.pdb,new_dimer_db,3UVK,1,True
3UVM,A,B,../../GraPPI_data/PDB/new_dimer_db/3UVM.pdb,new_dimer_db,3UVM,1,True
3UVU,B,A,../../GraPPI_data/PDB/new_dimer_db/3UVU.pdb,new_dimer_db,3UVU,1,True
3UVV,A,B,../../GraPPI_data/PDB/new_dimer_db/3UVV.pdb,new_dimer_db,3UVV,23,True
3UVW,A,B,../../GraPPI_data/PDB/new_dimer_db/3UVW.pdb,new_dimer_db,3UVW,1,True
3UX9,B,A,../../GraPPI_data/PDB/new_dimer_db/3UX9.pdb,new_dimer_db,3UX9,1,True
3UXG,A,B,../../GraPPI_data/PDB/new_dimer_db/3UXG.pdb,new_dimer_db,3UXG,1,True
3UYO,A,D,../../GraPPI_data/PDB/new_dimer_db/3UYO.pdb,new_dimer_db,3UYO,1,True
3UZ0,B,A,../../GraPPI_data/PDB/new_dimer_db/3UZ0.pdb,new_dimer_db,3UZ0,1,True
3V2O,A,B,../../GraPPI_data/PDB/new_dimer_db/3V2O.pdb,new_dimer_db,3V2O,1,True
3V2X,A,B,../../GraPPI_data/PDB/new_dimer_db/3V2X.pdb,new_dimer_db,3V2X,1,True
3V30,A,B,../../GraPPI_data/PDB/new_dimer_db/3V30.pdb,new_dimer_db,3V30,1,True
3V31,A,B,../../GraPPI_data/PDB/new_dimer_db/3V31.pdb,new_dimer_db,3V31,1,True
3V3K,A,B,../../GraPPI_data/PDB/new_dimer_db/3V3K.pdb,new_dimer_db,3V3K,1,True
3V4Y,B,A,../../GraPPI_data/PDB/new_dimer_db/3V4Y.pdb,new_dimer_db,3V4Y,1,True
3V61,A,B,../../GraPPI_data/PDB/new_dimer_db/3V61.pdb,new_dimer_db,3V61,1,True
3V6I,B,A,../../GraPPI_data/PDB/new_dimer_db/3V6I.pdb,new_dimer_db,3V6I,1,True
3V7D,A,B,../../GraPPI_data/PDB/new_dimer_db/3V7D.pdb,new_dimer_db,3V7D,3,True
3V7O,A,B,../../GraPPI_data/PDB/new_dimer_db/3V7O.pdb,new_dimer_db,3V7O,1,True
3V89,A,B,../../GraPPI_data/PDB/new_dimer_db/3V89.pdb,new_dimer_db,3V89,1,True
3V8X,A,B,../../GraPPI_data/PDB/new_dimer_db/3V8X.pdb,new_dimer_db,3V8X,1,True
3V96,A,B,../../GraPPI_data/PDB/new_dimer_db/3V96.pdb,new_dimer_db,3V96,10,True
3V9T,A,C,../../GraPPI_data/PDB/new_dimer_db/3V9T.pdb,new_dimer_db,3V9T,1,True
3V9V,A,C,../../GraPPI_data/PDB/new_dimer_db/3V9V.pdb,new_dimer_db,3V9V,1,True
3VCM,A,P,../../GraPPI_data/PDB/new_dimer_db/3VCM.pdb,new_dimer_db,3VCM,1,True
3VE1,B,A,../../GraPPI_data/PDB/new_dimer_db/3VE1.pdb,new_dimer_db,3VE1,1,True
3VE6,A,B,../../GraPPI_data/PDB/new_dimer_db/3VE6.pdb,new_dimer_db,3VE6,1,True
3VEP,X,D,../../GraPPI_data/PDB/new_dimer_db/3VEP.pdb,new_dimer_db,3VEP,1,True
3VF0,A,B,../../GraPPI_data/PDB/new_dimer_db/3VF0.pdb,new_dimer_db,3VF0,2,True
3VIQ,B,A,../../GraPPI_data/PDB/new_dimer_db/3VIQ.pdb,new_dimer_db,3VIQ,1,True
3VLB,B,A,../../GraPPI_data/PDB/new_dimer_db/3VLB.pdb,new_dimer_db,3VLB,1,True
3VMF,A,B,../../GraPPI_data/PDB/new_dimer_db/3VMF.pdb,new_dimer_db,3VMF,1,True
3VTI,A,C,../../GraPPI_data/PDB/new_dimer_db/3VTI.pdb,new_dimer_db,3VTI,1,True
3VUL,A,F,../../GraPPI_data/PDB/new_dimer_db/3VUL.pdb,new_dimer_db,3VUL,12,True
3VUM,A,F,../../GraPPI_data/PDB/new_dimer_db/3VUM.pdb,new_dimer_db,3VUM,1,True
3VUY,D,A,../../GraPPI_data/PDB/new_dimer_db/3VUY.pdb,new_dimer_db,3VUY,3,True
3VV2,A,B,../../GraPPI_data/PDB/new_dimer_db/3VV2.pdb,new_dimer_db,3VV2,14,True
3VVR,A,B,../../GraPPI_data/PDB/new_dimer_db/3VVR.pdb,new_dimer_db,3VVR,1,True
3VVW,A,B,../../GraPPI_data/PDB/new_dimer_db/3VVW.pdb,new_dimer_db,3VVW,1,True
3VX7,A,B,../../GraPPI_data/PDB/new_dimer_db/3VX7.pdb,new_dimer_db,3VX7,1,True
3VX8,B,A,../../GraPPI_data/PDB/new_dimer_db/3VX8.pdb,new_dimer_db,3VX8,1,True
3VYR,A,B,../../GraPPI_data/PDB/new_dimer_db/3VYR.pdb,new_dimer_db,3VYR,1,True
3VZ9,B,D,../../GraPPI_data/PDB/new_dimer_db/3VZ9.pdb,new_dimer_db,3VZ9,1,True
3W1G,A,B,../../GraPPI_data/PDB/new_dimer_db/3W1G.pdb,new_dimer_db,3W1G,2,True
3W3W,A,B,../../GraPPI_data/PDB/new_dimer_db/3W3W.pdb,new_dimer_db,3W3W,1,True
3W3X,A,B,../../GraPPI_data/PDB/new_dimer_db/3W3X.pdb,new_dimer_db,3W3X,1,True
3W3Z,A,B,../../GraPPI_data/PDB/new_dimer_db/3W3Z.pdb,new_dimer_db,3W3Z,1,True
3W5K,A,B,../../GraPPI_data/PDB/new_dimer_db/3W5K.pdb,new_dimer_db,3W5K,1,True
3W5U,B,A,../../GraPPI_data/PDB/new_dimer_db/3W5U.pdb,new_dimer_db,3W5U,1,True
3WA0,A,G,../../GraPPI_data/PDB/new_dimer_db/3WA0.pdb,new_dimer_db,3WA0,1,True
3WBK,A,C,../../GraPPI_data/PDB/new_dimer_db/3WBK.pdb,new_dimer_db,3WBK,1,True
3WBN,A,B,../../GraPPI_data/PDB/new_dimer_db/3WBN.pdb,new_dimer_db,3WBN,1,True
3WCY,A,I,../../GraPPI_data/PDB/new_dimer_db/3WCY.pdb,new_dimer_db,3WCY,1,True
3WDZ,A,B,../../GraPPI_data/PDB/new_dimer_db/3WDZ.pdb,new_dimer_db,3WDZ,1,True
3WEE,A,B,../../GraPPI_data/PDB/new_dimer_db/3WEE.pdb,new_dimer_db,3WEE,1,True
3WHT,A,B,../../GraPPI_data/PDB/new_dimer_db/3WHT.pdb,new_dimer_db,3WHT,9,True
3WIM,A,B,../../GraPPI_data/PDB/new_dimer_db/3WIM.pdb,new_dimer_db,3WIM,1,True
3WMG,A,B,../../GraPPI_data/PDB/new_dimer_db/3WMG.pdb,new_dimer_db,3WMG,1,True
3WN7,B,A,../../GraPPI_data/PDB/new_dimer_db/3WN7.pdb,new_dimer_db,3WN7,1,True
3WOF,A,B,../../GraPPI_data/PDB/new_dimer_db/3WOF.pdb,new_dimer_db,3WOF,2,True
3WP0,A,B,../../GraPPI_data/PDB/new_dimer_db/3WP0.pdb,new_dimer_db,3WP0,1,True
3WP1,B,A,../../GraPPI_data/PDB/new_dimer_db/3WP1.pdb,new_dimer_db,3WP1,1,True
3WQB,A,B,../../GraPPI_data/PDB/new_dimer_db/3WQB.pdb,new_dimer_db,3WQB,1,True
3WRY,A,C,../../GraPPI_data/PDB/new_dimer_db/3WRY.pdb,new_dimer_db,3WRY,2,True
3WSR,B,D,../../GraPPI_data/PDB/new_dimer_db/3WSR.pdb,new_dimer_db,3WSR,1,True
3WSY,A,C,../../GraPPI_data/PDB/new_dimer_db/3WSY.pdb,new_dimer_db,3WSY,1,True
3WT6,A,C,../../GraPPI_data/PDB/new_dimer_db/3WT6.pdb,new_dimer_db,3WT6,87,True
3WXA,A,C,../../GraPPI_data/PDB/new_dimer_db/3WXA.pdb,new_dimer_db,3WXA,1,True
3WXF,B,A,../../GraPPI_data/PDB/new_dimer_db/3WXF.pdb,new_dimer_db,3WXF,2,True
3WXX,B,A,../../GraPPI_data/PDB/new_dimer_db/3WXX.pdb,new_dimer_db,3WXX,1,True
3WY9,A,C,../../GraPPI_data/PDB/new_dimer_db/3WY9.pdb,new_dimer_db,3WY9,1,True
3X23,A,B,../../GraPPI_data/PDB/new_dimer_db/3X23.pdb,new_dimer_db,3X23,1,True
3X37,A,B,../../GraPPI_data/PDB/new_dimer_db/3X37.pdb,new_dimer_db,3X37,1,True
3YGS,C,P,../../GraPPI_data/PDB/new_dimer_db/3YGS.pdb,new_dimer_db,3YGS,1,True
3ZDF,B,C,../../GraPPI_data/PDB/new_dimer_db/3ZDF.pdb,new_dimer_db,3ZDF,1,True
3ZDL,A,B,../../GraPPI_data/PDB/new_dimer_db/3ZDL.pdb,new_dimer_db,3ZDL,1,True
3ZED,A,D,../../GraPPI_data/PDB/new_dimer_db/3ZED.pdb,new_dimer_db,3ZED,1,True
3ZFW,X,A,../../GraPPI_data/PDB/new_dimer_db/3ZFW.pdb,new_dimer_db,3ZFW,1,True
3ZG6,A,F,../../GraPPI_data/PDB/new_dimer_db/3ZG6.pdb,new_dimer_db,3ZG6,1,True
3ZGA,A,B,../../GraPPI_data/PDB/new_dimer_db/3ZGA.pdb,new_dimer_db,3ZGA,4,True
3ZHE,A,B,../../GraPPI_data/PDB/new_dimer_db/3ZHE.pdb,new_dimer_db,3ZHE,1,True
3ZIL,A,B,../../GraPPI_data/PDB/new_dimer_db/3ZIL.pdb,new_dimer_db,3ZIL,1,True
3ZL7,A,C,../../GraPPI_data/PDB/new_dimer_db/3ZL7.pdb,new_dimer_db,3ZL7,1,True
3ZLD,A,B,../../GraPPI_data/PDB/new_dimer_db/3ZLD.pdb,new_dimer_db,3ZLD,1,True
3ZRJ,X,A,../../GraPPI_data/PDB/new_dimer_db/3ZRJ.pdb,new_dimer_db,3ZRJ,1,True
3ZRT,B,D,../../GraPPI_data/PDB/new_dimer_db/3ZRT.pdb,new_dimer_db,3ZRT,1,True
3ZRZ,A,C,../../GraPPI_data/PDB/new_dimer_db/3ZRZ.pdb,new_dimer_db,3ZRZ,1,True
3ZU7,A,B,../../GraPPI_data/PDB/new_dimer_db/3ZU7.pdb,new_dimer_db,3ZU7,1,True
3ZUV,B,A,../../GraPPI_data/PDB/new_dimer_db/3ZUV.pdb,new_dimer_db,3ZUV,1,True
3ZVQ,A,B,../../GraPPI_data/PDB/new_dimer_db/3ZVQ.pdb,new_dimer_db,3ZVQ,1,True
3ZWL,B,E,../../GraPPI_data/PDB/new_dimer_db/3ZWL.pdb,new_dimer_db,3ZWL,1,True
3ZYJ,B,A,../../GraPPI_data/PDB/new_dimer_db/3ZYJ.pdb,new_dimer_db,3ZYJ,2,True
4A1G,A,E,../../GraPPI_data/PDB/new_dimer_db/4A1G.pdb,new_dimer_db,4A1G,1,True
4A1S,B,E,../../GraPPI_data/PDB/new_dimer_db/4A1S.pdb,new_dimer_db,4A1S,1,True
4A1U,A,B,../../GraPPI_data/PDB/new_dimer_db/4A1U.pdb,new_dimer_db,4A1U,1,True
4A1X,A,C,../../GraPPI_data/PDB/new_dimer_db/4A1X.pdb,new_dimer_db,4A1X,3,True
4A2A,A,C,../../GraPPI_data/PDB/new_dimer_db/4A2A.pdb,new_dimer_db,4A2A,1,True
4A49,A,B,../../GraPPI_data/PDB/new_dimer_db/4A49.pdb,new_dimer_db,4A49,1,True
4A5U,A,B,../../GraPPI_data/PDB/new_dimer_db/4A5U.pdb,new_dimer_db,4A5U,1,True
4A5W,A,B,../../GraPPI_data/PDB/new_dimer_db/4A5W.pdb,new_dimer_db,4A5W,1,True
4A5X,A,C,../../GraPPI_data/PDB/new_dimer_db/4A5X.pdb,new_dimer_db,4A5X,2,True
4A62,A,C,../../GraPPI_data/PDB/new_dimer_db/4A62.pdb,new_dimer_db,4A62,1,True
4A63,B,A,../../GraPPI_data/PDB/new_dimer_db/4A63.pdb,new_dimer_db,4A63,2,True
4A69,A,C,../../GraPPI_data/PDB/new_dimer_db/4A69.pdb,new_dimer_db,4A69,1,True
4A9A,A,C,../../GraPPI_data/PDB/new_dimer_db/4A9A.pdb,new_dimer_db,4A9A,1,True
4ABI,A,B,../../GraPPI_data/PDB/new_dimer_db/4ABI.pdb,new_dimer_db,4ABI,1,True
4AG2,A,C,../../GraPPI_data/PDB/new_dimer_db/4AG2.pdb,new_dimer_db,4AG2,6,True
4AG5,D,A,../../GraPPI_data/PDB/new_dimer_db/4AG5.pdb,new_dimer_db,4AG5,1,True
4AG6,D,A,../../GraPPI_data/PDB/new_dimer_db/4AG6.pdb,new_dimer_db,4AG6,1,True
4ANJ,A,B,../../GraPPI_data/PDB/new_dimer_db/4ANJ.pdb,new_dimer_db,4ANJ,1,True
4AOR,D,A,../../GraPPI_data/PDB/new_dimer_db/4AOR.pdb,new_dimer_db,4AOR,2,True
4AP2,A,B,../../GraPPI_data/PDB/new_dimer_db/4AP2.pdb,new_dimer_db,4AP2,1,True
4APJ,A,P,../../GraPPI_data/PDB/new_dimer_db/4APJ.pdb,new_dimer_db,4APJ,1,True
4APO,A,B,../../GraPPI_data/PDB/new_dimer_db/4APO.pdb,new_dimer_db,4APO,1,True
4AQ1,B,A,../../GraPPI_data/PDB/new_dimer_db/4AQ1.pdb,new_dimer_db,4AQ1,1,True
4ARZ,A,B,../../GraPPI_data/PDB/new_dimer_db/4ARZ.pdb,new_dimer_db,4ARZ,1,True
4ATB,B,A,../../GraPPI_data/PDB/new_dimer_db/4ATB.pdb,new_dimer_db,4ATB,4,True
4AU7,A,B,../../GraPPI_data/PDB/new_dimer_db/4AU7.pdb,new_dimer_db,4AU7,1,True
4AWX,A,B,../../GraPPI_data/PDB/new_dimer_db/4AWX.pdb,new_dimer_db,4AWX,1,True
4AY5,A,I,../../GraPPI_data/PDB/new_dimer_db/4AY5.pdb,new_dimer_db,4AY5,1,True
4AY6,A,E,../../GraPPI_data/PDB/new_dimer_db/4AY6.pdb,new_dimer_db,4AY6,1,True
4AYM,B,C,../../GraPPI_data/PDB/new_dimer_db/4AYM.pdb,new_dimer_db,4AYM,6,True
4AZ3,A,B,../../GraPPI_data/PDB/new_dimer_db/4AZ3.pdb,new_dimer_db,4AZ3,2,True
4AZA,B,A,../../GraPPI_data/PDB/new_dimer_db/4AZA.pdb,new_dimer_db,4AZA,4,True
4B18,A,B,../../GraPPI_data/PDB/new_dimer_db/4B18.pdb,new_dimer_db,4B18,1,True
4B1X,B,M,../../GraPPI_data/PDB/new_dimer_db/4B1X.pdb,new_dimer_db,4B1X,5,True
4B45,A,B,../../GraPPI_data/PDB/new_dimer_db/4B45.pdb,new_dimer_db,4B45,1,True
4B4N,A,B,../../GraPPI_data/PDB/new_dimer_db/4B4N.pdb,new_dimer_db,4B4N,1,True
4B4S,A,B,../../GraPPI_data/PDB/new_dimer_db/4B4S.pdb,new_dimer_db,4B4S,1,True
4B60,A,C,../../GraPPI_data/PDB/new_dimer_db/4B60.pdb,new_dimer_db,4B60,1,True
4B6H,A,C,../../GraPPI_data/PDB/new_dimer_db/4B6H.pdb,new_dimer_db,4B6H,1,True
4B8L,A,D,../../GraPPI_data/PDB/new_dimer_db/4B8L.pdb,new_dimer_db,4B8L,5,True
4B93,A,B,../../GraPPI_data/PDB/new_dimer_db/4B93.pdb,new_dimer_db,4B93,1,True
4BD9,A,B,../../GraPPI_data/PDB/new_dimer_db/4BD9.pdb,new_dimer_db,4BD9,1,True
4BFB,D,A,../../GraPPI_data/PDB/new_dimer_db/4BFB.pdb,new_dimer_db,4BFB,9,True
4BFI,A,B,../../GraPPI_data/PDB/new_dimer_db/4BFI.pdb,new_dimer_db,4BFI,1,True
4BH6,L,D,../../GraPPI_data/PDB/new_dimer_db/4BH6.pdb,new_dimer_db,4BH6,1,True
4BI8,A,B,../../GraPPI_data/PDB/new_dimer_db/4BI8.pdb,new_dimer_db,4BI8,1,True
4BJJ,A,B,../../GraPPI_data/PDB/new_dimer_db/4BJJ.pdb,new_dimer_db,4BJJ,1,True
4BOZ,B,A,../../GraPPI_data/PDB/new_dimer_db/4BOZ.pdb,new_dimer_db,4BOZ,3,True
4BPL,A,B,../../GraPPI_data/PDB/new_dimer_db/4BPL.pdb,new_dimer_db,4BPL,1,True
4BQD,A,C,../../GraPPI_data/PDB/new_dimer_db/4BQD.pdb,new_dimer_db,4BQD,1,True
4BQK,D,A,../../GraPPI_data/PDB/new_dimer_db/4BQK.pdb,new_dimer_db,4BQK,1,True
4BRU,A,B,../../GraPPI_data/PDB/new_dimer_db/4BRU.pdb,new_dimer_db,4BRU,1,True
4BRW,A,B,../../GraPPI_data/PDB/new_dimer_db/4BRW.pdb,new_dimer_db,4BRW,1,True
4BRY,A,B,../../GraPPI_data/PDB/new_dimer_db/4BRY.pdb,new_dimer_db,4BRY,1,True
4BU1,D,B,../../GraPPI_data/PDB/new_dimer_db/4BU1.pdb,new_dimer_db,4BU1,1,True
4BUO,A,B,../../GraPPI_data/PDB/new_dimer_db/4BUO.pdb,new_dimer_db,4BUO,1,True
4BVY,A,B,../../GraPPI_data/PDB/new_dimer_db/4BVY.pdb,new_dimer_db,4BVY,3,True
4BWF,A,B,../../GraPPI_data/PDB/new_dimer_db/4BWF.pdb,new_dimer_db,4BWF,3,True
4BWQ,F,E,../../GraPPI_data/PDB/new_dimer_db/4BWQ.pdb,new_dimer_db,4BWQ,1,True
4BX9,A,C,../../GraPPI_data/PDB/new_dimer_db/4BX9.pdb,new_dimer_db,4BX9,1,True
4BXR,A,C,../../GraPPI_data/PDB/new_dimer_db/4BXR.pdb,new_dimer_db,4BXR,1,True
4BXS,A,V,../../GraPPI_data/PDB/new_dimer_db/4BXS.pdb,new_dimer_db,4BXS,1,True
4BYF,D,C,../../GraPPI_data/PDB/new_dimer_db/4BYF.pdb,new_dimer_db,4BYF,1,True
4C0H,D,B,../../GraPPI_data/PDB/new_dimer_db/4C0H.pdb,new_dimer_db,4C0H,2,True
4C0O,A,C,../../GraPPI_data/PDB/new_dimer_db/4C0O.pdb,new_dimer_db,4C0O,1,True
4C1Q,A,B,../../GraPPI_data/PDB/new_dimer_db/4C1Q.pdb,new_dimer_db,4C1Q,1,True
4C4P,A,B,../../GraPPI_data/PDB/new_dimer_db/4C4P.pdb,new_dimer_db,4C4P,1,True
4C5H,A,B,../../GraPPI_data/PDB/new_dimer_db/4C5H.pdb,new_dimer_db,4C5H,2,True
4C5I,A,C,../../GraPPI_data/PDB/new_dimer_db/4C5I.pdb,new_dimer_db,4C5I,1,True
4C6T,B,A,../../GraPPI_data/PDB/new_dimer_db/4C6T.pdb,new_dimer_db,4C6T,1,True
4C7N,A,B,../../GraPPI_data/PDB/new_dimer_db/4C7N.pdb,new_dimer_db,4C7N,1,True
4C9B,A,B,../../GraPPI_data/PDB/new_dimer_db/4C9B.pdb,new_dimer_db,4C9B,1,True
4C9V,A,B,../../GraPPI_data/PDB/new_dimer_db/4C9V.pdb,new_dimer_db,4C9V,1,True
4CC2,B,A,../../GraPPI_data/PDB/new_dimer_db/4CC2.pdb,new_dimer_db,4CC2,1,True
4CC3,B,A,../../GraPPI_data/PDB/new_dimer_db/4CC3.pdb,new_dimer_db,4CC3,1,True
4CC4,B,A,../../GraPPI_data/PDB/new_dimer_db/4CC4.pdb,new_dimer_db,4CC4,1,True
4CC7,B,A,../../GraPPI_data/PDB/new_dimer_db/4CC7.pdb,new_dimer_db,4CC7,1,True
4CCG,Y,B,../../GraPPI_data/PDB/new_dimer_db/4CCG.pdb,new_dimer_db,4CCG,1,True
4CDG,A,C,../../GraPPI_data/PDB/new_dimer_db/4CDG.pdb,new_dimer_db,4CDG,1,True
4CDK,A,E,../../GraPPI_data/PDB/new_dimer_db/4CDK.pdb,new_dimer_db,4CDK,1,True
4CEJ,A,B,../../GraPPI_data/PDB/new_dimer_db/4CEJ.pdb,new_dimer_db,4CEJ,5,True
4CGW,A,B,../../GraPPI_data/PDB/new_dimer_db/4CGW.pdb,new_dimer_db,4CGW,1,True
4CGY,A,B,../../GraPPI_data/PDB/new_dimer_db/4CGY.pdb,new_dimer_db,4CGY,2,True
4CHB,A,C,../../GraPPI_data/PDB/new_dimer_db/4CHB.pdb,new_dimer_db,4CHB,1,True
4CIN,A,C,../../GraPPI_data/PDB/new_dimer_db/4CIN.pdb,new_dimer_db,4CIN,1,True
4CJ0,A,B,../../GraPPI_data/PDB/new_dimer_db/4CJ0.pdb,new_dimer_db,4CJ0,1,True
4CJ1,A,B,../../GraPPI_data/PDB/new_dimer_db/4CJ1.pdb,new_dimer_db,4CJ1,1,True
4CJ2,B,C,../../GraPPI_data/PDB/new_dimer_db/4CJ2.pdb,new_dimer_db,4CJ2,1,True
4CKE,D,E,../../GraPPI_data/PDB/new_dimer_db/4CKE.pdb,new_dimer_db,4CKE,3,True
4CKT,A,B,../../GraPPI_data/PDB/new_dimer_db/4CKT.pdb,new_dimer_db,4CKT,1,True
4CLQ,A,B,../../GraPPI_data/PDB/new_dimer_db/4CLQ.pdb,new_dimer_db,4CLQ,1,True
4CO6,D,A,../../GraPPI_data/PDB/new_dimer_db/4CO6.pdb,new_dimer_db,4CO6,1,True
4CQO,D,C,../../GraPPI_data/PDB/new_dimer_db/4CQO.pdb,new_dimer_db,4CQO,1,True
4CRW,A,B,../../GraPPI_data/PDB/new_dimer_db/4CRW.pdb,new_dimer_db,4CRW,1,True
4CSJ,A,B,../../GraPPI_data/PDB/new_dimer_db/4CSJ.pdb,new_dimer_db,4CSJ,16,True
4CT4,B,A,../../GraPPI_data/PDB/new_dimer_db/4CT4.pdb,new_dimer_db,4CT4,1,True
4CT7,A,B,../../GraPPI_data/PDB/new_dimer_db/4CT7.pdb,new_dimer_db,4CT7,4,True
4CU4,A,B,../../GraPPI_data/PDB/new_dimer_db/4CU4.pdb,new_dimer_db,4CU4,1,True
4CVW,A,C,../../GraPPI_data/PDB/new_dimer_db/4CVW.pdb,new_dimer_db,4CVW,1,True
4CW7,H,G,../../GraPPI_data/PDB/new_dimer_db/4CW7.pdb,new_dimer_db,4CW7,2,True
4CXF,A,B,../../GraPPI_data/PDB/new_dimer_db/4CXF.pdb,new_dimer_db,4CXF,1,True
4CY1,D,A,../../GraPPI_data/PDB/new_dimer_db/4CY1.pdb,new_dimer_db,4CY1,1,True
4CZ2,A,D,../../GraPPI_data/PDB/new_dimer_db/4CZ2.pdb,new_dimer_db,4CZ2,2,True
4D0G,A,C,../../GraPPI_data/PDB/new_dimer_db/4D0G.pdb,new_dimer_db,4D0G,2,True
4D0N,A,B,../../GraPPI_data/PDB/new_dimer_db/4D0N.pdb,new_dimer_db,4D0N,1,True
4D11,C,F,../../GraPPI_data/PDB/new_dimer_db/4D11.pdb,new_dimer_db,4D11,1,True
4D7Z,A,B,../../GraPPI_data/PDB/new_dimer_db/4D7Z.pdb,new_dimer_db,4D7Z,1,True
4DBG,A,B,../../GraPPI_data/PDB/new_dimer_db/4DBG.pdb,new_dimer_db,4DBG,1,True
4DC2,A,Z,../../GraPPI_data/PDB/new_dimer_db/4DC2.pdb,new_dimer_db,4DC2,1,True
4DEX,A,B,../../GraPPI_data/PDB/new_dimer_db/4DEX.pdb,new_dimer_db,4DEX,1,True
4DEY,B,A,../../GraPPI_data/PDB/new_dimer_db/4DEY.pdb,new_dimer_db,4DEY,2,True
4DFC,A,B,../../GraPPI_data/PDB/new_dimer_db/4DFC.pdb,new_dimer_db,4DFC,2,True
4DHI,B,D,../../GraPPI_data/PDB/new_dimer_db/4DHI.pdb,new_dimer_db,4DHI,2,True
4DID,A,B,../../GraPPI_data/PDB/new_dimer_db/4DID.pdb,new_dimer_db,4DID,1,True
4DJ9,A,B,../../GraPPI_data/PDB/new_dimer_db/4DJ9.pdb,new_dimer_db,4DJ9,1,True
4DJC,A,B,../../GraPPI_data/PDB/new_dimer_db/4DJC.pdb,new_dimer_db,4DJC,1,True
4DJS,A,B,../../GraPPI_data/PDB/new_dimer_db/4DJS.pdb,new_dimer_db,4DJS,1,True
4DKA,D,A,../../GraPPI_data/PDB/new_dimer_db/4DKA.pdb,new_dimer_db,4DKA,3,True
4DLQ,A,B,../../GraPPI_data/PDB/new_dimer_db/4DLQ.pdb,new_dimer_db,4DLQ,1,True
4DMU,A,B,../../GraPPI_data/PDB/new_dimer_db/4DMU.pdb,new_dimer_db,4DMU,1,True
4DNC,D,A,../../GraPPI_data/PDB/new_dimer_db/4DNC.pdb,new_dimer_db,4DNC,1,True
4DOR,A,B,../../GraPPI_data/PDB/new_dimer_db/4DOR.pdb,new_dimer_db,4DOR,1,True
4DOW,A,C,../../GraPPI_data/PDB/new_dimer_db/4DOW.pdb,new_dimer_db,4DOW,1,True
4DQM,B,A,../../GraPPI_data/PDB/new_dimer_db/4DQM.pdb,new_dimer_db,4DQM,1,True
4DS7,F,A,../../GraPPI_data/PDB/new_dimer_db/4DS7.pdb,new_dimer_db,4DS7,1,True
4DVG,A,B,../../GraPPI_data/PDB/new_dimer_db/4DVG.pdb,new_dimer_db,4DVG,1,True
4DWH,B,A,../../GraPPI_data/PDB/new_dimer_db/4DWH.pdb,new_dimer_db,4DWH,6,True
4DX8,J,A,../../GraPPI_data/PDB/new_dimer_db/4DX8.pdb,new_dimer_db,4DX8,1,True
4DX9,K,O,../../GraPPI_data/PDB/new_dimer_db/4DX9.pdb,new_dimer_db,4DX9,1,True
4DZU,A,B,../../GraPPI_data/PDB/new_dimer_db/4DZU.pdb,new_dimer_db,4DZU,1,True
4DZV,A,B,../../GraPPI_data/PDB/new_dimer_db/4DZV.pdb,new_dimer_db,4DZV,4,True
4E17,A,B,../../GraPPI_data/PDB/new_dimer_db/4E17.pdb,new_dimer_db,4E17,1,True
4E18,A,B,../../GraPPI_data/PDB/new_dimer_db/4E18.pdb,new_dimer_db,4E18,1,True
4E34,A,C,../../GraPPI_data/PDB/new_dimer_db/4E34.pdb,new_dimer_db,4E34,1,True
4E35,B,D,../../GraPPI_data/PDB/new_dimer_db/4E35.pdb,new_dimer_db,4E35,3,True
4E4W,A,B,../../GraPPI_data/PDB/new_dimer_db/4E4W.pdb,new_dimer_db,4E4W,1,True
4E5Z,A,B,../../GraPPI_data/PDB/new_dimer_db/4E5Z.pdb,new_dimer_db,4E5Z,9,True
4E6N,B,A,../../GraPPI_data/PDB/new_dimer_db/4E6N.pdb,new_dimer_db,4E6N,2,True
4EDN,A,K,../../GraPPI_data/PDB/new_dimer_db/4EDN.pdb,new_dimer_db,4EDN,1,True
4EFH,A,B,../../GraPPI_data/PDB/new_dimer_db/4EFH.pdb,new_dimer_db,4EFH,3,True
4EGC,A,B,../../GraPPI_data/PDB/new_dimer_db/4EGC.pdb,new_dimer_db,4EGC,1,True
4EHP,A,B,../../GraPPI_data/PDB/new_dimer_db/4EHP.pdb,new_dimer_db,4EHP,1,True
4EHQ,A,G,../../GraPPI_data/PDB/new_dimer_db/4EHQ.pdb,new_dimer_db,4EHQ,1,True
4EIG,A,B,../../GraPPI_data/PDB/new_dimer_db/4EIG.pdb,new_dimer_db,4EIG,1,True
4EIK,A,B,../../GraPPI_data/PDB/new_dimer_db/4EIK.pdb,new_dimer_db,4EIK,1,True
4EKK,A,C,../../GraPPI_data/PDB/new_dimer_db/4EKK.pdb,new_dimer_db,4EKK,1,True
4EKX,C,D,../../GraPPI_data/PDB/new_dimer_db/4EKX.pdb,new_dimer_db,4EKX,1,True
4EMJ,A,B,../../GraPPI_data/PDB/new_dimer_db/4EMJ.pdb,new_dimer_db,4EMJ,1,True
4EOZ,C,D,../../GraPPI_data/PDB/new_dimer_db/4EOZ.pdb,new_dimer_db,4EOZ,1,True
4EQ6,A,B,../../GraPPI_data/PDB/new_dimer_db/4EQ6.pdb,new_dimer_db,4EQ6,3,True
4ERY,A,D,../../GraPPI_data/PDB/new_dimer_db/4ERY.pdb,new_dimer_db,4ERY,2,True
4ERZ,A,E,../../GraPPI_data/PDB/new_dimer_db/4ERZ.pdb,new_dimer_db,4ERZ,1,True
4ESG,D,A,../../GraPPI_data/PDB/new_dimer_db/4ESG.pdb,new_dimer_db,4ESG,1,True
4ETP,A,B,../../GraPPI_data/PDB/new_dimer_db/4ETP.pdb,new_dimer_db,4ETP,1,True
4ETV,A,B,../../GraPPI_data/PDB/new_dimer_db/4ETV.pdb,new_dimer_db,4ETV,1,True
4ETW,B,A,../../GraPPI_data/PDB/new_dimer_db/4ETW.pdb,new_dimer_db,4ETW,1,True
4EUK,A,B,../../GraPPI_data/PDB/new_dimer_db/4EUK.pdb,new_dimer_db,4EUK,1,True
4EWR,A,C,../../GraPPI_data/PDB/new_dimer_db/4EWR.pdb,new_dimer_db,4EWR,1,True
4EYY,R,Q,../../GraPPI_data/PDB/new_dimer_db/4EYY.pdb,new_dimer_db,4EYY,1,True
4EZH,A,C,../../GraPPI_data/PDB/new_dimer_db/4EZH.pdb,new_dimer_db,4EZH,1,True
4EZP,D,B,../../GraPPI_data/PDB/new_dimer_db/4EZP.pdb,new_dimer_db,4EZP,1,True
4EZU,A,B,../../GraPPI_data/PDB/new_dimer_db/4EZU.pdb,new_dimer_db,4EZU,1,True
4EZV,A,C,../../GraPPI_data/PDB/new_dimer_db/4EZV.pdb,new_dimer_db,4EZV,1,True
4F02,A,C,../../GraPPI_data/PDB/new_dimer_db/4F02.pdb,new_dimer_db,4F02,1,True
4F14,A,B,../../GraPPI_data/PDB/new_dimer_db/4F14.pdb,new_dimer_db,4F14,1,True
4F1Z,A,Q,../../GraPPI_data/PDB/new_dimer_db/4F1Z.pdb,new_dimer_db,4F1Z,1,True
4F20,A,Q,../../GraPPI_data/PDB/new_dimer_db/4F20.pdb,new_dimer_db,4F20,1,True
4F27,A,Q,../../GraPPI_data/PDB/new_dimer_db/4F27.pdb,new_dimer_db,4F27,1,True
4F3L,B,A,../../GraPPI_data/PDB/new_dimer_db/4F3L.pdb,new_dimer_db,4F3L,1,True
4F7G,A,B,../../GraPPI_data/PDB/new_dimer_db/4F7G.pdb,new_dimer_db,4F7G,1,True
4F9M,A,C,../../GraPPI_data/PDB/new_dimer_db/4F9M.pdb,new_dimer_db,4F9M,1,True
4FBW,A,C,../../GraPPI_data/PDB/new_dimer_db/4FBW.pdb,new_dimer_db,4FBW,1,True
4FGY,A,B,../../GraPPI_data/PDB/new_dimer_db/4FGY.pdb,new_dimer_db,4FGY,14,True
4FHB,A,D,../../GraPPI_data/PDB/new_dimer_db/4FHB.pdb,new_dimer_db,4FHB,3,True
4FMB,B,A,../../GraPPI_data/PDB/new_dimer_db/4FMB.pdb,new_dimer_db,4FMB,1,True
4FMD,B,A,../../GraPPI_data/PDB/new_dimer_db/4FMD.pdb,new_dimer_db,4FMD,2,True
4FQ0,B,C,../../GraPPI_data/PDB/new_dimer_db/4FQ0.pdb,new_dimer_db,4FQ0,2,True
4FQB,B,A,../../GraPPI_data/PDB/new_dimer_db/4FQB.pdb,new_dimer_db,4FQB,4,True
4FQC,H,L,../../GraPPI_data/PDB/new_dimer_db/4FQC.pdb,new_dimer_db,4FQC,1,True
4FU4,A,C,../../GraPPI_data/PDB/new_dimer_db/4FU4.pdb,new_dimer_db,4FU4,1,True
4FVL,A,C,../../GraPPI_data/PDB/new_dimer_db/4FVL.pdb,new_dimer_db,4FVL,1,True
4FWF,A,E,../../GraPPI_data/PDB/new_dimer_db/4FWF.pdb,new_dimer_db,4FWF,1,True
4FXW,B,A,../../GraPPI_data/PDB/new_dimer_db/4FXW.pdb,new_dimer_db,4FXW,1,True
4FZV,A,B,../../GraPPI_data/PDB/new_dimer_db/4FZV.pdb,new_dimer_db,4FZV,2,True
4G0D,W,A,../../GraPPI_data/PDB/new_dimer_db/4G0D.pdb,new_dimer_db,4G0D,1,True
4G2V,A,B,../../GraPPI_data/PDB/new_dimer_db/4G2V.pdb,new_dimer_db,4G2V,1,True
4G35,A,B,../../GraPPI_data/PDB/new_dimer_db/4G35.pdb,new_dimer_db,4G35,2,True
4G59,A,C,../../GraPPI_data/PDB/new_dimer_db/4G59.pdb,new_dimer_db,4G59,1,True
4G5R,A,E,../../GraPPI_data/PDB/new_dimer_db/4G5R.pdb,new_dimer_db,4G5R,3,True
4G6T,A,B,../../GraPPI_data/PDB/new_dimer_db/4G6T.pdb,new_dimer_db,4G6T,1,True
4G6U,A,B,../../GraPPI_data/PDB/new_dimer_db/4G6U.pdb,new_dimer_db,4G6U,1,True
4G6V,B,A,../../GraPPI_data/PDB/new_dimer_db/4G6V.pdb,new_dimer_db,4G6V,1,True
4G7X,A,B,../../GraPPI_data/PDB/new_dimer_db/4G7X.pdb,new_dimer_db,4G7X,1,True
4G8F,A,B,../../GraPPI_data/PDB/new_dimer_db/4G8F.pdb,new_dimer_db,4G8F,105,True
4G94,A,B,../../GraPPI_data/PDB/new_dimer_db/4G94.pdb,new_dimer_db,4G94,3,True
4G9J,A,C,../../GraPPI_data/PDB/new_dimer_db/4G9J.pdb,new_dimer_db,4G9J,1,True
4GAO,F,A,../../GraPPI_data/PDB/new_dimer_db/4GAO.pdb,new_dimer_db,4GAO,1,True
4GEH,B,A,../../GraPPI_data/PDB/new_dimer_db/4GEH.pdb,new_dimer_db,4GEH,2,True
4GF3,A,B,../../GraPPI_data/PDB/new_dimer_db/4GF3.pdb,new_dimer_db,4GF3,1,True
4GFT,A,B,../../GraPPI_data/PDB/new_dimer_db/4GFT.pdb,new_dimer_db,4GFT,1,True
4GGN,D,A,../../GraPPI_data/PDB/new_dimer_db/4GGN.pdb,new_dimer_db,4GGN,1,True
4GH7,B,A,../../GraPPI_data/PDB/new_dimer_db/4GH7.pdb,new_dimer_db,4GH7,1,True
4GI3,A,C,../../GraPPI_data/PDB/new_dimer_db/4GI3.pdb,new_dimer_db,4GI3,1,True
4GIZ,A,C,../../GraPPI_data/PDB/new_dimer_db/4GIZ.pdb,new_dimer_db,4GIZ,1,True
4GLY,A,B,../../GraPPI_data/PDB/new_dimer_db/4GLY.pdb,new_dimer_db,4GLY,1,True
4GMJ,B,A,../../GraPPI_data/PDB/new_dimer_db/4GMJ.pdb,new_dimer_db,4GMJ,2,True
4GMN,B,A,../../GraPPI_data/PDB/new_dimer_db/4GMN.pdb,new_dimer_db,4GMN,1,True
4GN4,B,A,../../GraPPI_data/PDB/new_dimer_db/4GN4.pdb,new_dimer_db,4GN4,5,True
4GO6,A,B,../../GraPPI_data/PDB/new_dimer_db/4GO6.pdb,new_dimer_db,4GO6,1,True
4GOW,D,A,../../GraPPI_data/PDB/new_dimer_db/4GOW.pdb,new_dimer_db,4GOW,1,True
4GQ2,M,P,../../GraPPI_data/PDB/new_dimer_db/4GQ2.pdb,new_dimer_db,4GQ2,1,True
4GS0,A,B,../../GraPPI_data/PDB/new_dimer_db/4GS0.pdb,new_dimer_db,4GS0,1,True
4GUU,A,B,../../GraPPI_data/PDB/new_dimer_db/4GUU.pdb,new_dimer_db,4GUU,2,True
4GVB,A,B,../../GraPPI_data/PDB/new_dimer_db/4GVB.pdb,new_dimer_db,4GVB,1,True
4GVD,A,B,../../GraPPI_data/PDB/new_dimer_db/4GVD.pdb,new_dimer_db,4GVD,1,True
4GXB,A,B,../../GraPPI_data/PDB/new_dimer_db/4GXB.pdb,new_dimer_db,4GXB,1,True
4GXL,A,B,../../GraPPI_data/PDB/new_dimer_db/4GXL.pdb,new_dimer_db,4GXL,1,True
4GY5,B,D,../../GraPPI_data/PDB/new_dimer_db/4GY5.pdb,new_dimer_db,4GY5,2,True
4GZR,B,A,../../GraPPI_data/PDB/new_dimer_db/4GZR.pdb,new_dimer_db,4GZR,2,True
4H0Y,A,B,../../GraPPI_data/PDB/new_dimer_db/4H0Y.pdb,new_dimer_db,4H0Y,7,True
4H1W,A,B,../../GraPPI_data/PDB/new_dimer_db/4H1W.pdb,new_dimer_db,4H1W,1,True
4H3B,B,A,../../GraPPI_data/PDB/new_dimer_db/4H3B.pdb,new_dimer_db,4H3B,1,True
4H3P,B,A,../../GraPPI_data/PDB/new_dimer_db/4H3P.pdb,new_dimer_db,4H3P,3,True
4H3Q,A,B,../../GraPPI_data/PDB/new_dimer_db/4H3Q.pdb,new_dimer_db,4H3Q,1,True
4H4K,A,C,../../GraPPI_data/PDB/new_dimer_db/4H4K.pdb,new_dimer_db,4H4K,3,True
4HAB,A,C,../../GraPPI_data/PDB/new_dimer_db/4HAB.pdb,new_dimer_db,4HAB,1,True
4HCP,A,B,../../GraPPI_data/PDB/new_dimer_db/4HCP.pdb,new_dimer_db,4HCP,4,True
4HFF,A,B,../../GraPPI_data/PDB/new_dimer_db/4HFF.pdb,new_dimer_db,4HFF,1,True
4HFX,D,A,../../GraPPI_data/PDB/new_dimer_db/4HFX.pdb,new_dimer_db,4HFX,1,True
4HGM,A,B,../../GraPPI_data/PDB/new_dimer_db/4HGM.pdb,new_dimer_db,4HGM,2,True
4HH6,A,Z,../../GraPPI_data/PDB/new_dimer_db/4HH6.pdb,new_dimer_db,4HH6,1,True
4HI9,A,B,../../GraPPI_data/PDB/new_dimer_db/4HI9.pdb,new_dimer_db,4HI9,4,True
4HLQ,B,A,../../GraPPI_data/PDB/new_dimer_db/4HLQ.pdb,new_dimer_db,4HLQ,1,True
4HNW,A,B,../../GraPPI_data/PDB/new_dimer_db/4HNW.pdb,new_dimer_db,4HNW,3,True
4HNY,B,A,../../GraPPI_data/PDB/new_dimer_db/4HNY.pdb,new_dimer_db,4HNY,2,True
4HOM,A,B,../../GraPPI_data/PDB/new_dimer_db/4HOM.pdb,new_dimer_db,4HOM,1,True
4HPM,B,A,../../GraPPI_data/PDB/new_dimer_db/4HPM.pdb,new_dimer_db,4HPM,2,True
4HRL,C,A,../../GraPPI_data/PDB/new_dimer_db/4HRL.pdb,new_dimer_db,4HRL,1,True
4HRN,A,D,../../GraPPI_data/PDB/new_dimer_db/4HRN.pdb,new_dimer_db,4HRN,1,True
4HST,A,B,../../GraPPI_data/PDB/new_dimer_db/4HST.pdb,new_dimer_db,4HST,2,True
4HT6,B,A,../../GraPPI_data/PDB/new_dimer_db/4HT6.pdb,new_dimer_db,4HT6,1,True
4HTP,A,C,../../GraPPI_data/PDB/new_dimer_db/4HTP.pdb,new_dimer_db,4HTP,1,True
4HVU,A,B,../../GraPPI_data/PDB/new_dimer_db/4HVU.pdb,new_dimer_db,4HVU,1,True
4HVV,A,B,../../GraPPI_data/PDB/new_dimer_db/4HVV.pdb,new_dimer_db,4HVV,1,True
4HVW,A,B,../../GraPPI_data/PDB/new_dimer_db/4HVW.pdb,new_dimer_db,4HVW,1,True
4HW4,A,C,../../GraPPI_data/PDB/new_dimer_db/4HW4.pdb,new_dimer_db,4HW4,1,True
4HWI,A,B,../../GraPPI_data/PDB/new_dimer_db/4HWI.pdb,new_dimer_db,4HWI,1,True
4I0C,D,A,../../GraPPI_data/PDB/new_dimer_db/4I0C.pdb,new_dimer_db,4I0C,1,True
4I0W,B,A,../../GraPPI_data/PDB/new_dimer_db/4I0W.pdb,new_dimer_db,4I0W,1,True
4I0X,B,A,../../GraPPI_data/PDB/new_dimer_db/4I0X.pdb,new_dimer_db,4I0X,1,True
4I1N,A,B,../../GraPPI_data/PDB/new_dimer_db/4I1N.pdb,new_dimer_db,4I1N,2,True
4I1S,A,B,../../GraPPI_data/PDB/new_dimer_db/4I1S.pdb,new_dimer_db,4I1S,1,True
4I21,A,C,../../GraPPI_data/PDB/new_dimer_db/4I21.pdb,new_dimer_db,4I21,3,True
4I31,A,C,../../GraPPI_data/PDB/new_dimer_db/4I31.pdb,new_dimer_db,4I31,1,True
4I32,A,C,../../GraPPI_data/PDB/new_dimer_db/4I32.pdb,new_dimer_db,4I32,1,True
4I33,A,C,../../GraPPI_data/PDB/new_dimer_db/4I33.pdb,new_dimer_db,4I33,1,True
4I43,A,B,../../GraPPI_data/PDB/new_dimer_db/4I43.pdb,new_dimer_db,4I43,2,True
4I7B,B,A,../../GraPPI_data/PDB/new_dimer_db/4I7B.pdb,new_dimer_db,4I7B,1,True
4I7C,B,A,../../GraPPI_data/PDB/new_dimer_db/4I7C.pdb,new_dimer_db,4I7C,1,True
4I7D,B,A,../../GraPPI_data/PDB/new_dimer_db/4I7D.pdb,new_dimer_db,4I7D,1,True
4IAO,A,C,../../GraPPI_data/PDB/new_dimer_db/4IAO.pdb,new_dimer_db,4IAO,1,True
4IB5,D,A,../../GraPPI_data/PDB/new_dimer_db/4IB5.pdb,new_dimer_db,4IB5,1,True
4IC7,B,A,../../GraPPI_data/PDB/new_dimer_db/4IC7.pdb,new_dimer_db,4IC7,1,True
4IEF,B,A,../../GraPPI_data/PDB/new_dimer_db/4IEF.pdb,new_dimer_db,4IEF,1,True
4IFL,X,P,../../GraPPI_data/PDB/new_dimer_db/4IFL.pdb,new_dimer_db,4IFL,2,True
4IG9,B,A,../../GraPPI_data/PDB/new_dimer_db/4IG9.pdb,new_dimer_db,4IG9,1,True
4IGA,A,B,../../GraPPI_data/PDB/new_dimer_db/4IGA.pdb,new_dimer_db,4IGA,1,True
4II3,B,A,../../GraPPI_data/PDB/new_dimer_db/4II3.pdb,new_dimer_db,4II3,10,True
4II5,B,A,../../GraPPI_data/PDB/new_dimer_db/4II5.pdb,new_dimer_db,4II5,163,True
4IKA,A,D,../../GraPPI_data/PDB/new_dimer_db/4IKA.pdb,new_dimer_db,4IKA,1,True
4IOP,A,B,../../GraPPI_data/PDB/new_dimer_db/4IOP.pdb,new_dimer_db,4IOP,1,True
4IP3,A,B,../../GraPPI_data/PDB/new_dimer_db/4IP3.pdb,new_dimer_db,4IP3,2,True
4IRV,A,E,../../GraPPI_data/PDB/new_dimer_db/4IRV.pdb,new_dimer_db,4IRV,1,True
4ISR,D,A,../../GraPPI_data/PDB/new_dimer_db/4ISR.pdb,new_dimer_db,4ISR,2,True
4IU3,A,B,../../GraPPI_data/PDB/new_dimer_db/4IU3.pdb,new_dimer_db,4IU3,2,True
4IUM,A,B,../../GraPPI_data/PDB/new_dimer_db/4IUM.pdb,new_dimer_db,4IUM,1,True
4IUU,A,B,../../GraPPI_data/PDB/new_dimer_db/4IUU.pdb,new_dimer_db,4IUU,1,True
4IUZ,A,B,../../GraPPI_data/PDB/new_dimer_db/4IUZ.pdb,new_dimer_db,4IUZ,1,True
4IW3,B,A,../../GraPPI_data/PDB/new_dimer_db/4IW3.pdb,new_dimer_db,4IW3,1,True
4IYP,A,C,../../GraPPI_data/PDB/new_dimer_db/4IYP.pdb,new_dimer_db,4IYP,1,True
4IZA,B,A,../../GraPPI_data/PDB/new_dimer_db/4IZA.pdb,new_dimer_db,4IZA,3,True
4J24,A,I,../../GraPPI_data/PDB/new_dimer_db/4J24.pdb,new_dimer_db,4J24,1,True
4J26,A,I,../../GraPPI_data/PDB/new_dimer_db/4J26.pdb,new_dimer_db,4J26,1,True
4J2C,B,A,../../GraPPI_data/PDB/new_dimer_db/4J2C.pdb,new_dimer_db,4J2C,1,True
4J2J,D,A,../../GraPPI_data/PDB/new_dimer_db/4J2J.pdb,new_dimer_db,4J2J,1,True
4J2L,A,C,../../GraPPI_data/PDB/new_dimer_db/4J2L.pdb,new_dimer_db,4J2L,1,True
4J2X,A,B,../../GraPPI_data/PDB/new_dimer_db/4J2X.pdb,new_dimer_db,4J2X,1,True
4J38,A,B,../../GraPPI_data/PDB/new_dimer_db/4J38.pdb,new_dimer_db,4J38,1,True
4J48,A,C,../../GraPPI_data/PDB/new_dimer_db/4J48.pdb,new_dimer_db,4J48,6,True
4J4L,A,C,../../GraPPI_data/PDB/new_dimer_db/4J4L.pdb,new_dimer_db,4J4L,1,True
4J8G,B,C,../../GraPPI_data/PDB/new_dimer_db/4J8G.pdb,new_dimer_db,4J8G,1,True
4J8S,A,B,../../GraPPI_data/PDB/new_dimer_db/4J8S.pdb,new_dimer_db,4J8S,1,True
4J9C,A,B,../../GraPPI_data/PDB/new_dimer_db/4J9C.pdb,new_dimer_db,4J9C,1,True
4J9D,B,A,../../GraPPI_data/PDB/new_dimer_db/4J9D.pdb,new_dimer_db,4J9D,1,True
4J9E,B,A,../../GraPPI_data/PDB/new_dimer_db/4J9E.pdb,new_dimer_db,4J9E,1,True
4J9F,B,A,../../GraPPI_data/PDB/new_dimer_db/4J9F.pdb,new_dimer_db,4J9F,1,True
4J9G,B,A,../../GraPPI_data/PDB/new_dimer_db/4J9G.pdb,new_dimer_db,4J9G,1,True
4J9H,A,G,../../GraPPI_data/PDB/new_dimer_db/4J9H.pdb,new_dimer_db,4J9H,1,True
4J9I,B,A,../../GraPPI_data/PDB/new_dimer_db/4J9I.pdb,new_dimer_db,4J9I,1,True
4JDE,A,B,../../GraPPI_data/PDB/new_dimer_db/4JDE.pdb,new_dimer_db,4JDE,1,True
4JE3,A,B,../../GraPPI_data/PDB/new_dimer_db/4JE3.pdb,new_dimer_db,4JE3,1,True
4JE4,A,B,../../GraPPI_data/PDB/new_dimer_db/4JE4.pdb,new_dimer_db,4JE4,1,True
4JEH,A,B,../../GraPPI_data/PDB/new_dimer_db/4JEH.pdb,new_dimer_db,4JEH,4,True
4JHP,B,C,../../GraPPI_data/PDB/new_dimer_db/4JHP.pdb,new_dimer_db,4JHP,1,True
4JIF,A,B,../../GraPPI_data/PDB/new_dimer_db/4JIF.pdb,new_dimer_db,4JIF,1,True
4JK6,A,B,../../GraPPI_data/PDB/new_dimer_db/4JK6.pdb,new_dimer_db,4JK6,1,True
4JL0,A,B,../../GraPPI_data/PDB/new_dimer_db/4JL0.pdb,new_dimer_db,4JL0,2,True
4JML,A,E,../../GraPPI_data/PDB/new_dimer_db/4JML.pdb,new_dimer_db,4JML,2,True
4JOE,A,C,../../GraPPI_data/PDB/new_dimer_db/4JOE.pdb,new_dimer_db,4JOE,1,True
4JOI,D,A,../../GraPPI_data/PDB/new_dimer_db/4JOI.pdb,new_dimer_db,4JOI,2,True
4JOR,A,C,../../GraPPI_data/PDB/new_dimer_db/4JOR.pdb,new_dimer_db,4JOR,1,True
4JQI,A,V,../../GraPPI_data/PDB/new_dimer_db/4JQI.pdb,new_dimer_db,4JQI,1,True
4JQU,A,B,../../GraPPI_data/PDB/new_dimer_db/4JQU.pdb,new_dimer_db,4JQU,1,True
4JQW,A,C,../../GraPPI_data/PDB/new_dimer_db/4JQW.pdb,new_dimer_db,4JQW,1,True
4JS0,A,B,../../GraPPI_data/PDB/new_dimer_db/4JS0.pdb,new_dimer_db,4JS0,1,True
4JVS,A,B,../../GraPPI_data/PDB/new_dimer_db/4JVS.pdb,new_dimer_db,4JVS,3,True
4JW2,A,B,../../GraPPI_data/PDB/new_dimer_db/4JW2.pdb,new_dimer_db,4JW2,1,True
4JW3,A,C,../../GraPPI_data/PDB/new_dimer_db/4JW3.pdb,new_dimer_db,4JW3,1,True
4JWC,B,D,../../GraPPI_data/PDB/new_dimer_db/4JWC.pdb,new_dimer_db,4JWC,1,True
4K0U,A,B,../../GraPPI_data/PDB/new_dimer_db/4K0U.pdb,new_dimer_db,4K0U,1,True
4K12,A,B,../../GraPPI_data/PDB/new_dimer_db/4K12.pdb,new_dimer_db,4K12,1,True
4K38,D,A,../../GraPPI_data/PDB/new_dimer_db/4K38.pdb,new_dimer_db,4K38,1,True
4K39,A,C,../../GraPPI_data/PDB/new_dimer_db/4K39.pdb,new_dimer_db,4K39,1,True
4K5B,D,A,../../GraPPI_data/PDB/new_dimer_db/4K5B.pdb,new_dimer_db,4K5B,2,True
4K78,A,B,../../GraPPI_data/PDB/new_dimer_db/4K78.pdb,new_dimer_db,4K78,1,True
4K8B,A,C,../../GraPPI_data/PDB/new_dimer_db/4K8B.pdb,new_dimer_db,4K8B,1,True
4K8Y,A,B,../../GraPPI_data/PDB/new_dimer_db/4K8Y.pdb,new_dimer_db,4K8Y,5,True
4K90,A,B,../../GraPPI_data/PDB/new_dimer_db/4K90.pdb,new_dimer_db,4K90,1,True
4KA2,A,R,../../GraPPI_data/PDB/new_dimer_db/4KA2.pdb,new_dimer_db,4KA2,3,True
4KAX,A,B,../../GraPPI_data/PDB/new_dimer_db/4KAX.pdb,new_dimer_db,4KAX,1,True
4KBB,B,D,../../GraPPI_data/PDB/new_dimer_db/4KBB.pdb,new_dimer_db,4KBB,1,True
4KBG,A,B,../../GraPPI_data/PDB/new_dimer_db/4KBG.pdb,new_dimer_db,4KBG,1,True
4KBM,A,B,../../GraPPI_data/PDB/new_dimer_db/4KBM.pdb,new_dimer_db,4KBM,1,True
4KBQ,A,C,../../GraPPI_data/PDB/new_dimer_db/4KBQ.pdb,new_dimer_db,4KBQ,1,True
4KC3,A,B,../../GraPPI_data/PDB/new_dimer_db/4KC3.pdb,new_dimer_db,4KC3,1,True
4KDL,A,B,../../GraPPI_data/PDB/new_dimer_db/4KDL.pdb,new_dimer_db,4KDL,2,True
4KDT,D,A,../../GraPPI_data/PDB/new_dimer_db/4KDT.pdb,new_dimer_db,4KDT,1,True
4KF5,A,C,../../GraPPI_data/PDB/new_dimer_db/4KF5.pdb,new_dimer_db,4KF5,1,True
4KFZ,A,C,../../GraPPI_data/PDB/new_dimer_db/4KFZ.pdb,new_dimer_db,4KFZ,1,True
4KHA,A,B,../../GraPPI_data/PDB/new_dimer_db/4KHA.pdb,new_dimer_db,4KHA,1,True
4KHB,B,A,../../GraPPI_data/PDB/new_dimer_db/4KHB.pdb,new_dimer_db,4KHB,1,True
4KMD,A,B,../../GraPPI_data/PDB/new_dimer_db/4KMD.pdb,new_dimer_db,4KMD,1,True
4KRD,A,B,../../GraPPI_data/PDB/new_dimer_db/4KRD.pdb,new_dimer_db,4KRD,2,True
4KRM,A,B,../../GraPPI_data/PDB/new_dimer_db/4KRM.pdb,new_dimer_db,4KRM,2,True
4KSK,D,A,../../GraPPI_data/PDB/new_dimer_db/4KSK.pdb,new_dimer_db,4KSK,1,True
4KT3,A,B,../../GraPPI_data/PDB/new_dimer_db/4KT3.pdb,new_dimer_db,4KT3,1,True
4KT6,B,A,../../GraPPI_data/PDB/new_dimer_db/4KT6.pdb,new_dimer_db,4KT6,2,True
4KTC,B,A,../../GraPPI_data/PDB/new_dimer_db/4KTC.pdb,new_dimer_db,4KTC,1,True
4KVG,B,A,../../GraPPI_data/PDB/new_dimer_db/4KVG.pdb,new_dimer_db,4KVG,2,True
4KXQ,A,B,../../GraPPI_data/PDB/new_dimer_db/4KXQ.pdb,new_dimer_db,4KXQ,2,True
4KYI,B,A,../../GraPPI_data/PDB/new_dimer_db/4KYI.pdb,new_dimer_db,4KYI,1,True
4KYT,A,B,../../GraPPI_data/PDB/new_dimer_db/4KYT.pdb,new_dimer_db,4KYT,1,True
4L18,A,B,../../GraPPI_data/PDB/new_dimer_db/4L18.pdb,new_dimer_db,4L18,2,True
4L1U,C,H,../../GraPPI_data/PDB/new_dimer_db/4L1U.pdb,new_dimer_db,4L1U,1,True
4L3O,A,E,../../GraPPI_data/PDB/new_dimer_db/4L3O.pdb,new_dimer_db,4L3O,1,True
4L8R,B,C,../../GraPPI_data/PDB/new_dimer_db/4L8R.pdb,new_dimer_db,4L8R,1,True
4LAD,A,B,../../GraPPI_data/PDB/new_dimer_db/4LAD.pdb,new_dimer_db,4LAD,1,True
4LC9,A,B,../../GraPPI_data/PDB/new_dimer_db/4LC9.pdb,new_dimer_db,4LC9,2,True
4LD3,A,B,../../GraPPI_data/PDB/new_dimer_db/4LD3.pdb,new_dimer_db,4LD3,1,True
4LFH,D,G,../../GraPPI_data/PDB/new_dimer_db/4LFH.pdb,new_dimer_db,4LFH,3,True
4LG6,A,B,../../GraPPI_data/PDB/new_dimer_db/4LG6.pdb,new_dimer_db,4LG6,1,True
4LGD,A,E,../../GraPPI_data/PDB/new_dimer_db/4LGD.pdb,new_dimer_db,4LGD,1,True
4LGR,A,B,../../GraPPI_data/PDB/new_dimer_db/4LGR.pdb,new_dimer_db,4LGR,1,True
4LHJ,A,B,../../GraPPI_data/PDB/new_dimer_db/4LHJ.pdb,new_dimer_db,4LHJ,1,True
4LI2,A,B,../../GraPPI_data/PDB/new_dimer_db/4LI2.pdb,new_dimer_db,4LI2,2,True
4LJP,A,B,../../GraPPI_data/PDB/new_dimer_db/4LJP.pdb,new_dimer_db,4LJP,2,True
4LK9,A,B,../../GraPPI_data/PDB/new_dimer_db/4LK9.pdb,new_dimer_db,4LK9,6,True
4LKA,A,B,../../GraPPI_data/PDB/new_dimer_db/4LKA.pdb,new_dimer_db,4LKA,1,True
4LLO,B,A,../../GraPPI_data/PDB/new_dimer_db/4LLO.pdb,new_dimer_db,4LLO,1,True
4LLQ,A,B,../../GraPPI_data/PDB/new_dimer_db/4LLQ.pdb,new_dimer_db,4LLQ,4,True
4LN2,A,B,../../GraPPI_data/PDB/new_dimer_db/4LN2.pdb,new_dimer_db,4LN2,1,True
4LNP,A,B,../../GraPPI_data/PDB/new_dimer_db/4LNP.pdb,new_dimer_db,4LNP,1,True
4LO8,B,A,../../GraPPI_data/PDB/new_dimer_db/4LO8.pdb,new_dimer_db,4LO8,1,True
4LOG,A,B,../../GraPPI_data/PDB/new_dimer_db/4LOG.pdb,new_dimer_db,4LOG,1,True
4LOO,A,B,../../GraPPI_data/PDB/new_dimer_db/4LOO.pdb,new_dimer_db,4LOO,4,True
4LQS,A,B,../../GraPPI_data/PDB/new_dimer_db/4LQS.pdb,new_dimer_db,4LQS,2,True
4LSJ,A,B,../../GraPPI_data/PDB/new_dimer_db/4LSJ.pdb,new_dimer_db,4LSJ,1,True
4LSX,B,D,../../GraPPI_data/PDB/new_dimer_db/4LSX.pdb,new_dimer_db,4LSX,3,True
4LUQ,A,C,../../GraPPI_data/PDB/new_dimer_db/4LUQ.pdb,new_dimer_db,4LUQ,1,True
4LV8,A,B,../../GraPPI_data/PDB/new_dimer_db/4LV8.pdb,new_dimer_db,4LV8,2,True
4LWS,B,A,../../GraPPI_data/PDB/new_dimer_db/4LWS.pdb,new_dimer_db,4LWS,1,True
4LX2,A,B,../../GraPPI_data/PDB/new_dimer_db/4LX2.pdb,new_dimer_db,4LX2,1,True
4LZF,A,B,../../GraPPI_data/PDB/new_dimer_db/4LZF.pdb,new_dimer_db,4LZF,1,True
4LZX,A,B,../../GraPPI_data/PDB/new_dimer_db/4LZX.pdb,new_dimer_db,4LZX,1,True
4M1L,A,B,../../GraPPI_data/PDB/new_dimer_db/4M1L.pdb,new_dimer_db,4M1L,1,True
4M1Z,A,C,../../GraPPI_data/PDB/new_dimer_db/4M1Z.pdb,new_dimer_db,4M1Z,1,True
4M3K,A,B,../../GraPPI_data/PDB/new_dimer_db/4M3K.pdb,new_dimer_db,4M3K,1,True
4M4R,A,B,../../GraPPI_data/PDB/new_dimer_db/4M4R.pdb,new_dimer_db,4M4R,1,True
4M5D,A,B,../../GraPPI_data/PDB/new_dimer_db/4M5D.pdb,new_dimer_db,4M5D,1,True
4M5S,A,B,../../GraPPI_data/PDB/new_dimer_db/4M5S.pdb,new_dimer_db,4M5S,1,True
4M6B,A,C,../../GraPPI_data/PDB/new_dimer_db/4M6B.pdb,new_dimer_db,4M6B,1,True
4M6W,A,B,../../GraPPI_data/PDB/new_dimer_db/4M6W.pdb,new_dimer_db,4M6W,2,True
4M70,R,A,../../GraPPI_data/PDB/new_dimer_db/4M70.pdb,new_dimer_db,4M70,1,True
4M76,A,B,../../GraPPI_data/PDB/new_dimer_db/4M76.pdb,new_dimer_db,4M76,1,True
4MH0,E,R,../../GraPPI_data/PDB/new_dimer_db/4MH0.pdb,new_dimer_db,4MH0,6,True
4MI8,A,C,../../GraPPI_data/PDB/new_dimer_db/4MI8.pdb,new_dimer_db,4MI8,1,True
4MIT,A,E,../../GraPPI_data/PDB/new_dimer_db/4MIT.pdb,new_dimer_db,4MIT,1,True
4MJH,A,C,../../GraPPI_data/PDB/new_dimer_db/4MJH.pdb,new_dimer_db,4MJH,2,True
4MJS,B,A,../../GraPPI_data/PDB/new_dimer_db/4MJS.pdb,new_dimer_db,4MJS,1,True
4MKR,B,A,../../GraPPI_data/PDB/new_dimer_db/4MKR.pdb,new_dimer_db,4MKR,2,True
4ML7,B,A,../../GraPPI_data/PDB/new_dimer_db/4ML7.pdb,new_dimer_db,4ML7,2,True
4MLS,A,B,../../GraPPI_data/PDB/new_dimer_db/4MLS.pdb,new_dimer_db,4MLS,2,True
4MNW,A,B,../../GraPPI_data/PDB/new_dimer_db/4MNW.pdb,new_dimer_db,4MNW,1,True
4MNX,A,B,../../GraPPI_data/PDB/new_dimer_db/4MNX.pdb,new_dimer_db,4MNX,1,True
4MNY,A,C,../../GraPPI_data/PDB/new_dimer_db/4MNY.pdb,new_dimer_db,4MNY,1,True
4MP0,B,A,../../GraPPI_data/PDB/new_dimer_db/4MP0.pdb,new_dimer_db,4MP0,2,True
4MQV,B,A,../../GraPPI_data/PDB/new_dimer_db/4MQV.pdb,new_dimer_db,4MQV,1,True
4MRT,C,A,../../GraPPI_data/PDB/new_dimer_db/4MRT.pdb,new_dimer_db,4MRT,1,True
4MS1,A,B,../../GraPPI_data/PDB/new_dimer_db/4MS1.pdb,new_dimer_db,4MS1,9,True
4MVI,A,B,../../GraPPI_data/PDB/new_dimer_db/4MVI.pdb,new_dimer_db,4MVI,1,True
4MVL,A,E,../../GraPPI_data/PDB/new_dimer_db/4MVL.pdb,new_dimer_db,4MVL,1,True
4MYW,A,B,../../GraPPI_data/PDB/new_dimer_db/4MYW.pdb,new_dimer_db,4MYW,2,True
4MZK,A,T,../../GraPPI_data/PDB/new_dimer_db/4MZK.pdb,new_dimer_db,4MZK,1,True
4MZL,A,C,../../GraPPI_data/PDB/new_dimer_db/4MZL.pdb,new_dimer_db,4MZL,4,True
4N1H,B,A,../../GraPPI_data/PDB/new_dimer_db/4N1H.pdb,new_dimer_db,4N1H,1,True
4N39,A,B,../../GraPPI_data/PDB/new_dimer_db/4N39.pdb,new_dimer_db,4N39,1,True
4N3A,A,B,../../GraPPI_data/PDB/new_dimer_db/4N3A.pdb,new_dimer_db,4N3A,1,True
4N3C,A,B,../../GraPPI_data/PDB/new_dimer_db/4N3C.pdb,new_dimer_db,4N3C,2,True
4N4I,A,B,../../GraPPI_data/PDB/new_dimer_db/4N4I.pdb,new_dimer_db,4N4I,2,True
4N6O,A,B,../../GraPPI_data/PDB/new_dimer_db/4N6O.pdb,new_dimer_db,4N6O,2,True
4N6R,A,B,../../GraPPI_data/PDB/new_dimer_db/4N6R.pdb,new_dimer_db,4N6R,1,True
4N6S,A,B,../../GraPPI_data/PDB/new_dimer_db/4N6S.pdb,new_dimer_db,4N6S,10,True
4N88,A,B,../../GraPPI_data/PDB/new_dimer_db/4N88.pdb,new_dimer_db,4N88,5,True
4NB3,A,C,../../GraPPI_data/PDB/new_dimer_db/4NB3.pdb,new_dimer_db,4NB3,1,True
4NBX,A,B,../../GraPPI_data/PDB/new_dimer_db/4NBX.pdb,new_dimer_db,4NBX,1,True
4NBZ,B,A,../../GraPPI_data/PDB/new_dimer_db/4NBZ.pdb,new_dimer_db,4NBZ,1,True
4NC0,A,B,../../GraPPI_data/PDB/new_dimer_db/4NC0.pdb,new_dimer_db,4NC0,1,True
4NC2,A,B,../../GraPPI_data/PDB/new_dimer_db/4NC2.pdb,new_dimer_db,4NC2,1,True
4NFT,C,F,../../GraPPI_data/PDB/new_dimer_db/4NFT.pdb,new_dimer_db,4NFT,1,True
4NFU,A,B,../../GraPPI_data/PDB/new_dimer_db/4NFU.pdb,new_dimer_db,4NFU,1,True
4NI2,A,B,../../GraPPI_data/PDB/new_dimer_db/4NI2.pdb,new_dimer_db,4NI2,4,True
4NIE,D,A,../../GraPPI_data/PDB/new_dimer_db/4NIE.pdb,new_dimer_db,4NIE,2,True
4NIK,A,B,../../GraPPI_data/PDB/new_dimer_db/4NIK.pdb,new_dimer_db,4NIK,1,True
4NIY,A,E,../../GraPPI_data/PDB/new_dimer_db/4NIY.pdb,new_dimer_db,4NIY,1,True
4NKG,B,A,../../GraPPI_data/PDB/new_dimer_db/4NKG.pdb,new_dimer_db,4NKG,1,True
4NM0,A,B,../../GraPPI_data/PDB/new_dimer_db/4NM0.pdb,new_dimer_db,4NM0,5,True
4NNL,B,D,../../GraPPI_data/PDB/new_dimer_db/4NNL.pdb,new_dimer_db,4NNL,2,True
4NOO,B,A,../../GraPPI_data/PDB/new_dimer_db/4NOO.pdb,new_dimer_db,4NOO,1,True
4NQD,B,A,../../GraPPI_data/PDB/new_dimer_db/4NQD.pdb,new_dimer_db,4NQD,11,True
4NQW,A,B,../../GraPPI_data/PDB/new_dimer_db/4NQW.pdb,new_dimer_db,4NQW,1,True
4NR1,A,S,../../GraPPI_data/PDB/new_dimer_db/4NR1.pdb,new_dimer_db,4NR1,2,True
4NRH,D,A,../../GraPPI_data/PDB/new_dimer_db/4NRH.pdb,new_dimer_db,4NRH,1,True
4NTQ,A,B,../../GraPPI_data/PDB/new_dimer_db/4NTQ.pdb,new_dimer_db,4NTQ,1,True
4NUF,A,P,../../GraPPI_data/PDB/new_dimer_db/4NUF.pdb,new_dimer_db,4NUF,1,True
4NUT,A,B,../../GraPPI_data/PDB/new_dimer_db/4NUT.pdb,new_dimer_db,4NUT,1,True
4NUV,A,C,../../GraPPI_data/PDB/new_dimer_db/4NUV.pdb,new_dimer_db,4NUV,2,True
4NW2,B,A,../../GraPPI_data/PDB/new_dimer_db/4NW2.pdb,new_dimer_db,4NW2,1,True
4NYL,A,B,../../GraPPI_data/PDB/new_dimer_db/4NYL.pdb,new_dimer_db,4NYL,1,True
4O37,A,B,../../GraPPI_data/PDB/new_dimer_db/4O37.pdb,new_dimer_db,4O37,1,True
4O4B,A,B,../../GraPPI_data/PDB/new_dimer_db/4O4B.pdb,new_dimer_db,4O4B,1,True
4O6F,A,B,../../GraPPI_data/PDB/new_dimer_db/4O6F.pdb,new_dimer_db,4O6F,1,True
4OAR,A,B,../../GraPPI_data/PDB/new_dimer_db/4OAR.pdb,new_dimer_db,4OAR,1,True
4OB3,A,B,../../GraPPI_data/PDB/new_dimer_db/4OB3.pdb,new_dimer_db,4OB3,49,True
4ODN,A,B,../../GraPPI_data/PDB/new_dimer_db/4ODN.pdb,new_dimer_db,4ODN,1,True
4OFB,A,B,../../GraPPI_data/PDB/new_dimer_db/4OFB.pdb,new_dimer_db,4OFB,1,True
4OFY,C,F,../../GraPPI_data/PDB/new_dimer_db/4OFY.pdb,new_dimer_db,4OFY,1,True
4OH8,A,B,../../GraPPI_data/PDB/new_dimer_db/4OH8.pdb,new_dimer_db,4OH8,1,True
4OI4,B,A,../../GraPPI_data/PDB/new_dimer_db/4OI4.pdb,new_dimer_db,4OI4,2,True
4OIH,A,B,../../GraPPI_data/PDB/new_dimer_db/4OIH.pdb,new_dimer_db,4OIH,1,True
4OJK,A,B,../../GraPPI_data/PDB/new_dimer_db/4OJK.pdb,new_dimer_db,4OJK,1,True
4OKT,A,B,../../GraPPI_data/PDB/new_dimer_db/4OKT.pdb,new_dimer_db,4OKT,1,True
4OL0,A,B,../../GraPPI_data/PDB/new_dimer_db/4OL0.pdb,new_dimer_db,4OL0,3,True
4ONS,B,A,../../GraPPI_data/PDB/new_dimer_db/4ONS.pdb,new_dimer_db,4ONS,1,True
4ONT,A,D,../../GraPPI_data/PDB/new_dimer_db/4ONT.pdb,new_dimer_db,4ONT,2,True
4OS4,A,B,../../GraPPI_data/PDB/new_dimer_db/4OS4.pdb,new_dimer_db,4OS4,3,True
4OS6,A,B,../../GraPPI_data/PDB/new_dimer_db/4OS6.pdb,new_dimer_db,4OS6,3,True
4OWX,A,B,../../GraPPI_data/PDB/new_dimer_db/4OWX.pdb,new_dimer_db,4OWX,1,True
4OY2,B,A,../../GraPPI_data/PDB/new_dimer_db/4OY2.pdb,new_dimer_db,4OY2,1,True
4OYD,B,A,../../GraPPI_data/PDB/new_dimer_db/4OYD.pdb,new_dimer_db,4OYD,1,True
4OYK,A,C,../../GraPPI_data/PDB/new_dimer_db/4OYK.pdb,new_dimer_db,4OYK,1,True
4P0Q,A,B,../../GraPPI_data/PDB/new_dimer_db/4P0Q.pdb,new_dimer_db,4P0Q,2,True
4P2A,A,B,../../GraPPI_data/PDB/new_dimer_db/4P2A.pdb,new_dimer_db,4P2A,1,True
4P2Y,A,B,../../GraPPI_data/PDB/new_dimer_db/4P2Y.pdb,new_dimer_db,4P2Y,1,True
4P3W,A,G,../../GraPPI_data/PDB/new_dimer_db/4P3W.pdb,new_dimer_db,4P3W,1,True
4P3Y,A,B,../../GraPPI_data/PDB/new_dimer_db/4P3Y.pdb,new_dimer_db,4P3Y,1,True
4P6X,B,A,../../GraPPI_data/PDB/new_dimer_db/4P6X.pdb,new_dimer_db,4P6X,2,True
4P7I,A,C,../../GraPPI_data/PDB/new_dimer_db/4P7I.pdb,new_dimer_db,4P7I,1,True
4PAS,A,B,../../GraPPI_data/PDB/new_dimer_db/4PAS.pdb,new_dimer_db,4PAS,1,True
4PBW,B,E,../../GraPPI_data/PDB/new_dimer_db/4PBW.pdb,new_dimer_db,4PBW,2,True
4PBY,A,C,../../GraPPI_data/PDB/new_dimer_db/4PBY.pdb,new_dimer_db,4PBY,1,True
4PBZ,A,B,../../GraPPI_data/PDB/new_dimer_db/4PBZ.pdb,new_dimer_db,4PBZ,1,True
4PC0,A,C,../../GraPPI_data/PDB/new_dimer_db/4PC0.pdb,new_dimer_db,4PC0,1,True
4PEL,B,A,../../GraPPI_data/PDB/new_dimer_db/4PEL.pdb,new_dimer_db,4PEL,34,True
4PHT,X,A,../../GraPPI_data/PDB/new_dimer_db/4PHT.pdb,new_dimer_db,4PHT,1,True
4PJ2,D,A,../../GraPPI_data/PDB/new_dimer_db/4PJ2.pdb,new_dimer_db,4PJ2,1,True
4PO6,A,B,../../GraPPI_data/PDB/new_dimer_db/4PO6.pdb,new_dimer_db,4PO6,1,True
4PRO,A,C,../../GraPPI_data/PDB/new_dimer_db/4PRO.pdb,new_dimer_db,4PRO,2,True
4PSI,D,A,../../GraPPI_data/PDB/new_dimer_db/4PSI.pdb,new_dimer_db,4PSI,1,True
4PVZ,A,C,../../GraPPI_data/PDB/new_dimer_db/4PVZ.pdb,new_dimer_db,4PVZ,1,True
4PW9,A,B,../../GraPPI_data/PDB/new_dimer_db/4PW9.pdb,new_dimer_db,4PW9,1,True
4PXH,B,A,../../GraPPI_data/PDB/new_dimer_db/4PXH.pdb,new_dimer_db,4PXH,2,True
4PYU,A,C,../../GraPPI_data/PDB/new_dimer_db/4PYU.pdb,new_dimer_db,4PYU,1,True
4PZ5,A,B,../../GraPPI_data/PDB/new_dimer_db/4PZ5.pdb,new_dimer_db,4PZ5,1,True
4Q57,A,B,../../GraPPI_data/PDB/new_dimer_db/4Q57.pdb,new_dimer_db,4Q57,1,True
4Q5J,A,E,../../GraPPI_data/PDB/new_dimer_db/4Q5J.pdb,new_dimer_db,4Q5J,2,True
4Q5U,A,C,../../GraPPI_data/PDB/new_dimer_db/4Q5U.pdb,new_dimer_db,4Q5U,1,True
4Q6S,A,C,../../GraPPI_data/PDB/new_dimer_db/4Q6S.pdb,new_dimer_db,4Q6S,1,True
4Q94,D,B,../../GraPPI_data/PDB/new_dimer_db/4Q94.pdb,new_dimer_db,4Q94,1,True
4QAE,A,P,../../GraPPI_data/PDB/new_dimer_db/4QAE.pdb,new_dimer_db,4QAE,1,True
4QAM,A,B,../../GraPPI_data/PDB/new_dimer_db/4QAM.pdb,new_dimer_db,4QAM,1,True
4QFQ,A,B,../../GraPPI_data/PDB/new_dimer_db/4QFQ.pdb,new_dimer_db,4QFQ,2,True
4QHM,A,F,../../GraPPI_data/PDB/new_dimer_db/4QHM.pdb,new_dimer_db,4QHM,1,True
4QJR,A,B,../../GraPPI_data/PDB/new_dimer_db/4QJR.pdb,new_dimer_db,4QJR,1,True
4QJV,B,A,../../GraPPI_data/PDB/new_dimer_db/4QJV.pdb,new_dimer_db,4QJV,2,True
4QK4,A,B,../../GraPPI_data/PDB/new_dimer_db/4QK4.pdb,new_dimer_db,4QK4,1,True
4QKO,B,A,../../GraPPI_data/PDB/new_dimer_db/4QKO.pdb,new_dimer_db,4QKO,28,True
4QLP,A,B,../../GraPPI_data/PDB/new_dimer_db/4QLP.pdb,new_dimer_db,4QLP,1,True
4QMF,D,C,../../GraPPI_data/PDB/new_dimer_db/4QMF.pdb,new_dimer_db,4QMF,1,True
4QMG,F,A,../../GraPPI_data/PDB/new_dimer_db/4QMG.pdb,new_dimer_db,4QMG,1,True
4QO1,A,B,../../GraPPI_data/PDB/new_dimer_db/4QO1.pdb,new_dimer_db,4QO1,1,True
4QPL,B,A,../../GraPPI_data/PDB/new_dimer_db/4QPL.pdb,new_dimer_db,4QPL,1,True
4QQB,A,X,../../GraPPI_data/PDB/new_dimer_db/4QQB.pdb,new_dimer_db,4QQB,1,True
4QQI,A,X,../../GraPPI_data/PDB/new_dimer_db/4QQI.pdb,new_dimer_db,4QQI,1,True
4QSY,A,B,../../GraPPI_data/PDB/new_dimer_db/4QSY.pdb,new_dimer_db,4QSY,1,True
4QT8,A,C,../../GraPPI_data/PDB/new_dimer_db/4QT8.pdb,new_dimer_db,4QT8,1,True
4QTS,A,C,../../GraPPI_data/PDB/new_dimer_db/4QTS.pdb,new_dimer_db,4QTS,1,True
4QTU,B,A,../../GraPPI_data/PDB/new_dimer_db/4QTU.pdb,new_dimer_db,4QTU,2,True
4QVF,A,B,../../GraPPI_data/PDB/new_dimer_db/4QVF.pdb,new_dimer_db,4QVF,3,True
4QXA,A,B,../../GraPPI_data/PDB/new_dimer_db/4QXA.pdb,new_dimer_db,4QXA,1,True
4QXF,B,E,../../GraPPI_data/PDB/new_dimer_db/4QXF.pdb,new_dimer_db,4QXF,1,True
4QZV,A,B,../../GraPPI_data/PDB/new_dimer_db/4QZV.pdb,new_dimer_db,4QZV,1,True
4R11,B,A,../../GraPPI_data/PDB/new_dimer_db/4R11.pdb,new_dimer_db,4R11,2,True
4R1D,A,B,../../GraPPI_data/PDB/new_dimer_db/4R1D.pdb,new_dimer_db,4R1D,1,True
4R40,B,A,../../GraPPI_data/PDB/new_dimer_db/4R40.pdb,new_dimer_db,4R40,3,True
4R62,A,B,../../GraPPI_data/PDB/new_dimer_db/4R62.pdb,new_dimer_db,4R62,1,True
4R6U,B,C,../../GraPPI_data/PDB/new_dimer_db/4R6U.pdb,new_dimer_db,4R6U,2,True
4R8T,A,B,../../GraPPI_data/PDB/new_dimer_db/4R8T.pdb,new_dimer_db,4R8T,1,True
4RA9,A,B,../../GraPPI_data/PDB/new_dimer_db/4RA9.pdb,new_dimer_db,4RA9,3,True
4RAL,D,A,../../GraPPI_data/PDB/new_dimer_db/4RAL.pdb,new_dimer_db,4RAL,1,True
4RCA,A,B,../../GraPPI_data/PDB/new_dimer_db/4RCA.pdb,new_dimer_db,4RCA,1,True
4REY,A,B,../../GraPPI_data/PDB/new_dimer_db/4REY.pdb,new_dimer_db,4REY,1,True
4RGW,A,B,../../GraPPI_data/PDB/new_dimer_db/4RGW.pdb,new_dimer_db,4RGW,1,True
4RHZ,A,B,../../GraPPI_data/PDB/new_dimer_db/4RHZ.pdb,new_dimer_db,4RHZ,1,True
4RIR,H,L,../../GraPPI_data/PDB/new_dimer_db/4RIR.pdb,new_dimer_db,4RIR,51,True
4RIY,B,A,../../GraPPI_data/PDB/new_dimer_db/4RIY.pdb,new_dimer_db,4RIY,3,True
4RKJ,A,B,../../GraPPI_data/PDB/new_dimer_db/4RKJ.pdb,new_dimer_db,4RKJ,80,True
4ROE,A,B,../../GraPPI_data/PDB/new_dimer_db/4ROE.pdb,new_dimer_db,4ROE,3,True
4ROF,A,C,../../GraPPI_data/PDB/new_dimer_db/4ROF.pdb,new_dimer_db,4ROF,1,True
4RR2,B,A,../../GraPPI_data/PDB/new_dimer_db/4RR2.pdb,new_dimer_db,4RR2,2,True
4RS1,B,A,../../GraPPI_data/PDB/new_dimer_db/4RS1.pdb,new_dimer_db,4RS1,1,True
4RSI,A,B,../../GraPPI_data/PDB/new_dimer_db/4RSI.pdb,new_dimer_db,4RSI,1,True
4RT6,A,B,../../GraPPI_data/PDB/new_dimer_db/4RT6.pdb,new_dimer_db,4RT6,1,True
4RTV,A,B,../../GraPPI_data/PDB/new_dimer_db/4RTV.pdb,new_dimer_db,4RTV,1,True
4RTW,C,D,../../GraPPI_data/PDB/new_dimer_db/4RTW.pdb,new_dimer_db,4RTW,1,True
4RTY,A,B,../../GraPPI_data/PDB/new_dimer_db/4RTY.pdb,new_dimer_db,4RTY,1,True
4RV0,B,A,../../GraPPI_data/PDB/new_dimer_db/4RV0.pdb,new_dimer_db,4RV0,1,True
4RWF,A,B,../../GraPPI_data/PDB/new_dimer_db/4RWF.pdb,new_dimer_db,4RWF,1,True
4RWG,B,C,../../GraPPI_data/PDB/new_dimer_db/4RWG.pdb,new_dimer_db,4RWG,1,True
4RWS,A,C,../../GraPPI_data/PDB/new_dimer_db/4RWS.pdb,new_dimer_db,4RWS,1,True
4RWT,D,A,../../GraPPI_data/PDB/new_dimer_db/4RWT.pdb,new_dimer_db,4RWT,1,True
4RWV,A,B,../../GraPPI_data/PDB/new_dimer_db/4RWV.pdb,new_dimer_db,4RWV,1,True
4S0H,A,B,../../GraPPI_data/PDB/new_dimer_db/4S0H.pdb,new_dimer_db,4S0H,1,True
4S0T,B,E,../../GraPPI_data/PDB/new_dimer_db/4S0T.pdb,new_dimer_db,4S0T,2,True
4S1Z,A,G,../../GraPPI_data/PDB/new_dimer_db/4S1Z.pdb,new_dimer_db,4S1Z,1,True
4SGB,E,I,../../GraPPI_data/PDB/new_dimer_db/4SGB.pdb,new_dimer_db,4SGB,1,True
4SRN,A,B,../../GraPPI_data/PDB/new_dimer_db/4SRN.pdb,new_dimer_db,4SRN,1,True
4TKN,D,A,../../GraPPI_data/PDB/new_dimer_db/4TKN.pdb,new_dimer_db,4TKN,1,True
4TKP,A,B,../../GraPPI_data/PDB/new_dimer_db/4TKP.pdb,new_dimer_db,4TKP,1,True
4TPS,B,A,../../GraPPI_data/PDB/new_dimer_db/4TPS.pdb,new_dimer_db,4TPS,1,True
4TQ1,A,B,../../GraPPI_data/PDB/new_dimer_db/4TQ1.pdb,new_dimer_db,4TQ1,1,True
4TSH,A,B,../../GraPPI_data/PDB/new_dimer_db/4TSH.pdb,new_dimer_db,4TSH,1,True
4TU3,X,A,../../GraPPI_data/PDB/new_dimer_db/4TU3.pdb,new_dimer_db,4TU3,1,True
4TVQ,A,B,../../GraPPI_data/PDB/new_dimer_db/4TVQ.pdb,new_dimer_db,4TVQ,1,True
4TVS,a,A,../../GraPPI_data/PDB/new_dimer_db/4TVS.pdb,new_dimer_db,4TVS,1,True
4TXO,D,C,../../GraPPI_data/PDB/new_dimer_db/4TXO.pdb,new_dimer_db,4TXO,1,True
4TXQ,A,C,../../GraPPI_data/PDB/new_dimer_db/4TXQ.pdb,new_dimer_db,4TXQ,1,True
4TXV,B,A,../../GraPPI_data/PDB/new_dimer_db/4TXV.pdb,new_dimer_db,4TXV,1,True
4TZO,B,A,../../GraPPI_data/PDB/new_dimer_db/4TZO.pdb,new_dimer_db,4TZO,2,True
4TZQ,B,A,../../GraPPI_data/PDB/new_dimer_db/4TZQ.pdb,new_dimer_db,4TZQ,2,True
4TZS,A,C,../../GraPPI_data/PDB/new_dimer_db/4TZS.pdb,new_dimer_db,4TZS,1,True
4U01,A,K,../../GraPPI_data/PDB/new_dimer_db/4U01.pdb,new_dimer_db,4U01,1,True
4U0Q,A,B,../../GraPPI_data/PDB/new_dimer_db/4U0Q.pdb,new_dimer_db,4U0Q,1,True
4U1C,C,A,../../GraPPI_data/PDB/new_dimer_db/4U1C.pdb,new_dimer_db,4U1C,1,True
4U1P,A,B,../../GraPPI_data/PDB/new_dimer_db/4U1P.pdb,new_dimer_db,4U1P,1,True
4U2X,D,A,../../GraPPI_data/PDB/new_dimer_db/4U2X.pdb,new_dimer_db,4U2X,1,True
4U39,J,A,../../GraPPI_data/PDB/new_dimer_db/4U39.pdb,new_dimer_db,4U39,1,True
4U4C,A,B,../../GraPPI_data/PDB/new_dimer_db/4U4C.pdb,new_dimer_db,4U4C,1,True
4U4P,A,B,../../GraPPI_data/PDB/new_dimer_db/4U4P.pdb,new_dimer_db,4U4P,1,True
4U5Y,A,D,../../GraPPI_data/PDB/new_dimer_db/4U5Y.pdb,new_dimer_db,4U5Y,1,True
4U6U,A,B,../../GraPPI_data/PDB/new_dimer_db/4U6U.pdb,new_dimer_db,4U6U,1,True
4U7E,B,A,../../GraPPI_data/PDB/new_dimer_db/4U7E.pdb,new_dimer_db,4U7E,1,True
4U7I,A,B,../../GraPPI_data/PDB/new_dimer_db/4U7I.pdb,new_dimer_db,4U7I,1,True
4U8H,B,A,../../GraPPI_data/PDB/new_dimer_db/4U8H.pdb,new_dimer_db,4U8H,3,True
4UAF,B,E,../../GraPPI_data/PDB/new_dimer_db/4UAF.pdb,new_dimer_db,4UAF,4,True
4UDA,A,B,../../GraPPI_data/PDB/new_dimer_db/4UDA.pdb,new_dimer_db,4UDA,1,True
4UDB,A,B,../../GraPPI_data/PDB/new_dimer_db/4UDB.pdb,new_dimer_db,4UDB,1,True
4UE1,B,G,../../GraPPI_data/PDB/new_dimer_db/4UE1.pdb,new_dimer_db,4UE1,2,True
4UE8,A,B,../../GraPPI_data/PDB/new_dimer_db/4UE8.pdb,new_dimer_db,4UE8,1,True
4UE9,A,B,../../GraPPI_data/PDB/new_dimer_db/4UE9.pdb,new_dimer_db,4UE9,1,True
4UEB,D,C,../../GraPPI_data/PDB/new_dimer_db/4UEB.pdb,new_dimer_db,4UEB,3,True
4UHZ,A,B,../../GraPPI_data/PDB/new_dimer_db/4UHZ.pdb,new_dimer_db,4UHZ,1,True
4UI1,D,A,../../GraPPI_data/PDB/new_dimer_db/4UI1.pdb,new_dimer_db,4UI1,1,True
4UIP,A,B,../../GraPPI_data/PDB/new_dimer_db/4UIP.pdb,new_dimer_db,4UIP,1,True
4UJ5,A,C,../../GraPPI_data/PDB/new_dimer_db/4UJ5.pdb,new_dimer_db,4UJ5,1,True
4UN1,B,A,../../GraPPI_data/PDB/new_dimer_db/4UN1.pdb,new_dimer_db,4UN1,2,True
4UN2,A,B,../../GraPPI_data/PDB/new_dimer_db/4UN2.pdb,new_dimer_db,4UN2,2,True
4UNG,B,A,../../GraPPI_data/PDB/new_dimer_db/4UNG.pdb,new_dimer_db,4UNG,2,True
4UOI,A,C,../../GraPPI_data/PDB/new_dimer_db/4UOI.pdb,new_dimer_db,4UOI,1,True
4UQY,A,B,../../GraPPI_data/PDB/new_dimer_db/4UQY.pdb,new_dimer_db,4UQY,1,True
4UQZ,A,B,../../GraPPI_data/PDB/new_dimer_db/4UQZ.pdb,new_dimer_db,4UQZ,1,True
4URZ,R,S,../../GraPPI_data/PDB/new_dimer_db/4URZ.pdb,new_dimer_db,4URZ,14,True
4UU5,A,B,../../GraPPI_data/PDB/new_dimer_db/4UU5.pdb,new_dimer_db,4UU5,1,True
4UWX,A,C,../../GraPPI_data/PDB/new_dimer_db/4UWX.pdb,new_dimer_db,4UWX,1,True
4UX3,A,B,../../GraPPI_data/PDB/new_dimer_db/4UX3.pdb,new_dimer_db,4UX3,1,True
4UX9,F,A,../../GraPPI_data/PDB/new_dimer_db/4UX9.pdb,new_dimer_db,4UX9,1,True
4UY2,A,C,../../GraPPI_data/PDB/new_dimer_db/4UY2.pdb,new_dimer_db,4UY2,2,True
4UZY,A,B,../../GraPPI_data/PDB/new_dimer_db/4UZY.pdb,new_dimer_db,4UZY,1,True
4UZZ,A,B,../../GraPPI_data/PDB/new_dimer_db/4UZZ.pdb,new_dimer_db,4UZZ,1,True
4V0O,F,E,../../GraPPI_data/PDB/new_dimer_db/4V0O.pdb,new_dimer_db,4V0O,3,True
4V0W,B,A,../../GraPPI_data/PDB/new_dimer_db/4V0W.pdb,new_dimer_db,4V0W,2,True
4V0X,A,B,../../GraPPI_data/PDB/new_dimer_db/4V0X.pdb,new_dimer_db,4V0X,1,True
4V3E,A,B,../../GraPPI_data/PDB/new_dimer_db/4V3E.pdb,new_dimer_db,4V3E,2,True
4W2O,B,A,../../GraPPI_data/PDB/new_dimer_db/4W2O.pdb,new_dimer_db,4W2O,1,True
4W2Q,B,A,../../GraPPI_data/PDB/new_dimer_db/4W2Q.pdb,new_dimer_db,4W2Q,1,True
4W4K,B,A,../../GraPPI_data/PDB/new_dimer_db/4W4K.pdb,new_dimer_db,4W4K,2,True
4W5A,A,E,../../GraPPI_data/PDB/new_dimer_db/4W5A.pdb,new_dimer_db,4W5A,1,True
4W6R,A,N,../../GraPPI_data/PDB/new_dimer_db/4W6R.pdb,new_dimer_db,4W6R,1,True
4W6W,A,B,../../GraPPI_data/PDB/new_dimer_db/4W6W.pdb,new_dimer_db,4W6W,1,True
4W6X,A,B,../../GraPPI_data/PDB/new_dimer_db/4W6X.pdb,new_dimer_db,4W6X,1,True
4W8P,A,B,../../GraPPI_data/PDB/new_dimer_db/4W8P.pdb,new_dimer_db,4W8P,1,True
4WB7,A,I,../../GraPPI_data/PDB/new_dimer_db/4WB7.pdb,new_dimer_db,4WB7,9,True
4WCI,B,A,../../GraPPI_data/PDB/new_dimer_db/4WCI.pdb,new_dimer_db,4WCI,1,True
4WEN,A,B,../../GraPPI_data/PDB/new_dimer_db/4WEN.pdb,new_dimer_db,4WEN,2,True
4WEU,B,D,../../GraPPI_data/PDB/new_dimer_db/4WEU.pdb,new_dimer_db,4WEU,1,True
4WFC,B,A,../../GraPPI_data/PDB/new_dimer_db/4WFC.pdb,new_dimer_db,4WFC,1,True
4WJ7,W,A,../../GraPPI_data/PDB/new_dimer_db/4WJ7.pdb,new_dimer_db,4WJ7,1,True
4WJP,B,A,../../GraPPI_data/PDB/new_dimer_db/4WJP.pdb,new_dimer_db,4WJP,1,True
4WJQ,B,A,../../GraPPI_data/PDB/new_dimer_db/4WJQ.pdb,new_dimer_db,4WJQ,1,True
4WJV,A,K,../../GraPPI_data/PDB/new_dimer_db/4WJV.pdb,new_dimer_db,4WJV,1,True
4WKU,A,B,../../GraPPI_data/PDB/new_dimer_db/4WKU.pdb,new_dimer_db,4WKU,27,True
4WKZ,A,B,../../GraPPI_data/PDB/new_dimer_db/4WKZ.pdb,new_dimer_db,4WKZ,1,True
4WLP,A,B,../../GraPPI_data/PDB/new_dimer_db/4WLP.pdb,new_dimer_db,4WLP,2,True
4WLQ,A,B,../../GraPPI_data/PDB/new_dimer_db/4WLQ.pdb,new_dimer_db,4WLQ,2,True
4WND,A,B,../../GraPPI_data/PDB/new_dimer_db/4WND.pdb,new_dimer_db,4WND,1,True
4WNF,A,B,../../GraPPI_data/PDB/new_dimer_db/4WNF.pdb,new_dimer_db,4WNF,1,True
4WNG,A,B,../../GraPPI_data/PDB/new_dimer_db/4WNG.pdb,new_dimer_db,4WNG,2,True
4WNH,A,D,../../GraPPI_data/PDB/new_dimer_db/4WNH.pdb,new_dimer_db,4WNH,7,True
4WP5,A,B,../../GraPPI_data/PDB/new_dimer_db/4WP5.pdb,new_dimer_db,4WP5,1,True
4WPF,B,A,../../GraPPI_data/PDB/new_dimer_db/4WPF.pdb,new_dimer_db,4WPF,1,True
4WPH,B,C,../../GraPPI_data/PDB/new_dimer_db/4WPH.pdb,new_dimer_db,4WPH,1,True
4WPI,D,A,../../GraPPI_data/PDB/new_dimer_db/4WPI.pdb,new_dimer_db,4WPI,1,True
4WSF,A,B,../../GraPPI_data/PDB/new_dimer_db/4WSF.pdb,new_dimer_db,4WSF,1,True
4WSI,X,A,../../GraPPI_data/PDB/new_dimer_db/4WSI.pdb,new_dimer_db,4WSI,1,True
4WV4,A,B,../../GraPPI_data/PDB/new_dimer_db/4WV4.pdb,new_dimer_db,4WV4,1,True
4WVD,A,C,../../GraPPI_data/PDB/new_dimer_db/4WVD.pdb,new_dimer_db,4WVD,1,True
4WVI,A,D,../../GraPPI_data/PDB/new_dimer_db/4WVI.pdb,new_dimer_db,4WVI,1,True
4WVJ,A,D,../../GraPPI_data/PDB/new_dimer_db/4WVJ.pdb,new_dimer_db,4WVJ,1,True
4WVM,A,B,../../GraPPI_data/PDB/new_dimer_db/4WVM.pdb,new_dimer_db,4WVM,1,True
4WW9,A,B,../../GraPPI_data/PDB/new_dimer_db/4WW9.pdb,new_dimer_db,4WW9,4,True
4WX7,B,A,../../GraPPI_data/PDB/new_dimer_db/4WX7.pdb,new_dimer_db,4WX7,10,True
4WXA,B,E,../../GraPPI_data/PDB/new_dimer_db/4WXA.pdb,new_dimer_db,4WXA,2,True
4WYB,B,A,../../GraPPI_data/PDB/new_dimer_db/4WYB.pdb,new_dimer_db,4WYB,1,True
4WZ3,A,B,../../GraPPI_data/PDB/new_dimer_db/4WZ3.pdb,new_dimer_db,4WZ3,1,True
4WZX,A,E,../../GraPPI_data/PDB/new_dimer_db/4WZX.pdb,new_dimer_db,4WZX,2,True
4X0N,A,B,../../GraPPI_data/PDB/new_dimer_db/4X0N.pdb,new_dimer_db,4X0N,1,True
4X1Q,P,U,../../GraPPI_data/PDB/new_dimer_db/4X1Q.pdb,new_dimer_db,4X1Q,4,True
4X1V,A,B,../../GraPPI_data/PDB/new_dimer_db/4X1V.pdb,new_dimer_db,4X1V,1,True
4X33,A,B,../../GraPPI_data/PDB/new_dimer_db/4X33.pdb,new_dimer_db,4X33,1,True
4X3G,A,C,../../GraPPI_data/PDB/new_dimer_db/4X3G.pdb,new_dimer_db,4X3G,1,True
4X86,A,B,../../GraPPI_data/PDB/new_dimer_db/4X86.pdb,new_dimer_db,4X86,2,True
4X8K,A,B,../../GraPPI_data/PDB/new_dimer_db/4X8K.pdb,new_dimer_db,4X8K,1,True
4X8P,A,B,../../GraPPI_data/PDB/new_dimer_db/4X8P.pdb,new_dimer_db,4X8P,1,True
4XA9,a,A,../../GraPPI_data/PDB/new_dimer_db/4XA9.pdb,new_dimer_db,4XA9,1,True
4XAX,A,B,../../GraPPI_data/PDB/new_dimer_db/4XAX.pdb,new_dimer_db,4XAX,1,True
4XBU,A,B,../../GraPPI_data/PDB/new_dimer_db/4XBU.pdb,new_dimer_db,4XBU,1,True
4XC2,A,E,../../GraPPI_data/PDB/new_dimer_db/4XC2.pdb,new_dimer_db,4XC2,1,True
4XCO,A,C,../../GraPPI_data/PDB/new_dimer_db/4XCO.pdb,new_dimer_db,4XCO,1,True
4XDN,A,B,../../GraPPI_data/PDB/new_dimer_db/4XDN.pdb,new_dimer_db,4XDN,1,True
4XEK,A,C,../../GraPPI_data/PDB/new_dimer_db/4XEK.pdb,new_dimer_db,4XEK,1,True
4XEV,A,C,../../GraPPI_data/PDB/new_dimer_db/4XEV.pdb,new_dimer_db,4XEV,1,True
4XGA,A,B,../../GraPPI_data/PDB/new_dimer_db/4XGA.pdb,new_dimer_db,4XGA,1,True
4XH9,B,A,../../GraPPI_data/PDB/new_dimer_db/4XH9.pdb,new_dimer_db,4XH9,1,True
4XHU,D,C,../../GraPPI_data/PDB/new_dimer_db/4XHU.pdb,new_dimer_db,4XHU,1,True
4XHV,A,B,../../GraPPI_data/PDB/new_dimer_db/4XHV.pdb,new_dimer_db,4XHV,1,True
4XIF,A,E,../../GraPPI_data/PDB/new_dimer_db/4XIF.pdb,new_dimer_db,4XIF,1,True
4XIZ,A,N,../../GraPPI_data/PDB/new_dimer_db/4XIZ.pdb,new_dimer_db,4XIZ,2,True
4XKL,B,A,../../GraPPI_data/PDB/new_dimer_db/4XKL.pdb,new_dimer_db,4XKL,1,True
4XL5,A,C,../../GraPPI_data/PDB/new_dimer_db/4XL5.pdb,new_dimer_db,4XL5,1,True
4XLW,B,A,../../GraPPI_data/PDB/new_dimer_db/4XLW.pdb,new_dimer_db,4XLW,2,True
4XOA,B,A,../../GraPPI_data/PDB/new_dimer_db/4XOA.pdb,new_dimer_db,4XOA,1,True
4XOB,B,A,../../GraPPI_data/PDB/new_dimer_db/4XOB.pdb,new_dimer_db,4XOB,1,True
4XOI,B,A,../../GraPPI_data/PDB/new_dimer_db/4XOI.pdb,new_dimer_db,4XOI,1,True
4XPN,B,A,../../GraPPI_data/PDB/new_dimer_db/4XPN.pdb,new_dimer_db,4XPN,1,True
4XRS,B,I,../../GraPPI_data/PDB/new_dimer_db/4XRS.pdb,new_dimer_db,4XRS,1,True
4XST,E,F,../../GraPPI_data/PDB/new_dimer_db/4XST.pdb,new_dimer_db,4XST,1,True
4XVP,A,D,../../GraPPI_data/PDB/new_dimer_db/4XVP.pdb,new_dimer_db,4XVP,1,True
4XWJ,A,B,../../GraPPI_data/PDB/new_dimer_db/4XWJ.pdb,new_dimer_db,4XWJ,1,True
4XXB,A,B,../../GraPPI_data/PDB/new_dimer_db/4XXB.pdb,new_dimer_db,4XXB,1,True
4XZ1,A,B,../../GraPPI_data/PDB/new_dimer_db/4XZ1.pdb,new_dimer_db,4XZ1,2,True
4XZR,A,B,../../GraPPI_data/PDB/new_dimer_db/4XZR.pdb,new_dimer_db,4XZR,1,True
4Y29,A,B,../../GraPPI_data/PDB/new_dimer_db/4Y29.pdb,new_dimer_db,4Y29,1,True
4Y2O,A,B,../../GraPPI_data/PDB/new_dimer_db/4Y2O.pdb,new_dimer_db,4Y2O,1,True
4Y5O,A,B,../../GraPPI_data/PDB/new_dimer_db/4Y5O.pdb,new_dimer_db,4Y5O,1,True
4Y61,A,B,../../GraPPI_data/PDB/new_dimer_db/4Y61.pdb,new_dimer_db,4Y61,1,True
4Y66,A,B,../../GraPPI_data/PDB/new_dimer_db/4Y66.pdb,new_dimer_db,4Y66,1,True
4Y7M,A,C,../../GraPPI_data/PDB/new_dimer_db/4Y7M.pdb,new_dimer_db,4Y7M,1,True
4Y7O,A,C,../../GraPPI_data/PDB/new_dimer_db/4Y7O.pdb,new_dimer_db,4Y7O,1,True
4Y8D,A,C,../../GraPPI_data/PDB/new_dimer_db/4Y8D.pdb,new_dimer_db,4Y8D,2,True
4Y97,B,A,../../GraPPI_data/PDB/new_dimer_db/4Y97.pdb,new_dimer_db,4Y97,1,True
4YAQ,H,L,../../GraPPI_data/PDB/new_dimer_db/4YAQ.pdb,new_dimer_db,4YAQ,60,True
4YC7,B,A,../../GraPPI_data/PDB/new_dimer_db/4YC7.pdb,new_dimer_db,4YC7,1,True
4YDY,A,I,../../GraPPI_data/PDB/new_dimer_db/4YDY.pdb,new_dimer_db,4YDY,1,True
4YFD,B,A,../../GraPPI_data/PDB/new_dimer_db/4YFD.pdb,new_dimer_db,4YFD,1,True
4YGA,B,A,../../GraPPI_data/PDB/new_dimer_db/4YGA.pdb,new_dimer_db,4YGA,1,True
4YGW,b,B,../../GraPPI_data/PDB/new_dimer_db/4YGW.pdb,new_dimer_db,4YGW,2,True
4YGX,B,A,../../GraPPI_data/PDB/new_dimer_db/4YGX.pdb,new_dimer_db,4YGX,7,True
4YI0,C,A,../../GraPPI_data/PDB/new_dimer_db/4YI0.pdb,new_dimer_db,4YI0,1,True
4YII,U,A,../../GraPPI_data/PDB/new_dimer_db/4YII.pdb,new_dimer_db,4YII,1,True
4YIQ,B,A,../../GraPPI_data/PDB/new_dimer_db/4YIQ.pdb,new_dimer_db,4YIQ,4,True
4YIZ,B,A,../../GraPPI_data/PDB/new_dimer_db/4YIZ.pdb,new_dimer_db,4YIZ,3,True
4YJ4,A,B,../../GraPPI_data/PDB/new_dimer_db/4YJ4.pdb,new_dimer_db,4YJ4,1,True
4YJE,A,B,../../GraPPI_data/PDB/new_dimer_db/4YJE.pdb,new_dimer_db,4YJE,1,True
4YJL,A,G,../../GraPPI_data/PDB/new_dimer_db/4YJL.pdb,new_dimer_db,4YJL,1,True
4YJZ,E,L,../../GraPPI_data/PDB/new_dimer_db/4YJZ.pdb,new_dimer_db,4YJZ,1,True
4YK6,B,A,../../GraPPI_data/PDB/new_dimer_db/4YK6.pdb,new_dimer_db,4YK6,1,True
4YK8,A,B,../../GraPPI_data/PDB/new_dimer_db/4YK8.pdb,new_dimer_db,4YK8,1,True
4YL6,A,B,../../GraPPI_data/PDB/new_dimer_db/4YL6.pdb,new_dimer_db,4YL6,1,True
4YL8,A,B,../../GraPPI_data/PDB/new_dimer_db/4YL8.pdb,new_dimer_db,4YL8,1,True
4YM4,A,B,../../GraPPI_data/PDB/new_dimer_db/4YM4.pdb,new_dimer_db,4YM4,1,True
4YN0,A,B,../../GraPPI_data/PDB/new_dimer_db/4YN0.pdb,new_dimer_db,4YN0,1,True
4YN3,A,B,../../GraPPI_data/PDB/new_dimer_db/4YN3.pdb,new_dimer_db,4YN3,1,True
4YOC,A,C,../../GraPPI_data/PDB/new_dimer_db/4YOC.pdb,new_dimer_db,4YOC,3,True
4YOM,B,A,../../GraPPI_data/PDB/new_dimer_db/4YOM.pdb,new_dimer_db,4YOM,1,True
4YOO,A,X,../../GraPPI_data/PDB/new_dimer_db/4YOO.pdb,new_dimer_db,4YOO,1,True
4YOS,A,E,../../GraPPI_data/PDB/new_dimer_db/4YOS.pdb,new_dimer_db,4YOS,1,True
4YR8,E,G,../../GraPPI_data/PDB/new_dimer_db/4YR8.pdb,new_dimer_db,4YR8,1,True
4YWC,A,C,../../GraPPI_data/PDB/new_dimer_db/4YWC.pdb,new_dimer_db,4YWC,2,True
4YX5,A,B,../../GraPPI_data/PDB/new_dimer_db/4YX5.pdb,new_dimer_db,4YX5,1,True
4YXC,A,B,../../GraPPI_data/PDB/new_dimer_db/4YXC.pdb,new_dimer_db,4YXC,1,True
4YXL,A,H,../../GraPPI_data/PDB/new_dimer_db/4YXL.pdb,new_dimer_db,4YXL,4,True
4YYP,A,B,../../GraPPI_data/PDB/new_dimer_db/4YYP.pdb,new_dimer_db,4YYP,1,True
4Z68,A,E,../../GraPPI_data/PDB/new_dimer_db/4Z68.pdb,new_dimer_db,4Z68,1,True
4Z80,A,C,../../GraPPI_data/PDB/new_dimer_db/4Z80.pdb,new_dimer_db,4Z80,1,True
4Z88,M,A,../../GraPPI_data/PDB/new_dimer_db/4Z88.pdb,new_dimer_db,4Z88,1,True
4Z89,a,A,../../GraPPI_data/PDB/new_dimer_db/4Z89.pdb,new_dimer_db,4Z89,1,True
4Z8A,A,B,../../GraPPI_data/PDB/new_dimer_db/4Z8A.pdb,new_dimer_db,4Z8A,1,True
4Z94,A,G,../../GraPPI_data/PDB/new_dimer_db/4Z94.pdb,new_dimer_db,4Z94,2,True
4Z9K,A,B,../../GraPPI_data/PDB/new_dimer_db/4Z9K.pdb,new_dimer_db,4Z9K,2,True
4ZDT,B,A,../../GraPPI_data/PDB/new_dimer_db/4ZDT.pdb,new_dimer_db,4ZDT,1,True
4ZDU,A,B,../../GraPPI_data/PDB/new_dimer_db/4ZDU.pdb,new_dimer_db,4ZDU,1,True
4ZFW,A,B,../../GraPPI_data/PDB/new_dimer_db/4ZFW.pdb,new_dimer_db,4ZFW,41,True
4ZH1,A,B,../../GraPPI_data/PDB/new_dimer_db/4ZH1.pdb,new_dimer_db,4ZH1,1,True
4ZHM,P,U,../../GraPPI_data/PDB/new_dimer_db/4ZHM.pdb,new_dimer_db,4ZHM,4,True
4ZI2,A,C,../../GraPPI_data/PDB/new_dimer_db/4ZI2.pdb,new_dimer_db,4ZI2,1,True
4ZJV,A,C,../../GraPPI_data/PDB/new_dimer_db/4ZJV.pdb,new_dimer_db,4ZJV,1,True
4ZKB,A,B,../../GraPPI_data/PDB/new_dimer_db/4ZKB.pdb,new_dimer_db,4ZKB,1,True
4ZKC,A,B,../../GraPPI_data/PDB/new_dimer_db/4ZKC.pdb,new_dimer_db,4ZKC,2,True
4ZLK,A,B,../../GraPPI_data/PDB/new_dimer_db/4ZLK.pdb,new_dimer_db,4ZLK,1,True
4ZLT,F,B,../../GraPPI_data/PDB/new_dimer_db/4ZLT.pdb,new_dimer_db,4ZLT,1,True
4ZN1,A,B,../../GraPPI_data/PDB/new_dimer_db/4ZN1.pdb,new_dimer_db,4ZN1,2,True
4ZN3,A,B,../../GraPPI_data/PDB/new_dimer_db/4ZN3.pdb,new_dimer_db,4ZN3,1,True
4ZNC,D,A,../../GraPPI_data/PDB/new_dimer_db/4ZNC.pdb,new_dimer_db,4ZNC,2,True
4ZNY,A,B,../../GraPPI_data/PDB/new_dimer_db/4ZNY.pdb,new_dimer_db,4ZNY,1,True
4ZOQ,A,I,../../GraPPI_data/PDB/new_dimer_db/4ZOQ.pdb,new_dimer_db,4ZOQ,1,True
4ZOX,A,B,../../GraPPI_data/PDB/new_dimer_db/4ZOX.pdb,new_dimer_db,4ZOX,1,True
4ZOZ,Y,A,../../GraPPI_data/PDB/new_dimer_db/4ZOZ.pdb,new_dimer_db,4ZOZ,1,True
4ZQU,A,B,../../GraPPI_data/PDB/new_dimer_db/4ZQU.pdb,new_dimer_db,4ZQU,1,True
4ZQW,B,A,../../GraPPI_data/PDB/new_dimer_db/4ZQW.pdb,new_dimer_db,4ZQW,1,True
4ZRJ,A,B,../../GraPPI_data/PDB/new_dimer_db/4ZRJ.pdb,new_dimer_db,4ZRJ,1,True
4ZRK,A,E,../../GraPPI_data/PDB/new_dimer_db/4ZRK.pdb,new_dimer_db,4ZRK,1,True
4ZRL,A,B,../../GraPPI_data/PDB/new_dimer_db/4ZRL.pdb,new_dimer_db,4ZRL,1,True
4ZRQ,A,C,../../GraPPI_data/PDB/new_dimer_db/4ZRQ.pdb,new_dimer_db,4ZRQ,2,True
4ZV0,A,B,../../GraPPI_data/PDB/new_dimer_db/4ZV0.pdb,new_dimer_db,4ZV0,1,True
4ZV6,A,B,../../GraPPI_data/PDB/new_dimer_db/4ZV6.pdb,new_dimer_db,4ZV6,1,True
4ZW2,A,B,../../GraPPI_data/PDB/new_dimer_db/4ZW2.pdb,new_dimer_db,4ZW2,1,True
5A29,A,B,../../GraPPI_data/PDB/new_dimer_db/5A29.pdb,new_dimer_db,5A29,1,True
5A5H,B,A,../../GraPPI_data/PDB/new_dimer_db/5A5H.pdb,new_dimer_db,5A5H,3,True
5AAW,A,C,../../GraPPI_data/PDB/new_dimer_db/5AAW.pdb,new_dimer_db,5AAW,6,True
5ABV,B,A,../../GraPPI_data/PDB/new_dimer_db/5ABV.pdb,new_dimer_db,5ABV,2,True
5ABY,B,A,../../GraPPI_data/PDB/new_dimer_db/5ABY.pdb,new_dimer_db,5ABY,2,True
5AEI,D,A,../../GraPPI_data/PDB/new_dimer_db/5AEI.pdb,new_dimer_db,5AEI,1,True
5AF6,H,A,../../GraPPI_data/PDB/new_dimer_db/5AF6.pdb,new_dimer_db,5AF6,1,True
5AFP,B,C,../../GraPPI_data/PDB/new_dimer_db/5AFP.pdb,new_dimer_db,5AFP,1,True
5AGX,D,A,../../GraPPI_data/PDB/new_dimer_db/5AGX.pdb,new_dimer_db,5AGX,2,True
5AIE,A,B,../../GraPPI_data/PDB/new_dimer_db/5AIE.pdb,new_dimer_db,5AIE,2,True
5AJN,A,P,../../GraPPI_data/PDB/new_dimer_db/5AJN.pdb,new_dimer_db,5AJN,1,True
5AJO,A,B,../../GraPPI_data/PDB/new_dimer_db/5AJO.pdb,new_dimer_db,5AJO,1,True
5AJP,A,B,../../GraPPI_data/PDB/new_dimer_db/5AJP.pdb,new_dimer_db,5AJP,1,True
5AQB,A,B,../../GraPPI_data/PDB/new_dimer_db/5AQB.pdb,new_dimer_db,5AQB,1,True
5AQV,A,B,../../GraPPI_data/PDB/new_dimer_db/5AQV.pdb,new_dimer_db,5AQV,22,True
5AWT,A,B,../../GraPPI_data/PDB/new_dimer_db/5AWT.pdb,new_dimer_db,5AWT,1,True
5AWU,A,B,../../GraPPI_data/PDB/new_dimer_db/5AWU.pdb,new_dimer_db,5AWU,1,True
5AX3,A,B,../../GraPPI_data/PDB/new_dimer_db/5AX3.pdb,new_dimer_db,5AX3,1,True
5AZ8,A,B,../../GraPPI_data/PDB/new_dimer_db/5AZ8.pdb,new_dimer_db,5AZ8,1,True
5AZT,A,C,../../GraPPI_data/PDB/new_dimer_db/5AZT.pdb,new_dimer_db,5AZT,3,True
5B19,A,B,../../GraPPI_data/PDB/new_dimer_db/5B19.pdb,new_dimer_db,5B19,1,True
5B2G,A,B,../../GraPPI_data/PDB/new_dimer_db/5B2G.pdb,new_dimer_db,5B2G,1,True
5B3G,A,B,../../GraPPI_data/PDB/new_dimer_db/5B3G.pdb,new_dimer_db,5B3G,1,True
5B4P,B,A,../../GraPPI_data/PDB/new_dimer_db/5B4P.pdb,new_dimer_db,5B4P,1,True
5B4W,A,G,../../GraPPI_data/PDB/new_dimer_db/5B4W.pdb,new_dimer_db,5B4W,1,True
5B4X,B,A,../../GraPPI_data/PDB/new_dimer_db/5B4X.pdb,new_dimer_db,5B4X,1,True
5B64,A,B,../../GraPPI_data/PDB/new_dimer_db/5B64.pdb,new_dimer_db,5B64,1,True
5B6C,A,B,../../GraPPI_data/PDB/new_dimer_db/5B6C.pdb,new_dimer_db,5B6C,1,True
5B78,A,B,../../GraPPI_data/PDB/new_dimer_db/5B78.pdb,new_dimer_db,5B78,1,True
5BMU,B,A,../../GraPPI_data/PDB/new_dimer_db/5BMU.pdb,new_dimer_db,5BMU,1,True
5BNB,B,F,../../GraPPI_data/PDB/new_dimer_db/5BNB.pdb,new_dimer_db,5BNB,1,True
5BOP,B,A,../../GraPPI_data/PDB/new_dimer_db/5BOP.pdb,new_dimer_db,5BOP,1,True
5BQM,B,A,../../GraPPI_data/PDB/new_dimer_db/5BQM.pdb,new_dimer_db,5BQM,3,True
5BRK,A,B,../../GraPPI_data/PDB/new_dimer_db/5BRK.pdb,new_dimer_db,5BRK,4,True
5BTR,A,C,../../GraPPI_data/PDB/new_dimer_db/5BTR.pdb,new_dimer_db,5BTR,1,True
5BUO,A,B,../../GraPPI_data/PDB/new_dimer_db/5BUO.pdb,new_dimer_db,5BUO,1,True
5BV1,B,A,../../GraPPI_data/PDB/new_dimer_db/5BV1.pdb,new_dimer_db,5BV1,2,True
5BW0,B,A,../../GraPPI_data/PDB/new_dimer_db/5BW0.pdb,new_dimer_db,5BW0,1,True
5BWA,A,B,../../GraPPI_data/PDB/new_dimer_db/5BWA.pdb,new_dimer_db,5BWA,2,True
5BWD,A,C,../../GraPPI_data/PDB/new_dimer_db/5BWD.pdb,new_dimer_db,5BWD,1,True
5BWM,A,B,../../GraPPI_data/PDB/new_dimer_db/5BWM.pdb,new_dimer_db,5BWM,3,True
5BZ0,A,B,../../GraPPI_data/PDB/new_dimer_db/5BZ0.pdb,new_dimer_db,5BZ0,1,True
5C2U,B,A,../../GraPPI_data/PDB/new_dimer_db/5C2U.pdb,new_dimer_db,5C2U,1,True
5C3F,A,B,../../GraPPI_data/PDB/new_dimer_db/5C3F.pdb,new_dimer_db,5C3F,1,True
5C56,B,A,../../GraPPI_data/PDB/new_dimer_db/5C56.pdb,new_dimer_db,5C56,1,True
5C58,A,B,../../GraPPI_data/PDB/new_dimer_db/5C58.pdb,new_dimer_db,5C58,4,True
5C5B,B,A,../../GraPPI_data/PDB/new_dimer_db/5C5B.pdb,new_dimer_db,5C5B,1,True
5C6D,A,C,../../GraPPI_data/PDB/new_dimer_db/5C6D.pdb,new_dimer_db,5C6D,1,True
5C6G,B,A,../../GraPPI_data/PDB/new_dimer_db/5C6G.pdb,new_dimer_db,5C6G,1,True
5C6H,A,B,../../GraPPI_data/PDB/new_dimer_db/5C6H.pdb,new_dimer_db,5C6H,1,True
5C6P,A,B,../../GraPPI_data/PDB/new_dimer_db/5C6P.pdb,new_dimer_db,5C6P,5,True
5C74,A,B,../../GraPPI_data/PDB/new_dimer_db/5C74.pdb,new_dimer_db,5C74,1,True
5C7J,A,C,../../GraPPI_data/PDB/new_dimer_db/5C7J.pdb,new_dimer_db,5C7J,2,True
5CBN,B,A,../../GraPPI_data/PDB/new_dimer_db/5CBN.pdb,new_dimer_db,5CBN,1,True
5CDF,A,E,../../GraPPI_data/PDB/new_dimer_db/5CDF.pdb,new_dimer_db,5CDF,1,True
5CE3,B,A,../../GraPPI_data/PDB/new_dimer_db/5CE3.pdb,new_dimer_db,5CE3,2,True
5CER,B,A,../../GraPPI_data/PDB/new_dimer_db/5CER.pdb,new_dimer_db,5CER,3,True
5CFA,A,C,../../GraPPI_data/PDB/new_dimer_db/5CFA.pdb,new_dimer_db,5CFA,1,True
5CHL,A,B,../../GraPPI_data/PDB/new_dimer_db/5CHL.pdb,new_dimer_db,5CHL,1,True
5CHV,A,C,../../GraPPI_data/PDB/new_dimer_db/5CHV.pdb,new_dimer_db,5CHV,1,True
5CK3,B,A,../../GraPPI_data/PDB/new_dimer_db/5CK3.pdb,new_dimer_db,5CK3,1,True
5CM2,Z,M,../../GraPPI_data/PDB/new_dimer_db/5CM2.pdb,new_dimer_db,5CM2,1,True
5CM9,A,C,../../GraPPI_data/PDB/new_dimer_db/5CM9.pdb,new_dimer_db,5CM9,2,True
5CRV,A,C,../../GraPPI_data/PDB/new_dimer_db/5CRV.pdb,new_dimer_db,5CRV,1,True
5CRW,A,B,../../GraPPI_data/PDB/new_dimer_db/5CRW.pdb,new_dimer_db,5CRW,1,True
5CTR,A,C,../../GraPPI_data/PDB/new_dimer_db/5CTR.pdb,new_dimer_db,5CTR,1,True
5CTT,A,B,../../GraPPI_data/PDB/new_dimer_db/5CTT.pdb,new_dimer_db,5CTT,1,True
5CUL,A,B,../../GraPPI_data/PDB/new_dimer_db/5CUL.pdb,new_dimer_db,5CUL,1,True
5CVM,A,B,../../GraPPI_data/PDB/new_dimer_db/5CVM.pdb,new_dimer_db,5CVM,34,True
5CW5,A,D,../../GraPPI_data/PDB/new_dimer_db/5CW5.pdb,new_dimer_db,5CW5,1,True
5CXT,C,D,../../GraPPI_data/PDB/new_dimer_db/5CXT.pdb,new_dimer_db,5CXT,2,True
5CZF,D,A,../../GraPPI_data/PDB/new_dimer_db/5CZF.pdb,new_dimer_db,5CZF,1,True
5CZO,A,C,../../GraPPI_data/PDB/new_dimer_db/5CZO.pdb,new_dimer_db,5CZO,2,True
5D1M,A,B,../../GraPPI_data/PDB/new_dimer_db/5D1M.pdb,new_dimer_db,5D1M,3,True
5D2M,A,B,../../GraPPI_data/PDB/new_dimer_db/5D2M.pdb,new_dimer_db,5D2M,1,True
5D3I,A,B,../../GraPPI_data/PDB/new_dimer_db/5D3I.pdb,new_dimer_db,5D3I,1,True
5D5K,C,B,../../GraPPI_data/PDB/new_dimer_db/5D5K.pdb,new_dimer_db,5D5K,1,True
5D6H,A,B,../../GraPPI_data/PDB/new_dimer_db/5D6H.pdb,new_dimer_db,5D6H,1,True
5D6J,A,B,../../GraPPI_data/PDB/new_dimer_db/5D6J.pdb,new_dimer_db,5D6J,1,True
5D94,A,B,../../GraPPI_data/PDB/new_dimer_db/5D94.pdb,new_dimer_db,5D94,1,True
5DA0,A,B,../../GraPPI_data/PDB/new_dimer_db/5DA0.pdb,new_dimer_db,5DA0,1,True
5DA7,B,A,../../GraPPI_data/PDB/new_dimer_db/5DA7.pdb,new_dimer_db,5DA7,1,True
5DAR,B,C,../../GraPPI_data/PDB/new_dimer_db/5DAR.pdb,new_dimer_db,5DAR,1,True
5DBR,A,C,../../GraPPI_data/PDB/new_dimer_db/5DBR.pdb,new_dimer_db,5DBR,1,True
5DC0,A,B,../../GraPPI_data/PDB/new_dimer_db/5DC0.pdb,new_dimer_db,5DC0,1,True
5DC9,A,B,../../GraPPI_data/PDB/new_dimer_db/5DC9.pdb,new_dimer_db,5DC9,2,True
5DCQ,C,F,../../GraPPI_data/PDB/new_dimer_db/5DCQ.pdb,new_dimer_db,5DCQ,1,True
5DE2,A,C,../../GraPPI_data/PDB/new_dimer_db/5DE2.pdb,new_dimer_db,5DE2,1,True
5DHH,A,B,../../GraPPI_data/PDB/new_dimer_db/5DHH.pdb,new_dimer_db,5DHH,3,True
5DHM,A,C,../../GraPPI_data/PDB/new_dimer_db/5DHM.pdb,new_dimer_db,5DHM,1,True
5DHX,B,C,../../GraPPI_data/PDB/new_dimer_db/5DHX.pdb,new_dimer_db,5DHX,1,True
5DI3,B,A,../../GraPPI_data/PDB/new_dimer_db/5DI3.pdb,new_dimer_db,5DI3,1,True
5DJU,B,A,../../GraPPI_data/PDB/new_dimer_db/5DJU.pdb,new_dimer_db,5DJU,2,True
5DMB,A,D,../../GraPPI_data/PDB/new_dimer_db/5DMB.pdb,new_dimer_db,5DMB,1,True
5DMJ,B,A,../../GraPPI_data/PDB/new_dimer_db/5DMJ.pdb,new_dimer_db,5DMJ,1,True
5DMR,A,B,../../GraPPI_data/PDB/new_dimer_db/5DMR.pdb,new_dimer_db,5DMR,1,True
5DMV,C,D,../../GraPPI_data/PDB/new_dimer_db/5DMV.pdb,new_dimer_db,5DMV,1,True
5DOI,A,E,../../GraPPI_data/PDB/new_dimer_db/5DOI.pdb,new_dimer_db,5DOI,1,True
5DOW,B,A,../../GraPPI_data/PDB/new_dimer_db/5DOW.pdb,new_dimer_db,5DOW,1,True
5DQS,A,D,../../GraPPI_data/PDB/new_dimer_db/5DQS.pdb,new_dimer_db,5DQS,1,True
5DSE,B,A,../../GraPPI_data/PDB/new_dimer_db/5DSE.pdb,new_dimer_db,5DSE,1,True
5DUD,B,A,../../GraPPI_data/PDB/new_dimer_db/5DUD.pdb,new_dimer_db,5DUD,1,True
5DV3,A,B,../../GraPPI_data/PDB/new_dimer_db/5DV3.pdb,new_dimer_db,5DV3,1,True
5DV6,A,B,../../GraPPI_data/PDB/new_dimer_db/5DV6.pdb,new_dimer_db,5DV6,1,True
5DV8,A,B,../../GraPPI_data/PDB/new_dimer_db/5DV8.pdb,new_dimer_db,5DV8,1,True
5DWL,A,B,../../GraPPI_data/PDB/new_dimer_db/5DWL.pdb,new_dimer_db,5DWL,1,True
5DXH,B,A,../../GraPPI_data/PDB/new_dimer_db/5DXH.pdb,new_dimer_db,5DXH,3,True
5E0Q,A,B,../../GraPPI_data/PDB/new_dimer_db/5E0Q.pdb,new_dimer_db,5E0Q,1,True
5E0U,D,A,../../GraPPI_data/PDB/new_dimer_db/5E0U.pdb,new_dimer_db,5E0U,1,True
5E0V,A,C,../../GraPPI_data/PDB/new_dimer_db/5E0V.pdb,new_dimer_db,5E0V,1,True
5E3E,B,A,../../GraPPI_data/PDB/new_dimer_db/5E3E.pdb,new_dimer_db,5E3E,1,True
5E5M,B,A,../../GraPPI_data/PDB/new_dimer_db/5E5M.pdb,new_dimer_db,5E5M,1,True
5E5U,B,A,../../GraPPI_data/PDB/new_dimer_db/5E5U.pdb,new_dimer_db,5E5U,3,True
5E66,A,B,../../GraPPI_data/PDB/new_dimer_db/5E66.pdb,new_dimer_db,5E66,1,True
5E6P,A,B,../../GraPPI_data/PDB/new_dimer_db/5E6P.pdb,new_dimer_db,5E6P,1,True
5E6Q,B,A,../../GraPPI_data/PDB/new_dimer_db/5E6Q.pdb,new_dimer_db,5E6Q,1,True
5E6U,A,B,../../GraPPI_data/PDB/new_dimer_db/5E6U.pdb,new_dimer_db,5E6U,3,True
5E7O,B,A,../../GraPPI_data/PDB/new_dimer_db/5E7O.pdb,new_dimer_db,5E7O,4,True
5E8C,A,B,../../GraPPI_data/PDB/new_dimer_db/5E8C.pdb,new_dimer_db,5E8C,3,True
5E8J,A,C,../../GraPPI_data/PDB/new_dimer_db/5E8J.pdb,new_dimer_db,5E8J,1,True
5E95,B,A,../../GraPPI_data/PDB/new_dimer_db/5E95.pdb,new_dimer_db,5E95,1,True
5ECJ,A,E,../../GraPPI_data/PDB/new_dimer_db/5ECJ.pdb,new_dimer_db,5ECJ,1,True
5EEL,B,E,../../GraPPI_data/PDB/new_dimer_db/5EEL.pdb,new_dimer_db,5EEL,1,True
5EG3,A,B,../../GraPPI_data/PDB/new_dimer_db/5EG3.pdb,new_dimer_db,5EG3,1,True
5EG6,C,R,../../GraPPI_data/PDB/new_dimer_db/5EG6.pdb,new_dimer_db,5EG6,1,True
5EGO,A,B,../../GraPPI_data/PDB/new_dimer_db/5EGO.pdb,new_dimer_db,5EGO,2,True
5EIY,A,B,../../GraPPI_data/PDB/new_dimer_db/5EIY.pdb,new_dimer_db,5EIY,2,True
5EJD,B,A,../../GraPPI_data/PDB/new_dimer_db/5EJD.pdb,new_dimer_db,5EJD,1,True
5EM2,B,A,../../GraPPI_data/PDB/new_dimer_db/5EM2.pdb,new_dimer_db,5EM2,4,True
5EP6,B,A,../../GraPPI_data/PDB/new_dimer_db/5EP6.pdb,new_dimer_db,5EP6,1,True
5EPL,A,B,../../GraPPI_data/PDB/new_dimer_db/5EPL.pdb,new_dimer_db,5EPL,1,True
5EPP,A,B,../../GraPPI_data/PDB/new_dimer_db/5EPP.pdb,new_dimer_db,5EPP,1,True
5EQL,A,B,../../GraPPI_data/PDB/new_dimer_db/5EQL.pdb,new_dimer_db,5EQL,3,True
5ET0,B,A,../../GraPPI_data/PDB/new_dimer_db/5ET0.pdb,new_dimer_db,5ET0,1,True
5ET1,A,C,../../GraPPI_data/PDB/new_dimer_db/5ET1.pdb,new_dimer_db,5ET1,1,True
5ETA,D,B,../../GraPPI_data/PDB/new_dimer_db/5ETA.pdb,new_dimer_db,5ETA,1,True
5EU0,A,B,../../GraPPI_data/PDB/new_dimer_db/5EU0.pdb,new_dimer_db,5EU0,4,True
5EVE,A,B,../../GraPPI_data/PDB/new_dimer_db/5EVE.pdb,new_dimer_db,5EVE,1,True
5EW5,A,E,../../GraPPI_data/PDB/new_dimer_db/5EW5.pdb,new_dimer_db,5EW5,1,True
5EWL,A,B,../../GraPPI_data/PDB/new_dimer_db/5EWL.pdb,new_dimer_db,5EWL,14,True
5EYK,D,A,../../GraPPI_data/PDB/new_dimer_db/5EYK.pdb,new_dimer_db,5EYK,1,True
5EZ0,D,H,../../GraPPI_data/PDB/new_dimer_db/5EZ0.pdb,new_dimer_db,5EZ0,1,True
5EZN,A,E,../../GraPPI_data/PDB/new_dimer_db/5EZN.pdb,new_dimer_db,5EZN,1,True
5F0E,A,B,../../GraPPI_data/PDB/new_dimer_db/5F0E.pdb,new_dimer_db,5F0E,19,True
5F0O,A,E,../../GraPPI_data/PDB/new_dimer_db/5F0O.pdb,new_dimer_db,5F0O,1,True
5F1K,A,C,../../GraPPI_data/PDB/new_dimer_db/5F1K.pdb,new_dimer_db,5F1K,1,True
5F1O,A,B,../../GraPPI_data/PDB/new_dimer_db/5F1O.pdb,new_dimer_db,5F1O,1,True
5F21,A,B,../../GraPPI_data/PDB/new_dimer_db/5F21.pdb,new_dimer_db,5F21,1,True
5F3X,B,A,../../GraPPI_data/PDB/new_dimer_db/5F3X.pdb,new_dimer_db,5F3X,2,True
5F3Y,A,B,../../GraPPI_data/PDB/new_dimer_db/5F3Y.pdb,new_dimer_db,5F3Y,1,True
5F5S,A,B,../../GraPPI_data/PDB/new_dimer_db/5F5S.pdb,new_dimer_db,5F5S,1,True
5F5T,A,C,../../GraPPI_data/PDB/new_dimer_db/5F5T.pdb,new_dimer_db,5F5T,1,True
5F67,A,C,../../GraPPI_data/PDB/new_dimer_db/5F67.pdb,new_dimer_db,5F67,1,True
5F72,S,K,../../GraPPI_data/PDB/new_dimer_db/5F72.pdb,new_dimer_db,5F72,1,True
5F74,A,B,../../GraPPI_data/PDB/new_dimer_db/5F74.pdb,new_dimer_db,5F74,2,True
5F7L,B,A,../../GraPPI_data/PDB/new_dimer_db/5F7L.pdb,new_dimer_db,5F7L,1,True
5F8Z,A,B,../../GraPPI_data/PDB/new_dimer_db/5F8Z.pdb,new_dimer_db,5F8Z,3,True
5F9D,A,C,../../GraPPI_data/PDB/new_dimer_db/5F9D.pdb,new_dimer_db,5F9D,11,True
5FBR,A,B,../../GraPPI_data/PDB/new_dimer_db/5FBR.pdb,new_dimer_db,5FBR,2,True
5FBY,A,B,../../GraPPI_data/PDB/new_dimer_db/5FBY.pdb,new_dimer_db,5FBY,1,True
5FBZ,B,A,../../GraPPI_data/PDB/new_dimer_db/5FBZ.pdb,new_dimer_db,5FBZ,1,True
5FCG,A,C,../../GraPPI_data/PDB/new_dimer_db/5FCG.pdb,new_dimer_db,5FCG,1,True
5FCS,H,L,../../GraPPI_data/PDB/new_dimer_db/5FCS.pdb,new_dimer_db,5FCS,1,True
5FFG,A,B,../../GraPPI_data/PDB/new_dimer_db/5FFG.pdb,new_dimer_db,5FFG,1,True
5FGK,A,B,../../GraPPI_data/PDB/new_dimer_db/5FGK.pdb,new_dimer_db,5FGK,45,True
5FI1,A,B,../../GraPPI_data/PDB/new_dimer_db/5FI1.pdb,new_dimer_db,5FI1,5,True
5FI4,A,B,../../GraPPI_data/PDB/new_dimer_db/5FI4.pdb,new_dimer_db,5FI4,70,True
5FIR,B,A,../../GraPPI_data/PDB/new_dimer_db/5FIR.pdb,new_dimer_db,5FIR,1,True
5FML,A,B,../../GraPPI_data/PDB/new_dimer_db/5FML.pdb,new_dimer_db,5FML,1,True
5FO7,A,B,../../GraPPI_data/PDB/new_dimer_db/5FO7.pdb,new_dimer_db,5FO7,3,True
5FOS,A,C,../../GraPPI_data/PDB/new_dimer_db/5FOS.pdb,new_dimer_db,5FOS,1,True
5FP2,A,B,../../GraPPI_data/PDB/new_dimer_db/5FP2.pdb,new_dimer_db,5FP2,1,True
5FQ2,A,B,../../GraPPI_data/PDB/new_dimer_db/5FQ2.pdb,new_dimer_db,5FQ2,3,True
5FV8,A,E,../../GraPPI_data/PDB/new_dimer_db/5FV8.pdb,new_dimer_db,5FV8,1,True
5FVD,B,A,../../GraPPI_data/PDB/new_dimer_db/5FVD.pdb,new_dimer_db,5FVD,1,True
5FVK,A,C,../../GraPPI_data/PDB/new_dimer_db/5FVK.pdb,new_dimer_db,5FVK,2,True
5FVL,D,A,../../GraPPI_data/PDB/new_dimer_db/5FVL.pdb,new_dimer_db,5FVL,1,True
5FYQ,A,B,../../GraPPI_data/PDB/new_dimer_db/5FYQ.pdb,new_dimer_db,5FYQ,1,True
5FZT,A,B,../../GraPPI_data/PDB/new_dimer_db/5FZT.pdb,new_dimer_db,5FZT,1,True
5G1X,A,B,../../GraPPI_data/PDB/new_dimer_db/5G1X.pdb,new_dimer_db,5G1X,1,True
5G37,A,B,../../GraPPI_data/PDB/new_dimer_db/5G37.pdb,new_dimer_db,5G37,3,True
5GHS,A,C,../../GraPPI_data/PDB/new_dimer_db/5GHS.pdb,new_dimer_db,5GHS,2,True
5GLF,B,A,../../GraPPI_data/PDB/new_dimer_db/5GLF.pdb,new_dimer_db,5GLF,1,True
5GLH,A,B,../../GraPPI_data/PDB/new_dimer_db/5GLH.pdb,new_dimer_db,5GLH,1,True
5GN0,A,E,../../GraPPI_data/PDB/new_dimer_db/5GN0.pdb,new_dimer_db,5GN0,1,True
5GNA,A,B,../../GraPPI_data/PDB/new_dimer_db/5GNA.pdb,new_dimer_db,5GNA,1,True
5GNV,A,B,../../GraPPI_data/PDB/new_dimer_db/5GNV.pdb,new_dimer_db,5GNV,1,True
5GP7,A,B,../../GraPPI_data/PDB/new_dimer_db/5GP7.pdb,new_dimer_db,5GP7,1,True
5GPY,A,B,../../GraPPI_data/PDB/new_dimer_db/5GPY.pdb,new_dimer_db,5GPY,1,True
5GR8,A,J,../../GraPPI_data/PDB/new_dimer_db/5GR8.pdb,new_dimer_db,5GR8,1,True
5GTB,A,B,../../GraPPI_data/PDB/new_dimer_db/5GTB.pdb,new_dimer_db,5GTB,1,True
5GTN,A,B,../../GraPPI_data/PDB/new_dimer_db/5GTN.pdb,new_dimer_db,5GTN,1,True
5GTU,A,B,../../GraPPI_data/PDB/new_dimer_db/5GTU.pdb,new_dimer_db,5GTU,1,True
5GUW,B,A,../../GraPPI_data/PDB/new_dimer_db/5GUW.pdb,new_dimer_db,5GUW,2,True
5GWO,A,C,../../GraPPI_data/PDB/new_dimer_db/5GWO.pdb,new_dimer_db,5GWO,48,True
5GXW,A,B,../../GraPPI_data/PDB/new_dimer_db/5GXW.pdb,new_dimer_db,5GXW,1,True
5GY2,A,C,../../GraPPI_data/PDB/new_dimer_db/5GY2.pdb,new_dimer_db,5GY2,1,True
5GZT,A,B,../../GraPPI_data/PDB/new_dimer_db/5GZT.pdb,new_dimer_db,5GZT,1,True
5H1E,A,C,../../GraPPI_data/PDB/new_dimer_db/5H1E.pdb,new_dimer_db,5H1E,1,True
5H2W,B,A,../../GraPPI_data/PDB/new_dimer_db/5H2W.pdb,new_dimer_db,5H2W,1,True
5H2X,A,B,../../GraPPI_data/PDB/new_dimer_db/5H2X.pdb,new_dimer_db,5H2X,1,True
5H3J,A,B,../../GraPPI_data/PDB/new_dimer_db/5H3J.pdb,new_dimer_db,5H3J,1,True
5H5J,B,A,../../GraPPI_data/PDB/new_dimer_db/5H5J.pdb,new_dimer_db,5H5J,1,True
5H5Q,A,B,../../GraPPI_data/PDB/new_dimer_db/5H5Q.pdb,new_dimer_db,5H5Q,1,True
5H5R,A,B,../../GraPPI_data/PDB/new_dimer_db/5H5R.pdb,new_dimer_db,5H5R,1,True
5H5S,A,B,../../GraPPI_data/PDB/new_dimer_db/5H5S.pdb,new_dimer_db,5H5S,1,True
5H7L,B,G,../../GraPPI_data/PDB/new_dimer_db/5H7L.pdb,new_dimer_db,5H7L,1,True
5H7Y,A,B,../../GraPPI_data/PDB/new_dimer_db/5H7Y.pdb,new_dimer_db,5H7Y,1,True
5H92,A,C,../../GraPPI_data/PDB/new_dimer_db/5H92.pdb,new_dimer_db,5H92,1,True
5HAS,D,A,../../GraPPI_data/PDB/new_dimer_db/5HAS.pdb,new_dimer_db,5HAS,1,True
5HAX,A,B,../../GraPPI_data/PDB/new_dimer_db/5HAX.pdb,new_dimer_db,5HAX,1,True
5HB0,C,G,../../GraPPI_data/PDB/new_dimer_db/5HB0.pdb,new_dimer_db,5HB0,1,True
5HB3,B,A,../../GraPPI_data/PDB/new_dimer_db/5HB3.pdb,new_dimer_db,5HB3,1,True
5HCG,H,L,../../GraPPI_data/PDB/new_dimer_db/5HCG.pdb,new_dimer_db,5HCG,1,True
5HDB,A,B,../../GraPPI_data/PDB/new_dimer_db/5HDB.pdb,new_dimer_db,5HDB,2,True
5HE9,A,E,../../GraPPI_data/PDB/new_dimer_db/5HE9.pdb,new_dimer_db,5HE9,1,True
5HFT,A,C,../../GraPPI_data/PDB/new_dimer_db/5HFT.pdb,new_dimer_db,5HFT,1,True
5HHG,C,E,../../GraPPI_data/PDB/new_dimer_db/5HHG.pdb,new_dimer_db,5HHG,2,True
5HIT,A,B,../../GraPPI_data/PDB/new_dimer_db/5HIT.pdb,new_dimer_db,5HIT,1,True
5HKQ,A,I,../../GraPPI_data/PDB/new_dimer_db/5HKQ.pdb,new_dimer_db,5HKQ,1,True
5HKZ,A,B,../../GraPPI_data/PDB/new_dimer_db/5HKZ.pdb,new_dimer_db,5HKZ,2,True
5HM1,B,E,../../GraPPI_data/PDB/new_dimer_db/5HM1.pdb,new_dimer_db,5HM1,1,True
5HPK,A,B,../../GraPPI_data/PDB/new_dimer_db/5HPK.pdb,new_dimer_db,5HPK,1,True
5HPS,A,B,../../GraPPI_data/PDB/new_dimer_db/5HPS.pdb,new_dimer_db,5HPS,2,True
5HPT,A,B,../../GraPPI_data/PDB/new_dimer_db/5HPT.pdb,new_dimer_db,5HPT,2,True
5HQ8,A,I,../../GraPPI_data/PDB/new_dimer_db/5HQ8.pdb,new_dimer_db,5HQ8,1,True
5HU3,A,B,../../GraPPI_data/PDB/new_dimer_db/5HU3.pdb,new_dimer_db,5HU3,3,True
5HVF,A,B,../../GraPPI_data/PDB/new_dimer_db/5HVF.pdb,new_dimer_db,5HVF,1,True
5HVG,A,B,../../GraPPI_data/PDB/new_dimer_db/5HVG.pdb,new_dimer_db,5HVG,1,True
5HXG,B,A,../../GraPPI_data/PDB/new_dimer_db/5HXG.pdb,new_dimer_db,5HXG,1,True
5HY3,A,B,../../GraPPI_data/PDB/new_dimer_db/5HY3.pdb,new_dimer_db,5HY3,1,True
5HY7,D,A,../../GraPPI_data/PDB/new_dimer_db/5HY7.pdb,new_dimer_db,5HY7,1,True
5HYP,A,B,../../GraPPI_data/PDB/new_dimer_db/5HYP.pdb,new_dimer_db,5HYP,1,True
5HYW,A,B,../../GraPPI_data/PDB/new_dimer_db/5HYW.pdb,new_dimer_db,5HYW,1,True
5HYX,B,A,../../GraPPI_data/PDB/new_dimer_db/5HYX.pdb,new_dimer_db,5HYX,1,True
5HZ0,B,A,../../GraPPI_data/PDB/new_dimer_db/5HZ0.pdb,new_dimer_db,5HZ0,1,True
5HZ1,B,A,../../GraPPI_data/PDB/new_dimer_db/5HZ1.pdb,new_dimer_db,5HZ1,1,True
5HZ3,B,A,../../GraPPI_data/PDB/new_dimer_db/5HZ3.pdb,new_dimer_db,5HZ3,1,True
5HZK,B,A,../../GraPPI_data/PDB/new_dimer_db/5HZK.pdb,new_dimer_db,5HZK,1,True
5I4H,A,B,../../GraPPI_data/PDB/new_dimer_db/5I4H.pdb,new_dimer_db,5I4H,1,True
5IAW,A,C,../../GraPPI_data/PDB/new_dimer_db/5IAW.pdb,new_dimer_db,5IAW,1,True
5ICK,D,A,../../GraPPI_data/PDB/new_dimer_db/5ICK.pdb,new_dimer_db,5ICK,1,True
5IFH,H,L,../../GraPPI_data/PDB/new_dimer_db/5IFH.pdb,new_dimer_db,5IFH,7,True
5IH2,M,A,../../GraPPI_data/PDB/new_dimer_db/5IH2.pdb,new_dimer_db,5IH2,1,True
5IHL,B,A,../../GraPPI_data/PDB/new_dimer_db/5IHL.pdb,new_dimer_db,5IHL,1,True
5II0,D,A,../../GraPPI_data/PDB/new_dimer_db/5II0.pdb,new_dimer_db,5II0,1,True
5IIB,A,B,../../GraPPI_data/PDB/new_dimer_db/5IIB.pdb,new_dimer_db,5IIB,1,True
5IKF,A,B,../../GraPPI_data/PDB/new_dimer_db/5IKF.pdb,new_dimer_db,5IKF,1,True
5IKJ,A,B,../../GraPPI_data/PDB/new_dimer_db/5IKJ.pdb,new_dimer_db,5IKJ,1,True
5IMT,A,D,../../GraPPI_data/PDB/new_dimer_db/5IMT.pdb,new_dimer_db,5IMT,2,True
5IP4,A,E,../../GraPPI_data/PDB/new_dimer_db/5IP4.pdb,new_dimer_db,5IP4,1,True
5IQN,B,A,../../GraPPI_data/PDB/new_dimer_db/5IQN.pdb,new_dimer_db,5IQN,1,True
5IQO,B,A,../../GraPPI_data/PDB/new_dimer_db/5IQO.pdb,new_dimer_db,5IQO,2,True
5IVN,A,B,../../GraPPI_data/PDB/new_dimer_db/5IVN.pdb,new_dimer_db,5IVN,1,True
5IWB,A,B,../../GraPPI_data/PDB/new_dimer_db/5IWB.pdb,new_dimer_db,5IWB,1,True
5IXD,A,B,../../GraPPI_data/PDB/new_dimer_db/5IXD.pdb,new_dimer_db,5IXD,1,True
5IXI,A,B,../../GraPPI_data/PDB/new_dimer_db/5IXI.pdb,new_dimer_db,5IXI,1,True
5IYV,A,B,../../GraPPI_data/PDB/new_dimer_db/5IYV.pdb,new_dimer_db,5IYV,3,True
5IZ0,A,C,../../GraPPI_data/PDB/new_dimer_db/5IZ0.pdb,new_dimer_db,5IZ0,2,True
5IZ8,A,B,../../GraPPI_data/PDB/new_dimer_db/5IZ8.pdb,new_dimer_db,5IZ8,1,True
5J03,A,B,../../GraPPI_data/PDB/new_dimer_db/5J03.pdb,new_dimer_db,5J03,14,True
5J0L,B,A,../../GraPPI_data/PDB/new_dimer_db/5J0L.pdb,new_dimer_db,5J0L,1,True
5J1M,B,A,../../GraPPI_data/PDB/new_dimer_db/5J1M.pdb,new_dimer_db,5J1M,2,True
5J28,A,C,../../GraPPI_data/PDB/new_dimer_db/5J28.pdb,new_dimer_db,5J28,3,True
5J3N,A,B,../../GraPPI_data/PDB/new_dimer_db/5J3N.pdb,new_dimer_db,5J3N,1,True
5J3Q,B,A,../../GraPPI_data/PDB/new_dimer_db/5J3Q.pdb,new_dimer_db,5J3Q,1,True
5J3V,B,D,../../GraPPI_data/PDB/new_dimer_db/5J3V.pdb,new_dimer_db,5J3V,1,True
5J3Y,A,B,../../GraPPI_data/PDB/new_dimer_db/5J3Y.pdb,new_dimer_db,5J3Y,2,True
5J4A,B,A,../../GraPPI_data/PDB/new_dimer_db/5J4A.pdb,new_dimer_db,5J4A,1,True
5J4S,A,B,../../GraPPI_data/PDB/new_dimer_db/5J4S.pdb,new_dimer_db,5J4S,2,True
5J57,A,B,../../GraPPI_data/PDB/new_dimer_db/5J57.pdb,new_dimer_db,5J57,1,True
5J5C,A,B,../../GraPPI_data/PDB/new_dimer_db/5J5C.pdb,new_dimer_db,5J5C,2,True
5J7C,A,C,../../GraPPI_data/PDB/new_dimer_db/5J7C.pdb,new_dimer_db,5J7C,1,True
5JA2,A,B,../../GraPPI_data/PDB/new_dimer_db/5JA2.pdb,new_dimer_db,5JA2,2,True
5JA8,B,A,../../GraPPI_data/PDB/new_dimer_db/5JA8.pdb,new_dimer_db,5JA8,1,True
5JA9,A,C,../../GraPPI_data/PDB/new_dimer_db/5JA9.pdb,new_dimer_db,5JA9,1,True
5JCY,A,B,../../GraPPI_data/PDB/new_dimer_db/5JCY.pdb,new_dimer_db,5JCY,1,True
5JCZ,B,A,../../GraPPI_data/PDB/new_dimer_db/5JCZ.pdb,new_dimer_db,5JCZ,3,True
5JEK,A,C,../../GraPPI_data/PDB/new_dimer_db/5JEK.pdb,new_dimer_db,5JEK,1,True
5JEL,A,B,../../GraPPI_data/PDB/new_dimer_db/5JEL.pdb,new_dimer_db,5JEL,1,True
5JEN,B,A,../../GraPPI_data/PDB/new_dimer_db/5JEN.pdb,new_dimer_db,5JEN,1,True
5JER,D,C,../../GraPPI_data/PDB/new_dimer_db/5JER.pdb,new_dimer_db,5JER,1,True
5JFI,A,C,../../GraPPI_data/PDB/new_dimer_db/5JFI.pdb,new_dimer_db,5JFI,3,True
5JFZ,B,A,../../GraPPI_data/PDB/new_dimer_db/5JFZ.pdb,new_dimer_db,5JFZ,2,True
5JG6,B,A,../../GraPPI_data/PDB/new_dimer_db/5JG6.pdb,new_dimer_db,5JG6,1,True
5JHH,B,A,../../GraPPI_data/PDB/new_dimer_db/5JHH.pdb,new_dimer_db,5JHH,5,True
5JJD,A,B,../../GraPPI_data/PDB/new_dimer_db/5JJD.pdb,new_dimer_db,5JJD,1,True
5JJW,A,B,../../GraPPI_data/PDB/new_dimer_db/5JJW.pdb,new_dimer_db,5JJW,1,True
5JKE,B,A,../../GraPPI_data/PDB/new_dimer_db/5JKE.pdb,new_dimer_db,5JKE,4,True
5JKT,D,B,../../GraPPI_data/PDB/new_dimer_db/5JKT.pdb,new_dimer_db,5JKT,7,True
5JMO,B,D,../../GraPPI_data/PDB/new_dimer_db/5JMO.pdb,new_dimer_db,5JMO,1,True
5JNO,A,B,../../GraPPI_data/PDB/new_dimer_db/5JNO.pdb,new_dimer_db,5JNO,1,True
5JP2,A,E,../../GraPPI_data/PDB/new_dimer_db/5JP2.pdb,new_dimer_db,5JP2,1,True
5JP3,B,A,../../GraPPI_data/PDB/new_dimer_db/5JP3.pdb,new_dimer_db,5JP3,1,True
5JP4,A,B,../../GraPPI_data/PDB/new_dimer_db/5JP4.pdb,new_dimer_db,5JP4,1,True
5JQH,A,C,../../GraPPI_data/PDB/new_dimer_db/5JQH.pdb,new_dimer_db,5JQH,1,True
5JQP,A,B,../../GraPPI_data/PDB/new_dimer_db/5JQP.pdb,new_dimer_db,5JQP,1,True
5JQS,A,D,../../GraPPI_data/PDB/new_dimer_db/5JQS.pdb,new_dimer_db,5JQS,1,True
5JR2,A,E,../../GraPPI_data/PDB/new_dimer_db/5JR2.pdb,new_dimer_db,5JR2,3,True
5JR4,A,B,../../GraPPI_data/PDB/new_dimer_db/5JR4.pdb,new_dimer_db,5JR4,1,True
5JSN,B,A,../../GraPPI_data/PDB/new_dimer_db/5JSN.pdb,new_dimer_db,5JSN,2,True
5JTV,A,B,../../GraPPI_data/PDB/new_dimer_db/5JTV.pdb,new_dimer_db,5JTV,1,True
5JVL,B,C,../../GraPPI_data/PDB/new_dimer_db/5JVL.pdb,new_dimer_db,5JVL,1,True
5JW7,A,B,../../GraPPI_data/PDB/new_dimer_db/5JW7.pdb,new_dimer_db,5JW7,1,True
5JW9,A,B,../../GraPPI_data/PDB/new_dimer_db/5JW9.pdb,new_dimer_db,5JW9,1,True
5JWO,A,B,../../GraPPI_data/PDB/new_dimer_db/5JWO.pdb,new_dimer_db,5JWO,1,True
5JYL,B,A,../../GraPPI_data/PDB/new_dimer_db/5JYL.pdb,new_dimer_db,5JYL,1,True
5JYQ,A,B,../../GraPPI_data/PDB/new_dimer_db/5JYQ.pdb,new_dimer_db,5JYQ,1,True
5JZ8,A,B,../../GraPPI_data/PDB/new_dimer_db/5JZ8.pdb,new_dimer_db,5JZ8,1,True
5JZU,A,B,../../GraPPI_data/PDB/new_dimer_db/5JZU.pdb,new_dimer_db,5JZU,1,True
5K04,A,B,../../GraPPI_data/PDB/new_dimer_db/5K04.pdb,new_dimer_db,5K04,1,True
5K1B,B,A,../../GraPPI_data/PDB/new_dimer_db/5K1B.pdb,new_dimer_db,5K1B,2,True
5K35,A,B,../../GraPPI_data/PDB/new_dimer_db/5K35.pdb,new_dimer_db,5K35,1,True
5K39,A,B,../../GraPPI_data/PDB/new_dimer_db/5K39.pdb,new_dimer_db,5K39,3,True
5K3Y,D,A,../../GraPPI_data/PDB/new_dimer_db/5K3Y.pdb,new_dimer_db,5K3Y,9,True
5K6S,A,B,../../GraPPI_data/PDB/new_dimer_db/5K6S.pdb,new_dimer_db,5K6S,1,True
5K8Q,A,B,../../GraPPI_data/PDB/new_dimer_db/5K8Q.pdb,new_dimer_db,5K8Q,1,True
5KIS,A,B,../../GraPPI_data/PDB/new_dimer_db/5KIS.pdb,new_dimer_db,5KIS,2,True
5KMX,A,D,../../GraPPI_data/PDB/new_dimer_db/5KMX.pdb,new_dimer_db,5KMX,1,True
5KNH,D,I,../../GraPPI_data/PDB/new_dimer_db/5KNH.pdb,new_dimer_db,5KNH,1,True
5KP8,A,B,../../GraPPI_data/PDB/new_dimer_db/5KP8.pdb,new_dimer_db,5KP8,3,True
5KVE,E,L,../../GraPPI_data/PDB/new_dimer_db/5KVE.pdb,new_dimer_db,5KVE,1,True
5KY9,A,B,../../GraPPI_data/PDB/new_dimer_db/5KY9.pdb,new_dimer_db,5KY9,9,True
5KYY,A,B,../../GraPPI_data/PDB/new_dimer_db/5KYY.pdb,new_dimer_db,5KYY,3,True
5L04,A,B,../../GraPPI_data/PDB/new_dimer_db/5L04.pdb,new_dimer_db,5L04,1,True
5L0W,B,A,../../GraPPI_data/PDB/new_dimer_db/5L0W.pdb,new_dimer_db,5L0W,1,True
5L0Y,A,D,../../GraPPI_data/PDB/new_dimer_db/5L0Y.pdb,new_dimer_db,5L0Y,1,True
5L20,A,B,../../GraPPI_data/PDB/new_dimer_db/5L20.pdb,new_dimer_db,5L20,3,True
5L21,A,B,../../GraPPI_data/PDB/new_dimer_db/5L21.pdb,new_dimer_db,5L21,1,True
5L23,A,B,../../GraPPI_data/PDB/new_dimer_db/5L23.pdb,new_dimer_db,5L23,1,True
5L2D,A,C,../../GraPPI_data/PDB/new_dimer_db/5L2D.pdb,new_dimer_db,5L2D,1,True
5L6W,L,C,../../GraPPI_data/PDB/new_dimer_db/5L6W.pdb,new_dimer_db,5L6W,2,True
5L7E,A,B,../../GraPPI_data/PDB/new_dimer_db/5L7E.pdb,new_dimer_db,5L7E,1,True
5L7G,A,B,../../GraPPI_data/PDB/new_dimer_db/5L7G.pdb,new_dimer_db,5L7G,1,True
5L7H,A,B,../../GraPPI_data/PDB/new_dimer_db/5L7H.pdb,new_dimer_db,5L7H,1,True
5L8L,A,B,../../GraPPI_data/PDB/new_dimer_db/5L8L.pdb,new_dimer_db,5L8L,3,True
5L9B,A,C,../../GraPPI_data/PDB/new_dimer_db/5L9B.pdb,new_dimer_db,5L9B,1,True
5L9V,A,C,../../GraPPI_data/PDB/new_dimer_db/5L9V.pdb,new_dimer_db,5L9V,1,True
5L9W,A,C,../../GraPPI_data/PDB/new_dimer_db/5L9W.pdb,new_dimer_db,5L9W,1,True
5LA9,A,C,../../GraPPI_data/PDB/new_dimer_db/5LA9.pdb,new_dimer_db,5LA9,1,True
5LDA,A,B,../../GraPPI_data/PDB/new_dimer_db/5LDA.pdb,new_dimer_db,5LDA,1,True
5LGD,A,B,../../GraPPI_data/PDB/new_dimer_db/5LGD.pdb,new_dimer_db,5LGD,1,True
5LHQ,A,B,../../GraPPI_data/PDB/new_dimer_db/5LHQ.pdb,new_dimer_db,5LHQ,3,True
5LHR,A,B,../../GraPPI_data/PDB/new_dimer_db/5LHR.pdb,new_dimer_db,5LHR,1,True
5LHZ,D,A,../../GraPPI_data/PDB/new_dimer_db/5LHZ.pdb,new_dimer_db,5LHZ,1,True
5LI1,A,B,../../GraPPI_data/PDB/new_dimer_db/5LI1.pdb,new_dimer_db,5LI1,1,True
5LIH,F,A,../../GraPPI_data/PDB/new_dimer_db/5LIH.pdb,new_dimer_db,5LIH,1,True
5LJN,A,B,../../GraPPI_data/PDB/new_dimer_db/5LJN.pdb,new_dimer_db,5LJN,1,True
5LM1,A,B,../../GraPPI_data/PDB/new_dimer_db/5LM1.pdb,new_dimer_db,5LM1,1,True
5LM5,A,C,../../GraPPI_data/PDB/new_dimer_db/5LM5.pdb,new_dimer_db,5LM5,1,True
5LMF,D,A,../../GraPPI_data/PDB/new_dimer_db/5LMF.pdb,new_dimer_db,5LMF,1,True
5LMG,D,A,../../GraPPI_data/PDB/new_dimer_db/5LMG.pdb,new_dimer_db,5LMG,1,True
5LON,A,B,../../GraPPI_data/PDB/new_dimer_db/5LON.pdb,new_dimer_db,5LON,1,True
5LRW,B,A,../../GraPPI_data/PDB/new_dimer_db/5LRW.pdb,new_dimer_db,5LRW,1,True
5LRX,A,B,../../GraPPI_data/PDB/new_dimer_db/5LRX.pdb,new_dimer_db,5LRX,1,True
5LSB,B,A,../../GraPPI_data/PDB/new_dimer_db/5LSB.pdb,new_dimer_db,5LSB,1,True
5LSI,D,E,../../GraPPI_data/PDB/new_dimer_db/5LSI.pdb,new_dimer_db,5LSI,1,True
5LSL,A,E,../../GraPPI_data/PDB/new_dimer_db/5LSL.pdb,new_dimer_db,5LSL,1,True
5LUT,J,K,../../GraPPI_data/PDB/new_dimer_db/5LUT.pdb,new_dimer_db,5LUT,1,True
5LWF,A,C,../../GraPPI_data/PDB/new_dimer_db/5LWF.pdb,new_dimer_db,5LWF,1,True
5LXH,A,E,../../GraPPI_data/PDB/new_dimer_db/5LXH.pdb,new_dimer_db,5LXH,1,True
5LXM,A,D,../../GraPPI_data/PDB/new_dimer_db/5LXM.pdb,new_dimer_db,5LXM,1,True
5LXR,A,B,../../GraPPI_data/PDB/new_dimer_db/5LXR.pdb,new_dimer_db,5LXR,1,True
5LXY,D,A,../../GraPPI_data/PDB/new_dimer_db/5LXY.pdb,new_dimer_db,5LXY,1,True
5LY3,A,B,../../GraPPI_data/PDB/new_dimer_db/5LY3.pdb,new_dimer_db,5LY3,1,True
5LZ3,A,B,../../GraPPI_data/PDB/new_dimer_db/5LZ3.pdb,new_dimer_db,5LZ3,1,True
5LZ6,A,B,../../GraPPI_data/PDB/new_dimer_db/5LZ6.pdb,new_dimer_db,5LZ6,1,True
5M0Y,B,A,../../GraPPI_data/PDB/new_dimer_db/5M0Y.pdb,new_dimer_db,5M0Y,2,True
5M13,A,B,../../GraPPI_data/PDB/new_dimer_db/5M13.pdb,new_dimer_db,5M13,1,True
5M14,A,C,../../GraPPI_data/PDB/new_dimer_db/5M14.pdb,new_dimer_db,5M14,1,True
5M15,B,D,../../GraPPI_data/PDB/new_dimer_db/5M15.pdb,new_dimer_db,5M15,1,True
5M2O,A,B,../../GraPPI_data/PDB/new_dimer_db/5M2O.pdb,new_dimer_db,5M2O,3,True
5M6Y,A,B,../../GraPPI_data/PDB/new_dimer_db/5M6Y.pdb,new_dimer_db,5M6Y,35,True
5M95,B,A,../../GraPPI_data/PDB/new_dimer_db/5M95.pdb,new_dimer_db,5M95,2,True
5MAD,B,A,../../GraPPI_data/PDB/new_dimer_db/5MAD.pdb,new_dimer_db,5MAD,1,True
5MAK,B,A,../../GraPPI_data/PDB/new_dimer_db/5MAK.pdb,new_dimer_db,5MAK,5,True
5MB9,D,A,../../GraPPI_data/PDB/new_dimer_db/5MB9.pdb,new_dimer_db,5MB9,1,True
5MCQ,A,D,../../GraPPI_data/PDB/new_dimer_db/5MCQ.pdb,new_dimer_db,5MCQ,1,True
5ME5,A,B,../../GraPPI_data/PDB/new_dimer_db/5ME5.pdb,new_dimer_db,5ME5,1,True
5MFC,B,A,../../GraPPI_data/PDB/new_dimer_db/5MFC.pdb,new_dimer_db,5MFC,1,True
5MFD,B,A,../../GraPPI_data/PDB/new_dimer_db/5MFD.pdb,new_dimer_db,5MFD,1,True
5MG8,B,A,../../GraPPI_data/PDB/new_dimer_db/5MG8.pdb,new_dimer_db,5MG8,1,True
5MJE,A,B,../../GraPPI_data/PDB/new_dimer_db/5MJE.pdb,new_dimer_db,5MJE,1,True
5MK0,B,A,../../GraPPI_data/PDB/new_dimer_db/5MK0.pdb,new_dimer_db,5MK0,1,True
5MK1,A,E,../../GraPPI_data/PDB/new_dimer_db/5MK1.pdb,new_dimer_db,5MK1,1,True
5MK2,B,C,../../GraPPI_data/PDB/new_dimer_db/5MK2.pdb,new_dimer_db,5MK2,1,True
5ML9,A,B,../../GraPPI_data/PDB/new_dimer_db/5ML9.pdb,new_dimer_db,5ML9,1,True
5MN2,D,A,../../GraPPI_data/PDB/new_dimer_db/5MN2.pdb,new_dimer_db,5MN2,1,True
5MRV,A,C,../../GraPPI_data/PDB/new_dimer_db/5MRV.pdb,new_dimer_db,5MRV,2,True
5MS2,A,B,../../GraPPI_data/PDB/new_dimer_db/5MS2.pdb,new_dimer_db,5MS2,1,True
5MTJ,A,B,../../GraPPI_data/PDB/new_dimer_db/5MTJ.pdb,new_dimer_db,5MTJ,2,True
5MTN,A,B,../../GraPPI_data/PDB/new_dimer_db/5MTN.pdb,new_dimer_db,5MTN,2,True
5MU7,A,B,../../GraPPI_data/PDB/new_dimer_db/5MU7.pdb,new_dimer_db,5MU7,1,True
5MVI,A,B,../../GraPPI_data/PDB/new_dimer_db/5MVI.pdb,new_dimer_db,5MVI,1,True
5MY6,A,B,../../GraPPI_data/PDB/new_dimer_db/5MY6.pdb,new_dimer_db,5MY6,1,True
5MYA,A,B,../../GraPPI_data/PDB/new_dimer_db/5MYA.pdb,new_dimer_db,5MYA,1,True
5MZA,A,B,../../GraPPI_data/PDB/new_dimer_db/5MZA.pdb,new_dimer_db,5MZA,1,True
5N22,A,B,../../GraPPI_data/PDB/new_dimer_db/5N22.pdb,new_dimer_db,5N22,1,True
5N38,A,B,../../GraPPI_data/PDB/new_dimer_db/5N38.pdb,new_dimer_db,5N38,2,True
5N47,A,B,../../GraPPI_data/PDB/new_dimer_db/5N47.pdb,new_dimer_db,5N47,1,True
5N48,B,A,../../GraPPI_data/PDB/new_dimer_db/5N48.pdb,new_dimer_db,5N48,1,True
5N4D,A,C,../../GraPPI_data/PDB/new_dimer_db/5N4D.pdb,new_dimer_db,5N4D,2,True
5N4E,A,C,../../GraPPI_data/PDB/new_dimer_db/5N4E.pdb,new_dimer_db,5N4E,2,True
5N7E,A,B,../../GraPPI_data/PDB/new_dimer_db/5N7E.pdb,new_dimer_db,5N7E,1,True
5N7G,A,B,../../GraPPI_data/PDB/new_dimer_db/5N7G.pdb,new_dimer_db,5N7G,1,True
5N7P,A,B,../../GraPPI_data/PDB/new_dimer_db/5N7P.pdb,new_dimer_db,5N7P,27,True
5N85,A,B,../../GraPPI_data/PDB/new_dimer_db/5N85.pdb,new_dimer_db,5N85,1,True
5N88,H,E,../../GraPPI_data/PDB/new_dimer_db/5N88.pdb,new_dimer_db,5N88,1,True
5N92,A,F,../../GraPPI_data/PDB/new_dimer_db/5N92.pdb,new_dimer_db,5N92,2,True
5NAF,A,E,../../GraPPI_data/PDB/new_dimer_db/5NAF.pdb,new_dimer_db,5NAF,1,True
5NBT,B,A,../../GraPPI_data/PDB/new_dimer_db/5NBT.pdb,new_dimer_db,5NBT,1,True
5NCM,A,B,../../GraPPI_data/PDB/new_dimer_db/5NCM.pdb,new_dimer_db,5NCM,1,True
5NH2,A,B,../../GraPPI_data/PDB/new_dimer_db/5NH2.pdb,new_dimer_db,5NH2,1,True
5NIN,D,B,../../GraPPI_data/PDB/new_dimer_db/5NIN.pdb,new_dimer_db,5NIN,1,True
5NJK,A,F,../../GraPPI_data/PDB/new_dimer_db/5NJK.pdb,new_dimer_db,5NJK,1,True
5NKM,B,A,../../GraPPI_data/PDB/new_dimer_db/5NKM.pdb,new_dimer_db,5NKM,2,True
5NKP,D,A,../../GraPPI_data/PDB/new_dimer_db/5NKP.pdb,new_dimer_db,5NKP,1,True
5NKZ,A,C,../../GraPPI_data/PDB/new_dimer_db/5NKZ.pdb,new_dimer_db,5NKZ,1,True
5NPJ,B,E,../../GraPPI_data/PDB/new_dimer_db/5NPJ.pdb,new_dimer_db,5NPJ,1,True
5NPW,B,A,../../GraPPI_data/PDB/new_dimer_db/5NPW.pdb,new_dimer_db,5NPW,3,True
5NQF,A,B,../../GraPPI_data/PDB/new_dimer_db/5NQF.pdb,new_dimer_db,5NQF,2,True
5NQG,A,B,../../GraPPI_data/PDB/new_dimer_db/5NQG.pdb,new_dimer_db,5NQG,1,True
5NRO,A,B,../../GraPPI_data/PDB/new_dimer_db/5NRO.pdb,new_dimer_db,5NRO,1,True
5NTW,B,Q,../../GraPPI_data/PDB/new_dimer_db/5NTW.pdb,new_dimer_db,5NTW,1,True
5NVC,A,C,../../GraPPI_data/PDB/new_dimer_db/5NVC.pdb,new_dimer_db,5NVC,74,True
5NVL,B,A,../../GraPPI_data/PDB/new_dimer_db/5NVL.pdb,new_dimer_db,5NVL,2,True
5NVM,B,A,../../GraPPI_data/PDB/new_dimer_db/5NVM.pdb,new_dimer_db,5NVM,1,True
5NZZ,H,A,../../GraPPI_data/PDB/new_dimer_db/5NZZ.pdb,new_dimer_db,5NZZ,1,True
5O02,A,C,../../GraPPI_data/PDB/new_dimer_db/5O02.pdb,new_dimer_db,5O02,1,True
5O2T,A,B,../../GraPPI_data/PDB/new_dimer_db/5O2T.pdb,new_dimer_db,5O2T,2,True
5O3U,L,A,../../GraPPI_data/PDB/new_dimer_db/5O3U.pdb,new_dimer_db,5O3U,1,True
5O4Y,D,B,../../GraPPI_data/PDB/new_dimer_db/5O4Y.pdb,new_dimer_db,5O4Y,1,True
5O74,B,A,../../GraPPI_data/PDB/new_dimer_db/5O74.pdb,new_dimer_db,5O74,3,True
5O85,B,A,../../GraPPI_data/PDB/new_dimer_db/5O85.pdb,new_dimer_db,5O85,1,True
5O8K,A,B,../../GraPPI_data/PDB/new_dimer_db/5O8K.pdb,new_dimer_db,5O8K,6,True
5O9E,A,B,../../GraPPI_data/PDB/new_dimer_db/5O9E.pdb,new_dimer_db,5O9E,1,True
5OAK,B,A,../../GraPPI_data/PDB/new_dimer_db/5OAK.pdb,new_dimer_db,5OAK,1,True
5OAV,C,D,../../GraPPI_data/PDB/new_dimer_db/5OAV.pdb,new_dimer_db,5OAV,1,True
5OB0,A,B,../../GraPPI_data/PDB/new_dimer_db/5OB0.pdb,new_dimer_db,5OB0,1,True
5OB1,A,B,../../GraPPI_data/PDB/new_dimer_db/5OB1.pdb,new_dimer_db,5OB1,1,True
5OC7,A,C,../../GraPPI_data/PDB/new_dimer_db/5OC7.pdb,new_dimer_db,5OC7,1,True
5OCL,B,A,../../GraPPI_data/PDB/new_dimer_db/5OCL.pdb,new_dimer_db,5OCL,1,True
5ODS,A,E,../../GraPPI_data/PDB/new_dimer_db/5ODS.pdb,new_dimer_db,5ODS,1,True
5ODT,A,B,../../GraPPI_data/PDB/new_dimer_db/5ODT.pdb,new_dimer_db,5ODT,1,True
5ODW,A,C,../../GraPPI_data/PDB/new_dimer_db/5ODW.pdb,new_dimer_db,5ODW,1,True
5OE7,A,B,../../GraPPI_data/PDB/new_dimer_db/5OE7.pdb,new_dimer_db,5OE7,3,True
5OED,A,B,../../GraPPI_data/PDB/new_dimer_db/5OED.pdb,new_dimer_db,5OED,2,True
5OEN,A,B,../../GraPPI_data/PDB/new_dimer_db/5OEN.pdb,new_dimer_db,5OEN,1,True
5OGI,A,B,../../GraPPI_data/PDB/new_dimer_db/5OGI.pdb,new_dimer_db,5OGI,1,True
5OJR,A,E,../../GraPPI_data/PDB/new_dimer_db/5OJR.pdb,new_dimer_db,5OJR,1,True
5OK6,D,A,../../GraPPI_data/PDB/new_dimer_db/5OK6.pdb,new_dimer_db,5OK6,1,True
5OL0,A,B,../../GraPPI_data/PDB/new_dimer_db/5OL0.pdb,new_dimer_db,5OL0,1,True
5OMN,B,C,../../GraPPI_data/PDB/new_dimer_db/5OMN.pdb,new_dimer_db,5OMN,1,True
5ONB,A,B,../../GraPPI_data/PDB/new_dimer_db/5ONB.pdb,new_dimer_db,5ONB,1,True
5ONS,A,B,../../GraPPI_data/PDB/new_dimer_db/5ONS.pdb,new_dimer_db,5ONS,1,True
5OOQ,A,C,../../GraPPI_data/PDB/new_dimer_db/5OOQ.pdb,new_dimer_db,5OOQ,1,True
5OP1,A,B,../../GraPPI_data/PDB/new_dimer_db/5OP1.pdb,new_dimer_db,5OP1,3,True
5OQQ,A,C,../../GraPPI_data/PDB/new_dimer_db/5OQQ.pdb,new_dimer_db,5OQQ,1,True
5OQR,A,C,../../GraPPI_data/PDB/new_dimer_db/5OQR.pdb,new_dimer_db,5OQR,1,True
5OSG,h,P,../../GraPPI_data/PDB/new_dimer_db/5OSG.pdb,new_dimer_db,5OSG,1,True
5OTT,A,B,../../GraPPI_data/PDB/new_dimer_db/5OTT.pdb,new_dimer_db,5OTT,1,True
5OTX,B,A,../../GraPPI_data/PDB/new_dimer_db/5OTX.pdb,new_dimer_db,5OTX,6,True
5OVW,H,A,../../GraPPI_data/PDB/new_dimer_db/5OVW.pdb,new_dimer_db,5OVW,1,True
5OWU,A,B,../../GraPPI_data/PDB/new_dimer_db/5OWU.pdb,new_dimer_db,5OWU,1,True
5OXW,H,A,../../GraPPI_data/PDB/new_dimer_db/5OXW.pdb,new_dimer_db,5OXW,1,True
5OXZ,A,B,../../GraPPI_data/PDB/new_dimer_db/5OXZ.pdb,new_dimer_db,5OXZ,2,True
5OYL,A,D,../../GraPPI_data/PDB/new_dimer_db/5OYL.pdb,new_dimer_db,5OYL,1,True
5Q0I,A,B,../../GraPPI_data/PDB/new_dimer_db/5Q0I.pdb,new_dimer_db,5Q0I,1,True
5Q0T,A,B,../../GraPPI_data/PDB/new_dimer_db/5Q0T.pdb,new_dimer_db,5Q0T,7,True
5Q0U,B,A,../../GraPPI_data/PDB/new_dimer_db/5Q0U.pdb,new_dimer_db,5Q0U,45,True
5Q10,A,B,../../GraPPI_data/PDB/new_dimer_db/5Q10.pdb,new_dimer_db,5Q10,1,True
5Q12,A,B,../../GraPPI_data/PDB/new_dimer_db/5Q12.pdb,new_dimer_db,5Q12,2,True
5Q1D,B,A,../../GraPPI_data/PDB/new_dimer_db/5Q1D.pdb,new_dimer_db,5Q1D,1,True
5SUP,B,G,../../GraPPI_data/PDB/new_dimer_db/5SUP.pdb,new_dimer_db,5SUP,1,True
5SV3,B,A,../../GraPPI_data/PDB/new_dimer_db/5SV3.pdb,new_dimer_db,5SV3,1,True
5SVH,A,B,../../GraPPI_data/PDB/new_dimer_db/5SVH.pdb,new_dimer_db,5SVH,1,True
5SVI,A,B,../../GraPPI_data/PDB/new_dimer_db/5SVI.pdb,new_dimer_db,5SVI,1,True
5SVX,A,B,../../GraPPI_data/PDB/new_dimer_db/5SVX.pdb,new_dimer_db,5SVX,1,True
5SVY,A,B,../../GraPPI_data/PDB/new_dimer_db/5SVY.pdb,new_dimer_db,5SVY,1,True
5SW9,A,B,../../GraPPI_data/PDB/new_dimer_db/5SW9.pdb,new_dimer_db,5SW9,1,True
5T0F,A,B,../../GraPPI_data/PDB/new_dimer_db/5T0F.pdb,new_dimer_db,5T0F,1,True
5T0K,A,P,../../GraPPI_data/PDB/new_dimer_db/5T0K.pdb,new_dimer_db,5T0K,1,True
5T0Q,A,B,../../GraPPI_data/PDB/new_dimer_db/5T0Q.pdb,new_dimer_db,5T0Q,2,True
5T20,A,B,../../GraPPI_data/PDB/new_dimer_db/5T20.pdb,new_dimer_db,5T20,6,True
5T3R,A,D,../../GraPPI_data/PDB/new_dimer_db/5T3R.pdb,new_dimer_db,5T3R,1,True
5T46,B,A,../../GraPPI_data/PDB/new_dimer_db/5T46.pdb,new_dimer_db,5T46,4,True
5T47,B,A,../../GraPPI_data/PDB/new_dimer_db/5T47.pdb,new_dimer_db,5T47,1,True
5T48,A,B,../../GraPPI_data/PDB/new_dimer_db/5T48.pdb,new_dimer_db,5T48,2,True
5T51,A,B,../../GraPPI_data/PDB/new_dimer_db/5T51.pdb,new_dimer_db,5T51,1,True
5T7L,A,B,../../GraPPI_data/PDB/new_dimer_db/5T7L.pdb,new_dimer_db,5T7L,5,True
5T7R,B,A,../../GraPPI_data/PDB/new_dimer_db/5T7R.pdb,new_dimer_db,5T7R,1,True
5T86,A,I,../../GraPPI_data/PDB/new_dimer_db/5T86.pdb,new_dimer_db,5T86,1,True
5T87,A,E,../../GraPPI_data/PDB/new_dimer_db/5T87.pdb,new_dimer_db,5T87,1,True
5T94,A,B,../../GraPPI_data/PDB/new_dimer_db/5T94.pdb,new_dimer_db,5T94,1,True
5TB5,B,A,../../GraPPI_data/PDB/new_dimer_db/5TB5.pdb,new_dimer_db,5TB5,2,True
5TBK,A,J,../../GraPPI_data/PDB/new_dimer_db/5TBK.pdb,new_dimer_db,5TBK,1,True
5TDR,A,B,../../GraPPI_data/PDB/new_dimer_db/5TDR.pdb,new_dimer_db,5TDR,1,True
5TDW,A,B,../../GraPPI_data/PDB/new_dimer_db/5TDW.pdb,new_dimer_db,5TDW,1,True
5TDY,B,A,../../GraPPI_data/PDB/new_dimer_db/5TDY.pdb,new_dimer_db,5TDY,1,True
5TGH,B,A,../../GraPPI_data/PDB/new_dimer_db/5TGH.pdb,new_dimer_db,5TGH,3,True
5TL6,B,A,../../GraPPI_data/PDB/new_dimer_db/5TL6.pdb,new_dimer_db,5TL6,16,True
5TO3,A,B,../../GraPPI_data/PDB/new_dimer_db/5TO3.pdb,new_dimer_db,5TO3,1,True
5TP1,A,P,../../GraPPI_data/PDB/new_dimer_db/5TP1.pdb,new_dimer_db,5TP1,3,True
5TQB,A,B,../../GraPPI_data/PDB/new_dimer_db/5TQB.pdb,new_dimer_db,5TQB,1,True
5TUU,A,B,../../GraPPI_data/PDB/new_dimer_db/5TUU.pdb,new_dimer_db,5TUU,1,True
5TVQ,A,B,../../GraPPI_data/PDB/new_dimer_db/5TVQ.pdb,new_dimer_db,5TVQ,1,True
5TWA,D,A,../../GraPPI_data/PDB/new_dimer_db/5TWA.pdb,new_dimer_db,5TWA,1,True
5TWO,A,B,../../GraPPI_data/PDB/new_dimer_db/5TWO.pdb,new_dimer_db,5TWO,1,True
5TXE,A,C,../../GraPPI_data/PDB/new_dimer_db/5TXE.pdb,new_dimer_db,5TXE,1,True
5TZN,A,F,../../GraPPI_data/PDB/new_dimer_db/5TZN.pdb,new_dimer_db,5TZN,1,True
5TZP,A,B,../../GraPPI_data/PDB/new_dimer_db/5TZP.pdb,new_dimer_db,5TZP,1,True
5TZQ,D,A,../../GraPPI_data/PDB/new_dimer_db/5TZQ.pdb,new_dimer_db,5TZQ,1,True
5U0R,H,L,../../GraPPI_data/PDB/new_dimer_db/5U0R.pdb,new_dimer_db,5U0R,3,True
5U1T,A,B,../../GraPPI_data/PDB/new_dimer_db/5U1T.pdb,new_dimer_db,5U1T,2,True
5U4M,A,B,../../GraPPI_data/PDB/new_dimer_db/5U4M.pdb,new_dimer_db,5U4M,4,True
5U5R,A,B,../../GraPPI_data/PDB/new_dimer_db/5U5R.pdb,new_dimer_db,5U5R,1,True
5U89,A,B,../../GraPPI_data/PDB/new_dimer_db/5U89.pdb,new_dimer_db,5U89,1,True
5U9M,B,A,../../GraPPI_data/PDB/new_dimer_db/5U9M.pdb,new_dimer_db,5U9M,1,True
5UA4,A,B,../../GraPPI_data/PDB/new_dimer_db/5UA4.pdb,new_dimer_db,5UA4,1,True
5UA5,A,B,../../GraPPI_data/PDB/new_dimer_db/5UA5.pdb,new_dimer_db,5UA5,1,True
5UB5,A,B,../../GraPPI_data/PDB/new_dimer_db/5UB5.pdb,new_dimer_db,5UB5,9,True
5UDH,A,C,../../GraPPI_data/PDB/new_dimer_db/5UDH.pdb,new_dimer_db,5UDH,1,True
5UFE,A,B,../../GraPPI_data/PDB/new_dimer_db/5UFE.pdb,new_dimer_db,5UFE,1,True
5UFQ,D,B,../../GraPPI_data/PDB/new_dimer_db/5UFQ.pdb,new_dimer_db,5UFQ,1,True
5UIW,A,B,../../GraPPI_data/PDB/new_dimer_db/5UIW.pdb,new_dimer_db,5UIW,1,True
5UK5,A,B,../../GraPPI_data/PDB/new_dimer_db/5UK5.pdb,new_dimer_db,5UK5,1,True
5UL6,A,M,../../GraPPI_data/PDB/new_dimer_db/5UL6.pdb,new_dimer_db,5UL6,1,True
5ULF,B,A,../../GraPPI_data/PDB/new_dimer_db/5ULF.pdb,new_dimer_db,5ULF,1,True
5UMM,B,A,../../GraPPI_data/PDB/new_dimer_db/5UMM.pdb,new_dimer_db,5UMM,1,True
5UN6,F,B,../../GraPPI_data/PDB/new_dimer_db/5UN6.pdb,new_dimer_db,5UN6,1,True
5UN7,A,B,../../GraPPI_data/PDB/new_dimer_db/5UN7.pdb,new_dimer_db,5UN7,3,True
5UNI,A,B,../../GraPPI_data/PDB/new_dimer_db/5UNI.pdb,new_dimer_db,5UNI,4,True
5UPL,A,B,../../GraPPI_data/PDB/new_dimer_db/5UPL.pdb,new_dimer_db,5UPL,1,True
5UQ2,A,B,../../GraPPI_data/PDB/new_dimer_db/5UQ2.pdb,new_dimer_db,5UQ2,2,True
5USF,D,A,../../GraPPI_data/PDB/new_dimer_db/5USF.pdb,new_dimer_db,5USF,1,True
5UUK,A,B,../../GraPPI_data/PDB/new_dimer_db/5UUK.pdb,new_dimer_db,5UUK,4,True
5UUL,A,B,../../GraPPI_data/PDB/new_dimer_db/5UUL.pdb,new_dimer_db,5UUL,1,True
5UUM,A,C,../../GraPPI_data/PDB/new_dimer_db/5UUM.pdb,new_dimer_db,5UUM,1,True
5UW7,A,B,../../GraPPI_data/PDB/new_dimer_db/5UW7.pdb,new_dimer_db,5UW7,1,True
5UWC,G,I,../../GraPPI_data/PDB/new_dimer_db/5UWC.pdb,new_dimer_db,5UWC,2,True
5UXX,B,A,../../GraPPI_data/PDB/new_dimer_db/5UXX.pdb,new_dimer_db,5UXX,1,True
5V1T,A,B,../../GraPPI_data/PDB/new_dimer_db/5V1T.pdb,new_dimer_db,5V1T,1,True
5V1U,A,E,../../GraPPI_data/PDB/new_dimer_db/5V1U.pdb,new_dimer_db,5V1U,1,True
5V1V,A,C,../../GraPPI_data/PDB/new_dimer_db/5V1V.pdb,new_dimer_db,5V1V,1,True
5V2P,A,B,../../GraPPI_data/PDB/new_dimer_db/5V2P.pdb,new_dimer_db,5V2P,1,True
5V2Q,A,B,../../GraPPI_data/PDB/new_dimer_db/5V2Q.pdb,new_dimer_db,5V2Q,1,True
5V3R,A,B,../../GraPPI_data/PDB/new_dimer_db/5V3R.pdb,new_dimer_db,5V3R,4,True
5V61,A,I,../../GraPPI_data/PDB/new_dimer_db/5V61.pdb,new_dimer_db,5V61,1,True
5V6Y,C,G,../../GraPPI_data/PDB/new_dimer_db/5V6Y.pdb,new_dimer_db,5V6Y,1,True
5V7P,A,D,../../GraPPI_data/PDB/new_dimer_db/5V7P.pdb,new_dimer_db,5V7P,1,True
5V7X,A,B,../../GraPPI_data/PDB/new_dimer_db/5V7X.pdb,new_dimer_db,5V7X,2,True
5V8W,B,A,../../GraPPI_data/PDB/new_dimer_db/5V8W.pdb,new_dimer_db,5V8W,1,True
5V90,A,B,../../GraPPI_data/PDB/new_dimer_db/5V90.pdb,new_dimer_db,5V90,2,True
5VA6,A,C,../../GraPPI_data/PDB/new_dimer_db/5VA6.pdb,new_dimer_db,5VA6,1,True
5VA9,A,C,../../GraPPI_data/PDB/new_dimer_db/5VA9.pdb,new_dimer_db,5VA9,1,True
5VAB,A,F,../../GraPPI_data/PDB/new_dimer_db/5VAB.pdb,new_dimer_db,5VAB,1,True
5VAE,B,A,../../GraPPI_data/PDB/new_dimer_db/5VAE.pdb,new_dimer_db,5VAE,1,True
5VAH,A,C,../../GraPPI_data/PDB/new_dimer_db/5VAH.pdb,new_dimer_db,5VAH,1,True
5VAK,A,B,../../GraPPI_data/PDB/new_dimer_db/5VAK.pdb,new_dimer_db,5VAK,1,True
5VAN,A,B,../../GraPPI_data/PDB/new_dimer_db/5VAN.pdb,new_dimer_db,5VAN,1,True
5VAO,F,A,../../GraPPI_data/PDB/new_dimer_db/5VAO.pdb,new_dimer_db,5VAO,1,True
5VAP,D,A,../../GraPPI_data/PDB/new_dimer_db/5VAP.pdb,new_dimer_db,5VAP,1,True
5VAY,A,E,../../GraPPI_data/PDB/new_dimer_db/5VAY.pdb,new_dimer_db,5VAY,4,True
5VBC,A,C,../../GraPPI_data/PDB/new_dimer_db/5VBC.pdb,new_dimer_db,5VBC,3,True
5VBL,A,B,../../GraPPI_data/PDB/new_dimer_db/5VBL.pdb,new_dimer_db,5VBL,1,True
5VBN,B,A,../../GraPPI_data/PDB/new_dimer_db/5VBN.pdb,new_dimer_db,5VBN,1,True
5VE8,A,C,../../GraPPI_data/PDB/new_dimer_db/5VE8.pdb,new_dimer_db,5VE8,1,True
5VIP,B,A,../../GraPPI_data/PDB/new_dimer_db/5VIP.pdb,new_dimer_db,5VIP,1,True
5VJ7,A,B,../../GraPPI_data/PDB/new_dimer_db/5VJ7.pdb,new_dimer_db,5VJ7,5,True
5VK0,B,A,../../GraPPI_data/PDB/new_dimer_db/5VK0.pdb,new_dimer_db,5VK0,1,True
5VK1,B,A,../../GraPPI_data/PDB/new_dimer_db/5VK1.pdb,new_dimer_db,5VK1,1,True
5VKL,A,B,../../GraPPI_data/PDB/new_dimer_db/5VKL.pdb,new_dimer_db,5VKL,1,True
5VKO,A,B,../../GraPPI_data/PDB/new_dimer_db/5VKO.pdb,new_dimer_db,5VKO,1,True
5VLA,A,Z,../../GraPPI_data/PDB/new_dimer_db/5VLA.pdb,new_dimer_db,5VLA,1,True
5VMO,A,B,../../GraPPI_data/PDB/new_dimer_db/5VMO.pdb,new_dimer_db,5VMO,1,True
5VMR,A,C,../../GraPPI_data/PDB/new_dimer_db/5VMR.pdb,new_dimer_db,5VMR,2,True
5VNB,A,D,../../GraPPI_data/PDB/new_dimer_db/5VNB.pdb,new_dimer_db,5VNB,1,True
5VNW,D,A,../../GraPPI_data/PDB/new_dimer_db/5VNW.pdb,new_dimer_db,5VNW,1,True
5VPD,B,A,../../GraPPI_data/PDB/new_dimer_db/5VPD.pdb,new_dimer_db,5VPD,4,True
5VT9,A,C,../../GraPPI_data/PDB/new_dimer_db/5VT9.pdb,new_dimer_db,5VT9,1,True
5VTB,A,B,../../GraPPI_data/PDB/new_dimer_db/5VTB.pdb,new_dimer_db,5VTB,1,True
5VTY,A,B,../../GraPPI_data/PDB/new_dimer_db/5VTY.pdb,new_dimer_db,5VTY,32,True
5VWI,A,B,../../GraPPI_data/PDB/new_dimer_db/5VWI.pdb,new_dimer_db,5VWI,1,True
5VWV,A,B,../../GraPPI_data/PDB/new_dimer_db/5VWV.pdb,new_dimer_db,5VWV,1,True
5VXJ,B,A,../../GraPPI_data/PDB/new_dimer_db/5VXJ.pdb,new_dimer_db,5VXJ,1,True
5VXK,B,A,../../GraPPI_data/PDB/new_dimer_db/5VXK.pdb,new_dimer_db,5VXK,1,True
5VXL,A,B,../../GraPPI_data/PDB/new_dimer_db/5VXL.pdb,new_dimer_db,5VXL,1,True
5VXM,A,B,../../GraPPI_data/PDB/new_dimer_db/5VXM.pdb,new_dimer_db,5VXM,1,True
5VXZ,A,C,../../GraPPI_data/PDB/new_dimer_db/5VXZ.pdb,new_dimer_db,5VXZ,1,True
5VZT,B,A,../../GraPPI_data/PDB/new_dimer_db/5VZT.pdb,new_dimer_db,5VZT,1,True
5W3X,B,A,../../GraPPI_data/PDB/new_dimer_db/5W3X.pdb,new_dimer_db,5W3X,1,True
5W4G,B,A,../../GraPPI_data/PDB/new_dimer_db/5W4G.pdb,new_dimer_db,5W4G,1,True
5W6V,A,B,../../GraPPI_data/PDB/new_dimer_db/5W6V.pdb,new_dimer_db,5W6V,1,True
5W7A,A,B,../../GraPPI_data/PDB/new_dimer_db/5W7A.pdb,new_dimer_db,5W7A,2,True
5W7C,A,C,../../GraPPI_data/PDB/new_dimer_db/5W7C.pdb,new_dimer_db,5W7C,2,True
5W7I,B,A,../../GraPPI_data/PDB/new_dimer_db/5W7I.pdb,new_dimer_db,5W7I,1,True
5W7J,B,A,../../GraPPI_data/PDB/new_dimer_db/5W7J.pdb,new_dimer_db,5W7J,1,True
5W83,A,B,../../GraPPI_data/PDB/new_dimer_db/5W83.pdb,new_dimer_db,5W83,4,True
5W89,A,B,../../GraPPI_data/PDB/new_dimer_db/5W89.pdb,new_dimer_db,5W89,1,True
5W93,D,A,../../GraPPI_data/PDB/new_dimer_db/5W93.pdb,new_dimer_db,5W93,1,True
5WAK,A,B,../../GraPPI_data/PDB/new_dimer_db/5WAK.pdb,new_dimer_db,5WAK,1,True
5WB5,A,B,../../GraPPI_data/PDB/new_dimer_db/5WB5.pdb,new_dimer_db,5WB5,1,True
5WB8,A,B,../../GraPPI_data/PDB/new_dimer_db/5WB8.pdb,new_dimer_db,5WB8,1,True
5WBH,D,W,../../GraPPI_data/PDB/new_dimer_db/5WBH.pdb,new_dimer_db,5WBH,1,True
5WEZ,A,B,../../GraPPI_data/PDB/new_dimer_db/5WEZ.pdb,new_dimer_db,5WEZ,1,True
5WFD,A,B,../../GraPPI_data/PDB/new_dimer_db/5WFD.pdb,new_dimer_db,5WFD,7,True
5WFN,A,C,../../GraPPI_data/PDB/new_dimer_db/5WFN.pdb,new_dimer_db,5WFN,1,True
5WGG,A,B,../../GraPPI_data/PDB/new_dimer_db/5WGG.pdb,new_dimer_db,5WGG,1,True
5WHH,A,B,../../GraPPI_data/PDB/new_dimer_db/5WHH.pdb,new_dimer_db,5WHH,1,True
5WJC,A,B,../../GraPPI_data/PDB/new_dimer_db/5WJC.pdb,new_dimer_db,5WJC,1,True
5WMM,A,B,../../GraPPI_data/PDB/new_dimer_db/5WMM.pdb,new_dimer_db,5WMM,1,True
5WN9,H,A,../../GraPPI_data/PDB/new_dimer_db/5WN9.pdb,new_dimer_db,5WN9,1,True
5WP3,A,B,../../GraPPI_data/PDB/new_dimer_db/5WP3.pdb,new_dimer_db,5WP3,1,True
5WQD,A,H,../../GraPPI_data/PDB/new_dimer_db/5WQD.pdb,new_dimer_db,5WQD,1,True
5WRD,A,C,../../GraPPI_data/PDB/new_dimer_db/5WRD.pdb,new_dimer_db,5WRD,1,True
5WRV,A,B,../../GraPPI_data/PDB/new_dimer_db/5WRV.pdb,new_dimer_db,5WRV,2,True
5WSU,A,B,../../GraPPI_data/PDB/new_dimer_db/5WSU.pdb,new_dimer_db,5WSU,1,True
5WSV,B,A,../../GraPPI_data/PDB/new_dimer_db/5WSV.pdb,new_dimer_db,5WSV,1,True
5WTB,D,H,../../GraPPI_data/PDB/new_dimer_db/5WTB.pdb,new_dimer_db,5WTB,1,True
5WTS,A,B,../../GraPPI_data/PDB/new_dimer_db/5WTS.pdb,new_dimer_db,5WTS,1,True
5WUJ,A,B,../../GraPPI_data/PDB/new_dimer_db/5WUJ.pdb,new_dimer_db,5WUJ,1,True
5WUR,A,C,../../GraPPI_data/PDB/new_dimer_db/5WUR.pdb,new_dimer_db,5WUR,2,True
5WWL,M,N,../../GraPPI_data/PDB/new_dimer_db/5WWL.pdb,new_dimer_db,5WWL,1,True
5WWO,A,C,../../GraPPI_data/PDB/new_dimer_db/5WWO.pdb,new_dimer_db,5WWO,1,True
5WXK,A,B,../../GraPPI_data/PDB/new_dimer_db/5WXK.pdb,new_dimer_db,5WXK,1,True
5WXL,B,A,../../GraPPI_data/PDB/new_dimer_db/5WXL.pdb,new_dimer_db,5WXL,3,True
5WXO,U,P,../../GraPPI_data/PDB/new_dimer_db/5WXO.pdb,new_dimer_db,5WXO,2,True
5WY5,B,A,../../GraPPI_data/PDB/new_dimer_db/5WY5.pdb,new_dimer_db,5WY5,2,True
5WY8,A,B,../../GraPPI_data/PDB/new_dimer_db/5WY8.pdb,new_dimer_db,5WY8,1,True
5WYH,B,A,../../GraPPI_data/PDB/new_dimer_db/5WYH.pdb,new_dimer_db,5WYH,1,True
5WYL,B,A,../../GraPPI_data/PDB/new_dimer_db/5WYL.pdb,new_dimer_db,5WYL,1,True
5WZZ,A,G,../../GraPPI_data/PDB/new_dimer_db/5WZZ.pdb,new_dimer_db,5WZZ,1,True
5X0W,E,F,../../GraPPI_data/PDB/new_dimer_db/5X0W.pdb,new_dimer_db,5X0W,1,True
5X20,C,D,../../GraPPI_data/PDB/new_dimer_db/5X20.pdb,new_dimer_db,5X20,1,True
5X42,B,A,../../GraPPI_data/PDB/new_dimer_db/5X42.pdb,new_dimer_db,5X42,1,True
5X4L,A,C,../../GraPPI_data/PDB/new_dimer_db/5X4L.pdb,new_dimer_db,5X4L,4,True
5XA5,A,B,../../GraPPI_data/PDB/new_dimer_db/5XA5.pdb,new_dimer_db,5XA5,1,True
5XAD,A,C,../../GraPPI_data/PDB/new_dimer_db/5XAD.pdb,new_dimer_db,5XAD,1,True
5XBF,A,B,../../GraPPI_data/PDB/new_dimer_db/5XBF.pdb,new_dimer_db,5XBF,3,True
5XBL,A,D,../../GraPPI_data/PDB/new_dimer_db/5XBL.pdb,new_dimer_db,5XBL,3,True
5XBY,A,B,../../GraPPI_data/PDB/new_dimer_db/5XBY.pdb,new_dimer_db,5XBY,1,True
5XCO,A,B,../../GraPPI_data/PDB/new_dimer_db/5XCO.pdb,new_dimer_db,5XCO,1,True
5XED,A,C,../../GraPPI_data/PDB/new_dimer_db/5XED.pdb,new_dimer_db,5XED,2,True
5XHZ,A,C,../../GraPPI_data/PDB/new_dimer_db/5XHZ.pdb,new_dimer_db,5XHZ,1,True
5XIU,A,B,../../GraPPI_data/PDB/new_dimer_db/5XIU.pdb,new_dimer_db,5XIU,1,True
5XJX,J,I,../../GraPPI_data/PDB/new_dimer_db/5XJX.pdb,new_dimer_db,5XJX,1,True
5XLN,A,B,../../GraPPI_data/PDB/new_dimer_db/5XLN.pdb,new_dimer_db,5XLN,1,True
5XPL,A,C,../../GraPPI_data/PDB/new_dimer_db/5XPL.pdb,new_dimer_db,5XPL,1,True
5XPU,A,B,../../GraPPI_data/PDB/new_dimer_db/5XPU.pdb,new_dimer_db,5XPU,2,True
5XRW,A,C,../../GraPPI_data/PDB/new_dimer_db/5XRW.pdb,new_dimer_db,5XRW,1,True
5XSQ,A,B,../../GraPPI_data/PDB/new_dimer_db/5XSQ.pdb,new_dimer_db,5XSQ,2,True
5XV6,A,B,../../GraPPI_data/PDB/new_dimer_db/5XV6.pdb,new_dimer_db,5XV6,6,True
5XW5,A,B,../../GraPPI_data/PDB/new_dimer_db/5XW5.pdb,new_dimer_db,5XW5,1,True
5XXQ,D,A,../../GraPPI_data/PDB/new_dimer_db/5XXQ.pdb,new_dimer_db,5XXQ,1,True
5XZX,A,B,../../GraPPI_data/PDB/new_dimer_db/5XZX.pdb,new_dimer_db,5XZX,1,True
5Y04,A,B,../../GraPPI_data/PDB/new_dimer_db/5Y04.pdb,new_dimer_db,5Y04,1,True
5Y18,A,B,../../GraPPI_data/PDB/new_dimer_db/5Y18.pdb,new_dimer_db,5Y18,1,True
5Y1J,A,U,../../GraPPI_data/PDB/new_dimer_db/5Y1J.pdb,new_dimer_db,5Y1J,1,True
5Y1Z,A,C,../../GraPPI_data/PDB/new_dimer_db/5Y1Z.pdb,new_dimer_db,5Y1Z,1,True
5Y2Z,C,D,../../GraPPI_data/PDB/new_dimer_db/5Y2Z.pdb,new_dimer_db,5Y2Z,1,True
5Y32,B,A,../../GraPPI_data/PDB/new_dimer_db/5Y32.pdb,new_dimer_db,5Y32,1,True
5Y44,A,B,../../GraPPI_data/PDB/new_dimer_db/5Y44.pdb,new_dimer_db,5Y44,1,True
5Y4R,D,A,../../GraPPI_data/PDB/new_dimer_db/5Y4R.pdb,new_dimer_db,5Y4R,2,True
5Y59,B,C,../../GraPPI_data/PDB/new_dimer_db/5Y59.pdb,new_dimer_db,5Y59,1,True
5Y5A,A,B,../../GraPPI_data/PDB/new_dimer_db/5Y5A.pdb,new_dimer_db,5Y5A,1,True
5Y5W,A,B,../../GraPPI_data/PDB/new_dimer_db/5Y5W.pdb,new_dimer_db,5Y5W,1,True
5Y7W,A,C,../../GraPPI_data/PDB/new_dimer_db/5Y7W.pdb,new_dimer_db,5Y7W,1,True
5Y7Y,A,B,../../GraPPI_data/PDB/new_dimer_db/5Y7Y.pdb,new_dimer_db,5Y7Y,1,True
5Y80,A,B,../../GraPPI_data/PDB/new_dimer_db/5Y80.pdb,new_dimer_db,5Y80,3,True
5YA2,A,C,../../GraPPI_data/PDB/new_dimer_db/5YA2.pdb,new_dimer_db,5YA2,3,True
5YAH,B,C,../../GraPPI_data/PDB/new_dimer_db/5YAH.pdb,new_dimer_db,5YAH,1,True
5YBE,A,B,../../GraPPI_data/PDB/new_dimer_db/5YBE.pdb,new_dimer_db,5YBE,1,True
5YBU,A,B,../../GraPPI_data/PDB/new_dimer_db/5YBU.pdb,new_dimer_db,5YBU,2,True
5YC2,B,A,../../GraPPI_data/PDB/new_dimer_db/5YC2.pdb,new_dimer_db,5YC2,1,True
5YCA,A,C,../../GraPPI_data/PDB/new_dimer_db/5YCA.pdb,new_dimer_db,5YCA,1,True
5YD8,Y,X,../../GraPPI_data/PDB/new_dimer_db/5YD8.pdb,new_dimer_db,5YD8,2,True
5YGD,A,D,../../GraPPI_data/PDB/new_dimer_db/5YGD.pdb,new_dimer_db,5YGD,1,True
5YH3,A,C,../../GraPPI_data/PDB/new_dimer_db/5YH3.pdb,new_dimer_db,5YH3,1,True
5YIP,A,B,../../GraPPI_data/PDB/new_dimer_db/5YIP.pdb,new_dimer_db,5YIP,1,True
5YIQ,A,D,../../GraPPI_data/PDB/new_dimer_db/5YIQ.pdb,new_dimer_db,5YIQ,1,True
5YIR,D,C,../../GraPPI_data/PDB/new_dimer_db/5YIR.pdb,new_dimer_db,5YIR,1,True
5YIS,A,C,../../GraPPI_data/PDB/new_dimer_db/5YIS.pdb,new_dimer_db,5YIS,1,True
5YIX,A,B,../../GraPPI_data/PDB/new_dimer_db/5YIX.pdb,new_dimer_db,5YIX,1,True
5YK5,B,A,../../GraPPI_data/PDB/new_dimer_db/5YK5.pdb,new_dimer_db,5YK5,3,True
5YPO,B,C,../../GraPPI_data/PDB/new_dimer_db/5YPO.pdb,new_dimer_db,5YPO,1,True
5YPR,A,B,../../GraPPI_data/PDB/new_dimer_db/5YPR.pdb,new_dimer_db,5YPR,1,True
5YQZ,R,P,../../GraPPI_data/PDB/new_dimer_db/5YQZ.pdb,new_dimer_db,5YQZ,1,True
5YR0,A,B,../../GraPPI_data/PDB/new_dimer_db/5YR0.pdb,new_dimer_db,5YR0,1,True
5YT0,A,B,../../GraPPI_data/PDB/new_dimer_db/5YT0.pdb,new_dimer_db,5YT0,1,True
5YT6,F,E,../../GraPPI_data/PDB/new_dimer_db/5YT6.pdb,new_dimer_db,5YT6,1,True
5YV5,A,B,../../GraPPI_data/PDB/new_dimer_db/5YV5.pdb,new_dimer_db,5YV5,1,True
5YVI,A,B,../../GraPPI_data/PDB/new_dimer_db/5YVI.pdb,new_dimer_db,5YVI,4,True
5YVV,B,A,../../GraPPI_data/PDB/new_dimer_db/5YVV.pdb,new_dimer_db,5YVV,1,True
5YVY,A,B,../../GraPPI_data/PDB/new_dimer_db/5YVY.pdb,new_dimer_db,5YVY,2,True
5YWR,A,B,../../GraPPI_data/PDB/new_dimer_db/5YWR.pdb,new_dimer_db,5YWR,1,True
5YXD,A,B,../../GraPPI_data/PDB/new_dimer_db/5YXD.pdb,new_dimer_db,5YXD,1,True
5YY0,A,B,../../GraPPI_data/PDB/new_dimer_db/5YY0.pdb,new_dimer_db,5YY0,2,True
5YY9,A,C,../../GraPPI_data/PDB/new_dimer_db/5YY9.pdb,new_dimer_db,5YY9,1,True
5Z0E,A,B,../../GraPPI_data/PDB/new_dimer_db/5Z0E.pdb,new_dimer_db,5Z0E,35,True
5Z1G,D,A,../../GraPPI_data/PDB/new_dimer_db/5Z1G.pdb,new_dimer_db,5Z1G,1,True
5Z2M,B,A,../../GraPPI_data/PDB/new_dimer_db/5Z2M.pdb,new_dimer_db,5Z2M,1,True
5Z2Q,B,C,../../GraPPI_data/PDB/new_dimer_db/5Z2Q.pdb,new_dimer_db,5Z2Q,1,True
5Z2W,A,B,../../GraPPI_data/PDB/new_dimer_db/5Z2W.pdb,new_dimer_db,5Z2W,1,True
5Z51,A,B,../../GraPPI_data/PDB/new_dimer_db/5Z51.pdb,new_dimer_db,5Z51,1,True
5Z5K,A,B,../../GraPPI_data/PDB/new_dimer_db/5Z5K.pdb,new_dimer_db,5Z5K,1,True
5Z5O,A,B,../../GraPPI_data/PDB/new_dimer_db/5Z5O.pdb,new_dimer_db,5Z5O,1,True
5Z5S,A,C,../../GraPPI_data/PDB/new_dimer_db/5Z5S.pdb,new_dimer_db,5Z5S,1,True
5Z6S,A,C,../../GraPPI_data/PDB/new_dimer_db/5Z6S.pdb,new_dimer_db,5Z6S,1,True
5Z8Y,A,B,../../GraPPI_data/PDB/new_dimer_db/5Z8Y.pdb,new_dimer_db,5Z8Y,1,True
5ZGC,A,G,../../GraPPI_data/PDB/new_dimer_db/5ZGC.pdb,new_dimer_db,5ZGC,1,True
5ZHX,e,A,../../GraPPI_data/PDB/new_dimer_db/5ZHX.pdb,new_dimer_db,5ZHX,1,True
5ZJT,A,B,../../GraPPI_data/PDB/new_dimer_db/5ZJT.pdb,new_dimer_db,5ZJT,9,True
5ZJZ,A,B,../../GraPPI_data/PDB/new_dimer_db/5ZJZ.pdb,new_dimer_db,5ZJZ,5,True
5ZK9,A,B,../../GraPPI_data/PDB/new_dimer_db/5ZK9.pdb,new_dimer_db,5ZK9,1,True
5ZKQ,A,B,../../GraPPI_data/PDB/new_dimer_db/5ZKQ.pdb,new_dimer_db,5ZKQ,1,True
5ZMC,B,A,../../GraPPI_data/PDB/new_dimer_db/5ZMC.pdb,new_dimer_db,5ZMC,1,True
5ZNR,A,P,../../GraPPI_data/PDB/new_dimer_db/5ZNR.pdb,new_dimer_db,5ZNR,1,True
5ZOP,G,A,../../GraPPI_data/PDB/new_dimer_db/5ZOP.pdb,new_dimer_db,5ZOP,2,True
5ZQ4,B,C,../../GraPPI_data/PDB/new_dimer_db/5ZQ4.pdb,new_dimer_db,5ZQ4,2,True
5ZRZ,A,B,../../GraPPI_data/PDB/new_dimer_db/5ZRZ.pdb,new_dimer_db,5ZRZ,1,True
5ZT0,A,G,../../GraPPI_data/PDB/new_dimer_db/5ZT0.pdb,new_dimer_db,5ZT0,1,True
5ZTB,B,E,../../GraPPI_data/PDB/new_dimer_db/5ZTB.pdb,new_dimer_db,5ZTB,1,True
5ZUJ,A,I,../../GraPPI_data/PDB/new_dimer_db/5ZUJ.pdb,new_dimer_db,5ZUJ,1,True
5ZUT,A,E,../../GraPPI_data/PDB/new_dimer_db/5ZUT.pdb,new_dimer_db,5ZUT,1,True
5ZWL,E,G,../../GraPPI_data/PDB/new_dimer_db/5ZWL.pdb,new_dimer_db,5ZWL,1,True
5ZYS,A,B,../../GraPPI_data/PDB/new_dimer_db/5ZYS.pdb,new_dimer_db,5ZYS,1,True
5ZZ9,A,E,../../GraPPI_data/PDB/new_dimer_db/5ZZ9.pdb,new_dimer_db,5ZZ9,1,True
5ZZB,B,A,../../GraPPI_data/PDB/new_dimer_db/5ZZB.pdb,new_dimer_db,5ZZB,3,True
6A22,B,A,../../GraPPI_data/PDB/new_dimer_db/6A22.pdb,new_dimer_db,6A22,1,True
6A33,A,I,../../GraPPI_data/PDB/new_dimer_db/6A33.pdb,new_dimer_db,6A33,1,True
6A3V,B,A,../../GraPPI_data/PDB/new_dimer_db/6A3V.pdb,new_dimer_db,6A3V,1,True
6A6I,B,A,../../GraPPI_data/PDB/new_dimer_db/6A6I.pdb,new_dimer_db,6A6I,1,True
6A6W,A,B,../../GraPPI_data/PDB/new_dimer_db/6A6W.pdb,new_dimer_db,6A6W,1,True
6A95,A,B,../../GraPPI_data/PDB/new_dimer_db/6A95.pdb,new_dimer_db,6A95,4,True
6A9X,D,A,../../GraPPI_data/PDB/new_dimer_db/6A9X.pdb,new_dimer_db,6A9X,1,True
6AAF,A,B,../../GraPPI_data/PDB/new_dimer_db/6AAF.pdb,new_dimer_db,6AAF,1,True
6AAW,A,B,../../GraPPI_data/PDB/new_dimer_db/6AAW.pdb,new_dimer_db,6AAW,1,True
6ACI,A,H,../../GraPPI_data/PDB/new_dimer_db/6ACI.pdb,new_dimer_db,6ACI,1,True
6AD9,A,B,../../GraPPI_data/PDB/new_dimer_db/6AD9.pdb,new_dimer_db,6AD9,1,True
6AE8,A,C,../../GraPPI_data/PDB/new_dimer_db/6AE8.pdb,new_dimer_db,6AE8,1,True
6AGO,A,C,../../GraPPI_data/PDB/new_dimer_db/6AGO.pdb,new_dimer_db,6AGO,1,True
6AHY,A,B,../../GraPPI_data/PDB/new_dimer_db/6AHY.pdb,new_dimer_db,6AHY,2,True
6ALX,A,B,../../GraPPI_data/PDB/new_dimer_db/6ALX.pdb,new_dimer_db,6ALX,1,True
6AMB,A,B,../../GraPPI_data/PDB/new_dimer_db/6AMB.pdb,new_dimer_db,6AMB,2,True
6AO0,L,H,../../GraPPI_data/PDB/new_dimer_db/6AO0.pdb,new_dimer_db,6AO0,1,True
6AO5,A,B,../../GraPPI_data/PDB/new_dimer_db/6AO5.pdb,new_dimer_db,6AO5,1,True
6APP,A,B,../../GraPPI_data/PDB/new_dimer_db/6APP.pdb,new_dimer_db,6APP,1,True
6APX,A,B,../../GraPPI_data/PDB/new_dimer_db/6APX.pdb,new_dimer_db,6APX,1,True
6ARQ,A,D,../../GraPPI_data/PDB/new_dimer_db/6ARQ.pdb,new_dimer_db,6ARQ,1,True
6ASR,B,A,../../GraPPI_data/PDB/new_dimer_db/6ASR.pdb,new_dimer_db,6ASR,1,True
6ATG,B,A,../../GraPPI_data/PDB/new_dimer_db/6ATG.pdb,new_dimer_db,6ATG,1,True
6ATV,A,M,../../GraPPI_data/PDB/new_dimer_db/6ATV.pdb,new_dimer_db,6ATV,1,True
6AU8,A,C,../../GraPPI_data/PDB/new_dimer_db/6AU8.pdb,new_dimer_db,6AU8,1,True
6AXG,A,B,../../GraPPI_data/PDB/new_dimer_db/6AXG.pdb,new_dimer_db,6AXG,2,True
6B12,A,C,../../GraPPI_data/PDB/new_dimer_db/6B12.pdb,new_dimer_db,6B12,1,True
6B27,A,G,../../GraPPI_data/PDB/new_dimer_db/6B27.pdb,new_dimer_db,6B27,1,True
6B3X,A,B,../../GraPPI_data/PDB/new_dimer_db/6B3X.pdb,new_dimer_db,6B3X,1,True
6B4E,D,B,../../GraPPI_data/PDB/new_dimer_db/6B4E.pdb,new_dimer_db,6B4E,1,True
6B4F,B,C,../../GraPPI_data/PDB/new_dimer_db/6B4F.pdb,new_dimer_db,6B4F,1,True
6B4G,B,A,../../GraPPI_data/PDB/new_dimer_db/6B4G.pdb,new_dimer_db,6B4G,1,True
6B4H,D,C,../../GraPPI_data/PDB/new_dimer_db/6B4H.pdb,new_dimer_db,6B4H,1,True
6B8P,B,A,../../GraPPI_data/PDB/new_dimer_db/6B8P.pdb,new_dimer_db,6B8P,4,True
6B9H,A,B,../../GraPPI_data/PDB/new_dimer_db/6B9H.pdb,new_dimer_db,6B9H,1,True
6BBO,A,D,../../GraPPI_data/PDB/new_dimer_db/6BBO.pdb,new_dimer_db,6BBO,2,True
6BCB,F,A,../../GraPPI_data/PDB/new_dimer_db/6BCB.pdb,new_dimer_db,6BCB,4,True
6BHE,A,B,../../GraPPI_data/PDB/new_dimer_db/6BHE.pdb,new_dimer_db,6BHE,2,True
6BMT,A,B,../../GraPPI_data/PDB/new_dimer_db/6BMT.pdb,new_dimer_db,6BMT,3,True
6BN1,A,B,../../GraPPI_data/PDB/new_dimer_db/6BN1.pdb,new_dimer_db,6BN1,1,True
6BRP,B,A,../../GraPPI_data/PDB/new_dimer_db/6BRP.pdb,new_dimer_db,6BRP,5,True
6BS5,A,B,../../GraPPI_data/PDB/new_dimer_db/6BS5.pdb,new_dimer_db,6BS5,3,True
6BUH,E,F,../../GraPPI_data/PDB/new_dimer_db/6BUH.pdb,new_dimer_db,6BUH,2,True
6BW3,B,C,../../GraPPI_data/PDB/new_dimer_db/6BW3.pdb,new_dimer_db,6BW3,1,True
6BW4,B,C,../../GraPPI_data/PDB/new_dimer_db/6BW4.pdb,new_dimer_db,6BW4,1,True
6BWB,A,B,../../GraPPI_data/PDB/new_dimer_db/6BWB.pdb,new_dimer_db,6BWB,4,True
6BX5,A,C,../../GraPPI_data/PDB/new_dimer_db/6BX5.pdb,new_dimer_db,6BX5,3,True
6BXA,B,D,../../GraPPI_data/PDB/new_dimer_db/6BXA.pdb,new_dimer_db,6BXA,1,True
6BXC,D,A,../../GraPPI_data/PDB/new_dimer_db/6BXC.pdb,new_dimer_db,6BXC,1,True
6BYN,W,M,../../GraPPI_data/PDB/new_dimer_db/6BYN.pdb,new_dimer_db,6BYN,1,True
6BZG,B,A,../../GraPPI_data/PDB/new_dimer_db/6BZG.pdb,new_dimer_db,6BZG,2,True
6BZX,A,B,../../GraPPI_data/PDB/new_dimer_db/6BZX.pdb,new_dimer_db,6BZX,1,True
6C0B,A,B,../../GraPPI_data/PDB/new_dimer_db/6C0B.pdb,new_dimer_db,6C0B,1,True
6C12,D,B,../../GraPPI_data/PDB/new_dimer_db/6C12.pdb,new_dimer_db,6C12,2,True
6C5W,A,E,../../GraPPI_data/PDB/new_dimer_db/6C5W.pdb,new_dimer_db,6C5W,1,True
6C6K,B,D,../../GraPPI_data/PDB/new_dimer_db/6C6K.pdb,new_dimer_db,6C6K,1,True
6C7Y,A,B,../../GraPPI_data/PDB/new_dimer_db/6C7Y.pdb,new_dimer_db,6C7Y,1,True
6CBP,P,A,../../GraPPI_data/PDB/new_dimer_db/6CBP.pdb,new_dimer_db,6CBP,1,True
6CH2,D,A,../../GraPPI_data/PDB/new_dimer_db/6CH2.pdb,new_dimer_db,6CH2,1,True
6CH3,A,B,../../GraPPI_data/PDB/new_dimer_db/6CH3.pdb,new_dimer_db,6CH3,1,True
6CP0,A,B,../../GraPPI_data/PDB/new_dimer_db/6CP0.pdb,new_dimer_db,6CP0,1,True
6CP8,A,C,../../GraPPI_data/PDB/new_dimer_db/6CP8.pdb,new_dimer_db,6CP8,1,True
6CP9,B,A,../../GraPPI_data/PDB/new_dimer_db/6CP9.pdb,new_dimer_db,6CP9,1,True
6CR1,L,H,../../GraPPI_data/PDB/new_dimer_db/6CR1.pdb,new_dimer_db,6CR1,1,True
6CWG,B,A,../../GraPPI_data/PDB/new_dimer_db/6CWG.pdb,new_dimer_db,6CWG,4,True
6CWX,A,B,../../GraPPI_data/PDB/new_dimer_db/6CWX.pdb,new_dimer_db,6CWX,1,True
6CWY,C,D,../../GraPPI_data/PDB/new_dimer_db/6CWY.pdb,new_dimer_db,6CWY,1,True
6CWZ,C,D,../../GraPPI_data/PDB/new_dimer_db/6CWZ.pdb,new_dimer_db,6CWZ,2,True
6CZA,B,A,../../GraPPI_data/PDB/new_dimer_db/6CZA.pdb,new_dimer_db,6CZA,4,True
6CZO,B,A,../../GraPPI_data/PDB/new_dimer_db/6CZO.pdb,new_dimer_db,6CZO,1,True
6CZQ,B,R,../../GraPPI_data/PDB/new_dimer_db/6CZQ.pdb,new_dimer_db,6CZQ,7,True
6D0I,B,A,../../GraPPI_data/PDB/new_dimer_db/6D0I.pdb,new_dimer_db,6D0I,2,True
6D1U,B,E,../../GraPPI_data/PDB/new_dimer_db/6D1U.pdb,new_dimer_db,6D1U,1,True
6D65,B,A,../../GraPPI_data/PDB/new_dimer_db/6D65.pdb,new_dimer_db,6D65,1,True
6D67,A,B,../../GraPPI_data/PDB/new_dimer_db/6D67.pdb,new_dimer_db,6D67,2,True
6D68,A,C,../../GraPPI_data/PDB/new_dimer_db/6D68.pdb,new_dimer_db,6D68,3,True
6DAF,A,C,../../GraPPI_data/PDB/new_dimer_db/6DAF.pdb,new_dimer_db,6DAF,1,True
6DBG,D,A,../../GraPPI_data/PDB/new_dimer_db/6DBG.pdb,new_dimer_db,6DBG,1,True
6DEX,A,B,../../GraPPI_data/PDB/new_dimer_db/6DEX.pdb,new_dimer_db,6DEX,1,True
6DFL,A,B,../../GraPPI_data/PDB/new_dimer_db/6DFL.pdb,new_dimer_db,6DFL,1,True
6DGP,A,C,../../GraPPI_data/PDB/new_dimer_db/6DGP.pdb,new_dimer_db,6DGP,1,True
6DKM,B,A,../../GraPPI_data/PDB/new_dimer_db/6DKM.pdb,new_dimer_db,6DKM,1,True
6DKS,C,D,../../GraPPI_data/PDB/new_dimer_db/6DKS.pdb,new_dimer_db,6DKS,1,True
6DLD,A,B,../../GraPPI_data/PDB/new_dimer_db/6DLD.pdb,new_dimer_db,6DLD,1,True
6DLM,A,B,../../GraPPI_data/PDB/new_dimer_db/6DLM.pdb,new_dimer_db,6DLM,1,True
6DM9,B,A,../../GraPPI_data/PDB/new_dimer_db/6DM9.pdb,new_dimer_db,6DM9,1,True
6DMA,A,B,../../GraPPI_data/PDB/new_dimer_db/6DMA.pdb,new_dimer_db,6DMA,1,True
6DN7,A,C,../../GraPPI_data/PDB/new_dimer_db/6DN7.pdb,new_dimer_db,6DN7,1,True
6DRH,B,A,../../GraPPI_data/PDB/new_dimer_db/6DRH.pdb,new_dimer_db,6DRH,2,True
6DSZ,A,C,../../GraPPI_data/PDB/new_dimer_db/6DSZ.pdb,new_dimer_db,6DSZ,1,True
6DTA,A,B,../../GraPPI_data/PDB/new_dimer_db/6DTA.pdb,new_dimer_db,6DTA,3,True
6DXO,A,D,../../GraPPI_data/PDB/new_dimer_db/6DXO.pdb,new_dimer_db,6DXO,1,True
6DY1,A,B,../../GraPPI_data/PDB/new_dimer_db/6DY1.pdb,new_dimer_db,6DY1,7,True
6E2P,A,C,../../GraPPI_data/PDB/new_dimer_db/6E2P.pdb,new_dimer_db,6E2P,1,True
6E2Q,A,N,../../GraPPI_data/PDB/new_dimer_db/6E2Q.pdb,new_dimer_db,6E2Q,1,True
6E37,A,B,../../GraPPI_data/PDB/new_dimer_db/6E37.pdb,new_dimer_db,6E37,7,True
6E3J,A,B,../../GraPPI_data/PDB/new_dimer_db/6E3J.pdb,new_dimer_db,6E3J,2,True
6E5X,A,B,../../GraPPI_data/PDB/new_dimer_db/6E5X.pdb,new_dimer_db,6E5X,1,True
6EBY,B,A,../../GraPPI_data/PDB/new_dimer_db/6EBY.pdb,new_dimer_db,6EBY,1,True
6EDS,A,C,../../GraPPI_data/PDB/new_dimer_db/6EDS.pdb,new_dimer_db,6EDS,2,True
6EG0,A,B,../../GraPPI_data/PDB/new_dimer_db/6EG0.pdb,new_dimer_db,6EG0,1,True
6EG1,A,B,../../GraPPI_data/PDB/new_dimer_db/6EG1.pdb,new_dimer_db,6EG1,1,True
6EJ7,A,B,../../GraPPI_data/PDB/new_dimer_db/6EJ7.pdb,new_dimer_db,6EJ7,1,True
6EJ9,A,B,../../GraPPI_data/PDB/new_dimer_db/6EJ9.pdb,new_dimer_db,6EJ9,1,True
6EJB,A,B,../../GraPPI_data/PDB/new_dimer_db/6EJB.pdb,new_dimer_db,6EJB,1,True
6EJP,A,C,../../GraPPI_data/PDB/new_dimer_db/6EJP.pdb,new_dimer_db,6EJP,1,True
6EKK,A,C,../../GraPPI_data/PDB/new_dimer_db/6EKK.pdb,new_dimer_db,6EKK,2,True
6EKL,A,B,../../GraPPI_data/PDB/new_dimer_db/6EKL.pdb,new_dimer_db,6EKL,2,True
6EPI,B,A,../../GraPPI_data/PDB/new_dimer_db/6EPI.pdb,new_dimer_db,6EPI,3,True
6EPK,A,B,../../GraPPI_data/PDB/new_dimer_db/6EPK.pdb,new_dimer_db,6EPK,3,True
6ET3,B,A,../../GraPPI_data/PDB/new_dimer_db/6ET3.pdb,new_dimer_db,6ET3,5,True
6EY0,A,E,../../GraPPI_data/PDB/new_dimer_db/6EY0.pdb,new_dimer_db,6EY0,1,True
6F0F,A,B,../../GraPPI_data/PDB/new_dimer_db/6F0F.pdb,new_dimer_db,6F0F,1,True
6F0G,A,C,../../GraPPI_data/PDB/new_dimer_db/6F0G.pdb,new_dimer_db,6F0G,1,True
6F0W,A,S,../../GraPPI_data/PDB/new_dimer_db/6F0W.pdb,new_dimer_db,6F0W,1,True
6F1V,f,m,../../GraPPI_data/PDB/new_dimer_db/6F1V.pdb,new_dimer_db,6F1V,1,True
6F1Y,f,j,../../GraPPI_data/PDB/new_dimer_db/6F1Y.pdb,new_dimer_db,6F1Y,1,True
6F2W,A,B,../../GraPPI_data/PDB/new_dimer_db/6F2W.pdb,new_dimer_db,6F2W,2,True
6F34,A,C,../../GraPPI_data/PDB/new_dimer_db/6F34.pdb,new_dimer_db,6F34,2,True
6F3Z,B,A,../../GraPPI_data/PDB/new_dimer_db/6F3Z.pdb,new_dimer_db,6F3Z,1,True
6F4J,A,C,../../GraPPI_data/PDB/new_dimer_db/6F4J.pdb,new_dimer_db,6F4J,2,True
6F57,A,B,../../GraPPI_data/PDB/new_dimer_db/6F57.pdb,new_dimer_db,6F57,1,True
6F6D,A,B,../../GraPPI_data/PDB/new_dimer_db/6F6D.pdb,new_dimer_db,6F6D,2,True
6F8D,B,D,../../GraPPI_data/PDB/new_dimer_db/6F8D.pdb,new_dimer_db,6F8D,1,True
6F8F,D,G,../../GraPPI_data/PDB/new_dimer_db/6F8F.pdb,new_dimer_db,6F8F,1,True
6F9N,A,B,../../GraPPI_data/PDB/new_dimer_db/6F9N.pdb,new_dimer_db,6F9N,3,True
6FAD,A,E,../../GraPPI_data/PDB/new_dimer_db/6FAD.pdb,new_dimer_db,6FAD,1,True
6FAE,A,B,../../GraPPI_data/PDB/new_dimer_db/6FAE.pdb,new_dimer_db,6FAE,2,True
6FBK,A,P,../../GraPPI_data/PDB/new_dimer_db/6FBK.pdb,new_dimer_db,6FBK,1,True
6FBX,A,B,../../GraPPI_data/PDB/new_dimer_db/6FBX.pdb,new_dimer_db,6FBX,1,True
6FC0,A,B,../../GraPPI_data/PDB/new_dimer_db/6FC0.pdb,new_dimer_db,6FC0,2,True
6FC2,B,A,../../GraPPI_data/PDB/new_dimer_db/6FC2.pdb,new_dimer_db,6FC2,2,True
6FC3,A,B,../../GraPPI_data/PDB/new_dimer_db/6FC3.pdb,new_dimer_db,6FC3,1,True
6FCV,A,B,../../GraPPI_data/PDB/new_dimer_db/6FCV.pdb,new_dimer_db,6FCV,2,True
6FF3,A,B,../../GraPPI_data/PDB/new_dimer_db/6FF3.pdb,new_dimer_db,6FF3,1,True
6FFA,A,B,../../GraPPI_data/PDB/new_dimer_db/6FFA.pdb,new_dimer_db,6FFA,1,True
6FHP,A,C,../../GraPPI_data/PDB/new_dimer_db/6FHP.pdb,new_dimer_db,6FHP,1,True
6FJ3,A,B,../../GraPPI_data/PDB/new_dimer_db/6FJ3.pdb,new_dimer_db,6FJ3,1,True
6FJY,B,A,../../GraPPI_data/PDB/new_dimer_db/6FJY.pdb,new_dimer_db,6FJY,1,True
6FKM,A,B,../../GraPPI_data/PDB/new_dimer_db/6FKM.pdb,new_dimer_db,6FKM,2,True
6FKP,B,D,../../GraPPI_data/PDB/new_dimer_db/6FKP.pdb,new_dimer_db,6FKP,3,True
6FKQ,A,B,../../GraPPI_data/PDB/new_dimer_db/6FKQ.pdb,new_dimer_db,6FKQ,1,True
6FNO,A,C,../../GraPPI_data/PDB/new_dimer_db/6FNO.pdb,new_dimer_db,6FNO,2,True
6FOL,B,A,../../GraPPI_data/PDB/new_dimer_db/6FOL.pdb,new_dimer_db,6FOL,3,True
6FP6,B,A,../../GraPPI_data/PDB/new_dimer_db/6FP6.pdb,new_dimer_db,6FP6,1,True
6FP8,A,B,../../GraPPI_data/PDB/new_dimer_db/6FP8.pdb,new_dimer_db,6FP8,2,True
6FQ4,A,B,../../GraPPI_data/PDB/new_dimer_db/6FQ4.pdb,new_dimer_db,6FQ4,1,True
6FQA,A,B,../../GraPPI_data/PDB/new_dimer_db/6FQA.pdb,new_dimer_db,6FQA,2,True
6FUF,A,B,../../GraPPI_data/PDB/new_dimer_db/6FUF.pdb,new_dimer_db,6FUF,2,True
6FV0,A,F,../../GraPPI_data/PDB/new_dimer_db/6FV0.pdb,new_dimer_db,6FV0,2,True
6FYH,A,B,../../GraPPI_data/PDB/new_dimer_db/6FYH.pdb,new_dimer_db,6FYH,2,True
6FZF,A,C,../../GraPPI_data/PDB/new_dimer_db/6FZF.pdb,new_dimer_db,6FZF,1,True
6FZJ,A,C,../../GraPPI_data/PDB/new_dimer_db/6FZJ.pdb,new_dimer_db,6FZJ,1,True
6G07,D,S,../../GraPPI_data/PDB/new_dimer_db/6G07.pdb,new_dimer_db,6G07,1,True
6G16,A,B,../../GraPPI_data/PDB/new_dimer_db/6G16.pdb,new_dimer_db,6G16,2,True
6G3W,A,B,../../GraPPI_data/PDB/new_dimer_db/6G3W.pdb,new_dimer_db,6G3W,2,True
6G4J,A,B,../../GraPPI_data/PDB/new_dimer_db/6G4J.pdb,new_dimer_db,6G4J,1,True
6G8R,A,B,../../GraPPI_data/PDB/new_dimer_db/6G8R.pdb,new_dimer_db,6G8R,1,True
6GB1,A,B,../../GraPPI_data/PDB/new_dimer_db/6GB1.pdb,new_dimer_db,6GB1,1,True
6GBH,B,A,../../GraPPI_data/PDB/new_dimer_db/6GBH.pdb,new_dimer_db,6GBH,4,True
6GCI,A,B,../../GraPPI_data/PDB/new_dimer_db/6GCI.pdb,new_dimer_db,6GCI,1,True
6GEG,A,L,../../GraPPI_data/PDB/new_dimer_db/6GEG.pdb,new_dimer_db,6GEG,16,True
6GEK,L,A,../../GraPPI_data/PDB/new_dimer_db/6GEK.pdb,new_dimer_db,6GEK,1,True
6GEV,A,B,../../GraPPI_data/PDB/new_dimer_db/6GEV.pdb,new_dimer_db,6GEV,1,True
6GG8,A,B,../../GraPPI_data/PDB/new_dimer_db/6GG8.pdb,new_dimer_db,6GG8,1,True
6GGG,A,B,../../GraPPI_data/PDB/new_dimer_db/6GGG.pdb,new_dimer_db,6GGG,1,True
6GGR,A,B,../../GraPPI_data/PDB/new_dimer_db/6GGR.pdb,new_dimer_db,6GGR,1,True
6GH8,D,A,../../GraPPI_data/PDB/new_dimer_db/6GH8.pdb,new_dimer_db,6GH8,1,True
6GHM,D,A,../../GraPPI_data/PDB/new_dimer_db/6GHM.pdb,new_dimer_db,6GHM,2,True
6GHO,A,B,../../GraPPI_data/PDB/new_dimer_db/6GHO.pdb,new_dimer_db,6GHO,2,True
6GLC,A,B,../../GraPPI_data/PDB/new_dimer_db/6GLC.pdb,new_dimer_db,6GLC,1,True
6GOW,D,E,../../GraPPI_data/PDB/new_dimer_db/6GOW.pdb,new_dimer_db,6GOW,2,True
6GR8,A,B,../../GraPPI_data/PDB/new_dimer_db/6GR8.pdb,new_dimer_db,6GR8,1,True
6GS7,A,H,../../GraPPI_data/PDB/new_dimer_db/6GS7.pdb,new_dimer_db,6GS7,3,True
6GTR,A,C,../../GraPPI_data/PDB/new_dimer_db/6GTR.pdb,new_dimer_db,6GTR,2,True
6GU0,A,B,../../GraPPI_data/PDB/new_dimer_db/6GU0.pdb,new_dimer_db,6GU0,7,True
6GVC,R,B,../../GraPPI_data/PDB/new_dimer_db/6GVC.pdb,new_dimer_db,6GVC,1,True
6GVL,A,B,../../GraPPI_data/PDB/new_dimer_db/6GVL.pdb,new_dimer_db,6GVL,2,True
6GWQ,A,B,../../GraPPI_data/PDB/new_dimer_db/6GWQ.pdb,new_dimer_db,6GWQ,1,True
6GXZ,A,E,../../GraPPI_data/PDB/new_dimer_db/6GXZ.pdb,new_dimer_db,6GXZ,1,True
6GY2,D,A,../../GraPPI_data/PDB/new_dimer_db/6GY2.pdb,new_dimer_db,6GY2,1,True
6GY5,A,U,../../GraPPI_data/PDB/new_dimer_db/6GY5.pdb,new_dimer_db,6GY5,1,True
6GZJ,A,B,../../GraPPI_data/PDB/new_dimer_db/6GZJ.pdb,new_dimer_db,6GZJ,1,True
6GZL,A,B,../../GraPPI_data/PDB/new_dimer_db/6GZL.pdb,new_dimer_db,6GZL,1,True
6H02,A,B,../../GraPPI_data/PDB/new_dimer_db/6H02.pdb,new_dimer_db,6H02,1,True
6H0B,B,F,../../GraPPI_data/PDB/new_dimer_db/6H0B.pdb,new_dimer_db,6H0B,1,True
6H16,A,B,../../GraPPI_data/PDB/new_dimer_db/6H16.pdb,new_dimer_db,6H16,1,True
6H1F,A,B,../../GraPPI_data/PDB/new_dimer_db/6H1F.pdb,new_dimer_db,6H1F,2,True
6H22,A,C,../../GraPPI_data/PDB/new_dimer_db/6H22.pdb,new_dimer_db,6H22,7,True
6H41,A,B,../../GraPPI_data/PDB/new_dimer_db/6H41.pdb,new_dimer_db,6H41,1,True
6H47,A,B,../../GraPPI_data/PDB/new_dimer_db/6H47.pdb,new_dimer_db,6H47,2,True
6H4B,A,B,../../GraPPI_data/PDB/new_dimer_db/6H4B.pdb,new_dimer_db,6H4B,1,True
6H9O,A,B,../../GraPPI_data/PDB/new_dimer_db/6H9O.pdb,new_dimer_db,6H9O,2,True
6HER,A,B,../../GraPPI_data/PDB/new_dimer_db/6HER.pdb,new_dimer_db,6HER,3,True
6HGC,A,B,../../GraPPI_data/PDB/new_dimer_db/6HGC.pdb,new_dimer_db,6HGC,1,True
6HLM,B,A,../../GraPPI_data/PDB/new_dimer_db/6HLM.pdb,new_dimer_db,6HLM,23,True
6HM3,A,B,../../GraPPI_data/PDB/new_dimer_db/6HM3.pdb,new_dimer_db,6HM3,1,True
6HMV,A,B,../../GraPPI_data/PDB/new_dimer_db/6HMV.pdb,new_dimer_db,6HMV,6,True
6HOL,A,C,../../GraPPI_data/PDB/new_dimer_db/6HOL.pdb,new_dimer_db,6HOL,1,True
6HON,B,A,../../GraPPI_data/PDB/new_dimer_db/6HON.pdb,new_dimer_db,6HON,2,True
6HOS,B,C,../../GraPPI_data/PDB/new_dimer_db/6HOS.pdb,new_dimer_db,6HOS,1,True
6HT9,A,B,../../GraPPI_data/PDB/new_dimer_db/6HT9.pdb,new_dimer_db,6HT9,1,True
6HTF,A,B,../../GraPPI_data/PDB/new_dimer_db/6HTF.pdb,new_dimer_db,6HTF,1,True
6HUA,A,B,../../GraPPI_data/PDB/new_dimer_db/6HUA.pdb,new_dimer_db,6HUA,1,True
6HUL,A,B,../../GraPPI_data/PDB/new_dimer_db/6HUL.pdb,new_dimer_db,6HUL,1,True
6HY7,A,B,../../GraPPI_data/PDB/new_dimer_db/6HY7.pdb,new_dimer_db,6HY7,1,True
6I1D,A,B,../../GraPPI_data/PDB/new_dimer_db/6I1D.pdb,new_dimer_db,6I1D,1,True
6I2B,A,D,../../GraPPI_data/PDB/new_dimer_db/6I2B.pdb,new_dimer_db,6I2B,2,True
6I2G,A,B,../../GraPPI_data/PDB/new_dimer_db/6I2G.pdb,new_dimer_db,6I2G,1,True
6I2P,A,D,../../GraPPI_data/PDB/new_dimer_db/6I2P.pdb,new_dimer_db,6I2P,1,True
6I3F,A,B,../../GraPPI_data/PDB/new_dimer_db/6I3F.pdb,new_dimer_db,6I3F,1,True
6I42,A,B,../../GraPPI_data/PDB/new_dimer_db/6I42.pdb,new_dimer_db,6I42,1,True
6I8G,A,B,../../GraPPI_data/PDB/new_dimer_db/6I8G.pdb,new_dimer_db,6I8G,1,True
6IAN,A,C,../../GraPPI_data/PDB/new_dimer_db/6IAN.pdb,new_dimer_db,6IAN,1,True
6IBL,A,C,../../GraPPI_data/PDB/new_dimer_db/6IBL.pdb,new_dimer_db,6IBL,1,True
6IC9,A,C,../../GraPPI_data/PDB/new_dimer_db/6IC9.pdb,new_dimer_db,6IC9,1,True
6IDX,A,C,../../GraPPI_data/PDB/new_dimer_db/6IDX.pdb,new_dimer_db,6IDX,1,True
6IE7,D,H,../../GraPPI_data/PDB/new_dimer_db/6IE7.pdb,new_dimer_db,6IE7,2,True
6IEH,B,A,../../GraPPI_data/PDB/new_dimer_db/6IEH.pdb,new_dimer_db,6IEH,1,True
6IEU,A,C,../../GraPPI_data/PDB/new_dimer_db/6IEU.pdb,new_dimer_db,6IEU,1,True
6IF1,D,A,../../GraPPI_data/PDB/new_dimer_db/6IF1.pdb,new_dimer_db,6IF1,3,True
6IF2,B,A,../../GraPPI_data/PDB/new_dimer_db/6IF2.pdb,new_dimer_db,6IF2,1,True
6IF3,A,B,../../GraPPI_data/PDB/new_dimer_db/6IF3.pdb,new_dimer_db,6IF3,1,True
6IGK,A,B,../../GraPPI_data/PDB/new_dimer_db/6IGK.pdb,new_dimer_db,6IGK,1,True
6IGL,A,B,../../GraPPI_data/PDB/new_dimer_db/6IGL.pdb,new_dimer_db,6IGL,1,True
6IGX,B,A,../../GraPPI_data/PDB/new_dimer_db/6IGX.pdb,new_dimer_db,6IGX,1,True
6IHJ,B,A,../../GraPPI_data/PDB/new_dimer_db/6IHJ.pdb,new_dimer_db,6IHJ,6,True
6II6,A,C,../../GraPPI_data/PDB/new_dimer_db/6II6.pdb,new_dimer_db,6II6,1,True
6IKK,B,A,../../GraPPI_data/PDB/new_dimer_db/6IKK.pdb,new_dimer_db,6IKK,4,True
6IKM,a,A,../../GraPPI_data/PDB/new_dimer_db/6IKM.pdb,new_dimer_db,6IKM,1,True
6ILQ,A,B,../../GraPPI_data/PDB/new_dimer_db/6ILQ.pdb,new_dimer_db,6ILQ,3,True
6IM9,A,B,../../GraPPI_data/PDB/new_dimer_db/6IM9.pdb,new_dimer_db,6IM9,1,True
6IMF,A,B,../../GraPPI_data/PDB/new_dimer_db/6IMF.pdb,new_dimer_db,6IMF,1,True
6INE,A,B,../../GraPPI_data/PDB/new_dimer_db/6INE.pdb,new_dimer_db,6INE,1,True
6IQJ,A,C,../../GraPPI_data/PDB/new_dimer_db/6IQJ.pdb,new_dimer_db,6IQJ,1,True
6IRD,B,C,../../GraPPI_data/PDB/new_dimer_db/6IRD.pdb,new_dimer_db,6IRD,1,True
6IRE,A,B,../../GraPPI_data/PDB/new_dimer_db/6IRE.pdb,new_dimer_db,6IRE,1,True
6IRT,A,B,../../GraPPI_data/PDB/new_dimer_db/6IRT.pdb,new_dimer_db,6IRT,24,True
6ISC,A,B,../../GraPPI_data/PDB/new_dimer_db/6ISC.pdb,new_dimer_db,6ISC,1,True
6ISO,B,I,../../GraPPI_data/PDB/new_dimer_db/6ISO.pdb,new_dimer_db,6ISO,1,True
6ITU,A,B,../../GraPPI_data/PDB/new_dimer_db/6ITU.pdb,new_dimer_db,6ITU,1,True
6IU7,A,B,../../GraPPI_data/PDB/new_dimer_db/6IU7.pdb,new_dimer_db,6IU7,1,True
6IUA,A,B,../../GraPPI_data/PDB/new_dimer_db/6IUA.pdb,new_dimer_db,6IUA,1,True
6IUH,A,C,../../GraPPI_data/PDB/new_dimer_db/6IUH.pdb,new_dimer_db,6IUH,1,True
6IW7,B,A,../../GraPPI_data/PDB/new_dimer_db/6IW7.pdb,new_dimer_db,6IW7,1,True
6IWB,B,A,../../GraPPI_data/PDB/new_dimer_db/6IWB.pdb,new_dimer_db,6IWB,1,True
6IXQ,A,B,../../GraPPI_data/PDB/new_dimer_db/6IXQ.pdb,new_dimer_db,6IXQ,1,True
6IY0,A,B,../../GraPPI_data/PDB/new_dimer_db/6IY0.pdb,new_dimer_db,6IY0,1,True
6IZM,A,C,../../GraPPI_data/PDB/new_dimer_db/6IZM.pdb,new_dimer_db,6IZM,1,True
6IZN,A,C,../../GraPPI_data/PDB/new_dimer_db/6IZN.pdb,new_dimer_db,6IZN,1,True
6J07,A,B,../../GraPPI_data/PDB/new_dimer_db/6J07.pdb,new_dimer_db,6J07,1,True
6J08,B,E,../../GraPPI_data/PDB/new_dimer_db/6J08.pdb,new_dimer_db,6J08,1,True
6J0W,A,C,../../GraPPI_data/PDB/new_dimer_db/6J0W.pdb,new_dimer_db,6J0W,1,True
6J0X,A,E,../../GraPPI_data/PDB/new_dimer_db/6J0X.pdb,new_dimer_db,6J0X,1,True
6J0Y,A,C,../../GraPPI_data/PDB/new_dimer_db/6J0Y.pdb,new_dimer_db,6J0Y,1,True
6J19,A,B,../../GraPPI_data/PDB/new_dimer_db/6J19.pdb,new_dimer_db,6J19,1,True
6J2P,A,B,../../GraPPI_data/PDB/new_dimer_db/6J2P.pdb,new_dimer_db,6J2P,1,True
6J4P,A,B,../../GraPPI_data/PDB/new_dimer_db/6J4P.pdb,new_dimer_db,6J4P,1,True
6J4S,A,B,../../GraPPI_data/PDB/new_dimer_db/6J4S.pdb,new_dimer_db,6J4S,7,True
6J56,A,C,../../GraPPI_data/PDB/new_dimer_db/6J56.pdb,new_dimer_db,6J56,1,True
6J62,A,C,../../GraPPI_data/PDB/new_dimer_db/6J62.pdb,new_dimer_db,6J62,1,True
6J68,A,C,../../GraPPI_data/PDB/new_dimer_db/6J68.pdb,new_dimer_db,6J68,1,True
6J69,A,B,../../GraPPI_data/PDB/new_dimer_db/6J69.pdb,new_dimer_db,6J69,1,True
6J6X,A,B,../../GraPPI_data/PDB/new_dimer_db/6J6X.pdb,new_dimer_db,6J6X,1,True
6J71,A,B,../../GraPPI_data/PDB/new_dimer_db/6J71.pdb,new_dimer_db,6J71,1,True
6J7M,M,A,../../GraPPI_data/PDB/new_dimer_db/6J7M.pdb,new_dimer_db,6J7M,1,True
6J7W,A,C,../../GraPPI_data/PDB/new_dimer_db/6J7W.pdb,new_dimer_db,6J7W,1,True
6J8N,B,A,../../GraPPI_data/PDB/new_dimer_db/6J8N.pdb,new_dimer_db,6J8N,9,True
6JAT,B,A,../../GraPPI_data/PDB/new_dimer_db/6JAT.pdb,new_dimer_db,6JAT,11,True
6JAU,A,B,../../GraPPI_data/PDB/new_dimer_db/6JAU.pdb,new_dimer_db,6JAU,2,True
6JB7,B,A,../../GraPPI_data/PDB/new_dimer_db/6JB7.pdb,new_dimer_db,6JB7,3,True
6JBK,B,A,../../GraPPI_data/PDB/new_dimer_db/6JBK.pdb,new_dimer_db,6JBK,2,True
6JBU,A,B,../../GraPPI_data/PDB/new_dimer_db/6JBU.pdb,new_dimer_db,6JBU,2,True
6JCK,A,B,../../GraPPI_data/PDB/new_dimer_db/6JCK.pdb,new_dimer_db,6JCK,1,True
6JCU,B,A,../../GraPPI_data/PDB/new_dimer_db/6JCU.pdb,new_dimer_db,6JCU,1,True
6JD6,A,B,../../GraPPI_data/PDB/new_dimer_db/6JD6.pdb,new_dimer_db,6JD6,1,True
6JE4,A,I,../../GraPPI_data/PDB/new_dimer_db/6JE4.pdb,new_dimer_db,6JE4,1,True
6JH0,B,C,../../GraPPI_data/PDB/new_dimer_db/6JH0.pdb,new_dimer_db,6JH0,1,True
6JH9,A,B,../../GraPPI_data/PDB/new_dimer_db/6JH9.pdb,new_dimer_db,6JH9,2,True
6JHW,B,A,../../GraPPI_data/PDB/new_dimer_db/6JHW.pdb,new_dimer_db,6JHW,2,True
6JI2,A,B,../../GraPPI_data/PDB/new_dimer_db/6JI2.pdb,new_dimer_db,6JI2,2,True
6JJW,A,U,../../GraPPI_data/PDB/new_dimer_db/6JJW.pdb,new_dimer_db,6JJW,1,True
6JJX,A,C,../../GraPPI_data/PDB/new_dimer_db/6JJX.pdb,new_dimer_db,6JJX,1,True
6JJY,A,U,../../GraPPI_data/PDB/new_dimer_db/6JJY.pdb,new_dimer_db,6JJY,1,True
6JJZ,A,C,../../GraPPI_data/PDB/new_dimer_db/6JJZ.pdb,new_dimer_db,6JJZ,1,True
6JLE,A,E,../../GraPPI_data/PDB/new_dimer_db/6JLE.pdb,new_dimer_db,6JLE,1,True
6JMT,L,A,../../GraPPI_data/PDB/new_dimer_db/6JMT.pdb,new_dimer_db,6JMT,1,True
6JMU,A,C,../../GraPPI_data/PDB/new_dimer_db/6JMU.pdb,new_dimer_db,6JMU,2,True
6JPL,B,A,../../GraPPI_data/PDB/new_dimer_db/6JPL.pdb,new_dimer_db,6JPL,2,True
6JQK,N,C,../../GraPPI_data/PDB/new_dimer_db/6JQK.pdb,new_dimer_db,6JQK,1,True
6JWJ,A,C,../../GraPPI_data/PDB/new_dimer_db/6JWJ.pdb,new_dimer_db,6JWJ,1,True
6JX3,B,A,../../GraPPI_data/PDB/new_dimer_db/6JX3.pdb,new_dimer_db,6JX3,1,True
6JZN,D,H,../../GraPPI_data/PDB/new_dimer_db/6JZN.pdb,new_dimer_db,6JZN,1,True
6JZZ,A,B,../../GraPPI_data/PDB/new_dimer_db/6JZZ.pdb,new_dimer_db,6JZZ,3,True
6K06,A,C,../../GraPPI_data/PDB/new_dimer_db/6K06.pdb,new_dimer_db,6K06,3,True
6K0T,B,A,../../GraPPI_data/PDB/new_dimer_db/6K0T.pdb,new_dimer_db,6K0T,1,True
6K3M,H,A,../../GraPPI_data/PDB/new_dimer_db/6K3M.pdb,new_dimer_db,6K3M,1,True
6K4R,A,C,../../GraPPI_data/PDB/new_dimer_db/6K4R.pdb,new_dimer_db,6K4R,3,True
6K67,B,A,../../GraPPI_data/PDB/new_dimer_db/6K67.pdb,new_dimer_db,6K67,1,True
6K69,A,B,../../GraPPI_data/PDB/new_dimer_db/6K69.pdb,new_dimer_db,6K69,1,True
6K6A,B,C,../../GraPPI_data/PDB/new_dimer_db/6K6A.pdb,new_dimer_db,6K6A,1,True
6K6B,A,B,../../GraPPI_data/PDB/new_dimer_db/6K6B.pdb,new_dimer_db,6K6B,1,True
6K73,A,C,../../GraPPI_data/PDB/new_dimer_db/6K73.pdb,new_dimer_db,6K73,1,True
6K7G,A,C,../../GraPPI_data/PDB/new_dimer_db/6K7G.pdb,new_dimer_db,6K7G,27,True
6K7M,A,C,../../GraPPI_data/PDB/new_dimer_db/6K7M.pdb,new_dimer_db,6K7M,24,True
6K8K,A,E,../../GraPPI_data/PDB/new_dimer_db/6K8K.pdb,new_dimer_db,6K8K,1,True
6K9P,B,G,../../GraPPI_data/PDB/new_dimer_db/6K9P.pdb,new_dimer_db,6K9P,3,True
6KBE,B,G,../../GraPPI_data/PDB/new_dimer_db/6KBE.pdb,new_dimer_db,6KBE,1,True
6KBM,A,B,../../GraPPI_data/PDB/new_dimer_db/6KBM.pdb,new_dimer_db,6KBM,1,True
6KCR,A,B,../../GraPPI_data/PDB/new_dimer_db/6KCR.pdb,new_dimer_db,6KCR,1,True
6KDT,A,B,../../GraPPI_data/PDB/new_dimer_db/6KDT.pdb,new_dimer_db,6KDT,1,True
6KGF,D,C,../../GraPPI_data/PDB/new_dimer_db/6KGF.pdb,new_dimer_db,6KGF,4,True
6KIP,A,B,../../GraPPI_data/PDB/new_dimer_db/6KIP.pdb,new_dimer_db,6KIP,1,True
6KKG,A,C,../../GraPPI_data/PDB/new_dimer_db/6KKG.pdb,new_dimer_db,6KKG,1,True
6KLR,A,B,../../GraPPI_data/PDB/new_dimer_db/6KLR.pdb,new_dimer_db,6KLR,1,True
6KM7,A,C,../../GraPPI_data/PDB/new_dimer_db/6KM7.pdb,new_dimer_db,6KM7,1,True
6KMJ,A,C,../../GraPPI_data/PDB/new_dimer_db/6KMJ.pdb,new_dimer_db,6KMJ,1,True
6KMQ,A,B,../../GraPPI_data/PDB/new_dimer_db/6KMQ.pdb,new_dimer_db,6KMQ,1,True
6KMR,A,B,../../GraPPI_data/PDB/new_dimer_db/6KMR.pdb,new_dimer_db,6KMR,17,True
6KN9,D,A,../../GraPPI_data/PDB/new_dimer_db/6KN9.pdb,new_dimer_db,6KN9,1,True
6KNM,B,A,../../GraPPI_data/PDB/new_dimer_db/6KNM.pdb,new_dimer_db,6KNM,1,True
6KNW,A,C,../../GraPPI_data/PDB/new_dimer_db/6KNW.pdb,new_dimer_db,6KNW,1,True
6KP3,A,B,../../GraPPI_data/PDB/new_dimer_db/6KP3.pdb,new_dimer_db,6KP3,1,True
6KR4,A,E,../../GraPPI_data/PDB/new_dimer_db/6KR4.pdb,new_dimer_db,6KR4,1,True
6KTM,A,B,../../GraPPI_data/PDB/new_dimer_db/6KTM.pdb,new_dimer_db,6KTM,1,True
6KU0,B,A,../../GraPPI_data/PDB/new_dimer_db/6KU0.pdb,new_dimer_db,6KU0,1,True
6KXX,A,B,../../GraPPI_data/PDB/new_dimer_db/6KXX.pdb,new_dimer_db,6KXX,1,True
6KXY,A,B,../../GraPPI_data/PDB/new_dimer_db/6KXY.pdb,new_dimer_db,6KXY,1,True
6KYH,A,E,../../GraPPI_data/PDB/new_dimer_db/6KYH.pdb,new_dimer_db,6KYH,1,True
6KZ1,A,B,../../GraPPI_data/PDB/new_dimer_db/6KZ1.pdb,new_dimer_db,6KZ1,1,True
6KZ7,B,A,../../GraPPI_data/PDB/new_dimer_db/6KZ7.pdb,new_dimer_db,6KZ7,1,True
6KZA,A,C,../../GraPPI_data/PDB/new_dimer_db/6KZA.pdb,new_dimer_db,6KZA,1,True
6L0W,B,A,../../GraPPI_data/PDB/new_dimer_db/6L0W.pdb,new_dimer_db,6L0W,2,True
6L1Y,A,C,../../GraPPI_data/PDB/new_dimer_db/6L1Y.pdb,new_dimer_db,6L1Y,2,True
6L4O,A,B,../../GraPPI_data/PDB/new_dimer_db/6L4O.pdb,new_dimer_db,6L4O,1,True
6L4P,A,B,../../GraPPI_data/PDB/new_dimer_db/6L4P.pdb,new_dimer_db,6L4P,1,True
6L5K,A,B,../../GraPPI_data/PDB/new_dimer_db/6L5K.pdb,new_dimer_db,6L5K,1,True
6L63,A,B,../../GraPPI_data/PDB/new_dimer_db/6L63.pdb,new_dimer_db,6L63,1,True
6L7R,A,B,../../GraPPI_data/PDB/new_dimer_db/6L7R.pdb,new_dimer_db,6L7R,1,True
6L80,B,A,../../GraPPI_data/PDB/new_dimer_db/6L80.pdb,new_dimer_db,6L80,1,True
6L81,B,A,../../GraPPI_data/PDB/new_dimer_db/6L81.pdb,new_dimer_db,6L81,1,True
6L82,A,B,../../GraPPI_data/PDB/new_dimer_db/6L82.pdb,new_dimer_db,6L82,1,True
6L8G,A,B,../../GraPPI_data/PDB/new_dimer_db/6L8G.pdb,new_dimer_db,6L8G,1,True
6LB8,A,B,../../GraPPI_data/PDB/new_dimer_db/6LB8.pdb,new_dimer_db,6LB8,1,True
6LBU,A,B,../../GraPPI_data/PDB/new_dimer_db/6LBU.pdb,new_dimer_db,6LBU,1,True
6LBX,A,B,../../GraPPI_data/PDB/new_dimer_db/6LBX.pdb,new_dimer_db,6LBX,1,True
6LE5,A,B,../../GraPPI_data/PDB/new_dimer_db/6LE5.pdb,new_dimer_db,6LE5,1,True
6LGQ,C,D,../../GraPPI_data/PDB/new_dimer_db/6LGQ.pdb,new_dimer_db,6LGQ,1,True
6LGW,A,E,../../GraPPI_data/PDB/new_dimer_db/6LGW.pdb,new_dimer_db,6LGW,1,True
6LKI,A,B,../../GraPPI_data/PDB/new_dimer_db/6LKI.pdb,new_dimer_db,6LKI,1,True
6LN4,A,B,../../GraPPI_data/PDB/new_dimer_db/6LN4.pdb,new_dimer_db,6LN4,1,True
6LNM,B,A,../../GraPPI_data/PDB/new_dimer_db/6LNM.pdb,new_dimer_db,6LNM,2,True
6LPH,A,B,../../GraPPI_data/PDB/new_dimer_db/6LPH.pdb,new_dimer_db,6LPH,1,True
6LPI,A,E,../../GraPPI_data/PDB/new_dimer_db/6LPI.pdb,new_dimer_db,6LPI,1,True
6LQO,H,A,../../GraPPI_data/PDB/new_dimer_db/6LQO.pdb,new_dimer_db,6LQO,1,True
6LRY,A,B,../../GraPPI_data/PDB/new_dimer_db/6LRY.pdb,new_dimer_db,6LRY,1,True
6LSA,F,A,../../GraPPI_data/PDB/new_dimer_db/6LSA.pdb,new_dimer_db,6LSA,2,True
6LSB,A,B,../../GraPPI_data/PDB/new_dimer_db/6LSB.pdb,new_dimer_db,6LSB,4,True
6LYC,A,B,../../GraPPI_data/PDB/new_dimer_db/6LYC.pdb,new_dimer_db,6LYC,1,True
6LZ2,B,A,../../GraPPI_data/PDB/new_dimer_db/6LZ2.pdb,new_dimer_db,6LZ2,1,True
6M2C,A,E,../../GraPPI_data/PDB/new_dimer_db/6M2C.pdb,new_dimer_db,6M2C,1,True
6M33,A,B,../../GraPPI_data/PDB/new_dimer_db/6M33.pdb,new_dimer_db,6M33,1,True
6M3Q,E,F,../../GraPPI_data/PDB/new_dimer_db/6M3Q.pdb,new_dimer_db,6M3Q,2,True
6M4U,B,A,../../GraPPI_data/PDB/new_dimer_db/6M4U.pdb,new_dimer_db,6M4U,13,True
6M4V,B,A,../../GraPPI_data/PDB/new_dimer_db/6M4V.pdb,new_dimer_db,6M4V,1,True
6M5M,A,B,../../GraPPI_data/PDB/new_dimer_db/6M5M.pdb,new_dimer_db,6M5M,2,True
6M7L,B,A,../../GraPPI_data/PDB/new_dimer_db/6M7L.pdb,new_dimer_db,6M7L,2,True
6M7Y,A,C,../../GraPPI_data/PDB/new_dimer_db/6M7Y.pdb,new_dimer_db,6M7Y,1,True
6MA1,A,B,../../GraPPI_data/PDB/new_dimer_db/6MA1.pdb,new_dimer_db,6MA1,1,True
6MA2,A,B,../../GraPPI_data/PDB/new_dimer_db/6MA2.pdb,new_dimer_db,6MA2,1,True
6MA3,A,B,../../GraPPI_data/PDB/new_dimer_db/6MA3.pdb,new_dimer_db,6MA3,1,True
6MA4,A,B,../../GraPPI_data/PDB/new_dimer_db/6MA4.pdb,new_dimer_db,6MA4,1,True
6MA5,A,B,../../GraPPI_data/PDB/new_dimer_db/6MA5.pdb,new_dimer_db,6MA5,1,True
6MAJ,A,B,../../GraPPI_data/PDB/new_dimer_db/6MAJ.pdb,new_dimer_db,6MAJ,1,True
6MBA,A,B,../../GraPPI_data/PDB/new_dimer_db/6MBA.pdb,new_dimer_db,6MBA,2,True
6MBB,A,B,../../GraPPI_data/PDB/new_dimer_db/6MBB.pdb,new_dimer_db,6MBB,1,True
6MBC,A,B,../../GraPPI_data/PDB/new_dimer_db/6MBC.pdb,new_dimer_db,6MBC,1,True
6MBD,A,C,../../GraPPI_data/PDB/new_dimer_db/6MBD.pdb,new_dimer_db,6MBD,1,True
6MBE,A,B,../../GraPPI_data/PDB/new_dimer_db/6MBE.pdb,new_dimer_db,6MBE,1,True
6MC9,A,B,../../GraPPI_data/PDB/new_dimer_db/6MC9.pdb,new_dimer_db,6MC9,1,True
6MCB,A,C,../../GraPPI_data/PDB/new_dimer_db/6MCB.pdb,new_dimer_db,6MCB,3,True
6MCQ,B,A,../../GraPPI_data/PDB/new_dimer_db/6MCQ.pdb,new_dimer_db,6MCQ,2,True
6MEW,B,A,../../GraPPI_data/PDB/new_dimer_db/6MEW.pdb,new_dimer_db,6MEW,1,True
6MF5,A,B,../../GraPPI_data/PDB/new_dimer_db/6MF5.pdb,new_dimer_db,6MF5,1,True
6MF6,B,D,../../GraPPI_data/PDB/new_dimer_db/6MF6.pdb,new_dimer_db,6MF6,1,True
6MGN,A,B,../../GraPPI_data/PDB/new_dimer_db/6MGN.pdb,new_dimer_db,6MGN,1,True
6MHF,A,C,../../GraPPI_data/PDB/new_dimer_db/6MHF.pdb,new_dimer_db,6MHF,1,True
6MHM,A,B,../../GraPPI_data/PDB/new_dimer_db/6MHM.pdb,new_dimer_db,6MHM,2,True
6MJC,A,B,../../GraPPI_data/PDB/new_dimer_db/6MJC.pdb,new_dimer_db,6MJC,1,True
6ML1,A,C,../../GraPPI_data/PDB/new_dimer_db/6ML1.pdb,new_dimer_db,6ML1,2,True
6MM5,E,C,../../GraPPI_data/PDB/new_dimer_db/6MM5.pdb,new_dimer_db,6MM5,1,True
6MM8,C,D,../../GraPPI_data/PDB/new_dimer_db/6MM8.pdb,new_dimer_db,6MM8,1,True
6MOF,A,B,../../GraPPI_data/PDB/new_dimer_db/6MOF.pdb,new_dimer_db,6MOF,2,True
6MPZ,M,A,../../GraPPI_data/PDB/new_dimer_db/6MPZ.pdb,new_dimer_db,6MPZ,1,True
6MRQ,A,I,../../GraPPI_data/PDB/new_dimer_db/6MRQ.pdb,new_dimer_db,6MRQ,1,True
6MS4,A,B,../../GraPPI_data/PDB/new_dimer_db/6MS4.pdb,new_dimer_db,6MS4,1,True
6MS7,A,B,../../GraPPI_data/PDB/new_dimer_db/6MS7.pdb,new_dimer_db,6MS7,1,True
6MTU,A,B,../../GraPPI_data/PDB/new_dimer_db/6MTU.pdb,new_dimer_db,6MTU,1,True
6MTV,A,B,../../GraPPI_data/PDB/new_dimer_db/6MTV.pdb,new_dimer_db,6MTV,1,True
6MTY,H,L,../../GraPPI_data/PDB/new_dimer_db/6MTY.pdb,new_dimer_db,6MTY,4,True
6MUD,A,B,../../GraPPI_data/PDB/new_dimer_db/6MUD.pdb,new_dimer_db,6MUD,1,True
6MUE,A,B,../../GraPPI_data/PDB/new_dimer_db/6MUE.pdb,new_dimer_db,6MUE,1,True
6MWQ,A,G,../../GraPPI_data/PDB/new_dimer_db/6MWQ.pdb,new_dimer_db,6MWQ,1,True
6MXT,A,N,../../GraPPI_data/PDB/new_dimer_db/6MXT.pdb,new_dimer_db,6MXT,1,True
6MYE,A,B,../../GraPPI_data/PDB/new_dimer_db/6MYE.pdb,new_dimer_db,6MYE,1,True
6N48,A,B,../../GraPPI_data/PDB/new_dimer_db/6N48.pdb,new_dimer_db,6N48,5,True
6N4N,F,A,../../GraPPI_data/PDB/new_dimer_db/6N4N.pdb,new_dimer_db,6N4N,1,True
6N85,B,M,../../GraPPI_data/PDB/new_dimer_db/6N85.pdb,new_dimer_db,6N85,1,True
6N87,A,C,../../GraPPI_data/PDB/new_dimer_db/6N87.pdb,new_dimer_db,6N87,6,True
6N9G,D,A,../../GraPPI_data/PDB/new_dimer_db/6N9G.pdb,new_dimer_db,6N9G,2,True
6N9T,A,E,../../GraPPI_data/PDB/new_dimer_db/6N9T.pdb,new_dimer_db,6N9T,2,True
6NE4,B,A,../../GraPPI_data/PDB/new_dimer_db/6NE4.pdb,new_dimer_db,6NE4,4,True
6NJD,B,A,../../GraPPI_data/PDB/new_dimer_db/6NJD.pdb,new_dimer_db,6NJD,1,True
6NJZ,A,C,../../GraPPI_data/PDB/new_dimer_db/6NJZ.pdb,new_dimer_db,6NJZ,1,True
6NKP,A,C,../../GraPPI_data/PDB/new_dimer_db/6NKP.pdb,new_dimer_db,6NKP,4,True
6NMD,A,B,../../GraPPI_data/PDB/new_dimer_db/6NMD.pdb,new_dimer_db,6NMD,1,True
6NRR,A,B,../../GraPPI_data/PDB/new_dimer_db/6NRR.pdb,new_dimer_db,6NRR,2,True
6NUS,A,B,../../GraPPI_data/PDB/new_dimer_db/6NUS.pdb,new_dimer_db,6NUS,1,True
6NWK,A,B,../../GraPPI_data/PDB/new_dimer_db/6NWK.pdb,new_dimer_db,6NWK,1,True
6NWL,A,B,../../GraPPI_data/PDB/new_dimer_db/6NWL.pdb,new_dimer_db,6NWL,1,True
6NXK,A,C,../../GraPPI_data/PDB/new_dimer_db/6NXK.pdb,new_dimer_db,6NXK,1,True
6NYP,F,A,../../GraPPI_data/PDB/new_dimer_db/6NYP.pdb,new_dimer_db,6NYP,1,True
6O02,A,B,../../GraPPI_data/PDB/new_dimer_db/6O02.pdb,new_dimer_db,6O02,1,True
6O03,A,D,../../GraPPI_data/PDB/new_dimer_db/6O03.pdb,new_dimer_db,6O03,1,True
6O21,A,B,../../GraPPI_data/PDB/new_dimer_db/6O21.pdb,new_dimer_db,6O21,1,True
6O38,A,G,../../GraPPI_data/PDB/new_dimer_db/6O38.pdb,new_dimer_db,6O38,1,True
6O3C,A,B,../../GraPPI_data/PDB/new_dimer_db/6O3C.pdb,new_dimer_db,6O3C,1,True
6O3W,A,C,../../GraPPI_data/PDB/new_dimer_db/6O3W.pdb,new_dimer_db,6O3W,1,True
6O3Y,A,B,../../GraPPI_data/PDB/new_dimer_db/6O3Y.pdb,new_dimer_db,6O3Y,2,True
6O59,A,B,../../GraPPI_data/PDB/new_dimer_db/6O59.pdb,new_dimer_db,6O59,1,True
6O7D,A,B,../../GraPPI_data/PDB/new_dimer_db/6O7D.pdb,new_dimer_db,6O7D,8,True
6O83,B,A,../../GraPPI_data/PDB/new_dimer_db/6O83.pdb,new_dimer_db,6O83,1,True
6O89,H,L,../../GraPPI_data/PDB/new_dimer_db/6O89.pdb,new_dimer_db,6O89,1,True
6OAM,A,D,../../GraPPI_data/PDB/new_dimer_db/6OAM.pdb,new_dimer_db,6OAM,3,True
6OAN,B,A,../../GraPPI_data/PDB/new_dimer_db/6OAN.pdb,new_dimer_db,6OAN,1,True
6OAO,B,A,../../GraPPI_data/PDB/new_dimer_db/6OAO.pdb,new_dimer_db,6OAO,1,True
6OAR,B,A,../../GraPPI_data/PDB/new_dimer_db/6OAR.pdb,new_dimer_db,6OAR,13,True
6OAT,B,A,../../GraPPI_data/PDB/new_dimer_db/6OAT.pdb,new_dimer_db,6OAT,1,True
6OB0,A,E,../../GraPPI_data/PDB/new_dimer_db/6OB0.pdb,new_dimer_db,6OB0,4,True
6OB3,B,A,../../GraPPI_data/PDB/new_dimer_db/6OB3.pdb,new_dimer_db,6OB3,2,True
6OB5,B,D,../../GraPPI_data/PDB/new_dimer_db/6OB5.pdb,new_dimer_db,6OB5,3,True
6OBO,A,C,../../GraPPI_data/PDB/new_dimer_db/6OBO.pdb,new_dimer_db,6OBO,5,True
6OBP,A,C,../../GraPPI_data/PDB/new_dimer_db/6OBP.pdb,new_dimer_db,6OBP,2,True
6OCA,A,C,../../GraPPI_data/PDB/new_dimer_db/6OCA.pdb,new_dimer_db,6OCA,1,True
6OCD,B,A,../../GraPPI_data/PDB/new_dimer_db/6OCD.pdb,new_dimer_db,6OCD,1,True
6OCF,A,B,../../GraPPI_data/PDB/new_dimer_db/6OCF.pdb,new_dimer_db,6OCF,1,True
6OCO,A,B,../../GraPPI_data/PDB/new_dimer_db/6OCO.pdb,new_dimer_db,6OCO,20,True
6OD0,D,A,../../GraPPI_data/PDB/new_dimer_db/6OD0.pdb,new_dimer_db,6OD0,2,True
6OD1,A,B,../../GraPPI_data/PDB/new_dimer_db/6OD1.pdb,new_dimer_db,6OD1,1,True
6ODD,A,B,../../GraPPI_data/PDB/new_dimer_db/6ODD.pdb,new_dimer_db,6ODD,1,True
6OKD,D,A,../../GraPPI_data/PDB/new_dimer_db/6OKD.pdb,new_dimer_db,6OKD,1,True
6ONJ,A,C,../../GraPPI_data/PDB/new_dimer_db/6ONJ.pdb,new_dimer_db,6ONJ,3,True
6ONU,B,A,../../GraPPI_data/PDB/new_dimer_db/6ONU.pdb,new_dimer_db,6ONU,2,True
6OP8,A,B,../../GraPPI_data/PDB/new_dimer_db/6OP8.pdb,new_dimer_db,6OP8,1,True
6OQ6,A,D,../../GraPPI_data/PDB/new_dimer_db/6OQ6.pdb,new_dimer_db,6OQ6,1,True
6OQ7,A,C,../../GraPPI_data/PDB/new_dimer_db/6OQ7.pdb,new_dimer_db,6OQ7,1,True
6OQ8,D,A,../../GraPPI_data/PDB/new_dimer_db/6OQ8.pdb,new_dimer_db,6OQ8,1,True
6OQY,A,C,../../GraPPI_data/PDB/new_dimer_db/6OQY.pdb,new_dimer_db,6OQY,10,True
6OTY,A,B,../../GraPPI_data/PDB/new_dimer_db/6OTY.pdb,new_dimer_db,6OTY,5,True
6OVF,A,C,../../GraPPI_data/PDB/new_dimer_db/6OVF.pdb,new_dimer_db,6OVF,2,True
6OVM,R,B,../../GraPPI_data/PDB/new_dimer_db/6OVM.pdb,new_dimer_db,6OVM,2,True
6OX3,Y,A,../../GraPPI_data/PDB/new_dimer_db/6OX3.pdb,new_dimer_db,6OX3,6,True
6OX6,A,B,../../GraPPI_data/PDB/new_dimer_db/6OX6.pdb,new_dimer_db,6OX6,1,True
6OX7,A,C,../../GraPPI_data/PDB/new_dimer_db/6OX7.pdb,new_dimer_db,6OX7,1,True
6OYL,A,B,../../GraPPI_data/PDB/new_dimer_db/6OYL.pdb,new_dimer_db,6OYL,1,True
6P2R,A,B,../../GraPPI_data/PDB/new_dimer_db/6P2R.pdb,new_dimer_db,6P2R,1,True
6P4O,B,A,../../GraPPI_data/PDB/new_dimer_db/6P4O.pdb,new_dimer_db,6P4O,1,True
6P4W,B,A,../../GraPPI_data/PDB/new_dimer_db/6P4W.pdb,new_dimer_db,6P4W,1,True
6P66,B,A,../../GraPPI_data/PDB/new_dimer_db/6P66.pdb,new_dimer_db,6P66,1,True
6P6J,A,B,../../GraPPI_data/PDB/new_dimer_db/6P6J.pdb,new_dimer_db,6P6J,22,True
6P7M,A,C,../../GraPPI_data/PDB/new_dimer_db/6P7M.pdb,new_dimer_db,6P7M,1,True
6PAW,D,A,../../GraPPI_data/PDB/new_dimer_db/6PAW.pdb,new_dimer_db,6PAW,1,True
6PCO,C,D,../../GraPPI_data/PDB/new_dimer_db/6PCO.pdb,new_dimer_db,6PCO,1,True
6PCU,B,A,../../GraPPI_data/PDB/new_dimer_db/6PCU.pdb,new_dimer_db,6PCU,1,True
6PDI,A,B,../../GraPPI_data/PDB/new_dimer_db/6PDI.pdb,new_dimer_db,6PDI,1,True
6PEU,M,A,../../GraPPI_data/PDB/new_dimer_db/6PEU.pdb,new_dimer_db,6PEU,1,True
6PFO,A,C,../../GraPPI_data/PDB/new_dimer_db/6PFO.pdb,new_dimer_db,6PFO,1,True
6PFV,T,A,../../GraPPI_data/PDB/new_dimer_db/6PFV.pdb,new_dimer_db,6PFV,2,True
6PGQ,A,B,../../GraPPI_data/PDB/new_dimer_db/6PGQ.pdb,new_dimer_db,6PGQ,1,True
6PGV,A,B,../../GraPPI_data/PDB/new_dimer_db/6PGV.pdb,new_dimer_db,6PGV,1,True
6PH4,A,B,../../GraPPI_data/PDB/new_dimer_db/6PH4.pdb,new_dimer_db,6PH4,1,True
6PJX,A,B,../../GraPPI_data/PDB/new_dimer_db/6PJX.pdb,new_dimer_db,6PJX,1,True
6PLM,A,C,../../GraPPI_data/PDB/new_dimer_db/6PLM.pdb,new_dimer_db,6PLM,2,True
6PNQ,A,B,../../GraPPI_data/PDB/new_dimer_db/6PNQ.pdb,new_dimer_db,6PNQ,2,True
6POG,A,B,../../GraPPI_data/PDB/new_dimer_db/6POG.pdb,new_dimer_db,6POG,1,True
6POL,B,A,../../GraPPI_data/PDB/new_dimer_db/6POL.pdb,new_dimer_db,6POL,1,True
6PPU,B,A,../../GraPPI_data/PDB/new_dimer_db/6PPU.pdb,new_dimer_db,6PPU,1,True
6PSD,F,E,../../GraPPI_data/PDB/new_dimer_db/6PSD.pdb,new_dimer_db,6PSD,1,True
6PUN,A,E,../../GraPPI_data/PDB/new_dimer_db/6PUN.pdb,new_dimer_db,6PUN,1,True
6PV9,A,B,../../GraPPI_data/PDB/new_dimer_db/6PV9.pdb,new_dimer_db,6PV9,1,True
6PW8,A,B,../../GraPPI_data/PDB/new_dimer_db/6PW8.pdb,new_dimer_db,6PW8,1,True
6PX5,X,B,../../GraPPI_data/PDB/new_dimer_db/6PX5.pdb,new_dimer_db,6PX5,2,True
6PXC,A,U,../../GraPPI_data/PDB/new_dimer_db/6PXC.pdb,new_dimer_db,6PXC,1,True
6PXU,A,C,../../GraPPI_data/PDB/new_dimer_db/6PXU.pdb,new_dimer_db,6PXU,1,True
6Q00,A,B,../../GraPPI_data/PDB/new_dimer_db/6Q00.pdb,new_dimer_db,6Q00,3,True
6Q67,A,B,../../GraPPI_data/PDB/new_dimer_db/6Q67.pdb,new_dimer_db,6Q67,1,True
6Q6Z,A,B,../../GraPPI_data/PDB/new_dimer_db/6Q6Z.pdb,new_dimer_db,6Q6Z,1,True
6Q82,A,B,../../GraPPI_data/PDB/new_dimer_db/6Q82.pdb,new_dimer_db,6Q82,1,True
6Q9F,A,B,../../GraPPI_data/PDB/new_dimer_db/6Q9F.pdb,new_dimer_db,6Q9F,12,True
6QBA,A,B,../../GraPPI_data/PDB/new_dimer_db/6QBA.pdb,new_dimer_db,6QBA,1,True
6QEV,B,D,../../GraPPI_data/PDB/new_dimer_db/6QEV.pdb,new_dimer_db,6QEV,1,True
6QFC,A,B,../../GraPPI_data/PDB/new_dimer_db/6QFC.pdb,new_dimer_db,6QFC,3,True
6QFK,A,B,../../GraPPI_data/PDB/new_dimer_db/6QFK.pdb,new_dimer_db,6QFK,1,True
6QFM,A,B,../../GraPPI_data/PDB/new_dimer_db/6QFM.pdb,new_dimer_db,6QFM,1,True
6QG8,A,B,../../GraPPI_data/PDB/new_dimer_db/6QG8.pdb,new_dimer_db,6QG8,1,True
6QGW,A,B,../../GraPPI_data/PDB/new_dimer_db/6QGW.pdb,new_dimer_db,6QGW,1,True
6QGY,B,A,../../GraPPI_data/PDB/new_dimer_db/6QGY.pdb,new_dimer_db,6QGY,2,True
6QJ2,A,B,../../GraPPI_data/PDB/new_dimer_db/6QJ2.pdb,new_dimer_db,6QJ2,1,True
6QKD,H,L,../../GraPPI_data/PDB/new_dimer_db/6QKD.pdb,new_dimer_db,6QKD,1,True
6QNN,A,B,../../GraPPI_data/PDB/new_dimer_db/6QNN.pdb,new_dimer_db,6QNN,1,True
6QNP,H,A,../../GraPPI_data/PDB/new_dimer_db/6QNP.pdb,new_dimer_db,6QNP,1,True
6QS1,A,E,../../GraPPI_data/PDB/new_dimer_db/6QS1.pdb,new_dimer_db,6QS1,1,True
6QSP,A,B,../../GraPPI_data/PDB/new_dimer_db/6QSP.pdb,new_dimer_db,6QSP,1,True
6QSR,A,B,../../GraPPI_data/PDB/new_dimer_db/6QSR.pdb,new_dimer_db,6QSR,1,True
6QSZ,G,H,../../GraPPI_data/PDB/new_dimer_db/6QSZ.pdb,new_dimer_db,6QSZ,1,True
6QTA,A,B,../../GraPPI_data/PDB/new_dimer_db/6QTA.pdb,new_dimer_db,6QTA,1,True
6QTB,B,A,../../GraPPI_data/PDB/new_dimer_db/6QTB.pdb,new_dimer_db,6QTB,1,True
6QTR,A,B,../../GraPPI_data/PDB/new_dimer_db/6QTR.pdb,new_dimer_db,6QTR,1,True
6QUP,A,B,../../GraPPI_data/PDB/new_dimer_db/6QUP.pdb,new_dimer_db,6QUP,1,True
6QXP,A,B,../../GraPPI_data/PDB/new_dimer_db/6QXP.pdb,new_dimer_db,6QXP,1,True
6R0M,B,A,../../GraPPI_data/PDB/new_dimer_db/6R0M.pdb,new_dimer_db,6R0M,10,True
6R3Q,A,B,../../GraPPI_data/PDB/new_dimer_db/6R3Q.pdb,new_dimer_db,6R3Q,1,True
6R6O,A,B,../../GraPPI_data/PDB/new_dimer_db/6R6O.pdb,new_dimer_db,6R6O,3,True
6R7T,A,B,../../GraPPI_data/PDB/new_dimer_db/6R7T.pdb,new_dimer_db,6R7T,1,True
6R7W,A,B,../../GraPPI_data/PDB/new_dimer_db/6R7W.pdb,new_dimer_db,6R7W,1,True
6R8I,A,B,../../GraPPI_data/PDB/new_dimer_db/6R8I.pdb,new_dimer_db,6R8I,1,True
6RGY,A,C,../../GraPPI_data/PDB/new_dimer_db/6RGY.pdb,new_dimer_db,6RGY,2,True
6RJP,A,C,../../GraPPI_data/PDB/new_dimer_db/6RJP.pdb,new_dimer_db,6RJP,1,True
6RK9,A,C,../../GraPPI_data/PDB/new_dimer_db/6RK9.pdb,new_dimer_db,6RK9,4,True
6RMB,A,D,../../GraPPI_data/PDB/new_dimer_db/6RMB.pdb,new_dimer_db,6RMB,3,True
6RMC,A,C,../../GraPPI_data/PDB/new_dimer_db/6RMC.pdb,new_dimer_db,6RMC,2,True
6RMG,A,B,../../GraPPI_data/PDB/new_dimer_db/6RMG.pdb,new_dimer_db,6RMG,2,True
6RO1,A,B,../../GraPPI_data/PDB/new_dimer_db/6RO1.pdb,new_dimer_db,6RO1,1,True
6RPT,F,E,../../GraPPI_data/PDB/new_dimer_db/6RPT.pdb,new_dimer_db,6RPT,1,True
6RQM,B,A,../../GraPPI_data/PDB/new_dimer_db/6RQM.pdb,new_dimer_db,6RQM,1,True
6RR0,B,D,../../GraPPI_data/PDB/new_dimer_db/6RR0.pdb,new_dimer_db,6RR0,1,True
6RRC,B,C,../../GraPPI_data/PDB/new_dimer_db/6RRC.pdb,new_dimer_db,6RRC,1,True
6RRK,A,C,../../GraPPI_data/PDB/new_dimer_db/6RRK.pdb,new_dimer_db,6RRK,1,True
6RTY,A,B,../../GraPPI_data/PDB/new_dimer_db/6RTY.pdb,new_dimer_db,6RTY,2,True
6RU7,A,C,../../GraPPI_data/PDB/new_dimer_db/6RU7.pdb,new_dimer_db,6RU7,1,True
6RVC,D,A,../../GraPPI_data/PDB/new_dimer_db/6RVC.pdb,new_dimer_db,6RVC,1,True
6RW2,A,B,../../GraPPI_data/PDB/new_dimer_db/6RW2.pdb,new_dimer_db,6RW2,1,True
6RXM,F,L,../../GraPPI_data/PDB/new_dimer_db/6RXM.pdb,new_dimer_db,6RXM,1,True
6RXP,B,D,../../GraPPI_data/PDB/new_dimer_db/6RXP.pdb,new_dimer_db,6RXP,1,True
6RXQ,B,F,../../GraPPI_data/PDB/new_dimer_db/6RXQ.pdb,new_dimer_db,6RXQ,1,True
6RXR,B,F,../../GraPPI_data/PDB/new_dimer_db/6RXR.pdb,new_dimer_db,6RXR,1,True
6S08,A,B,../../GraPPI_data/PDB/new_dimer_db/6S08.pdb,new_dimer_db,6S08,1,True
6S0Y,A,C,../../GraPPI_data/PDB/new_dimer_db/6S0Y.pdb,new_dimer_db,6S0Y,1,True
6S22,A,F,../../GraPPI_data/PDB/new_dimer_db/6S22.pdb,new_dimer_db,6S22,1,True
6S24,A,F,../../GraPPI_data/PDB/new_dimer_db/6S24.pdb,new_dimer_db,6S24,1,True
6S29,B,A,../../GraPPI_data/PDB/new_dimer_db/6S29.pdb,new_dimer_db,6S29,1,True
6S3F,A,B,../../GraPPI_data/PDB/new_dimer_db/6S3F.pdb,new_dimer_db,6S3F,2,True
6S6D,A,C,../../GraPPI_data/PDB/new_dimer_db/6S6D.pdb,new_dimer_db,6S6D,3,True
6S6Q,B,D,../../GraPPI_data/PDB/new_dimer_db/6S6Q.pdb,new_dimer_db,6S6Q,1,True
6S8R,A,B,../../GraPPI_data/PDB/new_dimer_db/6S8R.pdb,new_dimer_db,6S8R,1,True
6S8V,B,A,../../GraPPI_data/PDB/new_dimer_db/6S8V.pdb,new_dimer_db,6S8V,1,True
6S9J,B,A,../../GraPPI_data/PDB/new_dimer_db/6S9J.pdb,new_dimer_db,6S9J,1,True
6S9L,A,C,../../GraPPI_data/PDB/new_dimer_db/6S9L.pdb,new_dimer_db,6S9L,1,True
6SA8,A,B,../../GraPPI_data/PDB/new_dimer_db/6SA8.pdb,new_dimer_db,6SA8,1,True
6SAK,A,C,../../GraPPI_data/PDB/new_dimer_db/6SAK.pdb,new_dimer_db,6SAK,1,True
6SAZ,A,B,../../GraPPI_data/PDB/new_dimer_db/6SAZ.pdb,new_dimer_db,6SAZ,1,True
6SBA,A,B,../../GraPPI_data/PDB/new_dimer_db/6SBA.pdb,new_dimer_db,6SBA,1,True
6SEH,D,C,../../GraPPI_data/PDB/new_dimer_db/6SEH.pdb,new_dimer_db,6SEH,1,True
6SEO,A,L,../../GraPPI_data/PDB/new_dimer_db/6SEO.pdb,new_dimer_db,6SEO,3,True
6SGE,B,A,../../GraPPI_data/PDB/new_dimer_db/6SGE.pdb,new_dimer_db,6SGE,1,True
6SH7,A,B,../../GraPPI_data/PDB/new_dimer_db/6SH7.pdb,new_dimer_db,6SH7,3,True
6SH9,B,E,../../GraPPI_data/PDB/new_dimer_db/6SH9.pdb,new_dimer_db,6SH9,1,True
6SJ5,A,C,../../GraPPI_data/PDB/new_dimer_db/6SJ5.pdb,new_dimer_db,6SJ5,1,True
6SJA,A,B,../../GraPPI_data/PDB/new_dimer_db/6SJA.pdb,new_dimer_db,6SJA,2,True
6SKI,F,A,../../GraPPI_data/PDB/new_dimer_db/6SKI.pdb,new_dimer_db,6SKI,1,True
6SKU,A,B,../../GraPPI_data/PDB/new_dimer_db/6SKU.pdb,new_dimer_db,6SKU,1,True
6SM5,A,B,../../GraPPI_data/PDB/new_dimer_db/6SM5.pdb,new_dimer_db,6SM5,2,True
6SMD,A,B,../../GraPPI_data/PDB/new_dimer_db/6SMD.pdb,new_dimer_db,6SMD,1,True
6SMO,A,B,../../GraPPI_data/PDB/new_dimer_db/6SMO.pdb,new_dimer_db,6SMO,1,True
6SNV,B,A,../../GraPPI_data/PDB/new_dimer_db/6SNV.pdb,new_dimer_db,6SNV,4,True
6SNY,A,B,../../GraPPI_data/PDB/new_dimer_db/6SNY.pdb,new_dimer_db,6SNY,1,True
6SQC,A,B,../../GraPPI_data/PDB/new_dimer_db/6SQC.pdb,new_dimer_db,6SQC,1,True
6SR6,B,A,../../GraPPI_data/PDB/new_dimer_db/6SR6.pdb,new_dimer_db,6SR6,1,True
6SUA,B,A,../../GraPPI_data/PDB/new_dimer_db/6SUA.pdb,new_dimer_db,6SUA,1,True
6SWT,A,B,../../GraPPI_data/PDB/new_dimer_db/6SWT.pdb,new_dimer_db,6SWT,1,True
6T1V,A,C,../../GraPPI_data/PDB/new_dimer_db/6T1V.pdb,new_dimer_db,6T1V,1,True
6T2F,A,B,../../GraPPI_data/PDB/new_dimer_db/6T2F.pdb,new_dimer_db,6T2F,3,True
6TEO,B,A,../../GraPPI_data/PDB/new_dimer_db/6TEO.pdb,new_dimer_db,6TEO,1,True
6THL,A,B,../../GraPPI_data/PDB/new_dimer_db/6THL.pdb,new_dimer_db,6THL,1,True
6TKY,D,B,../../GraPPI_data/PDB/new_dimer_db/6TKY.pdb,new_dimer_db,6TKY,1,True
6TME,A,C,../../GraPPI_data/PDB/new_dimer_db/6TME.pdb,new_dimer_db,6TME,2,True
6TNQ,A,C,../../GraPPI_data/PDB/new_dimer_db/6TNQ.pdb,new_dimer_db,6TNQ,1,True
6TOU,G,A,../../GraPPI_data/PDB/new_dimer_db/6TOU.pdb,new_dimer_db,6TOU,1,True
6TQP,A,B,../../GraPPI_data/PDB/new_dimer_db/6TQP.pdb,new_dimer_db,6TQP,1,True
6TRI,A,B,../../GraPPI_data/PDB/new_dimer_db/6TRI.pdb,new_dimer_db,6TRI,1,True
6TRS,A,B,../../GraPPI_data/PDB/new_dimer_db/6TRS.pdb,new_dimer_db,6TRS,1,True
6TS3,A,C,../../GraPPI_data/PDB/new_dimer_db/6TS3.pdb,new_dimer_db,6TS3,1,True
6TUN,D,A,../../GraPPI_data/PDB/new_dimer_db/6TUN.pdb,new_dimer_db,6TUN,1,True
6TWN,D,A,../../GraPPI_data/PDB/new_dimer_db/6TWN.pdb,new_dimer_db,6TWN,1,True
6TX3,B,A,../../GraPPI_data/PDB/new_dimer_db/6TX3.pdb,new_dimer_db,6TX3,2,True
6TYV,A,B,../../GraPPI_data/PDB/new_dimer_db/6TYV.pdb,new_dimer_db,6TYV,1,True
6TYX,A,B,../../GraPPI_data/PDB/new_dimer_db/6TYX.pdb,new_dimer_db,6TYX,1,True
6TYZ,A,B,../../GraPPI_data/PDB/new_dimer_db/6TYZ.pdb,new_dimer_db,6TYZ,3,True
6TZ2,A,B,../../GraPPI_data/PDB/new_dimer_db/6TZ2.pdb,new_dimer_db,6TZ2,5,True
6TZT,B,A,../../GraPPI_data/PDB/new_dimer_db/6TZT.pdb,new_dimer_db,6TZT,6,True
6U08,B,A,../../GraPPI_data/PDB/new_dimer_db/6U08.pdb,new_dimer_db,6U08,1,True
6U0J,A,B,../../GraPPI_data/PDB/new_dimer_db/6U0J.pdb,new_dimer_db,6U0J,1,True
6U0O,A,B,../../GraPPI_data/PDB/new_dimer_db/6U0O.pdb,new_dimer_db,6U0O,1,True
6U12,A,B,../../GraPPI_data/PDB/new_dimer_db/6U12.pdb,new_dimer_db,6U12,2,True
6U1X,A,P,../../GraPPI_data/PDB/new_dimer_db/6U1X.pdb,new_dimer_db,6U1X,1,True
6U28,A,B,../../GraPPI_data/PDB/new_dimer_db/6U28.pdb,new_dimer_db,6U28,1,True
6U39,B,A,../../GraPPI_data/PDB/new_dimer_db/6U39.pdb,new_dimer_db,6U39,1,True
6U3D,A,C,../../GraPPI_data/PDB/new_dimer_db/6U3D.pdb,new_dimer_db,6U3D,4,True
6U54,A,B,../../GraPPI_data/PDB/new_dimer_db/6U54.pdb,new_dimer_db,6U54,1,True
6U55,A,B,../../GraPPI_data/PDB/new_dimer_db/6U55.pdb,new_dimer_db,6U55,1,True
6U6L,A,B,../../GraPPI_data/PDB/new_dimer_db/6U6L.pdb,new_dimer_db,6U6L,1,True
6U7G,A,C,../../GraPPI_data/PDB/new_dimer_db/6U7G.pdb,new_dimer_db,6U7G,3,True
6U8I,A,B,../../GraPPI_data/PDB/new_dimer_db/6U8I.pdb,new_dimer_db,6U8I,2,True
6UA3,A,B,../../GraPPI_data/PDB/new_dimer_db/6UA3.pdb,new_dimer_db,6UA3,3,True
6UC6,A,C,../../GraPPI_data/PDB/new_dimer_db/6UC6.pdb,new_dimer_db,6UC6,1,True
6UCC,A,B,../../GraPPI_data/PDB/new_dimer_db/6UCC.pdb,new_dimer_db,6UCC,3,True
6UEB,A,B,../../GraPPI_data/PDB/new_dimer_db/6UEB.pdb,new_dimer_db,6UEB,1,True
6UHT,A,C,../../GraPPI_data/PDB/new_dimer_db/6UHT.pdb,new_dimer_db,6UHT,1,True
6UI4,A,B,../../GraPPI_data/PDB/new_dimer_db/6UI4.pdb,new_dimer_db,6UI4,1,True
6UJX,A,B,../../GraPPI_data/PDB/new_dimer_db/6UJX.pdb,new_dimer_db,6UJX,354,True
6UL4,A,B,../../GraPPI_data/PDB/new_dimer_db/6UL4.pdb,new_dimer_db,6UL4,2,True
6ULQ,D,A,../../GraPPI_data/PDB/new_dimer_db/6ULQ.pdb,new_dimer_db,6ULQ,1,True
6UMT,A,B,../../GraPPI_data/PDB/new_dimer_db/6UMT.pdb,new_dimer_db,6UMT,3,True
6UQQ,A,C,../../GraPPI_data/PDB/new_dimer_db/6UQQ.pdb,new_dimer_db,6UQQ,1,True
6USM,A,B,../../GraPPI_data/PDB/new_dimer_db/6USM.pdb,new_dimer_db,6USM,1,True
6UUI,C,X,../../GraPPI_data/PDB/new_dimer_db/6UUI.pdb,new_dimer_db,6UUI,4,True
6UX2,A,B,../../GraPPI_data/PDB/new_dimer_db/6UX2.pdb,new_dimer_db,6UX2,1,True
6UX8,A,B,../../GraPPI_data/PDB/new_dimer_db/6UX8.pdb,new_dimer_db,6UX8,1,True
6UYO,B,A,../../GraPPI_data/PDB/new_dimer_db/6UYO.pdb,new_dimer_db,6UYO,1,True
6UYV,A,B,../../GraPPI_data/PDB/new_dimer_db/6UYV.pdb,new_dimer_db,6UYV,7,True
6UYY,A,B,../../GraPPI_data/PDB/new_dimer_db/6UYY.pdb,new_dimer_db,6UYY,1,True
6UYZ,A,C,../../GraPPI_data/PDB/new_dimer_db/6UYZ.pdb,new_dimer_db,6UYZ,1,True
6V2D,A,C,../../GraPPI_data/PDB/new_dimer_db/6V2D.pdb,new_dimer_db,6V2D,1,True
6V2E,A,B,../../GraPPI_data/PDB/new_dimer_db/6V2E.pdb,new_dimer_db,6V2E,1,True
6V3N,A,C,../../GraPPI_data/PDB/new_dimer_db/6V3N.pdb,new_dimer_db,6V3N,1,True
6V3P,D,A,../../GraPPI_data/PDB/new_dimer_db/6V3P.pdb,new_dimer_db,6V3P,1,True
6V4H,B,A,../../GraPPI_data/PDB/new_dimer_db/6V4H.pdb,new_dimer_db,6V4H,5,True
6V62,Y,A,../../GraPPI_data/PDB/new_dimer_db/6V62.pdb,new_dimer_db,6V62,1,True
6V6A,B,A,../../GraPPI_data/PDB/new_dimer_db/6V6A.pdb,new_dimer_db,6V6A,1,True
6V7M,A,B,../../GraPPI_data/PDB/new_dimer_db/6V7M.pdb,new_dimer_db,6V7M,1,True
6V7P,A,B,../../GraPPI_data/PDB/new_dimer_db/6V7P.pdb,new_dimer_db,6V7P,1,True
6V7R,D,C,../../GraPPI_data/PDB/new_dimer_db/6V7R.pdb,new_dimer_db,6V7R,1,True
6V7S,C,A,../../GraPPI_data/PDB/new_dimer_db/6V7S.pdb,new_dimer_db,6V7S,2,True
6VAX,B,A,../../GraPPI_data/PDB/new_dimer_db/6VAX.pdb,new_dimer_db,6VAX,1,True
6VBG,A,C,../../GraPPI_data/PDB/new_dimer_db/6VBG.pdb,new_dimer_db,6VBG,3,True
6VBX,A,B,../../GraPPI_data/PDB/new_dimer_db/6VBX.pdb,new_dimer_db,6VBX,1,True
6VCM,A,B,../../GraPPI_data/PDB/new_dimer_db/6VCM.pdb,new_dimer_db,6VCM,6,True
6VDB,A,H,../../GraPPI_data/PDB/new_dimer_db/6VDB.pdb,new_dimer_db,6VDB,1,True
6VE5,A,B,../../GraPPI_data/PDB/new_dimer_db/6VE5.pdb,new_dimer_db,6VE5,3,True
6VEK,A,I,../../GraPPI_data/PDB/new_dimer_db/6VEK.pdb,new_dimer_db,6VEK,1,True
6VER,A,B,../../GraPPI_data/PDB/new_dimer_db/6VER.pdb,new_dimer_db,6VER,1,True
6VES,A,B,../../GraPPI_data/PDB/new_dimer_db/6VES.pdb,new_dimer_db,6VES,1,True
6VHH,A,B,../../GraPPI_data/PDB/new_dimer_db/6VHH.pdb,new_dimer_db,6VHH,2,True
6VIL,D,F,../../GraPPI_data/PDB/new_dimer_db/6VIL.pdb,new_dimer_db,6VIL,1,True
6VO5,A,C,../../GraPPI_data/PDB/new_dimer_db/6VO5.pdb,new_dimer_db,6VO5,2,True
6VRB,A,C,../../GraPPI_data/PDB/new_dimer_db/6VRB.pdb,new_dimer_db,6VRB,1,True
6VRO,A,B,../../GraPPI_data/PDB/new_dimer_db/6VRO.pdb,new_dimer_db,6VRO,1,True
6VU5,A,B,../../GraPPI_data/PDB/new_dimer_db/6VU5.pdb,new_dimer_db,6VU5,1,True
6VW7,B,A,../../GraPPI_data/PDB/new_dimer_db/6VW7.pdb,new_dimer_db,6VW7,2,True
6VXY,A,C,../../GraPPI_data/PDB/new_dimer_db/6VXY.pdb,new_dimer_db,6VXY,9,True
6W3H,A,B,../../GraPPI_data/PDB/new_dimer_db/6W3H.pdb,new_dimer_db,6W3H,1,True
6W4K,A,B,../../GraPPI_data/PDB/new_dimer_db/6W4K.pdb,new_dimer_db,6W4K,64,True
6W7O,A,C,../../GraPPI_data/PDB/new_dimer_db/6W7O.pdb,new_dimer_db,6W7O,1,True
6W98,A,B,../../GraPPI_data/PDB/new_dimer_db/6W98.pdb,new_dimer_db,6W98,1,True
6W9A,B,A,../../GraPPI_data/PDB/new_dimer_db/6W9A.pdb,new_dimer_db,6W9A,3,True
6W9K,A,B,../../GraPPI_data/PDB/new_dimer_db/6W9K.pdb,new_dimer_db,6W9K,1,True
6W9L,A,B,../../GraPPI_data/PDB/new_dimer_db/6W9L.pdb,new_dimer_db,6W9L,1,True
6W9R,M,A,../../GraPPI_data/PDB/new_dimer_db/6W9R.pdb,new_dimer_db,6W9R,1,True
6W9S,A,B,../../GraPPI_data/PDB/new_dimer_db/6W9S.pdb,new_dimer_db,6W9S,1,True
6WAR,A,B,../../GraPPI_data/PDB/new_dimer_db/6WAR.pdb,new_dimer_db,6WAR,1,True
6WAU,B,E,../../GraPPI_data/PDB/new_dimer_db/6WAU.pdb,new_dimer_db,6WAU,1,True
6WAV,A,E,../../GraPPI_data/PDB/new_dimer_db/6WAV.pdb,new_dimer_db,6WAV,1,True
6WBC,A,B,../../GraPPI_data/PDB/new_dimer_db/6WBC.pdb,new_dimer_db,6WBC,1,True
6WC3,A,B,../../GraPPI_data/PDB/new_dimer_db/6WC3.pdb,new_dimer_db,6WC3,1,True
6WCW,B,A,../../GraPPI_data/PDB/new_dimer_db/6WCW.pdb,new_dimer_db,6WCW,1,True
6WGN,F,A,../../GraPPI_data/PDB/new_dimer_db/6WGN.pdb,new_dimer_db,6WGN,1,True
6WH0,A,B,../../GraPPI_data/PDB/new_dimer_db/6WH0.pdb,new_dimer_db,6WH0,1,True
6WH1,A,B,../../GraPPI_data/PDB/new_dimer_db/6WH1.pdb,new_dimer_db,6WH1,3,True
6WJC,A,C,../../GraPPI_data/PDB/new_dimer_db/6WJC.pdb,new_dimer_db,6WJC,1,True
6WJQ,A,C,../../GraPPI_data/PDB/new_dimer_db/6WJQ.pdb,new_dimer_db,6WJQ,1,True
6WKQ,B,A,../../GraPPI_data/PDB/new_dimer_db/6WKQ.pdb,new_dimer_db,6WKQ,88,True
6WMK,B,A,../../GraPPI_data/PDB/new_dimer_db/6WMK.pdb,new_dimer_db,6WMK,1,True
6WO1,A,B,../../GraPPI_data/PDB/new_dimer_db/6WO1.pdb,new_dimer_db,6WO1,1,True
6WQU,C,D,../../GraPPI_data/PDB/new_dimer_db/6WQU.pdb,new_dimer_db,6WQU,1,True
6WQX,B,C,../../GraPPI_data/PDB/new_dimer_db/6WQX.pdb,new_dimer_db,6WQX,5,True
6WUD,A,B,../../GraPPI_data/PDB/new_dimer_db/6WUD.pdb,new_dimer_db,6WUD,1,True
6WW9,A,X,../../GraPPI_data/PDB/new_dimer_db/6WW9.pdb,new_dimer_db,6WW9,1,True
6WX7,A,B,../../GraPPI_data/PDB/new_dimer_db/6WX7.pdb,new_dimer_db,6WX7,1,True
6WX8,B,A,../../GraPPI_data/PDB/new_dimer_db/6WX8.pdb,new_dimer_db,6WX8,1,True
6WX9,A,B,../../GraPPI_data/PDB/new_dimer_db/6WX9.pdb,new_dimer_db,6WX9,1,True
6WXV,A,B,../../GraPPI_data/PDB/new_dimer_db/6WXV.pdb,new_dimer_db,6WXV,2,True
6WY6,D,B,../../GraPPI_data/PDB/new_dimer_db/6WY6.pdb,new_dimer_db,6WY6,1,True
6X05,A,K,../../GraPPI_data/PDB/new_dimer_db/6X05.pdb,new_dimer_db,6X05,1,True
6X07,A,B,../../GraPPI_data/PDB/new_dimer_db/6X07.pdb,new_dimer_db,6X07,1,True
6X0A,a,A,../../GraPPI_data/PDB/new_dimer_db/6X0A.pdb,new_dimer_db,6X0A,1,True
6X1G,B,A,../../GraPPI_data/PDB/new_dimer_db/6X1G.pdb,new_dimer_db,6X1G,1,True
6X3D,A,B,../../GraPPI_data/PDB/new_dimer_db/6X3D.pdb,new_dimer_db,6X3D,11,True
6X5G,A,B,../../GraPPI_data/PDB/new_dimer_db/6X5G.pdb,new_dimer_db,6X5G,1,True
6X5Q,A,B,../../GraPPI_data/PDB/new_dimer_db/6X5Q.pdb,new_dimer_db,6X5Q,1,True
6X61,B,A,../../GraPPI_data/PDB/new_dimer_db/6X61.pdb,new_dimer_db,6X61,1,True
6X90,B,A,../../GraPPI_data/PDB/new_dimer_db/6X90.pdb,new_dimer_db,6X90,1,True
6XA7,A,C,../../GraPPI_data/PDB/new_dimer_db/6XA7.pdb,new_dimer_db,6XA7,1,True
6XAR,A,C,../../GraPPI_data/PDB/new_dimer_db/6XAR.pdb,new_dimer_db,6XAR,1,True
6XAW,A,B,../../GraPPI_data/PDB/new_dimer_db/6XAW.pdb,new_dimer_db,6XAW,1,True
6XF1,B,A,../../GraPPI_data/PDB/new_dimer_db/6XF1.pdb,new_dimer_db,6XF1,1,True
6XFK,A,B,../../GraPPI_data/PDB/new_dimer_db/6XFK.pdb,new_dimer_db,6XFK,1,True
6XGZ,B,A,../../GraPPI_data/PDB/new_dimer_db/6XGZ.pdb,new_dimer_db,6XGZ,1,True
6XKB,A,G,../../GraPPI_data/PDB/new_dimer_db/6XKB.pdb,new_dimer_db,6XKB,1,True
6XOD,A,B,../../GraPPI_data/PDB/new_dimer_db/6XOD.pdb,new_dimer_db,6XOD,1,True
6XQO,I,J,../../GraPPI_data/PDB/new_dimer_db/6XQO.pdb,new_dimer_db,6XQO,3,True
6XS7,A,B,../../GraPPI_data/PDB/new_dimer_db/6XS7.pdb,new_dimer_db,6XS7,1,True
6XS8,A,B,../../GraPPI_data/PDB/new_dimer_db/6XS8.pdb,new_dimer_db,6XS8,1,True
6XS9,A,C,../../GraPPI_data/PDB/new_dimer_db/6XS9.pdb,new_dimer_db,6XS9,2,True
6XSA,A,B,../../GraPPI_data/PDB/new_dimer_db/6XSA.pdb,new_dimer_db,6XSA,1,True
6XTD,A,B,../../GraPPI_data/PDB/new_dimer_db/6XTD.pdb,new_dimer_db,6XTD,1,True
6XTS,A,C,../../GraPPI_data/PDB/new_dimer_db/6XTS.pdb,new_dimer_db,6XTS,9,True
6XWG,C,D,../../GraPPI_data/PDB/new_dimer_db/6XWG.pdb,new_dimer_db,6XWG,1,True
6XWX,A,B,../../GraPPI_data/PDB/new_dimer_db/6XWX.pdb,new_dimer_db,6XWX,1,True
6XY4,A,B,../../GraPPI_data/PDB/new_dimer_db/6XY4.pdb,new_dimer_db,6XY4,1,True
6XY6,B,A,../../GraPPI_data/PDB/new_dimer_db/6XY6.pdb,new_dimer_db,6XY6,1,True
6XZ1,A,C,../../GraPPI_data/PDB/new_dimer_db/6XZ1.pdb,new_dimer_db,6XZ1,1,True
6XZ6,B,A,../../GraPPI_data/PDB/new_dimer_db/6XZ6.pdb,new_dimer_db,6XZ6,1,True
6XZU,A,B,../../GraPPI_data/PDB/new_dimer_db/6XZU.pdb,new_dimer_db,6XZU,1,True
6Y2O,A,B,../../GraPPI_data/PDB/new_dimer_db/6Y2O.pdb,new_dimer_db,6Y2O,3,True
6Y4L,A,B,../../GraPPI_data/PDB/new_dimer_db/6Y4L.pdb,new_dimer_db,6Y4L,1,True
6Y5W,A,B,../../GraPPI_data/PDB/new_dimer_db/6Y5W.pdb,new_dimer_db,6Y5W,1,True
6Y62,A,B,../../GraPPI_data/PDB/new_dimer_db/6Y62.pdb,new_dimer_db,6Y62,2,True
6Y9N,A,B,../../GraPPI_data/PDB/new_dimer_db/6Y9N.pdb,new_dimer_db,6Y9N,1,True
6Y9P,G,H,../../GraPPI_data/PDB/new_dimer_db/6Y9P.pdb,new_dimer_db,6Y9P,1,True
6Y9Q,B,D,../../GraPPI_data/PDB/new_dimer_db/6Y9Q.pdb,new_dimer_db,6Y9Q,1,True
6YA8,A,B,../../GraPPI_data/PDB/new_dimer_db/6YA8.pdb,new_dimer_db,6YA8,6,True
6YCR,A,B,../../GraPPI_data/PDB/new_dimer_db/6YCR.pdb,new_dimer_db,6YCR,1,True
6YEV,A,E,../../GraPPI_data/PDB/new_dimer_db/6YEV.pdb,new_dimer_db,6YEV,1,True
6YGU,B,A,../../GraPPI_data/PDB/new_dimer_db/6YGU.pdb,new_dimer_db,6YGU,2,True
6YJP,A,C,../../GraPPI_data/PDB/new_dimer_db/6YJP.pdb,new_dimer_db,6YJP,2,True
6YLI,B,A,../../GraPPI_data/PDB/new_dimer_db/6YLI.pdb,new_dimer_db,6YLI,2,True
6YN0,A,B,../../GraPPI_data/PDB/new_dimer_db/6YN0.pdb,new_dimer_db,6YN0,1,True
6YNU,B,A,../../GraPPI_data/PDB/new_dimer_db/6YNU.pdb,new_dimer_db,6YNU,1,True
6YOO,A,B,../../GraPPI_data/PDB/new_dimer_db/6YOO.pdb,new_dimer_db,6YOO,1,True
6YP9,A,B,../../GraPPI_data/PDB/new_dimer_db/6YP9.pdb,new_dimer_db,6YP9,2,True
6YR8,A,B,../../GraPPI_data/PDB/new_dimer_db/6YR8.pdb,new_dimer_db,6YR8,1,True
6YT3,A,B,../../GraPPI_data/PDB/new_dimer_db/6YT3.pdb,new_dimer_db,6YT3,1,True
6YU8,A,B,../../GraPPI_data/PDB/new_dimer_db/6YU8.pdb,new_dimer_db,6YU8,1,True
6YUB,B,A,../../GraPPI_data/PDB/new_dimer_db/6YUB.pdb,new_dimer_db,6YUB,1,True
6YW4,A,B,../../GraPPI_data/PDB/new_dimer_db/6YW4.pdb,new_dimer_db,6YW4,3,True
6YX5,A,B,../../GraPPI_data/PDB/new_dimer_db/6YX5.pdb,new_dimer_db,6YX5,1,True
6YXG,A,H,../../GraPPI_data/PDB/new_dimer_db/6YXG.pdb,new_dimer_db,6YXG,4,True
6YXJ,A,B,../../GraPPI_data/PDB/new_dimer_db/6YXJ.pdb,new_dimer_db,6YXJ,1,True
6YXQ,A,B,../../GraPPI_data/PDB/new_dimer_db/6YXQ.pdb,new_dimer_db,6YXQ,1,True
6YXW,B,A,../../GraPPI_data/PDB/new_dimer_db/6YXW.pdb,new_dimer_db,6YXW,1,True
6YYE,A,C,../../GraPPI_data/PDB/new_dimer_db/6YYE.pdb,new_dimer_db,6YYE,1,True
6Z10,A,B,../../GraPPI_data/PDB/new_dimer_db/6Z10.pdb,new_dimer_db,6Z10,5,True
6Z20,B,A,../../GraPPI_data/PDB/new_dimer_db/6Z20.pdb,new_dimer_db,6Z20,2,True
6Z2P,A,C,../../GraPPI_data/PDB/new_dimer_db/6Z2P.pdb,new_dimer_db,6Z2P,1,True
6Z81,A,C,../../GraPPI_data/PDB/new_dimer_db/6Z81.pdb,new_dimer_db,6Z81,6,True
6ZBK,A,B,../../GraPPI_data/PDB/new_dimer_db/6ZBK.pdb,new_dimer_db,6ZBK,1,True
6ZBV,A,B,../../GraPPI_data/PDB/new_dimer_db/6ZBV.pdb,new_dimer_db,6ZBV,1,True
6ZDT,A,B,../../GraPPI_data/PDB/new_dimer_db/6ZDT.pdb,new_dimer_db,6ZDT,1,True
6ZDX,A,B,../../GraPPI_data/PDB/new_dimer_db/6ZDX.pdb,new_dimer_db,6ZDX,1,True
6ZE1,A,B,../../GraPPI_data/PDB/new_dimer_db/6ZE1.pdb,new_dimer_db,6ZE1,1,True
6ZEI,A,C,../../GraPPI_data/PDB/new_dimer_db/6ZEI.pdb,new_dimer_db,6ZEI,4,True
6ZH1,A,B,../../GraPPI_data/PDB/new_dimer_db/6ZH1.pdb,new_dimer_db,6ZH1,1,True
6ZHI,A,D,../../GraPPI_data/PDB/new_dimer_db/6ZHI.pdb,new_dimer_db,6ZHI,2,True
6ZIE,A,B,../../GraPPI_data/PDB/new_dimer_db/6ZIE.pdb,new_dimer_db,6ZIE,1,True
6ZL1,A,C,../../GraPPI_data/PDB/new_dimer_db/6ZL1.pdb,new_dimer_db,6ZL1,1,True
6ZPJ,A,B,../../GraPPI_data/PDB/new_dimer_db/6ZPJ.pdb,new_dimer_db,6ZPJ,1,True
6ZQK,B,A,../../GraPPI_data/PDB/new_dimer_db/6ZQK.pdb,new_dimer_db,6ZQK,1,True
6ZQS,A,B,../../GraPPI_data/PDB/new_dimer_db/6ZQS.pdb,new_dimer_db,6ZQS,1,True
6ZR5,A,C,../../GraPPI_data/PDB/new_dimer_db/6ZR5.pdb,new_dimer_db,6ZR5,1,True
6ZRC,A,P,../../GraPPI_data/PDB/new_dimer_db/6ZRC.pdb,new_dimer_db,6ZRC,1,True
6ZRD,A,P,../../GraPPI_data/PDB/new_dimer_db/6ZRD.pdb,new_dimer_db,6ZRD,1,True
6ZRN,D,A,../../GraPPI_data/PDB/new_dimer_db/6ZRN.pdb,new_dimer_db,6ZRN,2,True
6ZRV,A,B,../../GraPPI_data/PDB/new_dimer_db/6ZRV.pdb,new_dimer_db,6ZRV,1,True
6ZS5,A,D,../../GraPPI_data/PDB/new_dimer_db/6ZS5.pdb,new_dimer_db,6ZS5,1,True
6ZSH,B,A,../../GraPPI_data/PDB/new_dimer_db/6ZSH.pdb,new_dimer_db,6ZSH,1,True
6ZUE,A,B,../../GraPPI_data/PDB/new_dimer_db/6ZUE.pdb,new_dimer_db,6ZUE,1,True
6ZXW,G,H,../../GraPPI_data/PDB/new_dimer_db/6ZXW.pdb,new_dimer_db,6ZXW,1,True
6ZZG,A,K,../../GraPPI_data/PDB/new_dimer_db/6ZZG.pdb,new_dimer_db,6ZZG,2,True
7A17,B,A,../../GraPPI_data/PDB/new_dimer_db/7A17.pdb,new_dimer_db,7A17,1,True
7A1S,A,B,../../GraPPI_data/PDB/new_dimer_db/7A1S.pdb,new_dimer_db,7A1S,2,True
7A2Z,A,B,../../GraPPI_data/PDB/new_dimer_db/7A2Z.pdb,new_dimer_db,7A2Z,4,True
7A4Y,D,E,../../GraPPI_data/PDB/new_dimer_db/7A4Y.pdb,new_dimer_db,7A4Y,1,True
7A67,A,B,../../GraPPI_data/PDB/new_dimer_db/7A67.pdb,new_dimer_db,7A67,1,True
7ACV,A,C,../../GraPPI_data/PDB/new_dimer_db/7ACV.pdb,new_dimer_db,7ACV,1,True
7ACW,B,A,../../GraPPI_data/PDB/new_dimer_db/7ACW.pdb,new_dimer_db,7ACW,1,True
7ACX,B,A,../../GraPPI_data/PDB/new_dimer_db/7ACX.pdb,new_dimer_db,7ACX,1,True
7ADK,A,B,../../GraPPI_data/PDB/new_dimer_db/7ADK.pdb,new_dimer_db,7ADK,1,True
7AL7,A,B,../../GraPPI_data/PDB/new_dimer_db/7AL7.pdb,new_dimer_db,7AL7,1,True
7ANQ,A,B,../../GraPPI_data/PDB/new_dimer_db/7ANQ.pdb,new_dimer_db,7ANQ,1,True
7APJ,A,B,../../GraPPI_data/PDB/new_dimer_db/7APJ.pdb,new_dimer_db,7APJ,1,True
7AX1,A,B,../../GraPPI_data/PDB/new_dimer_db/7AX1.pdb,new_dimer_db,7AX1,1,True
7AYE,A,B,../../GraPPI_data/PDB/new_dimer_db/7AYE.pdb,new_dimer_db,7AYE,1,True
7AZB,A,B,../../GraPPI_data/PDB/new_dimer_db/7AZB.pdb,new_dimer_db,7AZB,1,True
7B4T,B,A,../../GraPPI_data/PDB/new_dimer_db/7B4T.pdb,new_dimer_db,7B4T,1,True
7B4V,D,C,../../GraPPI_data/PDB/new_dimer_db/7B4V.pdb,new_dimer_db,7B4V,2,True
7B4W,B,A,../../GraPPI_data/PDB/new_dimer_db/7B4W.pdb,new_dimer_db,7B4W,1,True
7B51,B,A,../../GraPPI_data/PDB/new_dimer_db/7B51.pdb,new_dimer_db,7B51,3,True
7B57,B,A,../../GraPPI_data/PDB/new_dimer_db/7B57.pdb,new_dimer_db,7B57,3,True
7B5G,B,A,../../GraPPI_data/PDB/new_dimer_db/7B5G.pdb,new_dimer_db,7B5G,1,True
7B80,B,A,../../GraPPI_data/PDB/new_dimer_db/7B80.pdb,new_dimer_db,7B80,3,True
7BC7,A,B,../../GraPPI_data/PDB/new_dimer_db/7BC7.pdb,new_dimer_db,7BC7,2,True
7BH9,A,E,../../GraPPI_data/PDB/new_dimer_db/7BH9.pdb,new_dimer_db,7BH9,15,True
7BHF,B,A,../../GraPPI_data/PDB/new_dimer_db/7BHF.pdb,new_dimer_db,7BHF,2,True
7BJN,A,B,../../GraPPI_data/PDB/new_dimer_db/7BJN.pdb,new_dimer_db,7BJN,1,True
7BN3,D,A,../../GraPPI_data/PDB/new_dimer_db/7BN3.pdb,new_dimer_db,7BN3,1,True
7BP2,B,A,../../GraPPI_data/PDB/new_dimer_db/7BP2.pdb,new_dimer_db,7BP2,3,True
7BPH,A,B,../../GraPPI_data/PDB/new_dimer_db/7BPH.pdb,new_dimer_db,7BPH,1,True
7BPY,B,A,../../GraPPI_data/PDB/new_dimer_db/7BPY.pdb,new_dimer_db,7BPY,3,True
7BQZ,A,B,../../GraPPI_data/PDB/new_dimer_db/7BQZ.pdb,new_dimer_db,7BQZ,1,True
7BU5,A,B,../../GraPPI_data/PDB/new_dimer_db/7BU5.pdb,new_dimer_db,7BU5,1,True
7BU7,A,B,../../GraPPI_data/PDB/new_dimer_db/7BU7.pdb,new_dimer_db,7BU7,3,True
7BV4,A,C,../../GraPPI_data/PDB/new_dimer_db/7BV4.pdb,new_dimer_db,7BV4,1,True
7BV5,A,C,../../GraPPI_data/PDB/new_dimer_db/7BV5.pdb,new_dimer_db,7BV5,1,True
7BWN,F,L,../../GraPPI_data/PDB/new_dimer_db/7BWN.pdb,new_dimer_db,7BWN,1,True
7BWT,A,B,../../GraPPI_data/PDB/new_dimer_db/7BWT.pdb,new_dimer_db,7BWT,1,True
7BXH,A,B,../../GraPPI_data/PDB/new_dimer_db/7BXH.pdb,new_dimer_db,7BXH,4,True
7BZK,A,B,../../GraPPI_data/PDB/new_dimer_db/7BZK.pdb,new_dimer_db,7BZK,1,True
7C08,A,B,../../GraPPI_data/PDB/new_dimer_db/7C08.pdb,new_dimer_db,7C08,4,True
7C2F,B,A,../../GraPPI_data/PDB/new_dimer_db/7C2F.pdb,new_dimer_db,7C2F,1,True
7C2H,A,G,../../GraPPI_data/PDB/new_dimer_db/7C2H.pdb,new_dimer_db,7C2H,2,True
7C41,D,A,../../GraPPI_data/PDB/new_dimer_db/7C41.pdb,new_dimer_db,7C41,1,True
7C5D,A,C,../../GraPPI_data/PDB/new_dimer_db/7C5D.pdb,new_dimer_db,7C5D,1,True
7C77,A,B,../../GraPPI_data/PDB/new_dimer_db/7C77.pdb,new_dimer_db,7C77,2,True
7C7J,A,C,../../GraPPI_data/PDB/new_dimer_db/7C7J.pdb,new_dimer_db,7C7J,1,True
7C7L,A,B,../../GraPPI_data/PDB/new_dimer_db/7C7L.pdb,new_dimer_db,7C7L,1,True
7C7S,A,B,../../GraPPI_data/PDB/new_dimer_db/7C7S.pdb,new_dimer_db,7C7S,7,True
7C8W,A,B,../../GraPPI_data/PDB/new_dimer_db/7C8W.pdb,new_dimer_db,7C8W,5,True
7C96,A,B,../../GraPPI_data/PDB/new_dimer_db/7C96.pdb,new_dimer_db,7C96,1,True
7CCE,A,P,../../GraPPI_data/PDB/new_dimer_db/7CCE.pdb,new_dimer_db,7CCE,1,True
7CD8,B,A,../../GraPPI_data/PDB/new_dimer_db/7CD8.pdb,new_dimer_db,7CD8,2,True
7CDB,B,C,../../GraPPI_data/PDB/new_dimer_db/7CDB.pdb,new_dimer_db,7CDB,1,True
7CFC,F,A,../../GraPPI_data/PDB/new_dimer_db/7CFC.pdb,new_dimer_db,7CFC,1,True
7CFD,E,A,../../GraPPI_data/PDB/new_dimer_db/7CFD.pdb,new_dimer_db,7CFD,1,True
7CFX,C,K,../../GraPPI_data/PDB/new_dimer_db/7CFX.pdb,new_dimer_db,7CFX,5,True
7CI2,A,C,../../GraPPI_data/PDB/new_dimer_db/7CI2.pdb,new_dimer_db,7CI2,1,True
7CMZ,A,B,../../GraPPI_data/PDB/new_dimer_db/7CMZ.pdb,new_dimer_db,7CMZ,1,True
7CN7,A,C,../../GraPPI_data/PDB/new_dimer_db/7CN7.pdb,new_dimer_db,7CN7,3,True
7CQ3,A,B,../../GraPPI_data/PDB/new_dimer_db/7CQ3.pdb,new_dimer_db,7CQ3,3,True
7CQ4,A,B,../../GraPPI_data/PDB/new_dimer_db/7CQ4.pdb,new_dimer_db,7CQ4,1,True
7CQH,B,A,../../GraPPI_data/PDB/new_dimer_db/7CQH.pdb,new_dimer_db,7CQH,1,True
7CQP,B,C,../../GraPPI_data/PDB/new_dimer_db/7CQP.pdb,new_dimer_db,7CQP,1,True
7CRB,J,A,../../GraPPI_data/PDB/new_dimer_db/7CRB.pdb,new_dimer_db,7CRB,1,True
7CRU,B,A,../../GraPPI_data/PDB/new_dimer_db/7CRU.pdb,new_dimer_db,7CRU,1,True
7CU3,A,B,../../GraPPI_data/PDB/new_dimer_db/7CU3.pdb,new_dimer_db,7CU3,3,True
7CUI,B,A,../../GraPPI_data/PDB/new_dimer_db/7CUI.pdb,new_dimer_db,7CUI,1,True
7CVQ,A,B,../../GraPPI_data/PDB/new_dimer_db/7CVQ.pdb,new_dimer_db,7CVQ,1,True
7CXH,A,B,../../GraPPI_data/PDB/new_dimer_db/7CXH.pdb,new_dimer_db,7CXH,20,True
7CYL,A,B,../../GraPPI_data/PDB/new_dimer_db/7CYL.pdb,new_dimer_db,7CYL,1,True
7CYV,H,B,../../GraPPI_data/PDB/new_dimer_db/7CYV.pdb,new_dimer_db,7CYV,1,True
7CZ0,A,E,../../GraPPI_data/PDB/new_dimer_db/7CZ0.pdb,new_dimer_db,7CZ0,1,True
7CZD,B,A,../../GraPPI_data/PDB/new_dimer_db/7CZD.pdb,new_dimer_db,7CZD,2,True
7D0S,A,B,../../GraPPI_data/PDB/new_dimer_db/7D0S.pdb,new_dimer_db,7D0S,7,True
7D2S,A,B,../../GraPPI_data/PDB/new_dimer_db/7D2S.pdb,new_dimer_db,7D2S,1,True
7D2T,B,A,../../GraPPI_data/PDB/new_dimer_db/7D2T.pdb,new_dimer_db,7D2T,1,True
7D2Z,A,B,../../GraPPI_data/PDB/new_dimer_db/7D2Z.pdb,new_dimer_db,7D2Z,1,True
7D30,A,B,../../GraPPI_data/PDB/new_dimer_db/7D30.pdb,new_dimer_db,7D30,1,True
7D3D,a,A,../../GraPPI_data/PDB/new_dimer_db/7D3D.pdb,new_dimer_db,7D3D,1,True
7D4B,A,B,../../GraPPI_data/PDB/new_dimer_db/7D4B.pdb,new_dimer_db,7D4B,1,True
7D8B,B,A,../../GraPPI_data/PDB/new_dimer_db/7D8B.pdb,new_dimer_db,7D8B,2,True
7D9W,B,A,../../GraPPI_data/PDB/new_dimer_db/7D9W.pdb,new_dimer_db,7D9W,43,True
7DA5,A,B,../../GraPPI_data/PDB/new_dimer_db/7DA5.pdb,new_dimer_db,7DA5,5,True
7DCD,B,A,../../GraPPI_data/PDB/new_dimer_db/7DCD.pdb,new_dimer_db,7DCD,4,True
7DCR,x,y,../../GraPPI_data/PDB/new_dimer_db/7DCR.pdb,new_dimer_db,7DCR,2,True
7DD3,x,y,../../GraPPI_data/PDB/new_dimer_db/7DD3.pdb,new_dimer_db,7DD3,1,True
7DDM,A,E,../../GraPPI_data/PDB/new_dimer_db/7DDM.pdb,new_dimer_db,7DDM,1,True
7DDX,A,B,../../GraPPI_data/PDB/new_dimer_db/7DDX.pdb,new_dimer_db,7DDX,1,True
7DEO,B,A,../../GraPPI_data/PDB/new_dimer_db/7DEO.pdb,new_dimer_db,7DEO,1,True
7DET,B,A,../../GraPPI_data/PDB/new_dimer_db/7DET.pdb,new_dimer_db,7DET,1,True
7DG5,B,A,../../GraPPI_data/PDB/new_dimer_db/7DG5.pdb,new_dimer_db,7DG5,4,True
7DMA,A,B,../../GraPPI_data/PDB/new_dimer_db/7DMA.pdb,new_dimer_db,7DMA,1,True
7DN9,B,A,../../GraPPI_data/PDB/new_dimer_db/7DN9.pdb,new_dimer_db,7DN9,2,True
7DNA,A,F,../../GraPPI_data/PDB/new_dimer_db/7DNA.pdb,new_dimer_db,7DNA,1,True
7DNE,A,C,../../GraPPI_data/PDB/new_dimer_db/7DNE.pdb,new_dimer_db,7DNE,1,True
7DNG,A,B,../../GraPPI_data/PDB/new_dimer_db/7DNG.pdb,new_dimer_db,7DNG,1,True
7DNN,B,A,../../GraPPI_data/PDB/new_dimer_db/7DNN.pdb,new_dimer_db,7DNN,2,True
7DO4,A,B,../../GraPPI_data/PDB/new_dimer_db/7DO4.pdb,new_dimer_db,7DO4,1,True
7DTD,B,A,../../GraPPI_data/PDB/new_dimer_db/7DTD.pdb,new_dimer_db,7DTD,1,True
7E0Z,A,B,../../GraPPI_data/PDB/new_dimer_db/7E0Z.pdb,new_dimer_db,7E0Z,1,True
7E11,A,B,../../GraPPI_data/PDB/new_dimer_db/7E11.pdb,new_dimer_db,7E11,1,True
7E1S,B,A,../../GraPPI_data/PDB/new_dimer_db/7E1S.pdb,new_dimer_db,7E1S,2,True
7E40,B,A,../../GraPPI_data/PDB/new_dimer_db/7E40.pdb,new_dimer_db,7E40,1,True
7E5B,D,A,../../GraPPI_data/PDB/new_dimer_db/7E5B.pdb,new_dimer_db,7E5B,1,True
7E5E,A,E,../../GraPPI_data/PDB/new_dimer_db/7E5E.pdb,new_dimer_db,7E5E,1,True
7E9M,B,A,../../GraPPI_data/PDB/new_dimer_db/7E9M.pdb,new_dimer_db,7E9M,1,True
7EA1,A,C,../../GraPPI_data/PDB/new_dimer_db/7EA1.pdb,new_dimer_db,7EA1,2,True
7ECA,A,B,../../GraPPI_data/PDB/new_dimer_db/7ECA.pdb,new_dimer_db,7ECA,1,True
7EDP,B,A,../../GraPPI_data/PDB/new_dimer_db/7EDP.pdb,new_dimer_db,7EDP,1,True
7EF0,A,P,../../GraPPI_data/PDB/new_dimer_db/7EF0.pdb,new_dimer_db,7EF0,1,True
7EGS,A,B,../../GraPPI_data/PDB/new_dimer_db/7EGS.pdb,new_dimer_db,7EGS,1,True
7EGT,D,A,../../GraPPI_data/PDB/new_dimer_db/7EGT.pdb,new_dimer_db,7EGT,1,True
7EGU,A,B,../../GraPPI_data/PDB/new_dimer_db/7EGU.pdb,new_dimer_db,7EGU,1,True
7EIC,A,B,../../GraPPI_data/PDB/new_dimer_db/7EIC.pdb,new_dimer_db,7EIC,1,True
7EKN,B,A,../../GraPPI_data/PDB/new_dimer_db/7EKN.pdb,new_dimer_db,7EKN,1,True
7EL1,A,E,../../GraPPI_data/PDB/new_dimer_db/7EL1.pdb,new_dimer_db,7EL1,1,True
7ELC,A,B,../../GraPPI_data/PDB/new_dimer_db/7ELC.pdb,new_dimer_db,7ELC,7,True
7ENH,A,B,../../GraPPI_data/PDB/new_dimer_db/7ENH.pdb,new_dimer_db,7ENH,1,True
7ENI,A,C,../../GraPPI_data/PDB/new_dimer_db/7ENI.pdb,new_dimer_db,7ENI,1,True
7EOW,A,B,../../GraPPI_data/PDB/new_dimer_db/7EOW.pdb,new_dimer_db,7EOW,2,True
7EP7,A,B,../../GraPPI_data/PDB/new_dimer_db/7EP7.pdb,new_dimer_db,7EP7,1,True
7EPU,A,B,../../GraPPI_data/PDB/new_dimer_db/7EPU.pdb,new_dimer_db,7EPU,1,True
7EQX,A,C,../../GraPPI_data/PDB/new_dimer_db/7EQX.pdb,new_dimer_db,7EQX,1,True
7EQZ,A,I,../../GraPPI_data/PDB/new_dimer_db/7EQZ.pdb,new_dimer_db,7EQZ,2,True
7ET0,B,A,../../GraPPI_data/PDB/new_dimer_db/7ET0.pdb,new_dimer_db,7ET0,2,True
7EV8,A,B,../../GraPPI_data/PDB/new_dimer_db/7EV8.pdb,new_dimer_db,7EV8,1,True
7EVR,B,A,../../GraPPI_data/PDB/new_dimer_db/7EVR.pdb,new_dimer_db,7EVR,1,True
7EVS,A,C,../../GraPPI_data/PDB/new_dimer_db/7EVS.pdb,new_dimer_db,7EVS,1,True
7EZW,A,B,../../GraPPI_data/PDB/new_dimer_db/7EZW.pdb,new_dimer_db,7EZW,1,True
7F07,A,C,../../GraPPI_data/PDB/new_dimer_db/7F07.pdb,new_dimer_db,7F07,1,True
7F0U,A,C,../../GraPPI_data/PDB/new_dimer_db/7F0U.pdb,new_dimer_db,7F0U,1,True
7F15,A,B,../../GraPPI_data/PDB/new_dimer_db/7F15.pdb,new_dimer_db,7F15,4,True
7F28,B,A,../../GraPPI_data/PDB/new_dimer_db/7F28.pdb,new_dimer_db,7F28,1,True
7F2R,B,A,../../GraPPI_data/PDB/new_dimer_db/7F2R.pdb,new_dimer_db,7F2R,2,True
7F3S,A,B,../../GraPPI_data/PDB/new_dimer_db/7F3S.pdb,new_dimer_db,7F3S,1,True
7F4S,D,A,../../GraPPI_data/PDB/new_dimer_db/7F4S.pdb,new_dimer_db,7F4S,1,True
7F61,A,B,../../GraPPI_data/PDB/new_dimer_db/7F61.pdb,new_dimer_db,7F61,1,True
7F6L,A,B,../../GraPPI_data/PDB/new_dimer_db/7F6L.pdb,new_dimer_db,7F6L,1,True
7F7G,A,C,../../GraPPI_data/PDB/new_dimer_db/7F7G.pdb,new_dimer_db,7F7G,1,True
7F7I,A,G,../../GraPPI_data/PDB/new_dimer_db/7F7I.pdb,new_dimer_db,7F7I,1,True
7F9L,B,G,../../GraPPI_data/PDB/new_dimer_db/7F9L.pdb,new_dimer_db,7F9L,1,True
7F9N,A,C,../../GraPPI_data/PDB/new_dimer_db/7F9N.pdb,new_dimer_db,7F9N,2,True
7FAD,A,B,../../GraPPI_data/PDB/new_dimer_db/7FAD.pdb,new_dimer_db,7FAD,1,True
7FAX,A,B,../../GraPPI_data/PDB/new_dimer_db/7FAX.pdb,new_dimer_db,7FAX,1,True
7FB5,A,B,../../GraPPI_data/PDB/new_dimer_db/7FB5.pdb,new_dimer_db,7FB5,1,True
7FC3,E,A,../../GraPPI_data/PDB/new_dimer_db/7FC3.pdb,new_dimer_db,7FC3,1,True
7FDL,K,L,../../GraPPI_data/PDB/new_dimer_db/7FDL.pdb,new_dimer_db,7FDL,1,True
7FDM,A,C,../../GraPPI_data/PDB/new_dimer_db/7FDM.pdb,new_dimer_db,7FDM,1,True
7FDO,A,B,../../GraPPI_data/PDB/new_dimer_db/7FDO.pdb,new_dimer_db,7FDO,1,True
7FGM,A,B,../../GraPPI_data/PDB/new_dimer_db/7FGM.pdb,new_dimer_db,7FGM,1,True
7FIW,A,B,../../GraPPI_data/PDB/new_dimer_db/7FIW.pdb,new_dimer_db,7FIW,3,True
7FK9,A,B,../../GraPPI_data/PDB/new_dimer_db/7FK9.pdb,new_dimer_db,7FK9,395,True
7G9B,A,B,../../GraPPI_data/PDB/new_dimer_db/7G9B.pdb,new_dimer_db,7G9B,57,True
7JKB,A,B,../../GraPPI_data/PDB/new_dimer_db/7JKB.pdb,new_dimer_db,7JKB,1,True
7JMK,B,A,../../GraPPI_data/PDB/new_dimer_db/7JMK.pdb,new_dimer_db,7JMK,32,True
7JQD,A,B,../../GraPPI_data/PDB/new_dimer_db/7JQD.pdb,new_dimer_db,7JQD,1,True
7JR2,A,G,../../GraPPI_data/PDB/new_dimer_db/7JR2.pdb,new_dimer_db,7JR2,17,True
7JTR,A,B,../../GraPPI_data/PDB/new_dimer_db/7JTR.pdb,new_dimer_db,7JTR,1,True
7JTT,A,B,../../GraPPI_data/PDB/new_dimer_db/7JTT.pdb,new_dimer_db,7JTT,36,True
7JTU,A,B,../../GraPPI_data/PDB/new_dimer_db/7JTU.pdb,new_dimer_db,7JTU,1,True
7JUM,H,A,../../GraPPI_data/PDB/new_dimer_db/7JUM.pdb,new_dimer_db,7JUM,1,True
7JW7,A,B,../../GraPPI_data/PDB/new_dimer_db/7JW7.pdb,new_dimer_db,7JW7,1,True
7JXU,A,C,../../GraPPI_data/PDB/new_dimer_db/7JXU.pdb,new_dimer_db,7JXU,1,True
7JXV,A,B,../../GraPPI_data/PDB/new_dimer_db/7JXV.pdb,new_dimer_db,7JXV,1,True
7JZ1,H,L,../../GraPPI_data/PDB/new_dimer_db/7JZ1.pdb,new_dimer_db,7JZ1,1,True
7JZ4,D,A,../../GraPPI_data/PDB/new_dimer_db/7JZ4.pdb,new_dimer_db,7JZ4,2,True
7JZI,B,A,../../GraPPI_data/PDB/new_dimer_db/7JZI.pdb,new_dimer_db,7JZI,1,True
7JZK,C,D,../../GraPPI_data/PDB/new_dimer_db/7JZK.pdb,new_dimer_db,7JZK,1,True
7JZM,A,B,../../GraPPI_data/PDB/new_dimer_db/7JZM.pdb,new_dimer_db,7JZM,1,True
7JZU,A,B,../../GraPPI_data/PDB/new_dimer_db/7JZU.pdb,new_dimer_db,7JZU,1,True
7K0X,C,D,../../GraPPI_data/PDB/new_dimer_db/7K0X.pdb,new_dimer_db,7K0X,1,True
7K0Z,D,C,../../GraPPI_data/PDB/new_dimer_db/7K0Z.pdb,new_dimer_db,7K0Z,1,True
7K65,A,B,../../GraPPI_data/PDB/new_dimer_db/7K65.pdb,new_dimer_db,7K65,1,True
7K84,A,B,../../GraPPI_data/PDB/new_dimer_db/7K84.pdb,new_dimer_db,7K84,1,True
7KC4,D,B,../../GraPPI_data/PDB/new_dimer_db/7KC4.pdb,new_dimer_db,7KC4,2,True
7KDC,A,C,../../GraPPI_data/PDB/new_dimer_db/7KDC.pdb,new_dimer_db,7KDC,1,True
7KDT,A,B,../../GraPPI_data/PDB/new_dimer_db/7KDT.pdb,new_dimer_db,7KDT,2,True
7KFK,A,E,../../GraPPI_data/PDB/new_dimer_db/7KFK.pdb,new_dimer_db,7KFK,1,True
7KGK,A,B,../../GraPPI_data/PDB/new_dimer_db/7KGK.pdb,new_dimer_db,7KGK,2,True
7KHT,A,B,../../GraPPI_data/PDB/new_dimer_db/7KHT.pdb,new_dimer_db,7KHT,1,True
7KJH,A,C,../../GraPPI_data/PDB/new_dimer_db/7KJH.pdb,new_dimer_db,7KJH,1,True
7KJI,A,B,../../GraPPI_data/PDB/new_dimer_db/7KJI.pdb,new_dimer_db,7KJI,1,True
7KL5,A,B,../../GraPPI_data/PDB/new_dimer_db/7KL5.pdb,new_dimer_db,7KL5,1,True
7KM5,A,D,../../GraPPI_data/PDB/new_dimer_db/7KM5.pdb,new_dimer_db,7KM5,2,True
7KNF,A,C,../../GraPPI_data/PDB/new_dimer_db/7KNF.pdb,new_dimer_db,7KNF,3,True
7KNT,E,R,../../GraPPI_data/PDB/new_dimer_db/7KNT.pdb,new_dimer_db,7KNT,1,True
7KP4,A,B,../../GraPPI_data/PDB/new_dimer_db/7KP4.pdb,new_dimer_db,7KP4,6,True
7KUG,B,A,../../GraPPI_data/PDB/new_dimer_db/7KUG.pdb,new_dimer_db,7KUG,2,True
7KWO,A,V,../../GraPPI_data/PDB/new_dimer_db/7KWO.pdb,new_dimer_db,7KWO,1,True
7KYB,A,B,../../GraPPI_data/PDB/new_dimer_db/7KYB.pdb,new_dimer_db,7KYB,7,True
7L04,C,E,../../GraPPI_data/PDB/new_dimer_db/7L04.pdb,new_dimer_db,7L04,1,True
7L0G,A,C,../../GraPPI_data/PDB/new_dimer_db/7L0G.pdb,new_dimer_db,7L0G,2,True
7L3L,B,A,../../GraPPI_data/PDB/new_dimer_db/7L3L.pdb,new_dimer_db,7L3L,1,True
7L5M,A,B,../../GraPPI_data/PDB/new_dimer_db/7L5M.pdb,new_dimer_db,7L5M,3,True
7L97,A,B,../../GraPPI_data/PDB/new_dimer_db/7L97.pdb,new_dimer_db,7L97,7,True
7LC1,B,A,../../GraPPI_data/PDB/new_dimer_db/7LC1.pdb,new_dimer_db,7LC1,1,True
7LEW,A,B,../../GraPPI_data/PDB/new_dimer_db/7LEW.pdb,new_dimer_db,7LEW,1,True
7LFC,A,B,../../GraPPI_data/PDB/new_dimer_db/7LFC.pdb,new_dimer_db,7LFC,1,True
7LFS,A,E,../../GraPPI_data/PDB/new_dimer_db/7LFS.pdb,new_dimer_db,7LFS,5,True
7LJ0,A,B,../../GraPPI_data/PDB/new_dimer_db/7LJ0.pdb,new_dimer_db,7LJ0,1,True
7LKO,B,C,../../GraPPI_data/PDB/new_dimer_db/7LKO.pdb,new_dimer_db,7LKO,3,True
7LKQ,A,B,../../GraPPI_data/PDB/new_dimer_db/7LKQ.pdb,new_dimer_db,7LKQ,3,True
7LP2,B,A,../../GraPPI_data/PDB/new_dimer_db/7LP2.pdb,new_dimer_db,7LP2,1,True
7LP3,B,A,../../GraPPI_data/PDB/new_dimer_db/7LP3.pdb,new_dimer_db,7LP3,1,True
7LT9,A,B,../../GraPPI_data/PDB/new_dimer_db/7LT9.pdb,new_dimer_db,7LT9,2,True
7LTO,A,B,../../GraPPI_data/PDB/new_dimer_db/7LTO.pdb,new_dimer_db,7LTO,1,True
7LWH,A,B,../../GraPPI_data/PDB/new_dimer_db/7LWH.pdb,new_dimer_db,7LWH,2,True
7M2K,B,A,../../GraPPI_data/PDB/new_dimer_db/7M2K.pdb,new_dimer_db,7M2K,5,True
7M3Q,A,B,../../GraPPI_data/PDB/new_dimer_db/7M3Q.pdb,new_dimer_db,7M3Q,1,True
7M4M,A,C,../../GraPPI_data/PDB/new_dimer_db/7M4M.pdb,new_dimer_db,7M4M,1,True
7M5B,B,A,../../GraPPI_data/PDB/new_dimer_db/7M5B.pdb,new_dimer_db,7M5B,2,True
7M5C,B,A,../../GraPPI_data/PDB/new_dimer_db/7M5C.pdb,new_dimer_db,7M5C,1,True
7M5F,A,C,../../GraPPI_data/PDB/new_dimer_db/7M5F.pdb,new_dimer_db,7M5F,1,True
7MC9,B,A,../../GraPPI_data/PDB/new_dimer_db/7MC9.pdb,new_dimer_db,7MC9,1,True
7MIC,A,B,../../GraPPI_data/PDB/new_dimer_db/7MIC.pdb,new_dimer_db,7MIC,2,True
7MKK,B,C,../../GraPPI_data/PDB/new_dimer_db/7MKK.pdb,new_dimer_db,7MKK,1,True
7ML7,A,B,../../GraPPI_data/PDB/new_dimer_db/7ML7.pdb,new_dimer_db,7ML7,1,True
7MLM,A,C,../../GraPPI_data/PDB/new_dimer_db/7MLM.pdb,new_dimer_db,7MLM,5,True
7MMS,A,E,../../GraPPI_data/PDB/new_dimer_db/7MMS.pdb,new_dimer_db,7MMS,5,True
7MNI,B,A,../../GraPPI_data/PDB/new_dimer_db/7MNI.pdb,new_dimer_db,7MNI,1,True
7MO0,B,A,../../GraPPI_data/PDB/new_dimer_db/7MO0.pdb,new_dimer_db,7MO0,1,True
7MO4,B,A,../../GraPPI_data/PDB/new_dimer_db/7MO4.pdb,new_dimer_db,7MO4,12,True
7MON,A,B,../../GraPPI_data/PDB/new_dimer_db/7MON.pdb,new_dimer_db,7MON,2,True
7MRK,B,A,../../GraPPI_data/PDB/new_dimer_db/7MRK.pdb,new_dimer_db,7MRK,1,True
7MRN,A,C,../../GraPPI_data/PDB/new_dimer_db/7MRN.pdb,new_dimer_db,7MRN,1,True
7MRS,A,B,../../GraPPI_data/PDB/new_dimer_db/7MRS.pdb,new_dimer_db,7MRS,1,True
7MU2,B,A,../../GraPPI_data/PDB/new_dimer_db/7MU2.pdb,new_dimer_db,7MU2,2,True
7MVY,A,B,../../GraPPI_data/PDB/new_dimer_db/7MVY.pdb,new_dimer_db,7MVY,1,True
7MWR,A,B,../../GraPPI_data/PDB/new_dimer_db/7MWR.pdb,new_dimer_db,7MWR,1,True
7MYF,A,B,../../GraPPI_data/PDB/new_dimer_db/7MYF.pdb,new_dimer_db,7MYF,1,True
7MYH,A,B,../../GraPPI_data/PDB/new_dimer_db/7MYH.pdb,new_dimer_db,7MYH,1,True
7N0E,B,A,../../GraPPI_data/PDB/new_dimer_db/7N0E.pdb,new_dimer_db,7N0E,1,True
7N0R,A,C,../../GraPPI_data/PDB/new_dimer_db/7N0R.pdb,new_dimer_db,7N0R,1,True
7N1J,A,B,../../GraPPI_data/PDB/new_dimer_db/7N1J.pdb,new_dimer_db,7N1J,1,True
7N1N,A,B,../../GraPPI_data/PDB/new_dimer_db/7N1N.pdb,new_dimer_db,7N1N,1,True
7N3T,A,C,../../GraPPI_data/PDB/new_dimer_db/7N3T.pdb,new_dimer_db,7N3T,1,True
7N6J,A,B,../../GraPPI_data/PDB/new_dimer_db/7N6J.pdb,new_dimer_db,7N6J,1,True
7N8J,A,B,../../GraPPI_data/PDB/new_dimer_db/7N8J.pdb,new_dimer_db,7N8J,1,True
7N8X,B,A,../../GraPPI_data/PDB/new_dimer_db/7N8X.pdb,new_dimer_db,7N8X,1,True
7N9A,A,E,../../GraPPI_data/PDB/new_dimer_db/7N9A.pdb,new_dimer_db,7N9A,3,True
7N9H,C,A,../../GraPPI_data/PDB/new_dimer_db/7N9H.pdb,new_dimer_db,7N9H,1,True
7NA9,A,D,../../GraPPI_data/PDB/new_dimer_db/7NA9.pdb,new_dimer_db,7NA9,1,True
7NAM,A,B,../../GraPPI_data/PDB/new_dimer_db/7NAM.pdb,new_dimer_db,7NAM,1,True
7NDF,B,C,../../GraPPI_data/PDB/new_dimer_db/7NDF.pdb,new_dimer_db,7NDF,1,True
7NE1,A,B,../../GraPPI_data/PDB/new_dimer_db/7NE1.pdb,new_dimer_db,7NE1,1,True
7NF6,B,A,../../GraPPI_data/PDB/new_dimer_db/7NF6.pdb,new_dimer_db,7NF6,1,True
7NFR,A,B,../../GraPPI_data/PDB/new_dimer_db/7NFR.pdb,new_dimer_db,7NFR,2,True
7NFT,A,C,../../GraPPI_data/PDB/new_dimer_db/7NFT.pdb,new_dimer_db,7NFT,1,True
7NJ1,A,B,../../GraPPI_data/PDB/new_dimer_db/7NJ1.pdb,new_dimer_db,7NJ1,1,True
7NLC,A,B,../../GraPPI_data/PDB/new_dimer_db/7NLC.pdb,new_dimer_db,7NLC,1,True
7NMI,A,B,../../GraPPI_data/PDB/new_dimer_db/7NMI.pdb,new_dimer_db,7NMI,1,True
7NOW,B,A,../../GraPPI_data/PDB/new_dimer_db/7NOW.pdb,new_dimer_db,7NOW,1,True
7NQA,D,A,../../GraPPI_data/PDB/new_dimer_db/7NQA.pdb,new_dimer_db,7NQA,1,True
7NQK,A,B,../../GraPPI_data/PDB/new_dimer_db/7NQK.pdb,new_dimer_db,7NQK,1,True
7NUF,A,C,../../GraPPI_data/PDB/new_dimer_db/7NUF.pdb,new_dimer_db,7NUF,1,True
7NUS,D,A,../../GraPPI_data/PDB/new_dimer_db/7NUS.pdb,new_dimer_db,7NUS,1,True
7NY8,A,C,../../GraPPI_data/PDB/new_dimer_db/7NY8.pdb,new_dimer_db,7NY8,1,True
7NZ7,A,B,../../GraPPI_data/PDB/new_dimer_db/7NZ7.pdb,new_dimer_db,7NZ7,1,True
7O3B,A,G,../../GraPPI_data/PDB/new_dimer_db/7O3B.pdb,new_dimer_db,7O3B,3,True
7OCC,A,D,../../GraPPI_data/PDB/new_dimer_db/7OCC.pdb,new_dimer_db,7OCC,5,True
7ODU,A,B,../../GraPPI_data/PDB/new_dimer_db/7ODU.pdb,new_dimer_db,7ODU,5,True
7OEJ,A,B,../../GraPPI_data/PDB/new_dimer_db/7OEJ.pdb,new_dimer_db,7OEJ,64,True
7OFK,A,C,../../GraPPI_data/PDB/new_dimer_db/7OFK.pdb,new_dimer_db,7OFK,20,True
7OGG,R,Q,../../GraPPI_data/PDB/new_dimer_db/7OGG.pdb,new_dimer_db,7OGG,1,True
7OHI,A,B,../../GraPPI_data/PDB/new_dimer_db/7OHI.pdb,new_dimer_db,7OHI,1,True
7OJE,B,A,../../GraPPI_data/PDB/new_dimer_db/7OJE.pdb,new_dimer_db,7OJE,3,True
7OK7,A,I,../../GraPPI_data/PDB/new_dimer_db/7OK7.pdb,new_dimer_db,7OK7,2,True
7OK9,C,K,../../GraPPI_data/PDB/new_dimer_db/7OK9.pdb,new_dimer_db,7OK9,2,True
7OPB,D,A,../../GraPPI_data/PDB/new_dimer_db/7OPB.pdb,new_dimer_db,7OPB,1,True
7OPO,B,A,../../GraPPI_data/PDB/new_dimer_db/7OPO.pdb,new_dimer_db,7OPO,1,True
7OS1,B,F,../../GraPPI_data/PDB/new_dimer_db/7OS1.pdb,new_dimer_db,7OS1,1,True
7OUN,A,B,../../GraPPI_data/PDB/new_dimer_db/7OUN.pdb,new_dimer_db,7OUN,1,True
7OVX,A,Q,../../GraPPI_data/PDB/new_dimer_db/7OVX.pdb,new_dimer_db,7OVX,1,True
7OX5,B,A,../../GraPPI_data/PDB/new_dimer_db/7OX5.pdb,new_dimer_db,7OX5,1,True
7OXG,A,C,../../GraPPI_data/PDB/new_dimer_db/7OXG.pdb,new_dimer_db,7OXG,1,True
7OXH,A,B,../../GraPPI_data/PDB/new_dimer_db/7OXH.pdb,new_dimer_db,7OXH,1,True
7OYH,A,B,../../GraPPI_data/PDB/new_dimer_db/7OYH.pdb,new_dimer_db,7OYH,4,True
7P33,A,G,../../GraPPI_data/PDB/new_dimer_db/7P33.pdb,new_dimer_db,7P33,1,True
7P3I,B,A,../../GraPPI_data/PDB/new_dimer_db/7P3I.pdb,new_dimer_db,7P3I,1,True
7P8K,B,A,../../GraPPI_data/PDB/new_dimer_db/7P8K.pdb,new_dimer_db,7P8K,1,True
7P9W,A,B,../../GraPPI_data/PDB/new_dimer_db/7P9W.pdb,new_dimer_db,7P9W,1,True
7PA5,A,B,../../GraPPI_data/PDB/new_dimer_db/7PA5.pdb,new_dimer_db,7PA5,1,True
7PGP,F,N,../../GraPPI_data/PDB/new_dimer_db/7PGP.pdb,new_dimer_db,7PGP,1,True
7PGQ,F,N,../../GraPPI_data/PDB/new_dimer_db/7PGQ.pdb,new_dimer_db,7PGQ,1,True
7PGS,N,F,../../GraPPI_data/PDB/new_dimer_db/7PGS.pdb,new_dimer_db,7PGS,1,True
7PI6,B,A,../../GraPPI_data/PDB/new_dimer_db/7PI6.pdb,new_dimer_db,7PI6,1,True
7PJH,A,B,../../GraPPI_data/PDB/new_dimer_db/7PJH.pdb,new_dimer_db,7PJH,1,True
7PK4,A,B,../../GraPPI_data/PDB/new_dimer_db/7PK4.pdb,new_dimer_db,7PK4,1,True
7PKL,H,L,../../GraPPI_data/PDB/new_dimer_db/7PKL.pdb,new_dimer_db,7PKL,1,True
7PO7,G,H,../../GraPPI_data/PDB/new_dimer_db/7PO7.pdb,new_dimer_db,7PO7,1,True
7PP2,A,B,../../GraPPI_data/PDB/new_dimer_db/7PP2.pdb,new_dimer_db,7PP2,1,True
7PQ0,A,B,../../GraPPI_data/PDB/new_dimer_db/7PQ0.pdb,new_dimer_db,7PQ0,2,True
7PQQ,A,B,../../GraPPI_data/PDB/new_dimer_db/7PQQ.pdb,new_dimer_db,7PQQ,1,True
7PRX,A,B,../../GraPPI_data/PDB/new_dimer_db/7PRX.pdb,new_dimer_db,7PRX,1,True
7PU4,B,A,../../GraPPI_data/PDB/new_dimer_db/7PU4.pdb,new_dimer_db,7PU4,1,True
7PVT,B,A,../../GraPPI_data/PDB/new_dimer_db/7PVT.pdb,new_dimer_db,7PVT,1,True
7PVX,B,A,../../GraPPI_data/PDB/new_dimer_db/7PVX.pdb,new_dimer_db,7PVX,1,True
7PW9,A,C,../../GraPPI_data/PDB/new_dimer_db/7PW9.pdb,new_dimer_db,7PW9,2,True
7PYV,A,C,../../GraPPI_data/PDB/new_dimer_db/7PYV.pdb,new_dimer_db,7PYV,1,True
7Q1S,F,E,../../GraPPI_data/PDB/new_dimer_db/7Q1S.pdb,new_dimer_db,7Q1S,1,True
7Q1T,A,B,../../GraPPI_data/PDB/new_dimer_db/7Q1T.pdb,new_dimer_db,7Q1T,1,True
7Q1U,A,B,../../GraPPI_data/PDB/new_dimer_db/7Q1U.pdb,new_dimer_db,7Q1U,1,True
7Q2Z,E,C,../../GraPPI_data/PDB/new_dimer_db/7Q2Z.pdb,new_dimer_db,7Q2Z,5,True
7Q42,B,A,../../GraPPI_data/PDB/new_dimer_db/7Q42.pdb,new_dimer_db,7Q42,1,True
7Q44,B,A,../../GraPPI_data/PDB/new_dimer_db/7Q44.pdb,new_dimer_db,7Q44,1,True
7Q45,C,D,../../GraPPI_data/PDB/new_dimer_db/7Q45.pdb,new_dimer_db,7Q45,1,True
7Q62,A,B,../../GraPPI_data/PDB/new_dimer_db/7Q62.pdb,new_dimer_db,7Q62,1,True
7Q72,A,C,../../GraPPI_data/PDB/new_dimer_db/7Q72.pdb,new_dimer_db,7Q72,1,True
7Q83,B,A,../../GraPPI_data/PDB/new_dimer_db/7Q83.pdb,new_dimer_db,7Q83,2,True
7Q8E,B,A,../../GraPPI_data/PDB/new_dimer_db/7Q8E.pdb,new_dimer_db,7Q8E,3,True
7QBO,A,P,../../GraPPI_data/PDB/new_dimer_db/7QBO.pdb,new_dimer_db,7QBO,3,True
7QFB,A,B,../../GraPPI_data/PDB/new_dimer_db/7QFB.pdb,new_dimer_db,7QFB,2,True
7QGS,B,A,../../GraPPI_data/PDB/new_dimer_db/7QGS.pdb,new_dimer_db,7QGS,2,True
7QIH,B,A,../../GraPPI_data/PDB/new_dimer_db/7QIH.pdb,new_dimer_db,7QIH,3,True
7QK4,A,B,../../GraPPI_data/PDB/new_dimer_db/7QK4.pdb,new_dimer_db,7QK4,15,True
7QM2,A,B,../../GraPPI_data/PDB/new_dimer_db/7QM2.pdb,new_dimer_db,7QM2,1,True
7QOT,A,C,../../GraPPI_data/PDB/new_dimer_db/7QOT.pdb,new_dimer_db,7QOT,1,True
7QOX,B,D,../../GraPPI_data/PDB/new_dimer_db/7QOX.pdb,new_dimer_db,7QOX,1,True
7QTO,A,B,../../GraPPI_data/PDB/new_dimer_db/7QTO.pdb,new_dimer_db,7QTO,1,True
7QTW,A,B,../../GraPPI_data/PDB/new_dimer_db/7QTW.pdb,new_dimer_db,7QTW,1,True
7QTX,A,B,../../GraPPI_data/PDB/new_dimer_db/7QTX.pdb,new_dimer_db,7QTX,1,True
7QU8,A,C,../../GraPPI_data/PDB/new_dimer_db/7QU8.pdb,new_dimer_db,7QU8,1,True
7QUD,A,B,../../GraPPI_data/PDB/new_dimer_db/7QUD.pdb,new_dimer_db,7QUD,17,True
7QV8,A,D,../../GraPPI_data/PDB/new_dimer_db/7QV8.pdb,new_dimer_db,7QV8,1,True
7QWV,A,B,../../GraPPI_data/PDB/new_dimer_db/7QWV.pdb,new_dimer_db,7QWV,1,True
7R1V,A,B,../../GraPPI_data/PDB/new_dimer_db/7R1V.pdb,new_dimer_db,7R1V,1,True
7R49,H,A,../../GraPPI_data/PDB/new_dimer_db/7R49.pdb,new_dimer_db,7R49,1,True
7R86,A,C,../../GraPPI_data/PDB/new_dimer_db/7R86.pdb,new_dimer_db,7R86,1,True
7R98,A,D,../../GraPPI_data/PDB/new_dimer_db/7R98.pdb,new_dimer_db,7R98,1,True
7RB3,B,A,../../GraPPI_data/PDB/new_dimer_db/7RB3.pdb,new_dimer_db,7RB3,1,True
7RBS,B,A,../../GraPPI_data/PDB/new_dimer_db/7RBS.pdb,new_dimer_db,7RBS,3,True
7RBY,B,A,../../GraPPI_data/PDB/new_dimer_db/7RBY.pdb,new_dimer_db,7RBY,4,True
7RFY,A,B,../../GraPPI_data/PDB/new_dimer_db/7RFY.pdb,new_dimer_db,7RFY,1,True
7RG1,A,B,../../GraPPI_data/PDB/new_dimer_db/7RG1.pdb,new_dimer_db,7RG1,3,True
7RG2,A,B,../../GraPPI_data/PDB/new_dimer_db/7RG2.pdb,new_dimer_db,7RG2,1,True
7RI1,A,B,../../GraPPI_data/PDB/new_dimer_db/7RI1.pdb,new_dimer_db,7RI1,1,True
7RI2,A,B,../../GraPPI_data/PDB/new_dimer_db/7RI2.pdb,new_dimer_db,7RI2,4,True
7RJM,A,B,../../GraPPI_data/PDB/new_dimer_db/7RJM.pdb,new_dimer_db,7RJM,2,True
7RNN,C,D,../../GraPPI_data/PDB/new_dimer_db/7RNN.pdb,new_dimer_db,7RNN,1,True
7ROV,A,E,../../GraPPI_data/PDB/new_dimer_db/7ROV.pdb,new_dimer_db,7ROV,1,True
7RPK,A,H,../../GraPPI_data/PDB/new_dimer_db/7RPK.pdb,new_dimer_db,7RPK,1,True
7RT7,D,A,../../GraPPI_data/PDB/new_dimer_db/7RT7.pdb,new_dimer_db,7RT7,1,True
7RXQ,A,B,../../GraPPI_data/PDB/new_dimer_db/7RXQ.pdb,new_dimer_db,7RXQ,1,True
7RZZ,A,C,../../GraPPI_data/PDB/new_dimer_db/7RZZ.pdb,new_dimer_db,7RZZ,1,True
7S02,A,C,../../GraPPI_data/PDB/new_dimer_db/7S02.pdb,new_dimer_db,7S02,1,True
7S25,C,D,../../GraPPI_data/PDB/new_dimer_db/7S25.pdb,new_dimer_db,7S25,1,True
7S26,B,A,../../GraPPI_data/PDB/new_dimer_db/7S26.pdb,new_dimer_db,7S26,1,True
7S2R,A,B,../../GraPPI_data/PDB/new_dimer_db/7S2R.pdb,new_dimer_db,7S2R,1,True
7S2S,C,B,../../GraPPI_data/PDB/new_dimer_db/7S2S.pdb,new_dimer_db,7S2S,1,True
7S4A,B,A,../../GraPPI_data/PDB/new_dimer_db/7S4A.pdb,new_dimer_db,7S4A,1,True
7S51,A,B,../../GraPPI_data/PDB/new_dimer_db/7S51.pdb,new_dimer_db,7S51,1,True
7S5S,A,B,../../GraPPI_data/PDB/new_dimer_db/7S5S.pdb,new_dimer_db,7S5S,18,True
7S68,B,A,../../GraPPI_data/PDB/new_dimer_db/7S68.pdb,new_dimer_db,7S68,1,True
7S7J,A,B,../../GraPPI_data/PDB/new_dimer_db/7S7J.pdb,new_dimer_db,7S7J,1,True
7S7Q,A,B,../../GraPPI_data/PDB/new_dimer_db/7S7Q.pdb,new_dimer_db,7S7Q,1,True
7S7R,A,B,../../GraPPI_data/PDB/new_dimer_db/7S7R.pdb,new_dimer_db,7S7R,1,True
7S9W,A,B,../../GraPPI_data/PDB/new_dimer_db/7S9W.pdb,new_dimer_db,7S9W,2,True
7SAH,A,B,../../GraPPI_data/PDB/new_dimer_db/7SAH.pdb,new_dimer_db,7SAH,1,True
7SAI,A,C,../../GraPPI_data/PDB/new_dimer_db/7SAI.pdb,new_dimer_db,7SAI,3,True
7SAK,A,B,../../GraPPI_data/PDB/new_dimer_db/7SAK.pdb,new_dimer_db,7SAK,2,True
7SAL,B,C,../../GraPPI_data/PDB/new_dimer_db/7SAL.pdb,new_dimer_db,7SAL,1,True
7SCW,A,B,../../GraPPI_data/PDB/new_dimer_db/7SCW.pdb,new_dimer_db,7SCW,2,True
7SDE,A,B,../../GraPPI_data/PDB/new_dimer_db/7SDE.pdb,new_dimer_db,7SDE,1,True
7SH3,A,B,../../GraPPI_data/PDB/new_dimer_db/7SH3.pdb,new_dimer_db,7SH3,1,True
7SHQ,A,B,../../GraPPI_data/PDB/new_dimer_db/7SHQ.pdb,new_dimer_db,7SHQ,1,True
7SJQ,A,D,../../GraPPI_data/PDB/new_dimer_db/7SJQ.pdb,new_dimer_db,7SJQ,1,True
7SL9,A,B,../../GraPPI_data/PDB/new_dimer_db/7SL9.pdb,new_dimer_db,7SL9,1,True
7SLA,A,B,../../GraPPI_data/PDB/new_dimer_db/7SLA.pdb,new_dimer_db,7SLA,2,True
7SMC,B,A,../../GraPPI_data/PDB/new_dimer_db/7SMC.pdb,new_dimer_db,7SMC,1,True
7SMD,A,B,../../GraPPI_data/PDB/new_dimer_db/7SMD.pdb,new_dimer_db,7SMD,1,True
7SME,A,B,../../GraPPI_data/PDB/new_dimer_db/7SME.pdb,new_dimer_db,7SME,1,True
7SMF,B,A,../../GraPPI_data/PDB/new_dimer_db/7SMF.pdb,new_dimer_db,7SMF,1,True
7SN6,A,C,../../GraPPI_data/PDB/new_dimer_db/7SN6.pdb,new_dimer_db,7SN6,1,True
7SNX,A,B,../../GraPPI_data/PDB/new_dimer_db/7SNX.pdb,new_dimer_db,7SNX,1,True
7SO0,A,B,../../GraPPI_data/PDB/new_dimer_db/7SO0.pdb,new_dimer_db,7SO0,5,True
7SPO,A,C,../../GraPPI_data/PDB/new_dimer_db/7SPO.pdb,new_dimer_db,7SPO,3,True
7SQA,D,A,../../GraPPI_data/PDB/new_dimer_db/7SQA.pdb,new_dimer_db,7SQA,7,True
7SRK,B,A,../../GraPPI_data/PDB/new_dimer_db/7SRK.pdb,new_dimer_db,7SRK,6,True
7SXH,A,B,../../GraPPI_data/PDB/new_dimer_db/7SXH.pdb,new_dimer_db,7SXH,4,True
7T0Y,B,A,../../GraPPI_data/PDB/new_dimer_db/7T0Y.pdb,new_dimer_db,7T0Y,1,True
7T5P,A,B,../../GraPPI_data/PDB/new_dimer_db/7T5P.pdb,new_dimer_db,7T5P,1,True
7T6A,A,C,../../GraPPI_data/PDB/new_dimer_db/7T6A.pdb,new_dimer_db,7T6A,1,True
7T7T,W,A,../../GraPPI_data/PDB/new_dimer_db/7T7T.pdb,new_dimer_db,7T7T,1,True
7TA3,B,A,../../GraPPI_data/PDB/new_dimer_db/7TA3.pdb,new_dimer_db,7TA3,1,True
7TA6,A,N,../../GraPPI_data/PDB/new_dimer_db/7TA6.pdb,new_dimer_db,7TA6,1,True
7TB1,D,A,../../GraPPI_data/PDB/new_dimer_db/7TB1.pdb,new_dimer_db,7TB1,1,True
7TCX,D,A,../../GraPPI_data/PDB/new_dimer_db/7TCX.pdb,new_dimer_db,7TCX,4,True
7TEZ,B,E,../../GraPPI_data/PDB/new_dimer_db/7TEZ.pdb,new_dimer_db,7TEZ,189,True
7TH2,A,C,../../GraPPI_data/PDB/new_dimer_db/7TH2.pdb,new_dimer_db,7TH2,3,True
7TH3,A,B,../../GraPPI_data/PDB/new_dimer_db/7TH3.pdb,new_dimer_db,7TH3,1,True
7THQ,B,E,../../GraPPI_data/PDB/new_dimer_db/7THQ.pdb,new_dimer_db,7THQ,3,True
7TJ4,B,A,../../GraPPI_data/PDB/new_dimer_db/7TJ4.pdb,new_dimer_db,7TJ4,1,True
7TL7,a,A,../../GraPPI_data/PDB/new_dimer_db/7TL7.pdb,new_dimer_db,7TL7,1,True
7TL8,A,B,../../GraPPI_data/PDB/new_dimer_db/7TL8.pdb,new_dimer_db,7TL8,1,True
7TPB,A,B,../../GraPPI_data/PDB/new_dimer_db/7TPB.pdb,new_dimer_db,7TPB,1,True
7TPS,A,B,../../GraPPI_data/PDB/new_dimer_db/7TPS.pdb,new_dimer_db,7TPS,1,True
7TRE,A,C,../../GraPPI_data/PDB/new_dimer_db/7TRE.pdb,new_dimer_db,7TRE,1,True
7TT8,A,C,../../GraPPI_data/PDB/new_dimer_db/7TT8.pdb,new_dimer_db,7TT8,1,True
7TUI,A,B,../../GraPPI_data/PDB/new_dimer_db/7TUI.pdb,new_dimer_db,7TUI,2,True
7TUQ,A,B,../../GraPPI_data/PDB/new_dimer_db/7TUQ.pdb,new_dimer_db,7TUQ,1,True
7TV0,A,G,../../GraPPI_data/PDB/new_dimer_db/7TV0.pdb,new_dimer_db,7TV0,1,True
7TVJ,B,A,../../GraPPI_data/PDB/new_dimer_db/7TVJ.pdb,new_dimer_db,7TVJ,1,True
7TXY,A,B,../../GraPPI_data/PDB/new_dimer_db/7TXY.pdb,new_dimer_db,7TXY,1,True
7TYD,B,A,../../GraPPI_data/PDB/new_dimer_db/7TYD.pdb,new_dimer_db,7TYD,1,True
7TYJ,A,B,../../GraPPI_data/PDB/new_dimer_db/7TYJ.pdb,new_dimer_db,7TYJ,1,True
7TYR,A,C,../../GraPPI_data/PDB/new_dimer_db/7TYR.pdb,new_dimer_db,7TYR,1,True
7TZH,D,C,../../GraPPI_data/PDB/new_dimer_db/7TZH.pdb,new_dimer_db,7TZH,1,True
7TZK,A,C,../../GraPPI_data/PDB/new_dimer_db/7TZK.pdb,new_dimer_db,7TZK,1,True
7U0U,A,B,../../GraPPI_data/PDB/new_dimer_db/7U0U.pdb,new_dimer_db,7U0U,2,True
7U2P,A,B,../../GraPPI_data/PDB/new_dimer_db/7U2P.pdb,new_dimer_db,7U2P,3,True
7U5G,H,L,../../GraPPI_data/PDB/new_dimer_db/7U5G.pdb,new_dimer_db,7U5G,252,True
7U5O,A,E,../../GraPPI_data/PDB/new_dimer_db/7U5O.pdb,new_dimer_db,7U5O,1,True
7U5P,B,A,../../GraPPI_data/PDB/new_dimer_db/7U5P.pdb,new_dimer_db,7U5P,1,True
7U9W,A,H,../../GraPPI_data/PDB/new_dimer_db/7U9W.pdb,new_dimer_db,7U9W,1,True
7UA8,H,A,../../GraPPI_data/PDB/new_dimer_db/7UA8.pdb,new_dimer_db,7UA8,1,True
7UBX,D,A,../../GraPPI_data/PDB/new_dimer_db/7UBX.pdb,new_dimer_db,7UBX,1,True
7UBY,D,B,../../GraPPI_data/PDB/new_dimer_db/7UBY.pdb,new_dimer_db,7UBY,1,True
7UBZ,B,A,../../GraPPI_data/PDB/new_dimer_db/7UBZ.pdb,new_dimer_db,7UBZ,1,True
7UC8,H,A,../../GraPPI_data/PDB/new_dimer_db/7UC8.pdb,new_dimer_db,7UC8,1,True
7UCQ,H,A,../../GraPPI_data/PDB/new_dimer_db/7UCQ.pdb,new_dimer_db,7UCQ,1,True
7UDJ,G,H,../../GraPPI_data/PDB/new_dimer_db/7UDJ.pdb,new_dimer_db,7UDJ,1,True
7UDK,A,B,../../GraPPI_data/PDB/new_dimer_db/7UDK.pdb,new_dimer_db,7UDK,1,True
7UE2,A,B,../../GraPPI_data/PDB/new_dimer_db/7UE2.pdb,new_dimer_db,7UE2,1,True
7UFW,H,A,../../GraPPI_data/PDB/new_dimer_db/7UFW.pdb,new_dimer_db,7UFW,1,True
7UGB,A,I,../../GraPPI_data/PDB/new_dimer_db/7UGB.pdb,new_dimer_db,7UGB,1,True
7UI1,B,I,../../GraPPI_data/PDB/new_dimer_db/7UI1.pdb,new_dimer_db,7UI1,1,True
7UI8,A,B,../../GraPPI_data/PDB/new_dimer_db/7UI8.pdb,new_dimer_db,7UI8,1,True
7UIE,A,B,../../GraPPI_data/PDB/new_dimer_db/7UIE.pdb,new_dimer_db,7UIE,1,True
7UIR,A,C,../../GraPPI_data/PDB/new_dimer_db/7UIR.pdb,new_dimer_db,7UIR,2,True
7UJ3,A,B,../../GraPPI_data/PDB/new_dimer_db/7UJ3.pdb,new_dimer_db,7UJ3,2,True
7UJP,A,C,../../GraPPI_data/PDB/new_dimer_db/7UJP.pdb,new_dimer_db,7UJP,7,True
7UJR,A,B,../../GraPPI_data/PDB/new_dimer_db/7UJR.pdb,new_dimer_db,7UJR,2,True
7UKN,A,B,../../GraPPI_data/PDB/new_dimer_db/7UKN.pdb,new_dimer_db,7UKN,1,True
7UL4,A,D,../../GraPPI_data/PDB/new_dimer_db/7UL4.pdb,new_dimer_db,7UL4,3,True
7ULA,B,A,../../GraPPI_data/PDB/new_dimer_db/7ULA.pdb,new_dimer_db,7ULA,1,True
7UM4,A,B,../../GraPPI_data/PDB/new_dimer_db/7UM4.pdb,new_dimer_db,7UM4,1,True
7UMI,A,E,../../GraPPI_data/PDB/new_dimer_db/7UMI.pdb,new_dimer_db,7UMI,1,True
7UNZ,B,C,../../GraPPI_data/PDB/new_dimer_db/7UNZ.pdb,new_dimer_db,7UNZ,1,True
7UPM,A,B,../../GraPPI_data/PDB/new_dimer_db/7UPM.pdb,new_dimer_db,7UPM,1,True
7URV,C,D,../../GraPPI_data/PDB/new_dimer_db/7URV.pdb,new_dimer_db,7URV,1,True
7UST,B,A,../../GraPPI_data/PDB/new_dimer_db/7UST.pdb,new_dimer_db,7UST,1,True
7USV,A,C,../../GraPPI_data/PDB/new_dimer_db/7USV.pdb,new_dimer_db,7USV,1,True
7UWI,A,F,../../GraPPI_data/PDB/new_dimer_db/7UWI.pdb,new_dimer_db,7UWI,1,True
7UWO,A,B,../../GraPPI_data/PDB/new_dimer_db/7UWO.pdb,new_dimer_db,7UWO,1,True
7UXI,A,B,../../GraPPI_data/PDB/new_dimer_db/7UXI.pdb,new_dimer_db,7UXI,1,True
7UXK,A,B,../../GraPPI_data/PDB/new_dimer_db/7UXK.pdb,new_dimer_db,7UXK,1,True
7UXM,D,A,../../GraPPI_data/PDB/new_dimer_db/7UXM.pdb,new_dimer_db,7UXM,1,True
7UXN,A,B,../../GraPPI_data/PDB/new_dimer_db/7UXN.pdb,new_dimer_db,7UXN,2,True
7UXO,A,B,../../GraPPI_data/PDB/new_dimer_db/7UXO.pdb,new_dimer_db,7UXO,1,True
7UXQ,A,C,../../GraPPI_data/PDB/new_dimer_db/7UXQ.pdb,new_dimer_db,7UXQ,3,True
7UY2,A,C,../../GraPPI_data/PDB/new_dimer_db/7UY2.pdb,new_dimer_db,7UY2,1,True
7UYJ,A,C,../../GraPPI_data/PDB/new_dimer_db/7UYJ.pdb,new_dimer_db,7UYJ,1,True
7UYK,A,C,../../GraPPI_data/PDB/new_dimer_db/7UYK.pdb,new_dimer_db,7UYK,1,True
7UZO,A,B,../../GraPPI_data/PDB/new_dimer_db/7UZO.pdb,new_dimer_db,7UZO,1,True
7V1A,A,B,../../GraPPI_data/PDB/new_dimer_db/7V1A.pdb,new_dimer_db,7V1A,1,True
7V1N,A,K,../../GraPPI_data/PDB/new_dimer_db/7V1N.pdb,new_dimer_db,7V1N,1,True
7V6B,A,B,../../GraPPI_data/PDB/new_dimer_db/7V6B.pdb,new_dimer_db,7V6B,1,True
7V6C,A,B,../../GraPPI_data/PDB/new_dimer_db/7V6C.pdb,new_dimer_db,7V6C,1,True
7V7L,A,B,../../GraPPI_data/PDB/new_dimer_db/7V7L.pdb,new_dimer_db,7V7L,18,True
7V8E,B,C,../../GraPPI_data/PDB/new_dimer_db/7V8E.pdb,new_dimer_db,7V8E,1,True
7V8F,B,A,../../GraPPI_data/PDB/new_dimer_db/7V8F.pdb,new_dimer_db,7V8F,1,True
7V8G,A,C,../../GraPPI_data/PDB/new_dimer_db/7V8G.pdb,new_dimer_db,7V8G,1,True
7VBQ,A,B,../../GraPPI_data/PDB/new_dimer_db/7VBQ.pdb,new_dimer_db,7VBQ,1,True
7VCR,A,C,../../GraPPI_data/PDB/new_dimer_db/7VCR.pdb,new_dimer_db,7VCR,2,True
7VD7,A,B,../../GraPPI_data/PDB/new_dimer_db/7VD7.pdb,new_dimer_db,7VD7,1,True
7VF3,B,A,../../GraPPI_data/PDB/new_dimer_db/7VF3.pdb,new_dimer_db,7VF3,1,True
7VFA,D,E,../../GraPPI_data/PDB/new_dimer_db/7VFA.pdb,new_dimer_db,7VFA,1,True
7VFB,B,A,../../GraPPI_data/PDB/new_dimer_db/7VFB.pdb,new_dimer_db,7VFB,1,True
7VG7,A,B,../../GraPPI_data/PDB/new_dimer_db/7VG7.pdb,new_dimer_db,7VG7,1,True
7VKE,A,B,../../GraPPI_data/PDB/new_dimer_db/7VKE.pdb,new_dimer_db,7VKE,1,True
7VMV,A,B,../../GraPPI_data/PDB/new_dimer_db/7VMV.pdb,new_dimer_db,7VMV,1,True
7VMX,A,B,../../GraPPI_data/PDB/new_dimer_db/7VMX.pdb,new_dimer_db,7VMX,5,True
7VNB,A,B,../../GraPPI_data/PDB/new_dimer_db/7VNB.pdb,new_dimer_db,7VNB,1,True
7VNI,D,B,../../GraPPI_data/PDB/new_dimer_db/7VNI.pdb,new_dimer_db,7VNI,1,True
7VOA,A,B,../../GraPPI_data/PDB/new_dimer_db/7VOA.pdb,new_dimer_db,7VOA,3,True
7VP5,A,B,../../GraPPI_data/PDB/new_dimer_db/7VP5.pdb,new_dimer_db,7VP5,3,True
7VPQ,A,B,../../GraPPI_data/PDB/new_dimer_db/7VPQ.pdb,new_dimer_db,7VPQ,1,True
7VRC,B,A,../../GraPPI_data/PDB/new_dimer_db/7VRC.pdb,new_dimer_db,7VRC,1,True
7VUE,A,B,../../GraPPI_data/PDB/new_dimer_db/7VUE.pdb,new_dimer_db,7VUE,4,True
7VVG,A,C,../../GraPPI_data/PDB/new_dimer_db/7VVG.pdb,new_dimer_db,7VVG,5,True
7VZE,A,B,../../GraPPI_data/PDB/new_dimer_db/7VZE.pdb,new_dimer_db,7VZE,2,True
7W0B,A,B,../../GraPPI_data/PDB/new_dimer_db/7W0B.pdb,new_dimer_db,7W0B,1,True
7W0Q,A,B,../../GraPPI_data/PDB/new_dimer_db/7W0Q.pdb,new_dimer_db,7W0Q,1,True
7W36,A,B,../../GraPPI_data/PDB/new_dimer_db/7W36.pdb,new_dimer_db,7W36,1,True
7W3V,A,C,../../GraPPI_data/PDB/new_dimer_db/7W3V.pdb,new_dimer_db,7W3V,2,True
7W5C,A,Q,../../GraPPI_data/PDB/new_dimer_db/7W5C.pdb,new_dimer_db,7W5C,1,True
7W5M,A,B,../../GraPPI_data/PDB/new_dimer_db/7W5M.pdb,new_dimer_db,7W5M,1,True
7WA4,A,B,../../GraPPI_data/PDB/new_dimer_db/7WA4.pdb,new_dimer_db,7WA4,1,True
7WDK,A,B,../../GraPPI_data/PDB/new_dimer_db/7WDK.pdb,new_dimer_db,7WDK,1,True
7WGE,A,B,../../GraPPI_data/PDB/new_dimer_db/7WGE.pdb,new_dimer_db,7WGE,1,True
7WHF,A,G,../../GraPPI_data/PDB/new_dimer_db/7WHF.pdb,new_dimer_db,7WHF,1,True
7WJH,A,B,../../GraPPI_data/PDB/new_dimer_db/7WJH.pdb,new_dimer_db,7WJH,1,True
7WKI,A,B,../../GraPPI_data/PDB/new_dimer_db/7WKI.pdb,new_dimer_db,7WKI,1,True
7WLX,A,B,../../GraPPI_data/PDB/new_dimer_db/7WLX.pdb,new_dimer_db,7WLX,12,True
7WN1,A,C,../../GraPPI_data/PDB/new_dimer_db/7WN1.pdb,new_dimer_db,7WN1,2,True
7WQV,A,B,../../GraPPI_data/PDB/new_dimer_db/7WQV.pdb,new_dimer_db,7WQV,1,True
7WR3,B,D,../../GraPPI_data/PDB/new_dimer_db/7WR3.pdb,new_dimer_db,7WR3,1,True
7WR6,A,B,../../GraPPI_data/PDB/new_dimer_db/7WR6.pdb,new_dimer_db,7WR6,1,True
7WRS,A,B,../../GraPPI_data/PDB/new_dimer_db/7WRS.pdb,new_dimer_db,7WRS,1,True
7WWQ,A,B,../../GraPPI_data/PDB/new_dimer_db/7WWQ.pdb,new_dimer_db,7WWQ,1,True
7WX4,A,E,../../GraPPI_data/PDB/new_dimer_db/7WX4.pdb,new_dimer_db,7WX4,1,True
7X2L,E,B,../../GraPPI_data/PDB/new_dimer_db/7X2L.pdb,new_dimer_db,7X2L,1,True
7X2M,E,B,../../GraPPI_data/PDB/new_dimer_db/7X2M.pdb,new_dimer_db,7X2M,3,True
7X5G,A,B,../../GraPPI_data/PDB/new_dimer_db/7X5G.pdb,new_dimer_db,7X5G,3,True
7X9S,A,B,../../GraPPI_data/PDB/new_dimer_db/7X9S.pdb,new_dimer_db,7X9S,1,True
7XAD,A,C,../../GraPPI_data/PDB/new_dimer_db/7XAD.pdb,new_dimer_db,7XAD,1,True
7XAE,A,D,../../GraPPI_data/PDB/new_dimer_db/7XAE.pdb,new_dimer_db,7XAE,1,True
7XEY,A,B,../../GraPPI_data/PDB/new_dimer_db/7XEY.pdb,new_dimer_db,7XEY,2,True
7XGE,B,A,../../GraPPI_data/PDB/new_dimer_db/7XGE.pdb,new_dimer_db,7XGE,1,True
7XJP,A,B,../../GraPPI_data/PDB/new_dimer_db/7XJP.pdb,new_dimer_db,7XJP,1,True
7XKY,A,B,../../GraPPI_data/PDB/new_dimer_db/7XKY.pdb,new_dimer_db,7XKY,1,True
7XLI,A,B,../../GraPPI_data/PDB/new_dimer_db/7XLI.pdb,new_dimer_db,7XLI,2,True
7XOI,A,B,../../GraPPI_data/PDB/new_dimer_db/7XOI.pdb,new_dimer_db,7XOI,1,True
7XPC,A,B,../../GraPPI_data/PDB/new_dimer_db/7XPC.pdb,new_dimer_db,7XPC,1,True
7XPK,B,A,../../GraPPI_data/PDB/new_dimer_db/7XPK.pdb,new_dimer_db,7XPK,1,True
7XQ5,A,B,../../GraPPI_data/PDB/new_dimer_db/7XQ5.pdb,new_dimer_db,7XQ5,1,True
7XQV,A,B,../../GraPPI_data/PDB/new_dimer_db/7XQV.pdb,new_dimer_db,7XQV,1,True
7XSU,A,B,../../GraPPI_data/PDB/new_dimer_db/7XSU.pdb,new_dimer_db,7XSU,2,True
7XTP,A,C,../../GraPPI_data/PDB/new_dimer_db/7XTP.pdb,new_dimer_db,7XTP,1,True
7XUV,A,B,../../GraPPI_data/PDB/new_dimer_db/7XUV.pdb,new_dimer_db,7XUV,1,True
7XV0,A,B,../../GraPPI_data/PDB/new_dimer_db/7XV0.pdb,new_dimer_db,7XV0,1,True
7XV1,A,B,../../GraPPI_data/PDB/new_dimer_db/7XV1.pdb,new_dimer_db,7XV1,1,True
7XV4,A,B,../../GraPPI_data/PDB/new_dimer_db/7XV4.pdb,new_dimer_db,7XV4,1,True
7XVK,A,B,../../GraPPI_data/PDB/new_dimer_db/7XVK.pdb,new_dimer_db,7XVK,1,True
7XVO,A,D,../../GraPPI_data/PDB/new_dimer_db/7XVO.pdb,new_dimer_db,7XVO,1,True
7XYQ,A,B,../../GraPPI_data/PDB/new_dimer_db/7XYQ.pdb,new_dimer_db,7XYQ,1,True
7XZQ,A,B,../../GraPPI_data/PDB/new_dimer_db/7XZQ.pdb,new_dimer_db,7XZQ,1,True
7XZR,A,C,../../GraPPI_data/PDB/new_dimer_db/7XZR.pdb,new_dimer_db,7XZR,1,True
7Y4A,B,A,../../GraPPI_data/PDB/new_dimer_db/7Y4A.pdb,new_dimer_db,7Y4A,2,True
7Y6B,B,A,../../GraPPI_data/PDB/new_dimer_db/7Y6B.pdb,new_dimer_db,7Y6B,1,True
7Y8X,E,F,../../GraPPI_data/PDB/new_dimer_db/7Y8X.pdb,new_dimer_db,7Y8X,3,True
7Y90,A,B,../../GraPPI_data/PDB/new_dimer_db/7Y90.pdb,new_dimer_db,7Y90,4,True
7Y9C,A,C,../../GraPPI_data/PDB/new_dimer_db/7Y9C.pdb,new_dimer_db,7Y9C,1,True
7Y9N,A,B,../../GraPPI_data/PDB/new_dimer_db/7Y9N.pdb,new_dimer_db,7Y9N,1,True
7Y9X,B,A,../../GraPPI_data/PDB/new_dimer_db/7Y9X.pdb,new_dimer_db,7Y9X,19,True
7YAJ,A,C,../../GraPPI_data/PDB/new_dimer_db/7YAJ.pdb,new_dimer_db,7YAJ,4,True
7YBF,A,C,../../GraPPI_data/PDB/new_dimer_db/7YBF.pdb,new_dimer_db,7YBF,1,True
7YCJ,A,B,../../GraPPI_data/PDB/new_dimer_db/7YCJ.pdb,new_dimer_db,7YCJ,1,True
7YCO,A,B,../../GraPPI_data/PDB/new_dimer_db/7YCO.pdb,new_dimer_db,7YCO,1,True
7YH5,D,E,../../GraPPI_data/PDB/new_dimer_db/7YH5.pdb,new_dimer_db,7YH5,1,True
7YI7,A,B,../../GraPPI_data/PDB/new_dimer_db/7YI7.pdb,new_dimer_db,7YI7,23,True
7YK3,B,A,../../GraPPI_data/PDB/new_dimer_db/7YK3.pdb,new_dimer_db,7YK3,1,True
7YKF,B,A,../../GraPPI_data/PDB/new_dimer_db/7YKF.pdb,new_dimer_db,7YKF,1,True
7YKG,B,A,../../GraPPI_data/PDB/new_dimer_db/7YKG.pdb,new_dimer_db,7YKG,1,True
7YKH,B,A,../../GraPPI_data/PDB/new_dimer_db/7YKH.pdb,new_dimer_db,7YKH,1,True
7YKI,B,A,../../GraPPI_data/PDB/new_dimer_db/7YKI.pdb,new_dimer_db,7YKI,1,True
7YLD,A,E,../../GraPPI_data/PDB/new_dimer_db/7YLD.pdb,new_dimer_db,7YLD,1,True
7YLS,A,B,../../GraPPI_data/PDB/new_dimer_db/7YLS.pdb,new_dimer_db,7YLS,1,True
7YMF,A,B,../../GraPPI_data/PDB/new_dimer_db/7YMF.pdb,new_dimer_db,7YMF,1,True
7YN3,A,C,../../GraPPI_data/PDB/new_dimer_db/7YN3.pdb,new_dimer_db,7YN3,1,True
7YO3,A,B,../../GraPPI_data/PDB/new_dimer_db/7YO3.pdb,new_dimer_db,7YO3,1,True
7YTU,A,B,../../GraPPI_data/PDB/new_dimer_db/7YTU.pdb,new_dimer_db,7YTU,2,True
7YUI,A,B,../../GraPPI_data/PDB/new_dimer_db/7YUI.pdb,new_dimer_db,7YUI,1,True
7YXN,R,A,../../GraPPI_data/PDB/new_dimer_db/7YXN.pdb,new_dimer_db,7YXN,5,True
7YXO,B,A,../../GraPPI_data/PDB/new_dimer_db/7YXO.pdb,new_dimer_db,7YXO,1,True
7YXW,D,A,../../GraPPI_data/PDB/new_dimer_db/7YXW.pdb,new_dimer_db,7YXW,1,True
7YZ9,A,B,../../GraPPI_data/PDB/new_dimer_db/7YZ9.pdb,new_dimer_db,7YZ9,1,True
7Z52,B,A,../../GraPPI_data/PDB/new_dimer_db/7Z52.pdb,new_dimer_db,7Z52,2,True
7Z6F,E,A,../../GraPPI_data/PDB/new_dimer_db/7Z6F.pdb,new_dimer_db,7Z6F,2,True
7Z72,A,B,../../GraPPI_data/PDB/new_dimer_db/7Z72.pdb,new_dimer_db,7Z72,1,True
7Z7E,A,B,../../GraPPI_data/PDB/new_dimer_db/7Z7E.pdb,new_dimer_db,7Z7E,2,True
7Z9F,X,Y,../../GraPPI_data/PDB/new_dimer_db/7Z9F.pdb,new_dimer_db,7Z9F,1,True
7ZAU,B,A,../../GraPPI_data/PDB/new_dimer_db/7ZAU.pdb,new_dimer_db,7ZAU,1,True
7ZAY,A,B,../../GraPPI_data/PDB/new_dimer_db/7ZAY.pdb,new_dimer_db,7ZAY,6,True
7ZCM,A,B,../../GraPPI_data/PDB/new_dimer_db/7ZCM.pdb,new_dimer_db,7ZCM,1,True
7ZDS,C,D,../../GraPPI_data/PDB/new_dimer_db/7ZDS.pdb,new_dimer_db,7ZDS,21,True
7ZHM,A,C,../../GraPPI_data/PDB/new_dimer_db/7ZHM.pdb,new_dimer_db,7ZHM,1,True
7ZHR,A,B,../../GraPPI_data/PDB/new_dimer_db/7ZHR.pdb,new_dimer_db,7ZHR,1,True
7ZJV,A,B,../../GraPPI_data/PDB/new_dimer_db/7ZJV.pdb,new_dimer_db,7ZJV,3,True
7ZKR,A,B,../../GraPPI_data/PDB/new_dimer_db/7ZKR.pdb,new_dimer_db,7ZKR,2,True
7ZKW,A,C,../../GraPPI_data/PDB/new_dimer_db/7ZKW.pdb,new_dimer_db,7ZKW,1,True
7ZL7,B,A,../../GraPPI_data/PDB/new_dimer_db/7ZL7.pdb,new_dimer_db,7ZL7,1,True
7ZMZ,A,D,../../GraPPI_data/PDB/new_dimer_db/7ZMZ.pdb,new_dimer_db,7ZMZ,2,True
7ZOL,B,A,../../GraPPI_data/PDB/new_dimer_db/7ZOL.pdb,new_dimer_db,7ZOL,1,True
7ZR2,A,B,../../GraPPI_data/PDB/new_dimer_db/7ZR2.pdb,new_dimer_db,7ZR2,1,True
7ZRP,B,A,../../GraPPI_data/PDB/new_dimer_db/7ZRP.pdb,new_dimer_db,7ZRP,3,True
7ZRR,A,B,../../GraPPI_data/PDB/new_dimer_db/7ZRR.pdb,new_dimer_db,7ZRR,3,True
7ZSD,M,P,../../GraPPI_data/PDB/new_dimer_db/7ZSD.pdb,new_dimer_db,7ZSD,1,True
7ZTL,A,B,../../GraPPI_data/PDB/new_dimer_db/7ZTL.pdb,new_dimer_db,7ZTL,1,True
7ZW4,A,B,../../GraPPI_data/PDB/new_dimer_db/7ZW4.pdb,new_dimer_db,7ZW4,1,True
7ZX4,B,D,../../GraPPI_data/PDB/new_dimer_db/7ZX4.pdb,new_dimer_db,7ZX4,1,True
7ZYU,A,B,../../GraPPI_data/PDB/new_dimer_db/7ZYU.pdb,new_dimer_db,7ZYU,1,True
7ZZ1,A,B,../../GraPPI_data/PDB/new_dimer_db/7ZZ1.pdb,new_dimer_db,7ZZ1,1,True
8A4C,B,A,../../GraPPI_data/PDB/new_dimer_db/8A4C.pdb,new_dimer_db,8A4C,3,True
8A82,A,B,../../GraPPI_data/PDB/new_dimer_db/8A82.pdb,new_dimer_db,8A82,1,True
8A8F,A,B,../../GraPPI_data/PDB/new_dimer_db/8A8F.pdb,new_dimer_db,8A8F,1,True
8AAA,A,B,../../GraPPI_data/PDB/new_dimer_db/8AAA.pdb,new_dimer_db,8AAA,1,True
8ABQ,A,C,../../GraPPI_data/PDB/new_dimer_db/8ABQ.pdb,new_dimer_db,8ABQ,2,True
8AD9,A,B,../../GraPPI_data/PDB/new_dimer_db/8AD9.pdb,new_dimer_db,8AD9,1,True
8ADB,A,B,../../GraPPI_data/PDB/new_dimer_db/8ADB.pdb,new_dimer_db,8ADB,1,True
8AE4,A,B,../../GraPPI_data/PDB/new_dimer_db/8AE4.pdb,new_dimer_db,8AE4,1,True
8AE5,A,C,../../GraPPI_data/PDB/new_dimer_db/8AE5.pdb,new_dimer_db,8AE5,1,True
8AED,A,C,../../GraPPI_data/PDB/new_dimer_db/8AED.pdb,new_dimer_db,8AED,2,True
8AFI,B,A,../../GraPPI_data/PDB/new_dimer_db/8AFI.pdb,new_dimer_db,8AFI,1,True
8AG0,A,B,../../GraPPI_data/PDB/new_dimer_db/8AG0.pdb,new_dimer_db,8AG0,1,True
8AHS,A,C,../../GraPPI_data/PDB/new_dimer_db/8AHS.pdb,new_dimer_db,8AHS,1,True
8AI5,A,C,../../GraPPI_data/PDB/new_dimer_db/8AI5.pdb,new_dimer_db,8AI5,1,True
8AJN,A,B,../../GraPPI_data/PDB/new_dimer_db/8AJN.pdb,new_dimer_db,8AJN,1,True
8AJY,B,A,../../GraPPI_data/PDB/new_dimer_db/8AJY.pdb,new_dimer_db,8AJY,1,True
8AK1,A,B,../../GraPPI_data/PDB/new_dimer_db/8AK1.pdb,new_dimer_db,8AK1,2,True
8AKO,A,B,../../GraPPI_data/PDB/new_dimer_db/8AKO.pdb,new_dimer_db,8AKO,1,True
8ALK,A,B,../../GraPPI_data/PDB/new_dimer_db/8ALK.pdb,new_dimer_db,8ALK,1,True
8ALM,B,P,../../GraPPI_data/PDB/new_dimer_db/8ALM.pdb,new_dimer_db,8ALM,3,True
8ALO,A,B,../../GraPPI_data/PDB/new_dimer_db/8ALO.pdb,new_dimer_db,8ALO,1,True
8ALZ,A,B,../../GraPPI_data/PDB/new_dimer_db/8ALZ.pdb,new_dimer_db,8ALZ,1,True
8AOK,A,B,../../GraPPI_data/PDB/new_dimer_db/8AOK.pdb,new_dimer_db,8AOK,1,True
8AOM,A,V,../../GraPPI_data/PDB/new_dimer_db/8AOM.pdb,new_dimer_db,8AOM,1,True
8APY,A,C,../../GraPPI_data/PDB/new_dimer_db/8APY.pdb,new_dimer_db,8APY,2,True
8AQN,A,C,../../GraPPI_data/PDB/new_dimer_db/8AQN.pdb,new_dimer_db,8AQN,1,True
8ARC,B,A,../../GraPPI_data/PDB/new_dimer_db/8ARC.pdb,new_dimer_db,8ARC,2,True
8AV2,A,C,../../GraPPI_data/PDB/new_dimer_db/8AV2.pdb,new_dimer_db,8AV2,1,True
8AW4,A,B,../../GraPPI_data/PDB/new_dimer_db/8AW4.pdb,new_dimer_db,8AW4,1,True
8B0U,D,A,../../GraPPI_data/PDB/new_dimer_db/8B0U.pdb,new_dimer_db,8B0U,1,True
8B14,A,B,../../GraPPI_data/PDB/new_dimer_db/8B14.pdb,new_dimer_db,8B14,2,True
8B1K,A,B,../../GraPPI_data/PDB/new_dimer_db/8B1K.pdb,new_dimer_db,8B1K,10,True
8B2Q,A,I,../../GraPPI_data/PDB/new_dimer_db/8B2Q.pdb,new_dimer_db,8B2Q,2,True
8B3S,A,Z,../../GraPPI_data/PDB/new_dimer_db/8B3S.pdb,new_dimer_db,8B3S,1,True
8B4J,O,P,../../GraPPI_data/PDB/new_dimer_db/8B4J.pdb,new_dimer_db,8B4J,1,True
8B8I,A,I,../../GraPPI_data/PDB/new_dimer_db/8B8I.pdb,new_dimer_db,8B8I,1,True
8B8O,B,C,../../GraPPI_data/PDB/new_dimer_db/8B8O.pdb,new_dimer_db,8B8O,1,True
8B8V,A,B,../../GraPPI_data/PDB/new_dimer_db/8B8V.pdb,new_dimer_db,8B8V,1,True
8B92,A,C,../../GraPPI_data/PDB/new_dimer_db/8B92.pdb,new_dimer_db,8B92,12,True
8B9P,A,C,../../GraPPI_data/PDB/new_dimer_db/8B9P.pdb,new_dimer_db,8B9P,1,True
8BAV,D,A,../../GraPPI_data/PDB/new_dimer_db/8BAV.pdb,new_dimer_db,8BAV,2,True
8BB7,D,B,../../GraPPI_data/PDB/new_dimer_db/8BB7.pdb,new_dimer_db,8BB7,1,True
8BBJ,A,C,../../GraPPI_data/PDB/new_dimer_db/8BBJ.pdb,new_dimer_db,8BBJ,1,True
8BBY,B,A,../../GraPPI_data/PDB/new_dimer_db/8BBY.pdb,new_dimer_db,8BBY,2,True
8BC7,A,C,../../GraPPI_data/PDB/new_dimer_db/8BC7.pdb,new_dimer_db,8BC7,1,True
8BCG,B,J,../../GraPPI_data/PDB/new_dimer_db/8BCG.pdb,new_dimer_db,8BCG,20,True
8BE2,S,N,../../GraPPI_data/PDB/new_dimer_db/8BE2.pdb,new_dimer_db,8BE2,1,True
8BF1,A,B,../../GraPPI_data/PDB/new_dimer_db/8BF1.pdb,new_dimer_db,8BF1,1,True
8BFJ,A,B,../../GraPPI_data/PDB/new_dimer_db/8BFJ.pdb,new_dimer_db,8BFJ,1,True
8BGM,A,B,../../GraPPI_data/PDB/new_dimer_db/8BGM.pdb,new_dimer_db,8BGM,1,True
8BJI,A,B,../../GraPPI_data/PDB/new_dimer_db/8BJI.pdb,new_dimer_db,8BJI,2,True
8BLV,A,B,../../GraPPI_data/PDB/new_dimer_db/8BLV.pdb,new_dimer_db,8BLV,2,True
8BN1,D,A,../../GraPPI_data/PDB/new_dimer_db/8BN1.pdb,new_dimer_db,8BN1,1,True
8BOS,R,G,../../GraPPI_data/PDB/new_dimer_db/8BOS.pdb,new_dimer_db,8BOS,2,True
8BR1,B,A,../../GraPPI_data/PDB/new_dimer_db/8BR1.pdb,new_dimer_db,8BR1,3,True
8BUW,A,B,../../GraPPI_data/PDB/new_dimer_db/8BUW.pdb,new_dimer_db,8BUW,1,True
8BUZ,A,B,../../GraPPI_data/PDB/new_dimer_db/8BUZ.pdb,new_dimer_db,8BUZ,1,True
8BV1,A,N,../../GraPPI_data/PDB/new_dimer_db/8BV1.pdb,new_dimer_db,8BV1,1,True
8BWF,a,A,../../GraPPI_data/PDB/new_dimer_db/8BWF.pdb,new_dimer_db,8BWF,1,True
8BX2,E,A,../../GraPPI_data/PDB/new_dimer_db/8BX2.pdb,new_dimer_db,8BX2,2,True
8BYJ,D,A,../../GraPPI_data/PDB/new_dimer_db/8BYJ.pdb,new_dimer_db,8BYJ,1,True
8BZR,A,B,../../GraPPI_data/PDB/new_dimer_db/8BZR.pdb,new_dimer_db,8BZR,1,True
8BZY,A,B,../../GraPPI_data/PDB/new_dimer_db/8BZY.pdb,new_dimer_db,8BZY,1,True
8C0J,B,A,../../GraPPI_data/PDB/new_dimer_db/8C0J.pdb,new_dimer_db,8C0J,1,True
8C26,A,B,../../GraPPI_data/PDB/new_dimer_db/8C26.pdb,new_dimer_db,8C26,1,True
8C3H,A,C,../../GraPPI_data/PDB/new_dimer_db/8C3H.pdb,new_dimer_db,8C3H,2,True
8C3J,A,C,../../GraPPI_data/PDB/new_dimer_db/8C3J.pdb,new_dimer_db,8C3J,3,True
8C3L,B,A,../../GraPPI_data/PDB/new_dimer_db/8C3L.pdb,new_dimer_db,8C3L,2,True
8C3N,A,B,../../GraPPI_data/PDB/new_dimer_db/8C3N.pdb,new_dimer_db,8C3N,1,True
8C44,A,C,../../GraPPI_data/PDB/new_dimer_db/8C44.pdb,new_dimer_db,8C44,1,True
8C47,B,A,../../GraPPI_data/PDB/new_dimer_db/8C47.pdb,new_dimer_db,8C47,1,True
8C4Z,A,B,../../GraPPI_data/PDB/new_dimer_db/8C4Z.pdb,new_dimer_db,8C4Z,1,True
8C5H,S,N,../../GraPPI_data/PDB/new_dimer_db/8C5H.pdb,new_dimer_db,8C5H,1,True
8C7T,C,D,../../GraPPI_data/PDB/new_dimer_db/8C7T.pdb,new_dimer_db,8C7T,2,True
8C8G,A,B,../../GraPPI_data/PDB/new_dimer_db/8C8G.pdb,new_dimer_db,8C8G,1,True
8CB6,F,A,../../GraPPI_data/PDB/new_dimer_db/8CB6.pdb,new_dimer_db,8CB6,2,True
8CCZ,A,C,../../GraPPI_data/PDB/new_dimer_db/8CCZ.pdb,new_dimer_db,8CCZ,1,True
8CD0,A,C,../../GraPPI_data/PDB/new_dimer_db/8CD0.pdb,new_dimer_db,8CD0,1,True
8CEM,E,A,../../GraPPI_data/PDB/new_dimer_db/8CEM.pdb,new_dimer_db,8CEM,2,True
8CHS,D,A,../../GraPPI_data/PDB/new_dimer_db/8CHS.pdb,new_dimer_db,8CHS,1,True
8CIR,A,C,../../GraPPI_data/PDB/new_dimer_db/8CIR.pdb,new_dimer_db,8CIR,1,True
8CJB,A,B,../../GraPPI_data/PDB/new_dimer_db/8CJB.pdb,new_dimer_db,8CJB,1,True
8CM0,B,A,../../GraPPI_data/PDB/new_dimer_db/8CM0.pdb,new_dimer_db,8CM0,1,True
8CQZ,A,B,../../GraPPI_data/PDB/new_dimer_db/8CQZ.pdb,new_dimer_db,8CQZ,1,True
8CR5,A,B,../../GraPPI_data/PDB/new_dimer_db/8CR5.pdb,new_dimer_db,8CR5,1,True
8CR6,A,B,../../GraPPI_data/PDB/new_dimer_db/8CR6.pdb,new_dimer_db,8CR6,1,True
8CR8,A,B,../../GraPPI_data/PDB/new_dimer_db/8CR8.pdb,new_dimer_db,8CR8,4,True
8CSV,A,W,../../GraPPI_data/PDB/new_dimer_db/8CSV.pdb,new_dimer_db,8CSV,3,True
8CT8,A,C,../../GraPPI_data/PDB/new_dimer_db/8CT8.pdb,new_dimer_db,8CT8,2,True
8CV4,B,C,../../GraPPI_data/PDB/new_dimer_db/8CV4.pdb,new_dimer_db,8CV4,1,True
8CV6,A,B,../../GraPPI_data/PDB/new_dimer_db/8CV6.pdb,new_dimer_db,8CV6,2,True
8CV7,D,A,../../GraPPI_data/PDB/new_dimer_db/8CV7.pdb,new_dimer_db,8CV7,1,True
8CWU,A,B,../../GraPPI_data/PDB/new_dimer_db/8CWU.pdb,new_dimer_db,8CWU,7,True
8CXJ,B,A,../../GraPPI_data/PDB/new_dimer_db/8CXJ.pdb,new_dimer_db,8CXJ,1,True
8CYF,A,B,../../GraPPI_data/PDB/new_dimer_db/8CYF.pdb,new_dimer_db,8CYF,1,True
8CZG,A,E,../../GraPPI_data/PDB/new_dimer_db/8CZG.pdb,new_dimer_db,8CZG,1,True
8CZH,A,B,../../GraPPI_data/PDB/new_dimer_db/8CZH.pdb,new_dimer_db,8CZH,2,True
8D4V,B,A,../../GraPPI_data/PDB/new_dimer_db/8D4V.pdb,new_dimer_db,8D4V,4,True
8D52,A,B,../../GraPPI_data/PDB/new_dimer_db/8D52.pdb,new_dimer_db,8D52,2,True
8D5V,B,A,../../GraPPI_data/PDB/new_dimer_db/8D5V.pdb,new_dimer_db,8D5V,1,True
8D7P,B,D,../../GraPPI_data/PDB/new_dimer_db/8D7P.pdb,new_dimer_db,8D7P,1,True
8D7V,A,B,../../GraPPI_data/PDB/new_dimer_db/8D7V.pdb,new_dimer_db,8D7V,1,True
8D7W,A,B,../../GraPPI_data/PDB/new_dimer_db/8D7W.pdb,new_dimer_db,8D7W,11,True
8D7X,A,B,../../GraPPI_data/PDB/new_dimer_db/8D7X.pdb,new_dimer_db,8D7X,2,True
8D7Y,A,B,../../GraPPI_data/PDB/new_dimer_db/8D7Y.pdb,new_dimer_db,8D7Y,1,True
8D8I,A,B,../../GraPPI_data/PDB/new_dimer_db/8D8I.pdb,new_dimer_db,8D8I,2,True
8D8O,A,B,../../GraPPI_data/PDB/new_dimer_db/8D8O.pdb,new_dimer_db,8D8O,1,True
8D96,B,C,../../GraPPI_data/PDB/new_dimer_db/8D96.pdb,new_dimer_db,8D96,1,True
8DC0,A,B,../../GraPPI_data/PDB/new_dimer_db/8DC0.pdb,new_dimer_db,8DC0,1,True
8DCE,H,A,../../GraPPI_data/PDB/new_dimer_db/8DCE.pdb,new_dimer_db,8DCE,1,True
8DD7,A,B,../../GraPPI_data/PDB/new_dimer_db/8DD7.pdb,new_dimer_db,8DD7,1,True
8DG5,A,K,../../GraPPI_data/PDB/new_dimer_db/8DG5.pdb,new_dimer_db,8DG5,2,True
8DGQ,U,A,../../GraPPI_data/PDB/new_dimer_db/8DGQ.pdb,new_dimer_db,8DGQ,1,True
8DJH,A,B,../../GraPPI_data/PDB/new_dimer_db/8DJH.pdb,new_dimer_db,8DJH,1,True
8DJI,A,B,../../GraPPI_data/PDB/new_dimer_db/8DJI.pdb,new_dimer_db,8DJI,1,True
8DK4,A,B,../../GraPPI_data/PDB/new_dimer_db/8DK4.pdb,new_dimer_db,8DK4,1,True
8DKN,A,C,../../GraPPI_data/PDB/new_dimer_db/8DKN.pdb,new_dimer_db,8DKN,8,True
8DM0,C,H,../../GraPPI_data/PDB/new_dimer_db/8DM0.pdb,new_dimer_db,8DM0,3,True
8DML,B,A,../../GraPPI_data/PDB/new_dimer_db/8DML.pdb,new_dimer_db,8DML,3,True
8DMQ,A,C,../../GraPPI_data/PDB/new_dimer_db/8DMQ.pdb,new_dimer_db,8DMQ,1,True
8DMS,A,C,../../GraPPI_data/PDB/new_dimer_db/8DMS.pdb,new_dimer_db,8DMS,1,True
8DNQ,A,C,../../GraPPI_data/PDB/new_dimer_db/8DNQ.pdb,new_dimer_db,8DNQ,1,True
8DP0,A,B,../../GraPPI_data/PDB/new_dimer_db/8DP0.pdb,new_dimer_db,8DP0,1,True
8DS8,A,B,../../GraPPI_data/PDB/new_dimer_db/8DS8.pdb,new_dimer_db,8DS8,1,True
8DSO,B,D,../../GraPPI_data/PDB/new_dimer_db/8DSO.pdb,new_dimer_db,8DSO,1,True
8DSS,A,B,../../GraPPI_data/PDB/new_dimer_db/8DSS.pdb,new_dimer_db,8DSS,1,True
8DTN,A,B,../../GraPPI_data/PDB/new_dimer_db/8DTN.pdb,new_dimer_db,8DTN,1,True
8DVL,A,B,../../GraPPI_data/PDB/new_dimer_db/8DVL.pdb,new_dimer_db,8DVL,1,True
8DVM,A,B,../../GraPPI_data/PDB/new_dimer_db/8DVM.pdb,new_dimer_db,8DVM,1,True
8DVN,A,B,../../GraPPI_data/PDB/new_dimer_db/8DVN.pdb,new_dimer_db,8DVN,1,True
8DWL,D,C,../../GraPPI_data/PDB/new_dimer_db/8DWL.pdb,new_dimer_db,8DWL,2,True
8DY5,A,C,../../GraPPI_data/PDB/new_dimer_db/8DY5.pdb,new_dimer_db,8DY5,2,True
8DYE,A,B,../../GraPPI_data/PDB/new_dimer_db/8DYE.pdb,new_dimer_db,8DYE,1,True
8DYP,A,B,../../GraPPI_data/PDB/new_dimer_db/8DYP.pdb,new_dimer_db,8DYP,1,True
8DZJ,A,B,../../GraPPI_data/PDB/new_dimer_db/8DZJ.pdb,new_dimer_db,8DZJ,2,True
8DZV,A,C,../../GraPPI_data/PDB/new_dimer_db/8DZV.pdb,new_dimer_db,8DZV,1,True
8E0E,A,B,../../GraPPI_data/PDB/new_dimer_db/8E0E.pdb,new_dimer_db,8E0E,1,True
8E3G,B,A,../../GraPPI_data/PDB/new_dimer_db/8E3G.pdb,new_dimer_db,8E3G,4,True
8E51,C,B,../../GraPPI_data/PDB/new_dimer_db/8E51.pdb,new_dimer_db,8E51,7,True
8EBB,A,C,../../GraPPI_data/PDB/new_dimer_db/8EBB.pdb,new_dimer_db,8EBB,1,True
8EBK,A,B,../../GraPPI_data/PDB/new_dimer_db/8EBK.pdb,new_dimer_db,8EBK,2,True
8ECH,C,E,../../GraPPI_data/PDB/new_dimer_db/8ECH.pdb,new_dimer_db,8ECH,1,True
8EDO,A,B,../../GraPPI_data/PDB/new_dimer_db/8EDO.pdb,new_dimer_db,8EDO,1,True
8EFW,B,C,../../GraPPI_data/PDB/new_dimer_db/8EFW.pdb,new_dimer_db,8EFW,3,True
8EFX,A,B,../../GraPPI_data/PDB/new_dimer_db/8EFX.pdb,new_dimer_db,8EFX,1,True
8EGW,A,B,../../GraPPI_data/PDB/new_dimer_db/8EGW.pdb,new_dimer_db,8EGW,1,True
8EHE,A,B,../../GraPPI_data/PDB/new_dimer_db/8EHE.pdb,new_dimer_db,8EHE,1,True
8EHO,B,A,../../GraPPI_data/PDB/new_dimer_db/8EHO.pdb,new_dimer_db,8EHO,1,True
8EI0,A,B,../../GraPPI_data/PDB/new_dimer_db/8EI0.pdb,new_dimer_db,8EI0,2,True
8EI2,A,C,../../GraPPI_data/PDB/new_dimer_db/8EI2.pdb,new_dimer_db,8EI2,1,True
8EI4,A,B,../../GraPPI_data/PDB/new_dimer_db/8EI4.pdb,new_dimer_db,8EI4,1,True
8EI5,A,E,../../GraPPI_data/PDB/new_dimer_db/8EI5.pdb,new_dimer_db,8EI5,1,True
8EI7,A,C,../../GraPPI_data/PDB/new_dimer_db/8EI7.pdb,new_dimer_db,8EI7,1,True
8EI8,A,B,../../GraPPI_data/PDB/new_dimer_db/8EI8.pdb,new_dimer_db,8EI8,1,True
8EL8,A,B,../../GraPPI_data/PDB/new_dimer_db/8EL8.pdb,new_dimer_db,8EL8,2,True
8EMZ,A,B,../../GraPPI_data/PDB/new_dimer_db/8EMZ.pdb,new_dimer_db,8EMZ,1,True
8EN0,D,A,../../GraPPI_data/PDB/new_dimer_db/8EN0.pdb,new_dimer_db,8EN0,1,True
8ENF,A,B,../../GraPPI_data/PDB/new_dimer_db/8ENF.pdb,new_dimer_db,8ENF,3,True
8ENT,A,B,../../GraPPI_data/PDB/new_dimer_db/8ENT.pdb,new_dimer_db,8ENT,2,True
8EOJ,A,B,../../GraPPI_data/PDB/new_dimer_db/8EOJ.pdb,new_dimer_db,8EOJ,2,True
8EPH,B,A,../../GraPPI_data/PDB/new_dimer_db/8EPH.pdb,new_dimer_db,8EPH,2,True
8ESE,X,Z,../../GraPPI_data/PDB/new_dimer_db/8ESE.pdb,new_dimer_db,8ESE,1,True
8EXF,A,B,../../GraPPI_data/PDB/new_dimer_db/8EXF.pdb,new_dimer_db,8EXF,2,True
8EXW,A,B,../../GraPPI_data/PDB/new_dimer_db/8EXW.pdb,new_dimer_db,8EXW,1,True
8EY4,I,A,../../GraPPI_data/PDB/new_dimer_db/8EY4.pdb,new_dimer_db,8EY4,1,True
8EZK,H,A,../../GraPPI_data/PDB/new_dimer_db/8EZK.pdb,new_dimer_db,8EZK,1,True
8EZM,A,H,../../GraPPI_data/PDB/new_dimer_db/8EZM.pdb,new_dimer_db,8EZM,2,True
8EZS,A,B,../../GraPPI_data/PDB/new_dimer_db/8EZS.pdb,new_dimer_db,8EZS,3,True
8F0M,B,A,../../GraPPI_data/PDB/new_dimer_db/8F0M.pdb,new_dimer_db,8F0M,2,True
8F19,A,B,../../GraPPI_data/PDB/new_dimer_db/8F19.pdb,new_dimer_db,8F19,1,True
8F4B,A,B,../../GraPPI_data/PDB/new_dimer_db/8F4B.pdb,new_dimer_db,8F4B,1,True
8F6D,A,B,../../GraPPI_data/PDB/new_dimer_db/8F6D.pdb,new_dimer_db,8F6D,1,True
8FE5,A,I,../../GraPPI_data/PDB/new_dimer_db/8FE5.pdb,new_dimer_db,8FE5,2,True
8FE6,B,A,../../GraPPI_data/PDB/new_dimer_db/8FE6.pdb,new_dimer_db,8FE6,1,True
8FE7,B,A,../../GraPPI_data/PDB/new_dimer_db/8FE7.pdb,new_dimer_db,8FE7,1,True
8FEC,A,I,../../GraPPI_data/PDB/new_dimer_db/8FEC.pdb,new_dimer_db,8FEC,1,True
8FIQ,A,B,../../GraPPI_data/PDB/new_dimer_db/8FIQ.pdb,new_dimer_db,8FIQ,1,True
8FIT,B,A,../../GraPPI_data/PDB/new_dimer_db/8FIT.pdb,new_dimer_db,8FIT,1,True
8FK3,A,B,../../GraPPI_data/PDB/new_dimer_db/8FK3.pdb,new_dimer_db,8FK3,1,True
8FML,A,B,../../GraPPI_data/PDB/new_dimer_db/8FML.pdb,new_dimer_db,8FML,1,True
8FN9,B,A,../../GraPPI_data/PDB/new_dimer_db/8FN9.pdb,new_dimer_db,8FN9,2,True
8FO6,A,B,../../GraPPI_data/PDB/new_dimer_db/8FO6.pdb,new_dimer_db,8FO6,1,True
8FUB,A,B,../../GraPPI_data/PDB/new_dimer_db/8FUB.pdb,new_dimer_db,8FUB,1,True
8FWA,A,B,../../GraPPI_data/PDB/new_dimer_db/8FWA.pdb,new_dimer_db,8FWA,1,True
8FWP,A,B,../../GraPPI_data/PDB/new_dimer_db/8FWP.pdb,new_dimer_db,8FWP,9,True
8FXJ,L,H,../../GraPPI_data/PDB/new_dimer_db/8FXJ.pdb,new_dimer_db,8FXJ,910,True
8FYU,B,E,../../GraPPI_data/PDB/new_dimer_db/8FYU.pdb,new_dimer_db,8FYU,1,True
8FZM,A,B,../../GraPPI_data/PDB/new_dimer_db/8FZM.pdb,new_dimer_db,8FZM,1,True
8FZZ,A,B,../../GraPPI_data/PDB/new_dimer_db/8FZZ.pdb,new_dimer_db,8FZZ,1,True
8G0I,A,D,../../GraPPI_data/PDB/new_dimer_db/8G0I.pdb,new_dimer_db,8G0I,1,True
8G0K,B,A,../../GraPPI_data/PDB/new_dimer_db/8G0K.pdb,new_dimer_db,8G0K,1,True
8G0M,A,B,../../GraPPI_data/PDB/new_dimer_db/8G0M.pdb,new_dimer_db,8G0M,1,True
8G0P,A,B,../../GraPPI_data/PDB/new_dimer_db/8G0P.pdb,new_dimer_db,8G0P,1,True
8G0Q,A,B,../../GraPPI_data/PDB/new_dimer_db/8G0Q.pdb,new_dimer_db,8G0Q,1,True
8G3K,A,B,../../GraPPI_data/PDB/new_dimer_db/8G3K.pdb,new_dimer_db,8G3K,1,True
8G4H,A,B,../../GraPPI_data/PDB/new_dimer_db/8G4H.pdb,new_dimer_db,8G4H,6,True
8G4K,A,B,../../GraPPI_data/PDB/new_dimer_db/8G4K.pdb,new_dimer_db,8G4K,1,True
8G4Y,A,B,../../GraPPI_data/PDB/new_dimer_db/8G4Y.pdb,new_dimer_db,8G4Y,1,True
8G8R,A,B,../../GraPPI_data/PDB/new_dimer_db/8G8R.pdb,new_dimer_db,8G8R,1,True
8G8S,A,B,../../GraPPI_data/PDB/new_dimer_db/8G8S.pdb,new_dimer_db,8G8S,1,True
8G9L,A,B,../../GraPPI_data/PDB/new_dimer_db/8G9L.pdb,new_dimer_db,8G9L,1,True
8GAB,B,A,../../GraPPI_data/PDB/new_dimer_db/8GAB.pdb,new_dimer_db,8GAB,1,True
8GAI,B,A,../../GraPPI_data/PDB/new_dimer_db/8GAI.pdb,new_dimer_db,8GAI,1,True
8GAK,A,B,../../GraPPI_data/PDB/new_dimer_db/8GAK.pdb,new_dimer_db,8GAK,1,True
8GBQ,A,B,../../GraPPI_data/PDB/new_dimer_db/8GBQ.pdb,new_dimer_db,8GBQ,2,True
8GJA,B,A,../../GraPPI_data/PDB/new_dimer_db/8GJA.pdb,new_dimer_db,8GJA,1,True
8GJG,A,B,../../GraPPI_data/PDB/new_dimer_db/8GJG.pdb,new_dimer_db,8GJG,1,True
8GJI,A,B,../../GraPPI_data/PDB/new_dimer_db/8GJI.pdb,new_dimer_db,8GJI,1,True
8GM5,A,B,../../GraPPI_data/PDB/new_dimer_db/8GM5.pdb,new_dimer_db,8GM5,3,True
8GP6,B,A,../../GraPPI_data/PDB/new_dimer_db/8GP6.pdb,new_dimer_db,8GP6,1,True
8GPY,A,E,../../GraPPI_data/PDB/new_dimer_db/8GPY.pdb,new_dimer_db,8GPY,1,True
8GQE,A,B,../../GraPPI_data/PDB/new_dimer_db/8GQE.pdb,new_dimer_db,8GQE,2,True
8GRJ,B,A,../../GraPPI_data/PDB/new_dimer_db/8GRJ.pdb,new_dimer_db,8GRJ,2,True
8GS1,B,A,../../GraPPI_data/PDB/new_dimer_db/8GS1.pdb,new_dimer_db,8GS1,1,True
8GS2,A,B,../../GraPPI_data/PDB/new_dimer_db/8GS2.pdb,new_dimer_db,8GS2,2,True
8GT0,B,A,../../GraPPI_data/PDB/new_dimer_db/8GT0.pdb,new_dimer_db,8GT0,1,True
8GTK,A,B,../../GraPPI_data/PDB/new_dimer_db/8GTK.pdb,new_dimer_db,8GTK,3,True
8GTM,A,B,../../GraPPI_data/PDB/new_dimer_db/8GTM.pdb,new_dimer_db,8GTM,3,True
8GTX,A,B,../../GraPPI_data/PDB/new_dimer_db/8GTX.pdb,new_dimer_db,8GTX,1,True
8GU7,D,A,../../GraPPI_data/PDB/new_dimer_db/8GU7.pdb,new_dimer_db,8GU7,1,True
8GUO,A,B,../../GraPPI_data/PDB/new_dimer_db/8GUO.pdb,new_dimer_db,8GUO,1,True
8GXE,A,B,../../GraPPI_data/PDB/new_dimer_db/8GXE.pdb,new_dimer_db,8GXE,1,True
8GZ5,A,B,../../GraPPI_data/PDB/new_dimer_db/8GZ5.pdb,new_dimer_db,8GZ5,2,True
8GZR,A,B,../../GraPPI_data/PDB/new_dimer_db/8GZR.pdb,new_dimer_db,8GZR,1,True
8GZY,B,A,../../GraPPI_data/PDB/new_dimer_db/8GZY.pdb,new_dimer_db,8GZY,4,True
8H0N,A,B,../../GraPPI_data/PDB/new_dimer_db/8H0N.pdb,new_dimer_db,8H0N,8,True
8H3C,B,G,../../GraPPI_data/PDB/new_dimer_db/8H3C.pdb,new_dimer_db,8H3C,1,True
8H3X,C,A,../../GraPPI_data/PDB/new_dimer_db/8H3X.pdb,new_dimer_db,8H3X,1,True
8H3Y,F,A,../../GraPPI_data/PDB/new_dimer_db/8H3Y.pdb,new_dimer_db,8H3Y,1,True
8H5T,A,B,../../GraPPI_data/PDB/new_dimer_db/8H5T.pdb,new_dimer_db,8H5T,1,True
8H5U,A,B,../../GraPPI_data/PDB/new_dimer_db/8H5U.pdb,new_dimer_db,8H5U,1,True
8H62,A,B,../../GraPPI_data/PDB/new_dimer_db/8H62.pdb,new_dimer_db,8H62,1,True
8H63,A,B,../../GraPPI_data/PDB/new_dimer_db/8H63.pdb,new_dimer_db,8H63,1,True
8H64,B,A,../../GraPPI_data/PDB/new_dimer_db/8H64.pdb,new_dimer_db,8H64,1,True
8H6S,A,C,../../GraPPI_data/PDB/new_dimer_db/8H6S.pdb,new_dimer_db,8H6S,1,True
8H8A,A,B,../../GraPPI_data/PDB/new_dimer_db/8H8A.pdb,new_dimer_db,8H8A,1,True
8H9H,G,F,../../GraPPI_data/PDB/new_dimer_db/8H9H.pdb,new_dimer_db,8H9H,1,True
8HBH,A,B,../../GraPPI_data/PDB/new_dimer_db/8HBH.pdb,new_dimer_db,8HBH,6,True
8HD8,A,C,../../GraPPI_data/PDB/new_dimer_db/8HD8.pdb,new_dimer_db,8HD8,5,True
8HDJ,B,A,../../GraPPI_data/PDB/new_dimer_db/8HDJ.pdb,new_dimer_db,8HDJ,1,True
8HE0,A,B,../../GraPPI_data/PDB/new_dimer_db/8HE0.pdb,new_dimer_db,8HE0,1,True
8HFC,A,B,../../GraPPI_data/PDB/new_dimer_db/8HFC.pdb,new_dimer_db,8HFC,1,True
8HFP,A,C,../../GraPPI_data/PDB/new_dimer_db/8HFP.pdb,new_dimer_db,8HFP,1,True
8HG7,A,B,../../GraPPI_data/PDB/new_dimer_db/8HG7.pdb,new_dimer_db,8HG7,10,True
8HGI,A,C,../../GraPPI_data/PDB/new_dimer_db/8HGI.pdb,new_dimer_db,8HGI,1,True
8HHJ,A,B,../../GraPPI_data/PDB/new_dimer_db/8HHJ.pdb,new_dimer_db,8HHJ,1,True
8HI8,A,B,../../GraPPI_data/PDB/new_dimer_db/8HI8.pdb,new_dimer_db,8HI8,3,True
8HJ4,A,C,../../GraPPI_data/PDB/new_dimer_db/8HJ4.pdb,new_dimer_db,8HJ4,1,True
8HKH,A,C,../../GraPPI_data/PDB/new_dimer_db/8HKH.pdb,new_dimer_db,8HKH,1,True
8HL7,A,B,../../GraPPI_data/PDB/new_dimer_db/8HL7.pdb,new_dimer_db,8HL7,1,True
8HLN,A,B,../../GraPPI_data/PDB/new_dimer_db/8HLN.pdb,new_dimer_db,8HLN,3,True
8HLO,A,C,../../GraPPI_data/PDB/new_dimer_db/8HLO.pdb,new_dimer_db,8HLO,1,True
8HM3,B,A,../../GraPPI_data/PDB/new_dimer_db/8HM3.pdb,new_dimer_db,8HM3,1,True
8HNV,A,E,../../GraPPI_data/PDB/new_dimer_db/8HNV.pdb,new_dimer_db,8HNV,1,True
8HQ2,D,A,../../GraPPI_data/PDB/new_dimer_db/8HQ2.pdb,new_dimer_db,8HQ2,1,True
8HS8,A,C,../../GraPPI_data/PDB/new_dimer_db/8HS8.pdb,new_dimer_db,8HS8,1,True
8HTF,A,B,../../GraPPI_data/PDB/new_dimer_db/8HTF.pdb,new_dimer_db,8HTF,4,True
8HUK,A,B,../../GraPPI_data/PDB/new_dimer_db/8HUK.pdb,new_dimer_db,8HUK,1,True
8I34,A,B,../../GraPPI_data/PDB/new_dimer_db/8I34.pdb,new_dimer_db,8I34,1,True
8I3G,D,A,../../GraPPI_data/PDB/new_dimer_db/8I3G.pdb,new_dimer_db,8I3G,1,True
8I4O,C,D,../../GraPPI_data/PDB/new_dimer_db/8I4O.pdb,new_dimer_db,8I4O,1,True
8I5W,A,B,../../GraPPI_data/PDB/new_dimer_db/8I5W.pdb,new_dimer_db,8I5W,5,True
8I60,C,D,../../GraPPI_data/PDB/new_dimer_db/8I60.pdb,new_dimer_db,8I60,1,True
8IBP,A,C,../../GraPPI_data/PDB/new_dimer_db/8IBP.pdb,new_dimer_db,8IBP,2,True
8IDE,A,B,../../GraPPI_data/PDB/new_dimer_db/8IDE.pdb,new_dimer_db,8IDE,1,True
8IDI,B,C,../../GraPPI_data/PDB/new_dimer_db/8IDI.pdb,new_dimer_db,8IDI,1,True
8IDO,B,A,../../GraPPI_data/PDB/new_dimer_db/8IDO.pdb,new_dimer_db,8IDO,1,True
8IF0,X,Y,../../GraPPI_data/PDB/new_dimer_db/8IF0.pdb,new_dimer_db,8IF0,2,True
8IGC,A,B,../../GraPPI_data/PDB/new_dimer_db/8IGC.pdb,new_dimer_db,8IGC,1,True
8IGD,D,A,../../GraPPI_data/PDB/new_dimer_db/8IGD.pdb,new_dimer_db,8IGD,1,True
8IJ0,D,A,../../GraPPI_data/PDB/new_dimer_db/8IJ0.pdb,new_dimer_db,8IJ0,1,True
8IJ5,B,E,../../GraPPI_data/PDB/new_dimer_db/8IJ5.pdb,new_dimer_db,8IJ5,6,True
8IJ9,A,C,../../GraPPI_data/PDB/new_dimer_db/8IJ9.pdb,new_dimer_db,8IJ9,1,True
8IJM,A,B,../../GraPPI_data/PDB/new_dimer_db/8IJM.pdb,new_dimer_db,8IJM,2,True
8IKW,A,B,../../GraPPI_data/PDB/new_dimer_db/8IKW.pdb,new_dimer_db,8IKW,1,True
8ILX,A,C,../../GraPPI_data/PDB/new_dimer_db/8ILX.pdb,new_dimer_db,8ILX,3,True
8IM0,A,B,../../GraPPI_data/PDB/new_dimer_db/8IM0.pdb,new_dimer_db,8IM0,1,True
8IN9,A,B,../../GraPPI_data/PDB/new_dimer_db/8IN9.pdb,new_dimer_db,8IN9,1,True
8IPJ,A,B,../../GraPPI_data/PDB/new_dimer_db/8IPJ.pdb,new_dimer_db,8IPJ,1,True
8IPM,C,D,../../GraPPI_data/PDB/new_dimer_db/8IPM.pdb,new_dimer_db,8IPM,2,True
8IPQ,A,B,../../GraPPI_data/PDB/new_dimer_db/8IPQ.pdb,new_dimer_db,8IPQ,1,True
8IPR,A,C,../../GraPPI_data/PDB/new_dimer_db/8IPR.pdb,new_dimer_db,8IPR,1,True
8IQK,A,B,../../GraPPI_data/PDB/new_dimer_db/8IQK.pdb,new_dimer_db,8IQK,1,True
8IQL,A,B,../../GraPPI_data/PDB/new_dimer_db/8IQL.pdb,new_dimer_db,8IQL,1,True
8IQM,A,B,../../GraPPI_data/PDB/new_dimer_db/8IQM.pdb,new_dimer_db,8IQM,1,True
8IQS,H,L,../../GraPPI_data/PDB/new_dimer_db/8IQS.pdb,new_dimer_db,8IQS,8,True
8IR4,A,C,../../GraPPI_data/PDB/new_dimer_db/8IR4.pdb,new_dimer_db,8IR4,2,True
8IVD,D,A,../../GraPPI_data/PDB/new_dimer_db/8IVD.pdb,new_dimer_db,8IVD,1,True
8IYA,A,C,../../GraPPI_data/PDB/new_dimer_db/8IYA.pdb,new_dimer_db,8IYA,1,True
8J09,A,B,../../GraPPI_data/PDB/new_dimer_db/8J09.pdb,new_dimer_db,8J09,1,True
8J1I,8,H,../../GraPPI_data/PDB/new_dimer_db/8J1I.pdb,new_dimer_db,8J1I,2,True
8J1N,A,B,../../GraPPI_data/PDB/new_dimer_db/8J1N.pdb,new_dimer_db,8J1N,3,True
8J64,A,B,../../GraPPI_data/PDB/new_dimer_db/8J64.pdb,new_dimer_db,8J64,1,True
8J83,A,B,../../GraPPI_data/PDB/new_dimer_db/8J83.pdb,new_dimer_db,8J83,4,True
8J8H,A,B,../../GraPPI_data/PDB/new_dimer_db/8J8H.pdb,new_dimer_db,8J8H,1,True
8JC5,B,C,../../GraPPI_data/PDB/new_dimer_db/8JC5.pdb,new_dimer_db,8JC5,1,True
8JCA,A,B,../../GraPPI_data/PDB/new_dimer_db/8JCA.pdb,new_dimer_db,8JCA,1,True
8JCZ,2,3,../../GraPPI_data/PDB/new_dimer_db/8JCZ.pdb,new_dimer_db,8JCZ,9,True
8JD4,2,4,../../GraPPI_data/PDB/new_dimer_db/8JD4.pdb,new_dimer_db,8JD4,2,True
8JFT,A,C,../../GraPPI_data/PDB/new_dimer_db/8JFT.pdb,new_dimer_db,8JFT,1,True
8JHZ,A,B,../../GraPPI_data/PDB/new_dimer_db/8JHZ.pdb,new_dimer_db,8JHZ,1,True
8JI0,B,A,../../GraPPI_data/PDB/new_dimer_db/8JI0.pdb,new_dimer_db,8JI0,1,True
8JI9,D,C,../../GraPPI_data/PDB/new_dimer_db/8JI9.pdb,new_dimer_db,8JI9,1,True
8JJ9,A,C,../../GraPPI_data/PDB/new_dimer_db/8JJ9.pdb,new_dimer_db,8JJ9,1,True
8JJV,A,B,../../GraPPI_data/PDB/new_dimer_db/8JJV.pdb,new_dimer_db,8JJV,1,True
8JL0,A,B,../../GraPPI_data/PDB/new_dimer_db/8JL0.pdb,new_dimer_db,8JL0,2,True
8JLG,A,B,../../GraPPI_data/PDB/new_dimer_db/8JLG.pdb,new_dimer_db,8JLG,7,True
8JLY,A,B,../../GraPPI_data/PDB/new_dimer_db/8JLY.pdb,new_dimer_db,8JLY,1,True
8JMR,A,B,../../GraPPI_data/PDB/new_dimer_db/8JMR.pdb,new_dimer_db,8JMR,2,True
8JOW,B,A,../../GraPPI_data/PDB/new_dimer_db/8JOW.pdb,new_dimer_db,8JOW,1,True
8JSU,B,A,../../GraPPI_data/PDB/new_dimer_db/8JSU.pdb,new_dimer_db,8JSU,1,True
8JTY,A,B,../../GraPPI_data/PDB/new_dimer_db/8JTY.pdb,new_dimer_db,8JTY,3,True
8JWJ,B,A,../../GraPPI_data/PDB/new_dimer_db/8JWJ.pdb,new_dimer_db,8JWJ,1,True
8JZD,A,B,../../GraPPI_data/PDB/new_dimer_db/8JZD.pdb,new_dimer_db,8JZD,1,True
8JZU,A,B,../../GraPPI_data/PDB/new_dimer_db/8JZU.pdb,new_dimer_db,8JZU,1,True
8JZV,A,B,../../GraPPI_data/PDB/new_dimer_db/8JZV.pdb,new_dimer_db,8JZV,1,True
8JZY,A,B,../../GraPPI_data/PDB/new_dimer_db/8JZY.pdb,new_dimer_db,8JZY,1,True
8K00,A,B,../../GraPPI_data/PDB/new_dimer_db/8K00.pdb,new_dimer_db,8K00,1,True
8K0H,A,B,../../GraPPI_data/PDB/new_dimer_db/8K0H.pdb,new_dimer_db,8K0H,2,True
8K2W,N,R,../../GraPPI_data/PDB/new_dimer_db/8K2W.pdb,new_dimer_db,8K2W,7,True
8K33,B,A,../../GraPPI_data/PDB/new_dimer_db/8K33.pdb,new_dimer_db,8K33,1,True
8K3A,A,B,../../GraPPI_data/PDB/new_dimer_db/8K3A.pdb,new_dimer_db,8K3A,1,True
8K3K,E,D,../../GraPPI_data/PDB/new_dimer_db/8K3K.pdb,new_dimer_db,8K3K,1,True
8K3L,B,A,../../GraPPI_data/PDB/new_dimer_db/8K3L.pdb,new_dimer_db,8K3L,1,True
8KA1,B,A,../../GraPPI_data/PDB/new_dimer_db/8KA1.pdb,new_dimer_db,8KA1,3,True
8KB8,B,C,../../GraPPI_data/PDB/new_dimer_db/8KB8.pdb,new_dimer_db,8KB8,1,True
8KBX,A,B,../../GraPPI_data/PDB/new_dimer_db/8KBX.pdb,new_dimer_db,8KBX,1,True
8KDX,A,B,../../GraPPI_data/PDB/new_dimer_db/8KDX.pdb,new_dimer_db,8KDX,1,True
8ODP,B,A,../../GraPPI_data/PDB/new_dimer_db/8ODP.pdb,new_dimer_db,8ODP,2,True
8ODR,A,B,../../GraPPI_data/PDB/new_dimer_db/8ODR.pdb,new_dimer_db,8ODR,1,True
8OEP,B,A,../../GraPPI_data/PDB/new_dimer_db/8OEP.pdb,new_dimer_db,8OEP,1,True
8OI2,A,B,../../GraPPI_data/PDB/new_dimer_db/8OI2.pdb,new_dimer_db,8OI2,1,True
8OI3,D,A,../../GraPPI_data/PDB/new_dimer_db/8OI3.pdb,new_dimer_db,8OI3,5,True
8OMA,A,B,../../GraPPI_data/PDB/new_dimer_db/8OMA.pdb,new_dimer_db,8OMA,3,True
8OMU,A,B,../../GraPPI_data/PDB/new_dimer_db/8OMU.pdb,new_dimer_db,8OMU,4,True
8ONR,A,B,../../GraPPI_data/PDB/new_dimer_db/8ONR.pdb,new_dimer_db,8ONR,11,True
8ONW,H,A,../../GraPPI_data/PDB/new_dimer_db/8ONW.pdb,new_dimer_db,8ONW,1,True
8OOT,I,J,../../GraPPI_data/PDB/new_dimer_db/8OOT.pdb,new_dimer_db,8OOT,2,True
8ORJ,A,B,../../GraPPI_data/PDB/new_dimer_db/8ORJ.pdb,new_dimer_db,8ORJ,1,True
8ORN,B,A,../../GraPPI_data/PDB/new_dimer_db/8ORN.pdb,new_dimer_db,8ORN,1,True
8OWS,A,C,../../GraPPI_data/PDB/new_dimer_db/8OWS.pdb,new_dimer_db,8OWS,1,True
8OX6,A,B,../../GraPPI_data/PDB/new_dimer_db/8OX6.pdb,new_dimer_db,8OX6,1,True
8OYP,A,C,../../GraPPI_data/PDB/new_dimer_db/8OYP.pdb,new_dimer_db,8OYP,1,True
8P2Z,A,C,../../GraPPI_data/PDB/new_dimer_db/8P2Z.pdb,new_dimer_db,8P2Z,2,True
8P7L,H,J,../../GraPPI_data/PDB/new_dimer_db/8P7L.pdb,new_dimer_db,8P7L,1,True
8P98,A,B,../../GraPPI_data/PDB/new_dimer_db/8P98.pdb,new_dimer_db,8P98,3,True
8PE1,D,B,../../GraPPI_data/PDB/new_dimer_db/8PE1.pdb,new_dimer_db,8PE1,1,True
8PE2,A,B,../../GraPPI_data/PDB/new_dimer_db/8PE2.pdb,new_dimer_db,8PE2,1,True
8PEF,A,B,../../GraPPI_data/PDB/new_dimer_db/8PEF.pdb,new_dimer_db,8PEF,1,True
8PEQ,L,A,../../GraPPI_data/PDB/new_dimer_db/8PEQ.pdb,new_dimer_db,8PEQ,1,True
8PFC,B,A,../../GraPPI_data/PDB/new_dimer_db/8PFC.pdb,new_dimer_db,8PFC,1,True
8PFD,A,B,../../GraPPI_data/PDB/new_dimer_db/8PFD.pdb,new_dimer_db,8PFD,2,True
8PHV,B,A,../../GraPPI_data/PDB/new_dimer_db/8PHV.pdb,new_dimer_db,8PHV,4,True
8PII,A,B,../../GraPPI_data/PDB/new_dimer_db/8PII.pdb,new_dimer_db,8PII,4,True
8PIZ,A,B,../../GraPPI_data/PDB/new_dimer_db/8PIZ.pdb,new_dimer_db,8PIZ,2,True
8PJP,A,C,../../GraPPI_data/PDB/new_dimer_db/8PJP.pdb,new_dimer_db,8PJP,1,True
8PK5,A,B,../../GraPPI_data/PDB/new_dimer_db/8PK5.pdb,new_dimer_db,8PK5,2,True
8PK6,A,B,../../GraPPI_data/PDB/new_dimer_db/8PK6.pdb,new_dimer_db,8PK6,1,True
8PKO,A,B,../../GraPPI_data/PDB/new_dimer_db/8PKO.pdb,new_dimer_db,8PKO,1,True
8PKV,B,P,../../GraPPI_data/PDB/new_dimer_db/8PKV.pdb,new_dimer_db,8PKV,2,True
8PN3,A,C,../../GraPPI_data/PDB/new_dimer_db/8PN3.pdb,new_dimer_db,8PN3,1,True
8PN5,A,I,../../GraPPI_data/PDB/new_dimer_db/8PN5.pdb,new_dimer_db,8PN5,1,True
8PNL,A,B,../../GraPPI_data/PDB/new_dimer_db/8PNL.pdb,new_dimer_db,8PNL,1,True
8PPZ,A,B,../../GraPPI_data/PDB/new_dimer_db/8PPZ.pdb,new_dimer_db,8PPZ,1,True
8PQ7,B,A,../../GraPPI_data/PDB/new_dimer_db/8PQ7.pdb,new_dimer_db,8PQ7,1,True
8PSR,A,B,../../GraPPI_data/PDB/new_dimer_db/8PSR.pdb,new_dimer_db,8PSR,1,True
8PU1,A,B,../../GraPPI_data/PDB/new_dimer_db/8PU1.pdb,new_dimer_db,8PU1,1,True
8PWV,B,A,../../GraPPI_data/PDB/new_dimer_db/8PWV.pdb,new_dimer_db,8PWV,1,True
8PWW,B,A,../../GraPPI_data/PDB/new_dimer_db/8PWW.pdb,new_dimer_db,8PWW,2,True
8PWX,A,B,../../GraPPI_data/PDB/new_dimer_db/8PWX.pdb,new_dimer_db,8PWX,1,True
8Q1N,a,A,../../GraPPI_data/PDB/new_dimer_db/8Q1N.pdb,new_dimer_db,8Q1N,1,True
8Q1Q,A,D,../../GraPPI_data/PDB/new_dimer_db/8Q1Q.pdb,new_dimer_db,8Q1Q,1,True
8Q3T,A,C,../../GraPPI_data/PDB/new_dimer_db/8Q3T.pdb,new_dimer_db,8Q3T,1,True
8Q5M,B,A,../../GraPPI_data/PDB/new_dimer_db/8Q5M.pdb,new_dimer_db,8Q5M,1,True
8Q5P,A,B,../../GraPPI_data/PDB/new_dimer_db/8Q5P.pdb,new_dimer_db,8Q5P,1,True
8Q5R,A,B,../../GraPPI_data/PDB/new_dimer_db/8Q5R.pdb,new_dimer_db,8Q5R,1,True
8Q66,A,B,../../GraPPI_data/PDB/new_dimer_db/8Q66.pdb,new_dimer_db,8Q66,1,True
8Q6Q,A,C,../../GraPPI_data/PDB/new_dimer_db/8Q6Q.pdb,new_dimer_db,8Q6Q,1,True
8Q8K,A,C,../../GraPPI_data/PDB/new_dimer_db/8Q8K.pdb,new_dimer_db,8Q8K,1,True
8QA5,A,B,../../GraPPI_data/PDB/new_dimer_db/8QA5.pdb,new_dimer_db,8QA5,1,True
8QC1,M,L,../../GraPPI_data/PDB/new_dimer_db/8QC1.pdb,new_dimer_db,8QC1,1,True
8QCI,B,A,../../GraPPI_data/PDB/new_dimer_db/8QCI.pdb,new_dimer_db,8QCI,1,True
8QEL,A,B,../../GraPPI_data/PDB/new_dimer_db/8QEL.pdb,new_dimer_db,8QEL,1,True
8QEO,A,B,../../GraPPI_data/PDB/new_dimer_db/8QEO.pdb,new_dimer_db,8QEO,1,True
8QF4,E,A,../../GraPPI_data/PDB/new_dimer_db/8QF4.pdb,new_dimer_db,8QF4,1,True
8QFS,C,A,../../GraPPI_data/PDB/new_dimer_db/8QFS.pdb,new_dimer_db,8QFS,1,True
8QFZ,A,B,../../GraPPI_data/PDB/new_dimer_db/8QFZ.pdb,new_dimer_db,8QFZ,1,True
8QG0,A,B,../../GraPPI_data/PDB/new_dimer_db/8QG0.pdb,new_dimer_db,8QG0,3,True
8QGX,A,B,../../GraPPI_data/PDB/new_dimer_db/8QGX.pdb,new_dimer_db,8QGX,1,True
8QL1,B,A,../../GraPPI_data/PDB/new_dimer_db/8QL1.pdb,new_dimer_db,8QL1,1,True
8QLK,A,B,../../GraPPI_data/PDB/new_dimer_db/8QLK.pdb,new_dimer_db,8QLK,1,True
8QLM,A,C,../../GraPPI_data/PDB/new_dimer_db/8QLM.pdb,new_dimer_db,8QLM,1,True
8QLV,B,A,../../GraPPI_data/PDB/new_dimer_db/8QLV.pdb,new_dimer_db,8QLV,1,True
8QM0,A,E,../../GraPPI_data/PDB/new_dimer_db/8QM0.pdb,new_dimer_db,8QM0,1,True
8QNS,M,A,../../GraPPI_data/PDB/new_dimer_db/8QNS.pdb,new_dimer_db,8QNS,1,True
8QQF,B,A,../../GraPPI_data/PDB/new_dimer_db/8QQF.pdb,new_dimer_db,8QQF,1,True
8QQU,C,D,../../GraPPI_data/PDB/new_dimer_db/8QQU.pdb,new_dimer_db,8QQU,1,True
8QU7,E,A,../../GraPPI_data/PDB/new_dimer_db/8QU7.pdb,new_dimer_db,8QU7,1,True
8QUS,D,H,../../GraPPI_data/PDB/new_dimer_db/8QUS.pdb,new_dimer_db,8QUS,1,True
8QVX,A,B,../../GraPPI_data/PDB/new_dimer_db/8QVX.pdb,new_dimer_db,8QVX,2,True
8QW4,A,B,../../GraPPI_data/PDB/new_dimer_db/8QW4.pdb,new_dimer_db,8QW4,1,True
8QXX,A,B,../../GraPPI_data/PDB/new_dimer_db/8QXX.pdb,new_dimer_db,8QXX,1,True
8QYU,H,A,../../GraPPI_data/PDB/new_dimer_db/8QYU.pdb,new_dimer_db,8QYU,3,True
8QZI,C,E,../../GraPPI_data/PDB/new_dimer_db/8QZI.pdb,new_dimer_db,8QZI,3,True
8R18,A,C,../../GraPPI_data/PDB/new_dimer_db/8R18.pdb,new_dimer_db,8R18,1,True
8R3X,A,C,../../GraPPI_data/PDB/new_dimer_db/8R3X.pdb,new_dimer_db,8R3X,1,True
8R4U,B,A,../../GraPPI_data/PDB/new_dimer_db/8R4U.pdb,new_dimer_db,8R4U,3,True
8R58,A,B,../../GraPPI_data/PDB/new_dimer_db/8R58.pdb,new_dimer_db,8R58,1,True
8R7D,B,A,../../GraPPI_data/PDB/new_dimer_db/8R7D.pdb,new_dimer_db,8R7D,2,True
8RD3,A,B,../../GraPPI_data/PDB/new_dimer_db/8RD3.pdb,new_dimer_db,8RD3,1,True
8RDY,A,B,../../GraPPI_data/PDB/new_dimer_db/8RDY.pdb,new_dimer_db,8RDY,1,True
8REV,A,D,../../GraPPI_data/PDB/new_dimer_db/8REV.pdb,new_dimer_db,8REV,1,True
8RGI,A,B,../../GraPPI_data/PDB/new_dimer_db/8RGI.pdb,new_dimer_db,8RGI,1,True
8RJ7,B,A,../../GraPPI_data/PDB/new_dimer_db/8RJ7.pdb,new_dimer_db,8RJ7,1,True
8RLA,K,A,../../GraPPI_data/PDB/new_dimer_db/8RLA.pdb,new_dimer_db,8RLA,11,True
8ROG,A,B,../../GraPPI_data/PDB/new_dimer_db/8ROG.pdb,new_dimer_db,8ROG,11,True
8ROL,A,B,../../GraPPI_data/PDB/new_dimer_db/8ROL.pdb,new_dimer_db,8ROL,5,True
8RPP,D,A,../../GraPPI_data/PDB/new_dimer_db/8RPP.pdb,new_dimer_db,8RPP,1,True
8RU3,A,P,../../GraPPI_data/PDB/new_dimer_db/8RU3.pdb,new_dimer_db,8RU3,1,True
8RV1,A,B,../../GraPPI_data/PDB/new_dimer_db/8RV1.pdb,new_dimer_db,8RV1,11,True
8RVR,A,G,../../GraPPI_data/PDB/new_dimer_db/8RVR.pdb,new_dimer_db,8RVR,1,True
8RW9,D,H,../../GraPPI_data/PDB/new_dimer_db/8RW9.pdb,new_dimer_db,8RW9,1,True
8RWF,A,G,../../GraPPI_data/PDB/new_dimer_db/8RWF.pdb,new_dimer_db,8RWF,1,True
8RY2,B,A,../../GraPPI_data/PDB/new_dimer_db/8RY2.pdb,new_dimer_db,8RY2,1,True
8RYK,A,C,../../GraPPI_data/PDB/new_dimer_db/8RYK.pdb,new_dimer_db,8RYK,1,True
8RZ0,B,A,../../GraPPI_data/PDB/new_dimer_db/8RZ0.pdb,new_dimer_db,8RZ0,1,True
8RZ1,B,A,../../GraPPI_data/PDB/new_dimer_db/8RZ1.pdb,new_dimer_db,8RZ1,1,True
8RZ8,A,B,../../GraPPI_data/PDB/new_dimer_db/8RZ8.pdb,new_dimer_db,8RZ8,2,True
8RZU,A,B,../../GraPPI_data/PDB/new_dimer_db/8RZU.pdb,new_dimer_db,8RZU,1,True
8S05,A,C,../../GraPPI_data/PDB/new_dimer_db/8S05.pdb,new_dimer_db,8S05,1,True
8S0N,B,A,../../GraPPI_data/PDB/new_dimer_db/8S0N.pdb,new_dimer_db,8S0N,2,True
8S1X,A,B,../../GraPPI_data/PDB/new_dimer_db/8S1X.pdb,new_dimer_db,8S1X,1,True
8S2M,A,B,../../GraPPI_data/PDB/new_dimer_db/8S2M.pdb,new_dimer_db,8S2M,1,True
8S4Y,A,B,../../GraPPI_data/PDB/new_dimer_db/8S4Y.pdb,new_dimer_db,8S4Y,1,True
8S5T,D,A,../../GraPPI_data/PDB/new_dimer_db/8S5T.pdb,new_dimer_db,8S5T,1,True
8S5U,B,A,../../GraPPI_data/PDB/new_dimer_db/8S5U.pdb,new_dimer_db,8S5U,2,True
8S6U,A,C,../../GraPPI_data/PDB/new_dimer_db/8S6U.pdb,new_dimer_db,8S6U,1,True
8S79,D,A,../../GraPPI_data/PDB/new_dimer_db/8S79.pdb,new_dimer_db,8S79,1,True
8S7E,A,B,../../GraPPI_data/PDB/new_dimer_db/8S7E.pdb,new_dimer_db,8S7E,1,True
8S82,K,L,../../GraPPI_data/PDB/new_dimer_db/8S82.pdb,new_dimer_db,8S82,2,True
8S83,D,A,../../GraPPI_data/PDB/new_dimer_db/8S83.pdb,new_dimer_db,8S83,1,True
8SAH,A,B,../../GraPPI_data/PDB/new_dimer_db/8SAH.pdb,new_dimer_db,8SAH,1,True
8SAO,A,B,../../GraPPI_data/PDB/new_dimer_db/8SAO.pdb,new_dimer_db,8SAO,1,True
8SFS,D,A,../../GraPPI_data/PDB/new_dimer_db/8SFS.pdb,new_dimer_db,8SFS,1,True
8SFX,A,C,../../GraPPI_data/PDB/new_dimer_db/8SFX.pdb,new_dimer_db,8SFX,1,True
8SFZ,D,C,../../GraPPI_data/PDB/new_dimer_db/8SFZ.pdb,new_dimer_db,8SFZ,1,True
8SG7,B,C,../../GraPPI_data/PDB/new_dimer_db/8SG7.pdb,new_dimer_db,8SG7,1,True
8SGH,A,B,../../GraPPI_data/PDB/new_dimer_db/8SGH.pdb,new_dimer_db,8SGH,1,True
8SIU,A,B,../../GraPPI_data/PDB/new_dimer_db/8SIU.pdb,new_dimer_db,8SIU,1,True
8SJJ,A,C,../../GraPPI_data/PDB/new_dimer_db/8SJJ.pdb,new_dimer_db,8SJJ,1,True
8SJK,A,B,../../GraPPI_data/PDB/new_dimer_db/8SJK.pdb,new_dimer_db,8SJK,1,True
8SK5,A,B,../../GraPPI_data/PDB/new_dimer_db/8SK5.pdb,new_dimer_db,8SK5,2,True
8SKJ,A,E,../../GraPPI_data/PDB/new_dimer_db/8SKJ.pdb,new_dimer_db,8SKJ,1,True
8SKK,A,B,../../GraPPI_data/PDB/new_dimer_db/8SKK.pdb,new_dimer_db,8SKK,9,True
8SLC,A,C,../../GraPPI_data/PDB/new_dimer_db/8SLC.pdb,new_dimer_db,8SLC,3,True
8SM5,B,A,../../GraPPI_data/PDB/new_dimer_db/8SM5.pdb,new_dimer_db,8SM5,1,True
8SMO,B,A,../../GraPPI_data/PDB/new_dimer_db/8SMO.pdb,new_dimer_db,8SMO,1,True
8SNL,A,B,../../GraPPI_data/PDB/new_dimer_db/8SNL.pdb,new_dimer_db,8SNL,1,True
8SNO,A,B,../../GraPPI_data/PDB/new_dimer_db/8SNO.pdb,new_dimer_db,8SNO,2,True
8SOZ,C,A,../../GraPPI_data/PDB/new_dimer_db/8SOZ.pdb,new_dimer_db,8SOZ,2,True
8SP6,A,D,../../GraPPI_data/PDB/new_dimer_db/8SP6.pdb,new_dimer_db,8SP6,1,True
8SSI,B,A,../../GraPPI_data/PDB/new_dimer_db/8SSI.pdb,new_dimer_db,8SSI,2,True
8SSO,B,A,../../GraPPI_data/PDB/new_dimer_db/8SSO.pdb,new_dimer_db,8SSO,1,True
8SSP,A,B,../../GraPPI_data/PDB/new_dimer_db/8SSP.pdb,new_dimer_db,8SSP,2,True
8ST7,D,C,../../GraPPI_data/PDB/new_dimer_db/8ST7.pdb,new_dimer_db,8ST7,1,True
8ST8,A,B,../../GraPPI_data/PDB/new_dimer_db/8ST8.pdb,new_dimer_db,8ST8,1,True
8ST9,B,A,../../GraPPI_data/PDB/new_dimer_db/8ST9.pdb,new_dimer_db,8ST9,1,True
8SUV,F,A,../../GraPPI_data/PDB/new_dimer_db/8SUV.pdb,new_dimer_db,8SUV,1,True
8SVE,H,L,../../GraPPI_data/PDB/new_dimer_db/8SVE.pdb,new_dimer_db,8SVE,1,True
8SW6,A,C,../../GraPPI_data/PDB/new_dimer_db/8SW6.pdb,new_dimer_db,8SW6,2,True
8SWI,A,B,../../GraPPI_data/PDB/new_dimer_db/8SWI.pdb,new_dimer_db,8SWI,1,True
8SYM,A,B,../../GraPPI_data/PDB/new_dimer_db/8SYM.pdb,new_dimer_db,8SYM,1,True
8T0S,A,B,../../GraPPI_data/PDB/new_dimer_db/8T0S.pdb,new_dimer_db,8T0S,2,True
8T12,A,B,../../GraPPI_data/PDB/new_dimer_db/8T12.pdb,new_dimer_db,8T12,1,True
8T13,A,B,../../GraPPI_data/PDB/new_dimer_db/8T13.pdb,new_dimer_db,8T13,2,True
8T1C,A,E,../../GraPPI_data/PDB/new_dimer_db/8T1C.pdb,new_dimer_db,8T1C,1,True
8T2D,B,A,../../GraPPI_data/PDB/new_dimer_db/8T2D.pdb,new_dimer_db,8T2D,6,True
8T2N,B,A,../../GraPPI_data/PDB/new_dimer_db/8T2N.pdb,new_dimer_db,8T2N,1,True
8T32,A,B,../../GraPPI_data/PDB/new_dimer_db/8T32.pdb,new_dimer_db,8T32,2,True
8T48,D,A,../../GraPPI_data/PDB/new_dimer_db/8T48.pdb,new_dimer_db,8T48,1,True
8T5E,A,B,../../GraPPI_data/PDB/new_dimer_db/8T5E.pdb,new_dimer_db,8T5E,1,True
8T75,B,A,../../GraPPI_data/PDB/new_dimer_db/8T75.pdb,new_dimer_db,8T75,7,True
8T7V,A,B,../../GraPPI_data/PDB/new_dimer_db/8T7V.pdb,new_dimer_db,8T7V,8,True
8T8R,A,B,../../GraPPI_data/PDB/new_dimer_db/8T8R.pdb,new_dimer_db,8T8R,1,True
8T8S,B,D,../../GraPPI_data/PDB/new_dimer_db/8T8S.pdb,new_dimer_db,8T8S,1,True
8TEG,A,B,../../GraPPI_data/PDB/new_dimer_db/8TEG.pdb,new_dimer_db,8TEG,1,True
8TEN,A,B,../../GraPPI_data/PDB/new_dimer_db/8TEN.pdb,new_dimer_db,8TEN,1,True
8TGC,D,B,../../GraPPI_data/PDB/new_dimer_db/8TGC.pdb,new_dimer_db,8TGC,4,True
8TI7,B,A,../../GraPPI_data/PDB/new_dimer_db/8TI7.pdb,new_dimer_db,8TI7,1,True
8TJ3,B,C,../../GraPPI_data/PDB/new_dimer_db/8TJ3.pdb,new_dimer_db,8TJ3,1,True
8TKU,B,A,../../GraPPI_data/PDB/new_dimer_db/8TKU.pdb,new_dimer_db,8TKU,3,True
8TM2,A,C,../../GraPPI_data/PDB/new_dimer_db/8TM2.pdb,new_dimer_db,8TM2,2,True
8TOS,A,E,../../GraPPI_data/PDB/new_dimer_db/8TOS.pdb,new_dimer_db,8TOS,1,True
8TOU,A,B,../../GraPPI_data/PDB/new_dimer_db/8TOU.pdb,new_dimer_db,8TOU,4,True
8TTC,B,A,../../GraPPI_data/PDB/new_dimer_db/8TTC.pdb,new_dimer_db,8TTC,5,True
8TTG,A,C,../../GraPPI_data/PDB/new_dimer_db/8TTG.pdb,new_dimer_db,8TTG,2,True
8TUQ,A,B,../../GraPPI_data/PDB/new_dimer_db/8TUQ.pdb,new_dimer_db,8TUQ,1,True
8TUR,A,B,../../GraPPI_data/PDB/new_dimer_db/8TUR.pdb,new_dimer_db,8TUR,1,True
8TUS,A,C,../../GraPPI_data/PDB/new_dimer_db/8TUS.pdb,new_dimer_db,8TUS,1,True
8TUU,A,B,../../GraPPI_data/PDB/new_dimer_db/8TUU.pdb,new_dimer_db,8TUU,1,True
8TWD,A,C,../../GraPPI_data/PDB/new_dimer_db/8TWD.pdb,new_dimer_db,8TWD,1,True
8TX8,D,A,../../GraPPI_data/PDB/new_dimer_db/8TX8.pdb,new_dimer_db,8TX8,1,True
8TXF,A,B,../../GraPPI_data/PDB/new_dimer_db/8TXF.pdb,new_dimer_db,8TXF,4,True
8TYY,A,B,../../GraPPI_data/PDB/new_dimer_db/8TYY.pdb,new_dimer_db,8TYY,2,True
8TZF,A,B,../../GraPPI_data/PDB/new_dimer_db/8TZF.pdb,new_dimer_db,8TZF,1,True
8TZU,A,G,../../GraPPI_data/PDB/new_dimer_db/8TZU.pdb,new_dimer_db,8TZU,1,True
8U1Z,A,B,../../GraPPI_data/PDB/new_dimer_db/8U1Z.pdb,new_dimer_db,8U1Z,1,True
8U3C,A,D,../../GraPPI_data/PDB/new_dimer_db/8U3C.pdb,new_dimer_db,8U3C,2,True
8U45,A,C,../../GraPPI_data/PDB/new_dimer_db/8U45.pdb,new_dimer_db,8U45,4,True
8U77,B,A,../../GraPPI_data/PDB/new_dimer_db/8U77.pdb,new_dimer_db,8U77,1,True
8UAH,B,C,../../GraPPI_data/PDB/new_dimer_db/8UAH.pdb,new_dimer_db,8UAH,1,True
8UC6,G,C,../../GraPPI_data/PDB/new_dimer_db/8UC6.pdb,new_dimer_db,8UC6,1,True
8UHL,A,B,../../GraPPI_data/PDB/new_dimer_db/8UHL.pdb,new_dimer_db,8UHL,1,True
8UKP,C,E,../../GraPPI_data/PDB/new_dimer_db/8UKP.pdb,new_dimer_db,8UKP,2,True
8UKV,B,D,../../GraPPI_data/PDB/new_dimer_db/8UKV.pdb,new_dimer_db,8UKV,1,True
8UO7,A,C,../../GraPPI_data/PDB/new_dimer_db/8UO7.pdb,new_dimer_db,8UO7,4,True
8UO9,A,B,../../GraPPI_data/PDB/new_dimer_db/8UO9.pdb,new_dimer_db,8UO9,1,True
8UPA,B,A,../../GraPPI_data/PDB/new_dimer_db/8UPA.pdb,new_dimer_db,8UPA,1,True
8UQN,A,B,../../GraPPI_data/PDB/new_dimer_db/8UQN.pdb,new_dimer_db,8UQN,5,True
8UW9,A,B,../../GraPPI_data/PDB/new_dimer_db/8UW9.pdb,new_dimer_db,8UW9,4,True
8UY3,C,F,../../GraPPI_data/PDB/new_dimer_db/8UY3.pdb,new_dimer_db,8UY3,1,True
8VIS,B,A,../../GraPPI_data/PDB/new_dimer_db/8VIS.pdb,new_dimer_db,8VIS,1,True
8VK2,F,E,../../GraPPI_data/PDB/new_dimer_db/8VK2.pdb,new_dimer_db,8VK2,97,True
8VK9,B,A,../../GraPPI_data/PDB/new_dimer_db/8VK9.pdb,new_dimer_db,8VK9,2,True
8VMG,A,C,../../GraPPI_data/PDB/new_dimer_db/8VMG.pdb,new_dimer_db,8VMG,1,True
8VPU,A,B,../../GraPPI_data/PDB/new_dimer_db/8VPU.pdb,new_dimer_db,8VPU,1,True
8VRS,D,A,../../GraPPI_data/PDB/new_dimer_db/8VRS.pdb,new_dimer_db,8VRS,1,True
8VTR,A,G,../../GraPPI_data/PDB/new_dimer_db/8VTR.pdb,new_dimer_db,8VTR,1,True
8VVY,A,C,../../GraPPI_data/PDB/new_dimer_db/8VVY.pdb,new_dimer_db,8VVY,1,True
8VXY,A,B,../../GraPPI_data/PDB/new_dimer_db/8VXY.pdb,new_dimer_db,8VXY,2,True
8VYB,A,B,../../GraPPI_data/PDB/new_dimer_db/8VYB.pdb,new_dimer_db,8VYB,1,True
8W6A,A,C,../../GraPPI_data/PDB/new_dimer_db/8W6A.pdb,new_dimer_db,8W6A,1,True
8W90,B,A,../../GraPPI_data/PDB/new_dimer_db/8W90.pdb,new_dimer_db,8W90,1,True
8WEA,A,D,../../GraPPI_data/PDB/new_dimer_db/8WEA.pdb,new_dimer_db,8WEA,2,True
8WEE,A,B,../../GraPPI_data/PDB/new_dimer_db/8WEE.pdb,new_dimer_db,8WEE,1,True
8WEO,B,C,../../GraPPI_data/PDB/new_dimer_db/8WEO.pdb,new_dimer_db,8WEO,1,True
8WFM,A,B,../../GraPPI_data/PDB/new_dimer_db/8WFM.pdb,new_dimer_db,8WFM,1,True
8WHG,G,H,../../GraPPI_data/PDB/new_dimer_db/8WHG.pdb,new_dimer_db,8WHG,1,True
8WHK,A,B,../../GraPPI_data/PDB/new_dimer_db/8WHK.pdb,new_dimer_db,8WHK,1,True
8WI0,A,B,../../GraPPI_data/PDB/new_dimer_db/8WI0.pdb,new_dimer_db,8WI0,1,True
8WI5,A,B,../../GraPPI_data/PDB/new_dimer_db/8WI5.pdb,new_dimer_db,8WI5,1,True
8WKD,A,C,../../GraPPI_data/PDB/new_dimer_db/8WKD.pdb,new_dimer_db,8WKD,1,True
8WLA,A,B,../../GraPPI_data/PDB/new_dimer_db/8WLA.pdb,new_dimer_db,8WLA,1,True
8WMA,A,C,../../GraPPI_data/PDB/new_dimer_db/8WMA.pdb,new_dimer_db,8WMA,1,True
8WML,A,B,../../GraPPI_data/PDB/new_dimer_db/8WML.pdb,new_dimer_db,8WML,2,True
8WQI,D,G,../../GraPPI_data/PDB/new_dimer_db/8WQI.pdb,new_dimer_db,8WQI,1,True
8WQR,B,A,../../GraPPI_data/PDB/new_dimer_db/8WQR.pdb,new_dimer_db,8WQR,1,True
8WT0,A,B,../../GraPPI_data/PDB/new_dimer_db/8WT0.pdb,new_dimer_db,8WT0,1,True
8WT4,A,B,../../GraPPI_data/PDB/new_dimer_db/8WT4.pdb,new_dimer_db,8WT4,3,True
8WTC,B,A,../../GraPPI_data/PDB/new_dimer_db/8WTC.pdb,new_dimer_db,8WTC,2,True
8WTW,A,B,../../GraPPI_data/PDB/new_dimer_db/8WTW.pdb,new_dimer_db,8WTW,1,True
8WWC,A,C,../../GraPPI_data/PDB/new_dimer_db/8WWC.pdb,new_dimer_db,8WWC,1,True
8WWY,B,A,../../GraPPI_data/PDB/new_dimer_db/8WWY.pdb,new_dimer_db,8WWY,1,True
8WZN,A,B,../../GraPPI_data/PDB/new_dimer_db/8WZN.pdb,new_dimer_db,8WZN,5,True
8X7H,B,A,../../GraPPI_data/PDB/new_dimer_db/8X7H.pdb,new_dimer_db,8X7H,2,True
8X8A,A,B,../../GraPPI_data/PDB/new_dimer_db/8X8A.pdb,new_dimer_db,8X8A,1,True
8X8Q,B,F,../../GraPPI_data/PDB/new_dimer_db/8X8Q.pdb,new_dimer_db,8X8Q,3,True
8XEN,A,B,../../GraPPI_data/PDB/new_dimer_db/8XEN.pdb,new_dimer_db,8XEN,1,True
8XEZ,A,B,../../GraPPI_data/PDB/new_dimer_db/8XEZ.pdb,new_dimer_db,8XEZ,1,True
8XK2,A,B,../../GraPPI_data/PDB/new_dimer_db/8XK2.pdb,new_dimer_db,8XK2,1,True
8XL1,A,B,../../GraPPI_data/PDB/new_dimer_db/8XL1.pdb,new_dimer_db,8XL1,1,True
8XLD,A,B,../../GraPPI_data/PDB/new_dimer_db/8XLD.pdb,new_dimer_db,8XLD,1,True
8XMM,A,B,../../GraPPI_data/PDB/new_dimer_db/8XMM.pdb,new_dimer_db,8XMM,7,True
8XS5,A,B,../../GraPPI_data/PDB/new_dimer_db/8XS5.pdb,new_dimer_db,8XS5,1,True
8XSB,A,B,../../GraPPI_data/PDB/new_dimer_db/8XSB.pdb,new_dimer_db,8XSB,6,True
8XT9,C,A,../../GraPPI_data/PDB/new_dimer_db/8XT9.pdb,new_dimer_db,8XT9,1,True
8XV4,A,C,../../GraPPI_data/PDB/new_dimer_db/8XV4.pdb,new_dimer_db,8XV4,1,True
8XV6,B,A,../../GraPPI_data/PDB/new_dimer_db/8XV6.pdb,new_dimer_db,8XV6,1,True
8XV7,B,A,../../GraPPI_data/PDB/new_dimer_db/8XV7.pdb,new_dimer_db,8XV7,1,True
8XV8,B,A,../../GraPPI_data/PDB/new_dimer_db/8XV8.pdb,new_dimer_db,8XV8,2,True
8XY7,A,C,../../GraPPI_data/PDB/new_dimer_db/8XY7.pdb,new_dimer_db,8XY7,1,True
8XYF,A,B,../../GraPPI_data/PDB/new_dimer_db/8XYF.pdb,new_dimer_db,8XYF,2,True
8XZ5,A,B,../../GraPPI_data/PDB/new_dimer_db/8XZ5.pdb,new_dimer_db,8XZ5,3,True
8XZ6,C,E,../../GraPPI_data/PDB/new_dimer_db/8XZ6.pdb,new_dimer_db,8XZ6,1,True
8Y0P,L,A,../../GraPPI_data/PDB/new_dimer_db/8Y0P.pdb,new_dimer_db,8Y0P,1,True
8Y1Y,A,B,../../GraPPI_data/PDB/new_dimer_db/8Y1Y.pdb,new_dimer_db,8Y1Y,1,True
8Y1Z,A,B,../../GraPPI_data/PDB/new_dimer_db/8Y1Z.pdb,new_dimer_db,8Y1Z,1,True
8Y2O,A,B,../../GraPPI_data/PDB/new_dimer_db/8Y2O.pdb,new_dimer_db,8Y2O,1,True
8Y47,A,B,../../GraPPI_data/PDB/new_dimer_db/8Y47.pdb,new_dimer_db,8Y47,1,True
8Y4X,A,B,../../GraPPI_data/PDB/new_dimer_db/8Y4X.pdb,new_dimer_db,8Y4X,2,True
8Y6B,D,A,../../GraPPI_data/PDB/new_dimer_db/8Y6B.pdb,new_dimer_db,8Y6B,1,True
8Y77,A,B,../../GraPPI_data/PDB/new_dimer_db/8Y77.pdb,new_dimer_db,8Y77,3,True
8Y7Z,B,A,../../GraPPI_data/PDB/new_dimer_db/8Y7Z.pdb,new_dimer_db,8Y7Z,3,True
8Y9C,B,A,../../GraPPI_data/PDB/new_dimer_db/8Y9C.pdb,new_dimer_db,8Y9C,2,True
8Y9S,A,B,../../GraPPI_data/PDB/new_dimer_db/8Y9S.pdb,new_dimer_db,8Y9S,1,True
8Y9U,A,B,../../GraPPI_data/PDB/new_dimer_db/8Y9U.pdb,new_dimer_db,8Y9U,2,True
8YBL,A,B,../../GraPPI_data/PDB/new_dimer_db/8YBL.pdb,new_dimer_db,8YBL,1,True
8YBM,B,A,../../GraPPI_data/PDB/new_dimer_db/8YBM.pdb,new_dimer_db,8YBM,1,True
8YBN,A,B,../../GraPPI_data/PDB/new_dimer_db/8YBN.pdb,new_dimer_db,8YBN,3,True
8YDW,A,B,../../GraPPI_data/PDB/new_dimer_db/8YDW.pdb,new_dimer_db,8YDW,8,True
8YE6,B,A,../../GraPPI_data/PDB/new_dimer_db/8YE6.pdb,new_dimer_db,8YE6,1,True
8YE9,A,B,../../GraPPI_data/PDB/new_dimer_db/8YE9.pdb,new_dimer_db,8YE9,1,True
8YFK,A,G,../../GraPPI_data/PDB/new_dimer_db/8YFK.pdb,new_dimer_db,8YFK,1,True
8YHT,A,B,../../GraPPI_data/PDB/new_dimer_db/8YHT.pdb,new_dimer_db,8YHT,1,True
8YHU,A,B,../../GraPPI_data/PDB/new_dimer_db/8YHU.pdb,new_dimer_db,8YHU,1,True
8YII,A,B,../../GraPPI_data/PDB/new_dimer_db/8YII.pdb,new_dimer_db,8YII,1,True
8YJ7,B,G,../../GraPPI_data/PDB/new_dimer_db/8YJ7.pdb,new_dimer_db,8YJ7,1,True
8YJ8,B,D,../../GraPPI_data/PDB/new_dimer_db/8YJ8.pdb,new_dimer_db,8YJ8,2,True
8YKH,A,B,../../GraPPI_data/PDB/new_dimer_db/8YKH.pdb,new_dimer_db,8YKH,2,True
8YNX,A,B,../../GraPPI_data/PDB/new_dimer_db/8YNX.pdb,new_dimer_db,8YNX,1,True
8YP8,A,B,../../GraPPI_data/PDB/new_dimer_db/8YP8.pdb,new_dimer_db,8YP8,1,True
8YSF,A,B,../../GraPPI_data/PDB/new_dimer_db/8YSF.pdb,new_dimer_db,8YSF,1,True
8YSH,B,A,../../GraPPI_data/PDB/new_dimer_db/8YSH.pdb,new_dimer_db,8YSH,1,True
8YTE,B,A,../../GraPPI_data/PDB/new_dimer_db/8YTE.pdb,new_dimer_db,8YTE,1,True
8YV6,A,B,../../GraPPI_data/PDB/new_dimer_db/8YV6.pdb,new_dimer_db,8YV6,1,True
8YVJ,A,B,../../GraPPI_data/PDB/new_dimer_db/8YVJ.pdb,new_dimer_db,8YVJ,1,True
8YVO,A,C,../../GraPPI_data/PDB/new_dimer_db/8YVO.pdb,new_dimer_db,8YVO,1,True
8Z3F,A,B,../../GraPPI_data/PDB/new_dimer_db/8Z3F.pdb,new_dimer_db,8Z3F,1,True
8Z3T,C,E,../../GraPPI_data/PDB/new_dimer_db/8Z3T.pdb,new_dimer_db,8Z3T,2,True
8Z4F,B,A,../../GraPPI_data/PDB/new_dimer_db/8Z4F.pdb,new_dimer_db,8Z4F,1,True
8Z6G,B,A,../../GraPPI_data/PDB/new_dimer_db/8Z6G.pdb,new_dimer_db,8Z6G,2,True
8Z8V,A,B,../../GraPPI_data/PDB/new_dimer_db/8Z8V.pdb,new_dimer_db,8Z8V,1,True
8Z96,A,B,../../GraPPI_data/PDB/new_dimer_db/8Z96.pdb,new_dimer_db,8Z96,15,True
8ZA7,A,B,../../GraPPI_data/PDB/new_dimer_db/8ZA7.pdb,new_dimer_db,8ZA7,1,True
8ZE4,A,B,../../GraPPI_data/PDB/new_dimer_db/8ZE4.pdb,new_dimer_db,8ZE4,3,True
8ZEB,A,C,../../GraPPI_data/PDB/new_dimer_db/8ZEB.pdb,new_dimer_db,8ZEB,1,True
8ZHT,A,B,../../GraPPI_data/PDB/new_dimer_db/8ZHT.pdb,new_dimer_db,8ZHT,1,True
8ZIA,J,I,../../GraPPI_data/PDB/new_dimer_db/8ZIA.pdb,new_dimer_db,8ZIA,3,True
8ZIZ,A,D,../../GraPPI_data/PDB/new_dimer_db/8ZIZ.pdb,new_dimer_db,8ZIZ,5,True
8ZJF,B,A,../../GraPPI_data/PDB/new_dimer_db/8ZJF.pdb,new_dimer_db,8ZJF,1,True
8ZNI,A,B,../../GraPPI_data/PDB/new_dimer_db/8ZNI.pdb,new_dimer_db,8ZNI,2,True
8ZNL,B,A,../../GraPPI_data/PDB/new_dimer_db/8ZNL.pdb,new_dimer_db,8ZNL,1,True
8ZOY,A,B,../../GraPPI_data/PDB/new_dimer_db/8ZOY.pdb,new_dimer_db,8ZOY,1,True
8ZPB,A,B,../../GraPPI_data/PDB/new_dimer_db/8ZPB.pdb,new_dimer_db,8ZPB,3,True
8ZPW,A,B,../../GraPPI_data/PDB/new_dimer_db/8ZPW.pdb,new_dimer_db,8ZPW,1,True
8ZQ3,A,B,../../GraPPI_data/PDB/new_dimer_db/8ZQ3.pdb,new_dimer_db,8ZQ3,2,True
8ZRD,D,A,../../GraPPI_data/PDB/new_dimer_db/8ZRD.pdb,new_dimer_db,8ZRD,1,True
8ZUE,A,B,../../GraPPI_data/PDB/new_dimer_db/8ZUE.pdb,new_dimer_db,8ZUE,1,True
8ZWC,A,B,../../GraPPI_data/PDB/new_dimer_db/8ZWC.pdb,new_dimer_db,8ZWC,1,True
8ZXR,A,B,../../GraPPI_data/PDB/new_dimer_db/8ZXR.pdb,new_dimer_db,8ZXR,1,True
8ZYE,A,B,../../GraPPI_data/PDB/new_dimer_db/8ZYE.pdb,new_dimer_db,8ZYE,1,True
9ATU,A,B,../../GraPPI_data/PDB/new_dimer_db/9ATU.pdb,new_dimer_db,9ATU,4,True
9AVF,B,A,../../GraPPI_data/PDB/new_dimer_db/9AVF.pdb,new_dimer_db,9AVF,1,True
9AX5,A,C,../../GraPPI_data/PDB/new_dimer_db/9AX5.pdb,new_dimer_db,9AX5,1,True
9B0A,A,C,../../GraPPI_data/PDB/new_dimer_db/9B0A.pdb,new_dimer_db,9B0A,1,True
9B2Z,A,B,../../GraPPI_data/PDB/new_dimer_db/9B2Z.pdb,new_dimer_db,9B2Z,3,True
9B6M,A,B,../../GraPPI_data/PDB/new_dimer_db/9B6M.pdb,new_dimer_db,9B6M,1,True
9B9L,A,C,../../GraPPI_data/PDB/new_dimer_db/9B9L.pdb,new_dimer_db,9B9L,1,True
9BA2,A,B,../../GraPPI_data/PDB/new_dimer_db/9BA2.pdb,new_dimer_db,9BA2,1,True
9BD3,B,A,../../GraPPI_data/PDB/new_dimer_db/9BD3.pdb,new_dimer_db,9BD3,1,True
9BFQ,A,B,../../GraPPI_data/PDB/new_dimer_db/9BFQ.pdb,new_dimer_db,9BFQ,1,True
9BGL,A,B,../../GraPPI_data/PDB/new_dimer_db/9BGL.pdb,new_dimer_db,9BGL,1,True
9BIU,A,B,../../GraPPI_data/PDB/new_dimer_db/9BIU.pdb,new_dimer_db,9BIU,4,True
9BIY,A,B,../../GraPPI_data/PDB/new_dimer_db/9BIY.pdb,new_dimer_db,9BIY,1,True
9BK5,A,B,../../GraPPI_data/PDB/new_dimer_db/9BK5.pdb,new_dimer_db,9BK5,1,True
9BK6,A,B,../../GraPPI_data/PDB/new_dimer_db/9BK6.pdb,new_dimer_db,9BK6,1,True
9BT6,a,A,../../GraPPI_data/PDB/new_dimer_db/9BT6.pdb,new_dimer_db,9BT6,2,True
9BT7,D,A,../../GraPPI_data/PDB/new_dimer_db/9BT7.pdb,new_dimer_db,9BT7,1,True
9BTM,B,A,../../GraPPI_data/PDB/new_dimer_db/9BTM.pdb,new_dimer_db,9BTM,1,True
9BTN,A,L,../../GraPPI_data/PDB/new_dimer_db/9BTN.pdb,new_dimer_db,9BTN,1,True
9BVQ,A,P,../../GraPPI_data/PDB/new_dimer_db/9BVQ.pdb,new_dimer_db,9BVQ,2,True
9BWT,A,B,../../GraPPI_data/PDB/new_dimer_db/9BWT.pdb,new_dimer_db,9BWT,2,True
9BYP,A,B,../../GraPPI_data/PDB/new_dimer_db/9BYP.pdb,new_dimer_db,9BYP,1,True
9C19,B,E,../../GraPPI_data/PDB/new_dimer_db/9C19.pdb,new_dimer_db,9C19,2,True
9C1D,B,C,../../GraPPI_data/PDB/new_dimer_db/9C1D.pdb,new_dimer_db,9C1D,1,True
9C3B,A,B,../../GraPPI_data/PDB/new_dimer_db/9C3B.pdb,new_dimer_db,9C3B,1,True
9C4V,A,B,../../GraPPI_data/PDB/new_dimer_db/9C4V.pdb,new_dimer_db,9C4V,4,True
9C5T,A,B,../../GraPPI_data/PDB/new_dimer_db/9C5T.pdb,new_dimer_db,9C5T,1,True
9C91,A,B,../../GraPPI_data/PDB/new_dimer_db/9C91.pdb,new_dimer_db,9C91,1,True
9C9I,G,H,../../GraPPI_data/PDB/new_dimer_db/9C9I.pdb,new_dimer_db,9C9I,1,True
9CAF,A,D,../../GraPPI_data/PDB/new_dimer_db/9CAF.pdb,new_dimer_db,9CAF,5,True
9CAH,A,B,../../GraPPI_data/PDB/new_dimer_db/9CAH.pdb,new_dimer_db,9CAH,10,True
9CC5,A,B,../../GraPPI_data/PDB/new_dimer_db/9CC5.pdb,new_dimer_db,9CC5,1,True
9CC6,A,B,../../GraPPI_data/PDB/new_dimer_db/9CC6.pdb,new_dimer_db,9CC6,1,True
9CCE,A,D,../../GraPPI_data/PDB/new_dimer_db/9CCE.pdb,new_dimer_db,9CCE,1,True
9CCV,A,B,../../GraPPI_data/PDB/new_dimer_db/9CCV.pdb,new_dimer_db,9CCV,1,True
9CDT,A,B,../../GraPPI_data/PDB/new_dimer_db/9CDT.pdb,new_dimer_db,9CDT,1,True
9CDU,B,A,../../GraPPI_data/PDB/new_dimer_db/9CDU.pdb,new_dimer_db,9CDU,1,True
9CDZ,B,A,../../GraPPI_data/PDB/new_dimer_db/9CDZ.pdb,new_dimer_db,9CDZ,1,True
9CF3,C,P,../../GraPPI_data/PDB/new_dimer_db/9CF3.pdb,new_dimer_db,9CF3,4,True
9CI7,A,B,../../GraPPI_data/PDB/new_dimer_db/9CI7.pdb,new_dimer_db,9CI7,1,True
9CK0,A,B,../../GraPPI_data/PDB/new_dimer_db/9CK0.pdb,new_dimer_db,9CK0,1,True
9CKN,A,E,../../GraPPI_data/PDB/new_dimer_db/9CKN.pdb,new_dimer_db,9CKN,1,True
9CLB,A,B,../../GraPPI_data/PDB/new_dimer_db/9CLB.pdb,new_dimer_db,9CLB,1,True
9CPN,C,G,../../GraPPI_data/PDB/new_dimer_db/9CPN.pdb,new_dimer_db,9CPN,2,True
9CQI,A,B,../../GraPPI_data/PDB/new_dimer_db/9CQI.pdb,new_dimer_db,9CQI,1,True
9CQJ,D,A,../../GraPPI_data/PDB/new_dimer_db/9CQJ.pdb,new_dimer_db,9CQJ,1,True
9CT1,B,A,../../GraPPI_data/PDB/new_dimer_db/9CT1.pdb,new_dimer_db,9CT1,1,True
9CU8,A,B,../../GraPPI_data/PDB/new_dimer_db/9CU8.pdb,new_dimer_db,9CU8,1,True
9CWN,A,B,../../GraPPI_data/PDB/new_dimer_db/9CWN.pdb,new_dimer_db,9CWN,1,True
9CWP,C,K,../../GraPPI_data/PDB/new_dimer_db/9CWP.pdb,new_dimer_db,9CWP,2,True
9CY3,A,B,../../GraPPI_data/PDB/new_dimer_db/9CY3.pdb,new_dimer_db,9CY3,2,True
9CYS,I,A,../../GraPPI_data/PDB/new_dimer_db/9CYS.pdb,new_dimer_db,9CYS,1,True
9D20,D,E,../../GraPPI_data/PDB/new_dimer_db/9D20.pdb,new_dimer_db,9D20,1,True
9DAK,A,B,../../GraPPI_data/PDB/new_dimer_db/9DAK.pdb,new_dimer_db,9DAK,3,True
9DBN,A,B,../../GraPPI_data/PDB/new_dimer_db/9DBN.pdb,new_dimer_db,9DBN,1,True
9DCY,B,A,../../GraPPI_data/PDB/new_dimer_db/9DCY.pdb,new_dimer_db,9DCY,1,True
9DD3,A,B,../../GraPPI_data/PDB/new_dimer_db/9DD3.pdb,new_dimer_db,9DD3,1,True
9DDT,A,B,../../GraPPI_data/PDB/new_dimer_db/9DDT.pdb,new_dimer_db,9DDT,1,True
9DEK,A,C,../../GraPPI_data/PDB/new_dimer_db/9DEK.pdb,new_dimer_db,9DEK,1,True
9DEL,A,C,../../GraPPI_data/PDB/new_dimer_db/9DEL.pdb,new_dimer_db,9DEL,1,True
9DEM,A,G,../../GraPPI_data/PDB/new_dimer_db/9DEM.pdb,new_dimer_db,9DEM,1,True
9DEN,D,B,../../GraPPI_data/PDB/new_dimer_db/9DEN.pdb,new_dimer_db,9DEN,1,True
9DEO,D,A,../../GraPPI_data/PDB/new_dimer_db/9DEO.pdb,new_dimer_db,9DEO,1,True
9DEP,A,C,../../GraPPI_data/PDB/new_dimer_db/9DEP.pdb,new_dimer_db,9DEP,1,True
9DGO,A,D,../../GraPPI_data/PDB/new_dimer_db/9DGO.pdb,new_dimer_db,9DGO,1,True
9DIS,A,B,../../GraPPI_data/PDB/new_dimer_db/9DIS.pdb,new_dimer_db,9DIS,1,True
9DK3,A,B,../../GraPPI_data/PDB/new_dimer_db/9DK3.pdb,new_dimer_db,9DK3,3,True
9DNO,A,B,../../GraPPI_data/PDB/new_dimer_db/9DNO.pdb,new_dimer_db,9DNO,1,True
9DPF,B,A,../../GraPPI_data/PDB/new_dimer_db/9DPF.pdb,new_dimer_db,9DPF,1,True
9DVH,D,A,../../GraPPI_data/PDB/new_dimer_db/9DVH.pdb,new_dimer_db,9DVH,7,True
9DW9,A,G,../../GraPPI_data/PDB/new_dimer_db/9DW9.pdb,new_dimer_db,9DW9,2,True
9DZ6,A,B,../../GraPPI_data/PDB/new_dimer_db/9DZ6.pdb,new_dimer_db,9DZ6,2,True
9E0V,A,B,../../GraPPI_data/PDB/new_dimer_db/9E0V.pdb,new_dimer_db,9E0V,1,True
9E0W,A,C,../../GraPPI_data/PDB/new_dimer_db/9E0W.pdb,new_dimer_db,9E0W,7,True
9E1J,B,A,../../GraPPI_data/PDB/new_dimer_db/9E1J.pdb,new_dimer_db,9E1J,2,True
9E2T,A,B,../../GraPPI_data/PDB/new_dimer_db/9E2T.pdb,new_dimer_db,9E2T,1,True
9E6Y,D,A,../../GraPPI_data/PDB/new_dimer_db/9E6Y.pdb,new_dimer_db,9E6Y,2,True
9E7N,B,D,../../GraPPI_data/PDB/new_dimer_db/9E7N.pdb,new_dimer_db,9E7N,1,True
9E7O,A,B,../../GraPPI_data/PDB/new_dimer_db/9E7O.pdb,new_dimer_db,9E7O,1,True
9E7P,A,B,../../GraPPI_data/PDB/new_dimer_db/9E7P.pdb,new_dimer_db,9E7P,1,True
9E83,B,A,../../GraPPI_data/PDB/new_dimer_db/9E83.pdb,new_dimer_db,9E83,3,True
9E8B,A,B,../../GraPPI_data/PDB/new_dimer_db/9E8B.pdb,new_dimer_db,9E8B,4,True
9E8P,A,C,../../GraPPI_data/PDB/new_dimer_db/9E8P.pdb,new_dimer_db,9E8P,1,True
9E9G,A,B,../../GraPPI_data/PDB/new_dimer_db/9E9G.pdb,new_dimer_db,9E9G,1,True
9EGW,A,B,../../GraPPI_data/PDB/new_dimer_db/9EGW.pdb,new_dimer_db,9EGW,1,True
9EI2,A,U,../../GraPPI_data/PDB/new_dimer_db/9EI2.pdb,new_dimer_db,9EI2,1,True
9EJW,A,B,../../GraPPI_data/PDB/new_dimer_db/9EJW.pdb,new_dimer_db,9EJW,1,True
9EKE,A,C,../../GraPPI_data/PDB/new_dimer_db/9EKE.pdb,new_dimer_db,9EKE,2,True
9EMZ,A,C,../../GraPPI_data/PDB/new_dimer_db/9EMZ.pdb,new_dimer_db,9EMZ,3,True
9ENA,A,B,../../GraPPI_data/PDB/new_dimer_db/9ENA.pdb,new_dimer_db,9ENA,1,True
9EQ6,B,A,../../GraPPI_data/PDB/new_dimer_db/9EQ6.pdb,new_dimer_db,9EQ6,1,True
9ERT,A,B,../../GraPPI_data/PDB/new_dimer_db/9ERT.pdb,new_dimer_db,9ERT,1,True
9ERV,A,B,../../GraPPI_data/PDB/new_dimer_db/9ERV.pdb,new_dimer_db,9ERV,1,True
9ERW,E,B,../../GraPPI_data/PDB/new_dimer_db/9ERW.pdb,new_dimer_db,9ERW,1,True
9ETJ,A,C,../../GraPPI_data/PDB/new_dimer_db/9ETJ.pdb,new_dimer_db,9ETJ,1,True
9ETL,D,A,../../GraPPI_data/PDB/new_dimer_db/9ETL.pdb,new_dimer_db,9ETL,1,True
9EXS,A,B,../../GraPPI_data/PDB/new_dimer_db/9EXS.pdb,new_dimer_db,9EXS,3,True
9EYA,A,C,../../GraPPI_data/PDB/new_dimer_db/9EYA.pdb,new_dimer_db,9EYA,1,True
9EZW,B,A,../../GraPPI_data/PDB/new_dimer_db/9EZW.pdb,new_dimer_db,9EZW,9,True
9EZY,A,B,../../GraPPI_data/PDB/new_dimer_db/9EZY.pdb,new_dimer_db,9EZY,1,True
9F22,A,B,../../GraPPI_data/PDB/new_dimer_db/9F22.pdb,new_dimer_db,9F22,4,True
9F24,A,C,../../GraPPI_data/PDB/new_dimer_db/9F24.pdb,new_dimer_db,9F24,2,True
9F28,A,B,../../GraPPI_data/PDB/new_dimer_db/9F28.pdb,new_dimer_db,9F28,1,True
9F2B,A,B,../../GraPPI_data/PDB/new_dimer_db/9F2B.pdb,new_dimer_db,9F2B,1,True
9F2D,A,B,../../GraPPI_data/PDB/new_dimer_db/9F2D.pdb,new_dimer_db,9F2D,1,True
9F5T,B,A,../../GraPPI_data/PDB/new_dimer_db/9F5T.pdb,new_dimer_db,9F5T,1,True
9F6Y,A,B,../../GraPPI_data/PDB/new_dimer_db/9F6Y.pdb,new_dimer_db,9F6Y,1,True
9F7I,A,B,../../GraPPI_data/PDB/new_dimer_db/9F7I.pdb,new_dimer_db,9F7I,2,True
9F7W,A,B,../../GraPPI_data/PDB/new_dimer_db/9F7W.pdb,new_dimer_db,9F7W,1,True
9F7X,A,B,../../GraPPI_data/PDB/new_dimer_db/9F7X.pdb,new_dimer_db,9F7X,1,True
9F7Z,A,B,../../GraPPI_data/PDB/new_dimer_db/9F7Z.pdb,new_dimer_db,9F7Z,1,True
9F8E,B,A,../../GraPPI_data/PDB/new_dimer_db/9F8E.pdb,new_dimer_db,9F8E,1,True
9F8F,B,A,../../GraPPI_data/PDB/new_dimer_db/9F8F.pdb,new_dimer_db,9F8F,1,True
9FC2,A,B,../../GraPPI_data/PDB/new_dimer_db/9FC2.pdb,new_dimer_db,9FC2,5,True
9FH0,A,G,../../GraPPI_data/PDB/new_dimer_db/9FH0.pdb,new_dimer_db,9FH0,1,True
9FIE,B,A,../../GraPPI_data/PDB/new_dimer_db/9FIE.pdb,new_dimer_db,9FIE,2,True
9FKA,A,B,../../GraPPI_data/PDB/new_dimer_db/9FKA.pdb,new_dimer_db,9FKA,4,True
9FQW,A,B,../../GraPPI_data/PDB/new_dimer_db/9FQW.pdb,new_dimer_db,9FQW,4,True
9FT9,A,B,../../GraPPI_data/PDB/new_dimer_db/9FT9.pdb,new_dimer_db,9FT9,1,True
9FU3,A,C,../../GraPPI_data/PDB/new_dimer_db/9FU3.pdb,new_dimer_db,9FU3,1,True
9FUC,A,B,../../GraPPI_data/PDB/new_dimer_db/9FUC.pdb,new_dimer_db,9FUC,6,True
9FVB,A,C,../../GraPPI_data/PDB/new_dimer_db/9FVB.pdb,new_dimer_db,9FVB,1,True
9FVC,H,A,../../GraPPI_data/PDB/new_dimer_db/9FVC.pdb,new_dimer_db,9FVC,1,True
9FWW,A,B,../../GraPPI_data/PDB/new_dimer_db/9FWW.pdb,new_dimer_db,9FWW,1,True
9FZB,A,E,../../GraPPI_data/PDB/new_dimer_db/9FZB.pdb,new_dimer_db,9FZB,2,True
9FZC,A,C,../../GraPPI_data/PDB/new_dimer_db/9FZC.pdb,new_dimer_db,9FZC,1,True
9FZD,A,B,../../GraPPI_data/PDB/new_dimer_db/9FZD.pdb,new_dimer_db,9FZD,1,True
9FZK,A,B,../../GraPPI_data/PDB/new_dimer_db/9FZK.pdb,new_dimer_db,9FZK,20,True
9G09,B,A,../../GraPPI_data/PDB/new_dimer_db/9G09.pdb,new_dimer_db,9G09,2,True
9G0D,B,C,../../GraPPI_data/PDB/new_dimer_db/9G0D.pdb,new_dimer_db,9G0D,8,True
9G4A,A,B,../../GraPPI_data/PDB/new_dimer_db/9G4A.pdb,new_dimer_db,9G4A,6,True
9G6Z,A,B,../../GraPPI_data/PDB/new_dimer_db/9G6Z.pdb,new_dimer_db,9G6Z,1,True
9G7G,B,A,../../GraPPI_data/PDB/new_dimer_db/9G7G.pdb,new_dimer_db,9G7G,1,True
9G7U,A,B,../../GraPPI_data/PDB/new_dimer_db/9G7U.pdb,new_dimer_db,9G7U,1,True
9G87,A,B,../../GraPPI_data/PDB/new_dimer_db/9G87.pdb,new_dimer_db,9G87,7,True
9G8I,A,C,../../GraPPI_data/PDB/new_dimer_db/9G8I.pdb,new_dimer_db,9G8I,1,True
9G8U,A,B,../../GraPPI_data/PDB/new_dimer_db/9G8U.pdb,new_dimer_db,9G8U,2,True
9G97,A,B,../../GraPPI_data/PDB/new_dimer_db/9G97.pdb,new_dimer_db,9G97,2,True
9GAU,A,B,../../GraPPI_data/PDB/new_dimer_db/9GAU.pdb,new_dimer_db,9GAU,1,True
9GBC,A,B,../../GraPPI_data/PDB/new_dimer_db/9GBC.pdb,new_dimer_db,9GBC,1,True
9GBZ,B,C,../../GraPPI_data/PDB/new_dimer_db/9GBZ.pdb,new_dimer_db,9GBZ,1,True
9GCN,D,Z,../../GraPPI_data/PDB/new_dimer_db/9GCN.pdb,new_dimer_db,9GCN,1,True
9GF8,A,B,../../GraPPI_data/PDB/new_dimer_db/9GF8.pdb,new_dimer_db,9GF8,3,True
9GFC,A,E,../../GraPPI_data/PDB/new_dimer_db/9GFC.pdb,new_dimer_db,9GFC,1,True
9GLU,A,C,../../GraPPI_data/PDB/new_dimer_db/9GLU.pdb,new_dimer_db,9GLU,1,True
9GLW,A,B,../../GraPPI_data/PDB/new_dimer_db/9GLW.pdb,new_dimer_db,9GLW,1,True
9GLX,E,V,../../GraPPI_data/PDB/new_dimer_db/9GLX.pdb,new_dimer_db,9GLX,1,True
9GLZ,A,C,../../GraPPI_data/PDB/new_dimer_db/9GLZ.pdb,new_dimer_db,9GLZ,1,True
9GNB,A,B,../../GraPPI_data/PDB/new_dimer_db/9GNB.pdb,new_dimer_db,9GNB,1,True
9GOE,A,B,../../GraPPI_data/PDB/new_dimer_db/9GOE.pdb,new_dimer_db,9GOE,1,True
9GRJ,A,M,../../GraPPI_data/PDB/new_dimer_db/9GRJ.pdb,new_dimer_db,9GRJ,1,True
9GS7,A,B,../../GraPPI_data/PDB/new_dimer_db/9GS7.pdb,new_dimer_db,9GS7,2,True
9GSG,A,B,../../GraPPI_data/PDB/new_dimer_db/9GSG.pdb,new_dimer_db,9GSG,2,True
9GSH,A,B,../../GraPPI_data/PDB/new_dimer_db/9GSH.pdb,new_dimer_db,9GSH,3,True
9GSM,A,M,../../GraPPI_data/PDB/new_dimer_db/9GSM.pdb,new_dimer_db,9GSM,1,True
9GSU,A,C,../../GraPPI_data/PDB/new_dimer_db/9GSU.pdb,new_dimer_db,9GSU,1,True
9GTB,A,B,../../GraPPI_data/PDB/new_dimer_db/9GTB.pdb,new_dimer_db,9GTB,1,True
9GTK,B,A,../../GraPPI_data/PDB/new_dimer_db/9GTK.pdb,new_dimer_db,9GTK,1,True
9GUC,A,B,../../GraPPI_data/PDB/new_dimer_db/9GUC.pdb,new_dimer_db,9GUC,1,True
9GVL,H,A,../../GraPPI_data/PDB/new_dimer_db/9GVL.pdb,new_dimer_db,9GVL,1,True
9H01,A,B,../../GraPPI_data/PDB/new_dimer_db/9H01.pdb,new_dimer_db,9H01,1,True
9H0C,A,B,../../GraPPI_data/PDB/new_dimer_db/9H0C.pdb,new_dimer_db,9H0C,2,True
9H1F,A,B,../../GraPPI_data/PDB/new_dimer_db/9H1F.pdb,new_dimer_db,9H1F,1,True
9H1J,A,E,../../GraPPI_data/PDB/new_dimer_db/9H1J.pdb,new_dimer_db,9H1J,1,True
9H39,A,C,../../GraPPI_data/PDB/new_dimer_db/9H39.pdb,new_dimer_db,9H39,1,True
9H66,B,G,../../GraPPI_data/PDB/new_dimer_db/9H66.pdb,new_dimer_db,9H66,7,True
9H6E,D,C,../../GraPPI_data/PDB/new_dimer_db/9H6E.pdb,new_dimer_db,9H6E,1,True
9H6R,A,B,../../GraPPI_data/PDB/new_dimer_db/9H6R.pdb,new_dimer_db,9H6R,3,True
9H71,A,C,../../GraPPI_data/PDB/new_dimer_db/9H71.pdb,new_dimer_db,9H71,1,True
9H76,A,B,../../GraPPI_data/PDB/new_dimer_db/9H76.pdb,new_dimer_db,9H76,1,True
9H77,A,C,../../GraPPI_data/PDB/new_dimer_db/9H77.pdb,new_dimer_db,9H77,1,True
9H8R,A,B,../../GraPPI_data/PDB/new_dimer_db/9H8R.pdb,new_dimer_db,9H8R,1,True
9HAC,B,A,../../GraPPI_data/PDB/new_dimer_db/9HAC.pdb,new_dimer_db,9HAC,1,True
9HAD,D,A,../../GraPPI_data/PDB/new_dimer_db/9HAD.pdb,new_dimer_db,9HAD,1,True
9HDF,a,A,../../GraPPI_data/PDB/new_dimer_db/9HDF.pdb,new_dimer_db,9HDF,3,True
9HDH,A,C,../../GraPPI_data/PDB/new_dimer_db/9HDH.pdb,new_dimer_db,9HDH,1,True
9HDK,A,C,../../GraPPI_data/PDB/new_dimer_db/9HDK.pdb,new_dimer_db,9HDK,1,True
9HEL,A,B,../../GraPPI_data/PDB/new_dimer_db/9HEL.pdb,new_dimer_db,9HEL,1,True
9HFU,D,A,../../GraPPI_data/PDB/new_dimer_db/9HFU.pdb,new_dimer_db,9HFU,1,True
9HFV,A,B,../../GraPPI_data/PDB/new_dimer_db/9HFV.pdb,new_dimer_db,9HFV,1,True
9HFW,A,B,../../GraPPI_data/PDB/new_dimer_db/9HFW.pdb,new_dimer_db,9HFW,1,True
9HGC,B,A,../../GraPPI_data/PDB/new_dimer_db/9HGC.pdb,new_dimer_db,9HGC,1,True
9HGD,B,A,../../GraPPI_data/PDB/new_dimer_db/9HGD.pdb,new_dimer_db,9HGD,1,True
9HGG,A,B,../../GraPPI_data/PDB/new_dimer_db/9HGG.pdb,new_dimer_db,9HGG,1,True
9HGH,A,B,../../GraPPI_data/PDB/new_dimer_db/9HGH.pdb,new_dimer_db,9HGH,1,True
9HIH,H,L,../../GraPPI_data/PDB/new_dimer_db/9HIH.pdb,new_dimer_db,9HIH,1,True
9HJK,A,B,../../GraPPI_data/PDB/new_dimer_db/9HJK.pdb,new_dimer_db,9HJK,1,True
9HL2,A,B,../../GraPPI_data/PDB/new_dimer_db/9HL2.pdb,new_dimer_db,9HL2,1,True
9HLL,A,C,../../GraPPI_data/PDB/new_dimer_db/9HLL.pdb,new_dimer_db,9HLL,2,True
9HMM,A,B,../../GraPPI_data/PDB/new_dimer_db/9HMM.pdb,new_dimer_db,9HMM,3,True
9HMV,A,B,../../GraPPI_data/PDB/new_dimer_db/9HMV.pdb,new_dimer_db,9HMV,4,True
9HMX,A,B,../../GraPPI_data/PDB/new_dimer_db/9HMX.pdb,new_dimer_db,9HMX,1,True
9HN4,A,B,../../GraPPI_data/PDB/new_dimer_db/9HN4.pdb,new_dimer_db,9HN4,1,True
9HN5,B,A,../../GraPPI_data/PDB/new_dimer_db/9HN5.pdb,new_dimer_db,9HN5,1,True
9HN9,A,B,../../GraPPI_data/PDB/new_dimer_db/9HN9.pdb,new_dimer_db,9HN9,8,True
9HNZ,A,B,../../GraPPI_data/PDB/new_dimer_db/9HNZ.pdb,new_dimer_db,9HNZ,18,True
9HO6,A,C,../../GraPPI_data/PDB/new_dimer_db/9HO6.pdb,new_dimer_db,9HO6,3,True
9HPG,B,C,../../GraPPI_data/PDB/new_dimer_db/9HPG.pdb,new_dimer_db,9HPG,2,True
9HPS,A,B,../../GraPPI_data/PDB/new_dimer_db/9HPS.pdb,new_dimer_db,9HPS,1,True
9HQ5,A,B,../../GraPPI_data/PDB/new_dimer_db/9HQ5.pdb,new_dimer_db,9HQ5,1,True
9HRE,C,D,../../GraPPI_data/PDB/new_dimer_db/9HRE.pdb,new_dimer_db,9HRE,2,True
9HU3,A,B,../../GraPPI_data/PDB/new_dimer_db/9HU3.pdb,new_dimer_db,9HU3,1,True
9HUR,A,B,../../GraPPI_data/PDB/new_dimer_db/9HUR.pdb,new_dimer_db,9HUR,1,True
9HYT,D,A,../../GraPPI_data/PDB/new_dimer_db/9HYT.pdb,new_dimer_db,9HYT,1,True
9HZK,B,A,../../GraPPI_data/PDB/new_dimer_db/9HZK.pdb,new_dimer_db,9HZK,2,True
9I0E,A,B,../../GraPPI_data/PDB/new_dimer_db/9I0E.pdb,new_dimer_db,9I0E,1,True
9I0O,A,B,../../GraPPI_data/PDB/new_dimer_db/9I0O.pdb,new_dimer_db,9I0O,1,True
9I20,A,B,../../GraPPI_data/PDB/new_dimer_db/9I20.pdb,new_dimer_db,9I20,4,True
9I25,C,A,../../GraPPI_data/PDB/new_dimer_db/9I25.pdb,new_dimer_db,9I25,1,True
9I5R,A,B,../../GraPPI_data/PDB/new_dimer_db/9I5R.pdb,new_dimer_db,9I5R,1,True
9I9Z,A,B,../../GraPPI_data/PDB/new_dimer_db/9I9Z.pdb,new_dimer_db,9I9Z,6,True
9IA0,A,B,../../GraPPI_data/PDB/new_dimer_db/9IA0.pdb,new_dimer_db,9IA0,2,True
9IIC,B,C,../../GraPPI_data/PDB/new_dimer_db/9IIC.pdb,new_dimer_db,9IIC,1,True
9ILD,A,B,../../GraPPI_data/PDB/new_dimer_db/9ILD.pdb,new_dimer_db,9ILD,1,True
9ILS,A,B,../../GraPPI_data/PDB/new_dimer_db/9ILS.pdb,new_dimer_db,9ILS,2,True
9IM6,A,B,../../GraPPI_data/PDB/new_dimer_db/9IM6.pdb,new_dimer_db,9IM6,1,True
9IMU,A,C,../../GraPPI_data/PDB/new_dimer_db/9IMU.pdb,new_dimer_db,9IMU,9,True
9IMX,A,C,../../GraPPI_data/PDB/new_dimer_db/9IMX.pdb,new_dimer_db,9IMX,1,True
9IP6,A,C,../../GraPPI_data/PDB/new_dimer_db/9IP6.pdb,new_dimer_db,9IP6,2,True
9IP7,A,D,../../GraPPI_data/PDB/new_dimer_db/9IP7.pdb,new_dimer_db,9IP7,1,True
9IPB,A,D,../../GraPPI_data/PDB/new_dimer_db/9IPB.pdb,new_dimer_db,9IPB,1,True
9IQG,A,B,../../GraPPI_data/PDB/new_dimer_db/9IQG.pdb,new_dimer_db,9IQG,20,True
9IQP,A,B,../../GraPPI_data/PDB/new_dimer_db/9IQP.pdb,new_dimer_db,9IQP,2,True
9IQV,A,B,../../GraPPI_data/PDB/new_dimer_db/9IQV.pdb,new_dimer_db,9IQV,3,True
9IRO,A,B,../../GraPPI_data/PDB/new_dimer_db/9IRO.pdb,new_dimer_db,9IRO,7,True
9ISH,D,C,../../GraPPI_data/PDB/new_dimer_db/9ISH.pdb,new_dimer_db,9ISH,1,True
9IT4,B,F,../../GraPPI_data/PDB/new_dimer_db/9IT4.pdb,new_dimer_db,9IT4,1,True
9IUI,B,A,../../GraPPI_data/PDB/new_dimer_db/9IUI.pdb,new_dimer_db,9IUI,1,True
9IWJ,A,E,../../GraPPI_data/PDB/new_dimer_db/9IWJ.pdb,new_dimer_db,9IWJ,1,True
9IWL,A,B,../../GraPPI_data/PDB/new_dimer_db/9IWL.pdb,new_dimer_db,9IWL,1,True
9IWN,A,B,../../GraPPI_data/PDB/new_dimer_db/9IWN.pdb,new_dimer_db,9IWN,1,True
9IWO,A,B,../../GraPPI_data/PDB/new_dimer_db/9IWO.pdb,new_dimer_db,9IWO,1,True
9IX6,C,A,../../GraPPI_data/PDB/new_dimer_db/9IX6.pdb,new_dimer_db,9IX6,1,True
9IZN,B,A,../../GraPPI_data/PDB/new_dimer_db/9IZN.pdb,new_dimer_db,9IZN,1,True
9J3J,A,B,../../GraPPI_data/PDB/new_dimer_db/9J3J.pdb,new_dimer_db,9J3J,1,True
9J3M,A,B,../../GraPPI_data/PDB/new_dimer_db/9J3M.pdb,new_dimer_db,9J3M,2,True
9J3N,B,A,../../GraPPI_data/PDB/new_dimer_db/9J3N.pdb,new_dimer_db,9J3N,1,True
9J3O,A,B,../../GraPPI_data/PDB/new_dimer_db/9J3O.pdb,new_dimer_db,9J3O,1,True
9J4P,B,A,../../GraPPI_data/PDB/new_dimer_db/9J4P.pdb,new_dimer_db,9J4P,2,True
9J5E,A,B,../../GraPPI_data/PDB/new_dimer_db/9J5E.pdb,new_dimer_db,9J5E,1,True
9J6K,A,B,../../GraPPI_data/PDB/new_dimer_db/9J6K.pdb,new_dimer_db,9J6K,1,True
9J7Y,G,H,../../GraPPI_data/PDB/new_dimer_db/9J7Y.pdb,new_dimer_db,9J7Y,1,True
9J9W,A,B,../../GraPPI_data/PDB/new_dimer_db/9J9W.pdb,new_dimer_db,9J9W,1,True
9JA3,A,B,../../GraPPI_data/PDB/new_dimer_db/9JA3.pdb,new_dimer_db,9JA3,10,True
9JDD,A,B,../../GraPPI_data/PDB/new_dimer_db/9JDD.pdb,new_dimer_db,9JDD,1,True
9JDI,A,C,../../GraPPI_data/PDB/new_dimer_db/9JDI.pdb,new_dimer_db,9JDI,1,True
9JEB,B,A,../../GraPPI_data/PDB/new_dimer_db/9JEB.pdb,new_dimer_db,9JEB,1,True
9JF2,D,A,../../GraPPI_data/PDB/new_dimer_db/9JF2.pdb,new_dimer_db,9JF2,1,True
9JFN,A,E,../../GraPPI_data/PDB/new_dimer_db/9JFN.pdb,new_dimer_db,9JFN,3,True
9JG3,A,E,../../GraPPI_data/PDB/new_dimer_db/9JG3.pdb,new_dimer_db,9JG3,2,True
9JM7,B,A,../../GraPPI_data/PDB/new_dimer_db/9JM7.pdb,new_dimer_db,9JM7,1,True
9JM8,A,B,../../GraPPI_data/PDB/new_dimer_db/9JM8.pdb,new_dimer_db,9JM8,1,True
9JNM,A,B,../../GraPPI_data/PDB/new_dimer_db/9JNM.pdb,new_dimer_db,9JNM,2,True
9JSP,A,B,../../GraPPI_data/PDB/new_dimer_db/9JSP.pdb,new_dimer_db,9JSP,1,True
9JTA,B,C,../../GraPPI_data/PDB/new_dimer_db/9JTA.pdb,new_dimer_db,9JTA,1,True
9JU4,A,B,../../GraPPI_data/PDB/new_dimer_db/9JU4.pdb,new_dimer_db,9JU4,1,True
9JUA,C,D,../../GraPPI_data/PDB/new_dimer_db/9JUA.pdb,new_dimer_db,9JUA,1,True
9JVT,v,g,../../GraPPI_data/PDB/new_dimer_db/9JVT.pdb,new_dimer_db,9JVT,1,True
9JW0,A,B,../../GraPPI_data/PDB/new_dimer_db/9JW0.pdb,new_dimer_db,9JW0,3,True
9JWA,B,A,../../GraPPI_data/PDB/new_dimer_db/9JWA.pdb,new_dimer_db,9JWA,1,True
9JWG,B,A,../../GraPPI_data/PDB/new_dimer_db/9JWG.pdb,new_dimer_db,9JWG,1,True
9K1L,A,B,../../GraPPI_data/PDB/new_dimer_db/9K1L.pdb,new_dimer_db,9K1L,2,True
9K1N,B,C,../../GraPPI_data/PDB/new_dimer_db/9K1N.pdb,new_dimer_db,9K1N,1,True
9K3E,B,C,../../GraPPI_data/PDB/new_dimer_db/9K3E.pdb,new_dimer_db,9K3E,1,True
9K7U,A,B,../../GraPPI_data/PDB/new_dimer_db/9K7U.pdb,new_dimer_db,9K7U,1,True
9KCK,A,B,../../GraPPI_data/PDB/new_dimer_db/9KCK.pdb,new_dimer_db,9KCK,27,True
9KDG,A,F,../../GraPPI_data/PDB/new_dimer_db/9KDG.pdb,new_dimer_db,9KDG,1,True
9KKB,A,B,../../GraPPI_data/PDB/new_dimer_db/9KKB.pdb,new_dimer_db,9KKB,3,True
9KO6,C,R,../../GraPPI_data/PDB/new_dimer_db/9KO6.pdb,new_dimer_db,9KO6,1,True
9KP1,A,B,../../GraPPI_data/PDB/new_dimer_db/9KP1.pdb,new_dimer_db,9KP1,1,True
9KQC,A,B,../../GraPPI_data/PDB/new_dimer_db/9KQC.pdb,new_dimer_db,9KQC,1,True
9KQS,B,A,../../GraPPI_data/PDB/new_dimer_db/9KQS.pdb,new_dimer_db,9KQS,1,True
9KXW,A,B,../../GraPPI_data/PDB/new_dimer_db/9KXW.pdb,new_dimer_db,9KXW,4,True
9L14,A,B,../../GraPPI_data/PDB/new_dimer_db/9L14.pdb,new_dimer_db,9L14,1,True
9L16,L,R,../../GraPPI_data/PDB/new_dimer_db/9L16.pdb,new_dimer_db,9L16,1,True
9L5U,A,C,../../GraPPI_data/PDB/new_dimer_db/9L5U.pdb,new_dimer_db,9L5U,2,True
9L93,A,C,../../GraPPI_data/PDB/new_dimer_db/9L93.pdb,new_dimer_db,9L93,1,True
9LAD,B,C,../../GraPPI_data/PDB/new_dimer_db/9LAD.pdb,new_dimer_db,9LAD,1,True
9LDS,B,A,../../GraPPI_data/PDB/new_dimer_db/9LDS.pdb,new_dimer_db,9LDS,1,True
9LEQ,A,B,../../GraPPI_data/PDB/new_dimer_db/9LEQ.pdb,new_dimer_db,9LEQ,1,True
9LGW,A,B,../../GraPPI_data/PDB/new_dimer_db/9LGW.pdb,new_dimer_db,9LGW,2,True
9LH2,B,A,../../GraPPI_data/PDB/new_dimer_db/9LH2.pdb,new_dimer_db,9LH2,1,True
9LHZ,A,H,../../GraPPI_data/PDB/new_dimer_db/9LHZ.pdb,new_dimer_db,9LHZ,1,True
9LI8,A,B,../../GraPPI_data/PDB/new_dimer_db/9LI8.pdb,new_dimer_db,9LI8,2,True
9LKJ,A,C,../../GraPPI_data/PDB/new_dimer_db/9LKJ.pdb,new_dimer_db,9LKJ,1,True
9LKZ,A,C,../../GraPPI_data/PDB/new_dimer_db/9LKZ.pdb,new_dimer_db,9LKZ,2,True
9LME,B,C,../../GraPPI_data/PDB/new_dimer_db/9LME.pdb,new_dimer_db,9LME,1,True
9LP2,A,C,../../GraPPI_data/PDB/new_dimer_db/9LP2.pdb,new_dimer_db,9LP2,1,True
9LS0,A,B,../../GraPPI_data/PDB/new_dimer_db/9LS0.pdb,new_dimer_db,9LS0,1,True
9LTP,B,A,../../GraPPI_data/PDB/new_dimer_db/9LTP.pdb,new_dimer_db,9LTP,1,True
9LXG,A,B,../../GraPPI_data/PDB/new_dimer_db/9LXG.pdb,new_dimer_db,9LXG,1,True
9M3F,A,B,../../GraPPI_data/PDB/new_dimer_db/9M3F.pdb,new_dimer_db,9M3F,1,True
9M5Y,A,B,../../GraPPI_data/PDB/new_dimer_db/9M5Y.pdb,new_dimer_db,9M5Y,1,True
9M6O,H,C,../../GraPPI_data/PDB/new_dimer_db/9M6O.pdb,new_dimer_db,9M6O,2,True
9MAP,A,B,../../GraPPI_data/PDB/new_dimer_db/9MAP.pdb,new_dimer_db,9MAP,1,True
9ME8,A,B,../../GraPPI_data/PDB/new_dimer_db/9ME8.pdb,new_dimer_db,9ME8,1,True
9MF0,B,A,../../GraPPI_data/PDB/new_dimer_db/9MF0.pdb,new_dimer_db,9MF0,3,True
9MF4,A,B,../../GraPPI_data/PDB/new_dimer_db/9MF4.pdb,new_dimer_db,9MF4,1,True
9MFG,C,F,../../GraPPI_data/PDB/new_dimer_db/9MFG.pdb,new_dimer_db,9MFG,1,True
9MFY,B,A,../../GraPPI_data/PDB/new_dimer_db/9MFY.pdb,new_dimer_db,9MFY,2,True
9MIK,C,E,../../GraPPI_data/PDB/new_dimer_db/9MIK.pdb,new_dimer_db,9MIK,1,True
9MK9,A,B,../../GraPPI_data/PDB/new_dimer_db/9MK9.pdb,new_dimer_db,9MK9,1,True
9MLU,A,C,../../GraPPI_data/PDB/new_dimer_db/9MLU.pdb,new_dimer_db,9MLU,1,True
9MN7,B,E,../../GraPPI_data/PDB/new_dimer_db/9MN7.pdb,new_dimer_db,9MN7,4,True
9MPT,B,A,../../GraPPI_data/PDB/new_dimer_db/9MPT.pdb,new_dimer_db,9MPT,1,True
9MQ5,A,B,../../GraPPI_data/PDB/new_dimer_db/9MQ5.pdb,new_dimer_db,9MQ5,1,True
9MTX,A,B,../../GraPPI_data/PDB/new_dimer_db/9MTX.pdb,new_dimer_db,9MTX,1,True
9MVV,A,C,../../GraPPI_data/PDB/new_dimer_db/9MVV.pdb,new_dimer_db,9MVV,1,True
9MVW,A,B,../../GraPPI_data/PDB/new_dimer_db/9MVW.pdb,new_dimer_db,9MVW,4,True
9N1Z,B,A,../../GraPPI_data/PDB/new_dimer_db/9N1Z.pdb,new_dimer_db,9N1Z,2,True
9N28,A,B,../../GraPPI_data/PDB/new_dimer_db/9N28.pdb,new_dimer_db,9N28,1,True
9N2F,F,A,../../GraPPI_data/PDB/new_dimer_db/9N2F.pdb,new_dimer_db,9N2F,1,True
9N7E,A,B,../../GraPPI_data/PDB/new_dimer_db/9N7E.pdb,new_dimer_db,9N7E,8,True
9N87,A,B,../../GraPPI_data/PDB/new_dimer_db/9N87.pdb,new_dimer_db,9N87,1,True
9NEB,A,C,../../GraPPI_data/PDB/new_dimer_db/9NEB.pdb,new_dimer_db,9NEB,4,True
9NF8,A,B,../../GraPPI_data/PDB/new_dimer_db/9NF8.pdb,new_dimer_db,9NF8,1,True
9NK9,A,B,../../GraPPI_data/PDB/new_dimer_db/9NK9.pdb,new_dimer_db,9NK9,1,True
9NKM,B,A,../../GraPPI_data/PDB/new_dimer_db/9NKM.pdb,new_dimer_db,9NKM,2,True
9NKN,A,B,../../GraPPI_data/PDB/new_dimer_db/9NKN.pdb,new_dimer_db,9NKN,5,True
9NLO,A,B,../../GraPPI_data/PDB/new_dimer_db/9NLO.pdb,new_dimer_db,9NLO,1,True
9NLT,B,A,../../GraPPI_data/PDB/new_dimer_db/9NLT.pdb,new_dimer_db,9NLT,1,True
9NN6,A,B,../../GraPPI_data/PDB/new_dimer_db/9NN6.pdb,new_dimer_db,9NN6,1,True
9NN9,B,A,../../GraPPI_data/PDB/new_dimer_db/9NN9.pdb,new_dimer_db,9NN9,1,True
9NP6,A,B,../../GraPPI_data/PDB/new_dimer_db/9NP6.pdb,new_dimer_db,9NP6,4,True
9NZ1,A,B,../../GraPPI_data/PDB/new_dimer_db/9NZ1.pdb,new_dimer_db,9NZ1,2,True
9NZH,A,B,../../GraPPI_data/PDB/new_dimer_db/9NZH.pdb,new_dimer_db,9NZH,1,True
9O0U,B,A,../../GraPPI_data/PDB/new_dimer_db/9O0U.pdb,new_dimer_db,9O0U,34,True
9O14,A,B,../../GraPPI_data/PDB/new_dimer_db/9O14.pdb,new_dimer_db,9O14,1,True
9O15,B,A,../../GraPPI_data/PDB/new_dimer_db/9O15.pdb,new_dimer_db,9O15,1,True
9O16,A,B,../../GraPPI_data/PDB/new_dimer_db/9O16.pdb,new_dimer_db,9O16,1,True
9O4J,A,B,../../GraPPI_data/PDB/new_dimer_db/9O4J.pdb,new_dimer_db,9O4J,2,True
9O6C,B,A,../../GraPPI_data/PDB/new_dimer_db/9O6C.pdb,new_dimer_db,9O6C,74,True
9O9I,A,B,../../GraPPI_data/PDB/new_dimer_db/9O9I.pdb,new_dimer_db,9O9I,1,True
9O9T,B,A,../../GraPPI_data/PDB/new_dimer_db/9O9T.pdb,new_dimer_db,9O9T,2,True
9OBN,A,G,../../GraPPI_data/PDB/new_dimer_db/9OBN.pdb,new_dimer_db,9OBN,1,True
9OJ3,B,A,../../GraPPI_data/PDB/new_dimer_db/9OJ3.pdb,new_dimer_db,9OJ3,1,True
9OLB,D,A,../../GraPPI_data/PDB/new_dimer_db/9OLB.pdb,new_dimer_db,9OLB,1,True
9OM4,A,B,../../GraPPI_data/PDB/new_dimer_db/9OM4.pdb,new_dimer_db,9OM4,1,True
9OXN,A,B,../../GraPPI_data/PDB/new_dimer_db/9OXN.pdb,new_dimer_db,9OXN,4,True
9OZ0,A,B,../../GraPPI_data/PDB/new_dimer_db/9OZ0.pdb,new_dimer_db,9OZ0,2,True
9P1C,A,B,../../GraPPI_data/PDB/new_dimer_db/9P1C.pdb,new_dimer_db,9P1C,1,True
9P6H,A,B,../../GraPPI_data/PDB/new_dimer_db/9P6H.pdb,new_dimer_db,9P6H,1,True
9PFN,A,B,../../GraPPI_data/PDB/new_dimer_db/9PFN.pdb,new_dimer_db,9PFN,1,True
9PFP,A,B,../../GraPPI_data/PDB/new_dimer_db/9PFP.pdb,new_dimer_db,9PFP,2,True
9PQZ,A,G,../../GraPPI_data/PDB/new_dimer_db/9PQZ.pdb,new_dimer_db,9PQZ,1,True
9PYF,A,F,../../GraPPI_data/PDB/new_dimer_db/9PYF.pdb,new_dimer_db,9PYF,1,True
9PYM,A,B,../../GraPPI_data/PDB/new_dimer_db/9PYM.pdb,new_dimer_db,9PYM,1,True
9Q15,B,A,../../GraPPI_data/PDB/new_dimer_db/9Q15.pdb,new_dimer_db,9Q15,2,True
9Q1H,A,B,../../GraPPI_data/PDB/new_dimer_db/9Q1H.pdb,new_dimer_db,9Q1H,1,True
9Q1V,B,A,../../GraPPI_data/PDB/new_dimer_db/9Q1V.pdb,new_dimer_db,9Q1V,1,True
9Q75,B,A,../../GraPPI_data/PDB/new_dimer_db/9Q75.pdb,new_dimer_db,9Q75,3,True
9Q79,B,A,../../GraPPI_data/PDB/new_dimer_db/9Q79.pdb,new_dimer_db,9Q79,3,True
9Q8O,A,B,../../GraPPI_data/PDB/new_dimer_db/9Q8O.pdb,new_dimer_db,9Q8O,1,True
9Q8Z,A,B,../../GraPPI_data/PDB/new_dimer_db/9Q8Z.pdb,new_dimer_db,9Q8Z,1,True
9QAA,A,B,../../GraPPI_data/PDB/new_dimer_db/9QAA.pdb,new_dimer_db,9QAA,2,True
9QC7,A,B,../../GraPPI_data/PDB/new_dimer_db/9QC7.pdb,new_dimer_db,9QC7,4,True
9QIV,A,B,../../GraPPI_data/PDB/new_dimer_db/9QIV.pdb,new_dimer_db,9QIV,2,True
9QN7,A,C,../../GraPPI_data/PDB/new_dimer_db/9QN7.pdb,new_dimer_db,9QN7,1,True
9QTR,A,i,../../GraPPI_data/PDB/new_dimer_db/9QTR.pdb,new_dimer_db,9QTR,1,True
9QU1,A,C,../../GraPPI_data/PDB/new_dimer_db/9QU1.pdb,new_dimer_db,9QU1,1,True
9QUG,C,A,../../GraPPI_data/PDB/new_dimer_db/9QUG.pdb,new_dimer_db,9QUG,1,True
9R0K,A,B,../../GraPPI_data/PDB/new_dimer_db/9R0K.pdb,new_dimer_db,9R0K,2,True
9R5Y,B,A,../../GraPPI_data/PDB/new_dimer_db/9R5Y.pdb,new_dimer_db,9R5Y,1,True
9R6Q,A,B,../../GraPPI_data/PDB/new_dimer_db/9R6Q.pdb,new_dimer_db,9R6Q,1,True
9R85,C,A,../../GraPPI_data/PDB/new_dimer_db/9R85.pdb,new_dimer_db,9R85,1,True
9R8C,D,A,../../GraPPI_data/PDB/new_dimer_db/9R8C.pdb,new_dimer_db,9R8C,3,True
9R8G,A,B,../../GraPPI_data/PDB/new_dimer_db/9R8G.pdb,new_dimer_db,9R8G,1,True
9RFB,A,C,../../GraPPI_data/PDB/new_dimer_db/9RFB.pdb,new_dimer_db,9RFB,1,True
9RIT,A,C,../../GraPPI_data/PDB/new_dimer_db/9RIT.pdb,new_dimer_db,9RIT,1,True
9RIU,B,A,../../GraPPI_data/PDB/new_dimer_db/9RIU.pdb,new_dimer_db,9RIU,1,True
9RS6,A,B,../../GraPPI_data/PDB/new_dimer_db/9RS6.pdb,new_dimer_db,9RS6,2,True
9RSV,A,B,../../GraPPI_data/PDB/new_dimer_db/9RSV.pdb,new_dimer_db,9RSV,2,True
9RXI,B,H,../../GraPPI_data/PDB/new_dimer_db/9RXI.pdb,new_dimer_db,9RXI,1,True
9S35,B,A,../../GraPPI_data/PDB/new_dimer_db/9S35.pdb,new_dimer_db,9S35,1,True
9S36,A,B,../../GraPPI_data/PDB/new_dimer_db/9S36.pdb,new_dimer_db,9S36,1,True
9SF2,A,B,../../GraPPI_data/PDB/new_dimer_db/9SF2.pdb,new_dimer_db,9SF2,1,True
9SXC,A,B,../../GraPPI_data/PDB/new_dimer_db/9SXC.pdb,new_dimer_db,9SXC,1,True
9U3P,A,B,../../GraPPI_data/PDB/new_dimer_db/9U3P.pdb,new_dimer_db,9U3P,4,True
9U4V,A,B,../../GraPPI_data/PDB/new_dimer_db/9U4V.pdb,new_dimer_db,9U4V,8,True
9U5Z,B,E,../../GraPPI_data/PDB/new_dimer_db/9U5Z.pdb,new_dimer_db,9U5Z,1,True
9U60,B,E,../../GraPPI_data/PDB/new_dimer_db/9U60.pdb,new_dimer_db,9U60,1,True
9U9D,A,B,../../GraPPI_data/PDB/new_dimer_db/9U9D.pdb,new_dimer_db,9U9D,1,True
9UB6,A,B,../../GraPPI_data/PDB/new_dimer_db/9UB6.pdb,new_dimer_db,9UB6,1,True
9UEP,A,C,../../GraPPI_data/PDB/new_dimer_db/9UEP.pdb,new_dimer_db,9UEP,4,True
9UGB,B,C,../../GraPPI_data/PDB/new_dimer_db/9UGB.pdb,new_dimer_db,9UGB,1,True
9UGP,A,B,../../GraPPI_data/PDB/new_dimer_db/9UGP.pdb,new_dimer_db,9UGP,2,True
9UKV,A,B,../../GraPPI_data/PDB/new_dimer_db/9UKV.pdb,new_dimer_db,9UKV,1,True
9UKY,A,B,../../GraPPI_data/PDB/new_dimer_db/9UKY.pdb,new_dimer_db,9UKY,2,True
9UTC,A,B,../../GraPPI_data/PDB/new_dimer_db/9UTC.pdb,new_dimer_db,9UTC,13,True
9UTU,B,C,../../GraPPI_data/PDB/new_dimer_db/9UTU.pdb,new_dimer_db,9UTU,1,True
9V6N,A,B,../../GraPPI_data/PDB/new_dimer_db/9V6N.pdb,new_dimer_db,9V6N,1,True
9V6Z,A,B,../../GraPPI_data/PDB/new_dimer_db/9V6Z.pdb,new_dimer_db,9V6Z,3,True
9V8D,A,B,../../GraPPI_data/PDB/new_dimer_db/9V8D.pdb,new_dimer_db,9V8D,1,True
9V8G,A,B,../../GraPPI_data/PDB/new_dimer_db/9V8G.pdb,new_dimer_db,9V8G,1,True
9V8H,A,B,../../GraPPI_data/PDB/new_dimer_db/9V8H.pdb,new_dimer_db,9V8H,1,True
9V8I,A,B,../../GraPPI_data/PDB/new_dimer_db/9V8I.pdb,new_dimer_db,9V8I,1,True
9VN5,A,C,../../GraPPI_data/PDB/new_dimer_db/9VN5.pdb,new_dimer_db,9VN5,2,True
9VXG,A,B,../../GraPPI_data/PDB/new_dimer_db/9VXG.pdb,new_dimer_db,9VXG,1,True
9WLP,B,A,../../GraPPI_data/PDB/new_dimer_db/9WLP.pdb,new_dimer_db,9WLP,2,True
9WNO,A,B,../../GraPPI_data/PDB/new_dimer_db/9WNO.pdb,new_dimer_db,9WNO,1,True
9XUB,B,A,../../GraPPI_data/PDB/new_dimer_db/9XUB.pdb,new_dimer_db,9XUB,2,True
9Y02,A,B,../../GraPPI_data/PDB/new_dimer_db/9Y02.pdb,new_dimer_db,9Y02,2,True
9Y0R,A,B,../../GraPPI_data/PDB/new_dimer_db/9Y0R.pdb,new_dimer_db,9Y0R,1,True
9YC3,A,B,../../GraPPI_data/PDB/new_dimer_db/9YC3.pdb,new_dimer_db,9YC3,1,True
9YKJ,A,B,../../GraPPI_data/PDB/new_dimer_db/9YKJ.pdb,new_dimer_db,9YKJ,1,True
9YRO,A,B,../../GraPPI_data/PDB/new_dimer_db/9YRO.pdb,new_dimer_db,9YRO,12,True
9YTZ,E,C,../../GraPPI_data/PDB/new_dimer_db/9YTZ.pdb,new_dimer_db,9YTZ,1,True
9Z5Q,A,B,../../GraPPI_data/PDB/new_dimer_db/9Z5Q.pdb,new_dimer_db,9Z5Q,1,True
9ZQ6,A,B,../../GraPPI_data/PDB/new_dimer_db/9ZQ6.pdb,new_dimer_db,9ZQ6,1,True
9ZZV,A,B,../../GraPPI_data/PDB/new_dimer_db/9ZZV.pdb,new_dimer_db,9ZZV,2,True
4DCB,A,F,../../GraPPI_data/PDB/new_dimer_db/4DCB.pdb,new_dimer_db,4DCB,1,True
6TG8,A,B,../../GraPPI_data/PDB/new_dimer_db/6TG8.pdb,new_dimer_db,6TG8,1,True
6TKA,A,B,../../GraPPI_data/PDB/new_dimer_db/6TKA.pdb,new_dimer_db,6TKA,1,True
6V41,A,B,../../GraPPI_data/PDB/new_dimer_db/6V41.pdb,new_dimer_db,6V41,1,True
6V8W,I,K,../../GraPPI_data/PDB/new_dimer_db/6V8W.pdb,new_dimer_db,6V8W,1,True
6XXX,A,B,../../GraPPI_data/PDB/new_dimer_db/6XXX.pdb,new_dimer_db,6XXX,2,True
6XY3,A,B,../../GraPPI_data/PDB/new_dimer_db/6XY3.pdb,new_dimer_db,6XY3,1,True
6Y8K,A,B,../../GraPPI_data/PDB/new_dimer_db/6Y8K.pdb,new_dimer_db,6Y8K,1,True
6YMQ,B,I,../../GraPPI_data/PDB/new_dimer_db/6YMQ.pdb,new_dimer_db,6YMQ,1,True
6ZVN,A,B,../../GraPPI_data/PDB/new_dimer_db/6ZVN.pdb,new_dimer_db,6ZVN,2,True
7AJK,A,B,../../GraPPI_data/PDB/new_dimer_db/7AJK.pdb,new_dimer_db,7AJK,1,True
7AR4,A,B,../../GraPPI_data/PDB/new_dimer_db/7AR4.pdb,new_dimer_db,7AR4,1,True
7NW1,A,D,../../GraPPI_data/PDB/new_dimer_db/7NW1.pdb,new_dimer_db,7NW1,1,True
7OIQ,A,B,../../GraPPI_data/PDB/new_dimer_db/7OIQ.pdb,new_dimer_db,7OIQ,1,True
7OIT,A,B,../../GraPPI_data/PDB/new_dimer_db/7OIT.pdb,new_dimer_db,7OIT,1,True
7OZT,A,B,../../GraPPI_data/PDB/new_dimer_db/7OZT.pdb,new_dimer_db,7OZT,1,True
7P2Z,A,B,../../GraPPI_data/PDB/new_dimer_db/7P2Z.pdb,new_dimer_db,7P2Z,1,True
7Q5T,D,I,../../GraPPI_data/PDB/new_dimer_db/7Q5T.pdb,new_dimer_db,7Q5T,1,True
7Q5U,A,L,../../GraPPI_data/PDB/new_dimer_db/7Q5U.pdb,new_dimer_db,7Q5U,1,True
7Q5W,B,L,../../GraPPI_data/PDB/new_dimer_db/7Q5W.pdb,new_dimer_db,7Q5W,1,True
7QNP,A,B,../../GraPPI_data/PDB/new_dimer_db/7QNP.pdb,new_dimer_db,7QNP,1,True
7QVK,A,B,../../GraPPI_data/PDB/new_dimer_db/7QVK.pdb,new_dimer_db,7QVK,1,True
7RTE,C,D,../../GraPPI_data/PDB/new_dimer_db/7RTE.pdb,new_dimer_db,7RTE,1,True
7RTI,C,D,../../GraPPI_data/PDB/new_dimer_db/7RTI.pdb,new_dimer_db,7RTI,1,True
7Z1E,A,B,../../GraPPI_data/PDB/new_dimer_db/7Z1E.pdb,new_dimer_db,7Z1E,5,True
8A60,A,B,../../GraPPI_data/PDB/new_dimer_db/8A60.pdb,new_dimer_db,8A60,1,True
8BE3,A,R,../../GraPPI_data/PDB/new_dimer_db/8BE3.pdb,new_dimer_db,8BE3,1,True
8BLW,A,B,../../GraPPI_data/PDB/new_dimer_db/8BLW.pdb,new_dimer_db,8BLW,1,True
8C12,A,B,../../GraPPI_data/PDB/new_dimer_db/8C12.pdb,new_dimer_db,8C12,1,True
8C5G,A,C,../../GraPPI_data/PDB/new_dimer_db/8C5G.pdb,new_dimer_db,8C5G,1,True
8CDP,A,B,../../GraPPI_data/PDB/new_dimer_db/8CDP.pdb,new_dimer_db,8CDP,1,True
8H1S,A,B,../../GraPPI_data/PDB/new_dimer_db/8H1S.pdb,new_dimer_db,8H1S,1,True
8RP6,B,C,../../GraPPI_data/PDB/new_dimer_db/8RP6.pdb,new_dimer_db,8RP6,5,True
8RTZ,A,B,../../GraPPI_data/PDB/new_dimer_db/8RTZ.pdb,new_dimer_db,8RTZ,1,True
8S1R,A,B,../../GraPPI_data/PDB/new_dimer_db/8S1R.pdb,new_dimer_db,8S1R,4,True
9DIR,A,B,../../GraPPI_data/PDB/new_dimer_db/9DIR.pdb,new_dimer_db,9DIR,1,True
9ERU,B,G,../../GraPPI_data/PDB/new_dimer_db/9ERU.pdb,new_dimer_db,9ERU,1,True
9FQK,A,B,../../GraPPI_data/PDB/new_dimer_db/9FQK.pdb,new_dimer_db,9FQK,1,True
9HAF,A,B,../../GraPPI_data/PDB/new_dimer_db/9HAF.pdb,new_dimer_db,9HAF,2,True
9JO8,A,D,../../GraPPI_data/PDB/new_dimer_db/9JO8.pdb,new_dimer_db,9JO8,1,True
9S60,A,C,../../GraPPI_data/PDB/new_dimer_db/9S60.pdb,new_dimer_db,9S60,3,True
9SQJ,A,B,../../GraPPI_data/PDB/new_dimer_db/9SQJ.pdb,new_dimer_db,9SQJ,3,True
1A0N,A,B,../../GraPPI_data/PDB/new_dimer_db/1A0N.pdb,new_dimer_db,1A0N,1,True
1A7F,A,B,../../GraPPI_data/PDB/new_dimer_db/1A7F.pdb,new_dimer_db,1A7F,1,True
1A93,A,B,../../GraPPI_data/PDB/new_dimer_db/1A93.pdb,new_dimer_db,1A93,2,True
1AOT,F,P,../../GraPPI_data/PDB/new_dimer_db/1AOT.pdb,new_dimer_db,1AOT,1,True
1AOU,F,P,../../GraPPI_data/PDB/new_dimer_db/1AOU.pdb,new_dimer_db,1AOU,1,True
1AZE,A,B,../../GraPPI_data/PDB/new_dimer_db/1AZE.pdb,new_dimer_db,1AZE,1,True
1AZG,A,B,../../GraPPI_data/PDB/new_dimer_db/1AZG.pdb,new_dimer_db,1AZG,1,True
1BI6,L,H,../../GraPPI_data/PDB/new_dimer_db/1BI6.pdb,new_dimer_db,1BI6,1,True
1BON,A,B,../../GraPPI_data/PDB/new_dimer_db/1BON.pdb,new_dimer_db,1BON,2,True
1BXL,A,B,../../GraPPI_data/PDB/new_dimer_db/1BXL.pdb,new_dimer_db,1BXL,1,True
1BXP,A,B,../../GraPPI_data/PDB/new_dimer_db/1BXP.pdb,new_dimer_db,1BXP,2,True
1BZV,A,B,../../GraPPI_data/PDB/new_dimer_db/1BZV.pdb,new_dimer_db,1BZV,1,True
1CEE,A,B,../../GraPPI_data/PDB/new_dimer_db/1CEE.pdb,new_dimer_db,1CEE,1,True
1CF4,A,B,../../GraPPI_data/PDB/new_dimer_db/1CF4.pdb,new_dimer_db,1CF4,1,True
1CFF,A,B,../../GraPPI_data/PDB/new_dimer_db/1CFF.pdb,new_dimer_db,1CFF,1,True
1CIR,A,B,../../GraPPI_data/PDB/new_dimer_db/1CIR.pdb,new_dimer_db,1CIR,1,True
1CKK,A,B,../../GraPPI_data/PDB/new_dimer_db/1CKK.pdb,new_dimer_db,1CKK,1,True
1CQG,A,B,../../GraPPI_data/PDB/new_dimer_db/1CQG.pdb,new_dimer_db,1CQG,2,True
1D5G,A,B,../../GraPPI_data/PDB/new_dimer_db/1D5G.pdb,new_dimer_db,1D5G,1,True
1D7Q,B,A,../../GraPPI_data/PDB/new_dimer_db/1D7Q.pdb,new_dimer_db,1D7Q,1,True
1DDM,A,B,../../GraPPI_data/PDB/new_dimer_db/1DDM.pdb,new_dimer_db,1DDM,1,True
1DPU,A,B,../../GraPPI_data/PDB/new_dimer_db/1DPU.pdb,new_dimer_db,1DPU,1,True
1DWL,A,B,../../GraPPI_data/PDB/new_dimer_db/1DWL.pdb,new_dimer_db,1DWL,1,True
1E0A,A,B,../../GraPPI_data/PDB/new_dimer_db/1E0A.pdb,new_dimer_db,1E0A,1,True
1E91,A,B,../../GraPPI_data/PDB/new_dimer_db/1E91.pdb,new_dimer_db,1E91,1,True
1ECI,A,B,../../GraPPI_data/PDB/new_dimer_db/1ECI.pdb,new_dimer_db,1ECI,1,True
1F2R,C,I,../../GraPPI_data/PDB/new_dimer_db/1F2R.pdb,new_dimer_db,1F2R,1,True
1FMH,A,B,../../GraPPI_data/PDB/new_dimer_db/1FMH.pdb,new_dimer_db,1FMH,1,True
1FU5,A,B,../../GraPPI_data/PDB/new_dimer_db/1FU5.pdb,new_dimer_db,1FU5,1,True
1G1E,A,B,../../GraPPI_data/PDB/new_dimer_db/1G1E.pdb,new_dimer_db,1G1E,1,True
1GBQ,A,B,../../GraPPI_data/PDB/new_dimer_db/1GBQ.pdb,new_dimer_db,1GBQ,1,True
1GBR,A,B,../../GraPPI_data/PDB/new_dimer_db/1GBR.pdb,new_dimer_db,1GBR,1,True
1GGR,A,B,../../GraPPI_data/PDB/new_dimer_db/1GGR.pdb,new_dimer_db,1GGR,1,True
1GUW,A,B,../../GraPPI_data/PDB/new_dimer_db/1GUW.pdb,new_dimer_db,1GUW,1,True
1H3H,A,B,../../GraPPI_data/PDB/new_dimer_db/1H3H.pdb,new_dimer_db,1H3H,1,True
1H8B,A,B,../../GraPPI_data/PDB/new_dimer_db/1H8B.pdb,new_dimer_db,1H8B,1,True
1HAJ,A,B,../../GraPPI_data/PDB/new_dimer_db/1HAJ.pdb,new_dimer_db,1HAJ,2,True
1HIQ,A,B,../../GraPPI_data/PDB/new_dimer_db/1HIQ.pdb,new_dimer_db,1HIQ,1,True
1HIS,A,B,../../GraPPI_data/PDB/new_dimer_db/1HIS.pdb,new_dimer_db,1HIS,1,True
1HIT,A,B,../../GraPPI_data/PDB/new_dimer_db/1HIT.pdb,new_dimer_db,1HIT,1,True
1HLS,A,B,../../GraPPI_data/PDB/new_dimer_db/1HLS.pdb,new_dimer_db,1HLS,1,True
1HUI,A,B,../../GraPPI_data/PDB/new_dimer_db/1HUI.pdb,new_dimer_db,1HUI,1,True
1HV2,A,B,../../GraPPI_data/PDB/new_dimer_db/1HV2.pdb,new_dimer_db,1HV2,1,True
1HYM,A,B,../../GraPPI_data/PDB/new_dimer_db/1HYM.pdb,new_dimer_db,1HYM,1,True
1I5H,W,B,../../GraPPI_data/PDB/new_dimer_db/1I5H.pdb,new_dimer_db,1I5H,1,True
1I8H,A,B,../../GraPPI_data/PDB/new_dimer_db/1I8H.pdb,new_dimer_db,1I8H,1,True
1IBX,A,B,../../GraPPI_data/PDB/new_dimer_db/1IBX.pdb,new_dimer_db,1IBX,1,True
1IDG,A,B,../../GraPPI_data/PDB/new_dimer_db/1IDG.pdb,new_dimer_db,1IDG,1,True
1IDH,A,B,../../GraPPI_data/PDB/new_dimer_db/1IDH.pdb,new_dimer_db,1IDH,1,True
1IO6,A,B,../../GraPPI_data/PDB/new_dimer_db/1IO6.pdb,new_dimer_db,1IO6,1,True
1IOG,A,B,../../GraPPI_data/PDB/new_dimer_db/1IOG.pdb,new_dimer_db,1IOG,1,True
1IOH,A,B,../../GraPPI_data/PDB/new_dimer_db/1IOH.pdb,new_dimer_db,1IOH,1,True
1IRS,A,B,../../GraPPI_data/PDB/new_dimer_db/1IRS.pdb,new_dimer_db,1IRS,1,True
1J4P,A,B,../../GraPPI_data/PDB/new_dimer_db/1J4P.pdb,new_dimer_db,1J4P,1,True
1J4Q,A,B,../../GraPPI_data/PDB/new_dimer_db/1J4Q.pdb,new_dimer_db,1J4Q,1,True
1J6T,A,B,../../GraPPI_data/PDB/new_dimer_db/1J6T.pdb,new_dimer_db,1J6T,1,True
1JBD,A,B,../../GraPPI_data/PDB/new_dimer_db/1JBD.pdb,new_dimer_db,1JBD,2,True
1JCO,A,B,../../GraPPI_data/PDB/new_dimer_db/1JCO.pdb,new_dimer_db,1JCO,1,True
1JEG,A,B,../../GraPPI_data/PDB/new_dimer_db/1JEG.pdb,new_dimer_db,1JEG,1,True
1JM4,A,B,../../GraPPI_data/PDB/new_dimer_db/1JM4.pdb,new_dimer_db,1JM4,1,True
1JM7,A,B,../../GraPPI_data/PDB/new_dimer_db/1JM7.pdb,new_dimer_db,1JM7,1,True
1JMQ,A,P,../../GraPPI_data/PDB/new_dimer_db/1JMQ.pdb,new_dimer_db,1JMQ,1,True
1K3M,A,B,../../GraPPI_data/PDB/new_dimer_db/1K3M.pdb,new_dimer_db,1K3M,1,True
1K3N,A,B,../../GraPPI_data/PDB/new_dimer_db/1K3N.pdb,new_dimer_db,1K3N,1,True
1K3Q,A,B,../../GraPPI_data/PDB/new_dimer_db/1K3Q.pdb,new_dimer_db,1K3Q,1,True
1K4U,S,P,../../GraPPI_data/PDB/new_dimer_db/1K4U.pdb,new_dimer_db,1K4U,1,True
1K5R,A,B,../../GraPPI_data/PDB/new_dimer_db/1K5R.pdb,new_dimer_db,1K5R,1,True
1KA7,A,B,../../GraPPI_data/PDB/new_dimer_db/1KA7.pdb,new_dimer_db,1KA7,1,True
1KC4,A,B,../../GraPPI_data/PDB/new_dimer_db/1KC4.pdb,new_dimer_db,1KC4,1,True
1KDX,A,B,../../GraPPI_data/PDB/new_dimer_db/1KDX.pdb,new_dimer_db,1KDX,1,True
1KL8,A,B,../../GraPPI_data/PDB/new_dimer_db/1KL8.pdb,new_dimer_db,1KL8,1,True
1KLQ,A,B,../../GraPPI_data/PDB/new_dimer_db/1KLQ.pdb,new_dimer_db,1KLQ,1,True
1KMF,A,B,../../GraPPI_data/PDB/new_dimer_db/1KMF.pdb,new_dimer_db,1KMF,1,True
1KUP,A,B,../../GraPPI_data/PDB/new_dimer_db/1KUP.pdb,new_dimer_db,1KUP,1,True
1KUZ,A,B,../../GraPPI_data/PDB/new_dimer_db/1KUZ.pdb,new_dimer_db,1KUZ,1,True
1L2Z,A,B,../../GraPPI_data/PDB/new_dimer_db/1L2Z.pdb,new_dimer_db,1L2Z,1,True
1L3E,A,B,../../GraPPI_data/PDB/new_dimer_db/1L3E.pdb,new_dimer_db,1L3E,1,True
1L4W,A,B,../../GraPPI_data/PDB/new_dimer_db/1L4W.pdb,new_dimer_db,1L4W,1,True
1LJZ,A,B,../../GraPPI_data/PDB/new_dimer_db/1LJZ.pdb,new_dimer_db,1LJZ,1,True
1LKQ,A,B,../../GraPPI_data/PDB/new_dimer_db/1LKQ.pdb,new_dimer_db,1LKQ,1,True
1LXF,C,I,../../GraPPI_data/PDB/new_dimer_db/1LXF.pdb,new_dimer_db,1LXF,1,True
1LXG,A,B,../../GraPPI_data/PDB/new_dimer_db/1LXG.pdb,new_dimer_db,1LXG,1,True
1LXH,A,B,../../GraPPI_data/PDB/new_dimer_db/1LXH.pdb,new_dimer_db,1LXH,1,True
1M8O,A,B,../../GraPPI_data/PDB/new_dimer_db/1M8O.pdb,new_dimer_db,1M8O,1,True
1MDI,A,B,../../GraPPI_data/PDB/new_dimer_db/1MDI.pdb,new_dimer_db,1MDI,3,True
1MHI,A,B,../../GraPPI_data/PDB/new_dimer_db/1MHI.pdb,new_dimer_db,1MHI,1,True
1MHJ,A,B,../../GraPPI_data/PDB/new_dimer_db/1MHJ.pdb,new_dimer_db,1MHJ,1,True
1MV0,A,B,../../GraPPI_data/PDB/new_dimer_db/1MV0.pdb,new_dimer_db,1MV0,1,True
1MXL,C,I,../../GraPPI_data/PDB/new_dimer_db/1MXL.pdb,new_dimer_db,1MXL,1,True
1NCP,N,C,../../GraPPI_data/PDB/new_dimer_db/1NCP.pdb,new_dimer_db,1NCP,1,True
1NPQ,A,B,../../GraPPI_data/PDB/new_dimer_db/1NPQ.pdb,new_dimer_db,1NPQ,1,True
1O0P,A,B,../../GraPPI_data/PDB/new_dimer_db/1O0P.pdb,new_dimer_db,1O0P,1,True
1O2F,A,B,../../GraPPI_data/PDB/new_dimer_db/1O2F.pdb,new_dimer_db,1O2F,1,True
1O4X,A,B,../../GraPPI_data/PDB/new_dimer_db/1O4X.pdb,new_dimer_db,1O4X,2,True
1OM2,A,B,../../GraPPI_data/PDB/new_dimer_db/1OM2.pdb,new_dimer_db,1OM2,1,True
1ONV,A,B,../../GraPPI_data/PDB/new_dimer_db/1ONV.pdb,new_dimer_db,1ONV,1,True
1OO9,A,B,../../GraPPI_data/PDB/new_dimer_db/1OO9.pdb,new_dimer_db,1OO9,3,True
1OPI,A,B,../../GraPPI_data/PDB/new_dimer_db/1OPI.pdb,new_dimer_db,1OPI,1,True
1OQP,A,B,../../GraPPI_data/PDB/new_dimer_db/1OQP.pdb,new_dimer_db,1OQP,1,True
1P4Q,A,B,../../GraPPI_data/PDB/new_dimer_db/1P4Q.pdb,new_dimer_db,1P4Q,1,True
1PMX,A,B,../../GraPPI_data/PDB/new_dimer_db/1PMX.pdb,new_dimer_db,1PMX,1,True
1PNB,A,B,../../GraPPI_data/PDB/new_dimer_db/1PNB.pdb,new_dimer_db,1PNB,1,True
1PON,A,B,../../GraPPI_data/PDB/new_dimer_db/1PON.pdb,new_dimer_db,1PON,1,True
1QFN,A,B,../../GraPPI_data/PDB/new_dimer_db/1QFN.pdb,new_dimer_db,1QFN,1,True
1QG1,E,I,../../GraPPI_data/PDB/new_dimer_db/1QG1.pdb,new_dimer_db,1QG1,1,True
1QH2,A,B,../../GraPPI_data/PDB/new_dimer_db/1QH2.pdb,new_dimer_db,1QH2,1,True
1QWE,A,B,../../GraPPI_data/PDB/new_dimer_db/1QWE.pdb,new_dimer_db,1QWE,1,True
1QWF,A,B,../../GraPPI_data/PDB/new_dimer_db/1QWF.pdb,new_dimer_db,1QWF,1,True
1RF8,A,B,../../GraPPI_data/PDB/new_dimer_db/1RF8.pdb,new_dimer_db,1RF8,1,True
1RGJ,A,B,../../GraPPI_data/PDB/new_dimer_db/1RGJ.pdb,new_dimer_db,1RGJ,1,True
1S5Q,A,B,../../GraPPI_data/PDB/new_dimer_db/1S5Q.pdb,new_dimer_db,1S5Q,1,True
1S5R,A,B,../../GraPPI_data/PDB/new_dimer_db/1S5R.pdb,new_dimer_db,1S5R,1,True
1S7P,B,A,../../GraPPI_data/PDB/new_dimer_db/1S7P.pdb,new_dimer_db,1S7P,1,True
1SF1,A,B,../../GraPPI_data/PDB/new_dimer_db/1SF1.pdb,new_dimer_db,1SF1,1,True
1SHC,A,B,../../GraPPI_data/PDB/new_dimer_db/1SHC.pdb,new_dimer_db,1SHC,1,True
1SJT,A,B,../../GraPPI_data/PDB/new_dimer_db/1SJT.pdb,new_dimer_db,1SJT,1,True
1SSE,A,B,../../GraPPI_data/PDB/new_dimer_db/1SSE.pdb,new_dimer_db,1SSE,1,True
1SY9,A,B,../../GraPPI_data/PDB/new_dimer_db/1SY9.pdb,new_dimer_db,1SY9,1,True
1T1K,A,B,../../GraPPI_data/PDB/new_dimer_db/1T1K.pdb,new_dimer_db,1T1K,1,True
1T1P,A,B,../../GraPPI_data/PDB/new_dimer_db/1T1P.pdb,new_dimer_db,1T1P,1,True
1T1Q,A,B,../../GraPPI_data/PDB/new_dimer_db/1T1Q.pdb,new_dimer_db,1T1Q,1,True
1TCE,A,B,../../GraPPI_data/PDB/new_dimer_db/1TCE.pdb,new_dimer_db,1TCE,1,True
1U2U,A,B,../../GraPPI_data/PDB/new_dimer_db/1U2U.pdb,new_dimer_db,1U2U,1,True
1VKT,A,B,../../GraPPI_data/PDB/new_dimer_db/1VKT.pdb,new_dimer_db,1VKT,1,True
1XGL,A,B,../../GraPPI_data/PDB/new_dimer_db/1XGL.pdb,new_dimer_db,1XGL,1,True
1XS9,A,D,../../GraPPI_data/PDB/new_dimer_db/1XS9.pdb,new_dimer_db,1XS9,1,True
1Y0J,A,B,../../GraPPI_data/PDB/new_dimer_db/1Y0J.pdb,new_dimer_db,1Y0J,1,True
1Z1D,A,B,../../GraPPI_data/PDB/new_dimer_db/1Z1D.pdb,new_dimer_db,1Z1D,1,True
1ZL8,A,B,../../GraPPI_data/PDB/new_dimer_db/1ZL8.pdb,new_dimer_db,1ZL8,1,True
1ZY3,A,B,../../GraPPI_data/PDB/new_dimer_db/1ZY3.pdb,new_dimer_db,1ZY3,1,True
2A4J,A,B,../../GraPPI_data/PDB/new_dimer_db/2A4J.pdb,new_dimer_db,2A4J,1,True
2ACM,A,B,../../GraPPI_data/PDB/new_dimer_db/2ACM.pdb,new_dimer_db,2ACM,3,True
2AFF,A,B,../../GraPPI_data/PDB/new_dimer_db/2AFF.pdb,new_dimer_db,2AFF,1,True
2ASQ,A,B,../../GraPPI_data/PDB/new_dimer_db/2ASQ.pdb,new_dimer_db,2ASQ,1,True
2BBM,A,B,../../GraPPI_data/PDB/new_dimer_db/2BBM.pdb,new_dimer_db,2BBM,1,True
2BBN,A,B,../../GraPPI_data/PDB/new_dimer_db/2BBN.pdb,new_dimer_db,2BBN,1,True
2BBU,A,B,../../GraPPI_data/PDB/new_dimer_db/2BBU.pdb,new_dimer_db,2BBU,1,True
2BI6,L,H,../../GraPPI_data/PDB/new_dimer_db/2BI6.pdb,new_dimer_db,2BI6,1,True
2BN5,A,B,../../GraPPI_data/PDB/new_dimer_db/2BN5.pdb,new_dimer_db,2BN5,1,True
2C52,A,B,../../GraPPI_data/PDB/new_dimer_db/2C52.pdb,new_dimer_db,2C52,1,True
2CZY,A,B,../../GraPPI_data/PDB/new_dimer_db/2CZY.pdb,new_dimer_db,2CZY,1,True
2DT7,A,B,../../GraPPI_data/PDB/new_dimer_db/2DT7.pdb,new_dimer_db,2DT7,1,True
2E30,A,B,../../GraPPI_data/PDB/new_dimer_db/2E30.pdb,new_dimer_db,2E30,1,True
2EZ5,W,P,../../GraPPI_data/PDB/new_dimer_db/2EZ5.pdb,new_dimer_db,2EZ5,1,True
2FCI,B,A,../../GraPPI_data/PDB/new_dimer_db/2FCI.pdb,new_dimer_db,2FCI,1,True
2FHO,A,B,../../GraPPI_data/PDB/new_dimer_db/2FHO.pdb,new_dimer_db,2FHO,1,True
2FHW,B,A,../../GraPPI_data/PDB/new_dimer_db/2FHW.pdb,new_dimer_db,2FHW,1,True
2FIN,A,B,../../GraPPI_data/PDB/new_dimer_db/2FIN.pdb,new_dimer_db,2FIN,2,True
2FUU,A,B,../../GraPPI_data/PDB/new_dimer_db/2FUU.pdb,new_dimer_db,2FUU,1,True
2FV4,A,B,../../GraPPI_data/PDB/new_dimer_db/2FV4.pdb,new_dimer_db,2FV4,1,True
2FWL,A,B,../../GraPPI_data/PDB/new_dimer_db/2FWL.pdb,new_dimer_db,2FWL,1,True
2G3Q,A,B,../../GraPPI_data/PDB/new_dimer_db/2G3Q.pdb,new_dimer_db,2G3Q,2,True
2GB8,A,B,../../GraPPI_data/PDB/new_dimer_db/2GB8.pdb,new_dimer_db,2GB8,15,True
2GBQ,A,B,../../GraPPI_data/PDB/new_dimer_db/2GBQ.pdb,new_dimer_db,2GBQ,1,True
2GS0,A,B,../../GraPPI_data/PDB/new_dimer_db/2GS0.pdb,new_dimer_db,2GS0,1,True
2H67,A,B,../../GraPPI_data/PDB/new_dimer_db/2H67.pdb,new_dimer_db,2H67,1,True
2H7E,A,B,../../GraPPI_data/PDB/new_dimer_db/2H7E.pdb,new_dimer_db,2H7E,2,True
2H8B,B,A,../../GraPPI_data/PDB/new_dimer_db/2H8B.pdb,new_dimer_db,2H8B,1,True
2HH4,A,B,../../GraPPI_data/PDB/new_dimer_db/2HH4.pdb,new_dimer_db,2HH4,1,True
2HHO,A,B,../../GraPPI_data/PDB/new_dimer_db/2HHO.pdb,new_dimer_db,2HHO,1,True
2HIU,A,B,../../GraPPI_data/PDB/new_dimer_db/2HIU.pdb,new_dimer_db,2HIU,1,True
2HUG,A,B,../../GraPPI_data/PDB/new_dimer_db/2HUG.pdb,new_dimer_db,2HUG,1,True
2I94,A,B,../../GraPPI_data/PDB/new_dimer_db/2I94.pdb,new_dimer_db,2I94,1,True
2IIJ,A,B,../../GraPPI_data/PDB/new_dimer_db/2IIJ.pdb,new_dimer_db,2IIJ,1,True
2IPA,A,B,../../GraPPI_data/PDB/new_dimer_db/2IPA.pdb,new_dimer_db,2IPA,1,True
2JM6,A,B,../../GraPPI_data/PDB/new_dimer_db/2JM6.pdb,new_dimer_db,2JM6,1,True
2JMA,A,B,../../GraPPI_data/PDB/new_dimer_db/2JMA.pdb,new_dimer_db,2JMA,1,True
2JMF,A,B,../../GraPPI_data/PDB/new_dimer_db/2JMF.pdb,new_dimer_db,2JMF,1,True
2JMN,A,B,../../GraPPI_data/PDB/new_dimer_db/2JMN.pdb,new_dimer_db,2JMN,1,True
2JMX,A,B,../../GraPPI_data/PDB/new_dimer_db/2JMX.pdb,new_dimer_db,2JMX,1,True
2JND,A,B,../../GraPPI_data/PDB/new_dimer_db/2JND.pdb,new_dimer_db,2JND,1,True
2JNR,A,B,../../GraPPI_data/PDB/new_dimer_db/2JNR.pdb,new_dimer_db,2JNR,1,True
2JNW,A,B,../../GraPPI_data/PDB/new_dimer_db/2JNW.pdb,new_dimer_db,2JNW,1,True
2JOG,A,B,../../GraPPI_data/PDB/new_dimer_db/2JOG.pdb,new_dimer_db,2JOG,1,True
2JQK,A,B,../../GraPPI_data/PDB/new_dimer_db/2JQK.pdb,new_dimer_db,2JQK,1,True
2JQR,A,B,../../GraPPI_data/PDB/new_dimer_db/2JQR.pdb,new_dimer_db,2JQR,1,True
2JSS,A,B,../../GraPPI_data/PDB/new_dimer_db/2JSS.pdb,new_dimer_db,2JSS,1,True
2JUM,A,B,../../GraPPI_data/PDB/new_dimer_db/2JUM.pdb,new_dimer_db,2JUM,1,True
2JUU,A,B,../../GraPPI_data/PDB/new_dimer_db/2JUU.pdb,new_dimer_db,2JUU,1,True
2JUV,A,B,../../GraPPI_data/PDB/new_dimer_db/2JUV.pdb,new_dimer_db,2JUV,1,True
2JW1,A,B,../../GraPPI_data/PDB/new_dimer_db/2JW1.pdb,new_dimer_db,2JW1,1,True
2JXC,A,B,../../GraPPI_data/PDB/new_dimer_db/2JXC.pdb,new_dimer_db,2JXC,1,True
2JXM,A,B,../../GraPPI_data/PDB/new_dimer_db/2JXM.pdb,new_dimer_db,2JXM,4,True
2JZB,A,B,../../GraPPI_data/PDB/new_dimer_db/2JZB.pdb,new_dimer_db,2JZB,1,True
2JZI,A,B,../../GraPPI_data/PDB/new_dimer_db/2JZI.pdb,new_dimer_db,2JZI,1,True
2K00,A,B,../../GraPPI_data/PDB/new_dimer_db/2K00.pdb,new_dimer_db,2K00,1,True
2K0F,A,B,../../GraPPI_data/PDB/new_dimer_db/2K0F.pdb,new_dimer_db,2K0F,1,True
2K17,P,A,../../GraPPI_data/PDB/new_dimer_db/2K17.pdb,new_dimer_db,2K17,1,True
2K1V,B,A,../../GraPPI_data/PDB/new_dimer_db/2K1V.pdb,new_dimer_db,2K1V,1,True
2K20,A,B,../../GraPPI_data/PDB/new_dimer_db/2K20.pdb,new_dimer_db,2K20,1,True
2K2I,A,B,../../GraPPI_data/PDB/new_dimer_db/2K2I.pdb,new_dimer_db,2K2I,1,True
2K2Q,A,B,../../GraPPI_data/PDB/new_dimer_db/2K2Q.pdb,new_dimer_db,2K2Q,1,True
2K2R,A,B,../../GraPPI_data/PDB/new_dimer_db/2K2R.pdb,new_dimer_db,2K2R,1,True
2K3W,A,B,../../GraPPI_data/PDB/new_dimer_db/2K3W.pdb,new_dimer_db,2K3W,1,True
2K4A,A,B,../../GraPPI_data/PDB/new_dimer_db/2K4A.pdb,new_dimer_db,2K4A,1,True
2K6Q,A,B,../../GraPPI_data/PDB/new_dimer_db/2K6Q.pdb,new_dimer_db,2K6Q,1,True
2K6T,A,B,../../GraPPI_data/PDB/new_dimer_db/2K6T.pdb,new_dimer_db,2K6T,1,True
2K6U,A,B,../../GraPPI_data/PDB/new_dimer_db/2K6U.pdb,new_dimer_db,2K6U,1,True
2K7L,B,A,../../GraPPI_data/PDB/new_dimer_db/2K7L.pdb,new_dimer_db,2K7L,1,True
2K7W,A,B,../../GraPPI_data/PDB/new_dimer_db/2K7W.pdb,new_dimer_db,2K7W,1,True
2K91,A,B,../../GraPPI_data/PDB/new_dimer_db/2K91.pdb,new_dimer_db,2K91,1,True
2K9F,A,B,../../GraPPI_data/PDB/new_dimer_db/2K9F.pdb,new_dimer_db,2K9F,1,True
2K9J,A,B,../../GraPPI_data/PDB/new_dimer_db/2K9J.pdb,new_dimer_db,2K9J,1,True
2K9R,A,B,../../GraPPI_data/PDB/new_dimer_db/2K9R.pdb,new_dimer_db,2K9R,1,True
2K9U,A,B,../../GraPPI_data/PDB/new_dimer_db/2K9U.pdb,new_dimer_db,2K9U,1,True
2KBC,B,A,../../GraPPI_data/PDB/new_dimer_db/2KBC.pdb,new_dimer_db,2KBC,1,True
2KBR,A,B,../../GraPPI_data/PDB/new_dimer_db/2KBR.pdb,new_dimer_db,2KBR,1,True
2KBX,A,B,../../GraPPI_data/PDB/new_dimer_db/2KBX.pdb,new_dimer_db,2KBX,1,True
2KDU,A,B,../../GraPPI_data/PDB/new_dimer_db/2KDU.pdb,new_dimer_db,2KDU,1,True
2KE1,A,B,../../GraPPI_data/PDB/new_dimer_db/2KE1.pdb,new_dimer_db,2KE1,1,True
2KFF,A,B,../../GraPPI_data/PDB/new_dimer_db/2KFF.pdb,new_dimer_db,2KFF,1,True
2KFG,A,B,../../GraPPI_data/PDB/new_dimer_db/2KFG.pdb,new_dimer_db,2KFG,1,True
2KFH,A,B,../../GraPPI_data/PDB/new_dimer_db/2KFH.pdb,new_dimer_db,2KFH,1,True
2KFK,A,B,../../GraPPI_data/PDB/new_dimer_db/2KFK.pdb,new_dimer_db,2KFK,1,True
2KFT,A,B,../../GraPPI_data/PDB/new_dimer_db/2KFT.pdb,new_dimer_db,2KFT,1,True
2KG7,A,B,../../GraPPI_data/PDB/new_dimer_db/2KG7.pdb,new_dimer_db,2KG7,1,True
2KGB,C,I,../../GraPPI_data/PDB/new_dimer_db/2KGB.pdb,new_dimer_db,2KGB,1,True
2KH2,A,B,../../GraPPI_data/PDB/new_dimer_db/2KH2.pdb,new_dimer_db,2KH2,1,True
2KHW,A,B,../../GraPPI_data/PDB/new_dimer_db/2KHW.pdb,new_dimer_db,2KHW,1,True
2KJE,A,B,../../GraPPI_data/PDB/new_dimer_db/2KJE.pdb,new_dimer_db,2KJE,1,True
2KJH,A,B,../../GraPPI_data/PDB/new_dimer_db/2KJH.pdb,new_dimer_db,2KJH,4,True
2KJJ,A,B,../../GraPPI_data/PDB/new_dimer_db/2KJJ.pdb,new_dimer_db,2KJJ,1,True
2KJU,A,B,../../GraPPI_data/PDB/new_dimer_db/2KJU.pdb,new_dimer_db,2KJU,1,True
2KM8,B,C,../../GraPPI_data/PDB/new_dimer_db/2KM8.pdb,new_dimer_db,2KM8,1,True
2KNC,A,B,../../GraPPI_data/PDB/new_dimer_db/2KNC.pdb,new_dimer_db,2KNC,1,True
2KNE,A,B,../../GraPPI_data/PDB/new_dimer_db/2KNE.pdb,new_dimer_db,2KNE,1,True
2KNH,A,B,../../GraPPI_data/PDB/new_dimer_db/2KNH.pdb,new_dimer_db,2KNH,1,True
2KOH,A,B,../../GraPPI_data/PDB/new_dimer_db/2KOH.pdb,new_dimer_db,2KOH,1,True
2KPL,A,B,../../GraPPI_data/PDB/new_dimer_db/2KPL.pdb,new_dimer_db,2KPL,1,True
2KQF,A,B,../../GraPPI_data/PDB/new_dimer_db/2KQF.pdb,new_dimer_db,2KQF,1,True
2KQQ,A,B,../../GraPPI_data/PDB/new_dimer_db/2KQQ.pdb,new_dimer_db,2KQQ,1,True
2KRB,A,B,../../GraPPI_data/PDB/new_dimer_db/2KRB.pdb,new_dimer_db,2KRB,1,True
2KRD,C,I,../../GraPPI_data/PDB/new_dimer_db/2KRD.pdb,new_dimer_db,2KRD,1,True
2KS1,A,B,../../GraPPI_data/PDB/new_dimer_db/2KS1.pdb,new_dimer_db,2KS1,1,True
2KS9,A,B,../../GraPPI_data/PDB/new_dimer_db/2KS9.pdb,new_dimer_db,2KS9,1,True
2KSA,A,B,../../GraPPI_data/PDB/new_dimer_db/2KSA.pdb,new_dimer_db,2KSA,1,True
2KSB,A,B,../../GraPPI_data/PDB/new_dimer_db/2KSB.pdb,new_dimer_db,2KSB,1,True
2KSP,A,B,../../GraPPI_data/PDB/new_dimer_db/2KSP.pdb,new_dimer_db,2KSP,1,True
2KTB,A,B,../../GraPPI_data/PDB/new_dimer_db/2KTB.pdb,new_dimer_db,2KTB,1,True
2KUP,A,B,../../GraPPI_data/PDB/new_dimer_db/2KUP.pdb,new_dimer_db,2KUP,1,True
2KVM,A,B,../../GraPPI_data/PDB/new_dimer_db/2KVM.pdb,new_dimer_db,2KVM,1,True
2KWF,A,B,../../GraPPI_data/PDB/new_dimer_db/2KWF.pdb,new_dimer_db,2KWF,1,True
2KWN,B,A,../../GraPPI_data/PDB/new_dimer_db/2KWN.pdb,new_dimer_db,2KWN,1,True
2KXC,A,B,../../GraPPI_data/PDB/new_dimer_db/2KXC.pdb,new_dimer_db,2KXC,1,True
2KXK,A,B,../../GraPPI_data/PDB/new_dimer_db/2KXK.pdb,new_dimer_db,2KXK,1,True
2KXQ,A,B,../../GraPPI_data/PDB/new_dimer_db/2KXQ.pdb,new_dimer_db,2KXQ,1,True
2KYL,A,B,../../GraPPI_data/PDB/new_dimer_db/2KYL.pdb,new_dimer_db,2KYL,1,True
2KYM,A,B,../../GraPPI_data/PDB/new_dimer_db/2KYM.pdb,new_dimer_db,2KYM,1,True
2KZT,A,B,../../GraPPI_data/PDB/new_dimer_db/2KZT.pdb,new_dimer_db,2KZT,1,True
2KZU,A,B,../../GraPPI_data/PDB/new_dimer_db/2KZU.pdb,new_dimer_db,2KZU,1,True
2L00,A,B,../../GraPPI_data/PDB/new_dimer_db/2L00.pdb,new_dimer_db,2L00,1,True
2L0Y,A,B,../../GraPPI_data/PDB/new_dimer_db/2L0Y.pdb,new_dimer_db,2L0Y,1,True
2L11,A,B,../../GraPPI_data/PDB/new_dimer_db/2L11.pdb,new_dimer_db,2L11,1,True
2L12,A,B,../../GraPPI_data/PDB/new_dimer_db/2L12.pdb,new_dimer_db,2L12,1,True
2L1B,A,B,../../GraPPI_data/PDB/new_dimer_db/2L1B.pdb,new_dimer_db,2L1B,1,True
2L1C,A,B,../../GraPPI_data/PDB/new_dimer_db/2L1C.pdb,new_dimer_db,2L1C,1,True
2L1R,A,B,../../GraPPI_data/PDB/new_dimer_db/2L1R.pdb,new_dimer_db,2L1R,1,True
2L1W,A,B,../../GraPPI_data/PDB/new_dimer_db/2L1W.pdb,new_dimer_db,2L1W,1,True
2L1Y,A,B,../../GraPPI_data/PDB/new_dimer_db/2L1Y.pdb,new_dimer_db,2L1Y,1,True
2L1Z,A,B,../../GraPPI_data/PDB/new_dimer_db/2L1Z.pdb,new_dimer_db,2L1Z,1,True
2L27,A,B,../../GraPPI_data/PDB/new_dimer_db/2L27.pdb,new_dimer_db,2L27,1,True
2L2I,A,B,../../GraPPI_data/PDB/new_dimer_db/2L2I.pdb,new_dimer_db,2L2I,1,True
2L35,A,B,../../GraPPI_data/PDB/new_dimer_db/2L35.pdb,new_dimer_db,2L35,1,True
2L3R,A,B,../../GraPPI_data/PDB/new_dimer_db/2L3R.pdb,new_dimer_db,2L3R,1,True
2L53,A,B,../../GraPPI_data/PDB/new_dimer_db/2L53.pdb,new_dimer_db,2L53,1,True
2L5G,A,B,../../GraPPI_data/PDB/new_dimer_db/2L5G.pdb,new_dimer_db,2L5G,1,True
2L6E,A,B,../../GraPPI_data/PDB/new_dimer_db/2L6E.pdb,new_dimer_db,2L6E,1,True
2L6Y,A,B,../../GraPPI_data/PDB/new_dimer_db/2L6Y.pdb,new_dimer_db,2L6Y,1,True
2L75,A,B,../../GraPPI_data/PDB/new_dimer_db/2L75.pdb,new_dimer_db,2L75,1,True
2L7L,A,B,../../GraPPI_data/PDB/new_dimer_db/2L7L.pdb,new_dimer_db,2L7L,1,True
2L8J,A,B,../../GraPPI_data/PDB/new_dimer_db/2L8J.pdb,new_dimer_db,2L8J,1,True
2L9B,A,B,../../GraPPI_data/PDB/new_dimer_db/2L9B.pdb,new_dimer_db,2L9B,1,True
2LAG,B,A,../../GraPPI_data/PDB/new_dimer_db/2LAG.pdb,new_dimer_db,2LAG,3,True
2LAS,A,B,../../GraPPI_data/PDB/new_dimer_db/2LAS.pdb,new_dimer_db,2LAS,1,True
2LAW,A,B,../../GraPPI_data/PDB/new_dimer_db/2LAW.pdb,new_dimer_db,2LAW,1,True
2LB1,A,B,../../GraPPI_data/PDB/new_dimer_db/2LB1.pdb,new_dimer_db,2LB1,1,True
2LB2,A,B,../../GraPPI_data/PDB/new_dimer_db/2LB2.pdb,new_dimer_db,2LB2,1,True
2LBF,A,B,../../GraPPI_data/PDB/new_dimer_db/2LBF.pdb,new_dimer_db,2LBF,1,True
2LBM,A,C,../../GraPPI_data/PDB/new_dimer_db/2LBM.pdb,new_dimer_db,2LBM,1,True
2LCS,A,B,../../GraPPI_data/PDB/new_dimer_db/2LCS.pdb,new_dimer_db,2LCS,1,True
2LCT,A,B,../../GraPPI_data/PDB/new_dimer_db/2LCT.pdb,new_dimer_db,2LCT,1,True
2LE8,A,B,../../GraPPI_data/PDB/new_dimer_db/2LE8.pdb,new_dimer_db,2LE8,1,True
2LGB,A,B,../../GraPPI_data/PDB/new_dimer_db/2LGB.pdb,new_dimer_db,2LGB,1,True
2LGF,A,B,../../GraPPI_data/PDB/new_dimer_db/2LGF.pdb,new_dimer_db,2LGF,1,True
2LGG,A,B,../../GraPPI_data/PDB/new_dimer_db/2LGG.pdb,new_dimer_db,2LGG,1,True
2LGK,A,B,../../GraPPI_data/PDB/new_dimer_db/2LGK.pdb,new_dimer_db,2LGK,1,True
2LI5,A,B,../../GraPPI_data/PDB/new_dimer_db/2LI5.pdb,new_dimer_db,2LI5,1,True
2LL6,A,B,../../GraPPI_data/PDB/new_dimer_db/2LL6.pdb,new_dimer_db,2LL6,1,True
2LL7,A,B,../../GraPPI_data/PDB/new_dimer_db/2LL7.pdb,new_dimer_db,2LL7,1,True
2LLO,A,B,../../GraPPI_data/PDB/new_dimer_db/2LLO.pdb,new_dimer_db,2LLO,1,True
2LLQ,A,B,../../GraPPI_data/PDB/new_dimer_db/2LLQ.pdb,new_dimer_db,2LLQ,1,True
2LMC,A,B,../../GraPPI_data/PDB/new_dimer_db/2LMC.pdb,new_dimer_db,2LMC,1,True
2LO6,A,B,../../GraPPI_data/PDB/new_dimer_db/2LO6.pdb,new_dimer_db,2LO6,1,True
2LOZ,A,B,../../GraPPI_data/PDB/new_dimer_db/2LOZ.pdb,new_dimer_db,2LOZ,1,True
2LP8,A,B,../../GraPPI_data/PDB/new_dimer_db/2LP8.pdb,new_dimer_db,2LP8,1,True
2LQI,A,B,../../GraPPI_data/PDB/new_dimer_db/2LQI.pdb,new_dimer_db,2LQI,1,True
2LR1,A,B,../../GraPPI_data/PDB/new_dimer_db/2LR1.pdb,new_dimer_db,2LR1,1,True
2LSI,A,B,../../GraPPI_data/PDB/new_dimer_db/2LSI.pdb,new_dimer_db,2LSI,1,True
2LSJ,A,B,../../GraPPI_data/PDB/new_dimer_db/2LSJ.pdb,new_dimer_db,2LSJ,1,True
2LSK,A,B,../../GraPPI_data/PDB/new_dimer_db/2LSK.pdb,new_dimer_db,2LSK,1,True
2LSP,A,B,../../GraPPI_data/PDB/new_dimer_db/2LSP.pdb,new_dimer_db,2LSP,1,True
2LSR,A,B,../../GraPPI_data/PDB/new_dimer_db/2LSR.pdb,new_dimer_db,2LSR,1,True
2LTO,A,B,../../GraPPI_data/PDB/new_dimer_db/2LTO.pdb,new_dimer_db,2LTO,1,True
2LTV,A,B,../../GraPPI_data/PDB/new_dimer_db/2LTV.pdb,new_dimer_db,2LTV,1,True
2LTW,A,B,../../GraPPI_data/PDB/new_dimer_db/2LTW.pdb,new_dimer_db,2LTW,1,True
2LTX,A,B,../../GraPPI_data/PDB/new_dimer_db/2LTX.pdb,new_dimer_db,2LTX,1,True
2LTY,A,B,../../GraPPI_data/PDB/new_dimer_db/2LTY.pdb,new_dimer_db,2LTY,1,True
2LTZ,A,B,../../GraPPI_data/PDB/new_dimer_db/2LTZ.pdb,new_dimer_db,2LTZ,1,True
2LUE,A,B,../../GraPPI_data/PDB/new_dimer_db/2LUE.pdb,new_dimer_db,2LUE,1,True
2LV6,A,B,../../GraPPI_data/PDB/new_dimer_db/2LV6.pdb,new_dimer_db,2LV6,1,True
2LVM,A,B,../../GraPPI_data/PDB/new_dimer_db/2LVM.pdb,new_dimer_db,2LVM,1,True
2LXS,A,B,../../GraPPI_data/PDB/new_dimer_db/2LXS.pdb,new_dimer_db,2LXS,1,True
2LYD,A,B,../../GraPPI_data/PDB/new_dimer_db/2LYD.pdb,new_dimer_db,2LYD,1,True
2LYW,A,B,../../GraPPI_data/PDB/new_dimer_db/2LYW.pdb,new_dimer_db,2LYW,1,True
2M0K,A,B,../../GraPPI_data/PDB/new_dimer_db/2M0K.pdb,new_dimer_db,2M0K,1,True
2M0O,A,B,../../GraPPI_data/PDB/new_dimer_db/2M0O.pdb,new_dimer_db,2M0O,1,True
2M14,A,B,../../GraPPI_data/PDB/new_dimer_db/2M14.pdb,new_dimer_db,2M14,1,True
2M1D,A,B,../../GraPPI_data/PDB/new_dimer_db/2M1D.pdb,new_dimer_db,2M1D,1,True
2M2M,A,B,../../GraPPI_data/PDB/new_dimer_db/2M2M.pdb,new_dimer_db,2M2M,1,True
2M2N,A,B,../../GraPPI_data/PDB/new_dimer_db/2M2N.pdb,new_dimer_db,2M2N,1,True
2M2O,A,B,../../GraPPI_data/PDB/new_dimer_db/2M2O.pdb,new_dimer_db,2M2O,1,True
2M2P,A,B,../../GraPPI_data/PDB/new_dimer_db/2M2P.pdb,new_dimer_db,2M2P,1,True
2M3M,A,B,../../GraPPI_data/PDB/new_dimer_db/2M3M.pdb,new_dimer_db,2M3M,1,True
2M3O,W,P,../../GraPPI_data/PDB/new_dimer_db/2M3O.pdb,new_dimer_db,2M3O,1,True
2M41,A,B,../../GraPPI_data/PDB/new_dimer_db/2M41.pdb,new_dimer_db,2M41,1,True
2M56,A,B,../../GraPPI_data/PDB/new_dimer_db/2M56.pdb,new_dimer_db,2M56,7,True
2M5E,A,B,../../GraPPI_data/PDB/new_dimer_db/2M5E.pdb,new_dimer_db,2M5E,1,True
2M8S,A,B,../../GraPPI_data/PDB/new_dimer_db/2M8S.pdb,new_dimer_db,2M8S,1,True
2MBH,B,A,../../GraPPI_data/PDB/new_dimer_db/2MBH.pdb,new_dimer_db,2MBH,1,True
2MC1,A,B,../../GraPPI_data/PDB/new_dimer_db/2MC1.pdb,new_dimer_db,2MC1,1,True
2MC6,A,B,../../GraPPI_data/PDB/new_dimer_db/2MC6.pdb,new_dimer_db,2MC6,1,True
2MES,A,B,../../GraPPI_data/PDB/new_dimer_db/2MES.pdb,new_dimer_db,2MES,1,True
2MG5,A,B,../../GraPPI_data/PDB/new_dimer_db/2MG5.pdb,new_dimer_db,2MG5,1,True
2MGU,A,M,../../GraPPI_data/PDB/new_dimer_db/2MGU.pdb,new_dimer_db,2MGU,1,True
2MGZ,A,B,../../GraPPI_data/PDB/new_dimer_db/2MGZ.pdb,new_dimer_db,2MGZ,1,True
2MH0,A,B,../../GraPPI_data/PDB/new_dimer_db/2MH0.pdb,new_dimer_db,2MH0,1,True
2MJF,A,B,../../GraPPI_data/PDB/new_dimer_db/2MJF.pdb,new_dimer_db,2MJF,1,True
2MJV,A,B,../../GraPPI_data/PDB/new_dimer_db/2MJV.pdb,new_dimer_db,2MJV,1,True
2MKP,C,I,../../GraPPI_data/PDB/new_dimer_db/2MKP.pdb,new_dimer_db,2MKP,1,True
2MKR,A,B,../../GraPPI_data/PDB/new_dimer_db/2MKR.pdb,new_dimer_db,2MKR,1,True
2MLI,A,B,../../GraPPI_data/PDB/new_dimer_db/2MLI.pdb,new_dimer_db,2MLI,1,True
2MMA,A,B,../../GraPPI_data/PDB/new_dimer_db/2MMA.pdb,new_dimer_db,2MMA,1,True
2MNJ,A,B,../../GraPPI_data/PDB/new_dimer_db/2MNJ.pdb,new_dimer_db,2MNJ,1,True
2MNZ,A,B,../../GraPPI_data/PDB/new_dimer_db/2MNZ.pdb,new_dimer_db,2MNZ,1,True
2MOW,A,B,../../GraPPI_data/PDB/new_dimer_db/2MOW.pdb,new_dimer_db,2MOW,1,True
2MPG,A,B,../../GraPPI_data/PDB/new_dimer_db/2MPG.pdb,new_dimer_db,2MPG,1,True
2MPI,A,B,../../GraPPI_data/PDB/new_dimer_db/2MPI.pdb,new_dimer_db,2MPI,1,True
2MPM,A,B,../../GraPPI_data/PDB/new_dimer_db/2MPM.pdb,new_dimer_db,2MPM,1,True
2MPS,A,B,../../GraPPI_data/PDB/new_dimer_db/2MPS.pdb,new_dimer_db,2MPS,1,True
2MPT,A,B,../../GraPPI_data/PDB/new_dimer_db/2MPT.pdb,new_dimer_db,2MPT,1,True
2MSR,A,B,../../GraPPI_data/PDB/new_dimer_db/2MSR.pdb,new_dimer_db,2MSR,1,True
2MUT,A,B,../../GraPPI_data/PDB/new_dimer_db/2MUT.pdb,new_dimer_db,2MUT,2,True
2MV1,B,A,../../GraPPI_data/PDB/new_dimer_db/2MV1.pdb,new_dimer_db,2MV1,1,True
2MVC,A,B,../../GraPPI_data/PDB/new_dimer_db/2MVC.pdb,new_dimer_db,2MVC,1,True
2MVD,A,B,../../GraPPI_data/PDB/new_dimer_db/2MVD.pdb,new_dimer_db,2MVD,1,True
2MWN,A,B,../../GraPPI_data/PDB/new_dimer_db/2MWN.pdb,new_dimer_db,2MWN,1,True
2MWO,A,B,../../GraPPI_data/PDB/new_dimer_db/2MWO.pdb,new_dimer_db,2MWO,1,True
2MWP,A,B,../../GraPPI_data/PDB/new_dimer_db/2MWP.pdb,new_dimer_db,2MWP,1,True
2MWY,A,B,../../GraPPI_data/PDB/new_dimer_db/2MWY.pdb,new_dimer_db,2MWY,1,True
2MY2,A,B,../../GraPPI_data/PDB/new_dimer_db/2MY2.pdb,new_dimer_db,2MY2,1,True
2MY3,A,B,../../GraPPI_data/PDB/new_dimer_db/2MY3.pdb,new_dimer_db,2MY3,1,True
2MZP,C,I,../../GraPPI_data/PDB/new_dimer_db/2MZP.pdb,new_dimer_db,2MZP,1,True
2MZW,A,B,../../GraPPI_data/PDB/new_dimer_db/2MZW.pdb,new_dimer_db,2MZW,1,True
2N0S,A,B,../../GraPPI_data/PDB/new_dimer_db/2N0S.pdb,new_dimer_db,2N0S,1,True
2N0Y,A,B,../../GraPPI_data/PDB/new_dimer_db/2N0Y.pdb,new_dimer_db,2N0Y,1,True
2N1A,A,B,../../GraPPI_data/PDB/new_dimer_db/2N1A.pdb,new_dimer_db,2N1A,1,True
2N1G,A,B,../../GraPPI_data/PDB/new_dimer_db/2N1G.pdb,new_dimer_db,2N1G,1,True
2N23,A,B,../../GraPPI_data/PDB/new_dimer_db/2N23.pdb,new_dimer_db,2N23,1,True
2N2V,A,B,../../GraPPI_data/PDB/new_dimer_db/2N2V.pdb,new_dimer_db,2N2V,1,True
2N2W,A,B,../../GraPPI_data/PDB/new_dimer_db/2N2W.pdb,new_dimer_db,2N2W,1,True
2N2X,A,B,../../GraPPI_data/PDB/new_dimer_db/2N2X.pdb,new_dimer_db,2N2X,1,True
2N3A,A,B,../../GraPPI_data/PDB/new_dimer_db/2N3A.pdb,new_dimer_db,2N3A,1,True
2N3K,A,B,../../GraPPI_data/PDB/new_dimer_db/2N3K.pdb,new_dimer_db,2N3K,1,True
2N4Q,A,B,../../GraPPI_data/PDB/new_dimer_db/2N4Q.pdb,new_dimer_db,2N4Q,1,True
2N55,A,B,../../GraPPI_data/PDB/new_dimer_db/2N55.pdb,new_dimer_db,2N55,1,True
2N77,A,B,../../GraPPI_data/PDB/new_dimer_db/2N77.pdb,new_dimer_db,2N77,1,True
2N7K,A,B,../../GraPPI_data/PDB/new_dimer_db/2N7K.pdb,new_dimer_db,2N7K,1,True
2N80,A,B,../../GraPPI_data/PDB/new_dimer_db/2N80.pdb,new_dimer_db,2N80,1,True
2N83,A,B,../../GraPPI_data/PDB/new_dimer_db/2N83.pdb,new_dimer_db,2N83,1,True
2N8T,A,B,../../GraPPI_data/PDB/new_dimer_db/2N8T.pdb,new_dimer_db,2N8T,1,True
2N9E,A,B,../../GraPPI_data/PDB/new_dimer_db/2N9E.pdb,new_dimer_db,2N9E,1,True
2N9P,A,C,../../GraPPI_data/PDB/new_dimer_db/2N9P.pdb,new_dimer_db,2N9P,1,True
2N9X,A,B,../../GraPPI_data/PDB/new_dimer_db/2N9X.pdb,new_dimer_db,2N9X,1,True
2N9Y,A,B,../../GraPPI_data/PDB/new_dimer_db/2N9Y.pdb,new_dimer_db,2N9Y,1,True
2NBW,A,B,../../GraPPI_data/PDB/new_dimer_db/2NBW.pdb,new_dimer_db,2NBW,1,True
2NCZ,A,B,../../GraPPI_data/PDB/new_dimer_db/2NCZ.pdb,new_dimer_db,2NCZ,1,True
2ND0,A,B,../../GraPPI_data/PDB/new_dimer_db/2ND0.pdb,new_dimer_db,2ND0,1,True
2ND1,A,B,../../GraPPI_data/PDB/new_dimer_db/2ND1.pdb,new_dimer_db,2ND1,1,True
2NDF,A,B,../../GraPPI_data/PDB/new_dimer_db/2NDF.pdb,new_dimer_db,2NDF,1,True
2NDG,A,B,../../GraPPI_data/PDB/new_dimer_db/2NDG.pdb,new_dimer_db,2NDG,1,True
2ODD,B,A,../../GraPPI_data/PDB/new_dimer_db/2ODD.pdb,new_dimer_db,2ODD,1,True
2OFQ,A,B,../../GraPPI_data/PDB/new_dimer_db/2OFQ.pdb,new_dimer_db,2OFQ,1,True
2OI3,A,B,../../GraPPI_data/PDB/new_dimer_db/2OI3.pdb,new_dimer_db,2OI3,1,True
2OJ2,A,B,../../GraPPI_data/PDB/new_dimer_db/2OJ2.pdb,new_dimer_db,2OJ2,1,True
2PHG,A,B,../../GraPPI_data/PDB/new_dimer_db/2PHG.pdb,new_dimer_db,2PHG,1,True
2PJH,A,B,../../GraPPI_data/PDB/new_dimer_db/2PJH.pdb,new_dimer_db,2PJH,1,True
2PLD,A,B,../../GraPPI_data/PDB/new_dimer_db/2PLD.pdb,new_dimer_db,2PLD,1,True
2PLE,A,B,../../GraPPI_data/PDB/new_dimer_db/2PLE.pdb,new_dimer_db,2PLE,1,True
2PQ4,A,B,../../GraPPI_data/PDB/new_dimer_db/2PQ4.pdb,new_dimer_db,2PQ4,1,True
2RMX,A,B,../../GraPPI_data/PDB/new_dimer_db/2RMX.pdb,new_dimer_db,2RMX,1,True
2RN5,A,B,../../GraPPI_data/PDB/new_dimer_db/2RN5.pdb,new_dimer_db,2RN5,1,True
2RNW,A,B,../../GraPPI_data/PDB/new_dimer_db/2RNW.pdb,new_dimer_db,2RNW,1,True
2RNX,A,B,../../GraPPI_data/PDB/new_dimer_db/2RNX.pdb,new_dimer_db,2RNX,1,True
2RNY,A,B,../../GraPPI_data/PDB/new_dimer_db/2RNY.pdb,new_dimer_db,2RNY,1,True
2ROC,A,B,../../GraPPI_data/PDB/new_dimer_db/2ROC.pdb,new_dimer_db,2ROC,1,True
2ROD,A,B,../../GraPPI_data/PDB/new_dimer_db/2ROD.pdb,new_dimer_db,2ROD,1,True
2ROL,A,B,../../GraPPI_data/PDB/new_dimer_db/2ROL.pdb,new_dimer_db,2ROL,1,True
2ROR,A,B,../../GraPPI_data/PDB/new_dimer_db/2ROR.pdb,new_dimer_db,2ROR,1,True
2RPN,A,B,../../GraPPI_data/PDB/new_dimer_db/2RPN.pdb,new_dimer_db,2RPN,1,True
2RPQ,A,B,../../GraPPI_data/PDB/new_dimer_db/2RPQ.pdb,new_dimer_db,2RPQ,1,True
2RQG,A,B,../../GraPPI_data/PDB/new_dimer_db/2RQG.pdb,new_dimer_db,2RQG,1,True
2RQH,A,B,../../GraPPI_data/PDB/new_dimer_db/2RQH.pdb,new_dimer_db,2RQH,1,True
2RQU,A,B,../../GraPPI_data/PDB/new_dimer_db/2RQU.pdb,new_dimer_db,2RQU,1,True
2RQW,A,B,../../GraPPI_data/PDB/new_dimer_db/2RQW.pdb,new_dimer_db,2RQW,1,True
2RSN,A,B,../../GraPPI_data/PDB/new_dimer_db/2RSN.pdb,new_dimer_db,2RSN,1,True
2RSY,A,B,../../GraPPI_data/PDB/new_dimer_db/2RSY.pdb,new_dimer_db,2RSY,1,True
2RVN,A,B,../../GraPPI_data/PDB/new_dimer_db/2RVN.pdb,new_dimer_db,2RVN,1,True
2RVQ,C,D,../../GraPPI_data/PDB/new_dimer_db/2RVQ.pdb,new_dimer_db,2RVQ,1,True
2W85,A,B,../../GraPPI_data/PDB/new_dimer_db/2W85.pdb,new_dimer_db,2W85,1,True
2XY8,A,B,../../GraPPI_data/PDB/new_dimer_db/2XY8.pdb,new_dimer_db,2XY8,1,True
2YKA,A,B,../../GraPPI_data/PDB/new_dimer_db/2YKA.pdb,new_dimer_db,2YKA,1,True
2YS5,A,B,../../GraPPI_data/PDB/new_dimer_db/2YS5.pdb,new_dimer_db,2YS5,1,True
2YU7,A,B,../../GraPPI_data/PDB/new_dimer_db/2YU7.pdb,new_dimer_db,2YU7,1,True
2Z59,A,B,../../GraPPI_data/PDB/new_dimer_db/2Z59.pdb,new_dimer_db,2Z59,1,True
3EZE,A,B,../../GraPPI_data/PDB/new_dimer_db/3EZE.pdb,new_dimer_db,3EZE,3,True
3GBQ,A,B,../../GraPPI_data/PDB/new_dimer_db/3GBQ.pdb,new_dimer_db,3GBQ,1,True
4A54,A,B,../../GraPPI_data/PDB/new_dimer_db/4A54.pdb,new_dimer_db,4A54,1,True
4BD3,A,B,../../GraPPI_data/PDB/new_dimer_db/4BD3.pdb,new_dimer_db,4BD3,1,True
4BEH,A,B,../../GraPPI_data/PDB/new_dimer_db/4BEH.pdb,new_dimer_db,4BEH,1,True
4BXU,A,B,../../GraPPI_data/PDB/new_dimer_db/4BXU.pdb,new_dimer_db,4BXU,1,True
4GBQ,A,B,../../GraPPI_data/PDB/new_dimer_db/4GBQ.pdb,new_dimer_db,4GBQ,1,True
4UQT,A,B,../../GraPPI_data/PDB/new_dimer_db/4UQT.pdb,new_dimer_db,4UQT,1,True
5GOW,A,B,../../GraPPI_data/PDB/new_dimer_db/5GOW.pdb,new_dimer_db,5GOW,1,True
5GWM,A,B,../../GraPPI_data/PDB/new_dimer_db/5GWM.pdb,new_dimer_db,5GWM,1,True
5H7P,A,B,../../GraPPI_data/PDB/new_dimer_db/5H7P.pdb,new_dimer_db,5H7P,1,True
5I22,A,B,../../GraPPI_data/PDB/new_dimer_db/5I22.pdb,new_dimer_db,5I22,1,True
5IAY,A,B,../../GraPPI_data/PDB/new_dimer_db/5IAY.pdb,new_dimer_db,5IAY,1,True
5IXF,A,B,../../GraPPI_data/PDB/new_dimer_db/5IXF.pdb,new_dimer_db,5IXF,1,True
5J6Z,A,B,../../GraPPI_data/PDB/new_dimer_db/5J6Z.pdb,new_dimer_db,5J6Z,1,True
5J7J,A,B,../../GraPPI_data/PDB/new_dimer_db/5J7J.pdb,new_dimer_db,5J7J,1,True
5JYV,A,B,../../GraPPI_data/PDB/new_dimer_db/5JYV.pdb,new_dimer_db,5JYV,1,True
5L85,A,B,../../GraPPI_data/PDB/new_dimer_db/5L85.pdb,new_dimer_db,5L85,1,True
5LVF,A,B,../../GraPPI_data/PDB/new_dimer_db/5LVF.pdb,new_dimer_db,5LVF,1,True
5M9D,A,B,../../GraPPI_data/PDB/new_dimer_db/5M9D.pdb,new_dimer_db,5M9D,1,True
5MF9,A,B,../../GraPPI_data/PDB/new_dimer_db/5MF9.pdb,new_dimer_db,5MF9,1,True
5MHD,A,B,../../GraPPI_data/PDB/new_dimer_db/5MHD.pdb,new_dimer_db,5MHD,1,True
5MIZ,A,B,../../GraPPI_data/PDB/new_dimer_db/5MIZ.pdb,new_dimer_db,5MIZ,1,True
5MWQ,A,B,../../GraPPI_data/PDB/new_dimer_db/5MWQ.pdb,new_dimer_db,5MWQ,1,True
5OEO,A,C,../../GraPPI_data/PDB/new_dimer_db/5OEO.pdb,new_dimer_db,5OEO,1,True
5T1O,A,B,../../GraPPI_data/PDB/new_dimer_db/5T1O.pdb,new_dimer_db,5T1O,1,True
5TBN,A,C,../../GraPPI_data/PDB/new_dimer_db/5TBN.pdb,new_dimer_db,5TBN,1,True
5U5S,A,B,../../GraPPI_data/PDB/new_dimer_db/5U5S.pdb,new_dimer_db,5U5S,1,True
5URN,A,B,../../GraPPI_data/PDB/new_dimer_db/5URN.pdb,new_dimer_db,5URN,1,True
5VF0,A,B,../../GraPPI_data/PDB/new_dimer_db/5VF0.pdb,new_dimer_db,5VF0,1,True
5X9X,A,B,../../GraPPI_data/PDB/new_dimer_db/5X9X.pdb,new_dimer_db,5X9X,1,True
6B7G,A,B,../../GraPPI_data/PDB/new_dimer_db/6B7G.pdb,new_dimer_db,6B7G,1,True
6BGG,A,B,../../GraPPI_data/PDB/new_dimer_db/6BGG.pdb,new_dimer_db,6BGG,1,True
6BGH,A,B,../../GraPPI_data/PDB/new_dimer_db/6BGH.pdb,new_dimer_db,6BGH,1,True
6BNH,A,B,../../GraPPI_data/PDB/new_dimer_db/6BNH.pdb,new_dimer_db,6BNH,1,True
6BUT,A,B,../../GraPPI_data/PDB/new_dimer_db/6BUT.pdb,new_dimer_db,6BUT,1,True
6C0A,A,B,../../GraPPI_data/PDB/new_dimer_db/6C0A.pdb,new_dimer_db,6C0A,1,True
6CO4,A,B,../../GraPPI_data/PDB/new_dimer_db/6CO4.pdb,new_dimer_db,6CO4,1,True
6CTB,A,B,../../GraPPI_data/PDB/new_dimer_db/6CTB.pdb,new_dimer_db,6CTB,1,True
6DMP,A,B,../../GraPPI_data/PDB/new_dimer_db/6DMP.pdb,new_dimer_db,6DMP,1,True
6E5N,B,A,../../GraPPI_data/PDB/new_dimer_db/6E5N.pdb,new_dimer_db,6E5N,1,True
6E83,B,A,../../GraPPI_data/PDB/new_dimer_db/6E83.pdb,new_dimer_db,6E83,1,True
6ES5,A,B,../../GraPPI_data/PDB/new_dimer_db/6ES5.pdb,new_dimer_db,6ES5,1,True
6ES6,A,B,../../GraPPI_data/PDB/new_dimer_db/6ES6.pdb,new_dimer_db,6ES6,1,True
6ES7,A,B,../../GraPPI_data/PDB/new_dimer_db/6ES7.pdb,new_dimer_db,6ES7,1,True
6F0Y,A,B,../../GraPPI_data/PDB/new_dimer_db/6F0Y.pdb,new_dimer_db,6F0Y,1,True
6F55,A,B,../../GraPPI_data/PDB/new_dimer_db/6F55.pdb,new_dimer_db,6F55,1,True
6FEG,A,B,../../GraPPI_data/PDB/new_dimer_db/6FEG.pdb,new_dimer_db,6FEG,1,True
6FEH,A,B,../../GraPPI_data/PDB/new_dimer_db/6FEH.pdb,new_dimer_db,6FEH,1,True
6FGP,A,B,../../GraPPI_data/PDB/new_dimer_db/6FGP.pdb,new_dimer_db,6FGP,1,True
6GBE,A,B,../../GraPPI_data/PDB/new_dimer_db/6GBE.pdb,new_dimer_db,6GBE,1,True
6GC3,A,B,../../GraPPI_data/PDB/new_dimer_db/6GC3.pdb,new_dimer_db,6GC3,1,True
6H8C,A,B,../../GraPPI_data/PDB/new_dimer_db/6H8C.pdb,new_dimer_db,6H8C,1,True
6IJQ,A,B,../../GraPPI_data/PDB/new_dimer_db/6IJQ.pdb,new_dimer_db,6IJQ,1,True
6JXU,A,B,../../GraPPI_data/PDB/new_dimer_db/6JXU.pdb,new_dimer_db,6JXU,1,True
6JXW,A,B,../../GraPPI_data/PDB/new_dimer_db/6JXW.pdb,new_dimer_db,6JXW,1,True
6JXX,A,B,../../GraPPI_data/PDB/new_dimer_db/6JXX.pdb,new_dimer_db,6JXX,2,True
6K59,A,B,../../GraPPI_data/PDB/new_dimer_db/6K59.pdb,new_dimer_db,6K59,1,True
6K5T,A,B,../../GraPPI_data/PDB/new_dimer_db/6K5T.pdb,new_dimer_db,6K5T,2,True
6KBO,A,B,../../GraPPI_data/PDB/new_dimer_db/6KBO.pdb,new_dimer_db,6KBO,1,True
6KBV,A,B,../../GraPPI_data/PDB/new_dimer_db/6KBV.pdb,new_dimer_db,6KBV,1,True
6KH8,A,B,../../GraPPI_data/PDB/new_dimer_db/6KH8.pdb,new_dimer_db,6KH8,1,True
6KH9,A,B,../../GraPPI_data/PDB/new_dimer_db/6KH9.pdb,new_dimer_db,6KH9,1,True
6KHA,A,B,../../GraPPI_data/PDB/new_dimer_db/6KHA.pdb,new_dimer_db,6KHA,1,True
6LQZ,A,B,../../GraPPI_data/PDB/new_dimer_db/6LQZ.pdb,new_dimer_db,6LQZ,1,True
6M78,A,B,../../GraPPI_data/PDB/new_dimer_db/6M78.pdb,new_dimer_db,6M78,1,True
6MNL,A,B,../../GraPPI_data/PDB/new_dimer_db/6MNL.pdb,new_dimer_db,6MNL,1,True
6QTC,A,B,../../GraPPI_data/PDB/new_dimer_db/6QTC.pdb,new_dimer_db,6QTC,1,True
6R5G,A,B,../../GraPPI_data/PDB/new_dimer_db/6R5G.pdb,new_dimer_db,6R5G,1,True
6RH6,A,B,../../GraPPI_data/PDB/new_dimer_db/6RH6.pdb,new_dimer_db,6RH6,1,True
6S3W,B,A,../../GraPPI_data/PDB/new_dimer_db/6S3W.pdb,new_dimer_db,6S3W,1,True
6TL0,A,B,../../GraPPI_data/PDB/new_dimer_db/6TL0.pdb,new_dimer_db,6TL0,1,True
6U19,A,B,../../GraPPI_data/PDB/new_dimer_db/6U19.pdb,new_dimer_db,6U19,1,True
6U4N,A,B,../../GraPPI_data/PDB/new_dimer_db/6U4N.pdb,new_dimer_db,6U4N,1,True
6UZ4,A,B,../../GraPPI_data/PDB/new_dimer_db/6UZ4.pdb,new_dimer_db,6UZ4,1,True
6UZ5,A,B,../../GraPPI_data/PDB/new_dimer_db/6UZ5.pdb,new_dimer_db,6UZ5,1,True
6X4X,A,B,../../GraPPI_data/PDB/new_dimer_db/6X4X.pdb,new_dimer_db,6X4X,1,True
6XFL,A,B,../../GraPPI_data/PDB/new_dimer_db/6XFL.pdb,new_dimer_db,6XFL,1,True
6XMN,A,B,../../GraPPI_data/PDB/new_dimer_db/6XMN.pdb,new_dimer_db,6XMN,1,True
7B2B,B,A,../../GraPPI_data/PDB/new_dimer_db/7B2B.pdb,new_dimer_db,7B2B,1,True
7C1M,A,B,../../GraPPI_data/PDB/new_dimer_db/7C1M.pdb,new_dimer_db,7C1M,1,True
7CSQ,A,B,../../GraPPI_data/PDB/new_dimer_db/7CSQ.pdb,new_dimer_db,7CSQ,1,True
7CWH,A,B,../../GraPPI_data/PDB/new_dimer_db/7CWH.pdb,new_dimer_db,7CWH,1,True
7DTI,A,B,../../GraPPI_data/PDB/new_dimer_db/7DTI.pdb,new_dimer_db,7DTI,1,True
7FB8,B,A,../../GraPPI_data/PDB/new_dimer_db/7FB8.pdb,new_dimer_db,7FB8,1,True
7JQ8,A,B,../../GraPPI_data/PDB/new_dimer_db/7JQ8.pdb,new_dimer_db,7JQ8,1,True
7JYN,A,B,../../GraPPI_data/PDB/new_dimer_db/7JYN.pdb,new_dimer_db,7JYN,1,True
7JYZ,A,B,../../GraPPI_data/PDB/new_dimer_db/7JYZ.pdb,new_dimer_db,7JYZ,1,True
7K3S,A,B,../../GraPPI_data/PDB/new_dimer_db/7K3S.pdb,new_dimer_db,7K3S,1,True
7K7F,A,B,../../GraPPI_data/PDB/new_dimer_db/7K7F.pdb,new_dimer_db,7K7F,1,True
7KLR,A,B,../../GraPPI_data/PDB/new_dimer_db/7KLR.pdb,new_dimer_db,7KLR,1,True
7KN0,A,B,../../GraPPI_data/PDB/new_dimer_db/7KN0.pdb,new_dimer_db,7KN0,1,True
7L8V,A,C,../../GraPPI_data/PDB/new_dimer_db/7L8V.pdb,new_dimer_db,7L8V,1,True
7LL7,A,B,../../GraPPI_data/PDB/new_dimer_db/7LL7.pdb,new_dimer_db,7LL7,1,True
7MLA,A,B,../../GraPPI_data/PDB/new_dimer_db/7MLA.pdb,new_dimer_db,7MLA,1,True
7NQC,A,B,../../GraPPI_data/PDB/new_dimer_db/7NQC.pdb,new_dimer_db,7NQC,1,True
7OJ9,B,A,../../GraPPI_data/PDB/new_dimer_db/7OJ9.pdb,new_dimer_db,7OJ9,1,True
7OVC,A,B,../../GraPPI_data/PDB/new_dimer_db/7OVC.pdb,new_dimer_db,7OVC,1,True
7PJ1,A,B,../../GraPPI_data/PDB/new_dimer_db/7PJ1.pdb,new_dimer_db,7PJ1,1,True
7PKU,A,B,../../GraPPI_data/PDB/new_dimer_db/7PKU.pdb,new_dimer_db,7PKU,1,True
7PLL,A,B,../../GraPPI_data/PDB/new_dimer_db/7PLL.pdb,new_dimer_db,7PLL,1,True
7QDW,A,B,../../GraPPI_data/PDB/new_dimer_db/7QDW.pdb,new_dimer_db,7QDW,1,True
7QS6,A,B,../../GraPPI_data/PDB/new_dimer_db/7QS6.pdb,new_dimer_db,7QS6,1,True
7QUU,A,B,../../GraPPI_data/PDB/new_dimer_db/7QUU.pdb,new_dimer_db,7QUU,1,True
7S5J,A,B,../../GraPPI_data/PDB/new_dimer_db/7S5J.pdb,new_dimer_db,7S5J,1,True
7SFT,A,B,../../GraPPI_data/PDB/new_dimer_db/7SFT.pdb,new_dimer_db,7SFT,1,True
7X5C,A,B,../../GraPPI_data/PDB/new_dimer_db/7X5C.pdb,new_dimer_db,7X5C,1,True
7XFG,A,B,../../GraPPI_data/PDB/new_dimer_db/7XFG.pdb,new_dimer_db,7XFG,1,True
7Y0I,A,B,../../GraPPI_data/PDB/new_dimer_db/7Y0I.pdb,new_dimer_db,7Y0I,1,True
7ZAX,A,B,../../GraPPI_data/PDB/new_dimer_db/7ZAX.pdb,new_dimer_db,7ZAX,1,True
7ZED,A,B,../../GraPPI_data/PDB/new_dimer_db/7ZED.pdb,new_dimer_db,7ZED,1,True
7ZEY,A,B,../../GraPPI_data/PDB/new_dimer_db/7ZEY.pdb,new_dimer_db,7ZEY,1,True
8BA1,A,B,../../GraPPI_data/PDB/new_dimer_db/8BA1.pdb,new_dimer_db,8BA1,1,True
8BSS,A,B,../../GraPPI_data/PDB/new_dimer_db/8BSS.pdb,new_dimer_db,8BSS,1,True
8DDC,A,B,../../GraPPI_data/PDB/new_dimer_db/8DDC.pdb,new_dimer_db,8DDC,1,True
8DDD,A,B,../../GraPPI_data/PDB/new_dimer_db/8DDD.pdb,new_dimer_db,8DDD,1,True
8DGH,A,B,../../GraPPI_data/PDB/new_dimer_db/8DGH.pdb,new_dimer_db,8DGH,1,True
8DGK,A,B,../../GraPPI_data/PDB/new_dimer_db/8DGK.pdb,new_dimer_db,8DGK,1,True
8E1D,B,A,../../GraPPI_data/PDB/new_dimer_db/8E1D.pdb,new_dimer_db,8E1D,1,True
8FG1,A,B,../../GraPPI_data/PDB/new_dimer_db/8FG1.pdb,new_dimer_db,8FG1,1,True
8HEP,A,B,../../GraPPI_data/PDB/new_dimer_db/8HEP.pdb,new_dimer_db,8HEP,1,True
8HEQ,A,B,../../GraPPI_data/PDB/new_dimer_db/8HEQ.pdb,new_dimer_db,8HEQ,1,True
8HER,A,B,../../GraPPI_data/PDB/new_dimer_db/8HER.pdb,new_dimer_db,8HER,1,True
8IVB,A,B,../../GraPPI_data/PDB/new_dimer_db/8IVB.pdb,new_dimer_db,8IVB,1,True
8K2R,A,B,../../GraPPI_data/PDB/new_dimer_db/8K2R.pdb,new_dimer_db,8K2R,1,True
8K2S,A,B,../../GraPPI_data/PDB/new_dimer_db/8K2S.pdb,new_dimer_db,8K2S,1,True
8K31,A,B,../../GraPPI_data/PDB/new_dimer_db/8K31.pdb,new_dimer_db,8K31,1,True
8ONU,A,B,../../GraPPI_data/PDB/new_dimer_db/8ONU.pdb,new_dimer_db,8ONU,1,True
8PXX,A,B,../../GraPPI_data/PDB/new_dimer_db/8PXX.pdb,new_dimer_db,8PXX,1,True
8RAJ,A,B,../../GraPPI_data/PDB/new_dimer_db/8RAJ.pdb,new_dimer_db,8RAJ,1,True
8SG2,A,B,../../GraPPI_data/PDB/new_dimer_db/8SG2.pdb,new_dimer_db,8SG2,1,True
8U9O,A,B,../../GraPPI_data/PDB/new_dimer_db/8U9O.pdb,new_dimer_db,8U9O,1,True
8VOH,A,B,../../GraPPI_data/PDB/new_dimer_db/8VOH.pdb,new_dimer_db,8VOH,1,True
8VOI,A,B,../../GraPPI_data/PDB/new_dimer_db/8VOI.pdb,new_dimer_db,8VOI,1,True
8WLS,A,B,../../GraPPI_data/PDB/new_dimer_db/8WLS.pdb,new_dimer_db,8WLS,1,True
8X8T,A,B,../../GraPPI_data/PDB/new_dimer_db/8X8T.pdb,new_dimer_db,8X8T,1,True
8ZXC,A,B,../../GraPPI_data/PDB/new_dimer_db/8ZXC.pdb,new_dimer_db,8ZXC,1,True
9ATN,A,B,../../GraPPI_data/PDB/new_dimer_db/9ATN.pdb,new_dimer_db,9ATN,1,True
9C5E,A,B,../../GraPPI_data/PDB/new_dimer_db/9C5E.pdb,new_dimer_db,9C5E,1,True
9EZN,A,B,../../GraPPI_data/PDB/new_dimer_db/9EZN.pdb,new_dimer_db,9EZN,1,True
9EZO,A,B,../../GraPPI_data/PDB/new_dimer_db/9EZO.pdb,new_dimer_db,9EZO,1,True
9EZP,A,B,../../GraPPI_data/PDB/new_dimer_db/9EZP.pdb,new_dimer_db,9EZP,1,True
9GRM,A,B,../../GraPPI_data/PDB/new_dimer_db/9GRM.pdb,new_dimer_db,9GRM,1,True
9JO6,A,B,../../GraPPI_data/PDB/new_dimer_db/9JO6.pdb,new_dimer_db,9JO6,1,True
9PQH,A,B,../../GraPPI_data/PDB/new_dimer_db/9PQH.pdb,new_dimer_db,9PQH,1,True
9PQI,A,B,../../GraPPI_data/PDB/new_dimer_db/9PQI.pdb,new_dimer_db,9PQI,1,True
9QLM,A,B,../../GraPPI_data/PDB/new_dimer_db/9QLM.pdb,new_dimer_db,9QLM,1,True
9R3Y,A,B,../../GraPPI_data/PDB/new_dimer_db/9R3Y.pdb,new_dimer_db,9R3Y,1,True
9R4V,A,B,../../GraPPI_data/PDB/new_dimer_db/9R4V.pdb,new_dimer_db,9R4V,1,True
9R4W,B,A,../../GraPPI_data/PDB/new_dimer_db/9R4W.pdb,new_dimer_db,9R4W,1,True
1BR4,B,A,../../GraPPI_data/PDB/new_dimer_db/1BR4.pdb,new_dimer_db,1BR4,2,True
1E8S,A,B,../../GraPPI_data/PDB/new_dimer_db/1E8S.pdb,new_dimer_db,1E8S,4,True
1H6E,A,P,../../GraPPI_data/PDB/new_dimer_db/1H6E.pdb,new_dimer_db,1H6E,1,True
1JKY,A,B,../../GraPPI_data/PDB/new_dimer_db/1JKY.pdb,new_dimer_db,1JKY,1,True
2E32,A,B,../../GraPPI_data/PDB/new_dimer_db/2E32.pdb,new_dimer_db,2E32,4,True
2GY7,A,B,../../GraPPI_data/PDB/new_dimer_db/2GY7.pdb,new_dimer_db,2GY7,1,True
2RFD,A,C,../../GraPPI_data/PDB/new_dimer_db/2RFD.pdb,new_dimer_db,2RFD,1,True
2UZY,A,B,../../GraPPI_data/PDB/new_dimer_db/2UZY.pdb,new_dimer_db,2UZY,2,True
2V55,B,A,../../GraPPI_data/PDB/new_dimer_db/2V55.pdb,new_dimer_db,2V55,1,True
2XXA,A,B,../../GraPPI_data/PDB/new_dimer_db/2XXA.pdb,new_dimer_db,2XXA,1,True
2Y9Z,A,B,../../GraPPI_data/PDB/new_dimer_db/2Y9Z.pdb,new_dimer_db,2Y9Z,2,True
3E1Y,A,F,../../GraPPI_data/PDB/new_dimer_db/3E1Y.pdb,new_dimer_db,3E1Y,1,True
3E9J,B,C,../../GraPPI_data/PDB/new_dimer_db/3E9J.pdb,new_dimer_db,3E9J,3,True
3ENH,D,A,../../GraPPI_data/PDB/new_dimer_db/3ENH.pdb,new_dimer_db,3ENH,1,True
3GGZ,A,E,../../GraPPI_data/PDB/new_dimer_db/3GGZ.pdb,new_dimer_db,3GGZ,1,True
3HJY,A,B,../../GraPPI_data/PDB/new_dimer_db/3HJY.pdb,new_dimer_db,3HJY,3,True
3I4R,A,B,../../GraPPI_data/PDB/new_dimer_db/3I4R.pdb,new_dimer_db,3I4R,1,True
3IOZ,A,B,../../GraPPI_data/PDB/new_dimer_db/3IOZ.pdb,new_dimer_db,3IOZ,2,True
3K72,A,B,../../GraPPI_data/PDB/new_dimer_db/3K72.pdb,new_dimer_db,3K72,7,True
3MX0,A,B,../../GraPPI_data/PDB/new_dimer_db/3MX0.pdb,new_dimer_db,3MX0,1,True
3PHF,A,B,../../GraPPI_data/PDB/new_dimer_db/3PHF.pdb,new_dimer_db,3PHF,1,True
3UM3,A,B,../../GraPPI_data/PDB/new_dimer_db/3UM3.pdb,new_dimer_db,3UM3,1,True
3UUX,A,B,../../GraPPI_data/PDB/new_dimer_db/3UUX.pdb,new_dimer_db,3UUX,1,True
3W3A,I,N,../../GraPPI_data/PDB/new_dimer_db/3W3A.pdb,new_dimer_db,3W3A,3,True
3W5V,D,A,../../GraPPI_data/PDB/new_dimer_db/3W5V.pdb,new_dimer_db,3W5V,1,True
3WHL,B,A,../../GraPPI_data/PDB/new_dimer_db/3WHL.pdb,new_dimer_db,3WHL,1,True
3ZXU,B,A,../../GraPPI_data/PDB/new_dimer_db/3ZXU.pdb,new_dimer_db,3ZXU,1,True
4A0A,A,B,../../GraPPI_data/PDB/new_dimer_db/4A0A.pdb,new_dimer_db,4A0A,1,True
4A3V,A,B,../../GraPPI_data/PDB/new_dimer_db/4A3V.pdb,new_dimer_db,4A3V,2,True
4BDV,A,B,../../GraPPI_data/PDB/new_dimer_db/4BDV.pdb,new_dimer_db,4BDV,3,True
4CV5,B,A,../../GraPPI_data/PDB/new_dimer_db/4CV5.pdb,new_dimer_db,4CV5,1,True
4G5S,E,A,../../GraPPI_data/PDB/new_dimer_db/4G5S.pdb,new_dimer_db,4G5S,1,True
4GBR,A,B,../../GraPPI_data/PDB/new_dimer_db/4GBR.pdb,new_dimer_db,4GBR,1,True
4I2W,A,B,../../GraPPI_data/PDB/new_dimer_db/4I2W.pdb,new_dimer_db,4I2W,1,True
4J23,A,B,../../GraPPI_data/PDB/new_dimer_db/4J23.pdb,new_dimer_db,4J23,10,True
4JT6,B,D,../../GraPPI_data/PDB/new_dimer_db/4JT6.pdb,new_dimer_db,4JT6,6,True
4U4A,B,E,../../GraPPI_data/PDB/new_dimer_db/4U4A.pdb,new_dimer_db,4U4A,1,True
4XT3,A,B,../../GraPPI_data/PDB/new_dimer_db/4XT3.pdb,new_dimer_db,4XT3,1,True
4XZV,A,B,../../GraPPI_data/PDB/new_dimer_db/4XZV.pdb,new_dimer_db,4XZV,1,True
5AJD,A,B,../../GraPPI_data/PDB/new_dimer_db/5AJD.pdb,new_dimer_db,5AJD,1,True
5DMQ,A,B,../../GraPPI_data/PDB/new_dimer_db/5DMQ.pdb,new_dimer_db,5DMQ,1,True
5DO7,A,B,../../GraPPI_data/PDB/new_dimer_db/5DO7.pdb,new_dimer_db,5DO7,1,True
5EKV,B,A,../../GraPPI_data/PDB/new_dimer_db/5EKV.pdb,new_dimer_db,5EKV,14,True
5H2C,A,B,../../GraPPI_data/PDB/new_dimer_db/5H2C.pdb,new_dimer_db,5H2C,1,True
5IGQ,A,U,../../GraPPI_data/PDB/new_dimer_db/5IGQ.pdb,new_dimer_db,5IGQ,1,True
5KL8,A,B,../../GraPPI_data/PDB/new_dimer_db/5KL8.pdb,new_dimer_db,5KL8,2,True
5MZ6,1,B,../../GraPPI_data/PDB/new_dimer_db/5MZ6.pdb,new_dimer_db,5MZ6,1,True
5ND1,A,B,../../GraPPI_data/PDB/new_dimer_db/5ND1.pdb,new_dimer_db,5ND1,1,True
5OBZ,A,B,../../GraPPI_data/PDB/new_dimer_db/5OBZ.pdb,new_dimer_db,5OBZ,2,True
5V0L,A,B,../../GraPPI_data/PDB/new_dimer_db/5V0L.pdb,new_dimer_db,5V0L,2,True
5V6H,A,B,../../GraPPI_data/PDB/new_dimer_db/5V6H.pdb,new_dimer_db,5V6H,2,True
5WG6,B,A,../../GraPPI_data/PDB/new_dimer_db/5WG6.pdb,new_dimer_db,5WG6,1,True
5WHZ,L,H,../../GraPPI_data/PDB/new_dimer_db/5WHZ.pdb,new_dimer_db,5WHZ,1,True
5X6O,C,G,../../GraPPI_data/PDB/new_dimer_db/5X6O.pdb,new_dimer_db,5X6O,1,True
5XKN,B,E,../../GraPPI_data/PDB/new_dimer_db/5XKN.pdb,new_dimer_db,5XKN,1,True
6F4A,A,B,../../GraPPI_data/PDB/new_dimer_db/6F4A.pdb,new_dimer_db,6F4A,1,True
6F7P,A,C,../../GraPPI_data/PDB/new_dimer_db/6F7P.pdb,new_dimer_db,6F7P,3,True
6H8Q,A,G,../../GraPPI_data/PDB/new_dimer_db/6H8Q.pdb,new_dimer_db,6H8Q,1,True
6I8H,A,B,../../GraPPI_data/PDB/new_dimer_db/6I8H.pdb,new_dimer_db,6I8H,1,True
6IXV,E,A,../../GraPPI_data/PDB/new_dimer_db/6IXV.pdb,new_dimer_db,6IXV,2,True
6J5W,B,A,../../GraPPI_data/PDB/new_dimer_db/6J5W.pdb,new_dimer_db,6J5W,1,True
6K2D,A,B,../../GraPPI_data/PDB/new_dimer_db/6K2D.pdb,new_dimer_db,6K2D,1,True
6KYL,B,A,../../GraPPI_data/PDB/new_dimer_db/6KYL.pdb,new_dimer_db,6KYL,1,True
6L6R,B,D,../../GraPPI_data/PDB/new_dimer_db/6L6R.pdb,new_dimer_db,6L6R,1,True
6LOJ,A,B,../../GraPPI_data/PDB/new_dimer_db/6LOJ.pdb,new_dimer_db,6LOJ,1,True
6M49,A,B,../../GraPPI_data/PDB/new_dimer_db/6M49.pdb,new_dimer_db,6M49,1,True
6N50,E,A,../../GraPPI_data/PDB/new_dimer_db/6N50.pdb,new_dimer_db,6N50,2,True
6NPY,B,A,../../GraPPI_data/PDB/new_dimer_db/6NPY.pdb,new_dimer_db,6NPY,1,True
6OEV,A,C,../../GraPPI_data/PDB/new_dimer_db/6OEV.pdb,new_dimer_db,6OEV,1,True
6OIH,D,A,../../GraPPI_data/PDB/new_dimer_db/6OIH.pdb,new_dimer_db,6OIH,1,True
6P4F,A,B,../../GraPPI_data/PDB/new_dimer_db/6P4F.pdb,new_dimer_db,6P4F,1,True
6PZ9,C,D,../../GraPPI_data/PDB/new_dimer_db/6PZ9.pdb,new_dimer_db,6PZ9,1,True
6PZA,C,D,../../GraPPI_data/PDB/new_dimer_db/6PZA.pdb,new_dimer_db,6PZA,1,True
6QF7,A,B,../../GraPPI_data/PDB/new_dimer_db/6QF7.pdb,new_dimer_db,6QF7,1,True
6QU1,A,D,../../GraPPI_data/PDB/new_dimer_db/6QU1.pdb,new_dimer_db,6QU1,1,True
6S8U,A,B,../../GraPPI_data/PDB/new_dimer_db/6S8U.pdb,new_dimer_db,6S8U,1,True
6SEJ,A,B,../../GraPPI_data/PDB/new_dimer_db/6SEJ.pdb,new_dimer_db,6SEJ,3,True
6SKA,A,D,../../GraPPI_data/PDB/new_dimer_db/6SKA.pdb,new_dimer_db,6SKA,1,True
6SXA,F,G,../../GraPPI_data/PDB/new_dimer_db/6SXA.pdb,new_dimer_db,6SXA,1,True
6T1W,A,C,../../GraPPI_data/PDB/new_dimer_db/6T1W.pdb,new_dimer_db,6T1W,1,True
6TCA,B,A,../../GraPPI_data/PDB/new_dimer_db/6TCA.pdb,new_dimer_db,6TCA,3,True
6UO8,A,B,../../GraPPI_data/PDB/new_dimer_db/6UO8.pdb,new_dimer_db,6UO8,1,True
6V0V,A,B,../../GraPPI_data/PDB/new_dimer_db/6V0V.pdb,new_dimer_db,6V0V,6,True
6V6B,B,C,../../GraPPI_data/PDB/new_dimer_db/6V6B.pdb,new_dimer_db,6V6B,1,True
6VK1,B,A,../../GraPPI_data/PDB/new_dimer_db/6VK1.pdb,new_dimer_db,6VK1,1,True
6VK3,A,B,../../GraPPI_data/PDB/new_dimer_db/6VK3.pdb,new_dimer_db,6VK3,1,True
6W5V,A,D,../../GraPPI_data/PDB/new_dimer_db/6W5V.pdb,new_dimer_db,6W5V,1,True
6W8I,D,A,../../GraPPI_data/PDB/new_dimer_db/6W8I.pdb,new_dimer_db,6W8I,1,True
6XMD,A,B,../../GraPPI_data/PDB/new_dimer_db/6XMD.pdb,new_dimer_db,6XMD,2,True
6YRA,B,A,../../GraPPI_data/PDB/new_dimer_db/6YRA.pdb,new_dimer_db,6YRA,1,True
6ZH6,A,B,../../GraPPI_data/PDB/new_dimer_db/6ZH6.pdb,new_dimer_db,6ZH6,1,True
7AKV,A,G,../../GraPPI_data/PDB/new_dimer_db/7AKV.pdb,new_dimer_db,7AKV,1,True
7CEG,A,B,../../GraPPI_data/PDB/new_dimer_db/7CEG.pdb,new_dimer_db,7CEG,1,True
7D5Q,A,C,../../GraPPI_data/PDB/new_dimer_db/7D5Q.pdb,new_dimer_db,7D5Q,2,True
7E2H,D,E,../../GraPPI_data/PDB/new_dimer_db/7E2H.pdb,new_dimer_db,7E2H,1,True
7F4T,B,A,../../GraPPI_data/PDB/new_dimer_db/7F4T.pdb,new_dimer_db,7F4T,4,True
7F7F,A,B,../../GraPPI_data/PDB/new_dimer_db/7F7F.pdb,new_dimer_db,7F7F,2,True
7FG3,A,D,../../GraPPI_data/PDB/new_dimer_db/7FG3.pdb,new_dimer_db,7FG3,1,True
7JL1,A,B,../../GraPPI_data/PDB/new_dimer_db/7JL1.pdb,new_dimer_db,7JL1,1,True
7JLU,A,B,../../GraPPI_data/PDB/new_dimer_db/7JLU.pdb,new_dimer_db,7JLU,1,True
7K7Y,A,D,../../GraPPI_data/PDB/new_dimer_db/7K7Y.pdb,new_dimer_db,7K7Y,1,True
7L4Z,B,S,../../GraPPI_data/PDB/new_dimer_db/7L4Z.pdb,new_dimer_db,7L4Z,1,True
7MVU,A,B,../../GraPPI_data/PDB/new_dimer_db/7MVU.pdb,new_dimer_db,7MVU,2,True
7N88,A,B,../../GraPPI_data/PDB/new_dimer_db/7N88.pdb,new_dimer_db,7N88,2,True
7NS4,b,i,../../GraPPI_data/PDB/new_dimer_db/7NS4.pdb,new_dimer_db,7NS4,1,True
7O2W,A,B,../../GraPPI_data/PDB/new_dimer_db/7O2W.pdb,new_dimer_db,7O2W,1,True
7OIX,A,B,../../GraPPI_data/PDB/new_dimer_db/7OIX.pdb,new_dimer_db,7OIX,1,True
7P14,A,B,../../GraPPI_data/PDB/new_dimer_db/7P14.pdb,new_dimer_db,7P14,1,True
7PDH,A,B,../../GraPPI_data/PDB/new_dimer_db/7PDH.pdb,new_dimer_db,7PDH,1,True
7PQG,B,A,../../GraPPI_data/PDB/new_dimer_db/7PQG.pdb,new_dimer_db,7PQG,1,True
7Q6I,D,F,../../GraPPI_data/PDB/new_dimer_db/7Q6I.pdb,new_dimer_db,7Q6I,1,True
7Q6Z,A,B,../../GraPPI_data/PDB/new_dimer_db/7Q6Z.pdb,new_dimer_db,7Q6Z,1,True
7QO9,A,B,../../GraPPI_data/PDB/new_dimer_db/7QO9.pdb,new_dimer_db,7QO9,1,True
7S8V,A,B,../../GraPPI_data/PDB/new_dimer_db/7S8V.pdb,new_dimer_db,7S8V,1,True
7SLQ,A,B,../../GraPPI_data/PDB/new_dimer_db/7SLQ.pdb,new_dimer_db,7SLQ,1,True
7T7I,B,A,../../GraPPI_data/PDB/new_dimer_db/7T7I.pdb,new_dimer_db,7T7I,3,True
7W0C,A,B,../../GraPPI_data/PDB/new_dimer_db/7W0C.pdb,new_dimer_db,7W0C,1,True
7WPZ,A,B,../../GraPPI_data/PDB/new_dimer_db/7WPZ.pdb,new_dimer_db,7WPZ,2,True
7XHV,A,B,../../GraPPI_data/PDB/new_dimer_db/7XHV.pdb,new_dimer_db,7XHV,1,True
7XVG,A,B,../../GraPPI_data/PDB/new_dimer_db/7XVG.pdb,new_dimer_db,7XVG,1,True
7YR5,B,A,../../GraPPI_data/PDB/new_dimer_db/7YR5.pdb,new_dimer_db,7YR5,1,True
7Z3Q,A,D,../../GraPPI_data/PDB/new_dimer_db/7Z3Q.pdb,new_dimer_db,7Z3Q,1,True
7Z8S,D,E,../../GraPPI_data/PDB/new_dimer_db/7Z8S.pdb,new_dimer_db,7Z8S,1,True
7ZCH,B,A,../../GraPPI_data/PDB/new_dimer_db/7ZCH.pdb,new_dimer_db,7ZCH,2,True
7ZKE,D,E,../../GraPPI_data/PDB/new_dimer_db/7ZKE.pdb,new_dimer_db,7ZKE,1,True
7ZKI,6,7,../../GraPPI_data/PDB/new_dimer_db/7ZKI.pdb,new_dimer_db,7ZKI,1,True
7ZPJ,A,D,../../GraPPI_data/PDB/new_dimer_db/7ZPJ.pdb,new_dimer_db,7ZPJ,1,True
7ZPK,A,C,../../GraPPI_data/PDB/new_dimer_db/7ZPK.pdb,new_dimer_db,7ZPK,1,True
7ZSC,A,C,../../GraPPI_data/PDB/new_dimer_db/7ZSC.pdb,new_dimer_db,7ZSC,1,True
8A2Q,A,B,../../GraPPI_data/PDB/new_dimer_db/8A2Q.pdb,new_dimer_db,8A2Q,5,True
8A8M,A,B,../../GraPPI_data/PDB/new_dimer_db/8A8M.pdb,new_dimer_db,8A8M,1,True
8AW3,2,3,../../GraPPI_data/PDB/new_dimer_db/8AW3.pdb,new_dimer_db,8AW3,1,True
8BOZ,B,A,../../GraPPI_data/PDB/new_dimer_db/8BOZ.pdb,new_dimer_db,8BOZ,1,True
8C5U,B,A,../../GraPPI_data/PDB/new_dimer_db/8C5U.pdb,new_dimer_db,8C5U,9,True
8CUW,A,B,../../GraPPI_data/PDB/new_dimer_db/8CUW.pdb,new_dimer_db,8CUW,3,True
8CXR,E,A,../../GraPPI_data/PDB/new_dimer_db/8CXR.pdb,new_dimer_db,8CXR,4,True
8DGA,A,K,../../GraPPI_data/PDB/new_dimer_db/8DGA.pdb,new_dimer_db,8DGA,2,True
8DGI,A,N,../../GraPPI_data/PDB/new_dimer_db/8DGI.pdb,new_dimer_db,8DGI,1,True
8EDM,A,B,../../GraPPI_data/PDB/new_dimer_db/8EDM.pdb,new_dimer_db,8EDM,1,True
8EFE,A,B,../../GraPPI_data/PDB/new_dimer_db/8EFE.pdb,new_dimer_db,8EFE,4,True
8EFP,B,C,../../GraPPI_data/PDB/new_dimer_db/8EFP.pdb,new_dimer_db,8EFP,1,True
8EGX,B,A,../../GraPPI_data/PDB/new_dimer_db/8EGX.pdb,new_dimer_db,8EGX,1,True
8EI6,A,C,../../GraPPI_data/PDB/new_dimer_db/8EI6.pdb,new_dimer_db,8EI6,1,True
8F7A,A,B,../../GraPPI_data/PDB/new_dimer_db/8F7A.pdb,new_dimer_db,8F7A,1,True
8FAR,A,B,../../GraPPI_data/PDB/new_dimer_db/8FAR.pdb,new_dimer_db,8FAR,3,True
8FUF,B,A,../../GraPPI_data/PDB/new_dimer_db/8FUF.pdb,new_dimer_db,8FUF,1,True
8G0H,B,A,../../GraPPI_data/PDB/new_dimer_db/8G0H.pdb,new_dimer_db,8G0H,6,True
8GZQ,A,B,../../GraPPI_data/PDB/new_dimer_db/8GZQ.pdb,new_dimer_db,8GZQ,1,True
8HBN,A,B,../../GraPPI_data/PDB/new_dimer_db/8HBN.pdb,new_dimer_db,8HBN,1,True
8HIO,A,D,../../GraPPI_data/PDB/new_dimer_db/8HIO.pdb,new_dimer_db,8HIO,1,True
8HR5,A,B,../../GraPPI_data/PDB/new_dimer_db/8HR5.pdb,new_dimer_db,8HR5,1,True
8HUJ,A,B,../../GraPPI_data/PDB/new_dimer_db/8HUJ.pdb,new_dimer_db,8HUJ,1,True
8HXK,A,B,../../GraPPI_data/PDB/new_dimer_db/8HXK.pdb,new_dimer_db,8HXK,2,True
8I4G,C,A,../../GraPPI_data/PDB/new_dimer_db/8I4G.pdb,new_dimer_db,8I4G,3,True
8I4H,A,B,../../GraPPI_data/PDB/new_dimer_db/8I4H.pdb,new_dimer_db,8I4H,1,True
8I6J,Q,C,../../GraPPI_data/PDB/new_dimer_db/8I6J.pdb,new_dimer_db,8I6J,1,True
8J1R,A,C,../../GraPPI_data/PDB/new_dimer_db/8J1R.pdb,new_dimer_db,8J1R,1,True
8JA0,A,D,../../GraPPI_data/PDB/new_dimer_db/8JA0.pdb,new_dimer_db,8JA0,2,True
8JFW,A,D,../../GraPPI_data/PDB/new_dimer_db/8JFW.pdb,new_dimer_db,8JFW,1,True
8K0E,A,B,../../GraPPI_data/PDB/new_dimer_db/8K0E.pdb,new_dimer_db,8K0E,1,True
8K53,A,B,../../GraPPI_data/PDB/new_dimer_db/8K53.pdb,new_dimer_db,8K53,1,True
8KDF,A,B,../../GraPPI_data/PDB/new_dimer_db/8KDF.pdb,new_dimer_db,8KDF,1,True
8KDJ,A,B,../../GraPPI_data/PDB/new_dimer_db/8KDJ.pdb,new_dimer_db,8KDJ,3,True
8ONT,A,B,../../GraPPI_data/PDB/new_dimer_db/8ONT.pdb,new_dimer_db,8ONT,1,True
8OPT,A,B,../../GraPPI_data/PDB/new_dimer_db/8OPT.pdb,new_dimer_db,8OPT,1,True
8OST,A,B,../../GraPPI_data/PDB/new_dimer_db/8OST.pdb,new_dimer_db,8OST,2,True
8PBY,A,B,../../GraPPI_data/PDB/new_dimer_db/8PBY.pdb,new_dimer_db,8PBY,2,True
8QV6,A,B,../../GraPPI_data/PDB/new_dimer_db/8QV6.pdb,new_dimer_db,8QV6,2,True
8R4C,C,A,../../GraPPI_data/PDB/new_dimer_db/8R4C.pdb,new_dimer_db,8R4C,1,True
8R4D,A,B,../../GraPPI_data/PDB/new_dimer_db/8R4D.pdb,new_dimer_db,8R4D,1,True
8RCQ,A,B,../../GraPPI_data/PDB/new_dimer_db/8RCQ.pdb,new_dimer_db,8RCQ,1,True
8S9I,A,G,../../GraPPI_data/PDB/new_dimer_db/8S9I.pdb,new_dimer_db,8S9I,1,True
8SBB,A,B,../../GraPPI_data/PDB/new_dimer_db/8SBB.pdb,new_dimer_db,8SBB,1,True
8SOB,A,B,../../GraPPI_data/PDB/new_dimer_db/8SOB.pdb,new_dimer_db,8SOB,4,True
8SUF,C,G,../../GraPPI_data/PDB/new_dimer_db/8SUF.pdb,new_dimer_db,8SUF,1,True
8T46,A,B,../../GraPPI_data/PDB/new_dimer_db/8T46.pdb,new_dimer_db,8T46,4,True
8TZH,B,A,../../GraPPI_data/PDB/new_dimer_db/8TZH.pdb,new_dimer_db,8TZH,1,True
8U1B,A,C,../../GraPPI_data/PDB/new_dimer_db/8U1B.pdb,new_dimer_db,8U1B,1,True
8U87,A,C,../../GraPPI_data/PDB/new_dimer_db/8U87.pdb,new_dimer_db,8U87,1,True
8UIC,K,T,../../GraPPI_data/PDB/new_dimer_db/8UIC.pdb,new_dimer_db,8UIC,1,True
8UOA,A,B,../../GraPPI_data/PDB/new_dimer_db/8UOA.pdb,new_dimer_db,8UOA,1,True
8WLJ,A,D,../../GraPPI_data/PDB/new_dimer_db/8WLJ.pdb,new_dimer_db,8WLJ,1,True
8WQD,D,G,../../GraPPI_data/PDB/new_dimer_db/8WQD.pdb,new_dimer_db,8WQD,1,True
8WX5,A,B,../../GraPPI_data/PDB/new_dimer_db/8WX5.pdb,new_dimer_db,8WX5,1,True
8X7N,A,B,../../GraPPI_data/PDB/new_dimer_db/8X7N.pdb,new_dimer_db,8X7N,1,True
8XPY,A,B,../../GraPPI_data/PDB/new_dimer_db/8XPY.pdb,new_dimer_db,8XPY,2,True
8XWM,D,R,../../GraPPI_data/PDB/new_dimer_db/8XWM.pdb,new_dimer_db,8XWM,1,True
8Y8J,A,B,../../GraPPI_data/PDB/new_dimer_db/8Y8J.pdb,new_dimer_db,8Y8J,1,True
8YQQ,A,B,../../GraPPI_data/PDB/new_dimer_db/8YQQ.pdb,new_dimer_db,8YQQ,3,True
8Z8L,B,A,../../GraPPI_data/PDB/new_dimer_db/8Z8L.pdb,new_dimer_db,8Z8L,1,True
8ZIU,J,C,../../GraPPI_data/PDB/new_dimer_db/8ZIU.pdb,new_dimer_db,8ZIU,2,True
8ZRT,R,L,../../GraPPI_data/PDB/new_dimer_db/8ZRT.pdb,new_dimer_db,8ZRT,2,True
9AZ3,G,N,../../GraPPI_data/PDB/new_dimer_db/9AZ3.pdb,new_dimer_db,9AZ3,1,True
9B3H,A,B,../../GraPPI_data/PDB/new_dimer_db/9B3H.pdb,new_dimer_db,9B3H,1,True
9B89,A,B,../../GraPPI_data/PDB/new_dimer_db/9B89.pdb,new_dimer_db,9B89,1,True
9CMH,A,B,../../GraPPI_data/PDB/new_dimer_db/9CMH.pdb,new_dimer_db,9CMH,1,True
9DD0,C,D,../../GraPPI_data/PDB/new_dimer_db/9DD0.pdb,new_dimer_db,9DD0,2,True
9DER,A,B,../../GraPPI_data/PDB/new_dimer_db/9DER.pdb,new_dimer_db,9DER,3,True
9DW5,A,G,../../GraPPI_data/PDB/new_dimer_db/9DW5.pdb,new_dimer_db,9DW5,1,True
9ELG,A,C,../../GraPPI_data/PDB/new_dimer_db/9ELG.pdb,new_dimer_db,9ELG,1,True
9EYD,A,B,../../GraPPI_data/PDB/new_dimer_db/9EYD.pdb,new_dimer_db,9EYD,1,True
9F1R,A,B,../../GraPPI_data/PDB/new_dimer_db/9F1R.pdb,new_dimer_db,9F1R,6,True
9F2J,B,A,../../GraPPI_data/PDB/new_dimer_db/9F2J.pdb,new_dimer_db,9F2J,1,True
9F6O,A,B,../../GraPPI_data/PDB/new_dimer_db/9F6O.pdb,new_dimer_db,9F6O,1,True
9FGS,C,E,../../GraPPI_data/PDB/new_dimer_db/9FGS.pdb,new_dimer_db,9FGS,11,True
9FND,X,Y,../../GraPPI_data/PDB/new_dimer_db/9FND.pdb,new_dimer_db,9FND,1,True
9FTE,A,B,../../GraPPI_data/PDB/new_dimer_db/9FTE.pdb,new_dimer_db,9FTE,1,True
9FYC,A,B,../../GraPPI_data/PDB/new_dimer_db/9FYC.pdb,new_dimer_db,9FYC,1,True
9I1J,A,B,../../GraPPI_data/PDB/new_dimer_db/9I1J.pdb,new_dimer_db,9I1J,2,True
9ISF,A,B,../../GraPPI_data/PDB/new_dimer_db/9ISF.pdb,new_dimer_db,9ISF,1,True
9IVW,G,F,../../GraPPI_data/PDB/new_dimer_db/9IVW.pdb,new_dimer_db,9IVW,1,True
9JXE,A,B,../../GraPPI_data/PDB/new_dimer_db/9JXE.pdb,new_dimer_db,9JXE,1,True
9K3A,A,B,../../GraPPI_data/PDB/new_dimer_db/9K3A.pdb,new_dimer_db,9K3A,1,True
9KB7,A,B,../../GraPPI_data/PDB/new_dimer_db/9KB7.pdb,new_dimer_db,9KB7,1,True
9KBF,B,C,../../GraPPI_data/PDB/new_dimer_db/9KBF.pdb,new_dimer_db,9KBF,1,True
9LCO,A,B,../../GraPPI_data/PDB/new_dimer_db/9LCO.pdb,new_dimer_db,9LCO,1,True
9LCQ,A,B,../../GraPPI_data/PDB/new_dimer_db/9LCQ.pdb,new_dimer_db,9LCQ,2,True
9LKX,J,K,../../GraPPI_data/PDB/new_dimer_db/9LKX.pdb,new_dimer_db,9LKX,1,True
9MPU,B,A,../../GraPPI_data/PDB/new_dimer_db/9MPU.pdb,new_dimer_db,9MPU,1,True
9MXQ,A,B,../../GraPPI_data/PDB/new_dimer_db/9MXQ.pdb,new_dimer_db,9MXQ,3,True
9N10,A,B,../../GraPPI_data/PDB/new_dimer_db/9N10.pdb,new_dimer_db,9N10,1,True
9N2E,A,E,../../GraPPI_data/PDB/new_dimer_db/9N2E.pdb,new_dimer_db,9N2E,1,True
9N64,A,B,../../GraPPI_data/PDB/new_dimer_db/9N64.pdb,new_dimer_db,9N64,3,True
9NDT,A,B,../../GraPPI_data/PDB/new_dimer_db/9NDT.pdb,new_dimer_db,9NDT,1,True
9NFU,A,C,../../GraPPI_data/PDB/new_dimer_db/9NFU.pdb,new_dimer_db,9NFU,1,True
9OA6,B,A,../../GraPPI_data/PDB/new_dimer_db/9OA6.pdb,new_dimer_db,9OA6,2,True
6Q38,A,B,../../GraPPI_data/PDB/new_dimer_db/6Q38.pdb,new_dimer_db,6Q38,1,True
6Q4Q,A,C,../../GraPPI_data/PDB/new_dimer_db/6Q4Q.pdb,new_dimer_db,6Q4Q,1,True
7HP2,A,B,../../GraPPI_data/PDB/new_dimer_db/7HP2.pdb,new_dimer_db,7HP2,215,True
8E0G,A,B,../../GraPPI_data/PDB/new_dimer_db/8E0G.pdb,new_dimer_db,8E0G,3,True
8RQ9,A,B,../../GraPPI_data/PDB/new_dimer_db/8RQ9.pdb,new_dimer_db,8RQ9,1,True
8S62,B,A,../../GraPPI_data/PDB/new_dimer_db/8S62.pdb,new_dimer_db,8S62,3,True
8VEU,A,B,../../GraPPI_data/PDB/new_dimer_db/8VEU.pdb,new_dimer_db,8VEU,50,True
8VJP,A,B,../../GraPPI_data/PDB/new_dimer_db/8VJP.pdb,new_dimer_db,8VJP,1,True
8VOF,A,B,../../GraPPI_data/PDB/new_dimer_db/8VOF.pdb,new_dimer_db,8VOF,8,True
8XF6,A,B,../../GraPPI_data/PDB/new_dimer_db/8XF6.pdb,new_dimer_db,8XF6,2,True
8XFO,A,B,../../GraPPI_data/PDB/new_dimer_db/8XFO.pdb,new_dimer_db,8XFO,3,True
8YT9,A,B,../../GraPPI_data/PDB/new_dimer_db/8YT9.pdb,new_dimer_db,8YT9,1,True
8YTL,A,B,../../GraPPI_data/PDB/new_dimer_db/8YTL.pdb,new_dimer_db,8YTL,1,True
8YU8,A,B,../../GraPPI_data/PDB/new_dimer_db/8YU8.pdb,new_dimer_db,8YU8,1,True
8YWU,A,B,../../GraPPI_data/PDB/new_dimer_db/8YWU.pdb,new_dimer_db,8YWU,1,True
8YWV,A,B,../../GraPPI_data/PDB/new_dimer_db/8YWV.pdb,new_dimer_db,8YWV,1,True
9B5T,A,C,../../GraPPI_data/PDB/new_dimer_db/9B5T.pdb,new_dimer_db,9B5T,8,True
9B9H,B,A,../../GraPPI_data/PDB/new_dimer_db/9B9H.pdb,new_dimer_db,9B9H,1,True
9BA0,R,N,../../GraPPI_data/PDB/new_dimer_db/9BA0.pdb,new_dimer_db,9BA0,3,True
9BFF,A,B,../../GraPPI_data/PDB/new_dimer_db/9BFF.pdb,new_dimer_db,9BFF,3,True
9BGC,A,C,../../GraPPI_data/PDB/new_dimer_db/9BGC.pdb,new_dimer_db,9BGC,7,True
9BVK,A,P,../../GraPPI_data/PDB/new_dimer_db/9BVK.pdb,new_dimer_db,9BVK,1,True
9BVM,A,P,../../GraPPI_data/PDB/new_dimer_db/9BVM.pdb,new_dimer_db,9BVM,1,True
9BVR,A,P,../../GraPPI_data/PDB/new_dimer_db/9BVR.pdb,new_dimer_db,9BVR,1,True
9CS2,A,B,../../GraPPI_data/PDB/new_dimer_db/9CS2.pdb,new_dimer_db,9CS2,1,True
9CSD,A,B,../../GraPPI_data/PDB/new_dimer_db/9CSD.pdb,new_dimer_db,9CSD,2,True
9DC6,A,I,../../GraPPI_data/PDB/new_dimer_db/9DC6.pdb,new_dimer_db,9DC6,1,True
9DLW,B,A,../../GraPPI_data/PDB/new_dimer_db/9DLW.pdb,new_dimer_db,9DLW,3,True
9DMI,A,B,../../GraPPI_data/PDB/new_dimer_db/9DMI.pdb,new_dimer_db,9DMI,4,True
9DTW,A,B,../../GraPPI_data/PDB/new_dimer_db/9DTW.pdb,new_dimer_db,9DTW,1,True
9DUR,B,C,../../GraPPI_data/PDB/new_dimer_db/9DUR.pdb,new_dimer_db,9DUR,1,True
9DXV,A,B,../../GraPPI_data/PDB/new_dimer_db/9DXV.pdb,new_dimer_db,9DXV,3,True
9E3S,A,D,../../GraPPI_data/PDB/new_dimer_db/9E3S.pdb,new_dimer_db,9E3S,29,True
9EMK,A,B,../../GraPPI_data/PDB/new_dimer_db/9EMK.pdb,new_dimer_db,9EMK,2,True
9ET4,D,A,../../GraPPI_data/PDB/new_dimer_db/9ET4.pdb,new_dimer_db,9ET4,1,True
9F9M,A,B,../../GraPPI_data/PDB/new_dimer_db/9F9M.pdb,new_dimer_db,9F9M,6,True
9FXX,A,B,../../GraPPI_data/PDB/new_dimer_db/9FXX.pdb,new_dimer_db,9FXX,3,True
9GAS,B,A,../../GraPPI_data/PDB/new_dimer_db/9GAS.pdb,new_dimer_db,9GAS,1,True
9GC4,B,D,../../GraPPI_data/PDB/new_dimer_db/9GC4.pdb,new_dimer_db,9GC4,1,True
9HJD,B,A,../../GraPPI_data/PDB/new_dimer_db/9HJD.pdb,new_dimer_db,9HJD,3,True
9I1L,A,B,../../GraPPI_data/PDB/new_dimer_db/9I1L.pdb,new_dimer_db,9I1L,15,True
9KUV,A,R,../../GraPPI_data/PDB/new_dimer_db/9KUV.pdb,new_dimer_db,9KUV,1,True
9L0C,B,A,../../GraPPI_data/PDB/new_dimer_db/9L0C.pdb,new_dimer_db,9L0C,2,True
9L23,A,B,../../GraPPI_data/PDB/new_dimer_db/9L23.pdb,new_dimer_db,9L23,3,True
9L24,A,B,../../GraPPI_data/PDB/new_dimer_db/9L24.pdb,new_dimer_db,9L24,2,True
9L25,A,B,../../GraPPI_data/PDB/new_dimer_db/9L25.pdb,new_dimer_db,9L25,1,True
9L54,A,B,../../GraPPI_data/PDB/new_dimer_db/9L54.pdb,new_dimer_db,9L54,2,True
9L6R,C,A,../../GraPPI_data/PDB/new_dimer_db/9L6R.pdb,new_dimer_db,9L6R,2,True
9L6S,C,A,../../GraPPI_data/PDB/new_dimer_db/9L6S.pdb,new_dimer_db,9L6S,2,True
9L8H,A,B,../../GraPPI_data/PDB/new_dimer_db/9L8H.pdb,new_dimer_db,9L8H,3,True
9LHJ,A,D,../../GraPPI_data/PDB/new_dimer_db/9LHJ.pdb,new_dimer_db,9LHJ,1,True
9LQ3,A,C,../../GraPPI_data/PDB/new_dimer_db/9LQ3.pdb,new_dimer_db,9LQ3,2,True
9MQB,A,P,../../GraPPI_data/PDB/new_dimer_db/9MQB.pdb,new_dimer_db,9MQB,1,True
9MQE,A,P,../../GraPPI_data/PDB/new_dimer_db/9MQE.pdb,new_dimer_db,9MQE,2,True
9N9Y,A,B,../../GraPPI_data/PDB/new_dimer_db/9N9Y.pdb,new_dimer_db,9N9Y,2,True
9NEE,A,B,../../GraPPI_data/PDB/new_dimer_db/9NEE.pdb,new_dimer_db,9NEE,1,True
9NEL,A,B,../../GraPPI_data/PDB/new_dimer_db/9NEL.pdb,new_dimer_db,9NEL,2,True
9NYZ,A,B,../../GraPPI_data/PDB/new_dimer_db/9NYZ.pdb,new_dimer_db,9NYZ,43,True
9OB2,A,B,../../GraPPI_data/PDB/new_dimer_db/9OB2.pdb,new_dimer_db,9OB2,4,True
9OC3,F,J,../../GraPPI_data/PDB/new_dimer_db/9OC3.pdb,new_dimer_db,9OC3,3,True
9OHL,C,D,../../GraPPI_data/PDB/new_dimer_db/9OHL.pdb,new_dimer_db,9OHL,3,True
9OHR,A,B,../../GraPPI_data/PDB/new_dimer_db/9OHR.pdb,new_dimer_db,9OHR,6,True
9OUL,A,C,../../GraPPI_data/PDB/new_dimer_db/9OUL.pdb,new_dimer_db,9OUL,3,True
9P2R,A,B,../../GraPPI_data/PDB/new_dimer_db/9P2R.pdb,new_dimer_db,9P2R,1,True
9PQY,A,B,../../GraPPI_data/PDB/new_dimer_db/9PQY.pdb,new_dimer_db,9PQY,1,True
9QX6,A,B,../../GraPPI_data/PDB/new_dimer_db/9QX6.pdb,new_dimer_db,9QX6,1,True
9RS8,A,B,../../GraPPI_data/PDB/new_dimer_db/9RS8.pdb,new_dimer_db,9RS8,1,True
9S3O,B,D,../../GraPPI_data/PDB/new_dimer_db/9S3O.pdb,new_dimer_db,9S3O,1,True
9S71,A,B,../../GraPPI_data/PDB/new_dimer_db/9S71.pdb,new_dimer_db,9S71,1,True
9T5S,A,B,../../GraPPI_data/PDB/new_dimer_db/9T5S.pdb,new_dimer_db,9T5S,1,True
9UAP,A,B,../../GraPPI_data/PDB/new_dimer_db/9UAP.pdb,new_dimer_db,9UAP,1,True
9UGC,A,B,../../GraPPI_data/PDB/new_dimer_db/9UGC.pdb,new_dimer_db,9UGC,1,True
9UTA,A,B,../../GraPPI_data/PDB/new_dimer_db/9UTA.pdb,new_dimer_db,9UTA,3,True
9UTB,A,B,../../GraPPI_data/PDB/new_dimer_db/9UTB.pdb,new_dimer_db,9UTB,6,True
9V8F,A,B,../../GraPPI_data/PDB/new_dimer_db/9V8F.pdb,new_dimer_db,9V8F,2,True
9VZ0,H,I,../../GraPPI_data/PDB/new_dimer_db/9VZ0.pdb,new_dimer_db,9VZ0,1,True
9W4R,A,B,../../GraPPI_data/PDB/new_dimer_db/9W4R.pdb,new_dimer_db,9W4R,1,True
9W4S,A,B,../../GraPPI_data/PDB/new_dimer_db/9W4S.pdb,new_dimer_db,9W4S,1,True
9X2U,A,C,../../GraPPI_data/PDB/new_dimer_db/9X2U.pdb,new_dimer_db,9X2U,1,True
9XDD,A,B,../../GraPPI_data/PDB/new_dimer_db/9XDD.pdb,new_dimer_db,9XDD,2,True
9XZ1,A,B,../../GraPPI_data/PDB/new_dimer_db/9XZ1.pdb,new_dimer_db,9XZ1,1,True
9XZK,C,R,../../GraPPI_data/PDB/new_dimer_db/9XZK.pdb,new_dimer_db,9XZK,1,True
9Y6C,A,B,../../GraPPI_data/PDB/new_dimer_db/9Y6C.pdb,new_dimer_db,9Y6C,1,True
9Y7D,B,C,../../GraPPI_data/PDB/new_dimer_db/9Y7D.pdb,new_dimer_db,9Y7D,1,True
9YR6,A,B,../../GraPPI_data/PDB/new_dimer_db/9YR6.pdb,new_dimer_db,9YR6,6,True
4OUD,A,B,../../GraPPI_data/PDB/old_dimer_db/4OUD.pdb,old_dimer_db,4OUD,1,True
4PC7,A,C,../../GraPPI_data/PDB/old_dimer_db/4PC7.pdb,old_dimer_db,4PC7,1,True
5NPO,A,B,../../GraPPI_data/PDB/old_dimer_db/5NPO.pdb,old_dimer_db,5NPO,1,True
6AHT,A,B,../../GraPPI_data/PDB/old_dimer_db/6AHT.pdb,old_dimer_db,6AHT,1,True
4BK5,A,C,../../GraPPI_data/PDB/old_dimer_db/4BK5.pdb,old_dimer_db,4BK5,1,True
4HXI,A,B,../../GraPPI_data/PDB/old_dimer_db/4HXI.pdb,old_dimer_db,4HXI,1,True
4NZW,A,B,../../GraPPI_data/PDB/old_dimer_db/4NZW.pdb,old_dimer_db,4NZW,5,True
4U7P,A,B,../../GraPPI_data/PDB/old_dimer_db/4U7P.pdb,old_dimer_db,4U7P,1,True
6W3I,A,B,../../GraPPI_data/PDB/old_dimer_db/6W3I.pdb,old_dimer_db,6W3I,1,True
12AS,A,B,../../GraPPI_data/PDB/old_dimer_db/12AS.pdb,old_dimer_db,12AS,1,True
1A4X,A,B,../../GraPPI_data/PDB/old_dimer_db/1A4X.pdb,old_dimer_db,1A4X,1,True
1A7T,A,B,../../GraPPI_data/PDB/old_dimer_db/1A7T.pdb,old_dimer_db,1A7T,1,True
1A8U,A,B,../../GraPPI_data/PDB/old_dimer_db/1A8U.pdb,old_dimer_db,1A8U,1,True
1ADE,A,B,../../GraPPI_data/PDB/old_dimer_db/1ADE.pdb,old_dimer_db,1ADE,2,True
1AG9,A,B,../../GraPPI_data/PDB/old_dimer_db/1AG9.pdb,old_dimer_db,1AG9,1,True
1AIZ,A,B,../../GraPPI_data/PDB/old_dimer_db/1AIZ.pdb,old_dimer_db,1AIZ,2,True
1AUO,A,B,../../GraPPI_data/PDB/old_dimer_db/1AUO.pdb,old_dimer_db,1AUO,1,True
1AZ3,A,B,../../GraPPI_data/PDB/old_dimer_db/1AZ3.pdb,old_dimer_db,1AZ3,1,True
1AZW,A,B,../../GraPPI_data/PDB/old_dimer_db/1AZW.pdb,old_dimer_db,1AZW,1,True
1B5P,A,B,../../GraPPI_data/PDB/old_dimer_db/1B5P.pdb,old_dimer_db,1B5P,31,True
1B9M,A,B,../../GraPPI_data/PDB/old_dimer_db/1B9M.pdb,old_dimer_db,1B9M,1,True
1BKP,A,B,../../GraPPI_data/PDB/old_dimer_db/1BKP.pdb,old_dimer_db,1BKP,7,True
1BU5,A,B,../../GraPPI_data/PDB/old_dimer_db/1BU5.pdb,old_dimer_db,1BU5,1,True
1BXT,A,B,../../GraPPI_data/PDB/old_dimer_db/1BXT.pdb,old_dimer_db,1BXT,1,True
1C3R,A,B,../../GraPPI_data/PDB/old_dimer_db/1C3R.pdb,old_dimer_db,1C3R,1,True
1C77,A,B,../../GraPPI_data/PDB/old_dimer_db/1C77.pdb,old_dimer_db,1C77,1,True
1C9O,A,B,../../GraPPI_data/PDB/old_dimer_db/1C9O.pdb,old_dimer_db,1C9O,1,True
1CBK,A,B,../../GraPPI_data/PDB/old_dimer_db/1CBK.pdb,old_dimer_db,1CBK,1,True
1CI9,A,B,../../GraPPI_data/PDB/old_dimer_db/1CI9.pdb,old_dimer_db,1CI9,1,True
1CKU,A,B,../../GraPPI_data/PDB/old_dimer_db/1CKU.pdb,old_dimer_db,1CKU,1,True
1CMB,A,B,../../GraPPI_data/PDB/old_dimer_db/1CMB.pdb,old_dimer_db,1CMB,1,True
1COZ,A,B,../../GraPPI_data/PDB/old_dimer_db/1COZ.pdb,old_dimer_db,1COZ,1,True
1CRU,A,B,../../GraPPI_data/PDB/old_dimer_db/1CRU.pdb,old_dimer_db,1CRU,1,True
1D0Q,A,B,../../GraPPI_data/PDB/old_dimer_db/1D0Q.pdb,old_dimer_db,1D0Q,1,True
1DBQ,A,B,../../GraPPI_data/PDB/old_dimer_db/1DBQ.pdb,old_dimer_db,1DBQ,3,True
1DJ0,A,B,../../GraPPI_data/PDB/old_dimer_db/1DJ0.pdb,old_dimer_db,1DJ0,2,True
1DJN,A,B,../../GraPPI_data/PDB/old_dimer_db/1DJN.pdb,old_dimer_db,1DJN,3,True
1DKU,A,B,../../GraPPI_data/PDB/old_dimer_db/1DKU.pdb,old_dimer_db,1DKU,1,True
1DL5,A,B,../../GraPPI_data/PDB/old_dimer_db/1DL5.pdb,old_dimer_db,1DL5,1,True
1DPG,A,B,../../GraPPI_data/PDB/old_dimer_db/1DPG.pdb,old_dimer_db,1DPG,1,True
1DQZ,A,B,../../GraPPI_data/PDB/old_dimer_db/1DQZ.pdb,old_dimer_db,1DQZ,1,True
1DXG,A,B,../../GraPPI_data/PDB/old_dimer_db/1DXG.pdb,old_dimer_db,1DXG,1,True
1E5R,A,B,../../GraPPI_data/PDB/old_dimer_db/1E5R.pdb,old_dimer_db,1E5R,1,True
1ECZ,A,B,../../GraPPI_data/PDB/old_dimer_db/1ECZ.pdb,old_dimer_db,1ECZ,1,True
1EE8,A,B,../../GraPPI_data/PDB/old_dimer_db/1EE8.pdb,old_dimer_db,1EE8,1,True
1EEJ,A,B,../../GraPPI_data/PDB/old_dimer_db/1EEJ.pdb,old_dimer_db,1EEJ,2,True
1EG5,A,B,../../GraPPI_data/PDB/old_dimer_db/1EG5.pdb,old_dimer_db,1EG5,12,True
1EGA,A,B,../../GraPPI_data/PDB/old_dimer_db/1EGA.pdb,old_dimer_db,1EGA,1,True
1ETO,A,B,../../GraPPI_data/PDB/old_dimer_db/1ETO.pdb,old_dimer_db,1ETO,1,True
1EV7,A,B,../../GraPPI_data/PDB/old_dimer_db/1EV7.pdb,old_dimer_db,1EV7,1,True
1EWR,A,B,../../GraPPI_data/PDB/old_dimer_db/1EWR.pdb,old_dimer_db,1EWR,1,True
1EYV,A,B,../../GraPPI_data/PDB/old_dimer_db/1EYV.pdb,old_dimer_db,1EYV,1,True
1F0K,A,B,../../GraPPI_data/PDB/old_dimer_db/1F0K.pdb,old_dimer_db,1F0K,1,True
1F1C,A,B,../../GraPPI_data/PDB/old_dimer_db/1F1C.pdb,old_dimer_db,1F1C,1,True
1F46,A,B,../../GraPPI_data/PDB/old_dimer_db/1F46.pdb,old_dimer_db,1F46,1,True
1F5V,A,B,../../GraPPI_data/PDB/old_dimer_db/1F5V.pdb,old_dimer_db,1F5V,4,True
1F9Z,A,B,../../GraPPI_data/PDB/old_dimer_db/1F9Z.pdb,old_dimer_db,1F9Z,2,True
1FC4,A,B,../../GraPPI_data/PDB/old_dimer_db/1FC4.pdb,old_dimer_db,1FC4,6,True
1FJH,A,B,../../GraPPI_data/PDB/old_dimer_db/1FJH.pdb,old_dimer_db,1FJH,2,True
1FLG,A,B,../../GraPPI_data/PDB/old_dimer_db/1FLG.pdb,old_dimer_db,1FLG,2,True
1FOC,A,B,../../GraPPI_data/PDB/old_dimer_db/1FOC.pdb,old_dimer_db,1FOC,1,True
1FQT,A,B,../../GraPPI_data/PDB/old_dimer_db/1FQT.pdb,old_dimer_db,1FQT,1,True
1FT9,A,B,../../GraPPI_data/PDB/old_dimer_db/1FT9.pdb,old_dimer_db,1FT9,1,True
1FUX,A,B,../../GraPPI_data/PDB/old_dimer_db/1FUX.pdb,old_dimer_db,1FUX,1,True
1FVP,A,B,../../GraPPI_data/PDB/old_dimer_db/1FVP.pdb,old_dimer_db,1FVP,1,True
1FXR,A,B,../../GraPPI_data/PDB/old_dimer_db/1FXR.pdb,old_dimer_db,1FXR,1,True
1G57,A,B,../../GraPPI_data/PDB/old_dimer_db/1G57.pdb,old_dimer_db,1G57,3,True
1G60,A,B,../../GraPPI_data/PDB/old_dimer_db/1G60.pdb,old_dimer_db,1G60,1,True
1G8E,A,B,../../GraPPI_data/PDB/old_dimer_db/1G8E.pdb,old_dimer_db,1G8E,1,True
1G8L,A,B,../../GraPPI_data/PDB/old_dimer_db/1G8L.pdb,old_dimer_db,1G8L,1,True
1GAR,A,B,../../GraPPI_data/PDB/old_dimer_db/1GAR.pdb,old_dimer_db,1GAR,1,True
1GDH,A,B,../../GraPPI_data/PDB/old_dimer_db/1GDH.pdb,old_dimer_db,1GDH,7,True
1GGG,A,B,../../GraPPI_data/PDB/old_dimer_db/1GGG.pdb,old_dimer_db,1GGG,1,True
1GOI,A,B,../../GraPPI_data/PDB/old_dimer_db/1GOI.pdb,old_dimer_db,1GOI,1,True
1GQI,A,B,../../GraPPI_data/PDB/old_dimer_db/1GQI.pdb,old_dimer_db,1GQI,1,True
1GYO,A,B,../../GraPPI_data/PDB/old_dimer_db/1GYO.pdb,old_dimer_db,1GYO,1,True
1GYX,A,B,../../GraPPI_data/PDB/old_dimer_db/1GYX.pdb,old_dimer_db,1GYX,1,True
1H3F,A,B,../../GraPPI_data/PDB/old_dimer_db/1H3F.pdb,old_dimer_db,1H3F,1,True
1H54,A,B,../../GraPPI_data/PDB/old_dimer_db/1H54.pdb,old_dimer_db,1H54,1,True
1HKQ,A,B,../../GraPPI_data/PDB/old_dimer_db/1HKQ.pdb,old_dimer_db,1HKQ,1,True
1HRU,A,B,../../GraPPI_data/PDB/old_dimer_db/1HRU.pdb,old_dimer_db,1HRU,1,True
1HSL,A,B,../../GraPPI_data/PDB/old_dimer_db/1HSL.pdb,old_dimer_db,1HSL,1,True
1HUX,A,B,../../GraPPI_data/PDB/old_dimer_db/1HUX.pdb,old_dimer_db,1HUX,2,True
1HW1,A,B,../../GraPPI_data/PDB/old_dimer_db/1HW1.pdb,old_dimer_db,1HW1,2,True
1HXP,A,B,../../GraPPI_data/PDB/old_dimer_db/1HXP.pdb,old_dimer_db,1HXP,2,True
1I4J,A,B,../../GraPPI_data/PDB/old_dimer_db/1I4J.pdb,old_dimer_db,1I4J,1,True
1I4S,A,B,../../GraPPI_data/PDB/old_dimer_db/1I4S.pdb,old_dimer_db,1I4S,2,True
1I58,A,B,../../GraPPI_data/PDB/old_dimer_db/1I58.pdb,old_dimer_db,1I58,1,True
1I5E,A,B,../../GraPPI_data/PDB/old_dimer_db/1I5E.pdb,old_dimer_db,1I5E,1,True
1I69,A,B,../../GraPPI_data/PDB/old_dimer_db/1I69.pdb,old_dimer_db,1I69,6,True
1I8T,A,B,../../GraPPI_data/PDB/old_dimer_db/1I8T.pdb,old_dimer_db,1I8T,5,True
1ID1,A,B,../../GraPPI_data/PDB/old_dimer_db/1ID1.pdb,old_dimer_db,1ID1,2,True
1IGU,A,B,../../GraPPI_data/PDB/old_dimer_db/1IGU.pdb,old_dimer_db,1IGU,1,True
1IQ6,A,B,../../GraPPI_data/PDB/old_dimer_db/1IQ6.pdb,old_dimer_db,1IQ6,9,True
1IRQ,A,B,../../GraPPI_data/PDB/old_dimer_db/1IRQ.pdb,old_dimer_db,1IRQ,1,True
1ISU,A,B,../../GraPPI_data/PDB/old_dimer_db/1ISU.pdb,old_dimer_db,1ISU,1,True
1IUJ,A,B,../../GraPPI_data/PDB/old_dimer_db/1IUJ.pdb,old_dimer_db,1IUJ,4,True
1IUN,A,B,../../GraPPI_data/PDB/old_dimer_db/1IUN.pdb,old_dimer_db,1IUN,1,True
1IXM,A,B,../../GraPPI_data/PDB/old_dimer_db/1IXM.pdb,old_dimer_db,1IXM,1,True
1IZY,A,B,../../GraPPI_data/PDB/old_dimer_db/1IZY.pdb,old_dimer_db,1IZY,1,True
1J3B,A,B,../../GraPPI_data/PDB/old_dimer_db/1J3B.pdb,old_dimer_db,1J3B,1,True
1J3M,A,B,../../GraPPI_data/PDB/old_dimer_db/1J3M.pdb,old_dimer_db,1J3M,2,True
1J5W,A,B,../../GraPPI_data/PDB/old_dimer_db/1J5W.pdb,old_dimer_db,1J5W,2,True
1J9J,A,B,../../GraPPI_data/PDB/old_dimer_db/1J9J.pdb,old_dimer_db,1J9J,1,True
1JGT,A,B,../../GraPPI_data/PDB/old_dimer_db/1JGT.pdb,old_dimer_db,1JGT,1,True
1JIF,A,B,../../GraPPI_data/PDB/old_dimer_db/1JIF.pdb,old_dimer_db,1JIF,4,True
1JUB,A,B,../../GraPPI_data/PDB/old_dimer_db/1JUB.pdb,old_dimer_db,1JUB,1,True
1JYA,A,B,../../GraPPI_data/PDB/old_dimer_db/1JYA.pdb,old_dimer_db,1JYA,1,True
1K0Z,A,B,../../GraPPI_data/PDB/old_dimer_db/1K0Z.pdb,old_dimer_db,1K0Z,1,True
1K20,A,B,../../GraPPI_data/PDB/old_dimer_db/1K20.pdb,old_dimer_db,1K20,3,True
1K3E,A,B,../../GraPPI_data/PDB/old_dimer_db/1K3E.pdb,old_dimer_db,1K3E,1,True
1K3S,A,B,../../GraPPI_data/PDB/old_dimer_db/1K3S.pdb,old_dimer_db,1K3S,1,True
1K66,A,B,../../GraPPI_data/PDB/old_dimer_db/1K66.pdb,old_dimer_db,1K66,4,True
1K68,A,B,../../GraPPI_data/PDB/old_dimer_db/1K68.pdb,old_dimer_db,1K68,1,True
1K6D,A,B,../../GraPPI_data/PDB/old_dimer_db/1K6D.pdb,old_dimer_db,1K6D,1,True
1KAE,A,B,../../GraPPI_data/PDB/old_dimer_db/1KAE.pdb,old_dimer_db,1KAE,2,True
1KCZ,A,B,../../GraPPI_data/PDB/old_dimer_db/1KCZ.pdb,old_dimer_db,1KCZ,2,True
1KGZ,A,B,../../GraPPI_data/PDB/old_dimer_db/1KGZ.pdb,old_dimer_db,1KGZ,5,True
1KNQ,A,B,../../GraPPI_data/PDB/old_dimer_db/1KNQ.pdb,old_dimer_db,1KNQ,1,True
1KOP,A,B,../../GraPPI_data/PDB/old_dimer_db/1KOP.pdb,old_dimer_db,1KOP,1,True
1KQP,A,B,../../GraPPI_data/PDB/old_dimer_db/1KQP.pdb,old_dimer_db,1KQP,7,True
1KUT,A,B,../../GraPPI_data/PDB/old_dimer_db/1KUT.pdb,old_dimer_db,1KUT,4,True
1L0W,A,B,../../GraPPI_data/PDB/old_dimer_db/1L0W.pdb,old_dimer_db,1L0W,2,True
1L4I,A,B,../../GraPPI_data/PDB/old_dimer_db/1L4I.pdb,old_dimer_db,1L4I,1,True
1L5V,A,B,../../GraPPI_data/PDB/old_dimer_db/1L5V.pdb,old_dimer_db,1L5V,2,True
1L5Y,A,B,../../GraPPI_data/PDB/old_dimer_db/1L5Y.pdb,old_dimer_db,1L5Y,1,True
1LQ9,A,B,../../GraPPI_data/PDB/old_dimer_db/1LQ9.pdb,old_dimer_db,1LQ9,1,True
1LWJ,A,B,../../GraPPI_data/PDB/old_dimer_db/1LWJ.pdb,old_dimer_db,1LWJ,1,True
1M2D,A,B,../../GraPPI_data/PDB/old_dimer_db/1M2D.pdb,old_dimer_db,1M2D,2,True
1M4I,A,B,../../GraPPI_data/PDB/old_dimer_db/1M4I.pdb,old_dimer_db,1M4I,1,True
1MIW,A,B,../../GraPPI_data/PDB/old_dimer_db/1MIW.pdb,old_dimer_db,1MIW,1,True
1MK4,A,B,../../GraPPI_data/PDB/old_dimer_db/1MK4.pdb,old_dimer_db,1MK4,1,True
1MKI,A,B,../../GraPPI_data/PDB/old_dimer_db/1MKI.pdb,old_dimer_db,1MKI,1,True
1MKZ,A,B,../../GraPPI_data/PDB/old_dimer_db/1MKZ.pdb,old_dimer_db,1MKZ,1,True
1MRZ,A,B,../../GraPPI_data/PDB/old_dimer_db/1MRZ.pdb,old_dimer_db,1MRZ,1,True
1MU4,A,B,../../GraPPI_data/PDB/old_dimer_db/1MU4.pdb,old_dimer_db,1MU4,1,True
1MWQ,A,B,../../GraPPI_data/PDB/old_dimer_db/1MWQ.pdb,old_dimer_db,1MWQ,1,True
1MZG,A,B,../../GraPPI_data/PDB/old_dimer_db/1MZG.pdb,old_dimer_db,1MZG,1,True
1N1C,A,B,../../GraPPI_data/PDB/old_dimer_db/1N1C.pdb,old_dimer_db,1N1C,1,True
1N2A,A,B,../../GraPPI_data/PDB/old_dimer_db/1N2A.pdb,old_dimer_db,1N2A,14,True
1NA6,A,B,../../GraPPI_data/PDB/old_dimer_db/1NA6.pdb,old_dimer_db,1NA6,1,True
1NCO,A,B,../../GraPPI_data/PDB/old_dimer_db/1NCO.pdb,old_dimer_db,1NCO,1,True
1ND4,A,B,../../GraPPI_data/PDB/old_dimer_db/1ND4.pdb,old_dimer_db,1ND4,1,True
1NP6,A,B,../../GraPPI_data/PDB/old_dimer_db/1NP6.pdb,old_dimer_db,1NP6,1,True
1NS5,A,B,../../GraPPI_data/PDB/old_dimer_db/1NS5.pdb,old_dimer_db,1NS5,1,True
1NSX,A,B,../../GraPPI_data/PDB/old_dimer_db/1NSX.pdb,old_dimer_db,1NSX,1,True
1NY5,A,B,../../GraPPI_data/PDB/old_dimer_db/1NY5.pdb,old_dimer_db,1NY5,2,True
1NYR,A,B,../../GraPPI_data/PDB/old_dimer_db/1NYR.pdb,old_dimer_db,1NYR,1,True
1O0W,A,B,../../GraPPI_data/PDB/old_dimer_db/1O0W.pdb,old_dimer_db,1O0W,1,True
1O4T,A,B,../../GraPPI_data/PDB/old_dimer_db/1O4T.pdb,old_dimer_db,1O4T,2,True
1O4U,A,B,../../GraPPI_data/PDB/old_dimer_db/1O4U.pdb,old_dimer_db,1O4U,3,True
1O5H,A,B,../../GraPPI_data/PDB/old_dimer_db/1O5H.pdb,old_dimer_db,1O5H,1,True
1O8B,A,B,../../GraPPI_data/PDB/old_dimer_db/1O8B.pdb,old_dimer_db,1O8B,1,True
1O9P,A,B,../../GraPPI_data/PDB/old_dimer_db/1O9P.pdb,old_dimer_db,1O9P,1,True
1OAH,A,B,../../GraPPI_data/PDB/old_dimer_db/1OAH.pdb,old_dimer_db,1OAH,3,True
1OI2,A,B,../../GraPPI_data/PDB/old_dimer_db/1OI2.pdb,old_dimer_db,1OI2,2,True
1OI4,A,B,../../GraPPI_data/PDB/old_dimer_db/1OI4.pdb,old_dimer_db,1OI4,3,True
1OKR,A,B,../../GraPPI_data/PDB/old_dimer_db/1OKR.pdb,old_dimer_db,1OKR,2,True
1OME,A,B,../../GraPPI_data/PDB/old_dimer_db/1OME.pdb,old_dimer_db,1OME,1,True
1ON2,A,B,../../GraPPI_data/PDB/old_dimer_db/1ON2.pdb,old_dimer_db,1ON2,2,True
1ORD,A,B,../../GraPPI_data/PDB/old_dimer_db/1ORD.pdb,old_dimer_db,1ORD,1,True
1ORU,A,B,../../GraPPI_data/PDB/old_dimer_db/1ORU.pdb,old_dimer_db,1ORU,1,True
1OTK,A,B,../../GraPPI_data/PDB/old_dimer_db/1OTK.pdb,old_dimer_db,1OTK,1,True
1OV9,A,B,../../GraPPI_data/PDB/old_dimer_db/1OV9.pdb,old_dimer_db,1OV9,1,True
1OX8,A,B,../../GraPPI_data/PDB/old_dimer_db/1OX8.pdb,old_dimer_db,1OX8,1,True
1P74,A,B,../../GraPPI_data/PDB/old_dimer_db/1P74.pdb,old_dimer_db,1P74,1,True
1P91,A,B,../../GraPPI_data/PDB/old_dimer_db/1P91.pdb,old_dimer_db,1P91,1,True
1P9E,A,B,../../GraPPI_data/PDB/old_dimer_db/1P9E.pdb,old_dimer_db,1P9E,4,True
1PIX,A,B,../../GraPPI_data/PDB/old_dimer_db/1PIX.pdb,old_dimer_db,1PIX,1,True
1PKV,A,B,../../GraPPI_data/PDB/old_dimer_db/1PKV.pdb,old_dimer_db,1PKV,1,True
1PM7,A,B,../../GraPPI_data/PDB/old_dimer_db/1PM7.pdb,old_dimer_db,1PM7,7,True
1PPV,A,B,../../GraPPI_data/PDB/old_dimer_db/1PPV.pdb,old_dimer_db,1PPV,1,True
1PSQ,A,B,../../GraPPI_data/PDB/old_dimer_db/1PSQ.pdb,old_dimer_db,1PSQ,6,True
1PT7,A,B,../../GraPPI_data/PDB/old_dimer_db/1PT7.pdb,old_dimer_db,1PT7,6,True
1Q08,A,B,../../GraPPI_data/PDB/old_dimer_db/1Q08.pdb,old_dimer_db,1Q08,1,True
1Q1E,A,B,../../GraPPI_data/PDB/old_dimer_db/1Q1E.pdb,old_dimer_db,1Q1E,1,True
1Q6H,A,B,../../GraPPI_data/PDB/old_dimer_db/1Q6H.pdb,old_dimer_db,1Q6H,1,True
1Q6O,A,B,../../GraPPI_data/PDB/old_dimer_db/1Q6O.pdb,old_dimer_db,1Q6O,1,True
1Q77,A,B,../../GraPPI_data/PDB/old_dimer_db/1Q77.pdb,old_dimer_db,1Q77,1,True
1Q8R,A,B,../../GraPPI_data/PDB/old_dimer_db/1Q8R.pdb,old_dimer_db,1Q8R,1,True
1QC7,A,B,../../GraPPI_data/PDB/old_dimer_db/1QC7.pdb,old_dimer_db,1QC7,1,True
1QE0,A,B,../../GraPPI_data/PDB/old_dimer_db/1QE0.pdb,old_dimer_db,1QE0,3,True
1QKS,A,B,../../GraPPI_data/PDB/old_dimer_db/1QKS.pdb,old_dimer_db,1QKS,2,True
1QLW,A,B,../../GraPPI_data/PDB/old_dimer_db/1QLW.pdb,old_dimer_db,1QLW,1,True
1QO8,A,D,../../GraPPI_data/PDB/old_dimer_db/1QO8.pdb,old_dimer_db,1QO8,1,True
1QPX,A,B,../../GraPPI_data/PDB/old_dimer_db/1QPX.pdb,old_dimer_db,1QPX,1,True
1QQ5,A,B,../../GraPPI_data/PDB/old_dimer_db/1QQ5.pdb,old_dimer_db,1QQ5,4,True
1QVE,A,B,../../GraPPI_data/PDB/old_dimer_db/1QVE.pdb,old_dimer_db,1QVE,1,True
1QWD,A,B,../../GraPPI_data/PDB/old_dimer_db/1QWD.pdb,old_dimer_db,1QWD,1,True
1R1D,A,B,../../GraPPI_data/PDB/old_dimer_db/1R1D.pdb,old_dimer_db,1R1D,1,True
1R1T,A,B,../../GraPPI_data/PDB/old_dimer_db/1R1T.pdb,old_dimer_db,1R1T,3,True
1R30,A,B,../../GraPPI_data/PDB/old_dimer_db/1R30.pdb,old_dimer_db,1R30,1,True
1R5P,A,B,../../GraPPI_data/PDB/old_dimer_db/1R5P.pdb,old_dimer_db,1R5P,1,True
1R61,A,B,../../GraPPI_data/PDB/old_dimer_db/1R61.pdb,old_dimer_db,1R61,2,True
1R7H,A,B,../../GraPPI_data/PDB/old_dimer_db/1R7H.pdb,old_dimer_db,1R7H,1,True
1R7L,A,B,../../GraPPI_data/PDB/old_dimer_db/1R7L.pdb,old_dimer_db,1R7L,1,True
1R8G,A,B,../../GraPPI_data/PDB/old_dimer_db/1R8G.pdb,old_dimer_db,1R8G,2,True
1R8J,A,B,../../GraPPI_data/PDB/old_dimer_db/1R8J.pdb,old_dimer_db,1R8J,1,True
1R9C,A,B,../../GraPPI_data/PDB/old_dimer_db/1R9C.pdb,old_dimer_db,1R9C,8,True
1R9D,A,B,../../GraPPI_data/PDB/old_dimer_db/1R9D.pdb,old_dimer_db,1R9D,3,True
1RKT,A,B,../../GraPPI_data/PDB/old_dimer_db/1RKT.pdb,old_dimer_db,1RKT,1,True
1RKU,A,B,../../GraPPI_data/PDB/old_dimer_db/1RKU.pdb,old_dimer_db,1RKU,1,True
1RW0,A,B,../../GraPPI_data/PDB/old_dimer_db/1RW0.pdb,old_dimer_db,1RW0,1,True
1S3J,A,B,../../GraPPI_data/PDB/old_dimer_db/1S3J.pdb,old_dimer_db,1S3J,1,True
1S4K,A,B,../../GraPPI_data/PDB/old_dimer_db/1S4K.pdb,old_dimer_db,1S4K,1,True
1S99,A,B,../../GraPPI_data/PDB/old_dimer_db/1S99.pdb,old_dimer_db,1S99,1,True
1S9R,A,B,../../GraPPI_data/PDB/old_dimer_db/1S9R.pdb,old_dimer_db,1S9R,1,True
1SEI,A,B,../../GraPPI_data/PDB/old_dimer_db/1SEI.pdb,old_dimer_db,1SEI,1,True
1SFN,A,B,../../GraPPI_data/PDB/old_dimer_db/1SFN.pdb,old_dimer_db,1SFN,1,True
1SMA,A,B,../../GraPPI_data/PDB/old_dimer_db/1SMA.pdb,old_dimer_db,1SMA,3,True
1SPH,A,B,../../GraPPI_data/PDB/old_dimer_db/1SPH.pdb,old_dimer_db,1SPH,1,True
1SQE,A,B,../../GraPPI_data/PDB/old_dimer_db/1SQE.pdb,old_dimer_db,1SQE,1,True
1SQS,A,B,../../GraPPI_data/PDB/old_dimer_db/1SQS.pdb,old_dimer_db,1SQS,1,True
1SQU,A,B,../../GraPPI_data/PDB/old_dimer_db/1SQU.pdb,old_dimer_db,1SQU,5,True
1SS4,A,B,../../GraPPI_data/PDB/old_dimer_db/1SS4.pdb,old_dimer_db,1SS4,1,True
1SU2,A,B,../../GraPPI_data/PDB/old_dimer_db/1SU2.pdb,old_dimer_db,1SU2,1,True
1SWV,A,B,../../GraPPI_data/PDB/old_dimer_db/1SWV.pdb,old_dimer_db,1SWV,1,True
1SZ2,A,B,../../GraPPI_data/PDB/old_dimer_db/1SZ2.pdb,old_dimer_db,1SZ2,1,True
1SZQ,A,B,../../GraPPI_data/PDB/old_dimer_db/1SZQ.pdb,old_dimer_db,1SZQ,1,True
1T11,A,B,../../GraPPI_data/PDB/old_dimer_db/1T11.pdb,old_dimer_db,1T11,1,True
1T33,A,B,../../GraPPI_data/PDB/old_dimer_db/1T33.pdb,old_dimer_db,1T33,1,True
1T47,A,B,../../GraPPI_data/PDB/old_dimer_db/1T47.pdb,old_dimer_db,1T47,1,True
1T4B,A,B,../../GraPPI_data/PDB/old_dimer_db/1T4B.pdb,old_dimer_db,1T4B,6,True
1T62,A,B,../../GraPPI_data/PDB/old_dimer_db/1T62.pdb,old_dimer_db,1T62,1,True
1T6S,A,B,../../GraPPI_data/PDB/old_dimer_db/1T6S.pdb,old_dimer_db,1T6S,1,True
1T6T,1,2,../../GraPPI_data/PDB/old_dimer_db/1T6T.pdb,old_dimer_db,1T6T,1,True
1T92,A,B,../../GraPPI_data/PDB/old_dimer_db/1T92.pdb,old_dimer_db,1T92,2,True
1T98,A,B,../../GraPPI_data/PDB/old_dimer_db/1T98.pdb,old_dimer_db,1T98,1,True
1T9M,A,B,../../GraPPI_data/PDB/old_dimer_db/1T9M.pdb,old_dimer_db,1T9M,3,True
1TE2,A,B,../../GraPPI_data/PDB/old_dimer_db/1TE2.pdb,old_dimer_db,1TE2,1,True
1TE5,A,B,../../GraPPI_data/PDB/old_dimer_db/1TE5.pdb,old_dimer_db,1TE5,1,True
1THT,A,B,../../GraPPI_data/PDB/old_dimer_db/1THT.pdb,old_dimer_db,1THT,1,True
1TJ7,A,B,../../GraPPI_data/PDB/old_dimer_db/1TJ7.pdb,old_dimer_db,1TJ7,1,True
1TM0,A,B,../../GraPPI_data/PDB/old_dimer_db/1TM0.pdb,old_dimer_db,1TM0,1,True
1TO6,A,B,../../GraPPI_data/PDB/old_dimer_db/1TO6.pdb,old_dimer_db,1TO6,1,True
1TV8,A,B,../../GraPPI_data/PDB/old_dimer_db/1TV8.pdb,old_dimer_db,1TV8,1,True
1TVN,A,B,../../GraPPI_data/PDB/old_dimer_db/1TVN.pdb,old_dimer_db,1TVN,1,True
1TZA,A,B,../../GraPPI_data/PDB/old_dimer_db/1TZA.pdb,old_dimer_db,1TZA,1,True
1TZP,A,B,../../GraPPI_data/PDB/old_dimer_db/1TZP.pdb,old_dimer_db,1TZP,1,True
1U07,A,B,../../GraPPI_data/PDB/old_dimer_db/1U07.pdb,old_dimer_db,1U07,1,True
1U1W,A,B,../../GraPPI_data/PDB/old_dimer_db/1U1W.pdb,old_dimer_db,1U1W,3,True
1U5K,A,B,../../GraPPI_data/PDB/old_dimer_db/1U5K.pdb,old_dimer_db,1U5K,1,True
1U6L,A,B,../../GraPPI_data/PDB/old_dimer_db/1U6L.pdb,old_dimer_db,1U6L,1,True
1U6Z,A,B,../../GraPPI_data/PDB/old_dimer_db/1U6Z.pdb,old_dimer_db,1U6Z,1,True
1U7I,A,B,../../GraPPI_data/PDB/old_dimer_db/1U7I.pdb,old_dimer_db,1U7I,1,True
1U8S,A,B,../../GraPPI_data/PDB/old_dimer_db/1U8S.pdb,old_dimer_db,1U8S,1,True
1U9D,A,B,../../GraPPI_data/PDB/old_dimer_db/1U9D.pdb,old_dimer_db,1U9D,1,True
1UCR,A,B,../../GraPPI_data/PDB/old_dimer_db/1UCR.pdb,old_dimer_db,1UCR,1,True
1UI5,A,B,../../GraPPI_data/PDB/old_dimer_db/1UI5.pdb,old_dimer_db,1UI5,1,True
1UJN,A,B,../../GraPPI_data/PDB/old_dimer_db/1UJN.pdb,old_dimer_db,1UJN,6,True
1UKK,A,B,../../GraPPI_data/PDB/old_dimer_db/1UKK.pdb,old_dimer_db,1UKK,1,True
1UMU,A,B,../../GraPPI_data/PDB/old_dimer_db/1UMU.pdb,old_dimer_db,1UMU,1,True
1UN8,A,B,../../GraPPI_data/PDB/old_dimer_db/1UN8.pdb,old_dimer_db,1UN8,1,True
1UQT,A,B,../../GraPPI_data/PDB/old_dimer_db/1UQT.pdb,old_dimer_db,1UQT,1,True
1USC,A,B,../../GraPPI_data/PDB/old_dimer_db/1USC.pdb,old_dimer_db,1USC,6,True
1UV7,A,B,../../GraPPI_data/PDB/old_dimer_db/1UV7.pdb,old_dimer_db,1UV7,1,True
1UWW,A,B,../../GraPPI_data/PDB/old_dimer_db/1UWW.pdb,old_dimer_db,1UWW,1,True
1V13,A,B,../../GraPPI_data/PDB/old_dimer_db/1V13.pdb,old_dimer_db,1V13,1,True
1V1P,A,B,../../GraPPI_data/PDB/old_dimer_db/1V1P.pdb,old_dimer_db,1V1P,1,True
1V47,A,B,../../GraPPI_data/PDB/old_dimer_db/1V47.pdb,old_dimer_db,1V47,1,True
1V4E,A,B,../../GraPPI_data/PDB/old_dimer_db/1V4E.pdb,old_dimer_db,1V4E,1,True
1V4V,A,B,../../GraPPI_data/PDB/old_dimer_db/1V4V.pdb,old_dimer_db,1V4V,1,True
1V5X,A,B,../../GraPPI_data/PDB/old_dimer_db/1V5X.pdb,old_dimer_db,1V5X,1,True
1V6Z,A,B,../../GraPPI_data/PDB/old_dimer_db/1V6Z.pdb,old_dimer_db,1V6Z,1,True
1V8F,A,B,../../GraPPI_data/PDB/old_dimer_db/1V8F.pdb,old_dimer_db,1V8F,5,True
1V8H,A,B,../../GraPPI_data/PDB/old_dimer_db/1V8H.pdb,old_dimer_db,1V8H,1,True
1V9Y,A,B,../../GraPPI_data/PDB/old_dimer_db/1V9Y.pdb,old_dimer_db,1V9Y,2,True
1VA0,A,B,../../GraPPI_data/PDB/old_dimer_db/1VA0.pdb,old_dimer_db,1VA0,3,True
1VC1,A,B,../../GraPPI_data/PDB/old_dimer_db/1VC1.pdb,old_dimer_db,1VC1,1,True
1VH4,A,B,../../GraPPI_data/PDB/old_dimer_db/1VH4.pdb,old_dimer_db,1VH4,1,True
1VH5,A,B,../../GraPPI_data/PDB/old_dimer_db/1VH5.pdb,old_dimer_db,1VH5,5,True
1VH6,A,B,../../GraPPI_data/PDB/old_dimer_db/1VH6.pdb,old_dimer_db,1VH6,1,True
1VHM,A,B,../../GraPPI_data/PDB/old_dimer_db/1VHM.pdb,old_dimer_db,1VHM,3,True
1VHX,A,B,../../GraPPI_data/PDB/old_dimer_db/1VHX.pdb,old_dimer_db,1VHX,1,True
1VIA,A,B,../../GraPPI_data/PDB/old_dimer_db/1VIA.pdb,old_dimer_db,1VIA,1,True
1VIO,A,B,../../GraPPI_data/PDB/old_dimer_db/1VIO.pdb,old_dimer_db,1VIO,1,True
1VJE,A,B,../../GraPPI_data/PDB/old_dimer_db/1VJE.pdb,old_dimer_db,1VJE,4,True
1VJL,A,B,../../GraPPI_data/PDB/old_dimer_db/1VJL.pdb,old_dimer_db,1VJL,1,True
1VKI,A,B,../../GraPPI_data/PDB/old_dimer_db/1VKI.pdb,old_dimer_db,1VKI,1,True
1VKY,A,B,../../GraPPI_data/PDB/old_dimer_db/1VKY.pdb,old_dimer_db,1VKY,1,True
1VL4,A,B,../../GraPPI_data/PDB/old_dimer_db/1VL4.pdb,old_dimer_db,1VL4,3,True
1VL7,A,B,../../GraPPI_data/PDB/old_dimer_db/1VL7.pdb,old_dimer_db,1VL7,1,True
1VLJ,A,B,../../GraPPI_data/PDB/old_dimer_db/1VLJ.pdb,old_dimer_db,1VLJ,3,True
1VM7,A,B,../../GraPPI_data/PDB/old_dimer_db/1VM7.pdb,old_dimer_db,1VM7,5,True
1VQ0,A,B,../../GraPPI_data/PDB/old_dimer_db/1VQ0.pdb,old_dimer_db,1VQ0,1,True
1VR7,A,B,../../GraPPI_data/PDB/old_dimer_db/1VR7.pdb,old_dimer_db,1VR7,1,True
1VZ6,A,B,../../GraPPI_data/PDB/old_dimer_db/1VZ6.pdb,old_dimer_db,1VZ6,1,True
1VZI,A,B,../../GraPPI_data/PDB/old_dimer_db/1VZI.pdb,old_dimer_db,1VZI,1,True
1W25,A,B,../../GraPPI_data/PDB/old_dimer_db/1W25.pdb,old_dimer_db,1W25,1,True
1W2Y,A,B,../../GraPPI_data/PDB/old_dimer_db/1W2Y.pdb,old_dimer_db,1W2Y,1,True
1W33,A,B,../../GraPPI_data/PDB/old_dimer_db/1W33.pdb,old_dimer_db,1W33,1,True
1W5F,A,B,../../GraPPI_data/PDB/old_dimer_db/1W5F.pdb,old_dimer_db,1W5F,1,True
1W5R,A,B,../../GraPPI_data/PDB/old_dimer_db/1W5R.pdb,old_dimer_db,1W5R,1,True
1WIW,A,B,../../GraPPI_data/PDB/old_dimer_db/1WIW.pdb,old_dimer_db,1WIW,1,True
1WKQ,A,B,../../GraPPI_data/PDB/old_dimer_db/1WKQ.pdb,old_dimer_db,1WKQ,1,True
1WOV,A,B,../../GraPPI_data/PDB/old_dimer_db/1WOV.pdb,old_dimer_db,1WOV,1,True
1WPN,A,B,../../GraPPI_data/PDB/old_dimer_db/1WPN.pdb,old_dimer_db,1WPN,1,True
1WTD,A,B,../../GraPPI_data/PDB/old_dimer_db/1WTD.pdb,old_dimer_db,1WTD,1,True
1WV2,A,B,../../GraPPI_data/PDB/old_dimer_db/1WV2.pdb,old_dimer_db,1WV2,1,True
1WV9,A,B,../../GraPPI_data/PDB/old_dimer_db/1WV9.pdb,old_dimer_db,1WV9,1,True
1WWM,A,B,../../GraPPI_data/PDB/old_dimer_db/1WWM.pdb,old_dimer_db,1WWM,1,True
1WWP,A,B,../../GraPPI_data/PDB/old_dimer_db/1WWP.pdb,old_dimer_db,1WWP,1,True
1WX1,A,B,../../GraPPI_data/PDB/old_dimer_db/1WX1.pdb,old_dimer_db,1WX1,8,True
1WY5,A,B,../../GraPPI_data/PDB/old_dimer_db/1WY5.pdb,old_dimer_db,1WY5,1,True
1WZD,A,B,../../GraPPI_data/PDB/old_dimer_db/1WZD.pdb,old_dimer_db,1WZD,1,True
1X13,A,B,../../GraPPI_data/PDB/old_dimer_db/1X13.pdb,old_dimer_db,1X13,3,True
1X6I,A,B,../../GraPPI_data/PDB/old_dimer_db/1X6I.pdb,old_dimer_db,1X6I,1,True
1X7O,A,B,../../GraPPI_data/PDB/old_dimer_db/1X7O.pdb,old_dimer_db,1X7O,3,True
1X87,A,B,../../GraPPI_data/PDB/old_dimer_db/1X87.pdb,old_dimer_db,1X87,2,True
1X94,A,B,../../GraPPI_data/PDB/old_dimer_db/1X94.pdb,old_dimer_db,1X94,1,True
1X9Z,A,B,../../GraPPI_data/PDB/old_dimer_db/1X9Z.pdb,old_dimer_db,1X9Z,1,True
1XAF,A,B,../../GraPPI_data/PDB/old_dimer_db/1XAF.pdb,old_dimer_db,1XAF,1,True
1XDP,A,B,../../GraPPI_data/PDB/old_dimer_db/1XDP.pdb,old_dimer_db,1XDP,1,True
1XFS,A,B,../../GraPPI_data/PDB/old_dimer_db/1XFS.pdb,old_dimer_db,1XFS,1,True
1XMA,A,B,../../GraPPI_data/PDB/old_dimer_db/1XMA.pdb,old_dimer_db,1XMA,1,True
1XNF,A,B,../../GraPPI_data/PDB/old_dimer_db/1XNF.pdb,old_dimer_db,1XNF,1,True
1XQA,A,B,../../GraPPI_data/PDB/old_dimer_db/1XQA.pdb,old_dimer_db,1XQA,1,True
1XVI,A,B,../../GraPPI_data/PDB/old_dimer_db/1XVI.pdb,old_dimer_db,1XVI,1,True
1XVS,A,B,../../GraPPI_data/PDB/old_dimer_db/1XVS.pdb,old_dimer_db,1XVS,1,True
1XX6,A,B,../../GraPPI_data/PDB/old_dimer_db/1XX6.pdb,old_dimer_db,1XX6,1,True
1Y25,A,B,../../GraPPI_data/PDB/old_dimer_db/1Y25.pdb,old_dimer_db,1Y25,1,True
1Y3T,A,B,../../GraPPI_data/PDB/old_dimer_db/1Y3T.pdb,old_dimer_db,1Y3T,1,True
1Y44,A,B,../../GraPPI_data/PDB/old_dimer_db/1Y44.pdb,old_dimer_db,1Y44,1,True
1Y71,A,B,../../GraPPI_data/PDB/old_dimer_db/1Y71.pdb,old_dimer_db,1Y71,1,True
1Y7M,A,B,../../GraPPI_data/PDB/old_dimer_db/1Y7M.pdb,old_dimer_db,1Y7M,1,True
1Y7R,A,B,../../GraPPI_data/PDB/old_dimer_db/1Y7R.pdb,old_dimer_db,1Y7R,1,True
1Y7T,A,B,../../GraPPI_data/PDB/old_dimer_db/1Y7T.pdb,old_dimer_db,1Y7T,7,True
1Y89,A,B,../../GraPPI_data/PDB/old_dimer_db/1Y89.pdb,old_dimer_db,1Y89,1,True
1Y9B,A,B,../../GraPPI_data/PDB/old_dimer_db/1Y9B.pdb,old_dimer_db,1Y9B,1,True
1Y9W,A,B,../../GraPPI_data/PDB/old_dimer_db/1Y9W.pdb,old_dimer_db,1Y9W,1,True
1YBE,A,B,../../GraPPI_data/PDB/old_dimer_db/1YBE.pdb,old_dimer_db,1YBE,1,True
1YBX,A,B,../../GraPPI_data/PDB/old_dimer_db/1YBX.pdb,old_dimer_db,1YBX,1,True
1YBY,A,B,../../GraPPI_data/PDB/old_dimer_db/1YBY.pdb,old_dimer_db,1YBY,1,True
1YDY,A,B,../../GraPPI_data/PDB/old_dimer_db/1YDY.pdb,old_dimer_db,1YDY,1,True
1YKJ,A,B,../../GraPPI_data/PDB/old_dimer_db/1YKJ.pdb,old_dimer_db,1YKJ,1,True
1YKW,A,B,../../GraPPI_data/PDB/old_dimer_db/1YKW.pdb,old_dimer_db,1YKW,5,True
1YLM,A,B,../../GraPPI_data/PDB/old_dimer_db/1YLM.pdb,old_dimer_db,1YLM,1,True
1YLX,A,B,../../GraPPI_data/PDB/old_dimer_db/1YLX.pdb,old_dimer_db,1YLX,1,True
1YS7,A,B,../../GraPPI_data/PDB/old_dimer_db/1YS7.pdb,old_dimer_db,1YS7,1,True
1YSJ,A,B,../../GraPPI_data/PDB/old_dimer_db/1YSJ.pdb,old_dimer_db,1YSJ,1,True
1YUZ,A,B,../../GraPPI_data/PDB/old_dimer_db/1YUZ.pdb,old_dimer_db,1YUZ,1,True
1YV9,A,B,../../GraPPI_data/PDB/old_dimer_db/1YV9.pdb,old_dimer_db,1YV9,1,True
1YW4,A,B,../../GraPPI_data/PDB/old_dimer_db/1YW4.pdb,old_dimer_db,1YW4,1,True
1YW6,A,B,../../GraPPI_data/PDB/old_dimer_db/1YW6.pdb,old_dimer_db,1YW6,1,True
1YYV,A,B,../../GraPPI_data/PDB/old_dimer_db/1YYV.pdb,old_dimer_db,1YYV,2,True
1Z0X,A,B,../../GraPPI_data/PDB/old_dimer_db/1Z0X.pdb,old_dimer_db,1Z0X,1,True
1Z3A,A,B,../../GraPPI_data/PDB/old_dimer_db/1Z3A.pdb,old_dimer_db,1Z3A,3,True
1Z72,A,B,../../GraPPI_data/PDB/old_dimer_db/1Z72.pdb,old_dimer_db,1Z72,1,True
1Z82,A,B,../../GraPPI_data/PDB/old_dimer_db/1Z82.pdb,old_dimer_db,1Z82,4,True
1Z85,A,B,../../GraPPI_data/PDB/old_dimer_db/1Z85.pdb,old_dimer_db,1Z85,1,True
1ZBO,A,B,../../GraPPI_data/PDB/old_dimer_db/1ZBO.pdb,old_dimer_db,1ZBO,1,True
1ZBR,A,B,../../GraPPI_data/PDB/old_dimer_db/1ZBR.pdb,old_dimer_db,1ZBR,1,True
1ZC6,A,B,../../GraPPI_data/PDB/old_dimer_db/1ZC6.pdb,old_dimer_db,1ZC6,1,True
1ZEE,A,B,../../GraPPI_data/PDB/old_dimer_db/1ZEE.pdb,old_dimer_db,1ZEE,1,True
1ZK8,A,B,../../GraPPI_data/PDB/old_dimer_db/1ZK8.pdb,old_dimer_db,1ZK8,1,True
1ZKD,A,B,../../GraPPI_data/PDB/old_dimer_db/1ZKD.pdb,old_dimer_db,1ZKD,1,True
1ZKI,A,B,../../GraPPI_data/PDB/old_dimer_db/1ZKI.pdb,old_dimer_db,1ZKI,2,True
1ZNO,A,B,../../GraPPI_data/PDB/old_dimer_db/1ZNO.pdb,old_dimer_db,1ZNO,1,True
1ZTV,A,B,../../GraPPI_data/PDB/old_dimer_db/1ZTV.pdb,old_dimer_db,1ZTV,1,True
1ZUP,A,B,../../GraPPI_data/PDB/old_dimer_db/1ZUP.pdb,old_dimer_db,1ZUP,1,True
1ZZG,A,B,../../GraPPI_data/PDB/old_dimer_db/1ZZG.pdb,old_dimer_db,1ZZG,1,True
2A35,A,B,../../GraPPI_data/PDB/old_dimer_db/2A35.pdb,old_dimer_db,2A35,1,True
2A5L,A,B,../../GraPPI_data/PDB/old_dimer_db/2A5L.pdb,old_dimer_db,2A5L,1,True
2A6A,A,B,../../GraPPI_data/PDB/old_dimer_db/2A6A.pdb,old_dimer_db,2A6A,1,True
2A6M,A,B,../../GraPPI_data/PDB/old_dimer_db/2A6M.pdb,old_dimer_db,2A6M,1,True
2A6P,A,B,../../GraPPI_data/PDB/old_dimer_db/2A6P.pdb,old_dimer_db,2A6P,3,True
2A9F,A,B,../../GraPPI_data/PDB/old_dimer_db/2A9F.pdb,old_dimer_db,2A9F,1,True
2AA4,A,B,../../GraPPI_data/PDB/old_dimer_db/2AA4.pdb,old_dimer_db,2AA4,3,True
2ABQ,A,B,../../GraPPI_data/PDB/old_dimer_db/2ABQ.pdb,old_dimer_db,2ABQ,4,True
2AFV,A,B,../../GraPPI_data/PDB/old_dimer_db/2AFV.pdb,old_dimer_db,2AFV,2,True
2AJ7,A,B,../../GraPPI_data/PDB/old_dimer_db/2AJ7.pdb,old_dimer_db,2AJ7,1,True
2AQ6,A,B,../../GraPPI_data/PDB/old_dimer_db/2AQ6.pdb,old_dimer_db,2AQ6,1,True
2AQP,A,B,../../GraPPI_data/PDB/old_dimer_db/2AQP.pdb,old_dimer_db,2AQP,5,True
2ARC,A,B,../../GraPPI_data/PDB/old_dimer_db/2ARC.pdb,old_dimer_db,2ARC,1,True
2AUA,A,B,../../GraPPI_data/PDB/old_dimer_db/2AUA.pdb,old_dimer_db,2AUA,1,True
2AUW,A,B,../../GraPPI_data/PDB/old_dimer_db/2AUW.pdb,old_dimer_db,2AUW,1,True
2AVN,A,B,../../GraPPI_data/PDB/old_dimer_db/2AVN.pdb,old_dimer_db,2AVN,1,True
2AVT,A,B,../../GraPPI_data/PDB/old_dimer_db/2AVT.pdb,old_dimer_db,2AVT,11,True
2AXW,A,B,../../GraPPI_data/PDB/old_dimer_db/2AXW.pdb,old_dimer_db,2AXW,1,True
2AY1,A,B,../../GraPPI_data/PDB/old_dimer_db/2AY1.pdb,old_dimer_db,2AY1,4,True
2B6C,A,B,../../GraPPI_data/PDB/old_dimer_db/2B6C.pdb,old_dimer_db,2B6C,1,True
2BAS,A,B,../../GraPPI_data/PDB/old_dimer_db/2BAS.pdb,old_dimer_db,2BAS,1,True
2BC0,A,B,../../GraPPI_data/PDB/old_dimer_db/2BC0.pdb,old_dimer_db,2BC0,7,True
2BDQ,A,B,../../GraPPI_data/PDB/old_dimer_db/2BDQ.pdb,old_dimer_db,2BDQ,2,True
2BDR,A,B,../../GraPPI_data/PDB/old_dimer_db/2BDR.pdb,old_dimer_db,2BDR,2,True
2BE3,A,B,../../GraPPI_data/PDB/old_dimer_db/2BE3.pdb,old_dimer_db,2BE3,1,True
2BSJ,A,B,../../GraPPI_data/PDB/old_dimer_db/2BSJ.pdb,old_dimer_db,2BSJ,1,True
2BTI,A,B,../../GraPPI_data/PDB/old_dimer_db/2BTI.pdb,old_dimer_db,2BTI,2,True
2C1L,A,B,../../GraPPI_data/PDB/old_dimer_db/2C1L.pdb,old_dimer_db,2C1L,1,True
2C40,A,B,../../GraPPI_data/PDB/old_dimer_db/2C40.pdb,old_dimer_db,2C40,1,True
2CC0,A,B,../../GraPPI_data/PDB/old_dimer_db/2CC0.pdb,old_dimer_db,2CC0,1,True
2CH7,A,B,../../GraPPI_data/PDB/old_dimer_db/2CH7.pdb,old_dimer_db,2CH7,1,True
2CO3,A,B,../../GraPPI_data/PDB/old_dimer_db/2CO3.pdb,old_dimer_db,2CO3,1,True
2CTZ,A,B,../../GraPPI_data/PDB/old_dimer_db/2CTZ.pdb,old_dimer_db,2CTZ,1,True
2CU3,A,B,../../GraPPI_data/PDB/old_dimer_db/2CU3.pdb,old_dimer_db,2CU3,1,True
2CU6,A,B,../../GraPPI_data/PDB/old_dimer_db/2CU6.pdb,old_dimer_db,2CU6,1,True
2D1C,A,B,../../GraPPI_data/PDB/old_dimer_db/2D1C.pdb,old_dimer_db,2D1C,1,True
2D1G,A,B,../../GraPPI_data/PDB/old_dimer_db/2D1G.pdb,old_dimer_db,2D1G,1,True
2D2A,A,B,../../GraPPI_data/PDB/old_dimer_db/2D2A.pdb,old_dimer_db,2D2A,1,True
2D4G,A,B,../../GraPPI_data/PDB/old_dimer_db/2D4G.pdb,old_dimer_db,2D4G,1,True
2D6Y,A,B,../../GraPPI_data/PDB/old_dimer_db/2D6Y.pdb,old_dimer_db,2D6Y,1,True
2D73,A,B,../../GraPPI_data/PDB/old_dimer_db/2D73.pdb,old_dimer_db,2D73,1,True
2D7V,A,B,../../GraPPI_data/PDB/old_dimer_db/2D7V.pdb,old_dimer_db,2D7V,1,True
2DCJ,A,B,../../GraPPI_data/PDB/old_dimer_db/2DCJ.pdb,old_dimer_db,2DCJ,1,True
2DDM,A,B,../../GraPPI_data/PDB/old_dimer_db/2DDM.pdb,old_dimer_db,2DDM,7,True
2DFJ,A,B,../../GraPPI_data/PDB/old_dimer_db/2DFJ.pdb,old_dimer_db,2DFJ,1,True
2DI3,A,B,../../GraPPI_data/PDB/old_dimer_db/2DI3.pdb,old_dimer_db,2DI3,1,True
2DLB,A,B,../../GraPPI_data/PDB/old_dimer_db/2DLB.pdb,old_dimer_db,2DLB,1,True
2DS5,A,B,../../GraPPI_data/PDB/old_dimer_db/2DS5.pdb,old_dimer_db,2DS5,1,True
2DSJ,A,B,../../GraPPI_data/PDB/old_dimer_db/2DSJ.pdb,old_dimer_db,2DSJ,4,True
2DST,A,B,../../GraPPI_data/PDB/old_dimer_db/2DST.pdb,old_dimer_db,2DST,1,True
2DT9,A,B,../../GraPPI_data/PDB/old_dimer_db/2DT9.pdb,old_dimer_db,2DT9,4,True
2DVL,A,B,../../GraPPI_data/PDB/old_dimer_db/2DVL.pdb,old_dimer_db,2DVL,2,True
2DY0,A,B,../../GraPPI_data/PDB/old_dimer_db/2DY0.pdb,old_dimer_db,2DY0,5,True
2DZD,A,B,../../GraPPI_data/PDB/old_dimer_db/2DZD.pdb,old_dimer_db,2DZD,1,True
2E0N,A,B,../../GraPPI_data/PDB/old_dimer_db/2E0N.pdb,old_dimer_db,2E0N,1,True
2E12,A,B,../../GraPPI_data/PDB/old_dimer_db/2E12.pdb,old_dimer_db,2E12,1,True
2E1N,A,B,../../GraPPI_data/PDB/old_dimer_db/2E1N.pdb,old_dimer_db,2E1N,2,True
2E2E,A,B,../../GraPPI_data/PDB/old_dimer_db/2E2E.pdb,old_dimer_db,2E2E,1,True
2E4G,A,B,../../GraPPI_data/PDB/old_dimer_db/2E4G.pdb,old_dimer_db,2E4G,5,True
2E5Y,A,B,../../GraPPI_data/PDB/old_dimer_db/2E5Y.pdb,old_dimer_db,2E5Y,1,True
2E7Y,A,B,../../GraPPI_data/PDB/old_dimer_db/2E7Y.pdb,old_dimer_db,2E7Y,1,True
2E85,A,B,../../GraPPI_data/PDB/old_dimer_db/2E85.pdb,old_dimer_db,2E85,1,True
2EAY,A,B,../../GraPPI_data/PDB/old_dimer_db/2EAY.pdb,old_dimer_db,2EAY,1,True
2EBE,A,B,../../GraPPI_data/PDB/old_dimer_db/2EBE.pdb,old_dimer_db,2EBE,1,True
2EGV,A,B,../../GraPPI_data/PDB/old_dimer_db/2EGV.pdb,old_dimer_db,2EGV,3,True
2EGZ,A,C,../../GraPPI_data/PDB/old_dimer_db/2EGZ.pdb,old_dimer_db,2EGZ,1,True
2EHP,A,B,../../GraPPI_data/PDB/old_dimer_db/2EHP.pdb,old_dimer_db,2EHP,1,True
2EK0,A,B,../../GraPPI_data/PDB/old_dimer_db/2EK0.pdb,old_dimer_db,2EK0,1,True
2EKG,A,B,../../GraPPI_data/PDB/old_dimer_db/2EKG.pdb,old_dimer_db,2EKG,1,True
2EL7,A,B,../../GraPPI_data/PDB/old_dimer_db/2EL7.pdb,old_dimer_db,2EL7,7,True
2ESR,A,B,../../GraPPI_data/PDB/old_dimer_db/2ESR.pdb,old_dimer_db,2ESR,1,True
2ETH,A,B,../../GraPPI_data/PDB/old_dimer_db/2ETH.pdb,old_dimer_db,2ETH,1,True
2EUC,A,B,../../GraPPI_data/PDB/old_dimer_db/2EUC.pdb,old_dimer_db,2EUC,1,True
2EV1,A,B,../../GraPPI_data/PDB/old_dimer_db/2EV1.pdb,old_dimer_db,2EV1,1,True
2F00,A,B,../../GraPPI_data/PDB/old_dimer_db/2F00.pdb,old_dimer_db,2F00,1,True
2F07,A,B,../../GraPPI_data/PDB/old_dimer_db/2F07.pdb,old_dimer_db,2F07,1,True
2F1F,A,B,../../GraPPI_data/PDB/old_dimer_db/2F1F.pdb,old_dimer_db,2F1F,1,True
2F22,A,B,../../GraPPI_data/PDB/old_dimer_db/2F22.pdb,old_dimer_db,2F22,1,True
2F2E,A,B,../../GraPPI_data/PDB/old_dimer_db/2F2E.pdb,old_dimer_db,2F2E,1,True
2F3G,A,B,../../GraPPI_data/PDB/old_dimer_db/2F3G.pdb,old_dimer_db,2F3G,1,True
2F48,A,B,../../GraPPI_data/PDB/old_dimer_db/2F48.pdb,old_dimer_db,2F48,1,True
2F96,A,B,../../GraPPI_data/PDB/old_dimer_db/2F96.pdb,old_dimer_db,2F96,1,True
2F9H,A,B,../../GraPPI_data/PDB/old_dimer_db/2F9H.pdb,old_dimer_db,2F9H,1,True
2FBL,A,B,../../GraPPI_data/PDB/old_dimer_db/2FBL.pdb,old_dimer_db,2FBL,1,True
2FCA,A,B,../../GraPPI_data/PDB/old_dimer_db/2FCA.pdb,old_dimer_db,2FCA,1,True
2FCO,A,B,../../GraPPI_data/PDB/old_dimer_db/2FCO.pdb,old_dimer_db,2FCO,2,True
2FE3,A,B,../../GraPPI_data/PDB/old_dimer_db/2FE3.pdb,old_dimer_db,2FE3,1,True
2FE7,A,B,../../GraPPI_data/PDB/old_dimer_db/2FE7.pdb,old_dimer_db,2FE7,5,True
2FFG,A,B,../../GraPPI_data/PDB/old_dimer_db/2FFG.pdb,old_dimer_db,2FFG,1,True
2FFS,A,B,../../GraPPI_data/PDB/old_dimer_db/2FFS.pdb,old_dimer_db,2FFS,1,True
2FG0,A,B,../../GraPPI_data/PDB/old_dimer_db/2FG0.pdb,old_dimer_db,2FG0,1,True
2FGY,A,B,../../GraPPI_data/PDB/old_dimer_db/2FGY.pdb,old_dimer_db,2FGY,1,True
2FIU,A,B,../../GraPPI_data/PDB/old_dimer_db/2FIU.pdb,old_dimer_db,2FIU,1,True
2FLQ,A,B,../../GraPPI_data/PDB/old_dimer_db/2FLQ.pdb,old_dimer_db,2FLQ,4,True
2FML,A,B,../../GraPPI_data/PDB/old_dimer_db/2FML.pdb,old_dimer_db,2FML,1,True
2FN0,A,B,../../GraPPI_data/PDB/old_dimer_db/2FN0.pdb,old_dimer_db,2FN0,1,True
2FP1,A,B,../../GraPPI_data/PDB/old_dimer_db/2FP1.pdb,old_dimer_db,2FP1,1,True
2FPR,A,B,../../GraPPI_data/PDB/old_dimer_db/2FPR.pdb,old_dimer_db,2FPR,1,True
2FQ1,A,B,../../GraPPI_data/PDB/old_dimer_db/2FQ1.pdb,old_dimer_db,2FQ1,1,True
2FRE,A,B,../../GraPPI_data/PDB/old_dimer_db/2FRE.pdb,old_dimer_db,2FRE,1,True
2FRH,A,B,../../GraPPI_data/PDB/old_dimer_db/2FRH.pdb,old_dimer_db,2FRH,1,True
2FT0,A,B,../../GraPPI_data/PDB/old_dimer_db/2FT0.pdb,old_dimer_db,2FT0,1,True
2FTR,A,B,../../GraPPI_data/PDB/old_dimer_db/2FTR.pdb,old_dimer_db,2FTR,1,True
2FU4,A,B,../../GraPPI_data/PDB/old_dimer_db/2FU4.pdb,old_dimer_db,2FU4,1,True
2FYF,A,B,../../GraPPI_data/PDB/old_dimer_db/2FYF.pdb,old_dimer_db,2FYF,12,True
2FYX,A,B,../../GraPPI_data/PDB/old_dimer_db/2FYX.pdb,old_dimer_db,2FYX,1,True
2FZT,A,B,../../GraPPI_data/PDB/old_dimer_db/2FZT.pdb,old_dimer_db,2FZT,1,True
2G0T,A,B,../../GraPPI_data/PDB/old_dimer_db/2G0T.pdb,old_dimer_db,2G0T,1,True
2G6T,A,B,../../GraPPI_data/PDB/old_dimer_db/2G6T.pdb,old_dimer_db,2G6T,1,True
2G8Y,A,B,../../GraPPI_data/PDB/old_dimer_db/2G8Y.pdb,old_dimer_db,2G8Y,5,True
2GFP,A,B,../../GraPPI_data/PDB/old_dimer_db/2GFP.pdb,old_dimer_db,2GFP,1,True
2GJ3,A,B,../../GraPPI_data/PDB/old_dimer_db/2GJ3.pdb,old_dimer_db,2GJ3,3,True
2GJA,A,B,../../GraPPI_data/PDB/old_dimer_db/2GJA.pdb,old_dimer_db,2GJA,1,True
2GK4,A,B,../../GraPPI_data/PDB/old_dimer_db/2GK4.pdb,old_dimer_db,2GK4,1,True
2GKM,A,B,../../GraPPI_data/PDB/old_dimer_db/2GKM.pdb,old_dimer_db,2GKM,1,True
2GKS,A,B,../../GraPPI_data/PDB/old_dimer_db/2GKS.pdb,old_dimer_db,2GKS,1,True
2GLZ,A,B,../../GraPPI_data/PDB/old_dimer_db/2GLZ.pdb,old_dimer_db,2GLZ,1,True
2GOM,A,B,../../GraPPI_data/PDB/old_dimer_db/2GOM.pdb,old_dimer_db,2GOM,1,True
2GS4,A,B,../../GraPPI_data/PDB/old_dimer_db/2GS4.pdb,old_dimer_db,2GS4,1,True
2GS9,A,B,../../GraPPI_data/PDB/old_dimer_db/2GS9.pdb,old_dimer_db,2GS9,1,True
2GSV,A,B,../../GraPPI_data/PDB/old_dimer_db/2GSV.pdb,old_dimer_db,2GSV,1,True
2GU9,A,B,../../GraPPI_data/PDB/old_dimer_db/2GU9.pdb,old_dimer_db,2GU9,1,True
2GUH,A,B,../../GraPPI_data/PDB/old_dimer_db/2GUH.pdb,old_dimer_db,2GUH,1,True
2GUJ,A,B,../../GraPPI_data/PDB/old_dimer_db/2GUJ.pdb,old_dimer_db,2GUJ,1,True
2GWG,A,B,../../GraPPI_data/PDB/old_dimer_db/2GWG.pdb,old_dimer_db,2GWG,1,True
2GZ6,A,B,../../GraPPI_data/PDB/old_dimer_db/2GZ6.pdb,old_dimer_db,2GZ6,1,True
2H1T,A,B,../../GraPPI_data/PDB/old_dimer_db/2H1T.pdb,old_dimer_db,2H1T,1,True
2H6C,A,B,../../GraPPI_data/PDB/old_dimer_db/2H6C.pdb,old_dimer_db,2H6C,1,True
2HA9,A,B,../../GraPPI_data/PDB/old_dimer_db/2HA9.pdb,old_dimer_db,2HA9,1,True
2HBV,A,B,../../GraPPI_data/PDB/old_dimer_db/2HBV.pdb,old_dimer_db,2HBV,1,True
2HI1,A,B,../../GraPPI_data/PDB/old_dimer_db/2HI1.pdb,old_dimer_db,2HI1,5,True
2HIP,A,B,../../GraPPI_data/PDB/old_dimer_db/2HIP.pdb,old_dimer_db,2HIP,1,True
2HIQ,A,B,../../GraPPI_data/PDB/old_dimer_db/2HIQ.pdb,old_dimer_db,2HIQ,1,True
2HJ0,A,B,../../GraPPI_data/PDB/old_dimer_db/2HJ0.pdb,old_dimer_db,2HJ0,2,True
2HJ1,A,B,../../GraPPI_data/PDB/old_dimer_db/2HJ1.pdb,old_dimer_db,2HJ1,1,True
2HKU,A,B,../../GraPPI_data/PDB/old_dimer_db/2HKU.pdb,old_dimer_db,2HKU,1,True
2HO1,A,B,../../GraPPI_data/PDB/old_dimer_db/2HO1.pdb,old_dimer_db,2HO1,1,True
2HQ9,A,B,../../GraPPI_data/PDB/old_dimer_db/2HQ9.pdb,old_dimer_db,2HQ9,1,True
2HQY,A,B,../../GraPPI_data/PDB/old_dimer_db/2HQY.pdb,old_dimer_db,2HQY,1,True
2HXI,A,B,../../GraPPI_data/PDB/old_dimer_db/2HXI.pdb,old_dimer_db,2HXI,1,True
2HXR,A,B,../../GraPPI_data/PDB/old_dimer_db/2HXR.pdb,old_dimer_db,2HXR,3,True
2HXW,A,B,../../GraPPI_data/PDB/old_dimer_db/2HXW.pdb,old_dimer_db,2HXW,1,True
2HZL,A,B,../../GraPPI_data/PDB/old_dimer_db/2HZL.pdb,old_dimer_db,2HZL,5,True
2I02,A,B,../../GraPPI_data/PDB/old_dimer_db/2I02.pdb,old_dimer_db,2I02,3,True
2I10,A,B,../../GraPPI_data/PDB/old_dimer_db/2I10.pdb,old_dimer_db,2I10,1,True
2I33,A,B,../../GraPPI_data/PDB/old_dimer_db/2I33.pdb,old_dimer_db,2I33,1,True
2I3D,A,B,../../GraPPI_data/PDB/old_dimer_db/2I3D.pdb,old_dimer_db,2I3D,1,True
2I51,A,B,../../GraPPI_data/PDB/old_dimer_db/2I51.pdb,old_dimer_db,2I51,1,True
2I6H,A,B,../../GraPPI_data/PDB/old_dimer_db/2I6H.pdb,old_dimer_db,2I6H,1,True
2I76,A,B,../../GraPPI_data/PDB/old_dimer_db/2I76.pdb,old_dimer_db,2I76,1,True
2I7R,A,B,../../GraPPI_data/PDB/old_dimer_db/2I7R.pdb,old_dimer_db,2I7R,1,True
2I8D,A,B,../../GraPPI_data/PDB/old_dimer_db/2I8D.pdb,old_dimer_db,2I8D,1,True
2I9X,A,B,../../GraPPI_data/PDB/old_dimer_db/2I9X.pdb,old_dimer_db,2I9X,1,True
2IA1,A,B,../../GraPPI_data/PDB/old_dimer_db/2IA1.pdb,old_dimer_db,2IA1,1,True
2IAB,A,B,../../GraPPI_data/PDB/old_dimer_db/2IAB.pdb,old_dimer_db,2IAB,1,True
2IB0,A,B,../../GraPPI_data/PDB/old_dimer_db/2IB0.pdb,old_dimer_db,2IB0,1,True
2ID3,A,B,../../GraPPI_data/PDB/old_dimer_db/2ID3.pdb,old_dimer_db,2ID3,1,True
2IFX,A,B,../../GraPPI_data/PDB/old_dimer_db/2IFX.pdb,old_dimer_db,2IFX,1,True
2IG6,A,B,../../GraPPI_data/PDB/old_dimer_db/2IG6.pdb,old_dimer_db,2IG6,1,True
2IGI,A,B,../../GraPPI_data/PDB/old_dimer_db/2IGI.pdb,old_dimer_db,2IGI,4,True
2IJL,A,B,../../GraPPI_data/PDB/old_dimer_db/2IJL.pdb,old_dimer_db,2IJL,1,True
2IKK,A,B,../../GraPPI_data/PDB/old_dimer_db/2IKK.pdb,old_dimer_db,2IKK,5,True
2IMZ,A,B,../../GraPPI_data/PDB/old_dimer_db/2IMZ.pdb,old_dimer_db,2IMZ,1,True
2IN5,A,B,../../GraPPI_data/PDB/old_dimer_db/2IN5.pdb,old_dimer_db,2IN5,1,True
2IO8,A,B,../../GraPPI_data/PDB/old_dimer_db/2IO8.pdb,old_dimer_db,2IO8,1,True
2IP2,A,B,../../GraPPI_data/PDB/old_dimer_db/2IP2.pdb,old_dimer_db,2IP2,1,True
2IQQ,A,B,../../GraPPI_data/PDB/old_dimer_db/2IQQ.pdb,old_dimer_db,2IQQ,1,True
2ISM,A,B,../../GraPPI_data/PDB/old_dimer_db/2ISM.pdb,old_dimer_db,2ISM,1,True
2ISY,A,B,../../GraPPI_data/PDB/old_dimer_db/2ISY.pdb,old_dimer_db,2ISY,1,True
2IU5,A,B,../../GraPPI_data/PDB/old_dimer_db/2IU5.pdb,old_dimer_db,2IU5,1,True
2IYJ,A,B,../../GraPPI_data/PDB/old_dimer_db/2IYJ.pdb,old_dimer_db,2IYJ,1,True
2J0X,A,B,../../GraPPI_data/PDB/old_dimer_db/2J0X.pdb,old_dimer_db,2J0X,1,True
2J5V,A,B,../../GraPPI_data/PDB/old_dimer_db/2J5V.pdb,old_dimer_db,2J5V,1,True
2J6R,A,B,../../GraPPI_data/PDB/old_dimer_db/2J6R.pdb,old_dimer_db,2J6R,1,True
2J80,A,B,../../GraPPI_data/PDB/old_dimer_db/2J80.pdb,old_dimer_db,2J80,1,True
2J8M,A,B,../../GraPPI_data/PDB/old_dimer_db/2J8M.pdb,old_dimer_db,2J8M,4,True
2J8W,A,B,../../GraPPI_data/PDB/old_dimer_db/2J8W.pdb,old_dimer_db,2J8W,7,True
2JAE,A,B,../../GraPPI_data/PDB/old_dimer_db/2JAE.pdb,old_dimer_db,2JAE,1,True
2JAQ,A,B,../../GraPPI_data/PDB/old_dimer_db/2JAQ.pdb,old_dimer_db,2JAQ,1,True
2JFQ,A,B,../../GraPPI_data/PDB/old_dimer_db/2JFQ.pdb,old_dimer_db,2JFQ,4,True
2JJ7,A,B,../../GraPPI_data/PDB/old_dimer_db/2JJ7.pdb,old_dimer_db,2JJ7,1,True
2NP3,A,B,../../GraPPI_data/PDB/old_dimer_db/2NP3.pdb,old_dimer_db,2NP3,1,True
2NQT,A,B,../../GraPPI_data/PDB/old_dimer_db/2NQT.pdb,old_dimer_db,2NQT,1,True
2NRH,A,B,../../GraPPI_data/PDB/old_dimer_db/2NRH.pdb,old_dimer_db,2NRH,1,True
2NTT,A,B,../../GraPPI_data/PDB/old_dimer_db/2NTT.pdb,old_dimer_db,2NTT,1,True
2NVM,A,B,../../GraPPI_data/PDB/old_dimer_db/2NVM.pdb,old_dimer_db,2NVM,2,True
2NX9,A,B,../../GraPPI_data/PDB/old_dimer_db/2NX9.pdb,old_dimer_db,2NX9,1,True
2NXV,A,B,../../GraPPI_data/PDB/old_dimer_db/2NXV.pdb,old_dimer_db,2NXV,1,True
2NYH,A,B,../../GraPPI_data/PDB/old_dimer_db/2NYH.pdb,old_dimer_db,2NYH,1,True
2NYS,A,B,../../GraPPI_data/PDB/old_dimer_db/2NYS.pdb,old_dimer_db,2NYS,1,True
2NZ5,A,B,../../GraPPI_data/PDB/old_dimer_db/2NZ5.pdb,old_dimer_db,2NZ5,1,True
2O2E,A,B,../../GraPPI_data/PDB/old_dimer_db/2O2E.pdb,old_dimer_db,2O2E,1,True
2O38,A,B,../../GraPPI_data/PDB/old_dimer_db/2O38.pdb,old_dimer_db,2O38,1,True
2O3I,A,B,../../GraPPI_data/PDB/old_dimer_db/2O3I.pdb,old_dimer_db,2O3I,1,True
2O4C,A,B,../../GraPPI_data/PDB/old_dimer_db/2O4C.pdb,old_dimer_db,2O4C,1,True
2O5A,A,B,../../GraPPI_data/PDB/old_dimer_db/2O5A.pdb,old_dimer_db,2O5A,1,True
2O5H,A,B,../../GraPPI_data/PDB/old_dimer_db/2O5H.pdb,old_dimer_db,2O5H,1,True
2O7G,A,B,../../GraPPI_data/PDB/old_dimer_db/2O7G.pdb,old_dimer_db,2O7G,1,True
2O8R,A,B,../../GraPPI_data/PDB/old_dimer_db/2O8R.pdb,old_dimer_db,2O8R,1,True
2OAS,A,B,../../GraPPI_data/PDB/old_dimer_db/2OAS.pdb,old_dimer_db,2OAS,5,True
2OB3,A,B,../../GraPPI_data/PDB/old_dimer_db/2OB3.pdb,old_dimer_db,2OB3,6,True
2OD0,A,B,../../GraPPI_data/PDB/old_dimer_db/2OD0.pdb,old_dimer_db,2OD0,1,True
2ODA,A,B,../../GraPPI_data/PDB/old_dimer_db/2ODA.pdb,old_dimer_db,2ODA,1,True
2ODM,A,B,../../GraPPI_data/PDB/old_dimer_db/2ODM.pdb,old_dimer_db,2ODM,1,True
2OER,A,B,../../GraPPI_data/PDB/old_dimer_db/2OER.pdb,old_dimer_db,2OER,1,True
2OFY,A,B,../../GraPPI_data/PDB/old_dimer_db/2OFY.pdb,old_dimer_db,2OFY,1,True
2OGI,A,B,../../GraPPI_data/PDB/old_dimer_db/2OGI.pdb,old_dimer_db,2OGI,2,True
2OKG,A,B,../../GraPPI_data/PDB/old_dimer_db/2OKG.pdb,old_dimer_db,2OKG,1,True
2OKQ,A,B,../../GraPPI_data/PDB/old_dimer_db/2OKQ.pdb,old_dimer_db,2OKQ,1,True
2OKU,A,B,../../GraPPI_data/PDB/old_dimer_db/2OKU.pdb,old_dimer_db,2OKU,1,True
2OL5,A,B,../../GraPPI_data/PDB/old_dimer_db/2OL5.pdb,old_dimer_db,2OL5,1,True
2OLC,A,B,../../GraPPI_data/PDB/old_dimer_db/2OLC.pdb,old_dimer_db,2OLC,1,True
2OLJ,A,B,../../GraPPI_data/PDB/old_dimer_db/2OLJ.pdb,old_dimer_db,2OLJ,1,True
2OMK,A,B,../../GraPPI_data/PDB/old_dimer_db/2OMK.pdb,old_dimer_db,2OMK,1,True
2OOJ,A,B,../../GraPPI_data/PDB/old_dimer_db/2OOJ.pdb,old_dimer_db,2OOJ,1,True
2OOK,A,B,../../GraPPI_data/PDB/old_dimer_db/2OOK.pdb,old_dimer_db,2OOK,1,True
2OPI,A,B,../../GraPPI_data/PDB/old_dimer_db/2OPI.pdb,old_dimer_db,2OPI,1,True
2OPL,A,B,../../GraPPI_data/PDB/old_dimer_db/2OPL.pdb,old_dimer_db,2OPL,1,True
2OTA,A,B,../../GraPPI_data/PDB/old_dimer_db/2OTA.pdb,old_dimer_db,2OTA,1,True
2OU5,A,B,../../GraPPI_data/PDB/old_dimer_db/2OU5.pdb,old_dimer_db,2OU5,1,True
2OUX,A,B,../../GraPPI_data/PDB/old_dimer_db/2OUX.pdb,old_dimer_db,2OUX,1,True
2OVS,A,B,../../GraPPI_data/PDB/old_dimer_db/2OVS.pdb,old_dimer_db,2OVS,1,True
2OWN,A,B,../../GraPPI_data/PDB/old_dimer_db/2OWN.pdb,old_dimer_db,2OWN,1,True
2OWY,A,B,../../GraPPI_data/PDB/old_dimer_db/2OWY.pdb,old_dimer_db,2OWY,2,True
2OXL,A,B,../../GraPPI_data/PDB/old_dimer_db/2OXL.pdb,old_dimer_db,2OXL,1,True
2OY9,A,B,../../GraPPI_data/PDB/old_dimer_db/2OY9.pdb,old_dimer_db,2OY9,1,True
2OZV,A,B,../../GraPPI_data/PDB/old_dimer_db/2OZV.pdb,old_dimer_db,2OZV,1,True
2P08,A,B,../../GraPPI_data/PDB/old_dimer_db/2P08.pdb,old_dimer_db,2P08,1,True
2P0S,A,B,../../GraPPI_data/PDB/old_dimer_db/2P0S.pdb,old_dimer_db,2P0S,1,True
2P11,A,B,../../GraPPI_data/PDB/old_dimer_db/2P11.pdb,old_dimer_db,2P11,1,True
2P12,A,B,../../GraPPI_data/PDB/old_dimer_db/2P12.pdb,old_dimer_db,2P12,1,True
2P13,A,B,../../GraPPI_data/PDB/old_dimer_db/2P13.pdb,old_dimer_db,2P13,1,True
2P1A,A,B,../../GraPPI_data/PDB/old_dimer_db/2P1A.pdb,old_dimer_db,2P1A,1,True
2P35,A,B,../../GraPPI_data/PDB/old_dimer_db/2P35.pdb,old_dimer_db,2P35,1,True
2P3Y,A,B,../../GraPPI_data/PDB/old_dimer_db/2P3Y.pdb,old_dimer_db,2P3Y,1,True
2P4P,A,B,../../GraPPI_data/PDB/old_dimer_db/2P4P.pdb,old_dimer_db,2P4P,1,True
2P8J,A,B,../../GraPPI_data/PDB/old_dimer_db/2P8J.pdb,old_dimer_db,2P8J,1,True
2P97,A,B,../../GraPPI_data/PDB/old_dimer_db/2P97.pdb,old_dimer_db,2P97,1,True
2PAQ,A,B,../../GraPPI_data/PDB/old_dimer_db/2PAQ.pdb,old_dimer_db,2PAQ,1,True
2PCJ,A,B,../../GraPPI_data/PDB/old_dimer_db/2PCJ.pdb,old_dimer_db,2PCJ,1,True
2PFW,A,B,../../GraPPI_data/PDB/old_dimer_db/2PFW.pdb,old_dimer_db,2PFW,1,True
2PH0,A,B,../../GraPPI_data/PDB/old_dimer_db/2PH0.pdb,old_dimer_db,2PH0,1,True
2PIF,A,B,../../GraPPI_data/PDB/old_dimer_db/2PIF.pdb,old_dimer_db,2PIF,1,True
2PIG,A,B,../../GraPPI_data/PDB/old_dimer_db/2PIG.pdb,old_dimer_db,2PIG,1,True
2PIH,A,B,../../GraPPI_data/PDB/old_dimer_db/2PIH.pdb,old_dimer_db,2PIH,1,True
2PIJ,A,B,../../GraPPI_data/PDB/old_dimer_db/2PIJ.pdb,old_dimer_db,2PIJ,1,True
2PJS,A,B,../../GraPPI_data/PDB/old_dimer_db/2PJS.pdb,old_dimer_db,2PJS,1,True
2PK7,A,B,../../GraPPI_data/PDB/old_dimer_db/2PK7.pdb,old_dimer_db,2PK7,1,True
2PL2,A,B,../../GraPPI_data/PDB/old_dimer_db/2PL2.pdb,old_dimer_db,2PL2,1,True
2PLG,A,B,../../GraPPI_data/PDB/old_dimer_db/2PLG.pdb,old_dimer_db,2PLG,1,True
2PQV,A,B,../../GraPPI_data/PDB/old_dimer_db/2PQV.pdb,old_dimer_db,2PQV,1,True
2PRV,A,B,../../GraPPI_data/PDB/old_dimer_db/2PRV.pdb,old_dimer_db,2PRV,1,True
2PRX,A,B,../../GraPPI_data/PDB/old_dimer_db/2PRX.pdb,old_dimer_db,2PRX,1,True
2PUZ,A,B,../../GraPPI_data/PDB/old_dimer_db/2PUZ.pdb,old_dimer_db,2PUZ,1,True
2PV7,A,B,../../GraPPI_data/PDB/old_dimer_db/2PV7.pdb,old_dimer_db,2PV7,1,True
2PZ0,A,B,../../GraPPI_data/PDB/old_dimer_db/2PZ0.pdb,old_dimer_db,2PZ0,1,True
2Q03,A,B,../../GraPPI_data/PDB/old_dimer_db/2Q03.pdb,old_dimer_db,2Q03,1,True
2Q0L,A,B,../../GraPPI_data/PDB/old_dimer_db/2Q0L.pdb,old_dimer_db,2Q0L,7,True
2Q16,A,B,../../GraPPI_data/PDB/old_dimer_db/2Q16.pdb,old_dimer_db,2Q16,1,True
2Q24,A,B,../../GraPPI_data/PDB/old_dimer_db/2Q24.pdb,old_dimer_db,2Q24,1,True
2Q2I,A,B,../../GraPPI_data/PDB/old_dimer_db/2Q2I.pdb,old_dimer_db,2Q2I,2,True
2Q3L,A,B,../../GraPPI_data/PDB/old_dimer_db/2Q3L.pdb,old_dimer_db,2Q3L,1,True
2Q7X,A,B,../../GraPPI_data/PDB/old_dimer_db/2Q7X.pdb,old_dimer_db,2Q7X,1,True
2Q8V,A,B,../../GraPPI_data/PDB/old_dimer_db/2Q8V.pdb,old_dimer_db,2Q8V,1,True
2QE8,A,B,../../GraPPI_data/PDB/old_dimer_db/2QE8.pdb,old_dimer_db,2QE8,1,True
2QE9,A,B,../../GraPPI_data/PDB/old_dimer_db/2QE9.pdb,old_dimer_db,2QE9,1,True
2QF9,A,B,../../GraPPI_data/PDB/old_dimer_db/2QF9.pdb,old_dimer_db,2QF9,1,True
2QHQ,A,B,../../GraPPI_data/PDB/old_dimer_db/2QHQ.pdb,old_dimer_db,2QHQ,1,True
2QIB,A,B,../../GraPPI_data/PDB/old_dimer_db/2QIB.pdb,old_dimer_db,2QIB,1,True
2QJ8,A,B,../../GraPPI_data/PDB/old_dimer_db/2QJ8.pdb,old_dimer_db,2QJ8,1,True
2QLW,A,B,../../GraPPI_data/PDB/old_dimer_db/2QLW.pdb,old_dimer_db,2QLW,1,True
2QM0,A,B,../../GraPPI_data/PDB/old_dimer_db/2QM0.pdb,old_dimer_db,2QM0,1,True
2QMX,A,B,../../GraPPI_data/PDB/old_dimer_db/2QMX.pdb,old_dimer_db,2QMX,1,True
2QNE,A,B,../../GraPPI_data/PDB/old_dimer_db/2QNE.pdb,old_dimer_db,2QNE,1,True
2QNU,A,B,../../GraPPI_data/PDB/old_dimer_db/2QNU.pdb,old_dimer_db,2QNU,1,True
2QPV,A,B,../../GraPPI_data/PDB/old_dimer_db/2QPV.pdb,old_dimer_db,2QPV,1,True
2QQZ,A,B,../../GraPPI_data/PDB/old_dimer_db/2QQZ.pdb,old_dimer_db,2QQZ,1,True
2QSI,A,B,../../GraPPI_data/PDB/old_dimer_db/2QSI.pdb,old_dimer_db,2QSI,1,True
2QSJ,A,B,../../GraPPI_data/PDB/old_dimer_db/2QSJ.pdb,old_dimer_db,2QSJ,1,True
2QSX,A,B,../../GraPPI_data/PDB/old_dimer_db/2QSX.pdb,old_dimer_db,2QSX,1,True
2QV0,A,B,../../GraPPI_data/PDB/old_dimer_db/2QV0.pdb,old_dimer_db,2QV0,1,True
2QVH,A,B,../../GraPPI_data/PDB/old_dimer_db/2QVH.pdb,old_dimer_db,2QVH,1,True
2QWV,A,B,../../GraPPI_data/PDB/old_dimer_db/2QWV.pdb,old_dimer_db,2QWV,1,True
2QX0,A,B,../../GraPPI_data/PDB/old_dimer_db/2QX0.pdb,old_dimer_db,2QX0,1,True
2QYC,A,B,../../GraPPI_data/PDB/old_dimer_db/2QYC.pdb,old_dimer_db,2QYC,1,True
2QYV,A,B,../../GraPPI_data/PDB/old_dimer_db/2QYV.pdb,old_dimer_db,2QYV,1,True
2R1F,A,B,../../GraPPI_data/PDB/old_dimer_db/2R1F.pdb,old_dimer_db,2R1F,1,True
2R2C,A,B,../../GraPPI_data/PDB/old_dimer_db/2R2C.pdb,old_dimer_db,2R2C,1,True
2R6Z,A,B,../../GraPPI_data/PDB/old_dimer_db/2R6Z.pdb,old_dimer_db,2R6Z,1,True
2R76,A,B,../../GraPPI_data/PDB/old_dimer_db/2R76.pdb,old_dimer_db,2R76,1,True
2R7H,A,B,../../GraPPI_data/PDB/old_dimer_db/2R7H.pdb,old_dimer_db,2R7H,2,True
2RAS,A,B,../../GraPPI_data/PDB/old_dimer_db/2RAS.pdb,old_dimer_db,2RAS,1,True
2RB7,A,B,../../GraPPI_data/PDB/old_dimer_db/2RB7.pdb,old_dimer_db,2RB7,1,True
2RBB,A,B,../../GraPPI_data/PDB/old_dimer_db/2RBB.pdb,old_dimer_db,2RBB,3,True
2RDC,A,B,../../GraPPI_data/PDB/old_dimer_db/2RDC.pdb,old_dimer_db,2RDC,1,True
2RDE,A,B,../../GraPPI_data/PDB/old_dimer_db/2RDE.pdb,old_dimer_db,2RDE,1,True
2REK,A,B,../../GraPPI_data/PDB/old_dimer_db/2REK.pdb,old_dimer_db,2REK,1,True
2RGO,A,B,../../GraPPI_data/PDB/old_dimer_db/2RGO.pdb,old_dimer_db,2RGO,1,True
2RK9,A,B,../../GraPPI_data/PDB/old_dimer_db/2RK9.pdb,old_dimer_db,2RK9,1,True
2UVK,A,B,../../GraPPI_data/PDB/old_dimer_db/2UVK.pdb,old_dimer_db,2UVK,1,True
2UXU,A,B,../../GraPPI_data/PDB/old_dimer_db/2UXU.pdb,old_dimer_db,2UXU,4,True
2V27,A,B,../../GraPPI_data/PDB/old_dimer_db/2V27.pdb,old_dimer_db,2V27,1,True
2V42,A,B,../../GraPPI_data/PDB/old_dimer_db/2V42.pdb,old_dimer_db,2V42,1,True
2V6K,A,B,../../GraPPI_data/PDB/old_dimer_db/2V6K.pdb,old_dimer_db,2V6K,8,True
2VBF,A,B,../../GraPPI_data/PDB/old_dimer_db/2VBF.pdb,old_dimer_db,2VBF,1,True
2VGX,A,B,../../GraPPI_data/PDB/old_dimer_db/2VGX.pdb,old_dimer_db,2VGX,1,True
2VHA,A,B,../../GraPPI_data/PDB/old_dimer_db/2VHA.pdb,old_dimer_db,2VHA,1,True
2VHB,A,B,../../GraPPI_data/PDB/old_dimer_db/2VHB.pdb,old_dimer_db,2VHB,1,True
2VID,A,B,../../GraPPI_data/PDB/old_dimer_db/2VID.pdb,old_dimer_db,2VID,1,True
2VKJ,A,B,../../GraPPI_data/PDB/old_dimer_db/2VKJ.pdb,old_dimer_db,2VKJ,1,True
2VOC,A,B,../../GraPPI_data/PDB/old_dimer_db/2VOC.pdb,old_dimer_db,2VOC,1,True
2VT3,A,B,../../GraPPI_data/PDB/old_dimer_db/2VT3.pdb,old_dimer_db,2VT3,1,True
2W1T,A,B,../../GraPPI_data/PDB/old_dimer_db/2W1T.pdb,old_dimer_db,2W1T,1,True
2W31,A,B,../../GraPPI_data/PDB/old_dimer_db/2W31.pdb,old_dimer_db,2W31,3,True
2W3G,A,B,../../GraPPI_data/PDB/old_dimer_db/2W3G.pdb,old_dimer_db,2W3G,1,True
2W3P,A,B,../../GraPPI_data/PDB/old_dimer_db/2W3P.pdb,old_dimer_db,2W3P,1,True
2W4E,A,B,../../GraPPI_data/PDB/old_dimer_db/2W4E.pdb,old_dimer_db,2W4E,1,True
2W57,A,B,../../GraPPI_data/PDB/old_dimer_db/2W57.pdb,old_dimer_db,2W57,1,True
2W58,A,B,../../GraPPI_data/PDB/old_dimer_db/2W58.pdb,old_dimer_db,2W58,1,True
2W5V,A,B,../../GraPPI_data/PDB/old_dimer_db/2W5V.pdb,old_dimer_db,2W5V,1,True
2W7Z,A,B,../../GraPPI_data/PDB/old_dimer_db/2W7Z.pdb,old_dimer_db,2W7Z,1,True
2W9X,A,B,../../GraPPI_data/PDB/old_dimer_db/2W9X.pdb,old_dimer_db,2W9X,1,True
2WCR,A,B,../../GraPPI_data/PDB/old_dimer_db/2WCR.pdb,old_dimer_db,2WCR,1,True
2WGB,A,B,../../GraPPI_data/PDB/old_dimer_db/2WGB.pdb,old_dimer_db,2WGB,1,True
2WJ9,A,B,../../GraPPI_data/PDB/old_dimer_db/2WJ9.pdb,old_dimer_db,2WJ9,1,True
2WNW,A,B,../../GraPPI_data/PDB/old_dimer_db/2WNW.pdb,old_dimer_db,2WNW,1,True
2WP4,A,B,../../GraPPI_data/PDB/old_dimer_db/2WP4.pdb,old_dimer_db,2WP4,3,True
2WT9,A,B,../../GraPPI_data/PDB/old_dimer_db/2WT9.pdb,old_dimer_db,2WT9,1,True
2WTP,A,B,../../GraPPI_data/PDB/old_dimer_db/2WTP.pdb,old_dimer_db,2WTP,1,True
2WUQ,A,B,../../GraPPI_data/PDB/old_dimer_db/2WUQ.pdb,old_dimer_db,2WUQ,1,True
2WVF,A,B,../../GraPPI_data/PDB/old_dimer_db/2WVF.pdb,old_dimer_db,2WVF,1,True
2WVL,A,B,../../GraPPI_data/PDB/old_dimer_db/2WVL.pdb,old_dimer_db,2WVL,1,True
2WW4,A,B,../../GraPPI_data/PDB/old_dimer_db/2WW4.pdb,old_dimer_db,2WW4,1,True
2WXB,A,B,../../GraPPI_data/PDB/old_dimer_db/2WXB.pdb,old_dimer_db,2WXB,1,True
2X0D,A,B,../../GraPPI_data/PDB/old_dimer_db/2X0D.pdb,old_dimer_db,2X0D,1,True
2X3B,A,B,../../GraPPI_data/PDB/old_dimer_db/2X3B.pdb,old_dimer_db,2X3B,1,True
2X3J,A,B,../../GraPPI_data/PDB/old_dimer_db/2X3J.pdb,old_dimer_db,2X3J,1,True
2X3O,A,B,../../GraPPI_data/PDB/old_dimer_db/2X3O.pdb,old_dimer_db,2X3O,1,True
2X65,A,B,../../GraPPI_data/PDB/old_dimer_db/2X65.pdb,old_dimer_db,2X65,1,True
2XGA,A,B,../../GraPPI_data/PDB/old_dimer_db/2XGA.pdb,old_dimer_db,2XGA,1,True
2XHK,A,B,../../GraPPI_data/PDB/old_dimer_db/2XHK.pdb,old_dimer_db,2XHK,3,True
2XI8,A,B,../../GraPPI_data/PDB/old_dimer_db/2XI8.pdb,old_dimer_db,2XI8,1,True
2XIT,A,B,../../GraPPI_data/PDB/old_dimer_db/2XIT.pdb,old_dimer_db,2XIT,1,True
2XL9,A,B,../../GraPPI_data/PDB/old_dimer_db/2XL9.pdb,old_dimer_db,2XL9,1,True
2XQ2,A,B,../../GraPPI_data/PDB/old_dimer_db/2XQ2.pdb,old_dimer_db,2XQ2,1,True
2XR4,A,B,../../GraPPI_data/PDB/old_dimer_db/2XR4.pdb,old_dimer_db,2XR4,1,True
2XT2,A,B,../../GraPPI_data/PDB/old_dimer_db/2XT2.pdb,old_dimer_db,2XT2,1,True
2XUA,A,H,../../GraPPI_data/PDB/old_dimer_db/2XUA.pdb,old_dimer_db,2XUA,1,True
2XWX,A,B,../../GraPPI_data/PDB/old_dimer_db/2XWX.pdb,old_dimer_db,2XWX,1,True
2Y2H,A,B,../../GraPPI_data/PDB/old_dimer_db/2Y2H.pdb,old_dimer_db,2Y2H,1,True
2Y30,A,B,../../GraPPI_data/PDB/old_dimer_db/2Y30.pdb,old_dimer_db,2Y30,1,True
2Y3S,A,B,../../GraPPI_data/PDB/old_dimer_db/2Y3S.pdb,old_dimer_db,2Y3S,2,True
2Y4J,A,B,../../GraPPI_data/PDB/old_dimer_db/2Y4J.pdb,old_dimer_db,2Y4J,1,True
2Y4O,A,B,../../GraPPI_data/PDB/old_dimer_db/2Y4O.pdb,old_dimer_db,2Y4O,1,True
2YFA,A,B,../../GraPPI_data/PDB/old_dimer_db/2YFA.pdb,old_dimer_db,2YFA,1,True
2YJG,A,B,../../GraPPI_data/PDB/old_dimer_db/2YJG.pdb,old_dimer_db,2YJG,1,True
2YVE,A,B,../../GraPPI_data/PDB/old_dimer_db/2YVE.pdb,old_dimer_db,2YVE,1,True
2YVS,A,B,../../GraPPI_data/PDB/old_dimer_db/2YVS.pdb,old_dimer_db,2YVS,1,True
2YWL,A,B,../../GraPPI_data/PDB/old_dimer_db/2YWL.pdb,old_dimer_db,2YWL,1,True
2YWV,A,B,../../GraPPI_data/PDB/old_dimer_db/2YWV.pdb,old_dimer_db,2YWV,1,True
2YXH,A,B,../../GraPPI_data/PDB/old_dimer_db/2YXH.pdb,old_dimer_db,2YXH,1,True
2YYU,A,B,../../GraPPI_data/PDB/old_dimer_db/2YYU.pdb,old_dimer_db,2YYU,5,True
2YYV,A,B,../../GraPPI_data/PDB/old_dimer_db/2YYV.pdb,old_dimer_db,2YYV,1,True
2Z1Q,A,B,../../GraPPI_data/PDB/old_dimer_db/2Z1Q.pdb,old_dimer_db,2Z1Q,1,True
2Z87,A,B,../../GraPPI_data/PDB/old_dimer_db/2Z87.pdb,old_dimer_db,2Z87,1,True
2ZB9,A,B,../../GraPPI_data/PDB/old_dimer_db/2ZB9.pdb,old_dimer_db,2ZB9,1,True
2ZBW,A,B,../../GraPPI_data/PDB/old_dimer_db/2ZBW.pdb,old_dimer_db,2ZBW,3,True
2ZCM,A,B,../../GraPPI_data/PDB/old_dimer_db/2ZCM.pdb,old_dimer_db,2ZCM,1,True
2ZGY,A,B,../../GraPPI_data/PDB/old_dimer_db/2ZGY.pdb,old_dimer_db,2ZGY,1,True
2ZIG,A,B,../../GraPPI_data/PDB/old_dimer_db/2ZIG.pdb,old_dimer_db,2ZIG,1,True
2ZJT,A,B,../../GraPPI_data/PDB/old_dimer_db/2ZJT.pdb,old_dimer_db,2ZJT,1,True
2ZOD,A,B,../../GraPPI_data/PDB/old_dimer_db/2ZOD.pdb,old_dimer_db,2ZOD,4,True
2ZSG,A,B,../../GraPPI_data/PDB/old_dimer_db/2ZSG.pdb,old_dimer_db,2ZSG,6,True
2ZUV,A,B,../../GraPPI_data/PDB/old_dimer_db/2ZUV.pdb,old_dimer_db,2ZUV,1,True
2ZVD,A,C,../../GraPPI_data/PDB/old_dimer_db/2ZVD.pdb,old_dimer_db,2ZVD,1,True
2ZW5,A,B,../../GraPPI_data/PDB/old_dimer_db/2ZW5.pdb,old_dimer_db,2ZW5,1,True
2ZXH,A,B,../../GraPPI_data/PDB/old_dimer_db/2ZXH.pdb,old_dimer_db,2ZXH,1,True
2ZYD,A,B,../../GraPPI_data/PDB/old_dimer_db/2ZYD.pdb,old_dimer_db,2ZYD,2,True
2ZYQ,A,B,../../GraPPI_data/PDB/old_dimer_db/2ZYQ.pdb,old_dimer_db,2ZYQ,1,True
2ZZ8,A,B,../../GraPPI_data/PDB/old_dimer_db/2ZZ8.pdb,old_dimer_db,2ZZ8,1,True
3A06,A,B,../../GraPPI_data/PDB/old_dimer_db/3A06.pdb,old_dimer_db,3A06,7,True
3A3D,A,B,../../GraPPI_data/PDB/old_dimer_db/3A3D.pdb,old_dimer_db,3A3D,1,True
3A6M,A,B,../../GraPPI_data/PDB/old_dimer_db/3A6M.pdb,old_dimer_db,3A6M,1,True
3AB8,A,B,../../GraPPI_data/PDB/old_dimer_db/3AB8.pdb,old_dimer_db,3AB8,1,True
3AGD,A,B,../../GraPPI_data/PDB/old_dimer_db/3AGD.pdb,old_dimer_db,3AGD,1,True
3AKJ,A,B,../../GraPPI_data/PDB/old_dimer_db/3AKJ.pdb,old_dimer_db,3AKJ,1,True
3APT,A,B,../../GraPPI_data/PDB/old_dimer_db/3APT.pdb,old_dimer_db,3APT,1,True
3AQT,A,B,../../GraPPI_data/PDB/old_dimer_db/3AQT.pdb,old_dimer_db,3AQT,1,True
3B42,A,B,../../GraPPI_data/PDB/old_dimer_db/3B42.pdb,old_dimer_db,3B42,1,True
3B4Y,A,B,../../GraPPI_data/PDB/old_dimer_db/3B4Y.pdb,old_dimer_db,3B4Y,2,True
3BA3,A,B,../../GraPPI_data/PDB/old_dimer_db/3BA3.pdb,old_dimer_db,3BA3,1,True
3BCV,A,B,../../GraPPI_data/PDB/old_dimer_db/3BCV.pdb,old_dimer_db,3BCV,1,True
3BDF,A,B,../../GraPPI_data/PDB/old_dimer_db/3BDF.pdb,old_dimer_db,3BDF,1,True
3BDK,A,B,../../GraPPI_data/PDB/old_dimer_db/3BDK.pdb,old_dimer_db,3BDK,2,True
3BE3,A,B,../../GraPPI_data/PDB/old_dimer_db/3BE3.pdb,old_dimer_db,3BE3,1,True
3BED,A,B,../../GraPPI_data/PDB/old_dimer_db/3BED.pdb,old_dimer_db,3BED,1,True
3BEU,A,B,../../GraPPI_data/PDB/old_dimer_db/3BEU.pdb,old_dimer_db,3BEU,1,True
3BF4,A,B,../../GraPPI_data/PDB/old_dimer_db/3BF4.pdb,old_dimer_db,3BF4,1,True
3BGH,A,B,../../GraPPI_data/PDB/old_dimer_db/3BGH.pdb,old_dimer_db,3BGH,1,True
3BHQ,A,B,../../GraPPI_data/PDB/old_dimer_db/3BHQ.pdb,old_dimer_db,3BHQ,1,True
3BJ6,A,B,../../GraPPI_data/PDB/old_dimer_db/3BJ6.pdb,old_dimer_db,3BJ6,3,True
3BKW,A,B,../../GraPPI_data/PDB/old_dimer_db/3BKW.pdb,old_dimer_db,3BKW,1,True
3BKX,A,B,../../GraPPI_data/PDB/old_dimer_db/3BKX.pdb,old_dimer_db,3BKX,1,True
3BL4,A,B,../../GraPPI_data/PDB/old_dimer_db/3BL4.pdb,old_dimer_db,3BL4,1,True
3BMZ,A,B,../../GraPPI_data/PDB/old_dimer_db/3BMZ.pdb,old_dimer_db,3BMZ,1,True
3BNI,A,B,../../GraPPI_data/PDB/old_dimer_db/3BNI.pdb,old_dimer_db,3BNI,1,True
3BOQ,A,B,../../GraPPI_data/PDB/old_dimer_db/3BOQ.pdb,old_dimer_db,3BOQ,2,True
3BOS,A,B,../../GraPPI_data/PDB/old_dimer_db/3BOS.pdb,old_dimer_db,3BOS,1,True
3BRU,A,B,../../GraPPI_data/PDB/old_dimer_db/3BRU.pdb,old_dimer_db,3BRU,5,True
3BT3,A,B,../../GraPPI_data/PDB/old_dimer_db/3BT3.pdb,old_dimer_db,3BT3,1,True
3BVQ,A,B,../../GraPPI_data/PDB/old_dimer_db/3BVQ.pdb,old_dimer_db,3BVQ,1,True
3BWV,A,B,../../GraPPI_data/PDB/old_dimer_db/3BWV.pdb,old_dimer_db,3BWV,1,True
3BXP,A,B,../../GraPPI_data/PDB/old_dimer_db/3BXP.pdb,old_dimer_db,3BXP,1,True
3BXU,A,B,../../GraPPI_data/PDB/old_dimer_db/3BXU.pdb,old_dimer_db,3BXU,1,True
3BYP,A,B,../../GraPPI_data/PDB/old_dimer_db/3BYP.pdb,old_dimer_db,3BYP,1,True
3C07,A,B,../../GraPPI_data/PDB/old_dimer_db/3C07.pdb,old_dimer_db,3C07,1,True
3C0U,A,B,../../GraPPI_data/PDB/old_dimer_db/3C0U.pdb,old_dimer_db,3C0U,1,True
3C24,A,B,../../GraPPI_data/PDB/old_dimer_db/3C24.pdb,old_dimer_db,3C24,1,True
3C2B,A,B,../../GraPPI_data/PDB/old_dimer_db/3C2B.pdb,old_dimer_db,3C2B,1,True
3C3K,A,B,../../GraPPI_data/PDB/old_dimer_db/3C3K.pdb,old_dimer_db,3C3K,18,True
3C48,A,B,../../GraPPI_data/PDB/old_dimer_db/3C48.pdb,old_dimer_db,3C48,1,True
3C4N,A,B,../../GraPPI_data/PDB/old_dimer_db/3C4N.pdb,old_dimer_db,3C4N,1,True
3C57,A,B,../../GraPPI_data/PDB/old_dimer_db/3C57.pdb,old_dimer_db,3C57,1,True
3CAM,A,B,../../GraPPI_data/PDB/old_dimer_db/3CAM.pdb,old_dimer_db,3CAM,1,True
3CAW,A,B,../../GraPPI_data/PDB/old_dimer_db/3CAW.pdb,old_dimer_db,3CAW,1,True
3CCD,A,B,../../GraPPI_data/PDB/old_dimer_db/3CCD.pdb,old_dimer_db,3CCD,1,True
3CDH,A,B,../../GraPPI_data/PDB/old_dimer_db/3CDH.pdb,old_dimer_db,3CDH,1,True
3CDL,A,B,../../GraPPI_data/PDB/old_dimer_db/3CDL.pdb,old_dimer_db,3CDL,1,True
3CHH,A,B,../../GraPPI_data/PDB/old_dimer_db/3CHH.pdb,old_dimer_db,3CHH,1,True
3CIO,A,D,../../GraPPI_data/PDB/old_dimer_db/3CIO.pdb,old_dimer_db,3CIO,1,True
3CJD,A,B,../../GraPPI_data/PDB/old_dimer_db/3CJD.pdb,old_dimer_db,3CJD,1,True
3CJL,A,B,../../GraPPI_data/PDB/old_dimer_db/3CJL.pdb,old_dimer_db,3CJL,1,True
3CJP,A,B,../../GraPPI_data/PDB/old_dimer_db/3CJP.pdb,old_dimer_db,3CJP,1,True
3CKA,A,B,../../GraPPI_data/PDB/old_dimer_db/3CKA.pdb,old_dimer_db,3CKA,1,True
3CO5,A,B,../../GraPPI_data/PDB/old_dimer_db/3CO5.pdb,old_dimer_db,3CO5,1,True
3COL,A,B,../../GraPPI_data/PDB/old_dimer_db/3COL.pdb,old_dimer_db,3COL,1,True
3CP7,A,B,../../GraPPI_data/PDB/old_dimer_db/3CP7.pdb,old_dimer_db,3CP7,1,True
3CQB,A,B,../../GraPPI_data/PDB/old_dimer_db/3CQB.pdb,old_dimer_db,3CQB,1,True
3CQJ,A,B,../../GraPPI_data/PDB/old_dimer_db/3CQJ.pdb,old_dimer_db,3CQJ,1,True
3CRA,A,B,../../GraPPI_data/PDB/old_dimer_db/3CRA.pdb,old_dimer_db,3CRA,1,True
3CSX,A,B,../../GraPPI_data/PDB/old_dimer_db/3CSX.pdb,old_dimer_db,3CSX,1,True
3CT6,A,B,../../GraPPI_data/PDB/old_dimer_db/3CT6.pdb,old_dimer_db,3CT6,1,True
3CTW,B,D,../../GraPPI_data/PDB/old_dimer_db/3CTW.pdb,old_dimer_db,3CTW,1,True
3CU5,A,B,../../GraPPI_data/PDB/old_dimer_db/3CU5.pdb,old_dimer_db,3CU5,2,True
3CW9,A,B,../../GraPPI_data/PDB/old_dimer_db/3CW9.pdb,old_dimer_db,3CW9,2,True
3CWC,A,B,../../GraPPI_data/PDB/old_dimer_db/3CWC.pdb,old_dimer_db,3CWC,1,True
3CWN,A,B,../../GraPPI_data/PDB/old_dimer_db/3CWN.pdb,old_dimer_db,3CWN,1,True
3CWQ,A,B,../../GraPPI_data/PDB/old_dimer_db/3CWQ.pdb,old_dimer_db,3CWQ,1,True
3CWR,A,B,../../GraPPI_data/PDB/old_dimer_db/3CWR.pdb,old_dimer_db,3CWR,1,True
3CXK,A,B,../../GraPPI_data/PDB/old_dimer_db/3CXK.pdb,old_dimer_db,3CXK,1,True
3CYG,A,B,../../GraPPI_data/PDB/old_dimer_db/3CYG.pdb,old_dimer_db,3CYG,1,True
3CZ8,A,B,../../GraPPI_data/PDB/old_dimer_db/3CZ8.pdb,old_dimer_db,3CZ8,1,True
3CZB,A,B,../../GraPPI_data/PDB/old_dimer_db/3CZB.pdb,old_dimer_db,3CZB,1,True
3CZP,A,B,../../GraPPI_data/PDB/old_dimer_db/3CZP.pdb,old_dimer_db,3CZP,1,True
3CZZ,A,B,../../GraPPI_data/PDB/old_dimer_db/3CZZ.pdb,old_dimer_db,3CZZ,1,True
3D0F,A,B,../../GraPPI_data/PDB/old_dimer_db/3D0F.pdb,old_dimer_db,3D0F,1,True
3D1L,A,B,../../GraPPI_data/PDB/old_dimer_db/3D1L.pdb,old_dimer_db,3D1L,1,True
3D3R,A,B,../../GraPPI_data/PDB/old_dimer_db/3D3R.pdb,old_dimer_db,3D3R,1,True
3D5P,A,B,../../GraPPI_data/PDB/old_dimer_db/3D5P.pdb,old_dimer_db,3D5P,1,True
3DA8,A,B,../../GraPPI_data/PDB/old_dimer_db/3DA8.pdb,old_dimer_db,3DA8,1,True
3DAA,A,B,../../GraPPI_data/PDB/old_dimer_db/3DAA.pdb,old_dimer_db,3DAA,8,True
3DCF,A,B,../../GraPPI_data/PDB/old_dimer_db/3DCF.pdb,old_dimer_db,3DCF,1,True
3DDH,A,B,../../GraPPI_data/PDB/old_dimer_db/3DDH.pdb,old_dimer_db,3DDH,2,True
3DEV,A,B,../../GraPPI_data/PDB/old_dimer_db/3DEV.pdb,old_dimer_db,3DEV,1,True
3DFU,A,B,../../GraPPI_data/PDB/old_dimer_db/3DFU.pdb,old_dimer_db,3DFU,1,True
3DFZ,A,B,../../GraPPI_data/PDB/old_dimer_db/3DFZ.pdb,old_dimer_db,3DFZ,1,True
3DHX,A,B,../../GraPPI_data/PDB/old_dimer_db/3DHX.pdb,old_dimer_db,3DHX,2,True
3DI4,A,B,../../GraPPI_data/PDB/old_dimer_db/3DI4.pdb,old_dimer_db,3DI4,1,True
3DIE,A,B,../../GraPPI_data/PDB/old_dimer_db/3DIE.pdb,old_dimer_db,3DIE,1,True
3DJB,A,B,../../GraPPI_data/PDB/old_dimer_db/3DJB.pdb,old_dimer_db,3DJB,3,True
3DKA,A,B,../../GraPPI_data/PDB/old_dimer_db/3DKA.pdb,old_dimer_db,3DKA,1,True
3DMC,A,B,../../GraPPI_data/PDB/old_dimer_db/3DMC.pdb,old_dimer_db,3DMC,1,True
3DME,A,B,../../GraPPI_data/PDB/old_dimer_db/3DME.pdb,old_dimer_db,3DME,1,True
3DMY,A,B,../../GraPPI_data/PDB/old_dimer_db/3DMY.pdb,old_dimer_db,3DMY,1,True
3DNF,A,B,../../GraPPI_data/PDB/old_dimer_db/3DNF.pdb,old_dimer_db,3DNF,1,True
3DNH,A,B,../../GraPPI_data/PDB/old_dimer_db/3DNH.pdb,old_dimer_db,3DNH,2,True
3DNS,A,B,../../GraPPI_data/PDB/old_dimer_db/3DNS.pdb,old_dimer_db,3DNS,1,True
3DOR,A,B,../../GraPPI_data/PDB/old_dimer_db/3DOR.pdb,old_dimer_db,3DOR,1,True
3DP7,A,B,../../GraPPI_data/PDB/old_dimer_db/3DP7.pdb,old_dimer_db,3DP7,1,True
3DR2,A,B,../../GraPPI_data/PDB/old_dimer_db/3DR2.pdb,old_dimer_db,3DR2,1,True
3DSQ,A,B,../../GraPPI_data/PDB/old_dimer_db/3DSQ.pdb,old_dimer_db,3DSQ,1,True
3DTT,A,B,../../GraPPI_data/PDB/old_dimer_db/3DTT.pdb,old_dimer_db,3DTT,1,True
3DUP,A,B,../../GraPPI_data/PDB/old_dimer_db/3DUP.pdb,old_dimer_db,3DUP,1,True
3DXO,A,B,../../GraPPI_data/PDB/old_dimer_db/3DXO.pdb,old_dimer_db,3DXO,1,True
3DZB,A,B,../../GraPPI_data/PDB/old_dimer_db/3DZB.pdb,old_dimer_db,3DZB,1,True
3E0Y,A,B,../../GraPPI_data/PDB/old_dimer_db/3E0Y.pdb,old_dimer_db,3E0Y,2,True
3E18,A,B,../../GraPPI_data/PDB/old_dimer_db/3E18.pdb,old_dimer_db,3E18,1,True
3E2C,A,B,../../GraPPI_data/PDB/old_dimer_db/3E2C.pdb,old_dimer_db,3E2C,1,True
3E48,A,B,../../GraPPI_data/PDB/old_dimer_db/3E48.pdb,old_dimer_db,3E48,1,True
3E57,A,B,../../GraPPI_data/PDB/old_dimer_db/3E57.pdb,old_dimer_db,3E57,1,True
3E58,A,B,../../GraPPI_data/PDB/old_dimer_db/3E58.pdb,old_dimer_db,3E58,1,True
3E6D,A,B,../../GraPPI_data/PDB/old_dimer_db/3E6D.pdb,old_dimer_db,3E6D,1,True
3E8O,A,B,../../GraPPI_data/PDB/old_dimer_db/3E8O.pdb,old_dimer_db,3E8O,1,True
3E98,A,B,../../GraPPI_data/PDB/old_dimer_db/3E98.pdb,old_dimer_db,3E98,1,True
3EAG,A,B,../../GraPPI_data/PDB/old_dimer_db/3EAG.pdb,old_dimer_db,3EAG,1,True
3EDE,A,B,../../GraPPI_data/PDB/old_dimer_db/3EDE.pdb,old_dimer_db,3EDE,1,True
3EDN,A,B,../../GraPPI_data/PDB/old_dimer_db/3EDN.pdb,old_dimer_db,3EDN,1,True
3EDP,A,B,../../GraPPI_data/PDB/old_dimer_db/3EDP.pdb,old_dimer_db,3EDP,1,True
3EEA,A,B,../../GraPPI_data/PDB/old_dimer_db/3EEA.pdb,old_dimer_db,3EEA,1,True
3EES,A,B,../../GraPPI_data/PDB/old_dimer_db/3EES.pdb,old_dimer_db,3EES,4,True
3EFY,A,B,../../GraPPI_data/PDB/old_dimer_db/3EFY.pdb,old_dimer_db,3EFY,1,True
3EGJ,A,B,../../GraPPI_data/PDB/old_dimer_db/3EGJ.pdb,old_dimer_db,3EGJ,1,True
3EGO,A,B,../../GraPPI_data/PDB/old_dimer_db/3EGO.pdb,old_dimer_db,3EGO,1,True
3EHH,A,B,../../GraPPI_data/PDB/old_dimer_db/3EHH.pdb,old_dimer_db,3EHH,1,True
3EIP,A,B,../../GraPPI_data/PDB/old_dimer_db/3EIP.pdb,old_dimer_db,3EIP,1,True
3ENT,A,B,../../GraPPI_data/PDB/old_dimer_db/3ENT.pdb,old_dimer_db,3ENT,1,True
3EPO,A,B,../../GraPPI_data/PDB/old_dimer_db/3EPO.pdb,old_dimer_db,3EPO,1,True
3EQX,A,B,../../GraPPI_data/PDB/old_dimer_db/3EQX.pdb,old_dimer_db,3EQX,1,True
3ER7,A,B,../../GraPPI_data/PDB/old_dimer_db/3ER7.pdb,old_dimer_db,3ER7,1,True
3ES2,A,B,../../GraPPI_data/PDB/old_dimer_db/3ES2.pdb,old_dimer_db,3ES2,1,True
3ES4,A,B,../../GraPPI_data/PDB/old_dimer_db/3ES4.pdb,old_dimer_db,3ES4,2,True
3ETH,A,B,../../GraPPI_data/PDB/old_dimer_db/3ETH.pdb,old_dimer_db,3ETH,8,True
3EUS,A,B,../../GraPPI_data/PDB/old_dimer_db/3EUS.pdb,old_dimer_db,3EUS,1,True
3EYY,A,B,../../GraPPI_data/PDB/old_dimer_db/3EYY.pdb,old_dimer_db,3EYY,1,True
3EZ1,A,B,../../GraPPI_data/PDB/old_dimer_db/3EZ1.pdb,old_dimer_db,3EZ1,2,True
3EZ2,A,B,../../GraPPI_data/PDB/old_dimer_db/3EZ2.pdb,old_dimer_db,3EZ2,1,True
3EZH,A,B,../../GraPPI_data/PDB/old_dimer_db/3EZH.pdb,old_dimer_db,3EZH,1,True
3F08,A,B,../../GraPPI_data/PDB/old_dimer_db/3F08.pdb,old_dimer_db,3F08,1,True
3F13,A,B,../../GraPPI_data/PDB/old_dimer_db/3F13.pdb,old_dimer_db,3F13,1,True
3F1L,A,B,../../GraPPI_data/PDB/old_dimer_db/3F1L.pdb,old_dimer_db,3F1L,14,True
3F41,A,B,../../GraPPI_data/PDB/old_dimer_db/3F41.pdb,old_dimer_db,3F41,1,True
3F6A,A,B,../../GraPPI_data/PDB/old_dimer_db/3F6A.pdb,old_dimer_db,3F6A,1,True
3F6C,A,B,../../GraPPI_data/PDB/old_dimer_db/3F6C.pdb,old_dimer_db,3F6C,1,True
3F6T,A,B,../../GraPPI_data/PDB/old_dimer_db/3F6T.pdb,old_dimer_db,3F6T,1,True
3F7E,A,B,../../GraPPI_data/PDB/old_dimer_db/3F7E.pdb,old_dimer_db,3F7E,1,True
3F84,A,B,../../GraPPI_data/PDB/old_dimer_db/3F84.pdb,old_dimer_db,3F84,1,True
3F8H,A,B,../../GraPPI_data/PDB/old_dimer_db/3F8H.pdb,old_dimer_db,3F8H,1,True
3F8M,A,B,../../GraPPI_data/PDB/old_dimer_db/3F8M.pdb,old_dimer_db,3F8M,1,True
3F9U,A,B,../../GraPPI_data/PDB/old_dimer_db/3F9U.pdb,old_dimer_db,3F9U,1,True
3FA5,A,B,../../GraPPI_data/PDB/old_dimer_db/3FA5.pdb,old_dimer_db,3FA5,1,True
3FB9,A,B,../../GraPPI_data/PDB/old_dimer_db/3FB9.pdb,old_dimer_db,3FB9,1,True
3FBU,A,B,../../GraPPI_data/PDB/old_dimer_db/3FBU.pdb,old_dimer_db,3FBU,1,True
3FCD,A,B,../../GraPPI_data/PDB/old_dimer_db/3FCD.pdb,old_dimer_db,3FCD,1,True
3FCM,A,B,../../GraPPI_data/PDB/old_dimer_db/3FCM.pdb,old_dimer_db,3FCM,1,True
3FF0,A,B,../../GraPPI_data/PDB/old_dimer_db/3FF0.pdb,old_dimer_db,3FF0,2,True
3FGY,A,B,../../GraPPI_data/PDB/old_dimer_db/3FGY.pdb,old_dimer_db,3FGY,2,True
3FH3,A,B,../../GraPPI_data/PDB/old_dimer_db/3FH3.pdb,old_dimer_db,3FH3,1,True
3FIL,A,B,../../GraPPI_data/PDB/old_dimer_db/3FIL.pdb,old_dimer_db,3FIL,1,True
3FJV,A,B,../../GraPPI_data/PDB/old_dimer_db/3FJV.pdb,old_dimer_db,3FJV,1,True
3FJY,A,B,../../GraPPI_data/PDB/old_dimer_db/3FJY.pdb,old_dimer_db,3FJY,1,True
3FK9,A,B,../../GraPPI_data/PDB/old_dimer_db/3FK9.pdb,old_dimer_db,3FK9,1,True
3FKJ,A,B,../../GraPPI_data/PDB/old_dimer_db/3FKJ.pdb,old_dimer_db,3FKJ,1,True
3FM2,A,B,../../GraPPI_data/PDB/old_dimer_db/3FM2.pdb,old_dimer_db,3FM2,1,True
3FMB,A,B,../../GraPPI_data/PDB/old_dimer_db/3FMB.pdb,old_dimer_db,3FMB,1,True
3FNB,A,B,../../GraPPI_data/PDB/old_dimer_db/3FNB.pdb,old_dimer_db,3FNB,1,True
3FNC,A,B,../../GraPPI_data/PDB/old_dimer_db/3FNC.pdb,old_dimer_db,3FNC,1,True
3FPK,A,B,../../GraPPI_data/PDB/old_dimer_db/3FPK.pdb,old_dimer_db,3FPK,1,True
3FRQ,A,B,../../GraPPI_data/PDB/old_dimer_db/3FRQ.pdb,old_dimer_db,3FRQ,1,True
3FSE,A,B,../../GraPPI_data/PDB/old_dimer_db/3FSE.pdb,old_dimer_db,3FSE,1,True
3FV6,A,B,../../GraPPI_data/PDB/old_dimer_db/3FV6.pdb,old_dimer_db,3FV6,4,True
3FVQ,A,B,../../GraPPI_data/PDB/old_dimer_db/3FVQ.pdb,old_dimer_db,3FVQ,1,True
3FX3,A,B,../../GraPPI_data/PDB/old_dimer_db/3FX3.pdb,old_dimer_db,3FX3,1,True
3FYB,A,B,../../GraPPI_data/PDB/old_dimer_db/3FYB.pdb,old_dimer_db,3FYB,1,True
3FYF,A,B,../../GraPPI_data/PDB/old_dimer_db/3FYF.pdb,old_dimer_db,3FYF,1,True
3FZQ,A,B,../../GraPPI_data/PDB/old_dimer_db/3FZQ.pdb,old_dimer_db,3FZQ,1,True
3G05,A,B,../../GraPPI_data/PDB/old_dimer_db/3G05.pdb,old_dimer_db,3G05,1,True
3G12,A,B,../../GraPPI_data/PDB/old_dimer_db/3G12.pdb,old_dimer_db,3G12,1,True
3G13,A,B,../../GraPPI_data/PDB/old_dimer_db/3G13.pdb,old_dimer_db,3G13,1,True
3G16,A,B,../../GraPPI_data/PDB/old_dimer_db/3G16.pdb,old_dimer_db,3G16,1,True
3G23,A,B,../../GraPPI_data/PDB/old_dimer_db/3G23.pdb,old_dimer_db,3G23,1,True
3G2M,A,B,../../GraPPI_data/PDB/old_dimer_db/3G2M.pdb,old_dimer_db,3G2M,1,True
3G3Z,A,B,../../GraPPI_data/PDB/old_dimer_db/3G3Z.pdb,old_dimer_db,3G3Z,1,True
3G67,A,B,../../GraPPI_data/PDB/old_dimer_db/3G67.pdb,old_dimer_db,3G67,1,True
3G6O,A,B,../../GraPPI_data/PDB/old_dimer_db/3G6O.pdb,old_dimer_db,3G6O,1,True
3GAZ,A,B,../../GraPPI_data/PDB/old_dimer_db/3GAZ.pdb,old_dimer_db,3GAZ,1,True
3GBV,A,B,../../GraPPI_data/PDB/old_dimer_db/3GBV.pdb,old_dimer_db,3GBV,1,True
3GE6,A,B,../../GraPPI_data/PDB/old_dimer_db/3GE6.pdb,old_dimer_db,3GE6,5,True
3GFA,A,B,../../GraPPI_data/PDB/old_dimer_db/3GFA.pdb,old_dimer_db,3GFA,2,True
3GFF,A,B,../../GraPPI_data/PDB/old_dimer_db/3GFF.pdb,old_dimer_db,3GFF,1,True
3GFZ,A,B,../../GraPPI_data/PDB/old_dimer_db/3GFZ.pdb,old_dimer_db,3GFZ,1,True
3GGN,A,B,../../GraPPI_data/PDB/old_dimer_db/3GGN.pdb,old_dimer_db,3GGN,1,True
3GKX,A,B,../../GraPPI_data/PDB/old_dimer_db/3GKX.pdb,old_dimer_db,3GKX,1,True
3GMG,A,B,../../GraPPI_data/PDB/old_dimer_db/3GMG.pdb,old_dimer_db,3GMG,1,True
3GN5,A,B,../../GraPPI_data/PDB/old_dimer_db/3GN5.pdb,old_dimer_db,3GN5,1,True
3GO6,A,B,../../GraPPI_data/PDB/old_dimer_db/3GO6.pdb,old_dimer_db,3GO6,1,True
3GOC,A,B,../../GraPPI_data/PDB/old_dimer_db/3GOC.pdb,old_dimer_db,3GOC,1,True
3GPV,A,B,../../GraPPI_data/PDB/old_dimer_db/3GPV.pdb,old_dimer_db,3GPV,1,True
3GR3,A,B,../../GraPPI_data/PDB/old_dimer_db/3GR3.pdb,old_dimer_db,3GR3,1,True
3GRA,A,B,../../GraPPI_data/PDB/old_dimer_db/3GRA.pdb,old_dimer_db,3GRA,1,True
3GRZ,A,B,../../GraPPI_data/PDB/old_dimer_db/3GRZ.pdb,old_dimer_db,3GRZ,1,True
3GU3,A,B,../../GraPPI_data/PDB/old_dimer_db/3GU3.pdb,old_dimer_db,3GU3,1,True
3GUZ,A,B,../../GraPPI_data/PDB/old_dimer_db/3GUZ.pdb,old_dimer_db,3GUZ,1,True
3GW4,A,B,../../GraPPI_data/PDB/old_dimer_db/3GW4.pdb,old_dimer_db,3GW4,1,True
3GWQ,A,B,../../GraPPI_data/PDB/old_dimer_db/3GWQ.pdb,old_dimer_db,3GWQ,1,True
3GWY,A,B,../../GraPPI_data/PDB/old_dimer_db/3GWY.pdb,old_dimer_db,3GWY,1,True
3GYD,A,B,../../GraPPI_data/PDB/old_dimer_db/3GYD.pdb,old_dimer_db,3GYD,1,True
3GYQ,A,B,../../GraPPI_data/PDB/old_dimer_db/3GYQ.pdb,old_dimer_db,3GYQ,2,True
3GZ5,A,B,../../GraPPI_data/PDB/old_dimer_db/3GZ5.pdb,old_dimer_db,3GZ5,1,True
3GZA,A,B,../../GraPPI_data/PDB/old_dimer_db/3GZA.pdb,old_dimer_db,3GZA,1,True
3GZS,A,B,../../GraPPI_data/PDB/old_dimer_db/3GZS.pdb,old_dimer_db,3GZS,1,True
3H05,A,B,../../GraPPI_data/PDB/old_dimer_db/3H05.pdb,old_dimer_db,3H05,1,True
3H1N,A,B,../../GraPPI_data/PDB/old_dimer_db/3H1N.pdb,old_dimer_db,3H1N,1,True
3H2S,A,B,../../GraPPI_data/PDB/old_dimer_db/3H2S.pdb,old_dimer_db,3H2S,1,True
3H3M,A,B,../../GraPPI_data/PDB/old_dimer_db/3H3M.pdb,old_dimer_db,3H3M,1,True
3H7F,A,B,../../GraPPI_data/PDB/old_dimer_db/3H7F.pdb,old_dimer_db,3H7F,11,True
3H8U,A,B,../../GraPPI_data/PDB/old_dimer_db/3H8U.pdb,old_dimer_db,3H8U,3,True
3HA2,A,B,../../GraPPI_data/PDB/old_dimer_db/3HA2.pdb,old_dimer_db,3HA2,1,True
3HAM,A,B,../../GraPPI_data/PDB/old_dimer_db/3HAM.pdb,old_dimer_db,3HAM,1,True
3HG9,A,B,../../GraPPI_data/PDB/old_dimer_db/3HG9.pdb,old_dimer_db,3HG9,1,True
3HGU,A,B,../../GraPPI_data/PDB/old_dimer_db/3HGU.pdb,old_dimer_db,3HGU,1,True
3HHF,B,A,../../GraPPI_data/PDB/old_dimer_db/3HHF.pdb,old_dimer_db,3HHF,1,True
3HIM,A,B,../../GraPPI_data/PDB/old_dimer_db/3HIM.pdb,old_dimer_db,3HIM,3,True
3HIN,A,B,../../GraPPI_data/PDB/old_dimer_db/3HIN.pdb,old_dimer_db,3HIN,1,True
3HJ9,A,B,../../GraPPI_data/PDB/old_dimer_db/3HJ9.pdb,old_dimer_db,3HJ9,1,True
3HJG,A,B,../../GraPPI_data/PDB/old_dimer_db/3HJG.pdb,old_dimer_db,3HJG,1,True
3HJV,A,B,../../GraPPI_data/PDB/old_dimer_db/3HJV.pdb,old_dimer_db,3HJV,2,True
3HL6,A,B,../../GraPPI_data/PDB/old_dimer_db/3HL6.pdb,old_dimer_db,3HL6,1,True
3HLU,A,B,../../GraPPI_data/PDB/old_dimer_db/3HLU.pdb,old_dimer_db,3HLU,1,True
3HLX,A,D,../../GraPPI_data/PDB/old_dimer_db/3HLX.pdb,old_dimer_db,3HLX,1,True
3HN0,A,B,../../GraPPI_data/PDB/old_dimer_db/3HN0.pdb,old_dimer_db,3HN0,1,True
3HNW,A,B,../../GraPPI_data/PDB/old_dimer_db/3HNW.pdb,old_dimer_db,3HNW,1,True
3HPE,A,B,../../GraPPI_data/PDB/old_dimer_db/3HPE.pdb,old_dimer_db,3HPE,1,True
3HQ1,A,B,../../GraPPI_data/PDB/old_dimer_db/3HQ1.pdb,old_dimer_db,3HQ1,1,True
3HQ2,A,B,../../GraPPI_data/PDB/old_dimer_db/3HQ2.pdb,old_dimer_db,3HQ2,2,True
3HR7,A,B,../../GraPPI_data/PDB/old_dimer_db/3HR7.pdb,old_dimer_db,3HR7,1,True
3HT2,A,C,../../GraPPI_data/PDB/old_dimer_db/3HT2.pdb,old_dimer_db,3HT2,1,True
3HTJ,A,B,../../GraPPI_data/PDB/old_dimer_db/3HTJ.pdb,old_dimer_db,3HTJ,1,True
3HTR,A,B,../../GraPPI_data/PDB/old_dimer_db/3HTR.pdb,old_dimer_db,3HTR,1,True
3HU5,A,B,../../GraPPI_data/PDB/old_dimer_db/3HU5.pdb,old_dimer_db,3HU5,1,True
3HV1,A,B,../../GraPPI_data/PDB/old_dimer_db/3HV1.pdb,old_dimer_db,3HV1,1,True
3HWW,A,D,../../GraPPI_data/PDB/old_dimer_db/3HWW.pdb,old_dimer_db,3HWW,1,True
3HXS,A,B,../../GraPPI_data/PDB/old_dimer_db/3HXS.pdb,old_dimer_db,3HXS,1,True
3I07,A,B,../../GraPPI_data/PDB/old_dimer_db/3I07.pdb,old_dimer_db,3I07,10,True
3I0Z,A,B,../../GraPPI_data/PDB/old_dimer_db/3I0Z.pdb,old_dimer_db,3I0Z,1,True
3I23,A,B,../../GraPPI_data/PDB/old_dimer_db/3I23.pdb,old_dimer_db,3I23,2,True
3I7D,A,B,../../GraPPI_data/PDB/old_dimer_db/3I7D.pdb,old_dimer_db,3I7D,1,True
3I83,A,B,../../GraPPI_data/PDB/old_dimer_db/3I83.pdb,old_dimer_db,3I83,2,True
3I8N,A,B,../../GraPPI_data/PDB/old_dimer_db/3I8N.pdb,old_dimer_db,3I8N,1,True
3IA1,A,B,../../GraPPI_data/PDB/old_dimer_db/3IA1.pdb,old_dimer_db,3IA1,1,True
3IA7,A,B,../../GraPPI_data/PDB/old_dimer_db/3IA7.pdb,old_dimer_db,3IA7,1,True
3IBW,A,B,../../GraPPI_data/PDB/old_dimer_db/3IBW.pdb,old_dimer_db,3IBW,1,True
3IC7,A,B,../../GraPPI_data/PDB/old_dimer_db/3IC7.pdb,old_dimer_db,3IC7,1,True
3ICA,A,B,../../GraPPI_data/PDB/old_dimer_db/3ICA.pdb,old_dimer_db,3ICA,1,True
3ID3,A,B,../../GraPPI_data/PDB/old_dimer_db/3ID3.pdb,old_dimer_db,3ID3,1,True
3ID9,A,B,../../GraPPI_data/PDB/old_dimer_db/3ID9.pdb,old_dimer_db,3ID9,1,True
3IDF,A,B,../../GraPPI_data/PDB/old_dimer_db/3IDF.pdb,old_dimer_db,3IDF,1,True
3IGF,A,B,../../GraPPI_data/PDB/old_dimer_db/3IGF.pdb,old_dimer_db,3IGF,1,True
3IGR,A,B,../../GraPPI_data/PDB/old_dimer_db/3IGR.pdb,old_dimer_db,3IGR,1,True
3IHM,A,B,../../GraPPI_data/PDB/old_dimer_db/3IHM.pdb,old_dimer_db,3IHM,1,True
3IHT,A,B,../../GraPPI_data/PDB/old_dimer_db/3IHT.pdb,old_dimer_db,3IHT,1,True
3IJD,A,B,../../GraPPI_data/PDB/old_dimer_db/3IJD.pdb,old_dimer_db,3IJD,1,True
3IJL,A,B,../../GraPPI_data/PDB/old_dimer_db/3IJL.pdb,old_dimer_db,3IJL,1,True
3IJM,A,B,../../GraPPI_data/PDB/old_dimer_db/3IJM.pdb,old_dimer_db,3IJM,1,True
3IJT,A,B,../../GraPPI_data/PDB/old_dimer_db/3IJT.pdb,old_dimer_db,3IJT,1,True
3ILK,A,B,../../GraPPI_data/PDB/old_dimer_db/3ILK.pdb,old_dimer_db,3ILK,1,True
3ILW,A,B,../../GraPPI_data/PDB/old_dimer_db/3ILW.pdb,old_dimer_db,3ILW,1,True
3IPF,A,B,../../GraPPI_data/PDB/old_dimer_db/3IPF.pdb,old_dimer_db,3IPF,1,True
3IPO,A,B,../../GraPPI_data/PDB/old_dimer_db/3IPO.pdb,old_dimer_db,3IPO,1,True
3IS6,A,B,../../GraPPI_data/PDB/old_dimer_db/3IS6.pdb,old_dimer_db,3IS6,1,True
3ITQ,A,B,../../GraPPI_data/PDB/old_dimer_db/3ITQ.pdb,old_dimer_db,3ITQ,1,True
3IUO,A,B,../../GraPPI_data/PDB/old_dimer_db/3IUO.pdb,old_dimer_db,3IUO,1,True
3IUP,A,B,../../GraPPI_data/PDB/old_dimer_db/3IUP.pdb,old_dimer_db,3IUP,1,True
3IUW,A,B,../../GraPPI_data/PDB/old_dimer_db/3IUW.pdb,old_dimer_db,3IUW,1,True
3IVR,A,B,../../GraPPI_data/PDB/old_dimer_db/3IVR.pdb,old_dimer_db,3IVR,1,True
3IWF,A,B,../../GraPPI_data/PDB/old_dimer_db/3IWF.pdb,old_dimer_db,3IWF,1,True
3IWG,A,B,../../GraPPI_data/PDB/old_dimer_db/3IWG.pdb,old_dimer_db,3IWG,1,True
3IX1,A,B,../../GraPPI_data/PDB/old_dimer_db/3IX1.pdb,old_dimer_db,3IX1,1,True
3IX3,A,B,../../GraPPI_data/PDB/old_dimer_db/3IX3.pdb,old_dimer_db,3IX3,1,True
3IX7,A,B,../../GraPPI_data/PDB/old_dimer_db/3IX7.pdb,old_dimer_db,3IX7,1,True
3IX9,A,B,../../GraPPI_data/PDB/old_dimer_db/3IX9.pdb,old_dimer_db,3IX9,1,True
3JSL,A,B,../../GraPPI_data/PDB/old_dimer_db/3JSL.pdb,old_dimer_db,3JSL,1,True
3JX9,A,B,../../GraPPI_data/PDB/old_dimer_db/3JX9.pdb,old_dimer_db,3JX9,1,True
3JXO,A,B,../../GraPPI_data/PDB/old_dimer_db/3JXO.pdb,old_dimer_db,3JXO,3,True
3JZ0,A,B,../../GraPPI_data/PDB/old_dimer_db/3JZ0.pdb,old_dimer_db,3JZ0,1,True
3JZ3,A,B,../../GraPPI_data/PDB/old_dimer_db/3JZ3.pdb,old_dimer_db,3JZ3,1,True
3K0Z,A,B,../../GraPPI_data/PDB/old_dimer_db/3K0Z.pdb,old_dimer_db,3K0Z,3,True
3K2N,A,B,../../GraPPI_data/PDB/old_dimer_db/3K2N.pdb,old_dimer_db,3K2N,1,True
3K2Z,A,B,../../GraPPI_data/PDB/old_dimer_db/3K2Z.pdb,old_dimer_db,3K2Z,1,True
3K6H,A,B,../../GraPPI_data/PDB/old_dimer_db/3K6H.pdb,old_dimer_db,3K6H,1,True
3K6Z,A,B,../../GraPPI_data/PDB/old_dimer_db/3K6Z.pdb,old_dimer_db,3K6Z,1,True
3K7T,A,B,../../GraPPI_data/PDB/old_dimer_db/3K7T.pdb,old_dimer_db,3K7T,1,True
3K85,A,B,../../GraPPI_data/PDB/old_dimer_db/3K85.pdb,old_dimer_db,3K85,1,True
3K8R,A,B,../../GraPPI_data/PDB/old_dimer_db/3K8R.pdb,old_dimer_db,3K8R,1,True
3K94,A,B,../../GraPPI_data/PDB/old_dimer_db/3K94.pdb,old_dimer_db,3K94,1,True
3KB2,A,B,../../GraPPI_data/PDB/old_dimer_db/3KB2.pdb,old_dimer_db,3KB2,1,True
3KBY,A,B,../../GraPPI_data/PDB/old_dimer_db/3KBY.pdb,old_dimer_db,3KBY,1,True
3KD6,A,B,../../GraPPI_data/PDB/old_dimer_db/3KD6.pdb,old_dimer_db,3KD6,1,True
3KDG,A,B,../../GraPPI_data/PDB/old_dimer_db/3KDG.pdb,old_dimer_db,3KDG,1,True
3KE7,A,B,../../GraPPI_data/PDB/old_dimer_db/3KE7.pdb,old_dimer_db,3KE7,1,True
3KGK,A,B,../../GraPPI_data/PDB/old_dimer_db/3KGK.pdb,old_dimer_db,3KGK,1,True
3KGY,A,B,../../GraPPI_data/PDB/old_dimer_db/3KGY.pdb,old_dimer_db,3KGY,1,True
3KGZ,A,B,../../GraPPI_data/PDB/old_dimer_db/3KGZ.pdb,old_dimer_db,3KGZ,2,True
3KH1,A,B,../../GraPPI_data/PDB/old_dimer_db/3KH1.pdb,old_dimer_db,3KH1,1,True
3KMH,A,B,../../GraPPI_data/PDB/old_dimer_db/3KMH.pdb,old_dimer_db,3KMH,1,True
3KMI,A,B,../../GraPPI_data/PDB/old_dimer_db/3KMI.pdb,old_dimer_db,3KMI,1,True
3KNG,A,B,../../GraPPI_data/PDB/old_dimer_db/3KNG.pdb,old_dimer_db,3KNG,3,True
3KPH,A,B,../../GraPPI_data/PDB/old_dimer_db/3KPH.pdb,old_dimer_db,3KPH,1,True
3KSM,A,B,../../GraPPI_data/PDB/old_dimer_db/3KSM.pdb,old_dimer_db,3KSM,1,True
3KSU,A,B,../../GraPPI_data/PDB/old_dimer_db/3KSU.pdb,old_dimer_db,3KSU,1,True
3KU7,A,B,../../GraPPI_data/PDB/old_dimer_db/3KU7.pdb,old_dimer_db,3KU7,1,True
3KUV,A,B,../../GraPPI_data/PDB/old_dimer_db/3KUV.pdb,old_dimer_db,3KUV,1,True
3KWR,A,B,../../GraPPI_data/PDB/old_dimer_db/3KWR.pdb,old_dimer_db,3KWR,1,True
3KWS,A,B,../../GraPPI_data/PDB/old_dimer_db/3KWS.pdb,old_dimer_db,3KWS,1,True
3KY8,A,B,../../GraPPI_data/PDB/old_dimer_db/3KY8.pdb,old_dimer_db,3KY8,3,True
3KYG,A,B,../../GraPPI_data/PDB/old_dimer_db/3KYG.pdb,old_dimer_db,3KYG,1,True
3KZP,A,B,../../GraPPI_data/PDB/old_dimer_db/3KZP.pdb,old_dimer_db,3KZP,1,True
3KZT,A,B,../../GraPPI_data/PDB/old_dimer_db/3KZT.pdb,old_dimer_db,3KZT,1,True
3L0D,A,B,../../GraPPI_data/PDB/old_dimer_db/3L0D.pdb,old_dimer_db,3L0D,2,True
3L0O,A,B,../../GraPPI_data/PDB/old_dimer_db/3L0O.pdb,old_dimer_db,3L0O,1,True
3L0Q,A,B,../../GraPPI_data/PDB/old_dimer_db/3L0Q.pdb,old_dimer_db,3L0Q,1,True
3L12,A,B,../../GraPPI_data/PDB/old_dimer_db/3L12.pdb,old_dimer_db,3L12,1,True
3L2B,A,B,../../GraPPI_data/PDB/old_dimer_db/3L2B.pdb,old_dimer_db,3L2B,1,True
3L3B,A,B,../../GraPPI_data/PDB/old_dimer_db/3L3B.pdb,old_dimer_db,3L3B,2,True
3L6U,A,B,../../GraPPI_data/PDB/old_dimer_db/3L6U.pdb,old_dimer_db,3L6U,1,True
3L76,A,B,../../GraPPI_data/PDB/old_dimer_db/3L76.pdb,old_dimer_db,3L76,1,True
3LAC,A,B,../../GraPPI_data/PDB/old_dimer_db/3LAC.pdb,old_dimer_db,3LAC,2,True
3LAG,A,B,../../GraPPI_data/PDB/old_dimer_db/3LAG.pdb,old_dimer_db,3LAG,1,True
3LAS,A,B,../../GraPPI_data/PDB/old_dimer_db/3LAS.pdb,old_dimer_db,3LAS,1,True
3LIS,A,B,../../GraPPI_data/PDB/old_dimer_db/3LIS.pdb,old_dimer_db,3LIS,1,True
3LJL,A,B,../../GraPPI_data/PDB/old_dimer_db/3LJL.pdb,old_dimer_db,3LJL,1,True
3LKB,A,B,../../GraPPI_data/PDB/old_dimer_db/3LKB.pdb,old_dimer_db,3LKB,1,True
3LKL,A,B,../../GraPPI_data/PDB/old_dimer_db/3LKL.pdb,old_dimer_db,3LKL,1,True
3LL3,A,B,../../GraPPI_data/PDB/old_dimer_db/3LL3.pdb,old_dimer_db,3LL3,3,True
3LM2,A,B,../../GraPPI_data/PDB/old_dimer_db/3LM2.pdb,old_dimer_db,3LM2,1,True
3LM6,A,B,../../GraPPI_data/PDB/old_dimer_db/3LM6.pdb,old_dimer_db,3LM6,1,True
3LM7,A,B,../../GraPPI_data/PDB/old_dimer_db/3LM7.pdb,old_dimer_db,3LM7,1,True
3LN7,A,B,../../GraPPI_data/PDB/old_dimer_db/3LN7.pdb,old_dimer_db,3LN7,1,True
3LNC,A,B,../../GraPPI_data/PDB/old_dimer_db/3LNC.pdb,old_dimer_db,3LNC,1,True
3LSJ,A,B,../../GraPPI_data/PDB/old_dimer_db/3LSJ.pdb,old_dimer_db,3LSJ,1,True
3LTO,A,B,../../GraPPI_data/PDB/old_dimer_db/3LTO.pdb,old_dimer_db,3LTO,1,True
3LU2,A,B,../../GraPPI_data/PDB/old_dimer_db/3LU2.pdb,old_dimer_db,3LU2,2,True
3LUF,A,B,../../GraPPI_data/PDB/old_dimer_db/3LUF.pdb,old_dimer_db,3LUF,1,True
3LW3,A,B,../../GraPPI_data/PDB/old_dimer_db/3LW3.pdb,old_dimer_db,3LW3,2,True
3LYD,A,B,../../GraPPI_data/PDB/old_dimer_db/3LYD.pdb,old_dimer_db,3LYD,1,True
3LYH,A,B,../../GraPPI_data/PDB/old_dimer_db/3LYH.pdb,old_dimer_db,3LYH,1,True
3LZ8,A,B,../../GraPPI_data/PDB/old_dimer_db/3LZ8.pdb,old_dimer_db,3LZ8,1,True
3M1U,A,B,../../GraPPI_data/PDB/old_dimer_db/3M1U.pdb,old_dimer_db,3M1U,1,True
3M8J,A,B,../../GraPPI_data/PDB/old_dimer_db/3M8J.pdb,old_dimer_db,3M8J,1,True
3M92,A,B,../../GraPPI_data/PDB/old_dimer_db/3M92.pdb,old_dimer_db,3M92,1,True
3M9Y,A,B,../../GraPPI_data/PDB/old_dimer_db/3M9Y.pdb,old_dimer_db,3M9Y,11,True
3MCZ,A,B,../../GraPPI_data/PDB/old_dimer_db/3MCZ.pdb,old_dimer_db,3MCZ,1,True
3MDO,A,B,../../GraPPI_data/PDB/old_dimer_db/3MDO.pdb,old_dimer_db,3MDO,1,True
3MEX,A,B,../../GraPPI_data/PDB/old_dimer_db/3MEX.pdb,old_dimer_db,3MEX,1,True
3MF2,A,B,../../GraPPI_data/PDB/old_dimer_db/3MF2.pdb,old_dimer_db,3MF2,1,True
3MGC,A,B,../../GraPPI_data/PDB/old_dimer_db/3MGC.pdb,old_dimer_db,3MGC,1,True
3MHE,A,B,../../GraPPI_data/PDB/old_dimer_db/3MHE.pdb,old_dimer_db,3MHE,6,True
3MHX,A,B,../../GraPPI_data/PDB/old_dimer_db/3MHX.pdb,old_dimer_db,3MHX,1,True
3MJQ,A,B,../../GraPPI_data/PDB/old_dimer_db/3MJQ.pdb,old_dimer_db,3MJQ,1,True
3MLA,A,B,../../GraPPI_data/PDB/old_dimer_db/3MLA.pdb,old_dimer_db,3MLA,1,True
3MMJ,A,B,../../GraPPI_data/PDB/old_dimer_db/3MMJ.pdb,old_dimer_db,3MMJ,1,True
3MOL,A,B,../../GraPPI_data/PDB/old_dimer_db/3MOL.pdb,old_dimer_db,3MOL,1,True
3MQ0,A,B,../../GraPPI_data/PDB/old_dimer_db/3MQ0.pdb,old_dimer_db,3MQ0,1,True
3MQQ,A,B,../../GraPPI_data/PDB/old_dimer_db/3MQQ.pdb,old_dimer_db,3MQQ,1,True
3MTQ,A,B,../../GraPPI_data/PDB/old_dimer_db/3MTQ.pdb,old_dimer_db,3MTQ,1,True
3MUQ,A,B,../../GraPPI_data/PDB/old_dimer_db/3MUQ.pdb,old_dimer_db,3MUQ,1,True
3MUX,A,B,../../GraPPI_data/PDB/old_dimer_db/3MUX.pdb,old_dimer_db,3MUX,1,True
3MVE,A,B,../../GraPPI_data/PDB/old_dimer_db/3MVE.pdb,old_dimer_db,3MVE,1,True
3MVP,A,B,../../GraPPI_data/PDB/old_dimer_db/3MVP.pdb,old_dimer_db,3MVP,1,True
3MYO,A,B,../../GraPPI_data/PDB/old_dimer_db/3MYO.pdb,old_dimer_db,3MYO,1,True
3MZ2,A,B,../../GraPPI_data/PDB/old_dimer_db/3MZ2.pdb,old_dimer_db,3MZ2,1,True
3N05,A,B,../../GraPPI_data/PDB/old_dimer_db/3N05.pdb,old_dimer_db,3N05,1,True
3N08,A,B,../../GraPPI_data/PDB/old_dimer_db/3N08.pdb,old_dimer_db,3N08,1,True
3N10,A,B,../../GraPPI_data/PDB/old_dimer_db/3N10.pdb,old_dimer_db,3N10,2,True
3N7D,A,B,../../GraPPI_data/PDB/old_dimer_db/3N7D.pdb,old_dimer_db,3N7D,1,True
3N8B,A,B,../../GraPPI_data/PDB/old_dimer_db/3N8B.pdb,old_dimer_db,3N8B,1,True
3NA5,A,B,../../GraPPI_data/PDB/old_dimer_db/3NA5.pdb,old_dimer_db,3NA5,2,True
3NAS,A,B,../../GraPPI_data/PDB/old_dimer_db/3NAS.pdb,old_dimer_db,3NAS,1,True
3NAT,A,B,../../GraPPI_data/PDB/old_dimer_db/3NAT.pdb,old_dimer_db,3NAT,1,True
3NCV,A,B,../../GraPPI_data/PDB/old_dimer_db/3NCV.pdb,old_dimer_db,3NCV,1,True
3ND0,A,B,../../GraPPI_data/PDB/old_dimer_db/3ND0.pdb,old_dimer_db,3ND0,1,True
3ND1,A,B,../../GraPPI_data/PDB/old_dimer_db/3ND1.pdb,old_dimer_db,3ND1,1,True
3NI7,A,B,../../GraPPI_data/PDB/old_dimer_db/3NI7.pdb,old_dimer_db,3NI7,1,True
3NJ2,A,B,../../GraPPI_data/PDB/old_dimer_db/3NJ2.pdb,old_dimer_db,3NJ2,1,True
3NJC,A,B,../../GraPPI_data/PDB/old_dimer_db/3NJC.pdb,old_dimer_db,3NJC,1,True
3NJD,A,B,../../GraPPI_data/PDB/old_dimer_db/3NJD.pdb,old_dimer_db,3NJD,1,True
3NKL,A,B,../../GraPPI_data/PDB/old_dimer_db/3NKL.pdb,old_dimer_db,3NKL,1,True
3NO7,A,B,../../GraPPI_data/PDB/old_dimer_db/3NO7.pdb,old_dimer_db,3NO7,1,True
3NOQ,A,B,../../GraPPI_data/PDB/old_dimer_db/3NOQ.pdb,old_dimer_db,3NOQ,1,True
3NPI,A,B,../../GraPPI_data/PDB/old_dimer_db/3NPI.pdb,old_dimer_db,3NPI,1,True
3NPP,A,B,../../GraPPI_data/PDB/old_dimer_db/3NPP.pdb,old_dimer_db,3NPP,1,True
3NQB,A,B,../../GraPPI_data/PDB/old_dimer_db/3NQB.pdb,old_dimer_db,3NQB,1,True
3NQN,A,B,../../GraPPI_data/PDB/old_dimer_db/3NQN.pdb,old_dimer_db,3NQN,1,True
3NQO,A,B,../../GraPPI_data/PDB/old_dimer_db/3NQO.pdb,old_dimer_db,3NQO,1,True
3NR7,A,B,../../GraPPI_data/PDB/old_dimer_db/3NR7.pdb,old_dimer_db,3NR7,1,True
3NRH,A,B,../../GraPPI_data/PDB/old_dimer_db/3NRH.pdb,old_dimer_db,3NRH,1,True
3NRL,A,B,../../GraPPI_data/PDB/old_dimer_db/3NRL.pdb,old_dimer_db,3NRL,1,True
3NTL,A,B,../../GraPPI_data/PDB/old_dimer_db/3NTL.pdb,old_dimer_db,3NTL,1,True
3NVO,A,B,../../GraPPI_data/PDB/old_dimer_db/3NVO.pdb,old_dimer_db,3NVO,1,True
3NYM,A,B,../../GraPPI_data/PDB/old_dimer_db/3NYM.pdb,old_dimer_db,3NYM,1,True
3NZP,A,B,../../GraPPI_data/PDB/old_dimer_db/3NZP.pdb,old_dimer_db,3NZP,1,True
3O0L,A,B,../../GraPPI_data/PDB/old_dimer_db/3O0L.pdb,old_dimer_db,3O0L,1,True
3O1L,A,B,../../GraPPI_data/PDB/old_dimer_db/3O1L.pdb,old_dimer_db,3O1L,1,True
3O39,A,B,../../GraPPI_data/PDB/old_dimer_db/3O39.pdb,old_dimer_db,3O39,2,True
3O3P,A,B,../../GraPPI_data/PDB/old_dimer_db/3O3P.pdb,old_dimer_db,3O3P,1,True
3O60,A,B,../../GraPPI_data/PDB/old_dimer_db/3O60.pdb,old_dimer_db,3O60,1,True
3O6V,A,B,../../GraPPI_data/PDB/old_dimer_db/3O6V.pdb,old_dimer_db,3O6V,1,True
3O7O,A,B,../../GraPPI_data/PDB/old_dimer_db/3O7O.pdb,old_dimer_db,3O7O,1,True
3O9O,A,B,../../GraPPI_data/PDB/old_dimer_db/3O9O.pdb,old_dimer_db,3O9O,4,True
3OCA,A,B,../../GraPPI_data/PDB/old_dimer_db/3OCA.pdb,old_dimer_db,3OCA,1,True
3OF5,A,B,../../GraPPI_data/PDB/old_dimer_db/3OF5.pdb,old_dimer_db,3OF5,1,True
3OHE,A,B,../../GraPPI_data/PDB/old_dimer_db/3OHE.pdb,old_dimer_db,3OHE,3,True
3OL3,A,B,../../GraPPI_data/PDB/old_dimer_db/3OL3.pdb,old_dimer_db,3OL3,1,True
3ON3,A,B,../../GraPPI_data/PDB/old_dimer_db/3ON3.pdb,old_dimer_db,3ON3,1,True
3OOC,A,B,../../GraPPI_data/PDB/old_dimer_db/3OOC.pdb,old_dimer_db,3OOC,1,True
3OOO,A,B,../../GraPPI_data/PDB/old_dimer_db/3OOO.pdb,old_dimer_db,3OOO,1,True
3OOV,A,B,../../GraPPI_data/PDB/old_dimer_db/3OOV.pdb,old_dimer_db,3OOV,1,True
3OP6,A,B,../../GraPPI_data/PDB/old_dimer_db/3OP6.pdb,old_dimer_db,3OP6,1,True
3OPC,A,B,../../GraPPI_data/PDB/old_dimer_db/3OPC.pdb,old_dimer_db,3OPC,1,True
3OQP,A,B,../../GraPPI_data/PDB/old_dimer_db/3OQP.pdb,old_dimer_db,3OQP,4,True
3OT2,A,B,../../GraPPI_data/PDB/old_dimer_db/3OT2.pdb,old_dimer_db,3OT2,1,True
3OXP,A,B,../../GraPPI_data/PDB/old_dimer_db/3OXP.pdb,old_dimer_db,3OXP,1,True
3P1V,A,B,../../GraPPI_data/PDB/old_dimer_db/3P1V.pdb,old_dimer_db,3P1V,1,True
3P2C,A,B,../../GraPPI_data/PDB/old_dimer_db/3P2C.pdb,old_dimer_db,3P2C,3,True
3P3A,A,B,../../GraPPI_data/PDB/old_dimer_db/3P3A.pdb,old_dimer_db,3P3A,1,True
3P5N,A,B,../../GraPPI_data/PDB/old_dimer_db/3P5N.pdb,old_dimer_db,3P5N,1,True
3P9V,A,B,../../GraPPI_data/PDB/old_dimer_db/3P9V.pdb,old_dimer_db,3P9V,1,True
3PET,A,B,../../GraPPI_data/PDB/old_dimer_db/3PET.pdb,old_dimer_db,3PET,1,True
3PFB,A,B,../../GraPPI_data/PDB/old_dimer_db/3PFB.pdb,old_dimer_db,3PFB,2,True
3PFI,A,B,../../GraPPI_data/PDB/old_dimer_db/3PFI.pdb,old_dimer_db,3PFI,1,True
3PFO,A,B,../../GraPPI_data/PDB/old_dimer_db/3PFO.pdb,old_dimer_db,3PFO,1,True
3PG8,A,B,../../GraPPI_data/PDB/old_dimer_db/3PG8.pdb,old_dimer_db,3PG8,1,True
3PGZ,A,B,../../GraPPI_data/PDB/old_dimer_db/3PGZ.pdb,old_dimer_db,3PGZ,3,True
3PIJ,A,B,../../GraPPI_data/PDB/old_dimer_db/3PIJ.pdb,old_dimer_db,3PIJ,1,True
3PJV,D,F,../../GraPPI_data/PDB/old_dimer_db/3PJV.pdb,old_dimer_db,3PJV,1,True
3PJY,A,B,../../GraPPI_data/PDB/old_dimer_db/3PJY.pdb,old_dimer_db,3PJY,1,True
3PJZ,A,B,../../GraPPI_data/PDB/old_dimer_db/3PJZ.pdb,old_dimer_db,3PJZ,1,True
3PM7,A,B,../../GraPPI_data/PDB/old_dimer_db/3PM7.pdb,old_dimer_db,3PM7,2,True
3PNY,A,B,../../GraPPI_data/PDB/old_dimer_db/3PNY.pdb,old_dimer_db,3PNY,1,True
3PPB,A,B,../../GraPPI_data/PDB/old_dimer_db/3PPB.pdb,old_dimer_db,3PPB,1,True
3PSS,A,B,../../GraPPI_data/PDB/old_dimer_db/3PSS.pdb,old_dimer_db,3PSS,2,True
3PU9,A,B,../../GraPPI_data/PDB/old_dimer_db/3PU9.pdb,old_dimer_db,3PU9,1,True
3PUH,A,B,../../GraPPI_data/PDB/old_dimer_db/3PUH.pdb,old_dimer_db,3PUH,1,True
3PWX,A,B,../../GraPPI_data/PDB/old_dimer_db/3PWX.pdb,old_dimer_db,3PWX,1,True
3PZJ,A,B,../../GraPPI_data/PDB/old_dimer_db/3PZJ.pdb,old_dimer_db,3PZJ,3,True
3Q0V,A,B,../../GraPPI_data/PDB/old_dimer_db/3Q0V.pdb,old_dimer_db,3Q0V,1,True
3Q1P,A,B,../../GraPPI_data/PDB/old_dimer_db/3Q1P.pdb,old_dimer_db,3Q1P,1,True
3Q20,A,B,../../GraPPI_data/PDB/old_dimer_db/3Q20.pdb,old_dimer_db,3Q20,3,True
3Q2J,A,B,../../GraPPI_data/PDB/old_dimer_db/3Q2J.pdb,old_dimer_db,3Q2J,1,True
3Q7R,A,B,../../GraPPI_data/PDB/old_dimer_db/3Q7R.pdb,old_dimer_db,3Q7R,1,True
3Q80,A,B,../../GraPPI_data/PDB/old_dimer_db/3Q80.pdb,old_dimer_db,3Q80,11,True
3QBX,A,B,../../GraPPI_data/PDB/old_dimer_db/3QBX.pdb,old_dimer_db,3QBX,1,True
3QFG,A,B,../../GraPPI_data/PDB/old_dimer_db/3QFG.pdb,old_dimer_db,3QFG,1,True
3QFM,A,B,../../GraPPI_data/PDB/old_dimer_db/3QFM.pdb,old_dimer_db,3QFM,1,True
3QHA,A,B,../../GraPPI_data/PDB/old_dimer_db/3QHA.pdb,old_dimer_db,3QHA,1,True
3QK6,A,B,../../GraPPI_data/PDB/old_dimer_db/3QK6.pdb,old_dimer_db,3QK6,1,True
3QKX,A,B,../../GraPPI_data/PDB/old_dimer_db/3QKX.pdb,old_dimer_db,3QKX,1,True
3QOE,A,B,../../GraPPI_data/PDB/old_dimer_db/3QOE.pdb,old_dimer_db,3QOE,1,True
3QS2,A,B,../../GraPPI_data/PDB/old_dimer_db/3QS2.pdb,old_dimer_db,3QS2,1,True
3QT5,A,B,../../GraPPI_data/PDB/old_dimer_db/3QT5.pdb,old_dimer_db,3QT5,3,True
3QTH,A,B,../../GraPPI_data/PDB/old_dimer_db/3QTH.pdb,old_dimer_db,3QTH,1,True
3QU1,A,B,../../GraPPI_data/PDB/old_dimer_db/3QU1.pdb,old_dimer_db,3QU1,1,True
3QUA,A,B,../../GraPPI_data/PDB/old_dimer_db/3QUA.pdb,old_dimer_db,3QUA,1,True
3QWU,A,B,../../GraPPI_data/PDB/old_dimer_db/3QWU.pdb,old_dimer_db,3QWU,1,True
3QYY,A,B,../../GraPPI_data/PDB/old_dimer_db/3QYY.pdb,old_dimer_db,3QYY,1,True
3R0J,A,B,../../GraPPI_data/PDB/old_dimer_db/3R0J.pdb,old_dimer_db,3R0J,1,True
3R12,A,B,../../GraPPI_data/PDB/old_dimer_db/3R12.pdb,old_dimer_db,3R12,5,True
3R2T,A,B,../../GraPPI_data/PDB/old_dimer_db/3R2T.pdb,old_dimer_db,3R2T,1,True
3R3H,A,B,../../GraPPI_data/PDB/old_dimer_db/3R3H.pdb,old_dimer_db,3R3H,9,True
3R40,A,B,../../GraPPI_data/PDB/old_dimer_db/3R40.pdb,old_dimer_db,3R40,2,True
3R89,A,B,../../GraPPI_data/PDB/old_dimer_db/3R89.pdb,old_dimer_db,3R89,1,True
3R8C,A,B,../../GraPPI_data/PDB/old_dimer_db/3R8C.pdb,old_dimer_db,3R8C,1,True
3R9P,A,B,../../GraPPI_data/PDB/old_dimer_db/3R9P.pdb,old_dimer_db,3R9P,1,True
3RAO,A,B,../../GraPPI_data/PDB/old_dimer_db/3RAO.pdb,old_dimer_db,3RAO,1,True
3RD6,A,B,../../GraPPI_data/PDB/old_dimer_db/3RD6.pdb,old_dimer_db,3RD6,3,True
3RD7,A,B,../../GraPPI_data/PDB/old_dimer_db/3RD7.pdb,old_dimer_db,3RD7,6,True
3RGC,A,B,../../GraPPI_data/PDB/old_dimer_db/3RGC.pdb,old_dimer_db,3RGC,1,True
3RMJ,A,B,../../GraPPI_data/PDB/old_dimer_db/3RMJ.pdb,old_dimer_db,3RMJ,2,True
3RNR,A,B,../../GraPPI_data/PDB/old_dimer_db/3RNR.pdb,old_dimer_db,3RNR,1,True
3ROT,A,B,../../GraPPI_data/PDB/old_dimer_db/3ROT.pdb,old_dimer_db,3ROT,1,True
3RPE,A,B,../../GraPPI_data/PDB/old_dimer_db/3RPE.pdb,old_dimer_db,3RPE,2,True
3RPJ,A,B,../../GraPPI_data/PDB/old_dimer_db/3RPJ.pdb,old_dimer_db,3RPJ,1,True
3RQ9,A,B,../../GraPPI_data/PDB/old_dimer_db/3RQ9.pdb,old_dimer_db,3RQ9,1,True
3RRS,A,B,../../GraPPI_data/PDB/old_dimer_db/3RRS.pdb,old_dimer_db,3RRS,3,True
3RTK,A,B,../../GraPPI_data/PDB/old_dimer_db/3RTK.pdb,old_dimer_db,3RTK,1,True
3RZA,A,B,../../GraPPI_data/PDB/old_dimer_db/3RZA.pdb,old_dimer_db,3RZA,2,True
3S5R,A,B,../../GraPPI_data/PDB/old_dimer_db/3S5R.pdb,old_dimer_db,3S5R,1,True
3S5S,A,B,../../GraPPI_data/PDB/old_dimer_db/3S5S.pdb,old_dimer_db,3S5S,3,True
3SBU,A,B,../../GraPPI_data/PDB/old_dimer_db/3SBU.pdb,old_dimer_db,3SBU,1,True
3SDO,A,B,../../GraPPI_data/PDB/old_dimer_db/3SDO.pdb,old_dimer_db,3SDO,5,True
3SEO,A,B,../../GraPPI_data/PDB/old_dimer_db/3SEO.pdb,old_dimer_db,3SEO,1,True
3SK2,A,B,../../GraPPI_data/PDB/old_dimer_db/3SK2.pdb,old_dimer_db,3SK2,1,True
3SQL,A,B,../../GraPPI_data/PDB/old_dimer_db/3SQL.pdb,old_dimer_db,3SQL,1,True
3SQN,A,B,../../GraPPI_data/PDB/old_dimer_db/3SQN.pdb,old_dimer_db,3SQN,1,True
3SXM,A,B,../../GraPPI_data/PDB/old_dimer_db/3SXM.pdb,old_dimer_db,3SXM,1,True
3SXO,A,B,../../GraPPI_data/PDB/old_dimer_db/3SXO.pdb,old_dimer_db,3SXO,1,True
3SY6,A,B,../../GraPPI_data/PDB/old_dimer_db/3SY6.pdb,old_dimer_db,3SY6,1,True
3SYL,A,B,../../GraPPI_data/PDB/old_dimer_db/3SYL.pdb,old_dimer_db,3SYL,1,True
3T2Z,A,B,../../GraPPI_data/PDB/old_dimer_db/3T2Z.pdb,old_dimer_db,3T2Z,1,True
3T38,A,B,../../GraPPI_data/PDB/old_dimer_db/3T38.pdb,old_dimer_db,3T38,1,True
3T4E,A,B,../../GraPPI_data/PDB/old_dimer_db/3T4E.pdb,old_dimer_db,3T4E,2,True
3T5T,A,B,../../GraPPI_data/PDB/old_dimer_db/3T5T.pdb,old_dimer_db,3T5T,1,True
3T61,A,B,../../GraPPI_data/PDB/old_dimer_db/3T61.pdb,old_dimer_db,3T61,1,True
3T69,A,B,../../GraPPI_data/PDB/old_dimer_db/3T69.pdb,old_dimer_db,3T69,1,True
3T7Y,A,B,../../GraPPI_data/PDB/old_dimer_db/3T7Y.pdb,old_dimer_db,3T7Y,1,True
3T8K,A,B,../../GraPPI_data/PDB/old_dimer_db/3T8K.pdb,old_dimer_db,3T8K,1,True
3TAK,A,B,../../GraPPI_data/PDB/old_dimer_db/3TAK.pdb,old_dimer_db,3TAK,10,True
3TAU,A,B,../../GraPPI_data/PDB/old_dimer_db/3TAU.pdb,old_dimer_db,3TAU,2,True
3TBM,A,B,../../GraPPI_data/PDB/old_dimer_db/3TBM.pdb,old_dimer_db,3TBM,1,True
3TC1,A,B,../../GraPPI_data/PDB/old_dimer_db/3TC1.pdb,old_dimer_db,3TC1,3,True
3TC9,A,B,../../GraPPI_data/PDB/old_dimer_db/3TC9.pdb,old_dimer_db,3TC9,1,True
3TDQ,A,B,../../GraPPI_data/PDB/old_dimer_db/3TDQ.pdb,old_dimer_db,3TDQ,1,True
3TE8,A,B,../../GraPPI_data/PDB/old_dimer_db/3TE8.pdb,old_dimer_db,3TE8,2,True
3TFI,A,B,../../GraPPI_data/PDB/old_dimer_db/3TFI.pdb,old_dimer_db,3TFI,1,True
3TFW,A,B,../../GraPPI_data/PDB/old_dimer_db/3TFW.pdb,old_dimer_db,3TFW,1,True
3TG9,A,B,../../GraPPI_data/PDB/old_dimer_db/3TG9.pdb,old_dimer_db,3TG9,1,True
3TGN,A,B,../../GraPPI_data/PDB/old_dimer_db/3TGN.pdb,old_dimer_db,3TGN,1,True
3THA,A,B,../../GraPPI_data/PDB/old_dimer_db/3THA.pdb,old_dimer_db,3THA,2,True
3TK1,A,B,../../GraPPI_data/PDB/old_dimer_db/3TK1.pdb,old_dimer_db,3TK1,2,True
3TP9,A,B,../../GraPPI_data/PDB/old_dimer_db/3TP9.pdb,old_dimer_db,3TP9,1,True
3TQT,A,B,../../GraPPI_data/PDB/old_dimer_db/3TQT.pdb,old_dimer_db,3TQT,11,True
3TR3,A,B,../../GraPPI_data/PDB/old_dimer_db/3TR3.pdb,old_dimer_db,3TR3,1,True
3TRI,A,B,../../GraPPI_data/PDB/old_dimer_db/3TRI.pdb,old_dimer_db,3TRI,1,True
3TSM,A,B,../../GraPPI_data/PDB/old_dimer_db/3TSM.pdb,old_dimer_db,3TSM,1,True
3TX3,A,B,../../GraPPI_data/PDB/old_dimer_db/3TX3.pdb,old_dimer_db,3TX3,1,True
3TYR,A,B,../../GraPPI_data/PDB/old_dimer_db/3TYR.pdb,old_dimer_db,3TYR,1,True
3TZT,A,B,../../GraPPI_data/PDB/old_dimer_db/3TZT.pdb,old_dimer_db,3TZT,1,True
3U1X,A,B,../../GraPPI_data/PDB/old_dimer_db/3U1X.pdb,old_dimer_db,3U1X,1,True
3U6G,A,B,../../GraPPI_data/PDB/old_dimer_db/3U6G.pdb,old_dimer_db,3U6G,1,True
3U6U,A,C,../../GraPPI_data/PDB/old_dimer_db/3U6U.pdb,old_dimer_db,3U6U,1,True
3U7R,A,B,../../GraPPI_data/PDB/old_dimer_db/3U7R.pdb,old_dimer_db,3U7R,2,True
3U96,A,B,../../GraPPI_data/PDB/old_dimer_db/3U96.pdb,old_dimer_db,3U96,1,True
3UAQ,A,B,../../GraPPI_data/PDB/old_dimer_db/3UAQ.pdb,old_dimer_db,3UAQ,1,True
3UB6,A,B,../../GraPPI_data/PDB/old_dimer_db/3UB6.pdb,old_dimer_db,3UB6,1,True
3UBK,A,B,../../GraPPI_data/PDB/old_dimer_db/3UBK.pdb,old_dimer_db,3UBK,3,True
3UEP,A,B,../../GraPPI_data/PDB/old_dimer_db/3UEP.pdb,old_dimer_db,3UEP,1,True
3UES,A,B,../../GraPPI_data/PDB/old_dimer_db/3UES.pdb,old_dimer_db,3UES,1,True
3UF6,A,B,../../GraPPI_data/PDB/old_dimer_db/3UF6.pdb,old_dimer_db,3UF6,2,True
3UFE,A,B,../../GraPPI_data/PDB/old_dimer_db/3UFE.pdb,old_dimer_db,3UFE,1,True
3UGS,B,A,../../GraPPI_data/PDB/old_dimer_db/3UGS.pdb,old_dimer_db,3UGS,10,True
3UK2,A,B,../../GraPPI_data/PDB/old_dimer_db/3UK2.pdb,old_dimer_db,3UK2,1,True
3UPL,A,B,../../GraPPI_data/PDB/old_dimer_db/3UPL.pdb,old_dimer_db,3UPL,1,True
3URR,A,B,../../GraPPI_data/PDB/old_dimer_db/3URR.pdb,old_dimer_db,3URR,1,True
3USS,A,B,../../GraPPI_data/PDB/old_dimer_db/3USS.pdb,old_dimer_db,3USS,1,True
3UT4,A,B,../../GraPPI_data/PDB/old_dimer_db/3UT4.pdb,old_dimer_db,3UT4,1,True
3V48,A,B,../../GraPPI_data/PDB/old_dimer_db/3V48.pdb,old_dimer_db,3V48,2,True
3V67,A,B,../../GraPPI_data/PDB/old_dimer_db/3V67.pdb,old_dimer_db,3V67,1,True
3V6G,A,B,../../GraPPI_data/PDB/old_dimer_db/3V6G.pdb,old_dimer_db,3V6G,1,True
3VAB,A,B,../../GraPPI_data/PDB/old_dimer_db/3VAB.pdb,old_dimer_db,3VAB,8,True
3VAY,A,B,../../GraPPI_data/PDB/old_dimer_db/3VAY.pdb,old_dimer_db,3VAY,1,True
3VGS,A,B,../../GraPPI_data/PDB/old_dimer_db/3VGS.pdb,old_dimer_db,3VGS,1,True
3VK5,A,B,../../GraPPI_data/PDB/old_dimer_db/3VK5.pdb,old_dimer_db,3VK5,1,True
3VSK,A,B,../../GraPPI_data/PDB/old_dimer_db/3VSK.pdb,old_dimer_db,3VSK,1,True
3VVX,A,B,../../GraPPI_data/PDB/old_dimer_db/3VVX.pdb,old_dimer_db,3VVX,1,True
3W08,A,B,../../GraPPI_data/PDB/old_dimer_db/3W08.pdb,old_dimer_db,3W08,1,True
3W20,A,B,../../GraPPI_data/PDB/old_dimer_db/3W20.pdb,old_dimer_db,3W20,1,True
3W34,A,B,../../GraPPI_data/PDB/old_dimer_db/3W34.pdb,old_dimer_db,3W34,1,True
3W5J,A,B,../../GraPPI_data/PDB/old_dimer_db/3W5J.pdb,old_dimer_db,3W5J,1,True
3W8Z,A,B,../../GraPPI_data/PDB/old_dimer_db/3W8Z.pdb,old_dimer_db,3W8Z,1,True
3WAE,A,B,../../GraPPI_data/PDB/old_dimer_db/3WAE.pdb,old_dimer_db,3WAE,1,True
3WCO,A,B,../../GraPPI_data/PDB/old_dimer_db/3WCO.pdb,old_dimer_db,3WCO,1,True
3WEU,A,B,../../GraPPI_data/PDB/old_dimer_db/3WEU.pdb,old_dimer_db,3WEU,1,True
3WFI,A,B,../../GraPPI_data/PDB/old_dimer_db/3WFI.pdb,old_dimer_db,3WFI,2,True
3WFX,A,B,../../GraPPI_data/PDB/old_dimer_db/3WFX.pdb,old_dimer_db,3WFX,1,True
3WGH,A,B,../../GraPPI_data/PDB/old_dimer_db/3WGH.pdb,old_dimer_db,3WGH,3,True
3WO8,A,B,../../GraPPI_data/PDB/old_dimer_db/3WO8.pdb,old_dimer_db,3WO8,1,True
3WPW,A,B,../../GraPPI_data/PDB/old_dimer_db/3WPW.pdb,old_dimer_db,3WPW,2,True
3WRA,A,B,../../GraPPI_data/PDB/old_dimer_db/3WRA.pdb,old_dimer_db,3WRA,1,True
3WUR,A,B,../../GraPPI_data/PDB/old_dimer_db/3WUR.pdb,old_dimer_db,3WUR,1,True
3ZCD,A,B,../../GraPPI_data/PDB/old_dimer_db/3ZCD.pdb,old_dimer_db,3ZCD,25,True
3ZFI,A,B,../../GraPPI_data/PDB/old_dimer_db/3ZFI.pdb,old_dimer_db,3ZFI,1,True
3ZHC,A,B,../../GraPPI_data/PDB/old_dimer_db/3ZHC.pdb,old_dimer_db,3ZHC,1,True
3ZIH,A,B,../../GraPPI_data/PDB/old_dimer_db/3ZIH.pdb,old_dimer_db,3ZIH,1,True
3ZIT,A,B,../../GraPPI_data/PDB/old_dimer_db/3ZIT.pdb,old_dimer_db,3ZIT,1,True
3ZPC,A,B,../../GraPPI_data/PDB/old_dimer_db/3ZPC.pdb,old_dimer_db,3ZPC,2,True
3ZU0,A,B,../../GraPPI_data/PDB/old_dimer_db/3ZU0.pdb,old_dimer_db,3ZU0,1,True
3ZX4,A,B,../../GraPPI_data/PDB/old_dimer_db/3ZX4.pdb,old_dimer_db,3ZX4,1,True
3ZXQ,A,B,../../GraPPI_data/PDB/old_dimer_db/3ZXQ.pdb,old_dimer_db,3ZXQ,1,True
3ZYY,X,Y,../../GraPPI_data/PDB/old_dimer_db/3ZYY.pdb,old_dimer_db,3ZYY,1,True
4A0Z,A,B,../../GraPPI_data/PDB/old_dimer_db/4A0Z.pdb,old_dimer_db,4A0Z,1,True
4A1F,A,B,../../GraPPI_data/PDB/old_dimer_db/4A1F.pdb,old_dimer_db,4A1F,1,True
4A7W,A,B,../../GraPPI_data/PDB/old_dimer_db/4A7W.pdb,old_dimer_db,4A7W,1,True
4A9W,A,B,../../GraPPI_data/PDB/old_dimer_db/4A9W.pdb,old_dimer_db,4A9W,1,True
4AAL,A,B,../../GraPPI_data/PDB/old_dimer_db/4AAL.pdb,old_dimer_db,4AAL,1,True
4AB5,A,B,../../GraPPI_data/PDB/old_dimer_db/4AB5.pdb,old_dimer_db,4AB5,1,True
4ACI,A,B,../../GraPPI_data/PDB/old_dimer_db/4ACI.pdb,old_dimer_db,4ACI,1,True
4ADN,A,B,../../GraPPI_data/PDB/old_dimer_db/4ADN.pdb,old_dimer_db,4ADN,1,True
4AK5,A,B,../../GraPPI_data/PDB/old_dimer_db/4AK5.pdb,old_dimer_db,4AK5,4,True
4AKK,A,B,../../GraPPI_data/PDB/old_dimer_db/4AKK.pdb,old_dimer_db,4AKK,1,True
4AMG,A,B,../../GraPPI_data/PDB/old_dimer_db/4AMG.pdb,old_dimer_db,4AMG,1,True
4APS,A,B,../../GraPPI_data/PDB/old_dimer_db/4APS.pdb,old_dimer_db,4APS,1,True
4AQN,A,B,../../GraPPI_data/PDB/old_dimer_db/4AQN.pdb,old_dimer_db,4AQN,1,True
4AV3,A,B,../../GraPPI_data/PDB/old_dimer_db/4AV3.pdb,old_dimer_db,4AV3,1,True
4AVR,A,B,../../GraPPI_data/PDB/old_dimer_db/4AVR.pdb,old_dimer_db,4AVR,1,True
4AXO,A,B,../../GraPPI_data/PDB/old_dimer_db/4AXO.pdb,old_dimer_db,4AXO,2,True
4AY0,A,B,../../GraPPI_data/PDB/old_dimer_db/4AY0.pdb,old_dimer_db,4AY0,1,True
4AYN,A,B,../../GraPPI_data/PDB/old_dimer_db/4AYN.pdb,old_dimer_db,4AYN,1,True
4B0T,A,B,../../GraPPI_data/PDB/old_dimer_db/4B0T.pdb,old_dimer_db,4B0T,1,True
4B54,A,B,../../GraPPI_data/PDB/old_dimer_db/4B54.pdb,old_dimer_db,4B54,1,True
4BE3,A,B,../../GraPPI_data/PDB/old_dimer_db/4BE3.pdb,old_dimer_db,4BE3,1,True
4BHQ,A,B,../../GraPPI_data/PDB/old_dimer_db/4BHQ.pdb,old_dimer_db,4BHQ,1,True
4BI3,A,B,../../GraPPI_data/PDB/old_dimer_db/4BI3.pdb,old_dimer_db,4BI3,1,True
4BIX,A,B,../../GraPPI_data/PDB/old_dimer_db/4BIX.pdb,old_dimer_db,4BIX,1,True
4BOL,A,B,../../GraPPI_data/PDB/old_dimer_db/4BOL.pdb,old_dimer_db,4BOL,1,True
4BRC,A,B,../../GraPPI_data/PDB/old_dimer_db/4BRC.pdb,old_dimer_db,4BRC,1,True
4BRZ,A,B,../../GraPPI_data/PDB/old_dimer_db/4BRZ.pdb,old_dimer_db,4BRZ,1,True
4BYY,A,B,../../GraPPI_data/PDB/old_dimer_db/4BYY.pdb,old_dimer_db,4BYY,2,True
4C2E,A,B,../../GraPPI_data/PDB/old_dimer_db/4C2E.pdb,old_dimer_db,4C2E,1,True
4CGR,A,B,../../GraPPI_data/PDB/old_dimer_db/4CGR.pdb,old_dimer_db,4CGR,1,True
4CJN,A,B,../../GraPPI_data/PDB/old_dimer_db/4CJN.pdb,old_dimer_db,4CJN,1,True
4CLV,A,B,../../GraPPI_data/PDB/old_dimer_db/4CLV.pdb,old_dimer_db,4CLV,1,True
4CMW,A,B,../../GraPPI_data/PDB/old_dimer_db/4CMW.pdb,old_dimer_db,4CMW,1,True
4CND,A,B,../../GraPPI_data/PDB/old_dimer_db/4CND.pdb,old_dimer_db,4CND,1,True
4CQB,A,B,../../GraPPI_data/PDB/old_dimer_db/4CQB.pdb,old_dimer_db,4CQB,1,True
4CSW,A,B,../../GraPPI_data/PDB/old_dimer_db/4CSW.pdb,old_dimer_db,4CSW,2,True
4D48,A,B,../../GraPPI_data/PDB/old_dimer_db/4D48.pdb,old_dimer_db,4D48,1,True
4D6Y,A,B,../../GraPPI_data/PDB/old_dimer_db/4D6Y.pdb,old_dimer_db,4D6Y,12,True
4D9I,A,B,../../GraPPI_data/PDB/old_dimer_db/4D9I.pdb,old_dimer_db,4D9I,1,True
4DCZ,A,B,../../GraPPI_data/PDB/old_dimer_db/4DCZ.pdb,old_dimer_db,4DCZ,1,True
4DFR,A,B,../../GraPPI_data/PDB/old_dimer_db/4DFR.pdb,old_dimer_db,4DFR,1,True
4DI0,A,B,../../GraPPI_data/PDB/old_dimer_db/4DI0.pdb,old_dimer_db,4DI0,1,True
4DMG,A,B,../../GraPPI_data/PDB/old_dimer_db/4DMG.pdb,old_dimer_db,4DMG,2,True
4DN2,A,B,../../GraPPI_data/PDB/old_dimer_db/4DN2.pdb,old_dimer_db,4DN2,8,True
4DN9,A,B,../../GraPPI_data/PDB/old_dimer_db/4DN9.pdb,old_dimer_db,4DN9,1,True
4DNX,A,B,../../GraPPI_data/PDB/old_dimer_db/4DNX.pdb,old_dimer_db,4DNX,1,True
4DO2,A,B,../../GraPPI_data/PDB/old_dimer_db/4DO2.pdb,old_dimer_db,4DO2,2,True
4DQ9,A,B,../../GraPPI_data/PDB/old_dimer_db/4DQ9.pdb,old_dimer_db,4DQ9,1,True
4DVJ,A,B,../../GraPPI_data/PDB/old_dimer_db/4DVJ.pdb,old_dimer_db,4DVJ,5,True
4E1P,A,B,../../GraPPI_data/PDB/old_dimer_db/4E1P.pdb,old_dimer_db,4E1P,1,True
4E2A,A,B,../../GraPPI_data/PDB/old_dimer_db/4E2A.pdb,old_dimer_db,4E2A,1,True
4E8D,A,B,../../GraPPI_data/PDB/old_dimer_db/4E8D.pdb,old_dimer_db,4E8D,1,True
4E8O,A,B,../../GraPPI_data/PDB/old_dimer_db/4E8O.pdb,old_dimer_db,4E8O,3,True
4E9J,A,B,../../GraPPI_data/PDB/old_dimer_db/4E9J.pdb,old_dimer_db,4E9J,1,True
4EAE,A,B,../../GraPPI_data/PDB/old_dimer_db/4EAE.pdb,old_dimer_db,4EAE,1,True
4EBG,A,B,../../GraPPI_data/PDB/old_dimer_db/4EBG.pdb,old_dimer_db,4EBG,1,True
4EBJ,A,B,../../GraPPI_data/PDB/old_dimer_db/4EBJ.pdb,old_dimer_db,4EBJ,1,True
4EEZ,A,B,../../GraPPI_data/PDB/old_dimer_db/4EEZ.pdb,old_dimer_db,4EEZ,11,True
4EGS,A,B,../../GraPPI_data/PDB/old_dimer_db/4EGS.pdb,old_dimer_db,4EGS,1,True
4EH1,A,B,../../GraPPI_data/PDB/old_dimer_db/4EH1.pdb,old_dimer_db,4EH1,1,True
4EHI,A,B,../../GraPPI_data/PDB/old_dimer_db/4EHI.pdb,old_dimer_db,4EHI,3,True
4EHS,A,B,../../GraPPI_data/PDB/old_dimer_db/4EHS.pdb,old_dimer_db,4EHS,1,True
4EI0,A,B,../../GraPPI_data/PDB/old_dimer_db/4EI0.pdb,old_dimer_db,4EI0,1,True
4EM8,A,B,../../GraPPI_data/PDB/old_dimer_db/4EM8.pdb,old_dimer_db,4EM8,3,True
4EO3,A,B,../../GraPPI_data/PDB/old_dimer_db/4EO3.pdb,old_dimer_db,4EO3,1,True
4ERU,A,B,../../GraPPI_data/PDB/old_dimer_db/4ERU.pdb,old_dimer_db,4ERU,3,True
4ESN,A,B,../../GraPPI_data/PDB/old_dimer_db/4ESN.pdb,old_dimer_db,4ESN,1,True
4ESY,A,B,../../GraPPI_data/PDB/old_dimer_db/4ESY.pdb,old_dimer_db,4ESY,1,True
4EV0,A,D,../../GraPPI_data/PDB/old_dimer_db/4EV0.pdb,old_dimer_db,4EV0,1,True
4EVU,A,B,../../GraPPI_data/PDB/old_dimer_db/4EVU.pdb,old_dimer_db,4EVU,1,True
4EW5,A,B,../../GraPPI_data/PDB/old_dimer_db/4EW5.pdb,old_dimer_db,4EW5,1,True
4EWL,A,B,../../GraPPI_data/PDB/old_dimer_db/4EWL.pdb,old_dimer_db,4EWL,1,True
4F82,A,B,../../GraPPI_data/PDB/old_dimer_db/4F82.pdb,old_dimer_db,4F82,1,True
4FIN,A,B,../../GraPPI_data/PDB/old_dimer_db/4FIN.pdb,old_dimer_db,4FIN,1,True
4FKB,A,B,../../GraPPI_data/PDB/old_dimer_db/4FKB.pdb,old_dimer_db,4FKB,1,True
4FQD,A,B,../../GraPPI_data/PDB/old_dimer_db/4FQD.pdb,old_dimer_db,4FQD,1,True
4G12,A,B,../../GraPPI_data/PDB/old_dimer_db/4G12.pdb,old_dimer_db,4G12,1,True
4G2B,A,B,../../GraPPI_data/PDB/old_dimer_db/4G2B.pdb,old_dimer_db,4G2B,1,True
4G3V,A,B,../../GraPPI_data/PDB/old_dimer_db/4G3V.pdb,old_dimer_db,4G3V,2,True
4G5A,A,B,../../GraPPI_data/PDB/old_dimer_db/4G5A.pdb,old_dimer_db,4G5A,1,True
4G6C,A,B,../../GraPPI_data/PDB/old_dimer_db/4G6C.pdb,old_dimer_db,4G6C,1,True
4G89,A,B,../../GraPPI_data/PDB/old_dimer_db/4G89.pdb,old_dimer_db,4G89,10,True
4GBD,A,B,../../GraPPI_data/PDB/old_dimer_db/4GBD.pdb,old_dimer_db,4GBD,7,True
4GFL,A,B,../../GraPPI_data/PDB/old_dimer_db/4GFL.pdb,old_dimer_db,4GFL,2,True
4GIT,A,B,../../GraPPI_data/PDB/old_dimer_db/4GIT.pdb,old_dimer_db,4GIT,1,True
4GKG,A,F,../../GraPPI_data/PDB/old_dimer_db/4GKG.pdb,old_dimer_db,4GKG,1,True
4GLW,A,B,../../GraPPI_data/PDB/old_dimer_db/4GLW.pdb,old_dimer_db,4GLW,1,True
4GYM,A,B,../../GraPPI_data/PDB/old_dimer_db/4GYM.pdb,old_dimer_db,4GYM,1,True
4GYS,A,B,../../GraPPI_data/PDB/old_dimer_db/4GYS.pdb,old_dimer_db,4GYS,2,True
4GYT,A,B,../../GraPPI_data/PDB/old_dimer_db/4GYT.pdb,old_dimer_db,4GYT,1,True
4H3U,A,B,../../GraPPI_data/PDB/old_dimer_db/4H3U.pdb,old_dimer_db,4H3U,3,True
4H40,A,B,../../GraPPI_data/PDB/old_dimer_db/4H40.pdb,old_dimer_db,4H40,1,True
4H54,A,B,../../GraPPI_data/PDB/old_dimer_db/4H54.pdb,old_dimer_db,4H54,1,True
4H5B,A,B,../../GraPPI_data/PDB/old_dimer_db/4H5B.pdb,old_dimer_db,4H5B,1,True
4H7L,A,B,../../GraPPI_data/PDB/old_dimer_db/4H7L.pdb,old_dimer_db,4H7L,1,True
4HB7,A,B,../../GraPPI_data/PDB/old_dimer_db/4HB7.pdb,old_dimer_db,4HB7,9,True
4HCX,A,B,../../GraPPI_data/PDB/old_dimer_db/4HCX.pdb,old_dimer_db,4HCX,6,True
4HEH,A,B,../../GraPPI_data/PDB/old_dimer_db/4HEH.pdb,old_dimer_db,4HEH,1,True
4HEQ,A,B,../../GraPPI_data/PDB/old_dimer_db/4HEQ.pdb,old_dimer_db,4HEQ,1,True
4HF0,A,B,../../GraPPI_data/PDB/old_dimer_db/4HF0.pdb,old_dimer_db,4HF0,1,True
4HFS,A,B,../../GraPPI_data/PDB/old_dimer_db/4HFS.pdb,old_dimer_db,4HFS,1,True
4HIA,A,B,../../GraPPI_data/PDB/old_dimer_db/4HIA.pdb,old_dimer_db,4HIA,1,True
4HKU,A,B,../../GraPPI_data/PDB/old_dimer_db/4HKU.pdb,old_dimer_db,4HKU,1,True
4HRV,A,B,../../GraPPI_data/PDB/old_dimer_db/4HRV.pdb,old_dimer_db,4HRV,1,True
4HTF,A,B,../../GraPPI_data/PDB/old_dimer_db/4HTF.pdb,old_dimer_db,4HTF,1,True
4HWV,A,B,../../GraPPI_data/PDB/old_dimer_db/4HWV.pdb,old_dimer_db,4HWV,1,True
4HYE,A,B,../../GraPPI_data/PDB/old_dimer_db/4HYE.pdb,old_dimer_db,4HYE,1,True
4HYL,A,B,../../GraPPI_data/PDB/old_dimer_db/4HYL.pdb,old_dimer_db,4HYL,1,True
4I14,A,B,../../GraPPI_data/PDB/old_dimer_db/4I14.pdb,old_dimer_db,4I14,1,True
4I1U,A,B,../../GraPPI_data/PDB/old_dimer_db/4I1U.pdb,old_dimer_db,4I1U,1,True
4I4K,A,B,../../GraPPI_data/PDB/old_dimer_db/4I4K.pdb,old_dimer_db,4I4K,2,True
4I6R,A,B,../../GraPPI_data/PDB/old_dimer_db/4I6R.pdb,old_dimer_db,4I6R,4,True
4I7H,A,B,../../GraPPI_data/PDB/old_dimer_db/4I7H.pdb,old_dimer_db,4I7H,1,True
4I9F,A,B,../../GraPPI_data/PDB/old_dimer_db/4I9F.pdb,old_dimer_db,4I9F,1,True
4ICS,A,B,../../GraPPI_data/PDB/old_dimer_db/4ICS.pdb,old_dimer_db,4ICS,1,True
4ID0,A,B,../../GraPPI_data/PDB/old_dimer_db/4ID0.pdb,old_dimer_db,4ID0,3,True
4IJA,A,B,../../GraPPI_data/PDB/old_dimer_db/4IJA.pdb,old_dimer_db,4IJA,1,True
4IJN,A,B,../../GraPPI_data/PDB/old_dimer_db/4IJN.pdb,old_dimer_db,4IJN,4,True
4IJZ,A,B,../../GraPPI_data/PDB/old_dimer_db/4IJZ.pdb,old_dimer_db,4IJZ,3,True
4IO1,A,B,../../GraPPI_data/PDB/old_dimer_db/4IO1.pdb,old_dimer_db,4IO1,9,True
4IV9,A,B,../../GraPPI_data/PDB/old_dimer_db/4IV9.pdb,old_dimer_db,4IV9,2,True
4IVN,A,B,../../GraPPI_data/PDB/old_dimer_db/4IVN.pdb,old_dimer_db,4IVN,1,True
4IWN,A,B,../../GraPPI_data/PDB/old_dimer_db/4IWN.pdb,old_dimer_db,4IWN,2,True
4IXN,A,B,../../GraPPI_data/PDB/old_dimer_db/4IXN.pdb,old_dimer_db,4IXN,1,True
4IYJ,A,B,../../GraPPI_data/PDB/old_dimer_db/4IYJ.pdb,old_dimer_db,4IYJ,1,True
4J0N,A,B,../../GraPPI_data/PDB/old_dimer_db/4J0N.pdb,old_dimer_db,4J0N,1,True
4J3C,A,B,../../GraPPI_data/PDB/old_dimer_db/4J3C.pdb,old_dimer_db,4J3C,1,True
4J42,A,B,../../GraPPI_data/PDB/old_dimer_db/4J42.pdb,old_dimer_db,4J42,1,True
4J72,A,B,../../GraPPI_data/PDB/old_dimer_db/4J72.pdb,old_dimer_db,4J72,1,True
4JAK,A,B,../../GraPPI_data/PDB/old_dimer_db/4JAK.pdb,old_dimer_db,4JAK,7,True
4JBE,A,B,../../GraPPI_data/PDB/old_dimer_db/4JBE.pdb,old_dimer_db,4JBE,1,True
4JD7,A,D,../../GraPPI_data/PDB/old_dimer_db/4JD7.pdb,old_dimer_db,4JD7,1,True
4JEM,A,B,../../GraPPI_data/PDB/old_dimer_db/4JEM.pdb,old_dimer_db,4JEM,1,True
4JGP,A,B,../../GraPPI_data/PDB/old_dimer_db/4JGP.pdb,old_dimer_db,4JGP,1,True
4JOQ,A,B,../../GraPPI_data/PDB/old_dimer_db/4JOQ.pdb,old_dimer_db,4JOQ,1,True
4JQT,A,B,../../GraPPI_data/PDB/old_dimer_db/4JQT.pdb,old_dimer_db,4JQT,1,True
4JTM,A,B,../../GraPPI_data/PDB/old_dimer_db/4JTM.pdb,old_dimer_db,4JTM,1,True
4JX2,A,B,../../GraPPI_data/PDB/old_dimer_db/4JX2.pdb,old_dimer_db,4JX2,1,True
4JXQ,A,B,../../GraPPI_data/PDB/old_dimer_db/4JXQ.pdb,old_dimer_db,4JXQ,1,True
4JYK,A,B,../../GraPPI_data/PDB/old_dimer_db/4JYK.pdb,old_dimer_db,4JYK,1,True
4K8K,A,B,../../GraPPI_data/PDB/old_dimer_db/4K8K.pdb,old_dimer_db,4K8K,2,True
4KAF,A,B,../../GraPPI_data/PDB/old_dimer_db/4KAF.pdb,old_dimer_db,4KAF,1,True
4KIB,A,B,../../GraPPI_data/PDB/old_dimer_db/4KIB.pdb,old_dimer_db,4KIB,1,True
4KM3,A,B,../../GraPPI_data/PDB/old_dimer_db/4KM3.pdb,old_dimer_db,4KM3,1,True
4KN8,A,B,../../GraPPI_data/PDB/old_dimer_db/4KN8.pdb,old_dimer_db,4KN8,1,True
4KS9,A,B,../../GraPPI_data/PDB/old_dimer_db/4KS9.pdb,old_dimer_db,4KS9,1,True
4KTP,A,B,../../GraPPI_data/PDB/old_dimer_db/4KTP.pdb,old_dimer_db,4KTP,1,True
4KWA,A,B,../../GraPPI_data/PDB/old_dimer_db/4KWA.pdb,old_dimer_db,4KWA,5,True
4L3K,A,B,../../GraPPI_data/PDB/old_dimer_db/4L3K.pdb,old_dimer_db,4L3K,2,True
4L6W,A,B,../../GraPPI_data/PDB/old_dimer_db/4L6W.pdb,old_dimer_db,4L6W,1,True
4L9G,A,B,../../GraPPI_data/PDB/old_dimer_db/4L9G.pdb,old_dimer_db,4L9G,1,True
4L9N,A,B,../../GraPPI_data/PDB/old_dimer_db/4L9N.pdb,old_dimer_db,4L9N,1,True
4LDP,A,B,../../GraPPI_data/PDB/old_dimer_db/4LDP.pdb,old_dimer_db,4LDP,3,True
4LDS,A,B,../../GraPPI_data/PDB/old_dimer_db/4LDS.pdb,old_dimer_db,4LDS,1,True
4LJ3,A,B,../../GraPPI_data/PDB/old_dimer_db/4LJ3.pdb,old_dimer_db,4LJ3,1,True
4LJI,A,B,../../GraPPI_data/PDB/old_dimer_db/4LJI.pdb,old_dimer_db,4LJI,1,True
4LMA,A,B,../../GraPPI_data/PDB/old_dimer_db/4LMA.pdb,old_dimer_db,4LMA,10,True
4LMI,A,B,../../GraPPI_data/PDB/old_dimer_db/4LMI.pdb,old_dimer_db,4LMI,1,True
4LOW,A,B,../../GraPPI_data/PDB/old_dimer_db/4LOW.pdb,old_dimer_db,4LOW,2,True
4LQB,A,B,../../GraPPI_data/PDB/old_dimer_db/4LQB.pdb,old_dimer_db,4LQB,1,True
4LQC,A,B,../../GraPPI_data/PDB/old_dimer_db/4LQC.pdb,old_dimer_db,4LQC,1,True
4LS9,A,B,../../GraPPI_data/PDB/old_dimer_db/4LS9.pdb,old_dimer_db,4LS9,1,True
4LSB,A,B,../../GraPPI_data/PDB/old_dimer_db/4LSB.pdb,old_dimer_db,4LSB,3,True
4LUB,A,B,../../GraPPI_data/PDB/old_dimer_db/4LUB.pdb,old_dimer_db,4LUB,1,True
4M7Y,A,B,../../GraPPI_data/PDB/old_dimer_db/4M7Y.pdb,old_dimer_db,4M7Y,1,True
4MAK,A,B,../../GraPPI_data/PDB/old_dimer_db/4MAK.pdb,old_dimer_db,4MAK,1,True
4MCW,A,B,../../GraPPI_data/PDB/old_dimer_db/4MCW.pdb,old_dimer_db,4MCW,1,True
4ME9,A,B,../../GraPPI_data/PDB/old_dimer_db/4ME9.pdb,old_dimer_db,4ME9,1,True
4MIS,A,B,../../GraPPI_data/PDB/old_dimer_db/4MIS.pdb,old_dimer_db,4MIS,1,True
4MKI,B,A,../../GraPPI_data/PDB/old_dimer_db/4MKI.pdb,old_dimer_db,4MKI,7,True
4ML9,A,B,../../GraPPI_data/PDB/old_dimer_db/4ML9.pdb,old_dimer_db,4ML9,1,True
4MPH,A,B,../../GraPPI_data/PDB/old_dimer_db/4MPH.pdb,old_dimer_db,4MPH,1,True
4MUR,A,B,../../GraPPI_data/PDB/old_dimer_db/4MUR.pdb,old_dimer_db,4MUR,1,True
4MYP,A,B,../../GraPPI_data/PDB/old_dimer_db/4MYP.pdb,old_dimer_db,4MYP,1,True
4MZW,A,B,../../GraPPI_data/PDB/old_dimer_db/4MZW.pdb,old_dimer_db,4MZW,3,True
4N0R,A,B,../../GraPPI_data/PDB/old_dimer_db/4N0R.pdb,old_dimer_db,4N0R,1,True
4N3O,A,B,../../GraPPI_data/PDB/old_dimer_db/4N3O.pdb,old_dimer_db,4N3O,1,True
4N6F,A,B,../../GraPPI_data/PDB/old_dimer_db/4N6F.pdb,old_dimer_db,4N6F,1,True
4N8O,A,B,../../GraPPI_data/PDB/old_dimer_db/4N8O.pdb,old_dimer_db,4N8O,1,True
4NAF,A,B,../../GraPPI_data/PDB/old_dimer_db/4NAF.pdb,old_dimer_db,4NAF,3,True
4NC7,A,B,../../GraPPI_data/PDB/old_dimer_db/4NC7.pdb,old_dimer_db,4NC7,1,True
4NEG,A,B,../../GraPPI_data/PDB/old_dimer_db/4NEG.pdb,old_dimer_db,4NEG,2,True
4NJH,A,B,../../GraPPI_data/PDB/old_dimer_db/4NJH.pdb,old_dimer_db,4NJH,1,True
4NK2,A,B,../../GraPPI_data/PDB/old_dimer_db/4NK2.pdb,old_dimer_db,4NK2,1,True
4NNZ,A,B,../../GraPPI_data/PDB/old_dimer_db/4NNZ.pdb,old_dimer_db,4NNZ,1,True
4NOI,A,B,../../GraPPI_data/PDB/old_dimer_db/4NOI.pdb,old_dimer_db,4NOI,1,True
4NQF,A,B,../../GraPPI_data/PDB/old_dimer_db/4NQF.pdb,old_dimer_db,4NQF,1,True
4NSV,A,B,../../GraPPI_data/PDB/old_dimer_db/4NSV.pdb,old_dimer_db,4NSV,1,True
4NVS,A,B,../../GraPPI_data/PDB/old_dimer_db/4NVS.pdb,old_dimer_db,4NVS,1,True
4O1E,A,B,../../GraPPI_data/PDB/old_dimer_db/4O1E.pdb,old_dimer_db,4O1E,2,True
4O3V,A,B,../../GraPPI_data/PDB/old_dimer_db/4O3V.pdb,old_dimer_db,4O3V,2,True
4O4O,A,B,../../GraPPI_data/PDB/old_dimer_db/4O4O.pdb,old_dimer_db,4O4O,1,True
4O7O,A,B,../../GraPPI_data/PDB/old_dimer_db/4O7O.pdb,old_dimer_db,4O7O,1,True
4OB9,A,B,../../GraPPI_data/PDB/old_dimer_db/4OB9.pdb,old_dimer_db,4OB9,1,True
4OI3,A,B,../../GraPPI_data/PDB/old_dimer_db/4OI3.pdb,old_dimer_db,4OI3,1,True
4OK4,A,B,../../GraPPI_data/PDB/old_dimer_db/4OK4.pdb,old_dimer_db,4OK4,1,True
4OKC,A,B,../../GraPPI_data/PDB/old_dimer_db/4OKC.pdb,old_dimer_db,4OKC,1,True
4OKE,A,B,../../GraPPI_data/PDB/old_dimer_db/4OKE.pdb,old_dimer_db,4OKE,1,True
4OQQ,A,B,../../GraPPI_data/PDB/old_dimer_db/4OQQ.pdb,old_dimer_db,4OQQ,2,True
4P04,A,B,../../GraPPI_data/PDB/old_dimer_db/4P04.pdb,old_dimer_db,4P04,1,True
4P0E,A,B,../../GraPPI_data/PDB/old_dimer_db/4P0E.pdb,old_dimer_db,4P0E,4,True
4P2X,A,B,../../GraPPI_data/PDB/old_dimer_db/4P2X.pdb,old_dimer_db,4P2X,1,True
4P7C,A,B,../../GraPPI_data/PDB/old_dimer_db/4P7C.pdb,old_dimer_db,4P7C,1,True
4P8I,A,B,../../GraPPI_data/PDB/old_dimer_db/4P8I.pdb,old_dimer_db,4P8I,1,True
4P93,A,B,../../GraPPI_data/PDB/old_dimer_db/4P93.pdb,old_dimer_db,4P93,1,True
4PBB,A,B,../../GraPPI_data/PDB/old_dimer_db/4PBB.pdb,old_dimer_db,4PBB,1,True
4PBC,A,B,../../GraPPI_data/PDB/old_dimer_db/4PBC.pdb,old_dimer_db,4PBC,1,True
4PCV,A,B,../../GraPPI_data/PDB/old_dimer_db/4PCV.pdb,old_dimer_db,4PCV,4,True
4PEO,A,B,../../GraPPI_data/PDB/old_dimer_db/4PEO.pdb,old_dimer_db,4PEO,3,True
4PFZ,A,B,../../GraPPI_data/PDB/old_dimer_db/4PFZ.pdb,old_dimer_db,4PFZ,6,True
4PG7,A,B,../../GraPPI_data/PDB/old_dimer_db/4PG7.pdb,old_dimer_db,4PG7,1,True
4PIC,A,B,../../GraPPI_data/PDB/old_dimer_db/4PIC.pdb,old_dimer_db,4PIC,2,True
4PMV,A,B,../../GraPPI_data/PDB/old_dimer_db/4PMV.pdb,old_dimer_db,4PMV,1,True
4POB,A,B,../../GraPPI_data/PDB/old_dimer_db/4POB.pdb,old_dimer_db,4POB,1,True
4PON,A,B,../../GraPPI_data/PDB/old_dimer_db/4PON.pdb,old_dimer_db,4PON,3,True
4PR3,A,B,../../GraPPI_data/PDB/old_dimer_db/4PR3.pdb,old_dimer_db,4PR3,1,True
4PRS,A,B,../../GraPPI_data/PDB/old_dimer_db/4PRS.pdb,old_dimer_db,4PRS,1,True
4PTS,A,B,../../GraPPI_data/PDB/old_dimer_db/4PTS.pdb,old_dimer_db,4PTS,2,True
4PUC,A,B,../../GraPPI_data/PDB/old_dimer_db/4PUC.pdb,old_dimer_db,4PUC,1,True
4PW1,A,B,../../GraPPI_data/PDB/old_dimer_db/4PW1.pdb,old_dimer_db,4PW1,1,True
4Q20,A,B,../../GraPPI_data/PDB/old_dimer_db/4Q20.pdb,old_dimer_db,4Q20,1,True
4Q25,A,B,../../GraPPI_data/PDB/old_dimer_db/4Q25.pdb,old_dimer_db,4Q25,1,True
4Q2E,A,B,../../GraPPI_data/PDB/old_dimer_db/4Q2E.pdb,old_dimer_db,4Q2E,1,True
4Q2H,A,B,../../GraPPI_data/PDB/old_dimer_db/4Q2H.pdb,old_dimer_db,4Q2H,7,True
4Q51,A,B,../../GraPPI_data/PDB/old_dimer_db/4Q51.pdb,old_dimer_db,4Q51,1,True
4Q69,A,B,../../GraPPI_data/PDB/old_dimer_db/4Q69.pdb,old_dimer_db,4Q69,1,True
4Q6U,A,B,../../GraPPI_data/PDB/old_dimer_db/4Q6U.pdb,old_dimer_db,4Q6U,1,True
4Q84,A,B,../../GraPPI_data/PDB/old_dimer_db/4Q84.pdb,old_dimer_db,4Q84,1,True
4Q9A,A,B,../../GraPPI_data/PDB/old_dimer_db/4Q9A.pdb,old_dimer_db,4Q9A,2,True
4QAS,A,B,../../GraPPI_data/PDB/old_dimer_db/4QAS.pdb,old_dimer_db,4QAS,1,True
4QDK,A,B,../../GraPPI_data/PDB/old_dimer_db/4QDK.pdb,old_dimer_db,4QDK,1,True
4QE0,A,B,../../GraPPI_data/PDB/old_dimer_db/4QE0.pdb,old_dimer_db,4QE0,1,True
4QIT,A,B,../../GraPPI_data/PDB/old_dimer_db/4QIT.pdb,old_dimer_db,4QIT,3,True
4QJY,A,B,../../GraPPI_data/PDB/old_dimer_db/4QJY.pdb,old_dimer_db,4QJY,1,True
4QNC,A,B,../../GraPPI_data/PDB/old_dimer_db/4QNC.pdb,old_dimer_db,4QNC,1,True
4QPK,A,B,../../GraPPI_data/PDB/old_dimer_db/4QPK.pdb,old_dimer_db,4QPK,1,True
4QTG,A,B,../../GraPPI_data/PDB/old_dimer_db/4QTG.pdb,old_dimer_db,4QTG,1,True
4QUS,A,B,../../GraPPI_data/PDB/old_dimer_db/4QUS.pdb,old_dimer_db,4QUS,1,True
4QXZ,A,B,../../GraPPI_data/PDB/old_dimer_db/4QXZ.pdb,old_dimer_db,4QXZ,1,True
4R0K,A,B,../../GraPPI_data/PDB/old_dimer_db/4R0K.pdb,old_dimer_db,4R0K,2,True
4R1H,A,B,../../GraPPI_data/PDB/old_dimer_db/4R1H.pdb,old_dimer_db,4R1H,1,True
4R1I,A,B,../../GraPPI_data/PDB/old_dimer_db/4R1I.pdb,old_dimer_db,4R1I,1,True
4R27,A,B,../../GraPPI_data/PDB/old_dimer_db/4R27.pdb,old_dimer_db,4R27,1,True
4R6I,A,B,../../GraPPI_data/PDB/old_dimer_db/4R6I.pdb,old_dimer_db,4R6I,1,True
4R8Z,A,B,../../GraPPI_data/PDB/old_dimer_db/4R8Z.pdb,old_dimer_db,4R8Z,1,True
4R9X,A,B,../../GraPPI_data/PDB/old_dimer_db/4R9X.pdb,old_dimer_db,4R9X,1,True
4RAY,A,B,../../GraPPI_data/PDB/old_dimer_db/4RAY.pdb,old_dimer_db,4RAY,1,True
4RBR,A,B,../../GraPPI_data/PDB/old_dimer_db/4RBR.pdb,old_dimer_db,4RBR,1,True
4RCK,A,B,../../GraPPI_data/PDB/old_dimer_db/4RCK.pdb,old_dimer_db,4RCK,1,True
4RCT,A,B,../../GraPPI_data/PDB/old_dimer_db/4RCT.pdb,old_dimer_db,4RCT,1,True
4RGD,A,B,../../GraPPI_data/PDB/old_dimer_db/4RGD.pdb,old_dimer_db,4RGD,1,True
4RGP,A,B,../../GraPPI_data/PDB/old_dimer_db/4RGP.pdb,old_dimer_db,4RGP,1,True
4RHA,A,B,../../GraPPI_data/PDB/old_dimer_db/4RHA.pdb,old_dimer_db,4RHA,1,True
4RIF,A,B,../../GraPPI_data/PDB/old_dimer_db/4RIF.pdb,old_dimer_db,4RIF,2,True
4RL4,A,B,../../GraPPI_data/PDB/old_dimer_db/4RL4.pdb,old_dimer_db,4RL4,2,True
4RL6,A,B,../../GraPPI_data/PDB/old_dimer_db/4RL6.pdb,old_dimer_db,4RL6,2,True
4RO3,A,B,../../GraPPI_data/PDB/old_dimer_db/4RO3.pdb,old_dimer_db,4RO3,1,True
4RP8,A,C,../../GraPPI_data/PDB/old_dimer_db/4RP8.pdb,old_dimer_db,4RP8,1,True
4RSW,A,B,../../GraPPI_data/PDB/old_dimer_db/4RSW.pdb,old_dimer_db,4RSW,1,True
4RT5,A,B,../../GraPPI_data/PDB/old_dimer_db/4RT5.pdb,old_dimer_db,4RT5,1,True
4RYI,A,B,../../GraPPI_data/PDB/old_dimer_db/4RYI.pdb,old_dimer_db,4RYI,1,True
4RZ3,A,B,../../GraPPI_data/PDB/old_dimer_db/4RZ3.pdb,old_dimer_db,4RZ3,4,True
4S1A,A,B,../../GraPPI_data/PDB/old_dimer_db/4S1A.pdb,old_dimer_db,4S1A,1,True
4S23,A,B,../../GraPPI_data/PDB/old_dimer_db/4S23.pdb,old_dimer_db,4S23,1,True
4S35,A,B,../../GraPPI_data/PDB/old_dimer_db/4S35.pdb,old_dimer_db,4S35,5,True
4S3M,A,B,../../GraPPI_data/PDB/old_dimer_db/4S3M.pdb,old_dimer_db,4S3M,1,True
4TKR,A,B,../../GraPPI_data/PDB/old_dimer_db/4TKR.pdb,old_dimer_db,4TKR,1,True
4TL3,A,B,../../GraPPI_data/PDB/old_dimer_db/4TL3.pdb,old_dimer_db,4TL3,1,True
4TN5,A,B,../../GraPPI_data/PDB/old_dimer_db/4TN5.pdb,old_dimer_db,4TN5,1,True
4TPH,A,B,../../GraPPI_data/PDB/old_dimer_db/4TPH.pdb,old_dimer_db,4TPH,1,True
4U0W,A,B,../../GraPPI_data/PDB/old_dimer_db/4U0W.pdb,old_dimer_db,4U0W,1,True
4U13,A,B,../../GraPPI_data/PDB/old_dimer_db/4U13.pdb,old_dimer_db,4U13,1,True
4U3E,A,B,../../GraPPI_data/PDB/old_dimer_db/4U3E.pdb,old_dimer_db,4U3E,1,True
4U3Q,A,B,../../GraPPI_data/PDB/old_dimer_db/4U3Q.pdb,old_dimer_db,4U3Q,1,True
4U7O,A,B,../../GraPPI_data/PDB/old_dimer_db/4U7O.pdb,old_dimer_db,4U7O,1,True
4UA1,A,B,../../GraPPI_data/PDB/old_dimer_db/4UA1.pdb,old_dimer_db,4UA1,1,True
4UC2,A,B,../../GraPPI_data/PDB/old_dimer_db/4UC2.pdb,old_dimer_db,4UC2,1,True
4UG1,A,B,../../GraPPI_data/PDB/old_dimer_db/4UG1.pdb,old_dimer_db,4UG1,1,True
4UII,A,B,../../GraPPI_data/PDB/old_dimer_db/4UII.pdb,old_dimer_db,4UII,1,True
4UIR,A,B,../../GraPPI_data/PDB/old_dimer_db/4UIR.pdb,old_dimer_db,4UIR,2,True
4UOP,A,B,../../GraPPI_data/PDB/old_dimer_db/4UOP.pdb,old_dimer_db,4UOP,1,True
4UPL,A,C,../../GraPPI_data/PDB/old_dimer_db/4UPL.pdb,old_dimer_db,4UPL,1,True
4UU3,A,B,../../GraPPI_data/PDB/old_dimer_db/4UU3.pdb,old_dimer_db,4UU3,3,True
4UUW,A,B,../../GraPPI_data/PDB/old_dimer_db/4UUW.pdb,old_dimer_db,4UUW,1,True
4UX7,A,B,../../GraPPI_data/PDB/old_dimer_db/4UX7.pdb,old_dimer_db,4UX7,1,True
4UZ8,A,B,../../GraPPI_data/PDB/old_dimer_db/4UZ8.pdb,old_dimer_db,4UZ8,1,True
4V03,A,B,../../GraPPI_data/PDB/old_dimer_db/4V03.pdb,old_dimer_db,4V03,1,True
4V0S,A,B,../../GraPPI_data/PDB/old_dimer_db/4V0S.pdb,old_dimer_db,4V0S,2,True
4V17,A,B,../../GraPPI_data/PDB/old_dimer_db/4V17.pdb,old_dimer_db,4V17,1,True
4W8C,A,B,../../GraPPI_data/PDB/old_dimer_db/4W8C.pdb,old_dimer_db,4W8C,1,True
4W8I,A,B,../../GraPPI_data/PDB/old_dimer_db/4W8I.pdb,old_dimer_db,4W8I,1,True
4W9R,A,B,../../GraPPI_data/PDB/old_dimer_db/4W9R.pdb,old_dimer_db,4W9R,1,True
4WD3,A,B,../../GraPPI_data/PDB/old_dimer_db/4WD3.pdb,old_dimer_db,4WD3,1,True
4WF5,A,B,../../GraPPI_data/PDB/old_dimer_db/4WF5.pdb,old_dimer_db,4WF5,1,True
4WH5,A,B,../../GraPPI_data/PDB/old_dimer_db/4WH5.pdb,old_dimer_db,4WH5,1,True
4WJT,A,B,../../GraPPI_data/PDB/old_dimer_db/4WJT.pdb,old_dimer_db,4WJT,1,True
4WO7,A,B,../../GraPPI_data/PDB/old_dimer_db/4WO7.pdb,old_dimer_db,4WO7,1,True
4WXH,A,B,../../GraPPI_data/PDB/old_dimer_db/4WXH.pdb,old_dimer_db,4WXH,5,True
4X4J,A,B,../../GraPPI_data/PDB/old_dimer_db/4X4J.pdb,old_dimer_db,4X4J,1,True
4X68,A,B,../../GraPPI_data/PDB/old_dimer_db/4X68.pdb,old_dimer_db,4X68,1,True
4XCM,A,B,../../GraPPI_data/PDB/old_dimer_db/4XCM.pdb,old_dimer_db,4XCM,1,True
4XFW,A,B,../../GraPPI_data/PDB/old_dimer_db/4XFW.pdb,old_dimer_db,4XFW,3,True
4XGX,A,B,../../GraPPI_data/PDB/old_dimer_db/4XGX.pdb,old_dimer_db,4XGX,1,True
4XHC,A,B,../../GraPPI_data/PDB/old_dimer_db/4XHC.pdb,old_dimer_db,4XHC,1,True
4XIN,A,B,../../GraPPI_data/PDB/old_dimer_db/4XIN.pdb,old_dimer_db,4XIN,1,True
4XKJ,A,B,../../GraPPI_data/PDB/old_dimer_db/4XKJ.pdb,old_dimer_db,4XKJ,4,True
4XLY,A,B,../../GraPPI_data/PDB/old_dimer_db/4XLY.pdb,old_dimer_db,4XLY,1,True
4XMR,A,B,../../GraPPI_data/PDB/old_dimer_db/4XMR.pdb,old_dimer_db,4XMR,1,True
4XO2,A,B,../../GraPPI_data/PDB/old_dimer_db/4XO2.pdb,old_dimer_db,4XO2,1,True
4XOX,A,B,../../GraPPI_data/PDB/old_dimer_db/4XOX.pdb,old_dimer_db,4XOX,17,True
4XQ6,A,B,../../GraPPI_data/PDB/old_dimer_db/4XQ6.pdb,old_dimer_db,4XQ6,1,True
4XQC,A,B,../../GraPPI_data/PDB/old_dimer_db/4XQC.pdb,old_dimer_db,4XQC,1,True
4XR9,A,B,../../GraPPI_data/PDB/old_dimer_db/4XR9.pdb,old_dimer_db,4XR9,2,True
4XVV,A,B,../../GraPPI_data/PDB/old_dimer_db/4XVV.pdb,old_dimer_db,4XVV,1,True
4XWI,A,B,../../GraPPI_data/PDB/old_dimer_db/4XWI.pdb,old_dimer_db,4XWI,2,True
4XXU,A,B,../../GraPPI_data/PDB/old_dimer_db/4XXU.pdb,old_dimer_db,4XXU,1,True
4XZZ,A,B,../../GraPPI_data/PDB/old_dimer_db/4XZZ.pdb,old_dimer_db,4XZZ,1,True
4Y7L,A,B,../../GraPPI_data/PDB/old_dimer_db/4Y7L.pdb,old_dimer_db,4Y7L,1,True
4YAG,A,B,../../GraPPI_data/PDB/old_dimer_db/4YAG.pdb,old_dimer_db,4YAG,6,True
4YBA,A,B,../../GraPPI_data/PDB/old_dimer_db/4YBA.pdb,old_dimer_db,4YBA,1,True
4YER,A,B,../../GraPPI_data/PDB/old_dimer_db/4YER.pdb,old_dimer_db,4YER,1,True
4YMI,A,B,../../GraPPI_data/PDB/old_dimer_db/4YMI.pdb,old_dimer_db,4YMI,3,True
4YNX,A,B,../../GraPPI_data/PDB/old_dimer_db/4YNX.pdb,old_dimer_db,4YNX,1,True
4YRD,A,B,../../GraPPI_data/PDB/old_dimer_db/4YRD.pdb,old_dimer_db,4YRD,1,True
4YSB,A,B,../../GraPPI_data/PDB/old_dimer_db/4YSB.pdb,old_dimer_db,4YSB,2,True
4YSL,A,B,../../GraPPI_data/PDB/old_dimer_db/4YSL.pdb,old_dimer_db,4YSL,1,True
4YWN,A,B,../../GraPPI_data/PDB/old_dimer_db/4YWN.pdb,old_dimer_db,4YWN,2,True
4YX1,A,B,../../GraPPI_data/PDB/old_dimer_db/4YX1.pdb,old_dimer_db,4YX1,1,True
4YXT,A,B,../../GraPPI_data/PDB/old_dimer_db/4YXT.pdb,old_dimer_db,4YXT,3,True
4Z1D,A,B,../../GraPPI_data/PDB/old_dimer_db/4Z1D.pdb,old_dimer_db,4Z1D,1,True
4Z27,A,B,../../GraPPI_data/PDB/old_dimer_db/4Z27.pdb,old_dimer_db,4Z27,2,True
4Z38,A,B,../../GraPPI_data/PDB/old_dimer_db/4Z38.pdb,old_dimer_db,4Z38,4,True
4Z86,A,B,../../GraPPI_data/PDB/old_dimer_db/4Z86.pdb,old_dimer_db,4Z86,1,True
4Z9H,A,B,../../GraPPI_data/PDB/old_dimer_db/4Z9H.pdb,old_dimer_db,4Z9H,2,True
4ZCD,A,B,../../GraPPI_data/PDB/old_dimer_db/4ZCD.pdb,old_dimer_db,4ZCD,1,True
4ZHV,A,B,../../GraPPI_data/PDB/old_dimer_db/4ZHV.pdb,old_dimer_db,4ZHV,1,True
4ZIL,A,B,../../GraPPI_data/PDB/old_dimer_db/4ZIL.pdb,old_dimer_db,4ZIL,1,True
4ZKJ,A,B,../../GraPPI_data/PDB/old_dimer_db/4ZKJ.pdb,old_dimer_db,4ZKJ,1,True
4ZKY,A,B,../../GraPPI_data/PDB/old_dimer_db/4ZKY.pdb,old_dimer_db,4ZKY,1,True
4ZLH,A,B,../../GraPPI_data/PDB/old_dimer_db/4ZLH.pdb,old_dimer_db,4ZLH,1,True
4ZMM,A,B,../../GraPPI_data/PDB/old_dimer_db/4ZMM.pdb,old_dimer_db,4ZMM,1,True
4ZQB,A,B,../../GraPPI_data/PDB/old_dimer_db/4ZQB.pdb,old_dimer_db,4ZQB,1,True
4ZR8,A,B,../../GraPPI_data/PDB/old_dimer_db/4ZR8.pdb,old_dimer_db,4ZR8,3,True
4ZRM,A,B,../../GraPPI_data/PDB/old_dimer_db/4ZRM.pdb,old_dimer_db,4ZRM,17,True
4ZRS,A,B,../../GraPPI_data/PDB/old_dimer_db/4ZRS.pdb,old_dimer_db,4ZRS,1,True
4ZU5,A,B,../../GraPPI_data/PDB/old_dimer_db/4ZU5.pdb,old_dimer_db,4ZU5,2,True
4ZVC,A,B,../../GraPPI_data/PDB/old_dimer_db/4ZVC.pdb,old_dimer_db,4ZVC,1,True
4ZWV,A,B,../../GraPPI_data/PDB/old_dimer_db/4ZWV.pdb,old_dimer_db,4ZWV,14,True
5A4O,A,B,../../GraPPI_data/PDB/old_dimer_db/5A4O.pdb,old_dimer_db,5A4O,1,True
5A5G,A,B,../../GraPPI_data/PDB/old_dimer_db/5A5G.pdb,old_dimer_db,5A5G,2,True
5A9S,A,B,../../GraPPI_data/PDB/old_dimer_db/5A9S.pdb,old_dimer_db,5A9S,3,True
5AC5,A,B,../../GraPPI_data/PDB/old_dimer_db/5AC5.pdb,old_dimer_db,5AC5,2,True
5ACS,A,B,../../GraPPI_data/PDB/old_dimer_db/5ACS.pdb,old_dimer_db,5ACS,1,True
5AF3,A,B,../../GraPPI_data/PDB/old_dimer_db/5AF3.pdb,old_dimer_db,5AF3,1,True
5AIP,A,B,../../GraPPI_data/PDB/old_dimer_db/5AIP.pdb,old_dimer_db,5AIP,1,True
5AJL,A,B,../../GraPPI_data/PDB/old_dimer_db/5AJL.pdb,old_dimer_db,5AJL,4,True
5AQC,A,B,../../GraPPI_data/PDB/old_dimer_db/5AQC.pdb,old_dimer_db,5AQC,1,True
5AXG,A,B,../../GraPPI_data/PDB/old_dimer_db/5AXG.pdb,old_dimer_db,5AXG,1,True
5B0P,A,B,../../GraPPI_data/PDB/old_dimer_db/5B0P.pdb,old_dimer_db,5B0P,1,True
5B1O,A,B,../../GraPPI_data/PDB/old_dimer_db/5B1O.pdb,old_dimer_db,5B1O,1,True
5B2H,A,B,../../GraPPI_data/PDB/old_dimer_db/5B2H.pdb,old_dimer_db,5B2H,1,True
5B52,A,B,../../GraPPI_data/PDB/old_dimer_db/5B52.pdb,old_dimer_db,5B52,1,True
5B6D,A,B,../../GraPPI_data/PDB/old_dimer_db/5B6D.pdb,old_dimer_db,5B6D,1,True
5B7Y,A,B,../../GraPPI_data/PDB/old_dimer_db/5B7Y.pdb,old_dimer_db,5B7Y,1,True
5B8H,A,B,../../GraPPI_data/PDB/old_dimer_db/5B8H.pdb,old_dimer_db,5B8H,3,True
5BJW,A,B,../../GraPPI_data/PDB/old_dimer_db/5BJW.pdb,old_dimer_db,5BJW,1,True
5BNC,A,B,../../GraPPI_data/PDB/old_dimer_db/5BNC.pdb,old_dimer_db,5BNC,1,True
5BR4,A,B,../../GraPPI_data/PDB/old_dimer_db/5BR4.pdb,old_dimer_db,5BR4,2,True
5BTU,A,B,../../GraPPI_data/PDB/old_dimer_db/5BTU.pdb,old_dimer_db,5BTU,1,True
5BUQ,A,B,../../GraPPI_data/PDB/old_dimer_db/5BUQ.pdb,old_dimer_db,5BUQ,1,True
5BWI,A,B,../../GraPPI_data/PDB/old_dimer_db/5BWI.pdb,old_dimer_db,5BWI,1,True
5C21,A,B,../../GraPPI_data/PDB/old_dimer_db/5C21.pdb,old_dimer_db,5C21,1,True
5C4Y,A,B,../../GraPPI_data/PDB/old_dimer_db/5C4Y.pdb,old_dimer_db,5C4Y,1,True
5C5Z,A,B,../../GraPPI_data/PDB/old_dimer_db/5C5Z.pdb,old_dimer_db,5C5Z,1,True
5C7Q,A,B,../../GraPPI_data/PDB/old_dimer_db/5C7Q.pdb,old_dimer_db,5C7Q,3,True
5C9D,A,B,../../GraPPI_data/PDB/old_dimer_db/5C9D.pdb,old_dimer_db,5C9D,1,True
5CB0,A,B,../../GraPPI_data/PDB/old_dimer_db/5CB0.pdb,old_dimer_db,5CB0,1,True
5CB8,A,B,../../GraPPI_data/PDB/old_dimer_db/5CB8.pdb,old_dimer_db,5CB8,2,True
5CES,A,B,../../GraPPI_data/PDB/old_dimer_db/5CES.pdb,old_dimer_db,5CES,1,True
5CGL,A,B,../../GraPPI_data/PDB/old_dimer_db/5CGL.pdb,old_dimer_db,5CGL,2,True
5CIO,A,B,../../GraPPI_data/PDB/old_dimer_db/5CIO.pdb,old_dimer_db,5CIO,1,True
5CJJ,A,B,../../GraPPI_data/PDB/old_dimer_db/5CJJ.pdb,old_dimer_db,5CJJ,2,True
5CL2,A,B,../../GraPPI_data/PDB/old_dimer_db/5CL2.pdb,old_dimer_db,5CL2,1,True
5CM7,A,B,../../GraPPI_data/PDB/old_dimer_db/5CM7.pdb,old_dimer_db,5CM7,1,True
5CPM,A,B,../../GraPPI_data/PDB/old_dimer_db/5CPM.pdb,old_dimer_db,5CPM,1,True
5CQV,A,B,../../GraPPI_data/PDB/old_dimer_db/5CQV.pdb,old_dimer_db,5CQV,1,True
5CUO,A,B,../../GraPPI_data/PDB/old_dimer_db/5CUO.pdb,old_dimer_db,5CUO,1,True
5CWE,A,B,../../GraPPI_data/PDB/old_dimer_db/5CWE.pdb,old_dimer_db,5CWE,1,True
5CX8,A,B,../../GraPPI_data/PDB/old_dimer_db/5CX8.pdb,old_dimer_db,5CX8,1,True
5D01,A,B,../../GraPPI_data/PDB/old_dimer_db/5D01.pdb,old_dimer_db,5D01,1,True
5D04,C,D,../../GraPPI_data/PDB/old_dimer_db/5D04.pdb,old_dimer_db,5D04,1,True
5D1I,A,B,../../GraPPI_data/PDB/old_dimer_db/5D1I.pdb,old_dimer_db,5D1I,1,True
5D1R,A,B,../../GraPPI_data/PDB/old_dimer_db/5D1R.pdb,old_dimer_db,5D1R,1,True
5D1V,A,B,../../GraPPI_data/PDB/old_dimer_db/5D1V.pdb,old_dimer_db,5D1V,1,True
5DBK,A,B,../../GraPPI_data/PDB/old_dimer_db/5DBK.pdb,old_dimer_db,5DBK,1,True
5DCL,A,B,../../GraPPI_data/PDB/old_dimer_db/5DCL.pdb,old_dimer_db,5DCL,1,True
5DD8,A,B,../../GraPPI_data/PDB/old_dimer_db/5DD8.pdb,old_dimer_db,5DD8,1,True
5DEQ,A,B,../../GraPPI_data/PDB/old_dimer_db/5DEQ.pdb,old_dimer_db,5DEQ,1,True
5DGQ,A,B,../../GraPPI_data/PDB/old_dimer_db/5DGQ.pdb,old_dimer_db,5DGQ,1,True
5DHL,A,B,../../GraPPI_data/PDB/old_dimer_db/5DHL.pdb,old_dimer_db,5DHL,1,True
5DMN,A,B,../../GraPPI_data/PDB/old_dimer_db/5DMN.pdb,old_dimer_db,5DMN,1,True
5DOO,A,B,../../GraPPI_data/PDB/old_dimer_db/5DOO.pdb,old_dimer_db,5DOO,2,True
5DWD,A,B,../../GraPPI_data/PDB/old_dimer_db/5DWD.pdb,old_dimer_db,5DWD,1,True
5DZQ,A,O,../../GraPPI_data/PDB/old_dimer_db/5DZQ.pdb,old_dimer_db,5DZQ,1,True
5DZS,A,B,../../GraPPI_data/PDB/old_dimer_db/5DZS.pdb,old_dimer_db,5DZS,2,True
5E2C,A,B,../../GraPPI_data/PDB/old_dimer_db/5E2C.pdb,old_dimer_db,5E2C,1,True
5ECC,A,B,../../GraPPI_data/PDB/old_dimer_db/5ECC.pdb,old_dimer_db,5ECC,1,True
5ECD,A,B,../../GraPPI_data/PDB/old_dimer_db/5ECD.pdb,old_dimer_db,5ECD,1,True
5EK5,A,B,../../GraPPI_data/PDB/old_dimer_db/5EK5.pdb,old_dimer_db,5EK5,1,True
5ELL,A,B,../../GraPPI_data/PDB/old_dimer_db/5ELL.pdb,old_dimer_db,5ELL,1,True
5ENZ,A,B,../../GraPPI_data/PDB/old_dimer_db/5ENZ.pdb,old_dimer_db,5ENZ,5,True
5EO6,A,B,../../GraPPI_data/PDB/old_dimer_db/5EO6.pdb,old_dimer_db,5EO6,1,True
5EQN,A,B,../../GraPPI_data/PDB/old_dimer_db/5EQN.pdb,old_dimer_db,5EQN,1,True
5EUF,A,B,../../GraPPI_data/PDB/old_dimer_db/5EUF.pdb,old_dimer_db,5EUF,2,True
5EUV,A,B,../../GraPPI_data/PDB/old_dimer_db/5EUV.pdb,old_dimer_db,5EUV,1,True
5EVC,A,B,../../GraPPI_data/PDB/old_dimer_db/5EVC.pdb,old_dimer_db,5EVC,1,True
5EY3,A,B,../../GraPPI_data/PDB/old_dimer_db/5EY3.pdb,old_dimer_db,5EY3,1,True
5EY7,A,B,../../GraPPI_data/PDB/old_dimer_db/5EY7.pdb,old_dimer_db,5EY7,6,True
5EYF,A,B,../../GraPPI_data/PDB/old_dimer_db/5EYF.pdb,old_dimer_db,5EYF,1,True
5EZ1,A,B,../../GraPPI_data/PDB/old_dimer_db/5EZ1.pdb,old_dimer_db,5EZ1,1,True
5F2H,A,B,../../GraPPI_data/PDB/old_dimer_db/5F2H.pdb,old_dimer_db,5F2H,1,True
5F2K,A,B,../../GraPPI_data/PDB/old_dimer_db/5F2K.pdb,old_dimer_db,5F2K,1,True
5F46,A,B,../../GraPPI_data/PDB/old_dimer_db/5F46.pdb,old_dimer_db,5F46,5,True
5F5N,A,B,../../GraPPI_data/PDB/old_dimer_db/5F5N.pdb,old_dimer_db,5F5N,1,True
5F6F,A,B,../../GraPPI_data/PDB/old_dimer_db/5F6F.pdb,old_dimer_db,5F6F,1,True
5FA9,A,B,../../GraPPI_data/PDB/old_dimer_db/5FA9.pdb,old_dimer_db,5FA9,1,True
5FBM,A,B,../../GraPPI_data/PDB/old_dimer_db/5FBM.pdb,old_dimer_db,5FBM,11,True
5FF5,A,B,../../GraPPI_data/PDB/old_dimer_db/5FF5.pdb,old_dimer_db,5FF5,1,True
5FFQ,A,B,../../GraPPI_data/PDB/old_dimer_db/5FFQ.pdb,old_dimer_db,5FFQ,1,True
5FJS,A,B,../../GraPPI_data/PDB/old_dimer_db/5FJS.pdb,old_dimer_db,5FJS,1,True
5FLG,A,B,../../GraPPI_data/PDB/old_dimer_db/5FLG.pdb,old_dimer_db,5FLG,1,True
5FLH,A,B,../../GraPPI_data/PDB/old_dimer_db/5FLH.pdb,old_dimer_db,5FLH,1,True
5FO3,A,B,../../GraPPI_data/PDB/old_dimer_db/5FO3.pdb,old_dimer_db,5FO3,1,True
5FQ1,A,B,../../GraPPI_data/PDB/old_dimer_db/5FQ1.pdb,old_dimer_db,5FQ1,1,True
5FSH,A,B,../../GraPPI_data/PDB/old_dimer_db/5FSH.pdb,old_dimer_db,5FSH,1,True
5FXD,A,B,../../GraPPI_data/PDB/old_dimer_db/5FXD.pdb,old_dimer_db,5FXD,1,True
5FYA,A,B,../../GraPPI_data/PDB/old_dimer_db/5FYA.pdb,old_dimer_db,5FYA,1,True
5FYD,A,B,../../GraPPI_data/PDB/old_dimer_db/5FYD.pdb,old_dimer_db,5FYD,1,True
5FZP,A,B,../../GraPPI_data/PDB/old_dimer_db/5FZP.pdb,old_dimer_db,5FZP,1,True
5G24,A,B,../../GraPPI_data/PDB/old_dimer_db/5G24.pdb,old_dimer_db,5G24,1,True
5G50,A,B,../../GraPPI_data/PDB/old_dimer_db/5G50.pdb,old_dimer_db,5G50,1,True
5GGY,A,N,../../GraPPI_data/PDB/old_dimer_db/5GGY.pdb,old_dimer_db,5GGY,1,True
5GI4,A,B,../../GraPPI_data/PDB/old_dimer_db/5GI4.pdb,old_dimer_db,5GI4,1,True
5GKK,A,B,../../GraPPI_data/PDB/old_dimer_db/5GKK.pdb,old_dimer_db,5GKK,1,True
5GP9,A,B,../../GraPPI_data/PDB/old_dimer_db/5GP9.pdb,old_dimer_db,5GP9,2,True
5GPO,A,B,../../GraPPI_data/PDB/old_dimer_db/5GPO.pdb,old_dimer_db,5GPO,1,True
5GRA,A,B,../../GraPPI_data/PDB/old_dimer_db/5GRA.pdb,old_dimer_db,5GRA,1,True
5GRO,A,B,../../GraPPI_data/PDB/old_dimer_db/5GRO.pdb,old_dimer_db,5GRO,1,True
5GT5,A,B,../../GraPPI_data/PDB/old_dimer_db/5GT5.pdb,old_dimer_db,5GT5,1,True
5GXE,A,B,../../GraPPI_data/PDB/old_dimer_db/5GXE.pdb,old_dimer_db,5GXE,3,True
5GXX,A,B,../../GraPPI_data/PDB/old_dimer_db/5GXX.pdb,old_dimer_db,5GXX,1,True
5H1N,A,B,../../GraPPI_data/PDB/old_dimer_db/5H1N.pdb,old_dimer_db,5H1N,1,True
5H1O,A,B,../../GraPPI_data/PDB/old_dimer_db/5H1O.pdb,old_dimer_db,5H1O,2,True
5H3H,A,B,../../GraPPI_data/PDB/old_dimer_db/5H3H.pdb,old_dimer_db,5H3H,1,True
5H3W,A,B,../../GraPPI_data/PDB/old_dimer_db/5H3W.pdb,old_dimer_db,5H3W,1,True
5H5O,A,B,../../GraPPI_data/PDB/old_dimer_db/5H5O.pdb,old_dimer_db,5H5O,1,True
5HEC,A,B,../../GraPPI_data/PDB/old_dimer_db/5HEC.pdb,old_dimer_db,5HEC,1,True
5HGW,A,B,../../GraPPI_data/PDB/old_dimer_db/5HGW.pdb,old_dimer_db,5HGW,2,True
5HH3,A,C,../../GraPPI_data/PDB/old_dimer_db/5HH3.pdb,old_dimer_db,5HH3,1,True
5HHJ,A,B,../../GraPPI_data/PDB/old_dimer_db/5HHJ.pdb,old_dimer_db,5HHJ,1,True
5HKE,A,B,../../GraPPI_data/PDB/old_dimer_db/5HKE.pdb,old_dimer_db,5HKE,1,True
5HKL,A,B,../../GraPPI_data/PDB/old_dimer_db/5HKL.pdb,old_dimer_db,5HKL,4,True
5HLI,A,B,../../GraPPI_data/PDB/old_dimer_db/5HLI.pdb,old_dimer_db,5HLI,1,True
5HO3,A,B,../../GraPPI_data/PDB/old_dimer_db/5HO3.pdb,old_dimer_db,5HO3,1,True
5HS7,A,B,../../GraPPI_data/PDB/old_dimer_db/5HS7.pdb,old_dimer_db,5HS7,2,True
5HSI,A,B,../../GraPPI_data/PDB/old_dimer_db/5HSI.pdb,old_dimer_db,5HSI,1,True
5HTF,A,B,../../GraPPI_data/PDB/old_dimer_db/5HTF.pdb,old_dimer_db,5HTF,1,True
5HTL,A,B,../../GraPPI_data/PDB/old_dimer_db/5HTL.pdb,old_dimer_db,5HTL,1,True
5HWU,A,B,../../GraPPI_data/PDB/old_dimer_db/5HWU.pdb,old_dimer_db,5HWU,1,True
5HX0,A,B,../../GraPPI_data/PDB/old_dimer_db/5HX0.pdb,old_dimer_db,5HX0,1,True
5HXD,A,B,../../GraPPI_data/PDB/old_dimer_db/5HXD.pdb,old_dimer_db,5HXD,1,True
5I0X,A,B,../../GraPPI_data/PDB/old_dimer_db/5I0X.pdb,old_dimer_db,5I0X,3,True
5I2H,A,B,../../GraPPI_data/PDB/old_dimer_db/5I2H.pdb,old_dimer_db,5I2H,1,True
5I3E,A,B,../../GraPPI_data/PDB/old_dimer_db/5I3E.pdb,old_dimer_db,5I3E,1,True
5I47,A,B,../../GraPPI_data/PDB/old_dimer_db/5I47.pdb,old_dimer_db,5I47,1,True
5I4M,A,B,../../GraPPI_data/PDB/old_dimer_db/5I4M.pdb,old_dimer_db,5I4M,2,True
5IF3,A,B,../../GraPPI_data/PDB/old_dimer_db/5IF3.pdb,old_dimer_db,5IF3,1,True
5IHF,A,B,../../GraPPI_data/PDB/old_dimer_db/5IHF.pdb,old_dimer_db,5IHF,1,True
5IJW,A,B,../../GraPPI_data/PDB/old_dimer_db/5IJW.pdb,old_dimer_db,5IJW,2,True
5IMJ,A,B,../../GraPPI_data/PDB/old_dimer_db/5IMJ.pdb,old_dimer_db,5IMJ,2,True
5IOJ,A,B,../../GraPPI_data/PDB/old_dimer_db/5IOJ.pdb,old_dimer_db,5IOJ,1,True
5J4I,A,B,../../GraPPI_data/PDB/old_dimer_db/5J4I.pdb,old_dimer_db,5J4I,1,True
5J90,A,B,../../GraPPI_data/PDB/old_dimer_db/5J90.pdb,old_dimer_db,5J90,1,True
5JBR,A,B,../../GraPPI_data/PDB/old_dimer_db/5JBR.pdb,old_dimer_db,5JBR,1,True
5JEF,A,B,../../GraPPI_data/PDB/old_dimer_db/5JEF.pdb,old_dimer_db,5JEF,1,True
5JG7,A,B,../../GraPPI_data/PDB/old_dimer_db/5JG7.pdb,old_dimer_db,5JG7,1,True
5JIP,A,B,../../GraPPI_data/PDB/old_dimer_db/5JIP.pdb,old_dimer_db,5JIP,1,True
5JRK,A,B,../../GraPPI_data/PDB/old_dimer_db/5JRK.pdb,old_dimer_db,5JRK,1,True
5JSI,A,B,../../GraPPI_data/PDB/old_dimer_db/5JSI.pdb,old_dimer_db,5JSI,1,True
5JWI,A,B,../../GraPPI_data/PDB/old_dimer_db/5JWI.pdb,old_dimer_db,5JWI,2,True
5JXU,A,B,../../GraPPI_data/PDB/old_dimer_db/5JXU.pdb,old_dimer_db,5JXU,5,True
5K1R,A,B,../../GraPPI_data/PDB/old_dimer_db/5K1R.pdb,old_dimer_db,5K1R,3,True
5K2I,A,B,../../GraPPI_data/PDB/old_dimer_db/5K2I.pdb,old_dimer_db,5K2I,1,True
5K3X,A,B,../../GraPPI_data/PDB/old_dimer_db/5K3X.pdb,old_dimer_db,5K3X,1,True
5K87,A,B,../../GraPPI_data/PDB/old_dimer_db/5K87.pdb,old_dimer_db,5K87,1,True
5KBE,A,B,../../GraPPI_data/PDB/old_dimer_db/5KBE.pdb,old_dimer_db,5KBE,2,True
5KEF,A,B,../../GraPPI_data/PDB/old_dimer_db/5KEF.pdb,old_dimer_db,5KEF,2,True
5KGH,A,B,../../GraPPI_data/PDB/old_dimer_db/5KGH.pdb,old_dimer_db,5KGH,1,True
5KHA,A,B,../../GraPPI_data/PDB/old_dimer_db/5KHA.pdb,old_dimer_db,5KHA,2,True
5KMP,A,B,../../GraPPI_data/PDB/old_dimer_db/5KMP.pdb,old_dimer_db,5KMP,1,True
5KS7,A,B,../../GraPPI_data/PDB/old_dimer_db/5KS7.pdb,old_dimer_db,5KS7,2,True
5KSQ,A,B,../../GraPPI_data/PDB/old_dimer_db/5KSQ.pdb,old_dimer_db,5KSQ,2,True
5KVS,A,B,../../GraPPI_data/PDB/old_dimer_db/5KVS.pdb,old_dimer_db,5KVS,1,True
5L09,A,B,../../GraPPI_data/PDB/old_dimer_db/5L09.pdb,old_dimer_db,5L09,1,True
5L0L,A,B,../../GraPPI_data/PDB/old_dimer_db/5L0L.pdb,old_dimer_db,5L0L,1,True
5L6Z,A,B,../../GraPPI_data/PDB/old_dimer_db/5L6Z.pdb,old_dimer_db,5L6Z,1,True
5L7V,A,B,../../GraPPI_data/PDB/old_dimer_db/5L7V.pdb,old_dimer_db,5L7V,1,True
5LI7,A,B,../../GraPPI_data/PDB/old_dimer_db/5LI7.pdb,old_dimer_db,5LI7,1,True
5LND,A,B,../../GraPPI_data/PDB/old_dimer_db/5LND.pdb,old_dimer_db,5LND,1,True
5LO9,A,B,../../GraPPI_data/PDB/old_dimer_db/5LO9.pdb,old_dimer_db,5LO9,1,True
5LOA,A,B,../../GraPPI_data/PDB/old_dimer_db/5LOA.pdb,old_dimer_db,5LOA,4,True
5LOJ,A,B,../../GraPPI_data/PDB/old_dimer_db/5LOJ.pdb,old_dimer_db,5LOJ,1,True
5LQ4,A,B,../../GraPPI_data/PDB/old_dimer_db/5LQ4.pdb,old_dimer_db,5LQ4,1,True
5LWK,A,B,../../GraPPI_data/PDB/old_dimer_db/5LWK.pdb,old_dimer_db,5LWK,1,True
5M1T,A,B,../../GraPPI_data/PDB/old_dimer_db/5M1T.pdb,old_dimer_db,5M1T,1,True
5M2A,A,B,../../GraPPI_data/PDB/old_dimer_db/5M2A.pdb,old_dimer_db,5M2A,2,True
5M58,A,B,../../GraPPI_data/PDB/old_dimer_db/5M58.pdb,old_dimer_db,5M58,1,True
5M65,A,B,../../GraPPI_data/PDB/old_dimer_db/5M65.pdb,old_dimer_db,5M65,1,True
5M7O,A,B,../../GraPPI_data/PDB/old_dimer_db/5M7O.pdb,old_dimer_db,5M7O,1,True
5M8E,A,B,../../GraPPI_data/PDB/old_dimer_db/5M8E.pdb,old_dimer_db,5M8E,1,True
5M99,A,B,../../GraPPI_data/PDB/old_dimer_db/5M99.pdb,old_dimer_db,5M99,1,True
5MAU,A,B,../../GraPPI_data/PDB/old_dimer_db/5MAU.pdb,old_dimer_db,5MAU,1,True
5MED,A,B,../../GraPPI_data/PDB/old_dimer_db/5MED.pdb,old_dimer_db,5MED,1,True
5MGZ,A,B,../../GraPPI_data/PDB/old_dimer_db/5MGZ.pdb,old_dimer_db,5MGZ,1,True
5MIL,A,B,../../GraPPI_data/PDB/old_dimer_db/5MIL.pdb,old_dimer_db,5MIL,1,True
5MLQ,A,B,../../GraPPI_data/PDB/old_dimer_db/5MLQ.pdb,old_dimer_db,5MLQ,1,True
5MQ8,A,D,../../GraPPI_data/PDB/old_dimer_db/5MQ8.pdb,old_dimer_db,5MQ8,1,True
5N2B,A,B,../../GraPPI_data/PDB/old_dimer_db/5N2B.pdb,old_dimer_db,5N2B,1,True
5N6X,A,B,../../GraPPI_data/PDB/old_dimer_db/5N6X.pdb,old_dimer_db,5N6X,1,True
5NAK,A,B,../../GraPPI_data/PDB/old_dimer_db/5NAK.pdb,old_dimer_db,5NAK,1,True
5NBG,A,B,../../GraPPI_data/PDB/old_dimer_db/5NBG.pdb,old_dimer_db,5NBG,2,True
5NEN,A,B,../../GraPPI_data/PDB/old_dimer_db/5NEN.pdb,old_dimer_db,5NEN,1,True
5NL9,A,B,../../GraPPI_data/PDB/old_dimer_db/5NL9.pdb,old_dimer_db,5NL9,1,True
5NO5,A,B,../../GraPPI_data/PDB/old_dimer_db/5NO5.pdb,old_dimer_db,5NO5,1,True
5NX5,A,B,../../GraPPI_data/PDB/old_dimer_db/5NX5.pdb,old_dimer_db,5NX5,2,True
5NX6,A,B,../../GraPPI_data/PDB/old_dimer_db/5NX6.pdb,old_dimer_db,5NX6,1,True
5O25,A,B,../../GraPPI_data/PDB/old_dimer_db/5O25.pdb,old_dimer_db,5O25,1,True
5O8Z,A,B,../../GraPPI_data/PDB/old_dimer_db/5O8Z.pdb,old_dimer_db,5O8Z,1,True
5OBP,A,B,../../GraPPI_data/PDB/old_dimer_db/5OBP.pdb,old_dimer_db,5OBP,1,True
5OKJ,A,B,../../GraPPI_data/PDB/old_dimer_db/5OKJ.pdb,old_dimer_db,5OKJ,3,True
5ORG,A,B,../../GraPPI_data/PDB/old_dimer_db/5ORG.pdb,old_dimer_db,5ORG,1,True
5SXW,A,B,../../GraPPI_data/PDB/old_dimer_db/5SXW.pdb,old_dimer_db,5SXW,2,True
5T67,A,B,../../GraPPI_data/PDB/old_dimer_db/5T67.pdb,old_dimer_db,5T67,1,True
5TGS,A,B,../../GraPPI_data/PDB/old_dimer_db/5TGS.pdb,old_dimer_db,5TGS,1,True
5TGT,A,B,../../GraPPI_data/PDB/old_dimer_db/5TGT.pdb,old_dimer_db,5TGT,1,True
5TJJ,A,B,../../GraPPI_data/PDB/old_dimer_db/5TJJ.pdb,old_dimer_db,5TJJ,1,True
5TP4,A,B,../../GraPPI_data/PDB/old_dimer_db/5TP4.pdb,old_dimer_db,5TP4,2,True
5TSD,A,B,../../GraPPI_data/PDB/old_dimer_db/5TSD.pdb,old_dimer_db,5TSD,1,True
5TTA,A,B,../../GraPPI_data/PDB/old_dimer_db/5TTA.pdb,old_dimer_db,5TTA,1,True
5TZ0,A,B,../../GraPPI_data/PDB/old_dimer_db/5TZ0.pdb,old_dimer_db,5TZ0,1,True
5U63,A,B,../../GraPPI_data/PDB/old_dimer_db/5U63.pdb,old_dimer_db,5U63,1,True
5U93,A,B,../../GraPPI_data/PDB/old_dimer_db/5U93.pdb,old_dimer_db,5U93,1,True
5UB9,A,B,../../GraPPI_data/PDB/old_dimer_db/5UB9.pdb,old_dimer_db,5UB9,2,True
5UBF,A,B,../../GraPPI_data/PDB/old_dimer_db/5UBF.pdb,old_dimer_db,5UBF,1,True
5UC0,A,B,../../GraPPI_data/PDB/old_dimer_db/5UC0.pdb,old_dimer_db,5UC0,1,True
5UCM,A,B,../../GraPPI_data/PDB/old_dimer_db/5UCM.pdb,old_dimer_db,5UCM,2,True
5UCV,A,B,../../GraPPI_data/PDB/old_dimer_db/5UCV.pdb,old_dimer_db,5UCV,1,True
5UEB,A,B,../../GraPPI_data/PDB/old_dimer_db/5UEB.pdb,old_dimer_db,5UEB,1,True
5UF5,A,B,../../GraPPI_data/PDB/old_dimer_db/5UF5.pdb,old_dimer_db,5UF5,1,True
5UI9,A,B,../../GraPPI_data/PDB/old_dimer_db/5UI9.pdb,old_dimer_db,5UI9,5,True
5UIJ,A,B,../../GraPPI_data/PDB/old_dimer_db/5UIJ.pdb,old_dimer_db,5UIJ,1,True
5UJS,A,B,../../GraPPI_data/PDB/old_dimer_db/5UJS.pdb,old_dimer_db,5UJS,1,True
5UKV,A,B,../../GraPPI_data/PDB/old_dimer_db/5UKV.pdb,old_dimer_db,5UKV,1,True
5UMH,A,B,../../GraPPI_data/PDB/old_dimer_db/5UMH.pdb,old_dimer_db,5UMH,6,True
5UNN,A,B,../../GraPPI_data/PDB/old_dimer_db/5UNN.pdb,old_dimer_db,5UNN,1,True
5UOF,A,B,../../GraPPI_data/PDB/old_dimer_db/5UOF.pdb,old_dimer_db,5UOF,1,True
5UPS,A,B,../../GraPPI_data/PDB/old_dimer_db/5UPS.pdb,old_dimer_db,5UPS,1,True
5UTX,A,B,../../GraPPI_data/PDB/old_dimer_db/5UTX.pdb,old_dimer_db,5UTX,1,True
5UZX,A,B,../../GraPPI_data/PDB/old_dimer_db/5UZX.pdb,old_dimer_db,5UZX,1,True
5V00,A,B,../../GraPPI_data/PDB/old_dimer_db/5V00.pdb,old_dimer_db,5V00,1,True
5V01,A,B,../../GraPPI_data/PDB/old_dimer_db/5V01.pdb,old_dimer_db,5V01,2,True
5V3T,A,B,../../GraPPI_data/PDB/old_dimer_db/5V3T.pdb,old_dimer_db,5V3T,1,True
5V77,A,B,../../GraPPI_data/PDB/old_dimer_db/5V77.pdb,old_dimer_db,5V77,1,True
5V8S,A,B,../../GraPPI_data/PDB/old_dimer_db/5V8S.pdb,old_dimer_db,5V8S,2,True
5VGM,A,B,../../GraPPI_data/PDB/old_dimer_db/5VGM.pdb,old_dimer_db,5VGM,3,True
5VIU,A,B,../../GraPPI_data/PDB/old_dimer_db/5VIU.pdb,old_dimer_db,5VIU,31,True
5VK4,A,B,../../GraPPI_data/PDB/old_dimer_db/5VK4.pdb,old_dimer_db,5VK4,3,True
5VN6,A,B,../../GraPPI_data/PDB/old_dimer_db/5VN6.pdb,old_dimer_db,5VN6,4,True
5VSJ,A,B,../../GraPPI_data/PDB/old_dimer_db/5VSJ.pdb,old_dimer_db,5VSJ,2,True
5VYM,A,B,../../GraPPI_data/PDB/old_dimer_db/5VYM.pdb,old_dimer_db,5VYM,1,True
5VYR,A,B,../../GraPPI_data/PDB/old_dimer_db/5VYR.pdb,old_dimer_db,5VYR,1,True
5VYV,A,B,../../GraPPI_data/PDB/old_dimer_db/5VYV.pdb,old_dimer_db,5VYV,1,True
5W1Q,A,B,../../GraPPI_data/PDB/old_dimer_db/5W1Q.pdb,old_dimer_db,5W1Q,2,True
5W4N,A,B,../../GraPPI_data/PDB/old_dimer_db/5W4N.pdb,old_dimer_db,5W4N,1,True
5W5A,A,B,../../GraPPI_data/PDB/old_dimer_db/5W5A.pdb,old_dimer_db,5W5A,1,True
5W6L,A,B,../../GraPPI_data/PDB/old_dimer_db/5W6L.pdb,old_dimer_db,5W6L,1,True
5WAY,A,B,../../GraPPI_data/PDB/old_dimer_db/5WAY.pdb,old_dimer_db,5WAY,1,True
5WEC,A,B,../../GraPPI_data/PDB/old_dimer_db/5WEC.pdb,old_dimer_db,5WEC,1,True
5WO2,A,B,../../GraPPI_data/PDB/old_dimer_db/5WO2.pdb,old_dimer_db,5WO2,1,True
5WPK,A,B,../../GraPPI_data/PDB/old_dimer_db/5WPK.pdb,old_dimer_db,5WPK,2,True
5WQP,A,B,../../GraPPI_data/PDB/old_dimer_db/5WQP.pdb,old_dimer_db,5WQP,4,True
5WQV,A,B,../../GraPPI_data/PDB/old_dimer_db/5WQV.pdb,old_dimer_db,5WQV,4,True
5WSY,A,B,../../GraPPI_data/PDB/old_dimer_db/5WSY.pdb,old_dimer_db,5WSY,1,True
5WUT,A,B,../../GraPPI_data/PDB/old_dimer_db/5WUT.pdb,old_dimer_db,5WUT,1,True
5WZF,A,B,../../GraPPI_data/PDB/old_dimer_db/5WZF.pdb,old_dimer_db,5WZF,1,True
5X1N,A,B,../../GraPPI_data/PDB/old_dimer_db/5X1N.pdb,old_dimer_db,5X1N,1,True
5X8Z,A,B,../../GraPPI_data/PDB/old_dimer_db/5X8Z.pdb,old_dimer_db,5X8Z,1,True
5X9H,A,B,../../GraPPI_data/PDB/old_dimer_db/5X9H.pdb,old_dimer_db,5X9H,1,True
5XAS,A,B,../../GraPPI_data/PDB/old_dimer_db/5XAS.pdb,old_dimer_db,5XAS,1,True
5XAV,A,B,../../GraPPI_data/PDB/old_dimer_db/5XAV.pdb,old_dimer_db,5XAV,1,True
5XBI,A,B,../../GraPPI_data/PDB/old_dimer_db/5XBI.pdb,old_dimer_db,5XBI,1,True
5XD8,A,B,../../GraPPI_data/PDB/old_dimer_db/5XD8.pdb,old_dimer_db,5XD8,16,True
5XDM,A,B,../../GraPPI_data/PDB/old_dimer_db/5XDM.pdb,old_dimer_db,5XDM,1,True
5XE5,A,B,../../GraPPI_data/PDB/old_dimer_db/5XE5.pdb,old_dimer_db,5XE5,2,True
5XGV,A,B,../../GraPPI_data/PDB/old_dimer_db/5XGV.pdb,old_dimer_db,5XGV,1,True
5XGW,A,B,../../GraPPI_data/PDB/old_dimer_db/5XGW.pdb,old_dimer_db,5XGW,1,True
5XJ8,A,B,../../GraPPI_data/PDB/old_dimer_db/5XJ8.pdb,old_dimer_db,5XJ8,1,True
5XKA,A,B,../../GraPPI_data/PDB/old_dimer_db/5XKA.pdb,old_dimer_db,5XKA,1,True
5XKO,A,B,../../GraPPI_data/PDB/old_dimer_db/5XKO.pdb,old_dimer_db,5XKO,1,True
5XKT,A,B,../../GraPPI_data/PDB/old_dimer_db/5XKT.pdb,old_dimer_db,5XKT,1,True
5XLV,A,B,../../GraPPI_data/PDB/old_dimer_db/5XLV.pdb,old_dimer_db,5XLV,2,True
5XO0,A,B,../../GraPPI_data/PDB/old_dimer_db/5XO0.pdb,old_dimer_db,5XO0,2,True
5XP0,A,B,../../GraPPI_data/PDB/old_dimer_db/5XP0.pdb,old_dimer_db,5XP0,1,True
5XPX,A,E,../../GraPPI_data/PDB/old_dimer_db/5XPX.pdb,old_dimer_db,5XPX,1,True
5XS9,A,B,../../GraPPI_data/PDB/old_dimer_db/5XS9.pdb,old_dimer_db,5XS9,3,True
5XUN,A,B,../../GraPPI_data/PDB/old_dimer_db/5XUN.pdb,old_dimer_db,5XUN,2,True
5Y0Q,A,B,../../GraPPI_data/PDB/old_dimer_db/5Y0Q.pdb,old_dimer_db,5Y0Q,1,True
5Y3Z,A,B,../../GraPPI_data/PDB/old_dimer_db/5Y3Z.pdb,old_dimer_db,5Y3Z,1,True
5Y69,A,B,../../GraPPI_data/PDB/old_dimer_db/5Y69.pdb,old_dimer_db,5Y69,1,True
5Y6I,A,B,../../GraPPI_data/PDB/old_dimer_db/5Y6I.pdb,old_dimer_db,5Y6I,1,True
5Y8F,A,B,../../GraPPI_data/PDB/old_dimer_db/5Y8F.pdb,old_dimer_db,5Y8F,1,True
5Y8L,A,B,../../GraPPI_data/PDB/old_dimer_db/5Y8L.pdb,old_dimer_db,5Y8L,2,True
5YDD,A,B,../../GraPPI_data/PDB/old_dimer_db/5YDD.pdb,old_dimer_db,5YDD,1,True
5YER,A,B,../../GraPPI_data/PDB/old_dimer_db/5YER.pdb,old_dimer_db,5YER,1,True
5YGE,A,B,../../GraPPI_data/PDB/old_dimer_db/5YGE.pdb,old_dimer_db,5YGE,1,True
5YGQ,A,B,../../GraPPI_data/PDB/old_dimer_db/5YGQ.pdb,old_dimer_db,5YGQ,1,True
5YHI,A,B,../../GraPPI_data/PDB/old_dimer_db/5YHI.pdb,old_dimer_db,5YHI,1,True
5YJC,A,B,../../GraPPI_data/PDB/old_dimer_db/5YJC.pdb,old_dimer_db,5YJC,1,True
5YN4,A,B,../../GraPPI_data/PDB/old_dimer_db/5YN4.pdb,old_dimer_db,5YN4,1,True
5YO8,A,B,../../GraPPI_data/PDB/old_dimer_db/5YO8.pdb,old_dimer_db,5YO8,1,True
5YRP,A,B,../../GraPPI_data/PDB/old_dimer_db/5YRP.pdb,old_dimer_db,5YRP,2,True
5YTP,A,B,../../GraPPI_data/PDB/old_dimer_db/5YTP.pdb,old_dimer_db,5YTP,1,True
5YZ2,A,B,../../GraPPI_data/PDB/old_dimer_db/5YZ2.pdb,old_dimer_db,5YZ2,4,True
5Z03,A,B,../../GraPPI_data/PDB/old_dimer_db/5Z03.pdb,old_dimer_db,5Z03,7,True
5Z16,A,B,../../GraPPI_data/PDB/old_dimer_db/5Z16.pdb,old_dimer_db,5Z16,1,True
5Z2V,A,B,../../GraPPI_data/PDB/old_dimer_db/5Z2V.pdb,old_dimer_db,5Z2V,1,True
5Z69,A,B,../../GraPPI_data/PDB/old_dimer_db/5Z69.pdb,old_dimer_db,5Z69,1,True
5Z6N,A,B,../../GraPPI_data/PDB/old_dimer_db/5Z6N.pdb,old_dimer_db,5Z6N,1,True
5Z73,A,B,../../GraPPI_data/PDB/old_dimer_db/5Z73.pdb,old_dimer_db,5Z73,1,True
5Z8B,A,B,../../GraPPI_data/PDB/old_dimer_db/5Z8B.pdb,old_dimer_db,5Z8B,1,True
5Z8O,A,B,../../GraPPI_data/PDB/old_dimer_db/5Z8O.pdb,old_dimer_db,5Z8O,1,True
5Z9A,A,B,../../GraPPI_data/PDB/old_dimer_db/5Z9A.pdb,old_dimer_db,5Z9A,1,True
5ZA3,A,B,../../GraPPI_data/PDB/old_dimer_db/5ZA3.pdb,old_dimer_db,5ZA3,1,True
5ZBD,A,B,../../GraPPI_data/PDB/old_dimer_db/5ZBD.pdb,old_dimer_db,5ZBD,1,True
5ZFK,A,B,../../GraPPI_data/PDB/old_dimer_db/5ZFK.pdb,old_dimer_db,5ZFK,1,True
5ZH8,A,B,../../GraPPI_data/PDB/old_dimer_db/5ZH8.pdb,old_dimer_db,5ZH8,1,True
5ZHC,A,B,../../GraPPI_data/PDB/old_dimer_db/5ZHC.pdb,old_dimer_db,5ZHC,2,True
5ZJB,A,B,../../GraPPI_data/PDB/old_dimer_db/5ZJB.pdb,old_dimer_db,5ZJB,3,True
5ZKA,A,B,../../GraPPI_data/PDB/old_dimer_db/5ZKA.pdb,old_dimer_db,5ZKA,1,True
5ZLR,A,B,../../GraPPI_data/PDB/old_dimer_db/5ZLR.pdb,old_dimer_db,5ZLR,1,True
5ZNM,A,B,../../GraPPI_data/PDB/old_dimer_db/5ZNM.pdb,old_dimer_db,5ZNM,1,True
5ZOI,A,B,../../GraPPI_data/PDB/old_dimer_db/5ZOI.pdb,old_dimer_db,5ZOI,1,True
5ZOV,A,B,../../GraPPI_data/PDB/old_dimer_db/5ZOV.pdb,old_dimer_db,5ZOV,1,True
5ZTC,A,B,../../GraPPI_data/PDB/old_dimer_db/5ZTC.pdb,old_dimer_db,5ZTC,1,True
5ZUM,A,B,../../GraPPI_data/PDB/old_dimer_db/5ZUM.pdb,old_dimer_db,5ZUM,1,True
5ZXG,A,B,../../GraPPI_data/PDB/old_dimer_db/5ZXG.pdb,old_dimer_db,5ZXG,1,True
5ZXM,A,B,../../GraPPI_data/PDB/old_dimer_db/5ZXM.pdb,old_dimer_db,5ZXM,2,True
5ZXN,A,B,../../GraPPI_data/PDB/old_dimer_db/5ZXN.pdb,old_dimer_db,5ZXN,1,True
5ZYR,A,B,../../GraPPI_data/PDB/old_dimer_db/5ZYR.pdb,old_dimer_db,5ZYR,1,True
5ZZ7,A,B,../../GraPPI_data/PDB/old_dimer_db/5ZZ7.pdb,old_dimer_db,5ZZ7,1,True
6A1K,A,B,../../GraPPI_data/PDB/old_dimer_db/6A1K.pdb,old_dimer_db,6A1K,2,True
6A27,A,B,../../GraPPI_data/PDB/old_dimer_db/6A27.pdb,old_dimer_db,6A27,1,True
6A4J,A,B,../../GraPPI_data/PDB/old_dimer_db/6A4J.pdb,old_dimer_db,6A4J,1,True
6A4R,A,B,../../GraPPI_data/PDB/old_dimer_db/6A4R.pdb,old_dimer_db,6A4R,1,True
6A4T,A,B,../../GraPPI_data/PDB/old_dimer_db/6A4T.pdb,old_dimer_db,6A4T,1,True
6A4W,A,B,../../GraPPI_data/PDB/old_dimer_db/6A4W.pdb,old_dimer_db,6A4W,1,True
6A52,A,B,../../GraPPI_data/PDB/old_dimer_db/6A52.pdb,old_dimer_db,6A52,2,True
6A55,A,B,../../GraPPI_data/PDB/old_dimer_db/6A55.pdb,old_dimer_db,6A55,4,True
6A6F,A,B,../../GraPPI_data/PDB/old_dimer_db/6A6F.pdb,old_dimer_db,6A6F,1,True
6A80,A,B,../../GraPPI_data/PDB/old_dimer_db/6A80.pdb,old_dimer_db,6A80,2,True
6A8X,A,B,../../GraPPI_data/PDB/old_dimer_db/6A8X.pdb,old_dimer_db,6A8X,2,True
6AAE,A,B,../../GraPPI_data/PDB/old_dimer_db/6AAE.pdb,old_dimer_db,6AAE,1,True
6AEP,A,B,../../GraPPI_data/PDB/old_dimer_db/6AEP.pdb,old_dimer_db,6AEP,1,True
6AGL,A,B,../../GraPPI_data/PDB/old_dimer_db/6AGL.pdb,old_dimer_db,6AGL,1,True
6AHP,A,B,../../GraPPI_data/PDB/old_dimer_db/6AHP.pdb,old_dimer_db,6AHP,1,True
6AHW,A,B,../../GraPPI_data/PDB/old_dimer_db/6AHW.pdb,old_dimer_db,6AHW,1,True
6AL9,A,B,../../GraPPI_data/PDB/old_dimer_db/6AL9.pdb,old_dimer_db,6AL9,4,True
6ALL,A,B,../../GraPPI_data/PDB/old_dimer_db/6ALL.pdb,old_dimer_db,6ALL,1,True
6AMG,A,B,../../GraPPI_data/PDB/old_dimer_db/6AMG.pdb,old_dimer_db,6AMG,1,True
6AQE,A,B,../../GraPPI_data/PDB/old_dimer_db/6AQE.pdb,old_dimer_db,6AQE,1,True
6AZ6,A,B,../../GraPPI_data/PDB/old_dimer_db/6AZ6.pdb,old_dimer_db,6AZ6,1,True
6B6W,A,B,../../GraPPI_data/PDB/old_dimer_db/6B6W.pdb,old_dimer_db,6B6W,1,True
6B7J,A,B,../../GraPPI_data/PDB/old_dimer_db/6B7J.pdb,old_dimer_db,6B7J,3,True
6B7P,A,B,../../GraPPI_data/PDB/old_dimer_db/6B7P.pdb,old_dimer_db,6B7P,1,True
6B9V,A,B,../../GraPPI_data/PDB/old_dimer_db/6B9V.pdb,old_dimer_db,6B9V,3,True
6BJT,A,B,../../GraPPI_data/PDB/old_dimer_db/6BJT.pdb,old_dimer_db,6BJT,2,True
6BMA,A,B,../../GraPPI_data/PDB/old_dimer_db/6BMA.pdb,old_dimer_db,6BMA,1,True
6BMC,A,B,../../GraPPI_data/PDB/old_dimer_db/6BMC.pdb,old_dimer_db,6BMC,1,True
6BVD,A,B,../../GraPPI_data/PDB/old_dimer_db/6BVD.pdb,old_dimer_db,6BVD,1,True
6BWE,A,B,../../GraPPI_data/PDB/old_dimer_db/6BWE.pdb,old_dimer_db,6BWE,1,True
6C0G,A,B,../../GraPPI_data/PDB/old_dimer_db/6C0G.pdb,old_dimer_db,6C0G,1,True
6C3C,A,B,../../GraPPI_data/PDB/old_dimer_db/6C3C.pdb,old_dimer_db,6C3C,1,True
6C84,A,B,../../GraPPI_data/PDB/old_dimer_db/6C84.pdb,old_dimer_db,6C84,1,True
6C9T,A,B,../../GraPPI_data/PDB/old_dimer_db/6C9T.pdb,old_dimer_db,6C9T,8,True
6CC0,A,B,../../GraPPI_data/PDB/old_dimer_db/6CC0.pdb,old_dimer_db,6CC0,1,True
6CGO,A,B,../../GraPPI_data/PDB/old_dimer_db/6CGO.pdb,old_dimer_db,6CGO,1,True
6CGQ,A,B,../../GraPPI_data/PDB/old_dimer_db/6CGQ.pdb,old_dimer_db,6CGQ,1,True
6CHJ,A,B,../../GraPPI_data/PDB/old_dimer_db/6CHJ.pdb,old_dimer_db,6CHJ,1,True
6CKK,A,B,../../GraPPI_data/PDB/old_dimer_db/6CKK.pdb,old_dimer_db,6CKK,1,True
6CKY,A,B,../../GraPPI_data/PDB/old_dimer_db/6CKY.pdb,old_dimer_db,6CKY,2,True
6CPB,A,B,../../GraPPI_data/PDB/old_dimer_db/6CPB.pdb,old_dimer_db,6CPB,1,True
6CPD,A,B,../../GraPPI_data/PDB/old_dimer_db/6CPD.pdb,old_dimer_db,6CPD,1,True
6CUJ,A,B,../../GraPPI_data/PDB/old_dimer_db/6CUJ.pdb,old_dimer_db,6CUJ,1,True
6CY5,A,B,../../GraPPI_data/PDB/old_dimer_db/6CY5.pdb,old_dimer_db,6CY5,1,True
6CYZ,A,B,../../GraPPI_data/PDB/old_dimer_db/6CYZ.pdb,old_dimer_db,6CYZ,1,True
6D1P,A,B,../../GraPPI_data/PDB/old_dimer_db/6D1P.pdb,old_dimer_db,6D1P,1,True
6D2W,A,B,../../GraPPI_data/PDB/old_dimer_db/6D2W.pdb,old_dimer_db,6D2W,1,True
6D3V,A,B,../../GraPPI_data/PDB/old_dimer_db/6D3V.pdb,old_dimer_db,6D3V,1,True
6D57,A,B,../../GraPPI_data/PDB/old_dimer_db/6D57.pdb,old_dimer_db,6D57,1,True
6D79,A,B,../../GraPPI_data/PDB/old_dimer_db/6D79.pdb,old_dimer_db,6D79,1,True
6D7R,A,B,../../GraPPI_data/PDB/old_dimer_db/6D7R.pdb,old_dimer_db,6D7R,2,True
6D9R,A,B,../../GraPPI_data/PDB/old_dimer_db/6D9R.pdb,old_dimer_db,6D9R,4,True
6DAW,A,B,../../GraPPI_data/PDB/old_dimer_db/6DAW.pdb,old_dimer_db,6DAW,1,True
6DB1,A,B,../../GraPPI_data/PDB/old_dimer_db/6DB1.pdb,old_dimer_db,6DB1,1,True
6DGB,A,B,../../GraPPI_data/PDB/old_dimer_db/6DGB.pdb,old_dimer_db,6DGB,1,True
6DK4,A,B,../../GraPPI_data/PDB/old_dimer_db/6DK4.pdb,old_dimer_db,6DK4,1,True
6DM3,A,B,../../GraPPI_data/PDB/old_dimer_db/6DM3.pdb,old_dimer_db,6DM3,1,True
6DQP,A,B,../../GraPPI_data/PDB/old_dimer_db/6DQP.pdb,old_dimer_db,6DQP,1,True
6DT3,A,B,../../GraPPI_data/PDB/old_dimer_db/6DT3.pdb,old_dimer_db,6DT3,2,True
6DUX,A,B,../../GraPPI_data/PDB/old_dimer_db/6DUX.pdb,old_dimer_db,6DUX,1,True
6E0A,A,B,../../GraPPI_data/PDB/old_dimer_db/6E0A.pdb,old_dimer_db,6E0A,1,True
6E12,A,B,../../GraPPI_data/PDB/old_dimer_db/6E12.pdb,old_dimer_db,6E12,1,True
6EBQ,A,B,../../GraPPI_data/PDB/old_dimer_db/6EBQ.pdb,old_dimer_db,6EBQ,1,True
6EJT,A,B,../../GraPPI_data/PDB/old_dimer_db/6EJT.pdb,old_dimer_db,6EJT,1,True
6ENI,A,B,../../GraPPI_data/PDB/old_dimer_db/6ENI.pdb,old_dimer_db,6ENI,1,True
6EP3,A,B,../../GraPPI_data/PDB/old_dimer_db/6EP3.pdb,old_dimer_db,6EP3,1,True
6ER2,A,B,../../GraPPI_data/PDB/old_dimer_db/6ER2.pdb,old_dimer_db,6ER2,1,True
6ES9,A,B,../../GraPPI_data/PDB/old_dimer_db/6ES9.pdb,old_dimer_db,6ES9,1,True
6ESL,A,B,../../GraPPI_data/PDB/old_dimer_db/6ESL.pdb,old_dimer_db,6ESL,1,True
6EWM,A,F,../../GraPPI_data/PDB/old_dimer_db/6EWM.pdb,old_dimer_db,6EWM,1,True
6EXA,A,B,../../GraPPI_data/PDB/old_dimer_db/6EXA.pdb,old_dimer_db,6EXA,2,True
6EXM,A,B,../../GraPPI_data/PDB/old_dimer_db/6EXM.pdb,old_dimer_db,6EXM,1,True
6F7L,A,B,../../GraPPI_data/PDB/old_dimer_db/6F7L.pdb,old_dimer_db,6F7L,1,True
6F9M,A,B,../../GraPPI_data/PDB/old_dimer_db/6F9M.pdb,old_dimer_db,6F9M,1,True
6FF2,A,B,../../GraPPI_data/PDB/old_dimer_db/6FF2.pdb,old_dimer_db,6FF2,2,True
6FH1,A,B,../../GraPPI_data/PDB/old_dimer_db/6FH1.pdb,old_dimer_db,6FH1,1,True
6FHM,A,B,../../GraPPI_data/PDB/old_dimer_db/6FHM.pdb,old_dimer_db,6FHM,1,True
6FLU,A,B,../../GraPPI_data/PDB/old_dimer_db/6FLU.pdb,old_dimer_db,6FLU,1,True
6FU3,A,B,../../GraPPI_data/PDB/old_dimer_db/6FU3.pdb,old_dimer_db,6FU3,3,True
6FV4,A,B,../../GraPPI_data/PDB/old_dimer_db/6FV4.pdb,old_dimer_db,6FV4,2,True
6FV8,A,B,../../GraPPI_data/PDB/old_dimer_db/6FV8.pdb,old_dimer_db,6FV8,1,True
6G58,A,B,../../GraPPI_data/PDB/old_dimer_db/6G58.pdb,old_dimer_db,6G58,16,True
6GAR,A,B,../../GraPPI_data/PDB/old_dimer_db/6GAR.pdb,old_dimer_db,6GAR,1,True
6GAY,A,B,../../GraPPI_data/PDB/old_dimer_db/6GAY.pdb,old_dimer_db,6GAY,1,True
6GFL,A,B,../../GraPPI_data/PDB/old_dimer_db/6GFL.pdb,old_dimer_db,6GFL,1,True
6GHC,A,B,../../GraPPI_data/PDB/old_dimer_db/6GHC.pdb,old_dimer_db,6GHC,1,True
6GRR,A,B,../../GraPPI_data/PDB/old_dimer_db/6GRR.pdb,old_dimer_db,6GRR,2,True
6GYZ,A,B,../../GraPPI_data/PDB/old_dimer_db/6GYZ.pdb,old_dimer_db,6GYZ,3,True
6H2L,A,B,../../GraPPI_data/PDB/old_dimer_db/6H2L.pdb,old_dimer_db,6H2L,1,True
6H59,A,B,../../GraPPI_data/PDB/old_dimer_db/6H59.pdb,old_dimer_db,6H59,1,True
6H6O,A,B,../../GraPPI_data/PDB/old_dimer_db/6H6O.pdb,old_dimer_db,6H6O,1,True
6H8F,A,B,../../GraPPI_data/PDB/old_dimer_db/6H8F.pdb,old_dimer_db,6H8F,1,True
6HBZ,A,B,../../GraPPI_data/PDB/old_dimer_db/6HBZ.pdb,old_dimer_db,6HBZ,1,True
6HDZ,A,B,../../GraPPI_data/PDB/old_dimer_db/6HDZ.pdb,old_dimer_db,6HDZ,5,True
6HE2,A,B,../../GraPPI_data/PDB/old_dimer_db/6HE2.pdb,old_dimer_db,6HE2,1,True
6HIH,A,B,../../GraPPI_data/PDB/old_dimer_db/6HIH.pdb,old_dimer_db,6HIH,1,True
6HQ7,A,B,../../GraPPI_data/PDB/old_dimer_db/6HQ7.pdb,old_dimer_db,6HQ7,1,True
6HQZ,A,B,../../GraPPI_data/PDB/old_dimer_db/6HQZ.pdb,old_dimer_db,6HQZ,1,True
6HS0,A,B,../../GraPPI_data/PDB/old_dimer_db/6HS0.pdb,old_dimer_db,6HS0,1,True
6HTO,A,B,../../GraPPI_data/PDB/old_dimer_db/6HTO.pdb,old_dimer_db,6HTO,1,True
6HUH,A,B,../../GraPPI_data/PDB/old_dimer_db/6HUH.pdb,old_dimer_db,6HUH,1,True
6HUW,A,B,../../GraPPI_data/PDB/old_dimer_db/6HUW.pdb,old_dimer_db,6HUW,1,True
6HZK,A,B,../../GraPPI_data/PDB/old_dimer_db/6HZK.pdb,old_dimer_db,6HZK,1,True
6I0I,A,B,../../GraPPI_data/PDB/old_dimer_db/6I0I.pdb,old_dimer_db,6I0I,1,True
6I5B,A,B,../../GraPPI_data/PDB/old_dimer_db/6I5B.pdb,old_dimer_db,6I5B,1,True
6IAU,A,B,../../GraPPI_data/PDB/old_dimer_db/6IAU.pdb,old_dimer_db,6IAU,1,True
6IFE,A,B,../../GraPPI_data/PDB/old_dimer_db/6IFE.pdb,old_dimer_db,6IFE,2,True
6IH3,A,B,../../GraPPI_data/PDB/old_dimer_db/6IH3.pdb,old_dimer_db,6IH3,1,True
6IME,A,B,../../GraPPI_data/PDB/old_dimer_db/6IME.pdb,old_dimer_db,6IME,1,True
6IOU,A,B,../../GraPPI_data/PDB/old_dimer_db/6IOU.pdb,old_dimer_db,6IOU,1,True
6IOW,A,B,../../GraPPI_data/PDB/old_dimer_db/6IOW.pdb,old_dimer_db,6IOW,2,True
6IRP,A,B,../../GraPPI_data/PDB/old_dimer_db/6IRP.pdb,old_dimer_db,6IRP,1,True
6ISK,A,B,../../GraPPI_data/PDB/old_dimer_db/6ISK.pdb,old_dimer_db,6ISK,1,True
6IUB,A,B,../../GraPPI_data/PDB/old_dimer_db/6IUB.pdb,old_dimer_db,6IUB,2,True
6J05,A,B,../../GraPPI_data/PDB/old_dimer_db/6J05.pdb,old_dimer_db,6J05,2,True
6J0E,A,B,../../GraPPI_data/PDB/old_dimer_db/6J0E.pdb,old_dimer_db,6J0E,1,True
6J25,A,B,../../GraPPI_data/PDB/old_dimer_db/6J25.pdb,old_dimer_db,6J25,1,True
6J2L,A,B,../../GraPPI_data/PDB/old_dimer_db/6J2L.pdb,old_dimer_db,6J2L,1,True
6J38,A,B,../../GraPPI_data/PDB/old_dimer_db/6J38.pdb,old_dimer_db,6J38,1,True
6J3A,A,B,../../GraPPI_data/PDB/old_dimer_db/6J3A.pdb,old_dimer_db,6J3A,1,True
6J3D,A,B,../../GraPPI_data/PDB/old_dimer_db/6J3D.pdb,old_dimer_db,6J3D,2,True
6J66,A,B,../../GraPPI_data/PDB/old_dimer_db/6J66.pdb,old_dimer_db,6J66,1,True
6J76,A,B,../../GraPPI_data/PDB/old_dimer_db/6J76.pdb,old_dimer_db,6J76,16,True
6JCA,A,B,../../GraPPI_data/PDB/old_dimer_db/6JCA.pdb,old_dimer_db,6JCA,1,True
6JGV,A,B,../../GraPPI_data/PDB/old_dimer_db/6JGV.pdb,old_dimer_db,6JGV,1,True
6JNJ,A,B,../../GraPPI_data/PDB/old_dimer_db/6JNJ.pdb,old_dimer_db,6JNJ,1,True
6JQ1,A,B,../../GraPPI_data/PDB/old_dimer_db/6JQ1.pdb,old_dimer_db,6JQ1,1,True
6JSX,A,B,../../GraPPI_data/PDB/old_dimer_db/6JSX.pdb,old_dimer_db,6JSX,1,True
6JTL,A,B,../../GraPPI_data/PDB/old_dimer_db/6JTL.pdb,old_dimer_db,6JTL,1,True
6JYI,A,B,../../GraPPI_data/PDB/old_dimer_db/6JYI.pdb,old_dimer_db,6JYI,1,True
6JYX,A,B,../../GraPPI_data/PDB/old_dimer_db/6JYX.pdb,old_dimer_db,6JYX,1,True
6JZL,A,B,../../GraPPI_data/PDB/old_dimer_db/6JZL.pdb,old_dimer_db,6JZL,1,True
6K2L,A,B,../../GraPPI_data/PDB/old_dimer_db/6K2L.pdb,old_dimer_db,6K2L,1,True
6K4E,A,B,../../GraPPI_data/PDB/old_dimer_db/6K4E.pdb,old_dimer_db,6K4E,1,True
6K5L,A,B,../../GraPPI_data/PDB/old_dimer_db/6K5L.pdb,old_dimer_db,6K5L,1,True
6K6S,A,B,../../GraPPI_data/PDB/old_dimer_db/6K6S.pdb,old_dimer_db,6K6S,2,True
6K7C,A,C,../../GraPPI_data/PDB/old_dimer_db/6K7C.pdb,old_dimer_db,6K7C,1,True
6K8E,A,D,../../GraPPI_data/PDB/old_dimer_db/6K8E.pdb,old_dimer_db,6K8E,1,True
6KBW,A,B,../../GraPPI_data/PDB/old_dimer_db/6KBW.pdb,old_dimer_db,6KBW,2,True
6KE1,A,B,../../GraPPI_data/PDB/old_dimer_db/6KE1.pdb,old_dimer_db,6KE1,2,True
6KHL,A,B,../../GraPPI_data/PDB/old_dimer_db/6KHL.pdb,old_dimer_db,6KHL,1,True
6KHR,A,B,../../GraPPI_data/PDB/old_dimer_db/6KHR.pdb,old_dimer_db,6KHR,1,True
6KI2,A,B,../../GraPPI_data/PDB/old_dimer_db/6KI2.pdb,old_dimer_db,6KI2,1,True
6KJU,A,B,../../GraPPI_data/PDB/old_dimer_db/6KJU.pdb,old_dimer_db,6KJU,1,True
6KLK,A,B,../../GraPPI_data/PDB/old_dimer_db/6KLK.pdb,old_dimer_db,6KLK,2,True
6KQB,A,B,../../GraPPI_data/PDB/old_dimer_db/6KQB.pdb,old_dimer_db,6KQB,1,True
6KSE,A,B,../../GraPPI_data/PDB/old_dimer_db/6KSE.pdb,old_dimer_db,6KSE,3,True
6KSI,A,B,../../GraPPI_data/PDB/old_dimer_db/6KSI.pdb,old_dimer_db,6KSI,1,True
6KVS,A,B,../../GraPPI_data/PDB/old_dimer_db/6KVS.pdb,old_dimer_db,6KVS,19,True
6L25,A,B,../../GraPPI_data/PDB/old_dimer_db/6L25.pdb,old_dimer_db,6L25,1,True
6L2I,A,B,../../GraPPI_data/PDB/old_dimer_db/6L2I.pdb,old_dimer_db,6L2I,4,True
6L2U,A,B,../../GraPPI_data/PDB/old_dimer_db/6L2U.pdb,old_dimer_db,6L2U,1,True
6L6G,A,B,../../GraPPI_data/PDB/old_dimer_db/6L6G.pdb,old_dimer_db,6L6G,1,True
6L85,A,B,../../GraPPI_data/PDB/old_dimer_db/6L85.pdb,old_dimer_db,6L85,1,True
6LE2,A,B,../../GraPPI_data/PDB/old_dimer_db/6LE2.pdb,old_dimer_db,6LE2,2,True
6LEB,A,B,../../GraPPI_data/PDB/old_dimer_db/6LEB.pdb,old_dimer_db,6LEB,1,True
6LG2,A,B,../../GraPPI_data/PDB/old_dimer_db/6LG2.pdb,old_dimer_db,6LG2,1,True
6LK3,A,B,../../GraPPI_data/PDB/old_dimer_db/6LK3.pdb,old_dimer_db,6LK3,1,True
6LKY,A,B,../../GraPPI_data/PDB/old_dimer_db/6LKY.pdb,old_dimer_db,6LKY,25,True
6LL9,A,B,../../GraPPI_data/PDB/old_dimer_db/6LL9.pdb,old_dimer_db,6LL9,2,True
6LTZ,A,B,../../GraPPI_data/PDB/old_dimer_db/6LTZ.pdb,old_dimer_db,6LTZ,1,True
6LW3,A,B,../../GraPPI_data/PDB/old_dimer_db/6LW3.pdb,old_dimer_db,6LW3,2,True
6M2O,A,B,../../GraPPI_data/PDB/old_dimer_db/6M2O.pdb,old_dimer_db,6M2O,1,True
6M9G,A,B,../../GraPPI_data/PDB/old_dimer_db/6M9G.pdb,old_dimer_db,6M9G,1,True
6MC8,A,B,../../GraPPI_data/PDB/old_dimer_db/6MC8.pdb,old_dimer_db,6MC8,1,True
6MH4,A,B,../../GraPPI_data/PDB/old_dimer_db/6MH4.pdb,old_dimer_db,6MH4,1,True
6MNI,A,B,../../GraPPI_data/PDB/old_dimer_db/6MNI.pdb,old_dimer_db,6MNI,2,True
6MNZ,A,B,../../GraPPI_data/PDB/old_dimer_db/6MNZ.pdb,old_dimer_db,6MNZ,1,True
6MP7,A,B,../../GraPPI_data/PDB/old_dimer_db/6MP7.pdb,old_dimer_db,6MP7,1,True
6MPR,A,B,../../GraPPI_data/PDB/old_dimer_db/6MPR.pdb,old_dimer_db,6MPR,1,True
6MS3,A,B,../../GraPPI_data/PDB/old_dimer_db/6MS3.pdb,old_dimer_db,6MS3,1,True
6MTG,A,B,../../GraPPI_data/PDB/old_dimer_db/6MTG.pdb,old_dimer_db,6MTG,1,True
6MVU,A,B,../../GraPPI_data/PDB/old_dimer_db/6MVU.pdb,old_dimer_db,6MVU,1,True
6MXV,A,B,../../GraPPI_data/PDB/old_dimer_db/6MXV.pdb,old_dimer_db,6MXV,1,True
6N0I,A,B,../../GraPPI_data/PDB/old_dimer_db/6N0I.pdb,old_dimer_db,6N0I,1,True
6N90,A,B,../../GraPPI_data/PDB/old_dimer_db/6N90.pdb,old_dimer_db,6N90,1,True
6N91,A,B,../../GraPPI_data/PDB/old_dimer_db/6N91.pdb,old_dimer_db,6N91,1,True
6N9Q,P,D,../../GraPPI_data/PDB/old_dimer_db/6N9Q.pdb,old_dimer_db,6N9Q,1,True
6NAG,A,B,../../GraPPI_data/PDB/old_dimer_db/6NAG.pdb,old_dimer_db,6NAG,1,True
6NCS,A,B,../../GraPPI_data/PDB/old_dimer_db/6NCS.pdb,old_dimer_db,6NCS,2,True
6ND7,A,B,../../GraPPI_data/PDB/old_dimer_db/6ND7.pdb,old_dimer_db,6ND7,1,True
6NDI,A,B,../../GraPPI_data/PDB/old_dimer_db/6NDI.pdb,old_dimer_db,6NDI,1,True
6NFE,A,B,../../GraPPI_data/PDB/old_dimer_db/6NFE.pdb,old_dimer_db,6NFE,2,True
6NHL,A,B,../../GraPPI_data/PDB/old_dimer_db/6NHL.pdb,old_dimer_db,6NHL,1,True
6NJC,A,B,../../GraPPI_data/PDB/old_dimer_db/6NJC.pdb,old_dimer_db,6NJC,1,True
6NJK,A,B,../../GraPPI_data/PDB/old_dimer_db/6NJK.pdb,old_dimer_db,6NJK,1,True
6NJY,A,B,../../GraPPI_data/PDB/old_dimer_db/6NJY.pdb,old_dimer_db,6NJY,1,True
6NL2,A,B,../../GraPPI_data/PDB/old_dimer_db/6NL2.pdb,old_dimer_db,6NL2,2,True
6NP6,A,B,../../GraPPI_data/PDB/old_dimer_db/6NP6.pdb,old_dimer_db,6NP6,1,True
6NPC,A,B,../../GraPPI_data/PDB/old_dimer_db/6NPC.pdb,old_dimer_db,6NPC,1,True
6NZ4,A,B,../../GraPPI_data/PDB/old_dimer_db/6NZ4.pdb,old_dimer_db,6NZ4,1,True
6O0B,A,B,../../GraPPI_data/PDB/old_dimer_db/6O0B.pdb,old_dimer_db,6O0B,3,True
6O14,A,B,../../GraPPI_data/PDB/old_dimer_db/6O14.pdb,old_dimer_db,6O14,2,True
6O5C,A,B,../../GraPPI_data/PDB/old_dimer_db/6O5C.pdb,old_dimer_db,6O5C,1,True
6O6O,A,B,../../GraPPI_data/PDB/old_dimer_db/6O6O.pdb,old_dimer_db,6O6O,1,True
6O9A,A,B,../../GraPPI_data/PDB/old_dimer_db/6O9A.pdb,old_dimer_db,6O9A,1,True
6OAW,A,B,../../GraPPI_data/PDB/old_dimer_db/6OAW.pdb,old_dimer_db,6OAW,1,True
6OH8,A,B,../../GraPPI_data/PDB/old_dimer_db/6OH8.pdb,old_dimer_db,6OH8,2,True
6OHI,A,B,../../GraPPI_data/PDB/old_dimer_db/6OHI.pdb,old_dimer_db,6OHI,1,True
6OJR,A,B,../../GraPPI_data/PDB/old_dimer_db/6OJR.pdb,old_dimer_db,6OJR,1,True
6OK3,A,B,../../GraPPI_data/PDB/old_dimer_db/6OK3.pdb,old_dimer_db,6OK3,1,True
6OKH,A,B,../../GraPPI_data/PDB/old_dimer_db/6OKH.pdb,old_dimer_db,6OKH,1,True
6OMP,A,B,../../GraPPI_data/PDB/old_dimer_db/6OMP.pdb,old_dimer_db,6OMP,1,True
6ON4,A,B,../../GraPPI_data/PDB/old_dimer_db/6ON4.pdb,old_dimer_db,6ON4,1,True
6ONW,A,B,../../GraPPI_data/PDB/old_dimer_db/6ONW.pdb,old_dimer_db,6ONW,1,True
6OTV,A,B,../../GraPPI_data/PDB/old_dimer_db/6OTV.pdb,old_dimer_db,6OTV,1,True
6OUV,A,B,../../GraPPI_data/PDB/old_dimer_db/6OUV.pdb,old_dimer_db,6OUV,1,True
6P29,A,B,../../GraPPI_data/PDB/old_dimer_db/6P29.pdb,old_dimer_db,6P29,1,True
6PAL,A,B,../../GraPPI_data/PDB/old_dimer_db/6PAL.pdb,old_dimer_db,6PAL,1,True
6PBM,A,B,../../GraPPI_data/PDB/old_dimer_db/6PBM.pdb,old_dimer_db,6PBM,2,True
6PC0,A,B,../../GraPPI_data/PDB/old_dimer_db/6PC0.pdb,old_dimer_db,6PC0,2,True
6PID,A,B,../../GraPPI_data/PDB/old_dimer_db/6PID.pdb,old_dimer_db,6PID,2,True
6PL0,A,B,../../GraPPI_data/PDB/old_dimer_db/6PL0.pdb,old_dimer_db,6PL0,1,True
6PNR,A,C,../../GraPPI_data/PDB/old_dimer_db/6PNR.pdb,old_dimer_db,6PNR,1,True
6PON,A,B,../../GraPPI_data/PDB/old_dimer_db/6PON.pdb,old_dimer_db,6PON,1,True
6PR1,A,B,../../GraPPI_data/PDB/old_dimer_db/6PR1.pdb,old_dimer_db,6PR1,1,True
6PRO,A,B,../../GraPPI_data/PDB/old_dimer_db/6PRO.pdb,old_dimer_db,6PRO,17,True
6PTG,A,B,../../GraPPI_data/PDB/old_dimer_db/6PTG.pdb,old_dimer_db,6PTG,1,True
6PUX,A,B,../../GraPPI_data/PDB/old_dimer_db/6PUX.pdb,old_dimer_db,6PUX,8,True
6PWK,A,B,../../GraPPI_data/PDB/old_dimer_db/6PWK.pdb,old_dimer_db,6PWK,1,True
6PXX,A,B,../../GraPPI_data/PDB/old_dimer_db/6PXX.pdb,old_dimer_db,6PXX,2,True
6Q12,A,B,../../GraPPI_data/PDB/old_dimer_db/6Q12.pdb,old_dimer_db,6Q12,1,True
6QEK,A,B,../../GraPPI_data/PDB/old_dimer_db/6QEK.pdb,old_dimer_db,6QEK,1,True
6QJ6,A,E,../../GraPPI_data/PDB/old_dimer_db/6QJ6.pdb,old_dimer_db,6QJ6,1,True
6QKB,A,B,../../GraPPI_data/PDB/old_dimer_db/6QKB.pdb,old_dimer_db,6QKB,3,True
6QLA,A,B,../../GraPPI_data/PDB/old_dimer_db/6QLA.pdb,old_dimer_db,6QLA,2,True
6QMM,A,B,../../GraPPI_data/PDB/old_dimer_db/6QMM.pdb,old_dimer_db,6QMM,3,True
6QO9,A,B,../../GraPPI_data/PDB/old_dimer_db/6QO9.pdb,old_dimer_db,6QO9,11,True
6QOK,A,B,../../GraPPI_data/PDB/old_dimer_db/6QOK.pdb,old_dimer_db,6QOK,6,True
6QSI,A,B,../../GraPPI_data/PDB/old_dimer_db/6QSI.pdb,old_dimer_db,6QSI,2,True
6QU0,A,B,../../GraPPI_data/PDB/old_dimer_db/6QU0.pdb,old_dimer_db,6QU0,6,True
6QWO,A,B,../../GraPPI_data/PDB/old_dimer_db/6QWO.pdb,old_dimer_db,6QWO,1,True
6R5I,A,B,../../GraPPI_data/PDB/old_dimer_db/6R5I.pdb,old_dimer_db,6R5I,6,True
6RJO,A,B,../../GraPPI_data/PDB/old_dimer_db/6RJO.pdb,old_dimer_db,6RJO,1,True
6RK0,A,B,../../GraPPI_data/PDB/old_dimer_db/6RK0.pdb,old_dimer_db,6RK0,1,True
6RRR,A,B,../../GraPPI_data/PDB/old_dimer_db/6RRR.pdb,old_dimer_db,6RRR,1,True
6RX9,A,B,../../GraPPI_data/PDB/old_dimer_db/6RX9.pdb,old_dimer_db,6RX9,2,True
6RYK,A,B,../../GraPPI_data/PDB/old_dimer_db/6RYK.pdb,old_dimer_db,6RYK,1,True
6S33,A,B,../../GraPPI_data/PDB/old_dimer_db/6S33.pdb,old_dimer_db,6S33,1,True
6S6F,A,B,../../GraPPI_data/PDB/old_dimer_db/6S6F.pdb,old_dimer_db,6S6F,4,True
6SCB,A,B,../../GraPPI_data/PDB/old_dimer_db/6SCB.pdb,old_dimer_db,6SCB,1,True
6SFH,A,B,../../GraPPI_data/PDB/old_dimer_db/6SFH.pdb,old_dimer_db,6SFH,5,True
6SIZ,A,B,../../GraPPI_data/PDB/old_dimer_db/6SIZ.pdb,old_dimer_db,6SIZ,2,True
6SJ8,A,B,../../GraPPI_data/PDB/old_dimer_db/6SJ8.pdb,old_dimer_db,6SJ8,1,True
6SLL,A,B,../../GraPPI_data/PDB/old_dimer_db/6SLL.pdb,old_dimer_db,6SLL,1,True
6SM4,A,B,../../GraPPI_data/PDB/old_dimer_db/6SM4.pdb,old_dimer_db,6SM4,1,True
6SW4,A,B,../../GraPPI_data/PDB/old_dimer_db/6SW4.pdb,old_dimer_db,6SW4,2,True
6SYH,A,B,../../GraPPI_data/PDB/old_dimer_db/6SYH.pdb,old_dimer_db,6SYH,1,True
6T7O,A,B,../../GraPPI_data/PDB/old_dimer_db/6T7O.pdb,old_dimer_db,6T7O,2,True
6TCB,A,B,../../GraPPI_data/PDB/old_dimer_db/6TCB.pdb,old_dimer_db,6TCB,1,True
6THO,A,B,../../GraPPI_data/PDB/old_dimer_db/6THO.pdb,old_dimer_db,6THO,1,True
6TJ8,A,B,../../GraPPI_data/PDB/old_dimer_db/6TJ8.pdb,old_dimer_db,6TJ8,5,True
6TJR,A,B,../../GraPPI_data/PDB/old_dimer_db/6TJR.pdb,old_dimer_db,6TJR,1,True
6TTL,A,B,../../GraPPI_data/PDB/old_dimer_db/6TTL.pdb,old_dimer_db,6TTL,1,True
6TTS,A,B,../../GraPPI_data/PDB/old_dimer_db/6TTS.pdb,old_dimer_db,6TTS,1,True
6TVP,A,B,../../GraPPI_data/PDB/old_dimer_db/6TVP.pdb,old_dimer_db,6TVP,1,True
6U1P,A,B,../../GraPPI_data/PDB/old_dimer_db/6U1P.pdb,old_dimer_db,6U1P,1,True
6U1Q,A,B,../../GraPPI_data/PDB/old_dimer_db/6U1Q.pdb,old_dimer_db,6U1Q,1,True
6U1R,A,B,../../GraPPI_data/PDB/old_dimer_db/6U1R.pdb,old_dimer_db,6U1R,2,True
6UBL,A,B,../../GraPPI_data/PDB/old_dimer_db/6UBL.pdb,old_dimer_db,6UBL,1,True
6UE4,A,B,../../GraPPI_data/PDB/old_dimer_db/6UE4.pdb,old_dimer_db,6UE4,1,True
6UI5,A,B,../../GraPPI_data/PDB/old_dimer_db/6UI5.pdb,old_dimer_db,6UI5,2,True
6UJK,A,B,../../GraPPI_data/PDB/old_dimer_db/6UJK.pdb,old_dimer_db,6UJK,10,True
6UK5,A,B,../../GraPPI_data/PDB/old_dimer_db/6UK5.pdb,old_dimer_db,6UK5,3,True
6UN8,A,B,../../GraPPI_data/PDB/old_dimer_db/6UN8.pdb,old_dimer_db,6UN8,1,True
6USS,A,B,../../GraPPI_data/PDB/old_dimer_db/6USS.pdb,old_dimer_db,6USS,1,True
6UUT,A,B,../../GraPPI_data/PDB/old_dimer_db/6UUT.pdb,old_dimer_db,6UUT,2,True
6UXU,A,B,../../GraPPI_data/PDB/old_dimer_db/6UXU.pdb,old_dimer_db,6UXU,1,True
6V33,A,B,../../GraPPI_data/PDB/old_dimer_db/6V33.pdb,old_dimer_db,6V33,3,True
6V3Q,A,B,../../GraPPI_data/PDB/old_dimer_db/6V3Q.pdb,old_dimer_db,6V3Q,1,True
6V3U,A,B,../../GraPPI_data/PDB/old_dimer_db/6V3U.pdb,old_dimer_db,6V3U,1,True
6V3Z,A,B,../../GraPPI_data/PDB/old_dimer_db/6V3Z.pdb,old_dimer_db,6V3Z,1,True
6V42,A,B,../../GraPPI_data/PDB/old_dimer_db/6V42.pdb,old_dimer_db,6V42,1,True
6V9K,A,B,../../GraPPI_data/PDB/old_dimer_db/6V9K.pdb,old_dimer_db,6V9K,2,True
6VBB,A,B,../../GraPPI_data/PDB/old_dimer_db/6VBB.pdb,old_dimer_db,6VBB,1,True
6VD8,A,B,../../GraPPI_data/PDB/old_dimer_db/6VD8.pdb,old_dimer_db,6VD8,1,True
6VTV,A,B,../../GraPPI_data/PDB/old_dimer_db/6VTV.pdb,old_dimer_db,6VTV,1,True
6VUD,A,B,../../GraPPI_data/PDB/old_dimer_db/6VUD.pdb,old_dimer_db,6VUD,1,True
6VVA,A,B,../../GraPPI_data/PDB/old_dimer_db/6VVA.pdb,old_dimer_db,6VVA,1,True
6VZY,A,B,../../GraPPI_data/PDB/old_dimer_db/6VZY.pdb,old_dimer_db,6VZY,1,True
6W08,A,B,../../GraPPI_data/PDB/old_dimer_db/6W08.pdb,old_dimer_db,6W08,1,True
6W6A,A,B,../../GraPPI_data/PDB/old_dimer_db/6W6A.pdb,old_dimer_db,6W6A,1,True
6WBD,A,B,../../GraPPI_data/PDB/old_dimer_db/6WBD.pdb,old_dimer_db,6WBD,4,True
6WF6,A,B,../../GraPPI_data/PDB/old_dimer_db/6WF6.pdb,old_dimer_db,6WF6,2,True
6WFM,A,B,../../GraPPI_data/PDB/old_dimer_db/6WFM.pdb,old_dimer_db,6WFM,3,True
6WN2,A,B,../../GraPPI_data/PDB/old_dimer_db/6WN2.pdb,old_dimer_db,6WN2,3,True
6WSH,A,B,../../GraPPI_data/PDB/old_dimer_db/6WSH.pdb,old_dimer_db,6WSH,1,True
6WT4,A,B,../../GraPPI_data/PDB/old_dimer_db/6WT4.pdb,old_dimer_db,6WT4,1,True
6WTW,A,B,../../GraPPI_data/PDB/old_dimer_db/6WTW.pdb,old_dimer_db,6WTW,1,True
6WXW,A,B,../../GraPPI_data/PDB/old_dimer_db/6WXW.pdb,old_dimer_db,6WXW,1,True
6X1Z,A,B,../../GraPPI_data/PDB/old_dimer_db/6X1Z.pdb,old_dimer_db,6X1Z,1,True
6XFU,A,B,../../GraPPI_data/PDB/old_dimer_db/6XFU.pdb,old_dimer_db,6XFU,1,True
6XIG,A,B,../../GraPPI_data/PDB/old_dimer_db/6XIG.pdb,old_dimer_db,6XIG,1,True
6XPH,A,B,../../GraPPI_data/PDB/old_dimer_db/6XPH.pdb,old_dimer_db,6XPH,1,True
6XRB,A,B,../../GraPPI_data/PDB/old_dimer_db/6XRB.pdb,old_dimer_db,6XRB,2,True
6XTU,A,B,../../GraPPI_data/PDB/old_dimer_db/6XTU.pdb,old_dimer_db,6XTU,1,True
6XY9,A,B,../../GraPPI_data/PDB/old_dimer_db/6XY9.pdb,old_dimer_db,6XY9,2,True
6Y1Y,A,B,../../GraPPI_data/PDB/old_dimer_db/6Y1Y.pdb,old_dimer_db,6Y1Y,1,True
6Y77,A,B,../../GraPPI_data/PDB/old_dimer_db/6Y77.pdb,old_dimer_db,6Y77,3,True
6Y8L,A,B,../../GraPPI_data/PDB/old_dimer_db/6Y8L.pdb,old_dimer_db,6Y8L,1,True
6Y8O,A,B,../../GraPPI_data/PDB/old_dimer_db/6Y8O.pdb,old_dimer_db,6Y8O,1,True
6YEX,A,B,../../GraPPI_data/PDB/old_dimer_db/6YEX.pdb,old_dimer_db,6YEX,1,True
6YF6,A,B,../../GraPPI_data/PDB/old_dimer_db/6YF6.pdb,old_dimer_db,6YF6,1,True
6YHH,A,B,../../GraPPI_data/PDB/old_dimer_db/6YHH.pdb,old_dimer_db,6YHH,1,True
6YIZ,A,B,../../GraPPI_data/PDB/old_dimer_db/6YIZ.pdb,old_dimer_db,6YIZ,1,True
6YJ9,A,B,../../GraPPI_data/PDB/old_dimer_db/6YJ9.pdb,old_dimer_db,6YJ9,6,True
6YK8,A,B,../../GraPPI_data/PDB/old_dimer_db/6YK8.pdb,old_dimer_db,6YK8,1,True
6YM1,A,B,../../GraPPI_data/PDB/old_dimer_db/6YM1.pdb,old_dimer_db,6YM1,2,True
6YYI,A,B,../../GraPPI_data/PDB/old_dimer_db/6YYI.pdb,old_dimer_db,6YYI,1,True
6Z0F,A,B,../../GraPPI_data/PDB/old_dimer_db/6Z0F.pdb,old_dimer_db,6Z0F,1,True
6Z0P,A,B,../../GraPPI_data/PDB/old_dimer_db/6Z0P.pdb,old_dimer_db,6Z0P,1,True
6Z4C,A,B,../../GraPPI_data/PDB/old_dimer_db/6Z4C.pdb,old_dimer_db,6Z4C,1,True
6Z68,A,B,../../GraPPI_data/PDB/old_dimer_db/6Z68.pdb,old_dimer_db,6Z68,3,True
6ZA0,A,B,../../GraPPI_data/PDB/old_dimer_db/6ZA0.pdb,old_dimer_db,6ZA0,1,True
6ZMB,B,C,../../GraPPI_data/PDB/old_dimer_db/6ZMB.pdb,old_dimer_db,6ZMB,1,True
6ZT4,A,B,../../GraPPI_data/PDB/old_dimer_db/6ZT4.pdb,old_dimer_db,6ZT4,2,True
6ZXB,A,B,../../GraPPI_data/PDB/old_dimer_db/6ZXB.pdb,old_dimer_db,6ZXB,1,True
7A6P,A,B,../../GraPPI_data/PDB/old_dimer_db/7A6P.pdb,old_dimer_db,7A6P,3,True
7AED,A,B,../../GraPPI_data/PDB/old_dimer_db/7AED.pdb,old_dimer_db,7AED,1,True
7AGW,A,B,../../GraPPI_data/PDB/old_dimer_db/7AGW.pdb,old_dimer_db,7AGW,1,True
7AO3,A,B,../../GraPPI_data/PDB/old_dimer_db/7AO3.pdb,old_dimer_db,7AO3,1,True
7B1R,A,B,../../GraPPI_data/PDB/old_dimer_db/7B1R.pdb,old_dimer_db,7B1R,1,True
7B1V,A,B,../../GraPPI_data/PDB/old_dimer_db/7B1V.pdb,old_dimer_db,7B1V,4,True
7B6B,A,B,../../GraPPI_data/PDB/old_dimer_db/7B6B.pdb,old_dimer_db,7B6B,3,True
7BIP,A,B,../../GraPPI_data/PDB/old_dimer_db/7BIP.pdb,old_dimer_db,7BIP,7,True
7BM8,A,B,../../GraPPI_data/PDB/old_dimer_db/7BM8.pdb,old_dimer_db,7BM8,1,True
7BRA,A,B,../../GraPPI_data/PDB/old_dimer_db/7BRA.pdb,old_dimer_db,7BRA,3,True
7BTU,A,B,../../GraPPI_data/PDB/old_dimer_db/7BTU.pdb,old_dimer_db,7BTU,2,True
7BU2,A,B,../../GraPPI_data/PDB/old_dimer_db/7BU2.pdb,old_dimer_db,7BU2,1,True
7BVD,A,B,../../GraPPI_data/PDB/old_dimer_db/7BVD.pdb,old_dimer_db,7BVD,1,True
7BWG,A,B,../../GraPPI_data/PDB/old_dimer_db/7BWG.pdb,old_dimer_db,7BWG,1,True
7BYW,A,B,../../GraPPI_data/PDB/old_dimer_db/7BYW.pdb,old_dimer_db,7BYW,1,True
7C23,A,B,../../GraPPI_data/PDB/old_dimer_db/7C23.pdb,old_dimer_db,7C23,1,True
7C64,A,B,../../GraPPI_data/PDB/old_dimer_db/7C64.pdb,old_dimer_db,7C64,1,True
7CBI,A,B,../../GraPPI_data/PDB/old_dimer_db/7CBI.pdb,old_dimer_db,7CBI,2,True
7CFH,A,B,../../GraPPI_data/PDB/old_dimer_db/7CFH.pdb,old_dimer_db,7CFH,2,True
7CIG,A,B,../../GraPPI_data/PDB/old_dimer_db/7CIG.pdb,old_dimer_db,7CIG,1,True
7CIK,A,B,../../GraPPI_data/PDB/old_dimer_db/7CIK.pdb,old_dimer_db,7CIK,1,True
7CJ7,A,B,../../GraPPI_data/PDB/old_dimer_db/7CJ7.pdb,old_dimer_db,7CJ7,2,True
7CR9,A,B,../../GraPPI_data/PDB/old_dimer_db/7CR9.pdb,old_dimer_db,7CR9,1,True
7CSV,A,B,../../GraPPI_data/PDB/old_dimer_db/7CSV.pdb,old_dimer_db,7CSV,3,True
7CWQ,A,B,../../GraPPI_data/PDB/old_dimer_db/7CWQ.pdb,old_dimer_db,7CWQ,1,True
7CYX,A,B,../../GraPPI_data/PDB/old_dimer_db/7CYX.pdb,old_dimer_db,7CYX,1,True
7D62,A,B,../../GraPPI_data/PDB/old_dimer_db/7D62.pdb,old_dimer_db,7D62,1,True
7DHP,A,B,../../GraPPI_data/PDB/old_dimer_db/7DHP.pdb,old_dimer_db,7DHP,8,True
7DOG,A,B,../../GraPPI_data/PDB/old_dimer_db/7DOG.pdb,old_dimer_db,7DOG,1,True
7DQ5,A,B,../../GraPPI_data/PDB/old_dimer_db/7DQ5.pdb,old_dimer_db,7DQ5,1,True
7E92,A,B,../../GraPPI_data/PDB/old_dimer_db/7E92.pdb,old_dimer_db,7E92,1,True
7EC1,A,B,../../GraPPI_data/PDB/old_dimer_db/7EC1.pdb,old_dimer_db,7EC1,1,True
7ESS,A,B,../../GraPPI_data/PDB/old_dimer_db/7ESS.pdb,old_dimer_db,7ESS,1,True
7K7B,A,B,../../GraPPI_data/PDB/old_dimer_db/7K7B.pdb,old_dimer_db,7K7B,1,True
7KB9,A,B,../../GraPPI_data/PDB/old_dimer_db/7KB9.pdb,old_dimer_db,7KB9,1,True
7KCT,A,B,../../GraPPI_data/PDB/old_dimer_db/7KCT.pdb,old_dimer_db,7KCT,4,True
7KL7,A,B,../../GraPPI_data/PDB/old_dimer_db/7KL7.pdb,old_dimer_db,7KL7,1,True
7KL8,A,B,../../GraPPI_data/PDB/old_dimer_db/7KL8.pdb,old_dimer_db,7KL8,1,True
7KMQ,A,B,../../GraPPI_data/PDB/old_dimer_db/7KMQ.pdb,old_dimer_db,7KMQ,2,True
7KPZ,A,B,../../GraPPI_data/PDB/old_dimer_db/7KPZ.pdb,old_dimer_db,7KPZ,4,True
7KQA,A,B,../../GraPPI_data/PDB/old_dimer_db/7KQA.pdb,old_dimer_db,7KQA,2,True
7KWD,A,B,../../GraPPI_data/PDB/old_dimer_db/7KWD.pdb,old_dimer_db,7KWD,4,True
7KWS,A,B,../../GraPPI_data/PDB/old_dimer_db/7KWS.pdb,old_dimer_db,7KWS,1,True
7L0A,A,B,../../GraPPI_data/PDB/old_dimer_db/7L0A.pdb,old_dimer_db,7L0A,1,True
7LAP,A,B,../../GraPPI_data/PDB/old_dimer_db/7LAP.pdb,old_dimer_db,7LAP,4,True
7LGP,A,B,../../GraPPI_data/PDB/old_dimer_db/7LGP.pdb,old_dimer_db,7LGP,4,True
7M13,A,B,../../GraPPI_data/PDB/old_dimer_db/7M13.pdb,old_dimer_db,7M13,2,True
7MQW,A,B,../../GraPPI_data/PDB/old_dimer_db/7MQW.pdb,old_dimer_db,7MQW,2,True
7MWA,A,B,../../GraPPI_data/PDB/old_dimer_db/7MWA.pdb,old_dimer_db,7MWA,1,True
7NCC,A,B,../../GraPPI_data/PDB/old_dimer_db/7NCC.pdb,old_dimer_db,7NCC,6,True
7O21,A,B,../../GraPPI_data/PDB/old_dimer_db/7O21.pdb,old_dimer_db,7O21,1,True
7O39,A,B,../../GraPPI_data/PDB/old_dimer_db/7O39.pdb,old_dimer_db,7O39,2,True
1A4I,A,B,../../GraPPI_data/PDB/old_dimer_db/1A4I.pdb,old_dimer_db,1A4I,6,True
1AAP,A,B,../../GraPPI_data/PDB/old_dimer_db/1AAP.pdb,old_dimer_db,1AAP,1,True
1ANT,L,I,../../GraPPI_data/PDB/old_dimer_db/1ANT.pdb,old_dimer_db,1ANT,1,True
1AOX,A,B,../../GraPPI_data/PDB/old_dimer_db/1AOX.pdb,old_dimer_db,1AOX,1,True
1BD9,A,B,../../GraPPI_data/PDB/old_dimer_db/1BD9.pdb,old_dimer_db,1BD9,1,True
1BHO,1,2,../../GraPPI_data/PDB/old_dimer_db/1BHO.pdb,old_dimer_db,1BHO,1,True
1BL4,A,B,../../GraPPI_data/PDB/old_dimer_db/1BL4.pdb,old_dimer_db,1BL4,1,True
1BQU,A,B,../../GraPPI_data/PDB/old_dimer_db/1BQU.pdb,old_dimer_db,1BQU,1,True
1BTK,A,B,../../GraPPI_data/PDB/old_dimer_db/1BTK.pdb,old_dimer_db,1BTK,1,True
1C3I,A,B,../../GraPPI_data/PDB/old_dimer_db/1C3I.pdb,old_dimer_db,1C3I,1,True
1CSG,A,B,../../GraPPI_data/PDB/old_dimer_db/1CSG.pdb,old_dimer_db,1CSG,1,True
1DB2,A,B,../../GraPPI_data/PDB/old_dimer_db/1DB2.pdb,old_dimer_db,1DB2,1,True
1DHF,A,B,../../GraPPI_data/PDB/old_dimer_db/1DHF.pdb,old_dimer_db,1DHF,1,True
1DJL,A,B,../../GraPPI_data/PDB/old_dimer_db/1DJL.pdb,old_dimer_db,1DJL,1,True
1DKT,A,B,../../GraPPI_data/PDB/old_dimer_db/1DKT.pdb,old_dimer_db,1DKT,1,True
1DLE,A,B,../../GraPPI_data/PDB/old_dimer_db/1DLE.pdb,old_dimer_db,1DLE,1,True
1DOK,A,B,../../GraPPI_data/PDB/old_dimer_db/1DOK.pdb,old_dimer_db,1DOK,4,True
1DSU,A,B,../../GraPPI_data/PDB/old_dimer_db/1DSU.pdb,old_dimer_db,1DSU,1,True
1EF3,A,B,../../GraPPI_data/PDB/old_dimer_db/1EF3.pdb,old_dimer_db,1EF3,2,True
1EGG,A,B,../../GraPPI_data/PDB/old_dimer_db/1EGG.pdb,old_dimer_db,1EGG,1,True
1EJF,A,B,../../GraPPI_data/PDB/old_dimer_db/1EJF.pdb,old_dimer_db,1EJF,1,True
1EKU,A,B,../../GraPPI_data/PDB/old_dimer_db/1EKU.pdb,old_dimer_db,1EKU,1,True
1ERN,A,B,../../GraPPI_data/PDB/old_dimer_db/1ERN.pdb,old_dimer_db,1ERN,1,True
1ET1,A,B,../../GraPPI_data/PDB/old_dimer_db/1ET1.pdb,old_dimer_db,1ET1,1,True
1EX0,A,B,../../GraPPI_data/PDB/old_dimer_db/1EX0.pdb,old_dimer_db,1EX0,1,True
1EXT,A,B,../../GraPPI_data/PDB/old_dimer_db/1EXT.pdb,old_dimer_db,1EXT,1,True
1F05,A,B,../../GraPPI_data/PDB/old_dimer_db/1F05.pdb,old_dimer_db,1F05,2,True
1F0Y,A,B,../../GraPPI_data/PDB/old_dimer_db/1F0Y.pdb,old_dimer_db,1F0Y,1,True
1F3H,A,B,../../GraPPI_data/PDB/old_dimer_db/1F3H.pdb,old_dimer_db,1F3H,1,True
1F86,A,B,../../GraPPI_data/PDB/old_dimer_db/1F86.pdb,old_dimer_db,1F86,2,True
1FBY,A,B,../../GraPPI_data/PDB/old_dimer_db/1FBY.pdb,old_dimer_db,1FBY,1,True
1FGK,A,B,../../GraPPI_data/PDB/old_dimer_db/1FGK.pdb,old_dimer_db,1FGK,1,True
1FGU,A,B,../../GraPPI_data/PDB/old_dimer_db/1FGU.pdb,old_dimer_db,1FGU,1,True
1FIC,A,B,../../GraPPI_data/PDB/old_dimer_db/1FIC.pdb,old_dimer_db,1FIC,1,True
1FZV,A,B,../../GraPPI_data/PDB/old_dimer_db/1FZV.pdb,old_dimer_db,1FZV,3,True
1GRI,A,B,../../GraPPI_data/PDB/old_dimer_db/1GRI.pdb,old_dimer_db,1GRI,1,True
1GVJ,A,B,../../GraPPI_data/PDB/old_dimer_db/1GVJ.pdb,old_dimer_db,1GVJ,1,True
1GXR,A,B,../../GraPPI_data/PDB/old_dimer_db/1GXR.pdb,old_dimer_db,1GXR,1,True
1GY5,A,B,../../GraPPI_data/PDB/old_dimer_db/1GY5.pdb,old_dimer_db,1GY5,4,True
1H4R,A,B,../../GraPPI_data/PDB/old_dimer_db/1H4R.pdb,old_dimer_db,1H4R,1,True
1H6P,A,B,../../GraPPI_data/PDB/old_dimer_db/1H6P.pdb,old_dimer_db,1H6P,1,True
1H8X,A,B,../../GraPPI_data/PDB/old_dimer_db/1H8X.pdb,old_dimer_db,1H8X,1,True
1HAK,B,A,../../GraPPI_data/PDB/old_dimer_db/1HAK.pdb,old_dimer_db,1HAK,1,True
1HCI,A,B,../../GraPPI_data/PDB/old_dimer_db/1HCI.pdb,old_dimer_db,1HCI,1,True
1HUL,A,B,../../GraPPI_data/PDB/old_dimer_db/1HUL.pdb,old_dimer_db,1HUL,1,True
1HUR,A,B,../../GraPPI_data/PDB/old_dimer_db/1HUR.pdb,old_dimer_db,1HUR,1,True
1I49,A,B,../../GraPPI_data/PDB/old_dimer_db/1I49.pdb,old_dimer_db,1I49,1,True
1ICW,A,B,../../GraPPI_data/PDB/old_dimer_db/1ICW.pdb,old_dimer_db,1ICW,3,True
1IHB,A,B,../../GraPPI_data/PDB/old_dimer_db/1IHB.pdb,old_dimer_db,1IHB,1,True
1ILR,1,2,../../GraPPI_data/PDB/old_dimer_db/1ILR.pdb,old_dimer_db,1ILR,1,True
1ITU,A,B,../../GraPPI_data/PDB/old_dimer_db/1ITU.pdb,old_dimer_db,1ITU,1,True
1J1B,A,B,../../GraPPI_data/PDB/old_dimer_db/1J1B.pdb,old_dimer_db,1J1B,1,True
1JD0,A,B,../../GraPPI_data/PDB/old_dimer_db/1JD0.pdb,old_dimer_db,1JD0,1,True
1JL0,A,B,../../GraPPI_data/PDB/old_dimer_db/1JL0.pdb,old_dimer_db,1JL0,1,True
1JL9,A,B,../../GraPPI_data/PDB/old_dimer_db/1JL9.pdb,old_dimer_db,1JL9,1,True
1JOC,A,B,../../GraPPI_data/PDB/old_dimer_db/1JOC.pdb,old_dimer_db,1JOC,1,True
1K86,A,B,../../GraPPI_data/PDB/old_dimer_db/1K86.pdb,old_dimer_db,1K86,3,True
1K94,A,B,../../GraPPI_data/PDB/old_dimer_db/1K94.pdb,old_dimer_db,1K94,3,True
1KWS,A,B,../../GraPPI_data/PDB/old_dimer_db/1KWS.pdb,old_dimer_db,1KWS,2,True
1L8L,A,B,../../GraPPI_data/PDB/old_dimer_db/1L8L.pdb,old_dimer_db,1L8L,1,True
1L9M,A,B,../../GraPPI_data/PDB/old_dimer_db/1L9M.pdb,old_dimer_db,1L9M,1,True
1LFA,A,B,../../GraPPI_data/PDB/old_dimer_db/1LFA.pdb,old_dimer_db,1LFA,1,True
1LGQ,A,B,../../GraPPI_data/PDB/old_dimer_db/1LGQ.pdb,old_dimer_db,1LGQ,1,True
1M4R,A,B,../../GraPPI_data/PDB/old_dimer_db/1M4R.pdb,old_dimer_db,1M4R,1,True
1M6D,A,B,../../GraPPI_data/PDB/old_dimer_db/1M6D.pdb,old_dimer_db,1M6D,1,True
1M7R,A,B,../../GraPPI_data/PDB/old_dimer_db/1M7R.pdb,old_dimer_db,1M7R,1,True
1N1A,A,B,../../GraPPI_data/PDB/old_dimer_db/1N1A.pdb,old_dimer_db,1N1A,1,True
1N46,A,B,../../GraPPI_data/PDB/old_dimer_db/1N46.pdb,old_dimer_db,1N46,1,True
1NA8,A,B,../../GraPPI_data/PDB/old_dimer_db/1NA8.pdb,old_dimer_db,1NA8,1,True
1NBQ,A,B,../../GraPPI_data/PDB/old_dimer_db/1NBQ.pdb,old_dimer_db,1NBQ,1,True
1NZI,A,B,../../GraPPI_data/PDB/old_dimer_db/1NZI.pdb,old_dimer_db,1NZI,2,True
1OIV,A,B,../../GraPPI_data/PDB/old_dimer_db/1OIV.pdb,old_dimer_db,1OIV,1,True
1OK3,A,B,../../GraPPI_data/PDB/old_dimer_db/1OK3.pdb,old_dimer_db,1OK3,1,True
1OKI,A,B,../../GraPPI_data/PDB/old_dimer_db/1OKI.pdb,old_dimer_db,1OKI,2,True
1OLZ,A,B,../../GraPPI_data/PDB/old_dimer_db/1OLZ.pdb,old_dimer_db,1OLZ,1,True
1P4R,A,B,../../GraPPI_data/PDB/old_dimer_db/1P4R.pdb,old_dimer_db,1P4R,1,True
1P9O,A,B,../../GraPPI_data/PDB/old_dimer_db/1P9O.pdb,old_dimer_db,1P9O,1,True
1PEW,A,B,../../GraPPI_data/PDB/old_dimer_db/1PEW.pdb,old_dimer_db,1PEW,1,True
1PFQ,A,B,../../GraPPI_data/PDB/old_dimer_db/1PFQ.pdb,old_dimer_db,1PFQ,3,True
1POE,A,B,../../GraPPI_data/PDB/old_dimer_db/1POE.pdb,old_dimer_db,1POE,1,True
1PR9,A,B,../../GraPPI_data/PDB/old_dimer_db/1PR9.pdb,old_dimer_db,1PR9,1,True
1PRX,A,B,../../GraPPI_data/PDB/old_dimer_db/1PRX.pdb,old_dimer_db,1PRX,1,True
1QB2,A,B,../../GraPPI_data/PDB/old_dimer_db/1QB2.pdb,old_dimer_db,1QB2,1,True
1QC5,A,B,../../GraPPI_data/PDB/old_dimer_db/1QC5.pdb,old_dimer_db,1QC5,1,True
1QF8,A,B,../../GraPPI_data/PDB/old_dimer_db/1QF8.pdb,old_dimer_db,1QF8,1,True
1QH5,A,B,../../GraPPI_data/PDB/old_dimer_db/1QH5.pdb,old_dimer_db,1QH5,1,True
1QHA,A,B,../../GraPPI_data/PDB/old_dimer_db/1QHA.pdb,old_dimer_db,1QHA,2,True
1QQG,A,B,../../GraPPI_data/PDB/old_dimer_db/1QQG.pdb,old_dimer_db,1QQG,1,True
1QWT,A,B,../../GraPPI_data/PDB/old_dimer_db/1QWT.pdb,old_dimer_db,1QWT,1,True
1QZQ,A,B,../../GraPPI_data/PDB/old_dimer_db/1QZQ.pdb,old_dimer_db,1QZQ,1,True
1R6U,A,B,../../GraPPI_data/PDB/old_dimer_db/1R6U.pdb,old_dimer_db,1R6U,1,True
1RK4,A,B,../../GraPPI_data/PDB/old_dimer_db/1RK4.pdb,old_dimer_db,1RK4,1,True
1S3E,A,B,../../GraPPI_data/PDB/old_dimer_db/1S3E.pdb,old_dimer_db,1S3E,2,True
1SMO,A,B,../../GraPPI_data/PDB/old_dimer_db/1SMO.pdb,old_dimer_db,1SMO,1,True
1SR7,A,B,../../GraPPI_data/PDB/old_dimer_db/1SR7.pdb,old_dimer_db,1SR7,1,True
1T3G,A,B,../../GraPPI_data/PDB/old_dimer_db/1T3G.pdb,old_dimer_db,1T3G,1,True
1T6F,A,B,../../GraPPI_data/PDB/old_dimer_db/1T6F.pdb,old_dimer_db,1T6F,1,True
1T6N,A,B,../../GraPPI_data/PDB/old_dimer_db/1T6N.pdb,old_dimer_db,1T6N,1,True
1T8T,A,B,../../GraPPI_data/PDB/old_dimer_db/1T8T.pdb,old_dimer_db,1T8T,1,True
1TIJ,A,B,../../GraPPI_data/PDB/old_dimer_db/1TIJ.pdb,old_dimer_db,1TIJ,1,True
1TRN,A,B,../../GraPPI_data/PDB/old_dimer_db/1TRN.pdb,old_dimer_db,1TRN,1,True
1TVD,A,B,../../GraPPI_data/PDB/old_dimer_db/1TVD.pdb,old_dimer_db,1TVD,1,True
1TWR,A,B,../../GraPPI_data/PDB/old_dimer_db/1TWR.pdb,old_dimer_db,1TWR,1,True
1UZ3,A,B,../../GraPPI_data/PDB/old_dimer_db/1UZ3.pdb,old_dimer_db,1UZ3,1,True
1VDG,A,B,../../GraPPI_data/PDB/old_dimer_db/1VDG.pdb,old_dimer_db,1VDG,1,True
1VKG,A,B,../../GraPPI_data/PDB/old_dimer_db/1VKG.pdb,old_dimer_db,1VKG,1,True
1VSC,A,B,../../GraPPI_data/PDB/old_dimer_db/1VSC.pdb,old_dimer_db,1VSC,1,True
1W3B,A,B,../../GraPPI_data/PDB/old_dimer_db/1W3B.pdb,old_dimer_db,1W3B,1,True
1W9C,A,B,../../GraPPI_data/PDB/old_dimer_db/1W9C.pdb,old_dimer_db,1W9C,1,True
1WRK,A,B,../../GraPPI_data/PDB/old_dimer_db/1WRK.pdb,old_dimer_db,1WRK,1,True
1WSR,A,B,../../GraPPI_data/PDB/old_dimer_db/1WSR.pdb,old_dimer_db,1WSR,1,True
1WU9,A,B,../../GraPPI_data/PDB/old_dimer_db/1WU9.pdb,old_dimer_db,1WU9,1,True
1WYX,A,B,../../GraPPI_data/PDB/old_dimer_db/1WYX.pdb,old_dimer_db,1WYX,1,True
1XJL,A,B,../../GraPPI_data/PDB/old_dimer_db/1XJL.pdb,old_dimer_db,1XJL,1,True
1XV8,A,B,../../GraPPI_data/PDB/old_dimer_db/1XV8.pdb,old_dimer_db,1XV8,1,True
1Y2O,A,B,../../GraPPI_data/PDB/old_dimer_db/1Y2O.pdb,old_dimer_db,1Y2O,1,True
1Y97,A,B,../../GraPPI_data/PDB/old_dimer_db/1Y97.pdb,old_dimer_db,1Y97,1,True
1YB1,A,B,../../GraPPI_data/PDB/old_dimer_db/1YB1.pdb,old_dimer_db,1YB1,1,True
1YLA,A,B,../../GraPPI_data/PDB/old_dimer_db/1YLA.pdb,old_dimer_db,1YLA,1,True
1YZ5,A,B,../../GraPPI_data/PDB/old_dimer_db/1YZ5.pdb,old_dimer_db,1YZ5,4,True
1YZX,A,B,../../GraPPI_data/PDB/old_dimer_db/1YZX.pdb,old_dimer_db,1YZX,1,True
1Z9M,A,B,../../GraPPI_data/PDB/old_dimer_db/1Z9M.pdb,old_dimer_db,1Z9M,6,True
1ZQ9,A,B,../../GraPPI_data/PDB/old_dimer_db/1ZQ9.pdb,old_dimer_db,1ZQ9,1,True
1ZXM,A,B,../../GraPPI_data/PDB/old_dimer_db/1ZXM.pdb,old_dimer_db,1ZXM,1,True
2A72,A,B,../../GraPPI_data/PDB/old_dimer_db/2A72.pdb,old_dimer_db,2A72,1,True
2A8J,A,B,../../GraPPI_data/PDB/old_dimer_db/2A8J.pdb,old_dimer_db,2A8J,4,True
2A9U,A,B,../../GraPPI_data/PDB/old_dimer_db/2A9U.pdb,old_dimer_db,2A9U,1,True
2AAX,A,B,../../GraPPI_data/PDB/old_dimer_db/2AAX.pdb,old_dimer_db,2AAX,1,True
2ACX,A,B,../../GraPPI_data/PDB/old_dimer_db/2ACX.pdb,old_dimer_db,2ACX,1,True
2ARV,A,B,../../GraPPI_data/PDB/old_dimer_db/2ARV.pdb,old_dimer_db,2ARV,1,True
2ASK,A,B,../../GraPPI_data/PDB/old_dimer_db/2ASK.pdb,old_dimer_db,2ASK,1,True
2AXH,A,B,../../GraPPI_data/PDB/old_dimer_db/2AXH.pdb,old_dimer_db,2AXH,1,True
2BZY,A,B,../../GraPPI_data/PDB/old_dimer_db/2BZY.pdb,old_dimer_db,2BZY,1,True
2CAR,A,B,../../GraPPI_data/PDB/old_dimer_db/2CAR.pdb,old_dimer_db,2CAR,1,True
2CB5,A,B,../../GraPPI_data/PDB/old_dimer_db/2CB5.pdb,old_dimer_db,2CB5,1,True
2CJW,A,B,../../GraPPI_data/PDB/old_dimer_db/2CJW.pdb,old_dimer_db,2CJW,1,True
2CZH,A,B,../../GraPPI_data/PDB/old_dimer_db/2CZH.pdb,old_dimer_db,2CZH,5,True
2D68,A,B,../../GraPPI_data/PDB/old_dimer_db/2D68.pdb,old_dimer_db,2D68,1,True
2DB7,A,B,../../GraPPI_data/PDB/old_dimer_db/2DB7.pdb,old_dimer_db,2DB7,1,True
2DSC,A,B,../../GraPPI_data/PDB/old_dimer_db/2DSC.pdb,old_dimer_db,2DSC,1,True
2EAV,A,B,../../GraPPI_data/PDB/old_dimer_db/2EAV.pdb,old_dimer_db,2EAV,1,True
2EJ8,A,B,../../GraPPI_data/PDB/old_dimer_db/2EJ8.pdb,old_dimer_db,2EJ8,1,True
2EX4,A,B,../../GraPPI_data/PDB/old_dimer_db/2EX4.pdb,old_dimer_db,2EX4,1,True
2EXX,A,B,../../GraPPI_data/PDB/old_dimer_db/2EXX.pdb,old_dimer_db,2EXX,1,True
2F5J,A,B,../../GraPPI_data/PDB/old_dimer_db/2F5J.pdb,old_dimer_db,2F5J,1,True
2F7S,A,B,../../GraPPI_data/PDB/old_dimer_db/2F7S.pdb,old_dimer_db,2F7S,1,True
2FIC,A,B,../../GraPPI_data/PDB/old_dimer_db/2FIC.pdb,old_dimer_db,2FIC,1,True
2FIM,A,B,../../GraPPI_data/PDB/old_dimer_db/2FIM.pdb,old_dimer_db,2FIM,1,True
2G59,A,B,../../GraPPI_data/PDB/old_dimer_db/2G59.pdb,old_dimer_db,2G59,1,True
2GAO,A,B,../../GraPPI_data/PDB/old_dimer_db/2GAO.pdb,old_dimer_db,2GAO,1,True
2GI7,A,B,../../GraPPI_data/PDB/old_dimer_db/2GI7.pdb,old_dimer_db,2GI7,1,True
2H2N,A,B,../../GraPPI_data/PDB/old_dimer_db/2H2N.pdb,old_dimer_db,2H2N,1,True
2H2R,A,B,../../GraPPI_data/PDB/old_dimer_db/2H2R.pdb,old_dimer_db,2H2R,1,True
2H8K,A,B,../../GraPPI_data/PDB/old_dimer_db/2H8K.pdb,old_dimer_db,2H8K,4,True
2HEI,A,B,../../GraPPI_data/PDB/old_dimer_db/2HEI.pdb,old_dimer_db,2HEI,1,True
2HKN,A,B,../../GraPPI_data/PDB/old_dimer_db/2HKN.pdb,old_dimer_db,2HKN,1,True
2HQX,A,B,../../GraPPI_data/PDB/old_dimer_db/2HQX.pdb,old_dimer_db,2HQX,1,True
2HZ5,A,B,../../GraPPI_data/PDB/old_dimer_db/2HZ5.pdb,old_dimer_db,2HZ5,1,True
2I46,A,B,../../GraPPI_data/PDB/old_dimer_db/2I46.pdb,old_dimer_db,2I46,1,True
2I7N,A,B,../../GraPPI_data/PDB/old_dimer_db/2I7N.pdb,old_dimer_db,2I7N,1,True
2I99,A,B,../../GraPPI_data/PDB/old_dimer_db/2I99.pdb,old_dimer_db,2I99,5,True
2IIK,A,B,../../GraPPI_data/PDB/old_dimer_db/2IIK.pdb,old_dimer_db,2IIK,4,True
2IYC,A,B,../../GraPPI_data/PDB/old_dimer_db/2IYC.pdb,old_dimer_db,2IYC,1,True
2J05,A,B,../../GraPPI_data/PDB/old_dimer_db/2J05.pdb,old_dimer_db,2J05,1,True
2J67,A,B,../../GraPPI_data/PDB/old_dimer_db/2J67.pdb,old_dimer_db,2J67,1,True
2J8Q,A,B,../../GraPPI_data/PDB/old_dimer_db/2J8Q.pdb,old_dimer_db,2J8Q,1,True
2J9Q,A,B,../../GraPPI_data/PDB/old_dimer_db/2J9Q.pdb,old_dimer_db,2J9Q,1,True
2JC6,A,C,../../GraPPI_data/PDB/old_dimer_db/2JC6.pdb,old_dimer_db,2JC6,1,True
2NO7,A,B,../../GraPPI_data/PDB/old_dimer_db/2NO7.pdb,old_dimer_db,2NO7,1,True
2NYR,A,B,../../GraPPI_data/PDB/old_dimer_db/2NYR.pdb,old_dimer_db,2NYR,1,True
2NZ7,A,B,../../GraPPI_data/PDB/old_dimer_db/2NZ7.pdb,old_dimer_db,2NZ7,1,True
2O28,A,B,../../GraPPI_data/PDB/old_dimer_db/2O28.pdb,old_dimer_db,2O28,1,True
2O2K,A,B,../../GraPPI_data/PDB/old_dimer_db/2O2K.pdb,old_dimer_db,2O2K,1,True
2O6L,A,B,../../GraPPI_data/PDB/old_dimer_db/2O6L.pdb,old_dimer_db,2O6L,1,True
2O96,A,B,../../GraPPI_data/PDB/old_dimer_db/2O96.pdb,old_dimer_db,2O96,1,True
2OEX,A,B,../../GraPPI_data/PDB/old_dimer_db/2OEX.pdb,old_dimer_db,2OEX,1,True
2OFV,A,B,../../GraPPI_data/PDB/old_dimer_db/2OFV.pdb,old_dimer_db,2OFV,1,True
2OR3,A,B,../../GraPPI_data/PDB/old_dimer_db/2OR3.pdb,old_dimer_db,2OR3,5,True
2OTP,A,B,../../GraPPI_data/PDB/old_dimer_db/2OTP.pdb,old_dimer_db,2OTP,1,True
2P23,A,B,../../GraPPI_data/PDB/old_dimer_db/2P23.pdb,old_dimer_db,2P23,1,True
2P5S,A,B,../../GraPPI_data/PDB/old_dimer_db/2P5S.pdb,old_dimer_db,2P5S,1,True
2P64,A,B,../../GraPPI_data/PDB/old_dimer_db/2P64.pdb,old_dimer_db,2P64,1,True
2PFI,A,B,../../GraPPI_data/PDB/old_dimer_db/2PFI.pdb,old_dimer_db,2PFI,1,True
2PG2,A,B,../../GraPPI_data/PDB/old_dimer_db/2PG2.pdb,old_dimer_db,2PG2,1,True
2PY3,A,B,../../GraPPI_data/PDB/old_dimer_db/2PY3.pdb,old_dimer_db,2PY3,1,True
2PZD,A,B,../../GraPPI_data/PDB/old_dimer_db/2PZD.pdb,old_dimer_db,2PZD,1,True
2Q32,A,B,../../GraPPI_data/PDB/old_dimer_db/2Q32.pdb,old_dimer_db,2Q32,1,True
2QJ2,A,B,../../GraPPI_data/PDB/old_dimer_db/2QJ2.pdb,old_dimer_db,2QJ2,1,True
2QJF,A,B,../../GraPPI_data/PDB/old_dimer_db/2QJF.pdb,old_dimer_db,2QJF,1,True
2QRZ,A,B,../../GraPPI_data/PDB/old_dimer_db/2QRZ.pdb,old_dimer_db,2QRZ,1,True
2QYP,A,B,../../GraPPI_data/PDB/old_dimer_db/2QYP.pdb,old_dimer_db,2QYP,1,True
2R15,A,B,../../GraPPI_data/PDB/old_dimer_db/2R15.pdb,old_dimer_db,2R15,1,True
2R83,A,B,../../GraPPI_data/PDB/old_dimer_db/2R83.pdb,old_dimer_db,2R83,1,True
2R9A,A,B,../../GraPPI_data/PDB/old_dimer_db/2R9A.pdb,old_dimer_db,2R9A,1,True
2UV3,A,B,../../GraPPI_data/PDB/old_dimer_db/2UV3.pdb,old_dimer_db,2UV3,1,True
2UVL,A,B,../../GraPPI_data/PDB/old_dimer_db/2UVL.pdb,old_dimer_db,2UVL,1,True
2VNS,A,B,../../GraPPI_data/PDB/old_dimer_db/2VNS.pdb,old_dimer_db,2VNS,1,True
2VPH,A,B,../../GraPPI_data/PDB/old_dimer_db/2VPH.pdb,old_dimer_db,2VPH,1,True
2VSV,A,B,../../GraPPI_data/PDB/old_dimer_db/2VSV.pdb,old_dimer_db,2VSV,1,True
2VXO,A,B,../../GraPPI_data/PDB/old_dimer_db/2VXO.pdb,old_dimer_db,2VXO,1,True
2WFD,A,B,../../GraPPI_data/PDB/old_dimer_db/2WFD.pdb,old_dimer_db,2WFD,1,True
2WFH,A,B,../../GraPPI_data/PDB/old_dimer_db/2WFH.pdb,old_dimer_db,2WFH,1,True
2WGH,A,B,../../GraPPI_data/PDB/old_dimer_db/2WGH.pdb,old_dimer_db,2WGH,3,True
2WNT,A,B,../../GraPPI_data/PDB/old_dimer_db/2WNT.pdb,old_dimer_db,2WNT,1,True
2X2A,A,B,../../GraPPI_data/PDB/old_dimer_db/2X2A.pdb,old_dimer_db,2X2A,1,True
2X4D,A,B,../../GraPPI_data/PDB/old_dimer_db/2X4D.pdb,old_dimer_db,2X4D,1,True
2XDG,A,B,../../GraPPI_data/PDB/old_dimer_db/2XDG.pdb,old_dimer_db,2XDG,1,True
2XG7,A,C,../../GraPPI_data/PDB/old_dimer_db/2XG7.pdb,old_dimer_db,2XG7,1,True
2XSX,A,B,../../GraPPI_data/PDB/old_dimer_db/2XSX.pdb,old_dimer_db,2XSX,8,True
2XV5,A,B,../../GraPPI_data/PDB/old_dimer_db/2XV5.pdb,old_dimer_db,2XV5,1,True
2Y1H,A,B,../../GraPPI_data/PDB/old_dimer_db/2Y1H.pdb,old_dimer_db,2Y1H,1,True
2Y43,A,B,../../GraPPI_data/PDB/old_dimer_db/2Y43.pdb,old_dimer_db,2Y43,1,True
2Y6W,A,B,../../GraPPI_data/PDB/old_dimer_db/2Y6W.pdb,old_dimer_db,2Y6W,1,True
2YGW,A,B,../../GraPPI_data/PDB/old_dimer_db/2YGW.pdb,old_dimer_db,2YGW,1,True
2YHN,A,B,../../GraPPI_data/PDB/old_dimer_db/2YHN.pdb,old_dimer_db,2YHN,3,True
2YPR,A,B,../../GraPPI_data/PDB/old_dimer_db/2YPR.pdb,old_dimer_db,2YPR,1,True
2YVR,A,B,../../GraPPI_data/PDB/old_dimer_db/2YVR.pdb,old_dimer_db,2YVR,1,True
2Z0V,A,B,../../GraPPI_data/PDB/old_dimer_db/2Z0V.pdb,old_dimer_db,2Z0V,1,True
2Z5D,A,B,../../GraPPI_data/PDB/old_dimer_db/2Z5D.pdb,old_dimer_db,2Z5D,1,True
2Z5E,A,B,../../GraPPI_data/PDB/old_dimer_db/2Z5E.pdb,old_dimer_db,2Z5E,1,True
2Z5F,A,B,../../GraPPI_data/PDB/old_dimer_db/2Z5F.pdb,old_dimer_db,2Z5F,1,True
2ZN9,A,B,../../GraPPI_data/PDB/old_dimer_db/2ZN9.pdb,old_dimer_db,2ZN9,1,True
3A60,A,B,../../GraPPI_data/PDB/old_dimer_db/3A60.pdb,old_dimer_db,3A60,1,True
3AGX,A,B,../../GraPPI_data/PDB/old_dimer_db/3AGX.pdb,old_dimer_db,3AGX,1,True
3AJM,A,B,../../GraPPI_data/PDB/old_dimer_db/3AJM.pdb,old_dimer_db,3AJM,1,True
3ALP,A,B,../../GraPPI_data/PDB/old_dimer_db/3ALP.pdb,old_dimer_db,3ALP,1,True
3B6R,A,B,../../GraPPI_data/PDB/old_dimer_db/3B6R.pdb,old_dimer_db,3B6R,1,True
3B6U,A,B,../../GraPPI_data/PDB/old_dimer_db/3B6U.pdb,old_dimer_db,3B6U,1,True
3BL9,A,B,../../GraPPI_data/PDB/old_dimer_db/3BL9.pdb,old_dimer_db,3BL9,1,True
3BXW,B,A,../../GraPPI_data/PDB/old_dimer_db/3BXW.pdb,old_dimer_db,3BXW,1,True
3CB2,A,B,../../GraPPI_data/PDB/old_dimer_db/3CB2.pdb,old_dimer_db,3CB2,1,True
3CBY,A,B,../../GraPPI_data/PDB/old_dimer_db/3CBY.pdb,old_dimer_db,3CBY,1,True
3CEQ,A,B,../../GraPPI_data/PDB/old_dimer_db/3CEQ.pdb,old_dimer_db,3CEQ,1,True
3COO,A,B,../../GraPPI_data/PDB/old_dimer_db/3COO.pdb,old_dimer_db,3COO,1,True
3CRY,A,B,../../GraPPI_data/PDB/old_dimer_db/3CRY.pdb,old_dimer_db,3CRY,1,True
3D0E,A,B,../../GraPPI_data/PDB/old_dimer_db/3D0E.pdb,old_dimer_db,3D0E,1,True
3D0Y,A,B,../../GraPPI_data/PDB/old_dimer_db/3D0Y.pdb,old_dimer_db,3D0Y,8,True
3D34,A,B,../../GraPPI_data/PDB/old_dimer_db/3D34.pdb,old_dimer_db,3D34,1,True
3D8B,A,B,../../GraPPI_data/PDB/old_dimer_db/3D8B.pdb,old_dimer_db,3D8B,1,True
3DAL,A,B,../../GraPPI_data/PDB/old_dimer_db/3DAL.pdb,old_dimer_db,3DAL,1,True
3DEM,A,B,../../GraPPI_data/PDB/old_dimer_db/3DEM.pdb,old_dimer_db,3DEM,1,True
3DL2,A,B,../../GraPPI_data/PDB/old_dimer_db/3DL2.pdb,old_dimer_db,3DL2,1,True
3DWD,A,B,../../GraPPI_data/PDB/old_dimer_db/3DWD.pdb,old_dimer_db,3DWD,1,True
3E17,A,B,../../GraPPI_data/PDB/old_dimer_db/3E17.pdb,old_dimer_db,3E17,1,True
3E3R,A,B,../../GraPPI_data/PDB/old_dimer_db/3E3R.pdb,old_dimer_db,3E3R,1,True
3E7O,A,B,../../GraPPI_data/PDB/old_dimer_db/3E7O.pdb,old_dimer_db,3E7O,1,True
3EE6,A,B,../../GraPPI_data/PDB/old_dimer_db/3EE6.pdb,old_dimer_db,3EE6,1,True
3EFK,A,B,../../GraPPI_data/PDB/old_dimer_db/3EFK.pdb,old_dimer_db,3EFK,1,True
3ENP,A,B,../../GraPPI_data/PDB/old_dimer_db/3ENP.pdb,old_dimer_db,3ENP,1,True
3EQR,A,B,../../GraPPI_data/PDB/old_dimer_db/3EQR.pdb,old_dimer_db,3EQR,1,True
3EVI,A,B,../../GraPPI_data/PDB/old_dimer_db/3EVI.pdb,old_dimer_db,3EVI,1,True
3EWW,A,B,../../GraPPI_data/PDB/old_dimer_db/3EWW.pdb,old_dimer_db,3EWW,1,True
3F1R,A,B,../../GraPPI_data/PDB/old_dimer_db/3F1R.pdb,old_dimer_db,3F1R,1,True
3F70,A,B,../../GraPPI_data/PDB/old_dimer_db/3F70.pdb,old_dimer_db,3F70,1,True
3FBK,A,B,../../GraPPI_data/PDB/old_dimer_db/3FBK.pdb,old_dimer_db,3FBK,1,True
3FCX,A,B,../../GraPPI_data/PDB/old_dimer_db/3FCX.pdb,old_dimer_db,3FCX,1,True
3FE3,A,B,../../GraPPI_data/PDB/old_dimer_db/3FE3.pdb,old_dimer_db,3FE3,1,True
3FO5,A,B,../../GraPPI_data/PDB/old_dimer_db/3FO5.pdb,old_dimer_db,3FO5,1,True
3G15,A,B,../../GraPPI_data/PDB/old_dimer_db/3G15.pdb,old_dimer_db,3G15,2,True
3G4E,A,B,../../GraPPI_data/PDB/old_dimer_db/3G4E.pdb,old_dimer_db,3G4E,1,True
3GA1,A,B,../../GraPPI_data/PDB/old_dimer_db/3GA1.pdb,old_dimer_db,3GA1,2,True
3GCU,A,B,../../GraPPI_data/PDB/old_dimer_db/3GCU.pdb,old_dimer_db,3GCU,1,True
3GRO,A,B,../../GraPPI_data/PDB/old_dimer_db/3GRO.pdb,old_dimer_db,3GRO,1,True
3H8V,A,B,../../GraPPI_data/PDB/old_dimer_db/3H8V.pdb,old_dimer_db,3H8V,1,True
3HAH,A,B,../../GraPPI_data/PDB/old_dimer_db/3HAH.pdb,old_dimer_db,3HAH,2,True
3HCN,A,B,../../GraPPI_data/PDB/old_dimer_db/3HCN.pdb,old_dimer_db,3HCN,1,True
3HCS,A,B,../../GraPPI_data/PDB/old_dimer_db/3HCS.pdb,old_dimer_db,3HCS,1,True
3HEQ,A,B,../../GraPPI_data/PDB/old_dimer_db/3HEQ.pdb,old_dimer_db,3HEQ,1,True
3HK0,A,B,../../GraPPI_data/PDB/old_dimer_db/3HK0.pdb,old_dimer_db,3HK0,1,True
3HR0,A,B,../../GraPPI_data/PDB/old_dimer_db/3HR0.pdb,old_dimer_db,3HR0,1,True
3I00,A,B,../../GraPPI_data/PDB/old_dimer_db/3I00.pdb,old_dimer_db,3I00,1,True
3I17,B,A,../../GraPPI_data/PDB/old_dimer_db/3I17.pdb,old_dimer_db,3I17,1,True
3I3N,A,B,../../GraPPI_data/PDB/old_dimer_db/3I3N.pdb,old_dimer_db,3I3N,1,True
3I5W,A,B,../../GraPPI_data/PDB/old_dimer_db/3I5W.pdb,old_dimer_db,3I5W,1,True
3I6U,A,B,../../GraPPI_data/PDB/old_dimer_db/3I6U.pdb,old_dimer_db,3I6U,1,True
3I84,A,B,../../GraPPI_data/PDB/old_dimer_db/3I84.pdb,old_dimer_db,3I84,1,True
3I8V,A,B,../../GraPPI_data/PDB/old_dimer_db/3I8V.pdb,old_dimer_db,3I8V,1,True
3IKK,A,B,../../GraPPI_data/PDB/old_dimer_db/3IKK.pdb,old_dimer_db,3IKK,1,True
3IKL,A,B,../../GraPPI_data/PDB/old_dimer_db/3IKL.pdb,old_dimer_db,3IKL,1,True
3INK,C,D,../../GraPPI_data/PDB/old_dimer_db/3INK.pdb,old_dimer_db,3INK,1,True
3JQZ,A,B,../../GraPPI_data/PDB/old_dimer_db/3JQZ.pdb,old_dimer_db,3JQZ,1,True
3K2O,A,B,../../GraPPI_data/PDB/old_dimer_db/3K2O.pdb,old_dimer_db,3K2O,1,True
3K9J,A,B,../../GraPPI_data/PDB/old_dimer_db/3K9J.pdb,old_dimer_db,3K9J,2,True
3KDU,A,B,../../GraPPI_data/PDB/old_dimer_db/3KDU.pdb,old_dimer_db,3KDU,1,True
3KEX,A,B,../../GraPPI_data/PDB/old_dimer_db/3KEX.pdb,old_dimer_db,3KEX,1,True
3KG5,A,B,../../GraPPI_data/PDB/old_dimer_db/3KG5.pdb,old_dimer_db,3KG5,1,True
3KH0,A,B,../../GraPPI_data/PDB/old_dimer_db/3KH0.pdb,old_dimer_db,3KH0,1,True
3KMX,A,B,../../GraPPI_data/PDB/old_dimer_db/3KMX.pdb,old_dimer_db,3KMX,1,True
3KUZ,A,B,../../GraPPI_data/PDB/old_dimer_db/3KUZ.pdb,old_dimer_db,3KUZ,1,True
3L46,A,B,../../GraPPI_data/PDB/old_dimer_db/3L46.pdb,old_dimer_db,3L46,1,True
3LF5,A,B,../../GraPPI_data/PDB/old_dimer_db/3LF5.pdb,old_dimer_db,3LF5,1,True
3LFV,A,B,../../GraPPI_data/PDB/old_dimer_db/3LFV.pdb,old_dimer_db,3LFV,1,True
3LGD,A,B,../../GraPPI_data/PDB/old_dimer_db/3LGD.pdb,old_dimer_db,3LGD,1,True
3LHR,A,B,../../GraPPI_data/PDB/old_dimer_db/3LHR.pdb,old_dimer_db,3LHR,1,True
3LLM,A,B,../../GraPPI_data/PDB/old_dimer_db/3LLM.pdb,old_dimer_db,3LLM,1,True
3LMK,A,B,../../GraPPI_data/PDB/old_dimer_db/3LMK.pdb,old_dimer_db,3LMK,5,True
3LN2,A,B,../../GraPPI_data/PDB/old_dimer_db/3LN2.pdb,old_dimer_db,3LN2,1,True
3LOW,A,B,../../GraPPI_data/PDB/old_dimer_db/3LOW.pdb,old_dimer_db,3LOW,1,True
3MGM,A,B,../../GraPPI_data/PDB/old_dimer_db/3MGM.pdb,old_dimer_db,3MGM,1,True
3MTR,A,B,../../GraPPI_data/PDB/old_dimer_db/3MTR.pdb,old_dimer_db,3MTR,1,True
3MUJ,A,B,../../GraPPI_data/PDB/old_dimer_db/3MUJ.pdb,old_dimer_db,3MUJ,1,True
3MXO,A,B,../../GraPPI_data/PDB/old_dimer_db/3MXO.pdb,old_dimer_db,3MXO,1,True
3N01,A,B,../../GraPPI_data/PDB/old_dimer_db/3N01.pdb,old_dimer_db,3N01,1,True
3N8E,A,B,../../GraPPI_data/PDB/old_dimer_db/3N8E.pdb,old_dimer_db,3N8E,1,True
3NAU,A,B,../../GraPPI_data/PDB/old_dimer_db/3NAU.pdb,old_dimer_db,3NAU,1,True
3NER,A,B,../../GraPPI_data/PDB/old_dimer_db/3NER.pdb,old_dimer_db,3NER,1,True
3NOI,A,B,../../GraPPI_data/PDB/old_dimer_db/3NOI.pdb,old_dimer_db,3NOI,1,True
3NR1,A,B,../../GraPPI_data/PDB/old_dimer_db/3NR1.pdb,old_dimer_db,3NR1,1,True
3NSO,A,B,../../GraPPI_data/PDB/old_dimer_db/3NSO.pdb,old_dimer_db,3NSO,2,True
3OCP,A,B,../../GraPPI_data/PDB/old_dimer_db/3OCP.pdb,old_dimer_db,3OCP,1,True
3OSK,A,B,../../GraPPI_data/PDB/old_dimer_db/3OSK.pdb,old_dimer_db,3OSK,1,True
3OVP,A,B,../../GraPPI_data/PDB/old_dimer_db/3OVP.pdb,old_dimer_db,3OVP,2,True
3P0U,A,B,../../GraPPI_data/PDB/old_dimer_db/3P0U.pdb,old_dimer_db,3P0U,1,True
3P8D,A,B,../../GraPPI_data/PDB/old_dimer_db/3P8D.pdb,old_dimer_db,3P8D,1,True
3PMR,A,B,../../GraPPI_data/PDB/old_dimer_db/3PMR.pdb,old_dimer_db,3PMR,1,True
3PQ1,A,B,../../GraPPI_data/PDB/old_dimer_db/3PQ1.pdb,old_dimer_db,3PQ1,1,True
3PV1,A,B,../../GraPPI_data/PDB/old_dimer_db/3PV1.pdb,old_dimer_db,3PV1,1,True
3Q01,A,B,../../GraPPI_data/PDB/old_dimer_db/3Q01.pdb,old_dimer_db,3Q01,1,True
3Q4Z,A,B,../../GraPPI_data/PDB/old_dimer_db/3Q4Z.pdb,old_dimer_db,3Q4Z,1,True
3QM4,A,B,../../GraPPI_data/PDB/old_dimer_db/3QM4.pdb,old_dimer_db,3QM4,1,True
3RAP,R,S,../../GraPPI_data/PDB/old_dimer_db/3RAP.pdb,old_dimer_db,3RAP,1,True
3RAU,A,B,../../GraPPI_data/PDB/old_dimer_db/3RAU.pdb,old_dimer_db,3RAU,1,True
3RBN,A,B,../../GraPPI_data/PDB/old_dimer_db/3RBN.pdb,old_dimer_db,3RBN,1,True
3RQ3,A,B,../../GraPPI_data/PDB/old_dimer_db/3RQ3.pdb,old_dimer_db,3RQ3,3,True
3S84,A,B,../../GraPPI_data/PDB/old_dimer_db/3S84.pdb,old_dimer_db,3S84,1,True
3S9G,A,B,../../GraPPI_data/PDB/old_dimer_db/3S9G.pdb,old_dimer_db,3S9G,1,True
3SWK,A,B,../../GraPPI_data/PDB/old_dimer_db/3SWK.pdb,old_dimer_db,3SWK,1,True
3TOJ,A,B,../../GraPPI_data/PDB/old_dimer_db/3TOJ.pdb,old_dimer_db,3TOJ,1,True
3TV0,A,B,../../GraPPI_data/PDB/old_dimer_db/3TV0.pdb,old_dimer_db,3TV0,1,True
3TYY,A,B,../../GraPPI_data/PDB/old_dimer_db/3TYY.pdb,old_dimer_db,3TYY,1,True
3U0Y,A,B,../../GraPPI_data/PDB/old_dimer_db/3U0Y.pdb,old_dimer_db,3U0Y,1,True
3U1U,A,B,../../GraPPI_data/PDB/old_dimer_db/3U1U.pdb,old_dimer_db,3U1U,1,True
3U21,A,B,../../GraPPI_data/PDB/old_dimer_db/3U21.pdb,old_dimer_db,3U21,1,True
3U2W,A,B,../../GraPPI_data/PDB/old_dimer_db/3U2W.pdb,old_dimer_db,3U2W,1,True
3UCT,A,B,../../GraPPI_data/PDB/old_dimer_db/3UCT.pdb,old_dimer_db,3UCT,1,True
3UFN,A,B,../../GraPPI_data/PDB/old_dimer_db/3UFN.pdb,old_dimer_db,3UFN,1,True
3UX3,A,B,../../GraPPI_data/PDB/old_dimer_db/3UX3.pdb,old_dimer_db,3UX3,1,True
3UYJ,A,B,../../GraPPI_data/PDB/old_dimer_db/3UYJ.pdb,old_dimer_db,3UYJ,1,True
3V4K,A,B,../../GraPPI_data/PDB/old_dimer_db/3V4K.pdb,old_dimer_db,3V4K,1,True
3V8D,A,B,../../GraPPI_data/PDB/old_dimer_db/3V8D.pdb,old_dimer_db,3V8D,1,True
3VOQ,A,B,../../GraPPI_data/PDB/old_dimer_db/3VOQ.pdb,old_dimer_db,3VOQ,1,True
3VP6,A,B,../../GraPPI_data/PDB/old_dimer_db/3VP6.pdb,old_dimer_db,3VP6,4,True
3VW9,A,B,../../GraPPI_data/PDB/old_dimer_db/3VW9.pdb,old_dimer_db,3VW9,1,True
3W6P,A,B,../../GraPPI_data/PDB/old_dimer_db/3W6P.pdb,old_dimer_db,3W6P,1,True
3WAN,A,B,../../GraPPI_data/PDB/old_dimer_db/3WAN.pdb,old_dimer_db,3WAN,1,True
3WBP,A,B,../../GraPPI_data/PDB/old_dimer_db/3WBP.pdb,old_dimer_db,3WBP,1,True
3WPS,A,B,../../GraPPI_data/PDB/old_dimer_db/3WPS.pdb,old_dimer_db,3WPS,1,True
3WTD,A,B,../../GraPPI_data/PDB/old_dimer_db/3WTD.pdb,old_dimer_db,3WTD,1,True
3WVZ,A,B,../../GraPPI_data/PDB/old_dimer_db/3WVZ.pdb,old_dimer_db,3WVZ,1,True
3ZD2,A,B,../../GraPPI_data/PDB/old_dimer_db/3ZD2.pdb,old_dimer_db,3ZD2,1,True
3ZGD,A,B,../../GraPPI_data/PDB/old_dimer_db/3ZGD.pdb,old_dimer_db,3ZGD,1,True
3ZHK,A,B,../../GraPPI_data/PDB/old_dimer_db/3ZHK.pdb,old_dimer_db,3ZHK,1,True
3ZJE,A,B,../../GraPPI_data/PDB/old_dimer_db/3ZJE.pdb,old_dimer_db,3ZJE,1,True
3ZNN,A,B,../../GraPPI_data/PDB/old_dimer_db/3ZNN.pdb,old_dimer_db,3ZNN,1,True
3ZW5,A,B,../../GraPPI_data/PDB/old_dimer_db/3ZW5.pdb,old_dimer_db,3ZW5,2,True
3ZWF,A,B,../../GraPPI_data/PDB/old_dimer_db/3ZWF.pdb,old_dimer_db,3ZWF,1,True
3ZZW,A,B,../../GraPPI_data/PDB/old_dimer_db/3ZZW.pdb,old_dimer_db,3ZZW,1,True
4AE4,A,B,../../GraPPI_data/PDB/old_dimer_db/4AE4.pdb,old_dimer_db,4AE4,1,True
4AJF,A,D,../../GraPPI_data/PDB/old_dimer_db/4AJF.pdb,old_dimer_db,4AJF,1,True
4AKV,A,B,../../GraPPI_data/PDB/old_dimer_db/4AKV.pdb,old_dimer_db,4AKV,2,True
4AMH,A,B,../../GraPPI_data/PDB/old_dimer_db/4AMH.pdb,old_dimer_db,4AMH,1,True
4AP5,A,B,../../GraPPI_data/PDB/old_dimer_db/4AP5.pdb,old_dimer_db,4AP5,1,True
4AWQ,A,B,../../GraPPI_data/PDB/old_dimer_db/4AWQ.pdb,old_dimer_db,4AWQ,1,True
4AYA,A,B,../../GraPPI_data/PDB/old_dimer_db/4AYA.pdb,old_dimer_db,4AYA,1,True
4AYZ,A,B,../../GraPPI_data/PDB/old_dimer_db/4AYZ.pdb,old_dimer_db,4AYZ,1,True
4AZ9,A,B,../../GraPPI_data/PDB/old_dimer_db/4AZ9.pdb,old_dimer_db,4AZ9,1,True
4AZM,A,B,../../GraPPI_data/PDB/old_dimer_db/4AZM.pdb,old_dimer_db,4AZM,1,True
4B5P,A,B,../../GraPPI_data/PDB/old_dimer_db/4B5P.pdb,old_dimer_db,4B5P,1,True
4B9D,A,B,../../GraPPI_data/PDB/old_dimer_db/4B9D.pdb,old_dimer_db,4B9D,1,True
4BK0,A,B,../../GraPPI_data/PDB/old_dimer_db/4BK0.pdb,old_dimer_db,4BK0,1,True
4BT8,A,B,../../GraPPI_data/PDB/old_dimer_db/4BT8.pdb,old_dimer_db,4BT8,1,True
4BWN,A,B,../../GraPPI_data/PDB/old_dimer_db/4BWN.pdb,old_dimer_db,4BWN,1,True
4D3Q,A,B,../../GraPPI_data/PDB/old_dimer_db/4D3Q.pdb,old_dimer_db,4D3Q,1,True
4DIQ,A,B,../../GraPPI_data/PDB/old_dimer_db/4DIQ.pdb,old_dimer_db,4DIQ,1,True
4DZO,A,B,../../GraPPI_data/PDB/old_dimer_db/4DZO.pdb,old_dimer_db,4DZO,1,True
4EPU,A,B,../../GraPPI_data/PDB/old_dimer_db/4EPU.pdb,old_dimer_db,4EPU,1,True
4EUU,A,B,../../GraPPI_data/PDB/old_dimer_db/4EUU.pdb,old_dimer_db,4EUU,1,True
4F7O,A,B,../../GraPPI_data/PDB/old_dimer_db/4F7O.pdb,old_dimer_db,4F7O,1,True
4FDI,A,B,../../GraPPI_data/PDB/old_dimer_db/4FDI.pdb,old_dimer_db,4FDI,1,True
4FL6,A,B,../../GraPPI_data/PDB/old_dimer_db/4FL6.pdb,old_dimer_db,4FL6,1,True
4FZ5,A,B,../../GraPPI_data/PDB/old_dimer_db/4FZ5.pdb,old_dimer_db,4FZ5,1,True
4FZS,A,B,../../GraPPI_data/PDB/old_dimer_db/4FZS.pdb,old_dimer_db,4FZS,1,True
4G1T,A,B,../../GraPPI_data/PDB/old_dimer_db/4G1T.pdb,old_dimer_db,4G1T,1,True
4G84,A,B,../../GraPPI_data/PDB/old_dimer_db/4G84.pdb,old_dimer_db,4G84,3,True
4GAH,A,B,../../GraPPI_data/PDB/old_dimer_db/4GAH.pdb,old_dimer_db,4GAH,1,True
4GIW,A,B,../../GraPPI_data/PDB/old_dimer_db/4GIW.pdb,old_dimer_db,4GIW,1,True
4GJQ,A,B,../../GraPPI_data/PDB/old_dimer_db/4GJQ.pdb,old_dimer_db,4GJQ,1,True
4GOF,A,B,../../GraPPI_data/PDB/old_dimer_db/4GOF.pdb,old_dimer_db,4GOF,1,True
4GPZ,A,B,../../GraPPI_data/PDB/old_dimer_db/4GPZ.pdb,old_dimer_db,4GPZ,2,True
4H87,A,B,../../GraPPI_data/PDB/old_dimer_db/4H87.pdb,old_dimer_db,4H87,1,True
4HFG,A,B,../../GraPPI_data/PDB/old_dimer_db/4HFG.pdb,old_dimer_db,4HFG,1,True
4HHV,A,B,../../GraPPI_data/PDB/old_dimer_db/4HHV.pdb,old_dimer_db,4HHV,1,True
4HMA,A,B,../../GraPPI_data/PDB/old_dimer_db/4HMA.pdb,old_dimer_db,4HMA,2,True
4HVC,A,B,../../GraPPI_data/PDB/old_dimer_db/4HVC.pdb,old_dimer_db,4HVC,1,True
4I1Q,A,B,../../GraPPI_data/PDB/old_dimer_db/4I1Q.pdb,old_dimer_db,4I1Q,1,True
4IAN,A,B,../../GraPPI_data/PDB/old_dimer_db/4IAN.pdb,old_dimer_db,4IAN,1,True
4IDT,A,B,../../GraPPI_data/PDB/old_dimer_db/4IDT.pdb,old_dimer_db,4IDT,1,True
4IGG,A,B,../../GraPPI_data/PDB/old_dimer_db/4IGG.pdb,old_dimer_db,4IGG,1,True
4IKB,A,B,../../GraPPI_data/PDB/old_dimer_db/4IKB.pdb,old_dimer_db,4IKB,1,True
4J15,A,B,../../GraPPI_data/PDB/old_dimer_db/4J15.pdb,old_dimer_db,4J15,2,True
4JJH,A,B,../../GraPPI_data/PDB/old_dimer_db/4JJH.pdb,old_dimer_db,4JJH,1,True
4JP4,A,B,../../GraPPI_data/PDB/old_dimer_db/4JP4.pdb,old_dimer_db,4JP4,1,True
4JU5,A,B,../../GraPPI_data/PDB/old_dimer_db/4JU5.pdb,old_dimer_db,4JU5,1,True
4JUP,A,B,../../GraPPI_data/PDB/old_dimer_db/4JUP.pdb,old_dimer_db,4JUP,1,True
4JZP,A,B,../../GraPPI_data/PDB/old_dimer_db/4JZP.pdb,old_dimer_db,4JZP,1,True
4KCX,A,B,../../GraPPI_data/PDB/old_dimer_db/4KCX.pdb,old_dimer_db,4KCX,1,True
4KGH,B,A,../../GraPPI_data/PDB/old_dimer_db/4KGH.pdb,old_dimer_db,4KGH,1,True
4KIK,A,B,../../GraPPI_data/PDB/old_dimer_db/4KIK.pdb,old_dimer_db,4KIK,1,True
4KMH,A,B,../../GraPPI_data/PDB/old_dimer_db/4KMH.pdb,old_dimer_db,4KMH,1,True
4L0R,A,B,../../GraPPI_data/PDB/old_dimer_db/4L0R.pdb,old_dimer_db,4L0R,1,True
4L1J,A,B,../../GraPPI_data/PDB/old_dimer_db/4L1J.pdb,old_dimer_db,4L1J,1,True
4L57,A,B,../../GraPPI_data/PDB/old_dimer_db/4L57.pdb,old_dimer_db,4L57,1,True
4L6Y,A,B,../../GraPPI_data/PDB/old_dimer_db/4L6Y.pdb,old_dimer_db,4L6Y,1,True
4L9U,A,B,../../GraPPI_data/PDB/old_dimer_db/4L9U.pdb,old_dimer_db,4L9U,1,True
4LDR,A,B,../../GraPPI_data/PDB/old_dimer_db/4LDR.pdb,old_dimer_db,4LDR,2,True
4LIR,A,B,../../GraPPI_data/PDB/old_dimer_db/4LIR.pdb,old_dimer_db,4LIR,1,True
4LTB,A,B,../../GraPPI_data/PDB/old_dimer_db/4LTB.pdb,old_dimer_db,4LTB,1,True
4LVF,A,B,../../GraPPI_data/PDB/old_dimer_db/4LVF.pdb,old_dimer_db,4LVF,1,True
4MFV,A,B,../../GraPPI_data/PDB/old_dimer_db/4MFV.pdb,old_dimer_db,4MFV,1,True
4MIK,A,B,../../GraPPI_data/PDB/old_dimer_db/4MIK.pdb,old_dimer_db,4MIK,1,True
4MPG,A,B,../../GraPPI_data/PDB/old_dimer_db/4MPG.pdb,old_dimer_db,4MPG,3,True
4MPM,A,B,../../GraPPI_data/PDB/old_dimer_db/4MPM.pdb,old_dimer_db,4MPM,2,True
4MSP,A,B,../../GraPPI_data/PDB/old_dimer_db/4MSP.pdb,old_dimer_db,4MSP,1,True
4MXE,A,B,../../GraPPI_data/PDB/old_dimer_db/4MXE.pdb,old_dimer_db,4MXE,1,True
4MXU,A,B,../../GraPPI_data/PDB/old_dimer_db/4MXU.pdb,old_dimer_db,4MXU,1,True
4N6J,A,B,../../GraPPI_data/PDB/old_dimer_db/4N6J.pdb,old_dimer_db,4N6J,1,True
4N9J,A,B,../../GraPPI_data/PDB/old_dimer_db/4N9J.pdb,old_dimer_db,4N9J,1,True
4NLH,A,B,../../GraPPI_data/PDB/old_dimer_db/4NLH.pdb,old_dimer_db,4NLH,1,True
4NSW,A,B,../../GraPPI_data/PDB/old_dimer_db/4NSW.pdb,old_dimer_db,4NSW,1,True
4O1L,A,B,../../GraPPI_data/PDB/old_dimer_db/4O1L.pdb,old_dimer_db,4O1L,1,True
4O38,A,B,../../GraPPI_data/PDB/old_dimer_db/4O38.pdb,old_dimer_db,4O38,1,True
4OIV,A,B,../../GraPPI_data/PDB/old_dimer_db/4OIV.pdb,old_dimer_db,4OIV,1,True
4OM7,A,B,../../GraPPI_data/PDB/old_dimer_db/4OM7.pdb,old_dimer_db,4OM7,1,True
4ON3,A,B,../../GraPPI_data/PDB/old_dimer_db/4ON3.pdb,old_dimer_db,4ON3,1,True
4OO7,A,B,../../GraPPI_data/PDB/old_dimer_db/4OO7.pdb,old_dimer_db,4OO7,2,True
4OZ0,A,B,../../GraPPI_data/PDB/old_dimer_db/4OZ0.pdb,old_dimer_db,4OZ0,1,True
4P22,A,B,../../GraPPI_data/PDB/old_dimer_db/4P22.pdb,old_dimer_db,4P22,1,True
4P3F,A,B,../../GraPPI_data/PDB/old_dimer_db/4P3F.pdb,old_dimer_db,4P3F,1,True
4P42,A,B,../../GraPPI_data/PDB/old_dimer_db/4P42.pdb,old_dimer_db,4P42,1,True
4P5E,A,B,../../GraPPI_data/PDB/old_dimer_db/4P5E.pdb,old_dimer_db,4P5E,1,True
4P5W,A,B,../../GraPPI_data/PDB/old_dimer_db/4P5W.pdb,old_dimer_db,4P5W,1,True
4P60,A,B,../../GraPPI_data/PDB/old_dimer_db/4P60.pdb,old_dimer_db,4P60,1,True
4PFC,A,B,../../GraPPI_data/PDB/old_dimer_db/4PFC.pdb,old_dimer_db,4PFC,1,True
4PPE,A,B,../../GraPPI_data/PDB/old_dimer_db/4PPE.pdb,old_dimer_db,4PPE,1,True
4Q9V,A,B,../../GraPPI_data/PDB/old_dimer_db/4Q9V.pdb,old_dimer_db,4Q9V,1,True
4Q9Z,A,B,../../GraPPI_data/PDB/old_dimer_db/4Q9Z.pdb,old_dimer_db,4Q9Z,1,True
4QDS,A,B,../../GraPPI_data/PDB/old_dimer_db/4QDS.pdb,old_dimer_db,4QDS,1,True
4QN9,A,B,../../GraPPI_data/PDB/old_dimer_db/4QN9.pdb,old_dimer_db,4QN9,1,True
4R14,A,B,../../GraPPI_data/PDB/old_dimer_db/4R14.pdb,old_dimer_db,4R14,1,True
4RG1,A,B,../../GraPPI_data/PDB/old_dimer_db/4RG1.pdb,old_dimer_db,4RG1,1,True
4RGH,A,B,../../GraPPI_data/PDB/old_dimer_db/4RGH.pdb,old_dimer_db,4RGH,2,True
4RTT,A,B,../../GraPPI_data/PDB/old_dimer_db/4RTT.pdb,old_dimer_db,4RTT,1,True
4RUH,A,B,../../GraPPI_data/PDB/old_dimer_db/4RUH.pdb,old_dimer_db,4RUH,1,True
4RZF,B,A,../../GraPPI_data/PDB/old_dimer_db/4RZF.pdb,old_dimer_db,4RZF,1,True
4S0O,A,B,../../GraPPI_data/PDB/old_dimer_db/4S0O.pdb,old_dimer_db,4S0O,1,True
4TPT,A,B,../../GraPPI_data/PDB/old_dimer_db/4TPT.pdb,old_dimer_db,4TPT,1,True
4TWK,A,B,../../GraPPI_data/PDB/old_dimer_db/4TWK.pdb,old_dimer_db,4TWK,2,True
4TX5,A,B,../../GraPPI_data/PDB/old_dimer_db/4TX5.pdb,old_dimer_db,4TX5,1,True
4U04,A,B,../../GraPPI_data/PDB/old_dimer_db/4U04.pdb,old_dimer_db,4U04,1,True
4U5T,A,B,../../GraPPI_data/PDB/old_dimer_db/4U5T.pdb,old_dimer_db,4U5T,1,True
4UAI,A,B,../../GraPPI_data/PDB/old_dimer_db/4UAI.pdb,old_dimer_db,4UAI,1,True
4UC4,A,B,../../GraPPI_data/PDB/old_dimer_db/4UC4.pdb,old_dimer_db,4UC4,1,True
4UNU,A,B,../../GraPPI_data/PDB/old_dimer_db/4UNU.pdb,old_dimer_db,4UNU,1,True
4UXU,A,B,../../GraPPI_data/PDB/old_dimer_db/4UXU.pdb,old_dimer_db,4UXU,1,True
4W7Y,A,B,../../GraPPI_data/PDB/old_dimer_db/4W7Y.pdb,old_dimer_db,4W7Y,1,True
4WBH,A,B,../../GraPPI_data/PDB/old_dimer_db/4WBH.pdb,old_dimer_db,4WBH,1,True
4WWQ,A,B,../../GraPPI_data/PDB/old_dimer_db/4WWQ.pdb,old_dimer_db,4WWQ,1,True
4WZI,A,B,../../GraPPI_data/PDB/old_dimer_db/4WZI.pdb,old_dimer_db,4WZI,1,True
4X08,A,B,../../GraPPI_data/PDB/old_dimer_db/4X08.pdb,old_dimer_db,4X08,1,True
4X0R,B,A,../../GraPPI_data/PDB/old_dimer_db/4X0R.pdb,old_dimer_db,4X0R,2,True
4X1J,A,B,../../GraPPI_data/PDB/old_dimer_db/4X1J.pdb,old_dimer_db,4X1J,1,True
4X4W,A,B,../../GraPPI_data/PDB/old_dimer_db/4X4W.pdb,old_dimer_db,4X4W,1,True
4X6X,A,B,../../GraPPI_data/PDB/old_dimer_db/4X6X.pdb,old_dimer_db,4X6X,1,True
4XB0,A,B,../../GraPPI_data/PDB/old_dimer_db/4XB0.pdb,old_dimer_db,4XB0,1,True
4XXO,A,B,../../GraPPI_data/PDB/old_dimer_db/4XXO.pdb,old_dimer_db,4XXO,1,True
4Y5U,A,B,../../GraPPI_data/PDB/old_dimer_db/4Y5U.pdb,old_dimer_db,4Y5U,1,True
4Y7I,A,B,../../GraPPI_data/PDB/old_dimer_db/4Y7I.pdb,old_dimer_db,4Y7I,1,True
4Y86,A,B,../../GraPPI_data/PDB/old_dimer_db/4Y86.pdb,old_dimer_db,4Y86,1,True
4YHJ,A,B,../../GraPPI_data/PDB/old_dimer_db/4YHJ.pdb,old_dimer_db,4YHJ,1,True
4YTO,A,B,../../GraPPI_data/PDB/old_dimer_db/4YTO.pdb,old_dimer_db,4YTO,1,True
4YUB,A,B,../../GraPPI_data/PDB/old_dimer_db/4YUB.pdb,old_dimer_db,4YUB,1,True
4YWQ,A,B,../../GraPPI_data/PDB/old_dimer_db/4YWQ.pdb,old_dimer_db,4YWQ,1,True
4ZBW,A,B,../../GraPPI_data/PDB/old_dimer_db/4ZBW.pdb,old_dimer_db,4ZBW,1,True
4ZT1,A,B,../../GraPPI_data/PDB/old_dimer_db/4ZT1.pdb,old_dimer_db,4ZT1,2,True
4ZYA,A,B,../../GraPPI_data/PDB/old_dimer_db/4ZYA.pdb,old_dimer_db,4ZYA,1,True
4ZZZ,A,B,../../GraPPI_data/PDB/old_dimer_db/4ZZZ.pdb,old_dimer_db,4ZZZ,1,True
5A6O,A,B,../../GraPPI_data/PDB/old_dimer_db/5A6O.pdb,old_dimer_db,5A6O,1,True
5AQ0,A,B,../../GraPPI_data/PDB/old_dimer_db/5AQ0.pdb,old_dimer_db,5AQ0,1,True
5AZW,A,B,../../GraPPI_data/PDB/old_dimer_db/5AZW.pdb,old_dimer_db,5AZW,1,True
5B0H,A,B,../../GraPPI_data/PDB/old_dimer_db/5B0H.pdb,old_dimer_db,5B0H,1,True
5BQD,A,B,../../GraPPI_data/PDB/old_dimer_db/5BQD.pdb,old_dimer_db,5BQD,1,True
5C9N,A,B,../../GraPPI_data/PDB/old_dimer_db/5C9N.pdb,old_dimer_db,5C9N,1,True
5CR5,A,B,../../GraPPI_data/PDB/old_dimer_db/5CR5.pdb,old_dimer_db,5CR5,6,True
5CRH,A,B,../../GraPPI_data/PDB/old_dimer_db/5CRH.pdb,old_dimer_db,5CRH,1,True
5CV0,A,B,../../GraPPI_data/PDB/old_dimer_db/5CV0.pdb,old_dimer_db,5CV0,1,True
5CYJ,A,B,../../GraPPI_data/PDB/old_dimer_db/5CYJ.pdb,old_dimer_db,5CYJ,1,True
5D3A,A,B,../../GraPPI_data/PDB/old_dimer_db/5D3A.pdb,old_dimer_db,5D3A,1,True
5D41,A,B,../../GraPPI_data/PDB/old_dimer_db/5D41.pdb,old_dimer_db,5D41,1,True
5D7O,A,B,../../GraPPI_data/PDB/old_dimer_db/5D7O.pdb,old_dimer_db,5D7O,1,True
5DH3,A,B,../../GraPPI_data/PDB/old_dimer_db/5DH3.pdb,old_dimer_db,5DH3,1,True
5F4Y,A,B,../../GraPPI_data/PDB/old_dimer_db/5F4Y.pdb,old_dimer_db,5F4Y,1,True
5FCN,B,A,../../GraPPI_data/PDB/old_dimer_db/5FCN.pdb,old_dimer_db,5FCN,1,True
5FUQ,A,B,../../GraPPI_data/PDB/old_dimer_db/5FUQ.pdb,old_dimer_db,5FUQ,3,True
5GOM,A,B,../../GraPPI_data/PDB/old_dimer_db/5GOM.pdb,old_dimer_db,5GOM,1,True
5GV2,C,A,../../GraPPI_data/PDB/old_dimer_db/5GV2.pdb,old_dimer_db,5GV2,1,True
5H78,A,B,../../GraPPI_data/PDB/old_dimer_db/5H78.pdb,old_dimer_db,5H78,1,True
5H9M,A,B,../../GraPPI_data/PDB/old_dimer_db/5H9M.pdb,old_dimer_db,5H9M,2,True
5HN1,A,B,../../GraPPI_data/PDB/old_dimer_db/5HN1.pdb,old_dimer_db,5HN1,1,True
5HPG,A,B,../../GraPPI_data/PDB/old_dimer_db/5HPG.pdb,old_dimer_db,5HPG,1,True
5HPH,A,B,../../GraPPI_data/PDB/old_dimer_db/5HPH.pdb,old_dimer_db,5HPH,1,True
5HTK,A,B,../../GraPPI_data/PDB/old_dimer_db/5HTK.pdb,old_dimer_db,5HTK,1,True
5HWL,A,B,../../GraPPI_data/PDB/old_dimer_db/5HWL.pdb,old_dimer_db,5HWL,7,True
5IM0,A,B,../../GraPPI_data/PDB/old_dimer_db/5IM0.pdb,old_dimer_db,5IM0,1,True
5J0A,A,B,../../GraPPI_data/PDB/old_dimer_db/5J0A.pdb,old_dimer_db,5J0A,1,True
5J97,A,B,../../GraPPI_data/PDB/old_dimer_db/5J97.pdb,old_dimer_db,5J97,2,True
5JHO,A,B,../../GraPPI_data/PDB/old_dimer_db/5JHO.pdb,old_dimer_db,5JHO,2,True
5JQ1,A,B,../../GraPPI_data/PDB/old_dimer_db/5JQ1.pdb,old_dimer_db,5JQ1,1,True
5K26,A,B,../../GraPPI_data/PDB/old_dimer_db/5K26.pdb,old_dimer_db,5K26,1,True
5KHQ,A,B,../../GraPPI_data/PDB/old_dimer_db/5KHQ.pdb,old_dimer_db,5KHQ,1,True
5LTU,A,B,../../GraPPI_data/PDB/old_dimer_db/5LTU.pdb,old_dimer_db,5LTU,1,True
5LXF,A,B,../../GraPPI_data/PDB/old_dimer_db/5LXF.pdb,old_dimer_db,5LXF,1,True
5LZK,A,B,../../GraPPI_data/PDB/old_dimer_db/5LZK.pdb,old_dimer_db,5LZK,1,True
5M33,A,B,../../GraPPI_data/PDB/old_dimer_db/5M33.pdb,old_dimer_db,5M33,1,True
5M7U,A,B,../../GraPPI_data/PDB/old_dimer_db/5M7U.pdb,old_dimer_db,5M7U,1,True
5MR9,A,B,../../GraPPI_data/PDB/old_dimer_db/5MR9.pdb,old_dimer_db,5MR9,1,True
5MWX,A,B,../../GraPPI_data/PDB/old_dimer_db/5MWX.pdb,old_dimer_db,5MWX,1,True
5N2F,A,B,../../GraPPI_data/PDB/old_dimer_db/5N2F.pdb,old_dimer_db,5N2F,2,True
5NFO,A,B,../../GraPPI_data/PDB/old_dimer_db/5NFO.pdb,old_dimer_db,5NFO,1,True
5NG0,A,B,../../GraPPI_data/PDB/old_dimer_db/5NG0.pdb,old_dimer_db,5NG0,3,True
5NRR,A,B,../../GraPPI_data/PDB/old_dimer_db/5NRR.pdb,old_dimer_db,5NRR,1,True
5NTU,A,B,../../GraPPI_data/PDB/old_dimer_db/5NTU.pdb,old_dimer_db,5NTU,1,True
5NZO,B,A,../../GraPPI_data/PDB/old_dimer_db/5NZO.pdb,old_dimer_db,5NZO,1,True
5O1O,A,B,../../GraPPI_data/PDB/old_dimer_db/5O1O.pdb,old_dimer_db,5O1O,1,True
5O9H,A,B,../../GraPPI_data/PDB/old_dimer_db/5O9H.pdb,old_dimer_db,5O9H,1,True
5O9M,A,B,../../GraPPI_data/PDB/old_dimer_db/5O9M.pdb,old_dimer_db,5O9M,1,True
5OC9,A,B,../../GraPPI_data/PDB/old_dimer_db/5OC9.pdb,old_dimer_db,5OC9,1,True
5OF9,A,B,../../GraPPI_data/PDB/old_dimer_db/5OF9.pdb,old_dimer_db,5OF9,1,True
5OI7,A,B,../../GraPPI_data/PDB/old_dimer_db/5OI7.pdb,old_dimer_db,5OI7,1,True
5OJK,A,B,../../GraPPI_data/PDB/old_dimer_db/5OJK.pdb,old_dimer_db,5OJK,2,True
5OLM,A,B,../../GraPPI_data/PDB/old_dimer_db/5OLM.pdb,old_dimer_db,5OLM,1,True
5QU3,A,B,../../GraPPI_data/PDB/old_dimer_db/5QU3.pdb,old_dimer_db,5QU3,1,True
5RW1,A,B,../../GraPPI_data/PDB/old_dimer_db/5RW1.pdb,old_dimer_db,5RW1,1,True
5T40,A,B,../../GraPPI_data/PDB/old_dimer_db/5T40.pdb,old_dimer_db,5T40,1,True
5TFP,A,B,../../GraPPI_data/PDB/old_dimer_db/5TFP.pdb,old_dimer_db,5TFP,1,True
5TPT,A,B,../../GraPPI_data/PDB/old_dimer_db/5TPT.pdb,old_dimer_db,5TPT,1,True
5U0I,A,B,../../GraPPI_data/PDB/old_dimer_db/5U0I.pdb,old_dimer_db,5U0I,1,True
5UFL,A,B,../../GraPPI_data/PDB/old_dimer_db/5UFL.pdb,old_dimer_db,5UFL,1,True
5UHM,A,B,../../GraPPI_data/PDB/old_dimer_db/5UHM.pdb,old_dimer_db,5UHM,1,True
5V54,A,B,../../GraPPI_data/PDB/old_dimer_db/5V54.pdb,old_dimer_db,5V54,1,True
5VR6,A,B,../../GraPPI_data/PDB/old_dimer_db/5VR6.pdb,old_dimer_db,5VR6,1,True
5VSC,A,B,../../GraPPI_data/PDB/old_dimer_db/5VSC.pdb,old_dimer_db,5VSC,2,True
5VX1,A,B,../../GraPPI_data/PDB/old_dimer_db/5VX1.pdb,old_dimer_db,5VX1,1,True
5W1Y,A,B,../../GraPPI_data/PDB/old_dimer_db/5W1Y.pdb,old_dimer_db,5W1Y,1,True
5W87,A,B,../../GraPPI_data/PDB/old_dimer_db/5W87.pdb,old_dimer_db,5W87,1,True
5WBM,A,B,../../GraPPI_data/PDB/old_dimer_db/5WBM.pdb,old_dimer_db,5WBM,1,True
5WDI,A,B,../../GraPPI_data/PDB/old_dimer_db/5WDI.pdb,old_dimer_db,5WDI,1,True
5WQT,A,B,../../GraPPI_data/PDB/old_dimer_db/5WQT.pdb,old_dimer_db,5WQT,1,True
5X1O,A,B,../../GraPPI_data/PDB/old_dimer_db/5X1O.pdb,old_dimer_db,5X1O,1,True
5X8S,A,B,../../GraPPI_data/PDB/old_dimer_db/5X8S.pdb,old_dimer_db,5X8S,1,True
5XGS,A,B,../../GraPPI_data/PDB/old_dimer_db/5XGS.pdb,old_dimer_db,5XGS,1,True
5Y15,A,B,../../GraPPI_data/PDB/old_dimer_db/5Y15.pdb,old_dimer_db,5Y15,1,True
5YBC,C,A,../../GraPPI_data/PDB/old_dimer_db/5YBC.pdb,old_dimer_db,5YBC,1,True
5YF0,A,B,../../GraPPI_data/PDB/old_dimer_db/5YF0.pdb,old_dimer_db,5YF0,1,True
5YZ1,A,B,../../GraPPI_data/PDB/old_dimer_db/5YZ1.pdb,old_dimer_db,5YZ1,1,True
5ZF6,A,B,../../GraPPI_data/PDB/old_dimer_db/5ZF6.pdb,old_dimer_db,5ZF6,1,True
5ZJ6,A,B,../../GraPPI_data/PDB/old_dimer_db/5ZJ6.pdb,old_dimer_db,5ZJ6,1,True
6A71,A,B,../../GraPPI_data/PDB/old_dimer_db/6A71.pdb,old_dimer_db,6A71,1,True
6AGH,A,B,../../GraPPI_data/PDB/old_dimer_db/6AGH.pdb,old_dimer_db,6AGH,1,True
6AR4,A,B,../../GraPPI_data/PDB/old_dimer_db/6AR4.pdb,old_dimer_db,6AR4,2,True
6AWL,A,B,../../GraPPI_data/PDB/old_dimer_db/6AWL.pdb,old_dimer_db,6AWL,1,True
6B6U,A,B,../../GraPPI_data/PDB/old_dimer_db/6B6U.pdb,old_dimer_db,6B6U,1,True
6B9F,A,B,../../GraPPI_data/PDB/old_dimer_db/6B9F.pdb,old_dimer_db,6B9F,1,True
6BMN,A,B,../../GraPPI_data/PDB/old_dimer_db/6BMN.pdb,old_dimer_db,6BMN,1,True
6BQ0,A,B,../../GraPPI_data/PDB/old_dimer_db/6BQ0.pdb,old_dimer_db,6BQ0,1,True
6C4S,A,B,../../GraPPI_data/PDB/old_dimer_db/6C4S.pdb,old_dimer_db,6C4S,1,True
6C56,A,B,../../GraPPI_data/PDB/old_dimer_db/6C56.pdb,old_dimer_db,6C56,1,True
6C6N,A,B,../../GraPPI_data/PDB/old_dimer_db/6C6N.pdb,old_dimer_db,6C6N,1,True
6CKN,A,B,../../GraPPI_data/PDB/old_dimer_db/6CKN.pdb,old_dimer_db,6CKN,1,True
6CS9,A,B,../../GraPPI_data/PDB/old_dimer_db/6CS9.pdb,old_dimer_db,6CS9,1,True
6CYC,A,B,../../GraPPI_data/PDB/old_dimer_db/6CYC.pdb,old_dimer_db,6CYC,1,True
6D0L,A,B,../../GraPPI_data/PDB/old_dimer_db/6D0L.pdb,old_dimer_db,6D0L,1,True
6D71,A,B,../../GraPPI_data/PDB/old_dimer_db/6D71.pdb,old_dimer_db,6D71,1,True
6DBP,A,B,../../GraPPI_data/PDB/old_dimer_db/6DBP.pdb,old_dimer_db,6DBP,1,True
6DJ3,A,B,../../GraPPI_data/PDB/old_dimer_db/6DJ3.pdb,old_dimer_db,6DJ3,1,True
6DVR,A,B,../../GraPPI_data/PDB/old_dimer_db/6DVR.pdb,old_dimer_db,6DVR,2,True
6DVU,A,B,../../GraPPI_data/PDB/old_dimer_db/6DVU.pdb,old_dimer_db,6DVU,1,True
6E28,C,D,../../GraPPI_data/PDB/old_dimer_db/6E28.pdb,old_dimer_db,6E28,1,True
6E8N,A,B,../../GraPPI_data/PDB/old_dimer_db/6E8N.pdb,old_dimer_db,6E8N,1,True
6EGE,D,A,../../GraPPI_data/PDB/old_dimer_db/6EGE.pdb,old_dimer_db,6EGE,1,True
6EK3,A,B,../../GraPPI_data/PDB/old_dimer_db/6EK3.pdb,old_dimer_db,6EK3,2,True
6FCX,A,B,../../GraPPI_data/PDB/old_dimer_db/6FCX.pdb,old_dimer_db,6FCX,1,True
6FOH,A,B,../../GraPPI_data/PDB/old_dimer_db/6FOH.pdb,old_dimer_db,6FOH,2,True
6FWU,A,B,../../GraPPI_data/PDB/old_dimer_db/6FWU.pdb,old_dimer_db,6FWU,1,True
6G6S,A,B,../../GraPPI_data/PDB/old_dimer_db/6G6S.pdb,old_dimer_db,6G6S,1,True
6G6U,A,B,../../GraPPI_data/PDB/old_dimer_db/6G6U.pdb,old_dimer_db,6G6U,1,True
6G8W,A,B,../../GraPPI_data/PDB/old_dimer_db/6G8W.pdb,old_dimer_db,6G8W,1,True
6GFB,A,B,../../GraPPI_data/PDB/old_dimer_db/6GFB.pdb,old_dimer_db,6GFB,1,True
6HAZ,A,B,../../GraPPI_data/PDB/old_dimer_db/6HAZ.pdb,old_dimer_db,6HAZ,1,True
6HCZ,A,B,../../GraPPI_data/PDB/old_dimer_db/6HCZ.pdb,old_dimer_db,6HCZ,1,True
6HEJ,A,B,../../GraPPI_data/PDB/old_dimer_db/6HEJ.pdb,old_dimer_db,6HEJ,1,True
6HPQ,A,B,../../GraPPI_data/PDB/old_dimer_db/6HPQ.pdb,old_dimer_db,6HPQ,1,True
6I33,A,B,../../GraPPI_data/PDB/old_dimer_db/6I33.pdb,old_dimer_db,6I33,1,True
6I4R,A,B,../../GraPPI_data/PDB/old_dimer_db/6I4R.pdb,old_dimer_db,6I4R,18,True
6IIK,A,B,../../GraPPI_data/PDB/old_dimer_db/6IIK.pdb,old_dimer_db,6IIK,1,True
6J64,A,B,../../GraPPI_data/PDB/old_dimer_db/6J64.pdb,old_dimer_db,6J64,4,True
6JKG,A,B,../../GraPPI_data/PDB/old_dimer_db/6JKG.pdb,old_dimer_db,6JKG,1,True
6K17,A,B,../../GraPPI_data/PDB/old_dimer_db/6K17.pdb,old_dimer_db,6K17,1,True
6K2Y,A,B,../../GraPPI_data/PDB/old_dimer_db/6K2Y.pdb,old_dimer_db,6K2Y,1,True
6KGJ,B,A,../../GraPPI_data/PDB/old_dimer_db/6KGJ.pdb,old_dimer_db,6KGJ,1,True
6L4G,A,B,../../GraPPI_data/PDB/old_dimer_db/6L4G.pdb,old_dimer_db,6L4G,1,True
6LIO,A,B,../../GraPPI_data/PDB/old_dimer_db/6LIO.pdb,old_dimer_db,6LIO,2,True
6LPN,A,B,../../GraPPI_data/PDB/old_dimer_db/6LPN.pdb,old_dimer_db,6LPN,1,True
6LRC,B,A,../../GraPPI_data/PDB/old_dimer_db/6LRC.pdb,old_dimer_db,6LRC,1,True
6MTW,A,B,../../GraPPI_data/PDB/old_dimer_db/6MTW.pdb,old_dimer_db,6MTW,1,True
6MX3,A,B,../../GraPPI_data/PDB/old_dimer_db/6MX3.pdb,old_dimer_db,6MX3,1,True
6O5V,A,B,../../GraPPI_data/PDB/old_dimer_db/6O5V.pdb,old_dimer_db,6O5V,1,True
6OFP,A,B,../../GraPPI_data/PDB/old_dimer_db/6OFP.pdb,old_dimer_db,6OFP,1,True
6OIB,A,B,../../GraPPI_data/PDB/old_dimer_db/6OIB.pdb,old_dimer_db,6OIB,1,True
6OWJ,A,B,../../GraPPI_data/PDB/old_dimer_db/6OWJ.pdb,old_dimer_db,6OWJ,7,True
6P0R,A,B,../../GraPPI_data/PDB/old_dimer_db/6P0R.pdb,old_dimer_db,6P0R,1,True
6PCE,A,B,../../GraPPI_data/PDB/old_dimer_db/6PCE.pdb,old_dimer_db,6PCE,1,True
6PT3,A,B,../../GraPPI_data/PDB/old_dimer_db/6PT3.pdb,old_dimer_db,6PT3,1,True
6Q8F,A,B,../../GraPPI_data/PDB/old_dimer_db/6Q8F.pdb,old_dimer_db,6Q8F,1,True
6QA0,A,B,../../GraPPI_data/PDB/old_dimer_db/6QA0.pdb,old_dimer_db,6QA0,1,True
6RCH,A,B,../../GraPPI_data/PDB/old_dimer_db/6RCH.pdb,old_dimer_db,6RCH,1,True
6RMT,A,B,../../GraPPI_data/PDB/old_dimer_db/6RMT.pdb,old_dimer_db,6RMT,1,True
6RNQ,A,B,../../GraPPI_data/PDB/old_dimer_db/6RNQ.pdb,old_dimer_db,6RNQ,1,True
6S98,A,B,../../GraPPI_data/PDB/old_dimer_db/6S98.pdb,old_dimer_db,6S98,1,True
6S9A,A,B,../../GraPPI_data/PDB/old_dimer_db/6S9A.pdb,old_dimer_db,6S9A,1,True
6SA9,A,B,../../GraPPI_data/PDB/old_dimer_db/6SA9.pdb,old_dimer_db,6SA9,1,True
6SBO,A,B,../../GraPPI_data/PDB/old_dimer_db/6SBO.pdb,old_dimer_db,6SBO,7,True
6SRE,A,B,../../GraPPI_data/PDB/old_dimer_db/6SRE.pdb,old_dimer_db,6SRE,5,True
6SW6,A,B,../../GraPPI_data/PDB/old_dimer_db/6SW6.pdb,old_dimer_db,6SW6,4,True
6T5J,A,B,../../GraPPI_data/PDB/old_dimer_db/6T5J.pdb,old_dimer_db,6T5J,2,True
6ULM,B,A,../../GraPPI_data/PDB/old_dimer_db/6ULM.pdb,old_dimer_db,6ULM,1,True
6URE,A,B,../../GraPPI_data/PDB/old_dimer_db/6URE.pdb,old_dimer_db,6URE,1,True
6UVC,A,B,../../GraPPI_data/PDB/old_dimer_db/6UVC.pdb,old_dimer_db,6UVC,1,True
6UX9,A,B,../../GraPPI_data/PDB/old_dimer_db/6UX9.pdb,old_dimer_db,6UX9,2,True
6V52,A,B,../../GraPPI_data/PDB/old_dimer_db/6V52.pdb,old_dimer_db,6V52,1,True
6VLE,A,B,../../GraPPI_data/PDB/old_dimer_db/6VLE.pdb,old_dimer_db,6VLE,1,True
6WBP,A,B,../../GraPPI_data/PDB/old_dimer_db/6WBP.pdb,old_dimer_db,6WBP,1,True
6WH2,A,B,../../GraPPI_data/PDB/old_dimer_db/6WH2.pdb,old_dimer_db,6WH2,1,True
6WLG,A,B,../../GraPPI_data/PDB/old_dimer_db/6WLG.pdb,old_dimer_db,6WLG,1,True
6XUE,A,B,../../GraPPI_data/PDB/old_dimer_db/6XUE.pdb,old_dimer_db,6XUE,1,True
6XZ4,A,B,../../GraPPI_data/PDB/old_dimer_db/6XZ4.pdb,old_dimer_db,6XZ4,1,True
6Y7F,A,B,../../GraPPI_data/PDB/old_dimer_db/6Y7F.pdb,old_dimer_db,6Y7F,1,True
6YIP,A,B,../../GraPPI_data/PDB/old_dimer_db/6YIP.pdb,old_dimer_db,6YIP,1,True
6YTU,A,B,../../GraPPI_data/PDB/old_dimer_db/6YTU.pdb,old_dimer_db,6YTU,1,True
6Z2F,A,B,../../GraPPI_data/PDB/old_dimer_db/6Z2F.pdb,old_dimer_db,6Z2F,1,True
6ZIO,A,B,../../GraPPI_data/PDB/old_dimer_db/6ZIO.pdb,old_dimer_db,6ZIO,1,True
6ZMM,A,B,../../GraPPI_data/PDB/old_dimer_db/6ZMM.pdb,old_dimer_db,6ZMM,1,True
7A1F,A,L,../../GraPPI_data/PDB/old_dimer_db/7A1F.pdb,old_dimer_db,7A1F,1,True
7ASV,B,A,../../GraPPI_data/PDB/old_dimer_db/7ASV.pdb,old_dimer_db,7ASV,1,True
7CCB,A,B,../../GraPPI_data/PDB/old_dimer_db/7CCB.pdb,old_dimer_db,7CCB,1,True
7CD9,A,B,../../GraPPI_data/PDB/old_dimer_db/7CD9.pdb,old_dimer_db,7CD9,1,True
7CKF,A,B,../../GraPPI_data/PDB/old_dimer_db/7CKF.pdb,old_dimer_db,7CKF,2,True
7NBI,A,B,../../GraPPI_data/PDB/old_dimer_db/7NBI.pdb,old_dimer_db,7NBI,1,True
7NDL,A,B,../../GraPPI_data/PDB/old_dimer_db/7NDL.pdb,old_dimer_db,7NDL,2,True
5XSP,A,B,../../GraPPI_data/PDB/old_dimer_db/5XSP.pdb,old_dimer_db,5XSP,1,True
