PDB,Receptor Chains,Ligand Chains,paths,affinity
1ALL,A,B,../../GraPPI_data/PDB/dimer_db/1ALL.pdb,1
1B0N,A,B,../../GraPPI_data/PDB/dimer_db/1B0N.pdb,1
1DJ7,A,B,../../GraPPI_data/PDB/dimer_db/1DJ7.pdb,1
1E44,A,B,../../GraPPI_data/PDB/dimer_db/1E44.pdb,1
1FM0,D,E,../../GraPPI_data/PDB/dimer_db/1FM0.pdb,1
1FR2,A,B,../../GraPPI_data/PDB/dimer_db/1FR2.pdb,1
1FS0,E,G,../../GraPPI_data/PDB/dimer_db/1FS0.pdb,1
1H32,A,B,../../GraPPI_data/PDB/dimer_db/1H32.pdb,1
1IXS,A,B,../../GraPPI_data/PDB/dimer_db/1IXS.pdb,1
1JQL,A,B,../../GraPPI_data/PDB/dimer_db/1JQL.pdb,1
1LUC,A,B,../../GraPPI_data/PDB/dimer_db/1LUC.pdb,1
1O97,C,D,../../GraPPI_data/PDB/dimer_db/1O97.pdb,1
1PDK,A,B,../../GraPPI_data/PDB/dimer_db/1PDK.pdb,1
1RJ9,A,B,../../GraPPI_data/PDB/dimer_db/1RJ9.pdb,1
1SC5,A,B,../../GraPPI_data/PDB/dimer_db/1SC5.pdb,1
1SVD,A,M,../../GraPPI_data/PDB/dimer_db/1SVD.pdb,1
1V74,A,B,../../GraPPI_data/PDB/dimer_db/1V74.pdb,1
1Z3E,A,B,../../GraPPI_data/PDB/dimer_db/1Z3E.pdb,1
1Z5Y,D,E,../../GraPPI_data/PDB/dimer_db/1Z5Y.pdb,1
2B3T,A,B,../../GraPPI_data/PDB/dimer_db/2B3T.pdb,1
2BLF,A,B,../../GraPPI_data/PDB/dimer_db/2BLF.pdb,1
2GHY,A,B,../../GraPPI_data/PDB/dimer_db/2GHY.pdb,1
2H9A,A,B,../../GraPPI_data/PDB/dimer_db/2H9A.pdb,1
2HI7,A,B,../../GraPPI_data/PDB/dimer_db/2HI7.pdb,1
2O3B,A,B,../../GraPPI_data/PDB/dimer_db/2O3B.pdb,1
2P7V,A,B,../../GraPPI_data/PDB/dimer_db/2P7V.pdb,1
2QK7,A,B,../../GraPPI_data/PDB/dimer_db/2QK7.pdb,1
2V3B,A,B,../../GraPPI_data/PDB/dimer_db/2V3B.pdb,1
2W07,A,B,../../GraPPI_data/PDB/dimer_db/2W07.pdb,1
2WPT,A,B,../../GraPPI_data/PDB/dimer_db/2WPT.pdb,1
2XG5,A,B,../../GraPPI_data/PDB/dimer_db/2XG5.pdb,1
3A8G,A,B,../../GraPPI_data/PDB/dimer_db/3A8G.pdb,1
3AON,A,B,../../GraPPI_data/PDB/dimer_db/3AON.pdb,1
3AWU,A,B,../../GraPPI_data/PDB/dimer_db/3AWU.pdb,1
3BTP,A,B,../../GraPPI_data/PDB/dimer_db/3BTP.pdb,1
3D3B,A,J,../../GraPPI_data/PDB/dimer_db/3D3B.pdb,1
3DBO,A,B,../../GraPPI_data/PDB/dimer_db/3DBO.pdb,1
3EGV,A,B,../../GraPPI_data/PDB/dimer_db/3EGV.pdb,1
3FPN,A,B,../../GraPPI_data/PDB/dimer_db/3FPN.pdb,1
3HZH,A,B,../../GraPPI_data/PDB/dimer_db/3HZH.pdb,1
3NY7,A,B,../../GraPPI_data/PDB/dimer_db/3NY7.pdb,1
3O3O,A,B,../../GraPPI_data/PDB/dimer_db/3O3O.pdb,1
3SHG,A,B,../../GraPPI_data/PDB/dimer_db/3SHG.pdb,1
3U43,A,B,../../GraPPI_data/PDB/dimer_db/3U43.pdb,1
3UL4,A,B,../../GraPPI_data/PDB/dimer_db/3UL4.pdb,1
3ULQ,A,B,../../GraPPI_data/PDB/dimer_db/3ULQ.pdb,1
3VRD,A,B,../../GraPPI_data/PDB/dimer_db/3VRD.pdb,1
3WA5,A,B,../../GraPPI_data/PDB/dimer_db/3WA5.pdb,1
3WQB,A,B,../../GraPPI_data/PDB/dimer_db/3WQB.pdb,1
3ZET,A,B,../../GraPPI_data/PDB/dimer_db/3ZET.pdb,1
4BI8,A,B,../../GraPPI_data/PDB/dimer_db/4BI8.pdb,1
4BMP,A,B,../../GraPPI_data/PDB/dimer_db/4BMP.pdb,1
4CXF,A,B,../../GraPPI_data/PDB/dimer_db/4CXF.pdb,1
4EMJ,A,B,../../GraPPI_data/PDB/dimer_db/4EMJ.pdb,1
4F48,A,B,../../GraPPI_data/PDB/dimer_db/4F48.pdb,1
4G6T,A,B,../../GraPPI_data/PDB/dimer_db/4G6T.pdb,1
4HDK,A,B,../../GraPPI_data/PDB/dimer_db/4HDK.pdb,1
4KT3,A,B,../../GraPPI_data/PDB/dimer_db/4KT3.pdb,1
4L2I,A,B,../../GraPPI_data/PDB/dimer_db/4L2I.pdb,1
4NQW,A,B,../../GraPPI_data/PDB/dimer_db/4NQW.pdb,1
4OB0,A,B,../../GraPPI_data/PDB/dimer_db/4OB0.pdb,1
4OUD,A,B,../../GraPPI_data/PDB/dimer_db/4OUD.pdb,1
4PC7,A,C,../../GraPPI_data/PDB/dimer_db/4PC7.pdb,1
4PW9,A,B,../../GraPPI_data/PDB/dimer_db/4PW9.pdb,1
4RHZ,A,B,../../GraPPI_data/PDB/dimer_db/4RHZ.pdb,1
4UQZ,A,B,../../GraPPI_data/PDB/dimer_db/4UQZ.pdb,1
4X8K,A,B,../../GraPPI_data/PDB/dimer_db/4X8K.pdb,1
4XWJ,A,B,../../GraPPI_data/PDB/dimer_db/4XWJ.pdb,1
4XYD,A,B,../../GraPPI_data/PDB/dimer_db/4XYD.pdb,1
4Y2O,A,B,../../GraPPI_data/PDB/dimer_db/4Y2O.pdb,1
4ZHY,A,B,../../GraPPI_data/PDB/dimer_db/4ZHY.pdb,1
4ZIR,A,B,../../GraPPI_data/PDB/dimer_db/4ZIR.pdb,1
4ZV0,A,B,../../GraPPI_data/PDB/dimer_db/4ZV0.pdb,1
5CEC,A,B,../../GraPPI_data/PDB/dimer_db/5CEC.pdb,1
5CZD,A,B,../../GraPPI_data/PDB/dimer_db/5CZD.pdb,1
5D6H,A,B,../../GraPPI_data/PDB/dimer_db/5D6H.pdb,1
5DMB,A,D,../../GraPPI_data/PDB/dimer_db/5DMB.pdb,1
5EU0,A,B,../../GraPPI_data/PDB/dimer_db/5EU0.pdb,1
5FOY,A,B,../../GraPPI_data/PDB/dimer_db/5FOY.pdb,1
5GNA,A,B,../../GraPPI_data/PDB/dimer_db/5GNA.pdb,1
5GXG,A,B,../../GraPPI_data/PDB/dimer_db/5GXG.pdb,1
5JSK,A,B,../../GraPPI_data/PDB/dimer_db/5JSK.pdb,1
5JWO,A,B,../../GraPPI_data/PDB/dimer_db/5JWO.pdb,1
5MAW,D,E,../../GraPPI_data/PDB/dimer_db/5MAW.pdb,1
5NH2,A,B,../../GraPPI_data/PDB/dimer_db/5NH2.pdb,1
5NPO,A,B,../../GraPPI_data/PDB/dimer_db/5NPO.pdb,1
5UNI,A,B,../../GraPPI_data/PDB/dimer_db/5UNI.pdb,1
5WXK,A,B,../../GraPPI_data/PDB/dimer_db/5WXK.pdb,1
5XLY,A,B,../../GraPPI_data/PDB/dimer_db/5XLY.pdb,1
5YIX,A,B,../../GraPPI_data/PDB/dimer_db/5YIX.pdb,1
5Z2W,A,B,../../GraPPI_data/PDB/dimer_db/5Z2W.pdb,1
5ZWL,E,G,../../GraPPI_data/PDB/dimer_db/5ZWL.pdb,1
6AHT,A,B,../../GraPPI_data/PDB/dimer_db/6AHT.pdb,1
6BS5,A,B,../../GraPPI_data/PDB/dimer_db/6BS5.pdb,1
6D1Q,A,B,../../GraPPI_data/PDB/dimer_db/6D1Q.pdb,1
6DRE,A,B,../../GraPPI_data/PDB/dimer_db/6DRE.pdb,1
6DXO,A,D,../../GraPPI_data/PDB/dimer_db/6DXO.pdb,1
6IN7,A,B,../../GraPPI_data/PDB/dimer_db/6IN7.pdb,1
6IXX,A,I,../../GraPPI_data/PDB/dimer_db/6IXX.pdb,1
6J2U,A,B,../../GraPPI_data/PDB/dimer_db/6J2U.pdb,1
6JAU,A,B,../../GraPPI_data/PDB/dimer_db/6JAU.pdb,1
6JZY,A,B,../../GraPPI_data/PDB/dimer_db/6JZY.pdb,1
6KMQ,A,B,../../GraPPI_data/PDB/dimer_db/6KMQ.pdb,1
6KXD,A,B,../../GraPPI_data/PDB/dimer_db/6KXD.pdb,1
6L8G,A,B,../../GraPPI_data/PDB/dimer_db/6L8G.pdb,1
6M01,A,B,../../GraPPI_data/PDB/dimer_db/6M01.pdb,1
6O6E,B,E,../../GraPPI_data/PDB/dimer_db/6O6E.pdb,1
6QSP,A,B,../../GraPPI_data/PDB/dimer_db/6QSP.pdb,1
6QSR,A,B,../../GraPPI_data/PDB/dimer_db/6QSR.pdb,1
6R6M,A,B,../../GraPPI_data/PDB/dimer_db/6R6M.pdb,1
6RTZ,A,B,../../GraPPI_data/PDB/dimer_db/6RTZ.pdb,1
6VCL,A,B,../../GraPPI_data/PDB/dimer_db/6VCL.pdb,1
7E36,A,B,../../GraPPI_data/PDB/dimer_db/7E36.pdb,1
7JTU,A,B,../../GraPPI_data/PDB/dimer_db/7JTU.pdb,1
1A22,A,B,../../GraPPI_data/PDB/dimer_db/1A22.pdb,1
1AUI,A,B,../../GraPPI_data/PDB/dimer_db/1AUI.pdb,1
1B34,A,B,../../GraPPI_data/PDB/dimer_db/1B34.pdb,1
1B8M,A,B,../../GraPPI_data/PDB/dimer_db/1B8M.pdb,1
1BEY,L,H,../../GraPPI_data/PDB/dimer_db/1BEY.pdb,1
1BH9,A,B,../../GraPPI_data/PDB/dimer_db/1BH9.pdb,1
1BP3,A,B,../../GraPPI_data/PDB/dimer_db/1BP3.pdb,1
1BUH,A,B,../../GraPPI_data/PDB/dimer_db/1BUH.pdb,1
1C1Y,A,B,../../GraPPI_data/PDB/dimer_db/1C1Y.pdb,1
1CXZ,A,B,../../GraPPI_data/PDB/dimer_db/1CXZ.pdb,1
1DS6,A,B,../../GraPPI_data/PDB/dimer_db/1DS6.pdb,1
1EFV,A,B,../../GraPPI_data/PDB/dimer_db/1EFV.pdb,1
1EXU,A,B,../../GraPPI_data/PDB/dimer_db/1EXU.pdb,1
1F3V,A,B,../../GraPPI_data/PDB/dimer_db/1F3V.pdb,1
1FQ1,A,B,../../GraPPI_data/PDB/dimer_db/1FQ1.pdb,1
1GZQ,A,B,../../GraPPI_data/PDB/dimer_db/1GZQ.pdb,1
1H2V,C,Z,../../GraPPI_data/PDB/dimer_db/1H2V.pdb,1
1HCN,A,B,../../GraPPI_data/PDB/dimer_db/1HCN.pdb,1
1HDM,A,B,../../GraPPI_data/PDB/dimer_db/1HDM.pdb,1
1HE8,A,B,../../GraPPI_data/PDB/dimer_db/1HE8.pdb,1
1IAR,A,B,../../GraPPI_data/PDB/dimer_db/1IAR.pdb,1
1IRA,X,Y,../../GraPPI_data/PDB/dimer_db/1IRA.pdb,1
1JDH,A,B,../../GraPPI_data/PDB/dimer_db/1JDH.pdb,1
1JEQ,A,B,../../GraPPI_data/PDB/dimer_db/1JEQ.pdb,1
1JKG,A,B,../../GraPPI_data/PDB/dimer_db/1JKG.pdb,1
1KFU,L,S,../../GraPPI_data/PDB/dimer_db/1KFU.pdb,1
1LDJ,A,B,../../GraPPI_data/PDB/dimer_db/1LDJ.pdb,1
1MZW,A,B,../../GraPPI_data/PDB/dimer_db/1MZW.pdb,1
1NUN,A,B,../../GraPPI_data/PDB/dimer_db/1NUN.pdb,1
1NW9,A,B,../../GraPPI_data/PDB/dimer_db/1NW9.pdb,1
1OC0,A,B,../../GraPPI_data/PDB/dimer_db/1OC0.pdb,1
1QBK,B,C,../../GraPPI_data/PDB/dimer_db/1QBK.pdb,1
1QGK,A,B,../../GraPPI_data/PDB/dimer_db/1QGK.pdb,1
1RY7,A,B,../../GraPPI_data/PDB/dimer_db/1RY7.pdb,1
1T0P,A,B,../../GraPPI_data/PDB/dimer_db/1T0P.pdb,1
1TGZ,A,B,../../GraPPI_data/PDB/dimer_db/1TGZ.pdb,1
1TX4,A,B,../../GraPPI_data/PDB/dimer_db/1TX4.pdb,1
1U6A,L,H,../../GraPPI_data/PDB/dimer_db/1U6A.pdb,1
1W98,A,B,../../GraPPI_data/PDB/dimer_db/1W98.pdb,1
1WMH,A,B,../../GraPPI_data/PDB/dimer_db/1WMH.pdb,1
1WQ1,R,G,../../GraPPI_data/PDB/dimer_db/1WQ1.pdb,1
1WQJ,B,I,../../GraPPI_data/PDB/dimer_db/1WQJ.pdb,1
1WYW,A,B,../../GraPPI_data/PDB/dimer_db/1WYW.pdb,1
1Y8X,A,B,../../GraPPI_data/PDB/dimer_db/1Y8X.pdb,1
1YC0,A,I,../../GraPPI_data/PDB/dimer_db/1YC0.pdb,1
1YCS,A,B,../../GraPPI_data/PDB/dimer_db/1YCS.pdb,1
1Z92,A,B,../../GraPPI_data/PDB/dimer_db/1Z92.pdb,1
1ZJD,A,B,../../GraPPI_data/PDB/dimer_db/1ZJD.pdb,1
2AUH,A,B,../../GraPPI_data/PDB/dimer_db/2AUH.pdb,1
2AYO,A,B,../../GraPPI_data/PDB/dimer_db/2AYO.pdb,1
2BKR,A,B,../../GraPPI_data/PDB/dimer_db/2BKR.pdb,1
2C0J,A,B,../../GraPPI_data/PDB/dimer_db/2C0J.pdb,1
2C0L,A,B,../../GraPPI_data/PDB/dimer_db/2C0L.pdb,1
2D07,A,B,../../GraPPI_data/PDB/dimer_db/2D07.pdb,1
2D5R,A,B,../../GraPPI_data/PDB/dimer_db/2D5R.pdb,1
2DSP,B,I,../../GraPPI_data/PDB/dimer_db/2DSP.pdb,1
2EYS,A,B,../../GraPPI_data/PDB/dimer_db/2EYS.pdb,1
2F0Y,A,B,../../GraPPI_data/PDB/dimer_db/2F0Y.pdb,1
2FCW,A,B,../../GraPPI_data/PDB/dimer_db/2FCW.pdb,1
2FJU,A,B,../../GraPPI_data/PDB/dimer_db/2FJU.pdb,1
2GRR,A,B,../../GraPPI_data/PDB/dimer_db/2GRR.pdb,1
2H0D,A,B,../../GraPPI_data/PDB/dimer_db/2H0D.pdb,1
2HLA,A,B,../../GraPPI_data/PDB/dimer_db/2HLA.pdb,1
2HLE,A,B,../../GraPPI_data/PDB/dimer_db/2HLE.pdb,1
2HTH,A,B,../../GraPPI_data/PDB/dimer_db/2HTH.pdb,1
2IE4,A,C,../../GraPPI_data/PDB/dimer_db/2IE4.pdb,1
2IHB,A,B,../../GraPPI_data/PDB/dimer_db/2IHB.pdb,1
2IO0,A,B,../../GraPPI_data/PDB/dimer_db/2IO0.pdb,1
2IW5,A,B,../../GraPPI_data/PDB/dimer_db/2IW5.pdb,1
2JGZ,A,B,../../GraPPI_data/PDB/dimer_db/2JGZ.pdb,1
2NGR,A,B,../../GraPPI_data/PDB/dimer_db/2NGR.pdb,1
2NW2,A,B,../../GraPPI_data/PDB/dimer_db/2NW2.pdb,1
2O2V,A,B,../../GraPPI_data/PDB/dimer_db/2O2V.pdb,1
2ODB,A,B,../../GraPPI_data/PDB/dimer_db/2ODB.pdb,1
2OT3,A,B,../../GraPPI_data/PDB/dimer_db/2OT3.pdb,1
2OVP,A,B,../../GraPPI_data/PDB/dimer_db/2OVP.pdb,1
2P8Q,A,B,../../GraPPI_data/PDB/dimer_db/2P8Q.pdb,1
2PE6,A,B,../../GraPPI_data/PDB/dimer_db/2PE6.pdb,1
2RAW,A,B,../../GraPPI_data/PDB/dimer_db/2RAW.pdb,1
2RD7,A,C,../../GraPPI_data/PDB/dimer_db/2RD7.pdb,1
2V4Z,A,B,../../GraPPI_data/PDB/dimer_db/2V4Z.pdb,1
2V8S,E,V,../../GraPPI_data/PDB/dimer_db/2V8S.pdb,1
2W96,A,B,../../GraPPI_data/PDB/dimer_db/2W96.pdb,1
2WEL,A,D,../../GraPPI_data/PDB/dimer_db/2WEL.pdb,1
2WO2,A,B,../../GraPPI_data/PDB/dimer_db/2WO2.pdb,1
2X0G,A,B,../../GraPPI_data/PDB/dimer_db/2X0G.pdb,1
2XJY,A,B,../../GraPPI_data/PDB/dimer_db/2XJY.pdb,1
2XWU,A,B,../../GraPPI_data/PDB/dimer_db/2XWU.pdb,1
2ZIX,A,B,../../GraPPI_data/PDB/dimer_db/2ZIX.pdb,1
3AQF,A,B,../../GraPPI_data/PDB/dimer_db/3AQF.pdb,1
3BEG,A,B,../../GraPPI_data/PDB/dimer_db/3BEG.pdb,1
3BLH,A,B,../../GraPPI_data/PDB/dimer_db/3BLH.pdb,1
3CKI,A,B,../../GraPPI_data/PDB/dimer_db/3CKI.pdb,1
3DLQ,I,R,../../GraPPI_data/PDB/dimer_db/3DLQ.pdb,1
3DOE,A,B,../../GraPPI_data/PDB/dimer_db/3DOE.pdb,1
3DPL,C,R,../../GraPPI_data/PDB/dimer_db/3DPL.pdb,1
3EYQ,C,D,../../GraPPI_data/PDB/dimer_db/3EYQ.pdb,1
3F1P,A,B,../../GraPPI_data/PDB/dimer_db/3F1P.pdb,1
3F1S,A,B,../../GraPPI_data/PDB/dimer_db/3F1S.pdb,1
3FN1,A,B,../../GraPPI_data/PDB/dimer_db/3FN1.pdb,1
3GB8,A,B,../../GraPPI_data/PDB/dimer_db/3GB8.pdb,1
3GNI,A,B,../../GraPPI_data/PDB/dimer_db/3GNI.pdb,1
3H7H,A,B,../../GraPPI_data/PDB/dimer_db/3H7H.pdb,1
3HCT,A,B,../../GraPPI_data/PDB/dimer_db/3HCT.pdb,1
3IFW,A,B,../../GraPPI_data/PDB/dimer_db/3IFW.pdb,1
3IXE,A,B,../../GraPPI_data/PDB/dimer_db/3IXE.pdb,1
3K1R,A,B,../../GraPPI_data/PDB/dimer_db/3K1R.pdb,1
3K9O,A,B,../../GraPPI_data/PDB/dimer_db/3K9O.pdb,1
3KMU,A,B,../../GraPPI_data/PDB/dimer_db/3KMU.pdb,1
3KUD,A,B,../../GraPPI_data/PDB/dimer_db/3KUD.pdb,1
3KXC,A,C,../../GraPPI_data/PDB/dimer_db/3KXC.pdb,1
3L1Z,A,B,../../GraPPI_data/PDB/dimer_db/3L1Z.pdb,1
3L2O,A,B,../../GraPPI_data/PDB/dimer_db/3L2O.pdb,1
3L82,A,B,../../GraPPI_data/PDB/dimer_db/3L82.pdb,1
3L9J,C,T,../../GraPPI_data/PDB/dimer_db/3L9J.pdb,1
3LQZ,A,B,../../GraPPI_data/PDB/dimer_db/3LQZ.pdb,1
3MCB,A,B,../../GraPPI_data/PDB/dimer_db/3MCB.pdb,1
3MSX,A,B,../../GraPPI_data/PDB/dimer_db/3MSX.pdb,1
3MXN,A,B,../../GraPPI_data/PDB/dimer_db/3MXN.pdb,1
3N06,A,B,../../GraPPI_data/PDB/dimer_db/3N06.pdb,1
3N1M,B,C,../../GraPPI_data/PDB/dimer_db/3N1M.pdb,1
3NHE,A,B,../../GraPPI_data/PDB/dimer_db/3NHE.pdb,1
3O2S,A,B,../../GraPPI_data/PDB/dimer_db/3O2S.pdb,1
3OJM,A,B,../../GraPPI_data/PDB/dimer_db/3OJM.pdb,1
3P71,T,C,../../GraPPI_data/PDB/dimer_db/3P71.pdb,1
3PB1,I,E,../../GraPPI_data/PDB/dimer_db/3PB1.pdb,1
3SDE,A,B,../../GraPPI_data/PDB/dimer_db/3SDE.pdb,1
3T5G,A,B,../../GraPPI_data/PDB/dimer_db/3T5G.pdb,1
3T5X,A,B,../../GraPPI_data/PDB/dimer_db/3T5X.pdb,1
3TX7,A,B,../../GraPPI_data/PDB/dimer_db/3TX7.pdb,1
3V6C,A,B,../../GraPPI_data/PDB/dimer_db/3V6C.pdb,1
3V96,A,B,../../GraPPI_data/PDB/dimer_db/3V96.pdb,1
3VVW,A,B,../../GraPPI_data/PDB/dimer_db/3VVW.pdb,1
3W5K,A,B,../../GraPPI_data/PDB/dimer_db/3W5K.pdb,1
3W8I,A,B,../../GraPPI_data/PDB/dimer_db/3W8I.pdb,1
3WHT,A,B,../../GraPPI_data/PDB/dimer_db/3WHT.pdb,1
3WSO,A,B,../../GraPPI_data/PDB/dimer_db/3WSO.pdb,1
3YGS,C,P,../../GraPPI_data/PDB/dimer_db/3YGS.pdb,1
3ZNZ,A,B,../../GraPPI_data/PDB/dimer_db/3ZNZ.pdb,1
3ZYI,A,B,../../GraPPI_data/PDB/dimer_db/3ZYI.pdb,1
4A49,A,B,../../GraPPI_data/PDB/dimer_db/4A49.pdb,1
4AF3,A,D,../../GraPPI_data/PDB/dimer_db/4AF3.pdb,1
4AP2,A,B,../../GraPPI_data/PDB/dimer_db/4AP2.pdb,1
4BK5,A,C,../../GraPPI_data/PDB/dimer_db/4BK5.pdb,1
4BRY,A,B,../../GraPPI_data/PDB/dimer_db/4BRY.pdb,1
4BVX,A,B,../../GraPPI_data/PDB/dimer_db/4BVX.pdb,1
4C02,A,B,../../GraPPI_data/PDB/dimer_db/4C02.pdb,1
4C4P,A,B,../../GraPPI_data/PDB/dimer_db/4C4P.pdb,1
4C9B,A,B,../../GraPPI_data/PDB/dimer_db/4C9B.pdb,1
4CGY,A,B,../../GraPPI_data/PDB/dimer_db/4CGY.pdb,1
4CMM,A,B,../../GraPPI_data/PDB/dimer_db/4CMM.pdb,1
4CSR,A,B,../../GraPPI_data/PDB/dimer_db/4CSR.pdb,1
4CZZ,A,B,../../GraPPI_data/PDB/dimer_db/4CZZ.pdb,1
4D0G,A,C,../../GraPPI_data/PDB/dimer_db/4D0G.pdb,1
4DBG,A,B,../../GraPPI_data/PDB/dimer_db/4DBG.pdb,1
4FZA,A,B,../../GraPPI_data/PDB/dimer_db/4FZA.pdb,1
4FZV,A,B,../../GraPPI_data/PDB/dimer_db/4FZV.pdb,1
4GAF,A,B,../../GraPPI_data/PDB/dimer_db/4GAF.pdb,1
4H5S,A,B,../../GraPPI_data/PDB/dimer_db/4H5S.pdb,1
4H6J,A,B,../../GraPPI_data/PDB/dimer_db/4H6J.pdb,1
4HDO,A,B,../../GraPPI_data/PDB/dimer_db/4HDO.pdb,1
4HI8,A,B,../../GraPPI_data/PDB/dimer_db/4HI8.pdb,1
4HXI,A,B,../../GraPPI_data/PDB/dimer_db/4HXI.pdb,1
4I6L,A,B,../../GraPPI_data/PDB/dimer_db/4I6L.pdb,1
4ISO,A,B,../../GraPPI_data/PDB/dimer_db/4ISO.pdb,1
4IYP,A,C,../../GraPPI_data/PDB/dimer_db/4IYP.pdb,1
4JHP,B,C,../../GraPPI_data/PDB/dimer_db/4JHP.pdb,1
4JQW,A,C,../../GraPPI_data/PDB/dimer_db/4JQW.pdb,1
4KAX,A,B,../../GraPPI_data/PDB/dimer_db/4KAX.pdb,1
4KC3,A,B,../../GraPPI_data/PDB/dimer_db/4KC3.pdb,1
4LAD,A,B,../../GraPPI_data/PDB/dimer_db/4LAD.pdb,1
4LLD,A,B,../../GraPPI_data/PDB/dimer_db/4LLD.pdb,1
4LZX,A,B,../../GraPPI_data/PDB/dimer_db/4LZX.pdb,1
4NZW,A,B,../../GraPPI_data/PDB/dimer_db/4NZW.pdb,1
4OH8,A,B,../../GraPPI_data/PDB/dimer_db/4OH8.pdb,1
4OL0,A,B,../../GraPPI_data/PDB/dimer_db/4OL0.pdb,1
4ONL,A,B,../../GraPPI_data/PDB/dimer_db/4ONL.pdb,1
4OR9,A,B,../../GraPPI_data/PDB/dimer_db/4OR9.pdb,1
4PUB,H,L,../../GraPPI_data/PDB/dimer_db/4PUB.pdb,1
4RS1,B,A,../../GraPPI_data/PDB/dimer_db/4RS1.pdb,1
4TQ1,A,B,../../GraPPI_data/PDB/dimer_db/4TQ1.pdb,1
4TZ4,A,C,../../GraPPI_data/PDB/dimer_db/4TZ4.pdb,1
4U32,X,A,../../GraPPI_data/PDB/dimer_db/4U32.pdb,1
4U7P,A,B,../../GraPPI_data/PDB/dimer_db/4U7P.pdb,1
4UED,A,B,../../GraPPI_data/PDB/dimer_db/4UED.pdb,1
4UEM,A,B,../../GraPPI_data/PDB/dimer_db/4UEM.pdb,1
4UHZ,A,B,../../GraPPI_data/PDB/dimer_db/4UHZ.pdb,1
4US0,R,S,../../GraPPI_data/PDB/dimer_db/4US0.pdb,1
4WLP,A,B,../../GraPPI_data/PDB/dimer_db/4WLP.pdb,1
4WV4,A,B,../../GraPPI_data/PDB/dimer_db/4WV4.pdb,1
4X86,A,B,../../GraPPI_data/PDB/dimer_db/4X86.pdb,1
4XXB,A,B,../../GraPPI_data/PDB/dimer_db/4XXB.pdb,1
4Y5O,A,B,../../GraPPI_data/PDB/dimer_db/4Y5O.pdb,1
4ZGY,A,B,../../GraPPI_data/PDB/dimer_db/4ZGY.pdb,1
4ZQK,A,B,../../GraPPI_data/PDB/dimer_db/4ZQK.pdb,1
5AQV,A,B,../../GraPPI_data/PDB/dimer_db/5AQV.pdb,1
5BRK,A,B,../../GraPPI_data/PDB/dimer_db/5BRK.pdb,1
5C46,E,F,../../GraPPI_data/PDB/dimer_db/5C46.pdb,1
5C50,A,B,../../GraPPI_data/PDB/dimer_db/5C50.pdb,1
5D1M,A,B,../../GraPPI_data/PDB/dimer_db/5D1M.pdb,1
5DFL,B,A,../../GraPPI_data/PDB/dimer_db/5DFL.pdb,1
5DQS,A,D,../../GraPPI_data/PDB/dimer_db/5DQS.pdb,1
5F4E,A,B,../../GraPPI_data/PDB/dimer_db/5F4E.pdb,1
5F5S,A,B,../../GraPPI_data/PDB/dimer_db/5F5S.pdb,1
5FQ2,A,B,../../GraPPI_data/PDB/dimer_db/5FQ2.pdb,1
5GPY,A,B,../../GraPPI_data/PDB/dimer_db/5GPY.pdb,1
5GVE,A,B,../../GraPPI_data/PDB/dimer_db/5GVE.pdb,1
5H65,A,B,../../GraPPI_data/PDB/dimer_db/5H65.pdb,1
5HPK,A,B,../../GraPPI_data/PDB/dimer_db/5HPK.pdb,1
5HPS,A,B,../../GraPPI_data/PDB/dimer_db/5HPS.pdb,1
5IFR,A,B,../../GraPPI_data/PDB/dimer_db/5IFR.pdb,1
5INB,A,B,../../GraPPI_data/PDB/dimer_db/5INB.pdb,1
5J1A,A,B,../../GraPPI_data/PDB/dimer_db/5J1A.pdb,1
5KYC,B,C,../../GraPPI_data/PDB/dimer_db/5KYC.pdb,1
5L04,A,B,../../GraPPI_data/PDB/dimer_db/5L04.pdb,1
5L0S,A,B,../../GraPPI_data/PDB/dimer_db/5L0S.pdb,1
5L6W,L,C,../../GraPPI_data/PDB/dimer_db/5L6W.pdb,1
5LSI,D,E,../../GraPPI_data/PDB/dimer_db/5LSI.pdb,1
5LXM,A,D,../../GraPPI_data/PDB/dimer_db/5LXM.pdb,1
5LXR,A,B,../../GraPPI_data/PDB/dimer_db/5LXR.pdb,1
5ODT,A,B,../../GraPPI_data/PDB/dimer_db/5ODT.pdb,1
5OHK,A,B,../../GraPPI_data/PDB/dimer_db/5OHK.pdb,1
5TUT,A,B,../../GraPPI_data/PDB/dimer_db/5TUT.pdb,1
5TUU,A,B,../../GraPPI_data/PDB/dimer_db/5TUU.pdb,1
5TXK,A,B,../../GraPPI_data/PDB/dimer_db/5TXK.pdb,1
5UPL,A,B,../../GraPPI_data/PDB/dimer_db/5UPL.pdb,1
5UQ2,A,B,../../GraPPI_data/PDB/dimer_db/5UQ2.pdb,1
5V02,B,R,../../GraPPI_data/PDB/dimer_db/5V02.pdb,1
5VPA,A,B,../../GraPPI_data/PDB/dimer_db/5VPA.pdb,1
5WAK,A,B,../../GraPPI_data/PDB/dimer_db/5WAK.pdb,1
5WPA,A,B,../../GraPPI_data/PDB/dimer_db/5WPA.pdb,1
5WY5,B,A,../../GraPPI_data/PDB/dimer_db/5WY5.pdb,1
5XS2,A,B,../../GraPPI_data/PDB/dimer_db/5XS2.pdb,1
5Y38,A,B,../../GraPPI_data/PDB/dimer_db/5Y38.pdb,1
5YWR,A,B,../../GraPPI_data/PDB/dimer_db/5YWR.pdb,1
6AO5,A,B,../../GraPPI_data/PDB/dimer_db/6AO5.pdb,1
6AU8,A,C,../../GraPPI_data/PDB/dimer_db/6AU8.pdb,1
6CPH,D,E,../../GraPPI_data/PDB/dimer_db/6CPH.pdb,1
6CWX,A,B,../../GraPPI_data/PDB/dimer_db/6CWX.pdb,1
6CWY,C,D,../../GraPPI_data/PDB/dimer_db/6CWY.pdb,1
6DGF,A,B,../../GraPPI_data/PDB/dimer_db/6DGF.pdb,1
6EPO,R,S,../../GraPPI_data/PDB/dimer_db/6EPO.pdb,1
6FAE,A,B,../../GraPPI_data/PDB/dimer_db/6FAE.pdb,1
6FCV,A,B,../../GraPPI_data/PDB/dimer_db/6FCV.pdb,1
6G4Q,A,B,../../GraPPI_data/PDB/dimer_db/6G4Q.pdb,1
6GEI,A,L,../../GraPPI_data/PDB/dimer_db/6GEI.pdb,1
6GR8,A,B,../../GraPPI_data/PDB/dimer_db/6GR8.pdb,1
6GVA,A,B,../../GraPPI_data/PDB/dimer_db/6GVA.pdb,1
6H2U,A,B,../../GraPPI_data/PDB/dimer_db/6H2U.pdb,1
6HAR,A,E,../../GraPPI_data/PDB/dimer_db/6HAR.pdb,1
6HEI,A,B,../../GraPPI_data/PDB/dimer_db/6HEI.pdb,1
6I1S,A,B,../../GraPPI_data/PDB/dimer_db/6I1S.pdb,1
6IF3,A,B,../../GraPPI_data/PDB/dimer_db/6IF3.pdb,1
6J07,A,B,../../GraPPI_data/PDB/dimer_db/6J07.pdb,1
6J4P,A,B,../../GraPPI_data/PDB/dimer_db/6J4P.pdb,1
6J6X,A,B,../../GraPPI_data/PDB/dimer_db/6J6X.pdb,1
6J7B,A,B,../../GraPPI_data/PDB/dimer_db/6J7B.pdb,1
6JCK,A,B,../../GraPPI_data/PDB/dimer_db/6JCK.pdb,1
6KBR,A,C,../../GraPPI_data/PDB/dimer_db/6KBR.pdb,1
6KHS,A,B,../../GraPPI_data/PDB/dimer_db/6KHS.pdb,1
6L4O,A,B,../../GraPPI_data/PDB/dimer_db/6L4O.pdb,1
6L59,A,B,../../GraPPI_data/PDB/dimer_db/6L59.pdb,1
6M3I,A,B,../../GraPPI_data/PDB/dimer_db/6M3I.pdb,1
6MAV,A,B,../../GraPPI_data/PDB/dimer_db/6MAV.pdb,1
6MFF,A,C,../../GraPPI_data/PDB/dimer_db/6MFF.pdb,1
6MS4,A,B,../../GraPPI_data/PDB/dimer_db/6MS4.pdb,1
6NEP,A,B,../../GraPPI_data/PDB/dimer_db/6NEP.pdb,1
6NNQ,A,B,../../GraPPI_data/PDB/dimer_db/6NNQ.pdb,1
6OBP,A,C,../../GraPPI_data/PDB/dimer_db/6OBP.pdb,1
6PGV,A,B,../../GraPPI_data/PDB/dimer_db/6PGV.pdb,1
6Q00,A,B,../../GraPPI_data/PDB/dimer_db/6Q00.pdb,1
6SH6,A,B,../../GraPPI_data/PDB/dimer_db/6SH6.pdb,1
6SN1,A,B,../../GraPPI_data/PDB/dimer_db/6SN1.pdb,1
6TDP,A,B,../../GraPPI_data/PDB/dimer_db/6TDP.pdb,1
6UMT,A,B,../../GraPPI_data/PDB/dimer_db/6UMT.pdb,1
6UPA,B,A,../../GraPPI_data/PDB/dimer_db/6UPA.pdb,1
6UPQ,A,B,../../GraPPI_data/PDB/dimer_db/6UPQ.pdb,1
6UPR,A,B,../../GraPPI_data/PDB/dimer_db/6UPR.pdb,1
6UUI,C,X,../../GraPPI_data/PDB/dimer_db/6UUI.pdb,1
6VJJ,A,B,../../GraPPI_data/PDB/dimer_db/6VJJ.pdb,1
6W3I,A,B,../../GraPPI_data/PDB/dimer_db/6W3I.pdb,1
6W7Z,A,B,../../GraPPI_data/PDB/dimer_db/6W7Z.pdb,1
6WCV,A,B,../../GraPPI_data/PDB/dimer_db/6WCV.pdb,1
6WH1,A,B,../../GraPPI_data/PDB/dimer_db/6WH1.pdb,1
6Y4L,A,B,../../GraPPI_data/PDB/dimer_db/6Y4L.pdb,1
6YA6,A,B,../../GraPPI_data/PDB/dimer_db/6YA6.pdb,1
6ZMD,A,B,../../GraPPI_data/PDB/dimer_db/6ZMD.pdb,1
7AX1,A,B,../../GraPPI_data/PDB/dimer_db/7AX1.pdb,1
7D2S,A,B,../../GraPPI_data/PDB/dimer_db/7D2S.pdb,1
7LRQ,A,B,../../GraPPI_data/PDB/dimer_db/7LRQ.pdb,1
7M0X,A,B,../../GraPPI_data/PDB/dimer_db/7M0X.pdb,1
7M3Q,A,B,../../GraPPI_data/PDB/dimer_db/7M3Q.pdb,1
12AS,A,B,../../GraPPI_data/PDB/dimer_db/12AS.pdb,1
1A05,A,B,../../GraPPI_data/PDB/dimer_db/1A05.pdb,1
1A4X,A,B,../../GraPPI_data/PDB/dimer_db/1A4X.pdb,1
1A7T,A,B,../../GraPPI_data/PDB/dimer_db/1A7T.pdb,1
1A8U,A,B,../../GraPPI_data/PDB/dimer_db/1A8U.pdb,1
1ADE,A,B,../../GraPPI_data/PDB/dimer_db/1ADE.pdb,1
1AG9,A,B,../../GraPPI_data/PDB/dimer_db/1AG9.pdb,1
1AIZ,A,B,../../GraPPI_data/PDB/dimer_db/1AIZ.pdb,1
1AUO,A,B,../../GraPPI_data/PDB/dimer_db/1AUO.pdb,1
1AZ3,A,B,../../GraPPI_data/PDB/dimer_db/1AZ3.pdb,1
1AZW,A,B,../../GraPPI_data/PDB/dimer_db/1AZW.pdb,1
1AZY,A,B,../../GraPPI_data/PDB/dimer_db/1AZY.pdb,1
1B5P,A,B,../../GraPPI_data/PDB/dimer_db/1B5P.pdb,1
1B8Z,A,B,../../GraPPI_data/PDB/dimer_db/1B8Z.pdb,1
1B9M,A,B,../../GraPPI_data/PDB/dimer_db/1B9M.pdb,1
1BBH,A,B,../../GraPPI_data/PDB/dimer_db/1BBH.pdb,1
1BD0,A,B,../../GraPPI_data/PDB/dimer_db/1BD0.pdb,1
1BI2,A,B,../../GraPPI_data/PDB/dimer_db/1BI2.pdb,1
1BJN,A,B,../../GraPPI_data/PDB/dimer_db/1BJN.pdb,1
1BKJ,A,B,../../GraPPI_data/PDB/dimer_db/1BKJ.pdb,1
1BKP,A,B,../../GraPPI_data/PDB/dimer_db/1BKP.pdb,1
1BO4,A,B,../../GraPPI_data/PDB/dimer_db/1BO4.pdb,1
1BPL,A,B,../../GraPPI_data/PDB/dimer_db/1BPL.pdb,1
1BRW,A,B,../../GraPPI_data/PDB/dimer_db/1BRW.pdb,1
1BSL,A,B,../../GraPPI_data/PDB/dimer_db/1BSL.pdb,1
1BU5,A,B,../../GraPPI_data/PDB/dimer_db/1BU5.pdb,1
1BXK,A,B,../../GraPPI_data/PDB/dimer_db/1BXK.pdb,1
1BXT,A,B,../../GraPPI_data/PDB/dimer_db/1BXT.pdb,1
1C3R,A,B,../../GraPPI_data/PDB/dimer_db/1C3R.pdb,1
1C77,A,B,../../GraPPI_data/PDB/dimer_db/1C77.pdb,1
1C8U,A,B,../../GraPPI_data/PDB/dimer_db/1C8U.pdb,1
1C9O,A,B,../../GraPPI_data/PDB/dimer_db/1C9O.pdb,1
1CBK,A,B,../../GraPPI_data/PDB/dimer_db/1CBK.pdb,1
1CHM,A,B,../../GraPPI_data/PDB/dimer_db/1CHM.pdb,1
1CI9,A,B,../../GraPPI_data/PDB/dimer_db/1CI9.pdb,1
1CKU,A,B,../../GraPPI_data/PDB/dimer_db/1CKU.pdb,1
1CM5,A,B,../../GraPPI_data/PDB/dimer_db/1CM5.pdb,1
1CM7,A,B,../../GraPPI_data/PDB/dimer_db/1CM7.pdb,1
1CMB,A,B,../../GraPPI_data/PDB/dimer_db/1CMB.pdb,1
1COZ,A,B,../../GraPPI_data/PDB/dimer_db/1COZ.pdb,1
1CP2,A,B,../../GraPPI_data/PDB/dimer_db/1CP2.pdb,1
1CP9,A,B,../../GraPPI_data/PDB/dimer_db/1CP9.pdb,1
1CRU,A,B,../../GraPPI_data/PDB/dimer_db/1CRU.pdb,1
1CZ3,A,B,../../GraPPI_data/PDB/dimer_db/1CZ3.pdb,1
1D0Q,A,B,../../GraPPI_data/PDB/dimer_db/1D0Q.pdb,1
1D2F,A,B,../../GraPPI_data/PDB/dimer_db/1D2F.pdb,1
1DBQ,A,B,../../GraPPI_data/PDB/dimer_db/1DBQ.pdb,1
1DJ0,A,B,../../GraPPI_data/PDB/dimer_db/1DJ0.pdb,1
1DJN,A,B,../../GraPPI_data/PDB/dimer_db/1DJN.pdb,1
1DKU,A,B,../../GraPPI_data/PDB/dimer_db/1DKU.pdb,1
1DL5,A,B,../../GraPPI_data/PDB/dimer_db/1DL5.pdb,1
1DMH,A,B,../../GraPPI_data/PDB/dimer_db/1DMH.pdb,1
1DPG,A,B,../../GraPPI_data/PDB/dimer_db/1DPG.pdb,1
1DQZ,A,B,../../GraPPI_data/PDB/dimer_db/1DQZ.pdb,1
1DXG,A,B,../../GraPPI_data/PDB/dimer_db/1DXG.pdb,1
1E5D,A,B,../../GraPPI_data/PDB/dimer_db/1E5D.pdb,1
1E5R,A,B,../../GraPPI_data/PDB/dimer_db/1E5R.pdb,1
1ECS,A,B,../../GraPPI_data/PDB/dimer_db/1ECS.pdb,1
1ECZ,A,B,../../GraPPI_data/PDB/dimer_db/1ECZ.pdb,1
1EE8,A,B,../../GraPPI_data/PDB/dimer_db/1EE8.pdb,1
1EEJ,A,B,../../GraPPI_data/PDB/dimer_db/1EEJ.pdb,1
1EG5,A,B,../../GraPPI_data/PDB/dimer_db/1EG5.pdb,1
1EGA,A,B,../../GraPPI_data/PDB/dimer_db/1EGA.pdb,1
1EHI,A,B,../../GraPPI_data/PDB/dimer_db/1EHI.pdb,1
1ELU,A,B,../../GraPPI_data/PDB/dimer_db/1ELU.pdb,1
1ETO,A,B,../../GraPPI_data/PDB/dimer_db/1ETO.pdb,1
1EV7,A,B,../../GraPPI_data/PDB/dimer_db/1EV7.pdb,1
1EWR,A,B,../../GraPPI_data/PDB/dimer_db/1EWR.pdb,1
1EYV,A,B,../../GraPPI_data/PDB/dimer_db/1EYV.pdb,1
1F0K,A,B,../../GraPPI_data/PDB/dimer_db/1F0K.pdb,1
1F1C,A,B,../../GraPPI_data/PDB/dimer_db/1F1C.pdb,1
1F46,A,B,../../GraPPI_data/PDB/dimer_db/1F46.pdb,1
1F5V,A,B,../../GraPPI_data/PDB/dimer_db/1F5V.pdb,1
1F6Y,A,B,../../GraPPI_data/PDB/dimer_db/1F6Y.pdb,1
1F75,A,B,../../GraPPI_data/PDB/dimer_db/1F75.pdb,1
1F9Z,A,B,../../GraPPI_data/PDB/dimer_db/1F9Z.pdb,1
1FC4,A,B,../../GraPPI_data/PDB/dimer_db/1FC4.pdb,1
1FJH,A,B,../../GraPPI_data/PDB/dimer_db/1FJH.pdb,1
1FLG,A,B,../../GraPPI_data/PDB/dimer_db/1FLG.pdb,1
1FLM,A,B,../../GraPPI_data/PDB/dimer_db/1FLM.pdb,1
1FM2,A,B,../../GraPPI_data/PDB/dimer_db/1FM2.pdb,1
1FOC,A,B,../../GraPPI_data/PDB/dimer_db/1FOC.pdb,1
1FQT,A,B,../../GraPPI_data/PDB/dimer_db/1FQT.pdb,1
1FT9,A,B,../../GraPPI_data/PDB/dimer_db/1FT9.pdb,1
1FUX,A,B,../../GraPPI_data/PDB/dimer_db/1FUX.pdb,1
1FVP,A,B,../../GraPPI_data/PDB/dimer_db/1FVP.pdb,1
1FXR,A,B,../../GraPPI_data/PDB/dimer_db/1FXR.pdb,1
1G0S,A,B,../../GraPPI_data/PDB/dimer_db/1G0S.pdb,1
1G57,A,B,../../GraPPI_data/PDB/dimer_db/1G57.pdb,1
1G60,A,B,../../GraPPI_data/PDB/dimer_db/1G60.pdb,1
1G8E,A,B,../../GraPPI_data/PDB/dimer_db/1G8E.pdb,1
1G8L,A,B,../../GraPPI_data/PDB/dimer_db/1G8L.pdb,1
1GAR,A,B,../../GraPPI_data/PDB/dimer_db/1GAR.pdb,1
1GDH,A,B,../../GraPPI_data/PDB/dimer_db/1GDH.pdb,1
1GES,A,B,../../GraPPI_data/PDB/dimer_db/1GES.pdb,1
1GGG,A,B,../../GraPPI_data/PDB/dimer_db/1GGG.pdb,1
1GOI,A,B,../../GraPPI_data/PDB/dimer_db/1GOI.pdb,1
1GQA,A,D,../../GraPPI_data/PDB/dimer_db/1GQA.pdb,1
1GQI,A,B,../../GraPPI_data/PDB/dimer_db/1GQI.pdb,1
1GV3,A,B,../../GraPPI_data/PDB/dimer_db/1GV3.pdb,1
1GYO,A,B,../../GraPPI_data/PDB/dimer_db/1GYO.pdb,1
1GYX,A,B,../../GraPPI_data/PDB/dimer_db/1GYX.pdb,1
1H3F,A,B,../../GraPPI_data/PDB/dimer_db/1H3F.pdb,1
1H54,A,B,../../GraPPI_data/PDB/dimer_db/1H54.pdb,1
1H7E,A,B,../../GraPPI_data/PDB/dimer_db/1H7E.pdb,1
1HKQ,A,B,../../GraPPI_data/PDB/dimer_db/1HKQ.pdb,1
1HKV,A,B,../../GraPPI_data/PDB/dimer_db/1HKV.pdb,1
1HQS,A,B,../../GraPPI_data/PDB/dimer_db/1HQS.pdb,1
1HRU,A,B,../../GraPPI_data/PDB/dimer_db/1HRU.pdb,1
1HSL,A,B,../../GraPPI_data/PDB/dimer_db/1HSL.pdb,1
1HUX,A,B,../../GraPPI_data/PDB/dimer_db/1HUX.pdb,1
1HW1,A,B,../../GraPPI_data/PDB/dimer_db/1HW1.pdb,1
1HXP,A,B,../../GraPPI_data/PDB/dimer_db/1HXP.pdb,1
1I3C,A,B,../../GraPPI_data/PDB/dimer_db/1I3C.pdb,1
1I4J,A,B,../../GraPPI_data/PDB/dimer_db/1I4J.pdb,1
1I4S,A,B,../../GraPPI_data/PDB/dimer_db/1I4S.pdb,1
1I58,A,B,../../GraPPI_data/PDB/dimer_db/1I58.pdb,1
1I5E,A,B,../../GraPPI_data/PDB/dimer_db/1I5E.pdb,1
1I69,A,B,../../GraPPI_data/PDB/dimer_db/1I69.pdb,1
1I74,A,B,../../GraPPI_data/PDB/dimer_db/1I74.pdb,1
1I8T,A,B,../../GraPPI_data/PDB/dimer_db/1I8T.pdb,1
1ICR,A,B,../../GraPPI_data/PDB/dimer_db/1ICR.pdb,1
1ID1,A,B,../../GraPPI_data/PDB/dimer_db/1ID1.pdb,1
1IGU,A,B,../../GraPPI_data/PDB/dimer_db/1IGU.pdb,1
1IQ6,A,B,../../GraPPI_data/PDB/dimer_db/1IQ6.pdb,1
1IRQ,A,B,../../GraPPI_data/PDB/dimer_db/1IRQ.pdb,1
1ISA,A,B,../../GraPPI_data/PDB/dimer_db/1ISA.pdb,1
1ISU,A,B,../../GraPPI_data/PDB/dimer_db/1ISU.pdb,1
1IUG,A,B,../../GraPPI_data/PDB/dimer_db/1IUG.pdb,1
1IUJ,A,B,../../GraPPI_data/PDB/dimer_db/1IUJ.pdb,1
1IUN,A,B,../../GraPPI_data/PDB/dimer_db/1IUN.pdb,1
1IXM,A,B,../../GraPPI_data/PDB/dimer_db/1IXM.pdb,1
1IYX,A,B,../../GraPPI_data/PDB/dimer_db/1IYX.pdb,1
1IZY,A,B,../../GraPPI_data/PDB/dimer_db/1IZY.pdb,1
1J0H,A,B,../../GraPPI_data/PDB/dimer_db/1J0H.pdb,1
1J32,A,B,../../GraPPI_data/PDB/dimer_db/1J32.pdb,1
1J3B,A,B,../../GraPPI_data/PDB/dimer_db/1J3B.pdb,1
1J3M,A,B,../../GraPPI_data/PDB/dimer_db/1J3M.pdb,1
1J3N,A,B,../../GraPPI_data/PDB/dimer_db/1J3N.pdb,1
1J49,A,B,../../GraPPI_data/PDB/dimer_db/1J49.pdb,1
1J5W,A,B,../../GraPPI_data/PDB/dimer_db/1J5W.pdb,1
1J6W,A,B,../../GraPPI_data/PDB/dimer_db/1J6W.pdb,1
1J6X,A,B,../../GraPPI_data/PDB/dimer_db/1J6X.pdb,1
1J9J,A,B,../../GraPPI_data/PDB/dimer_db/1J9J.pdb,1
1JGT,A,B,../../GraPPI_data/PDB/dimer_db/1JGT.pdb,1
1JHF,A,B,../../GraPPI_data/PDB/dimer_db/1JHF.pdb,1
1JIF,A,B,../../GraPPI_data/PDB/dimer_db/1JIF.pdb,1
1JUB,A,B,../../GraPPI_data/PDB/dimer_db/1JUB.pdb,1
1JYA,A,B,../../GraPPI_data/PDB/dimer_db/1JYA.pdb,1
1K0Z,A,B,../../GraPPI_data/PDB/dimer_db/1K0Z.pdb,1
1K20,A,B,../../GraPPI_data/PDB/dimer_db/1K20.pdb,1
1K2W,A,B,../../GraPPI_data/PDB/dimer_db/1K2W.pdb,1
1K3E,A,B,../../GraPPI_data/PDB/dimer_db/1K3E.pdb,1
1K3S,A,B,../../GraPPI_data/PDB/dimer_db/1K3S.pdb,1
1K66,A,B,../../GraPPI_data/PDB/dimer_db/1K66.pdb,1
1K68,A,B,../../GraPPI_data/PDB/dimer_db/1K68.pdb,1
1K6D,A,B,../../GraPPI_data/PDB/dimer_db/1K6D.pdb,1
1KAE,A,B,../../GraPPI_data/PDB/dimer_db/1KAE.pdb,1
1KCZ,A,B,../../GraPPI_data/PDB/dimer_db/1KCZ.pdb,1
1KEW,A,B,../../GraPPI_data/PDB/dimer_db/1KEW.pdb,1
1KGZ,A,B,../../GraPPI_data/PDB/dimer_db/1KGZ.pdb,1
1KIJ,A,B,../../GraPPI_data/PDB/dimer_db/1KIJ.pdb,1
1KJQ,A,B,../../GraPPI_data/PDB/dimer_db/1KJQ.pdb,1
1KKO,A,B,../../GraPPI_data/PDB/dimer_db/1KKO.pdb,1
1KL2,A,B,../../GraPPI_data/PDB/dimer_db/1KL2.pdb,1
1KNQ,A,B,../../GraPPI_data/PDB/dimer_db/1KNQ.pdb,1
1KOP,A,B,../../GraPPI_data/PDB/dimer_db/1KOP.pdb,1
1KP0,A,B,../../GraPPI_data/PDB/dimer_db/1KP0.pdb,1
1KQP,A,B,../../GraPPI_data/PDB/dimer_db/1KQP.pdb,1
1KUT,A,B,../../GraPPI_data/PDB/dimer_db/1KUT.pdb,1
1L0W,A,B,../../GraPPI_data/PDB/dimer_db/1L0W.pdb,1
1L2U,A,B,../../GraPPI_data/PDB/dimer_db/1L2U.pdb,1
1L4I,A,B,../../GraPPI_data/PDB/dimer_db/1L4I.pdb,1
1L5V,A,B,../../GraPPI_data/PDB/dimer_db/1L5V.pdb,1
1L5Y,A,B,../../GraPPI_data/PDB/dimer_db/1L5Y.pdb,1
1LJ9,A,B,../../GraPPI_data/PDB/dimer_db/1LJ9.pdb,1
1LPF,A,B,../../GraPPI_data/PDB/dimer_db/1LPF.pdb,1
1LQ9,A,B,../../GraPPI_data/PDB/dimer_db/1LQ9.pdb,1
1LWJ,A,B,../../GraPPI_data/PDB/dimer_db/1LWJ.pdb,1
1M0S,A,B,../../GraPPI_data/PDB/dimer_db/1M0S.pdb,1
1M1F,A,B,../../GraPPI_data/PDB/dimer_db/1M1F.pdb,1
1M2D,A,B,../../GraPPI_data/PDB/dimer_db/1M2D.pdb,1
1M4I,A,B,../../GraPPI_data/PDB/dimer_db/1M4I.pdb,1
1MIW,A,B,../../GraPPI_data/PDB/dimer_db/1MIW.pdb,1
1MK4,A,B,../../GraPPI_data/PDB/dimer_db/1MK4.pdb,1
1MKI,A,B,../../GraPPI_data/PDB/dimer_db/1MKI.pdb,1
1MKZ,A,B,../../GraPPI_data/PDB/dimer_db/1MKZ.pdb,1
1MO9,A,B,../../GraPPI_data/PDB/dimer_db/1MO9.pdb,1
1MRZ,A,B,../../GraPPI_data/PDB/dimer_db/1MRZ.pdb,1
1MTP,A,B,../../GraPPI_data/PDB/dimer_db/1MTP.pdb,1
1MU4,A,B,../../GraPPI_data/PDB/dimer_db/1MU4.pdb,1
1MWQ,A,B,../../GraPPI_data/PDB/dimer_db/1MWQ.pdb,1
1MXR,A,B,../../GraPPI_data/PDB/dimer_db/1MXR.pdb,1
1MY6,A,B,../../GraPPI_data/PDB/dimer_db/1MY6.pdb,1
1MZG,A,B,../../GraPPI_data/PDB/dimer_db/1MZG.pdb,1
1MZH,A,B,../../GraPPI_data/PDB/dimer_db/1MZH.pdb,1
1MZJ,A,B,../../GraPPI_data/PDB/dimer_db/1MZJ.pdb,1
1N1C,A,B,../../GraPPI_data/PDB/dimer_db/1N1C.pdb,1
1N2A,A,B,../../GraPPI_data/PDB/dimer_db/1N2A.pdb,1
1N2F,A,B,../../GraPPI_data/PDB/dimer_db/1N2F.pdb,1
1N9W,A,B,../../GraPPI_data/PDB/dimer_db/1N9W.pdb,1
1NA6,A,B,../../GraPPI_data/PDB/dimer_db/1NA6.pdb,1
1NCO,A,B,../../GraPPI_data/PDB/dimer_db/1NCO.pdb,1
1ND4,A,B,../../GraPPI_data/PDB/dimer_db/1ND4.pdb,1
1NIR,A,B,../../GraPPI_data/PDB/dimer_db/1NIR.pdb,1
1NKI,A,B,../../GraPPI_data/PDB/dimer_db/1NKI.pdb,1
1NP6,A,B,../../GraPPI_data/PDB/dimer_db/1NP6.pdb,1
1NS5,A,B,../../GraPPI_data/PDB/dimer_db/1NS5.pdb,1
1NSX,A,B,../../GraPPI_data/PDB/dimer_db/1NSX.pdb,1
1NWH,A,B,../../GraPPI_data/PDB/dimer_db/1NWH.pdb,1
1NWP,A,B,../../GraPPI_data/PDB/dimer_db/1NWP.pdb,1
1NWW,A,B,../../GraPPI_data/PDB/dimer_db/1NWW.pdb,1
1NXM,A,B,../../GraPPI_data/PDB/dimer_db/1NXM.pdb,1
1NXU,A,B,../../GraPPI_data/PDB/dimer_db/1NXU.pdb,1
1NY5,A,B,../../GraPPI_data/PDB/dimer_db/1NY5.pdb,1
1NYR,A,B,../../GraPPI_data/PDB/dimer_db/1NYR.pdb,1
1O0W,A,B,../../GraPPI_data/PDB/dimer_db/1O0W.pdb,1
1O12,A,B,../../GraPPI_data/PDB/dimer_db/1O12.pdb,1
1O4S,A,B,../../GraPPI_data/PDB/dimer_db/1O4S.pdb,1
1O4T,A,B,../../GraPPI_data/PDB/dimer_db/1O4T.pdb,1
1O4U,A,B,../../GraPPI_data/PDB/dimer_db/1O4U.pdb,1
1O5H,A,B,../../GraPPI_data/PDB/dimer_db/1O5H.pdb,1
1O63,A,B,../../GraPPI_data/PDB/dimer_db/1O63.pdb,1
1O69,A,B,../../GraPPI_data/PDB/dimer_db/1O69.pdb,1
1O8B,A,B,../../GraPPI_data/PDB/dimer_db/1O8B.pdb,1
1O9P,A,B,../../GraPPI_data/PDB/dimer_db/1O9P.pdb,1
1OAH,A,B,../../GraPPI_data/PDB/dimer_db/1OAH.pdb,1
1OC2,A,B,../../GraPPI_data/PDB/dimer_db/1OC2.pdb,1
1OI2,A,B,../../GraPPI_data/PDB/dimer_db/1OI2.pdb,1
1OI4,A,B,../../GraPPI_data/PDB/dimer_db/1OI4.pdb,1
1OI6,A,B,../../GraPPI_data/PDB/dimer_db/1OI6.pdb,1
1OKR,A,B,../../GraPPI_data/PDB/dimer_db/1OKR.pdb,1
1OME,A,B,../../GraPPI_data/PDB/dimer_db/1OME.pdb,1
1ON2,A,B,../../GraPPI_data/PDB/dimer_db/1ON2.pdb,1
1OR4,A,B,../../GraPPI_data/PDB/dimer_db/1OR4.pdb,1
1ORD,A,B,../../GraPPI_data/PDB/dimer_db/1ORD.pdb,1
1ORU,A,B,../../GraPPI_data/PDB/dimer_db/1ORU.pdb,1
1OTK,A,B,../../GraPPI_data/PDB/dimer_db/1OTK.pdb,1
1OV9,A,B,../../GraPPI_data/PDB/dimer_db/1OV9.pdb,1
1OX8,A,B,../../GraPPI_data/PDB/dimer_db/1OX8.pdb,1
1P74,A,B,../../GraPPI_data/PDB/dimer_db/1P74.pdb,1
1P91,A,B,../../GraPPI_data/PDB/dimer_db/1P91.pdb,1
1P9E,A,B,../../GraPPI_data/PDB/dimer_db/1P9E.pdb,1
1PIX,A,B,../../GraPPI_data/PDB/dimer_db/1PIX.pdb,1
1PKV,A,B,../../GraPPI_data/PDB/dimer_db/1PKV.pdb,1
1PM7,A,B,../../GraPPI_data/PDB/dimer_db/1PM7.pdb,1
1PPV,A,B,../../GraPPI_data/PDB/dimer_db/1PPV.pdb,1
1PSQ,A,B,../../GraPPI_data/PDB/dimer_db/1PSQ.pdb,1
1PT7,A,B,../../GraPPI_data/PDB/dimer_db/1PT7.pdb,1
1PTM,A,B,../../GraPPI_data/PDB/dimer_db/1PTM.pdb,1
1Q08,A,B,../../GraPPI_data/PDB/dimer_db/1Q08.pdb,1
1Q0Q,A,B,../../GraPPI_data/PDB/dimer_db/1Q0Q.pdb,1
1Q1E,A,B,../../GraPPI_data/PDB/dimer_db/1Q1E.pdb,1
1Q6H,A,B,../../GraPPI_data/PDB/dimer_db/1Q6H.pdb,1
1Q6O,A,B,../../GraPPI_data/PDB/dimer_db/1Q6O.pdb,1
1Q77,A,B,../../GraPPI_data/PDB/dimer_db/1Q77.pdb,1
1Q8R,A,B,../../GraPPI_data/PDB/dimer_db/1Q8R.pdb,1
1Q98,A,B,../../GraPPI_data/PDB/dimer_db/1Q98.pdb,1
1Q9U,A,B,../../GraPPI_data/PDB/dimer_db/1Q9U.pdb,1
1QC7,A,B,../../GraPPI_data/PDB/dimer_db/1QC7.pdb,1
1QE0,A,B,../../GraPPI_data/PDB/dimer_db/1QE0.pdb,1
1QKS,A,B,../../GraPPI_data/PDB/dimer_db/1QKS.pdb,1
1QLW,A,B,../../GraPPI_data/PDB/dimer_db/1QLW.pdb,1
1QO8,A,D,../../GraPPI_data/PDB/dimer_db/1QO8.pdb,1
1QOR,A,B,../../GraPPI_data/PDB/dimer_db/1QOR.pdb,1
1QPX,A,B,../../GraPPI_data/PDB/dimer_db/1QPX.pdb,1
1QQ5,A,B,../../GraPPI_data/PDB/dimer_db/1QQ5.pdb,1
1QVE,A,B,../../GraPPI_data/PDB/dimer_db/1QVE.pdb,1
1QWD,A,B,../../GraPPI_data/PDB/dimer_db/1QWD.pdb,1
1QYA,A,B,../../GraPPI_data/PDB/dimer_db/1QYA.pdb,1
1R1D,A,B,../../GraPPI_data/PDB/dimer_db/1R1D.pdb,1
1R1T,A,B,../../GraPPI_data/PDB/dimer_db/1R1T.pdb,1
1R30,A,B,../../GraPPI_data/PDB/dimer_db/1R30.pdb,1
1R5J,A,B,../../GraPPI_data/PDB/dimer_db/1R5J.pdb,1
1R5P,A,B,../../GraPPI_data/PDB/dimer_db/1R5P.pdb,1
1R61,A,B,../../GraPPI_data/PDB/dimer_db/1R61.pdb,1
1R7H,A,B,../../GraPPI_data/PDB/dimer_db/1R7H.pdb,1
1R7L,A,B,../../GraPPI_data/PDB/dimer_db/1R7L.pdb,1
1R8G,A,B,../../GraPPI_data/PDB/dimer_db/1R8G.pdb,1
1R8J,A,B,../../GraPPI_data/PDB/dimer_db/1R8J.pdb,1
1R9C,A,B,../../GraPPI_data/PDB/dimer_db/1R9C.pdb,1
1R9D,A,B,../../GraPPI_data/PDB/dimer_db/1R9D.pdb,1
1RKT,A,B,../../GraPPI_data/PDB/dimer_db/1RKT.pdb,1
1RKU,A,B,../../GraPPI_data/PDB/dimer_db/1RKU.pdb,1
1RQ2,A,B,../../GraPPI_data/PDB/dimer_db/1RQ2.pdb,1
1RTR,A,B,../../GraPPI_data/PDB/dimer_db/1RTR.pdb,1
1RW0,A,B,../../GraPPI_data/PDB/dimer_db/1RW0.pdb,1
1RYA,A,B,../../GraPPI_data/PDB/dimer_db/1RYA.pdb,1
1S0A,A,B,../../GraPPI_data/PDB/dimer_db/1S0A.pdb,1
1S3J,A,B,../../GraPPI_data/PDB/dimer_db/1S3J.pdb,1
1S4K,A,B,../../GraPPI_data/PDB/dimer_db/1S4K.pdb,1
1S96,A,B,../../GraPPI_data/PDB/dimer_db/1S96.pdb,1
1S99,A,B,../../GraPPI_data/PDB/dimer_db/1S99.pdb,1
1S9R,A,B,../../GraPPI_data/PDB/dimer_db/1S9R.pdb,1
1SD4,A,B,../../GraPPI_data/PDB/dimer_db/1SD4.pdb,1
1SEI,A,B,../../GraPPI_data/PDB/dimer_db/1SEI.pdb,1
1SES,A,B,../../GraPPI_data/PDB/dimer_db/1SES.pdb,1
1SFN,A,B,../../GraPPI_data/PDB/dimer_db/1SFN.pdb,1
1SGM,A,B,../../GraPPI_data/PDB/dimer_db/1SGM.pdb,1
1SH8,A,B,../../GraPPI_data/PDB/dimer_db/1SH8.pdb,1
1SMA,A,B,../../GraPPI_data/PDB/dimer_db/1SMA.pdb,1
1SPH,A,B,../../GraPPI_data/PDB/dimer_db/1SPH.pdb,1
1SQE,A,B,../../GraPPI_data/PDB/dimer_db/1SQE.pdb,1
1SQS,A,B,../../GraPPI_data/PDB/dimer_db/1SQS.pdb,1
1SQU,A,B,../../GraPPI_data/PDB/dimer_db/1SQU.pdb,1
1SS4,A,B,../../GraPPI_data/PDB/dimer_db/1SS4.pdb,1
1SU2,A,B,../../GraPPI_data/PDB/dimer_db/1SU2.pdb,1
1SWV,A,B,../../GraPPI_data/PDB/dimer_db/1SWV.pdb,1
1SXH,A,D,../../GraPPI_data/PDB/dimer_db/1SXH.pdb,1
1SZ2,A,B,../../GraPPI_data/PDB/dimer_db/1SZ2.pdb,1
1SZQ,A,B,../../GraPPI_data/PDB/dimer_db/1SZQ.pdb,1
1T11,A,B,../../GraPPI_data/PDB/dimer_db/1T11.pdb,1
1T33,A,B,../../GraPPI_data/PDB/dimer_db/1T33.pdb,1
1T47,A,B,../../GraPPI_data/PDB/dimer_db/1T47.pdb,1
1T4B,A,B,../../GraPPI_data/PDB/dimer_db/1T4B.pdb,1
1T62,A,B,../../GraPPI_data/PDB/dimer_db/1T62.pdb,1
1T6S,A,B,../../GraPPI_data/PDB/dimer_db/1T6S.pdb,1
1T6T,1,2,../../GraPPI_data/PDB/dimer_db/1T6T.pdb,1
1T92,A,B,../../GraPPI_data/PDB/dimer_db/1T92.pdb,1
1T98,A,B,../../GraPPI_data/PDB/dimer_db/1T98.pdb,1
1T9M,A,B,../../GraPPI_data/PDB/dimer_db/1T9M.pdb,1
1TD2,A,B,../../GraPPI_data/PDB/dimer_db/1TD2.pdb,1
1TE2,A,B,../../GraPPI_data/PDB/dimer_db/1TE2.pdb,1
1TE5,A,B,../../GraPPI_data/PDB/dimer_db/1TE5.pdb,1
1THT,A,B,../../GraPPI_data/PDB/dimer_db/1THT.pdb,1
1TJ7,A,B,../../GraPPI_data/PDB/dimer_db/1TJ7.pdb,1
1TM0,A,B,../../GraPPI_data/PDB/dimer_db/1TM0.pdb,1
1TMX,A,B,../../GraPPI_data/PDB/dimer_db/1TMX.pdb,1
1TO6,A,B,../../GraPPI_data/PDB/dimer_db/1TO6.pdb,1
1TT4,A,B,../../GraPPI_data/PDB/dimer_db/1TT4.pdb,1
1TU1,A,B,../../GraPPI_data/PDB/dimer_db/1TU1.pdb,1
1TV8,A,B,../../GraPPI_data/PDB/dimer_db/1TV8.pdb,1
1TVN,A,B,../../GraPPI_data/PDB/dimer_db/1TVN.pdb,1
1TWD,A,B,../../GraPPI_data/PDB/dimer_db/1TWD.pdb,1
1TYY,A,B,../../GraPPI_data/PDB/dimer_db/1TYY.pdb,1
1TZ9,A,B,../../GraPPI_data/PDB/dimer_db/1TZ9.pdb,1
1TZA,A,B,../../GraPPI_data/PDB/dimer_db/1TZA.pdb,1
1TZP,A,B,../../GraPPI_data/PDB/dimer_db/1TZP.pdb,1
1U07,A,B,../../GraPPI_data/PDB/dimer_db/1U07.pdb,1
1U08,A,B,../../GraPPI_data/PDB/dimer_db/1U08.pdb,1
1U0K,A,B,../../GraPPI_data/PDB/dimer_db/1U0K.pdb,1
1U0M,A,B,../../GraPPI_data/PDB/dimer_db/1U0M.pdb,1
1U1W,A,B,../../GraPPI_data/PDB/dimer_db/1U1W.pdb,1
1U5K,A,B,../../GraPPI_data/PDB/dimer_db/1U5K.pdb,1
1U6E,A,B,../../GraPPI_data/PDB/dimer_db/1U6E.pdb,1
1U6L,A,B,../../GraPPI_data/PDB/dimer_db/1U6L.pdb,1
1U6Z,A,B,../../GraPPI_data/PDB/dimer_db/1U6Z.pdb,1
1U7I,A,B,../../GraPPI_data/PDB/dimer_db/1U7I.pdb,1
1U7N,A,B,../../GraPPI_data/PDB/dimer_db/1U7N.pdb,1
1U8S,A,B,../../GraPPI_data/PDB/dimer_db/1U8S.pdb,1
1U9D,A,B,../../GraPPI_data/PDB/dimer_db/1U9D.pdb,1
1UCR,A,B,../../GraPPI_data/PDB/dimer_db/1UCR.pdb,1
1UI5,A,B,../../GraPPI_data/PDB/dimer_db/1UI5.pdb,1
1UJN,A,B,../../GraPPI_data/PDB/dimer_db/1UJN.pdb,1
1UKK,A,B,../../GraPPI_data/PDB/dimer_db/1UKK.pdb,1
1UKW,A,B,../../GraPPI_data/PDB/dimer_db/1UKW.pdb,1
1UMU,A,B,../../GraPPI_data/PDB/dimer_db/1UMU.pdb,1
1UN8,A,B,../../GraPPI_data/PDB/dimer_db/1UN8.pdb,1
1UQT,A,B,../../GraPPI_data/PDB/dimer_db/1UQT.pdb,1
1USC,A,B,../../GraPPI_data/PDB/dimer_db/1USC.pdb,1
1USO,A,B,../../GraPPI_data/PDB/dimer_db/1USO.pdb,1
1USP,A,B,../../GraPPI_data/PDB/dimer_db/1USP.pdb,1
1UTH,A,B,../../GraPPI_data/PDB/dimer_db/1UTH.pdb,1
1UU2,A,B,../../GraPPI_data/PDB/dimer_db/1UU2.pdb,1
1UV7,A,B,../../GraPPI_data/PDB/dimer_db/1UV7.pdb,1
1UWK,A,B,../../GraPPI_data/PDB/dimer_db/1UWK.pdb,1
1UWW,A,B,../../GraPPI_data/PDB/dimer_db/1UWW.pdb,1
1V13,A,B,../../GraPPI_data/PDB/dimer_db/1V13.pdb,1
1V1P,A,B,../../GraPPI_data/PDB/dimer_db/1V1P.pdb,1
1V25,A,B,../../GraPPI_data/PDB/dimer_db/1V25.pdb,1
1V2F,A,B,../../GraPPI_data/PDB/dimer_db/1V2F.pdb,1
1V47,A,B,../../GraPPI_data/PDB/dimer_db/1V47.pdb,1
1V4E,A,B,../../GraPPI_data/PDB/dimer_db/1V4E.pdb,1
1V4V,A,B,../../GraPPI_data/PDB/dimer_db/1V4V.pdb,1
1V53,A,B,../../GraPPI_data/PDB/dimer_db/1V53.pdb,1
1V5X,A,B,../../GraPPI_data/PDB/dimer_db/1V5X.pdb,1
1V6Z,A,B,../../GraPPI_data/PDB/dimer_db/1V6Z.pdb,1
1V8F,A,B,../../GraPPI_data/PDB/dimer_db/1V8F.pdb,1
1V8G,A,B,../../GraPPI_data/PDB/dimer_db/1V8G.pdb,1
1V8H,A,B,../../GraPPI_data/PDB/dimer_db/1V8H.pdb,1
1V9C,A,B,../../GraPPI_data/PDB/dimer_db/1V9C.pdb,1
1V9Y,A,B,../../GraPPI_data/PDB/dimer_db/1V9Y.pdb,1
1VA0,A,B,../../GraPPI_data/PDB/dimer_db/1VA0.pdb,1
1VC1,A,B,../../GraPPI_data/PDB/dimer_db/1VC1.pdb,1
1VE2,A,B,../../GraPPI_data/PDB/dimer_db/1VE2.pdb,1
1VEF,A,B,../../GraPPI_data/PDB/dimer_db/1VEF.pdb,1
1VFR,A,B,../../GraPPI_data/PDB/dimer_db/1VFR.pdb,1
1VFS,A,B,../../GraPPI_data/PDB/dimer_db/1VFS.pdb,1
1VGT,A,B,../../GraPPI_data/PDB/dimer_db/1VGT.pdb,1
1VGZ,A,B,../../GraPPI_data/PDB/dimer_db/1VGZ.pdb,1
1VH4,A,B,../../GraPPI_data/PDB/dimer_db/1VH4.pdb,1
1VH5,A,B,../../GraPPI_data/PDB/dimer_db/1VH5.pdb,1
1VH6,A,B,../../GraPPI_data/PDB/dimer_db/1VH6.pdb,1
1VH9,A,B,../../GraPPI_data/PDB/dimer_db/1VH9.pdb,1
1VHM,A,B,../../GraPPI_data/PDB/dimer_db/1VHM.pdb,1
1VHQ,A,B,../../GraPPI_data/PDB/dimer_db/1VHQ.pdb,1
1VHX,A,B,../../GraPPI_data/PDB/dimer_db/1VHX.pdb,1
1VHZ,A,B,../../GraPPI_data/PDB/dimer_db/1VHZ.pdb,1
1VI0,A,B,../../GraPPI_data/PDB/dimer_db/1VI0.pdb,1
1VI2,A,B,../../GraPPI_data/PDB/dimer_db/1VI2.pdb,1
1VIA,A,B,../../GraPPI_data/PDB/dimer_db/1VIA.pdb,1
1VIO,A,B,../../GraPPI_data/PDB/dimer_db/1VIO.pdb,1
1VIX,A,B,../../GraPPI_data/PDB/dimer_db/1VIX.pdb,1
1VJE,A,B,../../GraPPI_data/PDB/dimer_db/1VJE.pdb,1
1VJL,A,B,../../GraPPI_data/PDB/dimer_db/1VJL.pdb,1
1VKI,A,B,../../GraPPI_data/PDB/dimer_db/1VKI.pdb,1
1VKY,A,B,../../GraPPI_data/PDB/dimer_db/1VKY.pdb,1
1VL4,A,B,../../GraPPI_data/PDB/dimer_db/1VL4.pdb,1
1VL7,A,B,../../GraPPI_data/PDB/dimer_db/1VL7.pdb,1
1VL8,A,B,../../GraPPI_data/PDB/dimer_db/1VL8.pdb,1
1VLJ,A,B,../../GraPPI_data/PDB/dimer_db/1VLJ.pdb,1
1VM7,A,B,../../GraPPI_data/PDB/dimer_db/1VM7.pdb,1
1VP4,A,B,../../GraPPI_data/PDB/dimer_db/1VP4.pdb,1
1VPA,A,B,../../GraPPI_data/PDB/dimer_db/1VPA.pdb,1
1VPZ,A,B,../../GraPPI_data/PDB/dimer_db/1VPZ.pdb,1
1VQ0,A,B,../../GraPPI_data/PDB/dimer_db/1VQ0.pdb,1
1VQU,A,B,../../GraPPI_data/PDB/dimer_db/1VQU.pdb,1
1VR7,A,B,../../GraPPI_data/PDB/dimer_db/1VR7.pdb,1
1VRA,A,B,../../GraPPI_data/PDB/dimer_db/1VRA.pdb,1
1VS3,A,B,../../GraPPI_data/PDB/dimer_db/1VS3.pdb,1
1VZ6,A,B,../../GraPPI_data/PDB/dimer_db/1VZ6.pdb,1
1VZI,A,B,../../GraPPI_data/PDB/dimer_db/1VZI.pdb,1
1W23,A,B,../../GraPPI_data/PDB/dimer_db/1W23.pdb,1
1W25,A,B,../../GraPPI_data/PDB/dimer_db/1W25.pdb,1
1W2Y,A,B,../../GraPPI_data/PDB/dimer_db/1W2Y.pdb,1
1W33,A,B,../../GraPPI_data/PDB/dimer_db/1W33.pdb,1
1W5F,A,B,../../GraPPI_data/PDB/dimer_db/1W5F.pdb,1
1W5R,A,B,../../GraPPI_data/PDB/dimer_db/1W5R.pdb,1
1WIW,A,B,../../GraPPI_data/PDB/dimer_db/1WIW.pdb,1
1WKQ,A,B,../../GraPPI_data/PDB/dimer_db/1WKQ.pdb,1
1WOV,A,B,../../GraPPI_data/PDB/dimer_db/1WOV.pdb,1
1WPN,A,B,../../GraPPI_data/PDB/dimer_db/1WPN.pdb,1
1WTD,A,B,../../GraPPI_data/PDB/dimer_db/1WTD.pdb,1
1WTJ,A,B,../../GraPPI_data/PDB/dimer_db/1WTJ.pdb,1
1WUE,A,B,../../GraPPI_data/PDB/dimer_db/1WUE.pdb,1
1WUF,A,B,../../GraPPI_data/PDB/dimer_db/1WUF.pdb,1
1WV2,A,B,../../GraPPI_data/PDB/dimer_db/1WV2.pdb,1
1WV9,A,B,../../GraPPI_data/PDB/dimer_db/1WV9.pdb,1
1WWM,A,B,../../GraPPI_data/PDB/dimer_db/1WWM.pdb,1
1WWP,A,B,../../GraPPI_data/PDB/dimer_db/1WWP.pdb,1
1WX1,A,B,../../GraPPI_data/PDB/dimer_db/1WX1.pdb,1
1WY5,A,B,../../GraPPI_data/PDB/dimer_db/1WY5.pdb,1
1WZD,A,B,../../GraPPI_data/PDB/dimer_db/1WZD.pdb,1
1WZL,A,B,../../GraPPI_data/PDB/dimer_db/1WZL.pdb,1
1X13,A,B,../../GraPPI_data/PDB/dimer_db/1X13.pdb,1
1X1Q,A,B,../../GraPPI_data/PDB/dimer_db/1X1Q.pdb,1
1X6I,A,B,../../GraPPI_data/PDB/dimer_db/1X6I.pdb,1
1X77,A,B,../../GraPPI_data/PDB/dimer_db/1X77.pdb,1
1X7D,A,B,../../GraPPI_data/PDB/dimer_db/1X7D.pdb,1
1X7O,A,B,../../GraPPI_data/PDB/dimer_db/1X7O.pdb,1
1X87,A,B,../../GraPPI_data/PDB/dimer_db/1X87.pdb,1
1X94,A,B,../../GraPPI_data/PDB/dimer_db/1X94.pdb,1
1X9Z,A,B,../../GraPPI_data/PDB/dimer_db/1X9Z.pdb,1
1XA3,A,B,../../GraPPI_data/PDB/dimer_db/1XA3.pdb,1
1XAF,A,B,../../GraPPI_data/PDB/dimer_db/1XAF.pdb,1
1XDP,A,B,../../GraPPI_data/PDB/dimer_db/1XDP.pdb,1
1XDS,A,B,../../GraPPI_data/PDB/dimer_db/1XDS.pdb,1
1XFS,A,B,../../GraPPI_data/PDB/dimer_db/1XFS.pdb,1
1XHF,A,B,../../GraPPI_data/PDB/dimer_db/1XHF.pdb,1
1XMA,A,B,../../GraPPI_data/PDB/dimer_db/1XMA.pdb,1
1XNF,A,B,../../GraPPI_data/PDB/dimer_db/1XNF.pdb,1
1XNG,A,B,../../GraPPI_data/PDB/dimer_db/1XNG.pdb,1
1XQA,A,B,../../GraPPI_data/PDB/dimer_db/1XQA.pdb,1
1XQB,A,B,../../GraPPI_data/PDB/dimer_db/1XQB.pdb,1
1XR4,A,B,../../GraPPI_data/PDB/dimer_db/1XR4.pdb,1
1XRE,A,B,../../GraPPI_data/PDB/dimer_db/1XRE.pdb,1
1XRK,A,B,../../GraPPI_data/PDB/dimer_db/1XRK.pdb,1
1XSQ,A,B,../../GraPPI_data/PDB/dimer_db/1XSQ.pdb,1
1XUQ,A,B,../../GraPPI_data/PDB/dimer_db/1XUQ.pdb,1
1XVI,A,B,../../GraPPI_data/PDB/dimer_db/1XVI.pdb,1
1XVS,A,B,../../GraPPI_data/PDB/dimer_db/1XVS.pdb,1
1XX6,A,B,../../GraPPI_data/PDB/dimer_db/1XX6.pdb,1
1XZP,A,B,../../GraPPI_data/PDB/dimer_db/1XZP.pdb,1
1Y0H,A,B,../../GraPPI_data/PDB/dimer_db/1Y0H.pdb,1
1Y25,A,B,../../GraPPI_data/PDB/dimer_db/1Y25.pdb,1
1Y3T,A,B,../../GraPPI_data/PDB/dimer_db/1Y3T.pdb,1
1Y44,A,B,../../GraPPI_data/PDB/dimer_db/1Y44.pdb,1
1Y5H,A,B,../../GraPPI_data/PDB/dimer_db/1Y5H.pdb,1
1Y6H,A,B,../../GraPPI_data/PDB/dimer_db/1Y6H.pdb,1
1Y71,A,B,../../GraPPI_data/PDB/dimer_db/1Y71.pdb,1
1Y7M,A,B,../../GraPPI_data/PDB/dimer_db/1Y7M.pdb,1
1Y7R,A,B,../../GraPPI_data/PDB/dimer_db/1Y7R.pdb,1
1Y7T,A,B,../../GraPPI_data/PDB/dimer_db/1Y7T.pdb,1
1Y7Y,A,B,../../GraPPI_data/PDB/dimer_db/1Y7Y.pdb,1
1Y89,A,B,../../GraPPI_data/PDB/dimer_db/1Y89.pdb,1
1Y9B,A,B,../../GraPPI_data/PDB/dimer_db/1Y9B.pdb,1
1Y9W,A,B,../../GraPPI_data/PDB/dimer_db/1Y9W.pdb,1
1YBE,A,B,../../GraPPI_data/PDB/dimer_db/1YBE.pdb,1
1YBX,A,B,../../GraPPI_data/PDB/dimer_db/1YBX.pdb,1
1YBY,A,B,../../GraPPI_data/PDB/dimer_db/1YBY.pdb,1
1YCO,A,B,../../GraPPI_data/PDB/dimer_db/1YCO.pdb,1
1YDY,A,B,../../GraPPI_data/PDB/dimer_db/1YDY.pdb,1
1YKJ,A,B,../../GraPPI_data/PDB/dimer_db/1YKJ.pdb,1
1YKW,A,B,../../GraPPI_data/PDB/dimer_db/1YKW.pdb,1
1YLM,A,B,../../GraPPI_data/PDB/dimer_db/1YLM.pdb,1
1YLX,A,B,../../GraPPI_data/PDB/dimer_db/1YLX.pdb,1
1YOC,A,B,../../GraPPI_data/PDB/dimer_db/1YOC.pdb,1
1YS7,A,B,../../GraPPI_data/PDB/dimer_db/1YS7.pdb,1
1YSJ,A,B,../../GraPPI_data/PDB/dimer_db/1YSJ.pdb,1
1YSL,A,B,../../GraPPI_data/PDB/dimer_db/1YSL.pdb,1
1YUZ,A,B,../../GraPPI_data/PDB/dimer_db/1YUZ.pdb,1
1YV9,A,B,../../GraPPI_data/PDB/dimer_db/1YV9.pdb,1
1YW4,A,B,../../GraPPI_data/PDB/dimer_db/1YW4.pdb,1
1YW6,A,B,../../GraPPI_data/PDB/dimer_db/1YW6.pdb,1
1YXO,A,B,../../GraPPI_data/PDB/dimer_db/1YXO.pdb,1
1YY7,A,B,../../GraPPI_data/PDB/dimer_db/1YY7.pdb,1
1YYA,A,B,../../GraPPI_data/PDB/dimer_db/1YYA.pdb,1
1YYV,A,B,../../GraPPI_data/PDB/dimer_db/1YYV.pdb,1
1Z0X,A,B,../../GraPPI_data/PDB/dimer_db/1Z0X.pdb,1
1Z3A,A,B,../../GraPPI_data/PDB/dimer_db/1Z3A.pdb,1
1Z4E,A,B,../../GraPPI_data/PDB/dimer_db/1Z4E.pdb,1
1Z72,A,B,../../GraPPI_data/PDB/dimer_db/1Z72.pdb,1
1Z7U,A,B,../../GraPPI_data/PDB/dimer_db/1Z7U.pdb,1
1Z82,A,B,../../GraPPI_data/PDB/dimer_db/1Z82.pdb,1
1Z85,A,B,../../GraPPI_data/PDB/dimer_db/1Z85.pdb,1
1Z9P,A,B,../../GraPPI_data/PDB/dimer_db/1Z9P.pdb,1
1Z9U,A,B,../../GraPPI_data/PDB/dimer_db/1Z9U.pdb,1
1ZB9,A,B,../../GraPPI_data/PDB/dimer_db/1ZB9.pdb,1
1ZBO,A,B,../../GraPPI_data/PDB/dimer_db/1ZBO.pdb,1
1ZBR,A,B,../../GraPPI_data/PDB/dimer_db/1ZBR.pdb,1
1ZC6,A,B,../../GraPPI_data/PDB/dimer_db/1ZC6.pdb,1
1ZCZ,A,B,../../GraPPI_data/PDB/dimer_db/1ZCZ.pdb,1
1ZEE,A,B,../../GraPPI_data/PDB/dimer_db/1ZEE.pdb,1
1ZH2,A,B,../../GraPPI_data/PDB/dimer_db/1ZH2.pdb,1
1ZH8,A,B,../../GraPPI_data/PDB/dimer_db/1ZH8.pdb,1
1ZK8,A,B,../../GraPPI_data/PDB/dimer_db/1ZK8.pdb,1
1ZKD,A,B,../../GraPPI_data/PDB/dimer_db/1ZKD.pdb,1
1ZKI,A,B,../../GraPPI_data/PDB/dimer_db/1ZKI.pdb,1
1ZNO,A,B,../../GraPPI_data/PDB/dimer_db/1ZNO.pdb,1
1ZOR,A,B,../../GraPPI_data/PDB/dimer_db/1ZOR.pdb,1
1ZP7,A,B,../../GraPPI_data/PDB/dimer_db/1ZP7.pdb,1
1ZTV,A,B,../../GraPPI_data/PDB/dimer_db/1ZTV.pdb,1
1ZUP,A,B,../../GraPPI_data/PDB/dimer_db/1ZUP.pdb,1
1ZZG,A,B,../../GraPPI_data/PDB/dimer_db/1ZZG.pdb,1
2A2J,A,B,../../GraPPI_data/PDB/dimer_db/2A2J.pdb,1
2A35,A,B,../../GraPPI_data/PDB/dimer_db/2A35.pdb,1
2A4N,A,B,../../GraPPI_data/PDB/dimer_db/2A4N.pdb,1
2A4X,A,B,../../GraPPI_data/PDB/dimer_db/2A4X.pdb,1
2A5L,A,B,../../GraPPI_data/PDB/dimer_db/2A5L.pdb,1
2A6A,A,B,../../GraPPI_data/PDB/dimer_db/2A6A.pdb,1
2A6M,A,B,../../GraPPI_data/PDB/dimer_db/2A6M.pdb,1
2A6P,A,B,../../GraPPI_data/PDB/dimer_db/2A6P.pdb,1
2A87,A,B,../../GraPPI_data/PDB/dimer_db/2A87.pdb,1
2A8N,A,B,../../GraPPI_data/PDB/dimer_db/2A8N.pdb,1
2A8X,A,B,../../GraPPI_data/PDB/dimer_db/2A8X.pdb,1
2A9F,A,B,../../GraPPI_data/PDB/dimer_db/2A9F.pdb,1
2A9S,A,B,../../GraPPI_data/PDB/dimer_db/2A9S.pdb,1
2AA4,A,B,../../GraPPI_data/PDB/dimer_db/2AA4.pdb,1
2ABQ,A,B,../../GraPPI_data/PDB/dimer_db/2ABQ.pdb,1
2ACA,A,B,../../GraPPI_data/PDB/dimer_db/2ACA.pdb,1
2AEE,A,B,../../GraPPI_data/PDB/dimer_db/2AEE.pdb,1
2AFV,A,B,../../GraPPI_data/PDB/dimer_db/2AFV.pdb,1
2AJ7,A,B,../../GraPPI_data/PDB/dimer_db/2AJ7.pdb,1
2AJR,A,B,../../GraPPI_data/PDB/dimer_db/2AJR.pdb,1
2APS,A,B,../../GraPPI_data/PDB/dimer_db/2APS.pdb,1
2AQ6,A,B,../../GraPPI_data/PDB/dimer_db/2AQ6.pdb,1
2AQP,A,B,../../GraPPI_data/PDB/dimer_db/2AQP.pdb,1
2ARC,A,B,../../GraPPI_data/PDB/dimer_db/2ARC.pdb,1
2ARZ,A,B,../../GraPPI_data/PDB/dimer_db/2ARZ.pdb,1
2AUA,A,B,../../GraPPI_data/PDB/dimer_db/2AUA.pdb,1
2AUW,A,B,../../GraPPI_data/PDB/dimer_db/2AUW.pdb,1
2AVN,A,B,../../GraPPI_data/PDB/dimer_db/2AVN.pdb,1
2AVT,A,B,../../GraPPI_data/PDB/dimer_db/2AVT.pdb,1
2AXW,A,B,../../GraPPI_data/PDB/dimer_db/2AXW.pdb,1
2AY1,A,B,../../GraPPI_data/PDB/dimer_db/2AY1.pdb,1
2B3D,A,B,../../GraPPI_data/PDB/dimer_db/2B3D.pdb,1
2B4Q,A,B,../../GraPPI_data/PDB/dimer_db/2B4Q.pdb,1
2B6C,A,B,../../GraPPI_data/PDB/dimer_db/2B6C.pdb,1
2BAS,A,B,../../GraPPI_data/PDB/dimer_db/2BAS.pdb,1
2BC0,A,B,../../GraPPI_data/PDB/dimer_db/2BC0.pdb,1
2BDQ,A,B,../../GraPPI_data/PDB/dimer_db/2BDQ.pdb,1
2BDR,A,B,../../GraPPI_data/PDB/dimer_db/2BDR.pdb,1
2BE3,A,B,../../GraPPI_data/PDB/dimer_db/2BE3.pdb,1
2BJO,A,B,../../GraPPI_data/PDB/dimer_db/2BJO.pdb,1
2BM5,A,B,../../GraPPI_data/PDB/dimer_db/2BM5.pdb,1
2BSJ,A,B,../../GraPPI_data/PDB/dimer_db/2BSJ.pdb,1
2BTI,A,B,../../GraPPI_data/PDB/dimer_db/2BTI.pdb,1
2BTM,A,B,../../GraPPI_data/PDB/dimer_db/2BTM.pdb,1
2BTU,A,B,../../GraPPI_data/PDB/dimer_db/2BTU.pdb,1
2BZ0,A,B,../../GraPPI_data/PDB/dimer_db/2BZ0.pdb,1
2C0R,A,B,../../GraPPI_data/PDB/dimer_db/2C0R.pdb,1
2C1L,A,B,../../GraPPI_data/PDB/dimer_db/2C1L.pdb,1
2C2I,A,B,../../GraPPI_data/PDB/dimer_db/2C2I.pdb,1
2C2X,A,B,../../GraPPI_data/PDB/dimer_db/2C2X.pdb,1
2C40,A,B,../../GraPPI_data/PDB/dimer_db/2C40.pdb,1
2CC0,A,B,../../GraPPI_data/PDB/dimer_db/2CC0.pdb,1
2CC3,A,B,../../GraPPI_data/PDB/dimer_db/2CC3.pdb,1
2CCA,A,B,../../GraPPI_data/PDB/dimer_db/2CCA.pdb,1
2CCY,A,B,../../GraPPI_data/PDB/dimer_db/2CCY.pdb,1
2CDU,A,B,../../GraPPI_data/PDB/dimer_db/2CDU.pdb,1
2CH7,A,B,../../GraPPI_data/PDB/dimer_db/2CH7.pdb,1
2CMG,A,B,../../GraPPI_data/PDB/dimer_db/2CMG.pdb,1
2CO3,A,B,../../GraPPI_data/PDB/dimer_db/2CO3.pdb,1
2CTZ,A,B,../../GraPPI_data/PDB/dimer_db/2CTZ.pdb,1
2CU3,A,B,../../GraPPI_data/PDB/dimer_db/2CU3.pdb,1
2CU6,A,B,../../GraPPI_data/PDB/dimer_db/2CU6.pdb,1
2CUY,A,B,../../GraPPI_data/PDB/dimer_db/2CUY.pdb,1
2D1C,A,B,../../GraPPI_data/PDB/dimer_db/2D1C.pdb,1
2D1F,A,B,../../GraPPI_data/PDB/dimer_db/2D1F.pdb,1
2D1G,A,B,../../GraPPI_data/PDB/dimer_db/2D1G.pdb,1
2D2A,A,B,../../GraPPI_data/PDB/dimer_db/2D2A.pdb,1
2D2R,A,B,../../GraPPI_data/PDB/dimer_db/2D2R.pdb,1
2D4G,A,B,../../GraPPI_data/PDB/dimer_db/2D4G.pdb,1
2D4U,A,B,../../GraPPI_data/PDB/dimer_db/2D4U.pdb,1
2D5C,A,B,../../GraPPI_data/PDB/dimer_db/2D5C.pdb,1
2D6Y,A,B,../../GraPPI_data/PDB/dimer_db/2D6Y.pdb,1
2D73,A,B,../../GraPPI_data/PDB/dimer_db/2D73.pdb,1
2D7V,A,B,../../GraPPI_data/PDB/dimer_db/2D7V.pdb,1
2D8D,A,B,../../GraPPI_data/PDB/dimer_db/2D8D.pdb,1
2DC0,A,B,../../GraPPI_data/PDB/dimer_db/2DC0.pdb,1
2DCJ,A,B,../../GraPPI_data/PDB/dimer_db/2DCJ.pdb,1
2DCT,A,B,../../GraPPI_data/PDB/dimer_db/2DCT.pdb,1
2DDM,A,B,../../GraPPI_data/PDB/dimer_db/2DDM.pdb,1
2DFJ,A,B,../../GraPPI_data/PDB/dimer_db/2DFJ.pdb,1
2DI3,A,B,../../GraPPI_data/PDB/dimer_db/2DI3.pdb,1
2DKJ,A,B,../../GraPPI_data/PDB/dimer_db/2DKJ.pdb,1
2DKN,A,B,../../GraPPI_data/PDB/dimer_db/2DKN.pdb,1
2DLB,A,B,../../GraPPI_data/PDB/dimer_db/2DLB.pdb,1
2DLD,A,B,../../GraPPI_data/PDB/dimer_db/2DLD.pdb,1
2DOU,A,B,../../GraPPI_data/PDB/dimer_db/2DOU.pdb,1
2DPN,A,B,../../GraPPI_data/PDB/dimer_db/2DPN.pdb,1
2DQ3,A,B,../../GraPPI_data/PDB/dimer_db/2DQ3.pdb,1
2DQL,A,B,../../GraPPI_data/PDB/dimer_db/2DQL.pdb,1
2DQW,A,B,../../GraPPI_data/PDB/dimer_db/2DQW.pdb,1
2DS5,A,B,../../GraPPI_data/PDB/dimer_db/2DS5.pdb,1
2DSJ,A,B,../../GraPPI_data/PDB/dimer_db/2DSJ.pdb,1
2DST,A,B,../../GraPPI_data/PDB/dimer_db/2DST.pdb,1
2DT5,A,B,../../GraPPI_data/PDB/dimer_db/2DT5.pdb,1
2DT9,A,B,../../GraPPI_data/PDB/dimer_db/2DT9.pdb,1
2DTJ,A,B,../../GraPPI_data/PDB/dimer_db/2DTJ.pdb,1
2DVL,A,B,../../GraPPI_data/PDB/dimer_db/2DVL.pdb,1
2DXQ,A,B,../../GraPPI_data/PDB/dimer_db/2DXQ.pdb,1
2DY0,A,B,../../GraPPI_data/PDB/dimer_db/2DY0.pdb,1
2DZD,A,B,../../GraPPI_data/PDB/dimer_db/2DZD.pdb,1
2E0N,A,B,../../GraPPI_data/PDB/dimer_db/2E0N.pdb,1
2E12,A,B,../../GraPPI_data/PDB/dimer_db/2E12.pdb,1
2E1N,A,B,../../GraPPI_data/PDB/dimer_db/2E1N.pdb,1
2E2E,A,B,../../GraPPI_data/PDB/dimer_db/2E2E.pdb,1
2E4G,A,B,../../GraPPI_data/PDB/dimer_db/2E4G.pdb,1
2E5Y,A,B,../../GraPPI_data/PDB/dimer_db/2E5Y.pdb,1
2E7Y,A,B,../../GraPPI_data/PDB/dimer_db/2E7Y.pdb,1
2E85,A,B,../../GraPPI_data/PDB/dimer_db/2E85.pdb,1
2EAY,A,B,../../GraPPI_data/PDB/dimer_db/2EAY.pdb,1
2EBD,A,B,../../GraPPI_data/PDB/dimer_db/2EBD.pdb,1
2EBE,A,B,../../GraPPI_data/PDB/dimer_db/2EBE.pdb,1
2EBY,A,B,../../GraPPI_data/PDB/dimer_db/2EBY.pdb,1
2ECU,A,B,../../GraPPI_data/PDB/dimer_db/2ECU.pdb,1
2EFY,A,B,../../GraPPI_data/PDB/dimer_db/2EFY.pdb,1
2EGG,A,B,../../GraPPI_data/PDB/dimer_db/2EGG.pdb,1
2EGV,A,B,../../GraPPI_data/PDB/dimer_db/2EGV.pdb,1
2EGZ,A,C,../../GraPPI_data/PDB/dimer_db/2EGZ.pdb,1
2EH6,A,B,../../GraPPI_data/PDB/dimer_db/2EH6.pdb,1
2EHD,A,B,../../GraPPI_data/PDB/dimer_db/2EHD.pdb,1
2EHP,A,B,../../GraPPI_data/PDB/dimer_db/2EHP.pdb,1
2EJA,A,B,../../GraPPI_data/PDB/dimer_db/2EJA.pdb,1
2EK0,A,B,../../GraPPI_data/PDB/dimer_db/2EK0.pdb,1
2EKG,A,B,../../GraPPI_data/PDB/dimer_db/2EKG.pdb,1
2EL7,A,B,../../GraPPI_data/PDB/dimer_db/2EL7.pdb,1
2EMQ,A,B,../../GraPPI_data/PDB/dimer_db/2EMQ.pdb,1
2EP7,A,B,../../GraPPI_data/PDB/dimer_db/2EP7.pdb,1
2EPO,A,B,../../GraPPI_data/PDB/dimer_db/2EPO.pdb,1
2EQ6,A,B,../../GraPPI_data/PDB/dimer_db/2EQ6.pdb,1
2ESR,A,B,../../GraPPI_data/PDB/dimer_db/2ESR.pdb,1
2ETH,A,B,../../GraPPI_data/PDB/dimer_db/2ETH.pdb,1
2EUC,A,B,../../GraPPI_data/PDB/dimer_db/2EUC.pdb,1
2EV1,A,B,../../GraPPI_data/PDB/dimer_db/2EV1.pdb,1
2EW2,A,B,../../GraPPI_data/PDB/dimer_db/2EW2.pdb,1
2F00,A,B,../../GraPPI_data/PDB/dimer_db/2F00.pdb,1
2F02,A,B,../../GraPPI_data/PDB/dimer_db/2F02.pdb,1
2F07,A,B,../../GraPPI_data/PDB/dimer_db/2F07.pdb,1
2F1F,A,B,../../GraPPI_data/PDB/dimer_db/2F1F.pdb,1
2F22,A,B,../../GraPPI_data/PDB/dimer_db/2F22.pdb,1
2F2E,A,B,../../GraPPI_data/PDB/dimer_db/2F2E.pdb,1
2F3G,A,B,../../GraPPI_data/PDB/dimer_db/2F3G.pdb,1
2F3X,A,B,../../GraPPI_data/PDB/dimer_db/2F3X.pdb,1
2F48,A,B,../../GraPPI_data/PDB/dimer_db/2F48.pdb,1
2F6S,A,B,../../GraPPI_data/PDB/dimer_db/2F6S.pdb,1
2F96,A,B,../../GraPPI_data/PDB/dimer_db/2F96.pdb,1
2F9H,A,B,../../GraPPI_data/PDB/dimer_db/2F9H.pdb,1
2F9W,A,B,../../GraPPI_data/PDB/dimer_db/2F9W.pdb,1
2FA1,A,B,../../GraPPI_data/PDB/dimer_db/2FA1.pdb,1
2FA5,A,B,../../GraPPI_data/PDB/dimer_db/2FA5.pdb,1
2FBL,A,B,../../GraPPI_data/PDB/dimer_db/2FBL.pdb,1
2FCA,A,B,../../GraPPI_data/PDB/dimer_db/2FCA.pdb,1
2FCO,A,B,../../GraPPI_data/PDB/dimer_db/2FCO.pdb,1
2FE3,A,B,../../GraPPI_data/PDB/dimer_db/2FE3.pdb,1
2FE7,A,B,../../GraPPI_data/PDB/dimer_db/2FE7.pdb,1
2FFG,A,B,../../GraPPI_data/PDB/dimer_db/2FFG.pdb,1
2FFS,A,B,../../GraPPI_data/PDB/dimer_db/2FFS.pdb,1
2FG0,A,B,../../GraPPI_data/PDB/dimer_db/2FG0.pdb,1
2FGY,A,B,../../GraPPI_data/PDB/dimer_db/2FGY.pdb,1
2FHQ,A,B,../../GraPPI_data/PDB/dimer_db/2FHQ.pdb,1
2FIU,A,B,../../GraPPI_data/PDB/dimer_db/2FIU.pdb,1
2FLQ,A,B,../../GraPPI_data/PDB/dimer_db/2FLQ.pdb,1
2FML,A,B,../../GraPPI_data/PDB/dimer_db/2FML.pdb,1
2FN0,A,B,../../GraPPI_data/PDB/dimer_db/2FN0.pdb,1
2FNU,A,B,../../GraPPI_data/PDB/dimer_db/2FNU.pdb,1
2FOR,A,B,../../GraPPI_data/PDB/dimer_db/2FOR.pdb,1
2FP1,A,B,../../GraPPI_data/PDB/dimer_db/2FP1.pdb,1
2FPR,A,B,../../GraPPI_data/PDB/dimer_db/2FPR.pdb,1
2FQ1,A,B,../../GraPPI_data/PDB/dimer_db/2FQ1.pdb,1
2FRE,A,B,../../GraPPI_data/PDB/dimer_db/2FRE.pdb,1
2FRH,A,B,../../GraPPI_data/PDB/dimer_db/2FRH.pdb,1
2FSW,A,B,../../GraPPI_data/PDB/dimer_db/2FSW.pdb,1
2FT0,A,B,../../GraPPI_data/PDB/dimer_db/2FT0.pdb,1
2FTR,A,B,../../GraPPI_data/PDB/dimer_db/2FTR.pdb,1
2FU4,A,B,../../GraPPI_data/PDB/dimer_db/2FU4.pdb,1
2FXV,A,B,../../GraPPI_data/PDB/dimer_db/2FXV.pdb,1
2FYF,A,B,../../GraPPI_data/PDB/dimer_db/2FYF.pdb,1
2FYX,A,B,../../GraPPI_data/PDB/dimer_db/2FYX.pdb,1
2FZT,A,B,../../GraPPI_data/PDB/dimer_db/2FZT.pdb,1
2G0I,A,B,../../GraPPI_data/PDB/dimer_db/2G0I.pdb,1
2G0T,A,B,../../GraPPI_data/PDB/dimer_db/2G0T.pdb,1
2G39,A,B,../../GraPPI_data/PDB/dimer_db/2G39.pdb,1
2G3B,A,B,../../GraPPI_data/PDB/dimer_db/2G3B.pdb,1
2G6T,A,B,../../GraPPI_data/PDB/dimer_db/2G6T.pdb,1
2G6V,A,B,../../GraPPI_data/PDB/dimer_db/2G6V.pdb,1
2G84,A,B,../../GraPPI_data/PDB/dimer_db/2G84.pdb,1
2G8Y,A,B,../../GraPPI_data/PDB/dimer_db/2G8Y.pdb,1
2GFN,A,B,../../GraPPI_data/PDB/dimer_db/2GFN.pdb,1
2GFP,A,B,../../GraPPI_data/PDB/dimer_db/2GFP.pdb,1
2GJ3,A,B,../../GraPPI_data/PDB/dimer_db/2GJ3.pdb,1
2GJA,A,B,../../GraPPI_data/PDB/dimer_db/2GJA.pdb,1
2GK4,A,B,../../GraPPI_data/PDB/dimer_db/2GK4.pdb,1
2GKM,A,B,../../GraPPI_data/PDB/dimer_db/2GKM.pdb,1
2GKS,A,B,../../GraPPI_data/PDB/dimer_db/2GKS.pdb,1
2GLZ,A,B,../../GraPPI_data/PDB/dimer_db/2GLZ.pdb,1
2GOM,A,B,../../GraPPI_data/PDB/dimer_db/2GOM.pdb,1
2GP6,A,B,../../GraPPI_data/PDB/dimer_db/2GP6.pdb,1
2GPY,A,B,../../GraPPI_data/PDB/dimer_db/2GPY.pdb,1
2GQD,A,B,../../GraPPI_data/PDB/dimer_db/2GQD.pdb,1
2GQR,A,B,../../GraPPI_data/PDB/dimer_db/2GQR.pdb,1
2GRU,A,B,../../GraPPI_data/PDB/dimer_db/2GRU.pdb,1
2GS4,A,B,../../GraPPI_data/PDB/dimer_db/2GS4.pdb,1
2GS9,A,B,../../GraPPI_data/PDB/dimer_db/2GS9.pdb,1
2GSV,A,B,../../GraPPI_data/PDB/dimer_db/2GSV.pdb,1
2GU9,A,B,../../GraPPI_data/PDB/dimer_db/2GU9.pdb,1
2GUH,A,B,../../GraPPI_data/PDB/dimer_db/2GUH.pdb,1
2GUJ,A,B,../../GraPPI_data/PDB/dimer_db/2GUJ.pdb,1
2GWG,A,B,../../GraPPI_data/PDB/dimer_db/2GWG.pdb,1
2GYQ,A,B,../../GraPPI_data/PDB/dimer_db/2GYQ.pdb,1
2GZ6,A,B,../../GraPPI_data/PDB/dimer_db/2GZ6.pdb,1
2H1T,A,B,../../GraPPI_data/PDB/dimer_db/2H1T.pdb,1
2H29,A,B,../../GraPPI_data/PDB/dimer_db/2H29.pdb,1
2H6C,A,B,../../GraPPI_data/PDB/dimer_db/2H6C.pdb,1
2H98,A,B,../../GraPPI_data/PDB/dimer_db/2H98.pdb,1
2H9B,A,B,../../GraPPI_data/PDB/dimer_db/2H9B.pdb,1
2HA9,A,B,../../GraPPI_data/PDB/dimer_db/2HA9.pdb,1
2HBV,A,B,../../GraPPI_data/PDB/dimer_db/2HBV.pdb,1
2HI1,A,B,../../GraPPI_data/PDB/dimer_db/2HI1.pdb,1
2HIP,A,B,../../GraPPI_data/PDB/dimer_db/2HIP.pdb,1
2HIQ,A,B,../../GraPPI_data/PDB/dimer_db/2HIQ.pdb,1
2HJ0,A,B,../../GraPPI_data/PDB/dimer_db/2HJ0.pdb,1
2HJ1,A,B,../../GraPPI_data/PDB/dimer_db/2HJ1.pdb,1
2HK2,A,B,../../GraPPI_data/PDB/dimer_db/2HK2.pdb,1
2HKU,A,B,../../GraPPI_data/PDB/dimer_db/2HKU.pdb,1
2HO1,A,B,../../GraPPI_data/PDB/dimer_db/2HO1.pdb,1
2HO5,A,B,../../GraPPI_data/PDB/dimer_db/2HO5.pdb,1
2HP0,A,B,../../GraPPI_data/PDB/dimer_db/2HP0.pdb,1
2HQ7,A,B,../../GraPPI_data/PDB/dimer_db/2HQ7.pdb,1
2HQ9,A,B,../../GraPPI_data/PDB/dimer_db/2HQ9.pdb,1
2HQY,A,B,../../GraPPI_data/PDB/dimer_db/2HQY.pdb,1
2HTD,A,B,../../GraPPI_data/PDB/dimer_db/2HTD.pdb,1
2HXI,A,B,../../GraPPI_data/PDB/dimer_db/2HXI.pdb,1
2HXO,A,B,../../GraPPI_data/PDB/dimer_db/2HXO.pdb,1
2HXR,A,B,../../GraPPI_data/PDB/dimer_db/2HXR.pdb,1
2HXW,A,B,../../GraPPI_data/PDB/dimer_db/2HXW.pdb,1
2HZG,A,B,../../GraPPI_data/PDB/dimer_db/2HZG.pdb,1
2HZL,A,B,../../GraPPI_data/PDB/dimer_db/2HZL.pdb,1
2I02,A,B,../../GraPPI_data/PDB/dimer_db/2I02.pdb,1
2I10,A,B,../../GraPPI_data/PDB/dimer_db/2I10.pdb,1
2I33,A,B,../../GraPPI_data/PDB/dimer_db/2I33.pdb,1
2I3D,A,B,../../GraPPI_data/PDB/dimer_db/2I3D.pdb,1
2I51,A,B,../../GraPPI_data/PDB/dimer_db/2I51.pdb,1
2I5G,A,B,../../GraPPI_data/PDB/dimer_db/2I5G.pdb,1
2I6H,A,B,../../GraPPI_data/PDB/dimer_db/2I6H.pdb,1
2I76,A,B,../../GraPPI_data/PDB/dimer_db/2I76.pdb,1
2I7G,A,B,../../GraPPI_data/PDB/dimer_db/2I7G.pdb,1
2I7R,A,B,../../GraPPI_data/PDB/dimer_db/2I7R.pdb,1
2I87,A,B,../../GraPPI_data/PDB/dimer_db/2I87.pdb,1
2I8D,A,B,../../GraPPI_data/PDB/dimer_db/2I8D.pdb,1
2I8T,A,B,../../GraPPI_data/PDB/dimer_db/2I8T.pdb,1
2I9U,A,B,../../GraPPI_data/PDB/dimer_db/2I9U.pdb,1
2I9X,A,B,../../GraPPI_data/PDB/dimer_db/2I9X.pdb,1
2IA1,A,B,../../GraPPI_data/PDB/dimer_db/2IA1.pdb,1
2IAB,A,B,../../GraPPI_data/PDB/dimer_db/2IAB.pdb,1
2IB0,A,B,../../GraPPI_data/PDB/dimer_db/2IB0.pdb,1
2IBD,A,B,../../GraPPI_data/PDB/dimer_db/2IBD.pdb,1
2ID3,A,B,../../GraPPI_data/PDB/dimer_db/2ID3.pdb,1
2IDL,A,B,../../GraPPI_data/PDB/dimer_db/2IDL.pdb,1
2IFX,A,B,../../GraPPI_data/PDB/dimer_db/2IFX.pdb,1
2IG6,A,B,../../GraPPI_data/PDB/dimer_db/2IG6.pdb,1
2IGI,A,B,../../GraPPI_data/PDB/dimer_db/2IGI.pdb,1
2IHY,A,B,../../GraPPI_data/PDB/dimer_db/2IHY.pdb,1
2IJL,A,B,../../GraPPI_data/PDB/dimer_db/2IJL.pdb,1
2IKK,A,B,../../GraPPI_data/PDB/dimer_db/2IKK.pdb,1
2IKS,A,B,../../GraPPI_data/PDB/dimer_db/2IKS.pdb,1
2IMZ,A,B,../../GraPPI_data/PDB/dimer_db/2IMZ.pdb,1
2IN5,A,B,../../GraPPI_data/PDB/dimer_db/2IN5.pdb,1
2IO8,A,B,../../GraPPI_data/PDB/dimer_db/2IO8.pdb,1
2IP2,A,B,../../GraPPI_data/PDB/dimer_db/2IP2.pdb,1
2IQQ,A,B,../../GraPPI_data/PDB/dimer_db/2IQQ.pdb,1
2ISM,A,B,../../GraPPI_data/PDB/dimer_db/2ISM.pdb,1
2ISY,A,B,../../GraPPI_data/PDB/dimer_db/2ISY.pdb,1
2ITM,A,B,../../GraPPI_data/PDB/dimer_db/2ITM.pdb,1
2IU4,A,B,../../GraPPI_data/PDB/dimer_db/2IU4.pdb,1
2IU5,A,B,../../GraPPI_data/PDB/dimer_db/2IU5.pdb,1
2IWK,A,B,../../GraPPI_data/PDB/dimer_db/2IWK.pdb,1
2IXK,A,B,../../GraPPI_data/PDB/dimer_db/2IXK.pdb,1
2IYJ,A,B,../../GraPPI_data/PDB/dimer_db/2IYJ.pdb,1
2J0X,A,B,../../GraPPI_data/PDB/dimer_db/2J0X.pdb,1
2J3L,A,B,../../GraPPI_data/PDB/dimer_db/2J3L.pdb,1
2J5V,A,B,../../GraPPI_data/PDB/dimer_db/2J5V.pdb,1
2J6H,A,B,../../GraPPI_data/PDB/dimer_db/2J6H.pdb,1
2J6R,A,B,../../GraPPI_data/PDB/dimer_db/2J6R.pdb,1
2J80,A,B,../../GraPPI_data/PDB/dimer_db/2J80.pdb,1
2J8M,A,B,../../GraPPI_data/PDB/dimer_db/2J8M.pdb,1
2J8W,A,B,../../GraPPI_data/PDB/dimer_db/2J8W.pdb,1
2J96,A,B,../../GraPPI_data/PDB/dimer_db/2J96.pdb,1
2JAE,A,B,../../GraPPI_data/PDB/dimer_db/2JAE.pdb,1
2JAQ,A,B,../../GraPPI_data/PDB/dimer_db/2JAQ.pdb,1
2JBA,A,B,../../GraPPI_data/PDB/dimer_db/2JBA.pdb,1
2JFQ,A,B,../../GraPPI_data/PDB/dimer_db/2JFQ.pdb,1
2JFZ,A,B,../../GraPPI_data/PDB/dimer_db/2JFZ.pdb,1
2JGQ,A,B,../../GraPPI_data/PDB/dimer_db/2JGQ.pdb,1
2JJ7,A,B,../../GraPPI_data/PDB/dimer_db/2JJ7.pdb,1
2NAC,A,B,../../GraPPI_data/PDB/dimer_db/2NAC.pdb,1
2NLV,A,B,../../GraPPI_data/PDB/dimer_db/2NLV.pdb,1
2NO4,A,B,../../GraPPI_data/PDB/dimer_db/2NO4.pdb,1
2NP3,A,B,../../GraPPI_data/PDB/dimer_db/2NP3.pdb,1
2NQL,A,B,../../GraPPI_data/PDB/dimer_db/2NQL.pdb,1
2NQT,A,B,../../GraPPI_data/PDB/dimer_db/2NQT.pdb,1
2NRH,A,B,../../GraPPI_data/PDB/dimer_db/2NRH.pdb,1
2NTT,A,B,../../GraPPI_data/PDB/dimer_db/2NTT.pdb,1
2NVM,A,B,../../GraPPI_data/PDB/dimer_db/2NVM.pdb,1
2NX9,A,B,../../GraPPI_data/PDB/dimer_db/2NX9.pdb,1
2NXV,A,B,../../GraPPI_data/PDB/dimer_db/2NXV.pdb,1
2NYH,A,B,../../GraPPI_data/PDB/dimer_db/2NYH.pdb,1
2NYS,A,B,../../GraPPI_data/PDB/dimer_db/2NYS.pdb,1
2NZ5,A,B,../../GraPPI_data/PDB/dimer_db/2NZ5.pdb,1
2NZH,A,B,../../GraPPI_data/PDB/dimer_db/2NZH.pdb,1
2O08,A,B,../../GraPPI_data/PDB/dimer_db/2O08.pdb,1
2O0R,A,B,../../GraPPI_data/PDB/dimer_db/2O0R.pdb,1
2O2E,A,B,../../GraPPI_data/PDB/dimer_db/2O2E.pdb,1
2O38,A,B,../../GraPPI_data/PDB/dimer_db/2O38.pdb,1
2O3I,A,B,../../GraPPI_data/PDB/dimer_db/2O3I.pdb,1
2O4C,A,B,../../GraPPI_data/PDB/dimer_db/2O4C.pdb,1
2O5A,A,B,../../GraPPI_data/PDB/dimer_db/2O5A.pdb,1
2O5H,A,B,../../GraPPI_data/PDB/dimer_db/2O5H.pdb,1
2O6F,A,B,../../GraPPI_data/PDB/dimer_db/2O6F.pdb,1
2O7G,A,B,../../GraPPI_data/PDB/dimer_db/2O7G.pdb,1
2O8R,A,B,../../GraPPI_data/PDB/dimer_db/2O8R.pdb,1
2OAS,A,B,../../GraPPI_data/PDB/dimer_db/2OAS.pdb,1
2OB3,A,B,../../GraPPI_data/PDB/dimer_db/2OB3.pdb,1
2OD0,A,B,../../GraPPI_data/PDB/dimer_db/2OD0.pdb,1
2ODA,A,B,../../GraPPI_data/PDB/dimer_db/2ODA.pdb,1
2ODM,A,B,../../GraPPI_data/PDB/dimer_db/2ODM.pdb,1
2OEM,A,B,../../GraPPI_data/PDB/dimer_db/2OEM.pdb,1
2OER,A,B,../../GraPPI_data/PDB/dimer_db/2OER.pdb,1
2OEZ,A,B,../../GraPPI_data/PDB/dimer_db/2OEZ.pdb,1
2OFY,A,B,../../GraPPI_data/PDB/dimer_db/2OFY.pdb,1
2OGI,A,B,../../GraPPI_data/PDB/dimer_db/2OGI.pdb,1
2OHO,A,B,../../GraPPI_data/PDB/dimer_db/2OHO.pdb,1
2OJP,A,B,../../GraPPI_data/PDB/dimer_db/2OJP.pdb,1
2OKG,A,B,../../GraPPI_data/PDB/dimer_db/2OKG.pdb,1
2OKQ,A,B,../../GraPPI_data/PDB/dimer_db/2OKQ.pdb,1
2OKU,A,B,../../GraPPI_data/PDB/dimer_db/2OKU.pdb,1
2OL5,A,B,../../GraPPI_data/PDB/dimer_db/2OL5.pdb,1
2OLC,A,B,../../GraPPI_data/PDB/dimer_db/2OLC.pdb,1
2OLJ,A,B,../../GraPPI_data/PDB/dimer_db/2OLJ.pdb,1
2OMD,A,B,../../GraPPI_data/PDB/dimer_db/2OMD.pdb,1
2OMK,A,B,../../GraPPI_data/PDB/dimer_db/2OMK.pdb,1
2OOI,A,B,../../GraPPI_data/PDB/dimer_db/2OOI.pdb,1
2OOJ,A,B,../../GraPPI_data/PDB/dimer_db/2OOJ.pdb,1
2OOK,A,B,../../GraPPI_data/PDB/dimer_db/2OOK.pdb,1
2OPI,A,B,../../GraPPI_data/PDB/dimer_db/2OPI.pdb,1
2OPL,A,B,../../GraPPI_data/PDB/dimer_db/2OPL.pdb,1
2OPT,A,B,../../GraPPI_data/PDB/dimer_db/2OPT.pdb,1
2ORD,A,B,../../GraPPI_data/PDB/dimer_db/2ORD.pdb,1
2OTA,A,B,../../GraPPI_data/PDB/dimer_db/2OTA.pdb,1
2OTN,A,B,../../GraPPI_data/PDB/dimer_db/2OTN.pdb,1
2OU5,A,B,../../GraPPI_data/PDB/dimer_db/2OU5.pdb,1
2OUX,A,B,../../GraPPI_data/PDB/dimer_db/2OUX.pdb,1
2OVS,A,B,../../GraPPI_data/PDB/dimer_db/2OVS.pdb,1
2OWL,A,B,../../GraPPI_data/PDB/dimer_db/2OWL.pdb,1
2OWN,A,B,../../GraPPI_data/PDB/dimer_db/2OWN.pdb,1
2OWP,A,B,../../GraPPI_data/PDB/dimer_db/2OWP.pdb,1
2OWY,A,B,../../GraPPI_data/PDB/dimer_db/2OWY.pdb,1
2OXL,A,B,../../GraPPI_data/PDB/dimer_db/2OXL.pdb,1
2OY9,A,B,../../GraPPI_data/PDB/dimer_db/2OY9.pdb,1
2OZV,A,B,../../GraPPI_data/PDB/dimer_db/2OZV.pdb,1
2P08,A,B,../../GraPPI_data/PDB/dimer_db/2P08.pdb,1
2P0S,A,B,../../GraPPI_data/PDB/dimer_db/2P0S.pdb,1
2P0V,A,B,../../GraPPI_data/PDB/dimer_db/2P0V.pdb,1
2P11,A,B,../../GraPPI_data/PDB/dimer_db/2P11.pdb,1
2P12,A,B,../../GraPPI_data/PDB/dimer_db/2P12.pdb,1
2P13,A,B,../../GraPPI_data/PDB/dimer_db/2P13.pdb,1
2P1A,A,B,../../GraPPI_data/PDB/dimer_db/2P1A.pdb,1
2P1Z,A,B,../../GraPPI_data/PDB/dimer_db/2P1Z.pdb,1
2P2S,A,B,../../GraPPI_data/PDB/dimer_db/2P2S.pdb,1
2P35,A,B,../../GraPPI_data/PDB/dimer_db/2P35.pdb,1
2P3E,A,B,../../GraPPI_data/PDB/dimer_db/2P3E.pdb,1
2P3Y,A,B,../../GraPPI_data/PDB/dimer_db/2P3Y.pdb,1
2P4P,A,B,../../GraPPI_data/PDB/dimer_db/2P4P.pdb,1
2P6P,A,B,../../GraPPI_data/PDB/dimer_db/2P6P.pdb,1
2P7O,A,B,../../GraPPI_data/PDB/dimer_db/2P7O.pdb,1
2P8J,A,B,../../GraPPI_data/PDB/dimer_db/2P8J.pdb,1
2P97,A,B,../../GraPPI_data/PDB/dimer_db/2P97.pdb,1
2P9H,A,B,../../GraPPI_data/PDB/dimer_db/2P9H.pdb,1
2PA7,A,B,../../GraPPI_data/PDB/dimer_db/2PA7.pdb,1
2PAQ,A,B,../../GraPPI_data/PDB/dimer_db/2PAQ.pdb,1
2PCJ,A,B,../../GraPPI_data/PDB/dimer_db/2PCJ.pdb,1
2PEQ,A,B,../../GraPPI_data/PDB/dimer_db/2PEQ.pdb,1
2PEX,A,B,../../GraPPI_data/PDB/dimer_db/2PEX.pdb,1
2PFW,A,B,../../GraPPI_data/PDB/dimer_db/2PFW.pdb,1
2PH0,A,B,../../GraPPI_data/PDB/dimer_db/2PH0.pdb,1
2PIF,A,B,../../GraPPI_data/PDB/dimer_db/2PIF.pdb,1
2PIG,A,B,../../GraPPI_data/PDB/dimer_db/2PIG.pdb,1
2PIH,A,B,../../GraPPI_data/PDB/dimer_db/2PIH.pdb,1
2PIJ,A,B,../../GraPPI_data/PDB/dimer_db/2PIJ.pdb,1
2PJS,A,B,../../GraPPI_data/PDB/dimer_db/2PJS.pdb,1
2PK3,A,B,../../GraPPI_data/PDB/dimer_db/2PK3.pdb,1
2PK7,A,B,../../GraPPI_data/PDB/dimer_db/2PK7.pdb,1
2PKE,A,B,../../GraPPI_data/PDB/dimer_db/2PKE.pdb,1
2PKX,A,B,../../GraPPI_data/PDB/dimer_db/2PKX.pdb,1
2PL2,A,B,../../GraPPI_data/PDB/dimer_db/2PL2.pdb,1
2PLG,A,B,../../GraPPI_data/PDB/dimer_db/2PLG.pdb,1
2PO3,A,B,../../GraPPI_data/PDB/dimer_db/2PO3.pdb,1
2POK,A,B,../../GraPPI_data/PDB/dimer_db/2POK.pdb,1
2PQV,A,B,../../GraPPI_data/PDB/dimer_db/2PQV.pdb,1
2PR5,A,B,../../GraPPI_data/PDB/dimer_db/2PR5.pdb,1
2PRV,A,B,../../GraPPI_data/PDB/dimer_db/2PRV.pdb,1
2PRX,A,B,../../GraPPI_data/PDB/dimer_db/2PRX.pdb,1
2PUZ,A,B,../../GraPPI_data/PDB/dimer_db/2PUZ.pdb,1
2PV7,A,B,../../GraPPI_data/PDB/dimer_db/2PV7.pdb,1
2PVP,A,B,../../GraPPI_data/PDB/dimer_db/2PVP.pdb,1
2PX7,A,B,../../GraPPI_data/PDB/dimer_db/2PX7.pdb,1
2PYT,A,B,../../GraPPI_data/PDB/dimer_db/2PYT.pdb,1
2PZ0,A,B,../../GraPPI_data/PDB/dimer_db/2PZ0.pdb,1
2PZ8,A,B,../../GraPPI_data/PDB/dimer_db/2PZ8.pdb,1
2PZM,A,B,../../GraPPI_data/PDB/dimer_db/2PZM.pdb,1
2Q03,A,B,../../GraPPI_data/PDB/dimer_db/2Q03.pdb,1
2Q0L,A,B,../../GraPPI_data/PDB/dimer_db/2Q0L.pdb,1
2Q16,A,B,../../GraPPI_data/PDB/dimer_db/2Q16.pdb,1
2Q1U,A,B,../../GraPPI_data/PDB/dimer_db/2Q1U.pdb,1
2Q24,A,B,../../GraPPI_data/PDB/dimer_db/2Q24.pdb,1
2Q2I,A,B,../../GraPPI_data/PDB/dimer_db/2Q2I.pdb,1
2Q3L,A,B,../../GraPPI_data/PDB/dimer_db/2Q3L.pdb,1
2Q7V,A,B,../../GraPPI_data/PDB/dimer_db/2Q7V.pdb,1
2Q7X,A,B,../../GraPPI_data/PDB/dimer_db/2Q7X.pdb,1
2Q8V,A,B,../../GraPPI_data/PDB/dimer_db/2Q8V.pdb,1
2QE8,A,B,../../GraPPI_data/PDB/dimer_db/2QE8.pdb,1
2QE9,A,B,../../GraPPI_data/PDB/dimer_db/2QE9.pdb,1
2QF9,A,B,../../GraPPI_data/PDB/dimer_db/2QF9.pdb,1
2QGS,A,B,../../GraPPI_data/PDB/dimer_db/2QGS.pdb,1
2QHQ,A,B,../../GraPPI_data/PDB/dimer_db/2QHQ.pdb,1
2QIB,A,B,../../GraPPI_data/PDB/dimer_db/2QIB.pdb,1
2QIF,A,B,../../GraPPI_data/PDB/dimer_db/2QIF.pdb,1
2QIW,A,B,../../GraPPI_data/PDB/dimer_db/2QIW.pdb,1
2QJ8,A,B,../../GraPPI_data/PDB/dimer_db/2QJ8.pdb,1
2QL8,A,B,../../GraPPI_data/PDB/dimer_db/2QL8.pdb,1
2QLW,A,B,../../GraPPI_data/PDB/dimer_db/2QLW.pdb,1
2QM0,A,B,../../GraPPI_data/PDB/dimer_db/2QM0.pdb,1
2QM8,A,B,../../GraPPI_data/PDB/dimer_db/2QM8.pdb,1
2QMX,A,B,../../GraPPI_data/PDB/dimer_db/2QMX.pdb,1
2QNE,A,B,../../GraPPI_data/PDB/dimer_db/2QNE.pdb,1
2QNU,A,B,../../GraPPI_data/PDB/dimer_db/2QNU.pdb,1
2QPV,A,B,../../GraPPI_data/PDB/dimer_db/2QPV.pdb,1
2QQ6,A,B,../../GraPPI_data/PDB/dimer_db/2QQ6.pdb,1
2QQZ,A,B,../../GraPPI_data/PDB/dimer_db/2QQZ.pdb,1
2QRR,A,B,../../GraPPI_data/PDB/dimer_db/2QRR.pdb,1
2QSI,A,B,../../GraPPI_data/PDB/dimer_db/2QSI.pdb,1
2QSJ,A,B,../../GraPPI_data/PDB/dimer_db/2QSJ.pdb,1
2QSX,A,B,../../GraPPI_data/PDB/dimer_db/2QSX.pdb,1
2QU7,A,B,../../GraPPI_data/PDB/dimer_db/2QU7.pdb,1
2QV0,A,B,../../GraPPI_data/PDB/dimer_db/2QV0.pdb,1
2QVH,A,B,../../GraPPI_data/PDB/dimer_db/2QVH.pdb,1
2QWV,A,B,../../GraPPI_data/PDB/dimer_db/2QWV.pdb,1
2QX0,A,B,../../GraPPI_data/PDB/dimer_db/2QX0.pdb,1
2QXY,A,B,../../GraPPI_data/PDB/dimer_db/2QXY.pdb,1
2QYC,A,B,../../GraPPI_data/PDB/dimer_db/2QYC.pdb,1
2QYV,A,B,../../GraPPI_data/PDB/dimer_db/2QYV.pdb,1
2R1F,A,B,../../GraPPI_data/PDB/dimer_db/2R1F.pdb,1
2R1I,A,B,../../GraPPI_data/PDB/dimer_db/2R1I.pdb,1
2R2C,A,B,../../GraPPI_data/PDB/dimer_db/2R2C.pdb,1
2R5O,A,B,../../GraPPI_data/PDB/dimer_db/2R5O.pdb,1
2R6O,A,B,../../GraPPI_data/PDB/dimer_db/2R6O.pdb,1
2R6Z,A,B,../../GraPPI_data/PDB/dimer_db/2R6Z.pdb,1
2R76,A,B,../../GraPPI_data/PDB/dimer_db/2R76.pdb,1
2R7H,A,B,../../GraPPI_data/PDB/dimer_db/2R7H.pdb,1
2R8W,A,B,../../GraPPI_data/PDB/dimer_db/2R8W.pdb,1
2R9Z,A,B,../../GraPPI_data/PDB/dimer_db/2R9Z.pdb,1
2RAS,A,B,../../GraPPI_data/PDB/dimer_db/2RAS.pdb,1
2RB7,A,B,../../GraPPI_data/PDB/dimer_db/2RB7.pdb,1
2RBB,A,B,../../GraPPI_data/PDB/dimer_db/2RBB.pdb,1
2RDC,A,B,../../GraPPI_data/PDB/dimer_db/2RDC.pdb,1
2RDE,A,B,../../GraPPI_data/PDB/dimer_db/2RDE.pdb,1
2RDY,A,B,../../GraPPI_data/PDB/dimer_db/2RDY.pdb,1
2RE1,A,B,../../GraPPI_data/PDB/dimer_db/2RE1.pdb,1
2REK,A,B,../../GraPPI_data/PDB/dimer_db/2REK.pdb,1
2RGO,A,B,../../GraPPI_data/PDB/dimer_db/2RGO.pdb,1
2RK0,A,B,../../GraPPI_data/PDB/dimer_db/2RK0.pdb,1
2RK9,A,B,../../GraPPI_data/PDB/dimer_db/2RK9.pdb,1
2UVK,A,B,../../GraPPI_data/PDB/dimer_db/2UVK.pdb,1
2UXR,A,B,../../GraPPI_data/PDB/dimer_db/2UXR.pdb,1
2UXU,A,B,../../GraPPI_data/PDB/dimer_db/2UXU.pdb,1
2V27,A,B,../../GraPPI_data/PDB/dimer_db/2V27.pdb,1
2V42,A,B,../../GraPPI_data/PDB/dimer_db/2V42.pdb,1
2V6K,A,B,../../GraPPI_data/PDB/dimer_db/2V6K.pdb,1
2VBF,A,B,../../GraPPI_data/PDB/dimer_db/2VBF.pdb,1
2VD8,A,B,../../GraPPI_data/PDB/dimer_db/2VD8.pdb,1
2VG0,A,B,../../GraPPI_data/PDB/dimer_db/2VG0.pdb,1
2VGX,A,B,../../GraPPI_data/PDB/dimer_db/2VGX.pdb,1
2VHA,A,B,../../GraPPI_data/PDB/dimer_db/2VHA.pdb,1
2VHB,A,B,../../GraPPI_data/PDB/dimer_db/2VHB.pdb,1
2VHD,A,B,../../GraPPI_data/PDB/dimer_db/2VHD.pdb,1
2VID,A,B,../../GraPPI_data/PDB/dimer_db/2VID.pdb,1
2VJM,A,B,../../GraPPI_data/PDB/dimer_db/2VJM.pdb,1
2VKJ,A,B,../../GraPPI_data/PDB/dimer_db/2VKJ.pdb,1
2VOC,A,B,../../GraPPI_data/PDB/dimer_db/2VOC.pdb,1
2VP8,A,B,../../GraPPI_data/PDB/dimer_db/2VP8.pdb,1
2VPQ,A,B,../../GraPPI_data/PDB/dimer_db/2VPQ.pdb,1
2VRN,A,B,../../GraPPI_data/PDB/dimer_db/2VRN.pdb,1
2VS0,A,B,../../GraPPI_data/PDB/dimer_db/2VS0.pdb,1
2VT3,A,B,../../GraPPI_data/PDB/dimer_db/2VT3.pdb,1
2VVT,A,B,../../GraPPI_data/PDB/dimer_db/2VVT.pdb,1
2W1T,A,B,../../GraPPI_data/PDB/dimer_db/2W1T.pdb,1
2W2A,A,B,../../GraPPI_data/PDB/dimer_db/2W2A.pdb,1
2W31,A,B,../../GraPPI_data/PDB/dimer_db/2W31.pdb,1
2W3G,A,B,../../GraPPI_data/PDB/dimer_db/2W3G.pdb,1
2W3P,A,B,../../GraPPI_data/PDB/dimer_db/2W3P.pdb,1
2W4E,A,B,../../GraPPI_data/PDB/dimer_db/2W4E.pdb,1
2W53,A,B,../../GraPPI_data/PDB/dimer_db/2W53.pdb,1
2W57,A,B,../../GraPPI_data/PDB/dimer_db/2W57.pdb,1
2W58,A,B,../../GraPPI_data/PDB/dimer_db/2W58.pdb,1
2W5V,A,B,../../GraPPI_data/PDB/dimer_db/2W5V.pdb,1
2W7W,A,B,../../GraPPI_data/PDB/dimer_db/2W7W.pdb,1
2W7Z,A,B,../../GraPPI_data/PDB/dimer_db/2W7Z.pdb,1
2W8Z,A,B,../../GraPPI_data/PDB/dimer_db/2W8Z.pdb,1
2W9X,A,B,../../GraPPI_data/PDB/dimer_db/2W9X.pdb,1
2WCR,A,B,../../GraPPI_data/PDB/dimer_db/2WCR.pdb,1
2WDW,A,B,../../GraPPI_data/PDB/dimer_db/2WDW.pdb,1
2WGB,A,B,../../GraPPI_data/PDB/dimer_db/2WGB.pdb,1
2WJ9,A,B,../../GraPPI_data/PDB/dimer_db/2WJ9.pdb,1
2WNW,A,B,../../GraPPI_data/PDB/dimer_db/2WNW.pdb,1
2WP4,A,B,../../GraPPI_data/PDB/dimer_db/2WP4.pdb,1
2WT9,A,B,../../GraPPI_data/PDB/dimer_db/2WT9.pdb,1
2WTN,A,B,../../GraPPI_data/PDB/dimer_db/2WTN.pdb,1
2WTP,A,B,../../GraPPI_data/PDB/dimer_db/2WTP.pdb,1
2WUJ,A,B,../../GraPPI_data/PDB/dimer_db/2WUJ.pdb,1
2WUQ,A,B,../../GraPPI_data/PDB/dimer_db/2WUQ.pdb,1
2WVF,A,B,../../GraPPI_data/PDB/dimer_db/2WVF.pdb,1
2WVL,A,B,../../GraPPI_data/PDB/dimer_db/2WVL.pdb,1
2WW4,A,B,../../GraPPI_data/PDB/dimer_db/2WW4.pdb,1
2WWO,A,B,../../GraPPI_data/PDB/dimer_db/2WWO.pdb,1
2WXB,A,B,../../GraPPI_data/PDB/dimer_db/2WXB.pdb,1
2X0D,A,B,../../GraPPI_data/PDB/dimer_db/2X0D.pdb,1
2X3B,A,B,../../GraPPI_data/PDB/dimer_db/2X3B.pdb,1
2X3E,A,B,../../GraPPI_data/PDB/dimer_db/2X3E.pdb,1
2X3J,A,B,../../GraPPI_data/PDB/dimer_db/2X3J.pdb,1
2X3O,A,B,../../GraPPI_data/PDB/dimer_db/2X3O.pdb,1
2X65,A,B,../../GraPPI_data/PDB/dimer_db/2X65.pdb,1
2XCC,A,B,../../GraPPI_data/PDB/dimer_db/2XCC.pdb,1
2XGA,A,B,../../GraPPI_data/PDB/dimer_db/2XGA.pdb,1
2XHK,A,B,../../GraPPI_data/PDB/dimer_db/2XHK.pdb,1
2XI8,A,B,../../GraPPI_data/PDB/dimer_db/2XI8.pdb,1
2XIT,A,B,../../GraPPI_data/PDB/dimer_db/2XIT.pdb,1
2XL9,A,B,../../GraPPI_data/PDB/dimer_db/2XL9.pdb,1
2XMJ,A,B,../../GraPPI_data/PDB/dimer_db/2XMJ.pdb,1
2XQ2,A,B,../../GraPPI_data/PDB/dimer_db/2XQ2.pdb,1
2XR4,A,B,../../GraPPI_data/PDB/dimer_db/2XR4.pdb,1
2XT2,A,B,../../GraPPI_data/PDB/dimer_db/2XT2.pdb,1
2XTY,A,B,../../GraPPI_data/PDB/dimer_db/2XTY.pdb,1
2XUA,A,H,../../GraPPI_data/PDB/dimer_db/2XUA.pdb,1
2XW7,A,B,../../GraPPI_data/PDB/dimer_db/2XW7.pdb,1
2XWL,A,B,../../GraPPI_data/PDB/dimer_db/2XWL.pdb,1
2XWX,A,B,../../GraPPI_data/PDB/dimer_db/2XWX.pdb,1
2XZ9,A,B,../../GraPPI_data/PDB/dimer_db/2XZ9.pdb,1
2Y27,A,B,../../GraPPI_data/PDB/dimer_db/2Y27.pdb,1
2Y2H,A,B,../../GraPPI_data/PDB/dimer_db/2Y2H.pdb,1
2Y30,A,B,../../GraPPI_data/PDB/dimer_db/2Y30.pdb,1
2Y3S,A,B,../../GraPPI_data/PDB/dimer_db/2Y3S.pdb,1
2Y4D,A,B,../../GraPPI_data/PDB/dimer_db/2Y4D.pdb,1
2Y4J,A,B,../../GraPPI_data/PDB/dimer_db/2Y4J.pdb,1
2Y4O,A,B,../../GraPPI_data/PDB/dimer_db/2Y4O.pdb,1
2Y4R,A,B,../../GraPPI_data/PDB/dimer_db/2Y4R.pdb,1
2Y53,A,B,../../GraPPI_data/PDB/dimer_db/2Y53.pdb,1
2Y5S,A,B,../../GraPPI_data/PDB/dimer_db/2Y5S.pdb,1
2Y7I,A,B,../../GraPPI_data/PDB/dimer_db/2Y7I.pdb,1
2YFA,A,B,../../GraPPI_data/PDB/dimer_db/2YFA.pdb,1
2YG3,A,B,../../GraPPI_data/PDB/dimer_db/2YG3.pdb,1
2YJG,A,B,../../GraPPI_data/PDB/dimer_db/2YJG.pdb,1
2YMQ,A,B,../../GraPPI_data/PDB/dimer_db/2YMQ.pdb,1
2YQU,A,B,../../GraPPI_data/PDB/dimer_db/2YQU.pdb,1
2YR1,A,B,../../GraPPI_data/PDB/dimer_db/2YR1.pdb,1
2YRF,A,B,../../GraPPI_data/PDB/dimer_db/2YRF.pdb,1
2YRR,A,B,../../GraPPI_data/PDB/dimer_db/2YRR.pdb,1
2YV3,A,B,../../GraPPI_data/PDB/dimer_db/2YV3.pdb,1
2YVE,A,B,../../GraPPI_data/PDB/dimer_db/2YVE.pdb,1
2YVS,A,B,../../GraPPI_data/PDB/dimer_db/2YVS.pdb,1
2YWL,A,B,../../GraPPI_data/PDB/dimer_db/2YWL.pdb,1
2YWV,A,B,../../GraPPI_data/PDB/dimer_db/2YWV.pdb,1
2YXH,A,B,../../GraPPI_data/PDB/dimer_db/2YXH.pdb,1
2YY7,A,B,../../GraPPI_data/PDB/dimer_db/2YY7.pdb,1
2YYU,A,B,../../GraPPI_data/PDB/dimer_db/2YYU.pdb,1
2YYV,A,B,../../GraPPI_data/PDB/dimer_db/2YYV.pdb,1
2Z04,A,B,../../GraPPI_data/PDB/dimer_db/2Z04.pdb,1
2Z0F,A,B,../../GraPPI_data/PDB/dimer_db/2Z0F.pdb,1
2Z1Q,A,B,../../GraPPI_data/PDB/dimer_db/2Z1Q.pdb,1
2Z26,A,B,../../GraPPI_data/PDB/dimer_db/2Z26.pdb,1
2Z6I,A,B,../../GraPPI_data/PDB/dimer_db/2Z6I.pdb,1
2Z76,A,B,../../GraPPI_data/PDB/dimer_db/2Z76.pdb,1
2Z87,A,B,../../GraPPI_data/PDB/dimer_db/2Z87.pdb,1
2Z9D,A,B,../../GraPPI_data/PDB/dimer_db/2Z9D.pdb,1
2ZB9,A,B,../../GraPPI_data/PDB/dimer_db/2ZB9.pdb,1
2ZBW,A,B,../../GraPPI_data/PDB/dimer_db/2ZBW.pdb,1
2ZCM,A,B,../../GraPPI_data/PDB/dimer_db/2ZCM.pdb,1
2ZGY,A,B,../../GraPPI_data/PDB/dimer_db/2ZGY.pdb,1
2ZIG,A,B,../../GraPPI_data/PDB/dimer_db/2ZIG.pdb,1
2ZJT,A,B,../../GraPPI_data/PDB/dimer_db/2ZJT.pdb,1
2ZOD,A,B,../../GraPPI_data/PDB/dimer_db/2ZOD.pdb,1
2ZSG,A,B,../../GraPPI_data/PDB/dimer_db/2ZSG.pdb,1
2ZUV,A,B,../../GraPPI_data/PDB/dimer_db/2ZUV.pdb,1
2ZVD,A,C,../../GraPPI_data/PDB/dimer_db/2ZVD.pdb,1
2ZW5,A,B,../../GraPPI_data/PDB/dimer_db/2ZW5.pdb,1
2ZWM,A,B,../../GraPPI_data/PDB/dimer_db/2ZWM.pdb,1
2ZXH,A,B,../../GraPPI_data/PDB/dimer_db/2ZXH.pdb,1
2ZYD,A,B,../../GraPPI_data/PDB/dimer_db/2ZYD.pdb,1
2ZYJ,A,B,../../GraPPI_data/PDB/dimer_db/2ZYJ.pdb,1
2ZYQ,A,B,../../GraPPI_data/PDB/dimer_db/2ZYQ.pdb,1
2ZZ8,A,B,../../GraPPI_data/PDB/dimer_db/2ZZ8.pdb,1
2ZZV,A,B,../../GraPPI_data/PDB/dimer_db/2ZZV.pdb,1
3A06,A,B,../../GraPPI_data/PDB/dimer_db/3A06.pdb,1
3A3D,A,B,../../GraPPI_data/PDB/dimer_db/3A3D.pdb,1
3A52,A,B,../../GraPPI_data/PDB/dimer_db/3A52.pdb,1
3A6M,A,B,../../GraPPI_data/PDB/dimer_db/3A6M.pdb,1
3AB1,A,B,../../GraPPI_data/PDB/dimer_db/3AB1.pdb,1
3AB8,A,B,../../GraPPI_data/PDB/dimer_db/3AB8.pdb,1
3ACT,A,B,../../GraPPI_data/PDB/dimer_db/3ACT.pdb,1
3AEY,A,B,../../GraPPI_data/PDB/dimer_db/3AEY.pdb,1
3AG6,A,B,../../GraPPI_data/PDB/dimer_db/3AG6.pdb,1
3AGD,A,B,../../GraPPI_data/PDB/dimer_db/3AGD.pdb,1
3AKJ,A,B,../../GraPPI_data/PDB/dimer_db/3AKJ.pdb,1
3AMI,A,B,../../GraPPI_data/PDB/dimer_db/3AMI.pdb,1
3APT,A,B,../../GraPPI_data/PDB/dimer_db/3APT.pdb,1
3AQT,A,B,../../GraPPI_data/PDB/dimer_db/3AQT.pdb,1
3AW8,A,B,../../GraPPI_data/PDB/dimer_db/3AW8.pdb,1
3AYJ,A,B,../../GraPPI_data/PDB/dimer_db/3AYJ.pdb,1
3B12,A,B,../../GraPPI_data/PDB/dimer_db/3B12.pdb,1
3B1N,A,B,../../GraPPI_data/PDB/dimer_db/3B1N.pdb,1
3B42,A,B,../../GraPPI_data/PDB/dimer_db/3B42.pdb,1
3B4U,A,B,../../GraPPI_data/PDB/dimer_db/3B4U.pdb,1
3B4Y,A,B,../../GraPPI_data/PDB/dimer_db/3B4Y.pdb,1
3B8X,A,B,../../GraPPI_data/PDB/dimer_db/3B8X.pdb,1
3BA3,A,B,../../GraPPI_data/PDB/dimer_db/3BA3.pdb,1
3BB8,A,B,../../GraPPI_data/PDB/dimer_db/3BB8.pdb,1
3BBJ,A,B,../../GraPPI_data/PDB/dimer_db/3BBJ.pdb,1
3BCG,A,B,../../GraPPI_data/PDB/dimer_db/3BCG.pdb,1
3BCV,A,B,../../GraPPI_data/PDB/dimer_db/3BCV.pdb,1
3BCW,A,B,../../GraPPI_data/PDB/dimer_db/3BCW.pdb,1
3BDF,A,B,../../GraPPI_data/PDB/dimer_db/3BDF.pdb,1
3BDK,A,B,../../GraPPI_data/PDB/dimer_db/3BDK.pdb,1
3BE3,A,B,../../GraPPI_data/PDB/dimer_db/3BE3.pdb,1
3BED,A,B,../../GraPPI_data/PDB/dimer_db/3BED.pdb,1
3BEM,A,B,../../GraPPI_data/PDB/dimer_db/3BEM.pdb,1
3BEO,A,B,../../GraPPI_data/PDB/dimer_db/3BEO.pdb,1
3BEU,A,B,../../GraPPI_data/PDB/dimer_db/3BEU.pdb,1
3BF4,A,B,../../GraPPI_data/PDB/dimer_db/3BF4.pdb,1
3BGH,A,B,../../GraPPI_data/PDB/dimer_db/3BGH.pdb,1
3BHQ,A,B,../../GraPPI_data/PDB/dimer_db/3BHQ.pdb,1
3BIL,A,B,../../GraPPI_data/PDB/dimer_db/3BIL.pdb,1
3BIO,A,B,../../GraPPI_data/PDB/dimer_db/3BIO.pdb,1
3BJ6,A,B,../../GraPPI_data/PDB/dimer_db/3BJ6.pdb,1
3BKW,A,B,../../GraPPI_data/PDB/dimer_db/3BKW.pdb,1
3BKX,A,B,../../GraPPI_data/PDB/dimer_db/3BKX.pdb,1
3BL4,A,B,../../GraPPI_data/PDB/dimer_db/3BL4.pdb,1
3BMZ,A,B,../../GraPPI_data/PDB/dimer_db/3BMZ.pdb,1
3BNI,A,B,../../GraPPI_data/PDB/dimer_db/3BNI.pdb,1
3BOQ,A,B,../../GraPPI_data/PDB/dimer_db/3BOQ.pdb,1
3BOS,A,B,../../GraPPI_data/PDB/dimer_db/3BOS.pdb,1
3BPK,A,B,../../GraPPI_data/PDB/dimer_db/3BPK.pdb,1
3BRQ,A,B,../../GraPPI_data/PDB/dimer_db/3BRQ.pdb,1
3BRU,A,B,../../GraPPI_data/PDB/dimer_db/3BRU.pdb,1
3BT3,A,B,../../GraPPI_data/PDB/dimer_db/3BT3.pdb,1
3BVQ,A,B,../../GraPPI_data/PDB/dimer_db/3BVQ.pdb,1
3BWV,A,B,../../GraPPI_data/PDB/dimer_db/3BWV.pdb,1
3BXO,A,B,../../GraPPI_data/PDB/dimer_db/3BXO.pdb,1
3BXP,A,B,../../GraPPI_data/PDB/dimer_db/3BXP.pdb,1
3BXU,A,B,../../GraPPI_data/PDB/dimer_db/3BXU.pdb,1
3BYP,A,B,../../GraPPI_data/PDB/dimer_db/3BYP.pdb,1
3C07,A,B,../../GraPPI_data/PDB/dimer_db/3C07.pdb,1
3C0K,A,B,../../GraPPI_data/PDB/dimer_db/3C0K.pdb,1
3C0U,A,B,../../GraPPI_data/PDB/dimer_db/3C0U.pdb,1
3C17,A,B,../../GraPPI_data/PDB/dimer_db/3C17.pdb,1
3C1Q,A,B,../../GraPPI_data/PDB/dimer_db/3C1Q.pdb,1
3C24,A,B,../../GraPPI_data/PDB/dimer_db/3C24.pdb,1
3C2B,A,B,../../GraPPI_data/PDB/dimer_db/3C2B.pdb,1
3C3K,A,B,../../GraPPI_data/PDB/dimer_db/3C3K.pdb,1
3C48,A,B,../../GraPPI_data/PDB/dimer_db/3C48.pdb,1
3C4N,A,B,../../GraPPI_data/PDB/dimer_db/3C4N.pdb,1
3C57,A,B,../../GraPPI_data/PDB/dimer_db/3C57.pdb,1
3C8C,A,B,../../GraPPI_data/PDB/dimer_db/3C8C.pdb,1
3C8E,A,B,../../GraPPI_data/PDB/dimer_db/3C8E.pdb,1
3C9U,A,B,../../GraPPI_data/PDB/dimer_db/3C9U.pdb,1
3CAI,A,B,../../GraPPI_data/PDB/dimer_db/3CAI.pdb,1
3CAM,A,B,../../GraPPI_data/PDB/dimer_db/3CAM.pdb,1
3CAW,A,B,../../GraPPI_data/PDB/dimer_db/3CAW.pdb,1
3CBU,A,B,../../GraPPI_data/PDB/dimer_db/3CBU.pdb,1
3CCD,A,B,../../GraPPI_data/PDB/dimer_db/3CCD.pdb,1
3CDH,A,B,../../GraPPI_data/PDB/dimer_db/3CDH.pdb,1
3CDL,A,B,../../GraPPI_data/PDB/dimer_db/3CDL.pdb,1
3CEI,A,B,../../GraPPI_data/PDB/dimer_db/3CEI.pdb,1
3CGB,A,B,../../GraPPI_data/PDB/dimer_db/3CGB.pdb,1
3CHH,A,B,../../GraPPI_data/PDB/dimer_db/3CHH.pdb,1
3CI6,A,B,../../GraPPI_data/PDB/dimer_db/3CI6.pdb,1
3CIO,A,D,../../GraPPI_data/PDB/dimer_db/3CIO.pdb,1
3CJD,A,B,../../GraPPI_data/PDB/dimer_db/3CJD.pdb,1
3CJL,A,B,../../GraPPI_data/PDB/dimer_db/3CJL.pdb,1
3CJP,A,B,../../GraPPI_data/PDB/dimer_db/3CJP.pdb,1
3CKA,A,B,../../GraPPI_data/PDB/dimer_db/3CKA.pdb,1
3CLH,A,B,../../GraPPI_data/PDB/dimer_db/3CLH.pdb,1
3CLK,A,B,../../GraPPI_data/PDB/dimer_db/3CLK.pdb,1
3CNM,A,B,../../GraPPI_data/PDB/dimer_db/3CNM.pdb,1
3CO5,A,B,../../GraPPI_data/PDB/dimer_db/3CO5.pdb,1
3CO8,A,B,../../GraPPI_data/PDB/dimer_db/3CO8.pdb,1
3COL,A,B,../../GraPPI_data/PDB/dimer_db/3COL.pdb,1
3COV,A,B,../../GraPPI_data/PDB/dimer_db/3COV.pdb,1
3CP7,A,B,../../GraPPI_data/PDB/dimer_db/3CP7.pdb,1
3CQ4,A,B,../../GraPPI_data/PDB/dimer_db/3CQ4.pdb,1
3CQB,A,B,../../GraPPI_data/PDB/dimer_db/3CQB.pdb,1
3CQJ,A,B,../../GraPPI_data/PDB/dimer_db/3CQJ.pdb,1
3CRA,A,B,../../GraPPI_data/PDB/dimer_db/3CRA.pdb,1
3CSX,A,B,../../GraPPI_data/PDB/dimer_db/3CSX.pdb,1
3CT2,A,B,../../GraPPI_data/PDB/dimer_db/3CT2.pdb,1
3CT6,A,B,../../GraPPI_data/PDB/dimer_db/3CT6.pdb,1
3CT9,A,B,../../GraPPI_data/PDB/dimer_db/3CT9.pdb,1
3CTP,A,B,../../GraPPI_data/PDB/dimer_db/3CTP.pdb,1
3CTW,B,D,../../GraPPI_data/PDB/dimer_db/3CTW.pdb,1
3CU2,A,B,../../GraPPI_data/PDB/dimer_db/3CU2.pdb,1
3CU5,A,B,../../GraPPI_data/PDB/dimer_db/3CU5.pdb,1
3CW9,A,B,../../GraPPI_data/PDB/dimer_db/3CW9.pdb,1
3CWC,A,B,../../GraPPI_data/PDB/dimer_db/3CWC.pdb,1
3CWN,A,B,../../GraPPI_data/PDB/dimer_db/3CWN.pdb,1
3CWQ,A,B,../../GraPPI_data/PDB/dimer_db/3CWQ.pdb,1
3CWR,A,B,../../GraPPI_data/PDB/dimer_db/3CWR.pdb,1
3CXK,A,B,../../GraPPI_data/PDB/dimer_db/3CXK.pdb,1
3CYG,A,B,../../GraPPI_data/PDB/dimer_db/3CYG.pdb,1
3CZ8,A,B,../../GraPPI_data/PDB/dimer_db/3CZ8.pdb,1
3CZB,A,B,../../GraPPI_data/PDB/dimer_db/3CZB.pdb,1
3CZP,A,B,../../GraPPI_data/PDB/dimer_db/3CZP.pdb,1
3CZZ,A,B,../../GraPPI_data/PDB/dimer_db/3CZZ.pdb,1
3D0C,A,B,../../GraPPI_data/PDB/dimer_db/3D0C.pdb,1
3D0F,A,B,../../GraPPI_data/PDB/dimer_db/3D0F.pdb,1
3D0S,A,B,../../GraPPI_data/PDB/dimer_db/3D0S.pdb,1
3D1L,A,B,../../GraPPI_data/PDB/dimer_db/3D1L.pdb,1
3D3R,A,B,../../GraPPI_data/PDB/dimer_db/3D3R.pdb,1
3D5P,A,B,../../GraPPI_data/PDB/dimer_db/3D5P.pdb,1
3D8U,A,B,../../GraPPI_data/PDB/dimer_db/3D8U.pdb,1
3DA8,A,B,../../GraPPI_data/PDB/dimer_db/3DA8.pdb,1
3DAA,A,B,../../GraPPI_data/PDB/dimer_db/3DAA.pdb,1
3DCF,A,B,../../GraPPI_data/PDB/dimer_db/3DCF.pdb,1
3DDH,A,B,../../GraPPI_data/PDB/dimer_db/3DDH.pdb,1
3DEV,A,B,../../GraPPI_data/PDB/dimer_db/3DEV.pdb,1
3DEZ,A,B,../../GraPPI_data/PDB/dimer_db/3DEZ.pdb,1
3DFU,A,B,../../GraPPI_data/PDB/dimer_db/3DFU.pdb,1
3DFZ,A,B,../../GraPPI_data/PDB/dimer_db/3DFZ.pdb,1
3DHX,A,B,../../GraPPI_data/PDB/dimer_db/3DHX.pdb,1
3DI1,A,B,../../GraPPI_data/PDB/dimer_db/3DI1.pdb,1
3DI4,A,B,../../GraPPI_data/PDB/dimer_db/3DI4.pdb,1
3DIE,A,B,../../GraPPI_data/PDB/dimer_db/3DIE.pdb,1
3DJB,A,B,../../GraPPI_data/PDB/dimer_db/3DJB.pdb,1
3DKA,A,B,../../GraPPI_data/PDB/dimer_db/3DKA.pdb,1
3DMC,A,B,../../GraPPI_data/PDB/dimer_db/3DMC.pdb,1
3DME,A,B,../../GraPPI_data/PDB/dimer_db/3DME.pdb,1
3DMY,A,B,../../GraPPI_data/PDB/dimer_db/3DMY.pdb,1
3DNF,A,B,../../GraPPI_data/PDB/dimer_db/3DNF.pdb,1
3DNH,A,B,../../GraPPI_data/PDB/dimer_db/3DNH.pdb,1
3DNS,A,B,../../GraPPI_data/PDB/dimer_db/3DNS.pdb,1
3DOD,A,B,../../GraPPI_data/PDB/dimer_db/3DOD.pdb,1
3DOR,A,B,../../GraPPI_data/PDB/dimer_db/3DOR.pdb,1
3DP7,A,B,../../GraPPI_data/PDB/dimer_db/3DP7.pdb,1
3DR2,A,B,../../GraPPI_data/PDB/dimer_db/3DR2.pdb,1
3DR8,A,B,../../GraPPI_data/PDB/dimer_db/3DR8.pdb,1
3DSB,A,B,../../GraPPI_data/PDB/dimer_db/3DSB.pdb,1
3DSQ,A,B,../../GraPPI_data/PDB/dimer_db/3DSQ.pdb,1
3DTG,A,B,../../GraPPI_data/PDB/dimer_db/3DTG.pdb,1
3DTT,A,B,../../GraPPI_data/PDB/dimer_db/3DTT.pdb,1
3DUP,A,B,../../GraPPI_data/PDB/dimer_db/3DUP.pdb,1
3DUW,A,B,../../GraPPI_data/PDB/dimer_db/3DUW.pdb,1
3DXI,A,B,../../GraPPI_data/PDB/dimer_db/3DXI.pdb,1
3DXO,A,B,../../GraPPI_data/PDB/dimer_db/3DXO.pdb,1
3DXV,A,B,../../GraPPI_data/PDB/dimer_db/3DXV.pdb,1
3DZB,A,B,../../GraPPI_data/PDB/dimer_db/3DZB.pdb,1
3DZC,A,B,../../GraPPI_data/PDB/dimer_db/3DZC.pdb,1
3DZD,A,B,../../GraPPI_data/PDB/dimer_db/3DZD.pdb,1
3E0Y,A,B,../../GraPPI_data/PDB/dimer_db/3E0Y.pdb,1
3E10,A,B,../../GraPPI_data/PDB/dimer_db/3E10.pdb,1
3E18,A,B,../../GraPPI_data/PDB/dimer_db/3E18.pdb,1
3E2C,A,B,../../GraPPI_data/PDB/dimer_db/3E2C.pdb,1
3E2D,A,B,../../GraPPI_data/PDB/dimer_db/3E2D.pdb,1
3E39,A,B,../../GraPPI_data/PDB/dimer_db/3E39.pdb,1
3E48,A,B,../../GraPPI_data/PDB/dimer_db/3E48.pdb,1
3E4V,A,B,../../GraPPI_data/PDB/dimer_db/3E4V.pdb,1
3E57,A,B,../../GraPPI_data/PDB/dimer_db/3E57.pdb,1
3E58,A,B,../../GraPPI_data/PDB/dimer_db/3E58.pdb,1
3E5Y,A,B,../../GraPPI_data/PDB/dimer_db/3E5Y.pdb,1
3E60,A,B,../../GraPPI_data/PDB/dimer_db/3E60.pdb,1
3E6D,A,B,../../GraPPI_data/PDB/dimer_db/3E6D.pdb,1
3E7Q,A,B,../../GraPPI_data/PDB/dimer_db/3E7Q.pdb,1
3E8O,A,B,../../GraPPI_data/PDB/dimer_db/3E8O.pdb,1
3E96,A,B,../../GraPPI_data/PDB/dimer_db/3E96.pdb,1
3E98,A,B,../../GraPPI_data/PDB/dimer_db/3E98.pdb,1
3EA0,A,B,../../GraPPI_data/PDB/dimer_db/3EA0.pdb,1
3EAG,A,B,../../GraPPI_data/PDB/dimer_db/3EAG.pdb,1
3EC9,A,B,../../GraPPI_data/PDB/dimer_db/3EC9.pdb,1
3EDE,A,B,../../GraPPI_data/PDB/dimer_db/3EDE.pdb,1
3EDN,A,B,../../GraPPI_data/PDB/dimer_db/3EDN.pdb,1
3EDP,A,B,../../GraPPI_data/PDB/dimer_db/3EDP.pdb,1
3EEA,A,B,../../GraPPI_data/PDB/dimer_db/3EEA.pdb,1
3EEI,A,B,../../GraPPI_data/PDB/dimer_db/3EEI.pdb,1
3EES,A,B,../../GraPPI_data/PDB/dimer_db/3EES.pdb,1
3EFY,A,B,../../GraPPI_data/PDB/dimer_db/3EFY.pdb,1
3EGJ,A,B,../../GraPPI_data/PDB/dimer_db/3EGJ.pdb,1
3EGO,A,B,../../GraPPI_data/PDB/dimer_db/3EGO.pdb,1
3EHH,A,B,../../GraPPI_data/PDB/dimer_db/3EHH.pdb,1
3EIP,A,B,../../GraPPI_data/PDB/dimer_db/3EIP.pdb,1
3ENK,A,B,../../GraPPI_data/PDB/dimer_db/3ENK.pdb,1
3ENQ,A,B,../../GraPPI_data/PDB/dimer_db/3ENQ.pdb,1
3ENT,A,B,../../GraPPI_data/PDB/dimer_db/3ENT.pdb,1
3EOF,A,B,../../GraPPI_data/PDB/dimer_db/3EOF.pdb,1
3EOQ,A,B,../../GraPPI_data/PDB/dimer_db/3EOQ.pdb,1
3EPO,A,B,../../GraPPI_data/PDB/dimer_db/3EPO.pdb,1
3EQX,A,B,../../GraPPI_data/PDB/dimer_db/3EQX.pdb,1
3ER7,A,B,../../GraPPI_data/PDB/dimer_db/3ER7.pdb,1
3ES2,A,B,../../GraPPI_data/PDB/dimer_db/3ES2.pdb,1
3ES4,A,B,../../GraPPI_data/PDB/dimer_db/3ES4.pdb,1
3ETH,A,B,../../GraPPI_data/PDB/dimer_db/3ETH.pdb,1
3EUC,A,B,../../GraPPI_data/PDB/dimer_db/3EUC.pdb,1
3EUS,A,B,../../GraPPI_data/PDB/dimer_db/3EUS.pdb,1
3EY7,A,B,../../GraPPI_data/PDB/dimer_db/3EY7.pdb,1
3EYY,A,B,../../GraPPI_data/PDB/dimer_db/3EYY.pdb,1
3EZ1,A,B,../../GraPPI_data/PDB/dimer_db/3EZ1.pdb,1
3EZ2,A,B,../../GraPPI_data/PDB/dimer_db/3EZ2.pdb,1
3EZH,A,B,../../GraPPI_data/PDB/dimer_db/3EZH.pdb,1
3EZS,A,B,../../GraPPI_data/PDB/dimer_db/3EZS.pdb,1
3F08,A,B,../../GraPPI_data/PDB/dimer_db/3F08.pdb,1
3F13,A,B,../../GraPPI_data/PDB/dimer_db/3F13.pdb,1
3F1C,A,B,../../GraPPI_data/PDB/dimer_db/3F1C.pdb,1
3F1L,A,B,../../GraPPI_data/PDB/dimer_db/3F1L.pdb,1
3F41,A,B,../../GraPPI_data/PDB/dimer_db/3F41.pdb,1
3F4C,A,B,../../GraPPI_data/PDB/dimer_db/3F4C.pdb,1
3F52,A,E,../../GraPPI_data/PDB/dimer_db/3F52.pdb,1
3F6A,A,B,../../GraPPI_data/PDB/dimer_db/3F6A.pdb,1
3F6C,A,B,../../GraPPI_data/PDB/dimer_db/3F6C.pdb,1
3F6O,A,B,../../GraPPI_data/PDB/dimer_db/3F6O.pdb,1
3F6T,A,B,../../GraPPI_data/PDB/dimer_db/3F6T.pdb,1
3F7E,A,B,../../GraPPI_data/PDB/dimer_db/3F7E.pdb,1
3F84,A,B,../../GraPPI_data/PDB/dimer_db/3F84.pdb,1
3F8H,A,B,../../GraPPI_data/PDB/dimer_db/3F8H.pdb,1
3F8M,A,B,../../GraPPI_data/PDB/dimer_db/3F8M.pdb,1
3F9U,A,B,../../GraPPI_data/PDB/dimer_db/3F9U.pdb,1
3FA5,A,B,../../GraPPI_data/PDB/dimer_db/3FA5.pdb,1
3FB9,A,B,../../GraPPI_data/PDB/dimer_db/3FB9.pdb,1
3FBG,A,B,../../GraPPI_data/PDB/dimer_db/3FBG.pdb,1
3FBU,A,B,../../GraPPI_data/PDB/dimer_db/3FBU.pdb,1
3FCD,A,B,../../GraPPI_data/PDB/dimer_db/3FCD.pdb,1
3FCM,A,B,../../GraPPI_data/PDB/dimer_db/3FCM.pdb,1
3FF0,A,B,../../GraPPI_data/PDB/dimer_db/3FF0.pdb,1
3FFH,A,B,../../GraPPI_data/PDB/dimer_db/3FFH.pdb,1
3FGV,A,B,../../GraPPI_data/PDB/dimer_db/3FGV.pdb,1
3FGY,A,B,../../GraPPI_data/PDB/dimer_db/3FGY.pdb,1
3FH3,A,B,../../GraPPI_data/PDB/dimer_db/3FH3.pdb,1
3FHW,A,B,../../GraPPI_data/PDB/dimer_db/3FHW.pdb,1
3FI9,A,B,../../GraPPI_data/PDB/dimer_db/3FI9.pdb,1
3FIL,A,B,../../GraPPI_data/PDB/dimer_db/3FIL.pdb,1
3FJV,A,B,../../GraPPI_data/PDB/dimer_db/3FJV.pdb,1
3FJY,A,B,../../GraPPI_data/PDB/dimer_db/3FJY.pdb,1
3FK4,A,B,../../GraPPI_data/PDB/dimer_db/3FK4.pdb,1
3FK9,A,B,../../GraPPI_data/PDB/dimer_db/3FK9.pdb,1
3FKJ,A,B,../../GraPPI_data/PDB/dimer_db/3FKJ.pdb,1
3FKR,A,B,../../GraPPI_data/PDB/dimer_db/3FKR.pdb,1
3FM2,A,B,../../GraPPI_data/PDB/dimer_db/3FM2.pdb,1
3FMB,A,B,../../GraPPI_data/PDB/dimer_db/3FMB.pdb,1
3FNB,A,B,../../GraPPI_data/PDB/dimer_db/3FNB.pdb,1
3FNC,A,B,../../GraPPI_data/PDB/dimer_db/3FNC.pdb,1
3FPK,A,B,../../GraPPI_data/PDB/dimer_db/3FPK.pdb,1
3FQ8,A,B,../../GraPPI_data/PDB/dimer_db/3FQ8.pdb,1
3FRK,A,B,../../GraPPI_data/PDB/dimer_db/3FRK.pdb,1
3FRQ,A,B,../../GraPPI_data/PDB/dimer_db/3FRQ.pdb,1
3FSE,A,B,../../GraPPI_data/PDB/dimer_db/3FSE.pdb,1
3FU1,A,B,../../GraPPI_data/PDB/dimer_db/3FU1.pdb,1
3FV6,A,B,../../GraPPI_data/PDB/dimer_db/3FV6.pdb,1
3FVQ,A,B,../../GraPPI_data/PDB/dimer_db/3FVQ.pdb,1
3FWY,A,B,../../GraPPI_data/PDB/dimer_db/3FWY.pdb,1
3FWZ,A,B,../../GraPPI_data/PDB/dimer_db/3FWZ.pdb,1
3FX3,A,B,../../GraPPI_data/PDB/dimer_db/3FX3.pdb,1
3FX7,A,B,../../GraPPI_data/PDB/dimer_db/3FX7.pdb,1
3FYB,A,B,../../GraPPI_data/PDB/dimer_db/3FYB.pdb,1
3FYF,A,B,../../GraPPI_data/PDB/dimer_db/3FYF.pdb,1
3FYY,A,B,../../GraPPI_data/PDB/dimer_db/3FYY.pdb,1
3FZQ,A,B,../../GraPPI_data/PDB/dimer_db/3FZQ.pdb,1
3G05,A,B,../../GraPPI_data/PDB/dimer_db/3G05.pdb,1
3G0T,A,B,../../GraPPI_data/PDB/dimer_db/3G0T.pdb,1
3G12,A,B,../../GraPPI_data/PDB/dimer_db/3G12.pdb,1
3G13,A,B,../../GraPPI_data/PDB/dimer_db/3G13.pdb,1
3G14,A,B,../../GraPPI_data/PDB/dimer_db/3G14.pdb,1
3G16,A,B,../../GraPPI_data/PDB/dimer_db/3G16.pdb,1
3G1P,A,B,../../GraPPI_data/PDB/dimer_db/3G1P.pdb,1
3G1W,A,B,../../GraPPI_data/PDB/dimer_db/3G1W.pdb,1
3G23,A,B,../../GraPPI_data/PDB/dimer_db/3G23.pdb,1
3G2M,A,B,../../GraPPI_data/PDB/dimer_db/3G2M.pdb,1
3G3Z,A,B,../../GraPPI_data/PDB/dimer_db/3G3Z.pdb,1
3G67,A,B,../../GraPPI_data/PDB/dimer_db/3G67.pdb,1
3G6O,A,B,../../GraPPI_data/PDB/dimer_db/3G6O.pdb,1
3G7R,A,B,../../GraPPI_data/PDB/dimer_db/3G7R.pdb,1
3G8R,A,B,../../GraPPI_data/PDB/dimer_db/3G8R.pdb,1
3GAZ,A,B,../../GraPPI_data/PDB/dimer_db/3GAZ.pdb,1
3GBV,A,B,../../GraPPI_data/PDB/dimer_db/3GBV.pdb,1
3GBY,A,B,../../GraPPI_data/PDB/dimer_db/3GBY.pdb,1
3GDO,A,B,../../GraPPI_data/PDB/dimer_db/3GDO.pdb,1
3GE5,A,B,../../GraPPI_data/PDB/dimer_db/3GE5.pdb,1
3GE6,A,B,../../GraPPI_data/PDB/dimer_db/3GE6.pdb,1
3GET,A,B,../../GraPPI_data/PDB/dimer_db/3GET.pdb,1
3GFA,A,B,../../GraPPI_data/PDB/dimer_db/3GFA.pdb,1
3GFF,A,B,../../GraPPI_data/PDB/dimer_db/3GFF.pdb,1
3GFZ,A,B,../../GraPPI_data/PDB/dimer_db/3GFZ.pdb,1
3GGN,A,B,../../GraPPI_data/PDB/dimer_db/3GGN.pdb,1
3GIU,A,B,../../GraPPI_data/PDB/dimer_db/3GIU.pdb,1
3GK7,A,B,../../GraPPI_data/PDB/dimer_db/3GK7.pdb,1
3GKX,A,B,../../GraPPI_data/PDB/dimer_db/3GKX.pdb,1
3GMG,A,B,../../GraPPI_data/PDB/dimer_db/3GMG.pdb,1
3GN5,A,B,../../GraPPI_data/PDB/dimer_db/3GN5.pdb,1
3GO6,A,B,../../GraPPI_data/PDB/dimer_db/3GO6.pdb,1
3GOC,A,B,../../GraPPI_data/PDB/dimer_db/3GOC.pdb,1
3GPV,A,B,../../GraPPI_data/PDB/dimer_db/3GPV.pdb,1
3GR3,A,B,../../GraPPI_data/PDB/dimer_db/3GR3.pdb,1
3GRA,A,B,../../GraPPI_data/PDB/dimer_db/3GRA.pdb,1
3GRD,A,B,../../GraPPI_data/PDB/dimer_db/3GRD.pdb,1
3GRZ,A,B,../../GraPPI_data/PDB/dimer_db/3GRZ.pdb,1
3GU3,A,B,../../GraPPI_data/PDB/dimer_db/3GU3.pdb,1
3GUZ,A,B,../../GraPPI_data/PDB/dimer_db/3GUZ.pdb,1
3GW4,A,B,../../GraPPI_data/PDB/dimer_db/3GW4.pdb,1
3GW7,A,B,../../GraPPI_data/PDB/dimer_db/3GW7.pdb,1
3GWA,A,B,../../GraPPI_data/PDB/dimer_db/3GWA.pdb,1
3GWB,A,B,../../GraPPI_data/PDB/dimer_db/3GWB.pdb,1
3GWK,C,E,../../GraPPI_data/PDB/dimer_db/3GWK.pdb,1
3GWQ,A,B,../../GraPPI_data/PDB/dimer_db/3GWQ.pdb,1
3GWR,A,B,../../GraPPI_data/PDB/dimer_db/3GWR.pdb,1
3GWY,A,B,../../GraPPI_data/PDB/dimer_db/3GWY.pdb,1
3GYB,A,B,../../GraPPI_data/PDB/dimer_db/3GYB.pdb,1
3GYD,A,B,../../GraPPI_data/PDB/dimer_db/3GYD.pdb,1
3GYQ,A,B,../../GraPPI_data/PDB/dimer_db/3GYQ.pdb,1
3GZ5,A,B,../../GraPPI_data/PDB/dimer_db/3GZ5.pdb,1
3GZ7,A,B,../../GraPPI_data/PDB/dimer_db/3GZ7.pdb,1
3GZA,A,B,../../GraPPI_data/PDB/dimer_db/3GZA.pdb,1
3GZR,A,B,../../GraPPI_data/PDB/dimer_db/3GZR.pdb,1
3GZS,A,B,../../GraPPI_data/PDB/dimer_db/3GZS.pdb,1
3H05,A,B,../../GraPPI_data/PDB/dimer_db/3H05.pdb,1
3H07,A,B,../../GraPPI_data/PDB/dimer_db/3H07.pdb,1
3H1N,A,B,../../GraPPI_data/PDB/dimer_db/3H1N.pdb,1
3H1S,A,B,../../GraPPI_data/PDB/dimer_db/3H1S.pdb,1
3H2D,A,B,../../GraPPI_data/PDB/dimer_db/3H2D.pdb,1
3H2S,A,B,../../GraPPI_data/PDB/dimer_db/3H2S.pdb,1
3H3H,A,B,../../GraPPI_data/PDB/dimer_db/3H3H.pdb,1
3H3M,A,B,../../GraPPI_data/PDB/dimer_db/3H3M.pdb,1
3H51,A,B,../../GraPPI_data/PDB/dimer_db/3H51.pdb,1
3H78,A,B,../../GraPPI_data/PDB/dimer_db/3H78.pdb,1
3H7F,A,B,../../GraPPI_data/PDB/dimer_db/3H7F.pdb,1
3H8U,A,B,../../GraPPI_data/PDB/dimer_db/3H8U.pdb,1
3HA2,A,B,../../GraPPI_data/PDB/dimer_db/3HA2.pdb,1
3HAM,A,B,../../GraPPI_data/PDB/dimer_db/3HAM.pdb,1
3HBA,A,B,../../GraPPI_data/PDB/dimer_db/3HBA.pdb,1
3HCW,A,B,../../GraPPI_data/PDB/dimer_db/3HCW.pdb,1
3HDJ,A,B,../../GraPPI_data/PDB/dimer_db/3HDJ.pdb,1
3HDO,A,B,../../GraPPI_data/PDB/dimer_db/3HDO.pdb,1
3HE8,A,B,../../GraPPI_data/PDB/dimer_db/3HE8.pdb,1
3HEB,A,B,../../GraPPI_data/PDB/dimer_db/3HEB.pdb,1
3HG9,A,B,../../GraPPI_data/PDB/dimer_db/3HG9.pdb,1
3HGU,A,B,../../GraPPI_data/PDB/dimer_db/3HGU.pdb,1
3HHE,A,B,../../GraPPI_data/PDB/dimer_db/3HHE.pdb,1
3HHF,B,A,../../GraPPI_data/PDB/dimer_db/3HHF.pdb,1
3HHH,A,B,../../GraPPI_data/PDB/dimer_db/3HHH.pdb,1
3HI0,A,B,../../GraPPI_data/PDB/dimer_db/3HI0.pdb,1
3HIM,A,B,../../GraPPI_data/PDB/dimer_db/3HIM.pdb,1
3HIN,A,B,../../GraPPI_data/PDB/dimer_db/3HIN.pdb,1
3HJ6,A,B,../../GraPPI_data/PDB/dimer_db/3HJ6.pdb,1
3HJ9,A,B,../../GraPPI_data/PDB/dimer_db/3HJ9.pdb,1
3HJG,A,B,../../GraPPI_data/PDB/dimer_db/3HJG.pdb,1
3HJN,A,B,../../GraPPI_data/PDB/dimer_db/3HJN.pdb,1
3HJV,A,B,../../GraPPI_data/PDB/dimer_db/3HJV.pdb,1
3HL0,A,B,../../GraPPI_data/PDB/dimer_db/3HL0.pdb,1
3HL6,A,B,../../GraPPI_data/PDB/dimer_db/3HL6.pdb,1
3HLU,A,B,../../GraPPI_data/PDB/dimer_db/3HLU.pdb,1
3HLX,A,D,../../GraPPI_data/PDB/dimer_db/3HLX.pdb,1
3HM4,A,B,../../GraPPI_data/PDB/dimer_db/3HM4.pdb,1
3HMU,A,B,../../GraPPI_data/PDB/dimer_db/3HMU.pdb,1
3HN0,A,B,../../GraPPI_data/PDB/dimer_db/3HN0.pdb,1
3HNW,A,B,../../GraPPI_data/PDB/dimer_db/3HNW.pdb,1
3HO7,A,B,../../GraPPI_data/PDB/dimer_db/3HO7.pdb,1
3HOA,A,B,../../GraPPI_data/PDB/dimer_db/3HOA.pdb,1
3HPE,A,B,../../GraPPI_data/PDB/dimer_db/3HPE.pdb,1
3HQ1,A,B,../../GraPPI_data/PDB/dimer_db/3HQ1.pdb,1
3HQ2,A,B,../../GraPPI_data/PDB/dimer_db/3HQ2.pdb,1
3HQ9,A,B,../../GraPPI_data/PDB/dimer_db/3HQ9.pdb,1
3HR7,A,B,../../GraPPI_data/PDB/dimer_db/3HR7.pdb,1
3HRS,A,B,../../GraPPI_data/PDB/dimer_db/3HRS.pdb,1
3HS3,A,B,../../GraPPI_data/PDB/dimer_db/3HS3.pdb,1
3HSS,A,B,../../GraPPI_data/PDB/dimer_db/3HSS.pdb,1
3HT2,A,C,../../GraPPI_data/PDB/dimer_db/3HT2.pdb,1
3HTJ,A,B,../../GraPPI_data/PDB/dimer_db/3HTJ.pdb,1
3HTR,A,B,../../GraPPI_data/PDB/dimer_db/3HTR.pdb,1
3HU5,A,B,../../GraPPI_data/PDB/dimer_db/3HU5.pdb,1
3HV1,A,B,../../GraPPI_data/PDB/dimer_db/3HV1.pdb,1
3HV2,A,B,../../GraPPI_data/PDB/dimer_db/3HV2.pdb,1
3HVS,A,B,../../GraPPI_data/PDB/dimer_db/3HVS.pdb,1
3HWP,A,B,../../GraPPI_data/PDB/dimer_db/3HWP.pdb,1
3HWR,A,B,../../GraPPI_data/PDB/dimer_db/3HWR.pdb,1
3HWW,A,D,../../GraPPI_data/PDB/dimer_db/3HWW.pdb,1
3HX9,A,B,../../GraPPI_data/PDB/dimer_db/3HX9.pdb,1
3HXS,A,B,../../GraPPI_data/PDB/dimer_db/3HXS.pdb,1
3HYB,A,B,../../GraPPI_data/PDB/dimer_db/3HYB.pdb,1
3I07,A,B,../../GraPPI_data/PDB/dimer_db/3I07.pdb,1
3I0Z,A,B,../../GraPPI_data/PDB/dimer_db/3I0Z.pdb,1
3I1J,A,B,../../GraPPI_data/PDB/dimer_db/3I1J.pdb,1
3I23,A,B,../../GraPPI_data/PDB/dimer_db/3I23.pdb,1
3I24,A,B,../../GraPPI_data/PDB/dimer_db/3I24.pdb,1
3I3W,A,B,../../GraPPI_data/PDB/dimer_db/3I3W.pdb,1
3I4S,A,B,../../GraPPI_data/PDB/dimer_db/3I4S.pdb,1
3I53,A,B,../../GraPPI_data/PDB/dimer_db/3I53.pdb,1
3I5T,A,B,../../GraPPI_data/PDB/dimer_db/3I5T.pdb,1
3I7D,A,B,../../GraPPI_data/PDB/dimer_db/3I7D.pdb,1
3I83,A,B,../../GraPPI_data/PDB/dimer_db/3I83.pdb,1
3I8N,A,B,../../GraPPI_data/PDB/dimer_db/3I8N.pdb,1
3IA1,A,B,../../GraPPI_data/PDB/dimer_db/3IA1.pdb,1
3IA7,A,B,../../GraPPI_data/PDB/dimer_db/3IA7.pdb,1
3IAH,A,B,../../GraPPI_data/PDB/dimer_db/3IAH.pdb,1
3IBM,A,B,../../GraPPI_data/PDB/dimer_db/3IBM.pdb,1
3IBW,A,B,../../GraPPI_data/PDB/dimer_db/3IBW.pdb,1
3IC7,A,B,../../GraPPI_data/PDB/dimer_db/3IC7.pdb,1
3ICA,A,B,../../GraPPI_data/PDB/dimer_db/3ICA.pdb,1
3ICS,A,B,../../GraPPI_data/PDB/dimer_db/3ICS.pdb,1
3ID3,A,B,../../GraPPI_data/PDB/dimer_db/3ID3.pdb,1
3ID9,A,B,../../GraPPI_data/PDB/dimer_db/3ID9.pdb,1
3IDF,A,B,../../GraPPI_data/PDB/dimer_db/3IDF.pdb,1
3IEF,A,B,../../GraPPI_data/PDB/dimer_db/3IEF.pdb,1
3IF2,A,B,../../GraPPI_data/PDB/dimer_db/3IF2.pdb,1
3IGF,A,B,../../GraPPI_data/PDB/dimer_db/3IGF.pdb,1
3IGR,A,B,../../GraPPI_data/PDB/dimer_db/3IGR.pdb,1
3IHM,A,B,../../GraPPI_data/PDB/dimer_db/3IHM.pdb,1
3IHT,A,B,../../GraPPI_data/PDB/dimer_db/3IHT.pdb,1
3IIC,A,B,../../GraPPI_data/PDB/dimer_db/3IIC.pdb,1
3IIE,A,B,../../GraPPI_data/PDB/dimer_db/3IIE.pdb,1
3IJD,A,B,../../GraPPI_data/PDB/dimer_db/3IJD.pdb,1
3IJL,A,B,../../GraPPI_data/PDB/dimer_db/3IJL.pdb,1
3IJM,A,B,../../GraPPI_data/PDB/dimer_db/3IJM.pdb,1
3IJT,A,B,../../GraPPI_data/PDB/dimer_db/3IJT.pdb,1
3IJW,A,B,../../GraPPI_data/PDB/dimer_db/3IJW.pdb,1
3ILK,A,B,../../GraPPI_data/PDB/dimer_db/3ILK.pdb,1
3ILW,A,B,../../GraPPI_data/PDB/dimer_db/3ILW.pdb,1
3IN6,A,B,../../GraPPI_data/PDB/dimer_db/3IN6.pdb,1
3INR,A,B,../../GraPPI_data/PDB/dimer_db/3INR.pdb,1
3IOY,A,B,../../GraPPI_data/PDB/dimer_db/3IOY.pdb,1
3IPF,A,B,../../GraPPI_data/PDB/dimer_db/3IPF.pdb,1
3IPO,A,B,../../GraPPI_data/PDB/dimer_db/3IPO.pdb,1
3IQ0,A,B,../../GraPPI_data/PDB/dimer_db/3IQ0.pdb,1
3IS6,A,B,../../GraPPI_data/PDB/dimer_db/3IS6.pdb,1
3ISL,A,B,../../GraPPI_data/PDB/dimer_db/3ISL.pdb,1
3IST,A,B,../../GraPPI_data/PDB/dimer_db/3IST.pdb,1
3ITF,A,B,../../GraPPI_data/PDB/dimer_db/3ITF.pdb,1
3ITQ,A,B,../../GraPPI_data/PDB/dimer_db/3ITQ.pdb,1
3IUO,A,B,../../GraPPI_data/PDB/dimer_db/3IUO.pdb,1
3IUP,A,B,../../GraPPI_data/PDB/dimer_db/3IUP.pdb,1
3IUW,A,B,../../GraPPI_data/PDB/dimer_db/3IUW.pdb,1
3IV7,A,B,../../GraPPI_data/PDB/dimer_db/3IV7.pdb,1
3IVR,A,B,../../GraPPI_data/PDB/dimer_db/3IVR.pdb,1
3IWF,A,B,../../GraPPI_data/PDB/dimer_db/3IWF.pdb,1
3IWG,A,B,../../GraPPI_data/PDB/dimer_db/3IWG.pdb,1
3IX1,A,B,../../GraPPI_data/PDB/dimer_db/3IX1.pdb,1
3IX3,A,B,../../GraPPI_data/PDB/dimer_db/3IX3.pdb,1
3IX6,A,B,../../GraPPI_data/PDB/dimer_db/3IX6.pdb,1
3IX7,A,B,../../GraPPI_data/PDB/dimer_db/3IX7.pdb,1
3IX9,A,B,../../GraPPI_data/PDB/dimer_db/3IX9.pdb,1
3JSL,A,B,../../GraPPI_data/PDB/dimer_db/3JSL.pdb,1
3JTF,A,B,../../GraPPI_data/PDB/dimer_db/3JTF.pdb,1
3JU7,A,B,../../GraPPI_data/PDB/dimer_db/3JU7.pdb,1
3JU8,A,B,../../GraPPI_data/PDB/dimer_db/3JU8.pdb,1
3JV9,A,B,../../GraPPI_data/PDB/dimer_db/3JV9.pdb,1
3JVD,A,B,../../GraPPI_data/PDB/dimer_db/3JVD.pdb,1
3JX9,A,B,../../GraPPI_data/PDB/dimer_db/3JX9.pdb,1
3JXO,A,B,../../GraPPI_data/PDB/dimer_db/3JXO.pdb,1
3JZ0,A,B,../../GraPPI_data/PDB/dimer_db/3JZ0.pdb,1
3JZ3,A,B,../../GraPPI_data/PDB/dimer_db/3JZ3.pdb,1
3K0Z,A,B,../../GraPPI_data/PDB/dimer_db/3K0Z.pdb,1
3K2N,A,B,../../GraPPI_data/PDB/dimer_db/3K2N.pdb,1
3K2V,A,B,../../GraPPI_data/PDB/dimer_db/3K2V.pdb,1
3K2Z,A,B,../../GraPPI_data/PDB/dimer_db/3K2Z.pdb,1
3K30,A,B,../../GraPPI_data/PDB/dimer_db/3K30.pdb,1
3K31,A,B,../../GraPPI_data/PDB/dimer_db/3K31.pdb,1
3K3P,A,B,../../GraPPI_data/PDB/dimer_db/3K3P.pdb,1
3K3W,A,B,../../GraPPI_data/PDB/dimer_db/3K3W.pdb,1
3K6H,A,B,../../GraPPI_data/PDB/dimer_db/3K6H.pdb,1
3K6Z,A,B,../../GraPPI_data/PDB/dimer_db/3K6Z.pdb,1
3K7T,A,B,../../GraPPI_data/PDB/dimer_db/3K7T.pdb,1
3K85,A,B,../../GraPPI_data/PDB/dimer_db/3K85.pdb,1
3K86,A,B,../../GraPPI_data/PDB/dimer_db/3K86.pdb,1
3K8A,A,B,../../GraPPI_data/PDB/dimer_db/3K8A.pdb,1
3K8R,A,B,../../GraPPI_data/PDB/dimer_db/3K8R.pdb,1
3K94,A,B,../../GraPPI_data/PDB/dimer_db/3K94.pdb,1
3K96,A,B,../../GraPPI_data/PDB/dimer_db/3K96.pdb,1
3K9C,A,B,../../GraPPI_data/PDB/dimer_db/3K9C.pdb,1
3K9H,A,B,../../GraPPI_data/PDB/dimer_db/3K9H.pdb,1
3KA5,A,B,../../GraPPI_data/PDB/dimer_db/3KA5.pdb,1
3KB2,A,B,../../GraPPI_data/PDB/dimer_db/3KB2.pdb,1
3KBY,A,B,../../GraPPI_data/PDB/dimer_db/3KBY.pdb,1
3KCN,A,B,../../GraPPI_data/PDB/dimer_db/3KCN.pdb,1
3KD6,A,B,../../GraPPI_data/PDB/dimer_db/3KD6.pdb,1
3KDG,A,B,../../GraPPI_data/PDB/dimer_db/3KDG.pdb,1
3KE7,A,B,../../GraPPI_data/PDB/dimer_db/3KE7.pdb,1
3KEO,A,B,../../GraPPI_data/PDB/dimer_db/3KEO.pdb,1
3KGK,A,B,../../GraPPI_data/PDB/dimer_db/3KGK.pdb,1
3KGY,A,B,../../GraPPI_data/PDB/dimer_db/3KGY.pdb,1
3KGZ,A,B,../../GraPPI_data/PDB/dimer_db/3KGZ.pdb,1
3KH1,A,B,../../GraPPI_data/PDB/dimer_db/3KH1.pdb,1
3KHN,A,B,../../GraPPI_data/PDB/dimer_db/3KHN.pdb,1
3KHY,A,B,../../GraPPI_data/PDB/dimer_db/3KHY.pdb,1
3KKI,A,B,../../GraPPI_data/PDB/dimer_db/3KKI.pdb,1
3KKY,A,B,../../GraPPI_data/PDB/dimer_db/3KKY.pdb,1
3KLW,A,B,../../GraPPI_data/PDB/dimer_db/3KLW.pdb,1
3KMH,A,B,../../GraPPI_data/PDB/dimer_db/3KMH.pdb,1
3KMI,A,B,../../GraPPI_data/PDB/dimer_db/3KMI.pdb,1
3KNG,A,B,../../GraPPI_data/PDB/dimer_db/3KNG.pdb,1
3KNW,A,B,../../GraPPI_data/PDB/dimer_db/3KNW.pdb,1
3KOM,A,B,../../GraPPI_data/PDB/dimer_db/3KOM.pdb,1
3KPH,A,B,../../GraPPI_data/PDB/dimer_db/3KPH.pdb,1
3KSM,A,B,../../GraPPI_data/PDB/dimer_db/3KSM.pdb,1
3KSU,A,B,../../GraPPI_data/PDB/dimer_db/3KSU.pdb,1
3KU7,A,B,../../GraPPI_data/PDB/dimer_db/3KU7.pdb,1
3KUV,A,B,../../GraPPI_data/PDB/dimer_db/3KUV.pdb,1
3KW2,A,B,../../GraPPI_data/PDB/dimer_db/3KW2.pdb,1
3KW3,A,B,../../GraPPI_data/PDB/dimer_db/3KW3.pdb,1
3KWR,A,B,../../GraPPI_data/PDB/dimer_db/3KWR.pdb,1
3KWS,A,B,../../GraPPI_data/PDB/dimer_db/3KWS.pdb,1
3KXQ,A,B,../../GraPPI_data/PDB/dimer_db/3KXQ.pdb,1
3KY8,A,B,../../GraPPI_data/PDB/dimer_db/3KY8.pdb,1
3KYG,A,B,../../GraPPI_data/PDB/dimer_db/3KYG.pdb,1
3KZH,A,B,../../GraPPI_data/PDB/dimer_db/3KZH.pdb,1
3KZP,A,B,../../GraPPI_data/PDB/dimer_db/3KZP.pdb,1
3KZT,A,B,../../GraPPI_data/PDB/dimer_db/3KZT.pdb,1
3L07,A,B,../../GraPPI_data/PDB/dimer_db/3L07.pdb,1
3L0D,A,B,../../GraPPI_data/PDB/dimer_db/3L0D.pdb,1
3L0O,A,B,../../GraPPI_data/PDB/dimer_db/3L0O.pdb,1
3L0Q,A,B,../../GraPPI_data/PDB/dimer_db/3L0Q.pdb,1
3L12,A,B,../../GraPPI_data/PDB/dimer_db/3L12.pdb,1
3L20,A,B,../../GraPPI_data/PDB/dimer_db/3L20.pdb,1
3L2B,A,B,../../GraPPI_data/PDB/dimer_db/3L2B.pdb,1
3L3B,A,B,../../GraPPI_data/PDB/dimer_db/3L3B.pdb,1
3L44,A,B,../../GraPPI_data/PDB/dimer_db/3L44.pdb,1
3L5Z,A,B,../../GraPPI_data/PDB/dimer_db/3L5Z.pdb,1
3L6D,A,B,../../GraPPI_data/PDB/dimer_db/3L6D.pdb,1
3L6E,A,B,../../GraPPI_data/PDB/dimer_db/3L6E.pdb,1
3L6U,A,B,../../GraPPI_data/PDB/dimer_db/3L6U.pdb,1
3L76,A,B,../../GraPPI_data/PDB/dimer_db/3L76.pdb,1
3L7O,A,B,../../GraPPI_data/PDB/dimer_db/3L7O.pdb,1
3L8A,A,B,../../GraPPI_data/PDB/dimer_db/3L8A.pdb,1
3L8U,A,B,../../GraPPI_data/PDB/dimer_db/3L8U.pdb,1
3LA7,A,B,../../GraPPI_data/PDB/dimer_db/3LA7.pdb,1
3LAC,A,B,../../GraPPI_data/PDB/dimer_db/3LAC.pdb,1
3LAD,A,B,../../GraPPI_data/PDB/dimer_db/3LAD.pdb,1
3LAG,A,B,../../GraPPI_data/PDB/dimer_db/3LAG.pdb,1
3LAS,A,B,../../GraPPI_data/PDB/dimer_db/3LAS.pdb,1
3LBB,A,B,../../GraPPI_data/PDB/dimer_db/3LBB.pdb,1
3LBY,A,B,../../GraPPI_data/PDB/dimer_db/3LBY.pdb,1
3LDV,A,B,../../GraPPI_data/PDB/dimer_db/3LDV.pdb,1
3LED,A,B,../../GraPPI_data/PDB/dimer_db/3LED.pdb,1
3LFR,A,B,../../GraPPI_data/PDB/dimer_db/3LFR.pdb,1
3LGJ,A,B,../../GraPPI_data/PDB/dimer_db/3LGJ.pdb,1
3LHQ,A,B,../../GraPPI_data/PDB/dimer_db/3LHQ.pdb,1
3LHX,A,B,../../GraPPI_data/PDB/dimer_db/3LHX.pdb,1
3LIS,A,B,../../GraPPI_data/PDB/dimer_db/3LIS.pdb,1
3LJL,A,B,../../GraPPI_data/PDB/dimer_db/3LJL.pdb,1
3LKB,A,B,../../GraPPI_data/PDB/dimer_db/3LKB.pdb,1
3LKL,A,B,../../GraPPI_data/PDB/dimer_db/3LKL.pdb,1
3LL3,A,B,../../GraPPI_data/PDB/dimer_db/3LL3.pdb,1
3LM2,A,B,../../GraPPI_data/PDB/dimer_db/3LM2.pdb,1
3LM6,A,B,../../GraPPI_data/PDB/dimer_db/3LM6.pdb,1
3LM7,A,B,../../GraPPI_data/PDB/dimer_db/3LM7.pdb,1
3LN7,A,B,../../GraPPI_data/PDB/dimer_db/3LN7.pdb,1
3LNC,A,B,../../GraPPI_data/PDB/dimer_db/3LNC.pdb,1
3LOM,A,B,../../GraPPI_data/PDB/dimer_db/3LOM.pdb,1
3LR5,A,B,../../GraPPI_data/PDB/dimer_db/3LR5.pdb,1
3LS9,A,B,../../GraPPI_data/PDB/dimer_db/3LS9.pdb,1
3LSJ,A,B,../../GraPPI_data/PDB/dimer_db/3LSJ.pdb,1
3LTO,A,B,../../GraPPI_data/PDB/dimer_db/3LTO.pdb,1
3LU2,A,B,../../GraPPI_data/PDB/dimer_db/3LU2.pdb,1
3LUF,A,B,../../GraPPI_data/PDB/dimer_db/3LUF.pdb,1
3LUL,A,B,../../GraPPI_data/PDB/dimer_db/3LUL.pdb,1
3LV0,A,B,../../GraPPI_data/PDB/dimer_db/3LV0.pdb,1
3LVM,A,B,../../GraPPI_data/PDB/dimer_db/3LVM.pdb,1
3LW3,A,B,../../GraPPI_data/PDB/dimer_db/3LW3.pdb,1
3LWB,A,B,../../GraPPI_data/PDB/dimer_db/3LWB.pdb,1
3LYD,A,B,../../GraPPI_data/PDB/dimer_db/3LYD.pdb,1
3LYH,A,B,../../GraPPI_data/PDB/dimer_db/3LYH.pdb,1
3LYK,A,B,../../GraPPI_data/PDB/dimer_db/3LYK.pdb,1
3LYP,A,B,../../GraPPI_data/PDB/dimer_db/3LYP.pdb,1
3LYX,A,B,../../GraPPI_data/PDB/dimer_db/3LYX.pdb,1
3LZ8,A,B,../../GraPPI_data/PDB/dimer_db/3LZ8.pdb,1
3LZQ,A,B,../../GraPPI_data/PDB/dimer_db/3LZQ.pdb,1
3LZX,A,B,../../GraPPI_data/PDB/dimer_db/3LZX.pdb,1
3M0F,A,B,../../GraPPI_data/PDB/dimer_db/3M0F.pdb,1
3M0G,A,B,../../GraPPI_data/PDB/dimer_db/3M0G.pdb,1
3M1U,A,B,../../GraPPI_data/PDB/dimer_db/3M1U.pdb,1
3M49,A,B,../../GraPPI_data/PDB/dimer_db/3M49.pdb,1
3M5K,A,B,../../GraPPI_data/PDB/dimer_db/3M5K.pdb,1
3M5U,A,B,../../GraPPI_data/PDB/dimer_db/3M5U.pdb,1
3M84,A,B,../../GraPPI_data/PDB/dimer_db/3M84.pdb,1
3M8J,A,B,../../GraPPI_data/PDB/dimer_db/3M8J.pdb,1
3M92,A,B,../../GraPPI_data/PDB/dimer_db/3M92.pdb,1
3M9Y,A,B,../../GraPPI_data/PDB/dimer_db/3M9Y.pdb,1
3MAD,A,B,../../GraPPI_data/PDB/dimer_db/3MAD.pdb,1
3MCW,A,B,../../GraPPI_data/PDB/dimer_db/3MCW.pdb,1
3MCZ,A,B,../../GraPPI_data/PDB/dimer_db/3MCZ.pdb,1
3MDK,A,B,../../GraPPI_data/PDB/dimer_db/3MDK.pdb,1
3MDO,A,B,../../GraPPI_data/PDB/dimer_db/3MDO.pdb,1
3MEX,A,B,../../GraPPI_data/PDB/dimer_db/3MEX.pdb,1
3MF2,A,B,../../GraPPI_data/PDB/dimer_db/3MF2.pdb,1
3MGC,A,B,../../GraPPI_data/PDB/dimer_db/3MGC.pdb,1
3MGK,A,B,../../GraPPI_data/PDB/dimer_db/3MGK.pdb,1
3MHE,A,B,../../GraPPI_data/PDB/dimer_db/3MHE.pdb,1
3MHX,A,B,../../GraPPI_data/PDB/dimer_db/3MHX.pdb,1
3MJO,A,B,../../GraPPI_data/PDB/dimer_db/3MJO.pdb,1
3MJQ,A,B,../../GraPPI_data/PDB/dimer_db/3MJQ.pdb,1
3MLA,A,B,../../GraPPI_data/PDB/dimer_db/3MLA.pdb,1
3MMJ,A,B,../../GraPPI_data/PDB/dimer_db/3MMJ.pdb,1
3MOL,A,B,../../GraPPI_data/PDB/dimer_db/3MOL.pdb,1
3MQ0,A,B,../../GraPPI_data/PDB/dimer_db/3MQ0.pdb,1
3MQQ,A,B,../../GraPPI_data/PDB/dimer_db/3MQQ.pdb,1
3MSU,A,B,../../GraPPI_data/PDB/dimer_db/3MSU.pdb,1
3MT1,A,B,../../GraPPI_data/PDB/dimer_db/3MT1.pdb,1
3MTI,A,B,../../GraPPI_data/PDB/dimer_db/3MTI.pdb,1
3MTQ,A,B,../../GraPPI_data/PDB/dimer_db/3MTQ.pdb,1
3MUQ,A,B,../../GraPPI_data/PDB/dimer_db/3MUQ.pdb,1
3MUX,A,B,../../GraPPI_data/PDB/dimer_db/3MUX.pdb,1
3MVE,A,B,../../GraPPI_data/PDB/dimer_db/3MVE.pdb,1
3MVP,A,B,../../GraPPI_data/PDB/dimer_db/3MVP.pdb,1
3MYO,A,B,../../GraPPI_data/PDB/dimer_db/3MYO.pdb,1
3MZ2,A,B,../../GraPPI_data/PDB/dimer_db/3MZ2.pdb,1
3MZN,A,B,../../GraPPI_data/PDB/dimer_db/3MZN.pdb,1
3MZV,A,B,../../GraPPI_data/PDB/dimer_db/3MZV.pdb,1
3N05,A,B,../../GraPPI_data/PDB/dimer_db/3N05.pdb,1
3N08,A,B,../../GraPPI_data/PDB/dimer_db/3N08.pdb,1
3N0L,A,B,../../GraPPI_data/PDB/dimer_db/3N0L.pdb,1
3N10,A,B,../../GraPPI_data/PDB/dimer_db/3N10.pdb,1
3N29,A,B,../../GraPPI_data/PDB/dimer_db/3N29.pdb,1
3N2I,A,B,../../GraPPI_data/PDB/dimer_db/3N2I.pdb,1
3N3W,A,B,../../GraPPI_data/PDB/dimer_db/3N3W.pdb,1
3N4K,A,B,../../GraPPI_data/PDB/dimer_db/3N4K.pdb,1
3N5F,A,B,../../GraPPI_data/PDB/dimer_db/3N5F.pdb,1
3N7D,A,B,../../GraPPI_data/PDB/dimer_db/3N7D.pdb,1
3N8B,A,B,../../GraPPI_data/PDB/dimer_db/3N8B.pdb,1
3N8H,A,B,../../GraPPI_data/PDB/dimer_db/3N8H.pdb,1
3N9I,A,B,../../GraPPI_data/PDB/dimer_db/3N9I.pdb,1
3NA5,A,B,../../GraPPI_data/PDB/dimer_db/3NA5.pdb,1
3NAD,A,B,../../GraPPI_data/PDB/dimer_db/3NAD.pdb,1
3NAS,A,B,../../GraPPI_data/PDB/dimer_db/3NAS.pdb,1
3NAT,A,B,../../GraPPI_data/PDB/dimer_db/3NAT.pdb,1
3NAV,A,B,../../GraPPI_data/PDB/dimer_db/3NAV.pdb,1
3NCV,A,B,../../GraPPI_data/PDB/dimer_db/3NCV.pdb,1
3ND0,A,B,../../GraPPI_data/PDB/dimer_db/3ND0.pdb,1
3ND1,A,B,../../GraPPI_data/PDB/dimer_db/3ND1.pdb,1
3NDC,A,B,../../GraPPI_data/PDB/dimer_db/3NDC.pdb,1
3NDO,A,B,../../GraPPI_data/PDB/dimer_db/3NDO.pdb,1
3NET,A,B,../../GraPPI_data/PDB/dimer_db/3NET.pdb,1
3NI7,A,B,../../GraPPI_data/PDB/dimer_db/3NI7.pdb,1
3NJ2,A,B,../../GraPPI_data/PDB/dimer_db/3NJ2.pdb,1
3NJC,A,B,../../GraPPI_data/PDB/dimer_db/3NJC.pdb,1
3NJD,A,B,../../GraPPI_data/PDB/dimer_db/3NJD.pdb,1
3NK6,A,B,../../GraPPI_data/PDB/dimer_db/3NK6.pdb,1
3NKD,A,B,../../GraPPI_data/PDB/dimer_db/3NKD.pdb,1
3NKL,A,B,../../GraPPI_data/PDB/dimer_db/3NKL.pdb,1
3NNN,A,B,../../GraPPI_data/PDB/dimer_db/3NNN.pdb,1
3NNS,A,B,../../GraPPI_data/PDB/dimer_db/3NNS.pdb,1
3NO7,A,B,../../GraPPI_data/PDB/dimer_db/3NO7.pdb,1
3NOQ,A,B,../../GraPPI_data/PDB/dimer_db/3NOQ.pdb,1
3NPF,A,B,../../GraPPI_data/PDB/dimer_db/3NPF.pdb,1
3NPI,A,B,../../GraPPI_data/PDB/dimer_db/3NPI.pdb,1
3NPP,A,B,../../GraPPI_data/PDB/dimer_db/3NPP.pdb,1
3NQB,A,B,../../GraPPI_data/PDB/dimer_db/3NQB.pdb,1
3NQN,A,B,../../GraPPI_data/PDB/dimer_db/3NQN.pdb,1
3NQO,A,B,../../GraPPI_data/PDB/dimer_db/3NQO.pdb,1
3NQZ,A,B,../../GraPPI_data/PDB/dimer_db/3NQZ.pdb,1
3NR7,A,B,../../GraPPI_data/PDB/dimer_db/3NR7.pdb,1
3NRA,A,B,../../GraPPI_data/PDB/dimer_db/3NRA.pdb,1
3NRH,A,B,../../GraPPI_data/PDB/dimer_db/3NRH.pdb,1
3NRL,A,B,../../GraPPI_data/PDB/dimer_db/3NRL.pdb,1
3NTD,A,B,../../GraPPI_data/PDB/dimer_db/3NTD.pdb,1
3NTL,A,B,../../GraPPI_data/PDB/dimer_db/3NTL.pdb,1
3NTV,A,B,../../GraPPI_data/PDB/dimer_db/3NTV.pdb,1
3NU8,A,B,../../GraPPI_data/PDB/dimer_db/3NU8.pdb,1
3NUA,A,B,../../GraPPI_data/PDB/dimer_db/3NUA.pdb,1
3NUI,A,B,../../GraPPI_data/PDB/dimer_db/3NUI.pdb,1
3NVO,A,B,../../GraPPI_data/PDB/dimer_db/3NVO.pdb,1
3NX3,A,B,../../GraPPI_data/PDB/dimer_db/3NX3.pdb,1
3NX4,A,B,../../GraPPI_data/PDB/dimer_db/3NX4.pdb,1
3NYM,A,B,../../GraPPI_data/PDB/dimer_db/3NYM.pdb,1
3NZP,A,B,../../GraPPI_data/PDB/dimer_db/3NZP.pdb,1
3O0H,A,B,../../GraPPI_data/PDB/dimer_db/3O0H.pdb,1
3O0L,A,B,../../GraPPI_data/PDB/dimer_db/3O0L.pdb,1
3O0Q,A,B,../../GraPPI_data/PDB/dimer_db/3O0Q.pdb,1
3O1L,A,B,../../GraPPI_data/PDB/dimer_db/3O1L.pdb,1
3O1N,A,B,../../GraPPI_data/PDB/dimer_db/3O1N.pdb,1
3O39,A,B,../../GraPPI_data/PDB/dimer_db/3O39.pdb,1
3O3P,A,B,../../GraPPI_data/PDB/dimer_db/3O3P.pdb,1
3O4V,A,B,../../GraPPI_data/PDB/dimer_db/3O4V.pdb,1
3O5U,A,B,../../GraPPI_data/PDB/dimer_db/3O5U.pdb,1
3O60,A,B,../../GraPPI_data/PDB/dimer_db/3O60.pdb,1
3O6V,A,B,../../GraPPI_data/PDB/dimer_db/3O6V.pdb,1
3O74,A,B,../../GraPPI_data/PDB/dimer_db/3O74.pdb,1
3O7O,A,B,../../GraPPI_data/PDB/dimer_db/3O7O.pdb,1
3O9O,A,B,../../GraPPI_data/PDB/dimer_db/3O9O.pdb,1
3OBH,A,B,../../GraPPI_data/PDB/dimer_db/3OBH.pdb,1
3OC4,A,B,../../GraPPI_data/PDB/dimer_db/3OC4.pdb,1
3OCA,A,B,../../GraPPI_data/PDB/dimer_db/3OCA.pdb,1
3OCO,A,B,../../GraPPI_data/PDB/dimer_db/3OCO.pdb,1
3OD1,A,B,../../GraPPI_data/PDB/dimer_db/3OD1.pdb,1
3OF5,A,B,../../GraPPI_data/PDB/dimer_db/3OF5.pdb,1
3OGA,A,B,../../GraPPI_data/PDB/dimer_db/3OGA.pdb,1
3OGH,B,A,../../GraPPI_data/PDB/dimer_db/3OGH.pdb,1
3OHE,A,B,../../GraPPI_data/PDB/dimer_db/3OHE.pdb,1
3OI8,A,B,../../GraPPI_data/PDB/dimer_db/3OI8.pdb,1
3OJO,A,B,../../GraPPI_data/PDB/dimer_db/3OJO.pdb,1
3OKF,A,B,../../GraPPI_data/PDB/dimer_db/3OKF.pdb,1
3OL3,A,B,../../GraPPI_data/PDB/dimer_db/3OL3.pdb,1
3ON3,A,B,../../GraPPI_data/PDB/dimer_db/3ON3.pdb,1
3ON6,A,B,../../GraPPI_data/PDB/dimer_db/3ON6.pdb,1
3OOC,A,B,../../GraPPI_data/PDB/dimer_db/3OOC.pdb,1
3OOO,A,B,../../GraPPI_data/PDB/dimer_db/3OOO.pdb,1
3OOV,A,B,../../GraPPI_data/PDB/dimer_db/3OOV.pdb,1
3OP6,A,B,../../GraPPI_data/PDB/dimer_db/3OP6.pdb,1
3OPC,A,B,../../GraPPI_data/PDB/dimer_db/3OPC.pdb,1
3OQ2,A,B,../../GraPPI_data/PDB/dimer_db/3OQ2.pdb,1
3OQP,A,B,../../GraPPI_data/PDB/dimer_db/3OQP.pdb,1
3ORQ,A,B,../../GraPPI_data/PDB/dimer_db/3ORQ.pdb,1
3OT1,A,B,../../GraPPI_data/PDB/dimer_db/3OT1.pdb,1
3OT2,A,B,../../GraPPI_data/PDB/dimer_db/3OT2.pdb,1
3OTL,A,B,../../GraPPI_data/PDB/dimer_db/3OTL.pdb,1
3OUZ,A,B,../../GraPPI_data/PDB/dimer_db/3OUZ.pdb,1
3OXP,A,B,../../GraPPI_data/PDB/dimer_db/3OXP.pdb,1
3OYR,A,B,../../GraPPI_data/PDB/dimer_db/3OYR.pdb,1
3OYT,A,B,../../GraPPI_data/PDB/dimer_db/3OYT.pdb,1
3OZY,A,B,../../GraPPI_data/PDB/dimer_db/3OZY.pdb,1
3P0T,A,B,../../GraPPI_data/PDB/dimer_db/3P0T.pdb,1
3P1V,A,B,../../GraPPI_data/PDB/dimer_db/3P1V.pdb,1
3P2C,A,B,../../GraPPI_data/PDB/dimer_db/3P2C.pdb,1
3P2N,A,B,../../GraPPI_data/PDB/dimer_db/3P2N.pdb,1
3P3A,A,B,../../GraPPI_data/PDB/dimer_db/3P3A.pdb,1
3P52,A,B,../../GraPPI_data/PDB/dimer_db/3P52.pdb,1
3P5N,A,B,../../GraPPI_data/PDB/dimer_db/3P5N.pdb,1
3P8K,A,B,../../GraPPI_data/PDB/dimer_db/3P8K.pdb,1
3P8L,A,B,../../GraPPI_data/PDB/dimer_db/3P8L.pdb,1
3P9V,A,B,../../GraPPI_data/PDB/dimer_db/3P9V.pdb,1
3P9X,A,B,../../GraPPI_data/PDB/dimer_db/3P9X.pdb,1
3PAJ,A,B,../../GraPPI_data/PDB/dimer_db/3PAJ.pdb,1
3PDK,A,B,../../GraPPI_data/PDB/dimer_db/3PDK.pdb,1
3PET,A,B,../../GraPPI_data/PDB/dimer_db/3PET.pdb,1
3PFB,A,B,../../GraPPI_data/PDB/dimer_db/3PFB.pdb,1
3PFI,A,B,../../GraPPI_data/PDB/dimer_db/3PFI.pdb,1
3PFO,A,B,../../GraPPI_data/PDB/dimer_db/3PFO.pdb,1
3PFT,A,B,../../GraPPI_data/PDB/dimer_db/3PFT.pdb,1
3PG8,A,B,../../GraPPI_data/PDB/dimer_db/3PG8.pdb,1
3PGZ,A,B,../../GraPPI_data/PDB/dimer_db/3PGZ.pdb,1
3PIJ,A,B,../../GraPPI_data/PDB/dimer_db/3PIJ.pdb,1
3PJF,A,B,../../GraPPI_data/PDB/dimer_db/3PJF.pdb,1
3PJV,D,F,../../GraPPI_data/PDB/dimer_db/3PJV.pdb,1
3PJY,A,B,../../GraPPI_data/PDB/dimer_db/3PJY.pdb,1
3PJZ,A,B,../../GraPPI_data/PDB/dimer_db/3PJZ.pdb,1
3PKO,A,B,../../GraPPI_data/PDB/dimer_db/3PKO.pdb,1
3PM7,A,B,../../GraPPI_data/PDB/dimer_db/3PM7.pdb,1
3PMC,A,B,../../GraPPI_data/PDB/dimer_db/3PMC.pdb,1
3PNU,A,B,../../GraPPI_data/PDB/dimer_db/3PNU.pdb,1
3PNY,A,B,../../GraPPI_data/PDB/dimer_db/3PNY.pdb,1
3PPB,A,B,../../GraPPI_data/PDB/dimer_db/3PPB.pdb,1
3PPL,A,B,../../GraPPI_data/PDB/dimer_db/3PPL.pdb,1
3PRH,A,B,../../GraPPI_data/PDB/dimer_db/3PRH.pdb,1
3PSS,A,B,../../GraPPI_data/PDB/dimer_db/3PSS.pdb,1
3PU9,A,B,../../GraPPI_data/PDB/dimer_db/3PU9.pdb,1
3PUH,A,B,../../GraPPI_data/PDB/dimer_db/3PUH.pdb,1
3PUT,A,B,../../GraPPI_data/PDB/dimer_db/3PUT.pdb,1
3PWX,A,B,../../GraPPI_data/PDB/dimer_db/3PWX.pdb,1
3PX2,A,D,../../GraPPI_data/PDB/dimer_db/3PX2.pdb,1
3PZJ,A,B,../../GraPPI_data/PDB/dimer_db/3PZJ.pdb,1
3PZS,A,B,../../GraPPI_data/PDB/dimer_db/3PZS.pdb,1
3Q0V,A,B,../../GraPPI_data/PDB/dimer_db/3Q0V.pdb,1
3Q1P,A,B,../../GraPPI_data/PDB/dimer_db/3Q1P.pdb,1
3Q20,A,B,../../GraPPI_data/PDB/dimer_db/3Q20.pdb,1
3Q2J,A,B,../../GraPPI_data/PDB/dimer_db/3Q2J.pdb,1
3Q4G,A,B,../../GraPPI_data/PDB/dimer_db/3Q4G.pdb,1
3Q58,A,B,../../GraPPI_data/PDB/dimer_db/3Q58.pdb,1
3Q7R,A,B,../../GraPPI_data/PDB/dimer_db/3Q7R.pdb,1
3Q80,A,B,../../GraPPI_data/PDB/dimer_db/3Q80.pdb,1
3Q94,A,B,../../GraPPI_data/PDB/dimer_db/3Q94.pdb,1
3Q9L,A,B,../../GraPPI_data/PDB/dimer_db/3Q9L.pdb,1
3QBD,A,B,../../GraPPI_data/PDB/dimer_db/3QBD.pdb,1
3QBM,A,B,../../GraPPI_data/PDB/dimer_db/3QBM.pdb,1
3QBX,A,B,../../GraPPI_data/PDB/dimer_db/3QBX.pdb,1
3QDE,A,B,../../GraPPI_data/PDB/dimer_db/3QDE.pdb,1
3QFG,A,B,../../GraPPI_data/PDB/dimer_db/3QFG.pdb,1
3QFM,A,B,../../GraPPI_data/PDB/dimer_db/3QFM.pdb,1
3QFW,A,B,../../GraPPI_data/PDB/dimer_db/3QFW.pdb,1
3QHA,A,B,../../GraPPI_data/PDB/dimer_db/3QHA.pdb,1
3QK6,A,B,../../GraPPI_data/PDB/dimer_db/3QK6.pdb,1
3QKX,A,B,../../GraPPI_data/PDB/dimer_db/3QKX.pdb,1
3QLI,A,B,../../GraPPI_data/PDB/dimer_db/3QLI.pdb,1
3QM2,A,B,../../GraPPI_data/PDB/dimer_db/3QM2.pdb,1
3QOE,A,B,../../GraPPI_data/PDB/dimer_db/3QOE.pdb,1
3QQ6,A,B,../../GraPPI_data/PDB/dimer_db/3QQ6.pdb,1
3QS2,A,B,../../GraPPI_data/PDB/dimer_db/3QS2.pdb,1
3QT5,A,B,../../GraPPI_data/PDB/dimer_db/3QT5.pdb,1
3QTH,A,B,../../GraPPI_data/PDB/dimer_db/3QTH.pdb,1
3QU1,A,B,../../GraPPI_data/PDB/dimer_db/3QU1.pdb,1
3QUA,A,B,../../GraPPI_data/PDB/dimer_db/3QUA.pdb,1
3QWU,A,B,../../GraPPI_data/PDB/dimer_db/3QWU.pdb,1
3QYY,A,B,../../GraPPI_data/PDB/dimer_db/3QYY.pdb,1
3R03,A,B,../../GraPPI_data/PDB/dimer_db/3R03.pdb,1
3R0J,A,B,../../GraPPI_data/PDB/dimer_db/3R0J.pdb,1
3R0U,A,B,../../GraPPI_data/PDB/dimer_db/3R0U.pdb,1
3R12,A,B,../../GraPPI_data/PDB/dimer_db/3R12.pdb,1
3R23,A,B,../../GraPPI_data/PDB/dimer_db/3R23.pdb,1
3R2T,A,B,../../GraPPI_data/PDB/dimer_db/3R2T.pdb,1
3R31,A,B,../../GraPPI_data/PDB/dimer_db/3R31.pdb,1
3R3H,A,B,../../GraPPI_data/PDB/dimer_db/3R3H.pdb,1
3R40,A,B,../../GraPPI_data/PDB/dimer_db/3R40.pdb,1
3R4Z,A,B,../../GraPPI_data/PDB/dimer_db/3R4Z.pdb,1
3R77,A,B,../../GraPPI_data/PDB/dimer_db/3R77.pdb,1
3R89,A,B,../../GraPPI_data/PDB/dimer_db/3R89.pdb,1
3R8C,A,B,../../GraPPI_data/PDB/dimer_db/3R8C.pdb,1
3R9P,A,B,../../GraPPI_data/PDB/dimer_db/3R9P.pdb,1
3RAO,A,B,../../GraPPI_data/PDB/dimer_db/3RAO.pdb,1
3RD3,A,B,../../GraPPI_data/PDB/dimer_db/3RD3.pdb,1
3RD6,A,B,../../GraPPI_data/PDB/dimer_db/3RD6.pdb,1
3RD7,A,B,../../GraPPI_data/PDB/dimer_db/3RD7.pdb,1
3RET,A,B,../../GraPPI_data/PDB/dimer_db/3RET.pdb,1
3RF1,A,B,../../GraPPI_data/PDB/dimer_db/3RF1.pdb,1
3RFB,A,B,../../GraPPI_data/PDB/dimer_db/3RFB.pdb,1
3RGC,A,B,../../GraPPI_data/PDB/dimer_db/3RGC.pdb,1
3RH9,A,B,../../GraPPI_data/PDB/dimer_db/3RH9.pdb,1
3RJT,A,B,../../GraPPI_data/PDB/dimer_db/3RJT.pdb,1
3RMG,A,B,../../GraPPI_data/PDB/dimer_db/3RMG.pdb,1
3RMJ,A,B,../../GraPPI_data/PDB/dimer_db/3RMJ.pdb,1
3RNR,A,B,../../GraPPI_data/PDB/dimer_db/3RNR.pdb,1
3ROT,A,B,../../GraPPI_data/PDB/dimer_db/3ROT.pdb,1
3RPE,A,B,../../GraPPI_data/PDB/dimer_db/3RPE.pdb,1
3RPJ,A,B,../../GraPPI_data/PDB/dimer_db/3RPJ.pdb,1
3RQ9,A,B,../../GraPPI_data/PDB/dimer_db/3RQ9.pdb,1
3RQB,A,B,../../GraPPI_data/PDB/dimer_db/3RQB.pdb,1
3RRS,A,B,../../GraPPI_data/PDB/dimer_db/3RRS.pdb,1
3RTK,A,B,../../GraPPI_data/PDB/dimer_db/3RTK.pdb,1
3RUY,A,B,../../GraPPI_data/PDB/dimer_db/3RUY.pdb,1
3RV2,A,B,../../GraPPI_data/PDB/dimer_db/3RV2.pdb,1
3RYK,A,B,../../GraPPI_data/PDB/dimer_db/3RYK.pdb,1
3RZA,A,B,../../GraPPI_data/PDB/dimer_db/3RZA.pdb,1
3S3L,A,B,../../GraPPI_data/PDB/dimer_db/3S3L.pdb,1
3S46,A,B,../../GraPPI_data/PDB/dimer_db/3S46.pdb,1
3S4K,A,B,../../GraPPI_data/PDB/dimer_db/3S4K.pdb,1
3S5R,A,B,../../GraPPI_data/PDB/dimer_db/3S5R.pdb,1
3S5S,A,B,../../GraPPI_data/PDB/dimer_db/3S5S.pdb,1
3S82,A,B,../../GraPPI_data/PDB/dimer_db/3S82.pdb,1
3SBU,A,B,../../GraPPI_data/PDB/dimer_db/3SBU.pdb,1
3SC4,A,B,../../GraPPI_data/PDB/dimer_db/3SC4.pdb,1
3SDO,A,B,../../GraPPI_data/PDB/dimer_db/3SDO.pdb,1
3SDP,A,B,../../GraPPI_data/PDB/dimer_db/3SDP.pdb,1
3SEO,A,B,../../GraPPI_data/PDB/dimer_db/3SEO.pdb,1
3SGV,B,A,../../GraPPI_data/PDB/dimer_db/3SGV.pdb,1
3SK2,A,B,../../GraPPI_data/PDB/dimer_db/3SK2.pdb,1
3SK3,A,B,../../GraPPI_data/PDB/dimer_db/3SK3.pdb,1
3SQL,A,B,../../GraPPI_data/PDB/dimer_db/3SQL.pdb,1
3SQN,A,B,../../GraPPI_data/PDB/dimer_db/3SQN.pdb,1
3SVK,A,B,../../GraPPI_data/PDB/dimer_db/3SVK.pdb,1
3SW1,A,B,../../GraPPI_data/PDB/dimer_db/3SW1.pdb,1
3SXM,A,B,../../GraPPI_data/PDB/dimer_db/3SXM.pdb,1
3SXO,A,B,../../GraPPI_data/PDB/dimer_db/3SXO.pdb,1
3SY6,A,B,../../GraPPI_data/PDB/dimer_db/3SY6.pdb,1
3SYL,A,B,../../GraPPI_data/PDB/dimer_db/3SYL.pdb,1
3SZJ,A,B,../../GraPPI_data/PDB/dimer_db/3SZJ.pdb,1
3T0P,A,B,../../GraPPI_data/PDB/dimer_db/3T0P.pdb,1
3T2Z,A,B,../../GraPPI_data/PDB/dimer_db/3T2Z.pdb,1
3T32,A,B,../../GraPPI_data/PDB/dimer_db/3T32.pdb,1
3T38,A,B,../../GraPPI_data/PDB/dimer_db/3T38.pdb,1
3T4E,A,B,../../GraPPI_data/PDB/dimer_db/3T4E.pdb,1
3T5T,A,B,../../GraPPI_data/PDB/dimer_db/3T5T.pdb,1
3T61,A,B,../../GraPPI_data/PDB/dimer_db/3T61.pdb,1
3T69,A,B,../../GraPPI_data/PDB/dimer_db/3T69.pdb,1
3T7Y,A,B,../../GraPPI_data/PDB/dimer_db/3T7Y.pdb,1
3T8K,A,B,../../GraPPI_data/PDB/dimer_db/3T8K.pdb,1
3T8Q,A,B,../../GraPPI_data/PDB/dimer_db/3T8Q.pdb,1
3TA6,A,B,../../GraPPI_data/PDB/dimer_db/3TA6.pdb,1
3TAK,A,B,../../GraPPI_data/PDB/dimer_db/3TAK.pdb,1
3TAU,A,B,../../GraPPI_data/PDB/dimer_db/3TAU.pdb,1
3TB6,A,B,../../GraPPI_data/PDB/dimer_db/3TB6.pdb,1
3TBM,A,B,../../GraPPI_data/PDB/dimer_db/3TBM.pdb,1
3TC1,A,B,../../GraPPI_data/PDB/dimer_db/3TC1.pdb,1
3TC9,A,B,../../GraPPI_data/PDB/dimer_db/3TC9.pdb,1
3TCS,A,B,../../GraPPI_data/PDB/dimer_db/3TCS.pdb,1
3TCV,A,B,../../GraPPI_data/PDB/dimer_db/3TCV.pdb,1
3TDQ,A,B,../../GraPPI_data/PDB/dimer_db/3TDQ.pdb,1
3TE8,A,B,../../GraPPI_data/PDB/dimer_db/3TE8.pdb,1
3TFI,A,B,../../GraPPI_data/PDB/dimer_db/3TFI.pdb,1
3TFW,A,B,../../GraPPI_data/PDB/dimer_db/3TFW.pdb,1
3TFX,A,B,../../GraPPI_data/PDB/dimer_db/3TFX.pdb,1
3TG9,A,B,../../GraPPI_data/PDB/dimer_db/3TG9.pdb,1
3TGN,A,B,../../GraPPI_data/PDB/dimer_db/3TGN.pdb,1
3THA,A,B,../../GraPPI_data/PDB/dimer_db/3THA.pdb,1
3TJ8,A,B,../../GraPPI_data/PDB/dimer_db/3TJ8.pdb,1
3TJR,A,B,../../GraPPI_data/PDB/dimer_db/3TJR.pdb,1
3TK1,A,B,../../GraPPI_data/PDB/dimer_db/3TK1.pdb,1
3TKF,A,B,../../GraPPI_data/PDB/dimer_db/3TKF.pdb,1
3TN4,A,B,../../GraPPI_data/PDB/dimer_db/3TN4.pdb,1
3TO3,A,B,../../GraPPI_data/PDB/dimer_db/3TO3.pdb,1
3TOU,A,B,../../GraPPI_data/PDB/dimer_db/3TOU.pdb,1
3TP9,A,B,../../GraPPI_data/PDB/dimer_db/3TP9.pdb,1
3TQC,A,B,../../GraPPI_data/PDB/dimer_db/3TQC.pdb,1
3TQG,A,B,../../GraPPI_data/PDB/dimer_db/3TQG.pdb,1
3TQJ,A,B,../../GraPPI_data/PDB/dimer_db/3TQJ.pdb,1
3TQP,A,B,../../GraPPI_data/PDB/dimer_db/3TQP.pdb,1
3TQT,A,B,../../GraPPI_data/PDB/dimer_db/3TQT.pdb,1
3TQV,A,B,../../GraPPI_data/PDB/dimer_db/3TQV.pdb,1
3TQX,A,B,../../GraPPI_data/PDB/dimer_db/3TQX.pdb,1
3TR2,A,B,../../GraPPI_data/PDB/dimer_db/3TR2.pdb,1
3TR3,A,B,../../GraPPI_data/PDB/dimer_db/3TR3.pdb,1
3TR8,A,B,../../GraPPI_data/PDB/dimer_db/3TR8.pdb,1
3TRI,A,B,../../GraPPI_data/PDB/dimer_db/3TRI.pdb,1
3TS7,A,B,../../GraPPI_data/PDB/dimer_db/3TS7.pdb,1
3TSA,A,B,../../GraPPI_data/PDB/dimer_db/3TSA.pdb,1
3TSM,A,B,../../GraPPI_data/PDB/dimer_db/3TSM.pdb,1
3TWO,A,B,../../GraPPI_data/PDB/dimer_db/3TWO.pdb,1
3TX3,A,B,../../GraPPI_data/PDB/dimer_db/3TX3.pdb,1
3TY2,A,B,../../GraPPI_data/PDB/dimer_db/3TY2.pdb,1
3TY7,A,B,../../GraPPI_data/PDB/dimer_db/3TY7.pdb,1
3TYR,A,B,../../GraPPI_data/PDB/dimer_db/3TYR.pdb,1
3TYZ,A,B,../../GraPPI_data/PDB/dimer_db/3TYZ.pdb,1
3TZL,A,B,../../GraPPI_data/PDB/dimer_db/3TZL.pdb,1
3TZT,A,B,../../GraPPI_data/PDB/dimer_db/3TZT.pdb,1
3U0A,A,B,../../GraPPI_data/PDB/dimer_db/3U0A.pdb,1
3U0O,A,B,../../GraPPI_data/PDB/dimer_db/3U0O.pdb,1
3U1X,A,B,../../GraPPI_data/PDB/dimer_db/3U1X.pdb,1
3U6G,A,B,../../GraPPI_data/PDB/dimer_db/3U6G.pdb,1
3U6U,A,C,../../GraPPI_data/PDB/dimer_db/3U6U.pdb,1
3U7R,A,B,../../GraPPI_data/PDB/dimer_db/3U7R.pdb,1
3U80,A,B,../../GraPPI_data/PDB/dimer_db/3U80.pdb,1
3U96,A,B,../../GraPPI_data/PDB/dimer_db/3U96.pdb,1
3U9I,A,B,../../GraPPI_data/PDB/dimer_db/3U9I.pdb,1
3UAQ,A,B,../../GraPPI_data/PDB/dimer_db/3UAQ.pdb,1
3UB6,A,B,../../GraPPI_data/PDB/dimer_db/3UB6.pdb,1
3UBK,A,B,../../GraPPI_data/PDB/dimer_db/3UBK.pdb,1
3UBO,A,B,../../GraPPI_data/PDB/dimer_db/3UBO.pdb,1
3UCA,A,B,../../GraPPI_data/PDB/dimer_db/3UCA.pdb,1
3UEP,A,B,../../GraPPI_data/PDB/dimer_db/3UEP.pdb,1
3UES,A,B,../../GraPPI_data/PDB/dimer_db/3UES.pdb,1
3UF6,A,B,../../GraPPI_data/PDB/dimer_db/3UF6.pdb,1
3UFE,A,B,../../GraPPI_data/PDB/dimer_db/3UFE.pdb,1
3UGS,B,A,../../GraPPI_data/PDB/dimer_db/3UGS.pdb,1
3UK1,A,B,../../GraPPI_data/PDB/dimer_db/3UK1.pdb,1
3UK2,A,B,../../GraPPI_data/PDB/dimer_db/3UK2.pdb,1
3UM9,A,B,../../GraPPI_data/PDB/dimer_db/3UM9.pdb,1
3UOE,A,B,../../GraPPI_data/PDB/dimer_db/3UOE.pdb,1
3UPL,A,B,../../GraPPI_data/PDB/dimer_db/3UPL.pdb,1
3URH,A,B,../../GraPPI_data/PDB/dimer_db/3URH.pdb,1
3URR,A,B,../../GraPPI_data/PDB/dimer_db/3URR.pdb,1
3US8,A,B,../../GraPPI_data/PDB/dimer_db/3US8.pdb,1
3USS,A,B,../../GraPPI_data/PDB/dimer_db/3USS.pdb,1
3UT4,A,B,../../GraPPI_data/PDB/dimer_db/3UT4.pdb,1
3UW3,A,B,../../GraPPI_data/PDB/dimer_db/3UW3.pdb,1
3UZO,A,B,../../GraPPI_data/PDB/dimer_db/3UZO.pdb,1
3V1T,C,D,../../GraPPI_data/PDB/dimer_db/3V1T.pdb,1
3V48,A,B,../../GraPPI_data/PDB/dimer_db/3V48.pdb,1
3V4C,A,B,../../GraPPI_data/PDB/dimer_db/3V4C.pdb,1
3V4Z,A,B,../../GraPPI_data/PDB/dimer_db/3V4Z.pdb,1
3V67,A,B,../../GraPPI_data/PDB/dimer_db/3V67.pdb,1
3V6G,A,B,../../GraPPI_data/PDB/dimer_db/3V6G.pdb,1
3VAB,A,B,../../GraPPI_data/PDB/dimer_db/3VAB.pdb,1
3VAY,A,B,../../GraPPI_data/PDB/dimer_db/3VAY.pdb,1
3VC7,A,B,../../GraPPI_data/PDB/dimer_db/3VC7.pdb,1
3VCN,A,C,../../GraPPI_data/PDB/dimer_db/3VCN.pdb,1
3VCX,A,B,../../GraPPI_data/PDB/dimer_db/3VCX.pdb,1
3VGS,A,B,../../GraPPI_data/PDB/dimer_db/3VGS.pdb,1
3VK5,A,B,../../GraPPI_data/PDB/dimer_db/3VK5.pdb,1
3VMK,A,B,../../GraPPI_data/PDB/dimer_db/3VMK.pdb,1
3VRC,A,B,../../GraPPI_data/PDB/dimer_db/3VRC.pdb,1
3VSK,A,B,../../GraPPI_data/PDB/dimer_db/3VSK.pdb,1
3VVM,A,B,../../GraPPI_data/PDB/dimer_db/3VVM.pdb,1
3VVX,A,B,../../GraPPI_data/PDB/dimer_db/3VVX.pdb,1
3VZX,A,B,../../GraPPI_data/PDB/dimer_db/3VZX.pdb,1
3W01,A,B,../../GraPPI_data/PDB/dimer_db/3W01.pdb,1
3W08,A,B,../../GraPPI_data/PDB/dimer_db/3W08.pdb,1
3W20,A,B,../../GraPPI_data/PDB/dimer_db/3W20.pdb,1
3W34,A,B,../../GraPPI_data/PDB/dimer_db/3W34.pdb,1
3W5J,A,B,../../GraPPI_data/PDB/dimer_db/3W5J.pdb,1
3W5S,A,B,../../GraPPI_data/PDB/dimer_db/3W5S.pdb,1
3W77,A,B,../../GraPPI_data/PDB/dimer_db/3W77.pdb,1
3W8Z,A,B,../../GraPPI_data/PDB/dimer_db/3W8Z.pdb,1
3WAD,A,B,../../GraPPI_data/PDB/dimer_db/3WAD.pdb,1
3WAE,A,B,../../GraPPI_data/PDB/dimer_db/3WAE.pdb,1
3WBH,A,B,../../GraPPI_data/PDB/dimer_db/3WBH.pdb,1
3WCO,A,B,../../GraPPI_data/PDB/dimer_db/3WCO.pdb,1
3WEU,A,B,../../GraPPI_data/PDB/dimer_db/3WEU.pdb,1
3WFI,A,B,../../GraPPI_data/PDB/dimer_db/3WFI.pdb,1
3WFX,A,B,../../GraPPI_data/PDB/dimer_db/3WFX.pdb,1
3WGH,A,B,../../GraPPI_data/PDB/dimer_db/3WGH.pdb,1
3WGQ,A,B,../../GraPPI_data/PDB/dimer_db/3WGQ.pdb,1
3WHR,A,B,../../GraPPI_data/PDB/dimer_db/3WHR.pdb,1
3WMD,A,B,../../GraPPI_data/PDB/dimer_db/3WMD.pdb,1
3WMW,A,B,../../GraPPI_data/PDB/dimer_db/3WMW.pdb,1
3WO8,A,B,../../GraPPI_data/PDB/dimer_db/3WO8.pdb,1
3WOL,A,B,../../GraPPI_data/PDB/dimer_db/3WOL.pdb,1
3WPW,A,B,../../GraPPI_data/PDB/dimer_db/3WPW.pdb,1
3WQC,A,B,../../GraPPI_data/PDB/dimer_db/3WQC.pdb,1
3WRA,A,B,../../GraPPI_data/PDB/dimer_db/3WRA.pdb,1
3WUR,A,B,../../GraPPI_data/PDB/dimer_db/3WUR.pdb,1
3X3Y,A,B,../../GraPPI_data/PDB/dimer_db/3X3Y.pdb,1
3ZCD,A,B,../../GraPPI_data/PDB/dimer_db/3ZCD.pdb,1
3ZFI,A,B,../../GraPPI_data/PDB/dimer_db/3ZFI.pdb,1
3ZG9,A,B,../../GraPPI_data/PDB/dimer_db/3ZG9.pdb,1
3ZHC,A,B,../../GraPPI_data/PDB/dimer_db/3ZHC.pdb,1
3ZIH,A,B,../../GraPPI_data/PDB/dimer_db/3ZIH.pdb,1
3ZIT,A,B,../../GraPPI_data/PDB/dimer_db/3ZIT.pdb,1
3ZPC,A,B,../../GraPPI_data/PDB/dimer_db/3ZPC.pdb,1
3ZRD,A,B,../../GraPPI_data/PDB/dimer_db/3ZRD.pdb,1
3ZU0,A,B,../../GraPPI_data/PDB/dimer_db/3ZU0.pdb,1
3ZX4,A,B,../../GraPPI_data/PDB/dimer_db/3ZX4.pdb,1
3ZXQ,A,B,../../GraPPI_data/PDB/dimer_db/3ZXQ.pdb,1
3ZYY,X,Y,../../GraPPI_data/PDB/dimer_db/3ZYY.pdb,1
3ZZM,A,B,../../GraPPI_data/PDB/dimer_db/3ZZM.pdb,1
4A03,A,B,../../GraPPI_data/PDB/dimer_db/4A03.pdb,1
4A0Z,A,B,../../GraPPI_data/PDB/dimer_db/4A0Z.pdb,1
4A1F,A,B,../../GraPPI_data/PDB/dimer_db/4A1F.pdb,1
4A6R,A,B,../../GraPPI_data/PDB/dimer_db/4A6R.pdb,1
4A7W,A,B,../../GraPPI_data/PDB/dimer_db/4A7W.pdb,1
4A9W,A,B,../../GraPPI_data/PDB/dimer_db/4A9W.pdb,1
4AAL,A,B,../../GraPPI_data/PDB/dimer_db/4AAL.pdb,1
4AB5,A,B,../../GraPPI_data/PDB/dimer_db/4AB5.pdb,1
4ACI,A,B,../../GraPPI_data/PDB/dimer_db/4ACI.pdb,1
4ADN,A,B,../../GraPPI_data/PDB/dimer_db/4ADN.pdb,1
4AK5,A,B,../../GraPPI_data/PDB/dimer_db/4AK5.pdb,1
4AKK,A,B,../../GraPPI_data/PDB/dimer_db/4AKK.pdb,1
4AMG,A,B,../../GraPPI_data/PDB/dimer_db/4AMG.pdb,1
4AO9,A,B,../../GraPPI_data/PDB/dimer_db/4AO9.pdb,1
4APS,A,B,../../GraPPI_data/PDB/dimer_db/4APS.pdb,1
4AQN,A,B,../../GraPPI_data/PDB/dimer_db/4AQN.pdb,1
4AV3,A,B,../../GraPPI_data/PDB/dimer_db/4AV3.pdb,1
4AVR,A,B,../../GraPPI_data/PDB/dimer_db/4AVR.pdb,1
4AXH,A,B,../../GraPPI_data/PDB/dimer_db/4AXH.pdb,1
4AXO,A,B,../../GraPPI_data/PDB/dimer_db/4AXO.pdb,1
4AY0,A,B,../../GraPPI_data/PDB/dimer_db/4AY0.pdb,1
4AYN,A,B,../../GraPPI_data/PDB/dimer_db/4AYN.pdb,1
4B0B,A,B,../../GraPPI_data/PDB/dimer_db/4B0B.pdb,1
4B0T,A,B,../../GraPPI_data/PDB/dimer_db/4B0T.pdb,1
4B4U,A,B,../../GraPPI_data/PDB/dimer_db/4B4U.pdb,1
4B54,A,B,../../GraPPI_data/PDB/dimer_db/4B54.pdb,1
4B7V,A,B,../../GraPPI_data/PDB/dimer_db/4B7V.pdb,1
4B8X,A,B,../../GraPPI_data/PDB/dimer_db/4B8X.pdb,1
4BE3,A,B,../../GraPPI_data/PDB/dimer_db/4BE3.pdb,1
4BF5,A,B,../../GraPPI_data/PDB/dimer_db/4BF5.pdb,1
4BHQ,A,B,../../GraPPI_data/PDB/dimer_db/4BHQ.pdb,1
4BI3,A,B,../../GraPPI_data/PDB/dimer_db/4BI3.pdb,1
4BIX,A,B,../../GraPPI_data/PDB/dimer_db/4BIX.pdb,1
4BMK,A,B,../../GraPPI_data/PDB/dimer_db/4BMK.pdb,1
4BMY,A,B,../../GraPPI_data/PDB/dimer_db/4BMY.pdb,1
4BOL,A,B,../../GraPPI_data/PDB/dimer_db/4BOL.pdb,1
4BRC,A,B,../../GraPPI_data/PDB/dimer_db/4BRC.pdb,1
4BRZ,A,B,../../GraPPI_data/PDB/dimer_db/4BRZ.pdb,1
4BYY,A,B,../../GraPPI_data/PDB/dimer_db/4BYY.pdb,1
4C2E,A,B,../../GraPPI_data/PDB/dimer_db/4C2E.pdb,1
4C5C,A,B,../../GraPPI_data/PDB/dimer_db/4C5C.pdb,1
4CCL,A,B,../../GraPPI_data/PDB/dimer_db/4CCL.pdb,1
4CGR,A,B,../../GraPPI_data/PDB/dimer_db/4CGR.pdb,1
4CJN,A,B,../../GraPPI_data/PDB/dimer_db/4CJN.pdb,1
4CLV,A,B,../../GraPPI_data/PDB/dimer_db/4CLV.pdb,1
4CMW,A,B,../../GraPPI_data/PDB/dimer_db/4CMW.pdb,1
4CND,A,B,../../GraPPI_data/PDB/dimer_db/4CND.pdb,1
4CNN,A,B,../../GraPPI_data/PDB/dimer_db/4CNN.pdb,1
4COB,A,B,../../GraPPI_data/PDB/dimer_db/4COB.pdb,1
4CQB,A,B,../../GraPPI_data/PDB/dimer_db/4CQB.pdb,1
4CSW,A,B,../../GraPPI_data/PDB/dimer_db/4CSW.pdb,1
4CVQ,A,B,../../GraPPI_data/PDB/dimer_db/4CVQ.pdb,1
4CW5,A,B,../../GraPPI_data/PDB/dimer_db/4CW5.pdb,1
4D1Y,A,B,../../GraPPI_data/PDB/dimer_db/4D1Y.pdb,1
4D3K,A,B,../../GraPPI_data/PDB/dimer_db/4D3K.pdb,1
4D48,A,B,../../GraPPI_data/PDB/dimer_db/4D48.pdb,1
4D6Y,A,B,../../GraPPI_data/PDB/dimer_db/4D6Y.pdb,1
4D9I,A,B,../../GraPPI_data/PDB/dimer_db/4D9I.pdb,1
4DBF,A,B,../../GraPPI_data/PDB/dimer_db/4DBF.pdb,1
4DCZ,A,B,../../GraPPI_data/PDB/dimer_db/4DCZ.pdb,1
4DFR,A,B,../../GraPPI_data/PDB/dimer_db/4DFR.pdb,1
4DI0,A,B,../../GraPPI_data/PDB/dimer_db/4DI0.pdb,1
4DIO,A,B,../../GraPPI_data/PDB/dimer_db/4DIO.pdb,1
4DLK,A,B,../../GraPPI_data/PDB/dimer_db/4DLK.pdb,1
4DLL,A,B,../../GraPPI_data/PDB/dimer_db/4DLL.pdb,1
4DMG,A,B,../../GraPPI_data/PDB/dimer_db/4DMG.pdb,1
4DN2,A,B,../../GraPPI_data/PDB/dimer_db/4DN2.pdb,1
4DN6,A,B,../../GraPPI_data/PDB/dimer_db/4DN6.pdb,1
4DN9,A,B,../../GraPPI_data/PDB/dimer_db/4DN9.pdb,1
4DNA,A,B,../../GraPPI_data/PDB/dimer_db/4DNA.pdb,1
4DNG,A,B,../../GraPPI_data/PDB/dimer_db/4DNG.pdb,1
4DNX,A,B,../../GraPPI_data/PDB/dimer_db/4DNX.pdb,1
4DO2,A,B,../../GraPPI_data/PDB/dimer_db/4DO2.pdb,1
4DQ1,A,B,../../GraPPI_data/PDB/dimer_db/4DQ1.pdb,1
4DQ6,A,B,../../GraPPI_data/PDB/dimer_db/4DQ6.pdb,1
4DQ8,A,B,../../GraPPI_data/PDB/dimer_db/4DQ8.pdb,1
4DQ9,A,B,../../GraPPI_data/PDB/dimer_db/4DQ9.pdb,1
4DR0,A,B,../../GraPPI_data/PDB/dimer_db/4DR0.pdb,1
4DUP,A,B,../../GraPPI_data/PDB/dimer_db/4DUP.pdb,1
4DVJ,A,B,../../GraPPI_data/PDB/dimer_db/4DVJ.pdb,1
4DYJ,A,B,../../GraPPI_data/PDB/dimer_db/4DYJ.pdb,1
4E0A,A,B,../../GraPPI_data/PDB/dimer_db/4E0A.pdb,1
4E1P,A,B,../../GraPPI_data/PDB/dimer_db/4E1P.pdb,1
4E2A,A,B,../../GraPPI_data/PDB/dimer_db/4E2A.pdb,1
4E3Z,A,B,../../GraPPI_data/PDB/dimer_db/4E3Z.pdb,1
4E4T,A,B,../../GraPPI_data/PDB/dimer_db/4E4T.pdb,1
4E51,A,B,../../GraPPI_data/PDB/dimer_db/4E51.pdb,1
4E5M,A,B,../../GraPPI_data/PDB/dimer_db/4E5M.pdb,1
4E69,A,B,../../GraPPI_data/PDB/dimer_db/4E69.pdb,1
4E84,A,B,../../GraPPI_data/PDB/dimer_db/4E84.pdb,1
4E8D,A,B,../../GraPPI_data/PDB/dimer_db/4E8D.pdb,1
4E8O,A,B,../../GraPPI_data/PDB/dimer_db/4E8O.pdb,1
4E9J,A,B,../../GraPPI_data/PDB/dimer_db/4E9J.pdb,1
4EAE,A,B,../../GraPPI_data/PDB/dimer_db/4EAE.pdb,1
4EBG,A,B,../../GraPPI_data/PDB/dimer_db/4EBG.pdb,1
4EBJ,A,B,../../GraPPI_data/PDB/dimer_db/4EBJ.pdb,1
4ECJ,A,B,../../GraPPI_data/PDB/dimer_db/4ECJ.pdb,1
4EDH,A,B,../../GraPPI_data/PDB/dimer_db/4EDH.pdb,1
4EEZ,A,B,../../GraPPI_data/PDB/dimer_db/4EEZ.pdb,1
4EG0,A,B,../../GraPPI_data/PDB/dimer_db/4EG0.pdb,1
4EGS,A,B,../../GraPPI_data/PDB/dimer_db/4EGS.pdb,1
4EGU,A,B,../../GraPPI_data/PDB/dimer_db/4EGU.pdb,1
4EH1,A,B,../../GraPPI_data/PDB/dimer_db/4EH1.pdb,1
4EHI,A,B,../../GraPPI_data/PDB/dimer_db/4EHI.pdb,1
4EHS,A,B,../../GraPPI_data/PDB/dimer_db/4EHS.pdb,1
4EHU,A,B,../../GraPPI_data/PDB/dimer_db/4EHU.pdb,1
4EI0,A,B,../../GraPPI_data/PDB/dimer_db/4EI0.pdb,1
4EM8,A,B,../../GraPPI_data/PDB/dimer_db/4EM8.pdb,1
4EO3,A,B,../../GraPPI_data/PDB/dimer_db/4EO3.pdb,1
4EP4,A,B,../../GraPPI_data/PDB/dimer_db/4EP4.pdb,1
4EQS,A,B,../../GraPPI_data/PDB/dimer_db/4EQS.pdb,1
4ERU,A,B,../../GraPPI_data/PDB/dimer_db/4ERU.pdb,1
4ESN,A,B,../../GraPPI_data/PDB/dimer_db/4ESN.pdb,1
4ESY,A,B,../../GraPPI_data/PDB/dimer_db/4ESY.pdb,1
4ETM,A,B,../../GraPPI_data/PDB/dimer_db/4ETM.pdb,1
4EU9,A,B,../../GraPPI_data/PDB/dimer_db/4EU9.pdb,1
4EV0,A,D,../../GraPPI_data/PDB/dimer_db/4EV0.pdb,1
4EVU,A,B,../../GraPPI_data/PDB/dimer_db/4EVU.pdb,1
4EVY,A,B,../../GraPPI_data/PDB/dimer_db/4EVY.pdb,1
4EW5,A,B,../../GraPPI_data/PDB/dimer_db/4EW5.pdb,1
4EWG,A,B,../../GraPPI_data/PDB/dimer_db/4EWG.pdb,1
4EWL,A,B,../../GraPPI_data/PDB/dimer_db/4EWL.pdb,1
4EX5,A,B,../../GraPPI_data/PDB/dimer_db/4EX5.pdb,1
4F0L,A,B,../../GraPPI_data/PDB/dimer_db/4F0L.pdb,1
4F4E,A,B,../../GraPPI_data/PDB/dimer_db/4F4E.pdb,1
4F4H,A,B,../../GraPPI_data/PDB/dimer_db/4F4H.pdb,1
4F5L,A,B,../../GraPPI_data/PDB/dimer_db/4F5L.pdb,1
4F62,A,B,../../GraPPI_data/PDB/dimer_db/4F62.pdb,1
4F66,A,B,../../GraPPI_data/PDB/dimer_db/4F66.pdb,1
4F82,A,B,../../GraPPI_data/PDB/dimer_db/4F82.pdb,1
4FE2,A,B,../../GraPPI_data/PDB/dimer_db/4FE2.pdb,1
4FHT,A,B,../../GraPPI_data/PDB/dimer_db/4FHT.pdb,1
4FIN,A,B,../../GraPPI_data/PDB/dimer_db/4FIN.pdb,1
4FKB,A,B,../../GraPPI_data/PDB/dimer_db/4FKB.pdb,1
4FKZ,A,B,../../GraPPI_data/PDB/dimer_db/4FKZ.pdb,1
4FQD,A,B,../../GraPPI_data/PDB/dimer_db/4FQD.pdb,1
4FQS,A,B,../../GraPPI_data/PDB/dimer_db/4FQS.pdb,1
4FRY,A,B,../../GraPPI_data/PDB/dimer_db/4FRY.pdb,1
4FU0,A,B,../../GraPPI_data/PDB/dimer_db/4FU0.pdb,1
4FX0,A,B,../../GraPPI_data/PDB/dimer_db/4FX0.pdb,1
4G0I,A,B,../../GraPPI_data/PDB/dimer_db/4G0I.pdb,1
4G12,A,B,../../GraPPI_data/PDB/dimer_db/4G12.pdb,1
4G2B,A,B,../../GraPPI_data/PDB/dimer_db/4G2B.pdb,1
4G3K,A,B,../../GraPPI_data/PDB/dimer_db/4G3K.pdb,1
4G3V,A,B,../../GraPPI_data/PDB/dimer_db/4G3V.pdb,1
4G5A,A,B,../../GraPPI_data/PDB/dimer_db/4G5A.pdb,1
4G6C,A,B,../../GraPPI_data/PDB/dimer_db/4G6C.pdb,1
4G7A,A,B,../../GraPPI_data/PDB/dimer_db/4G7A.pdb,1
4G89,A,B,../../GraPPI_data/PDB/dimer_db/4G89.pdb,1
4G8S,A,B,../../GraPPI_data/PDB/dimer_db/4G8S.pdb,1
4GBD,A,B,../../GraPPI_data/PDB/dimer_db/4GBD.pdb,1
4GCI,A,B,../../GraPPI_data/PDB/dimer_db/4GCI.pdb,1
4GCM,A,B,../../GraPPI_data/PDB/dimer_db/4GCM.pdb,1
4GEK,A,G,../../GraPPI_data/PDB/dimer_db/4GEK.pdb,1
4GF0,A,B,../../GraPPI_data/PDB/dimer_db/4GF0.pdb,1
4GFK,A,B,../../GraPPI_data/PDB/dimer_db/4GFK.pdb,1
4GFL,A,B,../../GraPPI_data/PDB/dimer_db/4GFL.pdb,1
4GI5,A,B,../../GraPPI_data/PDB/dimer_db/4GI5.pdb,1
4GIC,A,B,../../GraPPI_data/PDB/dimer_db/4GIC.pdb,1
4GIT,A,B,../../GraPPI_data/PDB/dimer_db/4GIT.pdb,1
4GIU,A,B,../../GraPPI_data/PDB/dimer_db/4GIU.pdb,1
4GKG,A,F,../../GraPPI_data/PDB/dimer_db/4GKG.pdb,1
4GLW,A,B,../../GraPPI_data/PDB/dimer_db/4GLW.pdb,1
4GMK,A,B,../../GraPPI_data/PDB/dimer_db/4GMK.pdb,1
4GS1,A,B,../../GraPPI_data/PDB/dimer_db/4GS1.pdb,1
4GWO,A,B,../../GraPPI_data/PDB/dimer_db/4GWO.pdb,1
4GXO,A,B,../../GraPPI_data/PDB/dimer_db/4GXO.pdb,1
4GYM,A,B,../../GraPPI_data/PDB/dimer_db/4GYM.pdb,1
4GYS,A,B,../../GraPPI_data/PDB/dimer_db/4GYS.pdb,1
4GYT,A,B,../../GraPPI_data/PDB/dimer_db/4GYT.pdb,1
4H0R,A,B,../../GraPPI_data/PDB/dimer_db/4H0R.pdb,1
4H17,A,B,../../GraPPI_data/PDB/dimer_db/4H17.pdb,1
4H3U,A,B,../../GraPPI_data/PDB/dimer_db/4H3U.pdb,1
4H3Z,A,B,../../GraPPI_data/PDB/dimer_db/4H3Z.pdb,1
4H40,A,B,../../GraPPI_data/PDB/dimer_db/4H40.pdb,1
4H54,A,B,../../GraPPI_data/PDB/dimer_db/4H54.pdb,1
4H5B,A,B,../../GraPPI_data/PDB/dimer_db/4H5B.pdb,1
4H7L,A,B,../../GraPPI_data/PDB/dimer_db/4H7L.pdb,1
4H8A,A,B,../../GraPPI_data/PDB/dimer_db/4H8A.pdb,1
4HB7,A,B,../../GraPPI_data/PDB/dimer_db/4HB7.pdb,1
4HCX,A,B,../../GraPPI_data/PDB/dimer_db/4HCX.pdb,1
4HEB,A,B,../../GraPPI_data/PDB/dimer_db/4HEB.pdb,1
4HEH,A,B,../../GraPPI_data/PDB/dimer_db/4HEH.pdb,1
4HEQ,A,B,../../GraPPI_data/PDB/dimer_db/4HEQ.pdb,1
4HF0,A,B,../../GraPPI_data/PDB/dimer_db/4HF0.pdb,1
4HFS,A,B,../../GraPPI_data/PDB/dimer_db/4HFS.pdb,1
4HIA,A,B,../../GraPPI_data/PDB/dimer_db/4HIA.pdb,1
4HKE,A,B,../../GraPPI_data/PDB/dimer_db/4HKE.pdb,1
4HKU,A,B,../../GraPPI_data/PDB/dimer_db/4HKU.pdb,1
4HLC,A,B,../../GraPPI_data/PDB/dimer_db/4HLC.pdb,1
4HMS,A,B,../../GraPPI_data/PDB/dimer_db/4HMS.pdb,1
4HRV,A,B,../../GraPPI_data/PDB/dimer_db/4HRV.pdb,1
4HTF,A,B,../../GraPPI_data/PDB/dimer_db/4HTF.pdb,1
4HWV,A,B,../../GraPPI_data/PDB/dimer_db/4HWV.pdb,1
4HYE,A,B,../../GraPPI_data/PDB/dimer_db/4HYE.pdb,1
4HYL,A,B,../../GraPPI_data/PDB/dimer_db/4HYL.pdb,1
4HZ2,A,B,../../GraPPI_data/PDB/dimer_db/4HZ2.pdb,1
4HZI,A,B,../../GraPPI_data/PDB/dimer_db/4HZI.pdb,1
4I14,A,B,../../GraPPI_data/PDB/dimer_db/4I14.pdb,1
4I1U,A,B,../../GraPPI_data/PDB/dimer_db/4I1U.pdb,1
4I4K,A,B,../../GraPPI_data/PDB/dimer_db/4I4K.pdb,1
4I5Q,A,B,../../GraPPI_data/PDB/dimer_db/4I5Q.pdb,1
4I6R,A,B,../../GraPPI_data/PDB/dimer_db/4I6R.pdb,1
4I6Y,A,B,../../GraPPI_data/PDB/dimer_db/4I6Y.pdb,1
4I7H,A,B,../../GraPPI_data/PDB/dimer_db/4I7H.pdb,1
4I9F,A,B,../../GraPPI_data/PDB/dimer_db/4I9F.pdb,1
4IA6,A,B,../../GraPPI_data/PDB/dimer_db/4IA6.pdb,1
4ICS,A,B,../../GraPPI_data/PDB/dimer_db/4ICS.pdb,1
4ID0,A,B,../../GraPPI_data/PDB/dimer_db/4ID0.pdb,1
4ID9,A,B,../../GraPPI_data/PDB/dimer_db/4ID9.pdb,1
4IGJ,A,B,../../GraPPI_data/PDB/dimer_db/4IGJ.pdb,1
4IIY,A,B,../../GraPPI_data/PDB/dimer_db/4IIY.pdb,1
4IJ5,A,B,../../GraPPI_data/PDB/dimer_db/4IJ5.pdb,1
4IJA,A,B,../../GraPPI_data/PDB/dimer_db/4IJA.pdb,1
4IJN,A,B,../../GraPPI_data/PDB/dimer_db/4IJN.pdb,1
4IJZ,A,B,../../GraPPI_data/PDB/dimer_db/4IJZ.pdb,1
4ILK,A,B,../../GraPPI_data/PDB/dimer_db/4ILK.pdb,1
4INA,A,B,../../GraPPI_data/PDB/dimer_db/4INA.pdb,1
4INJ,A,B,../../GraPPI_data/PDB/dimer_db/4INJ.pdb,1
4IO1,A,B,../../GraPPI_data/PDB/dimer_db/4IO1.pdb,1
4IOT,A,B,../../GraPPI_data/PDB/dimer_db/4IOT.pdb,1
4IP4,A,B,../../GraPPI_data/PDB/dimer_db/4IP4.pdb,1
4IPL,A,B,../../GraPPI_data/PDB/dimer_db/4IPL.pdb,1
4IQD,A,B,../../GraPPI_data/PDB/dimer_db/4IQD.pdb,1
4IQL,A,B,../../GraPPI_data/PDB/dimer_db/4IQL.pdb,1
4ITA,A,B,../../GraPPI_data/PDB/dimer_db/4ITA.pdb,1
4IV9,A,B,../../GraPPI_data/PDB/dimer_db/4IV9.pdb,1
4IVN,A,B,../../GraPPI_data/PDB/dimer_db/4IVN.pdb,1
4IWN,A,B,../../GraPPI_data/PDB/dimer_db/4IWN.pdb,1
4IXN,A,B,../../GraPPI_data/PDB/dimer_db/4IXN.pdb,1
4IXO,A,B,../../GraPPI_data/PDB/dimer_db/4IXO.pdb,1
4IYJ,A,B,../../GraPPI_data/PDB/dimer_db/4IYJ.pdb,1
4IZH,A,B,../../GraPPI_data/PDB/dimer_db/4IZH.pdb,1
4J0N,A,B,../../GraPPI_data/PDB/dimer_db/4J0N.pdb,1
4J3C,A,B,../../GraPPI_data/PDB/dimer_db/4J3C.pdb,1
4J42,A,B,../../GraPPI_data/PDB/dimer_db/4J42.pdb,1
4J5U,A,B,../../GraPPI_data/PDB/dimer_db/4J5U.pdb,1
4J6F,A,B,../../GraPPI_data/PDB/dimer_db/4J6F.pdb,1
4J72,A,B,../../GraPPI_data/PDB/dimer_db/4J72.pdb,1
4J9W,A,B,../../GraPPI_data/PDB/dimer_db/4J9W.pdb,1
4JAK,A,B,../../GraPPI_data/PDB/dimer_db/4JAK.pdb,1
4JBA,A,B,../../GraPPI_data/PDB/dimer_db/4JBA.pdb,1
4JBE,A,B,../../GraPPI_data/PDB/dimer_db/4JBE.pdb,1
4JCI,A,B,../../GraPPI_data/PDB/dimer_db/4JCI.pdb,1
4JD7,A,D,../../GraPPI_data/PDB/dimer_db/4JD7.pdb,1
4JDR,A,B,../../GraPPI_data/PDB/dimer_db/4JDR.pdb,1
4JE1,A,B,../../GraPPI_data/PDB/dimer_db/4JE1.pdb,1
4JEM,A,B,../../GraPPI_data/PDB/dimer_db/4JEM.pdb,1
4JF1,A,B,../../GraPPI_data/PDB/dimer_db/4JF1.pdb,1
4JGA,A,B,../../GraPPI_data/PDB/dimer_db/4JGA.pdb,1
4JGP,A,B,../../GraPPI_data/PDB/dimer_db/4JGP.pdb,1
4JH2,A,B,../../GraPPI_data/PDB/dimer_db/4JH2.pdb,1
4JHC,A,B,../../GraPPI_data/PDB/dimer_db/4JHC.pdb,1
4JIM,A,B,../../GraPPI_data/PDB/dimer_db/4JIM.pdb,1
4JIS,A,B,../../GraPPI_data/PDB/dimer_db/4JIS.pdb,1
4JJP,A,B,../../GraPPI_data/PDB/dimer_db/4JJP.pdb,1
4JN9,A,B,../../GraPPI_data/PDB/dimer_db/4JN9.pdb,1
4JOQ,A,B,../../GraPPI_data/PDB/dimer_db/4JOQ.pdb,1
4JOS,A,B,../../GraPPI_data/PDB/dimer_db/4JOS.pdb,1
4JQP,A,B,../../GraPPI_data/PDB/dimer_db/4JQP.pdb,1
4JQT,A,B,../../GraPPI_data/PDB/dimer_db/4JQT.pdb,1
4JRH,A,B,../../GraPPI_data/PDB/dimer_db/4JRH.pdb,1
4JTM,A,B,../../GraPPI_data/PDB/dimer_db/4JTM.pdb,1
4JUU,A,B,../../GraPPI_data/PDB/dimer_db/4JUU.pdb,1
4JVO,A,B,../../GraPPI_data/PDB/dimer_db/4JVO.pdb,1
4JWP,A,B,../../GraPPI_data/PDB/dimer_db/4JWP.pdb,1
4JX2,A,B,../../GraPPI_data/PDB/dimer_db/4JX2.pdb,1
4JXK,A,B,../../GraPPI_data/PDB/dimer_db/4JXK.pdb,1
4JXQ,A,B,../../GraPPI_data/PDB/dimer_db/4JXQ.pdb,1
4JYK,A,B,../../GraPPI_data/PDB/dimer_db/4JYK.pdb,1
4K2M,A,B,../../GraPPI_data/PDB/dimer_db/4K2M.pdb,1
4K2X,A,B,../../GraPPI_data/PDB/dimer_db/4K2X.pdb,1
4K3L,A,B,../../GraPPI_data/PDB/dimer_db/4K3L.pdb,1
4K7G,B,D,../../GraPPI_data/PDB/dimer_db/4K7G.pdb,1
4K8K,A,B,../../GraPPI_data/PDB/dimer_db/4K8K.pdb,1
4KAF,A,B,../../GraPPI_data/PDB/dimer_db/4KAF.pdb,1
4KEM,A,B,../../GraPPI_data/PDB/dimer_db/4KEM.pdb,1
4KH7,A,B,../../GraPPI_data/PDB/dimer_db/4KH7.pdb,1
4KIB,A,B,../../GraPPI_data/PDB/dimer_db/4KIB.pdb,1
4KKM,A,B,../../GraPPI_data/PDB/dimer_db/4KKM.pdb,1
4KM3,A,B,../../GraPPI_data/PDB/dimer_db/4KM3.pdb,1
4KMR,A,B,../../GraPPI_data/PDB/dimer_db/4KMR.pdb,1
4KN5,A,B,../../GraPPI_data/PDB/dimer_db/4KN5.pdb,1
4KN8,A,B,../../GraPPI_data/PDB/dimer_db/4KN8.pdb,1
4KNA,A,B,../../GraPPI_data/PDB/dimer_db/4KNA.pdb,1
4KQK,A,B,../../GraPPI_data/PDB/dimer_db/4KQK.pdb,1
4KQW,A,B,../../GraPPI_data/PDB/dimer_db/4KQW.pdb,1
4KS9,A,B,../../GraPPI_data/PDB/dimer_db/4KS9.pdb,1
4KT7,A,B,../../GraPPI_data/PDB/dimer_db/4KT7.pdb,1
4KTP,A,B,../../GraPPI_data/PDB/dimer_db/4KTP.pdb,1
4KWA,A,B,../../GraPPI_data/PDB/dimer_db/4KWA.pdb,1
4KYX,A,B,../../GraPPI_data/PDB/dimer_db/4KYX.pdb,1
4L2A,A,B,../../GraPPI_data/PDB/dimer_db/4L2A.pdb,1
4L3K,A,B,../../GraPPI_data/PDB/dimer_db/4L3K.pdb,1
4L4Y,A,B,../../GraPPI_data/PDB/dimer_db/4L4Y.pdb,1
4L6W,A,B,../../GraPPI_data/PDB/dimer_db/4L6W.pdb,1
4L9G,A,B,../../GraPPI_data/PDB/dimer_db/4L9G.pdb,1
4L9N,A,B,../../GraPPI_data/PDB/dimer_db/4L9N.pdb,1
4LB0,A,B,../../GraPPI_data/PDB/dimer_db/4LB0.pdb,1
4LC3,A,B,../../GraPPI_data/PDB/dimer_db/4LC3.pdb,1
4LDP,A,B,../../GraPPI_data/PDB/dimer_db/4LDP.pdb,1
4LDS,A,B,../../GraPPI_data/PDB/dimer_db/4LDS.pdb,1
4LFG,A,B,../../GraPPI_data/PDB/dimer_db/4LFG.pdb,1
4LJ3,A,B,../../GraPPI_data/PDB/dimer_db/4LJ3.pdb,1
4LJI,A,B,../../GraPPI_data/PDB/dimer_db/4LJI.pdb,1
4LLS,A,B,../../GraPPI_data/PDB/dimer_db/4LLS.pdb,1
4LMA,A,B,../../GraPPI_data/PDB/dimer_db/4LMA.pdb,1
4LMI,A,B,../../GraPPI_data/PDB/dimer_db/4LMI.pdb,1
4LOW,A,B,../../GraPPI_data/PDB/dimer_db/4LOW.pdb,1
4LQB,A,B,../../GraPPI_data/PDB/dimer_db/4LQB.pdb,1
4LQC,A,B,../../GraPPI_data/PDB/dimer_db/4LQC.pdb,1
4LS6,A,B,../../GraPPI_data/PDB/dimer_db/4LS6.pdb,1
4LS9,A,B,../../GraPPI_data/PDB/dimer_db/4LS9.pdb,1
4LSB,A,B,../../GraPPI_data/PDB/dimer_db/4LSB.pdb,1
4LUB,A,B,../../GraPPI_data/PDB/dimer_db/4LUB.pdb,1
4LUT,A,B,../../GraPPI_data/PDB/dimer_db/4LUT.pdb,1
4LW8,A,B,../../GraPPI_data/PDB/dimer_db/4LW8.pdb,1
4LZA,A,B,../../GraPPI_data/PDB/dimer_db/4LZA.pdb,1
4M0C,A,B,../../GraPPI_data/PDB/dimer_db/4M0C.pdb,1
4M0J,A,B,../../GraPPI_data/PDB/dimer_db/4M0J.pdb,1
4M7Y,A,B,../../GraPPI_data/PDB/dimer_db/4M7Y.pdb,1
4M9D,A,B,../../GraPPI_data/PDB/dimer_db/4M9D.pdb,1
4MAE,A,B,../../GraPPI_data/PDB/dimer_db/4MAE.pdb,1
4MAK,A,B,../../GraPPI_data/PDB/dimer_db/4MAK.pdb,1
4MAM,A,B,../../GraPPI_data/PDB/dimer_db/4MAM.pdb,1
4MAQ,A,B,../../GraPPI_data/PDB/dimer_db/4MAQ.pdb,1
4MCB,A,B,../../GraPPI_data/PDB/dimer_db/4MCB.pdb,1
4MCW,A,B,../../GraPPI_data/PDB/dimer_db/4MCW.pdb,1
4ME9,A,B,../../GraPPI_data/PDB/dimer_db/4ME9.pdb,1
4MH4,A,B,../../GraPPI_data/PDB/dimer_db/4MH4.pdb,1
4MIS,A,B,../../GraPPI_data/PDB/dimer_db/4MIS.pdb,1
4MKI,B,A,../../GraPPI_data/PDB/dimer_db/4MKI.pdb,1
4MKS,A,B,../../GraPPI_data/PDB/dimer_db/4MKS.pdb,1
4ML9,A,B,../../GraPPI_data/PDB/dimer_db/4ML9.pdb,1
4MMW,A,B,../../GraPPI_data/PDB/dimer_db/4MMW.pdb,1
4MNU,A,B,../../GraPPI_data/PDB/dimer_db/4MNU.pdb,1
4MO2,B,A,../../GraPPI_data/PDB/dimer_db/4MO2.pdb,1
4MPH,A,B,../../GraPPI_data/PDB/dimer_db/4MPH.pdb,1
4MSO,A,B,../../GraPPI_data/PDB/dimer_db/4MSO.pdb,1
4MTS,A,B,../../GraPPI_data/PDB/dimer_db/4MTS.pdb,1
4MUO,A,B,../../GraPPI_data/PDB/dimer_db/4MUO.pdb,1
4MUR,A,B,../../GraPPI_data/PDB/dimer_db/4MUR.pdb,1
4MV2,A,B,../../GraPPI_data/PDB/dimer_db/4MV2.pdb,1
4MYP,A,B,../../GraPPI_data/PDB/dimer_db/4MYP.pdb,1
4MZT,A,B,../../GraPPI_data/PDB/dimer_db/4MZT.pdb,1
4MZW,A,B,../../GraPPI_data/PDB/dimer_db/4MZW.pdb,1
4N0R,A,B,../../GraPPI_data/PDB/dimer_db/4N0R.pdb,1
4N0V,A,B,../../GraPPI_data/PDB/dimer_db/4N0V.pdb,1
4N3O,A,B,../../GraPPI_data/PDB/dimer_db/4N3O.pdb,1
4N65,A,B,../../GraPPI_data/PDB/dimer_db/4N65.pdb,1
4N6F,A,B,../../GraPPI_data/PDB/dimer_db/4N6F.pdb,1
4N8O,A,B,../../GraPPI_data/PDB/dimer_db/4N8O.pdb,1
4NAF,A,B,../../GraPPI_data/PDB/dimer_db/4NAF.pdb,1
4NAX,A,B,../../GraPPI_data/PDB/dimer_db/4NAX.pdb,1
4NB0,A,B,../../GraPPI_data/PDB/dimer_db/4NB0.pdb,1
4NC7,A,B,../../GraPPI_data/PDB/dimer_db/4NC7.pdb,1
4NEG,A,B,../../GraPPI_data/PDB/dimer_db/4NEG.pdb,1
4NJH,A,B,../../GraPPI_data/PDB/dimer_db/4NJH.pdb,1
4NK2,A,B,../../GraPPI_data/PDB/dimer_db/4NK2.pdb,1
4NNZ,A,B,../../GraPPI_data/PDB/dimer_db/4NNZ.pdb,1
4NOI,A,B,../../GraPPI_data/PDB/dimer_db/4NOI.pdb,1
4NOZ,A,B,../../GraPPI_data/PDB/dimer_db/4NOZ.pdb,1
4NPC,A,B,../../GraPPI_data/PDB/dimer_db/4NPC.pdb,1
4NQF,A,B,../../GraPPI_data/PDB/dimer_db/4NQF.pdb,1
4NSV,A,B,../../GraPPI_data/PDB/dimer_db/4NSV.pdb,1
4NUR,A,B,../../GraPPI_data/PDB/dimer_db/4NUR.pdb,1
4NVS,A,B,../../GraPPI_data/PDB/dimer_db/4NVS.pdb,1
4NZ9,A,B,../../GraPPI_data/PDB/dimer_db/4NZ9.pdb,1
4O1E,A,B,../../GraPPI_data/PDB/dimer_db/4O1E.pdb,1
4O2D,A,B,../../GraPPI_data/PDB/dimer_db/4O2D.pdb,1
4O3V,A,B,../../GraPPI_data/PDB/dimer_db/4O3V.pdb,1
4O4O,A,B,../../GraPPI_data/PDB/dimer_db/4O4O.pdb,1
4O5F,A,B,../../GraPPI_data/PDB/dimer_db/4O5F.pdb,1
4O7O,A,B,../../GraPPI_data/PDB/dimer_db/4O7O.pdb,1
4O98,A,B,../../GraPPI_data/PDB/dimer_db/4O98.pdb,1
4O9K,A,B,../../GraPPI_data/PDB/dimer_db/4O9K.pdb,1
4OA8,A,B,../../GraPPI_data/PDB/dimer_db/4OA8.pdb,1
4OB9,A,B,../../GraPPI_data/PDB/dimer_db/4OB9.pdb,1
4OF1,A,B,../../GraPPI_data/PDB/dimer_db/4OF1.pdb,1
4OGD,A,B,../../GraPPI_data/PDB/dimer_db/4OGD.pdb,1
4OI3,A,B,../../GraPPI_data/PDB/dimer_db/4OI3.pdb,1
4OK4,A,B,../../GraPPI_data/PDB/dimer_db/4OK4.pdb,1
4OKC,A,B,../../GraPPI_data/PDB/dimer_db/4OKC.pdb,1
4OKE,A,B,../../GraPPI_data/PDB/dimer_db/4OKE.pdb,1
4OMV,A,B,../../GraPPI_data/PDB/dimer_db/4OMV.pdb,1
4OO0,A,B,../../GraPPI_data/PDB/dimer_db/4OO0.pdb,1
4OQQ,A,B,../../GraPPI_data/PDB/dimer_db/4OQQ.pdb,1
4OQY,A,B,../../GraPPI_data/PDB/dimer_db/4OQY.pdb,1
4P04,A,B,../../GraPPI_data/PDB/dimer_db/4P04.pdb,1
4P0E,A,B,../../GraPPI_data/PDB/dimer_db/4P0E.pdb,1
4P2X,A,B,../../GraPPI_data/PDB/dimer_db/4P2X.pdb,1
4P3M,A,B,../../GraPPI_data/PDB/dimer_db/4P3M.pdb,1
4P6D,A,B,../../GraPPI_data/PDB/dimer_db/4P6D.pdb,1
4P7C,A,B,../../GraPPI_data/PDB/dimer_db/4P7C.pdb,1
4P8I,A,B,../../GraPPI_data/PDB/dimer_db/4P8I.pdb,1
4P93,A,B,../../GraPPI_data/PDB/dimer_db/4P93.pdb,1
4P96,A,B,../../GraPPI_data/PDB/dimer_db/4P96.pdb,1
4PBB,A,B,../../GraPPI_data/PDB/dimer_db/4PBB.pdb,1
4PBC,A,B,../../GraPPI_data/PDB/dimer_db/4PBC.pdb,1
4PCV,A,B,../../GraPPI_data/PDB/dimer_db/4PCV.pdb,1
4PDX,A,B,../../GraPPI_data/PDB/dimer_db/4PDX.pdb,1
4PEO,A,B,../../GraPPI_data/PDB/dimer_db/4PEO.pdb,1
4PET,A,B,../../GraPPI_data/PDB/dimer_db/4PET.pdb,1
4PFM,A,B,../../GraPPI_data/PDB/dimer_db/4PFM.pdb,1
4PFZ,A,B,../../GraPPI_data/PDB/dimer_db/4PFZ.pdb,1
4PG7,A,B,../../GraPPI_data/PDB/dimer_db/4PG7.pdb,1
4PH6,A,B,../../GraPPI_data/PDB/dimer_db/4PH6.pdb,1
4PIC,A,B,../../GraPPI_data/PDB/dimer_db/4PIC.pdb,1
4PMV,A,B,../../GraPPI_data/PDB/dimer_db/4PMV.pdb,1
4POB,A,B,../../GraPPI_data/PDB/dimer_db/4POB.pdb,1
4PON,A,B,../../GraPPI_data/PDB/dimer_db/4PON.pdb,1
4PR3,A,B,../../GraPPI_data/PDB/dimer_db/4PR3.pdb,1
4PRS,A,B,../../GraPPI_data/PDB/dimer_db/4PRS.pdb,1
4PT4,A,B,../../GraPPI_data/PDB/dimer_db/4PT4.pdb,1
4PTS,A,B,../../GraPPI_data/PDB/dimer_db/4PTS.pdb,1
4PUC,A,B,../../GraPPI_data/PDB/dimer_db/4PUC.pdb,1
4PV4,A,B,../../GraPPI_data/PDB/dimer_db/4PV4.pdb,1
4PW1,A,B,../../GraPPI_data/PDB/dimer_db/4PW1.pdb,1
4PXD,A,B,../../GraPPI_data/PDB/dimer_db/4PXD.pdb,1
4PXO,A,B,../../GraPPI_data/PDB/dimer_db/4PXO.pdb,1
4PZK,A,B,../../GraPPI_data/PDB/dimer_db/4PZK.pdb,1
4Q05,A,B,../../GraPPI_data/PDB/dimer_db/4Q05.pdb,1
4Q14,A,B,../../GraPPI_data/PDB/dimer_db/4Q14.pdb,1
4Q1V,A,B,../../GraPPI_data/PDB/dimer_db/4Q1V.pdb,1
4Q20,A,B,../../GraPPI_data/PDB/dimer_db/4Q20.pdb,1
4Q25,A,B,../../GraPPI_data/PDB/dimer_db/4Q25.pdb,1
4Q2E,A,B,../../GraPPI_data/PDB/dimer_db/4Q2E.pdb,1
4Q2H,A,B,../../GraPPI_data/PDB/dimer_db/4Q2H.pdb,1
4Q51,A,B,../../GraPPI_data/PDB/dimer_db/4Q51.pdb,1
4Q60,A,B,../../GraPPI_data/PDB/dimer_db/4Q60.pdb,1
4Q69,A,B,../../GraPPI_data/PDB/dimer_db/4Q69.pdb,1
4Q6U,A,B,../../GraPPI_data/PDB/dimer_db/4Q6U.pdb,1
4Q7I,A,B,../../GraPPI_data/PDB/dimer_db/4Q7I.pdb,1
4Q84,A,B,../../GraPPI_data/PDB/dimer_db/4Q84.pdb,1
4Q9A,A,B,../../GraPPI_data/PDB/dimer_db/4Q9A.pdb,1
4Q9M,A,B,../../GraPPI_data/PDB/dimer_db/4Q9M.pdb,1
4QAS,A,B,../../GraPPI_data/PDB/dimer_db/4QAS.pdb,1
4QAV,A,B,../../GraPPI_data/PDB/dimer_db/4QAV.pdb,1
4QDK,A,B,../../GraPPI_data/PDB/dimer_db/4QDK.pdb,1
4QE0,A,B,../../GraPPI_data/PDB/dimer_db/4QE0.pdb,1
4QED,A,B,../../GraPPI_data/PDB/dimer_db/4QED.pdb,1
4QGR,A,B,../../GraPPI_data/PDB/dimer_db/4QGR.pdb,1
4QHR,A,B,../../GraPPI_data/PDB/dimer_db/4QHR.pdb,1
4QIT,A,B,../../GraPPI_data/PDB/dimer_db/4QIT.pdb,1
4QJY,A,B,../../GraPPI_data/PDB/dimer_db/4QJY.pdb,1
4QLX,A,B,../../GraPPI_data/PDB/dimer_db/4QLX.pdb,1
4QNC,A,B,../../GraPPI_data/PDB/dimer_db/4QNC.pdb,1
4QPK,A,B,../../GraPPI_data/PDB/dimer_db/4QPK.pdb,1
4QR8,A,B,../../GraPPI_data/PDB/dimer_db/4QR8.pdb,1
4QRI,A,B,../../GraPPI_data/PDB/dimer_db/4QRI.pdb,1
4QTG,A,B,../../GraPPI_data/PDB/dimer_db/4QTG.pdb,1
4QUS,A,B,../../GraPPI_data/PDB/dimer_db/4QUS.pdb,1
4QXZ,A,B,../../GraPPI_data/PDB/dimer_db/4QXZ.pdb,1
4R0K,A,B,../../GraPPI_data/PDB/dimer_db/4R0K.pdb,1
4R1H,A,B,../../GraPPI_data/PDB/dimer_db/4R1H.pdb,1
4R1I,A,B,../../GraPPI_data/PDB/dimer_db/4R1I.pdb,1
4R27,A,B,../../GraPPI_data/PDB/dimer_db/4R27.pdb,1
4R3N,A,B,../../GraPPI_data/PDB/dimer_db/4R3N.pdb,1
4R60,A,B,../../GraPPI_data/PDB/dimer_db/4R60.pdb,1
4R6I,A,B,../../GraPPI_data/PDB/dimer_db/4R6I.pdb,1
4R82,A,B,../../GraPPI_data/PDB/dimer_db/4R82.pdb,1
4R8D,A,B,../../GraPPI_data/PDB/dimer_db/4R8D.pdb,1
4R8E,A,B,../../GraPPI_data/PDB/dimer_db/4R8E.pdb,1
4R8H,A,B,../../GraPPI_data/PDB/dimer_db/4R8H.pdb,1
4R8Z,A,B,../../GraPPI_data/PDB/dimer_db/4R8Z.pdb,1
4R9X,A,B,../../GraPPI_data/PDB/dimer_db/4R9X.pdb,1
4R9Z,A,B,../../GraPPI_data/PDB/dimer_db/4R9Z.pdb,1
4RAY,A,B,../../GraPPI_data/PDB/dimer_db/4RAY.pdb,1
4RBR,A,B,../../GraPPI_data/PDB/dimer_db/4RBR.pdb,1
4RCK,A,B,../../GraPPI_data/PDB/dimer_db/4RCK.pdb,1
4RCT,A,B,../../GraPPI_data/PDB/dimer_db/4RCT.pdb,1
4RFV,A,B,../../GraPPI_data/PDB/dimer_db/4RFV.pdb,1
4RGB,A,B,../../GraPPI_data/PDB/dimer_db/4RGB.pdb,1
4RGD,A,B,../../GraPPI_data/PDB/dimer_db/4RGD.pdb,1
4RGP,A,B,../../GraPPI_data/PDB/dimer_db/4RGP.pdb,1
4RHA,A,B,../../GraPPI_data/PDB/dimer_db/4RHA.pdb,1
4RIF,A,B,../../GraPPI_data/PDB/dimer_db/4RIF.pdb,1
4RIT,B,A,../../GraPPI_data/PDB/dimer_db/4RIT.pdb,1
4RK6,A,B,../../GraPPI_data/PDB/dimer_db/4RK6.pdb,1
4RKC,A,B,../../GraPPI_data/PDB/dimer_db/4RKC.pdb,1
4RL4,A,B,../../GraPPI_data/PDB/dimer_db/4RL4.pdb,1
4RL6,A,B,../../GraPPI_data/PDB/dimer_db/4RL6.pdb,1
4RO3,A,B,../../GraPPI_data/PDB/dimer_db/4RO3.pdb,1
4RP8,A,C,../../GraPPI_data/PDB/dimer_db/4RP8.pdb,1
4RPA,A,B,../../GraPPI_data/PDB/dimer_db/4RPA.pdb,1
4RSW,A,B,../../GraPPI_data/PDB/dimer_db/4RSW.pdb,1
4RT5,A,B,../../GraPPI_data/PDB/dimer_db/4RT5.pdb,1
4RVS,A,B,../../GraPPI_data/PDB/dimer_db/4RVS.pdb,1
4RYB,A,B,../../GraPPI_data/PDB/dimer_db/4RYB.pdb,1
4RYI,A,B,../../GraPPI_data/PDB/dimer_db/4RYI.pdb,1
4RZ3,A,B,../../GraPPI_data/PDB/dimer_db/4RZ3.pdb,1
4RZB,A,B,../../GraPPI_data/PDB/dimer_db/4RZB.pdb,1
4RZH,A,B,../../GraPPI_data/PDB/dimer_db/4RZH.pdb,1
4S1A,A,B,../../GraPPI_data/PDB/dimer_db/4S1A.pdb,1
4S23,A,B,../../GraPPI_data/PDB/dimer_db/4S23.pdb,1
4S2L,A,B,../../GraPPI_data/PDB/dimer_db/4S2L.pdb,1
4S35,A,B,../../GraPPI_data/PDB/dimer_db/4S35.pdb,1
4S3M,A,B,../../GraPPI_data/PDB/dimer_db/4S3M.pdb,1
4TKR,A,B,../../GraPPI_data/PDB/dimer_db/4TKR.pdb,1
4TL3,A,B,../../GraPPI_data/PDB/dimer_db/4TL3.pdb,1
4TN5,A,B,../../GraPPI_data/PDB/dimer_db/4TN5.pdb,1
4TO8,A,B,../../GraPPI_data/PDB/dimer_db/4TO8.pdb,1
4TPH,A,B,../../GraPPI_data/PDB/dimer_db/4TPH.pdb,1
4TR6,A,B,../../GraPPI_data/PDB/dimer_db/4TR6.pdb,1
4TR7,A,B,../../GraPPI_data/PDB/dimer_db/4TR7.pdb,1
4TR8,A,B,../../GraPPI_data/PDB/dimer_db/4TR8.pdb,1
4TRT,A,B,../../GraPPI_data/PDB/dimer_db/4TRT.pdb,1
4TS1,A,B,../../GraPPI_data/PDB/dimer_db/4TS1.pdb,1
4TVI,A,B,../../GraPPI_data/PDB/dimer_db/4TVI.pdb,1
4TVO,A,B,../../GraPPI_data/PDB/dimer_db/4TVO.pdb,1
4U0W,A,B,../../GraPPI_data/PDB/dimer_db/4U0W.pdb,1
4U13,A,B,../../GraPPI_data/PDB/dimer_db/4U13.pdb,1
4U3E,A,B,../../GraPPI_data/PDB/dimer_db/4U3E.pdb,1
4U3Q,A,B,../../GraPPI_data/PDB/dimer_db/4U3Q.pdb,1
4U6D,A,B,../../GraPPI_data/PDB/dimer_db/4U6D.pdb,1
4U7O,A,B,../../GraPPI_data/PDB/dimer_db/4U7O.pdb,1
4UA1,A,B,../../GraPPI_data/PDB/dimer_db/4UA1.pdb,1
4UAB,A,B,../../GraPPI_data/PDB/dimer_db/4UAB.pdb,1
4UBV,A,B,../../GraPPI_data/PDB/dimer_db/4UBV.pdb,1
4UC2,A,B,../../GraPPI_data/PDB/dimer_db/4UC2.pdb,1
4UEJ,A,B,../../GraPPI_data/PDB/dimer_db/4UEJ.pdb,1
4UG1,A,B,../../GraPPI_data/PDB/dimer_db/4UG1.pdb,1
4UII,A,B,../../GraPPI_data/PDB/dimer_db/4UII.pdb,1
4UIR,A,B,../../GraPPI_data/PDB/dimer_db/4UIR.pdb,1
4ULV,A,B,../../GraPPI_data/PDB/dimer_db/4ULV.pdb,1
4UOP,A,B,../../GraPPI_data/PDB/dimer_db/4UOP.pdb,1
4UPL,A,C,../../GraPPI_data/PDB/dimer_db/4UPL.pdb,1
4UTU,A,B,../../GraPPI_data/PDB/dimer_db/4UTU.pdb,1
4UU3,A,B,../../GraPPI_data/PDB/dimer_db/4UU3.pdb,1
4UUW,A,B,../../GraPPI_data/PDB/dimer_db/4UUW.pdb,1
4UWM,A,B,../../GraPPI_data/PDB/dimer_db/4UWM.pdb,1
4UX7,A,B,../../GraPPI_data/PDB/dimer_db/4UX7.pdb,1
4UZ8,A,B,../../GraPPI_data/PDB/dimer_db/4UZ8.pdb,1
4V03,A,B,../../GraPPI_data/PDB/dimer_db/4V03.pdb,1
4V0S,A,B,../../GraPPI_data/PDB/dimer_db/4V0S.pdb,1
4V15,A,B,../../GraPPI_data/PDB/dimer_db/4V15.pdb,1
4V17,A,B,../../GraPPI_data/PDB/dimer_db/4V17.pdb,1
4V2I,A,B,../../GraPPI_data/PDB/dimer_db/4V2I.pdb,1
4V2P,A,B,../../GraPPI_data/PDB/dimer_db/4V2P.pdb,1
4W66,A,B,../../GraPPI_data/PDB/dimer_db/4W66.pdb,1
4W8C,A,B,../../GraPPI_data/PDB/dimer_db/4W8C.pdb,1
4W8I,A,B,../../GraPPI_data/PDB/dimer_db/4W8I.pdb,1
4W9R,A,B,../../GraPPI_data/PDB/dimer_db/4W9R.pdb,1
4WD3,A,B,../../GraPPI_data/PDB/dimer_db/4WD3.pdb,1
4WF5,A,B,../../GraPPI_data/PDB/dimer_db/4WF5.pdb,1
4WH5,A,B,../../GraPPI_data/PDB/dimer_db/4WH5.pdb,1
4WJT,A,B,../../GraPPI_data/PDB/dimer_db/4WJT.pdb,1
4WJY,A,B,../../GraPPI_data/PDB/dimer_db/4WJY.pdb,1
4WKB,A,B,../../GraPPI_data/PDB/dimer_db/4WKB.pdb,1
4WO7,A,B,../../GraPPI_data/PDB/dimer_db/4WO7.pdb,1
4WOJ,A,B,../../GraPPI_data/PDB/dimer_db/4WOJ.pdb,1
4WP9,A,B,../../GraPPI_data/PDB/dimer_db/4WP9.pdb,1
4WSH,A,B,../../GraPPI_data/PDB/dimer_db/4WSH.pdb,1
4WUO,A,B,../../GraPPI_data/PDB/dimer_db/4WUO.pdb,1
4WXH,A,B,../../GraPPI_data/PDB/dimer_db/4WXH.pdb,1
4WYD,A,B,../../GraPPI_data/PDB/dimer_db/4WYD.pdb,1
4X3L,A,B,../../GraPPI_data/PDB/dimer_db/4X3L.pdb,1
4X4J,A,B,../../GraPPI_data/PDB/dimer_db/4X4J.pdb,1
4X5S,A,B,../../GraPPI_data/PDB/dimer_db/4X5S.pdb,1
4X68,A,B,../../GraPPI_data/PDB/dimer_db/4X68.pdb,1
4XCM,A,B,../../GraPPI_data/PDB/dimer_db/4XCM.pdb,1
4XFW,A,B,../../GraPPI_data/PDB/dimer_db/4XFW.pdb,1
4XGX,A,B,../../GraPPI_data/PDB/dimer_db/4XGX.pdb,1
4XHC,A,B,../../GraPPI_data/PDB/dimer_db/4XHC.pdb,1
4XIN,A,B,../../GraPPI_data/PDB/dimer_db/4XIN.pdb,1
4XK1,A,B,../../GraPPI_data/PDB/dimer_db/4XK1.pdb,1
4XKJ,A,B,../../GraPPI_data/PDB/dimer_db/4XKJ.pdb,1
4XL3,A,B,../../GraPPI_data/PDB/dimer_db/4XL3.pdb,1
4XLY,A,B,../../GraPPI_data/PDB/dimer_db/4XLY.pdb,1
4XMR,A,B,../../GraPPI_data/PDB/dimer_db/4XMR.pdb,1
4XO2,A,B,../../GraPPI_data/PDB/dimer_db/4XO2.pdb,1
4XOX,A,B,../../GraPPI_data/PDB/dimer_db/4XOX.pdb,1
4XQ6,A,B,../../GraPPI_data/PDB/dimer_db/4XQ6.pdb,1
4XQC,A,B,../../GraPPI_data/PDB/dimer_db/4XQC.pdb,1
4XR9,A,B,../../GraPPI_data/PDB/dimer_db/4XR9.pdb,1
4XS9,A,B,../../GraPPI_data/PDB/dimer_db/4XS9.pdb,1
4XTT,A,B,../../GraPPI_data/PDB/dimer_db/4XTT.pdb,1
4XUK,A,B,../../GraPPI_data/PDB/dimer_db/4XUK.pdb,1
4XVV,A,B,../../GraPPI_data/PDB/dimer_db/4XVV.pdb,1
4XWI,A,B,../../GraPPI_data/PDB/dimer_db/4XWI.pdb,1
4XWT,A,B,../../GraPPI_data/PDB/dimer_db/4XWT.pdb,1
4XXU,A,B,../../GraPPI_data/PDB/dimer_db/4XXU.pdb,1
4XXV,A,B,../../GraPPI_data/PDB/dimer_db/4XXV.pdb,1
4XYB,A,B,../../GraPPI_data/PDB/dimer_db/4XYB.pdb,1
4XZZ,A,B,../../GraPPI_data/PDB/dimer_db/4XZZ.pdb,1
4Y1R,A,B,../../GraPPI_data/PDB/dimer_db/4Y1R.pdb,1
4Y2W,A,B,../../GraPPI_data/PDB/dimer_db/4Y2W.pdb,1
4Y7L,A,B,../../GraPPI_data/PDB/dimer_db/4Y7L.pdb,1
4YAG,A,B,../../GraPPI_data/PDB/dimer_db/4YAG.pdb,1
4YBA,A,B,../../GraPPI_data/PDB/dimer_db/4YBA.pdb,1
4YBR,A,B,../../GraPPI_data/PDB/dimer_db/4YBR.pdb,1
4YER,A,B,../../GraPPI_data/PDB/dimer_db/4YER.pdb,1
4YFJ,A,B,../../GraPPI_data/PDB/dimer_db/4YFJ.pdb,1
4YFV,A,B,../../GraPPI_data/PDB/dimer_db/4YFV.pdb,1
4YIO,A,B,../../GraPPI_data/PDB/dimer_db/4YIO.pdb,1
4YIW,A,B,../../GraPPI_data/PDB/dimer_db/4YIW.pdb,1
4YMI,A,B,../../GraPPI_data/PDB/dimer_db/4YMI.pdb,1
4YMZ,A,B,../../GraPPI_data/PDB/dimer_db/4YMZ.pdb,1
4YNX,A,B,../../GraPPI_data/PDB/dimer_db/4YNX.pdb,1
4YPO,A,B,../../GraPPI_data/PDB/dimer_db/4YPO.pdb,1
4YRD,A,B,../../GraPPI_data/PDB/dimer_db/4YRD.pdb,1
4YSB,A,B,../../GraPPI_data/PDB/dimer_db/4YSB.pdb,1
4YSL,A,B,../../GraPPI_data/PDB/dimer_db/4YSL.pdb,1
4YUT,A,B,../../GraPPI_data/PDB/dimer_db/4YUT.pdb,1
4YWN,A,B,../../GraPPI_data/PDB/dimer_db/4YWN.pdb,1
4YWS,A,B,../../GraPPI_data/PDB/dimer_db/4YWS.pdb,1
4YX1,A,B,../../GraPPI_data/PDB/dimer_db/4YX1.pdb,1
4YX6,A,B,../../GraPPI_data/PDB/dimer_db/4YX6.pdb,1
4YXF,A,B,../../GraPPI_data/PDB/dimer_db/4YXF.pdb,1
4YXT,A,B,../../GraPPI_data/PDB/dimer_db/4YXT.pdb,1
4YZZ,A,D,../../GraPPI_data/PDB/dimer_db/4YZZ.pdb,1
4Z1D,A,B,../../GraPPI_data/PDB/dimer_db/4Z1D.pdb,1
4Z27,A,B,../../GraPPI_data/PDB/dimer_db/4Z27.pdb,1
4Z38,A,B,../../GraPPI_data/PDB/dimer_db/4Z38.pdb,1
4Z7R,A,B,../../GraPPI_data/PDB/dimer_db/4Z7R.pdb,1
4Z86,A,B,../../GraPPI_data/PDB/dimer_db/4Z86.pdb,1
4Z9H,A,B,../../GraPPI_data/PDB/dimer_db/4Z9H.pdb,1
4ZCD,A,B,../../GraPPI_data/PDB/dimer_db/4ZCD.pdb,1
4ZGW,A,B,../../GraPPI_data/PDB/dimer_db/4ZGW.pdb,1
4ZHV,A,B,../../GraPPI_data/PDB/dimer_db/4ZHV.pdb,1
4ZIL,A,B,../../GraPPI_data/PDB/dimer_db/4ZIL.pdb,1
4ZKJ,A,B,../../GraPPI_data/PDB/dimer_db/4ZKJ.pdb,1
4ZKY,A,B,../../GraPPI_data/PDB/dimer_db/4ZKY.pdb,1
4ZLH,A,B,../../GraPPI_data/PDB/dimer_db/4ZLH.pdb,1
4ZMM,A,B,../../GraPPI_data/PDB/dimer_db/4ZMM.pdb,1
4ZN6,A,B,../../GraPPI_data/PDB/dimer_db/4ZN6.pdb,1
4ZO2,A,B,../../GraPPI_data/PDB/dimer_db/4ZO2.pdb,1
4ZOC,A,B,../../GraPPI_data/PDB/dimer_db/4ZOC.pdb,1
4ZQ8,A,B,../../GraPPI_data/PDB/dimer_db/4ZQ8.pdb,1
4ZQB,A,B,../../GraPPI_data/PDB/dimer_db/4ZQB.pdb,1
4ZQE,A,B,../../GraPPI_data/PDB/dimer_db/4ZQE.pdb,1
4ZR8,A,B,../../GraPPI_data/PDB/dimer_db/4ZR8.pdb,1
4ZRM,A,B,../../GraPPI_data/PDB/dimer_db/4ZRM.pdb,1
4ZRS,A,B,../../GraPPI_data/PDB/dimer_db/4ZRS.pdb,1
4ZSI,A,B,../../GraPPI_data/PDB/dimer_db/4ZSI.pdb,1
4ZU5,A,B,../../GraPPI_data/PDB/dimer_db/4ZU5.pdb,1
4ZUR,A,B,../../GraPPI_data/PDB/dimer_db/4ZUR.pdb,1
4ZVC,A,B,../../GraPPI_data/PDB/dimer_db/4ZVC.pdb,1
4ZWO,A,B,../../GraPPI_data/PDB/dimer_db/4ZWO.pdb,1
4ZWV,A,B,../../GraPPI_data/PDB/dimer_db/4ZWV.pdb,1
4ZYL,A,B,../../GraPPI_data/PDB/dimer_db/4ZYL.pdb,1
5A4O,A,B,../../GraPPI_data/PDB/dimer_db/5A4O.pdb,1
5A5G,A,B,../../GraPPI_data/PDB/dimer_db/5A5G.pdb,1
5A9S,A,B,../../GraPPI_data/PDB/dimer_db/5A9S.pdb,1
5ABR,A,B,../../GraPPI_data/PDB/dimer_db/5ABR.pdb,1
5AC5,A,B,../../GraPPI_data/PDB/dimer_db/5AC5.pdb,1
5ACS,A,B,../../GraPPI_data/PDB/dimer_db/5ACS.pdb,1
5AF3,A,B,../../GraPPI_data/PDB/dimer_db/5AF3.pdb,1
5AHK,A,B,../../GraPPI_data/PDB/dimer_db/5AHK.pdb,1
5AIP,A,B,../../GraPPI_data/PDB/dimer_db/5AIP.pdb,1
5AJL,A,B,../../GraPPI_data/PDB/dimer_db/5AJL.pdb,1
5AQC,A,B,../../GraPPI_data/PDB/dimer_db/5AQC.pdb,1
5AXG,A,B,../../GraPPI_data/PDB/dimer_db/5AXG.pdb,1
5AYP,A,B,../../GraPPI_data/PDB/dimer_db/5AYP.pdb,1
5B0P,A,B,../../GraPPI_data/PDB/dimer_db/5B0P.pdb,1
5B1O,A,B,../../GraPPI_data/PDB/dimer_db/5B1O.pdb,1
5B2H,A,B,../../GraPPI_data/PDB/dimer_db/5B2H.pdb,1
5B52,A,B,../../GraPPI_data/PDB/dimer_db/5B52.pdb,1
5B55,A,B,../../GraPPI_data/PDB/dimer_db/5B55.pdb,1
5B6D,A,B,../../GraPPI_data/PDB/dimer_db/5B6D.pdb,1
5B7G,A,B,../../GraPPI_data/PDB/dimer_db/5B7G.pdb,1
5B7Y,A,B,../../GraPPI_data/PDB/dimer_db/5B7Y.pdb,1
5B8H,A,B,../../GraPPI_data/PDB/dimer_db/5B8H.pdb,1
5BJW,A,B,../../GraPPI_data/PDB/dimer_db/5BJW.pdb,1
5BK9,A,B,../../GraPPI_data/PDB/dimer_db/5BK9.pdb,1
5BNC,A,B,../../GraPPI_data/PDB/dimer_db/5BNC.pdb,1
5BNM,A,B,../../GraPPI_data/PDB/dimer_db/5BNM.pdb,1
5BQS,A,B,../../GraPPI_data/PDB/dimer_db/5BQS.pdb,1
5BR4,A,B,../../GraPPI_data/PDB/dimer_db/5BR4.pdb,1
5BTU,A,B,../../GraPPI_data/PDB/dimer_db/5BTU.pdb,1
5BUQ,A,B,../../GraPPI_data/PDB/dimer_db/5BUQ.pdb,1
5BWI,A,B,../../GraPPI_data/PDB/dimer_db/5BWI.pdb,1
5C04,A,B,../../GraPPI_data/PDB/dimer_db/5C04.pdb,1
5C21,A,B,../../GraPPI_data/PDB/dimer_db/5C21.pdb,1
5C2X,A,B,../../GraPPI_data/PDB/dimer_db/5C2X.pdb,1
5C4Y,A,B,../../GraPPI_data/PDB/dimer_db/5C4Y.pdb,1
5C5Z,A,B,../../GraPPI_data/PDB/dimer_db/5C5Z.pdb,1
5C7Q,A,B,../../GraPPI_data/PDB/dimer_db/5C7Q.pdb,1
5C9D,A,B,../../GraPPI_data/PDB/dimer_db/5C9D.pdb,1
5CB0,A,B,../../GraPPI_data/PDB/dimer_db/5CB0.pdb,1
5CB8,A,B,../../GraPPI_data/PDB/dimer_db/5CB8.pdb,1
5CES,A,B,../../GraPPI_data/PDB/dimer_db/5CES.pdb,1
5CGL,A,B,../../GraPPI_data/PDB/dimer_db/5CGL.pdb,1
5CIO,A,B,../../GraPPI_data/PDB/dimer_db/5CIO.pdb,1
5CJ3,A,B,../../GraPPI_data/PDB/dimer_db/5CJ3.pdb,1
5CJ5,A,B,../../GraPPI_data/PDB/dimer_db/5CJ5.pdb,1
5CJJ,A,B,../../GraPPI_data/PDB/dimer_db/5CJJ.pdb,1
5CKD,A,B,../../GraPPI_data/PDB/dimer_db/5CKD.pdb,1
5CL2,A,B,../../GraPPI_data/PDB/dimer_db/5CL2.pdb,1
5CM7,A,B,../../GraPPI_data/PDB/dimer_db/5CM7.pdb,1
5CPG,A,B,../../GraPPI_data/PDB/dimer_db/5CPG.pdb,1
5CPM,A,B,../../GraPPI_data/PDB/dimer_db/5CPM.pdb,1
5CQV,A,B,../../GraPPI_data/PDB/dimer_db/5CQV.pdb,1
5CUO,A,B,../../GraPPI_data/PDB/dimer_db/5CUO.pdb,1
5CVI,A,B,../../GraPPI_data/PDB/dimer_db/5CVI.pdb,1
5CWE,A,B,../../GraPPI_data/PDB/dimer_db/5CWE.pdb,1
5CX8,A,B,../../GraPPI_data/PDB/dimer_db/5CX8.pdb,1
5CXO,A,B,../../GraPPI_data/PDB/dimer_db/5CXO.pdb,1
5CYV,A,B,../../GraPPI_data/PDB/dimer_db/5CYV.pdb,1
5D01,A,B,../../GraPPI_data/PDB/dimer_db/5D01.pdb,1
5D04,C,D,../../GraPPI_data/PDB/dimer_db/5D04.pdb,1
5D1I,A,B,../../GraPPI_data/PDB/dimer_db/5D1I.pdb,1
5D1R,A,B,../../GraPPI_data/PDB/dimer_db/5D1R.pdb,1
5D1V,A,B,../../GraPPI_data/PDB/dimer_db/5D1V.pdb,1
5D7B,A,B,../../GraPPI_data/PDB/dimer_db/5D7B.pdb,1
5DBK,A,B,../../GraPPI_data/PDB/dimer_db/5DBK.pdb,1
5DCL,A,B,../../GraPPI_data/PDB/dimer_db/5DCL.pdb,1
5DD8,A,B,../../GraPPI_data/PDB/dimer_db/5DD8.pdb,1
5DDT,A,B,../../GraPPI_data/PDB/dimer_db/5DDT.pdb,1
5DEQ,A,B,../../GraPPI_data/PDB/dimer_db/5DEQ.pdb,1
5DGQ,A,B,../../GraPPI_data/PDB/dimer_db/5DGQ.pdb,1
5DHL,A,B,../../GraPPI_data/PDB/dimer_db/5DHL.pdb,1
5DMN,A,B,../../GraPPI_data/PDB/dimer_db/5DMN.pdb,1
5DNK,A,B,../../GraPPI_data/PDB/dimer_db/5DNK.pdb,1
5DOO,A,B,../../GraPPI_data/PDB/dimer_db/5DOO.pdb,1
5DQP,A,B,../../GraPPI_data/PDB/dimer_db/5DQP.pdb,1
5DWD,A,B,../../GraPPI_data/PDB/dimer_db/5DWD.pdb,1
5DYN,A,B,../../GraPPI_data/PDB/dimer_db/5DYN.pdb,1
5DZQ,A,O,../../GraPPI_data/PDB/dimer_db/5DZQ.pdb,1
5DZS,A,B,../../GraPPI_data/PDB/dimer_db/5DZS.pdb,1
5E2C,A,B,../../GraPPI_data/PDB/dimer_db/5E2C.pdb,1
5E3I,A,B,../../GraPPI_data/PDB/dimer_db/5E3I.pdb,1
5E4Y,A,B,../../GraPPI_data/PDB/dimer_db/5E4Y.pdb,1
5E68,A,B,../../GraPPI_data/PDB/dimer_db/5E68.pdb,1
5ECC,A,B,../../GraPPI_data/PDB/dimer_db/5ECC.pdb,1
5ECD,A,B,../../GraPPI_data/PDB/dimer_db/5ECD.pdb,1
5EK5,A,B,../../GraPPI_data/PDB/dimer_db/5EK5.pdb,1
5ELL,A,B,../../GraPPI_data/PDB/dimer_db/5ELL.pdb,1
5ENZ,A,B,../../GraPPI_data/PDB/dimer_db/5ENZ.pdb,1
5EO6,A,B,../../GraPPI_data/PDB/dimer_db/5EO6.pdb,1
5EQF,A,B,../../GraPPI_data/PDB/dimer_db/5EQF.pdb,1
5EQN,A,B,../../GraPPI_data/PDB/dimer_db/5EQN.pdb,1
5ER9,A,B,../../GraPPI_data/PDB/dimer_db/5ER9.pdb,1
5ESW,A,B,../../GraPPI_data/PDB/dimer_db/5ESW.pdb,1
5EUF,A,B,../../GraPPI_data/PDB/dimer_db/5EUF.pdb,1
5EUV,A,B,../../GraPPI_data/PDB/dimer_db/5EUV.pdb,1
5EVC,A,B,../../GraPPI_data/PDB/dimer_db/5EVC.pdb,1
5EY3,A,B,../../GraPPI_data/PDB/dimer_db/5EY3.pdb,1
5EY7,A,B,../../GraPPI_data/PDB/dimer_db/5EY7.pdb,1
5EYF,A,B,../../GraPPI_data/PDB/dimer_db/5EYF.pdb,1
5EYG,A,B,../../GraPPI_data/PDB/dimer_db/5EYG.pdb,1
5EZ1,A,B,../../GraPPI_data/PDB/dimer_db/5EZ1.pdb,1
5F29,A,B,../../GraPPI_data/PDB/dimer_db/5F29.pdb,1
5F2H,A,B,../../GraPPI_data/PDB/dimer_db/5F2H.pdb,1
5F2K,A,B,../../GraPPI_data/PDB/dimer_db/5F2K.pdb,1
5F46,A,B,../../GraPPI_data/PDB/dimer_db/5F46.pdb,1
5F5N,A,B,../../GraPPI_data/PDB/dimer_db/5F5N.pdb,1
5F6F,A,B,../../GraPPI_data/PDB/dimer_db/5F6F.pdb,1
5F6R,A,B,../../GraPPI_data/PDB/dimer_db/5F6R.pdb,1
5FA9,A,B,../../GraPPI_data/PDB/dimer_db/5FA9.pdb,1
5FBM,A,B,../../GraPPI_data/PDB/dimer_db/5FBM.pdb,1
5FD8,A,B,../../GraPPI_data/PDB/dimer_db/5FD8.pdb,1
5FF5,A,B,../../GraPPI_data/PDB/dimer_db/5FF5.pdb,1
5FFQ,A,B,../../GraPPI_data/PDB/dimer_db/5FFQ.pdb,1
5FJS,A,B,../../GraPPI_data/PDB/dimer_db/5FJS.pdb,1
5FKK,A,B,../../GraPPI_data/PDB/dimer_db/5FKK.pdb,1
5FLG,A,B,../../GraPPI_data/PDB/dimer_db/5FLG.pdb,1
5FLH,A,B,../../GraPPI_data/PDB/dimer_db/5FLH.pdb,1
5FO3,A,B,../../GraPPI_data/PDB/dimer_db/5FO3.pdb,1
5FQ1,A,B,../../GraPPI_data/PDB/dimer_db/5FQ1.pdb,1
5FRY,A,B,../../GraPPI_data/PDB/dimer_db/5FRY.pdb,1
5FSH,A,B,../../GraPPI_data/PDB/dimer_db/5FSH.pdb,1
5FT4,A,B,../../GraPPI_data/PDB/dimer_db/5FT4.pdb,1
5FVJ,A,B,../../GraPPI_data/PDB/dimer_db/5FVJ.pdb,1
5FXD,A,B,../../GraPPI_data/PDB/dimer_db/5FXD.pdb,1
5FYA,A,B,../../GraPPI_data/PDB/dimer_db/5FYA.pdb,1
5FYD,A,B,../../GraPPI_data/PDB/dimer_db/5FYD.pdb,1
5FZP,A,B,../../GraPPI_data/PDB/dimer_db/5FZP.pdb,1
5G24,A,B,../../GraPPI_data/PDB/dimer_db/5G24.pdb,1
5G4I,A,B,../../GraPPI_data/PDB/dimer_db/5G4I.pdb,1
5G50,A,B,../../GraPPI_data/PDB/dimer_db/5G50.pdb,1
5GGY,A,N,../../GraPPI_data/PDB/dimer_db/5GGY.pdb,1
5GHF,A,B,../../GraPPI_data/PDB/dimer_db/5GHF.pdb,1
5GI4,A,B,../../GraPPI_data/PDB/dimer_db/5GI4.pdb,1
5GJO,A,B,../../GraPPI_data/PDB/dimer_db/5GJO.pdb,1
5GKK,A,B,../../GraPPI_data/PDB/dimer_db/5GKK.pdb,1
5GP9,A,B,../../GraPPI_data/PDB/dimer_db/5GP9.pdb,1
5GPO,A,B,../../GraPPI_data/PDB/dimer_db/5GPO.pdb,1
5GRA,A,B,../../GraPPI_data/PDB/dimer_db/5GRA.pdb,1
5GRO,A,B,../../GraPPI_data/PDB/dimer_db/5GRO.pdb,1
5GT5,A,B,../../GraPPI_data/PDB/dimer_db/5GT5.pdb,1
5GUK,A,B,../../GraPPI_data/PDB/dimer_db/5GUK.pdb,1
5GXE,A,B,../../GraPPI_data/PDB/dimer_db/5GXE.pdb,1
5GXX,A,B,../../GraPPI_data/PDB/dimer_db/5GXX.pdb,1
5GY7,A,B,../../GraPPI_data/PDB/dimer_db/5GY7.pdb,1
5GZ3,A,B,../../GraPPI_data/PDB/dimer_db/5GZ3.pdb,1
5GZM,A,B,../../GraPPI_data/PDB/dimer_db/5GZM.pdb,1
5H1N,A,B,../../GraPPI_data/PDB/dimer_db/5H1N.pdb,1
5H1O,A,B,../../GraPPI_data/PDB/dimer_db/5H1O.pdb,1
5H2G,A,B,../../GraPPI_data/PDB/dimer_db/5H2G.pdb,1
5H3H,A,B,../../GraPPI_data/PDB/dimer_db/5H3H.pdb,1
5H3W,A,B,../../GraPPI_data/PDB/dimer_db/5H3W.pdb,1
5H5O,A,B,../../GraPPI_data/PDB/dimer_db/5H5O.pdb,1
5H91,A,B,../../GraPPI_data/PDB/dimer_db/5H91.pdb,1
5HDJ,A,B,../../GraPPI_data/PDB/dimer_db/5HDJ.pdb,1
5HEC,A,B,../../GraPPI_data/PDB/dimer_db/5HEC.pdb,1
5HFK,A,B,../../GraPPI_data/PDB/dimer_db/5HFK.pdb,1
5HGW,A,B,../../GraPPI_data/PDB/dimer_db/5HGW.pdb,1
5HH3,A,C,../../GraPPI_data/PDB/dimer_db/5HH3.pdb,1
5HHJ,A,B,../../GraPPI_data/PDB/dimer_db/5HHJ.pdb,1
5HJ7,A,B,../../GraPPI_data/PDB/dimer_db/5HJ7.pdb,1
5HKE,A,B,../../GraPPI_data/PDB/dimer_db/5HKE.pdb,1
5HKL,A,B,../../GraPPI_data/PDB/dimer_db/5HKL.pdb,1
5HL6,A,B,../../GraPPI_data/PDB/dimer_db/5HL6.pdb,1
5HLI,A,B,../../GraPPI_data/PDB/dimer_db/5HLI.pdb,1
5HO3,A,B,../../GraPPI_data/PDB/dimer_db/5HO3.pdb,1
5HS7,A,B,../../GraPPI_data/PDB/dimer_db/5HS7.pdb,1
5HSI,A,B,../../GraPPI_data/PDB/dimer_db/5HSI.pdb,1
5HSX,A,B,../../GraPPI_data/PDB/dimer_db/5HSX.pdb,1
5HTF,A,B,../../GraPPI_data/PDB/dimer_db/5HTF.pdb,1
5HTL,A,B,../../GraPPI_data/PDB/dimer_db/5HTL.pdb,1
5HUJ,A,B,../../GraPPI_data/PDB/dimer_db/5HUJ.pdb,1
5HWU,A,B,../../GraPPI_data/PDB/dimer_db/5HWU.pdb,1
5HX0,A,B,../../GraPPI_data/PDB/dimer_db/5HX0.pdb,1
5HXD,A,B,../../GraPPI_data/PDB/dimer_db/5HXD.pdb,1
5HY5,A,B,../../GraPPI_data/PDB/dimer_db/5HY5.pdb,1
5I0X,A,B,../../GraPPI_data/PDB/dimer_db/5I0X.pdb,1
5I1U,A,B,../../GraPPI_data/PDB/dimer_db/5I1U.pdb,1
5I2H,A,B,../../GraPPI_data/PDB/dimer_db/5I2H.pdb,1
5I3E,A,B,../../GraPPI_data/PDB/dimer_db/5I3E.pdb,1
5I47,A,B,../../GraPPI_data/PDB/dimer_db/5I47.pdb,1
5I4M,A,B,../../GraPPI_data/PDB/dimer_db/5I4M.pdb,1
5I5M,A,B,../../GraPPI_data/PDB/dimer_db/5I5M.pdb,1
5I90,A,B,../../GraPPI_data/PDB/dimer_db/5I90.pdb,1
5IDQ,A,B,../../GraPPI_data/PDB/dimer_db/5IDQ.pdb,1
5IF3,A,B,../../GraPPI_data/PDB/dimer_db/5IF3.pdb,1
5IFZ,A,B,../../GraPPI_data/PDB/dimer_db/5IFZ.pdb,1
5IHF,A,B,../../GraPPI_data/PDB/dimer_db/5IHF.pdb,1
5IJW,A,B,../../GraPPI_data/PDB/dimer_db/5IJW.pdb,1
5IMJ,A,B,../../GraPPI_data/PDB/dimer_db/5IMJ.pdb,1
5IOJ,A,B,../../GraPPI_data/PDB/dimer_db/5IOJ.pdb,1
5IPY,A,B,../../GraPPI_data/PDB/dimer_db/5IPY.pdb,1
5J1J,A,B,../../GraPPI_data/PDB/dimer_db/5J1J.pdb,1
5J4F,A,B,../../GraPPI_data/PDB/dimer_db/5J4F.pdb,1
5J4I,A,B,../../GraPPI_data/PDB/dimer_db/5J4I.pdb,1
5J7M,A,B,../../GraPPI_data/PDB/dimer_db/5J7M.pdb,1
5J90,A,B,../../GraPPI_data/PDB/dimer_db/5J90.pdb,1
5JBR,A,B,../../GraPPI_data/PDB/dimer_db/5JBR.pdb,1
5JEF,A,B,../../GraPPI_data/PDB/dimer_db/5JEF.pdb,1
5JG7,A,B,../../GraPPI_data/PDB/dimer_db/5JG7.pdb,1
5JIP,A,B,../../GraPPI_data/PDB/dimer_db/5JIP.pdb,1
5JKJ,A,B,../../GraPPI_data/PDB/dimer_db/5JKJ.pdb,1
5JRI,A,B,../../GraPPI_data/PDB/dimer_db/5JRI.pdb,1
5JRK,A,B,../../GraPPI_data/PDB/dimer_db/5JRK.pdb,1
5JRO,A,B,../../GraPPI_data/PDB/dimer_db/5JRO.pdb,1
5JSI,A,B,../../GraPPI_data/PDB/dimer_db/5JSI.pdb,1
5JTF,A,B,../../GraPPI_data/PDB/dimer_db/5JTF.pdb,1
5JWI,A,B,../../GraPPI_data/PDB/dimer_db/5JWI.pdb,1
5JXU,A,B,../../GraPPI_data/PDB/dimer_db/5JXU.pdb,1
5JYB,A,B,../../GraPPI_data/PDB/dimer_db/5JYB.pdb,1
5K1R,A,B,../../GraPPI_data/PDB/dimer_db/5K1R.pdb,1
5K2I,A,B,../../GraPPI_data/PDB/dimer_db/5K2I.pdb,1
5K3W,A,B,../../GraPPI_data/PDB/dimer_db/5K3W.pdb,1
5K3X,A,B,../../GraPPI_data/PDB/dimer_db/5K3X.pdb,1
5K7F,A,B,../../GraPPI_data/PDB/dimer_db/5K7F.pdb,1
5K87,A,B,../../GraPPI_data/PDB/dimer_db/5K87.pdb,1
5KBE,A,B,../../GraPPI_data/PDB/dimer_db/5KBE.pdb,1
5KEF,A,B,../../GraPPI_data/PDB/dimer_db/5KEF.pdb,1
5KEU,A,B,../../GraPPI_data/PDB/dimer_db/5KEU.pdb,1
5KGH,A,B,../../GraPPI_data/PDB/dimer_db/5KGH.pdb,1
5KH5,A,B,../../GraPPI_data/PDB/dimer_db/5KH5.pdb,1
5KHA,A,B,../../GraPPI_data/PDB/dimer_db/5KHA.pdb,1
5KKA,A,B,../../GraPPI_data/PDB/dimer_db/5KKA.pdb,1
5KMP,A,B,../../GraPPI_data/PDB/dimer_db/5KMP.pdb,1
5KP2,A,B,../../GraPPI_data/PDB/dimer_db/5KP2.pdb,1
5KRV,A,B,../../GraPPI_data/PDB/dimer_db/5KRV.pdb,1
5KS7,A,B,../../GraPPI_data/PDB/dimer_db/5KS7.pdb,1
5KSQ,A,B,../../GraPPI_data/PDB/dimer_db/5KSQ.pdb,1
5KVS,A,B,../../GraPPI_data/PDB/dimer_db/5KVS.pdb,1
5KWV,A,B,../../GraPPI_data/PDB/dimer_db/5KWV.pdb,1
5KZK,A,B,../../GraPPI_data/PDB/dimer_db/5KZK.pdb,1
5L09,A,B,../../GraPPI_data/PDB/dimer_db/5L09.pdb,1
5L0L,A,B,../../GraPPI_data/PDB/dimer_db/5L0L.pdb,1
5L6Z,A,B,../../GraPPI_data/PDB/dimer_db/5L6Z.pdb,1
5L7V,A,B,../../GraPPI_data/PDB/dimer_db/5L7V.pdb,1
5LI7,A,B,../../GraPPI_data/PDB/dimer_db/5LI7.pdb,1
5LND,A,B,../../GraPPI_data/PDB/dimer_db/5LND.pdb,1
5LO9,A,B,../../GraPPI_data/PDB/dimer_db/5LO9.pdb,1
5LOA,A,B,../../GraPPI_data/PDB/dimer_db/5LOA.pdb,1
5LOG,A,B,../../GraPPI_data/PDB/dimer_db/5LOG.pdb,1
5LOJ,A,B,../../GraPPI_data/PDB/dimer_db/5LOJ.pdb,1
5LQ4,A,B,../../GraPPI_data/PDB/dimer_db/5LQ4.pdb,1
5LUV,A,B,../../GraPPI_data/PDB/dimer_db/5LUV.pdb,1
5LWK,A,B,../../GraPPI_data/PDB/dimer_db/5LWK.pdb,1
5LXE,A,B,../../GraPPI_data/PDB/dimer_db/5LXE.pdb,1
5M1T,A,B,../../GraPPI_data/PDB/dimer_db/5M1T.pdb,1
5M2A,A,B,../../GraPPI_data/PDB/dimer_db/5M2A.pdb,1
5M58,A,B,../../GraPPI_data/PDB/dimer_db/5M58.pdb,1
5M65,A,B,../../GraPPI_data/PDB/dimer_db/5M65.pdb,1
5M7O,A,B,../../GraPPI_data/PDB/dimer_db/5M7O.pdb,1
5M8E,A,B,../../GraPPI_data/PDB/dimer_db/5M8E.pdb,1
5M99,A,B,../../GraPPI_data/PDB/dimer_db/5M99.pdb,1
5MAU,A,B,../../GraPPI_data/PDB/dimer_db/5MAU.pdb,1
5MED,A,B,../../GraPPI_data/PDB/dimer_db/5MED.pdb,1
5MGZ,A,B,../../GraPPI_data/PDB/dimer_db/5MGZ.pdb,1
5MIL,A,B,../../GraPPI_data/PDB/dimer_db/5MIL.pdb,1
5MLK,A,B,../../GraPPI_data/PDB/dimer_db/5MLK.pdb,1
5MLQ,A,B,../../GraPPI_data/PDB/dimer_db/5MLQ.pdb,1
5MQ8,A,D,../../GraPPI_data/PDB/dimer_db/5MQ8.pdb,1
5MXP,A,B,../../GraPPI_data/PDB/dimer_db/5MXP.pdb,1
5N0J,A,B,../../GraPPI_data/PDB/dimer_db/5N0J.pdb,1
5N2B,A,B,../../GraPPI_data/PDB/dimer_db/5N2B.pdb,1
5N6X,A,B,../../GraPPI_data/PDB/dimer_db/5N6X.pdb,1
5NAK,A,B,../../GraPPI_data/PDB/dimer_db/5NAK.pdb,1
5NBG,A,B,../../GraPPI_data/PDB/dimer_db/5NBG.pdb,1
5NCK,A,B,../../GraPPI_data/PDB/dimer_db/5NCK.pdb,1
5NCW,A,B,../../GraPPI_data/PDB/dimer_db/5NCW.pdb,1
5NEN,A,B,../../GraPPI_data/PDB/dimer_db/5NEN.pdb,1
5NL9,A,B,../../GraPPI_data/PDB/dimer_db/5NL9.pdb,1
5NO5,A,B,../../GraPPI_data/PDB/dimer_db/5NO5.pdb,1
5NX5,A,B,../../GraPPI_data/PDB/dimer_db/5NX5.pdb,1
5NX6,A,B,../../GraPPI_data/PDB/dimer_db/5NX6.pdb,1
5O25,A,B,../../GraPPI_data/PDB/dimer_db/5O25.pdb,1
5O8Z,A,B,../../GraPPI_data/PDB/dimer_db/5O8Z.pdb,1
5OBP,A,B,../../GraPPI_data/PDB/dimer_db/5OBP.pdb,1
5OKJ,A,B,../../GraPPI_data/PDB/dimer_db/5OKJ.pdb,1
5ORG,A,B,../../GraPPI_data/PDB/dimer_db/5ORG.pdb,1
5RUB,A,B,../../GraPPI_data/PDB/dimer_db/5RUB.pdb,1
5SXW,A,B,../../GraPPI_data/PDB/dimer_db/5SXW.pdb,1
5SY4,A,B,../../GraPPI_data/PDB/dimer_db/5SY4.pdb,1
5T67,A,B,../../GraPPI_data/PDB/dimer_db/5T67.pdb,1
5T8S,A,B,../../GraPPI_data/PDB/dimer_db/5T8S.pdb,1
5TD3,A,B,../../GraPPI_data/PDB/dimer_db/5TD3.pdb,1
5TF0,A,B,../../GraPPI_data/PDB/dimer_db/5TF0.pdb,1
5TGS,A,B,../../GraPPI_data/PDB/dimer_db/5TGS.pdb,1
5TGT,A,B,../../GraPPI_data/PDB/dimer_db/5TGT.pdb,1
5TI8,A,B,../../GraPPI_data/PDB/dimer_db/5TI8.pdb,1
5TJJ,A,B,../../GraPPI_data/PDB/dimer_db/5TJJ.pdb,1
5TP4,A,B,../../GraPPI_data/PDB/dimer_db/5TP4.pdb,1
5TPR,A,B,../../GraPPI_data/PDB/dimer_db/5TPR.pdb,1
5TQI,A,B,../../GraPPI_data/PDB/dimer_db/5TQI.pdb,1
5TQV,A,B,../../GraPPI_data/PDB/dimer_db/5TQV.pdb,1
5TRO,A,B,../../GraPPI_data/PDB/dimer_db/5TRO.pdb,1
5TSD,A,B,../../GraPPI_data/PDB/dimer_db/5TSD.pdb,1
5TT0,A,B,../../GraPPI_data/PDB/dimer_db/5TT0.pdb,1
5TTA,A,B,../../GraPPI_data/PDB/dimer_db/5TTA.pdb,1
5TX7,A,B,../../GraPPI_data/PDB/dimer_db/5TX7.pdb,1
5TZ0,A,B,../../GraPPI_data/PDB/dimer_db/5TZ0.pdb,1
5U0L,A,B,../../GraPPI_data/PDB/dimer_db/5U0L.pdb,1
5U0V,A,B,../../GraPPI_data/PDB/dimer_db/5U0V.pdb,1
5U3F,A,B,../../GraPPI_data/PDB/dimer_db/5U3F.pdb,1
5U4H,A,B,../../GraPPI_data/PDB/dimer_db/5U4H.pdb,1
5U4S,A,B,../../GraPPI_data/PDB/dimer_db/5U4S.pdb,1
5U63,A,B,../../GraPPI_data/PDB/dimer_db/5U63.pdb,1
5U93,A,B,../../GraPPI_data/PDB/dimer_db/5U93.pdb,1
5UB9,A,B,../../GraPPI_data/PDB/dimer_db/5UB9.pdb,1
5UBF,A,B,../../GraPPI_data/PDB/dimer_db/5UBF.pdb,1
5UC0,A,B,../../GraPPI_data/PDB/dimer_db/5UC0.pdb,1
5UCD,A,B,../../GraPPI_data/PDB/dimer_db/5UCD.pdb,1
5UCM,A,B,../../GraPPI_data/PDB/dimer_db/5UCM.pdb,1
5UCS,A,B,../../GraPPI_data/PDB/dimer_db/5UCS.pdb,1
5UCV,A,B,../../GraPPI_data/PDB/dimer_db/5UCV.pdb,1
5UE1,A,B,../../GraPPI_data/PDB/dimer_db/5UE1.pdb,1
5UEB,A,B,../../GraPPI_data/PDB/dimer_db/5UEB.pdb,1
5UEJ,A,B,../../GraPPI_data/PDB/dimer_db/5UEJ.pdb,1
5UF5,A,B,../../GraPPI_data/PDB/dimer_db/5UF5.pdb,1
5UI9,A,B,../../GraPPI_data/PDB/dimer_db/5UI9.pdb,1
5UIC,A,B,../../GraPPI_data/PDB/dimer_db/5UIC.pdb,1
5UIJ,A,B,../../GraPPI_data/PDB/dimer_db/5UIJ.pdb,1
5UJS,A,B,../../GraPPI_data/PDB/dimer_db/5UJS.pdb,1
5UJU,A,B,../../GraPPI_data/PDB/dimer_db/5UJU.pdb,1
5UKV,A,B,../../GraPPI_data/PDB/dimer_db/5UKV.pdb,1
5UMG,A,B,../../GraPPI_data/PDB/dimer_db/5UMG.pdb,1
5UMH,A,B,../../GraPPI_data/PDB/dimer_db/5UMH.pdb,1
5UMP,A,B,../../GraPPI_data/PDB/dimer_db/5UMP.pdb,1
5UNN,A,B,../../GraPPI_data/PDB/dimer_db/5UNN.pdb,1
5UOF,A,B,../../GraPPI_data/PDB/dimer_db/5UOF.pdb,1
5UPS,A,B,../../GraPPI_data/PDB/dimer_db/5UPS.pdb,1
5UTX,A,B,../../GraPPI_data/PDB/dimer_db/5UTX.pdb,1
5UZX,A,B,../../GraPPI_data/PDB/dimer_db/5UZX.pdb,1
5V00,A,B,../../GraPPI_data/PDB/dimer_db/5V00.pdb,1
5V01,A,B,../../GraPPI_data/PDB/dimer_db/5V01.pdb,1
5V0I,A,B,../../GraPPI_data/PDB/dimer_db/5V0I.pdb,1
5V2I,A,B,../../GraPPI_data/PDB/dimer_db/5V2I.pdb,1
5V36,A,B,../../GraPPI_data/PDB/dimer_db/5V36.pdb,1
5V3T,A,B,../../GraPPI_data/PDB/dimer_db/5V3T.pdb,1
5V77,A,B,../../GraPPI_data/PDB/dimer_db/5V77.pdb,1
5V8S,A,B,../../GraPPI_data/PDB/dimer_db/5V8S.pdb,1
5V91,A,B,../../GraPPI_data/PDB/dimer_db/5V91.pdb,1
5VC2,A,B,../../GraPPI_data/PDB/dimer_db/5VC2.pdb,1
5VDN,A,B,../../GraPPI_data/PDB/dimer_db/5VDN.pdb,1
5VGM,A,B,../../GraPPI_data/PDB/dimer_db/5VGM.pdb,1
5VHT,A,B,../../GraPPI_data/PDB/dimer_db/5VHT.pdb,1
5VIU,A,B,../../GraPPI_data/PDB/dimer_db/5VIU.pdb,1
5VJE,A,B,../../GraPPI_data/PDB/dimer_db/5VJE.pdb,1
5VK4,A,B,../../GraPPI_data/PDB/dimer_db/5VK4.pdb,1
5VN6,A,B,../../GraPPI_data/PDB/dimer_db/5VN6.pdb,1
5VSJ,A,B,../../GraPPI_data/PDB/dimer_db/5VSJ.pdb,1
5VXF,A,B,../../GraPPI_data/PDB/dimer_db/5VXF.pdb,1
5VXT,A,B,../../GraPPI_data/PDB/dimer_db/5VXT.pdb,1
5VYM,A,B,../../GraPPI_data/PDB/dimer_db/5VYM.pdb,1
5VYQ,A,B,../../GraPPI_data/PDB/dimer_db/5VYQ.pdb,1
5VYR,A,B,../../GraPPI_data/PDB/dimer_db/5VYR.pdb,1
5VYV,A,B,../../GraPPI_data/PDB/dimer_db/5VYV.pdb,1
5W1Q,A,B,../../GraPPI_data/PDB/dimer_db/5W1Q.pdb,1
5W4N,A,B,../../GraPPI_data/PDB/dimer_db/5W4N.pdb,1
5W4Z,A,B,../../GraPPI_data/PDB/dimer_db/5W4Z.pdb,1
5W5A,A,B,../../GraPPI_data/PDB/dimer_db/5W5A.pdb,1
5W6L,A,B,../../GraPPI_data/PDB/dimer_db/5W6L.pdb,1
5W70,A,B,../../GraPPI_data/PDB/dimer_db/5W70.pdb,1
5W71,A,B,../../GraPPI_data/PDB/dimer_db/5W71.pdb,1
5W7H,A,B,../../GraPPI_data/PDB/dimer_db/5W7H.pdb,1
5W7Z,A,B,../../GraPPI_data/PDB/dimer_db/5W7Z.pdb,1
5W8O,A,B,../../GraPPI_data/PDB/dimer_db/5W8O.pdb,1
5W8P,A,B,../../GraPPI_data/PDB/dimer_db/5W8P.pdb,1
5WAY,A,B,../../GraPPI_data/PDB/dimer_db/5WAY.pdb,1
5WCE,A,B,../../GraPPI_data/PDB/dimer_db/5WCE.pdb,1
5WEC,A,B,../../GraPPI_data/PDB/dimer_db/5WEC.pdb,1
5WEP,A,B,../../GraPPI_data/PDB/dimer_db/5WEP.pdb,1
5WO2,A,B,../../GraPPI_data/PDB/dimer_db/5WO2.pdb,1
5WP0,A,B,../../GraPPI_data/PDB/dimer_db/5WP0.pdb,1
5WPI,A,B,../../GraPPI_data/PDB/dimer_db/5WPI.pdb,1
5WPK,A,B,../../GraPPI_data/PDB/dimer_db/5WPK.pdb,1
5WPP,A,B,../../GraPPI_data/PDB/dimer_db/5WPP.pdb,1
5WQP,A,B,../../GraPPI_data/PDB/dimer_db/5WQP.pdb,1
5WQV,A,B,../../GraPPI_data/PDB/dimer_db/5WQV.pdb,1
5WSY,A,B,../../GraPPI_data/PDB/dimer_db/5WSY.pdb,1
5WUT,A,B,../../GraPPI_data/PDB/dimer_db/5WUT.pdb,1
5WYG,A,C,../../GraPPI_data/PDB/dimer_db/5WYG.pdb,1
5WYQ,A,B,../../GraPPI_data/PDB/dimer_db/5WYQ.pdb,1
5WZF,A,B,../../GraPPI_data/PDB/dimer_db/5WZF.pdb,1
5X03,A,B,../../GraPPI_data/PDB/dimer_db/5X03.pdb,1
5X1N,A,B,../../GraPPI_data/PDB/dimer_db/5X1N.pdb,1
5X1U,A,B,../../GraPPI_data/PDB/dimer_db/5X1U.pdb,1
5X40,A,B,../../GraPPI_data/PDB/dimer_db/5X40.pdb,1
5X7L,A,B,../../GraPPI_data/PDB/dimer_db/5X7L.pdb,1
5X7N,A,B,../../GraPPI_data/PDB/dimer_db/5X7N.pdb,1
5X8Z,A,B,../../GraPPI_data/PDB/dimer_db/5X8Z.pdb,1
5X9H,A,B,../../GraPPI_data/PDB/dimer_db/5X9H.pdb,1
5XA2,A,B,../../GraPPI_data/PDB/dimer_db/5XA2.pdb,1
5XAS,A,B,../../GraPPI_data/PDB/dimer_db/5XAS.pdb,1
5XAV,A,B,../../GraPPI_data/PDB/dimer_db/5XAV.pdb,1
5XBI,A,B,../../GraPPI_data/PDB/dimer_db/5XBI.pdb,1
5XD8,A,B,../../GraPPI_data/PDB/dimer_db/5XD8.pdb,1
5XDM,A,B,../../GraPPI_data/PDB/dimer_db/5XDM.pdb,1
5XE5,A,B,../../GraPPI_data/PDB/dimer_db/5XE5.pdb,1
5XEM,A,B,../../GraPPI_data/PDB/dimer_db/5XEM.pdb,1
5XGV,A,B,../../GraPPI_data/PDB/dimer_db/5XGV.pdb,1
5XGW,A,B,../../GraPPI_data/PDB/dimer_db/5XGW.pdb,1
5XJ8,A,B,../../GraPPI_data/PDB/dimer_db/5XJ8.pdb,1
5XKA,A,B,../../GraPPI_data/PDB/dimer_db/5XKA.pdb,1
5XKO,A,B,../../GraPPI_data/PDB/dimer_db/5XKO.pdb,1
5XKT,A,B,../../GraPPI_data/PDB/dimer_db/5XKT.pdb,1
5XLV,A,B,../../GraPPI_data/PDB/dimer_db/5XLV.pdb,1
5XO0,A,B,../../GraPPI_data/PDB/dimer_db/5XO0.pdb,1
5XP0,A,B,../../GraPPI_data/PDB/dimer_db/5XP0.pdb,1
5XPX,A,E,../../GraPPI_data/PDB/dimer_db/5XPX.pdb,1
5XS9,A,B,../../GraPPI_data/PDB/dimer_db/5XS9.pdb,1
5XUN,A,B,../../GraPPI_data/PDB/dimer_db/5XUN.pdb,1
5XW3,A,B,../../GraPPI_data/PDB/dimer_db/5XW3.pdb,1
5XXL,A,B,../../GraPPI_data/PDB/dimer_db/5XXL.pdb,1
5Y0Q,A,B,../../GraPPI_data/PDB/dimer_db/5Y0Q.pdb,1
5Y3Z,A,B,../../GraPPI_data/PDB/dimer_db/5Y3Z.pdb,1
5Y69,A,B,../../GraPPI_data/PDB/dimer_db/5Y69.pdb,1
5Y6I,A,B,../../GraPPI_data/PDB/dimer_db/5Y6I.pdb,1
5Y8F,A,B,../../GraPPI_data/PDB/dimer_db/5Y8F.pdb,1
5Y8L,A,B,../../GraPPI_data/PDB/dimer_db/5Y8L.pdb,1
5Y9B,A,B,../../GraPPI_data/PDB/dimer_db/5Y9B.pdb,1
5YDD,A,B,../../GraPPI_data/PDB/dimer_db/5YDD.pdb,1
5YER,A,B,../../GraPPI_data/PDB/dimer_db/5YER.pdb,1
5YGE,A,B,../../GraPPI_data/PDB/dimer_db/5YGE.pdb,1
5YGQ,A,B,../../GraPPI_data/PDB/dimer_db/5YGQ.pdb,1
5YHI,A,B,../../GraPPI_data/PDB/dimer_db/5YHI.pdb,1
5YHO,A,B,../../GraPPI_data/PDB/dimer_db/5YHO.pdb,1
5YHT,A,B,../../GraPPI_data/PDB/dimer_db/5YHT.pdb,1
5YIY,A,B,../../GraPPI_data/PDB/dimer_db/5YIY.pdb,1
5YJC,A,B,../../GraPPI_data/PDB/dimer_db/5YJC.pdb,1
5YKR,A,B,../../GraPPI_data/PDB/dimer_db/5YKR.pdb,1
5YN4,A,B,../../GraPPI_data/PDB/dimer_db/5YN4.pdb,1
5YO8,A,B,../../GraPPI_data/PDB/dimer_db/5YO8.pdb,1
5YO9,A,B,../../GraPPI_data/PDB/dimer_db/5YO9.pdb,1
5YP2,A,B,../../GraPPI_data/PDB/dimer_db/5YP2.pdb,1
5YRP,A,B,../../GraPPI_data/PDB/dimer_db/5YRP.pdb,1
5YTP,A,B,../../GraPPI_data/PDB/dimer_db/5YTP.pdb,1
5YYC,A,C,../../GraPPI_data/PDB/dimer_db/5YYC.pdb,1
5YZ2,A,B,../../GraPPI_data/PDB/dimer_db/5YZ2.pdb,1
5Z03,A,B,../../GraPPI_data/PDB/dimer_db/5Z03.pdb,1
5Z16,A,B,../../GraPPI_data/PDB/dimer_db/5Z16.pdb,1
5Z2V,A,B,../../GraPPI_data/PDB/dimer_db/5Z2V.pdb,1
5Z50,A,B,../../GraPPI_data/PDB/dimer_db/5Z50.pdb,1
5Z51,A,B,../../GraPPI_data/PDB/dimer_db/5Z51.pdb,1
5Z69,A,B,../../GraPPI_data/PDB/dimer_db/5Z69.pdb,1
5Z6N,A,B,../../GraPPI_data/PDB/dimer_db/5Z6N.pdb,1
5Z73,A,B,../../GraPPI_data/PDB/dimer_db/5Z73.pdb,1
5Z87,A,B,../../GraPPI_data/PDB/dimer_db/5Z87.pdb,1
5Z8A,A,B,../../GraPPI_data/PDB/dimer_db/5Z8A.pdb,1
5Z8B,A,B,../../GraPPI_data/PDB/dimer_db/5Z8B.pdb,1
5Z8O,A,B,../../GraPPI_data/PDB/dimer_db/5Z8O.pdb,1
5Z9A,A,B,../../GraPPI_data/PDB/dimer_db/5Z9A.pdb,1
5Z9S,A,B,../../GraPPI_data/PDB/dimer_db/5Z9S.pdb,1
5ZA3,A,B,../../GraPPI_data/PDB/dimer_db/5ZA3.pdb,1
5ZBD,A,B,../../GraPPI_data/PDB/dimer_db/5ZBD.pdb,1
5ZFK,A,B,../../GraPPI_data/PDB/dimer_db/5ZFK.pdb,1
5ZH8,A,B,../../GraPPI_data/PDB/dimer_db/5ZH8.pdb,1
5ZHC,A,B,../../GraPPI_data/PDB/dimer_db/5ZHC.pdb,1
5ZHI,A,B,../../GraPPI_data/PDB/dimer_db/5ZHI.pdb,1
5ZJB,A,B,../../GraPPI_data/PDB/dimer_db/5ZJB.pdb,1
5ZKA,A,B,../../GraPPI_data/PDB/dimer_db/5ZKA.pdb,1
5ZLR,A,B,../../GraPPI_data/PDB/dimer_db/5ZLR.pdb,1
5ZN8,A,B,../../GraPPI_data/PDB/dimer_db/5ZN8.pdb,1
5ZNM,A,B,../../GraPPI_data/PDB/dimer_db/5ZNM.pdb,1
5ZNQ,A,B,../../GraPPI_data/PDB/dimer_db/5ZNQ.pdb,1
5ZOI,A,B,../../GraPPI_data/PDB/dimer_db/5ZOI.pdb,1
5ZOV,A,B,../../GraPPI_data/PDB/dimer_db/5ZOV.pdb,1
5ZQJ,A,B,../../GraPPI_data/PDB/dimer_db/5ZQJ.pdb,1
5ZR6,A,B,../../GraPPI_data/PDB/dimer_db/5ZR6.pdb,1
5ZSP,A,B,../../GraPPI_data/PDB/dimer_db/5ZSP.pdb,1
5ZTC,A,B,../../GraPPI_data/PDB/dimer_db/5ZTC.pdb,1
5ZUM,A,B,../../GraPPI_data/PDB/dimer_db/5ZUM.pdb,1
5ZW3,A,B,../../GraPPI_data/PDB/dimer_db/5ZW3.pdb,1
5ZWB,A,B,../../GraPPI_data/PDB/dimer_db/5ZWB.pdb,1
5ZXG,A,B,../../GraPPI_data/PDB/dimer_db/5ZXG.pdb,1
5ZXM,A,B,../../GraPPI_data/PDB/dimer_db/5ZXM.pdb,1
5ZXN,A,B,../../GraPPI_data/PDB/dimer_db/5ZXN.pdb,1
5ZYR,A,B,../../GraPPI_data/PDB/dimer_db/5ZYR.pdb,1
5ZZ7,A,B,../../GraPPI_data/PDB/dimer_db/5ZZ7.pdb,1
6A1K,A,B,../../GraPPI_data/PDB/dimer_db/6A1K.pdb,1
6A27,A,B,../../GraPPI_data/PDB/dimer_db/6A27.pdb,1
6A2F,A,B,../../GraPPI_data/PDB/dimer_db/6A2F.pdb,1
6A3L,A,B,../../GraPPI_data/PDB/dimer_db/6A3L.pdb,1
6A4D,A,B,../../GraPPI_data/PDB/dimer_db/6A4D.pdb,1
6A4J,A,B,../../GraPPI_data/PDB/dimer_db/6A4J.pdb,1
6A4R,A,B,../../GraPPI_data/PDB/dimer_db/6A4R.pdb,1
6A4T,A,B,../../GraPPI_data/PDB/dimer_db/6A4T.pdb,1
6A4W,A,B,../../GraPPI_data/PDB/dimer_db/6A4W.pdb,1
6A4Z,A,B,../../GraPPI_data/PDB/dimer_db/6A4Z.pdb,1
6A52,A,B,../../GraPPI_data/PDB/dimer_db/6A52.pdb,1
6A55,A,B,../../GraPPI_data/PDB/dimer_db/6A55.pdb,1
6A6F,A,B,../../GraPPI_data/PDB/dimer_db/6A6F.pdb,1
6A80,A,B,../../GraPPI_data/PDB/dimer_db/6A80.pdb,1
6A8X,A,B,../../GraPPI_data/PDB/dimer_db/6A8X.pdb,1
6AAE,A,B,../../GraPPI_data/PDB/dimer_db/6AAE.pdb,1
6ACS,A,B,../../GraPPI_data/PDB/dimer_db/6ACS.pdb,1
6AEP,A,B,../../GraPPI_data/PDB/dimer_db/6AEP.pdb,1
6AGL,A,B,../../GraPPI_data/PDB/dimer_db/6AGL.pdb,1
6AHI,A,B,../../GraPPI_data/PDB/dimer_db/6AHI.pdb,1
6AHP,A,B,../../GraPPI_data/PDB/dimer_db/6AHP.pdb,1
6AHW,A,B,../../GraPPI_data/PDB/dimer_db/6AHW.pdb,1
6AL9,A,B,../../GraPPI_data/PDB/dimer_db/6AL9.pdb,1
6ALL,A,B,../../GraPPI_data/PDB/dimer_db/6ALL.pdb,1
6AMG,A,B,../../GraPPI_data/PDB/dimer_db/6AMG.pdb,1
6AON,A,B,../../GraPPI_data/PDB/dimer_db/6AON.pdb,1
6AOO,A,B,../../GraPPI_data/PDB/dimer_db/6AOO.pdb,1
6AQE,A,B,../../GraPPI_data/PDB/dimer_db/6AQE.pdb,1
6AQJ,A,B,../../GraPPI_data/PDB/dimer_db/6AQJ.pdb,1
6AWA,A,B,../../GraPPI_data/PDB/dimer_db/6AWA.pdb,1
6AYM,A,B,../../GraPPI_data/PDB/dimer_db/6AYM.pdb,1
6AZ6,A,B,../../GraPPI_data/PDB/dimer_db/6AZ6.pdb,1
6B5F,A,B,../../GraPPI_data/PDB/dimer_db/6B5F.pdb,1
6B6W,A,B,../../GraPPI_data/PDB/dimer_db/6B6W.pdb,1
6B7J,A,B,../../GraPPI_data/PDB/dimer_db/6B7J.pdb,1
6B7P,A,B,../../GraPPI_data/PDB/dimer_db/6B7P.pdb,1
6B8W,A,B,../../GraPPI_data/PDB/dimer_db/6B8W.pdb,1
6B9V,A,B,../../GraPPI_data/PDB/dimer_db/6B9V.pdb,1
6BB9,A,B,../../GraPPI_data/PDB/dimer_db/6BB9.pdb,1
6BH7,A,G,../../GraPPI_data/PDB/dimer_db/6BH7.pdb,1
6BHL,A,G,../../GraPPI_data/PDB/dimer_db/6BHL.pdb,1
6BJT,A,B,../../GraPPI_data/PDB/dimer_db/6BJT.pdb,1
6BMA,A,B,../../GraPPI_data/PDB/dimer_db/6BMA.pdb,1
6BMC,A,B,../../GraPPI_data/PDB/dimer_db/6BMC.pdb,1
6BU2,A,B,../../GraPPI_data/PDB/dimer_db/6BU2.pdb,1
6BVD,A,B,../../GraPPI_data/PDB/dimer_db/6BVD.pdb,1
6BVE,A,B,../../GraPPI_data/PDB/dimer_db/6BVE.pdb,1
6BWE,A,B,../../GraPPI_data/PDB/dimer_db/6BWE.pdb,1
6C0G,A,B,../../GraPPI_data/PDB/dimer_db/6C0G.pdb,1
6C3C,A,B,../../GraPPI_data/PDB/dimer_db/6C3C.pdb,1
6C5B,A,B,../../GraPPI_data/PDB/dimer_db/6C5B.pdb,1
6C84,A,B,../../GraPPI_data/PDB/dimer_db/6C84.pdb,1
6C9E,A,B,../../GraPPI_data/PDB/dimer_db/6C9E.pdb,1
6C9T,A,B,../../GraPPI_data/PDB/dimer_db/6C9T.pdb,1
6CBN,A,B,../../GraPPI_data/PDB/dimer_db/6CBN.pdb,1
6CC0,A,B,../../GraPPI_data/PDB/dimer_db/6CC0.pdb,1
6CF1,A,B,../../GraPPI_data/PDB/dimer_db/6CF1.pdb,1
6CGO,A,B,../../GraPPI_data/PDB/dimer_db/6CGO.pdb,1
6CGQ,A,B,../../GraPPI_data/PDB/dimer_db/6CGQ.pdb,1
6CHJ,A,B,../../GraPPI_data/PDB/dimer_db/6CHJ.pdb,1
6CKK,A,B,../../GraPPI_data/PDB/dimer_db/6CKK.pdb,1
6CKY,A,B,../../GraPPI_data/PDB/dimer_db/6CKY.pdb,1
6CLX,A,B,../../GraPPI_data/PDB/dimer_db/6CLX.pdb,1
6CPB,A,B,../../GraPPI_data/PDB/dimer_db/6CPB.pdb,1
6CPD,A,B,../../GraPPI_data/PDB/dimer_db/6CPD.pdb,1
6CUJ,A,B,../../GraPPI_data/PDB/dimer_db/6CUJ.pdb,1
6CWO,A,B,../../GraPPI_data/PDB/dimer_db/6CWO.pdb,1
6CY5,A,B,../../GraPPI_data/PDB/dimer_db/6CY5.pdb,1
6CYZ,A,B,../../GraPPI_data/PDB/dimer_db/6CYZ.pdb,1
6D1P,A,B,../../GraPPI_data/PDB/dimer_db/6D1P.pdb,1
6D2W,A,B,../../GraPPI_data/PDB/dimer_db/6D2W.pdb,1
6D3V,A,B,../../GraPPI_data/PDB/dimer_db/6D3V.pdb,1
6D57,A,B,../../GraPPI_data/PDB/dimer_db/6D57.pdb,1
6D6J,A,B,../../GraPPI_data/PDB/dimer_db/6D6J.pdb,1
6D79,A,B,../../GraPPI_data/PDB/dimer_db/6D79.pdb,1
6D7R,A,B,../../GraPPI_data/PDB/dimer_db/6D7R.pdb,1
6D9N,A,B,../../GraPPI_data/PDB/dimer_db/6D9N.pdb,1
6D9R,A,B,../../GraPPI_data/PDB/dimer_db/6D9R.pdb,1
6DAW,A,B,../../GraPPI_data/PDB/dimer_db/6DAW.pdb,1
6DB1,A,B,../../GraPPI_data/PDB/dimer_db/6DB1.pdb,1
6DE6,A,B,../../GraPPI_data/PDB/dimer_db/6DE6.pdb,1
6DEB,A,B,../../GraPPI_data/PDB/dimer_db/6DEB.pdb,1
6DEG,A,B,../../GraPPI_data/PDB/dimer_db/6DEG.pdb,1
6DFU,A,B,../../GraPPI_data/PDB/dimer_db/6DFU.pdb,1
6DGB,A,B,../../GraPPI_data/PDB/dimer_db/6DGB.pdb,1
6DK4,A,B,../../GraPPI_data/PDB/dimer_db/6DK4.pdb,1
6DM3,A,B,../../GraPPI_data/PDB/dimer_db/6DM3.pdb,1
6DQP,A,B,../../GraPPI_data/PDB/dimer_db/6DQP.pdb,1
6DT3,A,B,../../GraPPI_data/PDB/dimer_db/6DT3.pdb,1
6DUX,A,B,../../GraPPI_data/PDB/dimer_db/6DUX.pdb,1
6E0A,A,B,../../GraPPI_data/PDB/dimer_db/6E0A.pdb,1
6E12,A,B,../../GraPPI_data/PDB/dimer_db/6E12.pdb,1
6E85,A,B,../../GraPPI_data/PDB/dimer_db/6E85.pdb,1
6EBQ,A,B,../../GraPPI_data/PDB/dimer_db/6EBQ.pdb,1
6ECY,A,B,../../GraPPI_data/PDB/dimer_db/6ECY.pdb,1
6EEP,A,B,../../GraPPI_data/PDB/dimer_db/6EEP.pdb,1
6EJT,A,B,../../GraPPI_data/PDB/dimer_db/6EJT.pdb,1
6ENI,A,B,../../GraPPI_data/PDB/dimer_db/6ENI.pdb,1
6EP3,A,B,../../GraPPI_data/PDB/dimer_db/6EP3.pdb,1
6ER2,A,B,../../GraPPI_data/PDB/dimer_db/6ER2.pdb,1
6ERK,A,B,../../GraPPI_data/PDB/dimer_db/6ERK.pdb,1
6ES9,A,B,../../GraPPI_data/PDB/dimer_db/6ES9.pdb,1
6ESL,A,B,../../GraPPI_data/PDB/dimer_db/6ESL.pdb,1
6EWM,A,F,../../GraPPI_data/PDB/dimer_db/6EWM.pdb,1
6EXA,A,B,../../GraPPI_data/PDB/dimer_db/6EXA.pdb,1
6EXM,A,B,../../GraPPI_data/PDB/dimer_db/6EXM.pdb,1
6F35,A,B,../../GraPPI_data/PDB/dimer_db/6F35.pdb,1
6F6M,A,B,../../GraPPI_data/PDB/dimer_db/6F6M.pdb,1
6F7L,A,B,../../GraPPI_data/PDB/dimer_db/6F7L.pdb,1
6F9M,A,B,../../GraPPI_data/PDB/dimer_db/6F9M.pdb,1
6FF2,A,B,../../GraPPI_data/PDB/dimer_db/6FF2.pdb,1
6FH1,A,B,../../GraPPI_data/PDB/dimer_db/6FH1.pdb,1
6FHM,A,B,../../GraPPI_data/PDB/dimer_db/6FHM.pdb,1
6FIY,A,B,../../GraPPI_data/PDB/dimer_db/6FIY.pdb,1
6FLU,A,B,../../GraPPI_data/PDB/dimer_db/6FLU.pdb,1
6FRL,A,B,../../GraPPI_data/PDB/dimer_db/6FRL.pdb,1
6FU3,A,B,../../GraPPI_data/PDB/dimer_db/6FU3.pdb,1
6FV4,A,B,../../GraPPI_data/PDB/dimer_db/6FV4.pdb,1
6FV8,A,B,../../GraPPI_data/PDB/dimer_db/6FV8.pdb,1
6G58,A,B,../../GraPPI_data/PDB/dimer_db/6G58.pdb,1
6GAR,A,B,../../GraPPI_data/PDB/dimer_db/6GAR.pdb,1
6GAY,A,B,../../GraPPI_data/PDB/dimer_db/6GAY.pdb,1
6GFL,A,B,../../GraPPI_data/PDB/dimer_db/6GFL.pdb,1
6GHC,A,B,../../GraPPI_data/PDB/dimer_db/6GHC.pdb,1
6GP3,A,B,../../GraPPI_data/PDB/dimer_db/6GP3.pdb,1
6GRR,A,B,../../GraPPI_data/PDB/dimer_db/6GRR.pdb,1
6GSC,A,B,../../GraPPI_data/PDB/dimer_db/6GSC.pdb,1
6GWI,A,B,../../GraPPI_data/PDB/dimer_db/6GWI.pdb,1
6GYZ,A,B,../../GraPPI_data/PDB/dimer_db/6GYZ.pdb,1
6H2L,A,B,../../GraPPI_data/PDB/dimer_db/6H2L.pdb,1
6H31,A,B,../../GraPPI_data/PDB/dimer_db/6H31.pdb,1
6H59,A,B,../../GraPPI_data/PDB/dimer_db/6H59.pdb,1
6H6O,A,B,../../GraPPI_data/PDB/dimer_db/6H6O.pdb,1
6H8F,A,B,../../GraPPI_data/PDB/dimer_db/6H8F.pdb,1
6HBS,A,B,../../GraPPI_data/PDB/dimer_db/6HBS.pdb,1
6HBZ,A,B,../../GraPPI_data/PDB/dimer_db/6HBZ.pdb,1
6HDZ,A,B,../../GraPPI_data/PDB/dimer_db/6HDZ.pdb,1
6HE2,A,B,../../GraPPI_data/PDB/dimer_db/6HE2.pdb,1
6HIH,A,B,../../GraPPI_data/PDB/dimer_db/6HIH.pdb,1
6HNM,A,B,../../GraPPI_data/PDB/dimer_db/6HNM.pdb,1
6HQ7,A,B,../../GraPPI_data/PDB/dimer_db/6HQ7.pdb,1
6HQZ,A,B,../../GraPPI_data/PDB/dimer_db/6HQZ.pdb,1
6HS0,A,B,../../GraPPI_data/PDB/dimer_db/6HS0.pdb,1
6HS3,A,B,../../GraPPI_data/PDB/dimer_db/6HS3.pdb,1
6HTO,A,B,../../GraPPI_data/PDB/dimer_db/6HTO.pdb,1
6HUH,A,B,../../GraPPI_data/PDB/dimer_db/6HUH.pdb,1
6HUW,A,B,../../GraPPI_data/PDB/dimer_db/6HUW.pdb,1
6HZK,A,B,../../GraPPI_data/PDB/dimer_db/6HZK.pdb,1
6I0I,A,B,../../GraPPI_data/PDB/dimer_db/6I0I.pdb,1
6I5B,A,B,../../GraPPI_data/PDB/dimer_db/6I5B.pdb,1
6I8P,A,B,../../GraPPI_data/PDB/dimer_db/6I8P.pdb,1
6IAU,A,B,../../GraPPI_data/PDB/dimer_db/6IAU.pdb,1
6IFE,A,B,../../GraPPI_data/PDB/dimer_db/6IFE.pdb,1
6IH3,A,B,../../GraPPI_data/PDB/dimer_db/6IH3.pdb,1
6IJC,A,B,../../GraPPI_data/PDB/dimer_db/6IJC.pdb,1
6IME,A,B,../../GraPPI_data/PDB/dimer_db/6IME.pdb,1
6IO1,A,B,../../GraPPI_data/PDB/dimer_db/6IO1.pdb,1
6IOG,A,B,../../GraPPI_data/PDB/dimer_db/6IOG.pdb,1
6IOU,A,B,../../GraPPI_data/PDB/dimer_db/6IOU.pdb,1
6IOW,A,B,../../GraPPI_data/PDB/dimer_db/6IOW.pdb,1
6IRP,A,B,../../GraPPI_data/PDB/dimer_db/6IRP.pdb,1
6ISK,A,B,../../GraPPI_data/PDB/dimer_db/6ISK.pdb,1
6ITK,A,B,../../GraPPI_data/PDB/dimer_db/6ITK.pdb,1
6IUB,A,B,../../GraPPI_data/PDB/dimer_db/6IUB.pdb,1
6IYM,A,B,../../GraPPI_data/PDB/dimer_db/6IYM.pdb,1
6IZ9,A,B,../../GraPPI_data/PDB/dimer_db/6IZ9.pdb,1
6J05,A,B,../../GraPPI_data/PDB/dimer_db/6J05.pdb,1
6J0E,A,B,../../GraPPI_data/PDB/dimer_db/6J0E.pdb,1
6J1K,A,B,../../GraPPI_data/PDB/dimer_db/6J1K.pdb,1
6J25,A,B,../../GraPPI_data/PDB/dimer_db/6J25.pdb,1
6J2L,A,B,../../GraPPI_data/PDB/dimer_db/6J2L.pdb,1
6J38,A,B,../../GraPPI_data/PDB/dimer_db/6J38.pdb,1
6J3A,A,B,../../GraPPI_data/PDB/dimer_db/6J3A.pdb,1
6J3D,A,B,../../GraPPI_data/PDB/dimer_db/6J3D.pdb,1
6J5X,A,B,../../GraPPI_data/PDB/dimer_db/6J5X.pdb,1
6J66,A,B,../../GraPPI_data/PDB/dimer_db/6J66.pdb,1
6J76,A,B,../../GraPPI_data/PDB/dimer_db/6J76.pdb,1
6JCA,A,B,../../GraPPI_data/PDB/dimer_db/6JCA.pdb,1
6JDH,A,B,../../GraPPI_data/PDB/dimer_db/6JDH.pdb,1
6JGV,A,B,../../GraPPI_data/PDB/dimer_db/6JGV.pdb,1
6JIF,A,B,../../GraPPI_data/PDB/dimer_db/6JIF.pdb,1
6JNJ,A,B,../../GraPPI_data/PDB/dimer_db/6JNJ.pdb,1
6JQ1,A,B,../../GraPPI_data/PDB/dimer_db/6JQ1.pdb,1
6JSX,A,B,../../GraPPI_data/PDB/dimer_db/6JSX.pdb,1
6JTL,A,B,../../GraPPI_data/PDB/dimer_db/6JTL.pdb,1
6JVV,A,B,../../GraPPI_data/PDB/dimer_db/6JVV.pdb,1
6JWK,A,B,../../GraPPI_data/PDB/dimer_db/6JWK.pdb,1
6JYI,A,B,../../GraPPI_data/PDB/dimer_db/6JYI.pdb,1
6JYX,A,B,../../GraPPI_data/PDB/dimer_db/6JYX.pdb,1
6JZL,A,B,../../GraPPI_data/PDB/dimer_db/6JZL.pdb,1
6K2L,A,B,../../GraPPI_data/PDB/dimer_db/6K2L.pdb,1
6K4E,A,B,../../GraPPI_data/PDB/dimer_db/6K4E.pdb,1
6K5L,A,B,../../GraPPI_data/PDB/dimer_db/6K5L.pdb,1
6K6S,A,B,../../GraPPI_data/PDB/dimer_db/6K6S.pdb,1
6K7C,A,C,../../GraPPI_data/PDB/dimer_db/6K7C.pdb,1
6K8E,A,D,../../GraPPI_data/PDB/dimer_db/6K8E.pdb,1
6K8H,A,B,../../GraPPI_data/PDB/dimer_db/6K8H.pdb,1
6KBW,A,B,../../GraPPI_data/PDB/dimer_db/6KBW.pdb,1
6KE1,A,B,../../GraPPI_data/PDB/dimer_db/6KE1.pdb,1
6KHL,A,B,../../GraPPI_data/PDB/dimer_db/6KHL.pdb,1
6KHR,A,B,../../GraPPI_data/PDB/dimer_db/6KHR.pdb,1
6KI2,A,B,../../GraPPI_data/PDB/dimer_db/6KI2.pdb,1
6KJU,A,B,../../GraPPI_data/PDB/dimer_db/6KJU.pdb,1
6KLK,A,B,../../GraPPI_data/PDB/dimer_db/6KLK.pdb,1
6KQB,A,B,../../GraPPI_data/PDB/dimer_db/6KQB.pdb,1
6KRI,A,B,../../GraPPI_data/PDB/dimer_db/6KRI.pdb,1
6KSE,A,B,../../GraPPI_data/PDB/dimer_db/6KSE.pdb,1
6KSI,A,B,../../GraPPI_data/PDB/dimer_db/6KSI.pdb,1
6KTA,A,B,../../GraPPI_data/PDB/dimer_db/6KTA.pdb,1
6KUE,A,B,../../GraPPI_data/PDB/dimer_db/6KUE.pdb,1
6KVS,A,B,../../GraPPI_data/PDB/dimer_db/6KVS.pdb,1
6KYS,A,B,../../GraPPI_data/PDB/dimer_db/6KYS.pdb,1
6L1L,A,B,../../GraPPI_data/PDB/dimer_db/6L1L.pdb,1
6L25,A,B,../../GraPPI_data/PDB/dimer_db/6L25.pdb,1
6L2D,A,B,../../GraPPI_data/PDB/dimer_db/6L2D.pdb,1
6L2I,A,B,../../GraPPI_data/PDB/dimer_db/6L2I.pdb,1
6L2U,A,B,../../GraPPI_data/PDB/dimer_db/6L2U.pdb,1
6L6G,A,B,../../GraPPI_data/PDB/dimer_db/6L6G.pdb,1
6L85,A,B,../../GraPPI_data/PDB/dimer_db/6L85.pdb,1
6LE2,A,B,../../GraPPI_data/PDB/dimer_db/6LE2.pdb,1
6LEB,A,B,../../GraPPI_data/PDB/dimer_db/6LEB.pdb,1
6LG2,A,B,../../GraPPI_data/PDB/dimer_db/6LG2.pdb,1
6LK3,A,B,../../GraPPI_data/PDB/dimer_db/6LK3.pdb,1
6LKC,A,B,../../GraPPI_data/PDB/dimer_db/6LKC.pdb,1
6LKY,A,B,../../GraPPI_data/PDB/dimer_db/6LKY.pdb,1
6LL9,A,B,../../GraPPI_data/PDB/dimer_db/6LL9.pdb,1
6LR1,A,B,../../GraPPI_data/PDB/dimer_db/6LR1.pdb,1
6LTT,A,B,../../GraPPI_data/PDB/dimer_db/6LTT.pdb,1
6LTZ,A,B,../../GraPPI_data/PDB/dimer_db/6LTZ.pdb,1
6LW3,A,B,../../GraPPI_data/PDB/dimer_db/6LW3.pdb,1
6M1T,A,B,../../GraPPI_data/PDB/dimer_db/6M1T.pdb,1
6M2O,A,B,../../GraPPI_data/PDB/dimer_db/6M2O.pdb,1
6M9G,A,B,../../GraPPI_data/PDB/dimer_db/6M9G.pdb,1
6M9U,A,B,../../GraPPI_data/PDB/dimer_db/6M9U.pdb,1
6MAN,A,B,../../GraPPI_data/PDB/dimer_db/6MAN.pdb,1
6MB8,A,B,../../GraPPI_data/PDB/dimer_db/6MB8.pdb,1
6MC8,A,B,../../GraPPI_data/PDB/dimer_db/6MC8.pdb,1
6MH4,A,B,../../GraPPI_data/PDB/dimer_db/6MH4.pdb,1
6MN1,A,B,../../GraPPI_data/PDB/dimer_db/6MN1.pdb,1
6MNI,A,B,../../GraPPI_data/PDB/dimer_db/6MNI.pdb,1
6MNZ,A,B,../../GraPPI_data/PDB/dimer_db/6MNZ.pdb,1
6MOU,A,B,../../GraPPI_data/PDB/dimer_db/6MOU.pdb,1
6MP7,A,B,../../GraPPI_data/PDB/dimer_db/6MP7.pdb,1
6MPR,A,B,../../GraPPI_data/PDB/dimer_db/6MPR.pdb,1
6MS3,A,B,../../GraPPI_data/PDB/dimer_db/6MS3.pdb,1
6MTG,A,B,../../GraPPI_data/PDB/dimer_db/6MTG.pdb,1
6MV9,A,B,../../GraPPI_data/PDB/dimer_db/6MV9.pdb,1
6MVU,A,B,../../GraPPI_data/PDB/dimer_db/6MVU.pdb,1
6MX1,A,B,../../GraPPI_data/PDB/dimer_db/6MX1.pdb,1
6MXV,A,B,../../GraPPI_data/PDB/dimer_db/6MXV.pdb,1
6N0I,A,B,../../GraPPI_data/PDB/dimer_db/6N0I.pdb,1
6N90,A,B,../../GraPPI_data/PDB/dimer_db/6N90.pdb,1
6N91,A,B,../../GraPPI_data/PDB/dimer_db/6N91.pdb,1
6N9Q,P,D,../../GraPPI_data/PDB/dimer_db/6N9Q.pdb,1
6NAG,A,B,../../GraPPI_data/PDB/dimer_db/6NAG.pdb,1
6NB2,A,B,../../GraPPI_data/PDB/dimer_db/6NB2.pdb,1
6NCS,A,B,../../GraPPI_data/PDB/dimer_db/6NCS.pdb,1
6ND7,A,B,../../GraPPI_data/PDB/dimer_db/6ND7.pdb,1
6NDI,A,B,../../GraPPI_data/PDB/dimer_db/6NDI.pdb,1
6NDR,A,B,../../GraPPI_data/PDB/dimer_db/6NDR.pdb,1
6NE9,A,B,../../GraPPI_data/PDB/dimer_db/6NE9.pdb,1
6NFE,A,B,../../GraPPI_data/PDB/dimer_db/6NFE.pdb,1
6NHL,A,B,../../GraPPI_data/PDB/dimer_db/6NHL.pdb,1
6NJC,A,B,../../GraPPI_data/PDB/dimer_db/6NJC.pdb,1
6NJK,A,B,../../GraPPI_data/PDB/dimer_db/6NJK.pdb,1
6NJY,A,B,../../GraPPI_data/PDB/dimer_db/6NJY.pdb,1
6NKJ,A,B,../../GraPPI_data/PDB/dimer_db/6NKJ.pdb,1
6NL2,A,B,../../GraPPI_data/PDB/dimer_db/6NL2.pdb,1
6NNR,A,B,../../GraPPI_data/PDB/dimer_db/6NNR.pdb,1
6NP6,A,B,../../GraPPI_data/PDB/dimer_db/6NP6.pdb,1
6NPC,A,B,../../GraPPI_data/PDB/dimer_db/6NPC.pdb,1
6NRZ,A,B,../../GraPPI_data/PDB/dimer_db/6NRZ.pdb,1
6NVW,A,B,../../GraPPI_data/PDB/dimer_db/6NVW.pdb,1
6NVX,A,B,../../GraPPI_data/PDB/dimer_db/6NVX.pdb,1
6NZ4,A,B,../../GraPPI_data/PDB/dimer_db/6NZ4.pdb,1
6O0B,A,B,../../GraPPI_data/PDB/dimer_db/6O0B.pdb,1
6O14,A,B,../../GraPPI_data/PDB/dimer_db/6O14.pdb,1
6O15,A,B,../../GraPPI_data/PDB/dimer_db/6O15.pdb,1
6O4N,A,B,../../GraPPI_data/PDB/dimer_db/6O4N.pdb,1
6O5C,A,B,../../GraPPI_data/PDB/dimer_db/6O5C.pdb,1
6O6O,A,B,../../GraPPI_data/PDB/dimer_db/6O6O.pdb,1
6O8N,A,B,../../GraPPI_data/PDB/dimer_db/6O8N.pdb,1
6O9A,A,B,../../GraPPI_data/PDB/dimer_db/6O9A.pdb,1
6OAW,A,B,../../GraPPI_data/PDB/dimer_db/6OAW.pdb,1
6OFW,A,B,../../GraPPI_data/PDB/dimer_db/6OFW.pdb,1
6OH8,A,B,../../GraPPI_data/PDB/dimer_db/6OH8.pdb,1
6OHI,A,B,../../GraPPI_data/PDB/dimer_db/6OHI.pdb,1
6OJR,A,B,../../GraPPI_data/PDB/dimer_db/6OJR.pdb,1
6OK3,A,B,../../GraPPI_data/PDB/dimer_db/6OK3.pdb,1
6OKH,A,B,../../GraPPI_data/PDB/dimer_db/6OKH.pdb,1
6OMP,A,B,../../GraPPI_data/PDB/dimer_db/6OMP.pdb,1
6ON4,A,B,../../GraPPI_data/PDB/dimer_db/6ON4.pdb,1
6ONW,A,B,../../GraPPI_data/PDB/dimer_db/6ONW.pdb,1
6OTV,A,B,../../GraPPI_data/PDB/dimer_db/6OTV.pdb,1
6OUV,A,B,../../GraPPI_data/PDB/dimer_db/6OUV.pdb,1
6P29,A,B,../../GraPPI_data/PDB/dimer_db/6P29.pdb,1
6P2I,A,B,../../GraPPI_data/PDB/dimer_db/6P2I.pdb,1
6P44,A,B,../../GraPPI_data/PDB/dimer_db/6P44.pdb,1
6P73,A,B,../../GraPPI_data/PDB/dimer_db/6P73.pdb,1
6P90,A,B,../../GraPPI_data/PDB/dimer_db/6P90.pdb,1
6PAL,A,B,../../GraPPI_data/PDB/dimer_db/6PAL.pdb,1
6PBL,A,B,../../GraPPI_data/PDB/dimer_db/6PBL.pdb,1
6PBM,A,B,../../GraPPI_data/PDB/dimer_db/6PBM.pdb,1
6PC0,A,B,../../GraPPI_data/PDB/dimer_db/6PC0.pdb,1
6PH4,A,B,../../GraPPI_data/PDB/dimer_db/6PH4.pdb,1
6PID,A,B,../../GraPPI_data/PDB/dimer_db/6PID.pdb,1
6PL0,A,B,../../GraPPI_data/PDB/dimer_db/6PL0.pdb,1
6PNR,A,C,../../GraPPI_data/PDB/dimer_db/6PNR.pdb,1
6PON,A,B,../../GraPPI_data/PDB/dimer_db/6PON.pdb,1
6PR1,A,B,../../GraPPI_data/PDB/dimer_db/6PR1.pdb,1
6PRO,A,B,../../GraPPI_data/PDB/dimer_db/6PRO.pdb,1
6PTG,A,B,../../GraPPI_data/PDB/dimer_db/6PTG.pdb,1
6PUX,A,B,../../GraPPI_data/PDB/dimer_db/6PUX.pdb,1
6PWK,A,B,../../GraPPI_data/PDB/dimer_db/6PWK.pdb,1
6PXX,A,B,../../GraPPI_data/PDB/dimer_db/6PXX.pdb,1
6Q12,A,B,../../GraPPI_data/PDB/dimer_db/6Q12.pdb,1
6Q1Q,A,B,../../GraPPI_data/PDB/dimer_db/6Q1Q.pdb,1
6Q71,A,B,../../GraPPI_data/PDB/dimer_db/6Q71.pdb,1
6QEK,A,B,../../GraPPI_data/PDB/dimer_db/6QEK.pdb,1
6QJ6,A,E,../../GraPPI_data/PDB/dimer_db/6QJ6.pdb,1
6QKB,A,B,../../GraPPI_data/PDB/dimer_db/6QKB.pdb,1
6QKV,A,B,../../GraPPI_data/PDB/dimer_db/6QKV.pdb,1
6QLA,A,B,../../GraPPI_data/PDB/dimer_db/6QLA.pdb,1
6QMM,A,B,../../GraPPI_data/PDB/dimer_db/6QMM.pdb,1
6QO9,A,B,../../GraPPI_data/PDB/dimer_db/6QO9.pdb,1
6QOK,A,B,../../GraPPI_data/PDB/dimer_db/6QOK.pdb,1
6QSI,A,B,../../GraPPI_data/PDB/dimer_db/6QSI.pdb,1
6QU0,A,B,../../GraPPI_data/PDB/dimer_db/6QU0.pdb,1
6QV8,A,B,../../GraPPI_data/PDB/dimer_db/6QV8.pdb,1
6QV9,A,B,../../GraPPI_data/PDB/dimer_db/6QV9.pdb,1
6QWO,A,B,../../GraPPI_data/PDB/dimer_db/6QWO.pdb,1
6R1M,A,B,../../GraPPI_data/PDB/dimer_db/6R1M.pdb,1
6R5I,A,B,../../GraPPI_data/PDB/dimer_db/6R5I.pdb,1
6RJO,A,B,../../GraPPI_data/PDB/dimer_db/6RJO.pdb,1
6RK0,A,B,../../GraPPI_data/PDB/dimer_db/6RK0.pdb,1
6RQA,A,B,../../GraPPI_data/PDB/dimer_db/6RQA.pdb,1
6RRR,A,B,../../GraPPI_data/PDB/dimer_db/6RRR.pdb,1
6RX9,A,B,../../GraPPI_data/PDB/dimer_db/6RX9.pdb,1
6RYK,A,B,../../GraPPI_data/PDB/dimer_db/6RYK.pdb,1
6S2R,A,B,../../GraPPI_data/PDB/dimer_db/6S2R.pdb,1
6S33,A,B,../../GraPPI_data/PDB/dimer_db/6S33.pdb,1
6S6F,A,B,../../GraPPI_data/PDB/dimer_db/6S6F.pdb,1
6SCB,A,B,../../GraPPI_data/PDB/dimer_db/6SCB.pdb,1
6SCZ,A,B,../../GraPPI_data/PDB/dimer_db/6SCZ.pdb,1
6SF4,A,B,../../GraPPI_data/PDB/dimer_db/6SF4.pdb,1
6SFH,A,B,../../GraPPI_data/PDB/dimer_db/6SFH.pdb,1
6SIZ,A,B,../../GraPPI_data/PDB/dimer_db/6SIZ.pdb,1
6SJ3,A,B,../../GraPPI_data/PDB/dimer_db/6SJ3.pdb,1
6SJ8,A,B,../../GraPPI_data/PDB/dimer_db/6SJ8.pdb,1
6SLL,A,B,../../GraPPI_data/PDB/dimer_db/6SLL.pdb,1
6SM4,A,B,../../GraPPI_data/PDB/dimer_db/6SM4.pdb,1
6SW4,A,B,../../GraPPI_data/PDB/dimer_db/6SW4.pdb,1
6SXL,A,B,../../GraPPI_data/PDB/dimer_db/6SXL.pdb,1
6SXY,A,B,../../GraPPI_data/PDB/dimer_db/6SXY.pdb,1
6SYH,A,B,../../GraPPI_data/PDB/dimer_db/6SYH.pdb,1
6SZH,A,B,../../GraPPI_data/PDB/dimer_db/6SZH.pdb,1
6T7O,A,B,../../GraPPI_data/PDB/dimer_db/6T7O.pdb,1
6TCB,A,B,../../GraPPI_data/PDB/dimer_db/6TCB.pdb,1
6THO,A,B,../../GraPPI_data/PDB/dimer_db/6THO.pdb,1
6TI4,A,C,../../GraPPI_data/PDB/dimer_db/6TI4.pdb,1
6TJ8,A,B,../../GraPPI_data/PDB/dimer_db/6TJ8.pdb,1
6TJR,A,B,../../GraPPI_data/PDB/dimer_db/6TJR.pdb,1
6TTB,A,B,../../GraPPI_data/PDB/dimer_db/6TTB.pdb,1
6TTL,A,B,../../GraPPI_data/PDB/dimer_db/6TTL.pdb,1
6TTS,A,B,../../GraPPI_data/PDB/dimer_db/6TTS.pdb,1
6TUM,A,B,../../GraPPI_data/PDB/dimer_db/6TUM.pdb,1
6TVP,A,B,../../GraPPI_data/PDB/dimer_db/6TVP.pdb,1
6TWJ,A,B,../../GraPPI_data/PDB/dimer_db/6TWJ.pdb,1
6TYK,A,B,../../GraPPI_data/PDB/dimer_db/6TYK.pdb,1
6U1D,A,B,../../GraPPI_data/PDB/dimer_db/6U1D.pdb,1
6U1P,A,B,../../GraPPI_data/PDB/dimer_db/6U1P.pdb,1
6U1Q,A,B,../../GraPPI_data/PDB/dimer_db/6U1Q.pdb,1
6U1R,A,B,../../GraPPI_data/PDB/dimer_db/6U1R.pdb,1
6UBL,A,B,../../GraPPI_data/PDB/dimer_db/6UBL.pdb,1
6UE4,A,B,../../GraPPI_data/PDB/dimer_db/6UE4.pdb,1
6UH2,A,B,../../GraPPI_data/PDB/dimer_db/6UH2.pdb,1
6UI5,A,B,../../GraPPI_data/PDB/dimer_db/6UI5.pdb,1
6UJK,A,B,../../GraPPI_data/PDB/dimer_db/6UJK.pdb,1
6UK5,A,B,../../GraPPI_data/PDB/dimer_db/6UK5.pdb,1
6UN8,A,B,../../GraPPI_data/PDB/dimer_db/6UN8.pdb,1
6USS,A,B,../../GraPPI_data/PDB/dimer_db/6USS.pdb,1
6UUK,A,B,../../GraPPI_data/PDB/dimer_db/6UUK.pdb,1
6UUT,A,B,../../GraPPI_data/PDB/dimer_db/6UUT.pdb,1
6UVU,A,B,../../GraPPI_data/PDB/dimer_db/6UVU.pdb,1
6UXU,A,B,../../GraPPI_data/PDB/dimer_db/6UXU.pdb,1
6UY5,A,B,../../GraPPI_data/PDB/dimer_db/6UY5.pdb,1
6V33,A,B,../../GraPPI_data/PDB/dimer_db/6V33.pdb,1
6V3Q,A,B,../../GraPPI_data/PDB/dimer_db/6V3Q.pdb,1
6V3U,A,B,../../GraPPI_data/PDB/dimer_db/6V3U.pdb,1
6V3Z,A,B,../../GraPPI_data/PDB/dimer_db/6V3Z.pdb,1
6V42,A,B,../../GraPPI_data/PDB/dimer_db/6V42.pdb,1
6V77,A,B,../../GraPPI_data/PDB/dimer_db/6V77.pdb,1
6V91,A,B,../../GraPPI_data/PDB/dimer_db/6V91.pdb,1
6V9K,A,B,../../GraPPI_data/PDB/dimer_db/6V9K.pdb,1
6VBB,A,B,../../GraPPI_data/PDB/dimer_db/6VBB.pdb,1
6VBT,A,B,../../GraPPI_data/PDB/dimer_db/6VBT.pdb,1
6VD8,A,B,../../GraPPI_data/PDB/dimer_db/6VD8.pdb,1
6VJU,A,B,../../GraPPI_data/PDB/dimer_db/6VJU.pdb,1
6VLB,A,B,../../GraPPI_data/PDB/dimer_db/6VLB.pdb,1
6VPW,A,B,../../GraPPI_data/PDB/dimer_db/6VPW.pdb,1
6VTV,A,B,../../GraPPI_data/PDB/dimer_db/6VTV.pdb,1
6VUD,A,B,../../GraPPI_data/PDB/dimer_db/6VUD.pdb,1
6VVA,A,B,../../GraPPI_data/PDB/dimer_db/6VVA.pdb,1
6VZY,A,B,../../GraPPI_data/PDB/dimer_db/6VZY.pdb,1
6W08,A,B,../../GraPPI_data/PDB/dimer_db/6W08.pdb,1
6W4U,A,B,../../GraPPI_data/PDB/dimer_db/6W4U.pdb,1
6W6A,A,B,../../GraPPI_data/PDB/dimer_db/6W6A.pdb,1
6WAF,A,B,../../GraPPI_data/PDB/dimer_db/6WAF.pdb,1
6WBD,A,B,../../GraPPI_data/PDB/dimer_db/6WBD.pdb,1
6WCI,A,B,../../GraPPI_data/PDB/dimer_db/6WCI.pdb,1
6WF6,A,B,../../GraPPI_data/PDB/dimer_db/6WF6.pdb,1
6WFM,A,B,../../GraPPI_data/PDB/dimer_db/6WFM.pdb,1
6WJA,A,B,../../GraPPI_data/PDB/dimer_db/6WJA.pdb,1
6WN2,A,B,../../GraPPI_data/PDB/dimer_db/6WN2.pdb,1
6WSH,A,B,../../GraPPI_data/PDB/dimer_db/6WSH.pdb,1
6WT4,A,B,../../GraPPI_data/PDB/dimer_db/6WT4.pdb,1
6WTW,A,B,../../GraPPI_data/PDB/dimer_db/6WTW.pdb,1
6WXW,A,B,../../GraPPI_data/PDB/dimer_db/6WXW.pdb,1
6X1Z,A,B,../../GraPPI_data/PDB/dimer_db/6X1Z.pdb,1
6XFU,A,B,../../GraPPI_data/PDB/dimer_db/6XFU.pdb,1
6XHP,A,B,../../GraPPI_data/PDB/dimer_db/6XHP.pdb,1
6XIG,A,B,../../GraPPI_data/PDB/dimer_db/6XIG.pdb,1
6XMR,A,B,../../GraPPI_data/PDB/dimer_db/6XMR.pdb,1
6XNU,A,B,../../GraPPI_data/PDB/dimer_db/6XNU.pdb,1
6XPH,A,B,../../GraPPI_data/PDB/dimer_db/6XPH.pdb,1
6XRB,A,B,../../GraPPI_data/PDB/dimer_db/6XRB.pdb,1
6XS4,A,B,../../GraPPI_data/PDB/dimer_db/6XS4.pdb,1
6XTU,A,B,../../GraPPI_data/PDB/dimer_db/6XTU.pdb,1
6XXY,A,B,../../GraPPI_data/PDB/dimer_db/6XXY.pdb,1
6XY9,A,B,../../GraPPI_data/PDB/dimer_db/6XY9.pdb,1
6Y1B,A,B,../../GraPPI_data/PDB/dimer_db/6Y1B.pdb,1
6Y1W,A,B,../../GraPPI_data/PDB/dimer_db/6Y1W.pdb,1
6Y1Y,A,B,../../GraPPI_data/PDB/dimer_db/6Y1Y.pdb,1
6Y77,A,B,../../GraPPI_data/PDB/dimer_db/6Y77.pdb,1
6Y8L,A,B,../../GraPPI_data/PDB/dimer_db/6Y8L.pdb,1
6Y8O,A,B,../../GraPPI_data/PDB/dimer_db/6Y8O.pdb,1
6YEX,A,B,../../GraPPI_data/PDB/dimer_db/6YEX.pdb,1
6YF6,A,B,../../GraPPI_data/PDB/dimer_db/6YF6.pdb,1
6YHH,A,B,../../GraPPI_data/PDB/dimer_db/6YHH.pdb,1
6YIZ,A,B,../../GraPPI_data/PDB/dimer_db/6YIZ.pdb,1
6YJ9,A,B,../../GraPPI_data/PDB/dimer_db/6YJ9.pdb,1
6YK8,A,B,../../GraPPI_data/PDB/dimer_db/6YK8.pdb,1
6YM1,A,B,../../GraPPI_data/PDB/dimer_db/6YM1.pdb,1
6YMD,A,B,../../GraPPI_data/PDB/dimer_db/6YMD.pdb,1
6YYI,A,B,../../GraPPI_data/PDB/dimer_db/6YYI.pdb,1
6Z0F,A,B,../../GraPPI_data/PDB/dimer_db/6Z0F.pdb,1
6Z0P,A,B,../../GraPPI_data/PDB/dimer_db/6Z0P.pdb,1
6Z4C,A,B,../../GraPPI_data/PDB/dimer_db/6Z4C.pdb,1
6Z68,A,B,../../GraPPI_data/PDB/dimer_db/6Z68.pdb,1
6ZA0,A,B,../../GraPPI_data/PDB/dimer_db/6ZA0.pdb,1
6ZDZ,A,B,../../GraPPI_data/PDB/dimer_db/6ZDZ.pdb,1
6ZMB,B,C,../../GraPPI_data/PDB/dimer_db/6ZMB.pdb,1
6ZT4,A,B,../../GraPPI_data/PDB/dimer_db/6ZT4.pdb,1
6ZXB,A,B,../../GraPPI_data/PDB/dimer_db/6ZXB.pdb,1
7A6P,A,B,../../GraPPI_data/PDB/dimer_db/7A6P.pdb,1
7AED,A,B,../../GraPPI_data/PDB/dimer_db/7AED.pdb,1
7AG6,A,B,../../GraPPI_data/PDB/dimer_db/7AG6.pdb,1
7AGW,A,B,../../GraPPI_data/PDB/dimer_db/7AGW.pdb,1
7ANI,A,B,../../GraPPI_data/PDB/dimer_db/7ANI.pdb,1
7AO3,A,B,../../GraPPI_data/PDB/dimer_db/7AO3.pdb,1
7AQU,A,B,../../GraPPI_data/PDB/dimer_db/7AQU.pdb,1
7B1R,A,B,../../GraPPI_data/PDB/dimer_db/7B1R.pdb,1
7B1V,A,B,../../GraPPI_data/PDB/dimer_db/7B1V.pdb,1
7B6B,A,B,../../GraPPI_data/PDB/dimer_db/7B6B.pdb,1
7BIO,A,B,../../GraPPI_data/PDB/dimer_db/7BIO.pdb,1
7BIP,A,B,../../GraPPI_data/PDB/dimer_db/7BIP.pdb,1
7BM8,A,B,../../GraPPI_data/PDB/dimer_db/7BM8.pdb,1
7BRA,A,B,../../GraPPI_data/PDB/dimer_db/7BRA.pdb,1
7BTU,A,B,../../GraPPI_data/PDB/dimer_db/7BTU.pdb,1
7BU2,A,B,../../GraPPI_data/PDB/dimer_db/7BU2.pdb,1
7BVD,A,B,../../GraPPI_data/PDB/dimer_db/7BVD.pdb,1
7BWG,A,B,../../GraPPI_data/PDB/dimer_db/7BWG.pdb,1
7BXP,A,B,../../GraPPI_data/PDB/dimer_db/7BXP.pdb,1
7BYW,A,B,../../GraPPI_data/PDB/dimer_db/7BYW.pdb,1
7C23,A,B,../../GraPPI_data/PDB/dimer_db/7C23.pdb,1
7C64,A,B,../../GraPPI_data/PDB/dimer_db/7C64.pdb,1
7CBI,A,B,../../GraPPI_data/PDB/dimer_db/7CBI.pdb,1
7CDV,A,B,../../GraPPI_data/PDB/dimer_db/7CDV.pdb,1
7CFH,A,B,../../GraPPI_data/PDB/dimer_db/7CFH.pdb,1
7CIG,A,B,../../GraPPI_data/PDB/dimer_db/7CIG.pdb,1
7CIK,A,B,../../GraPPI_data/PDB/dimer_db/7CIK.pdb,1
7CJ7,A,B,../../GraPPI_data/PDB/dimer_db/7CJ7.pdb,1
7CR9,A,B,../../GraPPI_data/PDB/dimer_db/7CR9.pdb,1
7CSV,A,B,../../GraPPI_data/PDB/dimer_db/7CSV.pdb,1
7CVX,A,B,../../GraPPI_data/PDB/dimer_db/7CVX.pdb,1
7CWQ,A,B,../../GraPPI_data/PDB/dimer_db/7CWQ.pdb,1
7CYX,A,B,../../GraPPI_data/PDB/dimer_db/7CYX.pdb,1
7D62,A,B,../../GraPPI_data/PDB/dimer_db/7D62.pdb,1
7DHP,A,B,../../GraPPI_data/PDB/dimer_db/7DHP.pdb,1
7DOG,A,B,../../GraPPI_data/PDB/dimer_db/7DOG.pdb,1
7DQ5,A,B,../../GraPPI_data/PDB/dimer_db/7DQ5.pdb,1
7E92,A,B,../../GraPPI_data/PDB/dimer_db/7E92.pdb,1
7EC1,A,B,../../GraPPI_data/PDB/dimer_db/7EC1.pdb,1
7ESS,A,B,../../GraPPI_data/PDB/dimer_db/7ESS.pdb,1
7JP2,A,B,../../GraPPI_data/PDB/dimer_db/7JP2.pdb,1
7K7B,A,B,../../GraPPI_data/PDB/dimer_db/7K7B.pdb,1
7KB9,A,B,../../GraPPI_data/PDB/dimer_db/7KB9.pdb,1
7KCT,A,B,../../GraPPI_data/PDB/dimer_db/7KCT.pdb,1
7KL7,A,B,../../GraPPI_data/PDB/dimer_db/7KL7.pdb,1
7KL8,A,B,../../GraPPI_data/PDB/dimer_db/7KL8.pdb,1
7KMQ,A,B,../../GraPPI_data/PDB/dimer_db/7KMQ.pdb,1
7KPZ,A,B,../../GraPPI_data/PDB/dimer_db/7KPZ.pdb,1
7KQA,A,B,../../GraPPI_data/PDB/dimer_db/7KQA.pdb,1
7KWD,A,B,../../GraPPI_data/PDB/dimer_db/7KWD.pdb,1
7KWS,A,B,../../GraPPI_data/PDB/dimer_db/7KWS.pdb,1
7L0A,A,B,../../GraPPI_data/PDB/dimer_db/7L0A.pdb,1
7L2A,A,B,../../GraPPI_data/PDB/dimer_db/7L2A.pdb,1
7L6P,A,B,../../GraPPI_data/PDB/dimer_db/7L6P.pdb,1
7LAP,A,B,../../GraPPI_data/PDB/dimer_db/7LAP.pdb,1
7LBJ,A,B,../../GraPPI_data/PDB/dimer_db/7LBJ.pdb,1
7LDA,A,B,../../GraPPI_data/PDB/dimer_db/7LDA.pdb,1
7LG9,A,B,../../GraPPI_data/PDB/dimer_db/7LG9.pdb,1
7LGP,A,B,../../GraPPI_data/PDB/dimer_db/7LGP.pdb,1
7LZG,A,B,../../GraPPI_data/PDB/dimer_db/7LZG.pdb,1
7M13,A,B,../../GraPPI_data/PDB/dimer_db/7M13.pdb,1
7MQW,A,B,../../GraPPI_data/PDB/dimer_db/7MQW.pdb,1
7MWA,A,B,../../GraPPI_data/PDB/dimer_db/7MWA.pdb,1
7NC7,A,B,../../GraPPI_data/PDB/dimer_db/7NC7.pdb,1
7NCC,A,B,../../GraPPI_data/PDB/dimer_db/7NCC.pdb,1
7O21,A,B,../../GraPPI_data/PDB/dimer_db/7O21.pdb,1
7O39,A,B,../../GraPPI_data/PDB/dimer_db/7O39.pdb,1
1A4I,A,B,../../GraPPI_data/PDB/dimer_db/1A4I.pdb,1
1AAP,A,B,../../GraPPI_data/PDB/dimer_db/1AAP.pdb,1
1ANT,L,I,../../GraPPI_data/PDB/dimer_db/1ANT.pdb,1
1AOX,A,B,../../GraPPI_data/PDB/dimer_db/1AOX.pdb,1
1AUT,C,L,../../GraPPI_data/PDB/dimer_db/1AUT.pdb,1
1B98,A,M,../../GraPPI_data/PDB/dimer_db/1B98.pdb,1
1BD9,A,B,../../GraPPI_data/PDB/dimer_db/1BD9.pdb,1
1BHO,1,2,../../GraPPI_data/PDB/dimer_db/1BHO.pdb,1
1BL4,A,B,../../GraPPI_data/PDB/dimer_db/1BL4.pdb,1
1BQU,A,B,../../GraPPI_data/PDB/dimer_db/1BQU.pdb,1
1BTK,A,B,../../GraPPI_data/PDB/dimer_db/1BTK.pdb,1
1BWW,A,B,../../GraPPI_data/PDB/dimer_db/1BWW.pdb,1
1C3I,A,B,../../GraPPI_data/PDB/dimer_db/1C3I.pdb,1
1CSG,A,B,../../GraPPI_data/PDB/dimer_db/1CSG.pdb,1
1D6N,A,B,../../GraPPI_data/PDB/dimer_db/1D6N.pdb,1
1DB2,A,B,../../GraPPI_data/PDB/dimer_db/1DB2.pdb,1
1DHF,A,B,../../GraPPI_data/PDB/dimer_db/1DHF.pdb,1
1DJL,A,B,../../GraPPI_data/PDB/dimer_db/1DJL.pdb,1
1DKT,A,B,../../GraPPI_data/PDB/dimer_db/1DKT.pdb,1
1DLE,A,B,../../GraPPI_data/PDB/dimer_db/1DLE.pdb,1
1DOK,A,B,../../GraPPI_data/PDB/dimer_db/1DOK.pdb,1
1DSU,A,B,../../GraPPI_data/PDB/dimer_db/1DSU.pdb,1
1EAJ,A,B,../../GraPPI_data/PDB/dimer_db/1EAJ.pdb,1
1EEQ,A,B,../../GraPPI_data/PDB/dimer_db/1EEQ.pdb,1
1EF3,A,B,../../GraPPI_data/PDB/dimer_db/1EF3.pdb,1
1EGG,A,B,../../GraPPI_data/PDB/dimer_db/1EGG.pdb,1
1EJF,A,B,../../GraPPI_data/PDB/dimer_db/1EJF.pdb,1
1EK6,A,B,../../GraPPI_data/PDB/dimer_db/1EK6.pdb,1
1EKU,A,B,../../GraPPI_data/PDB/dimer_db/1EKU.pdb,1
1ERN,A,B,../../GraPPI_data/PDB/dimer_db/1ERN.pdb,1
1ET1,A,B,../../GraPPI_data/PDB/dimer_db/1ET1.pdb,1
1EX0,A,B,../../GraPPI_data/PDB/dimer_db/1EX0.pdb,1
1EXT,A,B,../../GraPPI_data/PDB/dimer_db/1EXT.pdb,1
1F05,A,B,../../GraPPI_data/PDB/dimer_db/1F05.pdb,1
1F0Y,A,B,../../GraPPI_data/PDB/dimer_db/1F0Y.pdb,1
1F3H,A,B,../../GraPPI_data/PDB/dimer_db/1F3H.pdb,1
1F86,A,B,../../GraPPI_data/PDB/dimer_db/1F86.pdb,1
1FBY,A,B,../../GraPPI_data/PDB/dimer_db/1FBY.pdb,1
1FGK,A,B,../../GraPPI_data/PDB/dimer_db/1FGK.pdb,1
1FGU,A,B,../../GraPPI_data/PDB/dimer_db/1FGU.pdb,1
1FIC,A,B,../../GraPPI_data/PDB/dimer_db/1FIC.pdb,1
1FO1,A,B,../../GraPPI_data/PDB/dimer_db/1FO1.pdb,1
1FZV,A,B,../../GraPPI_data/PDB/dimer_db/1FZV.pdb,1
1G3M,A,B,../../GraPPI_data/PDB/dimer_db/1G3M.pdb,1
1GRI,A,B,../../GraPPI_data/PDB/dimer_db/1GRI.pdb,1
1GVJ,A,B,../../GraPPI_data/PDB/dimer_db/1GVJ.pdb,1
1GXR,A,B,../../GraPPI_data/PDB/dimer_db/1GXR.pdb,1
1GY5,A,B,../../GraPPI_data/PDB/dimer_db/1GY5.pdb,1
1H4R,A,B,../../GraPPI_data/PDB/dimer_db/1H4R.pdb,1
1H6P,A,B,../../GraPPI_data/PDB/dimer_db/1H6P.pdb,1
1H8X,A,B,../../GraPPI_data/PDB/dimer_db/1H8X.pdb,1
1HAK,B,A,../../GraPPI_data/PDB/dimer_db/1HAK.pdb,1
1HCI,A,B,../../GraPPI_data/PDB/dimer_db/1HCI.pdb,1
1HUL,A,B,../../GraPPI_data/PDB/dimer_db/1HUL.pdb,1
1HUR,A,B,../../GraPPI_data/PDB/dimer_db/1HUR.pdb,1
1I49,A,B,../../GraPPI_data/PDB/dimer_db/1I49.pdb,1
1ICW,A,B,../../GraPPI_data/PDB/dimer_db/1ICW.pdb,1
1IHB,A,B,../../GraPPI_data/PDB/dimer_db/1IHB.pdb,1
1ILR,1,2,../../GraPPI_data/PDB/dimer_db/1ILR.pdb,1
1ITU,A,B,../../GraPPI_data/PDB/dimer_db/1ITU.pdb,1
1J1B,A,B,../../GraPPI_data/PDB/dimer_db/1J1B.pdb,1
1JD0,A,B,../../GraPPI_data/PDB/dimer_db/1JD0.pdb,1
1JL0,A,B,../../GraPPI_data/PDB/dimer_db/1JL0.pdb,1
1JL9,A,B,../../GraPPI_data/PDB/dimer_db/1JL9.pdb,1
1JOC,A,B,../../GraPPI_data/PDB/dimer_db/1JOC.pdb,1
1JUO,A,B,../../GraPPI_data/PDB/dimer_db/1JUO.pdb,1
1JVK,A,B,../../GraPPI_data/PDB/dimer_db/1JVK.pdb,1
1K3Y,A,B,../../GraPPI_data/PDB/dimer_db/1K3Y.pdb,1
1K86,A,B,../../GraPPI_data/PDB/dimer_db/1K86.pdb,1
1K94,A,B,../../GraPPI_data/PDB/dimer_db/1K94.pdb,1
1K9K,A,B,../../GraPPI_data/PDB/dimer_db/1K9K.pdb,1
1KWS,A,B,../../GraPPI_data/PDB/dimer_db/1KWS.pdb,1
1L8L,A,B,../../GraPPI_data/PDB/dimer_db/1L8L.pdb,1
1L9M,A,B,../../GraPPI_data/PDB/dimer_db/1L9M.pdb,1
1LFA,A,B,../../GraPPI_data/PDB/dimer_db/1LFA.pdb,1
1LGQ,A,B,../../GraPPI_data/PDB/dimer_db/1LGQ.pdb,1
1LIL,A,B,../../GraPPI_data/PDB/dimer_db/1LIL.pdb,1
1M4R,A,B,../../GraPPI_data/PDB/dimer_db/1M4R.pdb,1
1M6D,A,B,../../GraPPI_data/PDB/dimer_db/1M6D.pdb,1
1M7R,A,B,../../GraPPI_data/PDB/dimer_db/1M7R.pdb,1
1MKK,A,B,../../GraPPI_data/PDB/dimer_db/1MKK.pdb,1
1MR8,A,B,../../GraPPI_data/PDB/dimer_db/1MR8.pdb,1
1N1A,A,B,../../GraPPI_data/PDB/dimer_db/1N1A.pdb,1
1N46,A,B,../../GraPPI_data/PDB/dimer_db/1N46.pdb,1
1N99,A,B,../../GraPPI_data/PDB/dimer_db/1N99.pdb,1
1NA8,A,B,../../GraPPI_data/PDB/dimer_db/1NA8.pdb,1
1NBQ,A,B,../../GraPPI_data/PDB/dimer_db/1NBQ.pdb,1
1NMS,A,B,../../GraPPI_data/PDB/dimer_db/1NMS.pdb,1
1NZI,A,B,../../GraPPI_data/PDB/dimer_db/1NZI.pdb,1
1O5E,L,H,../../GraPPI_data/PDB/dimer_db/1O5E.pdb,1
1O7Z,A,B,../../GraPPI_data/PDB/dimer_db/1O7Z.pdb,1
1OIV,A,B,../../GraPPI_data/PDB/dimer_db/1OIV.pdb,1
1OK3,A,B,../../GraPPI_data/PDB/dimer_db/1OK3.pdb,1
1OKI,A,B,../../GraPPI_data/PDB/dimer_db/1OKI.pdb,1
1OLZ,A,B,../../GraPPI_data/PDB/dimer_db/1OLZ.pdb,1
1P4R,A,B,../../GraPPI_data/PDB/dimer_db/1P4R.pdb,1
1P9O,A,B,../../GraPPI_data/PDB/dimer_db/1P9O.pdb,1
1PEW,A,B,../../GraPPI_data/PDB/dimer_db/1PEW.pdb,1
1PFQ,A,B,../../GraPPI_data/PDB/dimer_db/1PFQ.pdb,1
1POE,A,B,../../GraPPI_data/PDB/dimer_db/1POE.pdb,1
1PR9,A,B,../../GraPPI_data/PDB/dimer_db/1PR9.pdb,1
1PRX,A,B,../../GraPPI_data/PDB/dimer_db/1PRX.pdb,1
1PSR,A,B,../../GraPPI_data/PDB/dimer_db/1PSR.pdb,1
1QB2,A,B,../../GraPPI_data/PDB/dimer_db/1QB2.pdb,1
1QC5,A,B,../../GraPPI_data/PDB/dimer_db/1QC5.pdb,1
1QF8,A,B,../../GraPPI_data/PDB/dimer_db/1QF8.pdb,1
1QH5,A,B,../../GraPPI_data/PDB/dimer_db/1QH5.pdb,1
1QHA,A,B,../../GraPPI_data/PDB/dimer_db/1QHA.pdb,1
1QQG,A,B,../../GraPPI_data/PDB/dimer_db/1QQG.pdb,1
1QWT,A,B,../../GraPPI_data/PDB/dimer_db/1QWT.pdb,1
1QZQ,A,B,../../GraPPI_data/PDB/dimer_db/1QZQ.pdb,1
1R6U,A,B,../../GraPPI_data/PDB/dimer_db/1R6U.pdb,1
1RK4,A,B,../../GraPPI_data/PDB/dimer_db/1RK4.pdb,1
1S3E,A,B,../../GraPPI_data/PDB/dimer_db/1S3E.pdb,1
1S3O,A,B,../../GraPPI_data/PDB/dimer_db/1S3O.pdb,1
1S9I,A,B,../../GraPPI_data/PDB/dimer_db/1S9I.pdb,1
1SMO,A,B,../../GraPPI_data/PDB/dimer_db/1SMO.pdb,1
1SR7,A,B,../../GraPPI_data/PDB/dimer_db/1SR7.pdb,1
1SZB,A,B,../../GraPPI_data/PDB/dimer_db/1SZB.pdb,1
1T3G,A,B,../../GraPPI_data/PDB/dimer_db/1T3G.pdb,1
1T6F,A,B,../../GraPPI_data/PDB/dimer_db/1T6F.pdb,1
1T6N,A,B,../../GraPPI_data/PDB/dimer_db/1T6N.pdb,1
1T8T,A,B,../../GraPPI_data/PDB/dimer_db/1T8T.pdb,1
1TDI,A,B,../../GraPPI_data/PDB/dimer_db/1TDI.pdb,1
1TIJ,A,B,../../GraPPI_data/PDB/dimer_db/1TIJ.pdb,1
1TRN,A,B,../../GraPPI_data/PDB/dimer_db/1TRN.pdb,1
1TVD,A,B,../../GraPPI_data/PDB/dimer_db/1TVD.pdb,1
1TWR,A,B,../../GraPPI_data/PDB/dimer_db/1TWR.pdb,1
1U3T,A,B,../../GraPPI_data/PDB/dimer_db/1U3T.pdb,1
1U3W,A,B,../../GraPPI_data/PDB/dimer_db/1U3W.pdb,1
1UZ3,A,B,../../GraPPI_data/PDB/dimer_db/1UZ3.pdb,1
1V82,A,B,../../GraPPI_data/PDB/dimer_db/1V82.pdb,1
1VDG,A,B,../../GraPPI_data/PDB/dimer_db/1VDG.pdb,1
1VKG,A,B,../../GraPPI_data/PDB/dimer_db/1VKG.pdb,1
1VSC,A,B,../../GraPPI_data/PDB/dimer_db/1VSC.pdb,1
1W3B,A,B,../../GraPPI_data/PDB/dimer_db/1W3B.pdb,1
1W9C,A,B,../../GraPPI_data/PDB/dimer_db/1W9C.pdb,1
1WRK,A,B,../../GraPPI_data/PDB/dimer_db/1WRK.pdb,1
1WSR,A,B,../../GraPPI_data/PDB/dimer_db/1WSR.pdb,1
1WU9,A,B,../../GraPPI_data/PDB/dimer_db/1WU9.pdb,1
1WYX,A,B,../../GraPPI_data/PDB/dimer_db/1WYX.pdb,1
1XJL,A,B,../../GraPPI_data/PDB/dimer_db/1XJL.pdb,1
1XV8,A,B,../../GraPPI_data/PDB/dimer_db/1XV8.pdb,1
1Y2O,A,B,../../GraPPI_data/PDB/dimer_db/1Y2O.pdb,1
1Y97,A,B,../../GraPPI_data/PDB/dimer_db/1Y97.pdb,1
1YB1,A,B,../../GraPPI_data/PDB/dimer_db/1YB1.pdb,1
1YB5,A,B,../../GraPPI_data/PDB/dimer_db/1YB5.pdb,1
1YLA,A,B,../../GraPPI_data/PDB/dimer_db/1YLA.pdb,1
1YUK,A,B,../../GraPPI_data/PDB/dimer_db/1YUK.pdb,1
1YZ5,A,B,../../GraPPI_data/PDB/dimer_db/1YZ5.pdb,1
1YZX,A,B,../../GraPPI_data/PDB/dimer_db/1YZX.pdb,1
1Z9M,A,B,../../GraPPI_data/PDB/dimer_db/1Z9M.pdb,1
1ZQ9,A,B,../../GraPPI_data/PDB/dimer_db/1ZQ9.pdb,1
1ZXM,A,B,../../GraPPI_data/PDB/dimer_db/1ZXM.pdb,1
2A72,A,B,../../GraPPI_data/PDB/dimer_db/2A72.pdb,1
2A8J,A,B,../../GraPPI_data/PDB/dimer_db/2A8J.pdb,1
2A9U,A,B,../../GraPPI_data/PDB/dimer_db/2A9U.pdb,1
2AAX,A,B,../../GraPPI_data/PDB/dimer_db/2AAX.pdb,1
2ACX,A,B,../../GraPPI_data/PDB/dimer_db/2ACX.pdb,1
2AKZ,A,B,../../GraPPI_data/PDB/dimer_db/2AKZ.pdb,1
2ARV,A,B,../../GraPPI_data/PDB/dimer_db/2ARV.pdb,1
2ASK,A,B,../../GraPPI_data/PDB/dimer_db/2ASK.pdb,1
2AVD,A,B,../../GraPPI_data/PDB/dimer_db/2AVD.pdb,1
2AXH,A,B,../../GraPPI_data/PDB/dimer_db/2AXH.pdb,1
2B5G,A,B,../../GraPPI_data/PDB/dimer_db/2B5G.pdb,1
2B8W,A,B,../../GraPPI_data/PDB/dimer_db/2B8W.pdb,1
2BEI,A,B,../../GraPPI_data/PDB/dimer_db/2BEI.pdb,1
2BJN,A,B,../../GraPPI_data/PDB/dimer_db/2BJN.pdb,1
2BZY,A,B,../../GraPPI_data/PDB/dimer_db/2BZY.pdb,1
2C7W,A,B,../../GraPPI_data/PDB/dimer_db/2C7W.pdb,1
2CAR,A,B,../../GraPPI_data/PDB/dimer_db/2CAR.pdb,1
2CB5,A,B,../../GraPPI_data/PDB/dimer_db/2CB5.pdb,1
2CJW,A,B,../../GraPPI_data/PDB/dimer_db/2CJW.pdb,1
2COI,A,B,../../GraPPI_data/PDB/dimer_db/2COI.pdb,1
2CZH,A,B,../../GraPPI_data/PDB/dimer_db/2CZH.pdb,1
2D68,A,B,../../GraPPI_data/PDB/dimer_db/2D68.pdb,1
2DB7,A,B,../../GraPPI_data/PDB/dimer_db/2DB7.pdb,1
2DC3,A,B,../../GraPPI_data/PDB/dimer_db/2DC3.pdb,1
2DSC,A,B,../../GraPPI_data/PDB/dimer_db/2DSC.pdb,1
2E0A,A,B,../../GraPPI_data/PDB/dimer_db/2E0A.pdb,1
2EAV,A,B,../../GraPPI_data/PDB/dimer_db/2EAV.pdb,1
2EGD,A,B,../../GraPPI_data/PDB/dimer_db/2EGD.pdb,1
2EJ8,A,B,../../GraPPI_data/PDB/dimer_db/2EJ8.pdb,1
2EX4,A,B,../../GraPPI_data/PDB/dimer_db/2EX4.pdb,1
2EXX,A,B,../../GraPPI_data/PDB/dimer_db/2EXX.pdb,1
2F5J,A,B,../../GraPPI_data/PDB/dimer_db/2F5J.pdb,1
2F7S,A,B,../../GraPPI_data/PDB/dimer_db/2F7S.pdb,1
2FIC,A,B,../../GraPPI_data/PDB/dimer_db/2FIC.pdb,1
2FIM,A,B,../../GraPPI_data/PDB/dimer_db/2FIM.pdb,1
2FSZ,A,B,../../GraPPI_data/PDB/dimer_db/2FSZ.pdb,1
2FZW,A,B,../../GraPPI_data/PDB/dimer_db/2FZW.pdb,1
2G59,A,B,../../GraPPI_data/PDB/dimer_db/2G59.pdb,1
2GAO,A,B,../../GraPPI_data/PDB/dimer_db/2GAO.pdb,1
2GH5,A,B,../../GraPPI_data/PDB/dimer_db/2GH5.pdb,1
2GI7,A,B,../../GraPPI_data/PDB/dimer_db/2GI7.pdb,1
2GWH,A,B,../../GraPPI_data/PDB/dimer_db/2GWH.pdb,1
2H2N,A,B,../../GraPPI_data/PDB/dimer_db/2H2N.pdb,1
2H2R,A,B,../../GraPPI_data/PDB/dimer_db/2H2R.pdb,1
2H8K,A,B,../../GraPPI_data/PDB/dimer_db/2H8K.pdb,1
2HA8,A,B,../../GraPPI_data/PDB/dimer_db/2HA8.pdb,1
2HCI,A,B,../../GraPPI_data/PDB/dimer_db/2HCI.pdb,1
2HEI,A,B,../../GraPPI_data/PDB/dimer_db/2HEI.pdb,1
2HHJ,A,B,../../GraPPI_data/PDB/dimer_db/2HHJ.pdb,1
2HKN,A,B,../../GraPPI_data/PDB/dimer_db/2HKN.pdb,1
2HP4,A,B,../../GraPPI_data/PDB/dimer_db/2HP4.pdb,1
2HQX,A,B,../../GraPPI_data/PDB/dimer_db/2HQX.pdb,1
2HZ5,A,B,../../GraPPI_data/PDB/dimer_db/2HZ5.pdb,1
2I46,A,B,../../GraPPI_data/PDB/dimer_db/2I46.pdb,1
2I7N,A,B,../../GraPPI_data/PDB/dimer_db/2I7N.pdb,1
2I99,A,B,../../GraPPI_data/PDB/dimer_db/2I99.pdb,1
2IG7,A,B,../../GraPPI_data/PDB/dimer_db/2IG7.pdb,1
2IIK,A,B,../../GraPPI_data/PDB/dimer_db/2IIK.pdb,1
2IPP,A,B,../../GraPPI_data/PDB/dimer_db/2IPP.pdb,1
2IWZ,A,B,../../GraPPI_data/PDB/dimer_db/2IWZ.pdb,1
2IYC,A,B,../../GraPPI_data/PDB/dimer_db/2IYC.pdb,1
2J05,A,B,../../GraPPI_data/PDB/dimer_db/2J05.pdb,1
2J67,A,B,../../GraPPI_data/PDB/dimer_db/2J67.pdb,1
2J8Q,A,B,../../GraPPI_data/PDB/dimer_db/2J8Q.pdb,1
2J9Q,A,B,../../GraPPI_data/PDB/dimer_db/2J9Q.pdb,1
2JC6,A,C,../../GraPPI_data/PDB/dimer_db/2JC6.pdb,1
2JIS,A,B,../../GraPPI_data/PDB/dimer_db/2JIS.pdb,1
2JKH,A,L,../../GraPPI_data/PDB/dimer_db/2JKH.pdb,1
2NN2,A,B,../../GraPPI_data/PDB/dimer_db/2NN2.pdb,1
2NO7,A,B,../../GraPPI_data/PDB/dimer_db/2NO7.pdb,1
2NS2,A,B,../../GraPPI_data/PDB/dimer_db/2NS2.pdb,1
2NYR,A,B,../../GraPPI_data/PDB/dimer_db/2NYR.pdb,1
2NZ7,A,B,../../GraPPI_data/PDB/dimer_db/2NZ7.pdb,1
2NZT,A,B,../../GraPPI_data/PDB/dimer_db/2NZT.pdb,1
2O07,A,B,../../GraPPI_data/PDB/dimer_db/2O07.pdb,1
2O28,A,B,../../GraPPI_data/PDB/dimer_db/2O28.pdb,1
2O2K,A,B,../../GraPPI_data/PDB/dimer_db/2O2K.pdb,1
2O6L,A,B,../../GraPPI_data/PDB/dimer_db/2O6L.pdb,1
2O96,A,B,../../GraPPI_data/PDB/dimer_db/2O96.pdb,1
2OEX,A,B,../../GraPPI_data/PDB/dimer_db/2OEX.pdb,1
2OFV,A,B,../../GraPPI_data/PDB/dimer_db/2OFV.pdb,1
2OO0,A,B,../../GraPPI_data/PDB/dimer_db/2OO0.pdb,1
2OR3,A,B,../../GraPPI_data/PDB/dimer_db/2OR3.pdb,1
2OTP,A,B,../../GraPPI_data/PDB/dimer_db/2OTP.pdb,1
2P23,A,B,../../GraPPI_data/PDB/dimer_db/2P23.pdb,1
2P5S,A,B,../../GraPPI_data/PDB/dimer_db/2P5S.pdb,1
2P64,A,B,../../GraPPI_data/PDB/dimer_db/2P64.pdb,1
2P8U,A,B,../../GraPPI_data/PDB/dimer_db/2P8U.pdb,1
2PFI,A,B,../../GraPPI_data/PDB/dimer_db/2PFI.pdb,1
2PG2,A,B,../../GraPPI_data/PDB/dimer_db/2PG2.pdb,1
2PGB,A,B,../../GraPPI_data/PDB/dimer_db/2PGB.pdb,1
2PID,A,B,../../GraPPI_data/PDB/dimer_db/2PID.pdb,1
2PLA,A,B,../../GraPPI_data/PDB/dimer_db/2PLA.pdb,1
2PY3,A,B,../../GraPPI_data/PDB/dimer_db/2PY3.pdb,1
2PZD,A,B,../../GraPPI_data/PDB/dimer_db/2PZD.pdb,1
2Q20,A,B,../../GraPPI_data/PDB/dimer_db/2Q20.pdb,1
2Q32,A,B,../../GraPPI_data/PDB/dimer_db/2Q32.pdb,1
2Q91,A,B,../../GraPPI_data/PDB/dimer_db/2Q91.pdb,1
2QCQ,A,B,../../GraPPI_data/PDB/dimer_db/2QCQ.pdb,1
2QJ2,A,B,../../GraPPI_data/PDB/dimer_db/2QJ2.pdb,1
2QJF,A,B,../../GraPPI_data/PDB/dimer_db/2QJF.pdb,1
2QNR,A,B,../../GraPPI_data/PDB/dimer_db/2QNR.pdb,1
2QRZ,A,B,../../GraPPI_data/PDB/dimer_db/2QRZ.pdb,1
2QSQ,A,B,../../GraPPI_data/PDB/dimer_db/2QSQ.pdb,1
2QTW,A,B,../../GraPPI_data/PDB/dimer_db/2QTW.pdb,1
2QYP,A,B,../../GraPPI_data/PDB/dimer_db/2QYP.pdb,1
2R15,A,B,../../GraPPI_data/PDB/dimer_db/2R15.pdb,1
2R53,A,B,../../GraPPI_data/PDB/dimer_db/2R53.pdb,1
2R83,A,B,../../GraPPI_data/PDB/dimer_db/2R83.pdb,1
2R9A,A,B,../../GraPPI_data/PDB/dimer_db/2R9A.pdb,1
2RA4,A,B,../../GraPPI_data/PDB/dimer_db/2RA4.pdb,1
2RAI,A,B,../../GraPPI_data/PDB/dimer_db/2RAI.pdb,1
2UV3,A,B,../../GraPPI_data/PDB/dimer_db/2UV3.pdb,1
2UVL,A,B,../../GraPPI_data/PDB/dimer_db/2UVL.pdb,1
2VCY,A,B,../../GraPPI_data/PDB/dimer_db/2VCY.pdb,1
2VNS,A,B,../../GraPPI_data/PDB/dimer_db/2VNS.pdb,1
2VPH,A,B,../../GraPPI_data/PDB/dimer_db/2VPH.pdb,1
2VSV,A,B,../../GraPPI_data/PDB/dimer_db/2VSV.pdb,1
2VXO,A,B,../../GraPPI_data/PDB/dimer_db/2VXO.pdb,1
2WCB,A,B,../../GraPPI_data/PDB/dimer_db/2WCB.pdb,1
2WFD,A,B,../../GraPPI_data/PDB/dimer_db/2WFD.pdb,1
2WFH,A,B,../../GraPPI_data/PDB/dimer_db/2WFH.pdb,1
2WGH,A,B,../../GraPPI_data/PDB/dimer_db/2WGH.pdb,1
2WK6,A,B,../../GraPPI_data/PDB/dimer_db/2WK6.pdb,1
2WNT,A,B,../../GraPPI_data/PDB/dimer_db/2WNT.pdb,1
2WZ1,A,B,../../GraPPI_data/PDB/dimer_db/2WZ1.pdb,1
2X2A,A,B,../../GraPPI_data/PDB/dimer_db/2X2A.pdb,1
2X4D,A,B,../../GraPPI_data/PDB/dimer_db/2X4D.pdb,1
2XDG,A,B,../../GraPPI_data/PDB/dimer_db/2XDG.pdb,1
2XG7,A,C,../../GraPPI_data/PDB/dimer_db/2XG7.pdb,1
2XN6,A,B,../../GraPPI_data/PDB/dimer_db/2XN6.pdb,1
2XSX,A,B,../../GraPPI_data/PDB/dimer_db/2XSX.pdb,1
2XV5,A,B,../../GraPPI_data/PDB/dimer_db/2XV5.pdb,1
2Y1H,A,B,../../GraPPI_data/PDB/dimer_db/2Y1H.pdb,1
2Y1Z,A,B,../../GraPPI_data/PDB/dimer_db/2Y1Z.pdb,1
2Y43,A,B,../../GraPPI_data/PDB/dimer_db/2Y43.pdb,1
2Y6W,A,B,../../GraPPI_data/PDB/dimer_db/2Y6W.pdb,1
2YGW,A,B,../../GraPPI_data/PDB/dimer_db/2YGW.pdb,1
2YHN,A,B,../../GraPPI_data/PDB/dimer_db/2YHN.pdb,1
2YPR,A,B,../../GraPPI_data/PDB/dimer_db/2YPR.pdb,1
2YVR,A,B,../../GraPPI_data/PDB/dimer_db/2YVR.pdb,1
2YXT,A,B,../../GraPPI_data/PDB/dimer_db/2YXT.pdb,1
2Z0V,A,B,../../GraPPI_data/PDB/dimer_db/2Z0V.pdb,1
2Z5D,A,B,../../GraPPI_data/PDB/dimer_db/2Z5D.pdb,1
2Z5E,A,B,../../GraPPI_data/PDB/dimer_db/2Z5E.pdb,1
2Z5F,A,B,../../GraPPI_data/PDB/dimer_db/2Z5F.pdb,1
2ZN9,A,B,../../GraPPI_data/PDB/dimer_db/2ZN9.pdb,1
3A60,A,B,../../GraPPI_data/PDB/dimer_db/3A60.pdb,1
3ABH,A,B,../../GraPPI_data/PDB/dimer_db/3ABH.pdb,1
3AGX,A,B,../../GraPPI_data/PDB/dimer_db/3AGX.pdb,1
3AJM,A,B,../../GraPPI_data/PDB/dimer_db/3AJM.pdb,1
3ALP,A,B,../../GraPPI_data/PDB/dimer_db/3ALP.pdb,1
3B6R,A,B,../../GraPPI_data/PDB/dimer_db/3B6R.pdb,1
3B6U,A,B,../../GraPPI_data/PDB/dimer_db/3B6U.pdb,1
3B76,A,B,../../GraPPI_data/PDB/dimer_db/3B76.pdb,1
3BE8,A,B,../../GraPPI_data/PDB/dimer_db/3BE8.pdb,1
3BL9,A,B,../../GraPPI_data/PDB/dimer_db/3BL9.pdb,1
3BXW,B,A,../../GraPPI_data/PDB/dimer_db/3BXW.pdb,1
3CB2,A,B,../../GraPPI_data/PDB/dimer_db/3CB2.pdb,1
3CBY,A,B,../../GraPPI_data/PDB/dimer_db/3CBY.pdb,1
3CEQ,A,B,../../GraPPI_data/PDB/dimer_db/3CEQ.pdb,1
3COO,A,B,../../GraPPI_data/PDB/dimer_db/3COO.pdb,1
3CRY,A,B,../../GraPPI_data/PDB/dimer_db/3CRY.pdb,1
3D0E,A,B,../../GraPPI_data/PDB/dimer_db/3D0E.pdb,1
3D0Y,A,B,../../GraPPI_data/PDB/dimer_db/3D0Y.pdb,1
3D34,A,B,../../GraPPI_data/PDB/dimer_db/3D34.pdb,1
3D4J,A,B,../../GraPPI_data/PDB/dimer_db/3D4J.pdb,1
3D8B,A,B,../../GraPPI_data/PDB/dimer_db/3D8B.pdb,1
3DAL,A,B,../../GraPPI_data/PDB/dimer_db/3DAL.pdb,1
3DDS,A,B,../../GraPPI_data/PDB/dimer_db/3DDS.pdb,1
3DEM,A,B,../../GraPPI_data/PDB/dimer_db/3DEM.pdb,1
3DL2,A,B,../../GraPPI_data/PDB/dimer_db/3DL2.pdb,1
3DWD,A,B,../../GraPPI_data/PDB/dimer_db/3DWD.pdb,1
3DYD,A,B,../../GraPPI_data/PDB/dimer_db/3DYD.pdb,1
3E0L,A,B,../../GraPPI_data/PDB/dimer_db/3E0L.pdb,1
3E17,A,B,../../GraPPI_data/PDB/dimer_db/3E17.pdb,1
3E3R,A,B,../../GraPPI_data/PDB/dimer_db/3E3R.pdb,1
3E7O,A,B,../../GraPPI_data/PDB/dimer_db/3E7O.pdb,1
3EE6,A,B,../../GraPPI_data/PDB/dimer_db/3EE6.pdb,1
3EFK,A,B,../../GraPPI_data/PDB/dimer_db/3EFK.pdb,1
3ENP,A,B,../../GraPPI_data/PDB/dimer_db/3ENP.pdb,1
3EQR,A,B,../../GraPPI_data/PDB/dimer_db/3EQR.pdb,1
3EVI,A,B,../../GraPPI_data/PDB/dimer_db/3EVI.pdb,1
3EWW,A,B,../../GraPPI_data/PDB/dimer_db/3EWW.pdb,1
3F1R,A,B,../../GraPPI_data/PDB/dimer_db/3F1R.pdb,1
3F70,A,B,../../GraPPI_data/PDB/dimer_db/3F70.pdb,1
3FBK,A,B,../../GraPPI_data/PDB/dimer_db/3FBK.pdb,1
3FCX,A,B,../../GraPPI_data/PDB/dimer_db/3FCX.pdb,1
3FD5,A,B,../../GraPPI_data/PDB/dimer_db/3FD5.pdb,1
3FE3,A,B,../../GraPPI_data/PDB/dimer_db/3FE3.pdb,1
3FO5,A,B,../../GraPPI_data/PDB/dimer_db/3FO5.pdb,1
3G15,A,B,../../GraPPI_data/PDB/dimer_db/3G15.pdb,1
3G4E,A,B,../../GraPPI_data/PDB/dimer_db/3G4E.pdb,1
3GA1,A,B,../../GraPPI_data/PDB/dimer_db/3GA1.pdb,1
3GCU,A,B,../../GraPPI_data/PDB/dimer_db/3GCU.pdb,1
3GRO,A,B,../../GraPPI_data/PDB/dimer_db/3GRO.pdb,1
3GZC,A,B,../../GraPPI_data/PDB/dimer_db/3GZC.pdb,1
3H8V,A,B,../../GraPPI_data/PDB/dimer_db/3H8V.pdb,1
3HAH,A,B,../../GraPPI_data/PDB/dimer_db/3HAH.pdb,1
3HCN,A,B,../../GraPPI_data/PDB/dimer_db/3HCN.pdb,1
3HCS,A,B,../../GraPPI_data/PDB/dimer_db/3HCS.pdb,1
3HEQ,A,B,../../GraPPI_data/PDB/dimer_db/3HEQ.pdb,1
3HK0,A,B,../../GraPPI_data/PDB/dimer_db/3HK0.pdb,1
3HKV,A,B,../../GraPPI_data/PDB/dimer_db/3HKV.pdb,1
3HR0,A,B,../../GraPPI_data/PDB/dimer_db/3HR0.pdb,1
3HUP,A,B,../../GraPPI_data/PDB/dimer_db/3HUP.pdb,1
3HVE,A,B,../../GraPPI_data/PDB/dimer_db/3HVE.pdb,1
3I00,A,B,../../GraPPI_data/PDB/dimer_db/3I00.pdb,1
3I17,B,A,../../GraPPI_data/PDB/dimer_db/3I17.pdb,1
3I3N,A,B,../../GraPPI_data/PDB/dimer_db/3I3N.pdb,1
3I5W,A,B,../../GraPPI_data/PDB/dimer_db/3I5W.pdb,1
3I6U,A,B,../../GraPPI_data/PDB/dimer_db/3I6U.pdb,1
3I84,A,B,../../GraPPI_data/PDB/dimer_db/3I84.pdb,1
3I8V,A,B,../../GraPPI_data/PDB/dimer_db/3I8V.pdb,1
3IF8,A,B,../../GraPPI_data/PDB/dimer_db/3IF8.pdb,1
3IKK,A,B,../../GraPPI_data/PDB/dimer_db/3IKK.pdb,1
3IKL,A,B,../../GraPPI_data/PDB/dimer_db/3IKL.pdb,1
3INK,C,D,../../GraPPI_data/PDB/dimer_db/3INK.pdb,1
3IR3,A,B,../../GraPPI_data/PDB/dimer_db/3IR3.pdb,1
3IWX,A,B,../../GraPPI_data/PDB/dimer_db/3IWX.pdb,1
3JQZ,A,B,../../GraPPI_data/PDB/dimer_db/3JQZ.pdb,1
3K2O,A,B,../../GraPPI_data/PDB/dimer_db/3K2O.pdb,1
3K9J,A,B,../../GraPPI_data/PDB/dimer_db/3K9J.pdb,1
3KDU,A,B,../../GraPPI_data/PDB/dimer_db/3KDU.pdb,1
3KEX,A,B,../../GraPPI_data/PDB/dimer_db/3KEX.pdb,1
3KG5,A,B,../../GraPPI_data/PDB/dimer_db/3KG5.pdb,1
3KH0,A,B,../../GraPPI_data/PDB/dimer_db/3KH0.pdb,1
3KMX,A,B,../../GraPPI_data/PDB/dimer_db/3KMX.pdb,1
3KS9,A,B,../../GraPPI_data/PDB/dimer_db/3KS9.pdb,1
3KUZ,A,B,../../GraPPI_data/PDB/dimer_db/3KUZ.pdb,1
3L46,A,B,../../GraPPI_data/PDB/dimer_db/3L46.pdb,1
3LF5,A,B,../../GraPPI_data/PDB/dimer_db/3LF5.pdb,1
3LFV,A,B,../../GraPPI_data/PDB/dimer_db/3LFV.pdb,1
3LGD,A,B,../../GraPPI_data/PDB/dimer_db/3LGD.pdb,1
3LHR,A,B,../../GraPPI_data/PDB/dimer_db/3LHR.pdb,1
3LJB,A,B,../../GraPPI_data/PDB/dimer_db/3LJB.pdb,1
3LLM,A,B,../../GraPPI_data/PDB/dimer_db/3LLM.pdb,1
3LMK,A,B,../../GraPPI_data/PDB/dimer_db/3LMK.pdb,1
3LN2,A,B,../../GraPPI_data/PDB/dimer_db/3LN2.pdb,1
3LOW,A,B,../../GraPPI_data/PDB/dimer_db/3LOW.pdb,1
3MGM,A,B,../../GraPPI_data/PDB/dimer_db/3MGM.pdb,1
3MTR,A,B,../../GraPPI_data/PDB/dimer_db/3MTR.pdb,1
3MUJ,A,B,../../GraPPI_data/PDB/dimer_db/3MUJ.pdb,1
3MXO,A,B,../../GraPPI_data/PDB/dimer_db/3MXO.pdb,1
3N01,A,B,../../GraPPI_data/PDB/dimer_db/3N01.pdb,1
3N8E,A,B,../../GraPPI_data/PDB/dimer_db/3N8E.pdb,1
3NAU,A,B,../../GraPPI_data/PDB/dimer_db/3NAU.pdb,1
3NDD,A,B,../../GraPPI_data/PDB/dimer_db/3NDD.pdb,1
3NER,A,B,../../GraPPI_data/PDB/dimer_db/3NER.pdb,1
3NOI,A,B,../../GraPPI_data/PDB/dimer_db/3NOI.pdb,1
3NR1,A,B,../../GraPPI_data/PDB/dimer_db/3NR1.pdb,1
3NSO,A,B,../../GraPPI_data/PDB/dimer_db/3NSO.pdb,1
3OCP,A,B,../../GraPPI_data/PDB/dimer_db/3OCP.pdb,1
3OMV,A,B,../../GraPPI_data/PDB/dimer_db/3OMV.pdb,1
3OSK,A,B,../../GraPPI_data/PDB/dimer_db/3OSK.pdb,1
3OVP,A,B,../../GraPPI_data/PDB/dimer_db/3OVP.pdb,1
3P0U,A,B,../../GraPPI_data/PDB/dimer_db/3P0U.pdb,1
3P8D,A,B,../../GraPPI_data/PDB/dimer_db/3P8D.pdb,1
3PDJ,A,B,../../GraPPI_data/PDB/dimer_db/3PDJ.pdb,1
3PMR,A,B,../../GraPPI_data/PDB/dimer_db/3PMR.pdb,1
3PQ1,A,B,../../GraPPI_data/PDB/dimer_db/3PQ1.pdb,1
3PV1,A,B,../../GraPPI_data/PDB/dimer_db/3PV1.pdb,1
3Q01,A,B,../../GraPPI_data/PDB/dimer_db/3Q01.pdb,1
3Q18,A,B,../../GraPPI_data/PDB/dimer_db/3Q18.pdb,1
3Q4Z,A,B,../../GraPPI_data/PDB/dimer_db/3Q4Z.pdb,1
3QM4,A,B,../../GraPPI_data/PDB/dimer_db/3QM4.pdb,1
3RAP,R,S,../../GraPPI_data/PDB/dimer_db/3RAP.pdb,1
3RAU,A,B,../../GraPPI_data/PDB/dimer_db/3RAU.pdb,1
3RBN,A,B,../../GraPPI_data/PDB/dimer_db/3RBN.pdb,1
3RCH,A,B,../../GraPPI_data/PDB/dimer_db/3RCH.pdb,1
3RQ3,A,B,../../GraPPI_data/PDB/dimer_db/3RQ3.pdb,1
3S5J,B,A,../../GraPPI_data/PDB/dimer_db/3S5J.pdb,1
3S84,A,B,../../GraPPI_data/PDB/dimer_db/3S84.pdb,1
3S8I,A,B,../../GraPPI_data/PDB/dimer_db/3S8I.pdb,1
3S9G,A,B,../../GraPPI_data/PDB/dimer_db/3S9G.pdb,1
3SWK,A,B,../../GraPPI_data/PDB/dimer_db/3SWK.pdb,1
3SZA,A,B,../../GraPPI_data/PDB/dimer_db/3SZA.pdb,1
3TOJ,A,B,../../GraPPI_data/PDB/dimer_db/3TOJ.pdb,1
3TV0,A,B,../../GraPPI_data/PDB/dimer_db/3TV0.pdb,1
3TYY,A,B,../../GraPPI_data/PDB/dimer_db/3TYY.pdb,1
3U0Y,A,B,../../GraPPI_data/PDB/dimer_db/3U0Y.pdb,1
3U1U,A,B,../../GraPPI_data/PDB/dimer_db/3U1U.pdb,1
3U21,A,B,../../GraPPI_data/PDB/dimer_db/3U21.pdb,1
3U2W,A,B,../../GraPPI_data/PDB/dimer_db/3U2W.pdb,1
3UCT,A,B,../../GraPPI_data/PDB/dimer_db/3UCT.pdb,1
3UFN,A,B,../../GraPPI_data/PDB/dimer_db/3UFN.pdb,1
3UX3,A,B,../../GraPPI_data/PDB/dimer_db/3UX3.pdb,1
3UYJ,A,B,../../GraPPI_data/PDB/dimer_db/3UYJ.pdb,1
3V4K,A,B,../../GraPPI_data/PDB/dimer_db/3V4K.pdb,1
3V8D,A,B,../../GraPPI_data/PDB/dimer_db/3V8D.pdb,1
3VOQ,A,B,../../GraPPI_data/PDB/dimer_db/3VOQ.pdb,1
3VP6,A,B,../../GraPPI_data/PDB/dimer_db/3VP6.pdb,1
3VPN,A,B,../../GraPPI_data/PDB/dimer_db/3VPN.pdb,1
3VW9,A,B,../../GraPPI_data/PDB/dimer_db/3VW9.pdb,1
3W6P,A,B,../../GraPPI_data/PDB/dimer_db/3W6P.pdb,1
3WAN,A,B,../../GraPPI_data/PDB/dimer_db/3WAN.pdb,1
3WBP,A,B,../../GraPPI_data/PDB/dimer_db/3WBP.pdb,1
3WPS,A,B,../../GraPPI_data/PDB/dimer_db/3WPS.pdb,1
3WTD,A,B,../../GraPPI_data/PDB/dimer_db/3WTD.pdb,1
3WVZ,A,B,../../GraPPI_data/PDB/dimer_db/3WVZ.pdb,1
3X01,A,B,../../GraPPI_data/PDB/dimer_db/3X01.pdb,1
3ZD2,A,B,../../GraPPI_data/PDB/dimer_db/3ZD2.pdb,1
3ZGD,A,B,../../GraPPI_data/PDB/dimer_db/3ZGD.pdb,1
3ZHK,A,B,../../GraPPI_data/PDB/dimer_db/3ZHK.pdb,1
3ZJE,A,B,../../GraPPI_data/PDB/dimer_db/3ZJE.pdb,1
3ZNN,A,B,../../GraPPI_data/PDB/dimer_db/3ZNN.pdb,1
3ZW5,A,B,../../GraPPI_data/PDB/dimer_db/3ZW5.pdb,1
3ZWF,A,B,../../GraPPI_data/PDB/dimer_db/3ZWF.pdb,1
3ZZW,A,B,../../GraPPI_data/PDB/dimer_db/3ZZW.pdb,1
4A27,A,B,../../GraPPI_data/PDB/dimer_db/4A27.pdb,1
4A7U,A,F,../../GraPPI_data/PDB/dimer_db/4A7U.pdb,1
4AE4,A,B,../../GraPPI_data/PDB/dimer_db/4AE4.pdb,1
4AFX,A,B,../../GraPPI_data/PDB/dimer_db/4AFX.pdb,1
4AJF,A,D,../../GraPPI_data/PDB/dimer_db/4AJF.pdb,1
4AKV,A,B,../../GraPPI_data/PDB/dimer_db/4AKV.pdb,1
4AMH,A,B,../../GraPPI_data/PDB/dimer_db/4AMH.pdb,1
4AP5,A,B,../../GraPPI_data/PDB/dimer_db/4AP5.pdb,1
4AWQ,A,B,../../GraPPI_data/PDB/dimer_db/4AWQ.pdb,1
4AYA,A,B,../../GraPPI_data/PDB/dimer_db/4AYA.pdb,1
4AYZ,A,B,../../GraPPI_data/PDB/dimer_db/4AYZ.pdb,1
4AZ9,A,B,../../GraPPI_data/PDB/dimer_db/4AZ9.pdb,1
4AZM,A,B,../../GraPPI_data/PDB/dimer_db/4AZM.pdb,1
4B53,A,B,../../GraPPI_data/PDB/dimer_db/4B53.pdb,1
4B5P,A,B,../../GraPPI_data/PDB/dimer_db/4B5P.pdb,1
4B8W,A,B,../../GraPPI_data/PDB/dimer_db/4B8W.pdb,1
4B9D,A,B,../../GraPPI_data/PDB/dimer_db/4B9D.pdb,1
4BB2,A,B,../../GraPPI_data/PDB/dimer_db/4BB2.pdb,1
4BK0,A,B,../../GraPPI_data/PDB/dimer_db/4BK0.pdb,1
4BT8,A,B,../../GraPPI_data/PDB/dimer_db/4BT8.pdb,1
4BWN,A,B,../../GraPPI_data/PDB/dimer_db/4BWN.pdb,1
4CA1,A,B,../../GraPPI_data/PDB/dimer_db/4CA1.pdb,1
4CHL,A,B,../../GraPPI_data/PDB/dimer_db/4CHL.pdb,1
4D1P,A,B,../../GraPPI_data/PDB/dimer_db/4D1P.pdb,1
4D3Q,A,B,../../GraPPI_data/PDB/dimer_db/4D3Q.pdb,1
4DIQ,A,B,../../GraPPI_data/PDB/dimer_db/4DIQ.pdb,1
4DIR,A,B,../../GraPPI_data/PDB/dimer_db/4DIR.pdb,1
4DJN,A,B,../../GraPPI_data/PDB/dimer_db/4DJN.pdb,1
4DNK,A,B,../../GraPPI_data/PDB/dimer_db/4DNK.pdb,1
4DUQ,A,B,../../GraPPI_data/PDB/dimer_db/4DUQ.pdb,1
4DZO,A,B,../../GraPPI_data/PDB/dimer_db/4DZO.pdb,1
4EPU,A,B,../../GraPPI_data/PDB/dimer_db/4EPU.pdb,1
4EQ1,A,B,../../GraPPI_data/PDB/dimer_db/4EQ1.pdb,1
4EUU,A,B,../../GraPPI_data/PDB/dimer_db/4EUU.pdb,1
4EZF,A,B,../../GraPPI_data/PDB/dimer_db/4EZF.pdb,1
4F7O,A,B,../../GraPPI_data/PDB/dimer_db/4F7O.pdb,1
4FCJ,A,B,../../GraPPI_data/PDB/dimer_db/4FCJ.pdb,1
4FDI,A,B,../../GraPPI_data/PDB/dimer_db/4FDI.pdb,1
4FGJ,A,B,../../GraPPI_data/PDB/dimer_db/4FGJ.pdb,1
4FL6,A,B,../../GraPPI_data/PDB/dimer_db/4FL6.pdb,1
4FZ5,A,B,../../GraPPI_data/PDB/dimer_db/4FZ5.pdb,1
4FZS,A,B,../../GraPPI_data/PDB/dimer_db/4FZS.pdb,1
4G1T,A,B,../../GraPPI_data/PDB/dimer_db/4G1T.pdb,1
4G84,A,B,../../GraPPI_data/PDB/dimer_db/4G84.pdb,1
4GAH,A,B,../../GraPPI_data/PDB/dimer_db/4GAH.pdb,1
4GDX,A,B,../../GraPPI_data/PDB/dimer_db/4GDX.pdb,1
4GIW,A,B,../../GraPPI_data/PDB/dimer_db/4GIW.pdb,1
4GJQ,A,B,../../GraPPI_data/PDB/dimer_db/4GJQ.pdb,1
4GLL,A,B,../../GraPPI_data/PDB/dimer_db/4GLL.pdb,1
4GOF,A,B,../../GraPPI_data/PDB/dimer_db/4GOF.pdb,1
4GPZ,A,B,../../GraPPI_data/PDB/dimer_db/4GPZ.pdb,1
4H30,A,B,../../GraPPI_data/PDB/dimer_db/4H30.pdb,1
4H87,A,B,../../GraPPI_data/PDB/dimer_db/4H87.pdb,1
4HFG,A,B,../../GraPPI_data/PDB/dimer_db/4HFG.pdb,1
4HHV,A,B,../../GraPPI_data/PDB/dimer_db/4HHV.pdb,1
4HMA,A,B,../../GraPPI_data/PDB/dimer_db/4HMA.pdb,1
4HR9,A,B,../../GraPPI_data/PDB/dimer_db/4HR9.pdb,1
4HVC,A,B,../../GraPPI_data/PDB/dimer_db/4HVC.pdb,1
4HWT,A,B,../../GraPPI_data/PDB/dimer_db/4HWT.pdb,1
4HZA,A,B,../../GraPPI_data/PDB/dimer_db/4HZA.pdb,1
4I1Q,A,B,../../GraPPI_data/PDB/dimer_db/4I1Q.pdb,1
4IAN,A,B,../../GraPPI_data/PDB/dimer_db/4IAN.pdb,1
4IDT,A,B,../../GraPPI_data/PDB/dimer_db/4IDT.pdb,1
4IFB,A,B,../../GraPPI_data/PDB/dimer_db/4IFB.pdb,1
4IGG,A,B,../../GraPPI_data/PDB/dimer_db/4IGG.pdb,1
4IKB,A,B,../../GraPPI_data/PDB/dimer_db/4IKB.pdb,1
4INC,A,B,../../GraPPI_data/PDB/dimer_db/4INC.pdb,1
4J15,A,B,../../GraPPI_data/PDB/dimer_db/4J15.pdb,1
4J3Y,A,C,../../GraPPI_data/PDB/dimer_db/4J3Y.pdb,1
4JA8,A,B,../../GraPPI_data/PDB/dimer_db/4JA8.pdb,1
4JJH,A,B,../../GraPPI_data/PDB/dimer_db/4JJH.pdb,1
4JP4,A,B,../../GraPPI_data/PDB/dimer_db/4JP4.pdb,1
4JU5,A,B,../../GraPPI_data/PDB/dimer_db/4JU5.pdb,1
4JUP,A,B,../../GraPPI_data/PDB/dimer_db/4JUP.pdb,1
4JZP,A,B,../../GraPPI_data/PDB/dimer_db/4JZP.pdb,1
4KCX,A,B,../../GraPPI_data/PDB/dimer_db/4KCX.pdb,1
4KGH,B,A,../../GraPPI_data/PDB/dimer_db/4KGH.pdb,1
4KIK,A,B,../../GraPPI_data/PDB/dimer_db/4KIK.pdb,1
4KMH,A,B,../../GraPPI_data/PDB/dimer_db/4KMH.pdb,1
4KY9,A,P,../../GraPPI_data/PDB/dimer_db/4KY9.pdb,1
4L0R,A,B,../../GraPPI_data/PDB/dimer_db/4L0R.pdb,1
4L1J,A,B,../../GraPPI_data/PDB/dimer_db/4L1J.pdb,1
4L57,A,B,../../GraPPI_data/PDB/dimer_db/4L57.pdb,1
4L6Y,A,B,../../GraPPI_data/PDB/dimer_db/4L6Y.pdb,1
4L9U,A,B,../../GraPPI_data/PDB/dimer_db/4L9U.pdb,1
4LDR,A,B,../../GraPPI_data/PDB/dimer_db/4LDR.pdb,1
4LIR,A,B,../../GraPPI_data/PDB/dimer_db/4LIR.pdb,1
4LTB,A,B,../../GraPPI_data/PDB/dimer_db/4LTB.pdb,1
4LVF,A,B,../../GraPPI_data/PDB/dimer_db/4LVF.pdb,1
4MF1,A,B,../../GraPPI_data/PDB/dimer_db/4MF1.pdb,1
4MF3,A,B,../../GraPPI_data/PDB/dimer_db/4MF3.pdb,1
4MFV,A,B,../../GraPPI_data/PDB/dimer_db/4MFV.pdb,1
4MIK,A,B,../../GraPPI_data/PDB/dimer_db/4MIK.pdb,1
4MPG,A,B,../../GraPPI_data/PDB/dimer_db/4MPG.pdb,1
4MPM,A,B,../../GraPPI_data/PDB/dimer_db/4MPM.pdb,1
4MSP,A,B,../../GraPPI_data/PDB/dimer_db/4MSP.pdb,1
4MXE,A,B,../../GraPPI_data/PDB/dimer_db/4MXE.pdb,1
4MXU,A,B,../../GraPPI_data/PDB/dimer_db/4MXU.pdb,1
4N6J,A,B,../../GraPPI_data/PDB/dimer_db/4N6J.pdb,1
4N7J,A,B,../../GraPPI_data/PDB/dimer_db/4N7J.pdb,1
4N9J,A,B,../../GraPPI_data/PDB/dimer_db/4N9J.pdb,1
4NLH,A,B,../../GraPPI_data/PDB/dimer_db/4NLH.pdb,1
4NSW,A,B,../../GraPPI_data/PDB/dimer_db/4NSW.pdb,1
4O0C,A,B,../../GraPPI_data/PDB/dimer_db/4O0C.pdb,1
4O1L,A,B,../../GraPPI_data/PDB/dimer_db/4O1L.pdb,1
4O38,A,B,../../GraPPI_data/PDB/dimer_db/4O38.pdb,1
4OIV,A,B,../../GraPPI_data/PDB/dimer_db/4OIV.pdb,1
4OM7,A,B,../../GraPPI_data/PDB/dimer_db/4OM7.pdb,1
4ON3,A,B,../../GraPPI_data/PDB/dimer_db/4ON3.pdb,1
4OO7,A,B,../../GraPPI_data/PDB/dimer_db/4OO7.pdb,1
4OZ0,A,B,../../GraPPI_data/PDB/dimer_db/4OZ0.pdb,1
4P22,A,B,../../GraPPI_data/PDB/dimer_db/4P22.pdb,1
4P3F,A,B,../../GraPPI_data/PDB/dimer_db/4P3F.pdb,1
4P42,A,B,../../GraPPI_data/PDB/dimer_db/4P42.pdb,1
4P5E,A,B,../../GraPPI_data/PDB/dimer_db/4P5E.pdb,1
4P5W,A,B,../../GraPPI_data/PDB/dimer_db/4P5W.pdb,1
4P60,A,B,../../GraPPI_data/PDB/dimer_db/4P60.pdb,1
4PFC,A,B,../../GraPPI_data/PDB/dimer_db/4PFC.pdb,1
4PHJ,A,B,../../GraPPI_data/PDB/dimer_db/4PHJ.pdb,1
4PPE,A,B,../../GraPPI_data/PDB/dimer_db/4PPE.pdb,1
4Q6R,A,B,../../GraPPI_data/PDB/dimer_db/4Q6R.pdb,1
4Q9V,A,B,../../GraPPI_data/PDB/dimer_db/4Q9V.pdb,1
4Q9Z,A,B,../../GraPPI_data/PDB/dimer_db/4Q9Z.pdb,1
4QDS,A,B,../../GraPPI_data/PDB/dimer_db/4QDS.pdb,1
4QGK,A,B,../../GraPPI_data/PDB/dimer_db/4QGK.pdb,1
4QKH,A,B,../../GraPPI_data/PDB/dimer_db/4QKH.pdb,1
4QN9,A,B,../../GraPPI_data/PDB/dimer_db/4QN9.pdb,1
4R14,A,B,../../GraPPI_data/PDB/dimer_db/4R14.pdb,1
4RAK,A,B,../../GraPPI_data/PDB/dimer_db/4RAK.pdb,1
4RG1,A,B,../../GraPPI_data/PDB/dimer_db/4RG1.pdb,1
4RGH,A,B,../../GraPPI_data/PDB/dimer_db/4RGH.pdb,1
4RTT,A,B,../../GraPPI_data/PDB/dimer_db/4RTT.pdb,1
4RUE,A,B,../../GraPPI_data/PDB/dimer_db/4RUE.pdb,1
4RUH,A,B,../../GraPPI_data/PDB/dimer_db/4RUH.pdb,1
4RZF,B,A,../../GraPPI_data/PDB/dimer_db/4RZF.pdb,1
4S0O,A,B,../../GraPPI_data/PDB/dimer_db/4S0O.pdb,1
4TPT,A,B,../../GraPPI_data/PDB/dimer_db/4TPT.pdb,1
4TTB,A,B,../../GraPPI_data/PDB/dimer_db/4TTB.pdb,1
4TWK,A,B,../../GraPPI_data/PDB/dimer_db/4TWK.pdb,1
4TX5,A,B,../../GraPPI_data/PDB/dimer_db/4TX5.pdb,1
4U04,A,B,../../GraPPI_data/PDB/dimer_db/4U04.pdb,1
4U3Y,A,B,../../GraPPI_data/PDB/dimer_db/4U3Y.pdb,1
4U5T,A,B,../../GraPPI_data/PDB/dimer_db/4U5T.pdb,1
4UAI,A,B,../../GraPPI_data/PDB/dimer_db/4UAI.pdb,1
4UC4,A,B,../../GraPPI_data/PDB/dimer_db/4UC4.pdb,1
4UMX,A,B,../../GraPPI_data/PDB/dimer_db/4UMX.pdb,1
4UNL,A,B,../../GraPPI_data/PDB/dimer_db/4UNL.pdb,1
4UNU,A,B,../../GraPPI_data/PDB/dimer_db/4UNU.pdb,1
4UUU,A,B,../../GraPPI_data/PDB/dimer_db/4UUU.pdb,1
4UXU,A,B,../../GraPPI_data/PDB/dimer_db/4UXU.pdb,1
4W7Y,A,B,../../GraPPI_data/PDB/dimer_db/4W7Y.pdb,1
4WBH,A,B,../../GraPPI_data/PDB/dimer_db/4WBH.pdb,1
4WBP,A,B,../../GraPPI_data/PDB/dimer_db/4WBP.pdb,1
4WLH,A,B,../../GraPPI_data/PDB/dimer_db/4WLH.pdb,1
4WWQ,A,B,../../GraPPI_data/PDB/dimer_db/4WWQ.pdb,1
4WZI,A,B,../../GraPPI_data/PDB/dimer_db/4WZI.pdb,1
4X08,A,B,../../GraPPI_data/PDB/dimer_db/4X08.pdb,1
4X0R,B,A,../../GraPPI_data/PDB/dimer_db/4X0R.pdb,1
4X1J,A,B,../../GraPPI_data/PDB/dimer_db/4X1J.pdb,1
4X4W,A,B,../../GraPPI_data/PDB/dimer_db/4X4W.pdb,1
4X6X,A,B,../../GraPPI_data/PDB/dimer_db/4X6X.pdb,1
4XAQ,A,B,../../GraPPI_data/PDB/dimer_db/4XAQ.pdb,1
4XB0,A,B,../../GraPPI_data/PDB/dimer_db/4XB0.pdb,1
4XO6,A,B,../../GraPPI_data/PDB/dimer_db/4XO6.pdb,1
4XXO,A,B,../../GraPPI_data/PDB/dimer_db/4XXO.pdb,1
4Y30,A,B,../../GraPPI_data/PDB/dimer_db/4Y30.pdb,1
4Y5U,A,B,../../GraPPI_data/PDB/dimer_db/4Y5U.pdb,1
4Y7I,A,B,../../GraPPI_data/PDB/dimer_db/4Y7I.pdb,1
4Y86,A,B,../../GraPPI_data/PDB/dimer_db/4Y86.pdb,1
4Y8A,A,B,../../GraPPI_data/PDB/dimer_db/4Y8A.pdb,1
4YHJ,A,B,../../GraPPI_data/PDB/dimer_db/4YHJ.pdb,1
4YQU,A,B,../../GraPPI_data/PDB/dimer_db/4YQU.pdb,1
4YTO,A,B,../../GraPPI_data/PDB/dimer_db/4YTO.pdb,1
4YUB,A,B,../../GraPPI_data/PDB/dimer_db/4YUB.pdb,1
4YWQ,A,B,../../GraPPI_data/PDB/dimer_db/4YWQ.pdb,1
4Z54,A,B,../../GraPPI_data/PDB/dimer_db/4Z54.pdb,1
4ZBW,A,B,../../GraPPI_data/PDB/dimer_db/4ZBW.pdb,1
4ZMQ,A,B,../../GraPPI_data/PDB/dimer_db/4ZMQ.pdb,1
4ZT1,A,B,../../GraPPI_data/PDB/dimer_db/4ZT1.pdb,1
4ZYA,A,B,../../GraPPI_data/PDB/dimer_db/4ZYA.pdb,1
4ZZZ,A,B,../../GraPPI_data/PDB/dimer_db/4ZZZ.pdb,1
5A6O,A,B,../../GraPPI_data/PDB/dimer_db/5A6O.pdb,1
5AQ0,A,B,../../GraPPI_data/PDB/dimer_db/5AQ0.pdb,1
5AZW,A,B,../../GraPPI_data/PDB/dimer_db/5AZW.pdb,1
5B0H,A,B,../../GraPPI_data/PDB/dimer_db/5B0H.pdb,1
5BQD,A,B,../../GraPPI_data/PDB/dimer_db/5BQD.pdb,1
5C40,A,B,../../GraPPI_data/PDB/dimer_db/5C40.pdb,1
5C9N,A,B,../../GraPPI_data/PDB/dimer_db/5C9N.pdb,1
5CR5,A,B,../../GraPPI_data/PDB/dimer_db/5CR5.pdb,1
5CRH,A,B,../../GraPPI_data/PDB/dimer_db/5CRH.pdb,1
5CV0,A,B,../../GraPPI_data/PDB/dimer_db/5CV0.pdb,1
5CYJ,A,B,../../GraPPI_data/PDB/dimer_db/5CYJ.pdb,1
5D3A,A,B,../../GraPPI_data/PDB/dimer_db/5D3A.pdb,1
5D41,A,B,../../GraPPI_data/PDB/dimer_db/5D41.pdb,1
5D7O,A,B,../../GraPPI_data/PDB/dimer_db/5D7O.pdb,1
5DH3,A,B,../../GraPPI_data/PDB/dimer_db/5DH3.pdb,1
5EKD,A,B,../../GraPPI_data/PDB/dimer_db/5EKD.pdb,1
5F4Y,A,B,../../GraPPI_data/PDB/dimer_db/5F4Y.pdb,1
5F9S,A,B,../../GraPPI_data/PDB/dimer_db/5F9S.pdb,1
5FBK,A,B,../../GraPPI_data/PDB/dimer_db/5FBK.pdb,1
5FCN,B,A,../../GraPPI_data/PDB/dimer_db/5FCN.pdb,1
5FUQ,A,B,../../GraPPI_data/PDB/dimer_db/5FUQ.pdb,1
5GOM,A,B,../../GraPPI_data/PDB/dimer_db/5GOM.pdb,1
5GV2,C,A,../../GraPPI_data/PDB/dimer_db/5GV2.pdb,1
5H78,A,B,../../GraPPI_data/PDB/dimer_db/5H78.pdb,1
5H9M,A,B,../../GraPPI_data/PDB/dimer_db/5H9M.pdb,1
5HN1,A,B,../../GraPPI_data/PDB/dimer_db/5HN1.pdb,1
5HPG,A,B,../../GraPPI_data/PDB/dimer_db/5HPG.pdb,1
5HPH,A,B,../../GraPPI_data/PDB/dimer_db/5HPH.pdb,1
5HTK,A,B,../../GraPPI_data/PDB/dimer_db/5HTK.pdb,1
5HWL,A,B,../../GraPPI_data/PDB/dimer_db/5HWL.pdb,1
5I4Z,A,B,../../GraPPI_data/PDB/dimer_db/5I4Z.pdb,1
5IFN,A,B,../../GraPPI_data/PDB/dimer_db/5IFN.pdb,1
5IM0,A,B,../../GraPPI_data/PDB/dimer_db/5IM0.pdb,1
5IN3,B,A,../../GraPPI_data/PDB/dimer_db/5IN3.pdb,1
5IQP,A,B,../../GraPPI_data/PDB/dimer_db/5IQP.pdb,1
5J0A,A,B,../../GraPPI_data/PDB/dimer_db/5J0A.pdb,1
5J41,A,B,../../GraPPI_data/PDB/dimer_db/5J41.pdb,1
5J97,A,B,../../GraPPI_data/PDB/dimer_db/5J97.pdb,1
5JB9,E,S,../../GraPPI_data/PDB/dimer_db/5JB9.pdb,1
5JHO,A,B,../../GraPPI_data/PDB/dimer_db/5JHO.pdb,1
5JQ1,A,B,../../GraPPI_data/PDB/dimer_db/5JQ1.pdb,1
5K26,A,B,../../GraPPI_data/PDB/dimer_db/5K26.pdb,1
5KHQ,A,B,../../GraPPI_data/PDB/dimer_db/5KHQ.pdb,1
5L9Z,A,B,../../GraPPI_data/PDB/dimer_db/5L9Z.pdb,1
5LTL,A,B,../../GraPPI_data/PDB/dimer_db/5LTL.pdb,1
5LTU,A,B,../../GraPPI_data/PDB/dimer_db/5LTU.pdb,1
5LXF,A,B,../../GraPPI_data/PDB/dimer_db/5LXF.pdb,1
5LZK,A,B,../../GraPPI_data/PDB/dimer_db/5LZK.pdb,1
5M33,A,B,../../GraPPI_data/PDB/dimer_db/5M33.pdb,1
5M7U,A,B,../../GraPPI_data/PDB/dimer_db/5M7U.pdb,1
5MR9,A,B,../../GraPPI_data/PDB/dimer_db/5MR9.pdb,1
5MWX,A,B,../../GraPPI_data/PDB/dimer_db/5MWX.pdb,1
5N2F,A,B,../../GraPPI_data/PDB/dimer_db/5N2F.pdb,1
5NFO,A,B,../../GraPPI_data/PDB/dimer_db/5NFO.pdb,1
5NG0,A,B,../../GraPPI_data/PDB/dimer_db/5NG0.pdb,1
5NRR,A,B,../../GraPPI_data/PDB/dimer_db/5NRR.pdb,1
5NTU,A,B,../../GraPPI_data/PDB/dimer_db/5NTU.pdb,1
5NZO,B,A,../../GraPPI_data/PDB/dimer_db/5NZO.pdb,1
5O1O,A,B,../../GraPPI_data/PDB/dimer_db/5O1O.pdb,1
5O9H,A,B,../../GraPPI_data/PDB/dimer_db/5O9H.pdb,1
5O9M,A,B,../../GraPPI_data/PDB/dimer_db/5O9M.pdb,1
5OC9,A,B,../../GraPPI_data/PDB/dimer_db/5OC9.pdb,1
5OF9,A,B,../../GraPPI_data/PDB/dimer_db/5OF9.pdb,1
5OI7,A,B,../../GraPPI_data/PDB/dimer_db/5OI7.pdb,1
5OJK,A,B,../../GraPPI_data/PDB/dimer_db/5OJK.pdb,1
5OLM,A,B,../../GraPPI_data/PDB/dimer_db/5OLM.pdb,1
5PAG,A,B,../../GraPPI_data/PDB/dimer_db/5PAG.pdb,1
5QR1,B,A,../../GraPPI_data/PDB/dimer_db/5QR1.pdb,1
5QU3,A,B,../../GraPPI_data/PDB/dimer_db/5QU3.pdb,1
5RW1,A,B,../../GraPPI_data/PDB/dimer_db/5RW1.pdb,1
5T40,A,B,../../GraPPI_data/PDB/dimer_db/5T40.pdb,1
5TF5,A,B,../../GraPPI_data/PDB/dimer_db/5TF5.pdb,1
5TFP,A,B,../../GraPPI_data/PDB/dimer_db/5TFP.pdb,1
5TPT,A,B,../../GraPPI_data/PDB/dimer_db/5TPT.pdb,1
5U0I,A,B,../../GraPPI_data/PDB/dimer_db/5U0I.pdb,1
5UFL,A,B,../../GraPPI_data/PDB/dimer_db/5UFL.pdb,1
5UHM,A,B,../../GraPPI_data/PDB/dimer_db/5UHM.pdb,1
5UZP,A,B,../../GraPPI_data/PDB/dimer_db/5UZP.pdb,1
5V54,A,B,../../GraPPI_data/PDB/dimer_db/5V54.pdb,1
5VR6,A,B,../../GraPPI_data/PDB/dimer_db/5VR6.pdb,1
5VSC,A,B,../../GraPPI_data/PDB/dimer_db/5VSC.pdb,1
5VT2,A,B,../../GraPPI_data/PDB/dimer_db/5VT2.pdb,1
5VX1,A,B,../../GraPPI_data/PDB/dimer_db/5VX1.pdb,1
5W1Y,A,B,../../GraPPI_data/PDB/dimer_db/5W1Y.pdb,1
5W87,A,B,../../GraPPI_data/PDB/dimer_db/5W87.pdb,1
5WBM,A,B,../../GraPPI_data/PDB/dimer_db/5WBM.pdb,1
5WDI,A,B,../../GraPPI_data/PDB/dimer_db/5WDI.pdb,1
5WQT,A,B,../../GraPPI_data/PDB/dimer_db/5WQT.pdb,1
5X1O,A,B,../../GraPPI_data/PDB/dimer_db/5X1O.pdb,1
5X49,A,B,../../GraPPI_data/PDB/dimer_db/5X49.pdb,1
5X67,A,B,../../GraPPI_data/PDB/dimer_db/5X67.pdb,1
5X8S,A,B,../../GraPPI_data/PDB/dimer_db/5X8S.pdb,1
5XGS,A,B,../../GraPPI_data/PDB/dimer_db/5XGS.pdb,1
5Y15,A,B,../../GraPPI_data/PDB/dimer_db/5Y15.pdb,1
5Y2T,A,B,../../GraPPI_data/PDB/dimer_db/5Y2T.pdb,1
5YBC,C,A,../../GraPPI_data/PDB/dimer_db/5YBC.pdb,1
5YF0,A,B,../../GraPPI_data/PDB/dimer_db/5YF0.pdb,1
5YZ1,A,B,../../GraPPI_data/PDB/dimer_db/5YZ1.pdb,1
5ZF6,A,B,../../GraPPI_data/PDB/dimer_db/5ZF6.pdb,1
5ZG2,A,B,../../GraPPI_data/PDB/dimer_db/5ZG2.pdb,1
5ZJ6,A,B,../../GraPPI_data/PDB/dimer_db/5ZJ6.pdb,1
6A71,A,B,../../GraPPI_data/PDB/dimer_db/6A71.pdb,1
6AGH,A,B,../../GraPPI_data/PDB/dimer_db/6AGH.pdb,1
6AGI,A,B,../../GraPPI_data/PDB/dimer_db/6AGI.pdb,1
6AR4,A,B,../../GraPPI_data/PDB/dimer_db/6AR4.pdb,1
6AWL,A,B,../../GraPPI_data/PDB/dimer_db/6AWL.pdb,1
6B6U,A,B,../../GraPPI_data/PDB/dimer_db/6B6U.pdb,1
6B9F,A,B,../../GraPPI_data/PDB/dimer_db/6B9F.pdb,1
6BMN,A,B,../../GraPPI_data/PDB/dimer_db/6BMN.pdb,1
6BQ0,A,B,../../GraPPI_data/PDB/dimer_db/6BQ0.pdb,1
6BSC,A,B,../../GraPPI_data/PDB/dimer_db/6BSC.pdb,1
6BSZ,A,B,../../GraPPI_data/PDB/dimer_db/6BSZ.pdb,1
6C4S,A,B,../../GraPPI_data/PDB/dimer_db/6C4S.pdb,1
6C56,A,B,../../GraPPI_data/PDB/dimer_db/6C56.pdb,1
6C6N,A,B,../../GraPPI_data/PDB/dimer_db/6C6N.pdb,1
6CHD,A,B,../../GraPPI_data/PDB/dimer_db/6CHD.pdb,1
6CID,A,B,../../GraPPI_data/PDB/dimer_db/6CID.pdb,1
6CKN,A,B,../../GraPPI_data/PDB/dimer_db/6CKN.pdb,1
6CS9,A,B,../../GraPPI_data/PDB/dimer_db/6CS9.pdb,1
6CYC,A,B,../../GraPPI_data/PDB/dimer_db/6CYC.pdb,1
6D0L,A,B,../../GraPPI_data/PDB/dimer_db/6D0L.pdb,1
6D71,A,B,../../GraPPI_data/PDB/dimer_db/6D71.pdb,1
6DBP,A,B,../../GraPPI_data/PDB/dimer_db/6DBP.pdb,1
6DJ3,A,B,../../GraPPI_data/PDB/dimer_db/6DJ3.pdb,1
6DVR,A,B,../../GraPPI_data/PDB/dimer_db/6DVR.pdb,1
6DVU,A,B,../../GraPPI_data/PDB/dimer_db/6DVU.pdb,1
6E28,C,D,../../GraPPI_data/PDB/dimer_db/6E28.pdb,1
6E8N,A,B,../../GraPPI_data/PDB/dimer_db/6E8N.pdb,1
6E8Y,A,B,../../GraPPI_data/PDB/dimer_db/6E8Y.pdb,1
6EGE,D,A,../../GraPPI_data/PDB/dimer_db/6EGE.pdb,1
6EK3,A,B,../../GraPPI_data/PDB/dimer_db/6EK3.pdb,1
6F4U,A,D,../../GraPPI_data/PDB/dimer_db/6F4U.pdb,1
6F7J,A,B,../../GraPPI_data/PDB/dimer_db/6F7J.pdb,1
6FCH,A,B,../../GraPPI_data/PDB/dimer_db/6FCH.pdb,1
6FCX,A,B,../../GraPPI_data/PDB/dimer_db/6FCX.pdb,1
6FD8,A,B,../../GraPPI_data/PDB/dimer_db/6FD8.pdb,1
6FN8,A,B,../../GraPPI_data/PDB/dimer_db/6FN8.pdb,1
6FOH,A,B,../../GraPPI_data/PDB/dimer_db/6FOH.pdb,1
6FWU,A,B,../../GraPPI_data/PDB/dimer_db/6FWU.pdb,1
6G6S,A,B,../../GraPPI_data/PDB/dimer_db/6G6S.pdb,1
6G6U,A,B,../../GraPPI_data/PDB/dimer_db/6G6U.pdb,1
6G8W,A,B,../../GraPPI_data/PDB/dimer_db/6G8W.pdb,1
6GFB,A,B,../../GraPPI_data/PDB/dimer_db/6GFB.pdb,1
6GIU,A,B,../../GraPPI_data/PDB/dimer_db/6GIU.pdb,1
6HAZ,A,B,../../GraPPI_data/PDB/dimer_db/6HAZ.pdb,1
6HCZ,A,B,../../GraPPI_data/PDB/dimer_db/6HCZ.pdb,1
6HEJ,A,B,../../GraPPI_data/PDB/dimer_db/6HEJ.pdb,1
6HGM,A,B,../../GraPPI_data/PDB/dimer_db/6HGM.pdb,1
6HPQ,A,B,../../GraPPI_data/PDB/dimer_db/6HPQ.pdb,1
6I33,A,B,../../GraPPI_data/PDB/dimer_db/6I33.pdb,1
6I4R,A,B,../../GraPPI_data/PDB/dimer_db/6I4R.pdb,1
6I6V,A,B,../../GraPPI_data/PDB/dimer_db/6I6V.pdb,1
6IIK,A,B,../../GraPPI_data/PDB/dimer_db/6IIK.pdb,1
6J64,A,B,../../GraPPI_data/PDB/dimer_db/6J64.pdb,1
6JIB,A,B,../../GraPPI_data/PDB/dimer_db/6JIB.pdb,1
6JKG,A,B,../../GraPPI_data/PDB/dimer_db/6JKG.pdb,1
6K17,A,B,../../GraPPI_data/PDB/dimer_db/6K17.pdb,1
6K2Y,A,B,../../GraPPI_data/PDB/dimer_db/6K2Y.pdb,1
6KGJ,B,A,../../GraPPI_data/PDB/dimer_db/6KGJ.pdb,1
6L4G,A,B,../../GraPPI_data/PDB/dimer_db/6L4G.pdb,1
6LIO,A,B,../../GraPPI_data/PDB/dimer_db/6LIO.pdb,1
6LPN,A,B,../../GraPPI_data/PDB/dimer_db/6LPN.pdb,1
6LRC,B,A,../../GraPPI_data/PDB/dimer_db/6LRC.pdb,1
6MNE,A,B,../../GraPPI_data/PDB/dimer_db/6MNE.pdb,1
6MTW,A,B,../../GraPPI_data/PDB/dimer_db/6MTW.pdb,1
6MX3,A,B,../../GraPPI_data/PDB/dimer_db/6MX3.pdb,1
6N12,A,B,../../GraPPI_data/PDB/dimer_db/6N12.pdb,1
6O5V,A,B,../../GraPPI_data/PDB/dimer_db/6O5V.pdb,1
6OFP,A,B,../../GraPPI_data/PDB/dimer_db/6OFP.pdb,1
6OIB,A,B,../../GraPPI_data/PDB/dimer_db/6OIB.pdb,1
6OWJ,A,B,../../GraPPI_data/PDB/dimer_db/6OWJ.pdb,1
6P0R,A,B,../../GraPPI_data/PDB/dimer_db/6P0R.pdb,1
6PCE,A,B,../../GraPPI_data/PDB/dimer_db/6PCE.pdb,1
6PT3,A,B,../../GraPPI_data/PDB/dimer_db/6PT3.pdb,1
6Q8F,A,B,../../GraPPI_data/PDB/dimer_db/6Q8F.pdb,1
6QA0,A,B,../../GraPPI_data/PDB/dimer_db/6QA0.pdb,1
6QVL,A,B,../../GraPPI_data/PDB/dimer_db/6QVL.pdb,1
6R6U,A,B,../../GraPPI_data/PDB/dimer_db/6R6U.pdb,1
6RCH,A,B,../../GraPPI_data/PDB/dimer_db/6RCH.pdb,1
6RCI,A,B,../../GraPPI_data/PDB/dimer_db/6RCI.pdb,1
6RJB,A,B,../../GraPPI_data/PDB/dimer_db/6RJB.pdb,1
6RMT,A,B,../../GraPPI_data/PDB/dimer_db/6RMT.pdb,1
6RNQ,A,B,../../GraPPI_data/PDB/dimer_db/6RNQ.pdb,1
6S98,A,B,../../GraPPI_data/PDB/dimer_db/6S98.pdb,1
6S9A,A,B,../../GraPPI_data/PDB/dimer_db/6S9A.pdb,1
6SA9,A,B,../../GraPPI_data/PDB/dimer_db/6SA9.pdb,1
6SBO,A,B,../../GraPPI_data/PDB/dimer_db/6SBO.pdb,1
6SRE,A,B,../../GraPPI_data/PDB/dimer_db/6SRE.pdb,1
6STK,A,B,../../GraPPI_data/PDB/dimer_db/6STK.pdb,1
6SW6,A,B,../../GraPPI_data/PDB/dimer_db/6SW6.pdb,1
6T5J,A,B,../../GraPPI_data/PDB/dimer_db/6T5J.pdb,1
6TL7,A,B,../../GraPPI_data/PDB/dimer_db/6TL7.pdb,1
6TOR,A,B,../../GraPPI_data/PDB/dimer_db/6TOR.pdb,1
6ULM,B,A,../../GraPPI_data/PDB/dimer_db/6ULM.pdb,1
6URE,A,B,../../GraPPI_data/PDB/dimer_db/6URE.pdb,1
6UVC,A,B,../../GraPPI_data/PDB/dimer_db/6UVC.pdb,1
6UX9,A,B,../../GraPPI_data/PDB/dimer_db/6UX9.pdb,1
6V52,A,B,../../GraPPI_data/PDB/dimer_db/6V52.pdb,1
6V7M,A,B,../../GraPPI_data/PDB/dimer_db/6V7M.pdb,1
6VLE,A,B,../../GraPPI_data/PDB/dimer_db/6VLE.pdb,1
6WBP,A,B,../../GraPPI_data/PDB/dimer_db/6WBP.pdb,1
6WH2,A,B,../../GraPPI_data/PDB/dimer_db/6WH2.pdb,1
6WLG,A,B,../../GraPPI_data/PDB/dimer_db/6WLG.pdb,1
6XUE,A,B,../../GraPPI_data/PDB/dimer_db/6XUE.pdb,1
6XZ4,A,B,../../GraPPI_data/PDB/dimer_db/6XZ4.pdb,1
6Y7F,A,B,../../GraPPI_data/PDB/dimer_db/6Y7F.pdb,1
6YIP,A,B,../../GraPPI_data/PDB/dimer_db/6YIP.pdb,1
6YTU,A,B,../../GraPPI_data/PDB/dimer_db/6YTU.pdb,1
6Z2F,A,B,../../GraPPI_data/PDB/dimer_db/6Z2F.pdb,1
6ZIO,A,B,../../GraPPI_data/PDB/dimer_db/6ZIO.pdb,1
6ZMM,A,B,../../GraPPI_data/PDB/dimer_db/6ZMM.pdb,1
7A1F,A,L,../../GraPPI_data/PDB/dimer_db/7A1F.pdb,1
7ASV,B,A,../../GraPPI_data/PDB/dimer_db/7ASV.pdb,1
7CCB,A,B,../../GraPPI_data/PDB/dimer_db/7CCB.pdb,1
7CD9,A,B,../../GraPPI_data/PDB/dimer_db/7CD9.pdb,1
7CKF,A,B,../../GraPPI_data/PDB/dimer_db/7CKF.pdb,1
7JR8,A,B,../../GraPPI_data/PDB/dimer_db/7JR8.pdb,1
7NBI,A,B,../../GraPPI_data/PDB/dimer_db/7NBI.pdb,1
7NDL,A,B,../../GraPPI_data/PDB/dimer_db/7NDL.pdb,1
5XSP,A,B,../../GraPPI_data/PDB/dimer_db/5XSP.pdb,1
