PDB,original_chain_1,original_chain_2,all_chains,num_chains,status,reason,seq_identity,n_contacts,path
1F1J,A,B,"A,B",2,questioning,2-chain FAIL: high_seq_identity=0.996,0.9956709956709957,251,../../GraPPI_data/PDB/new_dimer_db/1F1J.pdb
1FCH,A,B,"A,B",2,questioning,2-chain FAIL: high_seq_identity=0.977,0.976897689768977,141,../../GraPPI_data/PDB/new_dimer_db/1FCH.pdb
1I7A,A,B,"A,B,C,D",4,questioning,multi-chain FAIL: original_high_seq_identity=1.000; no_valid_alternative_pair_found,1.0,48,../../GraPPI_data/PDB/new_dimer_db/1I7A.pdb
1JPL,A,B,"A,B,C,D",4,questioning,multi-chain FAIL: original_high_seq_identity=0.988; no_valid_alternative_pair_found,0.9875776397515528,154,../../GraPPI_data/PDB/new_dimer_db/1JPL.pdb
1WVM,A,B,"A,B",2,questioning,2-chain FAIL: high_seq_identity=0.998,0.9977064220183486,84,../../GraPPI_data/PDB/new_dimer_db/1WVM.pdb
1A5H,A,B,"A,B",2,questioning,2-chain FAIL: high_seq_identity=1.000,1.0,9,../../GraPPI_data/PDB/new_dimer_db/1A5H.pdb
1AWR,A,B,"A,B,C,D,E,F",6,questioning,multi-chain FAIL: original_high_seq_identity=1.000; original_low_contacts=0; no_valid_alternative_pair_found,1.0,0,../../GraPPI_data/PDB/new_dimer_db/1AWR.pdb
1AWT,A,B,"A,B,C,D,E,F",6,questioning,multi-chain FAIL: original_high_seq_identity=1.000; original_low_contacts=0; no_valid_alternative_pair_found,1.0,0,../../GraPPI_data/PDB/new_dimer_db/1AWT.pdb
1AWV,A,B,"A,B,C,D,E,F",6,questioning,multi-chain FAIL: original_high_seq_identity=1.000; original_low_contacts=0; no_valid_alternative_pair_found,1.0,0,../../GraPPI_data/PDB/new_dimer_db/1AWV.pdb
1AYA,A,B,"A,B",2,questioning,2-chain FAIL: high_seq_identity=1.000; low_contacts=0,1.0,0,../../GraPPI_data/PDB/new_dimer_db/1AYA.pdb
1B3L,A,C,"A,C",2,questioning,2-chain FAIL: high_seq_identity=1.000,1.0,6,../../GraPPI_data/PDB/new_dimer_db/1B3L.pdb
1BS6,A,B,"A,B,C",3,questioning,multi-chain FAIL: original_high_seq_identity=1.000; original_low_contacts=0; no_valid_alternative_pair_found,1.0,0,../../GraPPI_data/PDB/new_dimer_db/1BS6.pdb
1BS8,A,B,"A,B,C",3,questioning,multi-chain FAIL: original_high_seq_identity=1.000; original_low_contacts=0; no_valid_alternative_pair_found,1.0,0,../../GraPPI_data/PDB/new_dimer_db/1BS8.pdb
1C5F,A,C,"A,C,E,G,I,K,M,O",8,questioning,multi-chain FAIL: original_high_seq_identity=1.000; original_low_contacts=0; no_valid_alternative_pair_found,1.0,0,../../GraPPI_data/PDB/new_dimer_db/1C5F.pdb
1CF0,A,B,"A,B",2,questioning,2-chain FAIL: high_seq_identity=1.000,1.0,9,../../GraPPI_data/PDB/new_dimer_db/1CF0.pdb
1D0D,A,B,"A,B",2,questioning,2-chain FAIL: low_contacts=2,0.23809523809523808,2,../../GraPPI_data/PDB/new_dimer_db/1D0D.pdb
1D4W,A,B,"A,B",2,questioning,2-chain FAIL: high_seq_identity=0.981; low_contacts=0,0.9807692307692307,0,../../GraPPI_data/PDB/new_dimer_db/1D4W.pdb
1D8T,A,B,"A,B",2,questioning,2-chain FAIL: high_seq_identity=0.985,0.9846547314578005,57,../../GraPPI_data/PDB/new_dimer_db/1D8T.pdb
1ELW,A,B,"A,B",2,questioning,2-chain FAIL: high_seq_identity=0.966,0.9661016949152542,22,../../GraPPI_data/PDB/new_dimer_db/1ELW.pdb
1FKN,A,B,"A,B",2,questioning,2-chain FAIL: high_seq_identity=0.995,0.9948849104859335,42,../../GraPPI_data/PDB/new_dimer_db/1FKN.pdb
1GTJ,1,2,"1,2",2,questioning,2-chain FAIL: high_seq_identity=1.000,1.0,90,../../GraPPI_data/PDB/new_dimer_db/1GTJ.pdb
1GTL,1,2,"1,2",2,questioning,2-chain FAIL: high_seq_identity=1.000,1.0,87,../../GraPPI_data/PDB/new_dimer_db/1GTL.pdb
1GWR,A,B,"A,B",2,questioning,2-chain FAIL: high_seq_identity=0.983,0.9833333333333333,163,../../GraPPI_data/PDB/new_dimer_db/1GWR.pdb
1GXC,A,D,"A,D,G,J",4,questioning,multi-chain FAIL: original_high_seq_identity=1.000; no_valid_alternative_pair_found,1.0,32,../../GraPPI_data/PDB/new_dimer_db/1GXC.pdb
1H0I,A,B,"A,B",2,questioning,2-chain FAIL: high_seq_identity=1.000,1.0,167,../../GraPPI_data/PDB/new_dimer_db/1H0I.pdb
1HLA,A,M,"A,M",2,questioning,2-chain FAIL: low_contacts=2,0.0,2,../../GraPPI_data/PDB/new_dimer_db/1HLA.pdb
1IHJ,A,B,"A,B",2,questioning,2-chain FAIL: high_seq_identity=0.989,0.9894736842105263,17,../../GraPPI_data/PDB/new_dimer_db/1IHJ.pdb
1IS0,A,B,"A,B",2,questioning,2-chain FAIL: high_seq_identity=1.000,1.0,46,../../GraPPI_data/PDB/new_dimer_db/1IS0.pdb
1JG3,A,B,"A,B",2,questioning,2-chain FAIL: high_seq_identity=1.000,1.0,31,../../GraPPI_data/PDB/new_dimer_db/1JG3.pdb
1JP5,A,B,"A,B",2,questioning,2-chain FAIL: high_seq_identity=1.000; low_contacts=0,1.0,0,../../GraPPI_data/PDB/new_dimer_db/1JP5.pdb
1JQ8,A,B,"A,B",2,questioning,2-chain FAIL: high_seq_identity=1.000,1.0,65,../../GraPPI_data/PDB/new_dimer_db/1JQ8.pdb
1JQ9,A,B,"A,B",2,questioning,2-chain FAIL: high_seq_identity=1.000,1.0,65,../../GraPPI_data/PDB/new_dimer_db/1JQ9.pdb
1JWG,A,B,"A,B",2,questioning,2-chain FAIL: high_seq_identity=1.000,1.0,57,../../GraPPI_data/PDB/new_dimer_db/1JWG.pdb
1LMW,B,D,"B,D",2,questioning,2-chain FAIL: high_seq_identity=1.000,1.0,61,../../GraPPI_data/PDB/new_dimer_db/1LMW.pdb
1LVM,A,B,"A,B",2,questioning,2-chain FAIL: high_seq_identity=0.956,0.9563318777292577,237,../../GraPPI_data/PDB/new_dimer_db/1LVM.pdb
1M1D,A,C,"A,C",2,questioning,2-chain FAIL: high_seq_identity=0.994,0.9938650306748467,73,../../GraPPI_data/PDB/new_dimer_db/1M1D.pdb
1M21,A,B,"A,B",2,questioning,2-chain FAIL: high_seq_identity=1.000; low_contacts=1,1.0,1,../../GraPPI_data/PDB/new_dimer_db/1M21.pdb
1M4H,A,B,"A,B",2,questioning,2-chain FAIL: high_seq_identity=0.995,0.9948849104859335,60,../../GraPPI_data/PDB/new_dimer_db/1M4H.pdb
1M7E,A,B,"A,B,C",3,questioning,multi-chain FAIL: original_high_seq_identity=1.000; no_valid_alternative_pair_found,1.0,25,../../GraPPI_data/PDB/new_dimer_db/1M7E.pdb
1NOP,A,B,"A,B",2,questioning,2-chain FAIL: high_seq_identity=0.977,0.9769585253456221,89,../../GraPPI_data/PDB/new_dimer_db/1NOP.pdb
1NZL,A,B,"A,B",2,questioning,2-chain FAIL: high_seq_identity=0.981,0.9805825242718447,17,../../GraPPI_data/PDB/new_dimer_db/1NZL.pdb
1NZV,A,B,"A,B",2,questioning,2-chain FAIL: high_seq_identity=0.981,0.9805825242718447,17,../../GraPPI_data/PDB/new_dimer_db/1NZV.pdb
1O6O,A,B,"A,B,C",3,questioning,multi-chain FAIL: original_high_seq_identity=1.000; no_valid_alternative_pair_found,1.0,36,../../GraPPI_data/PDB/new_dimer_db/1O6O.pdb
1O9S,A,B,"A,B",2,questioning,2-chain FAIL: high_seq_identity=1.000,1.0,35,../../GraPPI_data/PDB/new_dimer_db/1O9S.pdb
1OKX,A,B,"A,B",2,questioning,2-chain FAIL: high_seq_identity=1.000,1.0,61,../../GraPPI_data/PDB/new_dimer_db/1OKX.pdb
1OQN,A,B,"A,B",2,questioning,2-chain FAIL: high_seq_identity=0.993,0.9933774834437086,65,../../GraPPI_data/PDB/new_dimer_db/1OQN.pdb
1P13,A,B,"A,B",2,questioning,2-chain FAIL: high_seq_identity=1.000,1.0,37,../../GraPPI_data/PDB/new_dimer_db/1P13.pdb
1P93,A,B,"A,B,C,D",4,questioning,multi-chain FAIL: original_high_seq_identity=0.992; no_valid_alternative_pair_found,0.9919028340080972,40,../../GraPPI_data/PDB/new_dimer_db/1P93.pdb
1PWV,A,B,"A,B",2,questioning,2-chain FAIL: high_seq_identity=0.980,0.9797843665768194,127,../../GraPPI_data/PDB/new_dimer_db/1PWV.pdb
1Q4K,B,A,"B,A,C",3,questioning,multi-chain FAIL: original_high_seq_identity=0.991; no_valid_alternative_pair_found,0.9910714285714286,42,../../GraPPI_data/PDB/new_dimer_db/1Q4K.pdb
1QNH,A,B,"A,B",2,questioning,2-chain FAIL: high_seq_identity=0.994,0.9941176470588236,56,../../GraPPI_data/PDB/new_dimer_db/1QNH.pdb
1R1P,A,B,"A,B,C,D",4,questioning,multi-chain FAIL: original_high_seq_identity=0.950; no_valid_alternative_pair_found,0.95,121,../../GraPPI_data/PDB/new_dimer_db/1R1P.pdb
1R1Q,A,B,"A,B",2,questioning,2-chain FAIL: high_seq_identity=0.970,0.97,18,../../GraPPI_data/PDB/new_dimer_db/1R1Q.pdb
1R1S,A,C,"A,C,E,G",4,questioning,multi-chain FAIL: original_high_seq_identity=1.000; no_valid_alternative_pair_found,1.0,6,../../GraPPI_data/PDB/new_dimer_db/1R1S.pdb
1R64,A,B,"A,B",2,questioning,2-chain FAIL: high_seq_identity=1.000,1.0,93,../../GraPPI_data/PDB/new_dimer_db/1R64.pdb
1RFF,A,B,"A,B",2,questioning,2-chain FAIL: high_seq_identity=0.984,0.9837209302325581,80,../../GraPPI_data/PDB/new_dimer_db/1RFF.pdb
1RFI,A,B,"A,B",2,questioning,2-chain FAIL: high_seq_identity=0.984,0.9837209302325581,82,../../GraPPI_data/PDB/new_dimer_db/1RFI.pdb
1SIO,A,B,"A,B,C",3,questioning,multi-chain FAIL: original_high_seq_identity=0.997; no_valid_alternative_pair_found,0.9971988795518207,84,../../GraPPI_data/PDB/new_dimer_db/1SIO.pdb
1SMR,A,C,"A,C,E,G",4,questioning,multi-chain FAIL: original_high_seq_identity=1.000; original_low_contacts=0; no_valid_alternative_pair_found,1.0,0,../../GraPPI_data/PDB/new_dimer_db/1SMR.pdb
1SPS,A,B,"A,B,C",3,questioning,multi-chain FAIL: original_high_seq_identity=1.000; original_low_contacts=0; no_valid_alternative_pair_found,1.0,0,../../GraPPI_data/PDB/new_dimer_db/1SPS.pdb
1SZA,A,B,"A,B,C",3,questioning,multi-chain FAIL: original_high_seq_identity=0.972; no_valid_alternative_pair_found,0.9722222222222222,46,../../GraPPI_data/PDB/new_dimer_db/1SZA.pdb
1TWB,A,B,"A,B",2,questioning,2-chain FAIL: high_seq_identity=1.000; low_contacts=1,1.0,1,../../GraPPI_data/PDB/new_dimer_db/1TWB.pdb
1U9E,A,B,"A,B",2,questioning,2-chain FAIL: high_seq_identity=0.978,0.9780701754385965,146,../../GraPPI_data/PDB/new_dimer_db/1U9E.pdb
1U9L,A,B,"A,B",2,questioning,2-chain FAIL: high_seq_identity=0.971,0.9714285714285714,34,../../GraPPI_data/PDB/new_dimer_db/1U9L.pdb
1UEF,A,B,"A,B",2,questioning,2-chain FAIL: high_seq_identity=0.981,0.9809523809523809,59,../../GraPPI_data/PDB/new_dimer_db/1UEF.pdb
1UJJ,A,B,"A,B",2,questioning,2-chain FAIL: high_seq_identity=1.000,1.0,42,../../GraPPI_data/PDB/new_dimer_db/1UJJ.pdb
1UJK,A,B,"A,B",2,questioning,2-chain FAIL: high_seq_identity=0.966,0.9655172413793104,63,../../GraPPI_data/PDB/new_dimer_db/1UJK.pdb
1UM2,A,B,"A,B",2,questioning,2-chain FAIL: high_seq_identity=0.983,0.9833729216152018,217,../../GraPPI_data/PDB/new_dimer_db/1UM2.pdb
1UMW,A,B,"A,B",2,questioning,2-chain FAIL: high_seq_identity=1.000,1.0,26,../../GraPPI_data/PDB/new_dimer_db/1UMW.pdb
1UTC,A,B,"A,B",2,questioning,2-chain FAIL: high_seq_identity=0.997,0.9971671388101983,110,../../GraPPI_data/PDB/new_dimer_db/1UTC.pdb
1V9T,A,B,"A,B",2,questioning,2-chain FAIL: high_seq_identity=1.000,1.0,16,../../GraPPI_data/PDB/new_dimer_db/1V9T.pdb
1VAI,A,B,"A,B",2,questioning,2-chain FAIL: high_seq_identity=1.000,1.0,13,../../GraPPI_data/PDB/new_dimer_db/1VAI.pdb
1VBT,A,B,"A,B",2,questioning,2-chain FAIL: high_seq_identity=1.000,1.0,16,../../GraPPI_data/PDB/new_dimer_db/1VBT.pdb
1W9O,A,B,"A,B",2,questioning,2-chain FAIL: high_seq_identity=0.994,0.9939024390243902,166,../../GraPPI_data/PDB/new_dimer_db/1W9O.pdb
1W9Q,A,B,"A,B",2,questioning,2-chain FAIL: high_seq_identity=1.000,1.0,162,../../GraPPI_data/PDB/new_dimer_db/1W9Q.pdb
1W9U,A,B,"A,B",2,questioning,2-chain FAIL: high_seq_identity=1.000,1.0,53,../../GraPPI_data/PDB/new_dimer_db/1W9U.pdb
1W9V,A,B,"A,B",2,questioning,2-chain FAIL: high_seq_identity=1.000,1.0,53,../../GraPPI_data/PDB/new_dimer_db/1W9V.pdb
1XN2,A,B,"A,B,C,D",4,questioning,multi-chain FAIL: original_high_seq_identity=1.000; original_low_contacts=0; no_valid_alternative_pair_found,1.0,0,../../GraPPI_data/PDB/new_dimer_db/1XN2.pdb
1XQ7,A,B,"A,B,C",3,questioning,multi-chain FAIL: original_high_seq_identity=1.000; no_valid_alternative_pair_found,1.0,78,../../GraPPI_data/PDB/new_dimer_db/1XQ7.pdb
1XQH,A,E,"A,E",2,questioning,2-chain FAIL: high_seq_identity=1.000,1.0,77,../../GraPPI_data/PDB/new_dimer_db/1XQH.pdb
1XXP,A,B,"A,B",2,questioning,2-chain FAIL: high_seq_identity=0.986,0.9860627177700348,41,../../GraPPI_data/PDB/new_dimer_db/1XXP.pdb
1YGR,A,B,"A,B",2,questioning,2-chain FAIL: high_seq_identity=0.983,0.9827288428324698,5,../../GraPPI_data/PDB/new_dimer_db/1YGR.pdb
1YGU,A,B,"A,B",2,questioning,2-chain FAIL: high_seq_identity=0.978,0.9777015437392796,6,../../GraPPI_data/PDB/new_dimer_db/1YGU.pdb
1YM4,A,B,"A,B,C",3,questioning,multi-chain FAIL: original_high_seq_identity=0.995; no_valid_alternative_pair_found,0.9947229551451188,68,../../GraPPI_data/PDB/new_dimer_db/1YM4.pdb
1YNW,A,B,"A,B",2,questioning,2-chain FAIL: low_contacts=1,0.4020618556701031,1,../../GraPPI_data/PDB/new_dimer_db/1YNW.pdb
1YVL,A,B,"A,B",2,questioning,2-chain FAIL: high_seq_identity=0.971,0.9712121212121212,152,../../GraPPI_data/PDB/new_dimer_db/1YVL.pdb
1ZKF,A,B,"A,B",2,questioning,2-chain FAIL: high_seq_identity=0.994,0.9939393939393939,15,../../GraPPI_data/PDB/new_dimer_db/1ZKF.pdb
2AWW,A,B,"A,B",2,questioning,2-chain FAIL: high_seq_identity=0.978; low_contacts=4,0.9782608695652174,4,../../GraPPI_data/PDB/new_dimer_db/2AWW.pdb
2AZM,A,B,"A,B",2,questioning,2-chain FAIL: high_seq_identity=0.990,0.9897435897435898,49,../../GraPPI_data/PDB/new_dimer_db/2AZM.pdb
2BQZ,A,E,"A,E",2,questioning,2-chain FAIL: high_seq_identity=1.000,1.0,46,../../GraPPI_data/PDB/new_dimer_db/2BQZ.pdb
2C1N,A,B,"A,B",2,questioning,2-chain FAIL: high_seq_identity=1.000,1.0,113,../../GraPPI_data/PDB/new_dimer_db/2C1N.pdb
2C2L,A,B,"A,B,C,D",4,questioning,multi-chain FAIL: original_high_seq_identity=1.000; no_valid_alternative_pair_found,1.0,203,../../GraPPI_data/PDB/new_dimer_db/2C2L.pdb
2CHN,A,C,"A,B,C,D",4,questioning,multi-chain FAIL: original_high_seq_identity=-1.000; no_valid_alternative_pair_found,-1.0,44,../../GraPPI_data/PDB/new_dimer_db/2CHN.pdb
2CHO,A,C,"A,B,C,D",4,questioning,multi-chain FAIL: original_high_seq_identity=-1.000; no_valid_alternative_pair_found,-1.0,46,../../GraPPI_data/PDB/new_dimer_db/2CHO.pdb
2CNM,A,B,"A,B,C",3,questioning,multi-chain FAIL: original_high_seq_identity=1.000; no_valid_alternative_pair_found,1.0,59,../../GraPPI_data/PDB/new_dimer_db/2CNM.pdb
2CO0,A,C,"A,C",2,questioning,2-chain FAIL: high_seq_identity=0.997,0.9967105263157895,90,../../GraPPI_data/PDB/new_dimer_db/2CO0.pdb
2D5W,A,B,"A,B",2,questioning,2-chain FAIL: high_seq_identity=1.000,1.0,99,../../GraPPI_data/PDB/new_dimer_db/2D5W.pdb
2EFG,A,B,"A,B",2,questioning,2-chain FAIL: high_seq_identity=-1.000,-1.0,77,../../GraPPI_data/PDB/new_dimer_db/2EFG.pdb
2ESL,A,B,"A,B,C,D,E,F",6,questioning,multi-chain FAIL: original_high_seq_identity=1.000; no_valid_alternative_pair_found,1.0,75,../../GraPPI_data/PDB/new_dimer_db/2ESL.pdb
2FF4,A,B,"A,B",2,questioning,2-chain FAIL: high_seq_identity=0.984,0.9841688654353562,167,../../GraPPI_data/PDB/new_dimer_db/2FF4.pdb
2FGE,A,B,"A,B",2,questioning,2-chain FAIL: high_seq_identity=1.000,1.0,120,../../GraPPI_data/PDB/new_dimer_db/2FGE.pdb
2FSA,A,B,"A,B,C",3,questioning,multi-chain FAIL: original_high_seq_identity=0.994; original_low_contacts=1; no_valid_alternative_pair_found,0.9940476190476191,1,../../GraPPI_data/PDB/new_dimer_db/2FSA.pdb
2G2F,A,B,"A,B",2,questioning,2-chain FAIL: high_seq_identity=0.960; low_contacts=0,0.96,0,../../GraPPI_data/PDB/new_dimer_db/2G2F.pdb
2G2I,A,B,"A,B",2,questioning,2-chain FAIL: high_seq_identity=0.978,0.977859778597786,101,../../GraPPI_data/PDB/new_dimer_db/2G2I.pdb
2G2L,A,B,"A,B",2,questioning,2-chain FAIL: high_seq_identity=1.000,1.0,6,../../GraPPI_data/PDB/new_dimer_db/2G2L.pdb
2G3V,A,B,"A,B,C,D",4,questioning,multi-chain FAIL: original_high_seq_identity=1.000; original_low_contacts=0; no_valid_alternative_pair_found,1.0,0,../../GraPPI_data/PDB/new_dimer_db/2G3V.pdb
2G99,A,B,"A,B",2,questioning,2-chain FAIL: high_seq_identity=1.000,1.0,54,../../GraPPI_data/PDB/new_dimer_db/2G99.pdb
2GFA,A,B,"A,B",2,questioning,2-chain FAIL: high_seq_identity=0.955,0.954954954954955,65,../../GraPPI_data/PDB/new_dimer_db/2GFA.pdb
2GHQ,A,B,"A,B",2,questioning,2-chain FAIL: high_seq_identity=1.000; low_contacts=1,1.0,1,../../GraPPI_data/PDB/new_dimer_db/2GHQ.pdb
2GHT,A,B,"A,B",2,questioning,2-chain FAIL: high_seq_identity=1.000,1.0,66,../../GraPPI_data/PDB/new_dimer_db/2GHT.pdb
2H6K,A,B,"A,B",2,questioning,2-chain FAIL: high_seq_identity=0.997,0.9967320261437909,56,../../GraPPI_data/PDB/new_dimer_db/2H6K.pdb
2H6N,A,B,"A,B",2,questioning,2-chain FAIL: high_seq_identity=0.997,0.9967213114754099,50,../../GraPPI_data/PDB/new_dimer_db/2H6N.pdb
2H6Q,A,B,"A,B",2,questioning,2-chain FAIL: high_seq_identity=1.000,1.0,48,../../GraPPI_data/PDB/new_dimer_db/2H6Q.pdb
2H9M,A,C,"A,C",2,questioning,2-chain FAIL: high_seq_identity=1.000,1.0,17,../../GraPPI_data/PDB/new_dimer_db/2H9M.pdb
2H9N,A,C,"A,C",2,questioning,2-chain FAIL: high_seq_identity=1.000,1.0,20,../../GraPPI_data/PDB/new_dimer_db/2H9N.pdb
2HDX,A,B,"A,B,C,D,E,F",6,questioning,multi-chain FAIL: original_high_seq_identity=0.972; original_low_contacts=0; no_valid_alternative_pair_found,0.9722222222222222,0,../../GraPPI_data/PDB/new_dimer_db/2HDX.pdb
2I0I,A,B,"A,B,C",3,questioning,multi-chain FAIL: original_high_seq_identity=1.000; no_valid_alternative_pair_found,1.0,29,../../GraPPI_data/PDB/new_dimer_db/2I0I.pdb
2I0L,A,B,"A,B",2,questioning,2-chain FAIL: high_seq_identity=1.000,1.0,31,../../GraPPI_data/PDB/new_dimer_db/2I0L.pdb
2IFW,A,B,"A,B",2,questioning,2-chain FAIL: high_seq_identity=1.000,1.0,122,../../GraPPI_data/PDB/new_dimer_db/2IFW.pdb
2JAM,A,B,"A,B",2,questioning,2-chain FAIL: high_seq_identity=0.989,0.9893238434163701,318,../../GraPPI_data/PDB/new_dimer_db/2JAM.pdb
2JLD,A,B,"A,B",2,questioning,2-chain FAIL: high_seq_identity=0.989,0.9885714285714285,150,../../GraPPI_data/PDB/new_dimer_db/2JLD.pdb
2O9K,A,C,"A,C",2,questioning,2-chain FAIL: high_seq_identity=0.997,0.9967105263157895,61,../../GraPPI_data/PDB/new_dimer_db/2O9K.pdb
2OJU,A,B,"A,B",2,questioning,2-chain FAIL: high_seq_identity=0.982; low_contacts=1,0.9819277108433735,1,../../GraPPI_data/PDB/new_dimer_db/2OJU.pdb
2OQ6,A,B,"A,B",2,questioning,2-chain FAIL: high_seq_identity=0.994,0.994269340974212,39,../../GraPPI_data/PDB/new_dimer_db/2OQ6.pdb
2OT7,A,B,"A,B",2,questioning,2-chain FAIL: high_seq_identity=0.997,0.997134670487106,44,../../GraPPI_data/PDB/new_dimer_db/2OT7.pdb
2OX0,A,B,"A,B",2,questioning,2-chain FAIL: high_seq_identity=0.997,0.997134670487106,41,../../GraPPI_data/PDB/new_dimer_db/2OX0.pdb
2OY2,A,F,"A,F",2,questioning,2-chain FAIL: high_seq_identity=1.000; low_contacts=0,1.0,0,../../GraPPI_data/PDB/new_dimer_db/2OY2.pdb
2PMC,A,B,"A,B,C,D",4,questioning,multi-chain FAIL: original_high_seq_identity=1.000; no_valid_alternative_pair_found,1.0,63,../../GraPPI_data/PDB/new_dimer_db/2PMC.pdb
2POY,A,B,"A,B,C",3,questioning,multi-chain FAIL: original_high_seq_identity=0.977; no_valid_alternative_pair_found,0.9767441860465116,44,../../GraPPI_data/PDB/new_dimer_db/2POY.pdb
2PXJ,A,B,"A,B",2,questioning,2-chain FAIL: high_seq_identity=0.971,0.9711815561959655,59,../../GraPPI_data/PDB/new_dimer_db/2PXJ.pdb
2Q5Y,A,C,"A,C",2,questioning,2-chain FAIL: high_seq_identity=0.974,0.9736842105263158,61,../../GraPPI_data/PDB/new_dimer_db/2Q5Y.pdb
2Q8C,A,B,"A,B",2,questioning,2-chain FAIL: high_seq_identity=0.971,0.9710144927536232,47,../../GraPPI_data/PDB/new_dimer_db/2Q8C.pdb
2Q8D,A,B,"A,B",2,questioning,2-chain FAIL: high_seq_identity=0.974,0.9740634005763689,60,../../GraPPI_data/PDB/new_dimer_db/2Q8D.pdb
2Q8E,A,B,"A,B",2,questioning,2-chain FAIL: high_seq_identity=0.980,0.9796511627906976,58,../../GraPPI_data/PDB/new_dimer_db/2Q8E.pdb
2QQS,A,B,"A,B",2,questioning,2-chain FAIL: high_seq_identity=0.973,0.9727272727272728,20,../../GraPPI_data/PDB/new_dimer_db/2QQS.pdb
2QT5,A,B,"A,B",2,questioning,2-chain FAIL: high_seq_identity=0.995,0.9948453608247423,6,../../GraPPI_data/PDB/new_dimer_db/2QT5.pdb
2R9B,A,B,"A,B",2,questioning,2-chain FAIL: high_seq_identity=1.000,1.0,75,../../GraPPI_data/PDB/new_dimer_db/2R9B.pdb
2REM,A,B,"A,B,C",3,questioning,multi-chain FAIL: original_high_seq_identity=0.984; no_valid_alternative_pair_found,0.9842105263157894,72,../../GraPPI_data/PDB/new_dimer_db/2REM.pdb
2RFI,A,B,"A,B",2,questioning,2-chain FAIL: high_seq_identity=0.966,0.9655172413793104,133,../../GraPPI_data/PDB/new_dimer_db/2RFI.pdb
2RJE,A,B,"A,B,C",3,questioning,multi-chain FAIL: original_high_seq_identity=0.987; no_valid_alternative_pair_found,0.987220447284345,26,../../GraPPI_data/PDB/new_dimer_db/2RJE.pdb
2RMC,A,C,"A,C,E,G",4,questioning,multi-chain FAIL: original_high_seq_identity=1.000; no_valid_alternative_pair_found,1.0,59,../../GraPPI_data/PDB/new_dimer_db/2RMC.pdb
2V1R,A,B,"A,B",2,questioning,2-chain FAIL: high_seq_identity=0.985; low_contacts=1,0.9852941176470589,1,../../GraPPI_data/PDB/new_dimer_db/2V1R.pdb
2V3S,A,B,"A,B",2,questioning,2-chain FAIL: high_seq_identity=1.000,1.0,34,../../GraPPI_data/PDB/new_dimer_db/2V3S.pdb
2V5W,A,B,"A,B",2,questioning,2-chain FAIL: high_seq_identity=0.984,0.9836956521739131,126,../../GraPPI_data/PDB/new_dimer_db/2V5W.pdb
2V86,A,B,"A,B",2,questioning,2-chain FAIL: high_seq_identity=1.000,1.0,46,../../GraPPI_data/PDB/new_dimer_db/2V86.pdb
2V88,A,B,"A,B",2,questioning,2-chain FAIL: high_seq_identity=1.000,1.0,35,../../GraPPI_data/PDB/new_dimer_db/2V88.pdb
2W16,A,B,"A,B",2,questioning,2-chain FAIL: high_seq_identity=0.977,0.9766839378238342,69,../../GraPPI_data/PDB/new_dimer_db/2W16.pdb
2W3O,A,B,"A,B",2,questioning,2-chain FAIL: high_seq_identity=0.990; low_contacts=0,0.9900990099009901,0,../../GraPPI_data/PDB/new_dimer_db/2W3O.pdb
2W6T,A,B,"A,B",2,questioning,2-chain FAIL: high_seq_identity=0.977,0.9766839378238342,70,../../GraPPI_data/PDB/new_dimer_db/2W6T.pdb
2W6U,A,B,"A,B",2,questioning,2-chain FAIL: high_seq_identity=0.977,0.9766839378238342,66,../../GraPPI_data/PDB/new_dimer_db/2W6U.pdb
2W76,A,B,"A,B",2,questioning,2-chain FAIL: high_seq_identity=0.977,0.9766839378238342,70,../../GraPPI_data/PDB/new_dimer_db/2W76.pdb
2W77,A,B,"A,B",2,questioning,2-chain FAIL: high_seq_identity=0.977,0.9766839378238342,69,../../GraPPI_data/PDB/new_dimer_db/2W77.pdb
2W78,A,B,"A,B",2,questioning,2-chain FAIL: high_seq_identity=0.977,0.9766839378238342,69,../../GraPPI_data/PDB/new_dimer_db/2W78.pdb
2WA9,A,B,"A,B,C,D,E,F,G",7,questioning,multi-chain FAIL: original_high_seq_identity=0.965; no_valid_alternative_pair_found,0.9651162790697675,46,../../GraPPI_data/PDB/new_dimer_db/2WA9.pdb
2WO6,A,B,"A,B",2,questioning,2-chain FAIL: high_seq_identity=0.986,0.9855072463768116,51,../../GraPPI_data/PDB/new_dimer_db/2WO6.pdb
2WV4,A,B,"A,B",2,questioning,2-chain FAIL: high_seq_identity=0.965,0.9653465346534653,61,../../GraPPI_data/PDB/new_dimer_db/2WV4.pdb
2WV5,A,B,"A,B,C,D",4,questioning,multi-chain FAIL: original_high_seq_identity=1.000; no_valid_alternative_pair_found,1.0,70,../../GraPPI_data/PDB/new_dimer_db/2WV5.pdb
2XS3,A,B,"A,B",2,questioning,2-chain FAIL: high_seq_identity=1.000,1.0,41,../../GraPPI_data/PDB/new_dimer_db/2XS3.pdb
2Y1N,A,C,"A,C",2,questioning,2-chain FAIL: high_seq_identity=0.992,0.9921052631578947,51,../../GraPPI_data/PDB/new_dimer_db/2Y1N.pdb
2YNS,A,B,"A,B",2,questioning,2-chain FAIL: high_seq_identity=1.000; low_contacts=0,1.0,0,../../GraPPI_data/PDB/new_dimer_db/2YNS.pdb
2Z6W,A,B,"A,B",2,questioning,2-chain FAIL: high_seq_identity=1.000,1.0,47,../../GraPPI_data/PDB/new_dimer_db/2Z6W.pdb
2ZHR,A,B,"A,B",2,questioning,2-chain FAIL: high_seq_identity=0.987; low_contacts=0,0.9871794871794872,0,../../GraPPI_data/PDB/new_dimer_db/2ZHR.pdb
2ZPN,A,B,"A,B,C,D",4,questioning,multi-chain FAIL: original_high_seq_identity=0.964; no_valid_alternative_pair_found,0.9642857142857143,47,../../GraPPI_data/PDB/new_dimer_db/2ZPN.pdb
3B95,A,B,"A,B",2,questioning,2-chain FAIL: high_seq_identity=0.953,0.9533898305084746,17,../../GraPPI_data/PDB/new_dimer_db/3B95.pdb
3BO7,A,B,"A,B,C,D",4,questioning,multi-chain FAIL: original_high_seq_identity=0.988; original_low_contacts=1; no_valid_alternative_pair_found,0.9880239520958084,1,../../GraPPI_data/PDB/new_dimer_db/3BO7.pdb
3BRH,A,B,"A,B",2,questioning,2-chain FAIL: high_seq_identity=0.973,0.9733333333333334,102,../../GraPPI_data/PDB/new_dimer_db/3BRH.pdb
3BUW,B,D,"B,D",2,questioning,2-chain FAIL: high_seq_identity=1.000,1.0,87,../../GraPPI_data/PDB/new_dimer_db/3BUW.pdb
3BUX,B,D,"B,D",2,questioning,2-chain FAIL: high_seq_identity=1.000,1.0,87,../../GraPPI_data/PDB/new_dimer_db/3BUX.pdb
3C2G,A,B,"A,B",2,questioning,2-chain FAIL: high_seq_identity=0.995,0.9951456310679612,79,../../GraPPI_data/PDB/new_dimer_db/3C2G.pdb
3CHE,A,B,"A,B",2,questioning,2-chain FAIL: high_seq_identity=0.997,0.9974683544303797,53,../../GraPPI_data/PDB/new_dimer_db/3CHE.pdb
3CHF,A,B,"A,B",2,questioning,2-chain FAIL: high_seq_identity=0.997,0.9974683544303797,53,../../GraPPI_data/PDB/new_dimer_db/3CHF.pdb
3D3X,A,B,"A,B",2,questioning,2-chain FAIL: high_seq_identity=0.981,0.9805352798053528,152,../../GraPPI_data/PDB/new_dimer_db/3D3X.pdb
3D9K,A,B,"A,B",2,questioning,2-chain FAIL: high_seq_identity=0.972,0.9716312056737588,53,../../GraPPI_data/PDB/new_dimer_db/3D9K.pdb
3D9L,A,B,"A,B",2,questioning,2-chain FAIL: high_seq_identity=0.979,0.9787234042553191,59,../../GraPPI_data/PDB/new_dimer_db/3D9L.pdb
3D9M,A,B,"A,B",2,questioning,2-chain FAIL: high_seq_identity=0.986,0.9857142857142858,51,../../GraPPI_data/PDB/new_dimer_db/3D9M.pdb
3D9N,A,B,"A,B",2,questioning,2-chain FAIL: high_seq_identity=0.986,0.9857142857142858,48,../../GraPPI_data/PDB/new_dimer_db/3D9N.pdb
3D9O,A,B,"A,B",2,questioning,2-chain FAIL: high_seq_identity=0.979,0.9785714285714285,49,../../GraPPI_data/PDB/new_dimer_db/3D9O.pdb
3D9P,A,B,"A,B",2,questioning,2-chain FAIL: high_seq_identity=0.979,0.9787234042553191,50,../../GraPPI_data/PDB/new_dimer_db/3D9P.pdb
3DIW,A,B,"A,B",2,questioning,2-chain FAIL: high_seq_identity=0.963,0.963302752293578,46,../../GraPPI_data/PDB/new_dimer_db/3DIW.pdb
3DM1,A,C,"A,C,E,G",4,questioning,multi-chain FAIL: original_high_seq_identity=1.000; no_valid_alternative_pair_found,1.0,20,../../GraPPI_data/PDB/new_dimer_db/3DM1.pdb
3DNJ,A,B,"A,B",2,questioning,2-chain FAIL: high_seq_identity=0.988,0.9876543209876543,60,../../GraPPI_data/PDB/new_dimer_db/3DNJ.pdb
3DPO,A,B,"A,B",2,questioning,2-chain FAIL: high_seq_identity=0.991,0.9906976744186047,56,../../GraPPI_data/PDB/new_dimer_db/3DPO.pdb
3E4A,A,B,"A,B",2,questioning,2-chain FAIL: high_seq_identity=1.000,1.0,94,../../GraPPI_data/PDB/new_dimer_db/3E4A.pdb
3E4Z,A,B,"A,B",2,questioning,2-chain FAIL: high_seq_identity=0.999,0.9989506820566632,107,../../GraPPI_data/PDB/new_dimer_db/3E4Z.pdb
3E6Y,A,B,"A,B",2,questioning,2-chain FAIL: high_seq_identity=0.966,0.9662447257383966,120,../../GraPPI_data/PDB/new_dimer_db/3E6Y.pdb
3EOV,A,B,"A,B",2,questioning,2-chain FAIL: high_seq_identity=1.000; low_contacts=0,1.0,0,../../GraPPI_data/PDB/new_dimer_db/3EOV.pdb
3EWF,A,B,"A,B,C,D",4,questioning,multi-chain FAIL: original_high_seq_identity=1.000; no_valid_alternative_pair_found,1.0,119,../../GraPPI_data/PDB/new_dimer_db/3EWF.pdb
3F7O,A,B,"A,B",2,questioning,2-chain FAIL: high_seq_identity=1.000,1.0,31,../../GraPPI_data/PDB/new_dimer_db/3F7O.pdb
3F9W,A,B,"A,B,C,D",4,questioning,multi-chain FAIL: original_high_seq_identity=1.000; no_valid_alternative_pair_found,1.0,53,../../GraPPI_data/PDB/new_dimer_db/3F9W.pdb
3F9X,A,B,"A,B,C,D",4,questioning,multi-chain FAIL: original_high_seq_identity=1.000; no_valid_alternative_pair_found,1.0,56,../../GraPPI_data/PDB/new_dimer_db/3F9X.pdb
3F9Y,A,B,"A,B",2,questioning,2-chain FAIL: high_seq_identity=0.994,0.99375,71,../../GraPPI_data/PDB/new_dimer_db/3F9Y.pdb
3F9Z,A,B,"A,B,C,D",4,questioning,multi-chain FAIL: original_high_seq_identity=0.969; no_valid_alternative_pair_found,0.968944099378882,57,../../GraPPI_data/PDB/new_dimer_db/3F9Z.pdb
3FMA,A,B,"A,B,C,D,E",5,questioning,multi-chain FAIL: original_high_seq_identity=0.964; no_valid_alternative_pair_found,0.9642857142857143,51,../../GraPPI_data/PDB/new_dimer_db/3FMA.pdb
3FWV,A,B,"A,B",2,questioning,2-chain FAIL: high_seq_identity=1.000,1.0,56,../../GraPPI_data/PDB/new_dimer_db/3FWV.pdb
3G1B,A,B,"A,B",2,questioning,2-chain FAIL: high_seq_identity=0.988,0.9876543209876543,64,../../GraPPI_data/PDB/new_dimer_db/3G1B.pdb
3G2T,A,B,"A,B",2,questioning,2-chain FAIL: high_seq_identity=0.993,0.9928571428571429,71,../../GraPPI_data/PDB/new_dimer_db/3G2T.pdb
3G2U,A,B,"A,B",2,questioning,2-chain FAIL: high_seq_identity=1.000,1.0,72,../../GraPPI_data/PDB/new_dimer_db/3G2U.pdb
3G2V,A,B,"A,B",2,questioning,2-chain FAIL: high_seq_identity=1.000,1.0,74,../../GraPPI_data/PDB/new_dimer_db/3G2V.pdb
3G2W,A,B,"A,B",2,questioning,2-chain FAIL: high_seq_identity=0.993,0.9928057553956835,72,../../GraPPI_data/PDB/new_dimer_db/3G2W.pdb
3G6N,A,B,"A,B",2,questioning,2-chain FAIL: high_seq_identity=1.000,1.0,54,../../GraPPI_data/PDB/new_dimer_db/3G6N.pdb
3GJ9,A,B,"A,B",2,questioning,2-chain FAIL: high_seq_identity=0.981,0.9814814814814815,44,../../GraPPI_data/PDB/new_dimer_db/3GJ9.pdb
3GQ1,A,B,"A,B",2,questioning,2-chain FAIL: high_seq_identity=1.000,1.0,58,../../GraPPI_data/PDB/new_dimer_db/3GQ1.pdb
3H6Z,A,B,"A,B",2,questioning,2-chain FAIL: high_seq_identity=1.000,1.0,112,../../GraPPI_data/PDB/new_dimer_db/3H6Z.pdb
3H91,A,B,"A,B",2,questioning,2-chain FAIL: high_seq_identity=1.000,1.0,35,../../GraPPI_data/PDB/new_dimer_db/3H91.pdb
3HM6,X,C,"X,C",2,questioning,2-chain FAIL: high_seq_identity=-1.000,-1.0,60,../../GraPPI_data/PDB/new_dimer_db/3HM6.pdb
3HQL,A,B,"A,B",2,questioning,2-chain FAIL: high_seq_identity=0.985,0.9850746268656716,16,../../GraPPI_data/PDB/new_dimer_db/3HQL.pdb
3HQM,A,B,"A,B",2,questioning,2-chain FAIL: high_seq_identity=0.963,0.9632352941176471,82,../../GraPPI_data/PDB/new_dimer_db/3HQM.pdb
3I91,A,B,"A,B",2,questioning,2-chain FAIL: high_seq_identity=1.000,1.0,38,../../GraPPI_data/PDB/new_dimer_db/3I91.pdb
3ICI,A,B,"A,B",2,questioning,2-chain FAIL: high_seq_identity=0.995,0.9946524064171123,27,../../GraPPI_data/PDB/new_dimer_db/3ICI.pdb
3IG6,B,D,"B,D",2,questioning,2-chain FAIL: high_seq_identity=0.984,0.983739837398374,109,../../GraPPI_data/PDB/new_dimer_db/3IG6.pdb
3IIQ,A,B,"A,B",2,questioning,2-chain FAIL: high_seq_identity=0.956,0.9555555555555556,53,../../GraPPI_data/PDB/new_dimer_db/3IIQ.pdb
3IVQ,A,B,"A,B",2,questioning,2-chain FAIL: high_seq_identity=0.986,0.9857142857142858,29,../../GraPPI_data/PDB/new_dimer_db/3IVQ.pdb
3JRV,A,B,"A,B",2,questioning,2-chain FAIL: high_seq_identity=0.986,0.9861111111111112,71,../../GraPPI_data/PDB/new_dimer_db/3JRV.pdb
3JV2,A,B,"A,B",2,questioning,2-chain FAIL: high_seq_identity=0.995,0.994750656167979,104,../../GraPPI_data/PDB/new_dimer_db/3JV2.pdb
3JXT,A,B,"A,B",2,questioning,2-chain FAIL: high_seq_identity=0.969,0.9690721649484536,63,../../GraPPI_data/PDB/new_dimer_db/3JXT.pdb
3K05,A,B,"A,B",2,questioning,2-chain FAIL: high_seq_identity=0.965,0.965,30,../../GraPPI_data/PDB/new_dimer_db/3K05.pdb
3K24,A,B,"A,B",2,questioning,2-chain FAIL: high_seq_identity=1.000,1.0,61,../../GraPPI_data/PDB/new_dimer_db/3K24.pdb
3KD7,A,B,"A,B,C,D,E",5,questioning,multi-chain FAIL: original_high_seq_identity=0.980; no_valid_alternative_pair_found,0.9803921568627451,48,../../GraPPI_data/PDB/new_dimer_db/3KD7.pdb
3KMT,A,B,"A,B,C",3,questioning,multi-chain FAIL: original_high_seq_identity=1.000; no_valid_alternative_pair_found,1.0,119,../../GraPPI_data/PDB/new_dimer_db/3KMT.pdb
3LQI,A,B,"A,B,C",3,questioning,multi-chain FAIL: original_high_seq_identity=0.994; no_valid_alternative_pair_found,0.9943502824858758,194,../../GraPPI_data/PDB/new_dimer_db/3LQI.pdb
3LQJ,A,B,"A,B",2,questioning,2-chain FAIL: high_seq_identity=0.989,0.9887005649717514,32,../../GraPPI_data/PDB/new_dimer_db/3LQJ.pdb
3M5M,A,B,"A,B",2,questioning,2-chain FAIL: high_seq_identity=1.000,1.0,27,../../GraPPI_data/PDB/new_dimer_db/3M5M.pdb
3M5N,A,B,"A,B,C,D",4,questioning,multi-chain FAIL: original_high_seq_identity=0.995; no_valid_alternative_pair_found,0.995,11,../../GraPPI_data/PDB/new_dimer_db/3M5N.pdb
3M5O,A,B,"A,B",2,questioning,2-chain FAIL: high_seq_identity=1.000,1.0,32,../../GraPPI_data/PDB/new_dimer_db/3M5O.pdb
3ME9,A,B,"A,B",2,questioning,2-chain FAIL: high_seq_identity=0.966,0.9662921348314607,89,../../GraPPI_data/PDB/new_dimer_db/3ME9.pdb
3MET,A,B,"A,B",2,questioning,2-chain FAIL: high_seq_identity=0.955,0.9550561797752809,89,../../GraPPI_data/PDB/new_dimer_db/3MET.pdb
3MMG,A,B,"A,B",2,questioning,2-chain FAIL: high_seq_identity=0.986,0.9861751152073732,208,../../GraPPI_data/PDB/new_dimer_db/3MMG.pdb
3MMV,A,X,"A,X",2,questioning,2-chain FAIL: high_seq_identity=-1.000,-1.0,68,../../GraPPI_data/PDB/new_dimer_db/3MMV.pdb
3MN6,X,A,"A,F,K,X,Y,Z",6,questioning,multi-chain FAIL: original_high_seq_identity=-1.000; no_valid_alternative_pair_found,-1.0,61,../../GraPPI_data/PDB/new_dimer_db/3MN6.pdb
3MN9,A,X,"A,X",2,questioning,2-chain FAIL: high_seq_identity=-1.000,-1.0,68,../../GraPPI_data/PDB/new_dimer_db/3MN9.pdb
3N5U,A,B,"A,B",2,questioning,2-chain FAIL: high_seq_identity=1.000,1.0,76,../../GraPPI_data/PDB/new_dimer_db/3N5U.pdb
3N7Y,A,B,"A,B,C",3,questioning,multi-chain FAIL: original_high_seq_identity=1.000; no_valid_alternative_pair_found,1.0,22,../../GraPPI_data/PDB/new_dimer_db/3N7Y.pdb
3NIK,A,B,"A,B,D,F",4,questioning,multi-chain FAIL: original_high_seq_identity=1.000; no_valid_alternative_pair_found,1.0,66,../../GraPPI_data/PDB/new_dimer_db/3NIK.pdb
3NIL,A,B,"A,B,D,F",4,questioning,multi-chain FAIL: original_high_seq_identity=0.988; no_valid_alternative_pair_found,0.9878048780487805,57,../../GraPPI_data/PDB/new_dimer_db/3NIL.pdb
3NIM,A,B,"A,B,D,F",4,questioning,multi-chain FAIL: original_high_seq_identity=1.000; no_valid_alternative_pair_found,1.0,61,../../GraPPI_data/PDB/new_dimer_db/3NIM.pdb
3NIN,A,B,"A,B",2,questioning,2-chain FAIL: high_seq_identity=1.000,1.0,51,../../GraPPI_data/PDB/new_dimer_db/3NIN.pdb
3NJF,A,C,"A,C",2,questioning,2-chain FAIL: high_seq_identity=1.000,1.0,118,../../GraPPI_data/PDB/new_dimer_db/3NJF.pdb
3NJN,A,C,"A,C",2,questioning,2-chain FAIL: high_seq_identity=1.000,1.0,179,../../GraPPI_data/PDB/new_dimer_db/3NJN.pdb
3O35,A,B,"A,B",2,questioning,2-chain FAIL: high_seq_identity=0.994,0.9943820224719101,54,../../GraPPI_data/PDB/new_dimer_db/3O35.pdb
3O36,A,B,"A,B",2,questioning,2-chain FAIL: high_seq_identity=0.962,0.9619565217391305,55,../../GraPPI_data/PDB/new_dimer_db/3O36.pdb
3OD5,A,B,"A,B",2,questioning,2-chain FAIL: high_seq_identity=1.000,1.0,330,../../GraPPI_data/PDB/new_dimer_db/3OD5.pdb
3ODI,A,C,"A,C,E,G,I,K,M,O,Q,S",10,questioning,multi-chain FAIL: original_high_seq_identity=0.988; no_valid_alternative_pair_found,0.9878787878787879,31,../../GraPPI_data/PDB/new_dimer_db/3ODI.pdb
3ODL,A,C,"A,C,E,G,I,K,M,O,Q,S",10,questioning,multi-chain FAIL: original_high_seq_identity=1.000; no_valid_alternative_pair_found,1.0,31,../../GraPPI_data/PDB/new_dimer_db/3ODL.pdb
3OFI,A,B,"A,B",2,questioning,2-chain FAIL: high_seq_identity=1.000,1.0,102,../../GraPPI_data/PDB/new_dimer_db/3OFI.pdb
3OKA,A,C,"A,B,C,D",4,questioning,multi-chain FAIL: original_low_contacts=0; no_valid_alternative_pair_found,0.0,0,../../GraPPI_data/PDB/new_dimer_db/3OKA.pdb
3OLR,A,B,"A,B,C,D",4,questioning,multi-chain FAIL: original_high_seq_identity=1.000; no_valid_alternative_pair_found,1.0,111,../../GraPPI_data/PDB/new_dimer_db/3OLR.pdb
3OMC,A,B,"A,B",2,questioning,2-chain FAIL: high_seq_identity=0.995,0.9953917050691244,43,../../GraPPI_data/PDB/new_dimer_db/3OMC.pdb
3OMG,A,B,"A,B",2,questioning,2-chain FAIL: high_seq_identity=0.977,0.9769585253456221,41,../../GraPPI_data/PDB/new_dimer_db/3OMG.pdb
3OMH,A,B,"A,B,C,D",4,questioning,multi-chain FAIL: original_high_seq_identity=0.990; no_valid_alternative_pair_found,0.9897959183673469,74,../../GraPPI_data/PDB/new_dimer_db/3OMH.pdb
3OP0,A,B,"A,B",2,questioning,2-chain FAIL: high_seq_identity=1.000,1.0,100,../../GraPPI_data/PDB/new_dimer_db/3OP0.pdb
3P35,A,B,"A,B,C",3,questioning,multi-chain FAIL: original_high_seq_identity=0.969; no_valid_alternative_pair_found,0.968609865470852,41,../../GraPPI_data/PDB/new_dimer_db/3P35.pdb
3P37,A,B,"A,B,C",3,questioning,multi-chain FAIL: original_high_seq_identity=0.978; no_valid_alternative_pair_found,0.9776785714285714,46,../../GraPPI_data/PDB/new_dimer_db/3P37.pdb
3P9Y,A,B,"A,B,C,D",4,questioning,multi-chain FAIL: original_high_seq_identity=1.000; no_valid_alternative_pair_found,1.0,61,../../GraPPI_data/PDB/new_dimer_db/3P9Y.pdb
3PLF,B,D,"B,D",2,questioning,2-chain FAIL: high_seq_identity=1.000,1.0,111,../../GraPPI_data/PDB/new_dimer_db/3PLF.pdb
3PMP,A,B,"A,B",2,questioning,2-chain FAIL: high_seq_identity=1.000,1.0,5,../../GraPPI_data/PDB/new_dimer_db/3PMP.pdb
3PSL,A,B,"A,B",2,questioning,2-chain FAIL: high_seq_identity=1.000,1.0,48,../../GraPPI_data/PDB/new_dimer_db/3PSL.pdb
3PXE,A,B,"A,B,C,D",4,questioning,multi-chain FAIL: original_high_seq_identity=0.991; no_valid_alternative_pair_found,0.9906103286384976,99,../../GraPPI_data/PDB/new_dimer_db/3PXE.pdb
3Q8D,A,B,"A,B",2,questioning,2-chain FAIL: high_seq_identity=0.996,0.9956896551724138,85,../../GraPPI_data/PDB/new_dimer_db/3Q8D.pdb
3QGJ,A,C,"A,C",2,questioning,2-chain FAIL: high_seq_identity=1.000,1.0,14,../../GraPPI_data/PDB/new_dimer_db/3QGJ.pdb
3QGL,A,B,"A,B,C,D,E",5,questioning,multi-chain FAIL: original_high_seq_identity=1.000; no_valid_alternative_pair_found,1.0,66,../../GraPPI_data/PDB/new_dimer_db/3QGL.pdb
3QJM,A,B,"A,B",2,questioning,2-chain FAIL: high_seq_identity=0.960,0.96,68,../../GraPPI_data/PDB/new_dimer_db/3QJM.pdb
3QJN,A,B,"A,B,C,D,E,F,G,H",8,questioning,multi-chain FAIL: original_high_seq_identity=1.000; no_valid_alternative_pair_found,1.0,53,../../GraPPI_data/PDB/new_dimer_db/3QJN.pdb
3QLC,A,B,"A,B",2,questioning,2-chain FAIL: high_seq_identity=1.000,1.0,78,../../GraPPI_data/PDB/new_dimer_db/3QLC.pdb
3QZS,A,B,"A,B",2,questioning,2-chain FAIL: high_seq_identity=1.000,1.0,50,../../GraPPI_data/PDB/new_dimer_db/3QZS.pdb
3R0H,A,B,"A,B,C,D,E,F,G,H",8,questioning,multi-chain FAIL: original_high_seq_identity=0.990; no_valid_alternative_pair_found,0.98989898989899,75,../../GraPPI_data/PDB/new_dimer_db/3R0H.pdb
3R9X,A,B,"A,B",2,questioning,2-chain FAIL: low_contacts=0,0.2459016393442623,0,../../GraPPI_data/PDB/new_dimer_db/3R9X.pdb
3RBQ,A,B,"A,B,C,D,E,F",6,questioning,multi-chain FAIL: original_high_seq_identity=1.000; no_valid_alternative_pair_found,1.0,43,../../GraPPI_data/PDB/new_dimer_db/3RBQ.pdb
3RC0,A,B,"A,B",2,questioning,2-chain FAIL: high_seq_identity=0.986,0.9857142857142858,65,../../GraPPI_data/PDB/new_dimer_db/3RC0.pdb
3RDV,A,B,"A,B,C,D",4,questioning,multi-chain FAIL: original_high_seq_identity=0.986; no_valid_alternative_pair_found,0.9859154929577465,22,../../GraPPI_data/PDB/new_dimer_db/3RDV.pdb
3RIG,A,B,"A,B",2,questioning,2-chain FAIL: high_seq_identity=0.988,0.9884615384615385,64,../../GraPPI_data/PDB/new_dimer_db/3RIG.pdb
3RIY,A,B,"A,B",2,questioning,2-chain FAIL: high_seq_identity=1.000,1.0,72,../../GraPPI_data/PDB/new_dimer_db/3RIY.pdb
3RQD,A,B,"A,B",2,questioning,2-chain FAIL: high_seq_identity=0.992,0.9915730337078652,78,../../GraPPI_data/PDB/new_dimer_db/3RQD.pdb
3RTX,A,B,"A,B",2,questioning,2-chain FAIL: high_seq_identity=0.955,0.9545454545454546,98,../../GraPPI_data/PDB/new_dimer_db/3RTX.pdb
3RZ2,A,B,"A,B",2,questioning,2-chain FAIL: high_seq_identity=1.000,1.0,44,../../GraPPI_data/PDB/new_dimer_db/3RZ2.pdb
3SEM,A,B,"A,B",2,questioning,2-chain FAIL: high_seq_identity=1.000,1.0,31,../../GraPPI_data/PDB/new_dimer_db/3SEM.pdb
3SHV,A,B,"A,B",2,questioning,2-chain FAIL: high_seq_identity=0.995,0.9947368421052631,79,../../GraPPI_data/PDB/new_dimer_db/3SHV.pdb
3SOU,A,B,"A,B",2,questioning,2-chain FAIL: high_seq_identity=0.986,0.9855072463768116,28,../../GraPPI_data/PDB/new_dimer_db/3SOU.pdb
3SOW,A,B,"A,B",2,questioning,2-chain FAIL: high_seq_identity=0.970,0.9701492537313433,34,../../GraPPI_data/PDB/new_dimer_db/3SOW.pdb
3SQD,A,B,"A,B",2,questioning,2-chain FAIL: high_seq_identity=0.972,0.9715639810426541,62,../../GraPPI_data/PDB/new_dimer_db/3SQD.pdb
3SW9,A,B,"A,B",2,questioning,2-chain FAIL: high_seq_identity=1.000,1.0,127,../../GraPPI_data/PDB/new_dimer_db/3SW9.pdb
3SWC,A,B,"A,B",2,questioning,2-chain FAIL: high_seq_identity=1.000,1.0,129,../../GraPPI_data/PDB/new_dimer_db/3SWC.pdb
3SZM,A,B,"A,B,C,D,E,F,G,H",8,questioning,multi-chain FAIL: original_high_seq_identity=1.000; original_low_contacts=0; no_valid_alternative_pair_found,1.0,0,../../GraPPI_data/PDB/new_dimer_db/3SZM.pdb
3T1N,A,B,"A,B",2,questioning,2-chain FAIL: high_seq_identity=0.995,0.9947643979057592,74,../../GraPPI_data/PDB/new_dimer_db/3T1N.pdb
3T5I,B,A,"B,A,C,D",4,questioning,multi-chain FAIL: original_high_seq_identity=0.953; no_valid_alternative_pair_found,0.9530201342281879,54,../../GraPPI_data/PDB/new_dimer_db/3T5I.pdb
3T6B,A,B,"A,B",2,questioning,2-chain FAIL: high_seq_identity=1.000,1.0,90,../../GraPPI_data/PDB/new_dimer_db/3T6B.pdb
3T6R,A,B,"A,B",2,questioning,2-chain FAIL: high_seq_identity=0.971,0.9714285714285714,47,../../GraPPI_data/PDB/new_dimer_db/3T6R.pdb
3T7K,A,B,"A,B",2,questioning,2-chain FAIL: high_seq_identity=0.996,0.9957264957264957,52,../../GraPPI_data/PDB/new_dimer_db/3T7K.pdb
3TCF,A,B,"A,B,C,D,E,F,G,H",8,questioning,multi-chain FAIL: original_high_seq_identity=1.000; original_low_contacts=0; no_valid_alternative_pair_found,1.0,0,../../GraPPI_data/PDB/new_dimer_db/3TCF.pdb
3TCG,A,B,"A,B,C,D,E,F,G,H",8,questioning,multi-chain FAIL: original_high_seq_identity=1.000; original_low_contacts=0; no_valid_alternative_pair_found,1.0,0,../../GraPPI_data/PDB/new_dimer_db/3TCG.pdb
3TFY,A,B,"A,B,C",3,questioning,multi-chain FAIL: original_high_seq_identity=0.981; no_valid_alternative_pair_found,0.9806451612903225,45,../../GraPPI_data/PDB/new_dimer_db/3TFY.pdb
3THK,A,B,"A,B",2,questioning,2-chain FAIL: high_seq_identity=1.000,1.0,5,../../GraPPI_data/PDB/new_dimer_db/3THK.pdb
3U4S,A,B,"A,B",2,questioning,2-chain FAIL: high_seq_identity=0.989,0.9885386819484241,47,../../GraPPI_data/PDB/new_dimer_db/3U4S.pdb
3U51,A,B,"A,B",2,questioning,2-chain FAIL: high_seq_identity=0.996,0.99609375,46,../../GraPPI_data/PDB/new_dimer_db/3U51.pdb
3U6B,A,B,"A,B",2,questioning,2-chain FAIL: high_seq_identity=0.981,0.9813829787234043,23,../../GraPPI_data/PDB/new_dimer_db/3U6B.pdb
3U6K,A,B,"A,B",2,questioning,2-chain FAIL: high_seq_identity=1.000,1.0,53,../../GraPPI_data/PDB/new_dimer_db/3U6K.pdb
3U7D,A,C,"A,C",2,questioning,2-chain FAIL: high_seq_identity=1.000,1.0,125,../../GraPPI_data/PDB/new_dimer_db/3U7D.pdb
3UO8,B,C,"B,C",2,questioning,2-chain FAIL: high_seq_identity=0.965,0.9648648648648649,186,../../GraPPI_data/PDB/new_dimer_db/3UO8.pdb
3UU7,A,B,"A,B",2,questioning,2-chain FAIL: high_seq_identity=0.967,0.966804979253112,181,../../GraPPI_data/PDB/new_dimer_db/3UU7.pdb
3UUA,A,B,"A,B",2,questioning,2-chain FAIL: high_seq_identity=0.950,0.9504132231404959,173,../../GraPPI_data/PDB/new_dimer_db/3UUA.pdb
3UVN,A,C,"A,C",2,questioning,2-chain FAIL: high_seq_identity=1.000,1.0,89,../../GraPPI_data/PDB/new_dimer_db/3UVN.pdb
3UW5,A,B,"A,B",2,questioning,2-chain FAIL: high_seq_identity=0.978,0.9782608695652174,44,../../GraPPI_data/PDB/new_dimer_db/3UW5.pdb
3VI1,A,B,"A,B",2,questioning,2-chain FAIL: high_seq_identity=0.991,0.9914893617021276,162,../../GraPPI_data/PDB/new_dimer_db/3VI1.pdb
3W8J,A,B,"A,B",2,questioning,2-chain FAIL: high_seq_identity=0.992,0.9918032786885246,88,../../GraPPI_data/PDB/new_dimer_db/3W8J.pdb
3WGX,A,B,"A,B",2,questioning,2-chain FAIL: high_seq_identity=0.973,0.9732142857142857,32,../../GraPPI_data/PDB/new_dimer_db/3WGX.pdb
3WU1,A,B,"A,B",2,questioning,2-chain FAIL: low_contacts=0,0.234375,0,../../GraPPI_data/PDB/new_dimer_db/3WU1.pdb
3WV0,A,B,"A,B",2,questioning,2-chain FAIL: high_seq_identity=1.000,1.0,13,../../GraPPI_data/PDB/new_dimer_db/3WV0.pdb
3ZEV,A,B,"A,B",2,questioning,2-chain FAIL: high_seq_identity=0.968,0.967948717948718,147,../../GraPPI_data/PDB/new_dimer_db/3ZEV.pdb
3ZGC,A,B,"A,B",2,questioning,2-chain FAIL: high_seq_identity=1.000,1.0,72,../../GraPPI_data/PDB/new_dimer_db/3ZGC.pdb
3ZMP,A,B,"A,B",2,questioning,2-chain FAIL: high_seq_identity=0.964,0.9637681159420289,85,../../GraPPI_data/PDB/new_dimer_db/3ZMP.pdb
3ZVY,A,B,"A,B",2,questioning,2-chain FAIL: high_seq_identity=0.985,0.9848484848484849,66,../../GraPPI_data/PDB/new_dimer_db/3ZVY.pdb
3ZYB,A,B,"A,B,C,D,E,F,G,H",8,questioning,multi-chain FAIL: original_high_seq_identity=1.000; original_low_contacts=0; no_valid_alternative_pair_found,1.0,0,../../GraPPI_data/PDB/new_dimer_db/3ZYB.pdb
3ZZY,A,B,"A,B",2,questioning,2-chain FAIL: high_seq_identity=0.981,0.9811320754716981,63,../../GraPPI_data/PDB/new_dimer_db/3ZZY.pdb
3ZZZ,A,B,"A,B",2,questioning,2-chain FAIL: high_seq_identity=1.000,1.0,62,../../GraPPI_data/PDB/new_dimer_db/3ZZZ.pdb
4A0J,A,B,"A,B",2,questioning,2-chain FAIL: high_seq_identity=0.993,0.9927007299270073,57,../../GraPPI_data/PDB/new_dimer_db/4A0J.pdb
4AIF,A,B,"A,B",2,questioning,2-chain FAIL: high_seq_identity=1.000,1.0,53,../../GraPPI_data/PDB/new_dimer_db/4AIF.pdb
4AKT,A,B,"A,B",2,questioning,2-chain FAIL: high_seq_identity=0.976,0.9757575757575757,51,../../GraPPI_data/PDB/new_dimer_db/4AKT.pdb
4AR8,A,B,"A,B",2,questioning,2-chain FAIL: high_seq_identity=0.995,0.9948849104859335,72,../../GraPPI_data/PDB/new_dimer_db/4AR8.pdb
4AZE,A,B,"A,B,C",3,questioning,multi-chain FAIL: original_high_seq_identity=0.991; no_valid_alternative_pair_found,0.9914285714285714,16,../../GraPPI_data/PDB/new_dimer_db/4AZE.pdb
4B8P,A,B,"A,B",2,questioning,2-chain FAIL: high_seq_identity=1.000; low_contacts=0,1.0,0,../../GraPPI_data/PDB/new_dimer_db/4B8P.pdb
4BJT,A,B,"A,B,C",3,questioning,multi-chain FAIL: original_high_seq_identity=1.000; no_valid_alternative_pair_found,1.0,35,../../GraPPI_data/PDB/new_dimer_db/4BJT.pdb
4BLB,A,B,"A,B,C,D",4,questioning,multi-chain FAIL: original_high_seq_identity=0.975; no_valid_alternative_pair_found,0.9754768392370572,88,../../GraPPI_data/PDB/new_dimer_db/4BLB.pdb
4BLD,A,B,"A,B,C,D",4,questioning,multi-chain FAIL: original_high_seq_identity=0.975; no_valid_alternative_pair_found,0.9754768392370572,89,../../GraPPI_data/PDB/new_dimer_db/4BLD.pdb
4BP9,A,B,"A,B,C,D,E,F",6,questioning,multi-chain FAIL: original_high_seq_identity=1.000; no_valid_alternative_pair_found,1.0,133,../../GraPPI_data/PDB/new_dimer_db/4BP9.pdb
4BV0,A,B,"A,B",2,questioning,2-chain FAIL: high_seq_identity=0.957,0.9573770491803278,157,../../GraPPI_data/PDB/new_dimer_db/4BV0.pdb
4BV2,A,B,"A,B",2,questioning,2-chain FAIL: high_seq_identity=0.970,0.9703389830508474,50,../../GraPPI_data/PDB/new_dimer_db/4BV2.pdb
4CDR,A,B,"A,B,C,D",4,questioning,multi-chain FAIL: original_high_seq_identity=1.000; no_valid_alternative_pair_found,1.0,81,../../GraPPI_data/PDB/new_dimer_db/4CDR.pdb
4CGV,A,B,"A,B,C,D",4,questioning,multi-chain FAIL: original_high_seq_identity=0.976; no_valid_alternative_pair_found,0.9763779527559056,38,../../GraPPI_data/PDB/new_dimer_db/4CGV.pdb
4CH9,A,B,"A,B",2,questioning,2-chain FAIL: high_seq_identity=1.000,1.0,63,../../GraPPI_data/PDB/new_dimer_db/4CH9.pdb
4CSE,A,B,"A,B",2,questioning,2-chain FAIL: high_seq_identity=0.956,0.956140350877193,35,../../GraPPI_data/PDB/new_dimer_db/4CSE.pdb
4D0Z,A,B,"A,B,C,D,E,F",6,questioning,multi-chain FAIL: original_high_seq_identity=1.000; no_valid_alternative_pair_found,1.0,31,../../GraPPI_data/PDB/new_dimer_db/4D0Z.pdb
4D69,A,B,"A,B,C,D,E,F,G,H,I,J,K,L",12,questioning,multi-chain FAIL: original_high_seq_identity=0.991; original_low_contacts=0; no_valid_alternative_pair_found,0.9914529914529915,0,../../GraPPI_data/PDB/new_dimer_db/4D69.pdb
4DGC,A,B,"A,B,C,D,E",5,questioning,multi-chain FAIL: original_high_seq_identity=0.963; no_valid_alternative_pair_found,0.9634146341463414,57,../../GraPPI_data/PDB/new_dimer_db/4DGC.pdb
4DM8,A,B,"A,B",2,questioning,2-chain FAIL: high_seq_identity=0.979,0.979253112033195,123,../../GraPPI_data/PDB/new_dimer_db/4DM8.pdb
4DM9,A,B,"A,B",2,questioning,2-chain FAIL: high_seq_identity=1.000,1.0,100,../../GraPPI_data/PDB/new_dimer_db/4DM9.pdb
4E3B,A,B,"A,B",2,questioning,2-chain FAIL: high_seq_identity=1.000,1.0,42,../../GraPPI_data/PDB/new_dimer_db/4E3B.pdb
4E81,A,B,"A,B",2,questioning,2-chain FAIL: high_seq_identity=0.982,0.981651376146789,180,../../GraPPI_data/PDB/new_dimer_db/4E81.pdb
4EHA,A,C,"A,C",2,questioning,2-chain FAIL: high_seq_identity=0.991,0.9914163090128756,286,../../GraPPI_data/PDB/new_dimer_db/4EHA.pdb
4EHK,A,C,"A,C",2,questioning,2-chain FAIL: high_seq_identity=0.991,0.9914529914529915,297,../../GraPPI_data/PDB/new_dimer_db/4EHK.pdb
4EHL,A,C,"A,C",2,questioning,2-chain FAIL: high_seq_identity=0.996,0.9956896551724138,274,../../GraPPI_data/PDB/new_dimer_db/4EHL.pdb
4EJE,A,B,"A,B",2,questioning,2-chain FAIL: high_seq_identity=0.993,0.993006993006993,43,../../GraPPI_data/PDB/new_dimer_db/4EJE.pdb
4EOY,A,B,"A,B,C",3,questioning,multi-chain FAIL: original_high_seq_identity=0.992; no_valid_alternative_pair_found,0.9919354838709677,45,../../GraPPI_data/PDB/new_dimer_db/4EOY.pdb
4EZN,A,B,"A,B",2,questioning,2-chain FAIL: high_seq_identity=0.981,0.9813953488372092,54,../../GraPPI_data/PDB/new_dimer_db/4EZN.pdb
4EZO,A,B,"A,B",2,questioning,2-chain FAIL: high_seq_identity=0.981,0.9813953488372092,52,../../GraPPI_data/PDB/new_dimer_db/4EZO.pdb
4EZW,A,B,"A,B,C,D",4,questioning,multi-chain FAIL: original_high_seq_identity=0.995; original_low_contacts=0; no_valid_alternative_pair_found,0.9953488372093023,0,../../GraPPI_data/PDB/new_dimer_db/4EZW.pdb
4EZX,A,B,"A,B",2,questioning,2-chain FAIL: high_seq_identity=0.995,0.9952830188679245,55,../../GraPPI_data/PDB/new_dimer_db/4EZX.pdb
4F4U,A,B,"A,B",2,questioning,2-chain FAIL: high_seq_identity=0.970,0.9700374531835206,63,../../GraPPI_data/PDB/new_dimer_db/4F4U.pdb
4F56,A,B,"A,B",2,questioning,2-chain FAIL: high_seq_identity=0.982,0.9816176470588235,76,../../GraPPI_data/PDB/new_dimer_db/4F56.pdb
4FIF,A,B,"A,B",2,questioning,2-chain FAIL: high_seq_identity=0.997,0.9965986394557823,110,../../GraPPI_data/PDB/new_dimer_db/4FIF.pdb
4FT4,B,A,"B,A",2,questioning,2-chain FAIL: high_seq_identity=0.993,0.9927849927849928,193,../../GraPPI_data/PDB/new_dimer_db/4FT4.pdb
4G1C,A,B,"A,B",2,questioning,2-chain FAIL: high_seq_identity=1.000,1.0,120,../../GraPPI_data/PDB/new_dimer_db/4G1C.pdb
4GBA,A,B,"A,B",2,questioning,2-chain FAIL: high_seq_identity=0.951,0.9514563106796117,79,../../GraPPI_data/PDB/new_dimer_db/4GBA.pdb
4GFV,A,B,"A,B",2,questioning,2-chain FAIL: high_seq_identity=0.986,0.986159169550173,56,../../GraPPI_data/PDB/new_dimer_db/4GFV.pdb
4GGD,A,B,"A,B",2,questioning,2-chain FAIL: high_seq_identity=1.000,1.0,13,../../GraPPI_data/PDB/new_dimer_db/4GGD.pdb
4GL8,A,B,"A,B",2,questioning,2-chain FAIL: high_seq_identity=1.000,1.0,17,../../GraPPI_data/PDB/new_dimer_db/4GL8.pdb
4GM3,A,B,"A,B,C,D,E,F,G,H",8,questioning,multi-chain FAIL: original_high_seq_identity=1.000; no_valid_alternative_pair_found,1.0,54,../../GraPPI_data/PDB/new_dimer_db/4GM3.pdb
4GM8,A,B,"A,B,C,D",4,questioning,multi-chain FAIL: original_high_seq_identity=0.993; no_valid_alternative_pair_found,0.9933774834437086,58,../../GraPPI_data/PDB/new_dimer_db/4GM8.pdb
4GNG,A,D,"A,D",2,questioning,2-chain FAIL: high_seq_identity=0.979,0.979381443298969,53,../../GraPPI_data/PDB/new_dimer_db/4GNG.pdb
4GYO,A,B,"A,B",2,questioning,2-chain FAIL: high_seq_identity=0.989,0.9888888888888889,17,../../GraPPI_data/PDB/new_dimer_db/4GYO.pdb
4HCZ,A,B,"A,B",2,questioning,2-chain FAIL: high_seq_identity=0.983; low_contacts=1,0.9827586206896551,1,../../GraPPI_data/PDB/new_dimer_db/4HCZ.pdb
4HDA,A,B,"A,B",2,questioning,2-chain FAIL: high_seq_identity=0.989,0.9888888888888889,126,../../GraPPI_data/PDB/new_dimer_db/4HDA.pdb
4HON,A,B,"A,B",2,questioning,2-chain FAIL: high_seq_identity=1.000,1.0,41,../../GraPPI_data/PDB/new_dimer_db/4HON.pdb
4HRH,A,B,"A,B",2,questioning,2-chain FAIL: high_seq_identity=0.981,0.9813084112149533,210,../../GraPPI_data/PDB/new_dimer_db/4HRH.pdb
4HXJ,A,B,"A,B",2,questioning,2-chain FAIL: high_seq_identity=0.983,0.9833333333333333,34,../../GraPPI_data/PDB/new_dimer_db/4HXJ.pdb
4HY9,A,B,"A,B",2,questioning,2-chain FAIL: high_seq_identity=0.991,0.9906976744186047,55,../../GraPPI_data/PDB/new_dimer_db/4HY9.pdb
4HYB,A,B,"A,B",2,questioning,2-chain FAIL: high_seq_identity=0.995,0.9953271028037384,55,../../GraPPI_data/PDB/new_dimer_db/4HYB.pdb
4I1P,A,C,"A,C",2,questioning,2-chain FAIL: high_seq_identity=0.997,0.9973684210526316,19,../../GraPPI_data/PDB/new_dimer_db/4I1P.pdb
4IGK,A,B,"A,B",2,questioning,2-chain FAIL: high_seq_identity=1.000,1.0,32,../../GraPPI_data/PDB/new_dimer_db/4IGK.pdb
4IUR,B,A,"B,A",2,questioning,2-chain FAIL: high_seq_identity=0.985,0.9850746268656716,28,../../GraPPI_data/PDB/new_dimer_db/4IUR.pdb
4IUT,A,B,"A,B",2,questioning,2-chain FAIL: high_seq_identity=0.993,0.9925373134328358,29,../../GraPPI_data/PDB/new_dimer_db/4IUT.pdb
4IUV,B,A,"B,A",2,questioning,2-chain FAIL: high_seq_identity=0.963,0.9626865671641791,23,../../GraPPI_data/PDB/new_dimer_db/4IUV.pdb
4J77,A,B,"A,B",2,questioning,2-chain FAIL: high_seq_identity=0.990,0.9900332225913622,82,../../GraPPI_data/PDB/new_dimer_db/4J77.pdb
4J81,A,B,"A,B",2,questioning,2-chain FAIL: high_seq_identity=1.000; low_contacts=0,1.0,0,../../GraPPI_data/PDB/new_dimer_db/4J81.pdb
4J82,A,B,"A,B",2,questioning,2-chain FAIL: high_seq_identity=0.997,0.9966666666666667,72,../../GraPPI_data/PDB/new_dimer_db/4J82.pdb
4J84,A,B,"A,B",2,questioning,2-chain FAIL: high_seq_identity=0.983,0.9833333333333333,81,../../GraPPI_data/PDB/new_dimer_db/4J84.pdb
4J86,A,B,"A,B",2,questioning,2-chain FAIL: high_seq_identity=0.997; low_contacts=1,0.9966777408637874,1,../../GraPPI_data/PDB/new_dimer_db/4J86.pdb
4JE8,A,B,"A,B",2,questioning,2-chain FAIL: high_seq_identity=0.984,0.984375,157,../../GraPPI_data/PDB/new_dimer_db/4JE8.pdb
4JIJ,A,B,"A,B",2,questioning,2-chain FAIL: high_seq_identity=1.000,1.0,80,../../GraPPI_data/PDB/new_dimer_db/4JIJ.pdb
4JJ8,A,B,"A,B",2,questioning,2-chain FAIL: high_seq_identity=1.000,1.0,246,../../GraPPI_data/PDB/new_dimer_db/4JJ8.pdb
4JJM,A,B,"A,B",2,questioning,2-chain FAIL: high_seq_identity=0.994,0.9941176470588236,38,../../GraPPI_data/PDB/new_dimer_db/4JJM.pdb
4JOF,A,B,"A,B",2,questioning,2-chain FAIL: high_seq_identity=1.000,1.0,49,../../GraPPI_data/PDB/new_dimer_db/4JOF.pdb
4JOG,A,B,"A,B",2,questioning,2-chain FAIL: high_seq_identity=1.000,1.0,48,../../GraPPI_data/PDB/new_dimer_db/4JOG.pdb
4JOH,A,B,"A,B",2,questioning,2-chain FAIL: high_seq_identity=1.000,1.0,48,../../GraPPI_data/PDB/new_dimer_db/4JOH.pdb
4JOK,A,B,"A,B",2,questioning,2-chain FAIL: high_seq_identity=1.000,1.0,49,../../GraPPI_data/PDB/new_dimer_db/4JOK.pdb
4JOP,A,B,"A,B",2,questioning,2-chain FAIL: high_seq_identity=1.000,1.0,46,../../GraPPI_data/PDB/new_dimer_db/4JOP.pdb
4JQG,A,B,"A,B",2,questioning,2-chain FAIL: high_seq_identity=1.000,1.0,82,../../GraPPI_data/PDB/new_dimer_db/4JQG.pdb
4JWD,A,B,"A,B",2,questioning,2-chain FAIL: high_seq_identity=0.986,0.985981308411215,55,../../GraPPI_data/PDB/new_dimer_db/4JWD.pdb
4JWE,A,B,"A,B",2,questioning,2-chain FAIL: high_seq_identity=0.991,0.9906103286384976,54,../../GraPPI_data/PDB/new_dimer_db/4JWE.pdb
4JWI,A,B,"A,B",2,questioning,2-chain FAIL: high_seq_identity=0.986,0.9861111111111112,56,../../GraPPI_data/PDB/new_dimer_db/4JWI.pdb
4K72,A,B,"A,B",2,questioning,2-chain FAIL: high_seq_identity=1.000,1.0,52,../../GraPPI_data/PDB/new_dimer_db/4K72.pdb
4K76,A,B,"A,B,C,D",4,questioning,multi-chain FAIL: original_high_seq_identity=1.000; no_valid_alternative_pair_found,1.0,24,../../GraPPI_data/PDB/new_dimer_db/4K76.pdb
4KTY,A,B,"A,B",2,questioning,2-chain FAIL: high_seq_identity=0.987,0.9871611982881597,110,../../GraPPI_data/PDB/new_dimer_db/4KTY.pdb
4KV1,A,B,"A,B",2,questioning,2-chain FAIL: high_seq_identity=0.984,0.984375,30,../../GraPPI_data/PDB/new_dimer_db/4KV1.pdb
4L0Y,A,B,"A,B",2,questioning,2-chain FAIL: low_contacts=0,0.23255813953488372,0,../../GraPPI_data/PDB/new_dimer_db/4L0Y.pdb
4LFD,A,B,"A,B,C,D",4,questioning,multi-chain FAIL: original_high_seq_identity=1.000; no_valid_alternative_pair_found,1.0,65,../../GraPPI_data/PDB/new_dimer_db/4LFD.pdb
4LG0,A,B,"A,B",2,questioning,2-chain FAIL: low_contacts=1,0.22935779816513763,1,../../GraPPI_data/PDB/new_dimer_db/4LG0.pdb
4LKM,A,C,"A,C",2,questioning,2-chain FAIL: high_seq_identity=0.951,0.9513274336283186,43,../../GraPPI_data/PDB/new_dimer_db/4LKM.pdb
4MZG,B,D,"B,D",2,questioning,2-chain FAIL: high_seq_identity=0.955,0.9545454545454546,32,../../GraPPI_data/PDB/new_dimer_db/4MZG.pdb
4N1A,A,B,"A,B,C,E",4,questioning,multi-chain FAIL: original_high_seq_identity=0.996; no_valid_alternative_pair_found,0.9963963963963964,89,../../GraPPI_data/PDB/new_dimer_db/4N1A.pdb
4NEC,A,B,"A,B,C,D",4,questioning,multi-chain FAIL: original_high_seq_identity=0.975; original_low_contacts=2; no_valid_alternative_pair_found,0.9754098360655737,2,../../GraPPI_data/PDB/new_dimer_db/4NEC.pdb
4NF9,A,B,"A,B",2,questioning,2-chain FAIL: high_seq_identity=0.958,0.9583333333333334,67,../../GraPPI_data/PDB/new_dimer_db/4NF9.pdb
4NGE,A,D,"A,D",2,questioning,2-chain FAIL: high_seq_identity=0.985,0.9848484848484849,141,../../GraPPI_data/PDB/new_dimer_db/4NGE.pdb
4NMO,A,B,"A,B",2,questioning,2-chain FAIL: high_seq_identity=1.000,1.0,47,../../GraPPI_data/PDB/new_dimer_db/4NMO.pdb
4NMP,A,B,"A,B",2,questioning,2-chain FAIL: high_seq_identity=1.000,1.0,50,../../GraPPI_data/PDB/new_dimer_db/4NMP.pdb
4NMQ,A,B,"A,B",2,questioning,2-chain FAIL: high_seq_identity=0.989,0.9885057471264368,50,../../GraPPI_data/PDB/new_dimer_db/4NMQ.pdb
4NMR,A,B,"A,B",2,questioning,2-chain FAIL: high_seq_identity=1.000,1.0,62,../../GraPPI_data/PDB/new_dimer_db/4NMR.pdb
4NMS,A,B,"A,B",2,questioning,2-chain FAIL: high_seq_identity=1.000,1.0,50,../../GraPPI_data/PDB/new_dimer_db/4NMS.pdb
4NMT,A,B,"A,B",2,questioning,2-chain FAIL: high_seq_identity=1.000,1.0,51,../../GraPPI_data/PDB/new_dimer_db/4NMT.pdb
4NMV,A,B,"A,B",2,questioning,2-chain FAIL: high_seq_identity=1.000,1.0,49,../../GraPPI_data/PDB/new_dimer_db/4NMV.pdb
4NND,A,B,"A,B,D,G",4,questioning,multi-chain FAIL: original_high_seq_identity=0.993; no_valid_alternative_pair_found,0.9929577464788732,48,../../GraPPI_data/PDB/new_dimer_db/4NND.pdb
4NNM,A,B,"A,B",2,questioning,2-chain FAIL: high_seq_identity=0.991,0.9910714285714286,49,../../GraPPI_data/PDB/new_dimer_db/4NNM.pdb
4NXQ,A,B,"A,B,C",3,questioning,multi-chain FAIL: original_high_seq_identity=0.968; no_valid_alternative_pair_found,0.9680851063829787,69,../../GraPPI_data/PDB/new_dimer_db/4NXQ.pdb
4NY3,A,B,"A,B",2,questioning,2-chain FAIL: high_seq_identity=0.997,0.9966555183946488,70,../../GraPPI_data/PDB/new_dimer_db/4NY3.pdb
4OD7,A,B,"A,B,C",3,questioning,multi-chain FAIL: original_high_seq_identity=1.000; no_valid_alternative_pair_found,1.0,23,../../GraPPI_data/PDB/new_dimer_db/4OD7.pdb
4OMC,A,B,"A,B,C,D,E,F",6,questioning,multi-chain FAIL: original_high_seq_identity=0.998; no_valid_alternative_pair_found,0.9978540772532188,147,../../GraPPI_data/PDB/new_dimer_db/4OMC.pdb
4OMD,A,B,"A,B,C,D,E,F",6,questioning,multi-chain FAIL: original_high_seq_identity=0.998; no_valid_alternative_pair_found,0.9978540772532188,145,../../GraPPI_data/PDB/new_dimer_db/4OMD.pdb
4P0A,A,C,"A,C",2,questioning,2-chain FAIL: high_seq_identity=0.954,0.9542857142857143,81,../../GraPPI_data/PDB/new_dimer_db/4P0A.pdb
4P0B,A,C,"A,C",2,questioning,2-chain FAIL: high_seq_identity=0.971,0.9707602339181286,101,../../GraPPI_data/PDB/new_dimer_db/4P0B.pdb
4P3E,B,C,"B,C",2,questioning,2-chain FAIL: low_contacts=0,0.2111111111111111,0,../../GraPPI_data/PDB/new_dimer_db/4P3E.pdb
4PES,A,B,"A,B",2,questioning,2-chain FAIL: high_seq_identity=0.996,0.9958289885297185,179,../../GraPPI_data/PDB/new_dimer_db/4PES.pdb
4PS0,A,B,"A,B",2,questioning,2-chain FAIL: high_seq_identity=0.971,0.9713114754098361,329,../../GraPPI_data/PDB/new_dimer_db/4PS0.pdb
4PS1,A,B,"A,B,C,D",4,questioning,multi-chain FAIL: original_high_seq_identity=0.996; no_valid_alternative_pair_found,0.9957983193277311,51,../../GraPPI_data/PDB/new_dimer_db/4PS1.pdb
4PZ6,A,B,"A,B",2,questioning,2-chain FAIL: high_seq_identity=0.997,0.9973190348525469,102,../../GraPPI_data/PDB/new_dimer_db/4PZ6.pdb
4QA5,A,B,"A,B",2,questioning,2-chain FAIL: high_seq_identity=0.986,0.986449864498645,122,../../GraPPI_data/PDB/new_dimer_db/4QA5.pdb
4QA6,A,B,"A,B",2,questioning,2-chain FAIL: high_seq_identity=1.000,1.0,122,../../GraPPI_data/PDB/new_dimer_db/4QA6.pdb
4QBM,A,B,"A,B",2,questioning,2-chain FAIL: high_seq_identity=0.991,0.9905660377358491,12,../../GraPPI_data/PDB/new_dimer_db/4QBM.pdb
4QBR,A,C,"A,C",2,questioning,2-chain FAIL: high_seq_identity=1.000,1.0,102,../../GraPPI_data/PDB/new_dimer_db/4QBR.pdb
4QC1,A,B,"A,B",2,questioning,2-chain FAIL: high_seq_identity=0.981,0.9813084112149533,37,../../GraPPI_data/PDB/new_dimer_db/4QC1.pdb
4QC3,A,B,"A,B",2,questioning,2-chain FAIL: high_seq_identity=1.000,1.0,33,../../GraPPI_data/PDB/new_dimer_db/4QC3.pdb
4QOZ,B,C,"B,C,E",3,questioning,multi-chain FAIL: original_low_contacts=3; no_valid_alternative_pair_found,0.0,3,../../GraPPI_data/PDB/new_dimer_db/4QOZ.pdb
4QYL,A,B,"A,B,C,D",4,questioning,multi-chain FAIL: original_high_seq_identity=1.000; original_low_contacts=0; no_valid_alternative_pair_found,1.0,0,../../GraPPI_data/PDB/new_dimer_db/4QYL.pdb
4R8M,A,B,"A,B",2,questioning,2-chain FAIL: high_seq_identity=0.976,0.9757785467128027,49,../../GraPPI_data/PDB/new_dimer_db/4R8M.pdb
4ROJ,A,B,"A,B,C",3,questioning,multi-chain FAIL: original_high_seq_identity=1.000; no_valid_alternative_pair_found,1.0,14,../../GraPPI_data/PDB/new_dimer_db/4ROJ.pdb
4RWA,A,B,"A,B",2,questioning,2-chain FAIL: high_seq_identity=0.990,0.9897959183673469,62,../../GraPPI_data/PDB/new_dimer_db/4RWA.pdb
4RWD,A,B,"A,B",2,questioning,2-chain FAIL: high_seq_identity=0.998,0.9975062344139651,66,../../GraPPI_data/PDB/new_dimer_db/4RWD.pdb
4RYD,A,B,"A,B,C,D,E,F",6,questioning,multi-chain FAIL: original_high_seq_identity=0.998; no_valid_alternative_pair_found,0.9978540772532188,147,../../GraPPI_data/PDB/new_dimer_db/4RYD.pdb
4S15,A,B,"A,B",2,questioning,2-chain FAIL: high_seq_identity=0.976,0.976,81,../../GraPPI_data/PDB/new_dimer_db/4S15.pdb
4TKY,A,B,"A,B,C,D",4,questioning,multi-chain FAIL: original_high_seq_identity=1.000; no_valid_alternative_pair_found,1.0,71,../../GraPPI_data/PDB/new_dimer_db/4TKY.pdb
4TMP,A,C,"A,C",2,questioning,2-chain FAIL: high_seq_identity=0.993,0.9928057553956835,108,../../GraPPI_data/PDB/new_dimer_db/4TMP.pdb
4TOT,A,B,"A,B,C,D",4,questioning,multi-chain FAIL: original_high_seq_identity=1.000; no_valid_alternative_pair_found,1.0,51,../../GraPPI_data/PDB/new_dimer_db/4TOT.pdb
4TPJ,A,B,"A,B",2,questioning,2-chain FAIL: high_seq_identity=0.989,0.9888888888888889,84,../../GraPPI_data/PDB/new_dimer_db/4TPJ.pdb
4TRW,A,B,"A,B,C",3,questioning,multi-chain FAIL: original_high_seq_identity=1.000; no_valid_alternative_pair_found,1.0,137,../../GraPPI_data/PDB/new_dimer_db/4TRW.pdb
4TRY,A,B,"A,B,C",3,questioning,multi-chain FAIL: original_high_seq_identity=0.997; no_valid_alternative_pair_found,0.9974226804123711,137,../../GraPPI_data/PDB/new_dimer_db/4TRY.pdb
4TRZ,A,B,"A,B,C",3,questioning,multi-chain FAIL: original_high_seq_identity=1.000; no_valid_alternative_pair_found,1.0,139,../../GraPPI_data/PDB/new_dimer_db/4TRZ.pdb
4TZN,A,B,"A,B",2,questioning,2-chain FAIL: high_seq_identity=0.978,0.978448275862069,30,../../GraPPI_data/PDB/new_dimer_db/4TZN.pdb
4U9W,A,B,"A,B,C,D",4,questioning,multi-chain FAIL: original_high_seq_identity=0.985; no_valid_alternative_pair_found,0.985,87,../../GraPPI_data/PDB/new_dimer_db/4U9W.pdb
4UTN,A,B,"A,B",2,questioning,2-chain FAIL: high_seq_identity=0.981,0.981203007518797,84,../../GraPPI_data/PDB/new_dimer_db/4UTN.pdb
4UTR,A,B,"A,B",2,questioning,2-chain FAIL: high_seq_identity=0.981,0.9809160305343512,82,../../GraPPI_data/PDB/new_dimer_db/4UTR.pdb
4UTV,A,B,"A,B",2,questioning,2-chain FAIL: high_seq_identity=0.988,0.9884169884169884,78,../../GraPPI_data/PDB/new_dimer_db/4UTV.pdb
4UTX,A,B,"A,B",2,questioning,2-chain FAIL: high_seq_identity=0.973,0.9734848484848485,76,../../GraPPI_data/PDB/new_dimer_db/4UTX.pdb
4UTZ,A,B,"A,B",2,questioning,2-chain FAIL: high_seq_identity=0.977,0.9772727272727273,79,../../GraPPI_data/PDB/new_dimer_db/4UTZ.pdb
4UU7,A,B,"A,B",2,questioning,2-chain FAIL: high_seq_identity=0.985,0.9849624060150376,83,../../GraPPI_data/PDB/new_dimer_db/4UU7.pdb
4UU8,A,B,"A,B",2,questioning,2-chain FAIL: high_seq_identity=0.985,0.9849624060150376,87,../../GraPPI_data/PDB/new_dimer_db/4UU8.pdb
4UUA,A,B,"A,B",2,questioning,2-chain FAIL: high_seq_identity=0.985,0.9849624060150376,82,../../GraPPI_data/PDB/new_dimer_db/4UUA.pdb
4UUB,A,B,"A,B",2,questioning,2-chain FAIL: high_seq_identity=0.985,0.9848484848484849,83,../../GraPPI_data/PDB/new_dimer_db/4UUB.pdb
4UY4,A,B,"A,B",2,questioning,2-chain FAIL: high_seq_identity=0.976; low_contacts=0,0.9759615384615384,0,../../GraPPI_data/PDB/new_dimer_db/4UY4.pdb
4V2V,A,B,"A,B",2,questioning,2-chain FAIL: high_seq_identity=0.986,0.9858356940509915,50,../../GraPPI_data/PDB/new_dimer_db/4V2V.pdb
4V2W,A,B,"A,B",2,questioning,2-chain FAIL: high_seq_identity=0.986,0.9858356940509915,51,../../GraPPI_data/PDB/new_dimer_db/4V2W.pdb
4WLB,A,B,"A,B",2,questioning,2-chain FAIL: high_seq_identity=1.000,1.0,134,../../GraPPI_data/PDB/new_dimer_db/4WLB.pdb
4WVT,A,B,"A,B",2,questioning,2-chain FAIL: high_seq_identity=1.000,1.0,8,../../GraPPI_data/PDB/new_dimer_db/4WVT.pdb
4WYU,A,B,"A,B",2,questioning,2-chain FAIL: high_seq_identity=1.000,1.0,91,../../GraPPI_data/PDB/new_dimer_db/4WYU.pdb
4X34,A,B,"A,B",2,questioning,2-chain FAIL: high_seq_identity=0.992,0.9916666666666667,58,../../GraPPI_data/PDB/new_dimer_db/4X34.pdb
4X3S,A,B,"A,B",2,questioning,2-chain FAIL: high_seq_identity=0.984,0.9836065573770492,5,../../GraPPI_data/PDB/new_dimer_db/4X3S.pdb
4X6S,A,B,"A,B",2,questioning,2-chain FAIL: high_seq_identity=0.991,0.9906542056074766,62,../../GraPPI_data/PDB/new_dimer_db/4X6S.pdb
4XI9,A,B,"A,B,C,D",4,questioning,multi-chain FAIL: original_high_seq_identity=1.000; no_valid_alternative_pair_found,1.0,79,../../GraPPI_data/PDB/new_dimer_db/4XI9.pdb
4Y18,A,B,"A,B,C,D,E,F,G,H",8,questioning,multi-chain FAIL: original_high_seq_identity=1.000; no_valid_alternative_pair_found,1.0,68,../../GraPPI_data/PDB/new_dimer_db/4Y18.pdb
4Y6L,A,B,"A,B",2,questioning,2-chain FAIL: high_seq_identity=0.971,0.9713261648745519,47,../../GraPPI_data/PDB/new_dimer_db/4Y6L.pdb
4Y6O,A,B,"A,B",2,questioning,2-chain FAIL: high_seq_identity=0.975,0.975,53,../../GraPPI_data/PDB/new_dimer_db/4Y6O.pdb
4YGY,A,B,"A,B",2,questioning,2-chain FAIL: high_seq_identity=1.000,1.0,65,../../GraPPI_data/PDB/new_dimer_db/4YGY.pdb
4YH1,A,B,"A,B",2,questioning,2-chain FAIL: high_seq_identity=1.000,1.0,67,../../GraPPI_data/PDB/new_dimer_db/4YH1.pdb
4YYH,A,B,"A,B",2,questioning,2-chain FAIL: high_seq_identity=0.990,0.9902912621359223,18,../../GraPPI_data/PDB/new_dimer_db/4YYH.pdb
4Z0R,A,B,"A,B,C",3,questioning,multi-chain FAIL: original_high_seq_identity=1.000; no_valid_alternative_pair_found,1.0,8,../../GraPPI_data/PDB/new_dimer_db/4Z0R.pdb
4Z0U,A,B,"A,B",2,questioning,2-chain FAIL: high_seq_identity=1.000,1.0,79,../../GraPPI_data/PDB/new_dimer_db/4Z0U.pdb
4Z33,A,B,"A,B",2,questioning,2-chain FAIL: high_seq_identity=0.994,0.9939759036144579,68,../../GraPPI_data/PDB/new_dimer_db/4Z33.pdb
4Z5W,A,B,"A,B",2,questioning,2-chain FAIL: high_seq_identity=0.966,0.9655172413793104,104,../../GraPPI_data/PDB/new_dimer_db/4Z5W.pdb
4Z7I,A,B,"A,B",2,questioning,2-chain FAIL: high_seq_identity=0.991,0.9906868451688009,110,../../GraPPI_data/PDB/new_dimer_db/4Z7I.pdb
4Z8M,A,B,"A,B",2,questioning,2-chain FAIL: high_seq_identity=0.962,0.9620253164556962,17,../../GraPPI_data/PDB/new_dimer_db/4Z8M.pdb
5A0E,A,B,"A,B",2,questioning,2-chain FAIL: high_seq_identity=0.994,0.9939393939393939,54,../../GraPPI_data/PDB/new_dimer_db/5A0E.pdb
5A0R,A,B,"A,B",2,questioning,2-chain FAIL: high_seq_identity=1.000,1.0,87,../../GraPPI_data/PDB/new_dimer_db/5A0R.pdb
5A0X,A,B,"A,B",2,questioning,2-chain FAIL: high_seq_identity=0.985,0.9845360824742269,28,../../GraPPI_data/PDB/new_dimer_db/5A0X.pdb
5AB0,A,C,"A,C",2,questioning,2-chain FAIL: high_seq_identity=0.968,0.9681668496158068,74,../../GraPPI_data/PDB/new_dimer_db/5AB0.pdb
5AB2,A,B,"A,B",2,questioning,2-chain FAIL: high_seq_identity=0.980,0.979933110367893,76,../../GraPPI_data/PDB/new_dimer_db/5AB2.pdb
5AXI,A,B,"A,B,C",3,questioning,multi-chain FAIL: original_high_seq_identity=0.990; no_valid_alternative_pair_found,0.9901639344262295,54,../../GraPPI_data/PDB/new_dimer_db/5AXI.pdb
5AZF,A,B,"A,B",2,questioning,2-chain FAIL: high_seq_identity=1.000,1.0,71,../../GraPPI_data/PDB/new_dimer_db/5AZF.pdb
5AZG,A,B,"A,B",2,questioning,2-chain FAIL: high_seq_identity=1.000,1.0,25,../../GraPPI_data/PDB/new_dimer_db/5AZG.pdb
5BMM,A,B,"A,B",2,questioning,2-chain FAIL: high_seq_identity=1.000,1.0,55,../../GraPPI_data/PDB/new_dimer_db/5BMM.pdb
5BXO,A,B,"A,B",2,questioning,2-chain FAIL: high_seq_identity=0.982,0.9815950920245399,81,../../GraPPI_data/PDB/new_dimer_db/5BXO.pdb
5C0M,A,B,"A,B",2,questioning,2-chain FAIL: high_seq_identity=0.966,0.9662921348314607,101,../../GraPPI_data/PDB/new_dimer_db/5C0M.pdb
5CEH,A,B,"A,B",2,questioning,2-chain FAIL: high_seq_identity=-1.000,-1.0,20,../../GraPPI_data/PDB/new_dimer_db/5CEH.pdb
5CIU,A,B,"A,B",2,questioning,2-chain FAIL: high_seq_identity=0.953,0.952755905511811,70,../../GraPPI_data/PDB/new_dimer_db/5CIU.pdb
5CQ9,A,B,"A,B,D",3,questioning,multi-chain FAIL: original_high_seq_identity=0.993; no_valid_alternative_pair_found,0.9925925925925926,30,../../GraPPI_data/PDB/new_dimer_db/5CQ9.pdb
5CVD,A,B,"A,B",2,questioning,2-chain FAIL: high_seq_identity=0.978,0.9783549783549783,19,../../GraPPI_data/PDB/new_dimer_db/5CVD.pdb
5CVE,A,B,"A,B",2,questioning,2-chain FAIL: high_seq_identity=0.978,0.9783549783549783,20,../../GraPPI_data/PDB/new_dimer_db/5CVE.pdb
5D13,A,B,"A,B,C,D",4,questioning,multi-chain FAIL: original_high_seq_identity=1.000; no_valid_alternative_pair_found,1.0,40,../../GraPPI_data/PDB/new_dimer_db/5D13.pdb
5D1C,A,B,"A,B",2,questioning,2-chain FAIL: high_seq_identity=1.000,1.0,112,../../GraPPI_data/PDB/new_dimer_db/5D1C.pdb
5D1D,A,B,"A,B",2,questioning,2-chain FAIL: high_seq_identity=0.984,0.9835616438356164,114,../../GraPPI_data/PDB/new_dimer_db/5D1D.pdb
5D6Y,A,B,"A,B,C,D,E,F",6,questioning,multi-chain FAIL: original_high_seq_identity=1.000; no_valid_alternative_pair_found,1.0,68,../../GraPPI_data/PDB/new_dimer_db/5D6Y.pdb
5D9G,A,B,"A,B",2,questioning,2-chain FAIL: high_seq_identity=1.000,1.0,73,../../GraPPI_data/PDB/new_dimer_db/5D9G.pdb
5DAH,A,B,"A,B",2,questioning,2-chain FAIL: high_seq_identity=0.957,0.9565217391304348,111,../../GraPPI_data/PDB/new_dimer_db/5DAH.pdb
5DC6,A,B,"A,B",2,questioning,2-chain FAIL: high_seq_identity=0.997,0.9972527472527473,123,../../GraPPI_data/PDB/new_dimer_db/5DC6.pdb
5DC7,A,B,"A,B",2,questioning,2-chain FAIL: high_seq_identity=0.995,0.9945205479452055,125,../../GraPPI_data/PDB/new_dimer_db/5DC7.pdb
5DC8,A,B,"A,B",2,questioning,2-chain FAIL: high_seq_identity=1.000,1.0,129,../../GraPPI_data/PDB/new_dimer_db/5DC8.pdb
5DIY,A,B,"A,B",2,questioning,2-chain FAIL: high_seq_identity=0.994,0.9935205183585313,106,../../GraPPI_data/PDB/new_dimer_db/5DIY.pdb
5DMS,A,C,"A,C",2,questioning,2-chain FAIL: high_seq_identity=0.982,0.9823008849557522,39,../../GraPPI_data/PDB/new_dimer_db/5DMS.pdb
5DN2,A,B,"A,B,C,D",4,questioning,multi-chain FAIL: original_high_seq_identity=1.000; no_valid_alternative_pair_found,1.0,56,../../GraPPI_data/PDB/new_dimer_db/5DN2.pdb
5DPW,A,C,"A,C,E,G,I,K,M,O",8,questioning,multi-chain FAIL: original_high_seq_identity=1.000; no_valid_alternative_pair_found,1.0,39,../../GraPPI_data/PDB/new_dimer_db/5DPW.pdb
5E1B,A,B,"A,B",2,questioning,2-chain FAIL: high_seq_identity=0.996,0.9955947136563876,61,../../GraPPI_data/PDB/new_dimer_db/5E1B.pdb
5E1D,A,B,"A,B",2,questioning,2-chain FAIL: high_seq_identity=0.991,0.9911894273127754,61,../../GraPPI_data/PDB/new_dimer_db/5E1D.pdb
5E1M,A,B,"A,B",2,questioning,2-chain FAIL: high_seq_identity=0.996,0.9955947136563876,63,../../GraPPI_data/PDB/new_dimer_db/5E1M.pdb
5E1O,A,B,"A,B",2,questioning,2-chain FAIL: high_seq_identity=0.996,0.9955947136563876,64,../../GraPPI_data/PDB/new_dimer_db/5E1O.pdb
5E2A,A,B,"A,B",2,questioning,2-chain FAIL: high_seq_identity=0.991,0.9911894273127754,63,../../GraPPI_data/PDB/new_dimer_db/5E2A.pdb
5E2B,A,B,"A,B",2,questioning,2-chain FAIL: high_seq_identity=0.991,0.9911894273127754,60,../../GraPPI_data/PDB/new_dimer_db/5E2B.pdb
5E50,A,B,"A,B",2,questioning,2-chain FAIL: high_seq_identity=0.991,0.990990990990991,82,../../GraPPI_data/PDB/new_dimer_db/5E50.pdb
5E6O,A,B,"A,B,C,D",4,questioning,multi-chain FAIL: original_high_seq_identity=0.991; no_valid_alternative_pair_found,0.9914529914529915,80,../../GraPPI_data/PDB/new_dimer_db/5E6O.pdb
5E8F,A,C,"A,C",2,questioning,2-chain FAIL: high_seq_identity=0.987,0.9865771812080537,46,../../GraPPI_data/PDB/new_dimer_db/5E8F.pdb
5EEQ,A,B,"A,B",2,questioning,2-chain FAIL: high_seq_identity=0.971,0.9714285714285714,59,../../GraPPI_data/PDB/new_dimer_db/5EEQ.pdb
5EFN,B,A,"B,A",2,questioning,2-chain FAIL: high_seq_identity=1.000,1.0,45,../../GraPPI_data/PDB/new_dimer_db/5EFN.pdb
5ELQ,A,B,"A,B",2,questioning,2-chain FAIL: high_seq_identity=0.989,0.9894736842105263,45,../../GraPPI_data/PDB/new_dimer_db/5ELQ.pdb
5EV0,A,B,"A,B",2,questioning,2-chain FAIL: high_seq_identity=0.993,0.9925373134328358,18,../../GraPPI_data/PDB/new_dimer_db/5EV0.pdb
5EXK,A,C,"A,C,E,G,I,K",6,questioning,multi-chain FAIL: original_high_seq_identity=0.980; no_valid_alternative_pair_found,0.9804560260586319,39,../../GraPPI_data/PDB/new_dimer_db/5EXK.pdb
5EYZ,A,B,"A,B,C,D",4,questioning,multi-chain FAIL: original_high_seq_identity=0.989; no_valid_alternative_pair_found,0.9893617021276596,59,../../GraPPI_data/PDB/new_dimer_db/5EYZ.pdb
5F2U,A,B,"A,B",2,questioning,2-chain FAIL: high_seq_identity=0.993,0.9932885906040269,45,../../GraPPI_data/PDB/new_dimer_db/5F2U.pdb
5FB0,A,C,"A,C",2,questioning,2-chain FAIL: high_seq_identity=0.977,0.976878612716763,38,../../GraPPI_data/PDB/new_dimer_db/5FB0.pdb
5FCD,A,B,"A,B",2,questioning,2-chain FAIL: high_seq_identity=0.991,0.9912663755458515,49,../../GraPPI_data/PDB/new_dimer_db/5FCD.pdb
5FFV,A,B,"A,B",2,questioning,2-chain FAIL: high_seq_identity=0.973,0.972972972972973,56,../../GraPPI_data/PDB/new_dimer_db/5FFV.pdb
5FJW,A,B,"A,B,C,D,E,F,G,H",8,questioning,multi-chain FAIL: original_high_seq_identity=1.000; original_low_contacts=0; no_valid_alternative_pair_found,1.0,0,../../GraPPI_data/PDB/new_dimer_db/5FJW.pdb
5FJX,A,B,"A,B,C",3,questioning,multi-chain FAIL: original_high_seq_identity=1.000; no_valid_alternative_pair_found,1.0,119,../../GraPPI_data/PDB/new_dimer_db/5FJX.pdb
5FOV,A,C,"A,C",2,questioning,2-chain FAIL: high_seq_identity=0.969,0.9691629955947136,15,../../GraPPI_data/PDB/new_dimer_db/5FOV.pdb
5FOW,A,C,"A,C",2,questioning,2-chain FAIL: high_seq_identity=0.977,0.9774774774774775,24,../../GraPPI_data/PDB/new_dimer_db/5FOW.pdb
5FWE,A,B,"A,B",2,questioning,2-chain FAIL: high_seq_identity=0.986,0.9858356940509915,51,../../GraPPI_data/PDB/new_dimer_db/5FWE.pdb
5G4C,A,B,"A,B",2,questioning,2-chain FAIL: high_seq_identity=0.990,0.9896907216494846,18,../../GraPPI_data/PDB/new_dimer_db/5G4C.pdb
5GGP,A,B,"A,B",2,questioning,2-chain FAIL: high_seq_identity=1.000,1.0,51,../../GraPPI_data/PDB/new_dimer_db/5GGP.pdb
5GJH,A,C,"A,C",2,questioning,2-chain FAIL: high_seq_identity=0.990,0.9896907216494846,38,../../GraPPI_data/PDB/new_dimer_db/5GJH.pdb
5GMV,B,A,"B,A",2,questioning,2-chain FAIL: high_seq_identity=1.000,1.0,13,../../GraPPI_data/PDB/new_dimer_db/5GMV.pdb
5GU4,A,B,"A,B",2,questioning,2-chain FAIL: high_seq_identity=1.000,1.0,67,../../GraPPI_data/PDB/new_dimer_db/5GU4.pdb
5H4D,A,H,"A,H",2,questioning,2-chain FAIL: high_seq_identity=1.000,1.0,29,../../GraPPI_data/PDB/new_dimer_db/5H4D.pdb
5HDT,A,B,"A,B",2,questioning,2-chain FAIL: high_seq_identity=0.982,0.9816345270890725,140,../../GraPPI_data/PDB/new_dimer_db/5HDT.pdb
5HSV,A,B,"A,B,C,D",4,questioning,multi-chain FAIL: original_high_seq_identity=0.994; no_valid_alternative_pair_found,0.9939024390243902,13,../../GraPPI_data/PDB/new_dimer_db/5HSV.pdb
5IC3,A,B,"A,B",2,questioning,2-chain FAIL: high_seq_identity=1.000,1.0,58,../../GraPPI_data/PDB/new_dimer_db/5IC3.pdb
5ICV,A,B,"A,B",2,questioning,2-chain FAIL: high_seq_identity=1.000,1.0,27,../../GraPPI_data/PDB/new_dimer_db/5ICV.pdb
5IGO,A,B,"A,B,C,D",4,questioning,multi-chain FAIL: original_high_seq_identity=0.994; no_valid_alternative_pair_found,0.9937888198757764,22,../../GraPPI_data/PDB/new_dimer_db/5IGO.pdb
5J19,A,B,"A,B",2,questioning,2-chain FAIL: high_seq_identity=0.961,0.9608695652173913,83,../../GraPPI_data/PDB/new_dimer_db/5J19.pdb
5JJA,A,B,"A,B",2,questioning,2-chain FAIL: high_seq_identity=0.994,0.9940119760479041,76,../../GraPPI_data/PDB/new_dimer_db/5JJA.pdb
5K4F,A,B,"A,B",2,questioning,2-chain FAIL: high_seq_identity=1.000,1.0,52,../../GraPPI_data/PDB/new_dimer_db/5K4F.pdb
5K99,A,B,"A,B",2,questioning,2-chain FAIL: high_seq_identity=0.991,0.9910714285714286,270,../../GraPPI_data/PDB/new_dimer_db/5K99.pdb
5KYN,A,B,"A,B",2,questioning,2-chain FAIL: high_seq_identity=0.977; low_contacts=1,0.976775956284153,1,../../GraPPI_data/PDB/new_dimer_db/5KYN.pdb
5KZT,A,B,"A,B",2,questioning,2-chain FAIL: high_seq_identity=0.998,0.9980392156862745,75,../../GraPPI_data/PDB/new_dimer_db/5KZT.pdb
5L7K,A,G,"A,G",2,questioning,2-chain FAIL: high_seq_identity=0.994,0.9937888198757764,50,../../GraPPI_data/PDB/new_dimer_db/5L7K.pdb
5L83,A,B,"A,B",2,questioning,2-chain FAIL: high_seq_identity=1.000,1.0,97,../../GraPPI_data/PDB/new_dimer_db/5L83.pdb
5L8E,A,B,"A,B",2,questioning,2-chain FAIL: high_seq_identity=1.000,1.0,154,../../GraPPI_data/PDB/new_dimer_db/5L8E.pdb
5LEO,A,B,"A,B",2,questioning,2-chain FAIL: high_seq_identity=1.000,1.0,22,../../GraPPI_data/PDB/new_dimer_db/5LEO.pdb
5LRG,A,B,"A,B,C",3,questioning,multi-chain FAIL: original_high_seq_identity=1.000; no_valid_alternative_pair_found,1.0,7,../../GraPPI_data/PDB/new_dimer_db/5LRG.pdb
5LRJ,A,B,"A,B,C",3,questioning,multi-chain FAIL: original_high_seq_identity=1.000; no_valid_alternative_pair_found,1.0,7,../../GraPPI_data/PDB/new_dimer_db/5LRJ.pdb
5LRK,A,B,"A,B,C",3,questioning,multi-chain FAIL: original_high_seq_identity=1.000; no_valid_alternative_pair_found,1.0,6,../../GraPPI_data/PDB/new_dimer_db/5LRK.pdb
5LSO,A,B,"A,B",2,questioning,2-chain FAIL: high_seq_identity=1.000,1.0,28,../../GraPPI_data/PDB/new_dimer_db/5LSO.pdb
5LV0,A,B,"A,B",2,questioning,2-chain FAIL: high_seq_identity=0.993,0.992503748125937,81,../../GraPPI_data/PDB/new_dimer_db/5LV0.pdb
5LVP,A,B,"A,B,C,D",4,questioning,multi-chain FAIL: original_high_seq_identity=0.993; no_valid_alternative_pair_found,0.9927797833935018,95,../../GraPPI_data/PDB/new_dimer_db/5LVP.pdb
5M9N,A,B,"A,B",2,questioning,2-chain FAIL: high_seq_identity=0.970,0.9704433497536946,87,../../GraPPI_data/PDB/new_dimer_db/5M9N.pdb
5MFE,A,B,"A,B,C,D",4,questioning,multi-chain FAIL: original_high_seq_identity=0.996; no_valid_alternative_pair_found,0.9964539007092199,191,../../GraPPI_data/PDB/new_dimer_db/5MFE.pdb
5MFH,A,B,"A,B,C,D",4,questioning,multi-chain FAIL: original_high_seq_identity=0.993; no_valid_alternative_pair_found,0.9929577464788732,213,../../GraPPI_data/PDB/new_dimer_db/5MFH.pdb
5MFK,A,B,"A,B",2,questioning,2-chain FAIL: high_seq_identity=0.996,0.9958333333333333,124,../../GraPPI_data/PDB/new_dimer_db/5MFK.pdb
5MGX,E,F,"E,F,G,H",4,questioning,multi-chain FAIL: original_high_seq_identity=0.992; original_low_contacts=0; no_valid_alternative_pair_found,0.9924812030075187,0,../../GraPPI_data/PDB/new_dimer_db/5MGX.pdb
5MHL,A,B,"A,B",2,questioning,2-chain FAIL: high_seq_identity=0.990,0.9899713467048711,106,../../GraPPI_data/PDB/new_dimer_db/5MHL.pdb
5MHM,A,B,"A,B",2,questioning,2-chain FAIL: high_seq_identity=0.984,0.9840348330914369,107,../../GraPPI_data/PDB/new_dimer_db/5MHM.pdb
5MHN,A,B,"A,B",2,questioning,2-chain FAIL: high_seq_identity=0.996,0.9956395348837209,105,../../GraPPI_data/PDB/new_dimer_db/5MHN.pdb
5MHO,A,B,"A,B",2,questioning,2-chain FAIL: high_seq_identity=0.988,0.9882525697503671,96,../../GraPPI_data/PDB/new_dimer_db/5MHO.pdb
5N1W,A,B,"A,B",2,questioning,2-chain FAIL: high_seq_identity=0.976,0.9764705882352941,119,../../GraPPI_data/PDB/new_dimer_db/5N1W.pdb
5N7D,A,B,"A,B",2,questioning,2-chain FAIL: high_seq_identity=0.993,0.9929078014184397,36,../../GraPPI_data/PDB/new_dimer_db/5N7D.pdb
5N7F,A,B,"A,B",2,questioning,2-chain FAIL: high_seq_identity=0.983,0.983451536643026,20,../../GraPPI_data/PDB/new_dimer_db/5N7F.pdb
5N91,A,B,"A,B",2,questioning,2-chain FAIL: high_seq_identity=0.973,0.9734513274336283,75,../../GraPPI_data/PDB/new_dimer_db/5N91.pdb
5NBX,A,B,"A,B",2,questioning,2-chain FAIL: high_seq_identity=0.973,0.9732142857142857,57,../../GraPPI_data/PDB/new_dimer_db/5NBX.pdb
5NC2,A,B,"A,B",2,questioning,2-chain FAIL: high_seq_identity=0.991,0.990909090909091,44,../../GraPPI_data/PDB/new_dimer_db/5NC2.pdb
5ND0,A,B,"A,B",2,questioning,2-chain FAIL: high_seq_identity=1.000,1.0,43,../../GraPPI_data/PDB/new_dimer_db/5ND0.pdb
5NJJ,A,B,"A,B,C,D",4,questioning,multi-chain FAIL: original_high_seq_identity=0.972; original_low_contacts=4; no_valid_alternative_pair_found,0.972027972027972,4,../../GraPPI_data/PDB/new_dimer_db/5NJJ.pdb
5NNC,A,B,"A,B",2,questioning,2-chain FAIL: high_seq_identity=1.000,1.0,10,../../GraPPI_data/PDB/new_dimer_db/5NNC.pdb
5NND,A,B,"A,B",2,questioning,2-chain FAIL: high_seq_identity=1.000,1.0,8,../../GraPPI_data/PDB/new_dimer_db/5NND.pdb
5NO6,A,B,"A,B,I,N",4,questioning,multi-chain FAIL: original_high_seq_identity=1.000; original_low_contacts=0; no_valid_alternative_pair_found,1.0,0,../../GraPPI_data/PDB/new_dimer_db/5NO6.pdb
5NTI,A,B,"A,B,C,D",4,questioning,multi-chain FAIL: original_high_seq_identity=0.996; no_valid_alternative_pair_found,0.9959183673469387,116,../../GraPPI_data/PDB/new_dimer_db/5NTI.pdb
5NTN,A,B,"A,B,C,D",4,questioning,multi-chain FAIL: original_high_seq_identity=0.996; no_valid_alternative_pair_found,0.9959183673469387,106,../../GraPPI_data/PDB/new_dimer_db/5NTN.pdb
5NU1,A,B,"A,B",2,questioning,2-chain FAIL: high_seq_identity=1.000,1.0,47,../../GraPPI_data/PDB/new_dimer_db/5NU1.pdb
5O3W,A,B,"A,B,C,D",4,questioning,multi-chain FAIL: original_high_seq_identity=0.978; no_valid_alternative_pair_found,0.9778085991678225,87,../../GraPPI_data/PDB/new_dimer_db/5O3W.pdb
5O9S,A,B,"A,B",2,questioning,2-chain FAIL: high_seq_identity=0.992,0.9921259842519685,121,../../GraPPI_data/PDB/new_dimer_db/5O9S.pdb
5O9T,A,B,"A,B",2,questioning,2-chain FAIL: high_seq_identity=0.997,0.9974554707379135,118,../../GraPPI_data/PDB/new_dimer_db/5O9T.pdb
5O9U,A,B,"A,B",2,questioning,2-chain FAIL: high_seq_identity=1.000,1.0,122,../../GraPPI_data/PDB/new_dimer_db/5O9U.pdb
5O9V,A,B,"A,B",2,questioning,2-chain FAIL: high_seq_identity=1.000,1.0,120,../../GraPPI_data/PDB/new_dimer_db/5O9V.pdb
5OJO,A,B,"A,B",2,questioning,2-chain FAIL: high_seq_identity=1.000,1.0,82,../../GraPPI_data/PDB/new_dimer_db/5OJO.pdb
5QU2,A,B,"A,B",2,questioning,2-chain FAIL: high_seq_identity=0.965,0.9649122807017544,52,../../GraPPI_data/PDB/new_dimer_db/5QU2.pdb
5SXM,A,B,"A,B",2,questioning,2-chain FAIL: high_seq_identity=0.997,0.9967105263157895,56,../../GraPPI_data/PDB/new_dimer_db/5SXM.pdb
5T0M,A,B,"A,B",2,questioning,2-chain FAIL: high_seq_identity=0.959,0.959409594095941,149,../../GraPPI_data/PDB/new_dimer_db/5T0M.pdb
5T2S,A,C,"A,C",2,questioning,2-chain FAIL: high_seq_identity=0.980,0.9799196787148594,259,../../GraPPI_data/PDB/new_dimer_db/5T2S.pdb
5T5J,A,B,"A,B",2,questioning,2-chain FAIL: high_seq_identity=1.000,1.0,125,../../GraPPI_data/PDB/new_dimer_db/5T5J.pdb
5T5L,A,B,"A,B",2,questioning,2-chain FAIL: high_seq_identity=1.000,1.0,127,../../GraPPI_data/PDB/new_dimer_db/5T5L.pdb
5T5O,A,B,"A,B,C,D,E,F,G,H,I,J",10,questioning,multi-chain FAIL: original_high_seq_identity=1.000; no_valid_alternative_pair_found,1.0,135,../../GraPPI_data/PDB/new_dimer_db/5T5O.pdb
5T5P,A,B,"A,B",2,questioning,2-chain FAIL: high_seq_identity=1.000,1.0,124,../../GraPPI_data/PDB/new_dimer_db/5T5P.pdb
5TDC,A,C,"A,C",2,questioning,2-chain FAIL: high_seq_identity=0.986,0.9859154929577465,51,../../GraPPI_data/PDB/new_dimer_db/5TDC.pdb
5TEG,A,B,"A,B",2,questioning,2-chain FAIL: high_seq_identity=0.988,0.9875,51,../../GraPPI_data/PDB/new_dimer_db/5TEG.pdb
5TQS,A,B,"A,B,C,D",4,questioning,multi-chain FAIL: original_high_seq_identity=0.990; no_valid_alternative_pair_found,0.9900990099009901,33,../../GraPPI_data/PDB/new_dimer_db/5TQS.pdb
5TTW,A,C,"A,C",2,questioning,2-chain FAIL: high_seq_identity=0.981,0.9808219178082191,107,../../GraPPI_data/PDB/new_dimer_db/5TTW.pdb
5UW3,A,B,"A,B,C,D",4,questioning,multi-chain FAIL: original_high_seq_identity=0.979; no_valid_alternative_pair_found,0.9787835926449788,6,../../GraPPI_data/PDB/new_dimer_db/5UW3.pdb
5UW5,A,B,"A,B,C,D",4,questioning,multi-chain FAIL: original_high_seq_identity=0.984; no_valid_alternative_pair_found,0.9844192634560907,6,../../GraPPI_data/PDB/new_dimer_db/5UW5.pdb
5UW6,A,B,"A,B,C,D",4,questioning,multi-chain FAIL: original_high_seq_identity=0.980; no_valid_alternative_pair_found,0.9801699716713881,5,../../GraPPI_data/PDB/new_dimer_db/5UW6.pdb
5UWM,A,B,"A,B",2,questioning,2-chain FAIL: high_seq_identity=0.981,0.9807692307692307,40,../../GraPPI_data/PDB/new_dimer_db/5UWM.pdb
5UZW,A,B,"A,B,C,D",4,questioning,multi-chain FAIL: original_high_seq_identity=0.977; no_valid_alternative_pair_found,0.9771754636233951,7,../../GraPPI_data/PDB/new_dimer_db/5UZW.pdb
5V9P,A,B,"A,B",2,questioning,2-chain FAIL: high_seq_identity=-1.000,-1.0,18,../../GraPPI_data/PDB/new_dimer_db/5V9P.pdb
5V9T,A,B,"A,B,G",3,questioning,multi-chain FAIL: original_high_seq_identity=0.973; no_valid_alternative_pair_found,0.9730185497470489,180,../../GraPPI_data/PDB/new_dimer_db/5V9T.pdb
5VWK,A,B,"A,B,C,D",4,questioning,multi-chain FAIL: original_high_seq_identity=1.000; original_low_contacts=2; no_valid_alternative_pair_found,1.0,2,../../GraPPI_data/PDB/new_dimer_db/5VWK.pdb
5VYO,A,B,"A,B,C,D",4,questioning,multi-chain FAIL: original_high_seq_identity=1.000; no_valid_alternative_pair_found,1.0,37,../../GraPPI_data/PDB/new_dimer_db/5VYO.pdb
5W0V,A,B,"A,B",2,questioning,2-chain FAIL: high_seq_identity=0.967,0.9668938656280428,53,../../GraPPI_data/PDB/new_dimer_db/5W0V.pdb
5W7X,D,A,"D,A,B,C",4,questioning,multi-chain FAIL: original_high_seq_identity=0.990; no_valid_alternative_pair_found,0.9901960784313726,38,../../GraPPI_data/PDB/new_dimer_db/5W7X.pdb
5W7Y,A,B,"A,B",2,questioning,2-chain FAIL: high_seq_identity=1.000,1.0,22,../../GraPPI_data/PDB/new_dimer_db/5W7Y.pdb
5WFV,A,B,"A,B",2,questioning,2-chain FAIL: high_seq_identity=0.983,0.9826989619377162,34,../../GraPPI_data/PDB/new_dimer_db/5WFV.pdb
5WG1,A,B,"A,B",2,questioning,2-chain FAIL: high_seq_identity=0.969,0.9688581314878892,52,../../GraPPI_data/PDB/new_dimer_db/5WG1.pdb
5WXH,A,C,"A,C",2,questioning,2-chain FAIL: high_seq_identity=0.952,0.9523809523809523,25,../../GraPPI_data/PDB/new_dimer_db/5WXH.pdb
5X3S,B,A,"B,A",2,questioning,2-chain FAIL: high_seq_identity=1.000,1.0,31,../../GraPPI_data/PDB/new_dimer_db/5X3S.pdb
5X54,A,B,"A,B",2,questioning,2-chain FAIL: high_seq_identity=1.000,1.0,79,../../GraPPI_data/PDB/new_dimer_db/5X54.pdb
5XBK,D,A,"D,A,B,C",4,questioning,multi-chain FAIL: original_high_seq_identity=0.976; no_valid_alternative_pair_found,0.9758064516129032,107,../../GraPPI_data/PDB/new_dimer_db/5XBK.pdb
5XMY,A,C,"A,C",2,questioning,2-chain FAIL: high_seq_identity=0.968,0.9682539682539683,24,../../GraPPI_data/PDB/new_dimer_db/5XMY.pdb
5XO2,A,B,"A,B",2,questioning,2-chain FAIL: high_seq_identity=1.000,1.0,8,../../GraPPI_data/PDB/new_dimer_db/5XO2.pdb
5XOF,A,B,"A,B,C,D",4,questioning,multi-chain FAIL: original_high_seq_identity=0.992; no_valid_alternative_pair_found,0.9916666666666667,28,../../GraPPI_data/PDB/new_dimer_db/5XOF.pdb
5XXK,A,B,"A,B",2,questioning,2-chain FAIL: high_seq_identity=0.989,0.9894736842105263,71,../../GraPPI_data/PDB/new_dimer_db/5XXK.pdb
5Y1U,A,B,"A,B",2,questioning,2-chain FAIL: high_seq_identity=0.990,0.9896103896103896,106,../../GraPPI_data/PDB/new_dimer_db/5Y1U.pdb
5Y24,A,B,"A,B",2,questioning,2-chain FAIL: high_seq_identity=0.994,0.9942857142857143,93,../../GraPPI_data/PDB/new_dimer_db/5Y24.pdb
5YD3,A,C,"A,C,E,G",4,questioning,multi-chain FAIL: original_high_seq_identity=0.991; no_valid_alternative_pair_found,0.9913419913419913,46,../../GraPPI_data/PDB/new_dimer_db/5YD3.pdb
5YD4,A,C,"A,C,E,G",4,questioning,multi-chain FAIL: original_high_seq_identity=0.987; no_valid_alternative_pair_found,0.9870689655172413,45,../../GraPPI_data/PDB/new_dimer_db/5YD4.pdb
5YD5,A,C,"A,C",2,questioning,2-chain FAIL: high_seq_identity=0.956,0.9561752988047809,97,../../GraPPI_data/PDB/new_dimer_db/5YD5.pdb
5YXL,A,C,"A,C",2,questioning,2-chain FAIL: high_seq_identity=0.955,0.9545454545454546,84,../../GraPPI_data/PDB/new_dimer_db/5YXL.pdb
5YYF,A,C,"A,C",2,questioning,2-chain FAIL: high_seq_identity=0.993,0.9928057553956835,15,../../GraPPI_data/PDB/new_dimer_db/5YYF.pdb
5Z8N,A,B,"A,B,C",3,questioning,multi-chain FAIL: original_high_seq_identity=0.995; no_valid_alternative_pair_found,0.994535519125683,40,../../GraPPI_data/PDB/new_dimer_db/5Z8N.pdb
5Z94,A,B,"A,B",2,questioning,2-chain FAIL: high_seq_identity=1.000,1.0,54,../../GraPPI_data/PDB/new_dimer_db/5Z94.pdb
5ZNP,A,B,"A,B",2,questioning,2-chain FAIL: high_seq_identity=0.995,0.9946236559139785,52,../../GraPPI_data/PDB/new_dimer_db/5ZNP.pdb
5ZWX,A,B,"A,B",2,questioning,2-chain FAIL: high_seq_identity=1.000,1.0,46,../../GraPPI_data/PDB/new_dimer_db/5ZWX.pdb
6A0F,A,B,"A,B",2,questioning,2-chain FAIL: high_seq_identity=0.990,0.9901639344262295,121,../../GraPPI_data/PDB/new_dimer_db/6A0F.pdb
6A0H,A,B,"A,B",2,questioning,2-chain FAIL: high_seq_identity=0.997,0.9966887417218543,111,../../GraPPI_data/PDB/new_dimer_db/6A0H.pdb
6AK2,A,B,"A,B",2,questioning,2-chain FAIL: high_seq_identity=0.963,0.9629629629629629,62,../../GraPPI_data/PDB/new_dimer_db/6AK2.pdb
6AR2,A,B,"A,B",2,questioning,2-chain FAIL: high_seq_identity=1.000,1.0,48,../../GraPPI_data/PDB/new_dimer_db/6AR2.pdb
6B5Q,A,B,"A,B",2,questioning,2-chain FAIL: high_seq_identity=0.979,0.9789473684210527,126,../../GraPPI_data/PDB/new_dimer_db/6B5Q.pdb
6B67,A,B,"A,B,C",3,questioning,multi-chain FAIL: original_high_seq_identity=1.000; no_valid_alternative_pair_found,1.0,77,../../GraPPI_data/PDB/new_dimer_db/6B67.pdb
6BUU,A,B,"A,B",2,questioning,2-chain FAIL: high_seq_identity=0.988,0.9876160990712074,22,../../GraPPI_data/PDB/new_dimer_db/6BUU.pdb
6BYK,A,B,"A,B,C,D",4,questioning,multi-chain FAIL: original_high_seq_identity=1.000; no_valid_alternative_pair_found,1.0,80,../../GraPPI_data/PDB/new_dimer_db/6BYK.pdb
6BYZ,A,B,"A,B",2,questioning,2-chain FAIL: high_seq_identity=0.999,0.9989572471324296,100,../../GraPPI_data/PDB/new_dimer_db/6BYZ.pdb
6C4U,B,C,"B,C,D,E,A,F",6,questioning,multi-chain FAIL: original_high_seq_identity=0.977; no_valid_alternative_pair_found,0.9767441860465116,101,../../GraPPI_data/PDB/new_dimer_db/6C4U.pdb
6CD8,A,B,"A,B",2,questioning,2-chain FAIL: high_seq_identity=0.988,0.9880239520958084,31,../../GraPPI_data/PDB/new_dimer_db/6CD8.pdb
6D07,A,B,"A,B",2,questioning,2-chain FAIL: high_seq_identity=0.963,0.9629629629629629,34,../../GraPPI_data/PDB/new_dimer_db/6D07.pdb
6D08,A,B,"A,B",2,questioning,2-chain FAIL: high_seq_identity=0.963,0.9629629629629629,45,../../GraPPI_data/PDB/new_dimer_db/6D08.pdb
6DN8,A,C,"A,C,E",3,questioning,multi-chain FAIL: original_high_seq_identity=0.965; no_valid_alternative_pair_found,0.965,43,../../GraPPI_data/PDB/new_dimer_db/6DN8.pdb
6DO3,A,B,"A,B",2,questioning,2-chain FAIL: high_seq_identity=0.994,0.9937106918238994,40,../../GraPPI_data/PDB/new_dimer_db/6DO3.pdb
6DO4,A,B,"A,B",2,questioning,2-chain FAIL: high_seq_identity=0.984,0.9844236760124611,40,../../GraPPI_data/PDB/new_dimer_db/6DO4.pdb
6DO5,A,B,"A,B",2,questioning,2-chain FAIL: high_seq_identity=0.991,0.9905956112852664,42,../../GraPPI_data/PDB/new_dimer_db/6DO5.pdb
6DU2,A,B,"A,B",2,questioning,2-chain FAIL: high_seq_identity=1.000,1.0,63,../../GraPPI_data/PDB/new_dimer_db/6DU2.pdb
6DU3,A,B,"A,B",2,questioning,2-chain FAIL: high_seq_identity=1.000,1.0,67,../../GraPPI_data/PDB/new_dimer_db/6DU3.pdb
6DUB,A,B,"A,B",2,questioning,2-chain FAIL: high_seq_identity=0.982,0.9819819819819819,91,../../GraPPI_data/PDB/new_dimer_db/6DUB.pdb
6E3G,A,B,"A,B",2,questioning,2-chain FAIL: high_seq_identity=1.000,1.0,57,../../GraPPI_data/PDB/new_dimer_db/6E3G.pdb
6EDB,A,B,"A,B",2,questioning,2-chain FAIL: low_contacts=0,0.0,0,../../GraPPI_data/PDB/new_dimer_db/6EDB.pdb
6EFK,A,B,"A,B",2,questioning,2-chain FAIL: high_seq_identity=1.000,1.0,73,../../GraPPI_data/PDB/new_dimer_db/6EFK.pdb
6EXJ,A,C,"A,C",2,questioning,2-chain FAIL: high_seq_identity=0.989,0.9887640449438202,23,../../GraPPI_data/PDB/new_dimer_db/6EXJ.pdb
6FHU,A,B,"A,B,C,D",4,questioning,multi-chain FAIL: original_low_contacts=4; no_valid_alternative_pair_found,0.9433962264150944,4,../../GraPPI_data/PDB/new_dimer_db/6FHU.pdb
6FLG,A,B,"A,B",2,questioning,2-chain FAIL: high_seq_identity=0.992,0.9924812030075187,82,../../GraPPI_data/PDB/new_dimer_db/6FLG.pdb
6FZU,A,B,"A,B",2,questioning,2-chain FAIL: high_seq_identity=1.000,1.0,60,../../GraPPI_data/PDB/new_dimer_db/6FZU.pdb
6G05,A,B,"A,B",2,questioning,2-chain FAIL: high_seq_identity=1.000,1.0,54,../../GraPPI_data/PDB/new_dimer_db/6G05.pdb
6GMG,A,B,"A,B",2,questioning,2-chain FAIL: high_seq_identity=0.997,0.9969788519637462,50,../../GraPPI_data/PDB/new_dimer_db/6GMG.pdb
6GX9,A,B,"A,B",2,questioning,2-chain FAIL: high_seq_identity=0.999,0.9989035087719298,33,../../GraPPI_data/PDB/new_dimer_db/6GX9.pdb
6H6A,D,G,"D,G,J",3,questioning,multi-chain FAIL: original_high_seq_identity=0.994; no_valid_alternative_pair_found,0.9940476190476191,46,../../GraPPI_data/PDB/new_dimer_db/6H6A.pdb
6H8P,A,B,"A,B",2,questioning,2-chain FAIL: high_seq_identity=0.980,0.9801699716713881,55,../../GraPPI_data/PDB/new_dimer_db/6H8P.pdb
6HFA,A,B,"A,B",2,questioning,2-chain FAIL: high_seq_identity=1.000,1.0,74,../../GraPPI_data/PDB/new_dimer_db/6HFA.pdb
6HGT,A,B,"A,B,C,D",4,questioning,multi-chain FAIL: original_high_seq_identity=0.986; no_valid_alternative_pair_found,0.9857142857142858,34,../../GraPPI_data/PDB/new_dimer_db/6HGT.pdb
6HIP,A,B,"A,B",2,questioning,2-chain FAIL: high_seq_identity=0.990,0.9904761904761905,50,../../GraPPI_data/PDB/new_dimer_db/6HIP.pdb
6HK3,A,B,"A,B",2,questioning,2-chain FAIL: high_seq_identity=1.000,1.0,104,../../GraPPI_data/PDB/new_dimer_db/6HK3.pdb
6HK4,A,B,"A,B",2,questioning,2-chain FAIL: high_seq_identity=1.000,1.0,96,../../GraPPI_data/PDB/new_dimer_db/6HK4.pdb
6HKS,A,B,"A,B,C,D,E,F",6,questioning,multi-chain FAIL: original_high_seq_identity=0.989; original_low_contacts=0; no_valid_alternative_pair_found,0.9893617021276596,0,../../GraPPI_data/PDB/new_dimer_db/6HKS.pdb
6HOI,A,B,"A,B",2,questioning,2-chain FAIL: high_seq_identity=0.992,0.9915254237288136,57,../../GraPPI_data/PDB/new_dimer_db/6HOI.pdb
6HPG,A,B,"A,B,C,D,E,F",6,questioning,multi-chain FAIL: original_high_seq_identity=0.967; original_low_contacts=0; no_valid_alternative_pair_found,0.9669421487603306,0,../../GraPPI_data/PDB/new_dimer_db/6HPG.pdb
6I5P,A,C,"A,C,E,G",4,questioning,multi-chain FAIL: original_high_seq_identity=0.993; no_valid_alternative_pair_found,0.9927536231884058,18,../../GraPPI_data/PDB/new_dimer_db/6I5P.pdb
6I68,A,C,"A,C,E,G",4,questioning,multi-chain FAIL: original_high_seq_identity=0.986; no_valid_alternative_pair_found,0.9858156028368794,136,../../GraPPI_data/PDB/new_dimer_db/6I68.pdb
6IC8,A,B,"A,B",2,questioning,2-chain FAIL: high_seq_identity=0.993,0.9931506849315068,58,../../GraPPI_data/PDB/new_dimer_db/6IC8.pdb
6IFG,A,B,"A,B",2,questioning,2-chain FAIL: high_seq_identity=0.995,0.9953703703703703,51,../../GraPPI_data/PDB/new_dimer_db/6IFG.pdb
6IM4,A,B,"A,B",2,questioning,2-chain FAIL: high_seq_identity=1.000,1.0,29,../../GraPPI_data/PDB/new_dimer_db/6IM4.pdb
6J31,A,B,"A,B,C,D",4,questioning,multi-chain FAIL: original_high_seq_identity=0.995; no_valid_alternative_pair_found,0.9948320413436692,89,../../GraPPI_data/PDB/new_dimer_db/6J31.pdb
6JFA,A,B,"A,B",2,questioning,2-chain FAIL: high_seq_identity=0.988,0.9875,56,../../GraPPI_data/PDB/new_dimer_db/6JFA.pdb
6JWN,A,C,"A,C",2,questioning,2-chain FAIL: high_seq_identity=1.000,1.0,32,../../GraPPI_data/PDB/new_dimer_db/6JWN.pdb
6KC4,A,C,"A,C,E,G,I,K",6,questioning,multi-chain FAIL: original_high_seq_identity=0.990; no_valid_alternative_pair_found,0.9900990099009901,43,../../GraPPI_data/PDB/new_dimer_db/6KC4.pdb
6KDQ,A,B,"A,B",2,questioning,2-chain FAIL: high_seq_identity=0.987,0.9868995633187773,20,../../GraPPI_data/PDB/new_dimer_db/6KDQ.pdb
6LS6,A,B,"A,B",2,questioning,2-chain FAIL: high_seq_identity=1.000,1.0,21,../../GraPPI_data/PDB/new_dimer_db/6LS6.pdb
6LSD,A,B,"A,B",2,questioning,2-chain FAIL: high_seq_identity=0.963,0.9629629629629629,50,../../GraPPI_data/PDB/new_dimer_db/6LSD.pdb
6M5E,A,B,"A,B,C",3,questioning,multi-chain FAIL: original_high_seq_identity=1.000; no_valid_alternative_pair_found,1.0,85,../../GraPPI_data/PDB/new_dimer_db/6M5E.pdb
6MGQ,A,B,"A,B,C",3,questioning,multi-chain FAIL: original_high_seq_identity=0.985; no_valid_alternative_pair_found,0.9849884526558892,60,../../GraPPI_data/PDB/new_dimer_db/6MGQ.pdb
6MIL,A,C,"A,C",2,questioning,2-chain FAIL: high_seq_identity=0.993,0.9928057553956835,108,../../GraPPI_data/PDB/new_dimer_db/6MIL.pdb
6MIM,A,C,"A,C",2,questioning,2-chain FAIL: high_seq_identity=1.000,1.0,17,../../GraPPI_data/PDB/new_dimer_db/6MIM.pdb
6MON,A,B,"A,B",2,questioning,2-chain FAIL: high_seq_identity=1.000,1.0,53,../../GraPPI_data/PDB/new_dimer_db/6MON.pdb
6MS1,A,B,"A,B",2,questioning,2-chain FAIL: high_seq_identity=1.000,1.0,19,../../GraPPI_data/PDB/new_dimer_db/6MS1.pdb
6MSM,A,B,"A,B",2,questioning,2-chain FAIL: high_seq_identity=-1.000,-1.0,77,../../GraPPI_data/PDB/new_dimer_db/6MSM.pdb
6MYD,A,C,"A,C",2,questioning,2-chain FAIL: high_seq_identity=0.974,0.9741935483870968,71,../../GraPPI_data/PDB/new_dimer_db/6MYD.pdb
6N9J,A,B,"A,B",2,questioning,2-chain FAIL: high_seq_identity=0.983,0.9831932773109243,34,../../GraPPI_data/PDB/new_dimer_db/6N9J.pdb
6NID,A,B,"A,B,C",3,questioning,multi-chain FAIL: original_high_seq_identity=0.989; no_valid_alternative_pair_found,0.9886363636363636,27,../../GraPPI_data/PDB/new_dimer_db/6NID.pdb
6NNV,A,B,"A,B,C,D",4,questioning,multi-chain FAIL: original_high_seq_identity=0.951; no_valid_alternative_pair_found,0.9512195121951219,6,../../GraPPI_data/PDB/new_dimer_db/6NNV.pdb
6NPZ,A,B,"A,B",2,questioning,2-chain FAIL: high_seq_identity=0.991,0.9907407407407407,21,../../GraPPI_data/PDB/new_dimer_db/6NPZ.pdb
6NSV,A,B,"A,B",2,questioning,2-chain FAIL: high_seq_identity=0.985,0.9846153846153847,74,../../GraPPI_data/PDB/new_dimer_db/6NSV.pdb
6O1V,A,B,"A,B",2,questioning,2-chain FAIL: high_seq_identity=-1.000,-1.0,77,../../GraPPI_data/PDB/new_dimer_db/6O1V.pdb
6O2P,A,B,"A,B",2,questioning,2-chain FAIL: high_seq_identity=-1.000,-1.0,73,../../GraPPI_data/PDB/new_dimer_db/6O2P.pdb
6O3T,A,B,"A,B",2,questioning,2-chain FAIL: low_contacts=3,0.6842105263157895,3,../../GraPPI_data/PDB/new_dimer_db/6O3T.pdb
6OM4,A,B,"A,B",2,questioning,2-chain FAIL: high_seq_identity=0.997,0.9971014492753624,568,../../GraPPI_data/PDB/new_dimer_db/6OM4.pdb
6OV7,A,B,"A,B",2,questioning,2-chain FAIL: high_seq_identity=1.000,1.0,50,../../GraPPI_data/PDB/new_dimer_db/6OV7.pdb
6P5L,A,B,"A,B",2,questioning,2-chain FAIL: high_seq_identity=0.968,0.9682080924855492,84,../../GraPPI_data/PDB/new_dimer_db/6P5L.pdb
6Q0M,A,B,"A,B",2,questioning,2-chain FAIL: high_seq_identity=0.989,0.9893617021276596,63,../../GraPPI_data/PDB/new_dimer_db/6Q0M.pdb
6Q0N,A,B,"A,B",2,questioning,2-chain FAIL: high_seq_identity=1.000,1.0,58,../../GraPPI_data/PDB/new_dimer_db/6Q0N.pdb
6Q0U,A,B,"A,B",2,questioning,2-chain FAIL: high_seq_identity=1.000,1.0,57,../../GraPPI_data/PDB/new_dimer_db/6Q0U.pdb
6Q5Y,A,B,"A,B,C,D",4,questioning,multi-chain FAIL: original_high_seq_identity=0.993; no_valid_alternative_pair_found,0.9932885906040269,61,../../GraPPI_data/PDB/new_dimer_db/6Q5Y.pdb
6QRM,A,B,"A,B",2,questioning,2-chain FAIL: high_seq_identity=0.997,0.9974489795918368,119,../../GraPPI_data/PDB/new_dimer_db/6QRM.pdb
6QTM,A,B,"A,B,C",3,questioning,multi-chain FAIL: original_high_seq_identity=0.982; no_valid_alternative_pair_found,0.9824561403508771,96,../../GraPPI_data/PDB/new_dimer_db/6QTM.pdb
6R0S,A,B,"A,B,C",3,questioning,multi-chain FAIL: original_high_seq_identity=0.963; no_valid_alternative_pair_found,0.963302752293578,86,../../GraPPI_data/PDB/new_dimer_db/6R0S.pdb
6R12,A,B,"A,B,C",3,questioning,multi-chain FAIL: original_high_seq_identity=0.963; no_valid_alternative_pair_found,0.963302752293578,83,../../GraPPI_data/PDB/new_dimer_db/6R12.pdb
6R18,A,B,"A,B,C",3,questioning,multi-chain FAIL: original_high_seq_identity=0.964; no_valid_alternative_pair_found,0.9642857142857143,90,../../GraPPI_data/PDB/new_dimer_db/6R18.pdb
6R4W,A,B,"A,B",2,questioning,2-chain FAIL: high_seq_identity=0.985,0.9846153846153847,28,../../GraPPI_data/PDB/new_dimer_db/6R4W.pdb
6R4X,A,B,"A,B",2,questioning,2-chain FAIL: high_seq_identity=0.985,0.9846153846153847,27,../../GraPPI_data/PDB/new_dimer_db/6R4X.pdb
6R4Y,A,B,"A,B",2,questioning,2-chain FAIL: high_seq_identity=0.995,0.9948186528497409,99,../../GraPPI_data/PDB/new_dimer_db/6R4Y.pdb
6R4Z,A,B,"A,B",2,questioning,2-chain FAIL: high_seq_identity=0.970,0.9696969696969697,97,../../GraPPI_data/PDB/new_dimer_db/6R4Z.pdb
6R50,A,B,"A,B",2,questioning,2-chain FAIL: high_seq_identity=0.985,0.9846153846153847,27,../../GraPPI_data/PDB/new_dimer_db/6R50.pdb
6R51,B,A,"B,A,C",3,questioning,multi-chain FAIL: original_high_seq_identity=1.000; no_valid_alternative_pair_found,1.0,73,../../GraPPI_data/PDB/new_dimer_db/6R51.pdb
6R57,A,B,"A,B",2,questioning,2-chain FAIL: high_seq_identity=1.000,1.0,28,../../GraPPI_data/PDB/new_dimer_db/6R57.pdb
6R58,A,B,"A,B,C,D",4,questioning,multi-chain FAIL: original_high_seq_identity=1.000; no_valid_alternative_pair_found,1.0,33,../../GraPPI_data/PDB/new_dimer_db/6R58.pdb
6R59,A,B,"A,B",2,questioning,2-chain FAIL: high_seq_identity=0.995,0.9948186528497409,28,../../GraPPI_data/PDB/new_dimer_db/6R59.pdb
6R5B,A,B,"A,B",2,questioning,2-chain FAIL: high_seq_identity=0.990,0.9896373056994818,29,../../GraPPI_data/PDB/new_dimer_db/6R5B.pdb
6R5C,A,B,"A,B",2,questioning,2-chain FAIL: high_seq_identity=0.990,0.9896373056994818,32,../../GraPPI_data/PDB/new_dimer_db/6R5C.pdb
6RD2,B,A,"B,A",2,questioning,2-chain FAIL: high_seq_identity=0.991,0.990909090909091,71,../../GraPPI_data/PDB/new_dimer_db/6RD2.pdb
6ROY,A,B,"A,B",2,questioning,2-chain FAIL: high_seq_identity=1.000,1.0,40,../../GraPPI_data/PDB/new_dimer_db/6ROY.pdb
6ROZ,A,C,"A,C",2,questioning,2-chain FAIL: high_seq_identity=1.000,1.0,36,../../GraPPI_data/PDB/new_dimer_db/6ROZ.pdb
6RU6,A,B,"A,B",2,questioning,2-chain FAIL: high_seq_identity=0.965,0.9652777777777778,75,../../GraPPI_data/PDB/new_dimer_db/6RU6.pdb
6RU8,A,B,"A,B,C,D",4,questioning,multi-chain FAIL: original_high_seq_identity=1.000; no_valid_alternative_pair_found,1.0,64,../../GraPPI_data/PDB/new_dimer_db/6RU8.pdb
6RXJ,A,B,"A,B",2,questioning,2-chain FAIL: high_seq_identity=1.000,1.0,49,../../GraPPI_data/PDB/new_dimer_db/6RXJ.pdb
6RXO,A,B,"A,B",2,questioning,2-chain FAIL: high_seq_identity=1.000,1.0,13,../../GraPPI_data/PDB/new_dimer_db/6RXO.pdb
6S7L,A,B,"A,B",2,questioning,2-chain FAIL: high_seq_identity=1.000,1.0,93,../../GraPPI_data/PDB/new_dimer_db/6S7L.pdb
6SJZ,A,B,"A,B",2,questioning,2-chain FAIL: high_seq_identity=0.995,0.9948849104859335,123,../../GraPPI_data/PDB/new_dimer_db/6SJZ.pdb
6SK2,A,B,"A,B",2,questioning,2-chain FAIL: high_seq_identity=0.995,0.9948979591836735,124,../../GraPPI_data/PDB/new_dimer_db/6SK2.pdb
6SK3,A,B,"A,B",2,questioning,2-chain FAIL: high_seq_identity=0.992,0.9923076923076923,124,../../GraPPI_data/PDB/new_dimer_db/6SK3.pdb
6SK8,A,B,"A,B",2,questioning,2-chain FAIL: high_seq_identity=0.987,0.9872448979591837,117,../../GraPPI_data/PDB/new_dimer_db/6SK8.pdb
6SKJ,A,B,"A,B",2,questioning,2-chain FAIL: high_seq_identity=0.987,0.9872122762148338,120,../../GraPPI_data/PDB/new_dimer_db/6SKJ.pdb
6TDB,A,B,"A,B,C,D",4,questioning,multi-chain FAIL: original_high_seq_identity=0.994; original_low_contacts=0; no_valid_alternative_pair_found,0.9936708860759493,0,../../GraPPI_data/PDB/new_dimer_db/6TDB.pdb
6TE4,A,B,"A,B",2,questioning,2-chain FAIL: high_seq_identity=0.998,0.9982300884955753,77,../../GraPPI_data/PDB/new_dimer_db/6TE4.pdb
6TGX,A,B,"A,B",2,questioning,2-chain FAIL: high_seq_identity=0.977,0.9770114942528736,99,../../GraPPI_data/PDB/new_dimer_db/6TGX.pdb
6TH7,A,B,"A,B",2,questioning,2-chain FAIL: high_seq_identity=1.000,1.0,58,../../GraPPI_data/PDB/new_dimer_db/6TH7.pdb
6TJT,A,B,"A,B",2,questioning,2-chain FAIL: high_seq_identity=0.994,0.9937106918238994,59,../../GraPPI_data/PDB/new_dimer_db/6TJT.pdb
6TNO,A,C,"A,C,E",3,questioning,multi-chain FAIL: original_high_seq_identity=1.000; no_valid_alternative_pair_found,1.0,47,../../GraPPI_data/PDB/new_dimer_db/6TNO.pdb
6TQ0,A,C,"A,C,E,G,I,K,M,O",8,questioning,multi-chain FAIL: original_high_seq_identity=1.000; no_valid_alternative_pair_found,1.0,51,../../GraPPI_data/PDB/new_dimer_db/6TQ0.pdb
6TQR,A,B,"A,B,C,D",4,questioning,multi-chain FAIL: original_high_seq_identity=1.000; no_valid_alternative_pair_found,1.0,65,../../GraPPI_data/PDB/new_dimer_db/6TQR.pdb
6TQS,A,B,"A,B,C,D,E,F",6,questioning,multi-chain FAIL: original_high_seq_identity=0.992; original_low_contacts=3; no_valid_alternative_pair_found,0.9924242424242424,3,../../GraPPI_data/PDB/new_dimer_db/6TQS.pdb
6TQU,A,B,"A,B",2,questioning,2-chain FAIL: high_seq_identity=0.992,0.9919354838709677,125,../../GraPPI_data/PDB/new_dimer_db/6TQU.pdb
6TTK,A,B,"A,B,C,D",4,questioning,multi-chain FAIL: original_high_seq_identity=1.000; original_low_contacts=0; no_valid_alternative_pair_found,1.0,0,../../GraPPI_data/PDB/new_dimer_db/6TTK.pdb
6TWQ,B,A,"B,A",2,questioning,2-chain FAIL: high_seq_identity=0.998,0.9976303317535545,35,../../GraPPI_data/PDB/new_dimer_db/6TWQ.pdb
6TWU,A,B,"A,B",2,questioning,2-chain FAIL: high_seq_identity=1.000,1.0,35,../../GraPPI_data/PDB/new_dimer_db/6TWU.pdb
6TWX,A,B,"A,B",2,questioning,2-chain FAIL: high_seq_identity=1.000,1.0,34,../../GraPPI_data/PDB/new_dimer_db/6TWX.pdb
6TWY,A,B,"A,B",2,questioning,2-chain FAIL: high_seq_identity=1.000,1.0,35,../../GraPPI_data/PDB/new_dimer_db/6TWY.pdb
6U4A,A,B,"A,B",2,questioning,2-chain FAIL: high_seq_identity=0.968,0.967741935483871,123,../../GraPPI_data/PDB/new_dimer_db/6U4A.pdb
6U61,A,B,"A,B",2,questioning,2-chain FAIL: high_seq_identity=0.992,0.9915254237288136,52,../../GraPPI_data/PDB/new_dimer_db/6U61.pdb
6UBH,A,B,"A,B,C,D",4,questioning,multi-chain FAIL: original_high_seq_identity=0.989; no_valid_alternative_pair_found,0.9891304347826086,49,../../GraPPI_data/PDB/new_dimer_db/6UBH.pdb
6UJ0,A,B,"A,B",2,questioning,2-chain FAIL: high_seq_identity=0.976,0.9757412398921833,23,../../GraPPI_data/PDB/new_dimer_db/6UJ0.pdb
6URQ,A,B,"A,B",2,questioning,2-chain FAIL: high_seq_identity=0.994,0.9935275080906149,268,../../GraPPI_data/PDB/new_dimer_db/6URQ.pdb
6UYS,A,C,"A,C",2,questioning,2-chain FAIL: high_seq_identity=0.987,0.9866666666666667,35,../../GraPPI_data/PDB/new_dimer_db/6UYS.pdb
6UYU,A,C,"A,C",2,questioning,2-chain FAIL: high_seq_identity=0.962,0.9615384615384616,24,../../GraPPI_data/PDB/new_dimer_db/6UYU.pdb
6UYX,C,A,"C,A",2,questioning,2-chain FAIL: high_seq_identity=0.974,0.9743589743589743,39,../../GraPPI_data/PDB/new_dimer_db/6UYX.pdb
6V2H,A,C,"A,C,E,G,I,K",6,questioning,multi-chain FAIL: original_high_seq_identity=0.950; no_valid_alternative_pair_found,0.95,69,../../GraPPI_data/PDB/new_dimer_db/6V2H.pdb
6V2S,A,B,"A,B",2,questioning,2-chain FAIL: high_seq_identity=0.967,0.9672131147540983,28,../../GraPPI_data/PDB/new_dimer_db/6V2S.pdb
6V7O,A,B,"A,B",2,questioning,2-chain FAIL: high_seq_identity=0.996,0.9964788732394366,79,../../GraPPI_data/PDB/new_dimer_db/6V7O.pdb
6V84,A,B,"A,B",2,questioning,2-chain FAIL: high_seq_identity=1.000,1.0,49,../../GraPPI_data/PDB/new_dimer_db/6V84.pdb
6VZR,A,G,"A,B,C,D,F,G",6,questioning,multi-chain FAIL: original_high_seq_identity=-1.000; no_valid_alternative_pair_found,-1.0,7,../../GraPPI_data/PDB/new_dimer_db/6VZR.pdb
6VZT,D,A,"A,B,D",3,questioning,multi-chain FAIL: original_high_seq_identity=-1.000; no_valid_alternative_pair_found,-1.0,20,../../GraPPI_data/PDB/new_dimer_db/6VZT.pdb
6VZU,M,A,"A,B,C,D,M,N",6,questioning,multi-chain FAIL: original_high_seq_identity=-1.000; no_valid_alternative_pair_found,-1.0,33,../../GraPPI_data/PDB/new_dimer_db/6VZU.pdb
6VZV,J,A,"A,B,C,D,I,J",6,questioning,multi-chain FAIL: original_high_seq_identity=-1.000; no_valid_alternative_pair_found,-1.0,35,../../GraPPI_data/PDB/new_dimer_db/6VZV.pdb
6WF3,A,B,"A,B,C,D,E,F",6,questioning,multi-chain FAIL: original_high_seq_identity=1.000; no_valid_alternative_pair_found,1.0,56,../../GraPPI_data/PDB/new_dimer_db/6WF3.pdb
6WF5,A,B,"A,B",2,questioning,2-chain FAIL: high_seq_identity=0.964,0.9636363636363636,45,../../GraPPI_data/PDB/new_dimer_db/6WF5.pdb
6WHN,A,B,"A,B,C",3,questioning,multi-chain FAIL: original_high_seq_identity=0.979; no_valid_alternative_pair_found,0.9786666666666667,61,../../GraPPI_data/PDB/new_dimer_db/6WHN.pdb
6WHO,A,B,"A,B,C",3,questioning,multi-chain FAIL: original_high_seq_identity=0.979; no_valid_alternative_pair_found,0.9786096256684492,64,../../GraPPI_data/PDB/new_dimer_db/6WHO.pdb
6WHQ,A,B,"A,B,C",3,questioning,multi-chain FAIL: original_high_seq_identity=0.979; no_valid_alternative_pair_found,0.9786096256684492,66,../../GraPPI_data/PDB/new_dimer_db/6WHQ.pdb
6WHZ,A,B,"A,B,C",3,questioning,multi-chain FAIL: original_high_seq_identity=0.978; no_valid_alternative_pair_found,0.978494623655914,67,../../GraPPI_data/PDB/new_dimer_db/6WHZ.pdb
6WI3,A,B,"A,B,C",3,questioning,multi-chain FAIL: original_high_seq_identity=0.984; no_valid_alternative_pair_found,0.9838709677419355,71,../../GraPPI_data/PDB/new_dimer_db/6WI3.pdb
6WI4,A,B,"A,B",2,questioning,2-chain FAIL: high_seq_identity=1.000,1.0,216,../../GraPPI_data/PDB/new_dimer_db/6WI4.pdb
6WM1,A,C,"A,C",2,questioning,2-chain FAIL: high_seq_identity=0.980,0.9801980198019802,176,../../GraPPI_data/PDB/new_dimer_db/6WM1.pdb
6WO2,A,B,"A,B",2,questioning,2-chain FAIL: high_seq_identity=1.000,1.0,165,../../GraPPI_data/PDB/new_dimer_db/6WO2.pdb
6WUU,A,B,"A,B,C,D",4,questioning,multi-chain FAIL: original_high_seq_identity=0.991; no_valid_alternative_pair_found,0.9906542056074766,87,../../GraPPI_data/PDB/new_dimer_db/6WUU.pdb
6WZX,A,B,"A,B",2,questioning,2-chain FAIL: high_seq_identity=1.000,1.0,107,../../GraPPI_data/PDB/new_dimer_db/6WZX.pdb
6XA6,B,A,"B,A",2,questioning,2-chain FAIL: high_seq_identity=0.988,0.9880952380952381,15,../../GraPPI_data/PDB/new_dimer_db/6XA6.pdb
6XA8,A,B,"A,B",2,questioning,2-chain FAIL: high_seq_identity=1.000,1.0,93,../../GraPPI_data/PDB/new_dimer_db/6XA8.pdb
6XBE,A,B,"A,B,C,D",4,questioning,multi-chain FAIL: original_high_seq_identity=1.000; no_valid_alternative_pair_found,1.0,38,../../GraPPI_data/PDB/new_dimer_db/6XBE.pdb
6XBF,A,B,"A,B,C,D",4,questioning,multi-chain FAIL: original_high_seq_identity=1.000; no_valid_alternative_pair_found,1.0,40,../../GraPPI_data/PDB/new_dimer_db/6XBF.pdb
6XCI,B,A,"B,A",2,questioning,2-chain FAIL: high_seq_identity=0.982,0.9824561403508771,133,../../GraPPI_data/PDB/new_dimer_db/6XCI.pdb
6XMU,A,B,"A,B",2,questioning,2-chain FAIL: high_seq_identity=-1.000,-1.0,52,../../GraPPI_data/PDB/new_dimer_db/6XMU.pdb
6XVT,A,B,"A,B",2,questioning,2-chain FAIL: high_seq_identity=0.973,0.9732142857142857,52,../../GraPPI_data/PDB/new_dimer_db/6XVT.pdb
6XXR,A,B,"A,B",2,questioning,2-chain FAIL: high_seq_identity=0.964,0.9642857142857143,50,../../GraPPI_data/PDB/new_dimer_db/6XXR.pdb
6Z00,A,B,"A,B",2,questioning,2-chain FAIL: high_seq_identity=0.968,0.967948717948718,76,../../GraPPI_data/PDB/new_dimer_db/6Z00.pdb
6ZBX,A,B,"A,B",2,questioning,2-chain FAIL: high_seq_identity=1.000,1.0,61,../../GraPPI_data/PDB/new_dimer_db/6ZBX.pdb
6ZMP,A,B,"A,B",2,questioning,2-chain FAIL: high_seq_identity=1.000,1.0,65,../../GraPPI_data/PDB/new_dimer_db/6ZMP.pdb
6ZUF,A,B,"A,B",2,questioning,2-chain FAIL: high_seq_identity=0.994,0.9935064935064936,30,../../GraPPI_data/PDB/new_dimer_db/6ZUF.pdb
6ZWK,A,B,"A,B,C,D,E,F",6,questioning,multi-chain FAIL: original_high_seq_identity=1.000; no_valid_alternative_pair_found,1.0,47,../../GraPPI_data/PDB/new_dimer_db/6ZWK.pdb
7A1I,A,C,"A,C",2,questioning,2-chain FAIL: high_seq_identity=0.972,0.9719626168224299,24,../../GraPPI_data/PDB/new_dimer_db/7A1I.pdb
7AA7,A,B,"A,B",2,questioning,2-chain FAIL: high_seq_identity=0.991,0.991304347826087,13,../../GraPPI_data/PDB/new_dimer_db/7AA7.pdb
7AA9,A,C,"A,C,E,G,I,K",6,questioning,multi-chain FAIL: original_high_seq_identity=0.992; no_valid_alternative_pair_found,0.9915254237288136,19,../../GraPPI_data/PDB/new_dimer_db/7AA9.pdb
7AGB,A,B,"A,B,C,D",4,questioning,multi-chain FAIL: original_high_seq_identity=1.000; original_low_contacts=0; no_valid_alternative_pair_found,1.0,0,../../GraPPI_data/PDB/new_dimer_db/7AGB.pdb
7AGC,A,B,"A,B,D,F",4,questioning,multi-chain FAIL: original_high_seq_identity=1.000; no_valid_alternative_pair_found,1.0,157,../../GraPPI_data/PDB/new_dimer_db/7AGC.pdb
7AGE,A,B,"A,B,D,F",4,questioning,multi-chain FAIL: original_high_seq_identity=1.000; original_low_contacts=0; no_valid_alternative_pair_found,1.0,0,../../GraPPI_data/PDB/new_dimer_db/7AGE.pdb
7AKO,A,B,"A,B",2,questioning,2-chain FAIL: high_seq_identity=0.996,0.996309963099631,52,../../GraPPI_data/PDB/new_dimer_db/7AKO.pdb
7BCY,A,B,"A,B",2,questioning,2-chain FAIL: high_seq_identity=0.993,0.9933993399339934,22,../../GraPPI_data/PDB/new_dimer_db/7BCY.pdb
7BN1,A,B,"A,B",2,questioning,2-chain FAIL: high_seq_identity=0.997,0.997229916897507,137,../../GraPPI_data/PDB/new_dimer_db/7BN1.pdb
7CNU,A,B,"A,B,E",3,questioning,multi-chain FAIL: original_high_seq_identity=0.954; no_valid_alternative_pair_found,0.9540229885057471,30,../../GraPPI_data/PDB/new_dimer_db/7CNU.pdb
7E74,A,B,"A,B,C,D",4,questioning,multi-chain FAIL: original_high_seq_identity=0.993; no_valid_alternative_pair_found,0.9927536231884058,56,../../GraPPI_data/PDB/new_dimer_db/7E74.pdb
7EA7,A,B,"A,B",2,questioning,2-chain FAIL: high_seq_identity=0.983,0.9827586206896551,63,../../GraPPI_data/PDB/new_dimer_db/7EA7.pdb
7EF1,A,B,"A,B",2,questioning,2-chain FAIL: high_seq_identity=0.959,0.9594594594594594,67,../../GraPPI_data/PDB/new_dimer_db/7EF1.pdb
7EF2,A,B,"A,B",2,questioning,2-chain FAIL: high_seq_identity=0.959,0.9594594594594594,64,../../GraPPI_data/PDB/new_dimer_db/7EF2.pdb
7EF3,A,B,"A,B",2,questioning,2-chain FAIL: high_seq_identity=0.993,0.9932432432432432,66,../../GraPPI_data/PDB/new_dimer_db/7EF3.pdb
7EID,A,B,"A,B",2,questioning,2-chain FAIL: high_seq_identity=0.993,0.9928057553956835,28,../../GraPPI_data/PDB/new_dimer_db/7EID.pdb
7F87,A,B,"A,B",2,questioning,2-chain FAIL: high_seq_identity=1.000,1.0,69,../../GraPPI_data/PDB/new_dimer_db/7F87.pdb
7FI3,A,B,"A,B,C,D",4,questioning,multi-chain FAIL: original_high_seq_identity=1.000; no_valid_alternative_pair_found,1.0,126,../../GraPPI_data/PDB/new_dimer_db/7FI3.pdb
7JHX,A,B,"A,B",2,questioning,2-chain FAIL: high_seq_identity=0.991,0.9914529914529915,95,../../GraPPI_data/PDB/new_dimer_db/7JHX.pdb
7JJC,A,B,"A,B,C,D",4,questioning,multi-chain FAIL: original_high_seq_identity=0.958; no_valid_alternative_pair_found,0.9578313253012049,115,../../GraPPI_data/PDB/new_dimer_db/7JJC.pdb
7JTV,B,A,"B,A",2,questioning,2-chain FAIL: high_seq_identity=0.999,0.998868778280543,183,../../GraPPI_data/PDB/new_dimer_db/7JTV.pdb
7JVV,A,B,"A,B",2,questioning,2-chain FAIL: high_seq_identity=1.000,1.0,119,../../GraPPI_data/PDB/new_dimer_db/7JVV.pdb
7JZO,A,B,"A,B",2,questioning,2-chain FAIL: high_seq_identity=1.000,1.0,48,../../GraPPI_data/PDB/new_dimer_db/7JZO.pdb
7JZP,A,B,"A,B",2,questioning,2-chain FAIL: high_seq_identity=1.000,1.0,50,../../GraPPI_data/PDB/new_dimer_db/7JZP.pdb
7JZR,A,B,"A,B",2,questioning,2-chain FAIL: high_seq_identity=1.000,1.0,48,../../GraPPI_data/PDB/new_dimer_db/7JZR.pdb
7K28,A,B,"A,B",2,questioning,2-chain FAIL: high_seq_identity=1.000,1.0,66,../../GraPPI_data/PDB/new_dimer_db/7K28.pdb
7K29,A,B,"A,B",2,questioning,2-chain FAIL: high_seq_identity=0.976,0.9758620689655172,59,../../GraPPI_data/PDB/new_dimer_db/7K29.pdb
7K2A,A,B,"A,B",2,questioning,2-chain FAIL: high_seq_identity=0.976,0.9758620689655172,45,../../GraPPI_data/PDB/new_dimer_db/7K2A.pdb
7K2B,A,B,"A,B",2,questioning,2-chain FAIL: high_seq_identity=0.990,0.9895104895104895,106,../../GraPPI_data/PDB/new_dimer_db/7K2B.pdb
7K2C,A,B,"A,B",2,questioning,2-chain FAIL: high_seq_identity=0.976,0.9758620689655172,51,../../GraPPI_data/PDB/new_dimer_db/7K2C.pdb
7K2D,A,B,"A,B",2,questioning,2-chain FAIL: high_seq_identity=0.989,0.9893992932862191,103,../../GraPPI_data/PDB/new_dimer_db/7K2D.pdb
7K2E,A,B,"A,B",2,questioning,2-chain FAIL: high_seq_identity=0.972,0.9724137931034482,57,../../GraPPI_data/PDB/new_dimer_db/7K2E.pdb
7K2F,X,A,"X,A",2,questioning,2-chain FAIL: high_seq_identity=1.000,1.0,61,../../GraPPI_data/PDB/new_dimer_db/7K2F.pdb
7K2G,A,B,"A,B",2,questioning,2-chain FAIL: high_seq_identity=0.983,0.9826388888888888,63,../../GraPPI_data/PDB/new_dimer_db/7K2G.pdb
7K2H,A,B,"A,B",2,questioning,2-chain FAIL: high_seq_identity=0.983,0.9826388888888888,62,../../GraPPI_data/PDB/new_dimer_db/7K2H.pdb
7K2I,A,B,"A,B",2,questioning,2-chain FAIL: high_seq_identity=0.982,0.9824561403508771,70,../../GraPPI_data/PDB/new_dimer_db/7K2I.pdb
7K2J,A,B,"A,B",2,questioning,2-chain FAIL: high_seq_identity=0.983,0.9826388888888888,108,../../GraPPI_data/PDB/new_dimer_db/7K2J.pdb
7K2K,A,B,"A,B",2,questioning,2-chain FAIL: high_seq_identity=0.983,0.9826388888888888,100,../../GraPPI_data/PDB/new_dimer_db/7K2K.pdb
7K2L,B,A,"B,A",2,questioning,2-chain FAIL: high_seq_identity=0.983,0.9826989619377162,58,../../GraPPI_data/PDB/new_dimer_db/7K2L.pdb
7K2M,B,A,"B,A",2,questioning,2-chain FAIL: high_seq_identity=0.983,0.9826989619377162,55,../../GraPPI_data/PDB/new_dimer_db/7K2M.pdb
7K2N,A,B,"A,B",2,questioning,2-chain FAIL: high_seq_identity=0.976,0.9758620689655172,49,../../GraPPI_data/PDB/new_dimer_db/7K2N.pdb
7K2O,A,B,"A,B",2,questioning,2-chain FAIL: high_seq_identity=0.976,0.9758620689655172,50,../../GraPPI_data/PDB/new_dimer_db/7K2O.pdb
7K2P,A,B,"A,B",2,questioning,2-chain FAIL: high_seq_identity=0.976,0.9758620689655172,53,../../GraPPI_data/PDB/new_dimer_db/7K2P.pdb
7K2Q,A,B,"A,B",2,questioning,2-chain FAIL: high_seq_identity=0.983,0.9826388888888888,111,../../GraPPI_data/PDB/new_dimer_db/7K2Q.pdb
7K2R,B,A,"B,A",2,questioning,2-chain FAIL: high_seq_identity=0.983,0.9826989619377162,61,../../GraPPI_data/PDB/new_dimer_db/7K2R.pdb
7K2S,B,A,"B,A",2,questioning,2-chain FAIL: high_seq_identity=0.983,0.9826989619377162,66,../../GraPPI_data/PDB/new_dimer_db/7K2S.pdb
7KD7,D,A,"D,A",2,questioning,2-chain FAIL: high_seq_identity=0.990,0.9901960784313726,68,../../GraPPI_data/PDB/new_dimer_db/7KD7.pdb
7KLZ,A,B,"A,B",2,questioning,2-chain FAIL: high_seq_identity=0.993,0.9928057553956835,99,../../GraPPI_data/PDB/new_dimer_db/7KLZ.pdb
7KPU,D,A,"D,A",2,questioning,2-chain FAIL: high_seq_identity=0.980,0.9797979797979798,68,../../GraPPI_data/PDB/new_dimer_db/7KPU.pdb
7LFV,B,A,"B,A",2,questioning,2-chain FAIL: high_seq_identity=0.987,0.9873015873015873,137,../../GraPPI_data/PDB/new_dimer_db/7LFV.pdb
7LIO,A,B,"A,B",2,questioning,2-chain FAIL: high_seq_identity=1.000,1.0,79,../../GraPPI_data/PDB/new_dimer_db/7LIO.pdb
7LKY,A,B,"A,B,C,D,E,F,G,H",8,questioning,multi-chain FAIL: original_high_seq_identity=0.982; original_low_contacts=2; no_valid_alternative_pair_found,0.9821428571428571,2,../../GraPPI_data/PDB/new_dimer_db/7LKY.pdb
7LMK,A,B,"A,B,C,D",4,questioning,multi-chain FAIL: original_high_seq_identity=0.987; original_low_contacts=0; no_valid_alternative_pair_found,0.9873417721518988,0,../../GraPPI_data/PDB/new_dimer_db/7LMK.pdb
7LMM,A,B,"A,B,C,D",4,questioning,multi-chain FAIL: original_high_seq_identity=0.994; original_low_contacts=0; no_valid_alternative_pair_found,0.9936708860759493,0,../../GraPPI_data/PDB/new_dimer_db/7LMM.pdb
7MSO,A,B,"A,B",2,questioning,2-chain FAIL: high_seq_identity=0.968; low_contacts=1,0.9683257918552036,1,../../GraPPI_data/PDB/new_dimer_db/7MSO.pdb
7MW1,A,B,"A,B",2,questioning,2-chain FAIL: high_seq_identity=1.000,1.0,110,../../GraPPI_data/PDB/new_dimer_db/7MW1.pdb
7MX1,A,B,"A,B",2,questioning,2-chain FAIL: high_seq_identity=0.991,0.990990990990991,14,../../GraPPI_data/PDB/new_dimer_db/7MX1.pdb
7N27,A,B,"A,B,C,D,E,F",6,questioning,multi-chain FAIL: original_high_seq_identity=1.000; original_low_contacts=0; no_valid_alternative_pair_found,1.0,0,../../GraPPI_data/PDB/new_dimer_db/7N27.pdb
7NTJ,B,A,"B,A",2,questioning,2-chain FAIL: high_seq_identity=1.000,1.0,67,../../GraPPI_data/PDB/new_dimer_db/7NTJ.pdb
7NTK,A,B,"A,B,D,F",4,questioning,multi-chain FAIL: original_high_seq_identity=0.988; no_valid_alternative_pair_found,0.9883720930232558,70,../../GraPPI_data/PDB/new_dimer_db/7NTK.pdb
7O50,A,B,"A,B",2,questioning,2-chain FAIL: high_seq_identity=1.000,1.0,65,../../GraPPI_data/PDB/new_dimer_db/7O50.pdb
7OWM,A,B,"A,B",2,questioning,2-chain FAIL: high_seq_identity=0.987,0.9872448979591837,117,../../GraPPI_data/PDB/new_dimer_db/7OWM.pdb
7OWN,A,B,"A,B",2,questioning,2-chain FAIL: high_seq_identity=1.000,1.0,121,../../GraPPI_data/PDB/new_dimer_db/7OWN.pdb
7OWO,A,B,"A,B",2,questioning,2-chain FAIL: high_seq_identity=0.992,0.9923469387755102,127,../../GraPPI_data/PDB/new_dimer_db/7OWO.pdb
7OWP,A,B,"A,B",2,questioning,2-chain FAIL: high_seq_identity=0.995,0.9949238578680203,121,../../GraPPI_data/PDB/new_dimer_db/7OWP.pdb
7OWQ,A,B,"A,B",2,questioning,2-chain FAIL: high_seq_identity=0.982,0.9821882951653944,115,../../GraPPI_data/PDB/new_dimer_db/7OWQ.pdb
7OWR,A,B,"A,B",2,questioning,2-chain FAIL: high_seq_identity=0.992,0.9923273657289002,126,../../GraPPI_data/PDB/new_dimer_db/7OWR.pdb
7OWU,A,B,"A,B",2,questioning,2-chain FAIL: high_seq_identity=0.990,0.9898734177215189,123,../../GraPPI_data/PDB/new_dimer_db/7OWU.pdb
7P0L,A,B,"A,B",2,questioning,2-chain FAIL: high_seq_identity=1.000,1.0,66,../../GraPPI_data/PDB/new_dimer_db/7P0L.pdb
7P71,A,B,"A,B",2,questioning,2-chain FAIL: high_seq_identity=0.993,0.9929078014184397,39,../../GraPPI_data/PDB/new_dimer_db/7P71.pdb
7PC7,A,B,"A,B",2,questioning,2-chain FAIL: high_seq_identity=0.985,0.9851485148514851,60,../../GraPPI_data/PDB/new_dimer_db/7PC7.pdb
7PC8,A,B,"A,B",2,questioning,2-chain FAIL: high_seq_identity=0.990,0.9903147699757869,75,../../GraPPI_data/PDB/new_dimer_db/7PC8.pdb
7PC9,B,A,"B,A",2,questioning,2-chain FAIL: high_seq_identity=0.975,0.9754299754299754,108,../../GraPPI_data/PDB/new_dimer_db/7PC9.pdb
7Q41,A,C,"A,C,E",3,questioning,multi-chain FAIL: original_high_seq_identity=0.997; no_valid_alternative_pair_found,0.997289972899729,26,../../GraPPI_data/PDB/new_dimer_db/7Q41.pdb
7Q43,C,A,"C,A,E",3,questioning,multi-chain FAIL: original_high_seq_identity=0.997; no_valid_alternative_pair_found,0.997289972899729,29,../../GraPPI_data/PDB/new_dimer_db/7Q43.pdb
7Q46,A,C,"A,C,E",3,questioning,multi-chain FAIL: original_high_seq_identity=0.997; no_valid_alternative_pair_found,0.997289972899729,27,../../GraPPI_data/PDB/new_dimer_db/7Q46.pdb
7QCT,A,B,"A,B",2,questioning,2-chain FAIL: high_seq_identity=1.000,1.0,43,../../GraPPI_data/PDB/new_dimer_db/7QCT.pdb
7QQL,C,A,"C,A,B",3,questioning,multi-chain FAIL: original_high_seq_identity=0.970; no_valid_alternative_pair_found,0.9702233250620348,58,../../GraPPI_data/PDB/new_dimer_db/7QQL.pdb
7QQN,A,C,"A,C",2,questioning,2-chain FAIL: high_seq_identity=0.998,0.9975845410628019,54,../../GraPPI_data/PDB/new_dimer_db/7QQN.pdb
7QRS,A,B,"A,B",2,questioning,2-chain FAIL: high_seq_identity=0.961,0.9611650485436893,20,../../GraPPI_data/PDB/new_dimer_db/7QRS.pdb
7QS8,A,B,"A,B",2,questioning,2-chain FAIL: high_seq_identity=0.963,0.9634146341463414,74,../../GraPPI_data/PDB/new_dimer_db/7QS8.pdb
7QS9,A,B,"A,B",2,questioning,2-chain FAIL: high_seq_identity=0.978,0.9782608695652174,53,../../GraPPI_data/PDB/new_dimer_db/7QS9.pdb
7QTU,A,B,"B,A,E,G",4,questioning,multi-chain FAIL: original_high_seq_identity=0.952; original_low_contacts=0; no_valid_alternative_pair_found,0.9518072289156626,0,../../GraPPI_data/PDB/new_dimer_db/7QTU.pdb
7R2M,D,A,"D,A",2,questioning,2-chain FAIL: high_seq_identity=1.000; low_contacts=0,1.0,0,../../GraPPI_data/PDB/new_dimer_db/7R2M.pdb
7RJK,A,B,"A,B",2,questioning,2-chain FAIL: high_seq_identity=0.984,0.9836065573770492,134,../../GraPPI_data/PDB/new_dimer_db/7RJK.pdb
7RJN,A,B,"A,B",2,questioning,2-chain FAIL: high_seq_identity=0.984,0.9836065573770492,136,../../GraPPI_data/PDB/new_dimer_db/7RJN.pdb
7RNU,A,C,"A,C,E,G",4,questioning,multi-chain FAIL: original_high_seq_identity=0.973; no_valid_alternative_pair_found,0.9727272727272728,57,../../GraPPI_data/PDB/new_dimer_db/7RNU.pdb
7RUQ,A,C,"A,C",2,questioning,2-chain FAIL: high_seq_identity=0.984,0.9838709677419355,51,../../GraPPI_data/PDB/new_dimer_db/7RUQ.pdb
7S4O,A,B,"A,B",2,questioning,2-chain FAIL: high_seq_identity=0.953,0.9529411764705882,51,../../GraPPI_data/PDB/new_dimer_db/7S4O.pdb
7SVD,A,B,"A,B",2,questioning,2-chain FAIL: high_seq_identity=-1.000,-1.0,64,../../GraPPI_data/PDB/new_dimer_db/7SVD.pdb
7T1L,A,B,"A,B",2,questioning,2-chain FAIL: high_seq_identity=0.990,0.99,33,../../GraPPI_data/PDB/new_dimer_db/7T1L.pdb
7T1U,A,B,"A,B",2,questioning,2-chain FAIL: high_seq_identity=0.981,0.9813084112149533,60,../../GraPPI_data/PDB/new_dimer_db/7T1U.pdb
7VEC,A,B,"A,B,C,D,E,F,G,H,I,J,K,L",12,questioning,multi-chain FAIL: original_high_seq_identity=1.000; no_valid_alternative_pair_found,1.0,29,../../GraPPI_data/PDB/new_dimer_db/7VEC.pdb
7VFM,A,C,"A,C",2,questioning,2-chain FAIL: high_seq_identity=0.954,0.954183266932271,172,../../GraPPI_data/PDB/new_dimer_db/7VFM.pdb
7VFN,A,C,"A,C",2,questioning,2-chain FAIL: high_seq_identity=0.970,0.9698795180722891,170,../../GraPPI_data/PDB/new_dimer_db/7VFN.pdb
7VMW,A,B,"A,B",2,questioning,2-chain FAIL: high_seq_identity=0.993,0.9932432432432432,46,../../GraPPI_data/PDB/new_dimer_db/7VMW.pdb
7W0S,B,C,"B,C,E",3,questioning,multi-chain FAIL: original_high_seq_identity=1.000; no_valid_alternative_pair_found,1.0,71,../../GraPPI_data/PDB/new_dimer_db/7W0S.pdb
7W0T,F,C,"F,C,B",3,questioning,multi-chain FAIL: original_high_seq_identity=0.994; no_valid_alternative_pair_found,0.9941176470588236,35,../../GraPPI_data/PDB/new_dimer_db/7W0T.pdb
7WEG,A,B,"A,B",2,questioning,2-chain FAIL: high_seq_identity=1.000,1.0,20,../../GraPPI_data/PDB/new_dimer_db/7WEG.pdb
7WHU,D,A,"D,A,B,C",4,questioning,multi-chain FAIL: original_high_seq_identity=1.000; no_valid_alternative_pair_found,1.0,96,../../GraPPI_data/PDB/new_dimer_db/7WHU.pdb
7X8B,A,C,"A,C",2,questioning,2-chain FAIL: high_seq_identity=0.980,0.9797297297297297,80,../../GraPPI_data/PDB/new_dimer_db/7X8B.pdb
7X8F,A,C,"A,C",2,questioning,2-chain FAIL: high_seq_identity=0.993,0.9932885906040269,83,../../GraPPI_data/PDB/new_dimer_db/7X8F.pdb
7X8G,A,C,"A,C",2,questioning,2-chain FAIL: high_seq_identity=0.973,0.9726027397260274,65,../../GraPPI_data/PDB/new_dimer_db/7X8G.pdb
7XGJ,A,B,"A,B,C",3,questioning,multi-chain FAIL: original_high_seq_identity=0.982; no_valid_alternative_pair_found,0.9821428571428571,92,../../GraPPI_data/PDB/new_dimer_db/7XGJ.pdb
7XJO,A,B,"A,B",2,questioning,2-chain FAIL: high_seq_identity=0.994,0.9939759036144579,108,../../GraPPI_data/PDB/new_dimer_db/7XJO.pdb
7XTY,A,B,"A,B",2,questioning,2-chain FAIL: high_seq_identity=0.978,0.978021978021978,74,../../GraPPI_data/PDB/new_dimer_db/7XTY.pdb
7Y3I,A,B,"A,B,C,D",4,questioning,multi-chain FAIL: original_high_seq_identity=0.981; original_low_contacts=1; no_valid_alternative_pair_found,0.9814814814814815,1,../../GraPPI_data/PDB/new_dimer_db/7Y3I.pdb
7YC2,A,B,"A,B,C,D",4,questioning,multi-chain FAIL: original_high_seq_identity=0.979; no_valid_alternative_pair_found,0.9790794979079498,26,../../GraPPI_data/PDB/new_dimer_db/7YC2.pdb
7YTA,A,B,"A,B,C",3,questioning,multi-chain FAIL: original_high_seq_identity=0.950; no_valid_alternative_pair_found,0.950354609929078,36,../../GraPPI_data/PDB/new_dimer_db/7YTA.pdb
7YX8,A,B,"A,B",2,questioning,2-chain FAIL: high_seq_identity=0.995,0.9954545454545455,71,../../GraPPI_data/PDB/new_dimer_db/7YX8.pdb
7ZB0,A,B,"A,B,C,D",4,questioning,multi-chain FAIL: original_high_seq_identity=0.996; no_valid_alternative_pair_found,0.9958333333333333,11,../../GraPPI_data/PDB/new_dimer_db/7ZB0.pdb
7ZB1,A,B,"A,B,C,D",4,questioning,multi-chain FAIL: original_high_seq_identity=0.990; no_valid_alternative_pair_found,0.9903448275862069,82,../../GraPPI_data/PDB/new_dimer_db/7ZB1.pdb
7ZY4,A,B,"A,B",2,questioning,2-chain FAIL: high_seq_identity=0.997,0.9967320261437909,315,../../GraPPI_data/PDB/new_dimer_db/7ZY4.pdb
8A42,A,G,"A,G",2,questioning,2-chain FAIL: high_seq_identity=-1.000,-1.0,122,../../GraPPI_data/PDB/new_dimer_db/8A42.pdb
8A5B,A,B,"A,B,C,D",4,questioning,multi-chain FAIL: original_high_seq_identity=1.000; no_valid_alternative_pair_found,1.0,59,../../GraPPI_data/PDB/new_dimer_db/8A5B.pdb
8A5M,A,B,"A,B",2,questioning,2-chain FAIL: high_seq_identity=0.982,0.9824561403508771,31,../../GraPPI_data/PDB/new_dimer_db/8A5M.pdb
8A8X,A,C,"A,C",2,questioning,2-chain FAIL: high_seq_identity=1.000,1.0,80,../../GraPPI_data/PDB/new_dimer_db/8A8X.pdb
8AB5,A,B,"A,B",2,questioning,2-chain FAIL: high_seq_identity=1.000,1.0,32,../../GraPPI_data/PDB/new_dimer_db/8AB5.pdb
8ACK,B,A,"B,A",2,questioning,2-chain FAIL: high_seq_identity=1.000; low_contacts=2,1.0,2,../../GraPPI_data/PDB/new_dimer_db/8ACK.pdb
8AI2,A,B,"A,B",2,questioning,2-chain FAIL: high_seq_identity=0.981,0.9814241486068112,110,../../GraPPI_data/PDB/new_dimer_db/8AI2.pdb
8AI4,A,B,"A,B",2,questioning,2-chain FAIL: high_seq_identity=0.975,0.9752321981424149,114,../../GraPPI_data/PDB/new_dimer_db/8AI4.pdb
8ARN,A,B,"A,B",2,questioning,2-chain FAIL: high_seq_identity=0.998,0.9980353634577603,52,../../GraPPI_data/PDB/new_dimer_db/8ARN.pdb
8B2F,A,B,"A,B",2,questioning,2-chain FAIL: high_seq_identity=1.000,1.0,17,../../GraPPI_data/PDB/new_dimer_db/8B2F.pdb
8B58,A,B,"A,B",2,questioning,2-chain FAIL: high_seq_identity=0.995,0.995,56,../../GraPPI_data/PDB/new_dimer_db/8B58.pdb
8B5B,A,B,"A,B,C",3,questioning,multi-chain FAIL: original_high_seq_identity=0.984; no_valid_alternative_pair_found,0.984251968503937,60,../../GraPPI_data/PDB/new_dimer_db/8B5B.pdb
8BBK,A,B,"A,B,C,D,E,F",6,questioning,multi-chain FAIL: original_high_seq_identity=1.000; no_valid_alternative_pair_found,1.0,50,../../GraPPI_data/PDB/new_dimer_db/8BBK.pdb
8BP4,A,B,"A,B,C",3,questioning,multi-chain FAIL: original_high_seq_identity=0.989; original_low_contacts=1; no_valid_alternative_pair_found,0.989247311827957,1,../../GraPPI_data/PDB/new_dimer_db/8BP4.pdb
8C1T,D,A,"D,A,B,C",4,questioning,multi-chain FAIL: original_high_seq_identity=0.989; no_valid_alternative_pair_found,0.9888888888888889,16,../../GraPPI_data/PDB/new_dimer_db/8C1T.pdb
8CD8,A,C,"A,C",2,questioning,2-chain FAIL: high_seq_identity=1.000,1.0,149,../../GraPPI_data/PDB/new_dimer_db/8CD8.pdb
8CM9,A,B,"A,B,C,D",4,questioning,multi-chain FAIL: original_high_seq_identity=0.993; no_valid_alternative_pair_found,0.9928977272727273,65,../../GraPPI_data/PDB/new_dimer_db/8CM9.pdb
8CN3,A,B,"A,B",2,questioning,2-chain FAIL: high_seq_identity=0.967,0.967032967032967,27,../../GraPPI_data/PDB/new_dimer_db/8CN3.pdb
8COY,A,B,"A,B",2,questioning,2-chain FAIL: high_seq_identity=0.985,0.9851632047477745,40,../../GraPPI_data/PDB/new_dimer_db/8COY.pdb
8CUC,E,F,"E,F,G,H",4,questioning,multi-chain FAIL: original_low_contacts=0; no_valid_alternative_pair_found,0.0,0,../../GraPPI_data/PDB/new_dimer_db/8CUC.pdb
8CZK,A,B,"A,B",2,questioning,2-chain FAIL: high_seq_identity=1.000,1.0,51,../../GraPPI_data/PDB/new_dimer_db/8CZK.pdb
8D3O,A,B,"A,B",2,questioning,2-chain FAIL: high_seq_identity=0.989,0.9886104783599089,92,../../GraPPI_data/PDB/new_dimer_db/8D3O.pdb
8D7M,A,B,"A,B",2,questioning,2-chain FAIL: high_seq_identity=1.000,1.0,151,../../GraPPI_data/PDB/new_dimer_db/8D7M.pdb
8D7N,A,B,"A,B",2,questioning,2-chain FAIL: high_seq_identity=1.000,1.0,149,../../GraPPI_data/PDB/new_dimer_db/8D7N.pdb
8D7O,A,B,"A,B",2,questioning,2-chain FAIL: high_seq_identity=1.000,1.0,143,../../GraPPI_data/PDB/new_dimer_db/8D7O.pdb
8DLE,A,B,"A,B",2,questioning,2-chain FAIL: low_contacts=4,0.0,4,../../GraPPI_data/PDB/new_dimer_db/8DLE.pdb
8EBL,A,B,"A,B",2,questioning,2-chain FAIL: high_seq_identity=0.994,0.9940298507462687,78,../../GraPPI_data/PDB/new_dimer_db/8EBL.pdb
8EBM,A,B,"A,B",2,questioning,2-chain FAIL: high_seq_identity=0.991,0.99079754601227,25,../../GraPPI_data/PDB/new_dimer_db/8EBM.pdb
8EHV,A,B,"A,B",2,questioning,2-chain FAIL: high_seq_identity=0.965,0.9653979238754326,108,../../GraPPI_data/PDB/new_dimer_db/8EHV.pdb
8EIO,A,B,"A,B",2,questioning,2-chain FAIL: high_seq_identity=-1.000,-1.0,72,../../GraPPI_data/PDB/new_dimer_db/8EIO.pdb
8EIQ,A,B,"A,B",2,questioning,2-chain FAIL: high_seq_identity=-1.000,-1.0,62,../../GraPPI_data/PDB/new_dimer_db/8EIQ.pdb
8EJR,A,B,"A,B",2,questioning,2-chain FAIL: high_seq_identity=1.000,1.0,103,../../GraPPI_data/PDB/new_dimer_db/8EJR.pdb
8EJS,A,B,"A,B",2,questioning,2-chain FAIL: high_seq_identity=1.000,1.0,100,../../GraPPI_data/PDB/new_dimer_db/8EJS.pdb
8ENW,A,B,"A,B",2,questioning,2-chain FAIL: high_seq_identity=1.000,1.0,79,../../GraPPI_data/PDB/new_dimer_db/8ENW.pdb
8EQI,A,B,"A,B",2,questioning,2-chain FAIL: high_seq_identity=0.994,0.9943342776203966,22,../../GraPPI_data/PDB/new_dimer_db/8EQI.pdb
8EV1,A,B,"A,B",2,questioning,2-chain FAIL: high_seq_identity=0.962,0.9621848739495799,195,../../GraPPI_data/PDB/new_dimer_db/8EV1.pdb
8EV2,A,B,"A,B",2,questioning,2-chain FAIL: high_seq_identity=0.958,0.9578059071729957,196,../../GraPPI_data/PDB/new_dimer_db/8EV2.pdb
8EYA,A,B,"A,B",2,questioning,2-chain FAIL: high_seq_identity=0.987,0.9867109634551495,86,../../GraPPI_data/PDB/new_dimer_db/8EYA.pdb
8EYB,A,B,"A,B",2,questioning,2-chain FAIL: high_seq_identity=0.956,0.95578231292517,72,../../GraPPI_data/PDB/new_dimer_db/8EYB.pdb
8F88,A,B,"A,B,C",3,questioning,multi-chain FAIL: original_high_seq_identity=0.987; no_valid_alternative_pair_found,0.9865771812080537,35,../../GraPPI_data/PDB/new_dimer_db/8F88.pdb
8F8Y,A,B,"A,B",2,questioning,2-chain FAIL: high_seq_identity=0.979,0.9792147806004619,71,../../GraPPI_data/PDB/new_dimer_db/8F8Y.pdb
8F8Z,A,B,"A,B",2,questioning,2-chain FAIL: high_seq_identity=0.979,0.9792147806004619,80,../../GraPPI_data/PDB/new_dimer_db/8F8Z.pdb
8FUD,A,B,"A,B",2,questioning,2-chain FAIL: high_seq_identity=1.000,1.0,43,../../GraPPI_data/PDB/new_dimer_db/8FUD.pdb
8FXQ,A,B,"A,B",2,questioning,2-chain FAIL: high_seq_identity=0.985,0.9848024316109423,86,../../GraPPI_data/PDB/new_dimer_db/8FXQ.pdb
8GCK,B,A,"B,A",2,questioning,2-chain FAIL: high_seq_identity=0.984,0.984375,96,../../GraPPI_data/PDB/new_dimer_db/8GCK.pdb
8GH7,A,B,"A,B",2,questioning,2-chain FAIL: high_seq_identity=0.989,0.989247311827957,29,../../GraPPI_data/PDB/new_dimer_db/8GH7.pdb
8GZE,A,B,"A,B",2,questioning,2-chain FAIL: high_seq_identity=0.989,0.9887218045112782,74,../../GraPPI_data/PDB/new_dimer_db/8GZE.pdb
8HEO,A,B,"A,B",2,questioning,2-chain FAIL: high_seq_identity=1.000,1.0,46,../../GraPPI_data/PDB/new_dimer_db/8HEO.pdb
8JG4,A,B,"A,B",2,questioning,2-chain FAIL: high_seq_identity=0.994,0.9935064935064936,70,../../GraPPI_data/PDB/new_dimer_db/8JG4.pdb
8OIO,A,B,"A,B,C,D",4,questioning,multi-chain FAIL: original_high_seq_identity=1.000; no_valid_alternative_pair_found,1.0,18,../../GraPPI_data/PDB/new_dimer_db/8OIO.pdb
8OP8,B,A,"B,A",2,questioning,2-chain FAIL: high_seq_identity=-1.000,-1.0,154,../../GraPPI_data/PDB/new_dimer_db/8OP8.pdb
8OS1,B,A,"B,A",2,questioning,2-chain FAIL: high_seq_identity=0.971,0.9706840390879479,103,../../GraPPI_data/PDB/new_dimer_db/8OS1.pdb
8P0Q,A,B,"A,B",2,questioning,2-chain FAIL: high_seq_identity=0.997,0.9967689822294022,122,../../GraPPI_data/PDB/new_dimer_db/8P0Q.pdb
8PKW,A,B,"A,B",2,questioning,2-chain FAIL: high_seq_identity=0.983,0.9828767123287672,47,../../GraPPI_data/PDB/new_dimer_db/8PKW.pdb
8PKX,A,B,"A,B",2,questioning,2-chain FAIL: high_seq_identity=0.990,0.9896907216494846,32,../../GraPPI_data/PDB/new_dimer_db/8PKX.pdb
8Q24,A,B,"A,B",2,questioning,2-chain FAIL: high_seq_identity=0.985,0.9846938775510204,125,../../GraPPI_data/PDB/new_dimer_db/8Q24.pdb
8Q26,A,B,"A,B",2,questioning,2-chain FAIL: high_seq_identity=1.000,1.0,122,../../GraPPI_data/PDB/new_dimer_db/8Q26.pdb
8Q2Z,A,B,"A,B",2,questioning,2-chain FAIL: high_seq_identity=0.997,0.9974554707379135,119,../../GraPPI_data/PDB/new_dimer_db/8Q2Z.pdb
8Q7K,A,B,"A,B",2,questioning,2-chain FAIL: high_seq_identity=0.983,0.9829059829059829,54,../../GraPPI_data/PDB/new_dimer_db/8Q7K.pdb
8QFX,A,B,"A,B,C,D",4,questioning,multi-chain FAIL: original_high_seq_identity=0.993; original_low_contacts=0; no_valid_alternative_pair_found,0.9934747145187602,0,../../GraPPI_data/PDB/new_dimer_db/8QFX.pdb
8QHL,B,A,"B,A",2,questioning,2-chain FAIL: high_seq_identity=0.997,0.996694214876033,113,../../GraPPI_data/PDB/new_dimer_db/8QHL.pdb
8QKE,A,B,"A,B",2,questioning,2-chain FAIL: high_seq_identity=0.991,0.9910714285714286,34,../../GraPPI_data/PDB/new_dimer_db/8QKE.pdb
8QKG,A,B,"A,B",2,questioning,2-chain FAIL: high_seq_identity=0.988,0.9880952380952381,34,../../GraPPI_data/PDB/new_dimer_db/8QKG.pdb
8QKJ,A,B,"A,B",2,questioning,2-chain FAIL: high_seq_identity=0.997,0.9970326409495549,33,../../GraPPI_data/PDB/new_dimer_db/8QKJ.pdb
8QLG,A,B,"A,B",2,questioning,2-chain FAIL: high_seq_identity=1.000,1.0,42,../../GraPPI_data/PDB/new_dimer_db/8QLG.pdb
8R7S,A,B,"A,B",2,questioning,2-chain FAIL: high_seq_identity=1.000,1.0,55,../../GraPPI_data/PDB/new_dimer_db/8R7S.pdb
8R7T,B,A,"B,A",2,questioning,2-chain FAIL: high_seq_identity=0.990,0.9899497487437185,55,../../GraPPI_data/PDB/new_dimer_db/8R7T.pdb
8R7U,B,A,"B,A",2,questioning,2-chain FAIL: high_seq_identity=1.000,1.0,54,../../GraPPI_data/PDB/new_dimer_db/8R7U.pdb
8RBH,A,B,"A,B",2,questioning,2-chain FAIL: high_seq_identity=1.000,1.0,59,../../GraPPI_data/PDB/new_dimer_db/8RBH.pdb
8RS8,A,B,"A,B,C,D",4,questioning,multi-chain FAIL: original_high_seq_identity=0.976; no_valid_alternative_pair_found,0.9761904761904762,52,../../GraPPI_data/PDB/new_dimer_db/8RS8.pdb
8RU4,A,B,"A,B",2,questioning,2-chain FAIL: high_seq_identity=0.998,0.998015873015873,45,../../GraPPI_data/PDB/new_dimer_db/8RU4.pdb
8S31,A,B,"A,B",2,questioning,2-chain FAIL: high_seq_identity=1.000; low_contacts=0,1.0,0,../../GraPPI_data/PDB/new_dimer_db/8S31.pdb
8S6K,A,H,"A,H",2,questioning,2-chain FAIL: high_seq_identity=0.996,0.9957081545064378,34,../../GraPPI_data/PDB/new_dimer_db/8S6K.pdb
8S6N,A,B,"A,B,D,G",4,questioning,multi-chain FAIL: original_high_seq_identity=1.000; no_valid_alternative_pair_found,1.0,20,../../GraPPI_data/PDB/new_dimer_db/8S6N.pdb
8S6O,D,A,"D,A,C,F,I,K,M,O",8,questioning,multi-chain FAIL: original_high_seq_identity=1.000; no_valid_alternative_pair_found,1.0,40,../../GraPPI_data/PDB/new_dimer_db/8S6O.pdb
8SB6,A,B,"A,B,C",3,questioning,multi-chain FAIL: original_high_seq_identity=0.991; no_valid_alternative_pair_found,0.9907407407407407,134,../../GraPPI_data/PDB/new_dimer_db/8SB6.pdb
8SDX,A,B,"A,B",2,questioning,2-chain FAIL: high_seq_identity=1.000,1.0,37,../../GraPPI_data/PDB/new_dimer_db/8SDX.pdb
8SGF,A,B,"A,B",2,questioning,2-chain FAIL: high_seq_identity=0.991,0.9908536585365854,36,../../GraPPI_data/PDB/new_dimer_db/8SGF.pdb
8SII,A,B,"A,B",2,questioning,2-chain FAIL: high_seq_identity=1.000,1.0,30,../../GraPPI_data/PDB/new_dimer_db/8SII.pdb
8SQL,A,B,"A,B",2,questioning,2-chain FAIL: high_seq_identity=-1.000,-1.0,67,../../GraPPI_data/PDB/new_dimer_db/8SQL.pdb
8SQM,A,B,"A,B",2,questioning,2-chain FAIL: high_seq_identity=-1.000,-1.0,51,../../GraPPI_data/PDB/new_dimer_db/8SQM.pdb
8SRU,A,B,"A,B,C,D",4,questioning,multi-chain FAIL: original_high_seq_identity=0.974; no_valid_alternative_pair_found,0.9743589743589743,329,../../GraPPI_data/PDB/new_dimer_db/8SRU.pdb
8SRV,A,B,"A,B",2,questioning,2-chain FAIL: high_seq_identity=0.978,0.9776357827476039,361,../../GraPPI_data/PDB/new_dimer_db/8SRV.pdb
8U2M,A,B,"A,B,C",3,questioning,multi-chain FAIL: original_high_seq_identity=0.995; no_valid_alternative_pair_found,0.9947643979057592,114,../../GraPPI_data/PDB/new_dimer_db/8U2M.pdb
8V0E,A,B,"A,B",2,questioning,2-chain FAIL: high_seq_identity=0.983; low_contacts=0,0.9826589595375722,0,../../GraPPI_data/PDB/new_dimer_db/8V0E.pdb
8V15,A,C,"A,C",2,questioning,2-chain FAIL: high_seq_identity=0.982,0.9816849816849816,59,../../GraPPI_data/PDB/new_dimer_db/8V15.pdb
8V8E,A,B,"A,B",2,questioning,2-chain FAIL: high_seq_identity=0.989,0.9893048128342246,23,../../GraPPI_data/PDB/new_dimer_db/8V8E.pdb
8VJW,A,B,"A,B",2,questioning,2-chain FAIL: high_seq_identity=1.000,1.0,79,../../GraPPI_data/PDB/new_dimer_db/8VJW.pdb
8VJY,A,C,"A,C",2,questioning,2-chain FAIL: high_seq_identity=1.000,1.0,64,../../GraPPI_data/PDB/new_dimer_db/8VJY.pdb
8WFP,A,B,"A,B",2,questioning,2-chain FAIL: high_seq_identity=0.996,0.995575221238938,41,../../GraPPI_data/PDB/new_dimer_db/8WFP.pdb
8WUS,E,A,"E,A",2,questioning,2-chain FAIL: low_contacts=1,0.0,1,../../GraPPI_data/PDB/new_dimer_db/8WUS.pdb
8WUV,A,E,"A,E",2,questioning,2-chain FAIL: low_contacts=0,0.0,0,../../GraPPI_data/PDB/new_dimer_db/8WUV.pdb
8WXR,A,B,"A,B",2,questioning,2-chain FAIL: high_seq_identity=0.997,0.9967105263157895,81,../../GraPPI_data/PDB/new_dimer_db/8WXR.pdb
8WXV,A,C,"A,C",2,questioning,2-chain FAIL: high_seq_identity=0.997,0.9966777408637874,51,../../GraPPI_data/PDB/new_dimer_db/8WXV.pdb
8WXX,A,B,"A,B",2,questioning,2-chain FAIL: high_seq_identity=1.000,1.0,49,../../GraPPI_data/PDB/new_dimer_db/8WXX.pdb
8XAG,A,B,"A,B",2,questioning,2-chain FAIL: high_seq_identity=1.000,1.0,18,../../GraPPI_data/PDB/new_dimer_db/8XAG.pdb
8YFL,A,C,"A,C",2,questioning,2-chain FAIL: high_seq_identity=1.000,1.0,64,../../GraPPI_data/PDB/new_dimer_db/8YFL.pdb
8YFM,A,D,"A,D",2,questioning,2-chain FAIL: high_seq_identity=1.000,1.0,63,../../GraPPI_data/PDB/new_dimer_db/8YFM.pdb
8YFN,A,C,"A,C",2,questioning,2-chain FAIL: high_seq_identity=1.000,1.0,63,../../GraPPI_data/PDB/new_dimer_db/8YFN.pdb
8YGJ,E,A,"E,A",2,questioning,2-chain FAIL: low_contacts=1,0.0,1,../../GraPPI_data/PDB/new_dimer_db/8YGJ.pdb
8Z73,A,B,"A,B,D,F",4,questioning,multi-chain FAIL: original_high_seq_identity=1.000; no_valid_alternative_pair_found,1.0,58,../../GraPPI_data/PDB/new_dimer_db/8Z73.pdb
8ZE8,A,B,"A,B,D,G",4,questioning,multi-chain FAIL: original_high_seq_identity=1.000; no_valid_alternative_pair_found,1.0,36,../../GraPPI_data/PDB/new_dimer_db/8ZE8.pdb
8ZPU,A,B,"A,B",2,questioning,2-chain FAIL: high_seq_identity=1.000,1.0,111,../../GraPPI_data/PDB/new_dimer_db/8ZPU.pdb
9BW8,A,B,"A,B,C",3,questioning,multi-chain FAIL: original_high_seq_identity=0.990; no_valid_alternative_pair_found,0.9895287958115183,111,../../GraPPI_data/PDB/new_dimer_db/9BW8.pdb
9DNP,A,B,"A,B",2,questioning,2-chain FAIL: high_seq_identity=0.986,0.9863013698630136,68,../../GraPPI_data/PDB/new_dimer_db/9DNP.pdb
9DNQ,A,B,"A,B",2,questioning,2-chain FAIL: high_seq_identity=1.000,1.0,70,../../GraPPI_data/PDB/new_dimer_db/9DNQ.pdb
9EXF,A,B,"A,B,C,D",4,questioning,multi-chain FAIL: original_high_seq_identity=0.997; no_valid_alternative_pair_found,0.9973118279569892,65,../../GraPPI_data/PDB/new_dimer_db/9EXF.pdb
9F82,A,C,"A,C,E,G",4,questioning,multi-chain FAIL: original_high_seq_identity=1.000; no_valid_alternative_pair_found,1.0,94,../../GraPPI_data/PDB/new_dimer_db/9F82.pdb
9F9R,A,C,"A,C,E,G",4,questioning,multi-chain FAIL: original_high_seq_identity=1.000; no_valid_alternative_pair_found,1.0,77,../../GraPPI_data/PDB/new_dimer_db/9F9R.pdb
9FM5,A,B,"A,B",2,questioning,2-chain FAIL: high_seq_identity=0.997,0.9970674486803519,55,../../GraPPI_data/PDB/new_dimer_db/9FM5.pdb
9G5J,A,B,"A,B,C,D",4,questioning,multi-chain FAIL: original_high_seq_identity=0.986; no_valid_alternative_pair_found,0.9856459330143541,38,../../GraPPI_data/PDB/new_dimer_db/9G5J.pdb
9HT8,A,B,"A,B",2,questioning,2-chain FAIL: high_seq_identity=0.971,0.9711538461538461,28,../../GraPPI_data/PDB/new_dimer_db/9HT8.pdb
9IM4,A,B,"A,B",2,questioning,2-chain FAIL: high_seq_identity=0.972,0.971830985915493,10,../../GraPPI_data/PDB/new_dimer_db/9IM4.pdb
9J20,B,A,"B,A",2,questioning,2-chain FAIL: high_seq_identity=1.000,1.0,79,../../GraPPI_data/PDB/new_dimer_db/9J20.pdb
9JGL,A,B,"A,B",2,questioning,2-chain FAIL: high_seq_identity=0.975,0.9746835443037974,130,../../GraPPI_data/PDB/new_dimer_db/9JGL.pdb
9JWV,A,B,"A,B",2,questioning,2-chain FAIL: high_seq_identity=1.000,1.0,41,../../GraPPI_data/PDB/new_dimer_db/9JWV.pdb
9KD4,A,B,"A,B",2,questioning,2-chain FAIL: high_seq_identity=1.000,1.0,42,../../GraPPI_data/PDB/new_dimer_db/9KD4.pdb
9KD5,A,B,"A,B",2,questioning,2-chain FAIL: high_seq_identity=1.000,1.0,86,../../GraPPI_data/PDB/new_dimer_db/9KD5.pdb
9KFM,B,A,"B,A",2,questioning,2-chain FAIL: high_seq_identity=1.000,1.0,49,../../GraPPI_data/PDB/new_dimer_db/9KFM.pdb
9KHC,A,C,"A,C",2,questioning,2-chain FAIL: high_seq_identity=1.000,1.0,31,../../GraPPI_data/PDB/new_dimer_db/9KHC.pdb
9KY4,A,D,"A,D",2,questioning,2-chain FAIL: low_contacts=0,0.0,0,../../GraPPI_data/PDB/new_dimer_db/9KY4.pdb
9L0T,B,A,"B,A",2,questioning,2-chain FAIL: high_seq_identity=1.000,1.0,47,../../GraPPI_data/PDB/new_dimer_db/9L0T.pdb
9N7Y,A,B,"A,B,C,D",4,questioning,multi-chain FAIL: original_high_seq_identity=0.995; no_valid_alternative_pair_found,0.9953703703703703,91,../../GraPPI_data/PDB/new_dimer_db/9N7Y.pdb
9NFA,A,B,"A,B",2,questioning,2-chain FAIL: low_contacts=4,0.2340823970037453,4,../../GraPPI_data/PDB/new_dimer_db/9NFA.pdb
9QJZ,A,B,"A,B",2,questioning,2-chain FAIL: high_seq_identity=0.963,0.9627329192546584,55,../../GraPPI_data/PDB/new_dimer_db/9QJZ.pdb
9QPX,A,D,"A,D,B,C",4,questioning,multi-chain FAIL: original_high_seq_identity=0.995; no_valid_alternative_pair_found,0.9952830188679245,107,../../GraPPI_data/PDB/new_dimer_db/9QPX.pdb
9RCJ,A,B,"A,B",2,questioning,2-chain FAIL: high_seq_identity=0.996,0.9956803455723542,94,../../GraPPI_data/PDB/new_dimer_db/9RCJ.pdb
9RCK,A,B,"A,B",2,questioning,2-chain FAIL: high_seq_identity=0.998,0.9978354978354979,93,../../GraPPI_data/PDB/new_dimer_db/9RCK.pdb
9U96,A,B,"A,B",2,questioning,2-chain FAIL: high_seq_identity=0.990,0.9901315789473685,209,../../GraPPI_data/PDB/new_dimer_db/9U96.pdb
9UK7,A,B,"A,B,C",3,questioning,multi-chain FAIL: original_high_seq_identity=0.997; no_valid_alternative_pair_found,0.9967105263157895,44,../../GraPPI_data/PDB/new_dimer_db/9UK7.pdb
9VH0,A,B,"A,B",2,questioning,2-chain FAIL: high_seq_identity=0.979,0.9794520547945206,56,../../GraPPI_data/PDB/new_dimer_db/9VH0.pdb
9XXU,A,B,"A,B",2,questioning,2-chain FAIL: high_seq_identity=1.000,1.0,148,../../GraPPI_data/PDB/new_dimer_db/9XXU.pdb
9ZM0,A,B,"A,B",2,questioning,2-chain FAIL: high_seq_identity=-1.000,-1.0,16,../../GraPPI_data/PDB/new_dimer_db/9ZM0.pdb
7AKS,A,C,"A,C,E,G",4,questioning,multi-chain FAIL: original_high_seq_identity=0.979; no_valid_alternative_pair_found,0.9790419161676647,47,../../GraPPI_data/PDB/new_dimer_db/7AKS.pdb
7BN2,A,B,"A,B",2,questioning,2-chain FAIL: high_seq_identity=1.000,1.0,142,../../GraPPI_data/PDB/new_dimer_db/7BN2.pdb
7OK6,A,B,"A,B",2,questioning,2-chain FAIL: high_seq_identity=0.953,0.9532163742690059,65,../../GraPPI_data/PDB/new_dimer_db/7OK6.pdb
7P5U,A,B,"A,B",2,questioning,2-chain FAIL: high_seq_identity=0.968,0.9683544303797469,75,../../GraPPI_data/PDB/new_dimer_db/7P5U.pdb
7Q8D,A,B,"A,B",2,questioning,2-chain FAIL: high_seq_identity=1.000,1.0,98,../../GraPPI_data/PDB/new_dimer_db/7Q8D.pdb
7Q8F,A,B,"A,B",2,questioning,2-chain FAIL: high_seq_identity=1.000,1.0,89,../../GraPPI_data/PDB/new_dimer_db/7Q8F.pdb
7Q8G,A,B,"A,B",2,questioning,2-chain FAIL: high_seq_identity=0.995,0.9954954954954955,84,../../GraPPI_data/PDB/new_dimer_db/7Q8G.pdb
7Q8I,A,B,"A,B",2,questioning,2-chain FAIL: high_seq_identity=0.995,0.9954954954954955,86,../../GraPPI_data/PDB/new_dimer_db/7Q8I.pdb
7Q8J,A,B,"A,B",2,questioning,2-chain FAIL: high_seq_identity=0.995,0.9954954954954955,93,../../GraPPI_data/PDB/new_dimer_db/7Q8J.pdb
7Q8K,A,B,"A,B",2,questioning,2-chain FAIL: high_seq_identity=1.000,1.0,84,../../GraPPI_data/PDB/new_dimer_db/7Q8K.pdb
7Q8L,A,B,"A,B",2,questioning,2-chain FAIL: high_seq_identity=0.995,0.9954954954954955,84,../../GraPPI_data/PDB/new_dimer_db/7Q8L.pdb
7Q8M,A,B,"A,B",2,questioning,2-chain FAIL: high_seq_identity=1.000,1.0,93,../../GraPPI_data/PDB/new_dimer_db/7Q8M.pdb
7Q8N,A,B,"A,B",2,questioning,2-chain FAIL: high_seq_identity=0.995,0.9954954954954955,86,../../GraPPI_data/PDB/new_dimer_db/7Q8N.pdb
7Q8O,A,B,"A,B",2,questioning,2-chain FAIL: high_seq_identity=1.000,1.0,97,../../GraPPI_data/PDB/new_dimer_db/7Q8O.pdb
7Q8P,A,B,"A,B",2,questioning,2-chain FAIL: high_seq_identity=0.995,0.9954954954954955,83,../../GraPPI_data/PDB/new_dimer_db/7Q8P.pdb
7Q8Q,A,B,"A,B",2,questioning,2-chain FAIL: high_seq_identity=1.000,1.0,87,../../GraPPI_data/PDB/new_dimer_db/7Q8Q.pdb
7Q9C,A,B,"A,B",2,questioning,2-chain FAIL: high_seq_identity=1.000,1.0,93,../../GraPPI_data/PDB/new_dimer_db/7Q9C.pdb
7Q9H,A,B,"A,B",2,questioning,2-chain FAIL: high_seq_identity=1.000,1.0,92,../../GraPPI_data/PDB/new_dimer_db/7Q9H.pdb
7Q9S,A,B,"A,B",2,questioning,2-chain FAIL: high_seq_identity=0.993,0.9933333333333333,43,../../GraPPI_data/PDB/new_dimer_db/7Q9S.pdb
7QF9,A,B,"A,B",2,questioning,2-chain FAIL: high_seq_identity=0.987,0.9865771812080537,39,../../GraPPI_data/PDB/new_dimer_db/7QF9.pdb
7QHJ,A,B,"A,B",2,questioning,2-chain FAIL: high_seq_identity=1.000,1.0,94,../../GraPPI_data/PDB/new_dimer_db/7QHJ.pdb
7QHK,A,B,"A,B",2,questioning,2-chain FAIL: high_seq_identity=1.000,1.0,94,../../GraPPI_data/PDB/new_dimer_db/7QHK.pdb
7QNS,A,B,"A,B",2,questioning,2-chain FAIL: high_seq_identity=0.995,0.9954954954954955,101,../../GraPPI_data/PDB/new_dimer_db/7QNS.pdb
7QO2,A,B,"A,B",2,questioning,2-chain FAIL: high_seq_identity=1.000,1.0,87,../../GraPPI_data/PDB/new_dimer_db/7QO2.pdb
8PFE,A,C,"A,C",2,questioning,2-chain FAIL: high_seq_identity=0.987,0.9871794871794872,56,../../GraPPI_data/PDB/new_dimer_db/8PFE.pdb
8Q23,A,B,"A,B",2,questioning,2-chain FAIL: high_seq_identity=0.997,0.9974619289340102,117,../../GraPPI_data/PDB/new_dimer_db/8Q23.pdb
8Q3D,A,B,"A,B",2,questioning,2-chain FAIL: high_seq_identity=0.995,0.9949109414758269,119,../../GraPPI_data/PDB/new_dimer_db/8Q3D.pdb
8R8B,A,B,"A,B,C,D,E,F,G,H,I,J,K,L,M,N,O,P,Q,R,S,T,U,V,W,X",24,questioning,multi-chain FAIL: original_high_seq_identity=1.000; original_low_contacts=0; no_valid_alternative_pair_found,1.0,0,../../GraPPI_data/PDB/new_dimer_db/8R8B.pdb
8WUT,A,E,"A,E",2,questioning,2-chain FAIL: low_contacts=0,0.0,0,../../GraPPI_data/PDB/new_dimer_db/8WUT.pdb
1XKH,A,B,"A,B,C",3,questioning,multi-chain FAIL: original_high_seq_identity=1.000; original_low_contacts=0; no_valid_alternative_pair_found,1.0,0,../../GraPPI_data/PDB/new_dimer_db/1XKH.pdb
2PVC,B,A,"B,A,C",3,questioning,multi-chain FAIL: original_high_seq_identity=1.000; no_valid_alternative_pair_found,1.0,62,../../GraPPI_data/PDB/new_dimer_db/2PVC.pdb
2YPT,A,B,"A,B,D,E",4,questioning,multi-chain FAIL: original_high_seq_identity=0.981; no_valid_alternative_pair_found,0.9811320754716981,157,../../GraPPI_data/PDB/new_dimer_db/2YPT.pdb
4BWB,A,B,"A,B",2,questioning,2-chain FAIL: high_seq_identity=0.951,0.9512987012987013,161,../../GraPPI_data/PDB/new_dimer_db/4BWB.pdb
4TPG,A,B,"A,B",2,questioning,2-chain FAIL: high_seq_identity=1.000,1.0,90,../../GraPPI_data/PDB/new_dimer_db/4TPG.pdb
5UAK,A,R,"A,R",2,questioning,2-chain FAIL: high_seq_identity=-1.000,-1.0,69,../../GraPPI_data/PDB/new_dimer_db/5UAK.pdb
7BU9,A,C,"A,C,E,G",4,questioning,multi-chain FAIL: original_high_seq_identity=0.995; no_valid_alternative_pair_found,0.9951219512195122,150,../../GraPPI_data/PDB/new_dimer_db/7BU9.pdb
7SV7,A,B,"A,B",2,questioning,2-chain FAIL: high_seq_identity=-1.000,-1.0,72,../../GraPPI_data/PDB/new_dimer_db/7SV7.pdb
7SVR,A,B,"A,B",2,questioning,2-chain FAIL: high_seq_identity=-1.000,-1.0,76,../../GraPPI_data/PDB/new_dimer_db/7SVR.pdb
8GLS,A,B,"A,B",2,questioning,2-chain FAIL: high_seq_identity=-1.000,-1.0,75,../../GraPPI_data/PDB/new_dimer_db/8GLS.pdb
8UCV,A,B,"A,B",2,questioning,2-chain FAIL: low_contacts=0,0.0,0,../../GraPPI_data/PDB/new_dimer_db/8UCV.pdb
9JBM,A,B,"A,B",2,questioning,2-chain FAIL: high_seq_identity=-1.000,-1.0,83,../../GraPPI_data/PDB/new_dimer_db/9JBM.pdb
8RSV,A,B,"A,B",2,questioning,2-chain FAIL: high_seq_identity=0.984,0.9836512261580381,89,../../GraPPI_data/PDB/new_dimer_db/8RSV.pdb
8RTC,A,B,"A,B",2,questioning,2-chain FAIL: high_seq_identity=0.980,0.9803370786516854,71,../../GraPPI_data/PDB/new_dimer_db/8RTC.pdb
9BC3,A,B,"A,B",2,questioning,2-chain FAIL: high_seq_identity=1.000,1.0,49,../../GraPPI_data/PDB/new_dimer_db/9BC3.pdb
9C1C,A,B,"A,B",2,questioning,2-chain FAIL: high_seq_identity=0.998; low_contacts=1,0.997867803837953,1,../../GraPPI_data/PDB/new_dimer_db/9C1C.pdb
9EHI,A,B,"A,B,C,D,E,F,G,H,I,J,K,L,M,N,O,P",16,questioning,multi-chain FAIL: original_high_seq_identity=1.000; original_low_contacts=0; no_valid_alternative_pair_found,1.0,0,../../GraPPI_data/PDB/new_dimer_db/9EHI.pdb
9FBI,A,B,"A,B",2,questioning,2-chain FAIL: high_seq_identity=0.994,0.993920972644377,60,../../GraPPI_data/PDB/new_dimer_db/9FBI.pdb
9FBL,A,B,"A,B,C",3,questioning,multi-chain FAIL: original_high_seq_identity=0.997; no_valid_alternative_pair_found,0.9969788519637462,33,../../GraPPI_data/PDB/new_dimer_db/9FBL.pdb
9FBM,A,B,"A,B,C",3,questioning,multi-chain FAIL: original_high_seq_identity=0.997; no_valid_alternative_pair_found,0.9969879518072289,65,../../GraPPI_data/PDB/new_dimer_db/9FBM.pdb
9X2Q,A,C,"A,C",2,questioning,2-chain FAIL: high_seq_identity=0.986,0.9856733524355301,215,../../GraPPI_data/PDB/new_dimer_db/9X2Q.pdb
9X2W,A,C,"A,C",2,questioning,2-chain FAIL: high_seq_identity=0.986,0.985632183908046,208,../../GraPPI_data/PDB/new_dimer_db/9X2W.pdb
9X2X,A,C,"A,C",2,questioning,2-chain FAIL: high_seq_identity=1.000,1.0,217,../../GraPPI_data/PDB/new_dimer_db/9X2X.pdb
9X2Y,A,B,"A,B",2,questioning,2-chain FAIL: high_seq_identity=0.994,0.9942528735632183,214,../../GraPPI_data/PDB/new_dimer_db/9X2Y.pdb
