PDB,Receptor Chains,Ligand Chains,paths,affinity
1Q68_r_4HGM_l,A,B,../../GraPPI_data/PDB/swap_pdbs/1Q68_r_4HGM_l.pdb,0
1Q68_r_3C4M_l,A,B,../../GraPPI_data/PDB/swap_pdbs/1Q68_r_3C4M_l.pdb,0
1Q68_r_1HE8_l,A,B,../../GraPPI_data/PDB/swap_pdbs/1Q68_r_1HE8_l.pdb,0
1Q68_r_2GYK_l,A,B,../../GraPPI_data/PDB/swap_pdbs/1Q68_r_2GYK_l.pdb,0
1Q68_l_2NYZ_r,A,B,../../GraPPI_data/PDB/swap_pdbs/1Q68_l_2NYZ_r.pdb,0
1Q68_l_3U9D_r,A,B,../../GraPPI_data/PDB/swap_pdbs/1Q68_l_3U9D_r.pdb,0
1Q68_l_1KBH_r,A,B,../../GraPPI_data/PDB/swap_pdbs/1Q68_l_1KBH_r.pdb,0
1Q68_l_1HE8_r,A,B,../../GraPPI_data/PDB/swap_pdbs/1Q68_l_1HE8_r.pdb,0
3H2U_r_6NFJ_l,"A,B",C,../../GraPPI_data/PDB/swap_pdbs/3H2U_r_6NFJ_l.pdb,0
3H2U_r_3KV4_l,"A,B",C,../../GraPPI_data/PDB/swap_pdbs/3H2U_r_3KV4_l.pdb,0
3H2U_r_5UN7_l,"A,B",C,../../GraPPI_data/PDB/swap_pdbs/3H2U_r_5UN7_l.pdb,0
3H2U_r_1YK0_l,"A,B",C,../../GraPPI_data/PDB/swap_pdbs/3H2U_r_1YK0_l.pdb,0
3H2U_l_5OC7_r,"A,B","C,D",../../GraPPI_data/PDB/swap_pdbs/3H2U_l_5OC7_r.pdb,0
3H2U_l_2NYZ_r,A,"B,C",../../GraPPI_data/PDB/swap_pdbs/3H2U_l_2NYZ_r.pdb,0
3H2U_l_3QS7_r,"A,B","C,D",../../GraPPI_data/PDB/swap_pdbs/3H2U_l_3QS7_r.pdb,0
3H2U_l_5CZF_r,A,"B,C",../../GraPPI_data/PDB/swap_pdbs/3H2U_l_5CZF_r.pdb,0
4R8G_r_3ZS8_l,A,"B,C",../../GraPPI_data/PDB/swap_pdbs/4R8G_r_3ZS8_l.pdb,0
4R8G_r_2GAF_l,A,B,../../GraPPI_data/PDB/swap_pdbs/4R8G_r_2GAF_l.pdb,0
4R8G_r_2OMY_l,A,B,../../GraPPI_data/PDB/swap_pdbs/4R8G_r_2OMY_l.pdb,0
4R8G_r_4ETP_l,A,B,../../GraPPI_data/PDB/swap_pdbs/4R8G_r_4ETP_l.pdb,0
4R8G_l_5H9B_r,A,"B,C,D",../../GraPPI_data/PDB/swap_pdbs/4R8G_l_5H9B_r.pdb,0
4R8G_l_1B41_r,A,"B,C,D",../../GraPPI_data/PDB/swap_pdbs/4R8G_l_1B41_r.pdb,0
4R8G_l_3UL1_r,A,"B,C,D",../../GraPPI_data/PDB/swap_pdbs/4R8G_l_3UL1_r.pdb,0
4R8G_l_4J2L_r,"A,B","C,D,E",../../GraPPI_data/PDB/swap_pdbs/4R8G_l_4J2L_r.pdb,0
3Q4F_r_6F9S_l,"A,B",C,../../GraPPI_data/PDB/swap_pdbs/3Q4F_r_6F9S_l.pdb,0
3Q4F_r_6DSL_l,"A,B",C,../../GraPPI_data/PDB/swap_pdbs/3Q4F_r_6DSL_l.pdb,0
3Q4F_r_4H6J_l,"A,B",C,../../GraPPI_data/PDB/swap_pdbs/3Q4F_r_4H6J_l.pdb,0
3Q4F_r_4NOO_l,"A,B",C,../../GraPPI_data/PDB/swap_pdbs/3Q4F_r_4NOO_l.pdb,0
3Q4F_l_3ZWZ_r,A,"B,C",../../GraPPI_data/PDB/swap_pdbs/3Q4F_l_3ZWZ_r.pdb,0
3Q4F_l_5CZF_r,A,"B,C",../../GraPPI_data/PDB/swap_pdbs/3Q4F_l_5CZF_r.pdb,0
3Q4F_l_4RJF_r,A,"B,C",../../GraPPI_data/PDB/swap_pdbs/3Q4F_l_4RJF_r.pdb,0
3Q4F_l_5UN5_r,A,"B,C",../../GraPPI_data/PDB/swap_pdbs/3Q4F_l_5UN5_r.pdb,0
4G59_r_1Q68_l,"A,B",C,../../GraPPI_data/PDB/swap_pdbs/4G59_r_1Q68_l.pdb,0
4G59_r_5FHX_l,"A,B",C,../../GraPPI_data/PDB/swap_pdbs/4G59_r_5FHX_l.pdb,0
4G59_r_1GLA_l,"A,B",C,../../GraPPI_data/PDB/swap_pdbs/4G59_r_1GLA_l.pdb,0
4G59_r_2WD5_l,"A,B",C,../../GraPPI_data/PDB/swap_pdbs/4G59_r_2WD5_l.pdb,0
4G59_l_5EB1_r,"A,B","C,D",../../GraPPI_data/PDB/swap_pdbs/4G59_l_5EB1_r.pdb,0
4G59_l_2N73_r,A,"B,C",../../GraPPI_data/PDB/swap_pdbs/4G59_l_2N73_r.pdb,0
4G59_l_2L14_r,A,"B,C",../../GraPPI_data/PDB/swap_pdbs/4G59_l_2L14_r.pdb,0
4G59_l_3HTU_r,A,"B,C",../../GraPPI_data/PDB/swap_pdbs/4G59_l_3HTU_r.pdb,0
5IMT_r_3O5T_l,A,B,../../GraPPI_data/PDB/swap_pdbs/5IMT_r_3O5T_l.pdb,0
5IMT_r_2K3U_l,A,B,../../GraPPI_data/PDB/swap_pdbs/5IMT_r_2K3U_l.pdb,0
5IMT_r_4DKD_l,A,B,../../GraPPI_data/PDB/swap_pdbs/5IMT_r_4DKD_l.pdb,0
5IMT_r_6OB1_l,A,B,../../GraPPI_data/PDB/swap_pdbs/5IMT_r_6OB1_l.pdb,0
5IMT_l_6GHO_r,A,B,../../GraPPI_data/PDB/swap_pdbs/5IMT_l_6GHO_r.pdb,0
5IMT_l_4CPA_r,A,B,../../GraPPI_data/PDB/swap_pdbs/5IMT_l_4CPA_r.pdb,0
5IMT_l_4BQD_r,A,B,../../GraPPI_data/PDB/swap_pdbs/5IMT_l_4BQD_r.pdb,0
5IMT_l_5MTM_r,A,B,../../GraPPI_data/PDB/swap_pdbs/5IMT_l_5MTM_r.pdb,0
4HEM_r_1XU1_l,"A,B,C","D,E,F",../../GraPPI_data/PDB/swap_pdbs/4HEM_r_1XU1_l.pdb,0
4HEM_r_1G0V_l,"A,B,C",D,../../GraPPI_data/PDB/swap_pdbs/4HEM_r_1G0V_l.pdb,0
4HEM_r_4ETP_l,"A,B,C",D,../../GraPPI_data/PDB/swap_pdbs/4HEM_r_4ETP_l.pdb,0
4HEM_r_4PP8_l,"A,B,C","D,E",../../GraPPI_data/PDB/swap_pdbs/4HEM_r_4PP8_l.pdb,0
4HEM_l_5JDO_r,A,"B,C,D",../../GraPPI_data/PDB/swap_pdbs/4HEM_l_5JDO_r.pdb,0
4HEM_l_6QMS_r,"A,B","C,D,E",../../GraPPI_data/PDB/swap_pdbs/4HEM_l_6QMS_r.pdb,0
4HEM_l_5UZU_r,A,"B,C,D",../../GraPPI_data/PDB/swap_pdbs/4HEM_l_5UZU_r.pdb,0
4HEM_l_6RHW_r,"A,B","C,D,E",../../GraPPI_data/PDB/swap_pdbs/4HEM_l_6RHW_r.pdb,0
1XU1_r_6JHW_l,A,"B,C",../../GraPPI_data/PDB/swap_pdbs/1XU1_r_6JHW_l.pdb,0
1XU1_r_1WVE_l,A,B,../../GraPPI_data/PDB/swap_pdbs/1XU1_r_1WVE_l.pdb,0
1XU1_r_4C99_l,A,"B,C",../../GraPPI_data/PDB/swap_pdbs/1XU1_r_4C99_l.pdb,0
1XU1_r_3OAK_l,A,B,../../GraPPI_data/PDB/swap_pdbs/1XU1_r_3OAK_l.pdb,0
1XU1_l_1YRU_r,A,"B,C,D",../../GraPPI_data/PDB/swap_pdbs/1XU1_l_1YRU_r.pdb,0
1XU1_l_1T0P_r,A,"B,C,D",../../GraPPI_data/PDB/swap_pdbs/1XU1_l_1T0P_r.pdb,0
1XU1_l_3P8M_r,"A,B","C,D,E",../../GraPPI_data/PDB/swap_pdbs/1XU1_l_3P8M_r.pdb,0
1XU1_l_2O8V_r,A,"B,C,D",../../GraPPI_data/PDB/swap_pdbs/1XU1_l_2O8V_r.pdb,0
3W6J_r_1UGH_l,A,B,../../GraPPI_data/PDB/swap_pdbs/3W6J_r_1UGH_l.pdb,0
3W6J_r_4HSA_l,A,"B,C",../../GraPPI_data/PDB/swap_pdbs/3W6J_r_4HSA_l.pdb,0
3W6J_r_2W83_l,A,"B,C",../../GraPPI_data/PDB/swap_pdbs/3W6J_r_2W83_l.pdb,0
3W6J_r_3FII_l,A,B,../../GraPPI_data/PDB/swap_pdbs/3W6J_r_3FII_l.pdb,0
3W6J_l_4U4C_r,A,"B,C",../../GraPPI_data/PDB/swap_pdbs/3W6J_l_4U4C_r.pdb,0
3W6J_l_6IMF_r,A,"B,C",../../GraPPI_data/PDB/swap_pdbs/3W6J_l_6IMF_r.pdb,0
3W6J_l_4PW9_r,A,"B,C",../../GraPPI_data/PDB/swap_pdbs/3W6J_l_4PW9_r.pdb,0
3W6J_l_3ZWZ_r,A,"B,C",../../GraPPI_data/PDB/swap_pdbs/3W6J_l_3ZWZ_r.pdb,0
3UAI_r_3WA5_l,A,B,../../GraPPI_data/PDB/swap_pdbs/3UAI_r_3WA5_l.pdb,0
3UAI_r_3ZWZ_l,A,B,../../GraPPI_data/PDB/swap_pdbs/3UAI_r_3ZWZ_l.pdb,0
3UAI_r_4U4C_l,A,B,../../GraPPI_data/PDB/swap_pdbs/3UAI_r_4U4C_l.pdb,0
3UAI_r_1F3V_l,A,B,../../GraPPI_data/PDB/swap_pdbs/3UAI_r_1F3V_l.pdb,0
3UAI_l_5LZ6_r,A,B,../../GraPPI_data/PDB/swap_pdbs/3UAI_l_5LZ6_r.pdb,0
3UAI_l_5TOJ_r,A,B,../../GraPPI_data/PDB/swap_pdbs/3UAI_l_5TOJ_r.pdb,0
3UAI_l_1XU1_r,A,B,../../GraPPI_data/PDB/swap_pdbs/3UAI_l_1XU1_r.pdb,0
3UAI_l_3WWN_r,A,B,../../GraPPI_data/PDB/swap_pdbs/3UAI_l_3WWN_r.pdb,0
4HH3_r_6MAV_l,"A,B",C,../../GraPPI_data/PDB/swap_pdbs/4HH3_r_6MAV_l.pdb,0
4HH3_r_5OMB_l,"A,B",C,../../GraPPI_data/PDB/swap_pdbs/4HH3_r_5OMB_l.pdb,0
4HH3_r_2MAK_l,"A,B","C,D",../../GraPPI_data/PDB/swap_pdbs/4HH3_r_2MAK_l.pdb,0
4HH3_r_2K3S_l,"A,B",C,../../GraPPI_data/PDB/swap_pdbs/4HH3_r_2K3S_l.pdb,0
4HH3_l_1JIW_r,A,B,../../GraPPI_data/PDB/swap_pdbs/4HH3_l_1JIW_r.pdb,0
4HH3_l_2WO2_r,A,B,../../GraPPI_data/PDB/swap_pdbs/4HH3_l_2WO2_r.pdb,0
4HH3_l_4MRT_r,A,B,../../GraPPI_data/PDB/swap_pdbs/4HH3_l_4MRT_r.pdb,0
4HH3_l_3O6B_r,A,B,../../GraPPI_data/PDB/swap_pdbs/4HH3_l_3O6B_r.pdb,0
5Y4R_r_5FVK_l,"A,B",C,../../GraPPI_data/PDB/swap_pdbs/5Y4R_r_5FVK_l.pdb,0
5Y4R_r_2JZN_l,"A,B",C,../../GraPPI_data/PDB/swap_pdbs/5Y4R_r_2JZN_l.pdb,0
5Y4R_r_4JRA_l,"A,B",C,../../GraPPI_data/PDB/swap_pdbs/5Y4R_r_4JRA_l.pdb,0
5Y4R_r_4H6J_l,"A,B",C,../../GraPPI_data/PDB/swap_pdbs/5Y4R_r_4H6J_l.pdb,0
5Y4R_l_4ILG_r,A,"B,C",../../GraPPI_data/PDB/swap_pdbs/5Y4R_l_4ILG_r.pdb,0
5Y4R_l_3U9D_r,A,"B,C",../../GraPPI_data/PDB/swap_pdbs/5Y4R_l_3U9D_r.pdb,0
5Y4R_l_1KKL_r,A,"B,C",../../GraPPI_data/PDB/swap_pdbs/5Y4R_l_1KKL_r.pdb,0
5Y4R_l_2PHE_r,A,"B,C",../../GraPPI_data/PDB/swap_pdbs/5Y4R_l_2PHE_r.pdb,0
2AZE_r_3ZWH_l,A,B,../../GraPPI_data/PDB/swap_pdbs/2AZE_r_3ZWH_l.pdb,0
2AZE_r_6PNQ_l,A,B,../../GraPPI_data/PDB/swap_pdbs/2AZE_r_6PNQ_l.pdb,0
2AZE_r_4YFD_l,A,B,../../GraPPI_data/PDB/swap_pdbs/2AZE_r_4YFD_l.pdb,0
2AZE_r_5MR5_l,A,B,../../GraPPI_data/PDB/swap_pdbs/2AZE_r_5MR5_l.pdb,0
2AZE_l_3TU3_r,A,"B,C",../../GraPPI_data/PDB/swap_pdbs/2AZE_l_3TU3_r.pdb,0
2AZE_l_5F5S_r,A,"B,C",../../GraPPI_data/PDB/swap_pdbs/2AZE_l_5F5S_r.pdb,0
2AZE_l_3C66_r,A,"B,C",../../GraPPI_data/PDB/swap_pdbs/2AZE_l_3C66_r.pdb,0
2AZE_l_4QLP_r,A,"B,C",../../GraPPI_data/PDB/swap_pdbs/2AZE_l_4QLP_r.pdb,0
1LJ2_r_1Y8N_l,"A,B",C,../../GraPPI_data/PDB/swap_pdbs/1LJ2_r_1Y8N_l.pdb,0
1LJ2_r_3K75_l,"A,B",C,../../GraPPI_data/PDB/swap_pdbs/1LJ2_r_3K75_l.pdb,0
1LJ2_r_3WRX_l,"A,B",C,../../GraPPI_data/PDB/swap_pdbs/1LJ2_r_3WRX_l.pdb,0
1LJ2_r_3G7Z_l,"A,B","C,D",../../GraPPI_data/PDB/swap_pdbs/1LJ2_r_3G7Z_l.pdb,0
1LJ2_l_6M9K_r,A,"B,C",../../GraPPI_data/PDB/swap_pdbs/1LJ2_l_6M9K_r.pdb,0
1LJ2_l_3FPU_r,A,"B,C",../../GraPPI_data/PDB/swap_pdbs/1LJ2_l_3FPU_r.pdb,0
1LJ2_l_3F4Y_r,"A,B,C","D,E",../../GraPPI_data/PDB/swap_pdbs/1LJ2_l_3F4Y_r.pdb,0
1LJ2_l_4PW9_r,A,"B,C",../../GraPPI_data/PDB/swap_pdbs/1LJ2_l_4PW9_r.pdb,0
5Z7L_r_4RE1_l,"A,B",C,../../GraPPI_data/PDB/swap_pdbs/5Z7L_r_4RE1_l.pdb,0
5Z7L_r_5Y1Z_l,"A,B",C,../../GraPPI_data/PDB/swap_pdbs/5Z7L_r_5Y1Z_l.pdb,0
5Z7L_r_2X9A_l,"A,B",C,../../GraPPI_data/PDB/swap_pdbs/5Z7L_r_2X9A_l.pdb,0
5Z7L_r_2W84_l,"A,B",C,../../GraPPI_data/PDB/swap_pdbs/5Z7L_r_2W84_l.pdb,0
5Z7L_l_6OB1_r,"A,B","C,D",../../GraPPI_data/PDB/swap_pdbs/5Z7L_l_6OB1_r.pdb,0
5Z7L_l_5NVM_r,A,"B,C",../../GraPPI_data/PDB/swap_pdbs/5Z7L_l_5NVM_r.pdb,0
5Z7L_l_4J2L_r,"A,B","C,D",../../GraPPI_data/PDB/swap_pdbs/5Z7L_l_4J2L_r.pdb,0
5Z7L_l_6PNQ_r,A,"B,C",../../GraPPI_data/PDB/swap_pdbs/5Z7L_l_6PNQ_r.pdb,0
2ZVN_r_4PLO_l,"A,B",C,../../GraPPI_data/PDB/swap_pdbs/2ZVN_r_4PLO_l.pdb,0
2ZVN_r_6FPG_l,"A,B",C,../../GraPPI_data/PDB/swap_pdbs/2ZVN_r_6FPG_l.pdb,0
2ZVN_r_5MR5_l,"A,B",C,../../GraPPI_data/PDB/swap_pdbs/2ZVN_r_5MR5_l.pdb,0
2ZVN_r_2LP4_l,"A,B",C,../../GraPPI_data/PDB/swap_pdbs/2ZVN_r_2LP4_l.pdb,0
2ZVN_l_5CZF_r,A,"B,C",../../GraPPI_data/PDB/swap_pdbs/2ZVN_l_5CZF_r.pdb,0
2ZVN_l_1GLA_r,A,"B,C",../../GraPPI_data/PDB/swap_pdbs/2ZVN_l_1GLA_r.pdb,0
2ZVN_l_5J4A_r,"A,B","C,D",../../GraPPI_data/PDB/swap_pdbs/2ZVN_l_5J4A_r.pdb,0
2ZVN_l_5V52_r,A,"B,C",../../GraPPI_data/PDB/swap_pdbs/2ZVN_l_5V52_r.pdb,0
3F4Y_r_6M7L_l,"A,B,C",D,../../GraPPI_data/PDB/swap_pdbs/3F4Y_r_6M7L_l.pdb,0
3F4Y_r_4ETP_l,"A,B,C",D,../../GraPPI_data/PDB/swap_pdbs/3F4Y_r_4ETP_l.pdb,0
3F4Y_r_2LPB_l,"A,B,C",D,../../GraPPI_data/PDB/swap_pdbs/3F4Y_r_2LPB_l.pdb,0
3F4Y_r_3KZ0_l,"A,B,C",D,../../GraPPI_data/PDB/swap_pdbs/3F4Y_r_3KZ0_l.pdb,0
3F4Y_l_2VE7_r,A,"B,C,D",../../GraPPI_data/PDB/swap_pdbs/3F4Y_l_2VE7_r.pdb,0
3F4Y_l_3BOW_r,"A,B","C,D,E",../../GraPPI_data/PDB/swap_pdbs/3F4Y_l_3BOW_r.pdb,0
3F4Y_l_4QLP_r,A,"B,C,D",../../GraPPI_data/PDB/swap_pdbs/3F4Y_l_4QLP_r.pdb,0
3F4Y_l_1WQJ_r,A,"B,C,D",../../GraPPI_data/PDB/swap_pdbs/3F4Y_l_1WQJ_r.pdb,0
2VE7_r_1PD7_l,A,B,../../GraPPI_data/PDB/swap_pdbs/2VE7_r_1PD7_l.pdb,0
2VE7_r_4IKA_l,A,B,../../GraPPI_data/PDB/swap_pdbs/2VE7_r_4IKA_l.pdb,0
2VE7_r_1GXD_l,A,B,../../GraPPI_data/PDB/swap_pdbs/2VE7_r_1GXD_l.pdb,0
2VE7_r_5ZQV_l,A,B,../../GraPPI_data/PDB/swap_pdbs/2VE7_r_5ZQV_l.pdb,0
2VE7_l_5EJC_r,A,B,../../GraPPI_data/PDB/swap_pdbs/2VE7_l_5EJC_r.pdb,0
2VE7_l_1Y76_r,"A,B",C,../../GraPPI_data/PDB/swap_pdbs/2VE7_l_1Y76_r.pdb,0
2VE7_l_5GPG_r,A,B,../../GraPPI_data/PDB/swap_pdbs/2VE7_l_5GPG_r.pdb,0
2VE7_l_1F3V_r,A,B,../../GraPPI_data/PDB/swap_pdbs/2VE7_l_1F3V_r.pdb,0
2MLX_r_5JJD_l,A,B,../../GraPPI_data/PDB/swap_pdbs/2MLX_r_5JJD_l.pdb,0
2MLX_r_2AQ1_l,A,B,../../GraPPI_data/PDB/swap_pdbs/2MLX_r_2AQ1_l.pdb,0
2MLX_r_4UDM_l,A,B,../../GraPPI_data/PDB/swap_pdbs/2MLX_r_4UDM_l.pdb,0
2MLX_r_4XHU_l,A,B,../../GraPPI_data/PDB/swap_pdbs/2MLX_r_4XHU_l.pdb,0
2MLX_l_2KHS_r,A,B,../../GraPPI_data/PDB/swap_pdbs/2MLX_l_2KHS_r.pdb,0
2MLX_l_2MKC_r,A,B,../../GraPPI_data/PDB/swap_pdbs/2MLX_l_2MKC_r.pdb,0
2MLX_l_1LQB_r,"A,B,C",D,../../GraPPI_data/PDB/swap_pdbs/2MLX_l_1LQB_r.pdb,0
2MLX_l_2Q7N_r,A,B,../../GraPPI_data/PDB/swap_pdbs/2MLX_l_2Q7N_r.pdb,0
3LB8_r_1USU_l,A,B,../../GraPPI_data/PDB/swap_pdbs/3LB8_r_1USU_l.pdb,0
3LB8_r_2LY4_l,A,B,../../GraPPI_data/PDB/swap_pdbs/3LB8_r_2LY4_l.pdb,0
3LB8_r_6FUD_l,A,B,../../GraPPI_data/PDB/swap_pdbs/3LB8_r_6FUD_l.pdb,0
3LB8_r_5LP5_l,A,"B,C",../../GraPPI_data/PDB/swap_pdbs/3LB8_r_5LP5_l.pdb,0
3LB8_l_1JIW_r,A,B,../../GraPPI_data/PDB/swap_pdbs/3LB8_l_1JIW_r.pdb,0
3LB8_l_3F7P_r,A,B,../../GraPPI_data/PDB/swap_pdbs/3LB8_l_3F7P_r.pdb,0
3LB8_l_3WA5_r,A,B,../../GraPPI_data/PDB/swap_pdbs/3LB8_l_3WA5_r.pdb,0
3LB8_l_6GD5_r,A,B,../../GraPPI_data/PDB/swap_pdbs/3LB8_l_6GD5_r.pdb,0
5X60_r_1Y8N_l,"A,B",C,../../GraPPI_data/PDB/swap_pdbs/5X60_r_1Y8N_l.pdb,0
5X60_r_2Q0O_l,"A,B","C,D",../../GraPPI_data/PDB/swap_pdbs/5X60_r_2Q0O_l.pdb,0
5X60_r_3P8M_l,"A,B","C,D",../../GraPPI_data/PDB/swap_pdbs/5X60_r_3P8M_l.pdb,0
5X60_r_4G6U_l,"A,B",C,../../GraPPI_data/PDB/swap_pdbs/5X60_r_4G6U_l.pdb,0
5X60_l_6BX4_r,"A,B",C,../../GraPPI_data/PDB/swap_pdbs/5X60_l_6BX4_r.pdb,0
5X60_l_1WVE_r,A,B,../../GraPPI_data/PDB/swap_pdbs/5X60_l_1WVE_r.pdb,0
5X60_l_4ZGM_r,A,B,../../GraPPI_data/PDB/swap_pdbs/5X60_l_4ZGM_r.pdb,0
5X60_l_6JHW_r,"A,B",C,../../GraPPI_data/PDB/swap_pdbs/5X60_l_6JHW_r.pdb,0
3WRX_r_5XSQ_l,A,B,../../GraPPI_data/PDB/swap_pdbs/3WRX_r_5XSQ_l.pdb,0
3WRX_r_2L29_l,A,B,../../GraPPI_data/PDB/swap_pdbs/3WRX_r_2L29_l.pdb,0
3WRX_r_2B4J_l,A,"B,C",../../GraPPI_data/PDB/swap_pdbs/3WRX_r_2B4J_l.pdb,0
3WRX_r_1B41_l,A,B,../../GraPPI_data/PDB/swap_pdbs/3WRX_r_1B41_l.pdb,0
3WRX_l_6HT9_r,A,B,../../GraPPI_data/PDB/swap_pdbs/3WRX_l_6HT9_r.pdb,0
3WRX_l_3K75_r,A,B,../../GraPPI_data/PDB/swap_pdbs/3WRX_l_3K75_r.pdb,0
3WRX_l_3QS7_r,"A,B",C,../../GraPPI_data/PDB/swap_pdbs/3WRX_l_3QS7_r.pdb,0
3WRX_l_3ZWH_r,"A,B",C,../../GraPPI_data/PDB/swap_pdbs/3WRX_l_3ZWH_r.pdb,0
2VDA_r_3C66_l,A,B,../../GraPPI_data/PDB/swap_pdbs/2VDA_r_3C66_l.pdb,0
2VDA_r_4IYP_l,A,B,../../GraPPI_data/PDB/swap_pdbs/2VDA_r_4IYP_l.pdb,0
2VDA_r_1LJ2_l,A,"B,C",../../GraPPI_data/PDB/swap_pdbs/2VDA_r_1LJ2_l.pdb,0
2VDA_r_2W83_l,A,"B,C",../../GraPPI_data/PDB/swap_pdbs/2VDA_r_2W83_l.pdb,0
2VDA_l_5Y4R_r,"A,B",C,../../GraPPI_data/PDB/swap_pdbs/2VDA_l_5Y4R_r.pdb,0
2VDA_l_2KJ4_r,A,B,../../GraPPI_data/PDB/swap_pdbs/2VDA_l_2KJ4_r.pdb,0
2VDA_l_2GOX_r,A,B,../../GraPPI_data/PDB/swap_pdbs/2VDA_l_2GOX_r.pdb,0
2VDA_l_5OO6_r,"A,B",C,../../GraPPI_data/PDB/swap_pdbs/2VDA_l_5OO6_r.pdb,0
4U4C_r_5Y1Z_l,A,B,../../GraPPI_data/PDB/swap_pdbs/4U4C_r_5Y1Z_l.pdb,0
4U4C_r_4UDM_l,A,B,../../GraPPI_data/PDB/swap_pdbs/4U4C_r_4UDM_l.pdb,0
4U4C_r_4ZLT_l,A,B,../../GraPPI_data/PDB/swap_pdbs/4U4C_r_4ZLT_l.pdb,0
4U4C_r_1XU1_l,A,"B,C,D",../../GraPPI_data/PDB/swap_pdbs/4U4C_r_1XU1_l.pdb,0
4U4C_l_6QMS_r,"A,B",C,../../GraPPI_data/PDB/swap_pdbs/4U4C_l_6QMS_r.pdb,0
4U4C_l_3BOW_r,"A,B",C,../../GraPPI_data/PDB/swap_pdbs/4U4C_l_3BOW_r.pdb,0
4U4C_l_2AZE_r,A,B,../../GraPPI_data/PDB/swap_pdbs/4U4C_l_2AZE_r.pdb,0
4U4C_l_4JEU_r,A,B,../../GraPPI_data/PDB/swap_pdbs/4U4C_l_4JEU_r.pdb,0
2WBY_r_1ZE3_l,A,B,../../GraPPI_data/PDB/swap_pdbs/2WBY_r_1ZE3_l.pdb,0
2WBY_r_4JEU_l,A,B,../../GraPPI_data/PDB/swap_pdbs/2WBY_r_4JEU_l.pdb,0
2WBY_r_5IMT_l,A,B,../../GraPPI_data/PDB/swap_pdbs/2WBY_r_5IMT_l.pdb,0
2WBY_r_4FZV_l,A,B,../../GraPPI_data/PDB/swap_pdbs/2WBY_r_4FZV_l.pdb,0
2WBY_l_5LZ6_r,A,"B,C",../../GraPPI_data/PDB/swap_pdbs/2WBY_l_5LZ6_r.pdb,0
2WBY_l_5BW7_r,"A,B","C,D",../../GraPPI_data/PDB/swap_pdbs/2WBY_l_5BW7_r.pdb,0
2WBY_l_5XSQ_r,A,"B,C",../../GraPPI_data/PDB/swap_pdbs/2WBY_l_5XSQ_r.pdb,0
2WBY_l_4PAS_r,A,"B,C",../../GraPPI_data/PDB/swap_pdbs/2WBY_l_4PAS_r.pdb,0
4CU4_r_6GBG_l,A,B,../../GraPPI_data/PDB/swap_pdbs/4CU4_r_6GBG_l.pdb,0
4CU4_r_3H8D_l,A,"B,C",../../GraPPI_data/PDB/swap_pdbs/4CU4_r_3H8D_l.pdb,0
4CU4_r_4IHL_l,A,B,../../GraPPI_data/PDB/swap_pdbs/4CU4_r_4IHL_l.pdb,0
4CU4_r_3ZRZ_l,A,B,../../GraPPI_data/PDB/swap_pdbs/4CU4_r_3ZRZ_l.pdb,0
4CU4_l_2K5B_r,A,B,../../GraPPI_data/PDB/swap_pdbs/4CU4_l_2K5B_r.pdb,0
4CU4_l_3O6Q_r,"A,B",C,../../GraPPI_data/PDB/swap_pdbs/4CU4_l_3O6Q_r.pdb,0
4CU4_l_6QMS_r,"A,B",C,../../GraPPI_data/PDB/swap_pdbs/4CU4_l_6QMS_r.pdb,0
4CU4_l_3MJH_r,A,B,../../GraPPI_data/PDB/swap_pdbs/4CU4_l_3MJH_r.pdb,0
5OO6_r_2L29_l,"A,B",C,../../GraPPI_data/PDB/swap_pdbs/5OO6_r_2L29_l.pdb,0
5OO6_r_6J4S_l,"A,B",C,../../GraPPI_data/PDB/swap_pdbs/5OO6_r_6J4S_l.pdb,0
5OO6_r_6F9S_l,"A,B",C,../../GraPPI_data/PDB/swap_pdbs/5OO6_r_6F9S_l.pdb,0
5OO6_r_3C66_l,"A,B",C,../../GraPPI_data/PDB/swap_pdbs/5OO6_r_3C66_l.pdb,0
5OO6_l_5UN5_r,A,B,../../GraPPI_data/PDB/swap_pdbs/5OO6_l_5UN5_r.pdb,0
5OO6_l_4IOP_r,A,B,../../GraPPI_data/PDB/swap_pdbs/5OO6_l_4IOP_r.pdb,0
5OO6_l_1YK0_r,"A,B",C,../../GraPPI_data/PDB/swap_pdbs/5OO6_l_1YK0_r.pdb,0
5OO6_l_3ZRZ_r,A,B,../../GraPPI_data/PDB/swap_pdbs/5OO6_l_3ZRZ_r.pdb,0
4BYF_r_5CZF_l,A,B,../../GraPPI_data/PDB/swap_pdbs/4BYF_r_5CZF_l.pdb,0
4BYF_r_4MRT_l,A,B,../../GraPPI_data/PDB/swap_pdbs/4BYF_r_4MRT_l.pdb,0
4BYF_r_3K8P_l,A,B,../../GraPPI_data/PDB/swap_pdbs/4BYF_r_3K8P_l.pdb,0
4BYF_r_5XNP_l,A,B,../../GraPPI_data/PDB/swap_pdbs/4BYF_r_5XNP_l.pdb,0
4BYF_l_2F6A_r,"A,B",C,../../GraPPI_data/PDB/swap_pdbs/4BYF_l_2F6A_r.pdb,0
4BYF_l_3ZWH_r,"A,B",C,../../GraPPI_data/PDB/swap_pdbs/4BYF_l_3ZWH_r.pdb,0
4BYF_l_6F2G_r,A,B,../../GraPPI_data/PDB/swap_pdbs/4BYF_l_6F2G_r.pdb,0
4BYF_l_3CQC_r,A,B,../../GraPPI_data/PDB/swap_pdbs/4BYF_l_3CQC_r.pdb,0
5E6P_r_3VYR_l,A,B,../../GraPPI_data/PDB/swap_pdbs/5E6P_r_3VYR_l.pdb,0
5E6P_r_2AJF_l,A,B,../../GraPPI_data/PDB/swap_pdbs/5E6P_r_2AJF_l.pdb,0
5E6P_r_4R8G_l,A,"B,C,D",../../GraPPI_data/PDB/swap_pdbs/5E6P_r_4R8G_l.pdb,0
5E6P_r_4G59_l,A,"B,C",../../GraPPI_data/PDB/swap_pdbs/5E6P_r_4G59_l.pdb,0
5E6P_l_2K42_r,A,B,../../GraPPI_data/PDB/swap_pdbs/5E6P_l_2K42_r.pdb,0
5E6P_l_3E2U_r,A,B,../../GraPPI_data/PDB/swap_pdbs/5E6P_l_3E2U_r.pdb,0
5E6P_l_3KZ0_r,A,B,../../GraPPI_data/PDB/swap_pdbs/5E6P_l_3KZ0_r.pdb,0
5E6P_l_3O6Q_r,"A,B",C,../../GraPPI_data/PDB/swap_pdbs/5E6P_l_3O6Q_r.pdb,0
1HE8_r_3C4P_l,A,B,../../GraPPI_data/PDB/swap_pdbs/1HE8_r_3C4P_l.pdb,0
1HE8_r_3C9A_l,A,B,../../GraPPI_data/PDB/swap_pdbs/1HE8_r_3C9A_l.pdb,0
1HE8_r_3D1M_l,A,B,../../GraPPI_data/PDB/swap_pdbs/1HE8_r_3D1M_l.pdb,0
1HE8_r_1QTY_l,A,"B,C",../../GraPPI_data/PDB/swap_pdbs/1HE8_r_1QTY_l.pdb,0
1HE8_l_5F1B_r,"A,B",C,../../GraPPI_data/PDB/swap_pdbs/1HE8_l_5F1B_r.pdb,0
1HE8_l_5FVK_r,A,B,../../GraPPI_data/PDB/swap_pdbs/1HE8_l_5FVK_r.pdb,0
1HE8_l_3ZS8_r,"A,B",C,../../GraPPI_data/PDB/swap_pdbs/1HE8_l_3ZS8_r.pdb,0
1HE8_l_5WPA_r,A,B,../../GraPPI_data/PDB/swap_pdbs/1HE8_l_5WPA_r.pdb,0
2AJF_r_5K22_l,A,B,../../GraPPI_data/PDB/swap_pdbs/2AJF_r_5K22_l.pdb,0
2AJF_r_1YRU_l,A,B,../../GraPPI_data/PDB/swap_pdbs/2AJF_r_1YRU_l.pdb,0
2AJF_r_5F1B_l,A,B,../../GraPPI_data/PDB/swap_pdbs/2AJF_r_5F1B_l.pdb,0
2AJF_r_2JZN_l,A,B,../../GraPPI_data/PDB/swap_pdbs/2AJF_r_2JZN_l.pdb,0
2AJF_l_5Y1Z_r,A,B,../../GraPPI_data/PDB/swap_pdbs/2AJF_l_5Y1Z_r.pdb,0
2AJF_l_3PC8_r,A,B,../../GraPPI_data/PDB/swap_pdbs/2AJF_l_3PC8_r.pdb,0
2AJF_l_3UAI_r,A,B,../../GraPPI_data/PDB/swap_pdbs/2AJF_l_3UAI_r.pdb,0
2AJF_l_2Q7N_r,A,B,../../GraPPI_data/PDB/swap_pdbs/2AJF_l_2Q7N_r.pdb,0
4HGM_r_1XDT_l,A,B,../../GraPPI_data/PDB/swap_pdbs/4HGM_r_1XDT_l.pdb,0
4HGM_r_2PHE_l,A,"B,C",../../GraPPI_data/PDB/swap_pdbs/4HGM_r_2PHE_l.pdb,0
4HGM_r_3F7P_l,A,B,../../GraPPI_data/PDB/swap_pdbs/4HGM_r_3F7P_l.pdb,0
4HGM_r_6M9K_l,A,B,../../GraPPI_data/PDB/swap_pdbs/4HGM_r_6M9K_l.pdb,0
4HGM_l_5WPA_r,A,B,../../GraPPI_data/PDB/swap_pdbs/4HGM_l_5WPA_r.pdb,0
4HGM_l_3VZA_r,A,B,../../GraPPI_data/PDB/swap_pdbs/4HGM_l_3VZA_r.pdb,0
4HGM_l_3ZWH_r,"A,B",C,../../GraPPI_data/PDB/swap_pdbs/4HGM_l_3ZWH_r.pdb,0
4HGM_l_1L2W_r,A,B,../../GraPPI_data/PDB/swap_pdbs/4HGM_l_1L2W_r.pdb,0
6M7L_r_4IKA_l,A,B,../../GraPPI_data/PDB/swap_pdbs/6M7L_r_4IKA_l.pdb,0
6M7L_r_1VRK_l,A,B,../../GraPPI_data/PDB/swap_pdbs/6M7L_r_1VRK_l.pdb,0
6M7L_r_1R6Q_l,A,B,../../GraPPI_data/PDB/swap_pdbs/6M7L_r_1R6Q_l.pdb,0
6M7L_r_5MTM_l,A,B,../../GraPPI_data/PDB/swap_pdbs/6M7L_r_5MTM_l.pdb,0
6M7L_l_5OSH_r,A,B,../../GraPPI_data/PDB/swap_pdbs/6M7L_l_5OSH_r.pdb,0
6M7L_l_3O6Q_r,"A,B",C,../../GraPPI_data/PDB/swap_pdbs/6M7L_l_3O6Q_r.pdb,0
6M7L_l_6J9M_r,"A,B",C,../../GraPPI_data/PDB/swap_pdbs/6M7L_l_6J9M_r.pdb,0
6M7L_l_4C99_r,"A,B",C,../../GraPPI_data/PDB/swap_pdbs/6M7L_l_4C99_r.pdb,0
3BOW_r_4FZV_l,"A,B",C,../../GraPPI_data/PDB/swap_pdbs/3BOW_r_4FZV_l.pdb,0
3BOW_r_3ME2_l,"A,B",C,../../GraPPI_data/PDB/swap_pdbs/3BOW_r_3ME2_l.pdb,0
3BOW_r_6OSW_l,"A,B",C,../../GraPPI_data/PDB/swap_pdbs/3BOW_r_6OSW_l.pdb,0
3BOW_r_3VEP_l,"A,B",C,../../GraPPI_data/PDB/swap_pdbs/3BOW_r_3VEP_l.pdb,0
3BOW_l_2NQD_r,A,B,../../GraPPI_data/PDB/swap_pdbs/3BOW_l_2NQD_r.pdb,0
3BOW_l_4W4L_r,"A,B",C,../../GraPPI_data/PDB/swap_pdbs/3BOW_l_4W4L_r.pdb,0
3BOW_l_3P8M_r,"A,B",C,../../GraPPI_data/PDB/swap_pdbs/3BOW_l_3P8M_r.pdb,0
3BOW_l_4PW9_r,A,B,../../GraPPI_data/PDB/swap_pdbs/3BOW_l_4PW9_r.pdb,0
5WQL_r_1HCF_l,A,"B,C",../../GraPPI_data/PDB/swap_pdbs/5WQL_r_1HCF_l.pdb,0
5WQL_r_2VE7_l,A,B,../../GraPPI_data/PDB/swap_pdbs/5WQL_r_2VE7_l.pdb,0
5WQL_r_1Y3B_l,A,B,../../GraPPI_data/PDB/swap_pdbs/5WQL_r_1Y3B_l.pdb,0
5WQL_r_6RHW_l,A,B,../../GraPPI_data/PDB/swap_pdbs/5WQL_r_6RHW_l.pdb,0
5WQL_l_2P4A_r,A,B,../../GraPPI_data/PDB/swap_pdbs/5WQL_l_2P4A_r.pdb,0
5WQL_l_1QTY_r,"A,B",C,../../GraPPI_data/PDB/swap_pdbs/5WQL_l_1QTY_r.pdb,0
5WQL_l_4UDM_r,A,B,../../GraPPI_data/PDB/swap_pdbs/5WQL_l_4UDM_r.pdb,0
5WQL_l_1VRK_r,A,B,../../GraPPI_data/PDB/swap_pdbs/5WQL_l_1VRK_r.pdb,0
4ILG_r_5V5H_l,A,B,../../GraPPI_data/PDB/swap_pdbs/4ILG_r_5V5H_l.pdb,0
4ILG_r_2F9Z_l,A,B,../../GraPPI_data/PDB/swap_pdbs/4ILG_r_2F9Z_l.pdb,0
4ILG_r_6HT9_l,A,B,../../GraPPI_data/PDB/swap_pdbs/4ILG_r_6HT9_l.pdb,0
4ILG_r_3RT0_l,A,B,../../GraPPI_data/PDB/swap_pdbs/4ILG_r_3RT0_l.pdb,0
4ILG_l_3H2U_r,"A,B","C,D",../../GraPPI_data/PDB/swap_pdbs/4ILG_l_3H2U_r.pdb,0
4ILG_l_2L14_r,A,"B,C",../../GraPPI_data/PDB/swap_pdbs/4ILG_l_2L14_r.pdb,0
4ILG_l_3SSB_r,"A,B","C,D",../../GraPPI_data/PDB/swap_pdbs/4ILG_l_3SSB_r.pdb,0
4ILG_l_2WBY_r,A,"B,C",../../GraPPI_data/PDB/swap_pdbs/4ILG_l_2WBY_r.pdb,0
6JWJ_r_5E6P_l,A,B,../../GraPPI_data/PDB/swap_pdbs/6JWJ_r_5E6P_l.pdb,0
6JWJ_r_2AJF_l,A,B,../../GraPPI_data/PDB/swap_pdbs/6JWJ_r_2AJF_l.pdb,0
6JWJ_r_1EWY_l,A,B,../../GraPPI_data/PDB/swap_pdbs/6JWJ_r_1EWY_l.pdb,0
6JWJ_r_4BPX_l,A,B,../../GraPPI_data/PDB/swap_pdbs/6JWJ_r_4BPX_l.pdb,0
6JWJ_l_2ZVN_r,"A,B",C,../../GraPPI_data/PDB/swap_pdbs/6JWJ_l_2ZVN_r.pdb,0
6JWJ_l_2LPB_r,A,B,../../GraPPI_data/PDB/swap_pdbs/6JWJ_l_2LPB_r.pdb,0
6JWJ_l_3ZS8_r,"A,B",C,../../GraPPI_data/PDB/swap_pdbs/6JWJ_l_3ZS8_r.pdb,0
6JWJ_l_2LP4_r,A,B,../../GraPPI_data/PDB/swap_pdbs/6JWJ_l_2LP4_r.pdb,0
4APF_r_2PCC_l,A,B,../../GraPPI_data/PDB/swap_pdbs/4APF_r_2PCC_l.pdb,0
4APF_r_2P4A_l,A,B,../../GraPPI_data/PDB/swap_pdbs/4APF_r_2P4A_l.pdb,0
4APF_r_5TOJ_l,A,B,../../GraPPI_data/PDB/swap_pdbs/4APF_r_5TOJ_l.pdb,0
4APF_r_3BOW_l,A,B,../../GraPPI_data/PDB/swap_pdbs/4APF_r_3BOW_l.pdb,0
4APF_l_2QC1_r,A,B,../../GraPPI_data/PDB/swap_pdbs/4APF_l_2QC1_r.pdb,0
4APF_l_2LP4_r,A,B,../../GraPPI_data/PDB/swap_pdbs/4APF_l_2LP4_r.pdb,0
4APF_l_5OY9_r,A,B,../../GraPPI_data/PDB/swap_pdbs/4APF_l_5OY9_r.pdb,0
4APF_l_3AJB_r,A,B,../../GraPPI_data/PDB/swap_pdbs/4APF_l_3AJB_r.pdb,0
3K8P_r_4RE1_l,A,B,../../GraPPI_data/PDB/swap_pdbs/3K8P_r_4RE1_l.pdb,0
3K8P_r_6F0G_l,A,B,../../GraPPI_data/PDB/swap_pdbs/3K8P_r_6F0G_l.pdb,0
3K8P_r_3OWT_l,A,B,../../GraPPI_data/PDB/swap_pdbs/3K8P_r_3OWT_l.pdb,0
3K8P_r_3VZA_l,A,"B,C",../../GraPPI_data/PDB/swap_pdbs/3K8P_r_3VZA_l.pdb,0
3K8P_l_5MJY_r,"A,B",C,../../GraPPI_data/PDB/swap_pdbs/3K8P_l_5MJY_r.pdb,0
3K8P_l_3DXD_r,A,B,../../GraPPI_data/PDB/swap_pdbs/3K8P_l_3DXD_r.pdb,0
3K8P_l_1PK1_r,A,B,../../GraPPI_data/PDB/swap_pdbs/3K8P_l_1PK1_r.pdb,0
3K8P_l_4RA0_r,A,B,../../GraPPI_data/PDB/swap_pdbs/3K8P_l_4RA0_r.pdb,0
2GOX_r_6B12_l,A,B,../../GraPPI_data/PDB/swap_pdbs/2GOX_r_6B12_l.pdb,0
2GOX_r_6F3Z_l,A,B,../../GraPPI_data/PDB/swap_pdbs/2GOX_r_6F3Z_l.pdb,0
2GOX_r_4DKD_l,A,B,../../GraPPI_data/PDB/swap_pdbs/2GOX_r_4DKD_l.pdb,0
2GOX_r_3O6B_l,A,B,../../GraPPI_data/PDB/swap_pdbs/2GOX_r_3O6B_l.pdb,0
2GOX_l_3FII_r,A,B,../../GraPPI_data/PDB/swap_pdbs/2GOX_l_3FII_r.pdb,0
2GOX_l_1Y3B_r,A,B,../../GraPPI_data/PDB/swap_pdbs/2GOX_l_1Y3B_r.pdb,0
2GOX_l_5Z7L_r,"A,B",C,../../GraPPI_data/PDB/swap_pdbs/2GOX_l_5Z7L_r.pdb,0
2GOX_l_1ZHI_r,A,B,../../GraPPI_data/PDB/swap_pdbs/2GOX_l_1ZHI_r.pdb,0
4IHL_r_3KBT_l,"A,B",C,../../GraPPI_data/PDB/swap_pdbs/4IHL_r_3KBT_l.pdb,0
4IHL_r_1XDT_l,"A,B",C,../../GraPPI_data/PDB/swap_pdbs/4IHL_r_1XDT_l.pdb,0
4IHL_r_3REB_l,"A,B",C,../../GraPPI_data/PDB/swap_pdbs/4IHL_r_3REB_l.pdb,0
4IHL_r_3OIQ_l,"A,B",C,../../GraPPI_data/PDB/swap_pdbs/4IHL_r_3OIQ_l.pdb,0
4IHL_l_4C99_r,"A,B",C,../../GraPPI_data/PDB/swap_pdbs/4IHL_l_4C99_r.pdb,0
4IHL_l_3VFO_r,"A,B",C,../../GraPPI_data/PDB/swap_pdbs/4IHL_l_3VFO_r.pdb,0
4IHL_l_2QC1_r,A,B,../../GraPPI_data/PDB/swap_pdbs/4IHL_l_2QC1_r.pdb,0
4IHL_l_6IRE_r,A,B,../../GraPPI_data/PDB/swap_pdbs/4IHL_l_6IRE_r.pdb,0
5BT1_r_4ZGY_l,"A,B",C,../../GraPPI_data/PDB/swap_pdbs/5BT1_r_4ZGY_l.pdb,0
5BT1_r_4UWQ_l,"A,B","C,D",../../GraPPI_data/PDB/swap_pdbs/5BT1_r_4UWQ_l.pdb,0
5BT1_r_1NVU_l,"A,B",C,../../GraPPI_data/PDB/swap_pdbs/5BT1_r_1NVU_l.pdb,0
5BT1_r_6OSW_l,"A,B",C,../../GraPPI_data/PDB/swap_pdbs/5BT1_r_6OSW_l.pdb,0
5BT1_l_6PLM_r,A,"B,C",../../GraPPI_data/PDB/swap_pdbs/5BT1_l_6PLM_r.pdb,0
5BT1_l_5FHX_r,A,"B,C",../../GraPPI_data/PDB/swap_pdbs/5BT1_l_5FHX_r.pdb,0
5BT1_l_4PLO_r,A,"B,C",../../GraPPI_data/PDB/swap_pdbs/5BT1_l_4PLO_r.pdb,0
5BT1_l_6GBG_r,A,"B,C",../../GraPPI_data/PDB/swap_pdbs/5BT1_l_6GBG_r.pdb,0
5MA6_r_1Y8N_l,A,B,../../GraPPI_data/PDB/swap_pdbs/5MA6_r_1Y8N_l.pdb,0
5MA6_r_6H9N_l,A,B,../../GraPPI_data/PDB/swap_pdbs/5MA6_r_6H9N_l.pdb,0
5MA6_r_5NVM_l,A,B,../../GraPPI_data/PDB/swap_pdbs/5MA6_r_5NVM_l.pdb,0
5MA6_r_5NT1_l,A,B,../../GraPPI_data/PDB/swap_pdbs/5MA6_r_5NT1_l.pdb,0
5MA6_l_1JIW_r,A,B,../../GraPPI_data/PDB/swap_pdbs/5MA6_l_1JIW_r.pdb,0
5MA6_l_2AZE_r,A,B,../../GraPPI_data/PDB/swap_pdbs/5MA6_l_2AZE_r.pdb,0
5MA6_l_2IY1_r,A,B,../../GraPPI_data/PDB/swap_pdbs/5MA6_l_2IY1_r.pdb,0
5MA6_l_2AJF_r,A,B,../../GraPPI_data/PDB/swap_pdbs/5MA6_l_2AJF_r.pdb,0
5JW7_r_6H9N_l,A,B,../../GraPPI_data/PDB/swap_pdbs/5JW7_r_6H9N_l.pdb,0
5JW7_r_1T0P_l,A,B,../../GraPPI_data/PDB/swap_pdbs/5JW7_r_1T0P_l.pdb,0
5JW7_r_5BW7_l,A,B,../../GraPPI_data/PDB/swap_pdbs/5JW7_r_5BW7_l.pdb,0
5JW7_r_1UGH_l,A,B,../../GraPPI_data/PDB/swap_pdbs/5JW7_r_1UGH_l.pdb,0
5JW7_l_4ZLT_r,A,B,../../GraPPI_data/PDB/swap_pdbs/5JW7_l_4ZLT_r.pdb,0
5JW7_l_2F6A_r,"A,B",C,../../GraPPI_data/PDB/swap_pdbs/5JW7_l_2F6A_r.pdb,0
5JW7_l_4IYP_r,A,B,../../GraPPI_data/PDB/swap_pdbs/5JW7_l_4IYP_r.pdb,0
5JW7_l_3UEZ_r,"A,B",C,../../GraPPI_data/PDB/swap_pdbs/5JW7_l_3UEZ_r.pdb,0
5OSH_r_1VET_l,A,B,../../GraPPI_data/PDB/swap_pdbs/5OSH_r_1VET_l.pdb,0
5OSH_r_2ODG_l,A,"B,C",../../GraPPI_data/PDB/swap_pdbs/5OSH_r_2ODG_l.pdb,0
5OSH_r_3H2U_l,A,"B,C",../../GraPPI_data/PDB/swap_pdbs/5OSH_r_3H2U_l.pdb,0
5OSH_r_4UDM_l,A,B,../../GraPPI_data/PDB/swap_pdbs/5OSH_r_4UDM_l.pdb,0
5OSH_l_3WWN_r,A,"B,C",../../GraPPI_data/PDB/swap_pdbs/5OSH_l_3WWN_r.pdb,0
5OSH_l_1T6B_r,A,"B,C",../../GraPPI_data/PDB/swap_pdbs/5OSH_l_1T6B_r.pdb,0
5OSH_l_6NFJ_r,A,"B,C",../../GraPPI_data/PDB/swap_pdbs/5OSH_l_6NFJ_r.pdb,0
5OSH_l_5H9B_r,A,"B,C",../../GraPPI_data/PDB/swap_pdbs/5OSH_l_5H9B_r.pdb,0
2OMY_r_5VT9_l,A,"B,C",../../GraPPI_data/PDB/swap_pdbs/2OMY_r_5VT9_l.pdb,0
2OMY_r_3VYR_l,A,B,../../GraPPI_data/PDB/swap_pdbs/2OMY_r_3VYR_l.pdb,0
2OMY_r_1Y76_l,A,"B,C",../../GraPPI_data/PDB/swap_pdbs/2OMY_r_1Y76_l.pdb,0
2OMY_r_5H9B_l,A,B,../../GraPPI_data/PDB/swap_pdbs/2OMY_r_5H9B_l.pdb,0
2OMY_l_3D1M_r,A,B,../../GraPPI_data/PDB/swap_pdbs/2OMY_l_3D1M_r.pdb,0
2OMY_l_1X1W_r,A,B,../../GraPPI_data/PDB/swap_pdbs/2OMY_l_1X1W_r.pdb,0
2OMY_l_5H7Y_r,A,B,../../GraPPI_data/PDB/swap_pdbs/2OMY_l_5H7Y_r.pdb,0
2OMY_l_6GBG_r,A,B,../../GraPPI_data/PDB/swap_pdbs/2OMY_l_6GBG_r.pdb,0
5XNP_r_5HLZ_l,A,"B,C",../../GraPPI_data/PDB/swap_pdbs/5XNP_r_5HLZ_l.pdb,0
5XNP_r_2Q7N_l,A,B,../../GraPPI_data/PDB/swap_pdbs/5XNP_r_2Q7N_l.pdb,0
5XNP_r_5Z7L_l,A,"B,C",../../GraPPI_data/PDB/swap_pdbs/5XNP_r_5Z7L_l.pdb,0
5XNP_r_2HRK_l,A,B,../../GraPPI_data/PDB/swap_pdbs/5XNP_r_2HRK_l.pdb,0
5XNP_l_1HCF_r,A,B,../../GraPPI_data/PDB/swap_pdbs/5XNP_l_1HCF_r.pdb,0
5XNP_l_5FW5_r,"A,B",C,../../GraPPI_data/PDB/swap_pdbs/5XNP_l_5FW5_r.pdb,0
5XNP_l_2KRI_r,A,B,../../GraPPI_data/PDB/swap_pdbs/5XNP_l_2KRI_r.pdb,0
5XNP_l_5XSQ_r,A,B,../../GraPPI_data/PDB/swap_pdbs/5XNP_l_5XSQ_r.pdb,0
3UL1_r_5GPG_l,A,B,../../GraPPI_data/PDB/swap_pdbs/3UL1_r_5GPG_l.pdb,0
3UL1_r_3D1M_l,A,B,../../GraPPI_data/PDB/swap_pdbs/3UL1_r_3D1M_l.pdb,0
3UL1_r_4AQE_l,A,B,../../GraPPI_data/PDB/swap_pdbs/3UL1_r_4AQE_l.pdb,0
3UL1_r_2F6A_l,A,"B,C,D",../../GraPPI_data/PDB/swap_pdbs/3UL1_r_2F6A_l.pdb,0
3UL1_l_4REY_r,A,B,../../GraPPI_data/PDB/swap_pdbs/3UL1_l_4REY_r.pdb,0
3UL1_l_5WQL_r,A,B,../../GraPPI_data/PDB/swap_pdbs/3UL1_l_5WQL_r.pdb,0
3UL1_l_5Z7L_r,"A,B",C,../../GraPPI_data/PDB/swap_pdbs/3UL1_l_5Z7L_r.pdb,0
3UL1_l_3OIQ_r,A,B,../../GraPPI_data/PDB/swap_pdbs/3UL1_l_3OIQ_r.pdb,0
5CTR_r_4I9X_l,A,"B,C",../../GraPPI_data/PDB/swap_pdbs/5CTR_r_4I9X_l.pdb,0
5CTR_r_5CZF_l,A,B,../../GraPPI_data/PDB/swap_pdbs/5CTR_r_5CZF_l.pdb,0
5CTR_r_4N7V_l,A,B,../../GraPPI_data/PDB/swap_pdbs/5CTR_r_4N7V_l.pdb,0
5CTR_r_2JZN_l,A,B,../../GraPPI_data/PDB/swap_pdbs/5CTR_r_2JZN_l.pdb,0
5CTR_l_3C4M_r,A,B,../../GraPPI_data/PDB/swap_pdbs/5CTR_l_3C4M_r.pdb,0
5CTR_l_4RJF_r,A,B,../../GraPPI_data/PDB/swap_pdbs/5CTR_l_4RJF_r.pdb,0
5CTR_l_5FHX_r,A,B,../../GraPPI_data/PDB/swap_pdbs/5CTR_l_5FHX_r.pdb,0
5CTR_l_3W6J_r,A,B,../../GraPPI_data/PDB/swap_pdbs/5CTR_l_3W6J_r.pdb,0
1Y8N_r_3C4P_l,A,B,../../GraPPI_data/PDB/swap_pdbs/1Y8N_r_3C4P_l.pdb,0
1Y8N_r_5F1B_l,A,B,../../GraPPI_data/PDB/swap_pdbs/1Y8N_r_5F1B_l.pdb,0
1Y8N_r_4ZLT_l,A,B,../../GraPPI_data/PDB/swap_pdbs/1Y8N_r_4ZLT_l.pdb,0
1Y8N_r_2K42_l,A,B,../../GraPPI_data/PDB/swap_pdbs/1Y8N_r_2K42_l.pdb,0
1Y8N_l_6IB8_r,"A,B",C,../../GraPPI_data/PDB/swap_pdbs/1Y8N_l_6IB8_r.pdb,0
1Y8N_l_5OO6_r,"A,B",C,../../GraPPI_data/PDB/swap_pdbs/1Y8N_l_5OO6_r.pdb,0
1Y8N_l_4U0Q_r,A,B,../../GraPPI_data/PDB/swap_pdbs/1Y8N_l_4U0Q_r.pdb,0
1Y8N_l_6JHW_r,"A,B",C,../../GraPPI_data/PDB/swap_pdbs/1Y8N_l_6JHW_r.pdb,0
2F6A_r_6F0G_l,"A,B",C,../../GraPPI_data/PDB/swap_pdbs/2F6A_r_6F0G_l.pdb,0
2F6A_r_4RE1_l,"A,B",C,../../GraPPI_data/PDB/swap_pdbs/2F6A_r_4RE1_l.pdb,0
2F6A_r_1EWY_l,"A,B",C,../../GraPPI_data/PDB/swap_pdbs/2F6A_r_1EWY_l.pdb,0
2F6A_r_3F4Y_l,"A,B","C,D,E",../../GraPPI_data/PDB/swap_pdbs/2F6A_r_3F4Y_l.pdb,0
2F6A_l_3QS7_r,"A,B","C,D,E",../../GraPPI_data/PDB/swap_pdbs/2F6A_l_3QS7_r.pdb,0
2F6A_l_1RPQ_r,A,"B,C,D",../../GraPPI_data/PDB/swap_pdbs/2F6A_l_1RPQ_r.pdb,0
2F6A_l_3BT1_r,A,"B,C,D",../../GraPPI_data/PDB/swap_pdbs/2F6A_l_3BT1_r.pdb,0
2F6A_l_3G7Z_r,"A,B","C,D,E",../../GraPPI_data/PDB/swap_pdbs/2F6A_l_3G7Z_r.pdb,0
3TU3_r_5V5H_l,A,B,../../GraPPI_data/PDB/swap_pdbs/3TU3_r_5V5H_l.pdb,0
3TU3_r_1L2W_l,A,"B,C",../../GraPPI_data/PDB/swap_pdbs/3TU3_r_1L2W_l.pdb,0
3TU3_r_3O5T_l,A,B,../../GraPPI_data/PDB/swap_pdbs/3TU3_r_3O5T_l.pdb,0
3TU3_r_2MKC_l,A,"B,C",../../GraPPI_data/PDB/swap_pdbs/3TU3_r_2MKC_l.pdb,0
3TU3_l_2LKM_r,A,B,../../GraPPI_data/PDB/swap_pdbs/3TU3_l_2LKM_r.pdb,0
3TU3_l_1LJ2_r,"A,B",C,../../GraPPI_data/PDB/swap_pdbs/3TU3_l_1LJ2_r.pdb,0
3TU3_l_1T01_r,A,B,../../GraPPI_data/PDB/swap_pdbs/3TU3_l_1T01_r.pdb,0
3TU3_l_3ME2_r,A,B,../../GraPPI_data/PDB/swap_pdbs/3TU3_l_3ME2_r.pdb,0
5WPA_r_3OIQ_l,A,B,../../GraPPI_data/PDB/swap_pdbs/5WPA_r_3OIQ_l.pdb,0
5WPA_r_6M9K_l,A,B,../../GraPPI_data/PDB/swap_pdbs/5WPA_r_6M9K_l.pdb,0
5WPA_r_5WQL_l,A,B,../../GraPPI_data/PDB/swap_pdbs/5WPA_r_5WQL_l.pdb,0
5WPA_r_2CJS_l,A,B,../../GraPPI_data/PDB/swap_pdbs/5WPA_r_2CJS_l.pdb,0
5WPA_l_4JRA_r,A,B,../../GraPPI_data/PDB/swap_pdbs/5WPA_l_4JRA_r.pdb,0
5WPA_l_5ZQV_r,A,B,../../GraPPI_data/PDB/swap_pdbs/5WPA_l_5ZQV_r.pdb,0
5WPA_l_2Q0O_r,"A,B",C,../../GraPPI_data/PDB/swap_pdbs/5WPA_l_2Q0O_r.pdb,0
5WPA_l_5DOB_r,A,B,../../GraPPI_data/PDB/swap_pdbs/5WPA_l_5DOB_r.pdb,0
1OGY_r_5IIA_l,A,"B,C",../../GraPPI_data/PDB/swap_pdbs/1OGY_r_5IIA_l.pdb,0
1OGY_r_6GVL_l,A,B,../../GraPPI_data/PDB/swap_pdbs/1OGY_r_6GVL_l.pdb,0
1OGY_r_5TDY_l,A,"B,C",../../GraPPI_data/PDB/swap_pdbs/1OGY_r_5TDY_l.pdb,0
1OGY_r_4ZKC_l,A,B,../../GraPPI_data/PDB/swap_pdbs/1OGY_r_4ZKC_l.pdb,0
1OGY_l_6IVU_r,A,B,../../GraPPI_data/PDB/swap_pdbs/1OGY_l_6IVU_r.pdb,0
1OGY_l_2L29_r,A,B,../../GraPPI_data/PDB/swap_pdbs/1OGY_l_2L29_r.pdb,0
1OGY_l_4ETP_r,A,B,../../GraPPI_data/PDB/swap_pdbs/1OGY_l_4ETP_r.pdb,0
1OGY_l_4YWC_r,A,B,../../GraPPI_data/PDB/swap_pdbs/1OGY_l_4YWC_r.pdb,0
4UWQ_r_6QMS_l,A,B,../../GraPPI_data/PDB/swap_pdbs/4UWQ_r_6QMS_l.pdb,0
4UWQ_r_5HLZ_l,A,"B,C",../../GraPPI_data/PDB/swap_pdbs/4UWQ_r_5HLZ_l.pdb,0
4UWQ_r_4ZGY_l,A,B,../../GraPPI_data/PDB/swap_pdbs/4UWQ_r_4ZGY_l.pdb,0
4UWQ_r_1CLV_l,A,B,../../GraPPI_data/PDB/swap_pdbs/4UWQ_r_1CLV_l.pdb,0
4UWQ_l_5TL6_r,A,"B,C",../../GraPPI_data/PDB/swap_pdbs/4UWQ_l_5TL6_r.pdb,0
4UWQ_l_6IVU_r,A,"B,C",../../GraPPI_data/PDB/swap_pdbs/4UWQ_l_6IVU_r.pdb,0
4UWQ_l_3K75_r,A,"B,C",../../GraPPI_data/PDB/swap_pdbs/4UWQ_l_3K75_r.pdb,0
4UWQ_l_5WVO_r,"A,B,C","D,E",../../GraPPI_data/PDB/swap_pdbs/4UWQ_l_5WVO_r.pdb,0
3K75_r_6IVU_l,A,B,../../GraPPI_data/PDB/swap_pdbs/3K75_r_6IVU_l.pdb,0
3K75_r_4JRA_l,A,B,../../GraPPI_data/PDB/swap_pdbs/3K75_r_4JRA_l.pdb,0
3K75_r_4ZLT_l,A,B,../../GraPPI_data/PDB/swap_pdbs/3K75_r_4ZLT_l.pdb,0
3K75_r_6PLM_l,A,B,../../GraPPI_data/PDB/swap_pdbs/3K75_r_6PLM_l.pdb,0
3K75_l_2O8V_r,A,B,../../GraPPI_data/PDB/swap_pdbs/3K75_l_2O8V_r.pdb,0
3K75_l_5B3H_r,"A,B",C,../../GraPPI_data/PDB/swap_pdbs/3K75_l_5B3H_r.pdb,0
3K75_l_6D13_r,A,B,../../GraPPI_data/PDB/swap_pdbs/3K75_l_6D13_r.pdb,0
3K75_l_3QS7_r,"A,B",C,../../GraPPI_data/PDB/swap_pdbs/3K75_l_3QS7_r.pdb,0
3AA0_r_1I51_l,"A,B",C,../../GraPPI_data/PDB/swap_pdbs/3AA0_r_1I51_l.pdb,0
3AA0_r_2LEH_l,"A,B",C,../../GraPPI_data/PDB/swap_pdbs/3AA0_r_2LEH_l.pdb,0
3AA0_r_1G0V_l,"A,B",C,../../GraPPI_data/PDB/swap_pdbs/3AA0_r_1G0V_l.pdb,0
3AA0_r_4E6K_l,"A,B","C,D",../../GraPPI_data/PDB/swap_pdbs/3AA0_r_4E6K_l.pdb,0
3AA0_l_2K3U_r,A,B,../../GraPPI_data/PDB/swap_pdbs/3AA0_l_2K3U_r.pdb,0
3AA0_l_5FW5_r,"A,B",C,../../GraPPI_data/PDB/swap_pdbs/3AA0_l_5FW5_r.pdb,0
3AA0_l_6HT9_r,A,B,../../GraPPI_data/PDB/swap_pdbs/3AA0_l_6HT9_r.pdb,0
3AA0_l_4JRA_r,A,B,../../GraPPI_data/PDB/swap_pdbs/3AA0_l_4JRA_r.pdb,0
1GO4_r_6GBG_l,A,B,../../GraPPI_data/PDB/swap_pdbs/1GO4_r_6GBG_l.pdb,0
1GO4_r_1KKL_l,A,"B,C,D",../../GraPPI_data/PDB/swap_pdbs/1GO4_r_1KKL_l.pdb,0
1GO4_r_4MRT_l,A,B,../../GraPPI_data/PDB/swap_pdbs/1GO4_r_4MRT_l.pdb,0
1GO4_r_6D13_l,A,B,../../GraPPI_data/PDB/swap_pdbs/1GO4_r_6D13_l.pdb,0
1GO4_l_4AQE_r,A,B,../../GraPPI_data/PDB/swap_pdbs/1GO4_l_4AQE_r.pdb,0
1GO4_l_4R8G_r,A,B,../../GraPPI_data/PDB/swap_pdbs/1GO4_l_4R8G_r.pdb,0
1GO4_l_2X9A_r,A,B,../../GraPPI_data/PDB/swap_pdbs/1GO4_l_2X9A_r.pdb,0
1GO4_l_2VE7_r,A,B,../../GraPPI_data/PDB/swap_pdbs/1GO4_l_2VE7_r.pdb,0
4KR0_r_4U4C_l,A,B,../../GraPPI_data/PDB/swap_pdbs/4KR0_r_4U4C_l.pdb,0
4KR0_r_5EDV_l,A,"B,C,D",../../GraPPI_data/PDB/swap_pdbs/4KR0_r_5EDV_l.pdb,0
4KR0_r_6JCS_l,A,B,../../GraPPI_data/PDB/swap_pdbs/4KR0_r_6JCS_l.pdb,0
4KR0_r_3HTU_l,A,B,../../GraPPI_data/PDB/swap_pdbs/4KR0_r_3HTU_l.pdb,0
4KR0_l_1LP1_r,A,B,../../GraPPI_data/PDB/swap_pdbs/4KR0_l_1LP1_r.pdb,0
4KR0_l_5EDV_r,A,B,../../GraPPI_data/PDB/swap_pdbs/4KR0_l_5EDV_r.pdb,0
4KR0_l_5IMT_r,A,B,../../GraPPI_data/PDB/swap_pdbs/4KR0_l_5IMT_r.pdb,0
4KR0_l_2O3B_r,A,B,../../GraPPI_data/PDB/swap_pdbs/4KR0_l_2O3B_r.pdb,0
3GC3_r_1F47_l,A,B,../../GraPPI_data/PDB/swap_pdbs/3GC3_r_1F47_l.pdb,0
3GC3_r_2Z3R_l,A,B,../../GraPPI_data/PDB/swap_pdbs/3GC3_r_2Z3R_l.pdb,0
3GC3_r_4AQE_l,A,B,../../GraPPI_data/PDB/swap_pdbs/3GC3_r_4AQE_l.pdb,0
3GC3_r_4BKX_l,A,B,../../GraPPI_data/PDB/swap_pdbs/3GC3_r_4BKX_l.pdb,0
3GC3_l_6GTQ_r,"A,B",C,../../GraPPI_data/PDB/swap_pdbs/3GC3_l_6GTQ_r.pdb,0
3GC3_l_3NCB_r,A,B,../../GraPPI_data/PDB/swap_pdbs/3GC3_l_3NCB_r.pdb,0
3GC3_l_6BX4_r,"A,B",C,../../GraPPI_data/PDB/swap_pdbs/3GC3_l_6BX4_r.pdb,0
3GC3_l_1TBA_r,A,B,../../GraPPI_data/PDB/swap_pdbs/3GC3_l_1TBA_r.pdb,0
2I3T_r_4R8G_l,A,"B,C,D",../../GraPPI_data/PDB/swap_pdbs/2I3T_r_4R8G_l.pdb,0
2I3T_r_4RA0_l,A,B,../../GraPPI_data/PDB/swap_pdbs/2I3T_r_4RA0_l.pdb,0
2I3T_r_4ILG_l,A,"B,C",../../GraPPI_data/PDB/swap_pdbs/2I3T_r_4ILG_l.pdb,0
2I3T_r_6JWJ_l,A,B,../../GraPPI_data/PDB/swap_pdbs/2I3T_r_6JWJ_l.pdb,0
2I3T_l_4C5G_r,A,B,../../GraPPI_data/PDB/swap_pdbs/2I3T_l_4C5G_r.pdb,0
2I3T_l_3SZK_r,A,B,../../GraPPI_data/PDB/swap_pdbs/2I3T_l_3SZK_r.pdb,0
2I3T_l_5V5H_r,A,B,../../GraPPI_data/PDB/swap_pdbs/2I3T_l_5V5H_r.pdb,0
2I3T_l_3KV4_r,A,B,../../GraPPI_data/PDB/swap_pdbs/2I3T_l_3KV4_r.pdb,0
4JEU_r_6PNQ_l,A,B,../../GraPPI_data/PDB/swap_pdbs/4JEU_r_6PNQ_l.pdb,0
4JEU_r_5UN7_l,A,B,../../GraPPI_data/PDB/swap_pdbs/4JEU_r_5UN7_l.pdb,0
4JEU_r_3UL1_l,A,B,../../GraPPI_data/PDB/swap_pdbs/4JEU_r_3UL1_l.pdb,0
4JEU_r_4J2L_l,A,B,../../GraPPI_data/PDB/swap_pdbs/4JEU_r_4J2L_l.pdb,0
4JEU_l_6EY6_r,"A,B",C,../../GraPPI_data/PDB/swap_pdbs/4JEU_l_6EY6_r.pdb,0
4JEU_l_4IOP_r,A,B,../../GraPPI_data/PDB/swap_pdbs/4JEU_l_4IOP_r.pdb,0
4JEU_l_3ZWZ_r,A,B,../../GraPPI_data/PDB/swap_pdbs/4JEU_l_3ZWZ_r.pdb,0
4JEU_l_2K05_r,"A,B",C,../../GraPPI_data/PDB/swap_pdbs/4JEU_l_2K05_r.pdb,0
3U9D_r_2N73_l,A,B,../../GraPPI_data/PDB/swap_pdbs/3U9D_r_2N73_l.pdb,0
3U9D_r_3WA5_l,A,B,../../GraPPI_data/PDB/swap_pdbs/3U9D_r_3WA5_l.pdb,0
3U9D_r_5Y1Z_l,A,B,../../GraPPI_data/PDB/swap_pdbs/3U9D_r_5Y1Z_l.pdb,0
3U9D_r_1QTY_l,A,"B,C",../../GraPPI_data/PDB/swap_pdbs/3U9D_r_1QTY_l.pdb,0
3U9D_l_6OAN_r,A,B,../../GraPPI_data/PDB/swap_pdbs/3U9D_l_6OAN_r.pdb,0
3U9D_l_5FVK_r,A,B,../../GraPPI_data/PDB/swap_pdbs/3U9D_l_5FVK_r.pdb,0
3U9D_l_2WP3_r,A,B,../../GraPPI_data/PDB/swap_pdbs/3U9D_l_2WP3_r.pdb,0
3U9D_l_5IIA_r,"A,B",C,../../GraPPI_data/PDB/swap_pdbs/3U9D_l_5IIA_r.pdb,0
1GLA_r_1I51_l,A,B,../../GraPPI_data/PDB/swap_pdbs/1GLA_r_1I51_l.pdb,0
1GLA_r_2MLX_l,A,B,../../GraPPI_data/PDB/swap_pdbs/1GLA_r_2MLX_l.pdb,0
1GLA_r_6J4S_l,A,B,../../GraPPI_data/PDB/swap_pdbs/1GLA_r_6J4S_l.pdb,0
1GLA_r_3OAK_l,A,B,../../GraPPI_data/PDB/swap_pdbs/1GLA_r_3OAK_l.pdb,0
1GLA_l_3KBT_r,A,B,../../GraPPI_data/PDB/swap_pdbs/1GLA_l_3KBT_r.pdb,0
1GLA_l_1KTZ_r,A,B,../../GraPPI_data/PDB/swap_pdbs/1GLA_l_1KTZ_r.pdb,0
1GLA_l_3BOW_r,"A,B",C,../../GraPPI_data/PDB/swap_pdbs/1GLA_l_3BOW_r.pdb,0
1GLA_l_4U0Q_r,A,B,../../GraPPI_data/PDB/swap_pdbs/1GLA_l_4U0Q_r.pdb,0
3UZ0_r_1LJ2_l,A,"B,C",../../GraPPI_data/PDB/swap_pdbs/3UZ0_r_1LJ2_l.pdb,0
3UZ0_r_2Z3R_l,A,B,../../GraPPI_data/PDB/swap_pdbs/3UZ0_r_2Z3R_l.pdb,0
3UZ0_r_5IMT_l,A,B,../../GraPPI_data/PDB/swap_pdbs/3UZ0_r_5IMT_l.pdb,0
3UZ0_r_3GC3_l,A,B,../../GraPPI_data/PDB/swap_pdbs/3UZ0_r_3GC3_l.pdb,0
3UZ0_l_1EWY_r,A,B,../../GraPPI_data/PDB/swap_pdbs/3UZ0_l_1EWY_r.pdb,0
3UZ0_l_2OMY_r,A,B,../../GraPPI_data/PDB/swap_pdbs/3UZ0_l_2OMY_r.pdb,0
3UZ0_l_4XHU_r,A,B,../../GraPPI_data/PDB/swap_pdbs/3UZ0_l_4XHU_r.pdb,0
3UZ0_l_4OVN_r,A,B,../../GraPPI_data/PDB/swap_pdbs/3UZ0_l_4OVN_r.pdb,0
4BPX_r_2FYL_l,A,B,../../GraPPI_data/PDB/swap_pdbs/4BPX_r_2FYL_l.pdb,0
4BPX_r_5V5H_l,A,B,../../GraPPI_data/PDB/swap_pdbs/4BPX_r_5V5H_l.pdb,0
4BPX_r_3WWN_l,A,B,../../GraPPI_data/PDB/swap_pdbs/4BPX_r_3WWN_l.pdb,0
4BPX_r_6NFJ_l,A,B,../../GraPPI_data/PDB/swap_pdbs/4BPX_r_6NFJ_l.pdb,0
4BPX_l_2WP0_r,"A,B",C,../../GraPPI_data/PDB/swap_pdbs/4BPX_l_2WP0_r.pdb,0
4BPX_l_1LJ2_r,"A,B",C,../../GraPPI_data/PDB/swap_pdbs/4BPX_l_1LJ2_r.pdb,0
4BPX_l_2LPB_r,A,B,../../GraPPI_data/PDB/swap_pdbs/4BPX_l_2LPB_r.pdb,0
4BPX_l_6OAN_r,A,B,../../GraPPI_data/PDB/swap_pdbs/4BPX_l_6OAN_r.pdb,0
1YK0_r_3H8D_l,"A,B","C,D",../../GraPPI_data/PDB/swap_pdbs/1YK0_r_3H8D_l.pdb,0
1YK0_r_5KOF_l,"A,B","C,D",../../GraPPI_data/PDB/swap_pdbs/1YK0_r_5KOF_l.pdb,0
1YK0_r_1I51_l,"A,B",C,../../GraPPI_data/PDB/swap_pdbs/1YK0_r_1I51_l.pdb,0
1YK0_r_6JHW_l,"A,B","C,D",../../GraPPI_data/PDB/swap_pdbs/1YK0_r_6JHW_l.pdb,0
1YK0_l_6H7N_r,A,B,../../GraPPI_data/PDB/swap_pdbs/1YK0_l_6H7N_r.pdb,0
1YK0_l_4TQ0_r,A,B,../../GraPPI_data/PDB/swap_pdbs/1YK0_l_4TQ0_r.pdb,0
1YK0_l_2IY1_r,A,B,../../GraPPI_data/PDB/swap_pdbs/1YK0_l_2IY1_r.pdb,0
1YK0_l_5ZQV_r,A,B,../../GraPPI_data/PDB/swap_pdbs/1YK0_l_5ZQV_r.pdb,0
3VYR_r_2ODG_l,A,"B,C",../../GraPPI_data/PDB/swap_pdbs/3VYR_r_2ODG_l.pdb,0
3VYR_r_6PLM_l,A,B,../../GraPPI_data/PDB/swap_pdbs/3VYR_r_6PLM_l.pdb,0
3VYR_r_3WRX_l,A,B,../../GraPPI_data/PDB/swap_pdbs/3VYR_r_3WRX_l.pdb,0
3VYR_r_2KHS_l,A,B,../../GraPPI_data/PDB/swap_pdbs/3VYR_r_2KHS_l.pdb,0
3VYR_l_5C6T_r,A,B,../../GraPPI_data/PDB/swap_pdbs/3VYR_l_5C6T_r.pdb,0
3VYR_l_4UYQ_r,A,B,../../GraPPI_data/PDB/swap_pdbs/3VYR_l_4UYQ_r.pdb,0
3VYR_l_5KY4_r,A,B,../../GraPPI_data/PDB/swap_pdbs/3VYR_l_5KY4_r.pdb,0
3VYR_l_1JSP_r,A,B,../../GraPPI_data/PDB/swap_pdbs/3VYR_l_1JSP_r.pdb,0
3C4M_r_2FYL_l,A,B,../../GraPPI_data/PDB/swap_pdbs/3C4M_r_2FYL_l.pdb,0
3C4M_r_2AQ1_l,A,B,../../GraPPI_data/PDB/swap_pdbs/3C4M_r_2AQ1_l.pdb,0
3C4M_r_2WD5_l,A,B,../../GraPPI_data/PDB/swap_pdbs/3C4M_r_2WD5_l.pdb,0
3C4M_r_5H7Y_l,A,B,../../GraPPI_data/PDB/swap_pdbs/3C4M_r_5H7Y_l.pdb,0
3C4M_l_4ZLT_r,A,B,../../GraPPI_data/PDB/swap_pdbs/3C4M_l_4ZLT_r.pdb,0
3C4M_l_3C9A_r,A,B,../../GraPPI_data/PDB/swap_pdbs/3C4M_l_3C9A_r.pdb,0
3C4M_l_2P4A_r,A,B,../../GraPPI_data/PDB/swap_pdbs/3C4M_l_2P4A_r.pdb,0
3C4M_l_2OMY_r,A,B,../../GraPPI_data/PDB/swap_pdbs/3C4M_l_2OMY_r.pdb,0
4FZV_r_2K3S_l,A,B,../../GraPPI_data/PDB/swap_pdbs/4FZV_r_2K3S_l.pdb,0
4FZV_r_3OJ2_l,A,B,../../GraPPI_data/PDB/swap_pdbs/4FZV_r_3OJ2_l.pdb,0
4FZV_r_2O8V_l,A,B,../../GraPPI_data/PDB/swap_pdbs/4FZV_r_2O8V_l.pdb,0
4FZV_r_4KT5_l,A,B,../../GraPPI_data/PDB/swap_pdbs/4FZV_r_4KT5_l.pdb,0
4FZV_l_4ZKC_r,A,B,../../GraPPI_data/PDB/swap_pdbs/4FZV_l_4ZKC_r.pdb,0
4FZV_l_6MAV_r,A,B,../../GraPPI_data/PDB/swap_pdbs/4FZV_l_6MAV_r.pdb,0
4FZV_l_3FXD_r,"A,B",C,../../GraPPI_data/PDB/swap_pdbs/4FZV_l_3FXD_r.pdb,0
4FZV_l_2LP4_r,A,B,../../GraPPI_data/PDB/swap_pdbs/4FZV_l_2LP4_r.pdb,0
5B3H_r_6OB1_l,"A,B",C,../../GraPPI_data/PDB/swap_pdbs/5B3H_r_6OB1_l.pdb,0
5B3H_r_5WPA_l,"A,B",C,../../GraPPI_data/PDB/swap_pdbs/5B3H_r_5WPA_l.pdb,0
5B3H_r_4UYQ_l,"A,B",C,../../GraPPI_data/PDB/swap_pdbs/5B3H_r_4UYQ_l.pdb,0
5B3H_r_1PD7_l,"A,B",C,../../GraPPI_data/PDB/swap_pdbs/5B3H_r_1PD7_l.pdb,0
5B3H_l_3LB8_r,A,B,../../GraPPI_data/PDB/swap_pdbs/5B3H_l_3LB8_r.pdb,0
5B3H_l_3AJB_r,A,B,../../GraPPI_data/PDB/swap_pdbs/5B3H_l_3AJB_r.pdb,0
5B3H_l_4IHL_r,"A,B",C,../../GraPPI_data/PDB/swap_pdbs/5B3H_l_4IHL_r.pdb,0
5B3H_l_2FYL_r,A,B,../../GraPPI_data/PDB/swap_pdbs/5B3H_l_2FYL_r.pdb,0
6OAN_r_1B41_l,A,B,../../GraPPI_data/PDB/swap_pdbs/6OAN_r_1B41_l.pdb,0
6OAN_r_1WQJ_l,A,B,../../GraPPI_data/PDB/swap_pdbs/6OAN_r_1WQJ_l.pdb,0
6OAN_r_2WBY_l,A,"B,C",../../GraPPI_data/PDB/swap_pdbs/6OAN_r_2WBY_l.pdb,0
6OAN_r_5LPU_l,A,"B,C",../../GraPPI_data/PDB/swap_pdbs/6OAN_r_5LPU_l.pdb,0
6OAN_l_1F3V_r,A,B,../../GraPPI_data/PDB/swap_pdbs/6OAN_l_1F3V_r.pdb,0
6OAN_l_5JDO_r,A,B,../../GraPPI_data/PDB/swap_pdbs/6OAN_l_5JDO_r.pdb,0
6OAN_l_3OIQ_r,A,B,../../GraPPI_data/PDB/swap_pdbs/6OAN_l_3OIQ_r.pdb,0
6OAN_l_4YFD_r,A,B,../../GraPPI_data/PDB/swap_pdbs/6OAN_l_4YFD_r.pdb,0
5ITZ_r_3OWT_l,A,B,../../GraPPI_data/PDB/swap_pdbs/5ITZ_r_3OWT_l.pdb,0
5ITZ_r_6M7L_l,A,B,../../GraPPI_data/PDB/swap_pdbs/5ITZ_r_6M7L_l.pdb,0
5ITZ_r_5NVM_l,A,B,../../GraPPI_data/PDB/swap_pdbs/5ITZ_r_5NVM_l.pdb,0
5ITZ_r_5MJY_l,A,B,../../GraPPI_data/PDB/swap_pdbs/5ITZ_r_5MJY_l.pdb,0
5ITZ_l_5UN7_r,A,"B,C,D",../../GraPPI_data/PDB/swap_pdbs/5ITZ_l_5UN7_r.pdb,0
5ITZ_l_4CT0_r,A,"B,C,D",../../GraPPI_data/PDB/swap_pdbs/5ITZ_l_4CT0_r.pdb,0
5ITZ_l_4APF_r,A,"B,C,D",../../GraPPI_data/PDB/swap_pdbs/5ITZ_l_4APF_r.pdb,0
5ITZ_l_5BW7_r,"A,B","C,D,E",../../GraPPI_data/PDB/swap_pdbs/5ITZ_l_5BW7_r.pdb,0
3ZS8_r_3BOW_l,"A,B",C,../../GraPPI_data/PDB/swap_pdbs/3ZS8_r_3BOW_l.pdb,0
3ZS8_r_5JJD_l,"A,B",C,../../GraPPI_data/PDB/swap_pdbs/3ZS8_r_5JJD_l.pdb,0
3ZS8_r_3ZRZ_l,"A,B",C,../../GraPPI_data/PDB/swap_pdbs/3ZS8_r_3ZRZ_l.pdb,0
3ZS8_r_5FHX_l,"A,B",C,../../GraPPI_data/PDB/swap_pdbs/3ZS8_r_5FHX_l.pdb,0
3ZS8_l_4YWC_r,A,"B,C",../../GraPPI_data/PDB/swap_pdbs/3ZS8_l_4YWC_r.pdb,0
3ZS8_l_5EJC_r,A,"B,C",../../GraPPI_data/PDB/swap_pdbs/3ZS8_l_5EJC_r.pdb,0
3ZS8_l_4UDM_r,A,"B,C",../../GraPPI_data/PDB/swap_pdbs/3ZS8_l_4UDM_r.pdb,0
3ZS8_l_1PK1_r,A,"B,C",../../GraPPI_data/PDB/swap_pdbs/3ZS8_l_1PK1_r.pdb,0
1W1W_r_4RJF_l,"A,B",C,../../GraPPI_data/PDB/swap_pdbs/1W1W_r_4RJF_l.pdb,0
1W1W_r_2I3T_l,"A,B",C,../../GraPPI_data/PDB/swap_pdbs/1W1W_r_2I3T_l.pdb,0
1W1W_r_4OVN_l,"A,B",C,../../GraPPI_data/PDB/swap_pdbs/1W1W_r_4OVN_l.pdb,0
1W1W_r_5XNP_l,"A,B",C,../../GraPPI_data/PDB/swap_pdbs/1W1W_r_5XNP_l.pdb,0
1W1W_l_2K5B_r,A,"B,C",../../GraPPI_data/PDB/swap_pdbs/1W1W_l_2K5B_r.pdb,0
1W1W_l_5NT1_r,A,"B,C",../../GraPPI_data/PDB/swap_pdbs/1W1W_l_5NT1_r.pdb,0
1W1W_l_2I3T_r,A,"B,C",../../GraPPI_data/PDB/swap_pdbs/1W1W_l_2I3T_r.pdb,0
1W1W_l_3FPU_r,A,"B,C",../../GraPPI_data/PDB/swap_pdbs/1W1W_l_3FPU_r.pdb,0
1EWY_r_5EB1_l,A,"B,C",../../GraPPI_data/PDB/swap_pdbs/1EWY_r_5EB1_l.pdb,0
1EWY_r_4AYE_l,A,B,../../GraPPI_data/PDB/swap_pdbs/1EWY_r_4AYE_l.pdb,0
1EWY_r_2QC1_l,A,B,../../GraPPI_data/PDB/swap_pdbs/1EWY_r_2QC1_l.pdb,0
1EWY_r_4H2S_l,A,"B,C",../../GraPPI_data/PDB/swap_pdbs/1EWY_r_4H2S_l.pdb,0
1EWY_l_1Q68_r,A,B,../../GraPPI_data/PDB/swap_pdbs/1EWY_l_1Q68_r.pdb,0
1EWY_l_5HLZ_r,"A,B",C,../../GraPPI_data/PDB/swap_pdbs/1EWY_l_5HLZ_r.pdb,0
1EWY_l_1JSP_r,A,B,../../GraPPI_data/PDB/swap_pdbs/1EWY_l_1JSP_r.pdb,0
1EWY_l_5BT1_r,"A,B",C,../../GraPPI_data/PDB/swap_pdbs/1EWY_l_5BT1_r.pdb,0
2OOR_r_2LP0_l,A,B,../../GraPPI_data/PDB/swap_pdbs/2OOR_r_2LP0_l.pdb,0
2OOR_r_6DSL_l,A,B,../../GraPPI_data/PDB/swap_pdbs/2OOR_r_6DSL_l.pdb,0
2OOR_r_3K1R_l,A,B,../../GraPPI_data/PDB/swap_pdbs/2OOR_r_3K1R_l.pdb,0
2OOR_r_5KY4_l,A,B,../../GraPPI_data/PDB/swap_pdbs/2OOR_r_5KY4_l.pdb,0
2OOR_l_4P1N_r,"A,B","C,D",../../GraPPI_data/PDB/swap_pdbs/2OOR_l_4P1N_r.pdb,0
2OOR_l_1KKL_r,A,"B,C",../../GraPPI_data/PDB/swap_pdbs/2OOR_l_1KKL_r.pdb,0
2OOR_l_3SZK_r,A,"B,C",../../GraPPI_data/PDB/swap_pdbs/2OOR_l_3SZK_r.pdb,0
2OOR_l_2J7P_r,A,"B,C",../../GraPPI_data/PDB/swap_pdbs/2OOR_l_2J7P_r.pdb,0
2GAF_r_3AA0_l,A,B,../../GraPPI_data/PDB/swap_pdbs/2GAF_r_3AA0_l.pdb,0
2GAF_r_6IB8_l,A,B,../../GraPPI_data/PDB/swap_pdbs/2GAF_r_6IB8_l.pdb,0
2GAF_r_6QMS_l,A,B,../../GraPPI_data/PDB/swap_pdbs/2GAF_r_6QMS_l.pdb,0
2GAF_r_4U0Q_l,A,B,../../GraPPI_data/PDB/swap_pdbs/2GAF_r_4U0Q_l.pdb,0
2GAF_l_4BYF_r,A,B,../../GraPPI_data/PDB/swap_pdbs/2GAF_l_4BYF_r.pdb,0
2GAF_l_3BOW_r,"A,B",C,../../GraPPI_data/PDB/swap_pdbs/2GAF_l_3BOW_r.pdb,0
2GAF_l_2L14_r,A,B,../../GraPPI_data/PDB/swap_pdbs/2GAF_l_2L14_r.pdb,0
2GAF_l_3O5T_r,A,B,../../GraPPI_data/PDB/swap_pdbs/2GAF_l_3O5T_r.pdb,0
5MR5_r_5MA6_l,A,B,../../GraPPI_data/PDB/swap_pdbs/5MR5_r_5MA6_l.pdb,0
5MR5_r_6D13_l,A,B,../../GraPPI_data/PDB/swap_pdbs/5MR5_r_6D13_l.pdb,0
5MR5_r_5OC7_l,A,"B,C",../../GraPPI_data/PDB/swap_pdbs/5MR5_r_5OC7_l.pdb,0
5MR5_r_1OGY_l,A,B,../../GraPPI_data/PDB/swap_pdbs/5MR5_r_1OGY_l.pdb,0
5MR5_l_1ZE3_r,"A,B",C,../../GraPPI_data/PDB/swap_pdbs/5MR5_l_1ZE3_r.pdb,0
5MR5_l_5TDY_r,"A,B",C,../../GraPPI_data/PDB/swap_pdbs/5MR5_l_5TDY_r.pdb,0
5MR5_l_5X60_r,"A,B",C,../../GraPPI_data/PDB/swap_pdbs/5MR5_l_5X60_r.pdb,0
5MR5_l_2WD5_r,A,B,../../GraPPI_data/PDB/swap_pdbs/5MR5_l_2WD5_r.pdb,0
1KTZ_r_5IMT_l,A,B,../../GraPPI_data/PDB/swap_pdbs/1KTZ_r_5IMT_l.pdb,0
1KTZ_r_2DJY_l,A,B,../../GraPPI_data/PDB/swap_pdbs/1KTZ_r_2DJY_l.pdb,0
1KTZ_r_5GPG_l,A,B,../../GraPPI_data/PDB/swap_pdbs/1KTZ_r_5GPG_l.pdb,0
1KTZ_r_4APF_l,A,B,../../GraPPI_data/PDB/swap_pdbs/1KTZ_r_4APF_l.pdb,0
1KTZ_l_4DT1_r,A,B,../../GraPPI_data/PDB/swap_pdbs/1KTZ_l_4DT1_r.pdb,0
1KTZ_l_3CQC_r,A,B,../../GraPPI_data/PDB/swap_pdbs/1KTZ_l_3CQC_r.pdb,0
1KTZ_l_2FYL_r,A,B,../../GraPPI_data/PDB/swap_pdbs/1KTZ_l_2FYL_r.pdb,0
1KTZ_l_4IOP_r,A,B,../../GraPPI_data/PDB/swap_pdbs/1KTZ_l_4IOP_r.pdb,0
2H62_r_5XOD_l,"A,B",C,../../GraPPI_data/PDB/swap_pdbs/2H62_r_5XOD_l.pdb,0
2H62_r_4YWC_l,"A,B",C,../../GraPPI_data/PDB/swap_pdbs/2H62_r_4YWC_l.pdb,0
2H62_r_2NYZ_l,"A,B","C,D",../../GraPPI_data/PDB/swap_pdbs/2H62_r_2NYZ_l.pdb,0
2H62_r_6BVA_l,"A,B",C,../../GraPPI_data/PDB/swap_pdbs/2H62_r_6BVA_l.pdb,0
2H62_l_6J9M_r,"A,B","C,D",../../GraPPI_data/PDB/swap_pdbs/2H62_l_6J9M_r.pdb,0
2H62_l_5ZQV_r,A,"B,C",../../GraPPI_data/PDB/swap_pdbs/2H62_l_5ZQV_r.pdb,0
2H62_l_5VT9_r,"A,B","C,D",../../GraPPI_data/PDB/swap_pdbs/2H62_l_5VT9_r.pdb,0
2H62_l_5TL6_r,A,"B,C",../../GraPPI_data/PDB/swap_pdbs/2H62_l_5TL6_r.pdb,0
5HLZ_r_1GXD_l,"A,B",C,../../GraPPI_data/PDB/swap_pdbs/5HLZ_r_1GXD_l.pdb,0
5HLZ_r_1L8C_l,"A,B",C,../../GraPPI_data/PDB/swap_pdbs/5HLZ_r_1L8C_l.pdb,0
5HLZ_r_1NVU_l,"A,B",C,../../GraPPI_data/PDB/swap_pdbs/5HLZ_r_1NVU_l.pdb,0
5HLZ_r_5J4A_l,"A,B","C,D",../../GraPPI_data/PDB/swap_pdbs/5HLZ_r_5J4A_l.pdb,0
5HLZ_l_3BT1_r,A,"B,C",../../GraPPI_data/PDB/swap_pdbs/5HLZ_l_3BT1_r.pdb,0
5HLZ_l_2KJ4_r,A,"B,C",../../GraPPI_data/PDB/swap_pdbs/5HLZ_l_2KJ4_r.pdb,0
5HLZ_l_1LQB_r,"A,B,C","D,E",../../GraPPI_data/PDB/swap_pdbs/5HLZ_l_1LQB_r.pdb,0
5HLZ_l_1EWY_r,A,"B,C",../../GraPPI_data/PDB/swap_pdbs/5HLZ_l_1EWY_r.pdb,0
1Y76_r_6G04_l,"A,B",C,../../GraPPI_data/PDB/swap_pdbs/1Y76_r_6G04_l.pdb,0
1Y76_r_5Z7L_l,"A,B","C,D",../../GraPPI_data/PDB/swap_pdbs/1Y76_r_5Z7L_l.pdb,0
1Y76_r_4CPA_l,"A,B",C,../../GraPPI_data/PDB/swap_pdbs/1Y76_r_4CPA_l.pdb,0
1Y76_r_4APF_l,"A,B",C,../../GraPPI_data/PDB/swap_pdbs/1Y76_r_4APF_l.pdb,0
1Y76_l_5ZQV_r,A,"B,C",../../GraPPI_data/PDB/swap_pdbs/1Y76_l_5ZQV_r.pdb,0
1Y76_l_3C9A_r,A,"B,C",../../GraPPI_data/PDB/swap_pdbs/1Y76_l_3C9A_r.pdb,0
1Y76_l_3QC8_r,A,"B,C",../../GraPPI_data/PDB/swap_pdbs/1Y76_l_3QC8_r.pdb,0
1Y76_l_3K8P_r,A,"B,C",../../GraPPI_data/PDB/swap_pdbs/1Y76_l_3K8P_r.pdb,0
3H8D_r_4OVN_l,"A,B",C,../../GraPPI_data/PDB/swap_pdbs/3H8D_r_4OVN_l.pdb,0
3H8D_r_1Y76_l,"A,B","C,D",../../GraPPI_data/PDB/swap_pdbs/3H8D_r_1Y76_l.pdb,0
3H8D_r_5EDV_l,"A,B","C,D,E",../../GraPPI_data/PDB/swap_pdbs/3H8D_r_5EDV_l.pdb,0
3H8D_r_3KV4_l,"A,B",C,../../GraPPI_data/PDB/swap_pdbs/3H8D_r_3KV4_l.pdb,0
3H8D_l_6BVA_r,"A,B","C,D",../../GraPPI_data/PDB/swap_pdbs/3H8D_l_6BVA_r.pdb,0
3H8D_l_1GO4_r,A,"B,C",../../GraPPI_data/PDB/swap_pdbs/3H8D_l_1GO4_r.pdb,0
3H8D_l_5K22_r,A,"B,C",../../GraPPI_data/PDB/swap_pdbs/3H8D_l_5K22_r.pdb,0
3H8D_l_1Y76_r,"A,B","C,D",../../GraPPI_data/PDB/swap_pdbs/3H8D_l_1Y76_r.pdb,0
3G7Z_r_4IOP_l,"A,B",C,../../GraPPI_data/PDB/swap_pdbs/3G7Z_r_4IOP_l.pdb,0
3G7Z_r_6MAV_l,"A,B",C,../../GraPPI_data/PDB/swap_pdbs/3G7Z_r_6MAV_l.pdb,0
3G7Z_r_4TQ0_l,"A,B",C,../../GraPPI_data/PDB/swap_pdbs/3G7Z_r_4TQ0_l.pdb,0
3G7Z_r_2IY1_l,"A,B",C,../../GraPPI_data/PDB/swap_pdbs/3G7Z_r_2IY1_l.pdb,0
3G7Z_l_6H9N_r,A,"B,C",../../GraPPI_data/PDB/swap_pdbs/3G7Z_l_6H9N_r.pdb,0
3G7Z_l_3GC3_r,A,"B,C",../../GraPPI_data/PDB/swap_pdbs/3G7Z_l_3GC3_r.pdb,0
3G7Z_l_2PHE_r,A,"B,C",../../GraPPI_data/PDB/swap_pdbs/3G7Z_l_2PHE_r.pdb,0
3G7Z_l_3OIQ_r,A,"B,C",../../GraPPI_data/PDB/swap_pdbs/3G7Z_l_3OIQ_r.pdb,0
4RJF_r_6IVU_l,A,B,../../GraPPI_data/PDB/swap_pdbs/4RJF_r_6IVU_l.pdb,0
4RJF_r_5F4E_l,A,B,../../GraPPI_data/PDB/swap_pdbs/4RJF_r_5F4E_l.pdb,0
4RJF_r_1XD3_l,A,B,../../GraPPI_data/PDB/swap_pdbs/4RJF_r_1XD3_l.pdb,0
4RJF_r_5K22_l,A,B,../../GraPPI_data/PDB/swap_pdbs/4RJF_r_5K22_l.pdb,0
4RJF_l_1XD3_r,A,B,../../GraPPI_data/PDB/swap_pdbs/4RJF_l_1XD3_r.pdb,0
4RJF_l_3VYR_r,A,B,../../GraPPI_data/PDB/swap_pdbs/4RJF_l_3VYR_r.pdb,0
4RJF_l_2MKC_r,A,B,../../GraPPI_data/PDB/swap_pdbs/4RJF_l_2MKC_r.pdb,0
4RJF_l_3OAK_r,A,B,../../GraPPI_data/PDB/swap_pdbs/4RJF_l_3OAK_r.pdb,0
3E2U_r_1Q68_l,A,B,../../GraPPI_data/PDB/swap_pdbs/3E2U_r_1Q68_l.pdb,0
3E2U_r_6HT9_l,A,B,../../GraPPI_data/PDB/swap_pdbs/3E2U_r_6HT9_l.pdb,0
3E2U_r_5EDV_l,A,"B,C,D",../../GraPPI_data/PDB/swap_pdbs/3E2U_r_5EDV_l.pdb,0
3E2U_r_5K22_l,A,B,../../GraPPI_data/PDB/swap_pdbs/3E2U_r_5K22_l.pdb,0
3E2U_l_6F0G_r,A,B,../../GraPPI_data/PDB/swap_pdbs/3E2U_l_6F0G_r.pdb,0
3E2U_l_1T01_r,A,B,../../GraPPI_data/PDB/swap_pdbs/3E2U_l_1T01_r.pdb,0
3E2U_l_6RHW_r,"A,B",C,../../GraPPI_data/PDB/swap_pdbs/3E2U_l_6RHW_r.pdb,0
3E2U_l_2LEH_r,A,B,../../GraPPI_data/PDB/swap_pdbs/3E2U_l_2LEH_r.pdb,0
2K42_r_3K8P_l,A,B,../../GraPPI_data/PDB/swap_pdbs/2K42_r_3K8P_l.pdb,0
2K42_r_5Y1Z_l,A,B,../../GraPPI_data/PDB/swap_pdbs/2K42_r_5Y1Z_l.pdb,0
2K42_r_2K3U_l,A,B,../../GraPPI_data/PDB/swap_pdbs/2K42_r_2K3U_l.pdb,0
2K42_r_4G6U_l,A,B,../../GraPPI_data/PDB/swap_pdbs/2K42_r_4G6U_l.pdb,0
2K42_l_2WO2_r,A,B,../../GraPPI_data/PDB/swap_pdbs/2K42_l_2WO2_r.pdb,0
2K42_l_6GHO_r,A,B,../../GraPPI_data/PDB/swap_pdbs/2K42_l_6GHO_r.pdb,0
2K42_l_2GYK_r,A,B,../../GraPPI_data/PDB/swap_pdbs/2K42_l_2GYK_r.pdb,0
2K42_l_2VDA_r,A,B,../../GraPPI_data/PDB/swap_pdbs/2K42_l_2VDA_r.pdb,0
3REB_r_1G0V_l,A,B,../../GraPPI_data/PDB/swap_pdbs/3REB_r_1G0V_l.pdb,0
3REB_r_2NQD_l,A,B,../../GraPPI_data/PDB/swap_pdbs/3REB_r_2NQD_l.pdb,0
3REB_r_5JDO_l,A,"B,C",../../GraPPI_data/PDB/swap_pdbs/3REB_r_5JDO_l.pdb,0
3REB_r_4IHL_l,A,B,../../GraPPI_data/PDB/swap_pdbs/3REB_r_4IHL_l.pdb,0
3REB_l_4RE1_r,A,B,../../GraPPI_data/PDB/swap_pdbs/3REB_l_4RE1_r.pdb,0
3REB_l_6F2G_r,A,B,../../GraPPI_data/PDB/swap_pdbs/3REB_l_6F2G_r.pdb,0
3REB_l_6PLM_r,A,B,../../GraPPI_data/PDB/swap_pdbs/3REB_l_6PLM_r.pdb,0
3REB_l_3WA5_r,A,B,../../GraPPI_data/PDB/swap_pdbs/3REB_l_3WA5_r.pdb,0
6FTO_r_4BYF_l,"A,B",C,../../GraPPI_data/PDB/swap_pdbs/6FTO_r_4BYF_l.pdb,0
6FTO_r_4CT0_l,"A,B",C,../../GraPPI_data/PDB/swap_pdbs/6FTO_r_4CT0_l.pdb,0
6FTO_r_3C9A_l,"A,B",C,../../GraPPI_data/PDB/swap_pdbs/6FTO_r_3C9A_l.pdb,0
6FTO_r_3BX7_l,"A,B",C,../../GraPPI_data/PDB/swap_pdbs/6FTO_r_3BX7_l.pdb,0
6FTO_l_6IM9_r,A,B,../../GraPPI_data/PDB/swap_pdbs/6FTO_l_6IM9_r.pdb,0
6FTO_l_4H2S_r,"A,B",C,../../GraPPI_data/PDB/swap_pdbs/6FTO_l_4H2S_r.pdb,0
6FTO_l_4C5G_r,A,B,../../GraPPI_data/PDB/swap_pdbs/6FTO_l_4C5G_r.pdb,0
6FTO_l_2HRK_r,A,B,../../GraPPI_data/PDB/swap_pdbs/6FTO_l_2HRK_r.pdb,0
2K05_r_2O8V_l,"A,B",C,../../GraPPI_data/PDB/swap_pdbs/2K05_r_2O8V_l.pdb,0
2K05_r_4ZGQ_l,"A,B",C,../../GraPPI_data/PDB/swap_pdbs/2K05_r_4ZGQ_l.pdb,0
2K05_r_6FTO_l,"A,B",C,../../GraPPI_data/PDB/swap_pdbs/2K05_r_6FTO_l.pdb,0
2K05_r_2P4A_l,"A,B",C,../../GraPPI_data/PDB/swap_pdbs/2K05_r_2P4A_l.pdb,0
2K05_l_2MKC_r,A,"B,C",../../GraPPI_data/PDB/swap_pdbs/2K05_l_2MKC_r.pdb,0
2K05_l_4BKX_r,A,"B,C",../../GraPPI_data/PDB/swap_pdbs/2K05_l_4BKX_r.pdb,0
2K05_l_4KR0_r,A,"B,C",../../GraPPI_data/PDB/swap_pdbs/2K05_l_4KR0_r.pdb,0
2K05_l_1KKL_r,A,"B,C",../../GraPPI_data/PDB/swap_pdbs/2K05_l_1KKL_r.pdb,0
2PHE_r_6GTQ_l,A,"B,C",../../GraPPI_data/PDB/swap_pdbs/2PHE_r_6GTQ_l.pdb,0
2PHE_r_5MTM_l,A,B,../../GraPPI_data/PDB/swap_pdbs/2PHE_r_5MTM_l.pdb,0
2PHE_r_4J2L_l,A,B,../../GraPPI_data/PDB/swap_pdbs/2PHE_r_4J2L_l.pdb,0
2PHE_r_4RA0_l,A,B,../../GraPPI_data/PDB/swap_pdbs/2PHE_r_4RA0_l.pdb,0
2PHE_l_3AA0_r,"A,B","C,D",../../GraPPI_data/PDB/swap_pdbs/2PHE_l_3AA0_r.pdb,0
2PHE_l_5TZN_r,"A,B","C,D",../../GraPPI_data/PDB/swap_pdbs/2PHE_l_5TZN_r.pdb,0
2PHE_l_1R6Q_r,A,"B,C",../../GraPPI_data/PDB/swap_pdbs/2PHE_l_1R6Q_r.pdb,0
2PHE_l_5NVM_r,A,"B,C",../../GraPPI_data/PDB/swap_pdbs/2PHE_l_5NVM_r.pdb,0
2KHS_r_6EY6_l,A,B,../../GraPPI_data/PDB/swap_pdbs/2KHS_r_6EY6_l.pdb,0
2KHS_r_3AA0_l,A,B,../../GraPPI_data/PDB/swap_pdbs/2KHS_r_3AA0_l.pdb,0
2KHS_r_1KKL_l,A,"B,C,D",../../GraPPI_data/PDB/swap_pdbs/2KHS_r_1KKL_l.pdb,0
2KHS_r_4JRA_l,A,B,../../GraPPI_data/PDB/swap_pdbs/2KHS_r_4JRA_l.pdb,0
2KHS_l_4AYE_r,A,B,../../GraPPI_data/PDB/swap_pdbs/2KHS_l_4AYE_r.pdb,0
2KHS_l_3E2U_r,A,B,../../GraPPI_data/PDB/swap_pdbs/2KHS_l_3E2U_r.pdb,0
2KHS_l_1W1W_r,"A,B",C,../../GraPPI_data/PDB/swap_pdbs/2KHS_l_1W1W_r.pdb,0
2KHS_l_3FII_r,A,B,../../GraPPI_data/PDB/swap_pdbs/2KHS_l_3FII_r.pdb,0
5OMB_r_4AYE_l,A,B,../../GraPPI_data/PDB/swap_pdbs/5OMB_r_4AYE_l.pdb,0
5OMB_r_1LJ2_l,A,"B,C",../../GraPPI_data/PDB/swap_pdbs/5OMB_r_1LJ2_l.pdb,0
5OMB_r_5ITZ_l,A,"B,C,D",../../GraPPI_data/PDB/swap_pdbs/5OMB_r_5ITZ_l.pdb,0
5OMB_r_3WRX_l,A,B,../../GraPPI_data/PDB/swap_pdbs/5OMB_r_3WRX_l.pdb,0
5OMB_l_3ZS8_r,"A,B",C,../../GraPPI_data/PDB/swap_pdbs/5OMB_l_3ZS8_r.pdb,0
5OMB_l_5E6P_r,A,B,../../GraPPI_data/PDB/swap_pdbs/5OMB_l_5E6P_r.pdb,0
5OMB_l_4DT1_r,A,B,../../GraPPI_data/PDB/swap_pdbs/5OMB_l_4DT1_r.pdb,0
5OMB_l_3VZA_r,A,B,../../GraPPI_data/PDB/swap_pdbs/5OMB_l_3VZA_r.pdb,0
3OIQ_r_2WP0_l,A,"B,C",../../GraPPI_data/PDB/swap_pdbs/3OIQ_r_2WP0_l.pdb,0
3OIQ_r_5D28_l,A,"B,C",../../GraPPI_data/PDB/swap_pdbs/3OIQ_r_5D28_l.pdb,0
3OIQ_r_2F6A_l,A,"B,C,D",../../GraPPI_data/PDB/swap_pdbs/3OIQ_r_2F6A_l.pdb,0
3OIQ_r_6JWJ_l,A,B,../../GraPPI_data/PDB/swap_pdbs/3OIQ_r_6JWJ_l.pdb,0
3OIQ_l_3OJ2_r,A,B,../../GraPPI_data/PDB/swap_pdbs/3OIQ_l_3OJ2_r.pdb,0
3OIQ_l_4G6U_r,A,B,../../GraPPI_data/PDB/swap_pdbs/3OIQ_l_4G6U_r.pdb,0
3OIQ_l_6MAV_r,A,B,../../GraPPI_data/PDB/swap_pdbs/3OIQ_l_6MAV_r.pdb,0
3OIQ_l_2GYK_r,A,B,../../GraPPI_data/PDB/swap_pdbs/3OIQ_l_2GYK_r.pdb,0
5UN7_r_4UWQ_l,A,"B,C",../../GraPPI_data/PDB/swap_pdbs/5UN7_r_4UWQ_l.pdb,0
5UN7_r_2F9Z_l,A,B,../../GraPPI_data/PDB/swap_pdbs/5UN7_r_2F9Z_l.pdb,0
5UN7_r_3RZW_l,A,B,../../GraPPI_data/PDB/swap_pdbs/5UN7_r_3RZW_l.pdb,0
5UN7_r_4M6B_l,A,B,../../GraPPI_data/PDB/swap_pdbs/5UN7_r_4M6B_l.pdb,0
5UN7_l_5MR5_r,A,B,../../GraPPI_data/PDB/swap_pdbs/5UN7_l_5MR5_r.pdb,0
5UN7_l_3UEZ_r,"A,B",C,../../GraPPI_data/PDB/swap_pdbs/5UN7_l_3UEZ_r.pdb,0
5UN7_l_2MAK_r,"A,B",C,../../GraPPI_data/PDB/swap_pdbs/5UN7_l_2MAK_r.pdb,0
5UN7_l_5HLZ_r,"A,B",C,../../GraPPI_data/PDB/swap_pdbs/5UN7_l_5HLZ_r.pdb,0
3DXD_r_4P1N_l,A,"B,C",../../GraPPI_data/PDB/swap_pdbs/3DXD_r_4P1N_l.pdb,0
3DXD_r_1VET_l,A,B,../../GraPPI_data/PDB/swap_pdbs/3DXD_r_1VET_l.pdb,0
3DXD_r_3U9D_l,A,B,../../GraPPI_data/PDB/swap_pdbs/3DXD_r_3U9D_l.pdb,0
3DXD_r_2H62_l,A,"B,C",../../GraPPI_data/PDB/swap_pdbs/3DXD_r_2H62_l.pdb,0
3DXD_l_4J2L_r,"A,B",C,../../GraPPI_data/PDB/swap_pdbs/3DXD_l_4J2L_r.pdb,0
3DXD_l_2CJS_r,"A,B",C,../../GraPPI_data/PDB/swap_pdbs/3DXD_l_2CJS_r.pdb,0
3DXD_l_2X2D_r,A,B,../../GraPPI_data/PDB/swap_pdbs/3DXD_l_2X2D_r.pdb,0
3DXD_l_5IIA_r,"A,B",C,../../GraPPI_data/PDB/swap_pdbs/3DXD_l_5IIA_r.pdb,0
5JJD_r_3FII_l,A,B,../../GraPPI_data/PDB/swap_pdbs/5JJD_r_3FII_l.pdb,0
5JJD_r_2VDA_l,A,B,../../GraPPI_data/PDB/swap_pdbs/5JJD_r_2VDA_l.pdb,0
5JJD_r_4ZKC_l,A,B,../../GraPPI_data/PDB/swap_pdbs/5JJD_r_4ZKC_l.pdb,0
5JJD_r_1LP1_l,A,B,../../GraPPI_data/PDB/swap_pdbs/5JJD_r_1LP1_l.pdb,0
5JJD_l_5UN7_r,A,B,../../GraPPI_data/PDB/swap_pdbs/5JJD_l_5UN7_r.pdb,0
5JJD_l_5XSQ_r,A,B,../../GraPPI_data/PDB/swap_pdbs/5JJD_l_5XSQ_r.pdb,0
5JJD_l_5V52_r,A,B,../../GraPPI_data/PDB/swap_pdbs/5JJD_l_5V52_r.pdb,0
5JJD_l_1GLA_r,A,B,../../GraPPI_data/PDB/swap_pdbs/5JJD_l_1GLA_r.pdb,0
4REY_r_2N73_l,A,B,../../GraPPI_data/PDB/swap_pdbs/4REY_r_2N73_l.pdb,0
4REY_r_2XBB_l,A,B,../../GraPPI_data/PDB/swap_pdbs/4REY_r_2XBB_l.pdb,0
4REY_r_4ILG_l,A,"B,C",../../GraPPI_data/PDB/swap_pdbs/4REY_r_4ILG_l.pdb,0
4REY_r_5MTM_l,A,B,../../GraPPI_data/PDB/swap_pdbs/4REY_r_5MTM_l.pdb,0
4REY_l_4CPA_r,A,B,../../GraPPI_data/PDB/swap_pdbs/4REY_l_4CPA_r.pdb,0
4REY_l_4CU4_r,A,B,../../GraPPI_data/PDB/swap_pdbs/4REY_l_4CU4_r.pdb,0
4REY_l_3P8M_r,"A,B",C,../../GraPPI_data/PDB/swap_pdbs/4REY_l_3P8M_r.pdb,0
4REY_l_6F3Z_r,A,B,../../GraPPI_data/PDB/swap_pdbs/4REY_l_6F3Z_r.pdb,0
4N7V_r_5BT1_l,"A,B","C,D",../../GraPPI_data/PDB/swap_pdbs/4N7V_r_5BT1_l.pdb,0
4N7V_r_5KY4_l,"A,B",C,../../GraPPI_data/PDB/swap_pdbs/4N7V_r_5KY4_l.pdb,0
4N7V_r_2VDA_l,"A,B",C,../../GraPPI_data/PDB/swap_pdbs/4N7V_r_2VDA_l.pdb,0
4N7V_r_2KRI_l,"A,B",C,../../GraPPI_data/PDB/swap_pdbs/4N7V_r_2KRI_l.pdb,0
4N7V_l_3OWT_r,"A,B",C,../../GraPPI_data/PDB/swap_pdbs/4N7V_l_3OWT_r.pdb,0
4N7V_l_4CT0_r,A,B,../../GraPPI_data/PDB/swap_pdbs/4N7V_l_4CT0_r.pdb,0
4N7V_l_5CZF_r,A,B,../../GraPPI_data/PDB/swap_pdbs/4N7V_l_5CZF_r.pdb,0
4N7V_l_2K05_r,"A,B",C,../../GraPPI_data/PDB/swap_pdbs/4N7V_l_2K05_r.pdb,0
3C9A_r_4KT5_l,A,B,../../GraPPI_data/PDB/swap_pdbs/3C9A_r_4KT5_l.pdb,0
3C9A_r_3QS7_l,A,"B,C",../../GraPPI_data/PDB/swap_pdbs/3C9A_r_3QS7_l.pdb,0
3C9A_r_3C66_l,A,B,../../GraPPI_data/PDB/swap_pdbs/3C9A_r_3C66_l.pdb,0
3C9A_r_4IYP_l,A,B,../../GraPPI_data/PDB/swap_pdbs/3C9A_r_4IYP_l.pdb,0
3C9A_l_2WP0_r,"A,B",C,../../GraPPI_data/PDB/swap_pdbs/3C9A_l_2WP0_r.pdb,0
3C9A_l_1F47_r,A,B,../../GraPPI_data/PDB/swap_pdbs/3C9A_l_1F47_r.pdb,0
3C9A_l_1L2W_r,A,B,../../GraPPI_data/PDB/swap_pdbs/3C9A_l_1L2W_r.pdb,0
3C9A_l_5B77_r,A,B,../../GraPPI_data/PDB/swap_pdbs/3C9A_l_5B77_r.pdb,0
5H7Y_r_1USU_l,A,B,../../GraPPI_data/PDB/swap_pdbs/5H7Y_r_1USU_l.pdb,0
5H7Y_r_3K8P_l,A,B,../../GraPPI_data/PDB/swap_pdbs/5H7Y_r_3K8P_l.pdb,0
5H7Y_r_5WPA_l,A,B,../../GraPPI_data/PDB/swap_pdbs/5H7Y_r_5WPA_l.pdb,0
5H7Y_r_4NOO_l,A,B,../../GraPPI_data/PDB/swap_pdbs/5H7Y_r_4NOO_l.pdb,0
5H7Y_l_5F4E_r,A,B,../../GraPPI_data/PDB/swap_pdbs/5H7Y_l_5F4E_r.pdb,0
5H7Y_l_3H8D_r,"A,B",C,../../GraPPI_data/PDB/swap_pdbs/5H7Y_l_3H8D_r.pdb,0
5H7Y_l_6F0G_r,A,B,../../GraPPI_data/PDB/swap_pdbs/5H7Y_l_6F0G_r.pdb,0
5H7Y_l_2J7P_r,A,B,../../GraPPI_data/PDB/swap_pdbs/5H7Y_l_2J7P_r.pdb,0
5WVO_r_2GOX_l,"A,B,C",D,../../GraPPI_data/PDB/swap_pdbs/5WVO_r_2GOX_l.pdb,0
5WVO_r_1CLV_l,"A,B,C",D,../../GraPPI_data/PDB/swap_pdbs/5WVO_r_1CLV_l.pdb,0
5WVO_r_6FPG_l,"A,B,C",D,../../GraPPI_data/PDB/swap_pdbs/5WVO_r_6FPG_l.pdb,0
5WVO_r_5KY4_l,"A,B,C",D,../../GraPPI_data/PDB/swap_pdbs/5WVO_r_5KY4_l.pdb,0
5WVO_l_3H2U_r,"A,B",C,../../GraPPI_data/PDB/swap_pdbs/5WVO_l_3H2U_r.pdb,0
5WVO_l_4UWQ_r,A,B,../../GraPPI_data/PDB/swap_pdbs/5WVO_l_4UWQ_r.pdb,0
5WVO_l_1UGH_r,A,B,../../GraPPI_data/PDB/swap_pdbs/5WVO_l_1UGH_r.pdb,0
5WVO_l_3WWN_r,A,B,../../GraPPI_data/PDB/swap_pdbs/5WVO_l_3WWN_r.pdb,0
6BVA_r_4XLW_l,"A,B",C,../../GraPPI_data/PDB/swap_pdbs/6BVA_r_4XLW_l.pdb,0
6BVA_r_1WVE_l,"A,B",C,../../GraPPI_data/PDB/swap_pdbs/6BVA_r_1WVE_l.pdb,0
6BVA_r_5F5S_l,"A,B",C,../../GraPPI_data/PDB/swap_pdbs/6BVA_r_5F5S_l.pdb,0
6BVA_r_5OY9_l,"A,B",C,../../GraPPI_data/PDB/swap_pdbs/6BVA_r_5OY9_l.pdb,0
6BVA_l_5BT1_r,"A,B",C,../../GraPPI_data/PDB/swap_pdbs/6BVA_l_5BT1_r.pdb,0
6BVA_l_3AA0_r,"A,B",C,../../GraPPI_data/PDB/swap_pdbs/6BVA_l_3AA0_r.pdb,0
6BVA_l_1OGY_r,A,B,../../GraPPI_data/PDB/swap_pdbs/6BVA_l_1OGY_r.pdb,0
6BVA_l_5VT9_r,"A,B",C,../../GraPPI_data/PDB/swap_pdbs/6BVA_l_5VT9_r.pdb,0
1LQB_r_6BVA_l,"A,B,C",D,../../GraPPI_data/PDB/swap_pdbs/1LQB_r_6BVA_l.pdb,0
1LQB_r_2MLX_l,"A,B,C",D,../../GraPPI_data/PDB/swap_pdbs/1LQB_r_2MLX_l.pdb,0
1LQB_r_6CH2_l,"A,B,C",D,../../GraPPI_data/PDB/swap_pdbs/1LQB_r_6CH2_l.pdb,0
1LQB_r_4UYQ_l,"A,B,C",D,../../GraPPI_data/PDB/swap_pdbs/1LQB_r_4UYQ_l.pdb,0
1LQB_l_3ZRZ_r,A,B,../../GraPPI_data/PDB/swap_pdbs/1LQB_l_3ZRZ_r.pdb,0
1LQB_l_6OSW_r,A,B,../../GraPPI_data/PDB/swap_pdbs/1LQB_l_6OSW_r.pdb,0
1LQB_l_5MTM_r,A,B,../../GraPPI_data/PDB/swap_pdbs/1LQB_l_5MTM_r.pdb,0
1LQB_l_1UGH_r,A,B,../../GraPPI_data/PDB/swap_pdbs/1LQB_l_1UGH_r.pdb,0
3QC8_r_5EB1_l,A,"B,C",../../GraPPI_data/PDB/swap_pdbs/3QC8_r_5EB1_l.pdb,0
3QC8_r_5D28_l,A,"B,C",../../GraPPI_data/PDB/swap_pdbs/3QC8_r_5D28_l.pdb,0
3QC8_r_1LQB_l,A,B,../../GraPPI_data/PDB/swap_pdbs/3QC8_r_1LQB_l.pdb,0
3QC8_r_6F0G_l,A,B,../../GraPPI_data/PDB/swap_pdbs/3QC8_r_6F0G_l.pdb,0
3QC8_l_3U9D_r,A,B,../../GraPPI_data/PDB/swap_pdbs/3QC8_l_3U9D_r.pdb,0
3QC8_l_6F0G_r,A,B,../../GraPPI_data/PDB/swap_pdbs/3QC8_l_6F0G_r.pdb,0
3QC8_l_2L29_r,A,B,../../GraPPI_data/PDB/swap_pdbs/3QC8_l_2L29_r.pdb,0
3QC8_l_1EWY_r,A,B,../../GraPPI_data/PDB/swap_pdbs/3QC8_l_1EWY_r.pdb,0
5V5H_r_5FVK_l,A,B,../../GraPPI_data/PDB/swap_pdbs/5V5H_r_5FVK_l.pdb,0
5V5H_r_5J4A_l,A,"B,C",../../GraPPI_data/PDB/swap_pdbs/5V5H_r_5J4A_l.pdb,0
5V5H_r_3BT1_l,A,B,../../GraPPI_data/PDB/swap_pdbs/5V5H_r_3BT1_l.pdb,0
5V5H_r_1T6B_l,A,B,../../GraPPI_data/PDB/swap_pdbs/5V5H_r_1T6B_l.pdb,0
5V5H_l_2WP3_r,A,B,../../GraPPI_data/PDB/swap_pdbs/5V5H_l_2WP3_r.pdb,0
5V5H_l_1I51_r,"A,B",C,../../GraPPI_data/PDB/swap_pdbs/5V5H_l_1I51_r.pdb,0
5V5H_l_5FHX_r,A,B,../../GraPPI_data/PDB/swap_pdbs/5V5H_l_5FHX_r.pdb,0
5V5H_l_2I3T_r,A,B,../../GraPPI_data/PDB/swap_pdbs/5V5H_l_2I3T_r.pdb,0
3RZW_r_4CPA_l,A,B,../../GraPPI_data/PDB/swap_pdbs/3RZW_r_4CPA_l.pdb,0
3RZW_r_4BKX_l,A,B,../../GraPPI_data/PDB/swap_pdbs/3RZW_r_4BKX_l.pdb,0
3RZW_r_3CQC_l,A,B,../../GraPPI_data/PDB/swap_pdbs/3RZW_r_3CQC_l.pdb,0
3RZW_r_3UL1_l,A,B,../../GraPPI_data/PDB/swap_pdbs/3RZW_r_3UL1_l.pdb,0
3RZW_l_2LPB_r,A,B,../../GraPPI_data/PDB/swap_pdbs/3RZW_l_2LPB_r.pdb,0
3RZW_l_6H9N_r,A,B,../../GraPPI_data/PDB/swap_pdbs/3RZW_l_6H9N_r.pdb,0
3RZW_l_5TDY_r,"A,B",C,../../GraPPI_data/PDB/swap_pdbs/3RZW_l_5TDY_r.pdb,0
3RZW_l_3H8D_r,"A,B",C,../../GraPPI_data/PDB/swap_pdbs/3RZW_l_3H8D_r.pdb,0
2MRO_r_1WVE_l,A,B,../../GraPPI_data/PDB/swap_pdbs/2MRO_r_1WVE_l.pdb,0
2MRO_r_2GAF_l,A,B,../../GraPPI_data/PDB/swap_pdbs/2MRO_r_2GAF_l.pdb,0
2MRO_r_3K75_l,A,B,../../GraPPI_data/PDB/swap_pdbs/2MRO_r_3K75_l.pdb,0
2MRO_r_3SSB_l,A,B,../../GraPPI_data/PDB/swap_pdbs/2MRO_r_3SSB_l.pdb,0
2MRO_l_5XNP_r,A,B,../../GraPPI_data/PDB/swap_pdbs/2MRO_l_5XNP_r.pdb,0
2MRO_l_2VDA_r,A,B,../../GraPPI_data/PDB/swap_pdbs/2MRO_l_2VDA_r.pdb,0
2MRO_l_4RJF_r,A,B,../../GraPPI_data/PDB/swap_pdbs/2MRO_l_4RJF_r.pdb,0
2MRO_l_2HWN_r,"A,B",C,../../GraPPI_data/PDB/swap_pdbs/2MRO_l_2HWN_r.pdb,0
6OB1_r_2PCC_l,"A,B",C,../../GraPPI_data/PDB/swap_pdbs/6OB1_r_2PCC_l.pdb,0
6OB1_r_2KHS_l,"A,B",C,../../GraPPI_data/PDB/swap_pdbs/6OB1_r_2KHS_l.pdb,0
6OB1_r_3RZW_l,"A,B",C,../../GraPPI_data/PDB/swap_pdbs/6OB1_r_3RZW_l.pdb,0
6OB1_r_4W4L_l,"A,B",C,../../GraPPI_data/PDB/swap_pdbs/6OB1_r_4W4L_l.pdb,0
6OB1_l_1XDT_r,A,B,../../GraPPI_data/PDB/swap_pdbs/6OB1_l_1XDT_r.pdb,0
6OB1_l_5LP5_r,A,B,../../GraPPI_data/PDB/swap_pdbs/6OB1_l_5LP5_r.pdb,0
6OB1_l_4APF_r,A,B,../../GraPPI_data/PDB/swap_pdbs/6OB1_l_4APF_r.pdb,0
6OB1_l_4AQE_r,A,B,../../GraPPI_data/PDB/swap_pdbs/6OB1_l_4AQE_r.pdb,0
1XD3_r_3ZWH_l,A,B,../../GraPPI_data/PDB/swap_pdbs/1XD3_r_3ZWH_l.pdb,0
1XD3_r_1L2W_l,A,"B,C",../../GraPPI_data/PDB/swap_pdbs/1XD3_r_1L2W_l.pdb,0
1XD3_r_5XDA_l,A,B,../../GraPPI_data/PDB/swap_pdbs/1XD3_r_5XDA_l.pdb,0
1XD3_r_6DSL_l,A,B,../../GraPPI_data/PDB/swap_pdbs/1XD3_r_6DSL_l.pdb,0
1XD3_l_3FPU_r,A,B,../../GraPPI_data/PDB/swap_pdbs/1XD3_l_3FPU_r.pdb,0
1XD3_l_2F9Z_r,A,B,../../GraPPI_data/PDB/swap_pdbs/1XD3_l_2F9Z_r.pdb,0
1XD3_l_2CJS_r,"A,B",C,../../GraPPI_data/PDB/swap_pdbs/1XD3_l_2CJS_r.pdb,0
1XD3_l_5LZ6_r,A,B,../../GraPPI_data/PDB/swap_pdbs/1XD3_l_5LZ6_r.pdb,0
5TL6_r_5O05_l,A,B,../../GraPPI_data/PDB/swap_pdbs/5TL6_r_5O05_l.pdb,0
5TL6_r_6B12_l,A,B,../../GraPPI_data/PDB/swap_pdbs/5TL6_r_6B12_l.pdb,0
5TL6_r_3ECH_l,A,B,../../GraPPI_data/PDB/swap_pdbs/5TL6_r_3ECH_l.pdb,0
5TL6_r_3C4M_l,A,B,../../GraPPI_data/PDB/swap_pdbs/5TL6_r_3C4M_l.pdb,0
5TL6_l_1XU1_r,A,B,../../GraPPI_data/PDB/swap_pdbs/5TL6_l_1XU1_r.pdb,0
5TL6_l_4PP8_r,"A,B",C,../../GraPPI_data/PDB/swap_pdbs/5TL6_l_4PP8_r.pdb,0
5TL6_l_2V8S_r,A,B,../../GraPPI_data/PDB/swap_pdbs/5TL6_l_2V8S_r.pdb,0
5TL6_l_6JHW_r,"A,B",C,../../GraPPI_data/PDB/swap_pdbs/5TL6_l_6JHW_r.pdb,0
2IY1_r_5V52_l,A,B,../../GraPPI_data/PDB/swap_pdbs/2IY1_r_5V52_l.pdb,0
2IY1_r_3T0Y_l,A,"B,C",../../GraPPI_data/PDB/swap_pdbs/2IY1_r_3T0Y_l.pdb,0
2IY1_r_2Q7N_l,A,B,../../GraPPI_data/PDB/swap_pdbs/2IY1_r_2Q7N_l.pdb,0
2IY1_r_4PAS_l,A,B,../../GraPPI_data/PDB/swap_pdbs/2IY1_r_4PAS_l.pdb,0
2IY1_l_4DAY_r,"A,B",C,../../GraPPI_data/PDB/swap_pdbs/2IY1_l_4DAY_r.pdb,0
2IY1_l_5Y1Z_r,A,B,../../GraPPI_data/PDB/swap_pdbs/2IY1_l_5Y1Z_r.pdb,0
2IY1_l_2JZN_r,"A,B",C,../../GraPPI_data/PDB/swap_pdbs/2IY1_l_2JZN_r.pdb,0
2IY1_l_2Q7N_r,A,B,../../GraPPI_data/PDB/swap_pdbs/2IY1_l_2Q7N_r.pdb,0
5XDA_r_5C6T_l,A,"B,C",../../GraPPI_data/PDB/swap_pdbs/5XDA_r_5C6T_l.pdb,0
5XDA_r_3SSB_l,A,B,../../GraPPI_data/PDB/swap_pdbs/5XDA_r_3SSB_l.pdb,0
5XDA_r_3E2U_l,A,B,../../GraPPI_data/PDB/swap_pdbs/5XDA_r_3E2U_l.pdb,0
5XDA_r_4HSA_l,A,"B,C",../../GraPPI_data/PDB/swap_pdbs/5XDA_r_4HSA_l.pdb,0
5XDA_l_3BT1_r,A,B,../../GraPPI_data/PDB/swap_pdbs/5XDA_l_3BT1_r.pdb,0
5XDA_l_3UAI_r,A,B,../../GraPPI_data/PDB/swap_pdbs/5XDA_l_3UAI_r.pdb,0
5XDA_l_4AYE_r,A,B,../../GraPPI_data/PDB/swap_pdbs/5XDA_l_4AYE_r.pdb,0
5XDA_l_4N7V_r,"A,B",C,../../GraPPI_data/PDB/swap_pdbs/5XDA_l_4N7V_r.pdb,0
1L2W_r_3C9A_l,A,B,../../GraPPI_data/PDB/swap_pdbs/1L2W_r_3C9A_l.pdb,0
1L2W_r_6RHW_l,A,B,../../GraPPI_data/PDB/swap_pdbs/1L2W_r_6RHW_l.pdb,0
1L2W_r_1QTY_l,A,"B,C",../../GraPPI_data/PDB/swap_pdbs/1L2W_r_1QTY_l.pdb,0
1L2W_r_5TL6_l,A,B,../../GraPPI_data/PDB/swap_pdbs/1L2W_r_5TL6_l.pdb,0
1L2W_l_4JRA_r,A,"B,C",../../GraPPI_data/PDB/swap_pdbs/1L2W_l_4JRA_r.pdb,0
1L2W_l_4YFD_r,A,"B,C",../../GraPPI_data/PDB/swap_pdbs/1L2W_l_4YFD_r.pdb,0
1L2W_l_3T0Y_r,"A,B","C,D",../../GraPPI_data/PDB/swap_pdbs/1L2W_l_3T0Y_r.pdb,0
1L2W_l_3H8D_r,"A,B","C,D",../../GraPPI_data/PDB/swap_pdbs/1L2W_l_3H8D_r.pdb,0
3VZA_r_3MJH_l,A,B,../../GraPPI_data/PDB/swap_pdbs/3VZA_r_3MJH_l.pdb,0
3VZA_r_2I3T_l,A,B,../../GraPPI_data/PDB/swap_pdbs/3VZA_r_2I3T_l.pdb,0
3VZA_r_6H7N_l,A,B,../../GraPPI_data/PDB/swap_pdbs/3VZA_r_6H7N_l.pdb,0
3VZA_r_1VYT_l,A,B,../../GraPPI_data/PDB/swap_pdbs/3VZA_r_1VYT_l.pdb,0
3VZA_l_2GYK_r,A,"B,C",../../GraPPI_data/PDB/swap_pdbs/3VZA_l_2GYK_r.pdb,0
3VZA_l_4ZGQ_r,A,"B,C",../../GraPPI_data/PDB/swap_pdbs/3VZA_l_4ZGQ_r.pdb,0
3VZA_l_5FVK_r,A,"B,C",../../GraPPI_data/PDB/swap_pdbs/3VZA_l_5FVK_r.pdb,0
3VZA_l_2QC1_r,A,"B,C",../../GraPPI_data/PDB/swap_pdbs/3VZA_l_2QC1_r.pdb,0
4A49_r_2QC1_l,A,B,../../GraPPI_data/PDB/swap_pdbs/4A49_r_2QC1_l.pdb,0
4A49_r_3UAI_l,A,B,../../GraPPI_data/PDB/swap_pdbs/4A49_r_3UAI_l.pdb,0
4A49_r_1NVU_l,A,B,../../GraPPI_data/PDB/swap_pdbs/4A49_r_1NVU_l.pdb,0
4A49_r_4QLP_l,A,B,../../GraPPI_data/PDB/swap_pdbs/4A49_r_4QLP_l.pdb,0
4A49_l_4CU4_r,A,B,../../GraPPI_data/PDB/swap_pdbs/4A49_l_4CU4_r.pdb,0
4A49_l_4ZKC_r,A,B,../../GraPPI_data/PDB/swap_pdbs/4A49_l_4ZKC_r.pdb,0
4A49_l_5CTR_r,A,B,../../GraPPI_data/PDB/swap_pdbs/4A49_l_5CTR_r.pdb,0
4A49_l_5H7Y_r,A,B,../../GraPPI_data/PDB/swap_pdbs/4A49_l_5H7Y_r.pdb,0
5EDV_r_6M7L_l,A,B,../../GraPPI_data/PDB/swap_pdbs/5EDV_r_6M7L_l.pdb,0
5EDV_r_2K5B_l,A,B,../../GraPPI_data/PDB/swap_pdbs/5EDV_r_2K5B_l.pdb,0
5EDV_r_3Q4F_l,A,"B,C",../../GraPPI_data/PDB/swap_pdbs/5EDV_r_3Q4F_l.pdb,0
5EDV_r_5XSQ_l,A,B,../../GraPPI_data/PDB/swap_pdbs/5EDV_r_5XSQ_l.pdb,0
5EDV_l_5WPA_r,A,"B,C,D",../../GraPPI_data/PDB/swap_pdbs/5EDV_l_5WPA_r.pdb,0
5EDV_l_3H8D_r,"A,B","C,D,E",../../GraPPI_data/PDB/swap_pdbs/5EDV_l_3H8D_r.pdb,0
5EDV_l_5MA6_r,A,"B,C,D",../../GraPPI_data/PDB/swap_pdbs/5EDV_l_5MA6_r.pdb,0
5EDV_l_2MAK_r,"A,B","C,D,E",../../GraPPI_data/PDB/swap_pdbs/5EDV_l_2MAK_r.pdb,0
2MKC_r_1LQB_l,A,B,../../GraPPI_data/PDB/swap_pdbs/2MKC_r_1LQB_l.pdb,0
2MKC_r_3C4M_l,A,B,../../GraPPI_data/PDB/swap_pdbs/2MKC_r_3C4M_l.pdb,0
2MKC_r_1GO4_l,A,B,../../GraPPI_data/PDB/swap_pdbs/2MKC_r_1GO4_l.pdb,0
2MKC_r_4E6K_l,A,"B,C",../../GraPPI_data/PDB/swap_pdbs/2MKC_r_4E6K_l.pdb,0
2MKC_l_5EB1_r,"A,B","C,D",../../GraPPI_data/PDB/swap_pdbs/2MKC_l_5EB1_r.pdb,0
2MKC_l_4HH3_r,"A,B","C,D",../../GraPPI_data/PDB/swap_pdbs/2MKC_l_4HH3_r.pdb,0
2MKC_l_1F3V_r,A,"B,C",../../GraPPI_data/PDB/swap_pdbs/2MKC_l_1F3V_r.pdb,0
2MKC_l_3AA0_r,"A,B","C,D",../../GraPPI_data/PDB/swap_pdbs/2MKC_l_3AA0_r.pdb,0
2X9A_r_3GC3_l,A,B,../../GraPPI_data/PDB/swap_pdbs/2X9A_r_3GC3_l.pdb,0
2X9A_r_2W84_l,A,B,../../GraPPI_data/PDB/swap_pdbs/2X9A_r_2W84_l.pdb,0
2X9A_r_5H9B_l,A,B,../../GraPPI_data/PDB/swap_pdbs/2X9A_r_5H9B_l.pdb,0
2X9A_r_1Y76_l,A,"B,C",../../GraPPI_data/PDB/swap_pdbs/2X9A_r_1Y76_l.pdb,0
2X9A_l_6JWJ_r,A,B,../../GraPPI_data/PDB/swap_pdbs/2X9A_l_6JWJ_r.pdb,0
2X9A_l_5LP5_r,A,B,../../GraPPI_data/PDB/swap_pdbs/2X9A_l_5LP5_r.pdb,0
2X9A_l_1OGY_r,A,B,../../GraPPI_data/PDB/swap_pdbs/2X9A_l_1OGY_r.pdb,0
2X9A_l_1JIW_r,A,B,../../GraPPI_data/PDB/swap_pdbs/2X9A_l_1JIW_r.pdb,0
1F3V_r_3O5T_l,A,B,../../GraPPI_data/PDB/swap_pdbs/1F3V_r_3O5T_l.pdb,0
1F3V_r_3OWT_l,A,B,../../GraPPI_data/PDB/swap_pdbs/1F3V_r_3OWT_l.pdb,0
1F3V_r_3HTU_l,A,B,../../GraPPI_data/PDB/swap_pdbs/1F3V_r_3HTU_l.pdb,0
1F3V_r_2JZN_l,A,B,../../GraPPI_data/PDB/swap_pdbs/1F3V_r_2JZN_l.pdb,0
1F3V_l_6FUD_r,A,B,../../GraPPI_data/PDB/swap_pdbs/1F3V_l_6FUD_r.pdb,0
1F3V_l_3BX7_r,A,B,../../GraPPI_data/PDB/swap_pdbs/1F3V_l_3BX7_r.pdb,0
1F3V_l_1VYT_r,A,B,../../GraPPI_data/PDB/swap_pdbs/1F3V_l_1VYT_r.pdb,0
1F3V_l_5GPG_r,A,B,../../GraPPI_data/PDB/swap_pdbs/1F3V_l_5GPG_r.pdb,0
1F47_r_2L14_l,A,B,../../GraPPI_data/PDB/swap_pdbs/1F47_r_2L14_l.pdb,0
1F47_r_5CZF_l,A,B,../../GraPPI_data/PDB/swap_pdbs/1F47_r_5CZF_l.pdb,0
1F47_r_4IOP_l,A,B,../../GraPPI_data/PDB/swap_pdbs/1F47_r_4IOP_l.pdb,0
1F47_r_2WP0_l,A,"B,C",../../GraPPI_data/PDB/swap_pdbs/1F47_r_2WP0_l.pdb,0
1F47_l_5Z78_r,"A,B",C,../../GraPPI_data/PDB/swap_pdbs/1F47_l_5Z78_r.pdb,0
1F47_l_1VRK_r,A,B,../../GraPPI_data/PDB/swap_pdbs/1F47_l_1VRK_r.pdb,0
1F47_l_3E2U_r,A,B,../../GraPPI_data/PDB/swap_pdbs/1F47_l_3E2U_r.pdb,0
1F47_l_3DXD_r,A,B,../../GraPPI_data/PDB/swap_pdbs/1F47_l_3DXD_r.pdb,0
6FUD_r_1VET_l,A,B,../../GraPPI_data/PDB/swap_pdbs/6FUD_r_1VET_l.pdb,0
6FUD_r_3ME2_l,A,B,../../GraPPI_data/PDB/swap_pdbs/6FUD_r_3ME2_l.pdb,0
6FUD_r_6HT9_l,A,B,../../GraPPI_data/PDB/swap_pdbs/6FUD_r_6HT9_l.pdb,0
6FUD_r_4PLO_l,A,B,../../GraPPI_data/PDB/swap_pdbs/6FUD_r_4PLO_l.pdb,0
6FUD_l_5FW5_r,"A,B",C,../../GraPPI_data/PDB/swap_pdbs/6FUD_l_5FW5_r.pdb,0
6FUD_l_6GBG_r,A,B,../../GraPPI_data/PDB/swap_pdbs/6FUD_l_6GBG_r.pdb,0
6FUD_l_5J4A_r,"A,B",C,../../GraPPI_data/PDB/swap_pdbs/6FUD_l_5J4A_r.pdb,0
6FUD_l_4N7V_r,"A,B",C,../../GraPPI_data/PDB/swap_pdbs/6FUD_l_4N7V_r.pdb,0
6J4S_r_6F3Z_l,A,B,../../GraPPI_data/PDB/swap_pdbs/6J4S_r_6F3Z_l.pdb,0
6J4S_r_3L33_l,A,B,../../GraPPI_data/PDB/swap_pdbs/6J4S_r_3L33_l.pdb,0
6J4S_r_4C5G_l,A,B,../../GraPPI_data/PDB/swap_pdbs/6J4S_r_4C5G_l.pdb,0
6J4S_r_1TBA_l,A,B,../../GraPPI_data/PDB/swap_pdbs/6J4S_r_1TBA_l.pdb,0
6J4S_l_2JZN_r,"A,B",C,../../GraPPI_data/PDB/swap_pdbs/6J4S_l_2JZN_r.pdb,0
6J4S_l_1USU_r,A,B,../../GraPPI_data/PDB/swap_pdbs/6J4S_l_1USU_r.pdb,0
6J4S_l_4ILG_r,A,B,../../GraPPI_data/PDB/swap_pdbs/6J4S_l_4ILG_r.pdb,0
6J4S_l_6JCS_r,A,B,../../GraPPI_data/PDB/swap_pdbs/6J4S_l_6JCS_r.pdb,0
5NVM_r_4RA0_l,A,B,../../GraPPI_data/PDB/swap_pdbs/5NVM_r_4RA0_l.pdb,0
5NVM_r_4TQ0_l,A,B,../../GraPPI_data/PDB/swap_pdbs/5NVM_r_4TQ0_l.pdb,0
5NVM_r_6D13_l,A,B,../../GraPPI_data/PDB/swap_pdbs/5NVM_r_6D13_l.pdb,0
5NVM_r_2PCC_l,A,B,../../GraPPI_data/PDB/swap_pdbs/5NVM_r_2PCC_l.pdb,0
5NVM_l_2L14_r,A,B,../../GraPPI_data/PDB/swap_pdbs/5NVM_l_2L14_r.pdb,0
5NVM_l_4ZGQ_r,A,B,../../GraPPI_data/PDB/swap_pdbs/5NVM_l_4ZGQ_r.pdb,0
5NVM_l_3DXD_r,A,B,../../GraPPI_data/PDB/swap_pdbs/5NVM_l_3DXD_r.pdb,0
5NVM_l_3AA0_r,"A,B",C,../../GraPPI_data/PDB/swap_pdbs/5NVM_l_3AA0_r.pdb,0
5FW5_r_2WY2_l,"A,B",C,../../GraPPI_data/PDB/swap_pdbs/5FW5_r_2WY2_l.pdb,0
5FW5_r_3FXD_l,"A,B","C,D",../../GraPPI_data/PDB/swap_pdbs/5FW5_r_3FXD_l.pdb,0
5FW5_r_5MJY_l,"A,B",C,../../GraPPI_data/PDB/swap_pdbs/5FW5_r_5MJY_l.pdb,0
5FW5_r_1T01_l,"A,B",C,../../GraPPI_data/PDB/swap_pdbs/5FW5_r_1T01_l.pdb,0
5FW5_l_3TU3_r,A,B,../../GraPPI_data/PDB/swap_pdbs/5FW5_l_3TU3_r.pdb,0
5FW5_l_5JDO_r,A,B,../../GraPPI_data/PDB/swap_pdbs/5FW5_l_5JDO_r.pdb,0
5FW5_l_4W4L_r,"A,B",C,../../GraPPI_data/PDB/swap_pdbs/5FW5_l_4W4L_r.pdb,0
5FW5_l_5EDV_r,A,B,../../GraPPI_data/PDB/swap_pdbs/5FW5_l_5EDV_r.pdb,0
4DAY_r_4XLW_l,"A,B",C,../../GraPPI_data/PDB/swap_pdbs/4DAY_r_4XLW_l.pdb,0
4DAY_r_1KBH_l,"A,B",C,../../GraPPI_data/PDB/swap_pdbs/4DAY_r_1KBH_l.pdb,0
4DAY_r_4CT0_l,"A,B",C,../../GraPPI_data/PDB/swap_pdbs/4DAY_r_4CT0_l.pdb,0
4DAY_r_4PW9_l,"A,B",C,../../GraPPI_data/PDB/swap_pdbs/4DAY_r_4PW9_l.pdb,0
4DAY_l_2AQ1_r,A,B,../../GraPPI_data/PDB/swap_pdbs/4DAY_l_2AQ1_r.pdb,0
4DAY_l_3H2U_r,"A,B",C,../../GraPPI_data/PDB/swap_pdbs/4DAY_l_3H2U_r.pdb,0
4DAY_l_2N73_r,A,B,../../GraPPI_data/PDB/swap_pdbs/4DAY_l_2N73_r.pdb,0
4DAY_l_4GLA_r,A,B,../../GraPPI_data/PDB/swap_pdbs/4DAY_l_4GLA_r.pdb,0
6IVU_r_2LP4_l,A,B,../../GraPPI_data/PDB/swap_pdbs/6IVU_r_2LP4_l.pdb,0
6IVU_r_3U9D_l,A,B,../../GraPPI_data/PDB/swap_pdbs/6IVU_r_3U9D_l.pdb,0
6IVU_r_5DOB_l,A,B,../../GraPPI_data/PDB/swap_pdbs/6IVU_r_5DOB_l.pdb,0
6IVU_r_4ZGM_l,A,B,../../GraPPI_data/PDB/swap_pdbs/6IVU_r_4ZGM_l.pdb,0
6IVU_l_6IRE_r,A,B,../../GraPPI_data/PDB/swap_pdbs/6IVU_l_6IRE_r.pdb,0
6IVU_l_3RZW_r,A,B,../../GraPPI_data/PDB/swap_pdbs/6IVU_l_3RZW_r.pdb,0
6IVU_l_2WBY_r,A,B,../../GraPPI_data/PDB/swap_pdbs/6IVU_l_2WBY_r.pdb,0
6IVU_l_5XOD_r,A,B,../../GraPPI_data/PDB/swap_pdbs/6IVU_l_5XOD_r.pdb,0
4H6J_r_3OJ2_l,A,B,../../GraPPI_data/PDB/swap_pdbs/4H6J_r_3OJ2_l.pdb,0
4H6J_r_2KRI_l,A,B,../../GraPPI_data/PDB/swap_pdbs/4H6J_r_2KRI_l.pdb,0
4H6J_r_1L8C_l,A,B,../../GraPPI_data/PDB/swap_pdbs/4H6J_r_1L8C_l.pdb,0
4H6J_r_6G04_l,A,B,../../GraPPI_data/PDB/swap_pdbs/4H6J_r_6G04_l.pdb,0
4H6J_l_4RE1_r,A,B,../../GraPPI_data/PDB/swap_pdbs/4H6J_l_4RE1_r.pdb,0
4H6J_l_3ZWH_r,"A,B",C,../../GraPPI_data/PDB/swap_pdbs/4H6J_l_3ZWH_r.pdb,0
4H6J_l_2B7C_r,A,B,../../GraPPI_data/PDB/swap_pdbs/4H6J_l_2B7C_r.pdb,0
4H6J_l_2MRO_r,A,B,../../GraPPI_data/PDB/swap_pdbs/4H6J_l_2MRO_r.pdb,0
1VET_r_3VEP_l,A,B,../../GraPPI_data/PDB/swap_pdbs/1VET_r_3VEP_l.pdb,0
1VET_r_6M9K_l,A,B,../../GraPPI_data/PDB/swap_pdbs/1VET_r_6M9K_l.pdb,0
1VET_r_6GHO_l,A,B,../../GraPPI_data/PDB/swap_pdbs/1VET_r_6GHO_l.pdb,0
1VET_r_6H7N_l,A,B,../../GraPPI_data/PDB/swap_pdbs/1VET_r_6H7N_l.pdb,0
1VET_l_6D13_r,A,B,../../GraPPI_data/PDB/swap_pdbs/1VET_l_6D13_r.pdb,0
1VET_l_3OAK_r,A,B,../../GraPPI_data/PDB/swap_pdbs/1VET_l_3OAK_r.pdb,0
1VET_l_3F7P_r,A,B,../../GraPPI_data/PDB/swap_pdbs/1VET_l_3F7P_r.pdb,0
1VET_l_1HE8_r,A,B,../../GraPPI_data/PDB/swap_pdbs/1VET_l_1HE8_r.pdb,0
4YWC_r_6H9N_l,A,B,../../GraPPI_data/PDB/swap_pdbs/4YWC_r_6H9N_l.pdb,0
4YWC_r_2K5B_l,A,B,../../GraPPI_data/PDB/swap_pdbs/4YWC_r_2K5B_l.pdb,0
4YWC_r_5BW7_l,A,B,../../GraPPI_data/PDB/swap_pdbs/4YWC_r_5BW7_l.pdb,0
4YWC_r_3DXD_l,A,B,../../GraPPI_data/PDB/swap_pdbs/4YWC_r_3DXD_l.pdb,0
4YWC_l_4W4L_r,"A,B",C,../../GraPPI_data/PDB/swap_pdbs/4YWC_l_4W4L_r.pdb,0
4YWC_l_4GLA_r,A,B,../../GraPPI_data/PDB/swap_pdbs/4YWC_l_4GLA_r.pdb,0
4YWC_l_3UZ0_r,A,B,../../GraPPI_data/PDB/swap_pdbs/4YWC_l_3UZ0_r.pdb,0
4YWC_l_6PNQ_r,A,B,../../GraPPI_data/PDB/swap_pdbs/4YWC_l_6PNQ_r.pdb,0
3P8M_r_5FHX_l,"A,B",C,../../GraPPI_data/PDB/swap_pdbs/3P8M_r_5FHX_l.pdb,0
3P8M_r_2GAF_l,"A,B",C,../../GraPPI_data/PDB/swap_pdbs/3P8M_r_2GAF_l.pdb,0
3P8M_r_6FPG_l,"A,B",C,../../GraPPI_data/PDB/swap_pdbs/3P8M_r_6FPG_l.pdb,0
3P8M_r_4CT0_l,"A,B",C,../../GraPPI_data/PDB/swap_pdbs/3P8M_r_4CT0_l.pdb,0
3P8M_l_2K3S_r,A,"B,C",../../GraPPI_data/PDB/swap_pdbs/3P8M_l_2K3S_r.pdb,0
3P8M_l_4UWQ_r,A,"B,C",../../GraPPI_data/PDB/swap_pdbs/3P8M_l_4UWQ_r.pdb,0
3P8M_l_3VFO_r,"A,B","C,D",../../GraPPI_data/PDB/swap_pdbs/3P8M_l_3VFO_r.pdb,0
3P8M_l_3F7P_r,A,"B,C",../../GraPPI_data/PDB/swap_pdbs/3P8M_l_3F7P_r.pdb,0
6IMF_r_2P4A_l,A,B,../../GraPPI_data/PDB/swap_pdbs/6IMF_r_2P4A_l.pdb,0
6IMF_r_2KHS_l,A,B,../../GraPPI_data/PDB/swap_pdbs/6IMF_r_2KHS_l.pdb,0
6IMF_r_5E6P_l,A,B,../../GraPPI_data/PDB/swap_pdbs/6IMF_r_5E6P_l.pdb,0
6IMF_r_2K3U_l,A,B,../../GraPPI_data/PDB/swap_pdbs/6IMF_r_2K3U_l.pdb,0
6IMF_l_4HGM_r,A,B,../../GraPPI_data/PDB/swap_pdbs/6IMF_l_4HGM_r.pdb,0
6IMF_l_6B12_r,A,B,../../GraPPI_data/PDB/swap_pdbs/6IMF_l_6B12_r.pdb,0
6IMF_l_4ZGQ_r,A,B,../../GraPPI_data/PDB/swap_pdbs/6IMF_l_4ZGQ_r.pdb,0
6IMF_l_1YRU_r,A,B,../../GraPPI_data/PDB/swap_pdbs/6IMF_l_1YRU_r.pdb,0
3PC8_r_4DT1_l,A,B,../../GraPPI_data/PDB/swap_pdbs/3PC8_r_4DT1_l.pdb,0
3PC8_r_3SZK_l,A,"B,C",../../GraPPI_data/PDB/swap_pdbs/3PC8_r_3SZK_l.pdb,0
3PC8_r_4PAS_l,A,B,../../GraPPI_data/PDB/swap_pdbs/3PC8_r_4PAS_l.pdb,0
3PC8_r_4YWC_l,A,B,../../GraPPI_data/PDB/swap_pdbs/3PC8_r_4YWC_l.pdb,0
3PC8_l_4BKX_r,A,B,../../GraPPI_data/PDB/swap_pdbs/3PC8_l_4BKX_r.pdb,0
3PC8_l_1R6Q_r,A,B,../../GraPPI_data/PDB/swap_pdbs/3PC8_l_1R6Q_r.pdb,0
3PC8_l_3O6B_r,A,B,../../GraPPI_data/PDB/swap_pdbs/3PC8_l_3O6B_r.pdb,0
3PC8_l_3UL1_r,A,B,../../GraPPI_data/PDB/swap_pdbs/3PC8_l_3UL1_r.pdb,0
4UDM_r_5KOF_l,A,"B,C",../../GraPPI_data/PDB/swap_pdbs/4UDM_r_5KOF_l.pdb,0
4UDM_r_1Y8N_l,A,B,../../GraPPI_data/PDB/swap_pdbs/4UDM_r_1Y8N_l.pdb,0
4UDM_r_2ODG_l,A,"B,C",../../GraPPI_data/PDB/swap_pdbs/4UDM_r_2ODG_l.pdb,0
4UDM_r_6IVU_l,A,B,../../GraPPI_data/PDB/swap_pdbs/4UDM_r_6IVU_l.pdb,0
4UDM_l_6GD5_r,A,B,../../GraPPI_data/PDB/swap_pdbs/4UDM_l_6GD5_r.pdb,0
4UDM_l_3SSB_r,"A,B",C,../../GraPPI_data/PDB/swap_pdbs/4UDM_l_3SSB_r.pdb,0
4UDM_l_3RT0_r,A,B,../../GraPPI_data/PDB/swap_pdbs/4UDM_l_3RT0_r.pdb,0
4UDM_l_1CLV_r,A,B,../../GraPPI_data/PDB/swap_pdbs/4UDM_l_1CLV_r.pdb,0
3FPU_r_1ZHI_l,A,B,../../GraPPI_data/PDB/swap_pdbs/3FPU_r_1ZHI_l.pdb,0
3FPU_r_1T0P_l,A,B,../../GraPPI_data/PDB/swap_pdbs/3FPU_r_1T0P_l.pdb,0
3FPU_r_4ZGQ_l,A,B,../../GraPPI_data/PDB/swap_pdbs/3FPU_r_4ZGQ_l.pdb,0
3FPU_r_2WBY_l,A,"B,C",../../GraPPI_data/PDB/swap_pdbs/3FPU_r_2WBY_l.pdb,0
3FPU_l_3NCB_r,A,B,../../GraPPI_data/PDB/swap_pdbs/3FPU_l_3NCB_r.pdb,0
3FPU_l_2MLX_r,A,B,../../GraPPI_data/PDB/swap_pdbs/3FPU_l_2MLX_r.pdb,0
3FPU_l_3OAK_r,A,B,../../GraPPI_data/PDB/swap_pdbs/3FPU_l_3OAK_r.pdb,0
3FPU_l_5C6T_r,A,B,../../GraPPI_data/PDB/swap_pdbs/3FPU_l_5C6T_r.pdb,0
4G6U_r_3UL1_l,A,B,../../GraPPI_data/PDB/swap_pdbs/4G6U_r_3UL1_l.pdb,0
4G6U_r_2GOX_l,A,B,../../GraPPI_data/PDB/swap_pdbs/4G6U_r_2GOX_l.pdb,0
4G6U_r_2VDA_l,A,B,../../GraPPI_data/PDB/swap_pdbs/4G6U_r_2VDA_l.pdb,0
4G6U_r_3VZA_l,A,"B,C",../../GraPPI_data/PDB/swap_pdbs/4G6U_r_3VZA_l.pdb,0
4G6U_l_1T0P_r,A,B,../../GraPPI_data/PDB/swap_pdbs/4G6U_l_1T0P_r.pdb,0
4G6U_l_4YFD_r,A,B,../../GraPPI_data/PDB/swap_pdbs/4G6U_l_4YFD_r.pdb,0
4G6U_l_3C9A_r,A,B,../../GraPPI_data/PDB/swap_pdbs/4G6U_l_3C9A_r.pdb,0
4G6U_l_3T0Y_r,"A,B",C,../../GraPPI_data/PDB/swap_pdbs/4G6U_l_3T0Y_r.pdb,0
1X1W_r_4TQ0_l,A,B,../../GraPPI_data/PDB/swap_pdbs/1X1W_r_4TQ0_l.pdb,0
1X1W_r_2Z3R_l,A,B,../../GraPPI_data/PDB/swap_pdbs/1X1W_r_2Z3R_l.pdb,0
1X1W_r_6QMS_l,A,B,../../GraPPI_data/PDB/swap_pdbs/1X1W_r_6QMS_l.pdb,0
1X1W_r_2L14_l,A,B,../../GraPPI_data/PDB/swap_pdbs/1X1W_r_2L14_l.pdb,0
1X1W_l_4PLO_r,A,B,../../GraPPI_data/PDB/swap_pdbs/1X1W_l_4PLO_r.pdb,0
1X1W_l_4PP8_r,"A,B",C,../../GraPPI_data/PDB/swap_pdbs/1X1W_l_4PP8_r.pdb,0
1X1W_l_4U0Q_r,A,B,../../GraPPI_data/PDB/swap_pdbs/1X1W_l_4U0Q_r.pdb,0
1X1W_l_4FZV_r,A,B,../../GraPPI_data/PDB/swap_pdbs/1X1W_l_4FZV_r.pdb,0
5GPG_r_6H7N_l,A,B,../../GraPPI_data/PDB/swap_pdbs/5GPG_r_6H7N_l.pdb,0
5GPG_r_5OO6_l,A,B,../../GraPPI_data/PDB/swap_pdbs/5GPG_r_5OO6_l.pdb,0
5GPG_r_1T01_l,A,B,../../GraPPI_data/PDB/swap_pdbs/5GPG_r_1T01_l.pdb,0
5GPG_r_3RZW_l,A,B,../../GraPPI_data/PDB/swap_pdbs/5GPG_r_3RZW_l.pdb,0
5GPG_l_6RHW_r,"A,B",C,../../GraPPI_data/PDB/swap_pdbs/5GPG_l_6RHW_r.pdb,0
5GPG_l_1T6B_r,A,B,../../GraPPI_data/PDB/swap_pdbs/5GPG_l_1T6B_r.pdb,0
5GPG_l_3VZA_r,A,B,../../GraPPI_data/PDB/swap_pdbs/5GPG_l_3VZA_r.pdb,0
5GPG_l_4TQ0_r,A,B,../../GraPPI_data/PDB/swap_pdbs/5GPG_l_4TQ0_r.pdb,0
2GYK_r_5ITZ_l,A,"B,C,D",../../GraPPI_data/PDB/swap_pdbs/2GYK_r_5ITZ_l.pdb,0
2GYK_r_2LP0_l,A,B,../../GraPPI_data/PDB/swap_pdbs/2GYK_r_2LP0_l.pdb,0
2GYK_r_4ETP_l,A,B,../../GraPPI_data/PDB/swap_pdbs/2GYK_r_4ETP_l.pdb,0
2GYK_r_4P1N_l,A,"B,C",../../GraPPI_data/PDB/swap_pdbs/2GYK_r_4P1N_l.pdb,0
2GYK_l_5MTM_r,A,B,../../GraPPI_data/PDB/swap_pdbs/2GYK_l_5MTM_r.pdb,0
2GYK_l_3CQC_r,A,B,../../GraPPI_data/PDB/swap_pdbs/2GYK_l_3CQC_r.pdb,0
2GYK_l_3AJB_r,A,B,../../GraPPI_data/PDB/swap_pdbs/2GYK_l_3AJB_r.pdb,0
2GYK_l_4DKD_r,"A,B",C,../../GraPPI_data/PDB/swap_pdbs/2GYK_l_4DKD_r.pdb,0
2Z3R_r_1ZE3_l,A,B,../../GraPPI_data/PDB/swap_pdbs/2Z3R_r_1ZE3_l.pdb,0
2Z3R_r_5MJY_l,A,B,../../GraPPI_data/PDB/swap_pdbs/2Z3R_r_5MJY_l.pdb,0
2Z3R_r_2FYL_l,A,B,../../GraPPI_data/PDB/swap_pdbs/2Z3R_r_2FYL_l.pdb,0
2Z3R_r_1ZHI_l,A,B,../../GraPPI_data/PDB/swap_pdbs/2Z3R_r_1ZHI_l.pdb,0
2Z3R_l_6H7N_r,A,B,../../GraPPI_data/PDB/swap_pdbs/2Z3R_l_6H7N_r.pdb,0
2Z3R_l_5D28_r,"A,B",C,../../GraPPI_data/PDB/swap_pdbs/2Z3R_l_5D28_r.pdb,0
2Z3R_l_5X60_r,"A,B",C,../../GraPPI_data/PDB/swap_pdbs/2Z3R_l_5X60_r.pdb,0
2Z3R_l_4W4L_r,"A,B",C,../../GraPPI_data/PDB/swap_pdbs/2Z3R_l_4W4L_r.pdb,0
1JSP_r_2F9Z_l,A,B,../../GraPPI_data/PDB/swap_pdbs/1JSP_r_2F9Z_l.pdb,0
1JSP_r_3H8D_l,A,"B,C",../../GraPPI_data/PDB/swap_pdbs/1JSP_r_3H8D_l.pdb,0
1JSP_r_2B4J_l,A,"B,C",../../GraPPI_data/PDB/swap_pdbs/1JSP_r_2B4J_l.pdb,0
1JSP_r_6IM9_l,A,B,../../GraPPI_data/PDB/swap_pdbs/1JSP_r_6IM9_l.pdb,0
1JSP_l_3WRX_r,A,B,../../GraPPI_data/PDB/swap_pdbs/1JSP_l_3WRX_r.pdb,0
1JSP_l_5XNP_r,A,B,../../GraPPI_data/PDB/swap_pdbs/1JSP_l_5XNP_r.pdb,0
1JSP_l_2K3U_r,A,B,../../GraPPI_data/PDB/swap_pdbs/1JSP_l_2K3U_r.pdb,0
1JSP_l_3VYR_r,A,B,../../GraPPI_data/PDB/swap_pdbs/1JSP_l_3VYR_r.pdb,0
2LKM_r_2GYK_l,A,B,../../GraPPI_data/PDB/swap_pdbs/2LKM_r_2GYK_l.pdb,0
2LKM_r_5FHX_l,A,B,../../GraPPI_data/PDB/swap_pdbs/2LKM_r_5FHX_l.pdb,0
2LKM_r_4HGM_l,A,B,../../GraPPI_data/PDB/swap_pdbs/2LKM_r_4HGM_l.pdb,0
2LKM_r_3QC8_l,A,B,../../GraPPI_data/PDB/swap_pdbs/2LKM_r_3QC8_l.pdb,0
2LKM_l_2Q7N_r,A,B,../../GraPPI_data/PDB/swap_pdbs/2LKM_l_2Q7N_r.pdb,0
2LKM_l_2X2D_r,A,B,../../GraPPI_data/PDB/swap_pdbs/2LKM_l_2X2D_r.pdb,0
2LKM_l_2K42_r,A,B,../../GraPPI_data/PDB/swap_pdbs/2LKM_l_2K42_r.pdb,0
2LKM_l_1XD3_r,A,B,../../GraPPI_data/PDB/swap_pdbs/2LKM_l_1XD3_r.pdb,0
3D1M_r_4CPA_l,A,B,../../GraPPI_data/PDB/swap_pdbs/3D1M_r_4CPA_l.pdb,0
3D1M_r_5X60_l,A,B,../../GraPPI_data/PDB/swap_pdbs/3D1M_r_5X60_l.pdb,0
3D1M_r_1HE8_l,A,B,../../GraPPI_data/PDB/swap_pdbs/3D1M_r_1HE8_l.pdb,0
3D1M_r_5V52_l,A,B,../../GraPPI_data/PDB/swap_pdbs/3D1M_r_5V52_l.pdb,0
3D1M_l_5IMT_r,A,B,../../GraPPI_data/PDB/swap_pdbs/3D1M_l_5IMT_r.pdb,0
3D1M_l_4UWQ_r,A,B,../../GraPPI_data/PDB/swap_pdbs/3D1M_l_4UWQ_r.pdb,0
3D1M_l_5UZU_r,A,B,../../GraPPI_data/PDB/swap_pdbs/3D1M_l_5UZU_r.pdb,0
3D1M_l_3ZRZ_r,A,B,../../GraPPI_data/PDB/swap_pdbs/3D1M_l_3ZRZ_r.pdb,0
1R6Q_r_2WY2_l,A,B,../../GraPPI_data/PDB/swap_pdbs/1R6Q_r_2WY2_l.pdb,0
1R6Q_r_3PC8_l,A,B,../../GraPPI_data/PDB/swap_pdbs/1R6Q_r_3PC8_l.pdb,0
1R6Q_r_3KZ0_l,A,B,../../GraPPI_data/PDB/swap_pdbs/1R6Q_r_3KZ0_l.pdb,0
1R6Q_r_2W83_l,A,"B,C",../../GraPPI_data/PDB/swap_pdbs/1R6Q_r_2W83_l.pdb,0
1R6Q_l_3G7Z_r,"A,B",C,../../GraPPI_data/PDB/swap_pdbs/1R6Q_l_3G7Z_r.pdb,0
1R6Q_l_5FHX_r,A,B,../../GraPPI_data/PDB/swap_pdbs/1R6Q_l_5FHX_r.pdb,0
1R6Q_l_5X60_r,"A,B",C,../../GraPPI_data/PDB/swap_pdbs/1R6Q_l_5X60_r.pdb,0
1R6Q_l_5TZN_r,"A,B",C,../../GraPPI_data/PDB/swap_pdbs/1R6Q_l_5TZN_r.pdb,0
1PK1_r_2X2D_l,A,B,../../GraPPI_data/PDB/swap_pdbs/1PK1_r_2X2D_l.pdb,0
1PK1_r_2K3S_l,A,B,../../GraPPI_data/PDB/swap_pdbs/1PK1_r_2K3S_l.pdb,0
1PK1_r_3BOW_l,A,B,../../GraPPI_data/PDB/swap_pdbs/1PK1_r_3BOW_l.pdb,0
1PK1_r_5XSQ_l,A,B,../../GraPPI_data/PDB/swap_pdbs/1PK1_r_5XSQ_l.pdb,0
1PK1_l_6JWJ_r,A,B,../../GraPPI_data/PDB/swap_pdbs/1PK1_l_6JWJ_r.pdb,0
1PK1_l_5JW7_r,A,B,../../GraPPI_data/PDB/swap_pdbs/1PK1_l_5JW7_r.pdb,0
1PK1_l_2LY4_r,A,B,../../GraPPI_data/PDB/swap_pdbs/1PK1_l_2LY4_r.pdb,0
1PK1_l_1HCF_r,A,B,../../GraPPI_data/PDB/swap_pdbs/1PK1_l_1HCF_r.pdb,0
2ODG_r_4M6B_l,A,B,../../GraPPI_data/PDB/swap_pdbs/2ODG_r_4M6B_l.pdb,0
2ODG_r_6GTQ_l,A,"B,C",../../GraPPI_data/PDB/swap_pdbs/2ODG_r_6GTQ_l.pdb,0
2ODG_r_3NCB_l,A,B,../../GraPPI_data/PDB/swap_pdbs/2ODG_r_3NCB_l.pdb,0
2ODG_r_3F7P_l,A,B,../../GraPPI_data/PDB/swap_pdbs/2ODG_r_3F7P_l.pdb,0
2ODG_l_4BQD_r,A,"B,C",../../GraPPI_data/PDB/swap_pdbs/2ODG_l_4BQD_r.pdb,0
2ODG_l_1CLV_r,A,"B,C",../../GraPPI_data/PDB/swap_pdbs/2ODG_l_1CLV_r.pdb,0
2ODG_l_2KJ4_r,A,"B,C",../../GraPPI_data/PDB/swap_pdbs/2ODG_l_2KJ4_r.pdb,0
2ODG_l_2WY2_r,"A,B,C","D,E",../../GraPPI_data/PDB/swap_pdbs/2ODG_l_2WY2_r.pdb,0
4M6B_r_3SSB_l,A,B,../../GraPPI_data/PDB/swap_pdbs/4M6B_r_3SSB_l.pdb,0
4M6B_r_1YRU_l,A,B,../../GraPPI_data/PDB/swap_pdbs/4M6B_r_1YRU_l.pdb,0
4M6B_r_5OSH_l,A,"B,C",../../GraPPI_data/PDB/swap_pdbs/4M6B_r_5OSH_l.pdb,0
4M6B_r_2K42_l,A,B,../../GraPPI_data/PDB/swap_pdbs/4M6B_r_2K42_l.pdb,0
4M6B_l_2OMY_r,A,B,../../GraPPI_data/PDB/swap_pdbs/4M6B_l_2OMY_r.pdb,0
4M6B_l_2Q0O_r,"A,B",C,../../GraPPI_data/PDB/swap_pdbs/4M6B_l_2Q0O_r.pdb,0
4M6B_l_6GVL_r,A,B,../../GraPPI_data/PDB/swap_pdbs/4M6B_l_6GVL_r.pdb,0
4M6B_l_6FPG_r,A,B,../../GraPPI_data/PDB/swap_pdbs/4M6B_l_6FPG_r.pdb,0
6QMS_r_4CU4_l,"A,B",C,../../GraPPI_data/PDB/swap_pdbs/6QMS_r_4CU4_l.pdb,0
6QMS_r_5IMT_l,"A,B",C,../../GraPPI_data/PDB/swap_pdbs/6QMS_r_5IMT_l.pdb,0
6QMS_r_2J7P_l,"A,B",C,../../GraPPI_data/PDB/swap_pdbs/6QMS_r_2J7P_l.pdb,0
6QMS_r_3UL1_l,"A,B",C,../../GraPPI_data/PDB/swap_pdbs/6QMS_r_3UL1_l.pdb,0
6QMS_l_1LP1_r,A,B,../../GraPPI_data/PDB/swap_pdbs/6QMS_l_1LP1_r.pdb,0
6QMS_l_5UZU_r,A,B,../../GraPPI_data/PDB/swap_pdbs/6QMS_l_5UZU_r.pdb,0
6QMS_l_2X9A_r,A,B,../../GraPPI_data/PDB/swap_pdbs/6QMS_l_2X9A_r.pdb,0
6QMS_l_6NFJ_r,A,B,../../GraPPI_data/PDB/swap_pdbs/6QMS_l_6NFJ_r.pdb,0
2N73_r_4IKA_l,A,B,../../GraPPI_data/PDB/swap_pdbs/2N73_r_4IKA_l.pdb,0
2N73_r_6BX4_l,A,"B,C",../../GraPPI_data/PDB/swap_pdbs/2N73_r_6BX4_l.pdb,0
2N73_r_4PLO_l,A,B,../../GraPPI_data/PDB/swap_pdbs/2N73_r_4PLO_l.pdb,0
2N73_r_3ZS8_l,A,"B,C",../../GraPPI_data/PDB/swap_pdbs/2N73_r_3ZS8_l.pdb,0
2N73_l_4DT1_r,A,B,../../GraPPI_data/PDB/swap_pdbs/2N73_l_4DT1_r.pdb,0
2N73_l_2K3S_r,A,B,../../GraPPI_data/PDB/swap_pdbs/2N73_l_2K3S_r.pdb,0
2N73_l_4G59_r,"A,B",C,../../GraPPI_data/PDB/swap_pdbs/2N73_l_4G59_r.pdb,0
2N73_l_5UN7_r,A,B,../../GraPPI_data/PDB/swap_pdbs/2N73_l_5UN7_r.pdb,0
3ZWH_r_4H6J_l,"A,B",C,../../GraPPI_data/PDB/swap_pdbs/3ZWH_r_4H6J_l.pdb,0
3ZWH_r_4TQ0_l,"A,B",C,../../GraPPI_data/PDB/swap_pdbs/3ZWH_r_4TQ0_l.pdb,0
3ZWH_r_1TBA_l,"A,B",C,../../GraPPI_data/PDB/swap_pdbs/3ZWH_r_1TBA_l.pdb,0
3ZWH_r_3KBT_l,"A,B",C,../../GraPPI_data/PDB/swap_pdbs/3ZWH_r_3KBT_l.pdb,0
3ZWH_l_2V8S_r,A,B,../../GraPPI_data/PDB/swap_pdbs/3ZWH_l_2V8S_r.pdb,0
3ZWH_l_4ZGQ_r,A,B,../../GraPPI_data/PDB/swap_pdbs/3ZWH_l_4ZGQ_r.pdb,0
3ZWH_l_1VYT_r,A,B,../../GraPPI_data/PDB/swap_pdbs/3ZWH_l_1VYT_r.pdb,0
3ZWH_l_3AON_r,A,B,../../GraPPI_data/PDB/swap_pdbs/3ZWH_l_3AON_r.pdb,0
5LPU_r_6IB8_l,"A,B",C,../../GraPPI_data/PDB/swap_pdbs/5LPU_r_6IB8_l.pdb,0
5LPU_r_6GVL_l,"A,B",C,../../GraPPI_data/PDB/swap_pdbs/5LPU_r_6GVL_l.pdb,0
5LPU_r_5TZN_l,"A,B","C,D",../../GraPPI_data/PDB/swap_pdbs/5LPU_r_5TZN_l.pdb,0
5LPU_r_3C4M_l,"A,B",C,../../GraPPI_data/PDB/swap_pdbs/5LPU_r_3C4M_l.pdb,0
5LPU_l_3C4P_r,A,"B,C",../../GraPPI_data/PDB/swap_pdbs/5LPU_l_3C4P_r.pdb,0
5LPU_l_3QC8_r,A,"B,C",../../GraPPI_data/PDB/swap_pdbs/5LPU_l_3QC8_r.pdb,0
5LPU_l_2WD5_r,A,"B,C",../../GraPPI_data/PDB/swap_pdbs/5LPU_l_2WD5_r.pdb,0
5LPU_l_2PCC_r,A,"B,C",../../GraPPI_data/PDB/swap_pdbs/5LPU_l_2PCC_r.pdb,0
4OVN_r_4RJF_l,A,B,../../GraPPI_data/PDB/swap_pdbs/4OVN_r_4RJF_l.pdb,0
4OVN_r_1CLV_l,A,B,../../GraPPI_data/PDB/swap_pdbs/4OVN_r_1CLV_l.pdb,0
4OVN_r_1PK1_l,A,B,../../GraPPI_data/PDB/swap_pdbs/4OVN_r_1PK1_l.pdb,0
4OVN_r_2V8S_l,A,B,../../GraPPI_data/PDB/swap_pdbs/4OVN_r_2V8S_l.pdb,0
4OVN_l_4PAS_r,A,B,../../GraPPI_data/PDB/swap_pdbs/4OVN_l_4PAS_r.pdb,0
4OVN_l_4CT0_r,A,B,../../GraPPI_data/PDB/swap_pdbs/4OVN_l_4CT0_r.pdb,0
4OVN_l_1OGY_r,A,B,../../GraPPI_data/PDB/swap_pdbs/4OVN_l_1OGY_r.pdb,0
4OVN_l_4UDM_r,A,B,../../GraPPI_data/PDB/swap_pdbs/4OVN_l_4UDM_r.pdb,0
1VRK_r_4W4L_l,A,B,../../GraPPI_data/PDB/swap_pdbs/1VRK_r_4W4L_l.pdb,0
1VRK_r_3BX7_l,A,B,../../GraPPI_data/PDB/swap_pdbs/1VRK_r_3BX7_l.pdb,0
1VRK_r_1EWY_l,A,B,../../GraPPI_data/PDB/swap_pdbs/1VRK_r_1EWY_l.pdb,0
1VRK_r_1XD3_l,A,B,../../GraPPI_data/PDB/swap_pdbs/1VRK_r_1XD3_l.pdb,0
1VRK_l_3VYR_r,A,B,../../GraPPI_data/PDB/swap_pdbs/1VRK_l_3VYR_r.pdb,0
1VRK_l_3UL1_r,A,B,../../GraPPI_data/PDB/swap_pdbs/1VRK_l_3UL1_r.pdb,0
1VRK_l_5HLZ_r,"A,B",C,../../GraPPI_data/PDB/swap_pdbs/1VRK_l_5HLZ_r.pdb,0
1VRK_l_4CU4_r,A,B,../../GraPPI_data/PDB/swap_pdbs/1VRK_l_4CU4_r.pdb,0
4NOO_r_2ZVN_l,A,"B,C",../../GraPPI_data/PDB/swap_pdbs/4NOO_r_2ZVN_l.pdb,0
4NOO_r_2L14_l,A,B,../../GraPPI_data/PDB/swap_pdbs/4NOO_r_2L14_l.pdb,0
4NOO_r_2VE7_l,A,B,../../GraPPI_data/PDB/swap_pdbs/4NOO_r_2VE7_l.pdb,0
4NOO_r_5F4E_l,A,B,../../GraPPI_data/PDB/swap_pdbs/4NOO_r_5F4E_l.pdb,0
4NOO_l_6GTQ_r,"A,B",C,../../GraPPI_data/PDB/swap_pdbs/4NOO_l_6GTQ_r.pdb,0
4NOO_l_6GBG_r,A,B,../../GraPPI_data/PDB/swap_pdbs/4NOO_l_6GBG_r.pdb,0
4NOO_l_6B12_r,A,B,../../GraPPI_data/PDB/swap_pdbs/4NOO_l_6B12_r.pdb,0
4NOO_l_5Z78_r,"A,B",C,../../GraPPI_data/PDB/swap_pdbs/4NOO_l_5Z78_r.pdb,0
5VT9_r_5B77_l,"A,B",C,../../GraPPI_data/PDB/swap_pdbs/5VT9_r_5B77_l.pdb,0
5VT9_r_2B4J_l,"A,B","C,D",../../GraPPI_data/PDB/swap_pdbs/5VT9_r_2B4J_l.pdb,0
5VT9_r_1VET_l,"A,B",C,../../GraPPI_data/PDB/swap_pdbs/5VT9_r_1VET_l.pdb,0
5VT9_r_3BT1_l,"A,B",C,../../GraPPI_data/PDB/swap_pdbs/5VT9_r_3BT1_l.pdb,0
5VT9_l_5C6T_r,A,"B,C",../../GraPPI_data/PDB/swap_pdbs/5VT9_l_5C6T_r.pdb,0
5VT9_l_3WWN_r,A,"B,C",../../GraPPI_data/PDB/swap_pdbs/5VT9_l_3WWN_r.pdb,0
5VT9_l_6G04_r,A,"B,C",../../GraPPI_data/PDB/swap_pdbs/5VT9_l_6G04_r.pdb,0
5VT9_l_4KR0_r,A,"B,C",../../GraPPI_data/PDB/swap_pdbs/5VT9_l_4KR0_r.pdb,0
2KJ4_r_1T6B_l,A,B,../../GraPPI_data/PDB/swap_pdbs/2KJ4_r_1T6B_l.pdb,0
2KJ4_r_3UEZ_l,A,"B,C",../../GraPPI_data/PDB/swap_pdbs/2KJ4_r_3UEZ_l.pdb,0
2KJ4_r_5F4E_l,A,B,../../GraPPI_data/PDB/swap_pdbs/2KJ4_r_5F4E_l.pdb,0
2KJ4_r_2DJY_l,A,B,../../GraPPI_data/PDB/swap_pdbs/2KJ4_r_2DJY_l.pdb,0
2KJ4_l_6IVU_r,A,B,../../GraPPI_data/PDB/swap_pdbs/2KJ4_l_6IVU_r.pdb,0
2KJ4_l_5CTR_r,A,B,../../GraPPI_data/PDB/swap_pdbs/2KJ4_l_5CTR_r.pdb,0
2KJ4_l_1Q68_r,A,B,../../GraPPI_data/PDB/swap_pdbs/2KJ4_l_1Q68_r.pdb,0
2KJ4_l_5TL6_r,A,B,../../GraPPI_data/PDB/swap_pdbs/2KJ4_l_5TL6_r.pdb,0
2HWN_r_3PC8_l,"A,B",C,../../GraPPI_data/PDB/swap_pdbs/2HWN_r_3PC8_l.pdb,0
2HWN_r_4CU4_l,"A,B",C,../../GraPPI_data/PDB/swap_pdbs/2HWN_r_4CU4_l.pdb,0
2HWN_r_4DT1_l,"A,B",C,../../GraPPI_data/PDB/swap_pdbs/2HWN_r_4DT1_l.pdb,0
2HWN_r_3CQC_l,"A,B",C,../../GraPPI_data/PDB/swap_pdbs/2HWN_r_3CQC_l.pdb,0
2HWN_l_6QMS_r,"A,B",C,../../GraPPI_data/PDB/swap_pdbs/2HWN_l_6QMS_r.pdb,0
2HWN_l_2KRI_r,A,B,../../GraPPI_data/PDB/swap_pdbs/2HWN_l_2KRI_r.pdb,0
2HWN_l_1KTZ_r,A,B,../../GraPPI_data/PDB/swap_pdbs/2HWN_l_1KTZ_r.pdb,0
2HWN_l_1LJ2_r,"A,B",C,../../GraPPI_data/PDB/swap_pdbs/2HWN_l_1LJ2_r.pdb,0
1KBH_r_5CTR_l,A,B,../../GraPPI_data/PDB/swap_pdbs/1KBH_r_5CTR_l.pdb,0
1KBH_r_1USU_l,A,B,../../GraPPI_data/PDB/swap_pdbs/1KBH_r_1USU_l.pdb,0
1KBH_r_2ZVN_l,A,"B,C",../../GraPPI_data/PDB/swap_pdbs/1KBH_r_2ZVN_l.pdb,0
1KBH_r_3AON_l,A,B,../../GraPPI_data/PDB/swap_pdbs/1KBH_r_3AON_l.pdb,0
1KBH_l_5B77_r,A,B,../../GraPPI_data/PDB/swap_pdbs/1KBH_l_5B77_r.pdb,0
1KBH_l_4HSA_r,A,B,../../GraPPI_data/PDB/swap_pdbs/1KBH_l_4HSA_r.pdb,0
1KBH_l_2K42_r,A,B,../../GraPPI_data/PDB/swap_pdbs/1KBH_l_2K42_r.pdb,0
1KBH_l_5WQL_r,A,B,../../GraPPI_data/PDB/swap_pdbs/1KBH_l_5WQL_r.pdb,0
1LP1_r_3OAK_l,A,B,../../GraPPI_data/PDB/swap_pdbs/1LP1_r_3OAK_l.pdb,0
1LP1_r_3WRX_l,A,B,../../GraPPI_data/PDB/swap_pdbs/1LP1_r_3WRX_l.pdb,0
1LP1_r_4C99_l,A,"B,C",../../GraPPI_data/PDB/swap_pdbs/1LP1_r_4C99_l.pdb,0
1LP1_r_1ZHI_l,A,B,../../GraPPI_data/PDB/swap_pdbs/1LP1_r_1ZHI_l.pdb,0
1LP1_l_1YK0_r,"A,B",C,../../GraPPI_data/PDB/swap_pdbs/1LP1_l_1YK0_r.pdb,0
1LP1_l_5MJY_r,"A,B",C,../../GraPPI_data/PDB/swap_pdbs/1LP1_l_5MJY_r.pdb,0
1LP1_l_5WVO_r,"A,B,C",D,../../GraPPI_data/PDB/swap_pdbs/1LP1_l_5WVO_r.pdb,0
1LP1_l_5V5H_r,A,B,../../GraPPI_data/PDB/swap_pdbs/1LP1_l_5V5H_r.pdb,0
2L14_r_6MAV_l,A,B,../../GraPPI_data/PDB/swap_pdbs/2L14_r_6MAV_l.pdb,0
2L14_r_4ZGQ_l,A,B,../../GraPPI_data/PDB/swap_pdbs/2L14_r_4ZGQ_l.pdb,0
2L14_r_2HWN_l,A,B,../../GraPPI_data/PDB/swap_pdbs/2L14_r_2HWN_l.pdb,0
2L14_r_5DOB_l,A,B,../../GraPPI_data/PDB/swap_pdbs/2L14_r_5DOB_l.pdb,0
2L14_l_3UEZ_r,"A,B",C,../../GraPPI_data/PDB/swap_pdbs/2L14_l_3UEZ_r.pdb,0
2L14_l_1KBH_r,A,B,../../GraPPI_data/PDB/swap_pdbs/2L14_l_1KBH_r.pdb,0
2L14_l_2ZVN_r,"A,B",C,../../GraPPI_data/PDB/swap_pdbs/2L14_l_2ZVN_r.pdb,0
2L14_l_3VFO_r,"A,B",C,../../GraPPI_data/PDB/swap_pdbs/2L14_l_3VFO_r.pdb,0
2LP0_r_4AQE_l,A,B,../../GraPPI_data/PDB/swap_pdbs/2LP0_r_4AQE_l.pdb,0
2LP0_r_3UZ0_l,A,B,../../GraPPI_data/PDB/swap_pdbs/2LP0_r_3UZ0_l.pdb,0
2LP0_r_3MJH_l,A,B,../../GraPPI_data/PDB/swap_pdbs/2LP0_r_3MJH_l.pdb,0
2LP0_r_5UN5_l,A,B,../../GraPPI_data/PDB/swap_pdbs/2LP0_r_5UN5_l.pdb,0
2LP0_l_4IYP_r,A,B,../../GraPPI_data/PDB/swap_pdbs/2LP0_l_4IYP_r.pdb,0
2LP0_l_2B7C_r,A,B,../../GraPPI_data/PDB/swap_pdbs/2LP0_l_2B7C_r.pdb,0
2LP0_l_3W6J_r,A,B,../../GraPPI_data/PDB/swap_pdbs/2LP0_l_3W6J_r.pdb,0
2LP0_l_3FXD_r,"A,B",C,../../GraPPI_data/PDB/swap_pdbs/2LP0_l_3FXD_r.pdb,0
5CZF_r_3AON_l,A,B,../../GraPPI_data/PDB/swap_pdbs/5CZF_r_3AON_l.pdb,0
5CZF_r_5F4E_l,A,B,../../GraPPI_data/PDB/swap_pdbs/5CZF_r_5F4E_l.pdb,0
5CZF_r_1KTZ_l,A,B,../../GraPPI_data/PDB/swap_pdbs/5CZF_r_1KTZ_l.pdb,0
5CZF_r_1RPQ_l,A,B,../../GraPPI_data/PDB/swap_pdbs/5CZF_r_1RPQ_l.pdb,0
5CZF_l_4P1N_r,"A,B",C,../../GraPPI_data/PDB/swap_pdbs/5CZF_l_4P1N_r.pdb,0
5CZF_l_1NVU_r,A,B,../../GraPPI_data/PDB/swap_pdbs/5CZF_l_1NVU_r.pdb,0
5CZF_l_3ME2_r,A,B,../../GraPPI_data/PDB/swap_pdbs/5CZF_l_3ME2_r.pdb,0
5CZF_l_1F47_r,A,B,../../GraPPI_data/PDB/swap_pdbs/5CZF_l_1F47_r.pdb,0
1PD7_r_5B3H_l,A,B,../../GraPPI_data/PDB/swap_pdbs/1PD7_r_5B3H_l.pdb,0
1PD7_r_4DAY_l,A,B,../../GraPPI_data/PDB/swap_pdbs/1PD7_r_4DAY_l.pdb,0
1PD7_r_4REY_l,A,B,../../GraPPI_data/PDB/swap_pdbs/1PD7_r_4REY_l.pdb,0
1PD7_r_4QLP_l,A,B,../../GraPPI_data/PDB/swap_pdbs/1PD7_r_4QLP_l.pdb,0
1PD7_l_4PAS_r,A,B,../../GraPPI_data/PDB/swap_pdbs/1PD7_l_4PAS_r.pdb,0
1PD7_l_6FTO_r,"A,B",C,../../GraPPI_data/PDB/swap_pdbs/1PD7_l_6FTO_r.pdb,0
1PD7_l_4ZLT_r,A,B,../../GraPPI_data/PDB/swap_pdbs/1PD7_l_4ZLT_r.pdb,0
1PD7_l_5NVM_r,A,B,../../GraPPI_data/PDB/swap_pdbs/1PD7_l_5NVM_r.pdb,0
6G04_r_3T0Y_l,A,"B,C",../../GraPPI_data/PDB/swap_pdbs/6G04_r_3T0Y_l.pdb,0
6G04_r_5OO6_l,A,B,../../GraPPI_data/PDB/swap_pdbs/6G04_r_5OO6_l.pdb,0
6G04_r_3E2U_l,A,B,../../GraPPI_data/PDB/swap_pdbs/6G04_r_3E2U_l.pdb,0
6G04_r_6PLM_l,A,B,../../GraPPI_data/PDB/swap_pdbs/6G04_r_6PLM_l.pdb,0
6G04_l_1USU_r,A,B,../../GraPPI_data/PDB/swap_pdbs/6G04_l_1USU_r.pdb,0
6G04_l_6OB1_r,"A,B",C,../../GraPPI_data/PDB/swap_pdbs/6G04_l_6OB1_r.pdb,0
6G04_l_3L33_r,A,B,../../GraPPI_data/PDB/swap_pdbs/6G04_l_3L33_r.pdb,0
6G04_l_5O05_r,A,B,../../GraPPI_data/PDB/swap_pdbs/6G04_l_5O05_r.pdb,0
2FYL_r_1RPQ_l,A,B,../../GraPPI_data/PDB/swap_pdbs/2FYL_r_1RPQ_l.pdb,0
2FYL_r_2K3U_l,A,B,../../GraPPI_data/PDB/swap_pdbs/2FYL_r_2K3U_l.pdb,0
2FYL_r_4BQD_l,A,B,../../GraPPI_data/PDB/swap_pdbs/2FYL_r_4BQD_l.pdb,0
2FYL_r_4CU4_l,A,B,../../GraPPI_data/PDB/swap_pdbs/2FYL_r_4CU4_l.pdb,0
2FYL_l_1I51_r,"A,B",C,../../GraPPI_data/PDB/swap_pdbs/2FYL_l_1I51_r.pdb,0
2FYL_l_6FUD_r,A,B,../../GraPPI_data/PDB/swap_pdbs/2FYL_l_6FUD_r.pdb,0
2FYL_l_4RA0_r,A,B,../../GraPPI_data/PDB/swap_pdbs/2FYL_l_4RA0_r.pdb,0
2FYL_l_5K22_r,A,B,../../GraPPI_data/PDB/swap_pdbs/2FYL_l_5K22_r.pdb,0
3VEP_r_2H62_l,A,"B,C",../../GraPPI_data/PDB/swap_pdbs/3VEP_r_2H62_l.pdb,0
3VEP_r_2WP3_l,A,B,../../GraPPI_data/PDB/swap_pdbs/3VEP_r_2WP3_l.pdb,0
3VEP_r_5LP5_l,A,"B,C",../../GraPPI_data/PDB/swap_pdbs/3VEP_r_5LP5_l.pdb,0
3VEP_r_3W6J_l,A,"B,C",../../GraPPI_data/PDB/swap_pdbs/3VEP_r_3W6J_l.pdb,0
3VEP_l_2FYL_r,A,B,../../GraPPI_data/PDB/swap_pdbs/3VEP_l_2FYL_r.pdb,0
3VEP_l_2JZN_r,"A,B",C,../../GraPPI_data/PDB/swap_pdbs/3VEP_l_2JZN_r.pdb,0
3VEP_l_4I9X_r,"A,B",C,../../GraPPI_data/PDB/swap_pdbs/3VEP_l_4I9X_r.pdb,0
3VEP_l_3MJH_r,A,B,../../GraPPI_data/PDB/swap_pdbs/3VEP_l_3MJH_r.pdb,0
3T0Y_r_1VRK_l,"A,B",C,../../GraPPI_data/PDB/swap_pdbs/3T0Y_r_1VRK_l.pdb,0
3T0Y_r_1LQB_l,"A,B",C,../../GraPPI_data/PDB/swap_pdbs/3T0Y_r_1LQB_l.pdb,0
3T0Y_r_1UGH_l,"A,B",C,../../GraPPI_data/PDB/swap_pdbs/3T0Y_r_1UGH_l.pdb,0
3T0Y_r_6H7N_l,"A,B",C,../../GraPPI_data/PDB/swap_pdbs/3T0Y_r_6H7N_l.pdb,0
3T0Y_l_4FZV_r,A,"B,C",../../GraPPI_data/PDB/swap_pdbs/3T0Y_l_4FZV_r.pdb,0
3T0Y_l_3WA5_r,A,"B,C",../../GraPPI_data/PDB/swap_pdbs/3T0Y_l_3WA5_r.pdb,0
3T0Y_l_6JCS_r,A,"B,C",../../GraPPI_data/PDB/swap_pdbs/3T0Y_l_6JCS_r.pdb,0
3T0Y_l_4BQD_r,A,"B,C",../../GraPPI_data/PDB/swap_pdbs/3T0Y_l_4BQD_r.pdb,0
5TDY_r_6CH2_l,"A,B",C,../../GraPPI_data/PDB/swap_pdbs/5TDY_r_6CH2_l.pdb,0
5TDY_r_1CLV_l,"A,B",C,../../GraPPI_data/PDB/swap_pdbs/5TDY_r_1CLV_l.pdb,0
5TDY_r_5JJD_l,"A,B",C,../../GraPPI_data/PDB/swap_pdbs/5TDY_r_5JJD_l.pdb,0
5TDY_r_1TBA_l,"A,B",C,../../GraPPI_data/PDB/swap_pdbs/5TDY_r_1TBA_l.pdb,0
5TDY_l_1GXD_r,A,"B,C",../../GraPPI_data/PDB/swap_pdbs/5TDY_l_1GXD_r.pdb,0
5TDY_l_2AZE_r,A,"B,C",../../GraPPI_data/PDB/swap_pdbs/5TDY_l_2AZE_r.pdb,0
5TDY_l_4E6K_r,A,"B,C",../../GraPPI_data/PDB/swap_pdbs/5TDY_l_4E6K_r.pdb,0
5TDY_l_4XHU_r,A,"B,C",../../GraPPI_data/PDB/swap_pdbs/5TDY_l_4XHU_r.pdb,0
1L8C_r_6IB8_l,A,B,../../GraPPI_data/PDB/swap_pdbs/1L8C_r_6IB8_l.pdb,0
1L8C_r_2MRO_l,A,B,../../GraPPI_data/PDB/swap_pdbs/1L8C_r_2MRO_l.pdb,0
1L8C_r_1KBH_l,A,B,../../GraPPI_data/PDB/swap_pdbs/1L8C_r_1KBH_l.pdb,0
1L8C_r_4DT1_l,A,B,../../GraPPI_data/PDB/swap_pdbs/1L8C_r_4DT1_l.pdb,0
1L8C_l_3WRX_r,A,B,../../GraPPI_data/PDB/swap_pdbs/1L8C_l_3WRX_r.pdb,0
1L8C_l_5V52_r,A,B,../../GraPPI_data/PDB/swap_pdbs/1L8C_l_5V52_r.pdb,0
1L8C_l_3BX7_r,A,B,../../GraPPI_data/PDB/swap_pdbs/1L8C_l_3BX7_r.pdb,0
1L8C_l_6M7L_r,A,B,../../GraPPI_data/PDB/swap_pdbs/1L8C_l_6M7L_r.pdb,0
1YCS_r_2Q7N_l,A,B,../../GraPPI_data/PDB/swap_pdbs/1YCS_r_2Q7N_l.pdb,0
1YCS_r_3GC3_l,A,B,../../GraPPI_data/PDB/swap_pdbs/1YCS_r_3GC3_l.pdb,0
1YCS_r_1X1W_l,A,B,../../GraPPI_data/PDB/swap_pdbs/1YCS_r_1X1W_l.pdb,0
1YCS_r_6HT9_l,A,B,../../GraPPI_data/PDB/swap_pdbs/1YCS_r_6HT9_l.pdb,0
1YCS_l_1ZHI_r,A,B,../../GraPPI_data/PDB/swap_pdbs/1YCS_l_1ZHI_r.pdb,0
1YCS_l_1VET_r,A,B,../../GraPPI_data/PDB/swap_pdbs/1YCS_l_1VET_r.pdb,0
1YCS_l_1R6Q_r,A,B,../../GraPPI_data/PDB/swap_pdbs/1YCS_l_1R6Q_r.pdb,0
1YCS_l_6D13_r,A,B,../../GraPPI_data/PDB/swap_pdbs/1YCS_l_6D13_r.pdb,0
3KZ0_r_1NVU_l,A,B,../../GraPPI_data/PDB/swap_pdbs/3KZ0_r_1NVU_l.pdb,0
3KZ0_r_3L33_l,A,B,../../GraPPI_data/PDB/swap_pdbs/3KZ0_r_3L33_l.pdb,0
3KZ0_r_1GLA_l,A,B,../../GraPPI_data/PDB/swap_pdbs/3KZ0_r_1GLA_l.pdb,0
3KZ0_r_2WY2_l,A,B,../../GraPPI_data/PDB/swap_pdbs/3KZ0_r_2WY2_l.pdb,0
3KZ0_l_3UAI_r,A,B,../../GraPPI_data/PDB/swap_pdbs/3KZ0_l_3UAI_r.pdb,0
3KZ0_l_4H6J_r,A,B,../../GraPPI_data/PDB/swap_pdbs/3KZ0_l_4H6J_r.pdb,0
3KZ0_l_5KOF_r,"A,B",C,../../GraPPI_data/PDB/swap_pdbs/3KZ0_l_5KOF_r.pdb,0
3KZ0_l_4G6U_r,A,B,../../GraPPI_data/PDB/swap_pdbs/3KZ0_l_4G6U_r.pdb,0
2W84_r_3LB8_l,A,B,../../GraPPI_data/PDB/swap_pdbs/2W84_r_3LB8_l.pdb,0
2W84_r_1KKL_l,A,"B,C,D",../../GraPPI_data/PDB/swap_pdbs/2W84_r_1KKL_l.pdb,0
2W84_r_5TDY_l,A,"B,C",../../GraPPI_data/PDB/swap_pdbs/2W84_r_5TDY_l.pdb,0
2W84_r_5TZN_l,A,"B,C",../../GraPPI_data/PDB/swap_pdbs/2W84_r_5TZN_l.pdb,0
2W84_l_5OY9_r,A,B,../../GraPPI_data/PDB/swap_pdbs/2W84_l_5OY9_r.pdb,0
2W84_l_5FW5_r,"A,B",C,../../GraPPI_data/PDB/swap_pdbs/2W84_l_5FW5_r.pdb,0
2W84_l_4R8G_r,A,B,../../GraPPI_data/PDB/swap_pdbs/2W84_l_4R8G_r.pdb,0
2W84_l_6B12_r,A,B,../../GraPPI_data/PDB/swap_pdbs/2W84_l_6B12_r.pdb,0
3AON_r_3L33_l,A,B,../../GraPPI_data/PDB/swap_pdbs/3AON_r_3L33_l.pdb,0
3AON_r_3SSB_l,A,B,../../GraPPI_data/PDB/swap_pdbs/3AON_r_3SSB_l.pdb,0
3AON_r_5MJY_l,A,B,../../GraPPI_data/PDB/swap_pdbs/3AON_r_5MJY_l.pdb,0
3AON_r_4BKX_l,A,B,../../GraPPI_data/PDB/swap_pdbs/3AON_r_4BKX_l.pdb,0
3AON_l_3FXD_r,"A,B",C,../../GraPPI_data/PDB/swap_pdbs/3AON_l_3FXD_r.pdb,0
3AON_l_5CTR_r,A,B,../../GraPPI_data/PDB/swap_pdbs/3AON_l_5CTR_r.pdb,0
3AON_l_4P1N_r,"A,B",C,../../GraPPI_data/PDB/swap_pdbs/3AON_l_4P1N_r.pdb,0
3AON_l_5JJD_r,A,B,../../GraPPI_data/PDB/swap_pdbs/3AON_l_5JJD_r.pdb,0
2MAK_r_2DJY_l,"A,B",C,../../GraPPI_data/PDB/swap_pdbs/2MAK_r_2DJY_l.pdb,0
2MAK_r_5BT1_l,"A,B","C,D",../../GraPPI_data/PDB/swap_pdbs/2MAK_r_5BT1_l.pdb,0
2MAK_r_2KJ4_l,"A,B",C,../../GraPPI_data/PDB/swap_pdbs/2MAK_r_2KJ4_l.pdb,0
2MAK_r_6OAN_l,"A,B",C,../../GraPPI_data/PDB/swap_pdbs/2MAK_r_6OAN_l.pdb,0
2MAK_l_1LJ2_r,"A,B","C,D",../../GraPPI_data/PDB/swap_pdbs/2MAK_l_1LJ2_r.pdb,0
2MAK_l_4DKD_r,"A,B","C,D",../../GraPPI_data/PDB/swap_pdbs/2MAK_l_4DKD_r.pdb,0
2MAK_l_2W83_r,"A,B,C","D,E",../../GraPPI_data/PDB/swap_pdbs/2MAK_l_2W83_r.pdb,0
2MAK_l_1PD7_r,A,"B,C",../../GraPPI_data/PDB/swap_pdbs/2MAK_l_1PD7_r.pdb,0
3FXD_r_5XOD_l,"A,B",C,../../GraPPI_data/PDB/swap_pdbs/3FXD_r_5XOD_l.pdb,0
3FXD_r_4RJF_l,"A,B",C,../../GraPPI_data/PDB/swap_pdbs/3FXD_r_4RJF_l.pdb,0
3FXD_r_1JIW_l,"A,B",C,../../GraPPI_data/PDB/swap_pdbs/3FXD_r_1JIW_l.pdb,0
3FXD_r_2XBB_l,"A,B",C,../../GraPPI_data/PDB/swap_pdbs/3FXD_r_2XBB_l.pdb,0
3FXD_l_1ZE3_r,"A,B","C,D",../../GraPPI_data/PDB/swap_pdbs/3FXD_l_1ZE3_r.pdb,0
3FXD_l_3NCB_r,A,"B,C",../../GraPPI_data/PDB/swap_pdbs/3FXD_l_3NCB_r.pdb,0
3FXD_l_2AJF_r,A,"B,C",../../GraPPI_data/PDB/swap_pdbs/3FXD_l_2AJF_r.pdb,0
3FXD_l_1XDT_r,A,"B,C",../../GraPPI_data/PDB/swap_pdbs/3FXD_l_1XDT_r.pdb,0
5FVK_r_3KBT_l,A,B,../../GraPPI_data/PDB/swap_pdbs/5FVK_r_3KBT_l.pdb,0
5FVK_r_2AZE_l,A,"B,C",../../GraPPI_data/PDB/swap_pdbs/5FVK_r_2AZE_l.pdb,0
5FVK_r_3P8M_l,A,"B,C",../../GraPPI_data/PDB/swap_pdbs/5FVK_r_3P8M_l.pdb,0
5FVK_r_1JIW_l,A,B,../../GraPPI_data/PDB/swap_pdbs/5FVK_r_1JIW_l.pdb,0
5FVK_l_4AQE_r,A,B,../../GraPPI_data/PDB/swap_pdbs/5FVK_l_4AQE_r.pdb,0
5FVK_l_4HSA_r,A,B,../../GraPPI_data/PDB/swap_pdbs/5FVK_l_4HSA_r.pdb,0
5FVK_l_2I3T_r,A,B,../../GraPPI_data/PDB/swap_pdbs/5FVK_l_2I3T_r.pdb,0
5FVK_l_2OMY_r,A,B,../../GraPPI_data/PDB/swap_pdbs/5FVK_l_2OMY_r.pdb,0
3HTU_r_4JEU_l,A,B,../../GraPPI_data/PDB/swap_pdbs/3HTU_r_4JEU_l.pdb,0
3HTU_r_4DKD_l,A,B,../../GraPPI_data/PDB/swap_pdbs/3HTU_r_4DKD_l.pdb,0
3HTU_r_6RHW_l,A,B,../../GraPPI_data/PDB/swap_pdbs/3HTU_r_6RHW_l.pdb,0
3HTU_r_4ETW_l,A,B,../../GraPPI_data/PDB/swap_pdbs/3HTU_r_4ETW_l.pdb,0
3HTU_l_1GXD_r,A,B,../../GraPPI_data/PDB/swap_pdbs/3HTU_l_1GXD_r.pdb,0
3HTU_l_1OGY_r,A,B,../../GraPPI_data/PDB/swap_pdbs/3HTU_l_1OGY_r.pdb,0
3HTU_l_4P1N_r,"A,B",C,../../GraPPI_data/PDB/swap_pdbs/3HTU_l_4P1N_r.pdb,0
3HTU_l_2B7C_r,A,B,../../GraPPI_data/PDB/swap_pdbs/3HTU_l_2B7C_r.pdb,0
4PAS_r_5OC7_l,A,"B,C",../../GraPPI_data/PDB/swap_pdbs/4PAS_r_5OC7_l.pdb,0
4PAS_r_4HH3_l,A,B,../../GraPPI_data/PDB/swap_pdbs/4PAS_r_4HH3_l.pdb,0
4PAS_r_3U9D_l,A,B,../../GraPPI_data/PDB/swap_pdbs/4PAS_r_3U9D_l.pdb,0
4PAS_r_6OAN_l,A,B,../../GraPPI_data/PDB/swap_pdbs/4PAS_r_6OAN_l.pdb,0
4PAS_l_4I9X_r,"A,B",C,../../GraPPI_data/PDB/swap_pdbs/4PAS_l_4I9X_r.pdb,0
4PAS_l_4HH3_r,"A,B",C,../../GraPPI_data/PDB/swap_pdbs/4PAS_l_4HH3_r.pdb,0
4PAS_l_6IMF_r,A,B,../../GraPPI_data/PDB/swap_pdbs/4PAS_l_6IMF_r.pdb,0
4PAS_l_3OWT_r,"A,B",C,../../GraPPI_data/PDB/swap_pdbs/4PAS_l_3OWT_r.pdb,0
2LPB_r_3VEP_l,A,B,../../GraPPI_data/PDB/swap_pdbs/2LPB_r_3VEP_l.pdb,0
2LPB_r_5EJC_l,A,"B,C",../../GraPPI_data/PDB/swap_pdbs/2LPB_r_5EJC_l.pdb,0
2LPB_r_6D13_l,A,B,../../GraPPI_data/PDB/swap_pdbs/2LPB_r_6D13_l.pdb,0
2LPB_r_1WQJ_l,A,B,../../GraPPI_data/PDB/swap_pdbs/2LPB_r_1WQJ_l.pdb,0
2LPB_l_6BVA_r,"A,B",C,../../GraPPI_data/PDB/swap_pdbs/2LPB_l_6BVA_r.pdb,0
2LPB_l_1XU1_r,A,B,../../GraPPI_data/PDB/swap_pdbs/2LPB_l_1XU1_r.pdb,0
2LPB_l_3VEP_r,A,B,../../GraPPI_data/PDB/swap_pdbs/2LPB_l_3VEP_r.pdb,0
2LPB_l_5XNP_r,A,B,../../GraPPI_data/PDB/swap_pdbs/2LPB_l_5XNP_r.pdb,0
2LY4_r_6J9M_l,A,B,../../GraPPI_data/PDB/swap_pdbs/2LY4_r_6J9M_l.pdb,0
2LY4_r_2LP4_l,A,B,../../GraPPI_data/PDB/swap_pdbs/2LY4_r_2LP4_l.pdb,0
2LY4_r_2V8S_l,A,B,../../GraPPI_data/PDB/swap_pdbs/2LY4_r_2V8S_l.pdb,0
2LY4_r_2MKC_l,A,"B,C",../../GraPPI_data/PDB/swap_pdbs/2LY4_r_2MKC_l.pdb,0
2LY4_l_4IHL_r,"A,B",C,../../GraPPI_data/PDB/swap_pdbs/2LY4_l_4IHL_r.pdb,0
2LY4_l_3W6J_r,A,B,../../GraPPI_data/PDB/swap_pdbs/2LY4_l_3W6J_r.pdb,0
2LY4_l_5WQL_r,A,B,../../GraPPI_data/PDB/swap_pdbs/2LY4_l_5WQL_r.pdb,0
2LY4_l_3K1R_r,A,B,../../GraPPI_data/PDB/swap_pdbs/2LY4_l_3K1R_r.pdb,0
3ZRZ_r_5XDA_l,A,B,../../GraPPI_data/PDB/swap_pdbs/3ZRZ_r_5XDA_l.pdb,0
3ZRZ_r_2H62_l,A,"B,C",../../GraPPI_data/PDB/swap_pdbs/3ZRZ_r_2H62_l.pdb,0
3ZRZ_r_6EY6_l,A,B,../../GraPPI_data/PDB/swap_pdbs/3ZRZ_r_6EY6_l.pdb,0
3ZRZ_r_3K8P_l,A,B,../../GraPPI_data/PDB/swap_pdbs/3ZRZ_r_3K8P_l.pdb,0
3ZRZ_l_3Q4F_r,"A,B",C,../../GraPPI_data/PDB/swap_pdbs/3ZRZ_l_3Q4F_r.pdb,0
3ZRZ_l_2F9Z_r,A,B,../../GraPPI_data/PDB/swap_pdbs/3ZRZ_l_2F9Z_r.pdb,0
3ZRZ_l_5UN7_r,A,B,../../GraPPI_data/PDB/swap_pdbs/3ZRZ_l_5UN7_r.pdb,0
3ZRZ_l_5IIA_r,"A,B",C,../../GraPPI_data/PDB/swap_pdbs/3ZRZ_l_5IIA_r.pdb,0
2DJY_r_1L2W_l,A,"B,C",../../GraPPI_data/PDB/swap_pdbs/2DJY_r_1L2W_l.pdb,0
2DJY_r_5TL6_l,A,B,../../GraPPI_data/PDB/swap_pdbs/2DJY_r_5TL6_l.pdb,0
2DJY_r_3FXD_l,A,"B,C",../../GraPPI_data/PDB/swap_pdbs/2DJY_r_3FXD_l.pdb,0
2DJY_r_4HH3_l,A,B,../../GraPPI_data/PDB/swap_pdbs/2DJY_r_4HH3_l.pdb,0
2DJY_l_5JW7_r,A,B,../../GraPPI_data/PDB/swap_pdbs/2DJY_l_5JW7_r.pdb,0
2DJY_l_2K3U_r,A,B,../../GraPPI_data/PDB/swap_pdbs/2DJY_l_2K3U_r.pdb,0
2DJY_l_5KOF_r,"A,B",C,../../GraPPI_data/PDB/swap_pdbs/2DJY_l_5KOF_r.pdb,0
2DJY_l_2LKM_r,A,B,../../GraPPI_data/PDB/swap_pdbs/2DJY_l_2LKM_r.pdb,0
6OSW_r_6G04_l,A,B,../../GraPPI_data/PDB/swap_pdbs/6OSW_r_6G04_l.pdb,0
6OSW_r_1OGY_l,A,B,../../GraPPI_data/PDB/swap_pdbs/6OSW_r_1OGY_l.pdb,0
6OSW_r_5JJD_l,A,B,../../GraPPI_data/PDB/swap_pdbs/6OSW_r_5JJD_l.pdb,0
6OSW_r_4M6B_l,A,B,../../GraPPI_data/PDB/swap_pdbs/6OSW_r_4M6B_l.pdb,0
6OSW_l_4UYQ_r,A,B,../../GraPPI_data/PDB/swap_pdbs/6OSW_l_4UYQ_r.pdb,0
6OSW_l_4JEU_r,A,B,../../GraPPI_data/PDB/swap_pdbs/6OSW_l_4JEU_r.pdb,0
6OSW_l_4XHU_r,A,B,../../GraPPI_data/PDB/swap_pdbs/6OSW_l_4XHU_r.pdb,0
6OSW_l_2VDA_r,A,B,../../GraPPI_data/PDB/swap_pdbs/6OSW_l_2VDA_r.pdb,0
4BQD_r_1Y3B_l,A,B,../../GraPPI_data/PDB/swap_pdbs/4BQD_r_1Y3B_l.pdb,0
4BQD_r_6GD5_l,A,B,../../GraPPI_data/PDB/swap_pdbs/4BQD_r_6GD5_l.pdb,0
4BQD_r_4IYP_l,A,B,../../GraPPI_data/PDB/swap_pdbs/4BQD_r_4IYP_l.pdb,0
4BQD_r_3MZW_l,A,B,../../GraPPI_data/PDB/swap_pdbs/4BQD_r_3MZW_l.pdb,0
4BQD_l_3MZW_r,A,B,../../GraPPI_data/PDB/swap_pdbs/4BQD_l_3MZW_r.pdb,0
4BQD_l_1VRK_r,A,B,../../GraPPI_data/PDB/swap_pdbs/4BQD_l_1VRK_r.pdb,0
4BQD_l_1LQB_r,"A,B,C",D,../../GraPPI_data/PDB/swap_pdbs/4BQD_l_1LQB_r.pdb,0
4BQD_l_5XDA_r,A,B,../../GraPPI_data/PDB/swap_pdbs/4BQD_l_5XDA_r.pdb,0
2K3S_r_6G04_l,A,B,../../GraPPI_data/PDB/swap_pdbs/2K3S_r_6G04_l.pdb,0
2K3S_r_1HE8_l,A,B,../../GraPPI_data/PDB/swap_pdbs/2K3S_r_1HE8_l.pdb,0
2K3S_r_4AQE_l,A,B,../../GraPPI_data/PDB/swap_pdbs/2K3S_r_4AQE_l.pdb,0
2K3S_r_6J9M_l,A,B,../../GraPPI_data/PDB/swap_pdbs/2K3S_r_6J9M_l.pdb,0
2K3S_l_2W84_r,A,B,../../GraPPI_data/PDB/swap_pdbs/2K3S_l_2W84_r.pdb,0
2K3S_l_4BYF_r,A,B,../../GraPPI_data/PDB/swap_pdbs/2K3S_l_4BYF_r.pdb,0
2K3S_l_3QC8_r,A,B,../../GraPPI_data/PDB/swap_pdbs/2K3S_l_3QC8_r.pdb,0
2K3S_l_2VE7_r,A,B,../../GraPPI_data/PDB/swap_pdbs/2K3S_l_2VE7_r.pdb,0
2KRI_r_2K42_l,A,B,../../GraPPI_data/PDB/swap_pdbs/2KRI_r_2K42_l.pdb,0
2KRI_r_5O05_l,A,B,../../GraPPI_data/PDB/swap_pdbs/2KRI_r_5O05_l.pdb,0
2KRI_r_1L8C_l,A,B,../../GraPPI_data/PDB/swap_pdbs/2KRI_r_1L8C_l.pdb,0
2KRI_r_2Q0O_l,A,"B,C",../../GraPPI_data/PDB/swap_pdbs/2KRI_r_2Q0O_l.pdb,0
2KRI_l_2W83_r,"A,B,C",D,../../GraPPI_data/PDB/swap_pdbs/2KRI_l_2W83_r.pdb,0
2KRI_l_5OC7_r,"A,B",C,../../GraPPI_data/PDB/swap_pdbs/2KRI_l_5OC7_r.pdb,0
2KRI_l_5D28_r,"A,B",C,../../GraPPI_data/PDB/swap_pdbs/2KRI_l_5D28_r.pdb,0
2KRI_l_4R8G_r,A,B,../../GraPPI_data/PDB/swap_pdbs/2KRI_l_4R8G_r.pdb,0
6DSL_r_4BYF_l,A,B,../../GraPPI_data/PDB/swap_pdbs/6DSL_r_4BYF_l.pdb,0
6DSL_r_4XLW_l,A,B,../../GraPPI_data/PDB/swap_pdbs/6DSL_r_4XLW_l.pdb,0
6DSL_r_4ILG_l,A,"B,C",../../GraPPI_data/PDB/swap_pdbs/6DSL_r_4ILG_l.pdb,0
6DSL_r_2F6A_l,A,"B,C,D",../../GraPPI_data/PDB/swap_pdbs/6DSL_r_2F6A_l.pdb,0
6DSL_l_6PLM_r,A,B,../../GraPPI_data/PDB/swap_pdbs/6DSL_l_6PLM_r.pdb,0
6DSL_l_3KBT_r,A,B,../../GraPPI_data/PDB/swap_pdbs/6DSL_l_3KBT_r.pdb,0
6DSL_l_4U2X_r,A,B,../../GraPPI_data/PDB/swap_pdbs/6DSL_l_4U2X_r.pdb,0
6DSL_l_2PCC_r,A,B,../../GraPPI_data/PDB/swap_pdbs/6DSL_l_2PCC_r.pdb,0
1WQJ_r_3AJB_l,A,B,../../GraPPI_data/PDB/swap_pdbs/1WQJ_r_3AJB_l.pdb,0
1WQJ_r_4ZGY_l,A,B,../../GraPPI_data/PDB/swap_pdbs/1WQJ_r_4ZGY_l.pdb,0
1WQJ_r_4HSA_l,A,"B,C",../../GraPPI_data/PDB/swap_pdbs/1WQJ_r_4HSA_l.pdb,0
1WQJ_r_5CTR_l,A,B,../../GraPPI_data/PDB/swap_pdbs/1WQJ_r_5CTR_l.pdb,0
1WQJ_l_2XBB_r,A,B,../../GraPPI_data/PDB/swap_pdbs/1WQJ_l_2XBB_r.pdb,0
1WQJ_l_2F9Z_r,A,B,../../GraPPI_data/PDB/swap_pdbs/1WQJ_l_2F9Z_r.pdb,0
1WQJ_l_2B4J_r,A,B,../../GraPPI_data/PDB/swap_pdbs/1WQJ_l_2B4J_r.pdb,0
1WQJ_l_1HE8_r,A,B,../../GraPPI_data/PDB/swap_pdbs/1WQJ_l_1HE8_r.pdb,0
2L29_r_5JW7_l,A,B,../../GraPPI_data/PDB/swap_pdbs/2L29_r_5JW7_l.pdb,0
2L29_r_2LEH_l,A,B,../../GraPPI_data/PDB/swap_pdbs/2L29_r_2LEH_l.pdb,0
2L29_r_5EB1_l,A,"B,C",../../GraPPI_data/PDB/swap_pdbs/2L29_r_5EB1_l.pdb,0
2L29_r_5F5S_l,A,B,../../GraPPI_data/PDB/swap_pdbs/2L29_r_5F5S_l.pdb,0
2L29_l_5C6T_r,A,B,../../GraPPI_data/PDB/swap_pdbs/2L29_l_5C6T_r.pdb,0
2L29_l_3UZ0_r,A,B,../../GraPPI_data/PDB/swap_pdbs/2L29_l_3UZ0_r.pdb,0
2L29_l_4U2X_r,A,B,../../GraPPI_data/PDB/swap_pdbs/2L29_l_4U2X_r.pdb,0
2L29_l_3L33_r,A,B,../../GraPPI_data/PDB/swap_pdbs/2L29_l_3L33_r.pdb,0
5B77_r_4NOO_l,A,B,../../GraPPI_data/PDB/swap_pdbs/5B77_r_4NOO_l.pdb,0
5B77_r_5KOF_l,A,"B,C",../../GraPPI_data/PDB/swap_pdbs/5B77_r_5KOF_l.pdb,0
5B77_r_2ODG_l,A,"B,C",../../GraPPI_data/PDB/swap_pdbs/5B77_r_2ODG_l.pdb,0
5B77_r_4QLP_l,A,B,../../GraPPI_data/PDB/swap_pdbs/5B77_r_4QLP_l.pdb,0
5B77_l_6FTO_r,"A,B",C,../../GraPPI_data/PDB/swap_pdbs/5B77_l_6FTO_r.pdb,0
5B77_l_2F6A_r,"A,B",C,../../GraPPI_data/PDB/swap_pdbs/5B77_l_2F6A_r.pdb,0
5B77_l_3C4P_r,A,B,../../GraPPI_data/PDB/swap_pdbs/5B77_l_3C4P_r.pdb,0
5B77_l_2WP0_r,"A,B",C,../../GraPPI_data/PDB/swap_pdbs/5B77_l_2WP0_r.pdb,0
4ZGM_r_4DAY_l,A,B,../../GraPPI_data/PDB/swap_pdbs/4ZGM_r_4DAY_l.pdb,0
4ZGM_r_2LPB_l,A,B,../../GraPPI_data/PDB/swap_pdbs/4ZGM_r_2LPB_l.pdb,0
4ZGM_r_3QC8_l,A,B,../../GraPPI_data/PDB/swap_pdbs/4ZGM_r_3QC8_l.pdb,0
4ZGM_r_4H2S_l,A,"B,C",../../GraPPI_data/PDB/swap_pdbs/4ZGM_r_4H2S_l.pdb,0
4ZGM_l_2K3U_r,A,B,../../GraPPI_data/PDB/swap_pdbs/4ZGM_l_2K3U_r.pdb,0
4ZGM_l_4G6U_r,A,B,../../GraPPI_data/PDB/swap_pdbs/4ZGM_l_4G6U_r.pdb,0
4ZGM_l_4ZGY_r,A,B,../../GraPPI_data/PDB/swap_pdbs/4ZGM_l_4ZGY_r.pdb,0
4ZGM_l_2V8S_r,A,B,../../GraPPI_data/PDB/swap_pdbs/4ZGM_l_2V8S_r.pdb,0
6GD5_r_4G59_l,A,"B,C",../../GraPPI_data/PDB/swap_pdbs/6GD5_r_4G59_l.pdb,0
6GD5_r_3RZW_l,A,B,../../GraPPI_data/PDB/swap_pdbs/6GD5_r_3RZW_l.pdb,0
6GD5_r_4GLA_l,A,B,../../GraPPI_data/PDB/swap_pdbs/6GD5_r_4GLA_l.pdb,0
6GD5_r_4OVN_l,A,B,../../GraPPI_data/PDB/swap_pdbs/6GD5_r_4OVN_l.pdb,0
6GD5_l_4TQ0_r,A,B,../../GraPPI_data/PDB/swap_pdbs/6GD5_l_4TQ0_r.pdb,0
6GD5_l_1PD7_r,A,B,../../GraPPI_data/PDB/swap_pdbs/6GD5_l_1PD7_r.pdb,0
6GD5_l_4IKA_r,A,B,../../GraPPI_data/PDB/swap_pdbs/6GD5_l_4IKA_r.pdb,0
6GD5_l_2NYZ_r,A,B,../../GraPPI_data/PDB/swap_pdbs/6GD5_l_2NYZ_r.pdb,0
2XBB_r_4M6B_l,A,B,../../GraPPI_data/PDB/swap_pdbs/2XBB_r_4M6B_l.pdb,0
2XBB_r_4HGM_l,A,B,../../GraPPI_data/PDB/swap_pdbs/2XBB_r_4HGM_l.pdb,0
2XBB_r_5ZQV_l,A,B,../../GraPPI_data/PDB/swap_pdbs/2XBB_r_5ZQV_l.pdb,0
2XBB_r_3PC8_l,A,B,../../GraPPI_data/PDB/swap_pdbs/2XBB_r_3PC8_l.pdb,0
2XBB_l_1CLV_r,A,B,../../GraPPI_data/PDB/swap_pdbs/2XBB_l_1CLV_r.pdb,0
2XBB_l_1TBA_r,A,B,../../GraPPI_data/PDB/swap_pdbs/2XBB_l_1TBA_r.pdb,0
2XBB_l_2ODG_r,A,B,../../GraPPI_data/PDB/swap_pdbs/2XBB_l_2ODG_r.pdb,0
2XBB_l_6M7L_r,A,B,../../GraPPI_data/PDB/swap_pdbs/2XBB_l_6M7L_r.pdb,0
1YRU_r_3WWN_l,A,B,../../GraPPI_data/PDB/swap_pdbs/1YRU_r_3WWN_l.pdb,0
1YRU_r_1T01_l,A,B,../../GraPPI_data/PDB/swap_pdbs/1YRU_r_1T01_l.pdb,0
1YRU_r_6JWJ_l,A,B,../../GraPPI_data/PDB/swap_pdbs/1YRU_r_6JWJ_l.pdb,0
1YRU_r_4U2X_l,A,B,../../GraPPI_data/PDB/swap_pdbs/1YRU_r_4U2X_l.pdb,0
1YRU_l_3WA5_r,A,B,../../GraPPI_data/PDB/swap_pdbs/1YRU_l_3WA5_r.pdb,0
1YRU_l_2B4J_r,A,B,../../GraPPI_data/PDB/swap_pdbs/1YRU_l_2B4J_r.pdb,0
1YRU_l_2DJY_r,A,B,../../GraPPI_data/PDB/swap_pdbs/1YRU_l_2DJY_r.pdb,0
1YRU_l_4FZV_r,A,B,../../GraPPI_data/PDB/swap_pdbs/1YRU_l_4FZV_r.pdb,0
4C5G_r_2PHE_l,A,"B,C",../../GraPPI_data/PDB/swap_pdbs/4C5G_r_2PHE_l.pdb,0
4C5G_r_3T0Y_l,A,"B,C",../../GraPPI_data/PDB/swap_pdbs/4C5G_r_3T0Y_l.pdb,0
4C5G_r_3K75_l,A,B,../../GraPPI_data/PDB/swap_pdbs/4C5G_r_3K75_l.pdb,0
4C5G_r_4E6K_l,A,"B,C",../../GraPPI_data/PDB/swap_pdbs/4C5G_r_4E6K_l.pdb,0
4C5G_l_4ZKC_r,A,B,../../GraPPI_data/PDB/swap_pdbs/4C5G_l_4ZKC_r.pdb,0
4C5G_l_4N7V_r,"A,B",C,../../GraPPI_data/PDB/swap_pdbs/4C5G_l_4N7V_r.pdb,0
4C5G_l_3RZW_r,A,B,../../GraPPI_data/PDB/swap_pdbs/4C5G_l_3RZW_r.pdb,0
4C5G_l_1B41_r,A,B,../../GraPPI_data/PDB/swap_pdbs/4C5G_l_1B41_r.pdb,0
5UN5_r_4GLA_l,A,B,../../GraPPI_data/PDB/swap_pdbs/5UN5_r_4GLA_l.pdb,0
5UN5_r_3O6Q_l,A,"B,C",../../GraPPI_data/PDB/swap_pdbs/5UN5_r_3O6Q_l.pdb,0
5UN5_r_2AJF_l,A,B,../../GraPPI_data/PDB/swap_pdbs/5UN5_r_2AJF_l.pdb,0
5UN5_r_5BW7_l,A,B,../../GraPPI_data/PDB/swap_pdbs/5UN5_r_5BW7_l.pdb,0
5UN5_l_2LEH_r,A,B,../../GraPPI_data/PDB/swap_pdbs/5UN5_l_2LEH_r.pdb,0
5UN5_l_1ZE3_r,"A,B",C,../../GraPPI_data/PDB/swap_pdbs/5UN5_l_1ZE3_r.pdb,0
5UN5_l_2XBB_r,A,B,../../GraPPI_data/PDB/swap_pdbs/5UN5_l_2XBB_r.pdb,0
5UN5_l_3AJB_r,A,B,../../GraPPI_data/PDB/swap_pdbs/5UN5_l_3AJB_r.pdb,0
4W4L_r_5D28_l,"A,B","C,D",../../GraPPI_data/PDB/swap_pdbs/4W4L_r_5D28_l.pdb,0
4W4L_r_3W6J_l,"A,B","C,D",../../GraPPI_data/PDB/swap_pdbs/4W4L_r_3W6J_l.pdb,0
4W4L_r_4HEM_l,"A,B","C,D,E",../../GraPPI_data/PDB/swap_pdbs/4W4L_r_4HEM_l.pdb,0
4W4L_r_2MRO_l,"A,B",C,../../GraPPI_data/PDB/swap_pdbs/4W4L_r_2MRO_l.pdb,0
4W4L_l_2LEH_r,A,B,../../GraPPI_data/PDB/swap_pdbs/4W4L_l_2LEH_r.pdb,0
4W4L_l_1YCS_r,A,B,../../GraPPI_data/PDB/swap_pdbs/4W4L_l_1YCS_r.pdb,0
4W4L_l_6J4S_r,A,B,../../GraPPI_data/PDB/swap_pdbs/4W4L_l_6J4S_r.pdb,0
4W4L_l_5Z7L_r,"A,B",C,../../GraPPI_data/PDB/swap_pdbs/4W4L_l_5Z7L_r.pdb,0
3KBT_r_3KV4_l,A,B,../../GraPPI_data/PDB/swap_pdbs/3KBT_r_3KV4_l.pdb,0
3KBT_r_4YFD_l,A,B,../../GraPPI_data/PDB/swap_pdbs/3KBT_r_4YFD_l.pdb,0
3KBT_r_3U9D_l,A,B,../../GraPPI_data/PDB/swap_pdbs/3KBT_r_3U9D_l.pdb,0
3KBT_r_3KZ0_l,A,B,../../GraPPI_data/PDB/swap_pdbs/3KBT_r_3KZ0_l.pdb,0
3KBT_l_6H7N_r,A,B,../../GraPPI_data/PDB/swap_pdbs/3KBT_l_6H7N_r.pdb,0
3KBT_l_2Z3R_r,A,B,../../GraPPI_data/PDB/swap_pdbs/3KBT_l_2Z3R_r.pdb,0
3KBT_l_5FVK_r,A,B,../../GraPPI_data/PDB/swap_pdbs/3KBT_l_5FVK_r.pdb,0
3KBT_l_2VDA_r,A,B,../../GraPPI_data/PDB/swap_pdbs/3KBT_l_2VDA_r.pdb,0
5NT1_r_3H2U_l,A,"B,C",../../GraPPI_data/PDB/swap_pdbs/5NT1_r_3H2U_l.pdb,0
5NT1_r_4PLO_l,A,B,../../GraPPI_data/PDB/swap_pdbs/5NT1_r_4PLO_l.pdb,0
5NT1_r_4MRT_l,A,B,../../GraPPI_data/PDB/swap_pdbs/5NT1_r_4MRT_l.pdb,0
5NT1_r_1YRU_l,A,B,../../GraPPI_data/PDB/swap_pdbs/5NT1_r_1YRU_l.pdb,0
5NT1_l_1X1W_r,A,B,../../GraPPI_data/PDB/swap_pdbs/5NT1_l_1X1W_r.pdb,0
5NT1_l_5D28_r,"A,B",C,../../GraPPI_data/PDB/swap_pdbs/5NT1_l_5D28_r.pdb,0
5NT1_l_4PLO_r,A,B,../../GraPPI_data/PDB/swap_pdbs/5NT1_l_4PLO_r.pdb,0
5NT1_l_6HT9_r,A,B,../../GraPPI_data/PDB/swap_pdbs/5NT1_l_6HT9_r.pdb,0
3CQC_r_5VT9_l,A,"B,C",../../GraPPI_data/PDB/swap_pdbs/3CQC_r_5VT9_l.pdb,0
3CQC_r_5H7Y_l,A,B,../../GraPPI_data/PDB/swap_pdbs/3CQC_r_5H7Y_l.pdb,0
3CQC_r_2PHE_l,A,"B,C",../../GraPPI_data/PDB/swap_pdbs/3CQC_r_2PHE_l.pdb,0
3CQC_r_6B12_l,A,B,../../GraPPI_data/PDB/swap_pdbs/3CQC_r_6B12_l.pdb,0
3CQC_l_3K1R_r,A,B,../../GraPPI_data/PDB/swap_pdbs/3CQC_l_3K1R_r.pdb,0
3CQC_l_3K75_r,A,B,../../GraPPI_data/PDB/swap_pdbs/3CQC_l_3K75_r.pdb,0
3CQC_l_4FZV_r,A,B,../../GraPPI_data/PDB/swap_pdbs/3CQC_l_4FZV_r.pdb,0
3CQC_l_3KV4_r,A,B,../../GraPPI_data/PDB/swap_pdbs/3CQC_l_3KV4_r.pdb,0
2HRK_r_5Y4R_l,A,"B,C",../../GraPPI_data/PDB/swap_pdbs/2HRK_r_5Y4R_l.pdb,0
2HRK_r_4YFD_l,A,B,../../GraPPI_data/PDB/swap_pdbs/2HRK_r_4YFD_l.pdb,0
2HRK_r_4BQD_l,A,B,../../GraPPI_data/PDB/swap_pdbs/2HRK_r_4BQD_l.pdb,0
2HRK_r_3F7P_l,A,B,../../GraPPI_data/PDB/swap_pdbs/2HRK_r_3F7P_l.pdb,0
2HRK_l_4G6U_r,A,B,../../GraPPI_data/PDB/swap_pdbs/2HRK_l_4G6U_r.pdb,0
2HRK_l_5WPA_r,A,B,../../GraPPI_data/PDB/swap_pdbs/2HRK_l_5WPA_r.pdb,0
2HRK_l_1GO4_r,A,B,../../GraPPI_data/PDB/swap_pdbs/2HRK_l_1GO4_r.pdb,0
2HRK_l_1YCS_r,A,B,../../GraPPI_data/PDB/swap_pdbs/2HRK_l_1YCS_r.pdb,0
4U2X_r_1F47_l,A,B,../../GraPPI_data/PDB/swap_pdbs/4U2X_r_1F47_l.pdb,0
4U2X_r_6OAN_l,A,B,../../GraPPI_data/PDB/swap_pdbs/4U2X_r_6OAN_l.pdb,0
4U2X_r_6GHO_l,A,B,../../GraPPI_data/PDB/swap_pdbs/4U2X_r_6GHO_l.pdb,0
4U2X_r_4IOP_l,A,B,../../GraPPI_data/PDB/swap_pdbs/4U2X_r_4IOP_l.pdb,0
4U2X_l_1T0P_r,A,B,../../GraPPI_data/PDB/swap_pdbs/4U2X_l_1T0P_r.pdb,0
4U2X_l_6F9S_r,A,B,../../GraPPI_data/PDB/swap_pdbs/4U2X_l_6F9S_r.pdb,0
4U2X_l_4M6B_r,A,B,../../GraPPI_data/PDB/swap_pdbs/4U2X_l_4M6B_r.pdb,0
4U2X_l_2K5B_r,A,B,../../GraPPI_data/PDB/swap_pdbs/4U2X_l_2K5B_r.pdb,0
2V8S_r_5IIA_l,A,"B,C",../../GraPPI_data/PDB/swap_pdbs/2V8S_r_5IIA_l.pdb,0
2V8S_r_2WP3_l,A,B,../../GraPPI_data/PDB/swap_pdbs/2V8S_r_2WP3_l.pdb,0
2V8S_r_6F2G_l,A,B,../../GraPPI_data/PDB/swap_pdbs/2V8S_r_6F2G_l.pdb,0
2V8S_r_6J9M_l,A,B,../../GraPPI_data/PDB/swap_pdbs/2V8S_r_6J9M_l.pdb,0
2V8S_l_4C5G_r,A,B,../../GraPPI_data/PDB/swap_pdbs/2V8S_l_4C5G_r.pdb,0
2V8S_l_2X2D_r,A,B,../../GraPPI_data/PDB/swap_pdbs/2V8S_l_2X2D_r.pdb,0
2V8S_l_6G04_r,A,B,../../GraPPI_data/PDB/swap_pdbs/2V8S_l_6G04_r.pdb,0
2V8S_l_1HE8_r,A,B,../../GraPPI_data/PDB/swap_pdbs/2V8S_l_1HE8_r.pdb,0
3OAK_r_4HH3_l,A,B,../../GraPPI_data/PDB/swap_pdbs/3OAK_r_4HH3_l.pdb,0
3OAK_r_1GO4_l,A,B,../../GraPPI_data/PDB/swap_pdbs/3OAK_r_1GO4_l.pdb,0
3OAK_r_1JSP_l,A,B,../../GraPPI_data/PDB/swap_pdbs/3OAK_r_1JSP_l.pdb,0
3OAK_r_4UYQ_l,A,B,../../GraPPI_data/PDB/swap_pdbs/3OAK_r_4UYQ_l.pdb,0
3OAK_l_3UAI_r,A,B,../../GraPPI_data/PDB/swap_pdbs/3OAK_l_3UAI_r.pdb,0
3OAK_l_3RZW_r,A,B,../../GraPPI_data/PDB/swap_pdbs/3OAK_l_3RZW_r.pdb,0
3OAK_l_4ILG_r,A,B,../../GraPPI_data/PDB/swap_pdbs/3OAK_l_4ILG_r.pdb,0
3OAK_l_1W1W_r,"A,B",C,../../GraPPI_data/PDB/swap_pdbs/3OAK_l_1W1W_r.pdb,0
2LEH_r_2AJF_l,A,B,../../GraPPI_data/PDB/swap_pdbs/2LEH_r_2AJF_l.pdb,0
2LEH_r_3ZWH_l,A,B,../../GraPPI_data/PDB/swap_pdbs/2LEH_r_3ZWH_l.pdb,0
2LEH_r_4UYQ_l,A,B,../../GraPPI_data/PDB/swap_pdbs/2LEH_r_4UYQ_l.pdb,0
2LEH_r_2L29_l,A,B,../../GraPPI_data/PDB/swap_pdbs/2LEH_r_2L29_l.pdb,0
2LEH_l_6GVL_r,A,B,../../GraPPI_data/PDB/swap_pdbs/2LEH_l_6GVL_r.pdb,0
2LEH_l_2NQD_r,A,B,../../GraPPI_data/PDB/swap_pdbs/2LEH_l_2NQD_r.pdb,0
2LEH_l_3F4Y_r,"A,B,C",D,../../GraPPI_data/PDB/swap_pdbs/2LEH_l_3F4Y_r.pdb,0
2LEH_l_4HEM_r,"A,B,C",D,../../GraPPI_data/PDB/swap_pdbs/2LEH_l_4HEM_r.pdb,0
5F5S_r_2K05_l,A,"B,C",../../GraPPI_data/PDB/swap_pdbs/5F5S_r_2K05_l.pdb,0
5F5S_r_3F4Y_l,A,"B,C,D",../../GraPPI_data/PDB/swap_pdbs/5F5S_r_3F4Y_l.pdb,0
5F5S_r_2LKM_l,A,B,../../GraPPI_data/PDB/swap_pdbs/5F5S_r_2LKM_l.pdb,0
5F5S_r_4ZGY_l,A,B,../../GraPPI_data/PDB/swap_pdbs/5F5S_r_4ZGY_l.pdb,0
5F5S_l_2MLX_r,A,B,../../GraPPI_data/PDB/swap_pdbs/5F5S_l_2MLX_r.pdb,0
5F5S_l_4AYE_r,A,B,../../GraPPI_data/PDB/swap_pdbs/5F5S_l_4AYE_r.pdb,0
5F5S_l_3LB8_r,A,B,../../GraPPI_data/PDB/swap_pdbs/5F5S_l_3LB8_r.pdb,0
5F5S_l_4BPX_r,A,B,../../GraPPI_data/PDB/swap_pdbs/5F5S_l_4BPX_r.pdb,0
1USU_r_6OSW_l,A,B,../../GraPPI_data/PDB/swap_pdbs/1USU_r_6OSW_l.pdb,0
1USU_r_2OMY_l,A,B,../../GraPPI_data/PDB/swap_pdbs/1USU_r_2OMY_l.pdb,0
1USU_r_1VYT_l,A,B,../../GraPPI_data/PDB/swap_pdbs/1USU_r_1VYT_l.pdb,0
1USU_r_2WO2_l,A,B,../../GraPPI_data/PDB/swap_pdbs/1USU_r_2WO2_l.pdb,0
1USU_l_4IYP_r,A,B,../../GraPPI_data/PDB/swap_pdbs/1USU_l_4IYP_r.pdb,0
1USU_l_5B3H_r,"A,B",C,../../GraPPI_data/PDB/swap_pdbs/1USU_l_5B3H_r.pdb,0
1USU_l_6J4S_r,A,B,../../GraPPI_data/PDB/swap_pdbs/1USU_l_6J4S_r.pdb,0
1USU_l_2KJ4_r,A,B,../../GraPPI_data/PDB/swap_pdbs/1USU_l_2KJ4_r.pdb,0
3O6B_r_2LP4_l,A,B,../../GraPPI_data/PDB/swap_pdbs/3O6B_r_2LP4_l.pdb,0
3O6B_r_5XSQ_l,A,B,../../GraPPI_data/PDB/swap_pdbs/3O6B_r_5XSQ_l.pdb,0
3O6B_r_3ME2_l,A,B,../../GraPPI_data/PDB/swap_pdbs/3O6B_r_3ME2_l.pdb,0
3O6B_r_5FW5_l,A,B,../../GraPPI_data/PDB/swap_pdbs/3O6B_r_5FW5_l.pdb,0
3O6B_l_6H9N_r,A,B,../../GraPPI_data/PDB/swap_pdbs/3O6B_l_6H9N_r.pdb,0
3O6B_l_1WVE_r,A,B,../../GraPPI_data/PDB/swap_pdbs/3O6B_l_1WVE_r.pdb,0
3O6B_l_1Q68_r,A,B,../../GraPPI_data/PDB/swap_pdbs/3O6B_l_1Q68_r.pdb,0
3O6B_l_3TU3_r,A,B,../../GraPPI_data/PDB/swap_pdbs/3O6B_l_3TU3_r.pdb,0
4IYP_r_5WVO_l,A,B,../../GraPPI_data/PDB/swap_pdbs/4IYP_r_5WVO_l.pdb,0
4IYP_r_1GO4_l,A,B,../../GraPPI_data/PDB/swap_pdbs/4IYP_r_1GO4_l.pdb,0
4IYP_r_3DXD_l,A,B,../../GraPPI_data/PDB/swap_pdbs/4IYP_r_3DXD_l.pdb,0
4IYP_r_5UN5_l,A,B,../../GraPPI_data/PDB/swap_pdbs/4IYP_r_5UN5_l.pdb,0
4IYP_l_1KKL_r,A,B,../../GraPPI_data/PDB/swap_pdbs/4IYP_l_1KKL_r.pdb,0
4IYP_l_5MA6_r,A,B,../../GraPPI_data/PDB/swap_pdbs/4IYP_l_5MA6_r.pdb,0
4IYP_l_3MZW_r,A,B,../../GraPPI_data/PDB/swap_pdbs/4IYP_l_3MZW_r.pdb,0
4IYP_l_5MR5_r,A,B,../../GraPPI_data/PDB/swap_pdbs/4IYP_l_5MR5_r.pdb,0
6B12_r_2NYZ_l,A,"B,C",../../GraPPI_data/PDB/swap_pdbs/6B12_r_2NYZ_l.pdb,0
6B12_r_3FPU_l,A,B,../../GraPPI_data/PDB/swap_pdbs/6B12_r_3FPU_l.pdb,0
6B12_r_4R8G_l,A,"B,C,D",../../GraPPI_data/PDB/swap_pdbs/6B12_r_4R8G_l.pdb,0
6B12_r_5MA6_l,A,B,../../GraPPI_data/PDB/swap_pdbs/6B12_r_5MA6_l.pdb,0
6B12_l_5Y1Z_r,A,B,../../GraPPI_data/PDB/swap_pdbs/6B12_l_5Y1Z_r.pdb,0
6B12_l_2B7C_r,A,B,../../GraPPI_data/PDB/swap_pdbs/6B12_l_2B7C_r.pdb,0
6B12_l_3KZ0_r,A,B,../../GraPPI_data/PDB/swap_pdbs/6B12_l_3KZ0_r.pdb,0
6B12_l_2AJF_r,A,B,../../GraPPI_data/PDB/swap_pdbs/6B12_l_2AJF_r.pdb,0
6H7N_r_5WQL_l,A,B,../../GraPPI_data/PDB/swap_pdbs/6H7N_r_5WQL_l.pdb,0
6H7N_r_4C99_l,A,"B,C",../../GraPPI_data/PDB/swap_pdbs/6H7N_r_4C99_l.pdb,0
6H7N_r_2L29_l,A,B,../../GraPPI_data/PDB/swap_pdbs/6H7N_r_2L29_l.pdb,0
6H7N_r_1F3V_l,A,B,../../GraPPI_data/PDB/swap_pdbs/6H7N_r_1F3V_l.pdb,0
6H7N_l_1L2W_r,A,B,../../GraPPI_data/PDB/swap_pdbs/6H7N_l_1L2W_r.pdb,0
6H7N_l_5OY9_r,A,B,../../GraPPI_data/PDB/swap_pdbs/6H7N_l_5OY9_r.pdb,0
6H7N_l_3E2U_r,A,B,../../GraPPI_data/PDB/swap_pdbs/6H7N_l_3E2U_r.pdb,0
6H7N_l_4H2S_r,"A,B",C,../../GraPPI_data/PDB/swap_pdbs/6H7N_l_4H2S_r.pdb,0
6GBG_r_6DSL_l,A,B,../../GraPPI_data/PDB/swap_pdbs/6GBG_r_6DSL_l.pdb,0
6GBG_r_5VT9_l,A,"B,C",../../GraPPI_data/PDB/swap_pdbs/6GBG_r_5VT9_l.pdb,0
6GBG_r_4XHU_l,A,B,../../GraPPI_data/PDB/swap_pdbs/6GBG_r_4XHU_l.pdb,0
6GBG_r_6BX4_l,A,"B,C",../../GraPPI_data/PDB/swap_pdbs/6GBG_r_6BX4_l.pdb,0
6GBG_l_1EWY_r,A,B,../../GraPPI_data/PDB/swap_pdbs/6GBG_l_1EWY_r.pdb,0
6GBG_l_4HGM_r,A,B,../../GraPPI_data/PDB/swap_pdbs/6GBG_l_4HGM_r.pdb,0
6GBG_l_1XDT_r,A,B,../../GraPPI_data/PDB/swap_pdbs/6GBG_l_1XDT_r.pdb,0
6GBG_l_5XOD_r,A,B,../../GraPPI_data/PDB/swap_pdbs/6GBG_l_5XOD_r.pdb,0
1T01_r_1HCF_l,A,"B,C",../../GraPPI_data/PDB/swap_pdbs/1T01_r_1HCF_l.pdb,0
1T01_r_4PAS_l,A,B,../../GraPPI_data/PDB/swap_pdbs/1T01_r_4PAS_l.pdb,0
1T01_r_4UWQ_l,A,"B,C",../../GraPPI_data/PDB/swap_pdbs/1T01_r_4UWQ_l.pdb,0
1T01_r_2CJS_l,A,B,../../GraPPI_data/PDB/swap_pdbs/1T01_r_2CJS_l.pdb,0
1T01_l_3G7Z_r,"A,B",C,../../GraPPI_data/PDB/swap_pdbs/1T01_l_3G7Z_r.pdb,0
1T01_l_2OOR_r,A,B,../../GraPPI_data/PDB/swap_pdbs/1T01_l_2OOR_r.pdb,0
1T01_l_6IB8_r,"A,B",C,../../GraPPI_data/PDB/swap_pdbs/1T01_l_6IB8_r.pdb,0
1T01_l_5Z78_r,"A,B",C,../../GraPPI_data/PDB/swap_pdbs/1T01_l_5Z78_r.pdb,0
2K5B_r_3ZWZ_l,A,B,../../GraPPI_data/PDB/swap_pdbs/2K5B_r_3ZWZ_l.pdb,0
2K5B_r_1RPQ_l,A,B,../../GraPPI_data/PDB/swap_pdbs/2K5B_r_1RPQ_l.pdb,0
2K5B_r_3QS7_l,A,"B,C",../../GraPPI_data/PDB/swap_pdbs/2K5B_r_3QS7_l.pdb,0
2K5B_r_4NOO_l,A,B,../../GraPPI_data/PDB/swap_pdbs/2K5B_r_4NOO_l.pdb,0
2K5B_l_3O5T_r,A,B,../../GraPPI_data/PDB/swap_pdbs/2K5B_l_3O5T_r.pdb,0
2K5B_l_2WP3_r,A,B,../../GraPPI_data/PDB/swap_pdbs/2K5B_l_2WP3_r.pdb,0
2K5B_l_5TL6_r,A,B,../../GraPPI_data/PDB/swap_pdbs/2K5B_l_5TL6_r.pdb,0
2K5B_l_4J2L_r,"A,B",C,../../GraPPI_data/PDB/swap_pdbs/2K5B_l_4J2L_r.pdb,0
3SSB_r_4W4L_l,"A,B",C,../../GraPPI_data/PDB/swap_pdbs/3SSB_r_4W4L_l.pdb,0
3SSB_r_1WQJ_l,"A,B",C,../../GraPPI_data/PDB/swap_pdbs/3SSB_r_1WQJ_l.pdb,0
3SSB_r_1W1W_l,"A,B","C,D",../../GraPPI_data/PDB/swap_pdbs/3SSB_r_1W1W_l.pdb,0
3SSB_r_1LP1_l,"A,B",C,../../GraPPI_data/PDB/swap_pdbs/3SSB_r_1LP1_l.pdb,0
3SSB_l_5E6P_r,A,B,../../GraPPI_data/PDB/swap_pdbs/3SSB_l_5E6P_r.pdb,0
3SSB_l_1L8C_r,A,B,../../GraPPI_data/PDB/swap_pdbs/3SSB_l_1L8C_r.pdb,0
3SSB_l_6BVA_r,"A,B",C,../../GraPPI_data/PDB/swap_pdbs/3SSB_l_6BVA_r.pdb,0
3SSB_l_2OOR_r,A,B,../../GraPPI_data/PDB/swap_pdbs/3SSB_l_2OOR_r.pdb,0
3AJB_r_5WVO_l,A,B,../../GraPPI_data/PDB/swap_pdbs/3AJB_r_5WVO_l.pdb,0
3AJB_r_2X2D_l,A,B,../../GraPPI_data/PDB/swap_pdbs/3AJB_r_2X2D_l.pdb,0
3AJB_r_5K22_l,A,B,../../GraPPI_data/PDB/swap_pdbs/3AJB_r_5K22_l.pdb,0
3AJB_r_6IRE_l,A,B,../../GraPPI_data/PDB/swap_pdbs/3AJB_r_6IRE_l.pdb,0
3AJB_l_2AQ1_r,A,B,../../GraPPI_data/PDB/swap_pdbs/3AJB_l_2AQ1_r.pdb,0
3AJB_l_1L8C_r,A,B,../../GraPPI_data/PDB/swap_pdbs/3AJB_l_1L8C_r.pdb,0
3AJB_l_3F7P_r,A,B,../../GraPPI_data/PDB/swap_pdbs/3AJB_l_3F7P_r.pdb,0
3AJB_l_4A49_r,A,B,../../GraPPI_data/PDB/swap_pdbs/3AJB_l_4A49_r.pdb,0
5OY9_r_1HCF_l,A,"B,C",../../GraPPI_data/PDB/swap_pdbs/5OY9_r_1HCF_l.pdb,0
5OY9_r_5Z7L_l,A,"B,C",../../GraPPI_data/PDB/swap_pdbs/5OY9_r_5Z7L_l.pdb,0
5OY9_r_4G59_l,A,"B,C",../../GraPPI_data/PDB/swap_pdbs/5OY9_r_4G59_l.pdb,0
5OY9_r_3C4P_l,A,B,../../GraPPI_data/PDB/swap_pdbs/5OY9_r_3C4P_l.pdb,0
5OY9_l_3K8P_r,A,B,../../GraPPI_data/PDB/swap_pdbs/5OY9_l_3K8P_r.pdb,0
5OY9_l_6IMF_r,A,B,../../GraPPI_data/PDB/swap_pdbs/5OY9_l_6IMF_r.pdb,0
5OY9_l_4AYE_r,A,B,../../GraPPI_data/PDB/swap_pdbs/5OY9_l_4AYE_r.pdb,0
5OY9_l_2MAK_r,"A,B",C,../../GraPPI_data/PDB/swap_pdbs/5OY9_l_2MAK_r.pdb,0
6IM9_r_4DT1_l,A,B,../../GraPPI_data/PDB/swap_pdbs/6IM9_r_4DT1_l.pdb,0
6IM9_r_6FUD_l,A,B,../../GraPPI_data/PDB/swap_pdbs/6IM9_r_6FUD_l.pdb,0
6IM9_r_2LY4_l,A,B,../../GraPPI_data/PDB/swap_pdbs/6IM9_r_2LY4_l.pdb,0
6IM9_r_5LPU_l,A,"B,C",../../GraPPI_data/PDB/swap_pdbs/6IM9_r_5LPU_l.pdb,0
6IM9_l_1WVE_r,A,B,../../GraPPI_data/PDB/swap_pdbs/6IM9_l_1WVE_r.pdb,0
6IM9_l_1W1W_r,"A,B",C,../../GraPPI_data/PDB/swap_pdbs/6IM9_l_1W1W_r.pdb,0
6IM9_l_1NVU_r,A,B,../../GraPPI_data/PDB/swap_pdbs/6IM9_l_1NVU_r.pdb,0
6IM9_l_1RPQ_r,A,B,../../GraPPI_data/PDB/swap_pdbs/6IM9_l_1RPQ_r.pdb,0
3RT0_r_6OB1_l,A,B,../../GraPPI_data/PDB/swap_pdbs/3RT0_r_6OB1_l.pdb,0
3RT0_r_5WVO_l,A,B,../../GraPPI_data/PDB/swap_pdbs/3RT0_r_5WVO_l.pdb,0
3RT0_r_6FTO_l,A,B,../../GraPPI_data/PDB/swap_pdbs/3RT0_r_6FTO_l.pdb,0
3RT0_r_5E6P_l,A,B,../../GraPPI_data/PDB/swap_pdbs/3RT0_r_5E6P_l.pdb,0
3RT0_l_4ETW_r,A,B,../../GraPPI_data/PDB/swap_pdbs/3RT0_l_4ETW_r.pdb,0
3RT0_l_2ZVN_r,"A,B",C,../../GraPPI_data/PDB/swap_pdbs/3RT0_l_2ZVN_r.pdb,0
3RT0_l_5XOD_r,A,B,../../GraPPI_data/PDB/swap_pdbs/3RT0_l_5XOD_r.pdb,0
3RT0_l_5F5S_r,A,B,../../GraPPI_data/PDB/swap_pdbs/3RT0_l_5F5S_r.pdb,0
6PLM_r_6GHO_l,A,B,../../GraPPI_data/PDB/swap_pdbs/6PLM_r_6GHO_l.pdb,0
6PLM_r_2N73_l,A,B,../../GraPPI_data/PDB/swap_pdbs/6PLM_r_2N73_l.pdb,0
6PLM_r_4ETW_l,A,B,../../GraPPI_data/PDB/swap_pdbs/6PLM_r_4ETW_l.pdb,0
6PLM_r_4J2L_l,A,B,../../GraPPI_data/PDB/swap_pdbs/6PLM_r_4J2L_l.pdb,0
6PLM_l_2WY2_r,"A,B,C",D,../../GraPPI_data/PDB/swap_pdbs/6PLM_l_2WY2_r.pdb,0
6PLM_l_4I9X_r,"A,B",C,../../GraPPI_data/PDB/swap_pdbs/6PLM_l_4I9X_r.pdb,0
6PLM_l_5LPU_r,"A,B",C,../../GraPPI_data/PDB/swap_pdbs/6PLM_l_5LPU_r.pdb,0
6PLM_l_6JWJ_r,A,B,../../GraPPI_data/PDB/swap_pdbs/6PLM_l_6JWJ_r.pdb,0
5H9B_r_5CZF_l,A,B,../../GraPPI_data/PDB/swap_pdbs/5H9B_r_5CZF_l.pdb,0
5H9B_r_4N7V_l,A,B,../../GraPPI_data/PDB/swap_pdbs/5H9B_r_4N7V_l.pdb,0
5H9B_r_1I51_l,A,B,../../GraPPI_data/PDB/swap_pdbs/5H9B_r_1I51_l.pdb,0
5H9B_r_2MRO_l,A,B,../../GraPPI_data/PDB/swap_pdbs/5H9B_r_2MRO_l.pdb,0
5H9B_l_2LY4_r,A,B,../../GraPPI_data/PDB/swap_pdbs/5H9B_l_2LY4_r.pdb,0
5H9B_l_3OIQ_r,A,B,../../GraPPI_data/PDB/swap_pdbs/5H9B_l_3OIQ_r.pdb,0
5H9B_l_4UYQ_r,A,B,../../GraPPI_data/PDB/swap_pdbs/5H9B_l_4UYQ_r.pdb,0
5H9B_l_6OAN_r,A,B,../../GraPPI_data/PDB/swap_pdbs/5H9B_l_6OAN_r.pdb,0
6CH2_r_4N7V_l,A,B,../../GraPPI_data/PDB/swap_pdbs/6CH2_r_4N7V_l.pdb,0
6CH2_r_1T0P_l,A,B,../../GraPPI_data/PDB/swap_pdbs/6CH2_r_1T0P_l.pdb,0
6CH2_r_6J4S_l,A,B,../../GraPPI_data/PDB/swap_pdbs/6CH2_r_6J4S_l.pdb,0
6CH2_r_2LEH_l,A,B,../../GraPPI_data/PDB/swap_pdbs/6CH2_r_2LEH_l.pdb,0
6CH2_l_1XD3_r,A,B,../../GraPPI_data/PDB/swap_pdbs/6CH2_l_1XD3_r.pdb,0
6CH2_l_4RE1_r,A,B,../../GraPPI_data/PDB/swap_pdbs/6CH2_l_4RE1_r.pdb,0
6CH2_l_4MRT_r,A,B,../../GraPPI_data/PDB/swap_pdbs/6CH2_l_4MRT_r.pdb,0
6CH2_l_1HCF_r,A,B,../../GraPPI_data/PDB/swap_pdbs/6CH2_l_1HCF_r.pdb,0
1G0V_r_2OOR_l,A,"B,C",../../GraPPI_data/PDB/swap_pdbs/1G0V_r_2OOR_l.pdb,0
1G0V_r_5LP5_l,A,"B,C",../../GraPPI_data/PDB/swap_pdbs/1G0V_r_5LP5_l.pdb,0
1G0V_r_3O5T_l,A,B,../../GraPPI_data/PDB/swap_pdbs/1G0V_r_3O5T_l.pdb,0
1G0V_r_6IM9_l,A,B,../../GraPPI_data/PDB/swap_pdbs/1G0V_r_6IM9_l.pdb,0
1G0V_l_2K3S_r,A,B,../../GraPPI_data/PDB/swap_pdbs/1G0V_l_2K3S_r.pdb,0
1G0V_l_6BVA_r,"A,B",C,../../GraPPI_data/PDB/swap_pdbs/1G0V_l_6BVA_r.pdb,0
1G0V_l_3K75_r,A,B,../../GraPPI_data/PDB/swap_pdbs/1G0V_l_3K75_r.pdb,0
1G0V_l_1ZE3_r,"A,B",C,../../GraPPI_data/PDB/swap_pdbs/1G0V_l_1ZE3_r.pdb,0
4PW9_r_6PNQ_l,A,B,../../GraPPI_data/PDB/swap_pdbs/4PW9_r_6PNQ_l.pdb,0
4PW9_r_4E6K_l,A,"B,C",../../GraPPI_data/PDB/swap_pdbs/4PW9_r_4E6K_l.pdb,0
4PW9_r_2WBY_l,A,"B,C",../../GraPPI_data/PDB/swap_pdbs/4PW9_r_2WBY_l.pdb,0
4PW9_r_4KR0_l,A,B,../../GraPPI_data/PDB/swap_pdbs/4PW9_r_4KR0_l.pdb,0
4PW9_l_6FTO_r,"A,B",C,../../GraPPI_data/PDB/swap_pdbs/4PW9_l_6FTO_r.pdb,0
4PW9_l_1VET_r,A,B,../../GraPPI_data/PDB/swap_pdbs/4PW9_l_1VET_r.pdb,0
4PW9_l_5EJC_r,A,B,../../GraPPI_data/PDB/swap_pdbs/4PW9_l_5EJC_r.pdb,0
4PW9_l_1RPQ_r,A,B,../../GraPPI_data/PDB/swap_pdbs/4PW9_l_1RPQ_r.pdb,0
5XSQ_r_1QTY_l,A,"B,C",../../GraPPI_data/PDB/swap_pdbs/5XSQ_r_1QTY_l.pdb,0
5XSQ_r_4CU4_l,A,B,../../GraPPI_data/PDB/swap_pdbs/5XSQ_r_4CU4_l.pdb,0
5XSQ_r_3MZW_l,A,B,../../GraPPI_data/PDB/swap_pdbs/5XSQ_r_3MZW_l.pdb,0
5XSQ_r_1L2W_l,A,"B,C",../../GraPPI_data/PDB/swap_pdbs/5XSQ_r_1L2W_l.pdb,0
5XSQ_l_5TDY_r,"A,B",C,../../GraPPI_data/PDB/swap_pdbs/5XSQ_l_5TDY_r.pdb,0
5XSQ_l_3D1M_r,A,B,../../GraPPI_data/PDB/swap_pdbs/5XSQ_l_3D1M_r.pdb,0
5XSQ_l_6BX4_r,"A,B",C,../../GraPPI_data/PDB/swap_pdbs/5XSQ_l_6BX4_r.pdb,0
5XSQ_l_5GPG_r,A,B,../../GraPPI_data/PDB/swap_pdbs/5XSQ_l_5GPG_r.pdb,0
5KY4_r_3ZRZ_l,A,B,../../GraPPI_data/PDB/swap_pdbs/5KY4_r_3ZRZ_l.pdb,0
5KY4_r_2X2D_l,A,B,../../GraPPI_data/PDB/swap_pdbs/5KY4_r_2X2D_l.pdb,0
5KY4_r_3MZW_l,A,B,../../GraPPI_data/PDB/swap_pdbs/5KY4_r_3MZW_l.pdb,0
5KY4_r_1R6Q_l,A,B,../../GraPPI_data/PDB/swap_pdbs/5KY4_r_1R6Q_l.pdb,0
5KY4_l_4PP8_r,"A,B",C,../../GraPPI_data/PDB/swap_pdbs/5KY4_l_4PP8_r.pdb,0
5KY4_l_5UZU_r,A,B,../../GraPPI_data/PDB/swap_pdbs/5KY4_l_5UZU_r.pdb,0
5KY4_l_5E6P_r,A,B,../../GraPPI_data/PDB/swap_pdbs/5KY4_l_5E6P_r.pdb,0
5KY4_l_1UGH_r,A,B,../../GraPPI_data/PDB/swap_pdbs/5KY4_l_1UGH_r.pdb,0
4CT0_r_6OAN_l,A,B,../../GraPPI_data/PDB/swap_pdbs/4CT0_r_6OAN_l.pdb,0
4CT0_r_3ECH_l,A,B,../../GraPPI_data/PDB/swap_pdbs/4CT0_r_3ECH_l.pdb,0
4CT0_r_1F47_l,A,B,../../GraPPI_data/PDB/swap_pdbs/4CT0_r_1F47_l.pdb,0
4CT0_r_5B3H_l,A,B,../../GraPPI_data/PDB/swap_pdbs/4CT0_r_5B3H_l.pdb,0
4CT0_l_2NQD_r,A,B,../../GraPPI_data/PDB/swap_pdbs/4CT0_l_2NQD_r.pdb,0
4CT0_l_6EY6_r,"A,B",C,../../GraPPI_data/PDB/swap_pdbs/4CT0_l_6EY6_r.pdb,0
4CT0_l_3ME2_r,A,B,../../GraPPI_data/PDB/swap_pdbs/4CT0_l_3ME2_r.pdb,0
4CT0_l_1L8C_r,A,B,../../GraPPI_data/PDB/swap_pdbs/4CT0_l_1L8C_r.pdb,0
3K1R_r_3E2U_l,A,B,../../GraPPI_data/PDB/swap_pdbs/3K1R_r_3E2U_l.pdb,0
3K1R_r_5OSH_l,A,"B,C",../../GraPPI_data/PDB/swap_pdbs/3K1R_r_5OSH_l.pdb,0
3K1R_r_6EY6_l,A,B,../../GraPPI_data/PDB/swap_pdbs/3K1R_r_6EY6_l.pdb,0
3K1R_r_3RT0_l,A,B,../../GraPPI_data/PDB/swap_pdbs/3K1R_r_3RT0_l.pdb,0
3K1R_l_3VYR_r,A,B,../../GraPPI_data/PDB/swap_pdbs/3K1R_l_3VYR_r.pdb,0
3K1R_l_3UEZ_r,"A,B",C,../../GraPPI_data/PDB/swap_pdbs/3K1R_l_3UEZ_r.pdb,0
3K1R_l_3KBT_r,A,B,../../GraPPI_data/PDB/swap_pdbs/3K1R_l_3KBT_r.pdb,0
3K1R_l_4CPA_r,A,B,../../GraPPI_data/PDB/swap_pdbs/3K1R_l_4CPA_r.pdb,0
6IRE_r_2WBY_l,A,"B,C",../../GraPPI_data/PDB/swap_pdbs/6IRE_r_2WBY_l.pdb,0
6IRE_r_5WQL_l,A,B,../../GraPPI_data/PDB/swap_pdbs/6IRE_r_5WQL_l.pdb,0
6IRE_r_3ZS8_l,A,"B,C",../../GraPPI_data/PDB/swap_pdbs/6IRE_r_3ZS8_l.pdb,0
6IRE_r_1XD3_l,A,B,../../GraPPI_data/PDB/swap_pdbs/6IRE_r_1XD3_l.pdb,0
6IRE_l_3HTU_r,A,B,../../GraPPI_data/PDB/swap_pdbs/6IRE_l_3HTU_r.pdb,0
6IRE_l_6FUD_r,A,B,../../GraPPI_data/PDB/swap_pdbs/6IRE_l_6FUD_r.pdb,0
6IRE_l_3K1R_r,A,B,../../GraPPI_data/PDB/swap_pdbs/6IRE_l_3K1R_r.pdb,0
6IRE_l_4TQ0_r,A,B,../../GraPPI_data/PDB/swap_pdbs/6IRE_l_4TQ0_r.pdb,0
2X2D_r_4H2S_l,A,"B,C",../../GraPPI_data/PDB/swap_pdbs/2X2D_r_4H2S_l.pdb,0
2X2D_r_2HWN_l,A,B,../../GraPPI_data/PDB/swap_pdbs/2X2D_r_2HWN_l.pdb,0
2X2D_r_6GTQ_l,A,"B,C",../../GraPPI_data/PDB/swap_pdbs/2X2D_r_6GTQ_l.pdb,0
2X2D_r_4HEM_l,A,"B,C,D",../../GraPPI_data/PDB/swap_pdbs/2X2D_r_4HEM_l.pdb,0
2X2D_l_3Q4F_r,"A,B",C,../../GraPPI_data/PDB/swap_pdbs/2X2D_l_3Q4F_r.pdb,0
2X2D_l_5O05_r,A,B,../../GraPPI_data/PDB/swap_pdbs/2X2D_l_5O05_r.pdb,0
2X2D_l_1Y8N_r,A,B,../../GraPPI_data/PDB/swap_pdbs/2X2D_l_1Y8N_r.pdb,0
2X2D_l_5ITZ_r,A,B,../../GraPPI_data/PDB/swap_pdbs/2X2D_l_5ITZ_r.pdb,0
4C99_r_4APF_l,"A,B",C,../../GraPPI_data/PDB/swap_pdbs/4C99_r_4APF_l.pdb,0
4C99_r_4KT5_l,"A,B",C,../../GraPPI_data/PDB/swap_pdbs/4C99_r_4KT5_l.pdb,0
4C99_r_5KOF_l,"A,B","C,D",../../GraPPI_data/PDB/swap_pdbs/4C99_r_5KOF_l.pdb,0
4C99_r_6PLM_l,"A,B",C,../../GraPPI_data/PDB/swap_pdbs/4C99_r_6PLM_l.pdb,0
4C99_l_6RHW_r,"A,B","C,D",../../GraPPI_data/PDB/swap_pdbs/4C99_l_6RHW_r.pdb,0
4C99_l_5LZ6_r,A,"B,C",../../GraPPI_data/PDB/swap_pdbs/4C99_l_5LZ6_r.pdb,0
4C99_l_5V5H_r,A,"B,C",../../GraPPI_data/PDB/swap_pdbs/4C99_l_5V5H_r.pdb,0
4C99_l_5TOJ_r,A,"B,C",../../GraPPI_data/PDB/swap_pdbs/4C99_l_5TOJ_r.pdb,0
6HT9_r_3VZA_l,A,"B,C",../../GraPPI_data/PDB/swap_pdbs/6HT9_r_3VZA_l.pdb,0
6HT9_r_6MAV_l,A,B,../../GraPPI_data/PDB/swap_pdbs/6HT9_r_6MAV_l.pdb,0
6HT9_r_1YCS_l,A,B,../../GraPPI_data/PDB/swap_pdbs/6HT9_r_1YCS_l.pdb,0
6HT9_r_6M7L_l,A,B,../../GraPPI_data/PDB/swap_pdbs/6HT9_r_6M7L_l.pdb,0
6HT9_l_5BW7_r,"A,B",C,../../GraPPI_data/PDB/swap_pdbs/6HT9_l_5BW7_r.pdb,0
6HT9_l_1PK1_r,A,B,../../GraPPI_data/PDB/swap_pdbs/6HT9_l_1PK1_r.pdb,0
6HT9_l_5F1B_r,"A,B",C,../../GraPPI_data/PDB/swap_pdbs/6HT9_l_5F1B_r.pdb,0
6HT9_l_4HGM_r,A,B,../../GraPPI_data/PDB/swap_pdbs/6HT9_l_4HGM_r.pdb,0
1GXD_r_6IMF_l,A,B,../../GraPPI_data/PDB/swap_pdbs/1GXD_r_6IMF_l.pdb,0
1GXD_r_3UEZ_l,A,"B,C",../../GraPPI_data/PDB/swap_pdbs/1GXD_r_3UEZ_l.pdb,0
1GXD_r_4PP8_l,A,"B,C",../../GraPPI_data/PDB/swap_pdbs/1GXD_r_4PP8_l.pdb,0
1GXD_r_2B4J_l,A,"B,C",../../GraPPI_data/PDB/swap_pdbs/1GXD_r_2B4J_l.pdb,0
1GXD_l_4HGM_r,A,B,../../GraPPI_data/PDB/swap_pdbs/1GXD_l_4HGM_r.pdb,0
1GXD_l_6F3Z_r,A,B,../../GraPPI_data/PDB/swap_pdbs/1GXD_l_6F3Z_r.pdb,0
1GXD_l_5BT1_r,"A,B",C,../../GraPPI_data/PDB/swap_pdbs/1GXD_l_5BT1_r.pdb,0
1GXD_l_5XDA_r,A,B,../../GraPPI_data/PDB/swap_pdbs/1GXD_l_5XDA_r.pdb,0
6MAV_r_6GD5_l,A,B,../../GraPPI_data/PDB/swap_pdbs/6MAV_r_6GD5_l.pdb,0
6MAV_r_3D1M_l,A,B,../../GraPPI_data/PDB/swap_pdbs/6MAV_r_3D1M_l.pdb,0
6MAV_r_5IIA_l,A,"B,C",../../GraPPI_data/PDB/swap_pdbs/6MAV_r_5IIA_l.pdb,0
6MAV_r_6F2G_l,A,B,../../GraPPI_data/PDB/swap_pdbs/6MAV_r_6F2G_l.pdb,0
6MAV_l_1NVU_r,A,B,../../GraPPI_data/PDB/swap_pdbs/6MAV_l_1NVU_r.pdb,0
6MAV_l_3REB_r,A,B,../../GraPPI_data/PDB/swap_pdbs/6MAV_l_3REB_r.pdb,0
6MAV_l_6DSL_r,A,B,../../GraPPI_data/PDB/swap_pdbs/6MAV_l_6DSL_r.pdb,0
6MAV_l_4NOO_r,A,B,../../GraPPI_data/PDB/swap_pdbs/6MAV_l_4NOO_r.pdb,0
1JIW_r_5OMB_l,A,B,../../GraPPI_data/PDB/swap_pdbs/1JIW_r_5OMB_l.pdb,0
1JIW_r_1LJ2_l,A,"B,C",../../GraPPI_data/PDB/swap_pdbs/1JIW_r_1LJ2_l.pdb,0
1JIW_r_3AJB_l,A,B,../../GraPPI_data/PDB/swap_pdbs/1JIW_r_3AJB_l.pdb,0
1JIW_r_5D28_l,A,"B,C",../../GraPPI_data/PDB/swap_pdbs/1JIW_r_5D28_l.pdb,0
1JIW_l_5NVM_r,A,B,../../GraPPI_data/PDB/swap_pdbs/1JIW_l_5NVM_r.pdb,0
1JIW_l_1YRU_r,A,B,../../GraPPI_data/PDB/swap_pdbs/1JIW_l_1YRU_r.pdb,0
1JIW_l_1T0P_r,A,B,../../GraPPI_data/PDB/swap_pdbs/1JIW_l_1T0P_r.pdb,0
1JIW_l_6CH2_r,A,B,../../GraPPI_data/PDB/swap_pdbs/1JIW_l_6CH2_r.pdb,0
2WD5_r_5Y4R_l,A,"B,C",../../GraPPI_data/PDB/swap_pdbs/2WD5_r_5Y4R_l.pdb,0
2WD5_r_2QC1_l,A,B,../../GraPPI_data/PDB/swap_pdbs/2WD5_r_2QC1_l.pdb,0
2WD5_r_1L8C_l,A,B,../../GraPPI_data/PDB/swap_pdbs/2WD5_r_1L8C_l.pdb,0
2WD5_r_5OO6_l,A,B,../../GraPPI_data/PDB/swap_pdbs/2WD5_r_5OO6_l.pdb,0
2WD5_l_2VE7_r,A,B,../../GraPPI_data/PDB/swap_pdbs/2WD5_l_2VE7_r.pdb,0
2WD5_l_3P8M_r,"A,B",C,../../GraPPI_data/PDB/swap_pdbs/2WD5_l_3P8M_r.pdb,0
2WD5_l_5ITZ_r,A,B,../../GraPPI_data/PDB/swap_pdbs/2WD5_l_5ITZ_r.pdb,0
2WD5_l_4BQD_r,A,B,../../GraPPI_data/PDB/swap_pdbs/2WD5_l_4BQD_r.pdb,0
4QLP_r_3QS7_l,A,"B,C",../../GraPPI_data/PDB/swap_pdbs/4QLP_r_3QS7_l.pdb,0
4QLP_r_2L14_l,A,B,../../GraPPI_data/PDB/swap_pdbs/4QLP_r_2L14_l.pdb,0
4QLP_r_2H62_l,A,"B,C",../../GraPPI_data/PDB/swap_pdbs/4QLP_r_2H62_l.pdb,0
4QLP_r_1B41_l,A,B,../../GraPPI_data/PDB/swap_pdbs/4QLP_r_1B41_l.pdb,0
4QLP_l_6JHW_r,"A,B",C,../../GraPPI_data/PDB/swap_pdbs/4QLP_l_6JHW_r.pdb,0
4QLP_l_5XOD_r,A,B,../../GraPPI_data/PDB/swap_pdbs/4QLP_l_5XOD_r.pdb,0
4QLP_l_4IHL_r,"A,B",C,../../GraPPI_data/PDB/swap_pdbs/4QLP_l_4IHL_r.pdb,0
4QLP_l_3AON_r,A,B,../../GraPPI_data/PDB/swap_pdbs/4QLP_l_3AON_r.pdb,0
5DOB_r_2F6A_l,A,"B,C,D",../../GraPPI_data/PDB/swap_pdbs/5DOB_r_2F6A_l.pdb,0
5DOB_r_3AJB_l,A,B,../../GraPPI_data/PDB/swap_pdbs/5DOB_r_3AJB_l.pdb,0
5DOB_r_1WQJ_l,A,B,../../GraPPI_data/PDB/swap_pdbs/5DOB_r_1WQJ_l.pdb,0
5DOB_r_5JDO_l,A,"B,C",../../GraPPI_data/PDB/swap_pdbs/5DOB_r_5JDO_l.pdb,0
5DOB_l_4KR0_r,A,B,../../GraPPI_data/PDB/swap_pdbs/5DOB_l_4KR0_r.pdb,0
5DOB_l_4H2S_r,"A,B",C,../../GraPPI_data/PDB/swap_pdbs/5DOB_l_4H2S_r.pdb,0
5DOB_l_4KT5_r,"A,B",C,../../GraPPI_data/PDB/swap_pdbs/5DOB_l_4KT5_r.pdb,0
5DOB_l_2Z3R_r,A,B,../../GraPPI_data/PDB/swap_pdbs/5DOB_l_2Z3R_r.pdb,0
6D13_r_2HRK_l,A,B,../../GraPPI_data/PDB/swap_pdbs/6D13_r_2HRK_l.pdb,0
6D13_r_4DAY_l,A,B,../../GraPPI_data/PDB/swap_pdbs/6D13_r_4DAY_l.pdb,0
6D13_r_4C99_l,A,"B,C",../../GraPPI_data/PDB/swap_pdbs/6D13_r_4C99_l.pdb,0
6D13_r_1F3V_l,A,B,../../GraPPI_data/PDB/swap_pdbs/6D13_r_1F3V_l.pdb,0
6D13_l_5BT1_r,"A,B",C,../../GraPPI_data/PDB/swap_pdbs/6D13_l_5BT1_r.pdb,0
6D13_l_2LP0_r,A,B,../../GraPPI_data/PDB/swap_pdbs/6D13_l_2LP0_r.pdb,0
6D13_l_3DXD_r,A,B,../../GraPPI_data/PDB/swap_pdbs/6D13_l_3DXD_r.pdb,0
6D13_l_3W6J_r,A,B,../../GraPPI_data/PDB/swap_pdbs/6D13_l_3W6J_r.pdb,0
5F4E_r_5B77_l,A,B,../../GraPPI_data/PDB/swap_pdbs/5F4E_r_5B77_l.pdb,0
5F4E_r_5LZ6_l,A,B,../../GraPPI_data/PDB/swap_pdbs/5F4E_r_5LZ6_l.pdb,0
5F4E_r_3O6B_l,A,B,../../GraPPI_data/PDB/swap_pdbs/5F4E_r_3O6B_l.pdb,0
5F4E_r_3MJH_l,A,B,../../GraPPI_data/PDB/swap_pdbs/5F4E_r_3MJH_l.pdb,0
5F4E_l_5MA6_r,A,B,../../GraPPI_data/PDB/swap_pdbs/5F4E_l_5MA6_r.pdb,0
5F4E_l_2WY2_r,"A,B,C",D,../../GraPPI_data/PDB/swap_pdbs/5F4E_l_2WY2_r.pdb,0
5F4E_l_5OO6_r,"A,B",C,../../GraPPI_data/PDB/swap_pdbs/5F4E_l_5OO6_r.pdb,0
5F4E_l_1Y8N_r,A,B,../../GraPPI_data/PDB/swap_pdbs/5F4E_l_1Y8N_r.pdb,0
3BT1_r_3VEP_l,A,B,../../GraPPI_data/PDB/swap_pdbs/3BT1_r_3VEP_l.pdb,0
3BT1_r_4RA0_l,A,B,../../GraPPI_data/PDB/swap_pdbs/3BT1_r_4RA0_l.pdb,0
3BT1_r_5BT1_l,A,"B,C",../../GraPPI_data/PDB/swap_pdbs/3BT1_r_5BT1_l.pdb,0
3BT1_r_5MR5_l,A,B,../../GraPPI_data/PDB/swap_pdbs/3BT1_r_5MR5_l.pdb,0
3BT1_l_2MRO_r,A,B,../../GraPPI_data/PDB/swap_pdbs/3BT1_l_2MRO_r.pdb,0
3BT1_l_4XLW_r,A,B,../../GraPPI_data/PDB/swap_pdbs/3BT1_l_4XLW_r.pdb,0
3BT1_l_4ZGY_r,A,B,../../GraPPI_data/PDB/swap_pdbs/3BT1_l_4ZGY_r.pdb,0
3BT1_l_6M7L_r,A,B,../../GraPPI_data/PDB/swap_pdbs/3BT1_l_6M7L_r.pdb,0
1I51_r_4JEU_l,"A,B",C,../../GraPPI_data/PDB/swap_pdbs/1I51_r_4JEU_l.pdb,0
1I51_r_2GYK_l,"A,B",C,../../GraPPI_data/PDB/swap_pdbs/1I51_r_2GYK_l.pdb,0
1I51_r_3QS7_l,"A,B","C,D",../../GraPPI_data/PDB/swap_pdbs/1I51_r_3QS7_l.pdb,0
1I51_r_5FVK_l,"A,B",C,../../GraPPI_data/PDB/swap_pdbs/1I51_r_5FVK_l.pdb,0
1I51_l_5OSH_r,A,B,../../GraPPI_data/PDB/swap_pdbs/1I51_l_5OSH_r.pdb,0
1I51_l_4HH3_r,"A,B",C,../../GraPPI_data/PDB/swap_pdbs/1I51_l_4HH3_r.pdb,0
1I51_l_5MJY_r,"A,B",C,../../GraPPI_data/PDB/swap_pdbs/1I51_l_5MJY_r.pdb,0
1I51_l_3O6Q_r,"A,B",C,../../GraPPI_data/PDB/swap_pdbs/1I51_l_3O6Q_r.pdb,0
1T6B_r_1LP1_l,A,B,../../GraPPI_data/PDB/swap_pdbs/1T6B_r_1LP1_l.pdb,0
1T6B_r_1R6Q_l,A,B,../../GraPPI_data/PDB/swap_pdbs/1T6B_r_1R6Q_l.pdb,0
1T6B_r_3VYR_l,A,B,../../GraPPI_data/PDB/swap_pdbs/1T6B_r_3VYR_l.pdb,0
1T6B_r_3O6B_l,A,B,../../GraPPI_data/PDB/swap_pdbs/1T6B_r_3O6B_l.pdb,0
1T6B_l_3K1R_r,A,B,../../GraPPI_data/PDB/swap_pdbs/1T6B_l_3K1R_r.pdb,0
1T6B_l_3C4M_r,A,B,../../GraPPI_data/PDB/swap_pdbs/1T6B_l_3C4M_r.pdb,0
1T6B_l_3SZK_r,A,B,../../GraPPI_data/PDB/swap_pdbs/1T6B_l_3SZK_r.pdb,0
1T6B_l_4RA0_r,A,B,../../GraPPI_data/PDB/swap_pdbs/1T6B_l_4RA0_r.pdb,0
6RHW_r_5FVK_l,"A,B",C,../../GraPPI_data/PDB/swap_pdbs/6RHW_r_5FVK_l.pdb,0
6RHW_r_3FPU_l,"A,B",C,../../GraPPI_data/PDB/swap_pdbs/6RHW_r_3FPU_l.pdb,0
6RHW_r_5FW5_l,"A,B",C,../../GraPPI_data/PDB/swap_pdbs/6RHW_r_5FW5_l.pdb,0
6RHW_r_1KTZ_l,"A,B",C,../../GraPPI_data/PDB/swap_pdbs/6RHW_r_1KTZ_l.pdb,0
6RHW_l_5ITZ_r,A,B,../../GraPPI_data/PDB/swap_pdbs/6RHW_l_5ITZ_r.pdb,0
6RHW_l_1Y3B_r,A,B,../../GraPPI_data/PDB/swap_pdbs/6RHW_l_1Y3B_r.pdb,0
6RHW_l_2LP0_r,A,B,../../GraPPI_data/PDB/swap_pdbs/6RHW_l_2LP0_r.pdb,0
6RHW_l_2MRO_r,A,B,../../GraPPI_data/PDB/swap_pdbs/6RHW_l_2MRO_r.pdb,0
1T0P_r_4AYE_l,A,B,../../GraPPI_data/PDB/swap_pdbs/1T0P_r_4AYE_l.pdb,0
1T0P_r_5XOD_l,A,B,../../GraPPI_data/PDB/swap_pdbs/1T0P_r_5XOD_l.pdb,0
1T0P_r_5WPA_l,A,B,../../GraPPI_data/PDB/swap_pdbs/1T0P_r_5WPA_l.pdb,0
1T0P_r_6J4S_l,A,B,../../GraPPI_data/PDB/swap_pdbs/1T0P_r_6J4S_l.pdb,0
1T0P_l_1PD7_r,A,B,../../GraPPI_data/PDB/swap_pdbs/1T0P_l_1PD7_r.pdb,0
1T0P_l_3HTU_r,A,B,../../GraPPI_data/PDB/swap_pdbs/1T0P_l_3HTU_r.pdb,0
1T0P_l_3WRX_r,A,B,../../GraPPI_data/PDB/swap_pdbs/1T0P_l_3WRX_r.pdb,0
1T0P_l_3L33_r,A,B,../../GraPPI_data/PDB/swap_pdbs/1T0P_l_3L33_r.pdb,0
2O8V_r_3TU3_l,A,B,../../GraPPI_data/PDB/swap_pdbs/2O8V_r_3TU3_l.pdb,0
2O8V_r_3GC3_l,A,B,../../GraPPI_data/PDB/swap_pdbs/2O8V_r_3GC3_l.pdb,0
2O8V_r_3FXD_l,A,"B,C",../../GraPPI_data/PDB/swap_pdbs/2O8V_r_3FXD_l.pdb,0
2O8V_r_3UZ0_l,A,B,../../GraPPI_data/PDB/swap_pdbs/2O8V_r_3UZ0_l.pdb,0
2O8V_l_2NYZ_r,A,B,../../GraPPI_data/PDB/swap_pdbs/2O8V_l_2NYZ_r.pdb,0
2O8V_l_4JEU_r,A,B,../../GraPPI_data/PDB/swap_pdbs/2O8V_l_4JEU_r.pdb,0
2O8V_l_3REB_r,A,B,../../GraPPI_data/PDB/swap_pdbs/2O8V_l_3REB_r.pdb,0
2O8V_l_6IM9_r,A,B,../../GraPPI_data/PDB/swap_pdbs/2O8V_l_6IM9_r.pdb,0
4CPA_r_2WD5_l,A,B,../../GraPPI_data/PDB/swap_pdbs/4CPA_r_2WD5_l.pdb,0
4CPA_r_4UDM_l,A,B,../../GraPPI_data/PDB/swap_pdbs/4CPA_r_4UDM_l.pdb,0
4CPA_r_3AA0_l,A,B,../../GraPPI_data/PDB/swap_pdbs/4CPA_r_3AA0_l.pdb,0
4CPA_r_3C66_l,A,B,../../GraPPI_data/PDB/swap_pdbs/4CPA_r_3C66_l.pdb,0
4CPA_l_1F47_r,A,B,../../GraPPI_data/PDB/swap_pdbs/4CPA_l_1F47_r.pdb,0
4CPA_l_3MZW_r,A,B,../../GraPPI_data/PDB/swap_pdbs/4CPA_l_3MZW_r.pdb,0
4CPA_l_6IB8_r,"A,B",C,../../GraPPI_data/PDB/swap_pdbs/4CPA_l_6IB8_r.pdb,0
4CPA_l_5NT1_r,A,B,../../GraPPI_data/PDB/swap_pdbs/4CPA_l_5NT1_r.pdb,0
1UGH_r_4UWQ_l,A,"B,C",../../GraPPI_data/PDB/swap_pdbs/1UGH_r_4UWQ_l.pdb,0
1UGH_r_2O3B_l,A,B,../../GraPPI_data/PDB/swap_pdbs/1UGH_r_2O3B_l.pdb,0
1UGH_r_2Q7N_l,A,B,../../GraPPI_data/PDB/swap_pdbs/1UGH_r_2Q7N_l.pdb,0
1UGH_r_3LB8_l,A,B,../../GraPPI_data/PDB/swap_pdbs/1UGH_r_3LB8_l.pdb,0
1UGH_l_6D13_r,A,B,../../GraPPI_data/PDB/swap_pdbs/1UGH_l_6D13_r.pdb,0
1UGH_l_2WY2_r,"A,B,C",D,../../GraPPI_data/PDB/swap_pdbs/1UGH_l_2WY2_r.pdb,0
1UGH_l_5Y4R_r,"A,B",C,../../GraPPI_data/PDB/swap_pdbs/1UGH_l_5Y4R_r.pdb,0
1UGH_l_6FPG_r,A,B,../../GraPPI_data/PDB/swap_pdbs/1UGH_l_6FPG_r.pdb,0
1Y3B_r_2K3S_l,A,B,../../GraPPI_data/PDB/swap_pdbs/1Y3B_r_2K3S_l.pdb,0
1Y3B_r_5TZN_l,A,"B,C",../../GraPPI_data/PDB/swap_pdbs/1Y3B_r_5TZN_l.pdb,0
1Y3B_r_3E2U_l,A,B,../../GraPPI_data/PDB/swap_pdbs/1Y3B_r_3E2U_l.pdb,0
1Y3B_r_2OMY_l,A,B,../../GraPPI_data/PDB/swap_pdbs/1Y3B_r_2OMY_l.pdb,0
1Y3B_l_3SSB_r,"A,B",C,../../GraPPI_data/PDB/swap_pdbs/1Y3B_l_3SSB_r.pdb,0
1Y3B_l_3C4P_r,A,B,../../GraPPI_data/PDB/swap_pdbs/1Y3B_l_3C4P_r.pdb,0
1Y3B_l_6DSL_r,A,B,../../GraPPI_data/PDB/swap_pdbs/1Y3B_l_6DSL_r.pdb,0
1Y3B_l_4DAY_r,"A,B",C,../../GraPPI_data/PDB/swap_pdbs/1Y3B_l_4DAY_r.pdb,0
1VYT_r_2OOR_l,A,"B,C",../../GraPPI_data/PDB/swap_pdbs/1VYT_r_2OOR_l.pdb,0
1VYT_r_5OSH_l,A,"B,C",../../GraPPI_data/PDB/swap_pdbs/1VYT_r_5OSH_l.pdb,0
1VYT_r_3BOW_l,A,B,../../GraPPI_data/PDB/swap_pdbs/1VYT_r_3BOW_l.pdb,0
1VYT_r_3DXD_l,A,B,../../GraPPI_data/PDB/swap_pdbs/1VYT_r_3DXD_l.pdb,0
1VYT_l_5H9B_r,A,B,../../GraPPI_data/PDB/swap_pdbs/1VYT_l_5H9B_r.pdb,0
1VYT_l_5JW7_r,A,B,../../GraPPI_data/PDB/swap_pdbs/1VYT_l_5JW7_r.pdb,0
1VYT_l_4PLO_r,A,B,../../GraPPI_data/PDB/swap_pdbs/1VYT_l_4PLO_r.pdb,0
1VYT_l_1T6B_r,A,B,../../GraPPI_data/PDB/swap_pdbs/1VYT_l_1T6B_r.pdb,0
1NVU_r_2IY1_l,A,B,../../GraPPI_data/PDB/swap_pdbs/1NVU_r_2IY1_l.pdb,0
1NVU_r_3UZ0_l,A,B,../../GraPPI_data/PDB/swap_pdbs/1NVU_r_3UZ0_l.pdb,0
1NVU_r_2NQD_l,A,B,../../GraPPI_data/PDB/swap_pdbs/1NVU_r_2NQD_l.pdb,0
1NVU_r_2WO2_l,A,B,../../GraPPI_data/PDB/swap_pdbs/1NVU_r_2WO2_l.pdb,0
1NVU_l_5K22_r,A,B,../../GraPPI_data/PDB/swap_pdbs/1NVU_l_5K22_r.pdb,0
1NVU_l_3D1M_r,A,B,../../GraPPI_data/PDB/swap_pdbs/1NVU_l_3D1M_r.pdb,0
1NVU_l_4XHU_r,A,B,../../GraPPI_data/PDB/swap_pdbs/1NVU_l_4XHU_r.pdb,0
1NVU_l_5EJC_r,A,B,../../GraPPI_data/PDB/swap_pdbs/1NVU_l_5EJC_r.pdb,0
2B7C_r_4ILG_l,A,"B,C",../../GraPPI_data/PDB/swap_pdbs/2B7C_r_4ILG_l.pdb,0
2B7C_r_4RJF_l,A,B,../../GraPPI_data/PDB/swap_pdbs/2B7C_r_4RJF_l.pdb,0
2B7C_r_3KZ0_l,A,B,../../GraPPI_data/PDB/swap_pdbs/2B7C_r_3KZ0_l.pdb,0
2B7C_r_3PC8_l,A,B,../../GraPPI_data/PDB/swap_pdbs/2B7C_r_3PC8_l.pdb,0
2B7C_l_3OJ2_r,A,B,../../GraPPI_data/PDB/swap_pdbs/2B7C_l_3OJ2_r.pdb,0
2B7C_l_2MLX_r,A,B,../../GraPPI_data/PDB/swap_pdbs/2B7C_l_2MLX_r.pdb,0
2B7C_l_2AQ1_r,A,B,../../GraPPI_data/PDB/swap_pdbs/2B7C_l_2AQ1_r.pdb,0
2B7C_l_2GOX_r,A,B,../../GraPPI_data/PDB/swap_pdbs/2B7C_l_2GOX_r.pdb,0
3MJH_r_1B41_l,A,B,../../GraPPI_data/PDB/swap_pdbs/3MJH_r_1B41_l.pdb,0
3MJH_r_3AJB_l,A,B,../../GraPPI_data/PDB/swap_pdbs/3MJH_r_3AJB_l.pdb,0
3MJH_r_5F5S_l,A,B,../../GraPPI_data/PDB/swap_pdbs/3MJH_r_5F5S_l.pdb,0
3MJH_r_3WWN_l,A,B,../../GraPPI_data/PDB/swap_pdbs/3MJH_r_3WWN_l.pdb,0
3MJH_l_6F9S_r,A,B,../../GraPPI_data/PDB/swap_pdbs/3MJH_l_6F9S_r.pdb,0
3MJH_l_3U9D_r,A,B,../../GraPPI_data/PDB/swap_pdbs/3MJH_l_3U9D_r.pdb,0
3MJH_l_5KY4_r,A,B,../../GraPPI_data/PDB/swap_pdbs/3MJH_l_5KY4_r.pdb,0
3MJH_l_2O8V_r,A,B,../../GraPPI_data/PDB/swap_pdbs/3MJH_l_2O8V_r.pdb,0
2LP4_r_5TOJ_l,A,B,../../GraPPI_data/PDB/swap_pdbs/2LP4_r_5TOJ_l.pdb,0
2LP4_r_1XD3_l,A,B,../../GraPPI_data/PDB/swap_pdbs/2LP4_r_1XD3_l.pdb,0
2LP4_r_3KBT_l,A,B,../../GraPPI_data/PDB/swap_pdbs/2LP4_r_3KBT_l.pdb,0
2LP4_r_3SZK_l,A,"B,C",../../GraPPI_data/PDB/swap_pdbs/2LP4_r_3SZK_l.pdb,0
2LP4_l_1X1W_r,A,B,../../GraPPI_data/PDB/swap_pdbs/2LP4_l_1X1W_r.pdb,0
2LP4_l_6F3Z_r,A,B,../../GraPPI_data/PDB/swap_pdbs/2LP4_l_6F3Z_r.pdb,0
2LP4_l_3PC8_r,A,B,../../GraPPI_data/PDB/swap_pdbs/2LP4_l_3PC8_r.pdb,0
2LP4_l_1PD7_r,A,B,../../GraPPI_data/PDB/swap_pdbs/2LP4_l_1PD7_r.pdb,0
2W83_r_6FTO_l,"A,B,C",D,../../GraPPI_data/PDB/swap_pdbs/2W83_r_6FTO_l.pdb,0
2W83_r_5LPU_l,"A,B,C","D,E",../../GraPPI_data/PDB/swap_pdbs/2W83_r_5LPU_l.pdb,0
2W83_r_5H7Y_l,"A,B,C",D,../../GraPPI_data/PDB/swap_pdbs/2W83_r_5H7Y_l.pdb,0
2W83_r_4BYF_l,"A,B,C",D,../../GraPPI_data/PDB/swap_pdbs/2W83_r_4BYF_l.pdb,0
2W83_l_4E6K_r,A,"B,C",../../GraPPI_data/PDB/swap_pdbs/2W83_l_4E6K_r.pdb,0
2W83_l_4IKA_r,A,"B,C",../../GraPPI_data/PDB/swap_pdbs/2W83_l_4IKA_r.pdb,0
2W83_l_4PP8_r,"A,B","C,D",../../GraPPI_data/PDB/swap_pdbs/2W83_l_4PP8_r.pdb,0
2W83_l_6OSW_r,A,"B,C",../../GraPPI_data/PDB/swap_pdbs/2W83_l_6OSW_r.pdb,0
5K22_r_2IY1_l,A,B,../../GraPPI_data/PDB/swap_pdbs/5K22_r_2IY1_l.pdb,0
5K22_r_1VYT_l,A,B,../../GraPPI_data/PDB/swap_pdbs/5K22_r_1VYT_l.pdb,0
5K22_r_6FTO_l,A,B,../../GraPPI_data/PDB/swap_pdbs/5K22_r_6FTO_l.pdb,0
5K22_r_5UZU_l,A,B,../../GraPPI_data/PDB/swap_pdbs/5K22_r_5UZU_l.pdb,0
5K22_l_6F3Z_r,A,B,../../GraPPI_data/PDB/swap_pdbs/5K22_l_6F3Z_r.pdb,0
5K22_l_4DKD_r,"A,B",C,../../GraPPI_data/PDB/swap_pdbs/5K22_l_4DKD_r.pdb,0
5K22_l_4UWQ_r,A,B,../../GraPPI_data/PDB/swap_pdbs/5K22_l_4UWQ_r.pdb,0
5K22_l_6J9M_r,"A,B",C,../../GraPPI_data/PDB/swap_pdbs/5K22_l_6J9M_r.pdb,0
4BKX_r_3AON_l,A,B,../../GraPPI_data/PDB/swap_pdbs/4BKX_r_3AON_l.pdb,0
4BKX_r_2GOX_l,A,B,../../GraPPI_data/PDB/swap_pdbs/4BKX_r_2GOX_l.pdb,0
4BKX_r_4HH3_l,A,B,../../GraPPI_data/PDB/swap_pdbs/4BKX_r_4HH3_l.pdb,0
4BKX_r_4KR0_l,A,B,../../GraPPI_data/PDB/swap_pdbs/4BKX_r_4KR0_l.pdb,0
4BKX_l_4DT1_r,A,B,../../GraPPI_data/PDB/swap_pdbs/4BKX_l_4DT1_r.pdb,0
4BKX_l_4H6J_r,A,B,../../GraPPI_data/PDB/swap_pdbs/4BKX_l_4H6J_r.pdb,0
4BKX_l_2NQD_r,A,B,../../GraPPI_data/PDB/swap_pdbs/4BKX_l_2NQD_r.pdb,0
4BKX_l_4BYF_r,A,B,../../GraPPI_data/PDB/swap_pdbs/4BKX_l_4BYF_r.pdb,0
6F9S_r_6GTQ_l,A,"B,C",../../GraPPI_data/PDB/swap_pdbs/6F9S_r_6GTQ_l.pdb,0
6F9S_r_5H7Y_l,A,B,../../GraPPI_data/PDB/swap_pdbs/6F9S_r_5H7Y_l.pdb,0
6F9S_r_5EJC_l,A,"B,C",../../GraPPI_data/PDB/swap_pdbs/6F9S_r_5EJC_l.pdb,0
6F9S_r_1GLA_l,A,B,../../GraPPI_data/PDB/swap_pdbs/6F9S_r_1GLA_l.pdb,0
6F9S_l_2WBY_r,A,B,../../GraPPI_data/PDB/swap_pdbs/6F9S_l_2WBY_r.pdb,0
6F9S_l_5TZN_r,"A,B",C,../../GraPPI_data/PDB/swap_pdbs/6F9S_l_5TZN_r.pdb,0
6F9S_l_2DJY_r,A,B,../../GraPPI_data/PDB/swap_pdbs/6F9S_l_2DJY_r.pdb,0
6F9S_l_3AON_r,A,B,../../GraPPI_data/PDB/swap_pdbs/6F9S_l_3AON_r.pdb,0
2JZN_r_5XNP_l,"A,B",C,../../GraPPI_data/PDB/swap_pdbs/2JZN_r_5XNP_l.pdb,0
2JZN_r_4C5G_l,"A,B",C,../../GraPPI_data/PDB/swap_pdbs/2JZN_r_4C5G_l.pdb,0
2JZN_r_6QMS_l,"A,B",C,../../GraPPI_data/PDB/swap_pdbs/2JZN_r_6QMS_l.pdb,0
2JZN_r_5ZQV_l,"A,B",C,../../GraPPI_data/PDB/swap_pdbs/2JZN_r_5ZQV_l.pdb,0
2JZN_l_2ZVN_r,"A,B",C,../../GraPPI_data/PDB/swap_pdbs/2JZN_l_2ZVN_r.pdb,0
2JZN_l_6JCS_r,A,B,../../GraPPI_data/PDB/swap_pdbs/2JZN_l_6JCS_r.pdb,0
2JZN_l_3K8P_r,A,B,../../GraPPI_data/PDB/swap_pdbs/2JZN_l_3K8P_r.pdb,0
2JZN_l_3SSB_r,"A,B",C,../../GraPPI_data/PDB/swap_pdbs/2JZN_l_3SSB_r.pdb,0
2J7P_r_5ITZ_l,A,"B,C,D",../../GraPPI_data/PDB/swap_pdbs/2J7P_r_5ITZ_l.pdb,0
2J7P_r_2O8V_l,A,B,../../GraPPI_data/PDB/swap_pdbs/2J7P_r_2O8V_l.pdb,0
2J7P_r_3DXD_l,A,B,../../GraPPI_data/PDB/swap_pdbs/2J7P_r_3DXD_l.pdb,0
2J7P_r_5TL6_l,A,B,../../GraPPI_data/PDB/swap_pdbs/2J7P_r_5TL6_l.pdb,0
2J7P_l_2Z3R_r,A,B,../../GraPPI_data/PDB/swap_pdbs/2J7P_l_2Z3R_r.pdb,0
2J7P_l_2PHE_r,A,B,../../GraPPI_data/PDB/swap_pdbs/2J7P_l_2PHE_r.pdb,0
2J7P_l_2L29_r,A,B,../../GraPPI_data/PDB/swap_pdbs/2J7P_l_2L29_r.pdb,0
2J7P_l_1Y8N_r,A,B,../../GraPPI_data/PDB/swap_pdbs/2J7P_l_1Y8N_r.pdb,0
3WWN_r_2Q0O_l,A,"B,C",../../GraPPI_data/PDB/swap_pdbs/3WWN_r_2Q0O_l.pdb,0
3WWN_r_6NFJ_l,A,B,../../GraPPI_data/PDB/swap_pdbs/3WWN_r_6NFJ_l.pdb,0
3WWN_r_5NT1_l,A,B,../../GraPPI_data/PDB/swap_pdbs/3WWN_r_5NT1_l.pdb,0
3WWN_r_5V52_l,A,B,../../GraPPI_data/PDB/swap_pdbs/3WWN_r_5V52_l.pdb,0
3WWN_l_5EB1_r,"A,B",C,../../GraPPI_data/PDB/swap_pdbs/3WWN_l_5EB1_r.pdb,0
3WWN_l_4REY_r,A,B,../../GraPPI_data/PDB/swap_pdbs/3WWN_l_4REY_r.pdb,0
3WWN_l_2GAF_r,A,B,../../GraPPI_data/PDB/swap_pdbs/3WWN_l_2GAF_r.pdb,0
3WWN_l_2GYK_r,A,B,../../GraPPI_data/PDB/swap_pdbs/3WWN_l_2GYK_r.pdb,0
1B41_r_1KTZ_l,A,B,../../GraPPI_data/PDB/swap_pdbs/1B41_r_1KTZ_l.pdb,0
1B41_r_5WPA_l,A,B,../../GraPPI_data/PDB/swap_pdbs/1B41_r_5WPA_l.pdb,0
1B41_r_3K1R_l,A,B,../../GraPPI_data/PDB/swap_pdbs/1B41_r_3K1R_l.pdb,0
1B41_r_3G7Z_l,A,"B,C",../../GraPPI_data/PDB/swap_pdbs/1B41_r_3G7Z_l.pdb,0
1B41_l_4OVN_r,A,B,../../GraPPI_data/PDB/swap_pdbs/1B41_l_4OVN_r.pdb,0
1B41_l_1T6B_r,A,B,../../GraPPI_data/PDB/swap_pdbs/1B41_l_1T6B_r.pdb,0
1B41_l_1VRK_r,A,B,../../GraPPI_data/PDB/swap_pdbs/1B41_l_1VRK_r.pdb,0
1B41_l_2PHE_r,A,B,../../GraPPI_data/PDB/swap_pdbs/1B41_l_2PHE_r.pdb,0
4ETW_r_1USU_l,A,B,../../GraPPI_data/PDB/swap_pdbs/4ETW_r_1USU_l.pdb,0
4ETW_r_2OOR_l,A,"B,C",../../GraPPI_data/PDB/swap_pdbs/4ETW_r_2OOR_l.pdb,0
4ETW_r_5CTR_l,A,B,../../GraPPI_data/PDB/swap_pdbs/4ETW_r_5CTR_l.pdb,0
4ETW_r_4DAY_l,A,B,../../GraPPI_data/PDB/swap_pdbs/4ETW_r_4DAY_l.pdb,0
4ETW_l_6EY6_r,"A,B",C,../../GraPPI_data/PDB/swap_pdbs/4ETW_l_6EY6_r.pdb,0
4ETW_l_6IM9_r,A,B,../../GraPPI_data/PDB/swap_pdbs/4ETW_l_6IM9_r.pdb,0
4ETW_l_6IB8_r,"A,B",C,../../GraPPI_data/PDB/swap_pdbs/4ETW_l_6IB8_r.pdb,0
4ETW_l_5LPU_r,"A,B",C,../../GraPPI_data/PDB/swap_pdbs/4ETW_l_5LPU_r.pdb,0
5ZQV_r_4OVN_l,A,B,../../GraPPI_data/PDB/swap_pdbs/5ZQV_r_4OVN_l.pdb,0
5ZQV_r_4FZV_l,A,B,../../GraPPI_data/PDB/swap_pdbs/5ZQV_r_4FZV_l.pdb,0
5ZQV_r_5JDO_l,A,"B,C",../../GraPPI_data/PDB/swap_pdbs/5ZQV_r_5JDO_l.pdb,0
5ZQV_r_5BT1_l,A,"B,C",../../GraPPI_data/PDB/swap_pdbs/5ZQV_r_5BT1_l.pdb,0
5ZQV_l_5XDA_r,A,B,../../GraPPI_data/PDB/swap_pdbs/5ZQV_l_5XDA_r.pdb,0
5ZQV_l_2B4J_r,A,B,../../GraPPI_data/PDB/swap_pdbs/5ZQV_l_2B4J_r.pdb,0
5ZQV_l_2CJS_r,"A,B",C,../../GraPPI_data/PDB/swap_pdbs/5ZQV_l_2CJS_r.pdb,0
5ZQV_l_3ZRZ_r,A,B,../../GraPPI_data/PDB/swap_pdbs/5ZQV_l_3ZRZ_r.pdb,0
4DT1_r_6JCS_l,A,B,../../GraPPI_data/PDB/swap_pdbs/4DT1_r_6JCS_l.pdb,0
4DT1_r_6PNQ_l,A,B,../../GraPPI_data/PDB/swap_pdbs/4DT1_r_6PNQ_l.pdb,0
4DT1_r_6IRE_l,A,B,../../GraPPI_data/PDB/swap_pdbs/4DT1_r_6IRE_l.pdb,0
4DT1_r_3W6J_l,A,"B,C",../../GraPPI_data/PDB/swap_pdbs/4DT1_r_3W6J_l.pdb,0
4DT1_l_4I9X_r,"A,B",C,../../GraPPI_data/PDB/swap_pdbs/4DT1_l_4I9X_r.pdb,0
4DT1_l_5UN5_r,A,B,../../GraPPI_data/PDB/swap_pdbs/4DT1_l_5UN5_r.pdb,0
4DT1_l_2GAF_r,A,B,../../GraPPI_data/PDB/swap_pdbs/4DT1_l_2GAF_r.pdb,0
4DT1_l_4ZKC_r,A,B,../../GraPPI_data/PDB/swap_pdbs/4DT1_l_4ZKC_r.pdb,0
4ZGY_r_3HTU_l,A,B,../../GraPPI_data/PDB/swap_pdbs/4ZGY_r_3HTU_l.pdb,0
4ZGY_r_3VFO_l,A,B,../../GraPPI_data/PDB/swap_pdbs/4ZGY_r_3VFO_l.pdb,0
4ZGY_r_2NYZ_l,A,"B,C",../../GraPPI_data/PDB/swap_pdbs/4ZGY_r_2NYZ_l.pdb,0
4ZGY_r_2HWN_l,A,B,../../GraPPI_data/PDB/swap_pdbs/4ZGY_r_2HWN_l.pdb,0
4ZGY_l_1B41_r,A,B,../../GraPPI_data/PDB/swap_pdbs/4ZGY_l_1B41_r.pdb,0
4ZGY_l_6OB1_r,"A,B",C,../../GraPPI_data/PDB/swap_pdbs/4ZGY_l_6OB1_r.pdb,0
4ZGY_l_4G59_r,"A,B",C,../../GraPPI_data/PDB/swap_pdbs/4ZGY_l_4G59_r.pdb,0
4ZGY_l_4M6B_r,A,B,../../GraPPI_data/PDB/swap_pdbs/4ZGY_l_4M6B_r.pdb,0
1CLV_r_1ZHI_l,A,B,../../GraPPI_data/PDB/swap_pdbs/1CLV_r_1ZHI_l.pdb,0
1CLV_r_5Z78_l,A,B,../../GraPPI_data/PDB/swap_pdbs/1CLV_r_5Z78_l.pdb,0
1CLV_r_1HE8_l,A,B,../../GraPPI_data/PDB/swap_pdbs/1CLV_r_1HE8_l.pdb,0
1CLV_r_3H8D_l,A,"B,C",../../GraPPI_data/PDB/swap_pdbs/1CLV_r_3H8D_l.pdb,0
1CLV_l_5TZN_r,"A,B",C,../../GraPPI_data/PDB/swap_pdbs/1CLV_l_5TZN_r.pdb,0
1CLV_l_5Y4R_r,"A,B",C,../../GraPPI_data/PDB/swap_pdbs/1CLV_l_5Y4R_r.pdb,0
1CLV_l_3FPU_r,A,B,../../GraPPI_data/PDB/swap_pdbs/1CLV_l_3FPU_r.pdb,0
1CLV_l_5OMB_r,A,B,../../GraPPI_data/PDB/swap_pdbs/1CLV_l_5OMB_r.pdb,0
6NFJ_r_2MKC_l,A,"B,C",../../GraPPI_data/PDB/swap_pdbs/6NFJ_r_2MKC_l.pdb,0
6NFJ_r_4HSA_l,A,"B,C",../../GraPPI_data/PDB/swap_pdbs/6NFJ_r_4HSA_l.pdb,0
6NFJ_r_3C9A_l,A,B,../../GraPPI_data/PDB/swap_pdbs/6NFJ_r_3C9A_l.pdb,0
6NFJ_r_3RT0_l,A,B,../../GraPPI_data/PDB/swap_pdbs/6NFJ_r_3RT0_l.pdb,0
6NFJ_l_5MR5_r,A,B,../../GraPPI_data/PDB/swap_pdbs/6NFJ_l_5MR5_r.pdb,0
6NFJ_l_3LB8_r,A,B,../../GraPPI_data/PDB/swap_pdbs/6NFJ_l_3LB8_r.pdb,0
6NFJ_l_6GVL_r,A,B,../../GraPPI_data/PDB/swap_pdbs/6NFJ_l_6GVL_r.pdb,0
6NFJ_l_2MRO_r,A,B,../../GraPPI_data/PDB/swap_pdbs/6NFJ_l_2MRO_r.pdb,0
4ZKC_r_1PD7_l,A,B,../../GraPPI_data/PDB/swap_pdbs/4ZKC_r_1PD7_l.pdb,0
4ZKC_r_5O05_l,A,B,../../GraPPI_data/PDB/swap_pdbs/4ZKC_r_5O05_l.pdb,0
4ZKC_r_2ZVN_l,A,"B,C",../../GraPPI_data/PDB/swap_pdbs/4ZKC_r_2ZVN_l.pdb,0
4ZKC_r_2KJ4_l,A,B,../../GraPPI_data/PDB/swap_pdbs/4ZKC_r_2KJ4_l.pdb,0
4ZKC_l_5Y4R_r,"A,B",C,../../GraPPI_data/PDB/swap_pdbs/4ZKC_l_5Y4R_r.pdb,0
4ZKC_l_2WO2_r,A,B,../../GraPPI_data/PDB/swap_pdbs/4ZKC_l_2WO2_r.pdb,0
4ZKC_l_5WVO_r,"A,B,C",D,../../GraPPI_data/PDB/swap_pdbs/4ZKC_l_5WVO_r.pdb,0
4ZKC_l_6FUD_r,A,B,../../GraPPI_data/PDB/swap_pdbs/4ZKC_l_6FUD_r.pdb,0
5D28_r_2OMY_l,"A,B",C,../../GraPPI_data/PDB/swap_pdbs/5D28_r_2OMY_l.pdb,0
5D28_r_1XU1_l,"A,B","C,D,E",../../GraPPI_data/PDB/swap_pdbs/5D28_r_1XU1_l.pdb,0
5D28_r_4P1N_l,"A,B","C,D",../../GraPPI_data/PDB/swap_pdbs/5D28_r_4P1N_l.pdb,0
5D28_r_6JCS_l,"A,B",C,../../GraPPI_data/PDB/swap_pdbs/5D28_r_6JCS_l.pdb,0
5D28_l_3GC3_r,A,"B,C",../../GraPPI_data/PDB/swap_pdbs/5D28_l_3GC3_r.pdb,0
5D28_l_5MR5_r,A,"B,C",../../GraPPI_data/PDB/swap_pdbs/5D28_l_5MR5_r.pdb,0
5D28_l_4CU4_r,A,"B,C",../../GraPPI_data/PDB/swap_pdbs/5D28_l_4CU4_r.pdb,0
5D28_l_4GLA_r,A,"B,C",../../GraPPI_data/PDB/swap_pdbs/5D28_l_4GLA_r.pdb,0
6J9M_r_1XDT_l,"A,B",C,../../GraPPI_data/PDB/swap_pdbs/6J9M_r_1XDT_l.pdb,0
6J9M_r_5GPG_l,"A,B",C,../../GraPPI_data/PDB/swap_pdbs/6J9M_r_5GPG_l.pdb,0
6J9M_r_5WVO_l,"A,B",C,../../GraPPI_data/PDB/swap_pdbs/6J9M_r_5WVO_l.pdb,0
6J9M_r_3C4P_l,"A,B",C,../../GraPPI_data/PDB/swap_pdbs/6J9M_r_3C4P_l.pdb,0
6J9M_l_2KHS_r,A,B,../../GraPPI_data/PDB/swap_pdbs/6J9M_l_2KHS_r.pdb,0
6J9M_l_4IYP_r,A,B,../../GraPPI_data/PDB/swap_pdbs/6J9M_l_4IYP_r.pdb,0
6J9M_l_3OWT_r,"A,B",C,../../GraPPI_data/PDB/swap_pdbs/6J9M_l_3OWT_r.pdb,0
6J9M_l_4NOO_r,A,B,../../GraPPI_data/PDB/swap_pdbs/6J9M_l_4NOO_r.pdb,0
3ECH_r_3TU3_l,"A,B",C,../../GraPPI_data/PDB/swap_pdbs/3ECH_r_3TU3_l.pdb,0
3ECH_r_2PHE_l,"A,B","C,D",../../GraPPI_data/PDB/swap_pdbs/3ECH_r_2PHE_l.pdb,0
3ECH_r_4IHL_l,"A,B",C,../../GraPPI_data/PDB/swap_pdbs/3ECH_r_4IHL_l.pdb,0
3ECH_r_5V52_l,"A,B",C,../../GraPPI_data/PDB/swap_pdbs/3ECH_r_5V52_l.pdb,0
3ECH_l_4DKD_r,"A,B",C,../../GraPPI_data/PDB/swap_pdbs/3ECH_l_4DKD_r.pdb,0
3ECH_l_1YCS_r,A,B,../../GraPPI_data/PDB/swap_pdbs/3ECH_l_1YCS_r.pdb,0
3ECH_l_1Y76_r,"A,B",C,../../GraPPI_data/PDB/swap_pdbs/3ECH_l_1Y76_r.pdb,0
3ECH_l_2GOX_r,A,B,../../GraPPI_data/PDB/swap_pdbs/3ECH_l_2GOX_r.pdb,0
3OWT_r_4HGM_l,"A,B",C,../../GraPPI_data/PDB/swap_pdbs/3OWT_r_4HGM_l.pdb,0
3OWT_r_3F4Y_l,"A,B","C,D,E",../../GraPPI_data/PDB/swap_pdbs/3OWT_r_3F4Y_l.pdb,0
3OWT_r_4HEM_l,"A,B","C,D,E",../../GraPPI_data/PDB/swap_pdbs/3OWT_r_4HEM_l.pdb,0
3OWT_r_6IMF_l,"A,B",C,../../GraPPI_data/PDB/swap_pdbs/3OWT_r_6IMF_l.pdb,0
3OWT_l_3C66_r,A,B,../../GraPPI_data/PDB/swap_pdbs/3OWT_l_3C66_r.pdb,0
3OWT_l_1JSP_r,A,B,../../GraPPI_data/PDB/swap_pdbs/3OWT_l_1JSP_r.pdb,0
3OWT_l_1T01_r,A,B,../../GraPPI_data/PDB/swap_pdbs/3OWT_l_1T01_r.pdb,0
3OWT_l_4ZGY_r,A,B,../../GraPPI_data/PDB/swap_pdbs/3OWT_l_4ZGY_r.pdb,0
6IB8_r_3OWT_l,"A,B",C,../../GraPPI_data/PDB/swap_pdbs/6IB8_r_3OWT_l.pdb,0
6IB8_r_3Q4F_l,"A,B","C,D",../../GraPPI_data/PDB/swap_pdbs/6IB8_r_3Q4F_l.pdb,0
6IB8_r_1OGY_l,"A,B",C,../../GraPPI_data/PDB/swap_pdbs/6IB8_r_1OGY_l.pdb,0
6IB8_r_1X1W_l,"A,B",C,../../GraPPI_data/PDB/swap_pdbs/6IB8_r_1X1W_l.pdb,0
6IB8_l_1WQJ_r,A,B,../../GraPPI_data/PDB/swap_pdbs/6IB8_l_1WQJ_r.pdb,0
6IB8_l_4XLW_r,A,B,../../GraPPI_data/PDB/swap_pdbs/6IB8_l_4XLW_r.pdb,0
6IB8_l_5J4A_r,"A,B",C,../../GraPPI_data/PDB/swap_pdbs/6IB8_l_5J4A_r.pdb,0
6IB8_l_1LQB_r,"A,B,C",D,../../GraPPI_data/PDB/swap_pdbs/6IB8_l_1LQB_r.pdb,0
6GTQ_r_5OY9_l,"A,B",C,../../GraPPI_data/PDB/swap_pdbs/6GTQ_r_5OY9_l.pdb,0
6GTQ_r_2NYZ_l,"A,B","C,D",../../GraPPI_data/PDB/swap_pdbs/6GTQ_r_2NYZ_l.pdb,0
6GTQ_r_4U4C_l,"A,B",C,../../GraPPI_data/PDB/swap_pdbs/6GTQ_r_4U4C_l.pdb,0
6GTQ_r_5UZU_l,"A,B",C,../../GraPPI_data/PDB/swap_pdbs/6GTQ_r_5UZU_l.pdb,0
6GTQ_l_3KBT_r,A,"B,C",../../GraPPI_data/PDB/swap_pdbs/6GTQ_l_3KBT_r.pdb,0
6GTQ_l_6CH2_r,A,"B,C",../../GraPPI_data/PDB/swap_pdbs/6GTQ_l_6CH2_r.pdb,0
6GTQ_l_1RPQ_r,A,"B,C",../../GraPPI_data/PDB/swap_pdbs/6GTQ_l_1RPQ_r.pdb,0
6GTQ_l_1QTY_r,"A,B","C,D",../../GraPPI_data/PDB/swap_pdbs/6GTQ_l_1QTY_r.pdb,0
5XOD_r_4GLA_l,A,B,../../GraPPI_data/PDB/swap_pdbs/5XOD_r_4GLA_l.pdb,0
5XOD_r_2J7P_l,A,B,../../GraPPI_data/PDB/swap_pdbs/5XOD_r_2J7P_l.pdb,0
5XOD_r_4JRA_l,A,B,../../GraPPI_data/PDB/swap_pdbs/5XOD_r_4JRA_l.pdb,0
5XOD_r_1EWY_l,A,B,../../GraPPI_data/PDB/swap_pdbs/5XOD_r_1EWY_l.pdb,0
5XOD_l_6GD5_r,A,B,../../GraPPI_data/PDB/swap_pdbs/5XOD_l_6GD5_r.pdb,0
5XOD_l_2MLX_r,A,B,../../GraPPI_data/PDB/swap_pdbs/5XOD_l_2MLX_r.pdb,0
5XOD_l_5VT9_r,"A,B",C,../../GraPPI_data/PDB/swap_pdbs/5XOD_l_5VT9_r.pdb,0
5XOD_l_2IY1_r,A,B,../../GraPPI_data/PDB/swap_pdbs/5XOD_l_2IY1_r.pdb,0
6F3Z_r_5ITZ_l,A,"B,C,D",../../GraPPI_data/PDB/swap_pdbs/6F3Z_r_5ITZ_l.pdb,0
6F3Z_r_4G59_l,A,"B,C",../../GraPPI_data/PDB/swap_pdbs/6F3Z_r_4G59_l.pdb,0
6F3Z_r_2X9A_l,A,B,../../GraPPI_data/PDB/swap_pdbs/6F3Z_r_2X9A_l.pdb,0
6F3Z_r_2NQD_l,A,B,../../GraPPI_data/PDB/swap_pdbs/6F3Z_r_2NQD_l.pdb,0
6F3Z_l_3D1M_r,A,B,../../GraPPI_data/PDB/swap_pdbs/6F3Z_l_3D1M_r.pdb,0
6F3Z_l_5OMB_r,A,B,../../GraPPI_data/PDB/swap_pdbs/6F3Z_l_5OMB_r.pdb,0
6F3Z_l_1I51_r,"A,B",C,../../GraPPI_data/PDB/swap_pdbs/6F3Z_l_1I51_r.pdb,0
6F3Z_l_2LP0_r,A,B,../../GraPPI_data/PDB/swap_pdbs/6F3Z_l_2LP0_r.pdb,0
3L33_r_2HRK_l,A,B,../../GraPPI_data/PDB/swap_pdbs/3L33_r_2HRK_l.pdb,0
3L33_r_1YRU_l,A,B,../../GraPPI_data/PDB/swap_pdbs/3L33_r_1YRU_l.pdb,0
3L33_r_1KBH_l,A,B,../../GraPPI_data/PDB/swap_pdbs/3L33_r_1KBH_l.pdb,0
3L33_r_4PAS_l,A,B,../../GraPPI_data/PDB/swap_pdbs/3L33_r_4PAS_l.pdb,0
3L33_l_4A49_r,A,B,../../GraPPI_data/PDB/swap_pdbs/3L33_l_4A49_r.pdb,0
3L33_l_4YWC_r,A,B,../../GraPPI_data/PDB/swap_pdbs/3L33_l_4YWC_r.pdb,0
3L33_l_4JEU_r,A,B,../../GraPPI_data/PDB/swap_pdbs/3L33_l_4JEU_r.pdb,0
3L33_l_5F4E_r,A,B,../../GraPPI_data/PDB/swap_pdbs/3L33_l_5F4E_r.pdb,0
4AYE_r_3TU3_l,A,B,../../GraPPI_data/PDB/swap_pdbs/4AYE_r_3TU3_l.pdb,0
4AYE_r_3REB_l,A,B,../../GraPPI_data/PDB/swap_pdbs/4AYE_r_3REB_l.pdb,0
4AYE_r_1GXD_l,A,B,../../GraPPI_data/PDB/swap_pdbs/4AYE_r_1GXD_l.pdb,0
4AYE_r_3UEZ_l,A,"B,C",../../GraPPI_data/PDB/swap_pdbs/4AYE_r_3UEZ_l.pdb,0
4AYE_l_3AON_r,A,B,../../GraPPI_data/PDB/swap_pdbs/4AYE_l_3AON_r.pdb,0
4AYE_l_1TBA_r,A,B,../../GraPPI_data/PDB/swap_pdbs/4AYE_l_1TBA_r.pdb,0
4AYE_l_2X2D_r,A,B,../../GraPPI_data/PDB/swap_pdbs/4AYE_l_2X2D_r.pdb,0
4AYE_l_6OSW_r,A,B,../../GraPPI_data/PDB/swap_pdbs/4AYE_l_6OSW_r.pdb,0
1TBA_r_4IOP_l,A,B,../../GraPPI_data/PDB/swap_pdbs/1TBA_r_4IOP_l.pdb,0
1TBA_r_5O05_l,A,B,../../GraPPI_data/PDB/swap_pdbs/1TBA_r_5O05_l.pdb,0
1TBA_r_5NVM_l,A,B,../../GraPPI_data/PDB/swap_pdbs/1TBA_r_5NVM_l.pdb,0
1TBA_r_1Y3B_l,A,B,../../GraPPI_data/PDB/swap_pdbs/1TBA_r_1Y3B_l.pdb,0
1TBA_l_6M9K_r,A,B,../../GraPPI_data/PDB/swap_pdbs/1TBA_l_6M9K_r.pdb,0
1TBA_l_6DSL_r,A,B,../../GraPPI_data/PDB/swap_pdbs/1TBA_l_6DSL_r.pdb,0
1TBA_l_3RT0_r,A,B,../../GraPPI_data/PDB/swap_pdbs/1TBA_l_3RT0_r.pdb,0
1TBA_l_5F5S_r,A,B,../../GraPPI_data/PDB/swap_pdbs/1TBA_l_5F5S_r.pdb,0
4TQ0_r_4ZGM_l,A,B,../../GraPPI_data/PDB/swap_pdbs/4TQ0_r_4ZGM_l.pdb,0
4TQ0_r_3CQC_l,A,B,../../GraPPI_data/PDB/swap_pdbs/4TQ0_r_3CQC_l.pdb,0
4TQ0_r_1VRK_l,A,B,../../GraPPI_data/PDB/swap_pdbs/4TQ0_r_1VRK_l.pdb,0
4TQ0_r_5TZN_l,A,"B,C",../../GraPPI_data/PDB/swap_pdbs/4TQ0_r_5TZN_l.pdb,0
4TQ0_l_4ILG_r,A,B,../../GraPPI_data/PDB/swap_pdbs/4TQ0_l_4ILG_r.pdb,0
4TQ0_l_3O5T_r,A,B,../../GraPPI_data/PDB/swap_pdbs/4TQ0_l_3O5T_r.pdb,0
4TQ0_l_3C66_r,A,B,../../GraPPI_data/PDB/swap_pdbs/4TQ0_l_3C66_r.pdb,0
4TQ0_l_4KR0_r,A,B,../../GraPPI_data/PDB/swap_pdbs/4TQ0_l_4KR0_r.pdb,0
4J2L_r_4REY_l,"A,B",C,../../GraPPI_data/PDB/swap_pdbs/4J2L_r_4REY_l.pdb,0
4J2L_r_4C5G_l,"A,B",C,../../GraPPI_data/PDB/swap_pdbs/4J2L_r_4C5G_l.pdb,0
4J2L_r_3G7Z_l,"A,B","C,D",../../GraPPI_data/PDB/swap_pdbs/4J2L_r_3G7Z_l.pdb,0
4J2L_r_5HLZ_l,"A,B","C,D",../../GraPPI_data/PDB/swap_pdbs/4J2L_r_5HLZ_l.pdb,0
4J2L_l_1VYT_r,A,B,../../GraPPI_data/PDB/swap_pdbs/4J2L_l_1VYT_r.pdb,0
4J2L_l_2CJS_r,"A,B",C,../../GraPPI_data/PDB/swap_pdbs/4J2L_l_2CJS_r.pdb,0
4J2L_l_2JZN_r,"A,B",C,../../GraPPI_data/PDB/swap_pdbs/4J2L_l_2JZN_r.pdb,0
4J2L_l_5Z78_r,"A,B",C,../../GraPPI_data/PDB/swap_pdbs/4J2L_l_5Z78_r.pdb,0
1ZHI_r_5C6T_l,A,"B,C",../../GraPPI_data/PDB/swap_pdbs/1ZHI_r_5C6T_l.pdb,0
1ZHI_r_1YCS_l,A,B,../../GraPPI_data/PDB/swap_pdbs/1ZHI_r_1YCS_l.pdb,0
1ZHI_r_2WP0_l,A,"B,C",../../GraPPI_data/PDB/swap_pdbs/1ZHI_r_2WP0_l.pdb,0
1ZHI_r_3HTU_l,A,B,../../GraPPI_data/PDB/swap_pdbs/1ZHI_r_3HTU_l.pdb,0
1ZHI_l_2W84_r,A,B,../../GraPPI_data/PDB/swap_pdbs/1ZHI_l_2W84_r.pdb,0
1ZHI_l_1YK0_r,"A,B",C,../../GraPPI_data/PDB/swap_pdbs/1ZHI_l_1YK0_r.pdb,0
1ZHI_l_1WVE_r,A,B,../../GraPPI_data/PDB/swap_pdbs/1ZHI_l_1WVE_r.pdb,0
1ZHI_l_6F2G_r,A,B,../../GraPPI_data/PDB/swap_pdbs/1ZHI_l_6F2G_r.pdb,0
2NQD_r_4QLP_l,A,B,../../GraPPI_data/PDB/swap_pdbs/2NQD_r_4QLP_l.pdb,0
2NQD_r_3O6Q_l,A,"B,C",../../GraPPI_data/PDB/swap_pdbs/2NQD_r_3O6Q_l.pdb,0
2NQD_r_2AQ1_l,A,B,../../GraPPI_data/PDB/swap_pdbs/2NQD_r_2AQ1_l.pdb,0
2NQD_r_6F0G_l,A,B,../../GraPPI_data/PDB/swap_pdbs/2NQD_r_6F0G_l.pdb,0
2NQD_l_4MRT_r,A,B,../../GraPPI_data/PDB/swap_pdbs/2NQD_l_4MRT_r.pdb,0
2NQD_l_2KHS_r,A,B,../../GraPPI_data/PDB/swap_pdbs/2NQD_l_2KHS_r.pdb,0
2NQD_l_1F47_r,A,B,../../GraPPI_data/PDB/swap_pdbs/2NQD_l_1F47_r.pdb,0
2NQD_l_5H9B_r,A,B,../../GraPPI_data/PDB/swap_pdbs/2NQD_l_5H9B_r.pdb,0
4XHU_r_4PW9_l,A,B,../../GraPPI_data/PDB/swap_pdbs/4XHU_r_4PW9_l.pdb,0
4XHU_r_3WWN_l,A,B,../../GraPPI_data/PDB/swap_pdbs/4XHU_r_3WWN_l.pdb,0
4XHU_r_5MTM_l,A,B,../../GraPPI_data/PDB/swap_pdbs/4XHU_r_5MTM_l.pdb,0
4XHU_r_2VE7_l,A,B,../../GraPPI_data/PDB/swap_pdbs/4XHU_r_2VE7_l.pdb,0
4XHU_l_3BX7_r,A,B,../../GraPPI_data/PDB/swap_pdbs/4XHU_l_3BX7_r.pdb,0
4XHU_l_1YK0_r,"A,B",C,../../GraPPI_data/PDB/swap_pdbs/4XHU_l_1YK0_r.pdb,0
4XHU_l_2H62_r,"A,B",C,../../GraPPI_data/PDB/swap_pdbs/4XHU_l_2H62_r.pdb,0
4XHU_l_3ECH_r,"A,B",C,../../GraPPI_data/PDB/swap_pdbs/4XHU_l_3ECH_r.pdb,0
5Y1Z_r_3Q4F_l,A,"B,C",../../GraPPI_data/PDB/swap_pdbs/5Y1Z_r_3Q4F_l.pdb,0
5Y1Z_r_3K1R_l,A,B,../../GraPPI_data/PDB/swap_pdbs/5Y1Z_r_3K1R_l.pdb,0
5Y1Z_r_3OIQ_l,A,B,../../GraPPI_data/PDB/swap_pdbs/5Y1Z_r_3OIQ_l.pdb,0
5Y1Z_r_5NT1_l,A,B,../../GraPPI_data/PDB/swap_pdbs/5Y1Z_r_5NT1_l.pdb,0
5Y1Z_l_3QC8_r,A,B,../../GraPPI_data/PDB/swap_pdbs/5Y1Z_l_3QC8_r.pdb,0
5Y1Z_l_4A49_r,A,B,../../GraPPI_data/PDB/swap_pdbs/5Y1Z_l_4A49_r.pdb,0
5Y1Z_l_1Y3B_r,A,B,../../GraPPI_data/PDB/swap_pdbs/5Y1Z_l_1Y3B_r.pdb,0
5Y1Z_l_3REB_r,A,B,../../GraPPI_data/PDB/swap_pdbs/5Y1Z_l_3REB_r.pdb,0
2PCC_r_1YCS_l,A,B,../../GraPPI_data/PDB/swap_pdbs/2PCC_r_1YCS_l.pdb,0
2PCC_r_1GO4_l,A,B,../../GraPPI_data/PDB/swap_pdbs/2PCC_r_1GO4_l.pdb,0
2PCC_r_6GHO_l,A,B,../../GraPPI_data/PDB/swap_pdbs/2PCC_r_6GHO_l.pdb,0
2PCC_r_2P4A_l,A,B,../../GraPPI_data/PDB/swap_pdbs/2PCC_r_2P4A_l.pdb,0
2PCC_l_2LP0_r,A,B,../../GraPPI_data/PDB/swap_pdbs/2PCC_l_2LP0_r.pdb,0
2PCC_l_1Y3B_r,A,B,../../GraPPI_data/PDB/swap_pdbs/2PCC_l_1Y3B_r.pdb,0
2PCC_l_4E6K_r,A,B,../../GraPPI_data/PDB/swap_pdbs/2PCC_l_4E6K_r.pdb,0
2PCC_l_4BKX_r,A,B,../../GraPPI_data/PDB/swap_pdbs/2PCC_l_4BKX_r.pdb,0
1WVE_r_5KY4_l,A,B,../../GraPPI_data/PDB/swap_pdbs/1WVE_r_5KY4_l.pdb,0
1WVE_r_2Q0O_l,A,"B,C",../../GraPPI_data/PDB/swap_pdbs/1WVE_r_2Q0O_l.pdb,0
1WVE_r_4I9X_l,A,"B,C",../../GraPPI_data/PDB/swap_pdbs/1WVE_r_4I9X_l.pdb,0
1WVE_r_5OY9_l,A,B,../../GraPPI_data/PDB/swap_pdbs/1WVE_r_5OY9_l.pdb,0
1WVE_l_1WQJ_r,A,B,../../GraPPI_data/PDB/swap_pdbs/1WVE_l_1WQJ_r.pdb,0
1WVE_l_5IIA_r,"A,B",C,../../GraPPI_data/PDB/swap_pdbs/1WVE_l_5IIA_r.pdb,0
1WVE_l_1Q68_r,A,B,../../GraPPI_data/PDB/swap_pdbs/1WVE_l_1Q68_r.pdb,0
1WVE_l_6B12_r,A,B,../../GraPPI_data/PDB/swap_pdbs/1WVE_l_6B12_r.pdb,0
6FPG_r_3ZWZ_l,A,B,../../GraPPI_data/PDB/swap_pdbs/6FPG_r_3ZWZ_l.pdb,0
6FPG_r_4XLW_l,A,B,../../GraPPI_data/PDB/swap_pdbs/6FPG_r_4XLW_l.pdb,0
6FPG_r_3REB_l,A,B,../../GraPPI_data/PDB/swap_pdbs/6FPG_r_3REB_l.pdb,0
6FPG_r_1W1W_l,A,"B,C",../../GraPPI_data/PDB/swap_pdbs/6FPG_r_1W1W_l.pdb,0
6FPG_l_6CH2_r,A,B,../../GraPPI_data/PDB/swap_pdbs/6FPG_l_6CH2_r.pdb,0
6FPG_l_1LP1_r,A,B,../../GraPPI_data/PDB/swap_pdbs/6FPG_l_1LP1_r.pdb,0
6FPG_l_2J7P_r,A,B,../../GraPPI_data/PDB/swap_pdbs/6FPG_l_2J7P_r.pdb,0
6FPG_l_5OMB_r,A,B,../../GraPPI_data/PDB/swap_pdbs/6FPG_l_5OMB_r.pdb,0
2F9Z_r_5LZ6_l,A,B,../../GraPPI_data/PDB/swap_pdbs/2F9Z_r_5LZ6_l.pdb,0
2F9Z_r_1KTZ_l,A,B,../../GraPPI_data/PDB/swap_pdbs/2F9Z_r_1KTZ_l.pdb,0
2F9Z_r_1HCF_l,A,"B,C",../../GraPPI_data/PDB/swap_pdbs/2F9Z_r_1HCF_l.pdb,0
2F9Z_r_1KBH_l,A,B,../../GraPPI_data/PDB/swap_pdbs/2F9Z_r_1KBH_l.pdb,0
2F9Z_l_3RZW_r,A,B,../../GraPPI_data/PDB/swap_pdbs/2F9Z_l_3RZW_r.pdb,0
2F9Z_l_6IM9_r,A,B,../../GraPPI_data/PDB/swap_pdbs/2F9Z_l_6IM9_r.pdb,0
2F9Z_l_3C9A_r,A,B,../../GraPPI_data/PDB/swap_pdbs/2F9Z_l_3C9A_r.pdb,0
2F9Z_l_4KT5_r,"A,B",C,../../GraPPI_data/PDB/swap_pdbs/2F9Z_l_4KT5_r.pdb,0
6M9K_r_3SZK_l,A,"B,C",../../GraPPI_data/PDB/swap_pdbs/6M9K_r_3SZK_l.pdb,0
6M9K_r_5H9B_l,A,B,../../GraPPI_data/PDB/swap_pdbs/6M9K_r_5H9B_l.pdb,0
6M9K_r_2O3B_l,A,B,../../GraPPI_data/PDB/swap_pdbs/6M9K_r_2O3B_l.pdb,0
6M9K_r_2GAF_l,A,B,../../GraPPI_data/PDB/swap_pdbs/6M9K_r_2GAF_l.pdb,0
6M9K_l_4REY_r,A,B,../../GraPPI_data/PDB/swap_pdbs/6M9K_l_4REY_r.pdb,0
6M9K_l_1VET_r,A,B,../../GraPPI_data/PDB/swap_pdbs/6M9K_l_1VET_r.pdb,0
6M9K_l_3KZ0_r,A,B,../../GraPPI_data/PDB/swap_pdbs/6M9K_l_3KZ0_r.pdb,0
6M9K_l_4DAY_r,"A,B",C,../../GraPPI_data/PDB/swap_pdbs/6M9K_l_4DAY_r.pdb,0
2O3B_r_4YWC_l,A,B,../../GraPPI_data/PDB/swap_pdbs/2O3B_r_4YWC_l.pdb,0
2O3B_r_2WD5_l,A,B,../../GraPPI_data/PDB/swap_pdbs/2O3B_r_2WD5_l.pdb,0
2O3B_r_3W6J_l,A,"B,C",../../GraPPI_data/PDB/swap_pdbs/2O3B_r_3W6J_l.pdb,0
2O3B_r_2KJ4_l,A,B,../../GraPPI_data/PDB/swap_pdbs/2O3B_r_2KJ4_l.pdb,0
2O3B_l_4ETP_r,A,B,../../GraPPI_data/PDB/swap_pdbs/2O3B_l_4ETP_r.pdb,0
2O3B_l_1NVU_r,A,B,../../GraPPI_data/PDB/swap_pdbs/2O3B_l_1NVU_r.pdb,0
2O3B_l_3C4M_r,A,B,../../GraPPI_data/PDB/swap_pdbs/2O3B_l_3C4M_r.pdb,0
2O3B_l_5WVO_r,"A,B,C",D,../../GraPPI_data/PDB/swap_pdbs/2O3B_l_5WVO_r.pdb,0
4ZGQ_r_6BX4_l,A,"B,C",../../GraPPI_data/PDB/swap_pdbs/4ZGQ_r_6BX4_l.pdb,0
4ZGQ_r_5JW7_l,A,B,../../GraPPI_data/PDB/swap_pdbs/4ZGQ_r_5JW7_l.pdb,0
4ZGQ_r_5F1B_l,A,B,../../GraPPI_data/PDB/swap_pdbs/4ZGQ_r_5F1B_l.pdb,0
4ZGQ_r_2OOR_l,A,"B,C",../../GraPPI_data/PDB/swap_pdbs/4ZGQ_r_2OOR_l.pdb,0
4ZGQ_l_5OMB_r,A,B,../../GraPPI_data/PDB/swap_pdbs/4ZGQ_l_5OMB_r.pdb,0
4ZGQ_l_2LKM_r,A,B,../../GraPPI_data/PDB/swap_pdbs/4ZGQ_l_2LKM_r.pdb,0
4ZGQ_l_3PC8_r,A,B,../../GraPPI_data/PDB/swap_pdbs/4ZGQ_l_3PC8_r.pdb,0
4ZGQ_l_5KOF_r,"A,B",C,../../GraPPI_data/PDB/swap_pdbs/4ZGQ_l_5KOF_r.pdb,0
3O5T_r_1PK1_l,A,B,../../GraPPI_data/PDB/swap_pdbs/3O5T_r_1PK1_l.pdb,0
3O5T_r_3BT1_l,A,B,../../GraPPI_data/PDB/swap_pdbs/3O5T_r_3BT1_l.pdb,0
3O5T_r_4YFD_l,A,B,../../GraPPI_data/PDB/swap_pdbs/3O5T_r_4YFD_l.pdb,0
3O5T_r_2B7C_l,A,B,../../GraPPI_data/PDB/swap_pdbs/3O5T_r_2B7C_l.pdb,0
3O5T_l_6G04_r,A,B,../../GraPPI_data/PDB/swap_pdbs/3O5T_l_6G04_r.pdb,0
3O5T_l_2WO2_r,A,B,../../GraPPI_data/PDB/swap_pdbs/3O5T_l_2WO2_r.pdb,0
3O5T_l_6GTQ_r,"A,B",C,../../GraPPI_data/PDB/swap_pdbs/3O5T_l_6GTQ_r.pdb,0
3O5T_l_6MAV_r,A,B,../../GraPPI_data/PDB/swap_pdbs/3O5T_l_6MAV_r.pdb,0
6GHO_r_3Q4F_l,A,"B,C",../../GraPPI_data/PDB/swap_pdbs/6GHO_r_3Q4F_l.pdb,0
6GHO_r_4YWC_l,A,B,../../GraPPI_data/PDB/swap_pdbs/6GHO_r_4YWC_l.pdb,0
6GHO_r_5C6T_l,A,"B,C",../../GraPPI_data/PDB/swap_pdbs/6GHO_r_5C6T_l.pdb,0
6GHO_r_1ZE3_l,A,B,../../GraPPI_data/PDB/swap_pdbs/6GHO_r_1ZE3_l.pdb,0
6GHO_l_3UZ0_r,A,B,../../GraPPI_data/PDB/swap_pdbs/6GHO_l_3UZ0_r.pdb,0
6GHO_l_3FXD_r,"A,B",C,../../GraPPI_data/PDB/swap_pdbs/6GHO_l_3FXD_r.pdb,0
6GHO_l_2DJY_r,A,B,../../GraPPI_data/PDB/swap_pdbs/6GHO_l_2DJY_r.pdb,0
6GHO_l_6JCS_r,A,B,../../GraPPI_data/PDB/swap_pdbs/6GHO_l_6JCS_r.pdb,0
3WA5_r_1T01_l,A,B,../../GraPPI_data/PDB/swap_pdbs/3WA5_r_1T01_l.pdb,0
3WA5_r_2LKM_l,A,B,../../GraPPI_data/PDB/swap_pdbs/3WA5_r_2LKM_l.pdb,0
3WA5_r_3OJ2_l,A,B,../../GraPPI_data/PDB/swap_pdbs/3WA5_r_3OJ2_l.pdb,0
3WA5_r_2X9A_l,A,B,../../GraPPI_data/PDB/swap_pdbs/3WA5_r_2X9A_l.pdb,0
3WA5_l_1LP1_r,A,B,../../GraPPI_data/PDB/swap_pdbs/3WA5_l_1LP1_r.pdb,0
3WA5_l_3MJH_r,A,B,../../GraPPI_data/PDB/swap_pdbs/3WA5_l_3MJH_r.pdb,0
3WA5_l_2LEH_r,A,B,../../GraPPI_data/PDB/swap_pdbs/3WA5_l_2LEH_r.pdb,0
3WA5_l_1L2W_r,A,B,../../GraPPI_data/PDB/swap_pdbs/3WA5_l_1L2W_r.pdb,0
3C4P_r_3NCB_l,A,B,../../GraPPI_data/PDB/swap_pdbs/3C4P_r_3NCB_l.pdb,0
3C4P_r_2CJS_l,A,B,../../GraPPI_data/PDB/swap_pdbs/3C4P_r_2CJS_l.pdb,0
3C4P_r_4RE1_l,A,B,../../GraPPI_data/PDB/swap_pdbs/3C4P_r_4RE1_l.pdb,0
3C4P_r_4A49_l,A,B,../../GraPPI_data/PDB/swap_pdbs/3C4P_r_4A49_l.pdb,0
3C4P_l_1KTZ_r,A,B,../../GraPPI_data/PDB/swap_pdbs/3C4P_l_1KTZ_r.pdb,0
3C4P_l_5F4E_r,A,B,../../GraPPI_data/PDB/swap_pdbs/3C4P_l_5F4E_r.pdb,0
3C4P_l_5MJY_r,"A,B",C,../../GraPPI_data/PDB/swap_pdbs/3C4P_l_5MJY_r.pdb,0
3C4P_l_4U2X_r,A,B,../../GraPPI_data/PDB/swap_pdbs/3C4P_l_4U2X_r.pdb,0
5LP5_r_3F7P_l,A,B,../../GraPPI_data/PDB/swap_pdbs/5LP5_r_3F7P_l.pdb,0
5LP5_r_6BX4_l,A,"B,C",../../GraPPI_data/PDB/swap_pdbs/5LP5_r_6BX4_l.pdb,0
5LP5_r_2B7C_l,A,B,../../GraPPI_data/PDB/swap_pdbs/5LP5_r_2B7C_l.pdb,0
5LP5_r_2WO2_l,A,B,../../GraPPI_data/PDB/swap_pdbs/5LP5_r_2WO2_l.pdb,0
5LP5_l_5B3H_r,"A,B","C,D",../../GraPPI_data/PDB/swap_pdbs/5LP5_l_5B3H_r.pdb,0
5LP5_l_4IKA_r,A,"B,C",../../GraPPI_data/PDB/swap_pdbs/5LP5_l_4IKA_r.pdb,0
5LP5_l_2N73_r,A,"B,C",../../GraPPI_data/PDB/swap_pdbs/5LP5_l_2N73_r.pdb,0
5LP5_l_3ECH_r,"A,B","C,D",../../GraPPI_data/PDB/swap_pdbs/5LP5_l_3ECH_r.pdb,0
5UZU_r_3LB8_l,A,B,../../GraPPI_data/PDB/swap_pdbs/5UZU_r_3LB8_l.pdb,0
5UZU_r_3RT0_l,A,B,../../GraPPI_data/PDB/swap_pdbs/5UZU_r_3RT0_l.pdb,0
5UZU_r_6IMF_l,A,B,../../GraPPI_data/PDB/swap_pdbs/5UZU_r_6IMF_l.pdb,0
5UZU_r_2K05_l,A,"B,C",../../GraPPI_data/PDB/swap_pdbs/5UZU_r_2K05_l.pdb,0
5UZU_l_5H7Y_r,A,B,../../GraPPI_data/PDB/swap_pdbs/5UZU_l_5H7Y_r.pdb,0
5UZU_l_6M9K_r,A,B,../../GraPPI_data/PDB/swap_pdbs/5UZU_l_6M9K_r.pdb,0
5UZU_l_4HSA_r,A,B,../../GraPPI_data/PDB/swap_pdbs/5UZU_l_4HSA_r.pdb,0
5UZU_l_3KV4_r,A,B,../../GraPPI_data/PDB/swap_pdbs/5UZU_l_3KV4_r.pdb,0
3C66_r_2LPB_l,A,B,../../GraPPI_data/PDB/swap_pdbs/3C66_r_2LPB_l.pdb,0
3C66_r_5ZQV_l,A,B,../../GraPPI_data/PDB/swap_pdbs/3C66_r_5ZQV_l.pdb,0
3C66_r_5MA6_l,A,B,../../GraPPI_data/PDB/swap_pdbs/3C66_r_5MA6_l.pdb,0
3C66_r_3FPU_l,A,B,../../GraPPI_data/PDB/swap_pdbs/3C66_r_3FPU_l.pdb,0
3C66_l_5OSH_r,A,B,../../GraPPI_data/PDB/swap_pdbs/3C66_l_5OSH_r.pdb,0
3C66_l_2KRI_r,A,B,../../GraPPI_data/PDB/swap_pdbs/3C66_l_2KRI_r.pdb,0
3C66_l_6PNQ_r,A,B,../../GraPPI_data/PDB/swap_pdbs/3C66_l_6PNQ_r.pdb,0
3C66_l_1I51_r,"A,B",C,../../GraPPI_data/PDB/swap_pdbs/3C66_l_1I51_r.pdb,0
4IKA_r_3KV4_l,A,B,../../GraPPI_data/PDB/swap_pdbs/4IKA_r_3KV4_l.pdb,0
4IKA_r_4MRT_l,A,B,../../GraPPI_data/PDB/swap_pdbs/4IKA_r_4MRT_l.pdb,0
4IKA_r_1R6Q_l,A,B,../../GraPPI_data/PDB/swap_pdbs/4IKA_r_1R6Q_l.pdb,0
4IKA_r_3OIQ_l,A,B,../../GraPPI_data/PDB/swap_pdbs/4IKA_r_3OIQ_l.pdb,0
4IKA_l_1QTY_r,"A,B",C,../../GraPPI_data/PDB/swap_pdbs/4IKA_l_1QTY_r.pdb,0
4IKA_l_6H9N_r,A,B,../../GraPPI_data/PDB/swap_pdbs/4IKA_l_6H9N_r.pdb,0
4IKA_l_5LP5_r,A,B,../../GraPPI_data/PDB/swap_pdbs/4IKA_l_5LP5_r.pdb,0
4IKA_l_3Q4F_r,"A,B",C,../../GraPPI_data/PDB/swap_pdbs/4IKA_l_3Q4F_r.pdb,0
3KV4_r_3VYR_l,A,B,../../GraPPI_data/PDB/swap_pdbs/3KV4_r_3VYR_l.pdb,0
3KV4_r_2F9Z_l,A,B,../../GraPPI_data/PDB/swap_pdbs/3KV4_r_2F9Z_l.pdb,0
3KV4_r_5OC7_l,A,"B,C",../../GraPPI_data/PDB/swap_pdbs/3KV4_r_5OC7_l.pdb,0
3KV4_r_6J9M_l,A,B,../../GraPPI_data/PDB/swap_pdbs/3KV4_r_6J9M_l.pdb,0
3KV4_l_6J4S_r,A,B,../../GraPPI_data/PDB/swap_pdbs/3KV4_l_6J4S_r.pdb,0
3KV4_l_6DSL_r,A,B,../../GraPPI_data/PDB/swap_pdbs/3KV4_l_6DSL_r.pdb,0
3KV4_l_2O3B_r,A,B,../../GraPPI_data/PDB/swap_pdbs/3KV4_l_2O3B_r.pdb,0
3KV4_l_4U4C_r,A,B,../../GraPPI_data/PDB/swap_pdbs/3KV4_l_4U4C_r.pdb,0
3ZWZ_r_5FW5_l,A,B,../../GraPPI_data/PDB/swap_pdbs/3ZWZ_r_5FW5_l.pdb,0
3ZWZ_r_3BX7_l,A,B,../../GraPPI_data/PDB/swap_pdbs/3ZWZ_r_3BX7_l.pdb,0
3ZWZ_r_1GLA_l,A,B,../../GraPPI_data/PDB/swap_pdbs/3ZWZ_r_1GLA_l.pdb,0
3ZWZ_r_4ZLT_l,A,B,../../GraPPI_data/PDB/swap_pdbs/3ZWZ_r_4ZLT_l.pdb,0
3ZWZ_l_4HH3_r,"A,B",C,../../GraPPI_data/PDB/swap_pdbs/3ZWZ_l_4HH3_r.pdb,0
3ZWZ_l_4ZGM_r,A,B,../../GraPPI_data/PDB/swap_pdbs/3ZWZ_l_4ZGM_r.pdb,0
3ZWZ_l_2K42_r,A,B,../../GraPPI_data/PDB/swap_pdbs/3ZWZ_l_2K42_r.pdb,0
3ZWZ_l_5CTR_r,A,B,../../GraPPI_data/PDB/swap_pdbs/3ZWZ_l_5CTR_r.pdb,0
6PNQ_r_5J4A_l,A,"B,C",../../GraPPI_data/PDB/swap_pdbs/6PNQ_r_5J4A_l.pdb,0
6PNQ_r_6GVL_l,A,B,../../GraPPI_data/PDB/swap_pdbs/6PNQ_r_6GVL_l.pdb,0
6PNQ_r_4H6J_l,A,B,../../GraPPI_data/PDB/swap_pdbs/6PNQ_r_4H6J_l.pdb,0
6PNQ_r_1RPQ_l,A,B,../../GraPPI_data/PDB/swap_pdbs/6PNQ_r_1RPQ_l.pdb,0
6PNQ_l_4JRA_r,A,B,../../GraPPI_data/PDB/swap_pdbs/6PNQ_l_4JRA_r.pdb,0
6PNQ_l_2O8V_r,A,B,../../GraPPI_data/PDB/swap_pdbs/6PNQ_l_2O8V_r.pdb,0
6PNQ_l_2Z3R_r,A,B,../../GraPPI_data/PDB/swap_pdbs/6PNQ_l_2Z3R_r.pdb,0
6PNQ_l_1Y8N_r,A,B,../../GraPPI_data/PDB/swap_pdbs/6PNQ_l_1Y8N_r.pdb,0
4RA0_r_6RHW_l,A,B,../../GraPPI_data/PDB/swap_pdbs/4RA0_r_6RHW_l.pdb,0
4RA0_r_5F5S_l,A,B,../../GraPPI_data/PDB/swap_pdbs/4RA0_r_5F5S_l.pdb,0
4RA0_r_4I9X_l,A,"B,C",../../GraPPI_data/PDB/swap_pdbs/4RA0_r_4I9X_l.pdb,0
4RA0_r_1Q68_l,A,B,../../GraPPI_data/PDB/swap_pdbs/4RA0_r_1Q68_l.pdb,0
4RA0_l_2F9Z_r,A,B,../../GraPPI_data/PDB/swap_pdbs/4RA0_l_2F9Z_r.pdb,0
4RA0_l_3CQC_r,A,B,../../GraPPI_data/PDB/swap_pdbs/4RA0_l_3CQC_r.pdb,0
4RA0_l_4QLP_r,A,B,../../GraPPI_data/PDB/swap_pdbs/4RA0_l_4QLP_r.pdb,0
4RA0_l_3VEP_r,A,B,../../GraPPI_data/PDB/swap_pdbs/4RA0_l_3VEP_r.pdb,0
6H9N_r_6NFJ_l,A,B,../../GraPPI_data/PDB/swap_pdbs/6H9N_r_6NFJ_l.pdb,0
6H9N_r_4A49_l,A,B,../../GraPPI_data/PDB/swap_pdbs/6H9N_r_4A49_l.pdb,0
6H9N_r_5TDY_l,A,"B,C",../../GraPPI_data/PDB/swap_pdbs/6H9N_r_5TDY_l.pdb,0
6H9N_r_2LY4_l,A,B,../../GraPPI_data/PDB/swap_pdbs/6H9N_r_2LY4_l.pdb,0
6H9N_l_1B41_r,A,B,../../GraPPI_data/PDB/swap_pdbs/6H9N_l_1B41_r.pdb,0
6H9N_l_1GO4_r,A,B,../../GraPPI_data/PDB/swap_pdbs/6H9N_l_1GO4_r.pdb,0
6H9N_l_5JJD_r,A,B,../../GraPPI_data/PDB/swap_pdbs/6H9N_l_5JJD_r.pdb,0
6H9N_l_4ZLT_r,A,B,../../GraPPI_data/PDB/swap_pdbs/6H9N_l_4ZLT_r.pdb,0
5EJC_r_1TBA_l,A,B,../../GraPPI_data/PDB/swap_pdbs/5EJC_r_1TBA_l.pdb,0
5EJC_r_6FPG_l,A,B,../../GraPPI_data/PDB/swap_pdbs/5EJC_r_6FPG_l.pdb,0
5EJC_r_4BYF_l,A,B,../../GraPPI_data/PDB/swap_pdbs/5EJC_r_4BYF_l.pdb,0
5EJC_r_4HEM_l,A,"B,C,D",../../GraPPI_data/PDB/swap_pdbs/5EJC_r_4HEM_l.pdb,0
5EJC_l_5O05_r,A,"B,C",../../GraPPI_data/PDB/swap_pdbs/5EJC_l_5O05_r.pdb,0
5EJC_l_3BT1_r,A,"B,C",../../GraPPI_data/PDB/swap_pdbs/5EJC_l_3BT1_r.pdb,0
5EJC_l_5OY9_r,A,"B,C",../../GraPPI_data/PDB/swap_pdbs/5EJC_l_5OY9_r.pdb,0
5EJC_l_2LPB_r,A,"B,C",../../GraPPI_data/PDB/swap_pdbs/5EJC_l_2LPB_r.pdb,0
1XDT_r_2FYL_l,A,B,../../GraPPI_data/PDB/swap_pdbs/1XDT_r_2FYL_l.pdb,0
1XDT_r_2X2D_l,A,B,../../GraPPI_data/PDB/swap_pdbs/1XDT_r_2X2D_l.pdb,0
1XDT_r_2DJY_l,A,B,../../GraPPI_data/PDB/swap_pdbs/1XDT_r_2DJY_l.pdb,0
1XDT_r_6GBG_l,A,B,../../GraPPI_data/PDB/swap_pdbs/1XDT_r_6GBG_l.pdb,0
1XDT_l_2I3T_r,A,B,../../GraPPI_data/PDB/swap_pdbs/1XDT_l_2I3T_r.pdb,0
1XDT_l_3GC3_r,A,B,../../GraPPI_data/PDB/swap_pdbs/1XDT_l_3GC3_r.pdb,0
1XDT_l_6F9S_r,A,B,../../GraPPI_data/PDB/swap_pdbs/1XDT_l_6F9S_r.pdb,0
1XDT_l_3UZ0_r,A,B,../../GraPPI_data/PDB/swap_pdbs/1XDT_l_3UZ0_r.pdb,0
4YFD_r_4PP8_l,A,"B,C",../../GraPPI_data/PDB/swap_pdbs/4YFD_r_4PP8_l.pdb,0
4YFD_r_1YK0_l,A,B,../../GraPPI_data/PDB/swap_pdbs/4YFD_r_1YK0_l.pdb,0
4YFD_r_5UN5_l,A,B,../../GraPPI_data/PDB/swap_pdbs/4YFD_r_5UN5_l.pdb,0
4YFD_r_3O6B_l,A,B,../../GraPPI_data/PDB/swap_pdbs/4YFD_r_3O6B_l.pdb,0
4YFD_l_2KRI_r,A,B,../../GraPPI_data/PDB/swap_pdbs/4YFD_l_2KRI_r.pdb,0
4YFD_l_4UDM_r,A,B,../../GraPPI_data/PDB/swap_pdbs/4YFD_l_4UDM_r.pdb,0
4YFD_l_1X1W_r,A,B,../../GraPPI_data/PDB/swap_pdbs/4YFD_l_1X1W_r.pdb,0
4YFD_l_3ECH_r,"A,B",C,../../GraPPI_data/PDB/swap_pdbs/4YFD_l_3ECH_r.pdb,0
4H2S_r_5OMB_l,"A,B",C,../../GraPPI_data/PDB/swap_pdbs/4H2S_r_5OMB_l.pdb,0
4H2S_r_4ZGM_l,"A,B",C,../../GraPPI_data/PDB/swap_pdbs/4H2S_r_4ZGM_l.pdb,0
4H2S_r_6F2G_l,"A,B",C,../../GraPPI_data/PDB/swap_pdbs/4H2S_r_6F2G_l.pdb,0
4H2S_r_5X60_l,"A,B",C,../../GraPPI_data/PDB/swap_pdbs/4H2S_r_5X60_l.pdb,0
4H2S_l_3K8P_r,A,"B,C",../../GraPPI_data/PDB/swap_pdbs/4H2S_l_3K8P_r.pdb,0
4H2S_l_2P4A_r,A,"B,C",../../GraPPI_data/PDB/swap_pdbs/4H2S_l_2P4A_r.pdb,0
4H2S_l_4BYF_r,A,"B,C",../../GraPPI_data/PDB/swap_pdbs/4H2S_l_4BYF_r.pdb,0
4H2S_l_2MAK_r,"A,B","C,D",../../GraPPI_data/PDB/swap_pdbs/4H2S_l_2MAK_r.pdb,0
4ETP_r_5DOB_l,A,B,../../GraPPI_data/PDB/swap_pdbs/4ETP_r_5DOB_l.pdb,0
4ETP_r_4GLA_l,A,B,../../GraPPI_data/PDB/swap_pdbs/4ETP_r_4GLA_l.pdb,0
4ETP_r_5TOJ_l,A,B,../../GraPPI_data/PDB/swap_pdbs/4ETP_r_5TOJ_l.pdb,0
4ETP_r_2I3T_l,A,B,../../GraPPI_data/PDB/swap_pdbs/4ETP_r_2I3T_l.pdb,0
4ETP_l_4PW9_r,A,B,../../GraPPI_data/PDB/swap_pdbs/4ETP_l_4PW9_r.pdb,0
4ETP_l_6NFJ_r,A,B,../../GraPPI_data/PDB/swap_pdbs/4ETP_l_6NFJ_r.pdb,0
4ETP_l_4R8G_r,A,B,../../GraPPI_data/PDB/swap_pdbs/4ETP_l_4R8G_r.pdb,0
4ETP_l_4APF_r,A,B,../../GraPPI_data/PDB/swap_pdbs/4ETP_l_4APF_r.pdb,0
2NYZ_r_4DKD_l,A,B,../../GraPPI_data/PDB/swap_pdbs/2NYZ_r_4DKD_l.pdb,0
2NYZ_r_4R8G_l,A,"B,C,D",../../GraPPI_data/PDB/swap_pdbs/2NYZ_r_4R8G_l.pdb,0
2NYZ_r_3UEZ_l,A,"B,C",../../GraPPI_data/PDB/swap_pdbs/2NYZ_r_3UEZ_l.pdb,0
2NYZ_r_5NVM_l,A,B,../../GraPPI_data/PDB/swap_pdbs/2NYZ_r_5NVM_l.pdb,0
2NYZ_l_2ODG_r,A,"B,C",../../GraPPI_data/PDB/swap_pdbs/2NYZ_l_2ODG_r.pdb,0
2NYZ_l_4ETP_r,A,"B,C",../../GraPPI_data/PDB/swap_pdbs/2NYZ_l_4ETP_r.pdb,0
2NYZ_l_4BKX_r,A,"B,C",../../GraPPI_data/PDB/swap_pdbs/2NYZ_l_4BKX_r.pdb,0
2NYZ_l_2GAF_r,A,"B,C",../../GraPPI_data/PDB/swap_pdbs/2NYZ_l_2GAF_r.pdb,0
4ZLT_r_2WP3_l,A,B,../../GraPPI_data/PDB/swap_pdbs/4ZLT_r_2WP3_l.pdb,0
4ZLT_r_5OY9_l,A,B,../../GraPPI_data/PDB/swap_pdbs/4ZLT_r_5OY9_l.pdb,0
4ZLT_r_2WP0_l,A,"B,C",../../GraPPI_data/PDB/swap_pdbs/4ZLT_r_2WP0_l.pdb,0
4ZLT_r_2K42_l,A,B,../../GraPPI_data/PDB/swap_pdbs/4ZLT_r_2K42_l.pdb,0
4ZLT_l_2X9A_r,A,B,../../GraPPI_data/PDB/swap_pdbs/4ZLT_l_2X9A_r.pdb,0
4ZLT_l_2LP4_r,A,B,../../GraPPI_data/PDB/swap_pdbs/4ZLT_l_2LP4_r.pdb,0
4ZLT_l_6GD5_r,A,B,../../GraPPI_data/PDB/swap_pdbs/4ZLT_l_6GD5_r.pdb,0
4ZLT_l_5V52_r,A,B,../../GraPPI_data/PDB/swap_pdbs/4ZLT_l_5V52_r.pdb,0
5KOF_r_6GD5_l,"A,B",C,../../GraPPI_data/PDB/swap_pdbs/5KOF_r_6GD5_l.pdb,0
5KOF_r_5LP5_l,"A,B","C,D",../../GraPPI_data/PDB/swap_pdbs/5KOF_r_5LP5_l.pdb,0
5KOF_r_4FZV_l,"A,B",C,../../GraPPI_data/PDB/swap_pdbs/5KOF_r_4FZV_l.pdb,0
5KOF_r_4U2X_l,"A,B",C,../../GraPPI_data/PDB/swap_pdbs/5KOF_r_4U2X_l.pdb,0
5KOF_l_5JW7_r,A,"B,C",../../GraPPI_data/PDB/swap_pdbs/5KOF_l_5JW7_r.pdb,0
5KOF_l_2K05_r,"A,B","C,D",../../GraPPI_data/PDB/swap_pdbs/5KOF_l_2K05_r.pdb,0
5KOF_l_2O3B_r,A,"B,C",../../GraPPI_data/PDB/swap_pdbs/5KOF_l_2O3B_r.pdb,0
5KOF_l_3OWT_r,"A,B","C,D",../../GraPPI_data/PDB/swap_pdbs/5KOF_l_3OWT_r.pdb,0
5MJY_r_3ECH_l,"A,B",C,../../GraPPI_data/PDB/swap_pdbs/5MJY_r_3ECH_l.pdb,0
5MJY_r_1Q68_l,"A,B",C,../../GraPPI_data/PDB/swap_pdbs/5MJY_r_1Q68_l.pdb,0
5MJY_r_5XOD_l,"A,B",C,../../GraPPI_data/PDB/swap_pdbs/5MJY_r_5XOD_l.pdb,0
5MJY_r_3TU3_l,"A,B",C,../../GraPPI_data/PDB/swap_pdbs/5MJY_r_3TU3_l.pdb,0
5MJY_l_6OB1_r,"A,B",C,../../GraPPI_data/PDB/swap_pdbs/5MJY_l_6OB1_r.pdb,0
5MJY_l_5XDA_r,A,B,../../GraPPI_data/PDB/swap_pdbs/5MJY_l_5XDA_r.pdb,0
5MJY_l_4NOO_r,A,B,../../GraPPI_data/PDB/swap_pdbs/5MJY_l_4NOO_r.pdb,0
5MJY_l_3ME2_r,A,B,../../GraPPI_data/PDB/swap_pdbs/5MJY_l_3ME2_r.pdb,0
6JCS_r_3ME2_l,A,B,../../GraPPI_data/PDB/swap_pdbs/6JCS_r_3ME2_l.pdb,0
6JCS_r_1OGY_l,A,B,../../GraPPI_data/PDB/swap_pdbs/6JCS_r_1OGY_l.pdb,0
6JCS_r_1PK1_l,A,B,../../GraPPI_data/PDB/swap_pdbs/6JCS_r_1PK1_l.pdb,0
6JCS_r_6CH2_l,A,B,../../GraPPI_data/PDB/swap_pdbs/6JCS_r_6CH2_l.pdb,0
6JCS_l_5KOF_r,"A,B",C,../../GraPPI_data/PDB/swap_pdbs/6JCS_l_5KOF_r.pdb,0
6JCS_l_2ODG_r,A,B,../../GraPPI_data/PDB/swap_pdbs/6JCS_l_2ODG_r.pdb,0
6JCS_l_5NT1_r,A,B,../../GraPPI_data/PDB/swap_pdbs/6JCS_l_5NT1_r.pdb,0
6JCS_l_3F4Y_r,"A,B,C",D,../../GraPPI_data/PDB/swap_pdbs/6JCS_l_3F4Y_r.pdb,0
4XLW_r_4AYE_l,A,B,../../GraPPI_data/PDB/swap_pdbs/4XLW_r_4AYE_l.pdb,0
4XLW_r_4A49_l,A,B,../../GraPPI_data/PDB/swap_pdbs/4XLW_r_4A49_l.pdb,0
4XLW_r_5NT1_l,A,B,../../GraPPI_data/PDB/swap_pdbs/4XLW_r_5NT1_l.pdb,0
4XLW_r_2B7C_l,A,B,../../GraPPI_data/PDB/swap_pdbs/4XLW_r_2B7C_l.pdb,0
4XLW_l_2W83_r,"A,B,C",D,../../GraPPI_data/PDB/swap_pdbs/4XLW_l_2W83_r.pdb,0
4XLW_l_6GHO_r,A,B,../../GraPPI_data/PDB/swap_pdbs/4XLW_l_6GHO_r.pdb,0
4XLW_l_5DOB_r,A,B,../../GraPPI_data/PDB/swap_pdbs/4XLW_l_5DOB_r.pdb,0
4XLW_l_4ETW_r,A,B,../../GraPPI_data/PDB/swap_pdbs/4XLW_l_4ETW_r.pdb,0
4PLO_r_2LKM_l,A,B,../../GraPPI_data/PDB/swap_pdbs/4PLO_r_2LKM_l.pdb,0
4PLO_r_5Z7L_l,A,"B,C",../../GraPPI_data/PDB/swap_pdbs/4PLO_r_5Z7L_l.pdb,0
4PLO_r_1W1W_l,A,"B,C",../../GraPPI_data/PDB/swap_pdbs/4PLO_r_1W1W_l.pdb,0
4PLO_r_6F3Z_l,A,B,../../GraPPI_data/PDB/swap_pdbs/4PLO_r_6F3Z_l.pdb,0
4PLO_l_1GO4_r,A,B,../../GraPPI_data/PDB/swap_pdbs/4PLO_l_1GO4_r.pdb,0
4PLO_l_5K22_r,A,B,../../GraPPI_data/PDB/swap_pdbs/4PLO_l_5K22_r.pdb,0
4PLO_l_6MAV_r,A,B,../../GraPPI_data/PDB/swap_pdbs/4PLO_l_6MAV_r.pdb,0
4PLO_l_6BX4_r,"A,B",C,../../GraPPI_data/PDB/swap_pdbs/4PLO_l_6BX4_r.pdb,0
1HCF_r_2CJS_l,A,B,../../GraPPI_data/PDB/swap_pdbs/1HCF_r_2CJS_l.pdb,0
1HCF_r_1JSP_l,A,B,../../GraPPI_data/PDB/swap_pdbs/1HCF_r_1JSP_l.pdb,0
1HCF_r_3FPU_l,A,B,../../GraPPI_data/PDB/swap_pdbs/1HCF_r_3FPU_l.pdb,0
1HCF_r_3UAI_l,A,B,../../GraPPI_data/PDB/swap_pdbs/1HCF_r_3UAI_l.pdb,0
1HCF_l_4NOO_r,A,"B,C",../../GraPPI_data/PDB/swap_pdbs/1HCF_l_4NOO_r.pdb,0
1HCF_l_1ZHI_r,A,"B,C",../../GraPPI_data/PDB/swap_pdbs/1HCF_l_1ZHI_r.pdb,0
1HCF_l_4YWC_r,A,"B,C",../../GraPPI_data/PDB/swap_pdbs/1HCF_l_4YWC_r.pdb,0
1HCF_l_3VFO_r,"A,B","C,D",../../GraPPI_data/PDB/swap_pdbs/1HCF_l_3VFO_r.pdb,0
4HSA_r_4XHU_l,A,B,../../GraPPI_data/PDB/swap_pdbs/4HSA_r_4XHU_l.pdb,0
4HSA_r_1X1W_l,A,B,../../GraPPI_data/PDB/swap_pdbs/4HSA_r_1X1W_l.pdb,0
4HSA_r_4U0Q_l,A,B,../../GraPPI_data/PDB/swap_pdbs/4HSA_r_4U0Q_l.pdb,0
4HSA_r_4REY_l,A,B,../../GraPPI_data/PDB/swap_pdbs/4HSA_r_4REY_l.pdb,0
4HSA_l_4XLW_r,A,"B,C",../../GraPPI_data/PDB/swap_pdbs/4HSA_l_4XLW_r.pdb,0
4HSA_l_2AZE_r,A,"B,C",../../GraPPI_data/PDB/swap_pdbs/4HSA_l_2AZE_r.pdb,0
4HSA_l_2K3S_r,A,"B,C",../../GraPPI_data/PDB/swap_pdbs/4HSA_l_2K3S_r.pdb,0
4HSA_l_2W84_r,A,"B,C",../../GraPPI_data/PDB/swap_pdbs/4HSA_l_2W84_r.pdb,0
3FII_r_4U2X_l,A,B,../../GraPPI_data/PDB/swap_pdbs/3FII_r_4U2X_l.pdb,0
3FII_r_6OSW_l,A,B,../../GraPPI_data/PDB/swap_pdbs/3FII_r_6OSW_l.pdb,0
3FII_r_4BKX_l,A,B,../../GraPPI_data/PDB/swap_pdbs/3FII_r_4BKX_l.pdb,0
3FII_r_4I9X_l,A,"B,C",../../GraPPI_data/PDB/swap_pdbs/3FII_r_4I9X_l.pdb,0
3FII_l_2XBB_r,A,B,../../GraPPI_data/PDB/swap_pdbs/3FII_l_2XBB_r.pdb,0
3FII_l_5JJD_r,A,B,../../GraPPI_data/PDB/swap_pdbs/3FII_l_5JJD_r.pdb,0
3FII_l_5Z7L_r,"A,B",C,../../GraPPI_data/PDB/swap_pdbs/3FII_l_5Z7L_r.pdb,0
3FII_l_2F6A_r,"A,B",C,../../GraPPI_data/PDB/swap_pdbs/3FII_l_2F6A_r.pdb,0
4JRA_r_3BX7_l,A,B,../../GraPPI_data/PDB/swap_pdbs/4JRA_r_3BX7_l.pdb,0
4JRA_r_1ZE3_l,A,B,../../GraPPI_data/PDB/swap_pdbs/4JRA_r_1ZE3_l.pdb,0
4JRA_r_3CQC_l,A,B,../../GraPPI_data/PDB/swap_pdbs/4JRA_r_3CQC_l.pdb,0
4JRA_r_3FII_l,A,B,../../GraPPI_data/PDB/swap_pdbs/4JRA_r_3FII_l.pdb,0
4JRA_l_2HWN_r,"A,B",C,../../GraPPI_data/PDB/swap_pdbs/4JRA_l_2HWN_r.pdb,0
4JRA_l_4DAY_r,"A,B",C,../../GraPPI_data/PDB/swap_pdbs/4JRA_l_4DAY_r.pdb,0
4JRA_l_2W84_r,A,B,../../GraPPI_data/PDB/swap_pdbs/4JRA_l_2W84_r.pdb,0
4JRA_l_1KBH_r,A,B,../../GraPPI_data/PDB/swap_pdbs/4JRA_l_1KBH_r.pdb,0
2AQ1_r_2AZE_l,A,"B,C",../../GraPPI_data/PDB/swap_pdbs/2AQ1_r_2AZE_l.pdb,0
2AQ1_r_2N73_l,A,B,../../GraPPI_data/PDB/swap_pdbs/2AQ1_r_2N73_l.pdb,0
2AQ1_r_5TOJ_l,A,B,../../GraPPI_data/PDB/swap_pdbs/2AQ1_r_5TOJ_l.pdb,0
2AQ1_r_5B3H_l,A,B,../../GraPPI_data/PDB/swap_pdbs/2AQ1_r_5B3H_l.pdb,0
2AQ1_l_4HSA_r,A,B,../../GraPPI_data/PDB/swap_pdbs/2AQ1_l_4HSA_r.pdb,0
2AQ1_l_6J4S_r,A,B,../../GraPPI_data/PDB/swap_pdbs/2AQ1_l_6J4S_r.pdb,0
2AQ1_l_4BPX_r,A,B,../../GraPPI_data/PDB/swap_pdbs/2AQ1_l_4BPX_r.pdb,0
2AQ1_l_4RA0_r,A,B,../../GraPPI_data/PDB/swap_pdbs/2AQ1_l_4RA0_r.pdb,0
1ZE3_r_1VYT_l,"A,B",C,../../GraPPI_data/PDB/swap_pdbs/1ZE3_r_1VYT_l.pdb,0
1ZE3_r_5XDA_l,"A,B",C,../../GraPPI_data/PDB/swap_pdbs/1ZE3_r_5XDA_l.pdb,0
1ZE3_r_4CT0_l,"A,B",C,../../GraPPI_data/PDB/swap_pdbs/1ZE3_r_4CT0_l.pdb,0
1ZE3_r_4ZKC_l,"A,B",C,../../GraPPI_data/PDB/swap_pdbs/1ZE3_r_4ZKC_l.pdb,0
1ZE3_l_5TDY_r,"A,B",C,../../GraPPI_data/PDB/swap_pdbs/1ZE3_l_5TDY_r.pdb,0
1ZE3_l_3SZK_r,A,B,../../GraPPI_data/PDB/swap_pdbs/1ZE3_l_3SZK_r.pdb,0
1ZE3_l_3C66_r,A,B,../../GraPPI_data/PDB/swap_pdbs/1ZE3_l_3C66_r.pdb,0
1ZE3_l_1QTY_r,"A,B",C,../../GraPPI_data/PDB/swap_pdbs/1ZE3_l_1QTY_r.pdb,0
3MZW_r_4KR0_l,A,B,../../GraPPI_data/PDB/swap_pdbs/3MZW_r_4KR0_l.pdb,0
3MZW_r_6IB8_l,A,B,../../GraPPI_data/PDB/swap_pdbs/3MZW_r_6IB8_l.pdb,0
3MZW_r_1JSP_l,A,B,../../GraPPI_data/PDB/swap_pdbs/3MZW_r_1JSP_l.pdb,0
3MZW_r_1LQB_l,A,B,../../GraPPI_data/PDB/swap_pdbs/3MZW_r_1LQB_l.pdb,0
3MZW_l_6F0G_r,A,B,../../GraPPI_data/PDB/swap_pdbs/3MZW_l_6F0G_r.pdb,0
3MZW_l_4ETP_r,A,B,../../GraPPI_data/PDB/swap_pdbs/3MZW_l_4ETP_r.pdb,0
3MZW_l_2WP3_r,A,B,../../GraPPI_data/PDB/swap_pdbs/3MZW_l_2WP3_r.pdb,0
3MZW_l_4CT0_r,A,B,../../GraPPI_data/PDB/swap_pdbs/3MZW_l_4CT0_r.pdb,0
5BW7_r_6IM9_l,"A,B",C,../../GraPPI_data/PDB/swap_pdbs/5BW7_r_6IM9_l.pdb,0
5BW7_r_4BQD_l,"A,B",C,../../GraPPI_data/PDB/swap_pdbs/5BW7_r_4BQD_l.pdb,0
5BW7_r_5DOB_l,"A,B",C,../../GraPPI_data/PDB/swap_pdbs/5BW7_r_5DOB_l.pdb,0
5BW7_r_1UGH_l,"A,B",C,../../GraPPI_data/PDB/swap_pdbs/5BW7_r_1UGH_l.pdb,0
5BW7_l_1GLA_r,A,B,../../GraPPI_data/PDB/swap_pdbs/5BW7_l_1GLA_r.pdb,0
5BW7_l_4QLP_r,A,B,../../GraPPI_data/PDB/swap_pdbs/5BW7_l_4QLP_r.pdb,0
5BW7_l_4AQE_r,A,B,../../GraPPI_data/PDB/swap_pdbs/5BW7_l_4AQE_r.pdb,0
5BW7_l_5HLZ_r,"A,B",C,../../GraPPI_data/PDB/swap_pdbs/5BW7_l_5HLZ_r.pdb,0
3VFO_r_2NQD_l,"A,B",C,../../GraPPI_data/PDB/swap_pdbs/3VFO_r_2NQD_l.pdb,0
3VFO_r_5OMB_l,"A,B",C,../../GraPPI_data/PDB/swap_pdbs/3VFO_r_5OMB_l.pdb,0
3VFO_r_2W84_l,"A,B",C,../../GraPPI_data/PDB/swap_pdbs/3VFO_r_2W84_l.pdb,0
3VFO_r_4ETW_l,"A,B",C,../../GraPPI_data/PDB/swap_pdbs/3VFO_r_4ETW_l.pdb,0
3VFO_l_1USU_r,A,B,../../GraPPI_data/PDB/swap_pdbs/3VFO_l_1USU_r.pdb,0
3VFO_l_4G59_r,"A,B",C,../../GraPPI_data/PDB/swap_pdbs/3VFO_l_4G59_r.pdb,0
3VFO_l_4ZGY_r,A,B,../../GraPPI_data/PDB/swap_pdbs/3VFO_l_4ZGY_r.pdb,0
3VFO_l_5LPU_r,"A,B",C,../../GraPPI_data/PDB/swap_pdbs/3VFO_l_5LPU_r.pdb,0
5C6T_r_3K75_l,A,B,../../GraPPI_data/PDB/swap_pdbs/5C6T_r_3K75_l.pdb,0
5C6T_r_1Y3B_l,A,B,../../GraPPI_data/PDB/swap_pdbs/5C6T_r_1Y3B_l.pdb,0
5C6T_r_2O8V_l,A,B,../../GraPPI_data/PDB/swap_pdbs/5C6T_r_2O8V_l.pdb,0
5C6T_r_1X1W_l,A,B,../../GraPPI_data/PDB/swap_pdbs/5C6T_r_1X1W_l.pdb,0
5C6T_l_3FII_r,A,"B,C",../../GraPPI_data/PDB/swap_pdbs/5C6T_l_3FII_r.pdb,0
5C6T_l_3MJH_r,A,"B,C",../../GraPPI_data/PDB/swap_pdbs/5C6T_l_3MJH_r.pdb,0
5C6T_l_2W83_r,"A,B,C","D,E",../../GraPPI_data/PDB/swap_pdbs/5C6T_l_2W83_r.pdb,0
5C6T_l_3T0Y_r,"A,B","C,D",../../GraPPI_data/PDB/swap_pdbs/5C6T_l_3T0Y_r.pdb,0
2WO2_r_3VFO_l,A,B,../../GraPPI_data/PDB/swap_pdbs/2WO2_r_3VFO_l.pdb,0
2WO2_r_2IY1_l,A,B,../../GraPPI_data/PDB/swap_pdbs/2WO2_r_2IY1_l.pdb,0
2WO2_r_5VT9_l,A,"B,C",../../GraPPI_data/PDB/swap_pdbs/2WO2_r_5VT9_l.pdb,0
2WO2_r_5LZ6_l,A,B,../../GraPPI_data/PDB/swap_pdbs/2WO2_r_5LZ6_l.pdb,0
2WO2_l_3VEP_r,A,B,../../GraPPI_data/PDB/swap_pdbs/2WO2_l_3VEP_r.pdb,0
2WO2_l_4C5G_r,A,B,../../GraPPI_data/PDB/swap_pdbs/2WO2_l_4C5G_r.pdb,0
2WO2_l_6PNQ_r,A,B,../../GraPPI_data/PDB/swap_pdbs/2WO2_l_6PNQ_r.pdb,0
2WO2_l_4H6J_r,A,B,../../GraPPI_data/PDB/swap_pdbs/2WO2_l_4H6J_r.pdb,0
3ME2_r_5Z78_l,A,B,../../GraPPI_data/PDB/swap_pdbs/3ME2_r_5Z78_l.pdb,0
3ME2_r_2AZE_l,A,"B,C",../../GraPPI_data/PDB/swap_pdbs/3ME2_r_2AZE_l.pdb,0
3ME2_r_4KR0_l,A,B,../../GraPPI_data/PDB/swap_pdbs/3ME2_r_4KR0_l.pdb,0
3ME2_r_5B3H_l,A,B,../../GraPPI_data/PDB/swap_pdbs/3ME2_r_5B3H_l.pdb,0
3ME2_l_2ODG_r,A,B,../../GraPPI_data/PDB/swap_pdbs/3ME2_l_2ODG_r.pdb,0
3ME2_l_4U4C_r,A,B,../../GraPPI_data/PDB/swap_pdbs/3ME2_l_4U4C_r.pdb,0
3ME2_l_6IRE_r,A,B,../../GraPPI_data/PDB/swap_pdbs/3ME2_l_6IRE_r.pdb,0
3ME2_l_2O3B_r,A,B,../../GraPPI_data/PDB/swap_pdbs/3ME2_l_2O3B_r.pdb,0
5LZ6_r_2B7C_l,A,B,../../GraPPI_data/PDB/swap_pdbs/5LZ6_r_2B7C_l.pdb,0
5LZ6_r_4ZGQ_l,A,B,../../GraPPI_data/PDB/swap_pdbs/5LZ6_r_4ZGQ_l.pdb,0
5LZ6_r_4BPX_l,A,B,../../GraPPI_data/PDB/swap_pdbs/5LZ6_r_4BPX_l.pdb,0
5LZ6_r_2KRI_l,A,B,../../GraPPI_data/PDB/swap_pdbs/5LZ6_r_2KRI_l.pdb,0
5LZ6_l_1KTZ_r,A,B,../../GraPPI_data/PDB/swap_pdbs/5LZ6_l_1KTZ_r.pdb,0
5LZ6_l_1PK1_r,A,B,../../GraPPI_data/PDB/swap_pdbs/5LZ6_l_1PK1_r.pdb,0
5LZ6_l_4IKA_r,A,B,../../GraPPI_data/PDB/swap_pdbs/5LZ6_l_4IKA_r.pdb,0
5LZ6_l_4E6K_r,A,B,../../GraPPI_data/PDB/swap_pdbs/5LZ6_l_4E6K_r.pdb,0
4UYQ_r_5XDA_l,A,B,../../GraPPI_data/PDB/swap_pdbs/4UYQ_r_5XDA_l.pdb,0
4UYQ_r_6BVA_l,A,B,../../GraPPI_data/PDB/swap_pdbs/4UYQ_r_6BVA_l.pdb,0
4UYQ_r_3UAI_l,A,B,../../GraPPI_data/PDB/swap_pdbs/4UYQ_r_3UAI_l.pdb,0
4UYQ_r_1XU1_l,A,"B,C,D",../../GraPPI_data/PDB/swap_pdbs/4UYQ_r_1XU1_l.pdb,0
4UYQ_l_3C4M_r,A,B,../../GraPPI_data/PDB/swap_pdbs/4UYQ_l_3C4M_r.pdb,0
4UYQ_l_2H62_r,"A,B",C,../../GraPPI_data/PDB/swap_pdbs/4UYQ_l_2H62_r.pdb,0
4UYQ_l_4C99_r,"A,B",C,../../GraPPI_data/PDB/swap_pdbs/4UYQ_l_4C99_r.pdb,0
4UYQ_l_4ETW_r,A,B,../../GraPPI_data/PDB/swap_pdbs/4UYQ_l_4ETW_r.pdb,0
5MTM_r_5Y4R_l,A,"B,C",../../GraPPI_data/PDB/swap_pdbs/5MTM_r_5Y4R_l.pdb,0
5MTM_r_2MAK_l,A,"B,C",../../GraPPI_data/PDB/swap_pdbs/5MTM_r_2MAK_l.pdb,0
5MTM_r_6BVA_l,A,B,../../GraPPI_data/PDB/swap_pdbs/5MTM_r_6BVA_l.pdb,0
5MTM_r_5WQL_l,A,B,../../GraPPI_data/PDB/swap_pdbs/5MTM_r_5WQL_l.pdb,0
5MTM_l_2J7P_r,A,B,../../GraPPI_data/PDB/swap_pdbs/5MTM_l_2J7P_r.pdb,0
5MTM_l_3PC8_r,A,B,../../GraPPI_data/PDB/swap_pdbs/5MTM_l_3PC8_r.pdb,0
5MTM_l_5KY4_r,A,B,../../GraPPI_data/PDB/swap_pdbs/5MTM_l_5KY4_r.pdb,0
5MTM_l_3HTU_r,A,B,../../GraPPI_data/PDB/swap_pdbs/5MTM_l_3HTU_r.pdb,0
2K3U_r_4APF_l,A,B,../../GraPPI_data/PDB/swap_pdbs/2K3U_r_4APF_l.pdb,0
2K3U_r_3BT1_l,A,B,../../GraPPI_data/PDB/swap_pdbs/2K3U_r_3BT1_l.pdb,0
2K3U_r_4IKA_l,A,B,../../GraPPI_data/PDB/swap_pdbs/2K3U_r_4IKA_l.pdb,0
2K3U_r_4KT5_l,A,B,../../GraPPI_data/PDB/swap_pdbs/2K3U_r_4KT5_l.pdb,0
2K3U_l_1GLA_r,A,B,../../GraPPI_data/PDB/swap_pdbs/2K3U_l_1GLA_r.pdb,0
2K3U_l_2H62_r,"A,B",C,../../GraPPI_data/PDB/swap_pdbs/2K3U_l_2H62_r.pdb,0
2K3U_l_5OC7_r,"A,B",C,../../GraPPI_data/PDB/swap_pdbs/2K3U_l_5OC7_r.pdb,0
2K3U_l_6GVL_r,A,B,../../GraPPI_data/PDB/swap_pdbs/2K3U_l_6GVL_r.pdb,0
1RPQ_r_3OAK_l,A,B,../../GraPPI_data/PDB/swap_pdbs/1RPQ_r_3OAK_l.pdb,0
1RPQ_r_5UZU_l,A,B,../../GraPPI_data/PDB/swap_pdbs/1RPQ_r_5UZU_l.pdb,0
1RPQ_r_4G6U_l,A,B,../../GraPPI_data/PDB/swap_pdbs/1RPQ_r_4G6U_l.pdb,0
1RPQ_r_2V8S_l,A,B,../../GraPPI_data/PDB/swap_pdbs/1RPQ_r_2V8S_l.pdb,0
1RPQ_l_2KHS_r,A,B,../../GraPPI_data/PDB/swap_pdbs/1RPQ_l_2KHS_r.pdb,0
1RPQ_l_4REY_r,A,B,../../GraPPI_data/PDB/swap_pdbs/1RPQ_l_4REY_r.pdb,0
1RPQ_l_4A49_r,A,B,../../GraPPI_data/PDB/swap_pdbs/1RPQ_l_4A49_r.pdb,0
1RPQ_l_3RT0_r,A,B,../../GraPPI_data/PDB/swap_pdbs/1RPQ_l_3RT0_r.pdb,0
2WP3_r_3H2U_l,A,"B,C",../../GraPPI_data/PDB/swap_pdbs/2WP3_r_3H2U_l.pdb,0
2WP3_r_2W83_l,A,"B,C",../../GraPPI_data/PDB/swap_pdbs/2WP3_r_2W83_l.pdb,0
2WP3_r_1T0P_l,A,B,../../GraPPI_data/PDB/swap_pdbs/2WP3_r_1T0P_l.pdb,0
2WP3_r_3WA5_l,A,B,../../GraPPI_data/PDB/swap_pdbs/2WP3_r_3WA5_l.pdb,0
2WP3_l_3L33_r,A,B,../../GraPPI_data/PDB/swap_pdbs/2WP3_l_3L33_r.pdb,0
2WP3_l_2N73_r,A,B,../../GraPPI_data/PDB/swap_pdbs/2WP3_l_2N73_r.pdb,0
2WP3_l_1JSP_r,A,B,../../GraPPI_data/PDB/swap_pdbs/2WP3_l_1JSP_r.pdb,0
2WP3_l_5KY4_r,A,B,../../GraPPI_data/PDB/swap_pdbs/2WP3_l_5KY4_r.pdb,0
6GVL_r_6EY6_l,A,B,../../GraPPI_data/PDB/swap_pdbs/6GVL_r_6EY6_l.pdb,0
6GVL_r_1F47_l,A,B,../../GraPPI_data/PDB/swap_pdbs/6GVL_r_1F47_l.pdb,0
6GVL_r_3ZS8_l,A,"B,C",../../GraPPI_data/PDB/swap_pdbs/6GVL_r_3ZS8_l.pdb,0
6GVL_r_6FUD_l,A,B,../../GraPPI_data/PDB/swap_pdbs/6GVL_r_6FUD_l.pdb,0
6GVL_l_5V5H_r,A,B,../../GraPPI_data/PDB/swap_pdbs/6GVL_l_5V5H_r.pdb,0
6GVL_l_2OOR_r,A,B,../../GraPPI_data/PDB/swap_pdbs/6GVL_l_2OOR_r.pdb,0
6GVL_l_5BW7_r,"A,B",C,../../GraPPI_data/PDB/swap_pdbs/6GVL_l_5BW7_r.pdb,0
6GVL_l_5OC7_r,"A,B",C,../../GraPPI_data/PDB/swap_pdbs/6GVL_l_5OC7_r.pdb,0
4RE1_r_6JHW_l,A,"B,C",../../GraPPI_data/PDB/swap_pdbs/4RE1_r_6JHW_l.pdb,0
4RE1_r_1F3V_l,A,B,../../GraPPI_data/PDB/swap_pdbs/4RE1_r_1F3V_l.pdb,0
4RE1_r_3ZWH_l,A,B,../../GraPPI_data/PDB/swap_pdbs/4RE1_r_3ZWH_l.pdb,0
4RE1_r_4REY_l,A,B,../../GraPPI_data/PDB/swap_pdbs/4RE1_r_4REY_l.pdb,0
4RE1_l_2HRK_r,A,B,../../GraPPI_data/PDB/swap_pdbs/4RE1_l_2HRK_r.pdb,0
4RE1_l_4YFD_r,A,B,../../GraPPI_data/PDB/swap_pdbs/4RE1_l_4YFD_r.pdb,0
4RE1_l_1T01_r,A,B,../../GraPPI_data/PDB/swap_pdbs/4RE1_l_1T01_r.pdb,0
4RE1_l_1ZHI_r,A,B,../../GraPPI_data/PDB/swap_pdbs/4RE1_l_1ZHI_r.pdb,0
6F0G_r_5LZ6_l,A,B,../../GraPPI_data/PDB/swap_pdbs/6F0G_r_5LZ6_l.pdb,0
6F0G_r_3L33_l,A,B,../../GraPPI_data/PDB/swap_pdbs/6F0G_r_3L33_l.pdb,0
6F0G_r_2LEH_l,A,B,../../GraPPI_data/PDB/swap_pdbs/6F0G_r_2LEH_l.pdb,0
6F0G_r_4C5G_l,A,B,../../GraPPI_data/PDB/swap_pdbs/6F0G_r_4C5G_l.pdb,0
6F0G_l_4H6J_r,A,B,../../GraPPI_data/PDB/swap_pdbs/6F0G_l_4H6J_r.pdb,0
6F0G_l_2PCC_r,A,B,../../GraPPI_data/PDB/swap_pdbs/6F0G_l_2PCC_r.pdb,0
6F0G_l_3MZW_r,A,B,../../GraPPI_data/PDB/swap_pdbs/6F0G_l_3MZW_r.pdb,0
6F0G_l_2AQ1_r,A,B,../../GraPPI_data/PDB/swap_pdbs/6F0G_l_2AQ1_r.pdb,0
2QC1_r_2AQ1_l,A,B,../../GraPPI_data/PDB/swap_pdbs/2QC1_r_2AQ1_l.pdb,0
2QC1_r_2K05_l,A,"B,C",../../GraPPI_data/PDB/swap_pdbs/2QC1_r_2K05_l.pdb,0
2QC1_r_5GPG_l,A,B,../../GraPPI_data/PDB/swap_pdbs/2QC1_r_5GPG_l.pdb,0
2QC1_r_6FUD_l,A,B,../../GraPPI_data/PDB/swap_pdbs/2QC1_r_6FUD_l.pdb,0
2QC1_l_1G0V_r,A,B,../../GraPPI_data/PDB/swap_pdbs/2QC1_l_1G0V_r.pdb,0
2QC1_l_3OAK_r,A,B,../../GraPPI_data/PDB/swap_pdbs/2QC1_l_3OAK_r.pdb,0
2QC1_l_6PLM_r,A,B,../../GraPPI_data/PDB/swap_pdbs/2QC1_l_6PLM_r.pdb,0
2QC1_l_3OJ2_r,A,B,../../GraPPI_data/PDB/swap_pdbs/2QC1_l_3OJ2_r.pdb,0
5O05_r_2MLX_l,A,B,../../GraPPI_data/PDB/swap_pdbs/5O05_r_2MLX_l.pdb,0
5O05_r_2VE7_l,A,B,../../GraPPI_data/PDB/swap_pdbs/5O05_r_2VE7_l.pdb,0
5O05_r_2K5B_l,A,B,../../GraPPI_data/PDB/swap_pdbs/5O05_r_2K5B_l.pdb,0
5O05_r_3ECH_l,A,B,../../GraPPI_data/PDB/swap_pdbs/5O05_r_3ECH_l.pdb,0
5O05_l_3O6B_r,A,B,../../GraPPI_data/PDB/swap_pdbs/5O05_l_3O6B_r.pdb,0
5O05_l_4BPX_r,A,B,../../GraPPI_data/PDB/swap_pdbs/5O05_l_4BPX_r.pdb,0
5O05_l_4CPA_r,A,B,../../GraPPI_data/PDB/swap_pdbs/5O05_l_4CPA_r.pdb,0
5O05_l_2OOR_r,A,B,../../GraPPI_data/PDB/swap_pdbs/5O05_l_2OOR_r.pdb,0
5V52_r_6IM9_l,A,B,../../GraPPI_data/PDB/swap_pdbs/5V52_r_6IM9_l.pdb,0
5V52_r_3H2U_l,A,"B,C",../../GraPPI_data/PDB/swap_pdbs/5V52_r_3H2U_l.pdb,0
5V52_r_4BPX_l,A,B,../../GraPPI_data/PDB/swap_pdbs/5V52_r_4BPX_l.pdb,0
5V52_r_2XBB_l,A,B,../../GraPPI_data/PDB/swap_pdbs/5V52_r_2XBB_l.pdb,0
5V52_l_3O6B_r,A,B,../../GraPPI_data/PDB/swap_pdbs/5V52_l_3O6B_r.pdb,0
5V52_l_5UN5_r,A,B,../../GraPPI_data/PDB/swap_pdbs/5V52_l_5UN5_r.pdb,0
5V52_l_5H7Y_r,A,B,../../GraPPI_data/PDB/swap_pdbs/5V52_l_5H7Y_r.pdb,0
5V52_l_3KV4_r,A,B,../../GraPPI_data/PDB/swap_pdbs/5V52_l_3KV4_r.pdb,0
2P4A_r_3FXD_l,A,"B,C",../../GraPPI_data/PDB/swap_pdbs/2P4A_r_3FXD_l.pdb,0
2P4A_r_2J7P_l,A,B,../../GraPPI_data/PDB/swap_pdbs/2P4A_r_2J7P_l.pdb,0
2P4A_r_5Z78_l,A,B,../../GraPPI_data/PDB/swap_pdbs/2P4A_r_5Z78_l.pdb,0
2P4A_r_6GD5_l,A,B,../../GraPPI_data/PDB/swap_pdbs/2P4A_r_6GD5_l.pdb,0
2P4A_l_4U2X_r,A,B,../../GraPPI_data/PDB/swap_pdbs/2P4A_l_4U2X_r.pdb,0
2P4A_l_1L8C_r,A,B,../../GraPPI_data/PDB/swap_pdbs/2P4A_l_1L8C_r.pdb,0
2P4A_l_3T0Y_r,"A,B",C,../../GraPPI_data/PDB/swap_pdbs/2P4A_l_3T0Y_r.pdb,0
2P4A_l_1GXD_r,A,B,../../GraPPI_data/PDB/swap_pdbs/2P4A_l_1GXD_r.pdb,0
4GLA_r_2KRI_l,A,B,../../GraPPI_data/PDB/swap_pdbs/4GLA_r_2KRI_l.pdb,0
4GLA_r_5E6P_l,A,B,../../GraPPI_data/PDB/swap_pdbs/4GLA_r_5E6P_l.pdb,0
4GLA_r_3AA0_l,A,B,../../GraPPI_data/PDB/swap_pdbs/4GLA_r_3AA0_l.pdb,0
4GLA_r_4PW9_l,A,B,../../GraPPI_data/PDB/swap_pdbs/4GLA_r_4PW9_l.pdb,0
4GLA_l_6OAN_r,A,B,../../GraPPI_data/PDB/swap_pdbs/4GLA_l_6OAN_r.pdb,0
4GLA_l_5IMT_r,A,B,../../GraPPI_data/PDB/swap_pdbs/4GLA_l_5IMT_r.pdb,0
4GLA_l_1USU_r,A,B,../../GraPPI_data/PDB/swap_pdbs/4GLA_l_1USU_r.pdb,0
4GLA_l_6FPG_r,A,B,../../GraPPI_data/PDB/swap_pdbs/4GLA_l_6FPG_r.pdb,0
6F2G_r_2AZE_l,A,"B,C",../../GraPPI_data/PDB/swap_pdbs/6F2G_r_2AZE_l.pdb,0
6F2G_r_2VDA_l,A,B,../../GraPPI_data/PDB/swap_pdbs/6F2G_r_2VDA_l.pdb,0
6F2G_r_6JHW_l,A,"B,C",../../GraPPI_data/PDB/swap_pdbs/6F2G_r_6JHW_l.pdb,0
6F2G_r_3FII_l,A,B,../../GraPPI_data/PDB/swap_pdbs/6F2G_r_3FII_l.pdb,0
6F2G_l_1VET_r,A,B,../../GraPPI_data/PDB/swap_pdbs/6F2G_l_1VET_r.pdb,0
6F2G_l_5X60_r,"A,B",C,../../GraPPI_data/PDB/swap_pdbs/6F2G_l_5X60_r.pdb,0
6F2G_l_3Q4F_r,"A,B",C,../../GraPPI_data/PDB/swap_pdbs/6F2G_l_3Q4F_r.pdb,0
6F2G_l_6F9S_r,A,B,../../GraPPI_data/PDB/swap_pdbs/6F2G_l_6F9S_r.pdb,0
6EY6_r_3UZ0_l,"A,B",C,../../GraPPI_data/PDB/swap_pdbs/6EY6_r_3UZ0_l.pdb,0
6EY6_r_5EDV_l,"A,B","C,D,E",../../GraPPI_data/PDB/swap_pdbs/6EY6_r_5EDV_l.pdb,0
6EY6_r_1VRK_l,"A,B",C,../../GraPPI_data/PDB/swap_pdbs/6EY6_r_1VRK_l.pdb,0
6EY6_r_1PK1_l,"A,B",C,../../GraPPI_data/PDB/swap_pdbs/6EY6_r_1PK1_l.pdb,0
6EY6_l_5GPG_r,A,B,../../GraPPI_data/PDB/swap_pdbs/6EY6_l_5GPG_r.pdb,0
6EY6_l_3F4Y_r,"A,B,C",D,../../GraPPI_data/PDB/swap_pdbs/6EY6_l_3F4Y_r.pdb,0
6EY6_l_5O05_r,A,B,../../GraPPI_data/PDB/swap_pdbs/6EY6_l_5O05_r.pdb,0
6EY6_l_6GTQ_r,"A,B",C,../../GraPPI_data/PDB/swap_pdbs/6EY6_l_6GTQ_r.pdb,0
5FHX_r_1Y76_l,A,"B,C",../../GraPPI_data/PDB/swap_pdbs/5FHX_r_1Y76_l.pdb,0
5FHX_r_2LY4_l,A,B,../../GraPPI_data/PDB/swap_pdbs/5FHX_r_2LY4_l.pdb,0
5FHX_r_2I3T_l,A,B,../../GraPPI_data/PDB/swap_pdbs/5FHX_r_2I3T_l.pdb,0
5FHX_r_1W1W_l,A,"B,C",../../GraPPI_data/PDB/swap_pdbs/5FHX_r_1W1W_l.pdb,0
5FHX_l_1CLV_r,A,B,../../GraPPI_data/PDB/swap_pdbs/5FHX_l_1CLV_r.pdb,0
5FHX_l_5MA6_r,A,B,../../GraPPI_data/PDB/swap_pdbs/5FHX_l_5MA6_r.pdb,0
5FHX_l_6GHO_r,A,B,../../GraPPI_data/PDB/swap_pdbs/5FHX_l_6GHO_r.pdb,0
5FHX_l_6HT9_r,A,B,../../GraPPI_data/PDB/swap_pdbs/5FHX_l_6HT9_r.pdb,0
5TOJ_r_2KJ4_l,A,B,../../GraPPI_data/PDB/swap_pdbs/5TOJ_r_2KJ4_l.pdb,0
5TOJ_r_1G0V_l,A,B,../../GraPPI_data/PDB/swap_pdbs/5TOJ_r_1G0V_l.pdb,0
5TOJ_r_3F4Y_l,A,"B,C,D",../../GraPPI_data/PDB/swap_pdbs/5TOJ_r_3F4Y_l.pdb,0
5TOJ_r_3VFO_l,A,B,../../GraPPI_data/PDB/swap_pdbs/5TOJ_r_3VFO_l.pdb,0
5TOJ_l_2QC1_r,A,B,../../GraPPI_data/PDB/swap_pdbs/5TOJ_l_2QC1_r.pdb,0
5TOJ_l_3WRX_r,A,B,../../GraPPI_data/PDB/swap_pdbs/5TOJ_l_3WRX_r.pdb,0
5TOJ_l_2IY1_r,A,B,../../GraPPI_data/PDB/swap_pdbs/5TOJ_l_2IY1_r.pdb,0
5TOJ_l_3H2U_r,"A,B",C,../../GraPPI_data/PDB/swap_pdbs/5TOJ_l_3H2U_r.pdb,0
4DKD_r_2O3B_l,"A,B",C,../../GraPPI_data/PDB/swap_pdbs/4DKD_r_2O3B_l.pdb,0
4DKD_r_2PCC_l,"A,B",C,../../GraPPI_data/PDB/swap_pdbs/4DKD_r_2PCC_l.pdb,0
4DKD_r_4JEU_l,"A,B",C,../../GraPPI_data/PDB/swap_pdbs/4DKD_r_4JEU_l.pdb,0
4DKD_r_2WO2_l,"A,B",C,../../GraPPI_data/PDB/swap_pdbs/4DKD_r_2WO2_l.pdb,0
4DKD_l_4RJF_r,A,B,../../GraPPI_data/PDB/swap_pdbs/4DKD_l_4RJF_r.pdb,0
4DKD_l_2HWN_r,"A,B",C,../../GraPPI_data/PDB/swap_pdbs/4DKD_l_2HWN_r.pdb,0
4DKD_l_2WD5_r,A,B,../../GraPPI_data/PDB/swap_pdbs/4DKD_l_2WD5_r.pdb,0
4DKD_l_4RE1_r,A,B,../../GraPPI_data/PDB/swap_pdbs/4DKD_l_4RE1_r.pdb,0
3UEZ_r_5MR5_l,"A,B",C,../../GraPPI_data/PDB/swap_pdbs/3UEZ_r_5MR5_l.pdb,0
3UEZ_r_6F3Z_l,"A,B",C,../../GraPPI_data/PDB/swap_pdbs/3UEZ_r_6F3Z_l.pdb,0
3UEZ_r_5LPU_l,"A,B","C,D",../../GraPPI_data/PDB/swap_pdbs/3UEZ_r_5LPU_l.pdb,0
3UEZ_r_6OB1_l,"A,B",C,../../GraPPI_data/PDB/swap_pdbs/3UEZ_r_6OB1_l.pdb,0
3UEZ_l_6FTO_r,"A,B","C,D",../../GraPPI_data/PDB/swap_pdbs/3UEZ_l_6FTO_r.pdb,0
3UEZ_l_2L29_r,A,"B,C",../../GraPPI_data/PDB/swap_pdbs/3UEZ_l_2L29_r.pdb,0
3UEZ_l_4N7V_r,"A,B","C,D",../../GraPPI_data/PDB/swap_pdbs/3UEZ_l_4N7V_r.pdb,0
3UEZ_l_3BX7_r,A,"B,C",../../GraPPI_data/PDB/swap_pdbs/3UEZ_l_3BX7_r.pdb,0
3QS7_r_2MLX_l,"A,B",C,../../GraPPI_data/PDB/swap_pdbs/3QS7_r_2MLX_l.pdb,0
3QS7_r_4P1N_l,"A,B","C,D",../../GraPPI_data/PDB/swap_pdbs/3QS7_r_4P1N_l.pdb,0
3QS7_r_5H9B_l,"A,B",C,../../GraPPI_data/PDB/swap_pdbs/3QS7_r_5H9B_l.pdb,0
3QS7_r_3G7Z_l,"A,B","C,D",../../GraPPI_data/PDB/swap_pdbs/3QS7_r_3G7Z_l.pdb,0
3QS7_l_4IHL_r,"A,B","C,D",../../GraPPI_data/PDB/swap_pdbs/3QS7_l_4IHL_r.pdb,0
3QS7_l_2H62_r,"A,B","C,D",../../GraPPI_data/PDB/swap_pdbs/3QS7_l_2H62_r.pdb,0
3QS7_l_4ZGM_r,A,"B,C",../../GraPPI_data/PDB/swap_pdbs/3QS7_l_4ZGM_r.pdb,0
3QS7_l_6IMF_r,A,"B,C",../../GraPPI_data/PDB/swap_pdbs/3QS7_l_6IMF_r.pdb,0
3BX7_r_5X60_l,A,B,../../GraPPI_data/PDB/swap_pdbs/3BX7_r_5X60_l.pdb,0
3BX7_r_3P8M_l,A,"B,C",../../GraPPI_data/PDB/swap_pdbs/3BX7_r_3P8M_l.pdb,0
3BX7_r_2MRO_l,A,B,../../GraPPI_data/PDB/swap_pdbs/3BX7_r_2MRO_l.pdb,0
3BX7_r_2K05_l,A,"B,C",../../GraPPI_data/PDB/swap_pdbs/3BX7_r_2K05_l.pdb,0
3BX7_l_6H7N_r,A,B,../../GraPPI_data/PDB/swap_pdbs/3BX7_l_6H7N_r.pdb,0
3BX7_l_3ECH_r,"A,B",C,../../GraPPI_data/PDB/swap_pdbs/3BX7_l_3ECH_r.pdb,0
3BX7_l_1R6Q_r,A,B,../../GraPPI_data/PDB/swap_pdbs/3BX7_l_1R6Q_r.pdb,0
3BX7_l_5F1B_r,"A,B",C,../../GraPPI_data/PDB/swap_pdbs/3BX7_l_5F1B_r.pdb,0
3NCB_r_3SZK_l,A,"B,C",../../GraPPI_data/PDB/swap_pdbs/3NCB_r_3SZK_l.pdb,0
3NCB_r_3VZA_l,A,"B,C",../../GraPPI_data/PDB/swap_pdbs/3NCB_r_3VZA_l.pdb,0
3NCB_r_2MKC_l,A,"B,C",../../GraPPI_data/PDB/swap_pdbs/3NCB_r_2MKC_l.pdb,0
3NCB_r_5CTR_l,A,B,../../GraPPI_data/PDB/swap_pdbs/3NCB_r_5CTR_l.pdb,0
3NCB_l_5B77_r,A,B,../../GraPPI_data/PDB/swap_pdbs/3NCB_l_5B77_r.pdb,0
3NCB_l_4ETW_r,A,B,../../GraPPI_data/PDB/swap_pdbs/3NCB_l_4ETW_r.pdb,0
3NCB_l_2WBY_r,A,B,../../GraPPI_data/PDB/swap_pdbs/3NCB_l_2WBY_r.pdb,0
3NCB_l_3UL1_r,A,B,../../GraPPI_data/PDB/swap_pdbs/3NCB_l_3UL1_r.pdb,0
2Q7N_r_4W4L_l,A,B,../../GraPPI_data/PDB/swap_pdbs/2Q7N_r_4W4L_l.pdb,0
2Q7N_r_4A49_l,A,B,../../GraPPI_data/PDB/swap_pdbs/2Q7N_r_4A49_l.pdb,0
2Q7N_r_1T6B_l,A,B,../../GraPPI_data/PDB/swap_pdbs/2Q7N_r_1T6B_l.pdb,0
2Q7N_r_3NCB_l,A,B,../../GraPPI_data/PDB/swap_pdbs/2Q7N_r_3NCB_l.pdb,0
2Q7N_l_1XDT_r,A,B,../../GraPPI_data/PDB/swap_pdbs/2Q7N_l_1XDT_r.pdb,0
2Q7N_l_2LY4_r,A,B,../../GraPPI_data/PDB/swap_pdbs/2Q7N_l_2LY4_r.pdb,0
2Q7N_l_1G0V_r,A,B,../../GraPPI_data/PDB/swap_pdbs/2Q7N_l_1G0V_r.pdb,0
2Q7N_l_2X9A_r,A,B,../../GraPPI_data/PDB/swap_pdbs/2Q7N_l_2X9A_r.pdb,0
1QTY_r_5HLZ_l,"A,B","C,D",../../GraPPI_data/PDB/swap_pdbs/1QTY_r_5HLZ_l.pdb,0
1QTY_r_4ZGM_l,"A,B",C,../../GraPPI_data/PDB/swap_pdbs/1QTY_r_4ZGM_l.pdb,0
1QTY_r_5J4A_l,"A,B","C,D",../../GraPPI_data/PDB/swap_pdbs/1QTY_r_5J4A_l.pdb,0
1QTY_r_6IRE_l,"A,B",C,../../GraPPI_data/PDB/swap_pdbs/1QTY_r_6IRE_l.pdb,0
1QTY_l_5DOB_r,A,"B,C",../../GraPPI_data/PDB/swap_pdbs/1QTY_l_5DOB_r.pdb,0
1QTY_l_6M7L_r,A,"B,C",../../GraPPI_data/PDB/swap_pdbs/1QTY_l_6M7L_r.pdb,0
1QTY_l_3GC3_r,A,"B,C",../../GraPPI_data/PDB/swap_pdbs/1QTY_l_3GC3_r.pdb,0
1QTY_l_1GXD_r,A,"B,C",../../GraPPI_data/PDB/swap_pdbs/1QTY_l_1GXD_r.pdb,0
3OJ2_r_1PD7_l,A,B,../../GraPPI_data/PDB/swap_pdbs/3OJ2_r_1PD7_l.pdb,0
3OJ2_r_2LP0_l,A,B,../../GraPPI_data/PDB/swap_pdbs/3OJ2_r_2LP0_l.pdb,0
3OJ2_r_4N7V_l,A,B,../../GraPPI_data/PDB/swap_pdbs/3OJ2_r_4N7V_l.pdb,0
3OJ2_r_1T6B_l,A,B,../../GraPPI_data/PDB/swap_pdbs/3OJ2_r_1T6B_l.pdb,0
3OJ2_l_3NCB_r,A,B,../../GraPPI_data/PDB/swap_pdbs/3OJ2_l_3NCB_r.pdb,0
3OJ2_l_3ZS8_r,"A,B",C,../../GraPPI_data/PDB/swap_pdbs/3OJ2_l_3ZS8_r.pdb,0
3OJ2_l_1F3V_r,A,B,../../GraPPI_data/PDB/swap_pdbs/3OJ2_l_1F3V_r.pdb,0
3OJ2_l_3C4P_r,A,B,../../GraPPI_data/PDB/swap_pdbs/3OJ2_l_3C4P_r.pdb,0
4AQE_r_1JIW_l,A,B,../../GraPPI_data/PDB/swap_pdbs/4AQE_r_1JIW_l.pdb,0
4AQE_r_5B77_l,A,B,../../GraPPI_data/PDB/swap_pdbs/4AQE_r_5B77_l.pdb,0
4AQE_r_4BQD_l,A,B,../../GraPPI_data/PDB/swap_pdbs/4AQE_r_4BQD_l.pdb,0
4AQE_r_5X60_l,A,B,../../GraPPI_data/PDB/swap_pdbs/4AQE_r_5X60_l.pdb,0
4AQE_l_6JWJ_r,A,B,../../GraPPI_data/PDB/swap_pdbs/4AQE_l_6JWJ_r.pdb,0
4AQE_l_5EDV_r,A,B,../../GraPPI_data/PDB/swap_pdbs/4AQE_l_5EDV_r.pdb,0
4AQE_l_2HRK_r,A,B,../../GraPPI_data/PDB/swap_pdbs/4AQE_l_2HRK_r.pdb,0
4AQE_l_5NT1_r,A,B,../../GraPPI_data/PDB/swap_pdbs/4AQE_l_5NT1_r.pdb,0
3F7P_r_5JW7_l,A,B,../../GraPPI_data/PDB/swap_pdbs/3F7P_r_5JW7_l.pdb,0
3F7P_r_3REB_l,A,B,../../GraPPI_data/PDB/swap_pdbs/3F7P_r_3REB_l.pdb,0
3F7P_r_2LP0_l,A,B,../../GraPPI_data/PDB/swap_pdbs/3F7P_r_2LP0_l.pdb,0
3F7P_r_2KHS_l,A,B,../../GraPPI_data/PDB/swap_pdbs/3F7P_r_2KHS_l.pdb,0
3F7P_l_5XSQ_r,A,B,../../GraPPI_data/PDB/swap_pdbs/3F7P_l_5XSQ_r.pdb,0
3F7P_l_4IOP_r,A,B,../../GraPPI_data/PDB/swap_pdbs/3F7P_l_4IOP_r.pdb,0
3F7P_l_2PCC_r,A,B,../../GraPPI_data/PDB/swap_pdbs/3F7P_l_2PCC_r.pdb,0
3F7P_l_2HRK_r,A,B,../../GraPPI_data/PDB/swap_pdbs/3F7P_l_2HRK_r.pdb,0
4U0Q_r_5TL6_l,A,B,../../GraPPI_data/PDB/swap_pdbs/4U0Q_r_5TL6_l.pdb,0
4U0Q_r_4PP8_l,A,"B,C",../../GraPPI_data/PDB/swap_pdbs/4U0Q_r_4PP8_l.pdb,0
4U0Q_r_5UN7_l,A,B,../../GraPPI_data/PDB/swap_pdbs/4U0Q_r_5UN7_l.pdb,0
4U0Q_r_5OSH_l,A,"B,C",../../GraPPI_data/PDB/swap_pdbs/4U0Q_r_5OSH_l.pdb,0
4U0Q_l_6F2G_r,A,B,../../GraPPI_data/PDB/swap_pdbs/4U0Q_l_6F2G_r.pdb,0
4U0Q_l_4MRT_r,A,B,../../GraPPI_data/PDB/swap_pdbs/4U0Q_l_4MRT_r.pdb,0
4U0Q_l_4C99_r,"A,B",C,../../GraPPI_data/PDB/swap_pdbs/4U0Q_l_4C99_r.pdb,0
4U0Q_l_5Y1Z_r,A,B,../../GraPPI_data/PDB/swap_pdbs/4U0Q_l_5Y1Z_r.pdb,0
4I9X_r_5EJC_l,"A,B","C,D",../../GraPPI_data/PDB/swap_pdbs/4I9X_r_5EJC_l.pdb,0
4I9X_r_5UN5_l,"A,B",C,../../GraPPI_data/PDB/swap_pdbs/4I9X_r_5UN5_l.pdb,0
4I9X_r_2V8S_l,"A,B",C,../../GraPPI_data/PDB/swap_pdbs/4I9X_r_2V8S_l.pdb,0
4I9X_r_4ETW_l,"A,B",C,../../GraPPI_data/PDB/swap_pdbs/4I9X_r_4ETW_l.pdb,0
4I9X_l_4XLW_r,A,"B,C",../../GraPPI_data/PDB/swap_pdbs/4I9X_l_4XLW_r.pdb,0
4I9X_l_5ITZ_r,A,"B,C",../../GraPPI_data/PDB/swap_pdbs/4I9X_l_5ITZ_r.pdb,0
4I9X_l_3VEP_r,A,"B,C",../../GraPPI_data/PDB/swap_pdbs/4I9X_l_3VEP_r.pdb,0
4I9X_l_1WQJ_r,A,"B,C",../../GraPPI_data/PDB/swap_pdbs/4I9X_l_1WQJ_r.pdb,0
5IIA_r_6F9S_l,"A,B",C,../../GraPPI_data/PDB/swap_pdbs/5IIA_r_6F9S_l.pdb,0
5IIA_r_3OJ2_l,"A,B",C,../../GraPPI_data/PDB/swap_pdbs/5IIA_r_3OJ2_l.pdb,0
5IIA_r_2QC1_l,"A,B",C,../../GraPPI_data/PDB/swap_pdbs/5IIA_r_2QC1_l.pdb,0
5IIA_r_5OC7_l,"A,B","C,D",../../GraPPI_data/PDB/swap_pdbs/5IIA_r_5OC7_l.pdb,0
5IIA_l_3KZ0_r,A,"B,C",../../GraPPI_data/PDB/swap_pdbs/5IIA_l_3KZ0_r.pdb,0
5IIA_l_3REB_r,A,"B,C",../../GraPPI_data/PDB/swap_pdbs/5IIA_l_3REB_r.pdb,0
5IIA_l_4HEM_r,"A,B,C","D,E",../../GraPPI_data/PDB/swap_pdbs/5IIA_l_4HEM_r.pdb,0
5IIA_l_4M6B_r,A,"B,C",../../GraPPI_data/PDB/swap_pdbs/5IIA_l_4M6B_r.pdb,0
2WP0_r_6GVL_l,"A,B",C,../../GraPPI_data/PDB/swap_pdbs/2WP0_r_6GVL_l.pdb,0
2WP0_r_6F9S_l,"A,B",C,../../GraPPI_data/PDB/swap_pdbs/2WP0_r_6F9S_l.pdb,0
2WP0_r_2LKM_l,"A,B",C,../../GraPPI_data/PDB/swap_pdbs/2WP0_r_2LKM_l.pdb,0
2WP0_r_6JWJ_l,"A,B",C,../../GraPPI_data/PDB/swap_pdbs/2WP0_r_6JWJ_l.pdb,0
2WP0_l_5EDV_r,A,"B,C",../../GraPPI_data/PDB/swap_pdbs/2WP0_l_5EDV_r.pdb,0
2WP0_l_5VT9_r,"A,B","C,D",../../GraPPI_data/PDB/swap_pdbs/2WP0_l_5VT9_r.pdb,0
2WP0_l_4ZGM_r,A,"B,C",../../GraPPI_data/PDB/swap_pdbs/2WP0_l_4ZGM_r.pdb,0
2WP0_l_4APF_r,A,"B,C",../../GraPPI_data/PDB/swap_pdbs/2WP0_l_4APF_r.pdb,0
5EB1_r_3LB8_l,"A,B",C,../../GraPPI_data/PDB/swap_pdbs/5EB1_r_3LB8_l.pdb,0
5EB1_r_1LP1_l,"A,B",C,../../GraPPI_data/PDB/swap_pdbs/5EB1_r_1LP1_l.pdb,0
5EB1_r_5UN7_l,"A,B",C,../../GraPPI_data/PDB/swap_pdbs/5EB1_r_5UN7_l.pdb,0
5EB1_r_4U0Q_l,"A,B",C,../../GraPPI_data/PDB/swap_pdbs/5EB1_r_4U0Q_l.pdb,0
5EB1_l_3ZWZ_r,A,"B,C",../../GraPPI_data/PDB/swap_pdbs/5EB1_l_3ZWZ_r.pdb,0
5EB1_l_2Q0O_r,"A,B","C,D",../../GraPPI_data/PDB/swap_pdbs/5EB1_l_2Q0O_r.pdb,0
5EB1_l_2FYL_r,A,"B,C",../../GraPPI_data/PDB/swap_pdbs/5EB1_l_2FYL_r.pdb,0
5EB1_l_6J9M_r,"A,B","C,D",../../GraPPI_data/PDB/swap_pdbs/5EB1_l_6J9M_r.pdb,0
5Z78_r_2XBB_l,"A,B",C,../../GraPPI_data/PDB/swap_pdbs/5Z78_r_2XBB_l.pdb,0
5Z78_r_2X9A_l,"A,B",C,../../GraPPI_data/PDB/swap_pdbs/5Z78_r_2X9A_l.pdb,0
5Z78_r_1YK0_l,"A,B",C,../../GraPPI_data/PDB/swap_pdbs/5Z78_r_1YK0_l.pdb,0
5Z78_r_5C6T_l,"A,B","C,D",../../GraPPI_data/PDB/swap_pdbs/5Z78_r_5C6T_l.pdb,0
5Z78_l_2XBB_r,A,B,../../GraPPI_data/PDB/swap_pdbs/5Z78_l_2XBB_r.pdb,0
5Z78_l_2GOX_r,A,B,../../GraPPI_data/PDB/swap_pdbs/5Z78_l_2GOX_r.pdb,0
5Z78_l_2DJY_r,A,B,../../GraPPI_data/PDB/swap_pdbs/5Z78_l_2DJY_r.pdb,0
5Z78_l_3OJ2_r,A,B,../../GraPPI_data/PDB/swap_pdbs/5Z78_l_3OJ2_r.pdb,0
5F1B_r_3UAI_l,"A,B",C,../../GraPPI_data/PDB/swap_pdbs/5F1B_r_3UAI_l.pdb,0
5F1B_r_2MAK_l,"A,B","C,D",../../GraPPI_data/PDB/swap_pdbs/5F1B_r_2MAK_l.pdb,0
5F1B_r_5MA6_l,"A,B",C,../../GraPPI_data/PDB/swap_pdbs/5F1B_r_5MA6_l.pdb,0
5F1B_r_5Z78_l,"A,B",C,../../GraPPI_data/PDB/swap_pdbs/5F1B_r_5Z78_l.pdb,0
5F1B_l_6EY6_r,"A,B",C,../../GraPPI_data/PDB/swap_pdbs/5F1B_l_6EY6_r.pdb,0
5F1B_l_1G0V_r,A,B,../../GraPPI_data/PDB/swap_pdbs/5F1B_l_1G0V_r.pdb,0
5F1B_l_1Y76_r,"A,B",C,../../GraPPI_data/PDB/swap_pdbs/5F1B_l_1Y76_r.pdb,0
5F1B_l_1UGH_r,A,B,../../GraPPI_data/PDB/swap_pdbs/5F1B_l_1UGH_r.pdb,0
2WY2_r_2LPB_l,"A,B,C",D,../../GraPPI_data/PDB/swap_pdbs/2WY2_r_2LPB_l.pdb,0
2WY2_r_3O6Q_l,"A,B,C","D,E",../../GraPPI_data/PDB/swap_pdbs/2WY2_r_3O6Q_l.pdb,0
2WY2_r_3VFO_l,"A,B,C",D,../../GraPPI_data/PDB/swap_pdbs/2WY2_r_3VFO_l.pdb,0
2WY2_r_4U2X_l,"A,B,C",D,../../GraPPI_data/PDB/swap_pdbs/2WY2_r_4U2X_l.pdb,0
2WY2_l_2K5B_r,A,B,../../GraPPI_data/PDB/swap_pdbs/2WY2_l_2K5B_r.pdb,0
2WY2_l_2B4J_r,A,B,../../GraPPI_data/PDB/swap_pdbs/2WY2_l_2B4J_r.pdb,0
2WY2_l_5DOB_r,A,B,../../GraPPI_data/PDB/swap_pdbs/2WY2_l_5DOB_r.pdb,0
2WY2_l_5OSH_r,A,B,../../GraPPI_data/PDB/swap_pdbs/2WY2_l_5OSH_r.pdb,0
3O6Q_r_4G6U_l,"A,B",C,../../GraPPI_data/PDB/swap_pdbs/3O6Q_r_4G6U_l.pdb,0
3O6Q_r_3ZWZ_l,"A,B",C,../../GraPPI_data/PDB/swap_pdbs/3O6Q_r_3ZWZ_l.pdb,0
3O6Q_r_2GYK_l,"A,B",C,../../GraPPI_data/PDB/swap_pdbs/3O6Q_r_2GYK_l.pdb,0
3O6Q_r_4ZKC_l,"A,B",C,../../GraPPI_data/PDB/swap_pdbs/3O6Q_r_4ZKC_l.pdb,0
3O6Q_l_1XD3_r,A,"B,C",../../GraPPI_data/PDB/swap_pdbs/3O6Q_l_1XD3_r.pdb,0
3O6Q_l_1W1W_r,"A,B","C,D",../../GraPPI_data/PDB/swap_pdbs/3O6Q_l_1W1W_r.pdb,0
3O6Q_l_5MTM_r,A,"B,C",../../GraPPI_data/PDB/swap_pdbs/3O6Q_l_5MTM_r.pdb,0
3O6Q_l_5JDO_r,A,"B,C",../../GraPPI_data/PDB/swap_pdbs/3O6Q_l_5JDO_r.pdb,0
6BX4_r_4CPA_l,"A,B",C,../../GraPPI_data/PDB/swap_pdbs/6BX4_r_4CPA_l.pdb,0
6BX4_r_4U0Q_l,"A,B",C,../../GraPPI_data/PDB/swap_pdbs/6BX4_r_4U0Q_l.pdb,0
6BX4_r_2K5B_l,"A,B",C,../../GraPPI_data/PDB/swap_pdbs/6BX4_r_2K5B_l.pdb,0
6BX4_r_5EJC_l,"A,B","C,D",../../GraPPI_data/PDB/swap_pdbs/6BX4_r_5EJC_l.pdb,0
6BX4_l_5JJD_r,A,"B,C",../../GraPPI_data/PDB/swap_pdbs/6BX4_l_5JJD_r.pdb,0
6BX4_l_4U4C_r,A,"B,C",../../GraPPI_data/PDB/swap_pdbs/6BX4_l_4U4C_r.pdb,0
6BX4_l_6FPG_r,A,"B,C",../../GraPPI_data/PDB/swap_pdbs/6BX4_l_6FPG_r.pdb,0
6BX4_l_1YCS_r,A,"B,C",../../GraPPI_data/PDB/swap_pdbs/6BX4_l_1YCS_r.pdb,0
3SZK_r_4H2S_l,A,"B,C",../../GraPPI_data/PDB/swap_pdbs/3SZK_r_4H2S_l.pdb,0
3SZK_r_4J2L_l,A,B,../../GraPPI_data/PDB/swap_pdbs/3SZK_r_4J2L_l.pdb,0
3SZK_r_4IYP_l,A,B,../../GraPPI_data/PDB/swap_pdbs/3SZK_r_4IYP_l.pdb,0
3SZK_r_2HWN_l,A,B,../../GraPPI_data/PDB/swap_pdbs/3SZK_r_2HWN_l.pdb,0
3SZK_l_4UYQ_r,A,"B,C",../../GraPPI_data/PDB/swap_pdbs/3SZK_l_4UYQ_r.pdb,0
3SZK_l_6NFJ_r,A,"B,C",../../GraPPI_data/PDB/swap_pdbs/3SZK_l_6NFJ_r.pdb,0
3SZK_l_1KBH_r,A,"B,C",../../GraPPI_data/PDB/swap_pdbs/3SZK_l_1KBH_r.pdb,0
3SZK_l_4HEM_r,"A,B,C","D,E",../../GraPPI_data/PDB/swap_pdbs/3SZK_l_4HEM_r.pdb,0
4E6K_r_6JCS_l,A,B,../../GraPPI_data/PDB/swap_pdbs/4E6K_r_6JCS_l.pdb,0
4E6K_r_5F1B_l,A,B,../../GraPPI_data/PDB/swap_pdbs/4E6K_r_5F1B_l.pdb,0
4E6K_r_1YCS_l,A,B,../../GraPPI_data/PDB/swap_pdbs/4E6K_r_1YCS_l.pdb,0
4E6K_r_3MZW_l,A,B,../../GraPPI_data/PDB/swap_pdbs/4E6K_r_3MZW_l.pdb,0
4E6K_l_5B77_r,A,"B,C",../../GraPPI_data/PDB/swap_pdbs/4E6K_l_5B77_r.pdb,0
4E6K_l_5J4A_r,"A,B","C,D",../../GraPPI_data/PDB/swap_pdbs/4E6K_l_5J4A_r.pdb,0
4E6K_l_5WQL_r,A,"B,C",../../GraPPI_data/PDB/swap_pdbs/4E6K_l_5WQL_r.pdb,0
4E6K_l_2K05_r,"A,B","C,D",../../GraPPI_data/PDB/swap_pdbs/4E6K_l_2K05_r.pdb,0
5JDO_r_5IIA_l,A,"B,C",../../GraPPI_data/PDB/swap_pdbs/5JDO_r_5IIA_l.pdb,0
5JDO_r_3QC8_l,A,B,../../GraPPI_data/PDB/swap_pdbs/5JDO_r_3QC8_l.pdb,0
5JDO_r_6CH2_l,A,B,../../GraPPI_data/PDB/swap_pdbs/5JDO_r_6CH2_l.pdb,0
5JDO_r_3WA5_l,A,B,../../GraPPI_data/PDB/swap_pdbs/5JDO_r_3WA5_l.pdb,0
5JDO_l_5E6P_r,A,"B,C",../../GraPPI_data/PDB/swap_pdbs/5JDO_l_5E6P_r.pdb,0
5JDO_l_5TOJ_r,A,"B,C",../../GraPPI_data/PDB/swap_pdbs/5JDO_l_5TOJ_r.pdb,0
5JDO_l_4BPX_r,A,"B,C",../../GraPPI_data/PDB/swap_pdbs/5JDO_l_4BPX_r.pdb,0
5JDO_l_4KT5_r,"A,B","C,D",../../GraPPI_data/PDB/swap_pdbs/5JDO_l_4KT5_r.pdb,0
4P1N_r_2HRK_l,"A,B",C,../../GraPPI_data/PDB/swap_pdbs/4P1N_r_2HRK_l.pdb,0
4P1N_r_2MAK_l,"A,B","C,D",../../GraPPI_data/PDB/swap_pdbs/4P1N_r_2MAK_l.pdb,0
4P1N_r_6H9N_l,"A,B",C,../../GraPPI_data/PDB/swap_pdbs/4P1N_r_6H9N_l.pdb,0
4P1N_r_1GXD_l,"A,B",C,../../GraPPI_data/PDB/swap_pdbs/4P1N_r_1GXD_l.pdb,0
4P1N_l_1YRU_r,A,"B,C",../../GraPPI_data/PDB/swap_pdbs/4P1N_l_1YRU_r.pdb,0
4P1N_l_3TU3_r,A,"B,C",../../GraPPI_data/PDB/swap_pdbs/4P1N_l_3TU3_r.pdb,0
4P1N_l_2Q0O_r,"A,B","C,D",../../GraPPI_data/PDB/swap_pdbs/4P1N_l_2Q0O_r.pdb,0
4P1N_l_6CH2_r,A,"B,C",../../GraPPI_data/PDB/swap_pdbs/4P1N_l_6CH2_r.pdb,0
2Q0O_r_5UZU_l,"A,B",C,../../GraPPI_data/PDB/swap_pdbs/2Q0O_r_5UZU_l.pdb,0
2Q0O_r_4U4C_l,"A,B",C,../../GraPPI_data/PDB/swap_pdbs/2Q0O_r_4U4C_l.pdb,0
2Q0O_r_6B12_l,"A,B",C,../../GraPPI_data/PDB/swap_pdbs/2Q0O_r_6B12_l.pdb,0
2Q0O_r_5OO6_l,"A,B",C,../../GraPPI_data/PDB/swap_pdbs/2Q0O_r_5OO6_l.pdb,0
2Q0O_l_4H2S_r,"A,B","C,D",../../GraPPI_data/PDB/swap_pdbs/2Q0O_l_4H2S_r.pdb,0
2Q0O_l_2MKC_r,A,"B,C",../../GraPPI_data/PDB/swap_pdbs/2Q0O_l_2MKC_r.pdb,0
2Q0O_l_3FII_r,A,"B,C",../../GraPPI_data/PDB/swap_pdbs/2Q0O_l_3FII_r.pdb,0
2Q0O_l_5B3H_r,"A,B","C,D",../../GraPPI_data/PDB/swap_pdbs/2Q0O_l_5B3H_r.pdb,0
4MRT_r_2WY2_l,A,B,../../GraPPI_data/PDB/swap_pdbs/4MRT_r_2WY2_l.pdb,0
4MRT_r_5XNP_l,A,B,../../GraPPI_data/PDB/swap_pdbs/4MRT_r_5XNP_l.pdb,0
4MRT_r_3T0Y_l,A,"B,C",../../GraPPI_data/PDB/swap_pdbs/4MRT_r_3T0Y_l.pdb,0
4MRT_r_1JSP_l,A,B,../../GraPPI_data/PDB/swap_pdbs/4MRT_r_1JSP_l.pdb,0
4MRT_l_6M9K_r,A,B,../../GraPPI_data/PDB/swap_pdbs/4MRT_l_6M9K_r.pdb,0
4MRT_l_3LB8_r,A,B,../../GraPPI_data/PDB/swap_pdbs/4MRT_l_3LB8_r.pdb,0
4MRT_l_5EB1_r,"A,B",C,../../GraPPI_data/PDB/swap_pdbs/4MRT_l_5EB1_r.pdb,0
4MRT_l_5XNP_r,A,B,../../GraPPI_data/PDB/swap_pdbs/4MRT_l_5XNP_r.pdb,0
4IOP_r_5TDY_l,A,"B,C",../../GraPPI_data/PDB/swap_pdbs/4IOP_r_5TDY_l.pdb,0
4IOP_r_1KKL_l,A,"B,C,D",../../GraPPI_data/PDB/swap_pdbs/4IOP_r_1KKL_l.pdb,0
4IOP_r_3P8M_l,A,"B,C",../../GraPPI_data/PDB/swap_pdbs/4IOP_r_3P8M_l.pdb,0
4IOP_r_1YK0_l,A,B,../../GraPPI_data/PDB/swap_pdbs/4IOP_r_1YK0_l.pdb,0
4IOP_l_5LP5_r,A,B,../../GraPPI_data/PDB/swap_pdbs/4IOP_l_5LP5_r.pdb,0
4IOP_l_2WD5_r,A,B,../../GraPPI_data/PDB/swap_pdbs/4IOP_l_2WD5_r.pdb,0
4IOP_l_1TBA_r,A,B,../../GraPPI_data/PDB/swap_pdbs/4IOP_l_1TBA_r.pdb,0
4IOP_l_2LKM_r,A,B,../../GraPPI_data/PDB/swap_pdbs/4IOP_l_2LKM_r.pdb,0
5TZN_r_3D1M_l,"A,B",C,../../GraPPI_data/PDB/swap_pdbs/5TZN_r_3D1M_l.pdb,0
5TZN_r_2WP3_l,"A,B",C,../../GraPPI_data/PDB/swap_pdbs/5TZN_r_2WP3_l.pdb,0
5TZN_r_5JW7_l,"A,B",C,../../GraPPI_data/PDB/swap_pdbs/5TZN_r_5JW7_l.pdb,0
5TZN_r_5Y4R_l,"A,B","C,D",../../GraPPI_data/PDB/swap_pdbs/5TZN_r_5Y4R_l.pdb,0
5TZN_l_2HWN_r,"A,B","C,D",../../GraPPI_data/PDB/swap_pdbs/5TZN_l_2HWN_r.pdb,0
5TZN_l_4KT5_r,"A,B","C,D",../../GraPPI_data/PDB/swap_pdbs/5TZN_l_4KT5_r.pdb,0
5TZN_l_1VYT_r,A,"B,C",../../GraPPI_data/PDB/swap_pdbs/5TZN_l_1VYT_r.pdb,0
5TZN_l_2GAF_r,A,"B,C",../../GraPPI_data/PDB/swap_pdbs/5TZN_l_2GAF_r.pdb,0
4PP8_r_5BW7_l,"A,B",C,../../GraPPI_data/PDB/swap_pdbs/4PP8_r_5BW7_l.pdb,0
4PP8_r_2ZVN_l,"A,B","C,D",../../GraPPI_data/PDB/swap_pdbs/4PP8_r_2ZVN_l.pdb,0
4PP8_r_3NCB_l,"A,B",C,../../GraPPI_data/PDB/swap_pdbs/4PP8_r_3NCB_l.pdb,0
4PP8_r_3K1R_l,"A,B",C,../../GraPPI_data/PDB/swap_pdbs/4PP8_r_3K1R_l.pdb,0
4PP8_l_3O5T_r,A,"B,C",../../GraPPI_data/PDB/swap_pdbs/4PP8_l_3O5T_r.pdb,0
4PP8_l_5OO6_r,"A,B","C,D",../../GraPPI_data/PDB/swap_pdbs/4PP8_l_5OO6_r.pdb,0
4PP8_l_5F4E_r,A,"B,C",../../GraPPI_data/PDB/swap_pdbs/4PP8_l_5F4E_r.pdb,0
4PP8_l_3RT0_r,A,"B,C",../../GraPPI_data/PDB/swap_pdbs/4PP8_l_3RT0_r.pdb,0
2CJS_r_5JDO_l,"A,B","C,D",../../GraPPI_data/PDB/swap_pdbs/2CJS_r_5JDO_l.pdb,0
2CJS_r_6F2G_l,"A,B",C,../../GraPPI_data/PDB/swap_pdbs/2CJS_r_6F2G_l.pdb,0
2CJS_r_4XHU_l,"A,B",C,../../GraPPI_data/PDB/swap_pdbs/2CJS_r_4XHU_l.pdb,0
2CJS_r_3MJH_l,"A,B",C,../../GraPPI_data/PDB/swap_pdbs/2CJS_r_3MJH_l.pdb,0
2CJS_l_4GLA_r,A,B,../../GraPPI_data/PDB/swap_pdbs/2CJS_l_4GLA_r.pdb,0
2CJS_l_4OVN_r,A,B,../../GraPPI_data/PDB/swap_pdbs/2CJS_l_4OVN_r.pdb,0
2CJS_l_4PAS_r,A,B,../../GraPPI_data/PDB/swap_pdbs/2CJS_l_4PAS_r.pdb,0
2CJS_l_6IVU_r,A,B,../../GraPPI_data/PDB/swap_pdbs/2CJS_l_6IVU_r.pdb,0
4KT5_r_2J7P_l,"A,B",C,../../GraPPI_data/PDB/swap_pdbs/4KT5_r_2J7P_l.pdb,0
4KT5_r_6IMF_l,"A,B",C,../../GraPPI_data/PDB/swap_pdbs/4KT5_r_6IMF_l.pdb,0
4KT5_r_4IHL_l,"A,B",C,../../GraPPI_data/PDB/swap_pdbs/4KT5_r_4IHL_l.pdb,0
4KT5_r_3O6Q_l,"A,B","C,D",../../GraPPI_data/PDB/swap_pdbs/4KT5_r_3O6Q_l.pdb,0
4KT5_l_2AJF_r,A,B,../../GraPPI_data/PDB/swap_pdbs/4KT5_l_2AJF_r.pdb,0
4KT5_l_5TOJ_r,A,B,../../GraPPI_data/PDB/swap_pdbs/4KT5_l_5TOJ_r.pdb,0
4KT5_l_4U0Q_r,A,B,../../GraPPI_data/PDB/swap_pdbs/4KT5_l_4U0Q_r.pdb,0
4KT5_l_6IRE_r,A,B,../../GraPPI_data/PDB/swap_pdbs/4KT5_l_6IRE_r.pdb,0
5OC7_r_2W84_l,"A,B",C,../../GraPPI_data/PDB/swap_pdbs/5OC7_r_2W84_l.pdb,0
5OC7_r_4BPX_l,"A,B",C,../../GraPPI_data/PDB/swap_pdbs/5OC7_r_4BPX_l.pdb,0
5OC7_r_5V5H_l,"A,B",C,../../GraPPI_data/PDB/swap_pdbs/5OC7_r_5V5H_l.pdb,0
5OC7_r_1WVE_l,"A,B",C,../../GraPPI_data/PDB/swap_pdbs/5OC7_r_1WVE_l.pdb,0
5OC7_l_4HEM_r,"A,B,C","D,E",../../GraPPI_data/PDB/swap_pdbs/5OC7_l_4HEM_r.pdb,0
5OC7_l_6G04_r,A,"B,C",../../GraPPI_data/PDB/swap_pdbs/5OC7_l_6G04_r.pdb,0
5OC7_l_3G7Z_r,"A,B","C,D",../../GraPPI_data/PDB/swap_pdbs/5OC7_l_3G7Z_r.pdb,0
5OC7_l_2V8S_r,A,"B,C",../../GraPPI_data/PDB/swap_pdbs/5OC7_l_2V8S_r.pdb,0
5J4A_r_5EB1_l,"A,B","C,D",../../GraPPI_data/PDB/swap_pdbs/5J4A_r_5EB1_l.pdb,0
5J4A_r_2O3B_l,"A,B",C,../../GraPPI_data/PDB/swap_pdbs/5J4A_r_2O3B_l.pdb,0
5J4A_r_5B77_l,"A,B",C,../../GraPPI_data/PDB/swap_pdbs/5J4A_r_5B77_l.pdb,0
5J4A_r_4PW9_l,"A,B",C,../../GraPPI_data/PDB/swap_pdbs/5J4A_r_4PW9_l.pdb,0
5J4A_l_2WP0_r,"A,B","C,D",../../GraPPI_data/PDB/swap_pdbs/5J4A_l_2WP0_r.pdb,0
5J4A_l_5LPU_r,"A,B","C,D",../../GraPPI_data/PDB/swap_pdbs/5J4A_l_5LPU_r.pdb,0
5J4A_l_6OSW_r,A,"B,C",../../GraPPI_data/PDB/swap_pdbs/5J4A_l_6OSW_r.pdb,0
5J4A_l_1HCF_r,A,"B,C",../../GraPPI_data/PDB/swap_pdbs/5J4A_l_1HCF_r.pdb,0
6JHW_r_6IRE_l,"A,B",C,../../GraPPI_data/PDB/swap_pdbs/6JHW_r_6IRE_l.pdb,0
6JHW_r_6M9K_l,"A,B",C,../../GraPPI_data/PDB/swap_pdbs/6JHW_r_6M9K_l.pdb,0
6JHW_r_5FW5_l,"A,B",C,../../GraPPI_data/PDB/swap_pdbs/6JHW_r_5FW5_l.pdb,0
6JHW_r_1JIW_l,"A,B",C,../../GraPPI_data/PDB/swap_pdbs/6JHW_r_1JIW_l.pdb,0
6JHW_l_1XU1_r,A,"B,C",../../GraPPI_data/PDB/swap_pdbs/6JHW_l_1XU1_r.pdb,0
6JHW_l_5F5S_r,A,"B,C",../../GraPPI_data/PDB/swap_pdbs/6JHW_l_5F5S_r.pdb,0
6JHW_l_4OVN_r,A,"B,C",../../GraPPI_data/PDB/swap_pdbs/6JHW_l_4OVN_r.pdb,0
6JHW_l_1G0V_r,A,"B,C",../../GraPPI_data/PDB/swap_pdbs/6JHW_l_1G0V_r.pdb,0
1KKL_r_3QC8_l,A,B,../../GraPPI_data/PDB/swap_pdbs/1KKL_r_3QC8_l.pdb,0
1KKL_r_4APF_l,A,B,../../GraPPI_data/PDB/swap_pdbs/1KKL_r_4APF_l.pdb,0
1KKL_r_1T6B_l,A,B,../../GraPPI_data/PDB/swap_pdbs/1KKL_r_1T6B_l.pdb,0
1KKL_r_2HRK_l,A,B,../../GraPPI_data/PDB/swap_pdbs/1KKL_r_2HRK_l.pdb,0
1KKL_l_4G59_r,"A,B","C,D,E",../../GraPPI_data/PDB/swap_pdbs/1KKL_l_4G59_r.pdb,0
1KKL_l_2LY4_r,A,"B,C,D",../../GraPPI_data/PDB/swap_pdbs/1KKL_l_2LY4_r.pdb,0
1KKL_l_3K1R_r,A,"B,C,D",../../GraPPI_data/PDB/swap_pdbs/1KKL_l_3K1R_r.pdb,0
1KKL_l_4CPA_r,A,"B,C,D",../../GraPPI_data/PDB/swap_pdbs/1KKL_l_4CPA_r.pdb,0
2B4J_r_6BVA_l,A,B,../../GraPPI_data/PDB/swap_pdbs/2B4J_r_6BVA_l.pdb,0
2B4J_r_2B7C_l,A,B,../../GraPPI_data/PDB/swap_pdbs/2B4J_r_2B7C_l.pdb,0
2B4J_r_6MAV_l,A,B,../../GraPPI_data/PDB/swap_pdbs/2B4J_r_6MAV_l.pdb,0
2B4J_r_5HLZ_l,A,"B,C",../../GraPPI_data/PDB/swap_pdbs/2B4J_r_5HLZ_l.pdb,0
2B4J_l_1G0V_r,A,"B,C",../../GraPPI_data/PDB/swap_pdbs/2B4J_l_1G0V_r.pdb,0
2B4J_l_5CZF_r,A,"B,C",../../GraPPI_data/PDB/swap_pdbs/2B4J_l_5CZF_r.pdb,0
2B4J_l_5UN7_r,A,"B,C",../../GraPPI_data/PDB/swap_pdbs/2B4J_l_5UN7_r.pdb,0
2B4J_l_1T6B_r,A,"B,C",../../GraPPI_data/PDB/swap_pdbs/2B4J_l_1T6B_r.pdb,0
