PDB,Receptor Chains,Ligand Chains,paths,affinity
1A22,B,A,../../GraPPI_data/PDB/SKEMPI_v2.0/1A22.pdb,12.62267092778294
1A4Y,B,A,../../GraPPI_data/PDB/SKEMPI_v2.0/1A4Y.pdb,20.6586461843142
1ACB,I,E,../../GraPPI_data/PDB/SKEMPI_v2.0/1ACB.pdb,14.567623840228615
1AHW,C,"A, B",../../GraPPI_data/PDB/SKEMPI_v2.0/1AHW.pdb,11.547342171686186
1AK4,D,A,../../GraPPI_data/PDB/SKEMPI_v2.0/1AK4.pdb,6.606703527733124
1AO7,"D, E","A, B, C",../../GraPPI_data/PDB/SKEMPI_v2.0/1AO7.pdb,7.416268170661444
1B2S,D,A,../../GraPPI_data/PDB/SKEMPI_v2.0/1B2S.pdb,13.368485511243184
1B2U,D,A,../../GraPPI_data/PDB/SKEMPI_v2.0/1B2U.pdb,9.544924598991711
1B3S,D,A,../../GraPPI_data/PDB/SKEMPI_v2.0/1B3S.pdb,13.542631011547533
1B41,B,A,../../GraPPI_data/PDB/SKEMPI_v2.0/1B41.pdb,13.672248371588722
1BD2,"D, E","A, B, C",../../GraPPI_data/PDB/SKEMPI_v2.0/1BD2.pdb,7.895677511112029
1BJ1,"V, W","H, L",../../GraPPI_data/PDB/SKEMPI_v2.0/1BJ1.pdb,11.547342171686186
1BP3,B,A,../../GraPPI_data/PDB/SKEMPI_v2.0/1BP3.pdb,14.292142018464038
1BRS,D,A,../../GraPPI_data/PDB/SKEMPI_v2.0/1BRS.pdb,19.012164861817343
1C1Y,B,A,../../GraPPI_data/PDB/SKEMPI_v2.0/1C1Y.pdb,8.073395510110212
1C4Z,D,"A, B, C",../../GraPPI_data/PDB/SKEMPI_v2.0/1C4Z.pdb,7.228275943658009
1CBW,I,"F, G, H",../../GraPPI_data/PDB/SKEMPI_v2.0/1CBW.pdb,10.593104375891743
1CHO,I,"E, F, G",../../GraPPI_data/PDB/SKEMPI_v2.0/1CHO.pdb,15.173182235457102
1CSE,I,E,../../GraPPI_data/PDB/SKEMPI_v2.0/1CSE.pdb,16.07688302231306
1CSO,I,E,../../GraPPI_data/PDB/SKEMPI_v2.0/1CSO.pdb,10.038557286663005
1CT0,I,E,../../GraPPI_data/PDB/SKEMPI_v2.0/1CT0.pdb,10.357099676557112
1CT2,I,E,../../GraPPI_data/PDB/SKEMPI_v2.0/1CT2.pdb,11.297394547397571
1CT4,I,E,../../GraPPI_data/PDB/SKEMPI_v2.0/1CT4.pdb,11.465469361013744
1CZ8,"V, W","H, L",../../GraPPI_data/PDB/SKEMPI_v2.0/1CZ8.pdb,13.507758631335829
1DAN,"T, U","H, L",../../GraPPI_data/PDB/SKEMPI_v2.0/1DAN.pdb,16.433002790022844
1DQJ,C,"A, B",../../GraPPI_data/PDB/SKEMPI_v2.0/1DQJ.pdb,11.666563899330386
1DVF,"C, D","A, B",../../GraPPI_data/PDB/SKEMPI_v2.0/1DVF.pdb,10.862909937999374
1E50,B,A,../../GraPPI_data/PDB/SKEMPI_v2.0/1E50.pdb,10.709230815655163
1E96,B,A,../../GraPPI_data/PDB/SKEMPI_v2.0/1E96.pdb,8.426349679289604
1EAW,B,A,../../GraPPI_data/PDB/SKEMPI_v2.0/1EAW.pdb,14.049643052060429
1EFN,B,A,../../GraPPI_data/PDB/SKEMPI_v2.0/1EFN.pdb,8.754354497071757
1EMV,B,A,../../GraPPI_data/PDB/SKEMPI_v2.0/1EMV.pdb,18.653317096376355
1F47,B,A,../../GraPPI_data/PDB/SKEMPI_v2.0/1F47.pdb,6.361755308338998
1F5R,I,A,../../GraPPI_data/PDB/SKEMPI_v2.0/1F5R.pdb,5.7093466143270355
1FC2,D,C,../../GraPPI_data/PDB/SKEMPI_v2.0/1FC2.pdb,10.548318586655956
1FCC,C,A,../../GraPPI_data/PDB/SKEMPI_v2.0/1FCC.pdb,9.026483508445098
1FFW,B,A,../../GraPPI_data/PDB/SKEMPI_v2.0/1FFW.pdb,8.073395510110212
1FR2,B,A,../../GraPPI_data/PDB/SKEMPI_v2.0/1FR2.pdb,16.72108165676344
1FSS,B,A,../../GraPPI_data/PDB/SKEMPI_v2.0/1FSS.pdb,12.860829053811507
1FY8,I,E,../../GraPPI_data/PDB/SKEMPI_v2.0/1FY8.pdb,6.880196398885611
1GC1,C,G,../../GraPPI_data/PDB/SKEMPI_v2.0/1GC1.pdb,11.513493709553018
1GCQ,C,"A, B",../../GraPPI_data/PDB/SKEMPI_v2.0/1GCQ.pdb,6.510580412776031
1GL0,I,E,../../GraPPI_data/PDB/SKEMPI_v2.0/1GL0.pdb,12.132880924160894
1GL1,I,A,../../GraPPI_data/PDB/SKEMPI_v2.0/1GL1.pdb,13.352685904490116
1GRN,B,A,../../GraPPI_data/PDB/SKEMPI_v2.0/1GRN.pdb,8.146436524280793
1GUA,B,A,../../GraPPI_data/PDB/SKEMPI_v2.0/1GUA.pdb,9.343862868602558
1H9D,B,A,../../GraPPI_data/PDB/SKEMPI_v2.0/1H9D.pdb,9.177371716216033
1HE8,B,A,../../GraPPI_data/PDB/SKEMPI_v2.0/1HE8.pdb,7.765039760910291
1IAR,B,A,../../GraPPI_data/PDB/SKEMPI_v2.0/1IAR.pdb,13.349920139107292
1JCK,B,A,../../GraPPI_data/PDB/SKEMPI_v2.0/1JCK.pdb,7.530780170439253
1JRH,I,"H, L",../../GraPPI_data/PDB/SKEMPI_v2.0/1JRH.pdb,10.700830861070305
1JTD,B,A,../../GraPPI_data/PDB/SKEMPI_v2.0/1JTD.pdb,15.210508728050858
1JTG,B,A,../../GraPPI_data/PDB/SKEMPI_v2.0/1JTG.pdb,13.579165133018865
1K8R,B,A,../../GraPPI_data/PDB/SKEMPI_v2.0/1K8R.pdb,9.254559077471944
1KAC,B,A,../../GraPPI_data/PDB/SKEMPI_v2.0/1KAC.pdb,9.795369980333252
1KBH,B,A,../../GraPPI_data/PDB/SKEMPI_v2.0/1KBH.pdb,10.18378151468737
1KIP,C,"A, B",../../GraPPI_data/PDB/SKEMPI_v2.0/1KIP.pdb,10.696675146689074
1KIQ,C,"A, B",../../GraPPI_data/PDB/SKEMPI_v2.0/1KIQ.pdb,9.002309259320754
1KIR,C,"A, B",../../GraPPI_data/PDB/SKEMPI_v2.0/1KIR.pdb,10.110174039014911
1KNE,P,A,../../GraPPI_data/PDB/SKEMPI_v2.0/1KNE.pdb,6.503572202354852
1KTZ,B,A,../../GraPPI_data/PDB/SKEMPI_v2.0/1KTZ.pdb,9.322854525412128
1LFD,B,A,../../GraPPI_data/PDB/SKEMPI_v2.0/1LFD.pdb,8.098598754921916
1LP9,"E, F","A, B, C",../../GraPPI_data/PDB/SKEMPI_v2.0/1LP9.pdb,6.8607786963705415
1M9E,D,A,../../GraPPI_data/PDB/SKEMPI_v2.0/1M9E.pdb,5.700305417807214
1MAH,F,A,../../GraPPI_data/PDB/SKEMPI_v2.0/1MAH.pdb,15.82868749123357
1MHP,A,"H, L",../../GraPPI_data/PDB/SKEMPI_v2.0/1MHP.pdb,10.868418692784976
1MI5,"D, E","A, B, C",../../GraPPI_data/PDB/SKEMPI_v2.0/1MI5.pdb,6.68566060398705
1MLC,E,"A, B",../../GraPPI_data/PDB/SKEMPI_v2.0/1MLC.pdb,10.497716651840154
1MQ8,B,A,../../GraPPI_data/PDB/SKEMPI_v2.0/1MQ8.pdb,7.530780170439253
1N8O,E,"A, B, C",../../GraPPI_data/PDB/SKEMPI_v2.0/1N8O.pdb,15.541782566657933
1N8Z,C,"A, B",../../GraPPI_data/PDB/SKEMPI_v2.0/1N8Z.pdb,12.112139388037868
1NCA,"H, L",N,../../GraPPI_data/PDB/SKEMPI_v2.0/1NCA.pdb,10.487112221585722
1NMB,"H, L",N,../../GraPPI_data/PDB/SKEMPI_v2.0/1NMB.pdb,10.011246803652046
1OGA,"D, E","A, B, C",../../GraPPI_data/PDB/SKEMPI_v2.0/1OGA.pdb,7.205049952332879
1OHZ,B,A,../../GraPPI_data/PDB/SKEMPI_v2.0/1OHZ.pdb,12.222831511222893
1P69,B,A,../../GraPPI_data/PDB/SKEMPI_v2.0/1P69.pdb,9.707442495406646
1P6A,B,A,../../GraPPI_data/PDB/SKEMPI_v2.0/1P6A.pdb,10.166615475984205
1PPF,I,E,../../GraPPI_data/PDB/SKEMPI_v2.0/1PPF.pdb,13.163557925198903
1QAB,E,"A, B, C, D",../../GraPPI_data/PDB/SKEMPI_v2.0/1QAB.pdb,8.655352556921875
1QSE,"D, E","A, B, C",../../GraPPI_data/PDB/SKEMPI_v2.0/1QSE.pdb,7.01233907989264
1R0R,I,E,../../GraPPI_data/PDB/SKEMPI_v2.0/1R0R.pdb,14.264167721792795
1REW,C,"A, B",../../GraPPI_data/PDB/SKEMPI_v2.0/1REW.pdb,12.511861006443212
1S0W,C,A,../../GraPPI_data/PDB/SKEMPI_v2.0/1S0W.pdb,9.24479386985306
1S1Q,B,A,../../GraPPI_data/PDB/SKEMPI_v2.0/1S1Q.pdb,4.393809368851031
1SBB,B,A,../../GraPPI_data/PDB/SKEMPI_v2.0/1SBB.pdb,5.254988187659899
1SBN,I,E,../../GraPPI_data/PDB/SKEMPI_v2.0/1SBN.pdb,14.000503910660935
1SGD,I,E,../../GraPPI_data/PDB/SKEMPI_v2.0/1SGD.pdb,8.867616796111765
1SGE,I,E,../../GraPPI_data/PDB/SKEMPI_v2.0/1SGE.pdb,8.557872133818242
1SGN,I,E,../../GraPPI_data/PDB/SKEMPI_v2.0/1SGN.pdb,11.105002767637375
1SGP,I,E,../../GraPPI_data/PDB/SKEMPI_v2.0/1SGP.pdb,11.50996572618501
1SGQ,I,E,../../GraPPI_data/PDB/SKEMPI_v2.0/1SGQ.pdb,9.523557738875255
1SGY,I,E,../../GraPPI_data/PDB/SKEMPI_v2.0/1SGY.pdb,12.804913828487024
1SIB,I,E,../../GraPPI_data/PDB/SKEMPI_v2.0/1SIB.pdb,13.579165133018865
1SMF,I,E,../../GraPPI_data/PDB/SKEMPI_v2.0/1SMF.pdb,9.19154713292303
1TM1,I,E,../../GraPPI_data/PDB/SKEMPI_v2.0/1TM1.pdb,15.832199668877006
1TM3,I,E,../../GraPPI_data/PDB/SKEMPI_v2.0/1TM3.pdb,14.61906978373095
1TM4,I,E,../../GraPPI_data/PDB/SKEMPI_v2.0/1TM4.pdb,13.480237897656
1TM5,I,E,../../GraPPI_data/PDB/SKEMPI_v2.0/1TM5.pdb,14.684936144347747
1TM7,I,E,../../GraPPI_data/PDB/SKEMPI_v2.0/1TM7.pdb,15.655702675462855
1TMG,I,E,../../GraPPI_data/PDB/SKEMPI_v2.0/1TMG.pdb,14.684936144347747
1TO1,I,E,../../GraPPI_data/PDB/SKEMPI_v2.0/1TO1.pdb,12.731896065589321
1U7F,"A, C",B,../../GraPPI_data/PDB/SKEMPI_v2.0/1U7F.pdb,10.066179474406155
1UUZ,D,A,../../GraPPI_data/PDB/SKEMPI_v2.0/1UUZ.pdb,11.318957914654456
1VFB,C,"A, B",../../GraPPI_data/PDB/SKEMPI_v2.0/1VFB.pdb,11.05679114174405
1WQJ,B,I,../../GraPPI_data/PDB/SKEMPI_v2.0/1WQJ.pdb,9.750178694462738
1X1W,D,A,../../GraPPI_data/PDB/SKEMPI_v2.0/1X1W.pdb,11.697163385473434
1X1X,D,A,../../GraPPI_data/PDB/SKEMPI_v2.0/1X1X.pdb,11.284451832388102
1XD3,B,A,../../GraPPI_data/PDB/SKEMPI_v2.0/1XD3.pdb,8.998804561988514
1XGP,C,"A, B",../../GraPPI_data/PDB/SKEMPI_v2.0/1XGP.pdb,7.228275943658009
1XGQ,C,"A, B",../../GraPPI_data/PDB/SKEMPI_v2.0/1XGQ.pdb,8.380855304463477
1XGR,C,"A, B",../../GraPPI_data/PDB/SKEMPI_v2.0/1XGR.pdb,9.488483162022417
1XGT,C,"A, B",../../GraPPI_data/PDB/SKEMPI_v2.0/1XGT.pdb,9.427167731538546
1XGU,C,"A, B",../../GraPPI_data/PDB/SKEMPI_v2.0/1XGU.pdb,11.28893811800429
1XXM,C,A,../../GraPPI_data/PDB/SKEMPI_v2.0/1XXM.pdb,8.935197499992418
1Y1K,I,E,../../GraPPI_data/PDB/SKEMPI_v2.0/1Y1K.pdb,12.985022798434516
1Y33,I,E,../../GraPPI_data/PDB/SKEMPI_v2.0/1Y33.pdb,11.957814830350117
1Y34,I,E,../../GraPPI_data/PDB/SKEMPI_v2.0/1Y34.pdb,12.659292580328145
1Y3B,I,E,../../GraPPI_data/PDB/SKEMPI_v2.0/1Y3B.pdb,12.965605095919447
1Y3C,I,E,../../GraPPI_data/PDB/SKEMPI_v2.0/1Y3C.pdb,14.456551887316017
1Y3D,I,E,../../GraPPI_data/PDB/SKEMPI_v2.0/1Y3D.pdb,12.615406812324938
1Y48,I,E,../../GraPPI_data/PDB/SKEMPI_v2.0/1Y48.pdb,11.957814830350117
1Y4A,I,E,../../GraPPI_data/PDB/SKEMPI_v2.0/1Y4A.pdb,12.16407748110666
1YCS,B,A,../../GraPPI_data/PDB/SKEMPI_v2.0/1YCS.pdb,8.921457126418751
1YQV,Y,"H, L",../../GraPPI_data/PDB/SKEMPI_v2.0/1YQV.pdb,14.800290294576289
1YY9,A,"C, D",../../GraPPI_data/PDB/SKEMPI_v2.0/1YY9.pdb,11.945473727646151
1Z7X,X,W,../../GraPPI_data/PDB/SKEMPI_v2.0/1Z7X.pdb,19.803155259042864
2A9K,B,A,../../GraPPI_data/PDB/SKEMPI_v2.0/2A9K.pdb,10.045699204815364
2ABZ,E,B,../../GraPPI_data/PDB/SKEMPI_v2.0/2ABZ.pdb,11.66231881399005
2AJF,E,A,../../GraPPI_data/PDB/SKEMPI_v2.0/2AJF.pdb,10.765642040550095
2AK4,"D, E","A, B, C",../../GraPPI_data/PDB/SKEMPI_v2.0/2AK4.pdb,6.447130765385557
2AW2,B,A,../../GraPPI_data/PDB/SKEMPI_v2.0/2AW2.pdb,9.72194020983903
2B0U,C,"A, B",../../GraPPI_data/PDB/SKEMPI_v2.0/2B0U.pdb,14.588694568323046
2B0Z,B,A,../../GraPPI_data/PDB/SKEMPI_v2.0/2B0Z.pdb,5.454242627995263
2B10,B,A,../../GraPPI_data/PDB/SKEMPI_v2.0/2B10.pdb,6.8178032849940795
2B11,B,A,../../GraPPI_data/PDB/SKEMPI_v2.0/2B11.pdb,7.228275943658009
2B12,B,A,../../GraPPI_data/PDB/SKEMPI_v2.0/2B12.pdb,6.40733062633015
2B2X,A,"H, L",../../GraPPI_data/PDB/SKEMPI_v2.0/2B2X.pdb,11.9699446473548
2B42,B,A,../../GraPPI_data/PDB/SKEMPI_v2.0/2B42.pdb,12.170408983929175
2BDN,A,"H, L",../../GraPPI_data/PDB/SKEMPI_v2.0/2BDN.pdb,13.931602986791662
2BNQ,"D, E","A, B, C",../../GraPPI_data/PDB/SKEMPI_v2.0/2BNQ.pdb,7.150682727183228
2BNR,"D, E","A, B, C",../../GraPPI_data/PDB/SKEMPI_v2.0/2BNR.pdb,7.4925613056720675
2BTF,P,A,../../GraPPI_data/PDB/SKEMPI_v2.0/2BTF.pdb,7.688126096257987
2C0L,B,A,../../GraPPI_data/PDB/SKEMPI_v2.0/2C0L.pdb,9.60539673358891
2C5D,"C, D","A, B",../../GraPPI_data/PDB/SKEMPI_v2.0/2C5D.pdb,11.318957914654456
2CCL,B,A,../../GraPPI_data/PDB/SKEMPI_v2.0/2CCL.pdb,12.132470468392304
2DSQ,G,I,../../GraPPI_data/PDB/SKEMPI_v2.0/2DSQ.pdb,10.668090029756254
2DVW,B,A,../../GraPPI_data/PDB/SKEMPI_v2.0/2DVW.pdb,9.779436491012364
2E7L,"A, D","E, Q",../../GraPPI_data/PDB/SKEMPI_v2.0/2E7L.pdb,10.149933052554202
2FTL,I,E,../../GraPPI_data/PDB/SKEMPI_v2.0/2FTL.pdb,17.991484561561307
2G2U,B,A,../../GraPPI_data/PDB/SKEMPI_v2.0/2G2U.pdb,8.079104762855017
2G2W,B,A,../../GraPPI_data/PDB/SKEMPI_v2.0/2G2W.pdb,8.501905711489014
2GOX,B,A,../../GraPPI_data/PDB/SKEMPI_v2.0/2GOX.pdb,12.238490033325174
2GYK,B,A,../../GraPPI_data/PDB/SKEMPI_v2.0/2GYK.pdb,12.888682532822207
2HLE,B,A,../../GraPPI_data/PDB/SKEMPI_v2.0/2HLE.pdb,10.08753993866267
2HRK,B,A,../../GraPPI_data/PDB/SKEMPI_v2.0/2HRK.pdb,10.445884772635672
2I26,L,N,../../GraPPI_data/PDB/SKEMPI_v2.0/2I26.pdb,10.938860471398431
2J0T,D,A,../../GraPPI_data/PDB/SKEMPI_v2.0/2J0T.pdb,12.8146612526603
2J12,B,A,../../GraPPI_data/PDB/SKEMPI_v2.0/2J12.pdb,10.498012597326598
2J1K,T,C,../../GraPPI_data/PDB/SKEMPI_v2.0/2J1K.pdb,12.215604476020047
2J8U,"E, F","A, B, C",../../GraPPI_data/PDB/SKEMPI_v2.0/2J8U.pdb,6.132713431174084
2JCC,"E, F","A, B, C",../../GraPPI_data/PDB/SKEMPI_v2.0/2JCC.pdb,6.562107407689421
2JEL,P,"H, L",../../GraPPI_data/PDB/SKEMPI_v2.0/2JEL.pdb,11.641890477712876
2KSO,B,A,../../GraPPI_data/PDB/SKEMPI_v2.0/2KSO.pdb,7.205049952332879
2NOJ,B,A,../../GraPPI_data/PDB/SKEMPI_v2.0/2NOJ.pdb,10.75311658365837
2NU0,I,E,../../GraPPI_data/PDB/SKEMPI_v2.0/2NU0.pdb,12.618335410641642
2NU1,I,E,../../GraPPI_data/PDB/SKEMPI_v2.0/2NU1.pdb,12.767569613970851
2NU2,I,E,../../GraPPI_data/PDB/SKEMPI_v2.0/2NU2.pdb,11.137408747292822
2NU4,I,E,../../GraPPI_data/PDB/SKEMPI_v2.0/2NU4.pdb,11.319724834322264
2NY7,G,"H, L",../../GraPPI_data/PDB/SKEMPI_v2.0/2NY7.pdb,10.143389484659075
2NYY,A,"C, D",../../GraPPI_data/PDB/SKEMPI_v2.0/2NYY.pdb,13.458150251769784
2NZ9,A,"C, D",../../GraPPI_data/PDB/SKEMPI_v2.0/2NZ9.pdb,13.40837213423396
2O3B,B,A,../../GraPPI_data/PDB/SKEMPI_v2.0/2O3B.pdb,15.673925247664963
2OI9,"B, C","A, Q",../../GraPPI_data/PDB/SKEMPI_v2.0/2OI9.pdb,7.903033964335996
2OOB,B,A,../../GraPPI_data/PDB/SKEMPI_v2.0/2OOB.pdb,5.808107496813202
2P5E,"D, E","A, B, C",../../GraPPI_data/PDB/SKEMPI_v2.0/2P5E.pdb,14.073966260277265
2PCB,B,A,../../GraPPI_data/PDB/SKEMPI_v2.0/2PCB.pdb,6.8178032849940795
2PCC,B,A,../../GraPPI_data/PDB/SKEMPI_v2.0/2PCC.pdb,8.000816359628956
2PYE,"D, E","A, B, C",../../GraPPI_data/PDB/SKEMPI_v2.0/2PYE.pdb,9.666066588387576
2QJ9,C,"A, B",../../GraPPI_data/PDB/SKEMPI_v2.0/2QJ9.pdb,11.75360482244273
2QJA,C,"A, B",../../GraPPI_data/PDB/SKEMPI_v2.0/2QJA.pdb,12.215604476020047
2QJB,C,"A, B",../../GraPPI_data/PDB/SKEMPI_v2.0/2QJB.pdb,11.330921692647657
2REX,B,A,../../GraPPI_data/PDB/SKEMPI_v2.0/2REX.pdb,7.171834506688714
2SGP,I,E,../../GraPPI_data/PDB/SKEMPI_v2.0/2SGP.pdb,6.128934408632637
2SGQ,I,E,../../GraPPI_data/PDB/SKEMPI_v2.0/2SGQ.pdb,11.890238896073527
2SIC,I,E,../../GraPPI_data/PDB/SKEMPI_v2.0/2SIC.pdb,14.243923364499867
2UWE,"E, F","A, B, C",../../GraPPI_data/PDB/SKEMPI_v2.0/2UWE.pdb,7.264917745258572
2VIR,C,"A, B",../../GraPPI_data/PDB/SKEMPI_v2.0/2VIR.pdb,12.272045912989343
2VIS,C,"A, B",../../GraPPI_data/PDB/SKEMPI_v2.0/2VIS.pdb,7.360418624665037
2VLN,B,A,../../GraPPI_data/PDB/SKEMPI_v2.0/2VLN.pdb,16.055505011767742
2VLO,B,A,../../GraPPI_data/PDB/SKEMPI_v2.0/2VLO.pdb,16.430408415762916
2VLP,B,A,../../GraPPI_data/PDB/SKEMPI_v2.0/2VLP.pdb,16.72434440258782
2VLQ,B,A,../../GraPPI_data/PDB/SKEMPI_v2.0/2VLQ.pdb,14.511101351848266
2VLR,"D, E","A, B, C",../../GraPPI_data/PDB/SKEMPI_v2.0/2VLR.pdb,7.240239721651208
2VN5,B,A,../../GraPPI_data/PDB/SKEMPI_v2.0/2VN5.pdb,12.683859534230596
2WPT,B,A,../../GraPPI_data/PDB/SKEMPI_v2.0/2WPT.pdb,10.106649371046263
3AAA,C,"A, B",../../GraPPI_data/PDB/SKEMPI_v2.0/3AAA.pdb,10.381291517339564
3B4V,C,"A, B",../../GraPPI_data/PDB/SKEMPI_v2.0/3B4V.pdb,13.436352129652795
3BDY,V,"H, L",../../GraPPI_data/PDB/SKEMPI_v2.0/3BDY.pdb,8.894340827438068
3BE1,A,"H, L",../../GraPPI_data/PDB/SKEMPI_v2.0/3BE1.pdb,10.34264392499444
3BIW,E,A,../../GraPPI_data/PDB/SKEMPI_v2.0/3BIW.pdb,9.482735949242603
3BK3,C,A,../../GraPPI_data/PDB/SKEMPI_v2.0/3BK3.pdb,10.441571160357304
3BN9,"C, D",B,../../GraPPI_data/PDB/SKEMPI_v2.0/3BN9.pdb,14.876576154165118
3BP8,C,A,../../GraPPI_data/PDB/SKEMPI_v2.0/3BP8.pdb,11.430728522482037
3BT1,U,A,../../GraPPI_data/PDB/SKEMPI_v2.0/3BT1.pdb,12.327895458985749
3BTD,I,E,../../GraPPI_data/PDB/SKEMPI_v2.0/3BTD.pdb,6.477315088933603
3BTE,I,E,../../GraPPI_data/PDB/SKEMPI_v2.0/3BTE.pdb,8.5341781648295
3BTF,I,E,../../GraPPI_data/PDB/SKEMPI_v2.0/3BTF.pdb,10.905784328699617
3BTG,I,E,../../GraPPI_data/PDB/SKEMPI_v2.0/3BTG.pdb,5.6367349927097115
3BTH,I,E,../../GraPPI_data/PDB/SKEMPI_v2.0/3BTH.pdb,9.16965425039491
3BTM,I,E,../../GraPPI_data/PDB/SKEMPI_v2.0/3BTM.pdb,10.247612294294075
3BTQ,I,E,../../GraPPI_data/PDB/SKEMPI_v2.0/3BTQ.pdb,8.586980542436672
3BTT,I,E,../../GraPPI_data/PDB/SKEMPI_v2.0/3BTT.pdb,7.373034966757182
3BTW,I,E,../../GraPPI_data/PDB/SKEMPI_v2.0/3BTW.pdb,9.286080018091345
3BX1,C,A,../../GraPPI_data/PDB/SKEMPI_v2.0/3BX1.pdb,9.703673149103363
3C60,"A, B","C, D",../../GraPPI_data/PDB/SKEMPI_v2.0/3C60.pdb,6.709834853111396
3D3V,"D, E","A, B, C",../../GraPPI_data/PDB/SKEMPI_v2.0/3D3V.pdb,8.267246299878517
3D5R,C,A,../../GraPPI_data/PDB/SKEMPI_v2.0/3D5R.pdb,10.516176043491669
3D5S,C,A,../../GraPPI_data/PDB/SKEMPI_v2.0/3D5S.pdb,10.084850338793974
3EG5,B,A,../../GraPPI_data/PDB/SKEMPI_v2.0/3EG5.pdb,7.980984464128561
3EQS,B,A,../../GraPPI_data/PDB/SKEMPI_v2.0/3EQS.pdb,11.583243276668515
3EQY,C,A,../../GraPPI_data/PDB/SKEMPI_v2.0/3EQY.pdb,11.004726832015228
3F1S,B,A,../../GraPPI_data/PDB/SKEMPI_v2.0/3F1S.pdb,11.832680359764266
3G6D,A,"H, L",../../GraPPI_data/PDB/SKEMPI_v2.0/3G6D.pdb,14.698564088178179
3H9S,"D, E","A, B, C",../../GraPPI_data/PDB/SKEMPI_v2.0/3H9S.pdb,7.345795983725864
3HFM,Y,"H, L",../../GraPPI_data/PDB/SKEMPI_v2.0/3HFM.pdb,14.348583455433333
3HG1,"D, E","A, B, C",../../GraPPI_data/PDB/SKEMPI_v2.0/3HG1.pdb,6.251961953997993
3HH2,C,"A, B",../../GraPPI_data/PDB/SKEMPI_v2.0/3HH2.pdb,11.182096588210623
3IDX,G,"H, L",../../GraPPI_data/PDB/SKEMPI_v2.0/3IDX.pdb,10.178793255270115
3KBH,E,A,../../GraPPI_data/PDB/SKEMPI_v2.0/3KBH.pdb,9.773308856023442
3KUD,B,A,../../GraPPI_data/PDB/SKEMPI_v2.0/3KUD.pdb,7.867132859353668
3L5X,"H, L",A,../../GraPPI_data/PDB/SKEMPI_v2.0/3L5X.pdb,12.744435394951687
3LB6,C,A,../../GraPPI_data/PDB/SKEMPI_v2.0/3LB6.pdb,18.81896820997838
3LNZ,B,A,../../GraPPI_data/PDB/SKEMPI_v2.0/3LNZ.pdb,12.694482349646472
3LZF,"H, L","A, B",../../GraPPI_data/PDB/SKEMPI_v2.0/3LZF.pdb,11.729430573318384
3M62,B,A,../../GraPPI_data/PDB/SKEMPI_v2.0/3M62.pdb,9.756142817320276
3M63,B,A,../../GraPPI_data/PDB/SKEMPI_v2.0/3M63.pdb,9.213527477649318
3MZG,B,A,../../GraPPI_data/PDB/SKEMPI_v2.0/3MZG.pdb,4.822364999212377
3MZW,B,A,../../GraPPI_data/PDB/SKEMPI_v2.0/3MZW.pdb,14.519091256302909
3N06,B,A,../../GraPPI_data/PDB/SKEMPI_v2.0/3N06.pdb,5.216509788410188
3N0P,B,A,../../GraPPI_data/PDB/SKEMPI_v2.0/3N0P.pdb,5.460466324628445
3N4I,B,A,../../GraPPI_data/PDB/SKEMPI_v2.0/3N4I.pdb,12.236100456684511
3N85,"H, L",A,../../GraPPI_data/PDB/SKEMPI_v2.0/3N85.pdb,12.411637583648229
3NCB,B,A,../../GraPPI_data/PDB/SKEMPI_v2.0/3NCB.pdb,4.24991681714767
3NCC,B,A,../../GraPPI_data/PDB/SKEMPI_v2.0/3NCC.pdb,3.886513501331588
3NGB,G,"H, L",../../GraPPI_data/PDB/SKEMPI_v2.0/3NGB.pdb,11.149212884622958
3NPS,"B, C",A,../../GraPPI_data/PDB/SKEMPI_v2.0/3NPS.pdb,13.843450495032924
3NVN,A,B,../../GraPPI_data/PDB/SKEMPI_v2.0/3NVN.pdb,11.036948593309138
3NVQ,A,B,../../GraPPI_data/PDB/SKEMPI_v2.0/3NVQ.pdb,8.995411896461409
3PWP,"D, E","A, B, C",../../GraPPI_data/PDB/SKEMPI_v2.0/3PWP.pdb,5.254988187659899
3Q3J,B,A,../../GraPPI_data/PDB/SKEMPI_v2.0/3Q3J.pdb,7.029021503322643
3Q8D,E,A,../../GraPPI_data/PDB/SKEMPI_v2.0/3Q8D.pdb,9.847428825772955
3QDG,"D, E","A, B, C",../../GraPPI_data/PDB/SKEMPI_v2.0/3QDG.pdb,6.848178500401983
3QDJ,"D, E","A, B, C",../../GraPPI_data/PDB/SKEMPI_v2.0/3QDJ.pdb,5.954030621515954
3QFJ,"D, E","A, B, C",../../GraPPI_data/PDB/SKEMPI_v2.0/3QFJ.pdb,7.5044649540286175
3QHY,B,A,../../GraPPI_data/PDB/SKEMPI_v2.0/3QHY.pdb,16.69099560822373
3QIB,"C, D","A, B, P",../../GraPPI_data/PDB/SKEMPI_v2.0/3QIB.pdb,6.631376498617039
3R9A,B,"A, C",../../GraPPI_data/PDB/SKEMPI_v2.0/3R9A.pdb,7.439494161986572
3RF3,C,A,../../GraPPI_data/PDB/SKEMPI_v2.0/3RF3.pdb,14.000503910660935
3S9D,B,A,../../GraPPI_data/PDB/SKEMPI_v2.0/3S9D.pdb,10.908485255990529
3SE3,A,B,../../GraPPI_data/PDB/SKEMPI_v2.0/3SE3.pdb,10.257901484436886
3SE4,A,B,../../GraPPI_data/PDB/SKEMPI_v2.0/3SE4.pdb,5.996857967666222
3SE8,G,"H, L",../../GraPPI_data/PDB/SKEMPI_v2.0/3SE8.pdb,9.983276466970391
3SE9,G,"H, L",../../GraPPI_data/PDB/SKEMPI_v2.0/3SE9.pdb,10.539793908204125
3SEK,C,B,../../GraPPI_data/PDB/SKEMPI_v2.0/3SEK.pdb,12.116677240657186
3SF4,D,A,../../GraPPI_data/PDB/SKEMPI_v2.0/3SF4.pdb,11.75360482244273
3SGB,I,E,../../GraPPI_data/PDB/SKEMPI_v2.0/3SGB.pdb,14.556035192799353
3SZK,C,"A, B",../../GraPPI_data/PDB/SKEMPI_v2.0/3SZK.pdb,10.060986345833618
3TGK,I,E,../../GraPPI_data/PDB/SKEMPI_v2.0/3TGK.pdb,6.709834853111396
3U82,B,A,../../GraPPI_data/PDB/SKEMPI_v2.0/3U82.pdb,10.683561750804765
3UIG,P,A,../../GraPPI_data/PDB/SKEMPI_v2.0/3UIG.pdb,7.252450192782354
3UIH,P,A,../../GraPPI_data/PDB/SKEMPI_v2.0/3UIH.pdb,5.341359754056675
3UII,P,A,../../GraPPI_data/PDB/SKEMPI_v2.0/3UII.pdb,6.8178032849940795
3VR6,"G, H","A, B, C, D, E, F",../../GraPPI_data/PDB/SKEMPI_v2.0/3VR6.pdb,11.993715935332444
3W2D,"H, L",A,../../GraPPI_data/PDB/SKEMPI_v2.0/3W2D.pdb,12.595648086553062
3WWN,B,A,../../GraPPI_data/PDB/SKEMPI_v2.0/3WWN.pdb,7.4767934099442375
4B0M,"B, M",A,../../GraPPI_data/PDB/SKEMPI_v2.0/4B0M.pdb,7.658008409390377
4BFI,B,A,../../GraPPI_data/PDB/SKEMPI_v2.0/4BFI.pdb,8.48386816877414
4CPA,I,A,../../GraPPI_data/PDB/SKEMPI_v2.0/4CPA.pdb,12.03193480009963
4CVW,C,A,../../GraPPI_data/PDB/SKEMPI_v2.0/4CVW.pdb,14.248956235265652
4E6K,G,"A, B",../../GraPPI_data/PDB/SKEMPI_v2.0/4E6K.pdb,7.3990937126632135
4EKD,B,A,../../GraPPI_data/PDB/SKEMPI_v2.0/4EKD.pdb,10.441571160357304
4FTV,"D, E","A, B, C",../../GraPPI_data/PDB/SKEMPI_v2.0/4FTV.pdb,7.810691422384374
4FZA,B,A,../../GraPPI_data/PDB/SKEMPI_v2.0/4FZA.pdb,10.256656564892072
4G0N,B,A,../../GraPPI_data/PDB/SKEMPI_v2.0/4G0N.pdb,10.000272843564083
4G2V,B,A,../../GraPPI_data/PDB/SKEMPI_v2.0/4G2V.pdb,9.488483162022417
4GNK,B,A,../../GraPPI_data/PDB/SKEMPI_v2.0/4GNK.pdb,9.078010503358488
4GU0,E,A,../../GraPPI_data/PDB/SKEMPI_v2.0/4GU0.pdb,8.162525305866835
4GXU,"M, N","A, B, C, D, E, F",../../GraPPI_data/PDB/SKEMPI_v2.0/4GXU.pdb,11.191571780256702
4HFK,"B, D",A,../../GraPPI_data/PDB/SKEMPI_v2.0/4HFK.pdb,13.049613268721338
4HRN,D,A,../../GraPPI_data/PDB/SKEMPI_v2.0/4HRN.pdb,11.565020704466408
4HSA,C,"A, B",../../GraPPI_data/PDB/SKEMPI_v2.0/4HSA.pdb,11.815465325618437
4I77,Z,"H, L",../../GraPPI_data/PDB/SKEMPI_v2.0/4I77.pdb,14.999167226986977
4J2L,"C, D",A,../../GraPPI_data/PDB/SKEMPI_v2.0/4J2L.pdb,9.617270667657193
4JEU,B,A,../../GraPPI_data/PDB/SKEMPI_v2.0/4JEU.pdb,12.072791472653979
4JFD,"D, E","A, B, C",../../GraPPI_data/PDB/SKEMPI_v2.0/4JFD.pdb,6.059251081557753
4JFE,"D, E","A, B, C",../../GraPPI_data/PDB/SKEMPI_v2.0/4JFE.pdb,6.147801810925368
4JFF,"D, E","A, B, C",../../GraPPI_data/PDB/SKEMPI_v2.0/4JFF.pdb,12.574550139770588
4JGH,D,"A, B, C",../../GraPPI_data/PDB/SKEMPI_v2.0/4JGH.pdb,10.296646971621236
4JPK,A,"H, L",../../GraPPI_data/PDB/SKEMPI_v2.0/4JPK.pdb,10.036506638541587
4K71,"B, C",A,../../GraPPI_data/PDB/SKEMPI_v2.0/4K71.pdb,11.33104503921663
4KRL,B,A,../../GraPPI_data/PDB/SKEMPI_v2.0/4KRL.pdb,9.536373728672572
4KRO,B,A,../../GraPPI_data/PDB/SKEMPI_v2.0/4KRO.pdb,8.943718321374119
4KRP,B,A,../../GraPPI_data/PDB/SKEMPI_v2.0/4KRP.pdb,9.24479386985306
4L0P,B,A,../../GraPPI_data/PDB/SKEMPI_v2.0/4L0P.pdb,10.970878369882058
4L3E,"D, E","A, B, C",../../GraPPI_data/PDB/SKEMPI_v2.0/4L3E.pdb,10.390044165443914
4LRX,"C, D","A, B",../../GraPPI_data/PDB/SKEMPI_v2.0/4LRX.pdb,6.522510190794766
4MNQ,"D, E","A, B, C",../../GraPPI_data/PDB/SKEMPI_v2.0/4MNQ.pdb,11.861573254325416
4MYW,B,A,../../GraPPI_data/PDB/SKEMPI_v2.0/4MYW.pdb,10.525279213107625
4N8V,"A, B, C",G,../../GraPPI_data/PDB/SKEMPI_v2.0/4N8V.pdb,6.345529995598673
4NKQ,"A, B",C,../../GraPPI_data/PDB/SKEMPI_v2.0/4NKQ.pdb,12.694482349646472
4NM8,"H, L","A, B, C, D, E, F",../../GraPPI_data/PDB/SKEMPI_v2.0/4NM8.pdb,11.926233099716342
4NZW,B,A,../../GraPPI_data/PDB/SKEMPI_v2.0/4NZW.pdb,8.58711795522002
4O27,B,A,../../GraPPI_data/PDB/SKEMPI_v2.0/4O27.pdb,10.36586991631957
4OFY,D,A,../../GraPPI_data/PDB/SKEMPI_v2.0/4OFY.pdb,8.487859309363156
4OZG,"G, H","A, B, J",../../GraPPI_data/PDB/SKEMPI_v2.0/4OZG.pdb,6.43707460744224
4P23,"A, B","C, D",../../GraPPI_data/PDB/SKEMPI_v2.0/4P23.pdb,7.120307511775325
4P5T,"A, B","C, D",../../GraPPI_data/PDB/SKEMPI_v2.0/4P5T.pdb,7.120307511775325
4PWX,"C, D","A, B",../../GraPPI_data/PDB/SKEMPI_v2.0/4PWX.pdb,8.546261282665672
4RA0,C,A,../../GraPPI_data/PDB/SKEMPI_v2.0/4RA0.pdb,15.77453722632368
4RS1,B,A,../../GraPPI_data/PDB/SKEMPI_v2.0/4RS1.pdb,10.392516765566713
4U6H,E,"A, B",../../GraPPI_data/PDB/SKEMPI_v2.0/4U6H.pdb,13.69799968387969
4UYP,D,A,../../GraPPI_data/PDB/SKEMPI_v2.0/4UYP.pdb,14.83347132282511
4UYQ,B,A,../../GraPPI_data/PDB/SKEMPI_v2.0/4UYQ.pdb,15.048233470991402
4WND,B,A,../../GraPPI_data/PDB/SKEMPI_v2.0/4WND.pdb,10.035381078550664
4X4M,E,"A, B",../../GraPPI_data/PDB/SKEMPI_v2.0/4X4M.pdb,10.984186500028262
4Y61,B,A,../../GraPPI_data/PDB/SKEMPI_v2.0/4Y61.pdb,8.792989077453822
4YEB,B,A,../../GraPPI_data/PDB/SKEMPI_v2.0/4YEB.pdb,10.597747911326213
4YFD,B,A,../../GraPPI_data/PDB/SKEMPI_v2.0/4YFD.pdb,8.409748199024627
4YH7,B,A,../../GraPPI_data/PDB/SKEMPI_v2.0/4YH7.pdb,9.304813486101997
4ZS6,A,"H, L",../../GraPPI_data/PDB/SKEMPI_v2.0/4ZS6.pdb,8.871114836112941
5C6T,A,"H, L",../../GraPPI_data/PDB/SKEMPI_v2.0/5C6T.pdb,13.480237897656
5CXB,B,A,../../GraPPI_data/PDB/SKEMPI_v2.0/5CXB.pdb,11.321181018356889
5CYK,B,A,../../GraPPI_data/PDB/SKEMPI_v2.0/5CYK.pdb,9.004682756963348
5DWU,"A, B","H, L",../../GraPPI_data/PDB/SKEMPI_v2.0/5DWU.pdb,14.184691398309829
5E6P,B,A,../../GraPPI_data/PDB/SKEMPI_v2.0/5E6P.pdb,7.705699242361441
5E9D,"D, E","A, B, C",../../GraPPI_data/PDB/SKEMPI_v2.0/5E9D.pdb,9.35849781261467
5F4E,B,A,../../GraPPI_data/PDB/SKEMPI_v2.0/5F4E.pdb,9.835780487786375
5K39,B,A,../../GraPPI_data/PDB/SKEMPI_v2.0/5K39.pdb,11.320324629325155
5M2O,B,A,../../GraPPI_data/PDB/SKEMPI_v2.0/5M2O.pdb,11.376176996366425
5TAR,B,A,../../GraPPI_data/PDB/SKEMPI_v2.0/5TAR.pdb,7.688126096257987
5UFE,B,A,../../GraPPI_data/PDB/SKEMPI_v2.0/5UFE.pdb,9.951854753358331
5UFQ,C,A,../../GraPPI_data/PDB/SKEMPI_v2.0/5UFQ.pdb,11.172770618004586
5XCO,B,A,../../GraPPI_data/PDB/SKEMPI_v2.0/5XCO.pdb,10.977495051780496
6FE4,A,F,../../GraPPI_data/PDB/SAbDab/6fe4.pdb,10.932659505114872
5W08,C,"K, L",../../GraPPI_data/PDB/SAbDab/5w08.pdb,10.08753993866267
2NY3,A,"C, D",../../GraPPI_data/PDB/SAbDab/2ny3.pdb,8.302505931388758
6H7O,B,D,../../GraPPI_data/PDB/SAbDab/6h7o.pdb,13.436352129652795
4YPG,D,"H, L",../../GraPPI_data/PDB/SAbDab/4ypg.pdb,14.121780472689823
5TOJ,B,E,../../GraPPI_data/PDB/SAbDab/5toj.pdb,10.415247410255619
2VXS,D,"J, N",../../GraPPI_data/PDB/SAbDab/2vxs.pdb,11.832680359764266
2OQJ,F,"D, E",../../GraPPI_data/PDB/SAbDab/2oqj.pdb,5.046308779718581
4FQR,A,"a, b",../../GraPPI_data/PDB/SAbDab/4fqr.pdb,9.544924598991711
5Y7Z,B,D,../../GraPPI_data/PDB/SAbDab/5y7z.pdb,10.652789378685869
2NY0,A,"C, D",../../GraPPI_data/PDB/SAbDab/2ny0.pdb,9.046559562188703
4F9P,B,"D, d",../../GraPPI_data/PDB/SAbDab/4f9p.pdb,10.668374143100813
4J8R,I,"A, B",../../GraPPI_data/PDB/SAbDab/4j8r.pdb,10.498012597326598
5ZIA,R,"G, L",../../GraPPI_data/PDB/SAbDab/5zia.pdb,8.894340827438068
2R56,B,"I, M",../../GraPPI_data/PDB/SAbDab/2r56.pdb,9.672476592157597
1G6V,A,K,../../GraPPI_data/PDB/SAbDab/1g6v.pdb,9.73946039389027
2QHR,P,"H, L",../../GraPPI_data/PDB/SAbDab/2qhr.pdb,10.077987558108253
5NQW,B,C,../../GraPPI_data/PDB/SAbDab/5nqw.pdb,12.072791472653979
5MI0,A,"B, C",../../GraPPI_data/PDB/SAbDab/5mi0.pdb,8.709356640724682
2P42,C,D,../../GraPPI_data/PDB/SAbDab/2p42.pdb,10.505244934018734
3HI6,A,"H, L",../../GraPPI_data/PDB/SAbDab/3hi6.pdb,7.264917745258572
3Q3G,L,"J, K",../../GraPPI_data/PDB/SAbDab/3q3g.pdb,11.328220993971216
5DRZ,P,"H, L",../../GraPPI_data/PDB/SAbDab/5drz.pdb,11.39465915869219
2VWE,A,"C, E",../../GraPPI_data/PDB/SAbDab/2vwe.pdb,13.55801335351338
5M2M,I,J,../../GraPPI_data/PDB/SAbDab/5m2m.pdb,12.03193480009963
2X89,D,A,../../GraPPI_data/PDB/SAbDab/2x89.pdb,10.031098501693375
3DVN,"X, Y","A, B",../../GraPPI_data/PDB/SAbDab/3dvn.pdb,9.59430209292776
5A2I,P,"H, h",../../GraPPI_data/PDB/SAbDab/5a2i.pdb,6.893504529031815
3EOB,I,"H, L",../../GraPPI_data/PDB/SAbDab/3eob.pdb,11.811073997801095
4KXZ,D,"P, Q",../../GraPPI_data/PDB/SAbDab/4kxz.pdb,11.621462141435702
1SY6,A,"H, L",../../GraPPI_data/PDB/SAbDab/1sy6.pdb,7.590448489782857
5XMH,A,"H, L",../../GraPPI_data/PDB/SAbDab/5xmh.pdb,5.175912650338734
5TKJ,L,"J, K",../../GraPPI_data/PDB/SAbDab/5tkj.pdb,11.107147805353005
3ETB,M,"I, i",../../GraPPI_data/PDB/SAbDab/3etb.pdb,14.31656672408055
3IFP,S,"E, F",../../GraPPI_data/PDB/SAbDab/3ifp.pdb,10.383057436105206
5MYK,C,"A, B",../../GraPPI_data/PDB/SAbDab/5myk.pdb,12.27799758991158
4XGZ,c,"C, D",../../GraPPI_data/PDB/SAbDab/4xgz.pdb,10.390044165443914
6BF4,A,"B, C",../../GraPPI_data/PDB/SAbDab/6bf4.pdb,9.20346173611775
4DN4,M,"H, L",../../GraPPI_data/PDB/SAbDab/4dn4.pdb,14.370425128210385
1KXT,A,B,../../GraPPI_data/PDB/SAbDab/1kxt.pdb,9.038951060921317
5IP4,E,A,../../GraPPI_data/PDB/SAbDab/5ip4.pdb,8.652915203755386
4YHP,P,"H, L",../../GraPPI_data/PDB/SAbDab/4yhp.pdb,11.861573254325416
5CSZ,D,"H, L",../../GraPPI_data/PDB/SAbDab/5csz.pdb,10.594254173351299
4MHJ,G,"J, K",../../GraPPI_data/PDB/SAbDab/4mhj.pdb,12.272045912989343
4F9L,A,"D, d",../../GraPPI_data/PDB/SAbDab/4f9l.pdb,9.790987388803662
5U7O,G,"H, L",../../GraPPI_data/PDB/SAbDab/5u7o.pdb,9.731292169642582
3UC0,B,"I, M",../../GraPPI_data/PDB/SAbDab/3uc0.pdb,12.363686684405483
5C0S,A,"H, L",../../GraPPI_data/PDB/SAbDab/5c0s.pdb,11.063262037349798
3IU3,K,"A, B",../../GraPPI_data/PDB/SAbDab/3iu3.pdb,13.443115394147584
1KXQ,B,G,../../GraPPI_data/PDB/SAbDab/1kxq.pdb,11.53017613298302
4KHX,A,"H, L",../../GraPPI_data/PDB/SAbDab/4khx.pdb,11.422207701100335
4M5Z,A,"H, L",../../GraPPI_data/PDB/SAbDab/4m5z.pdb,11.318957914654456
1JPS,T,"H, L",../../GraPPI_data/PDB/SAbDab/1jps.pdb,13.642470130342177
4HJ0,B,"C, D",../../GraPPI_data/PDB/SAbDab/4hj0.pdb,10.415247410255619
4F3F,C,"A, B",../../GraPPI_data/PDB/SAbDab/4f3f.pdb,12.466581707887904
5NH3,B,"I, M",../../GraPPI_data/PDB/SAbDab/5nh3.pdb,12.288254776322878
3FKU,"G, H","U, u",../../GraPPI_data/PDB/SAbDab/3fku.pdb,13.48702325230247
4X7F,B,D,../../GraPPI_data/PDB/SAbDab/4x7f.pdb,10.298758156991234
3OGO,B,G,../../GraPPI_data/PDB/SAbDab/3ogo.pdb,12.755912495765932
4Z5R,F,"V, W",../../GraPPI_data/PDB/SAbDab/4z5r.pdb,14.651087682214577
6BIT,G,"J, L",../../GraPPI_data/PDB/SAbDab/6bit.pdb,11.706204581993257
5KOV,A,"C, c",../../GraPPI_data/PDB/SAbDab/5kov.pdb,11.90137339338082
2QR0,P,"Q, R",../../GraPPI_data/PDB/SAbDab/2qr0.pdb,11.506378504556531
5BO1,A,"I, M",../../GraPPI_data/PDB/SAbDab/5bo1.pdb,12.411637583648229
4N8C,X,"H, L",../../GraPPI_data/PDB/SAbDab/4n8c.pdb,12.8146612526603
5U8Q,A,"H, L",../../GraPPI_data/PDB/SAbDab/5u8q.pdb,7.6629228514462815
6BLI,F,"D, E",../../GraPPI_data/PDB/SAbDab/6bli.pdb,12.659292580328142
5DMI,A,"H, L",../../GraPPI_data/PDB/SAbDab/5dmi.pdb,12.327895458985749
4M8Q,S,"A, B",../../GraPPI_data/PDB/SAbDab/4m8q.pdb,11.457052272583722
6H06,J,"E, F",../../GraPPI_data/PDB/SAbDab/6h06.pdb,7.161164184329674
4CMH,A,"B, C",../../GraPPI_data/PDB/SAbDab/4cmh.pdb,13.22513391132423
5O2U,C,D,../../GraPPI_data/PDB/SAbDab/5o2u.pdb,12.491784952699609
5AAW,L,"K, k",../../GraPPI_data/PDB/SAbDab/5aaw.pdb,11.405525277670334
3EOA,I,"H, L",../../GraPPI_data/PDB/SAbDab/3eoa.pdb,11.811073997801095
4M1G,"A, B","H, L",../../GraPPI_data/PDB/SAbDab/4m1g.pdb,10.69254839222516
4XI5,"A, B","C, D",../../GraPPI_data/PDB/SAbDab/4xi5.pdb,12.694482349646472
3UAJ,B,"C, D",../../GraPPI_data/PDB/SAbDab/3uaj.pdb,11.641538195179306
5I5K,A,"X, Y",../../GraPPI_data/PDB/SAbDab/5i5k.pdb,14.664395812360782
3EO1,I,"G, H",../../GraPPI_data/PDB/SAbDab/3eo1.pdb,13.092991230317201
5BOZ,C,I,../../GraPPI_data/PDB/SAbDab/5boz.pdb,12.483264131317906
6BB4,Q,"I, M",../../GraPPI_data/PDB/SAbDab/6bb4.pdb,10.652789378685869
5KZP,C,"F, J",../../GraPPI_data/PDB/SAbDab/5kzp.pdb,9.756142817320276
4IOF,B,"E, F",../../GraPPI_data/PDB/SAbDab/4iof.pdb,11.451100595661485
2HKF,P,"H, L",../../GraPPI_data/PDB/SAbDab/2hkf.pdb,8.879390368106684
5N88,D,A,../../GraPPI_data/PDB/SAbDab/5n88.pdb,8.173715122992032
1DZB,X,"A, a",../../GraPPI_data/PDB/SAbDab/1dzb.pdb,8.572923668363236
5HGG,A,T,../../GraPPI_data/PDB/SAbDab/5hgg.pdb,14.000503910660935
5HYS,G,"A, B",../../GraPPI_data/PDB/SAbDab/5hys.pdb,14.194735161007104
4AEI,A,"H, L",../../GraPPI_data/PDB/SAbDab/4aei.pdb,12.404188593996372
2Y06,P,"H, L",../../GraPPI_data/PDB/SAbDab/2y06.pdb,8.313506622999926
1OB1,C,"A, B",../../GraPPI_data/PDB/SAbDab/1ob1.pdb,12.762476122647868
5MES,A,"H, L",../../GraPPI_data/PDB/SAbDab/5mes.pdb,8.820220857688554
5E7F,H,B,../../GraPPI_data/PDB/SAbDab/5e7f.pdb,10.964334801986933
5D1Q,E,"A, B",../../GraPPI_data/PDB/SAbDab/5d1q.pdb,14.843798554654818
3NFP,I,"H, L",../../GraPPI_data/PDB/SAbDab/3nfp.pdb,13.053983403557083
4JAN,I,"A, B",../../GraPPI_data/PDB/SAbDab/4jan.pdb,10.498012597326598
5O0W,D,H,../../GraPPI_data/PDB/SAbDab/5o0w.pdb,13.815279046492872
5FV2,X,A,../../GraPPI_data/PDB/SAbDab/5fv2.pdb,15.196175622008335
3G5Y,E,"A, B",../../GraPPI_data/PDB/SAbDab/3g5y.pdb,9.293904507956356
5MEV,A,"H, L",../../GraPPI_data/PDB/SAbDab/5mev.pdb,9.544924598991711
1F90,E,"H, L",../../GraPPI_data/PDB/SAbDab/1f90.pdb,10.805472391679864
6II8,E,"J, K",../../GraPPI_data/PDB/SAbDab/6ii8.pdb,8.745077228446329
4MHH,E,"H, L",../../GraPPI_data/PDB/SAbDab/4mhh.pdb,12.334439026880876
5T6P,E,"C, D",../../GraPPI_data/PDB/SAbDab/5t6p.pdb,8.25706518603063
5TFW,O,"H, L",../../GraPPI_data/PDB/SAbDab/5tfw.pdb,14.706214608390901
1UWX,P,"H, L",../../GraPPI_data/PDB/SAbDab/1uwx.pdb,7.903033964335996
2JIX,E,"H, L",../../GraPPI_data/PDB/SAbDab/2jix.pdb,10.257901484436886
2R0Z,Q,"H, L",../../GraPPI_data/PDB/SAbDab/2r0z.pdb,7.335301804806029
4D9R,A,"H, L",../../GraPPI_data/PDB/SAbDab/4d9r.pdb,15.541782566657933
3LRH,H,G,../../GraPPI_data/PDB/SAbDab/3lrh.pdb,10.017790371547173
4LMQ,F,"E, I",../../GraPPI_data/PDB/SAbDab/4lmq.pdb,12.319495504400892
3HAE,"A, C","H, L",../../GraPPI_data/PDB/SAbDab/3hae.pdb,10.00477475159169
5XWD,A,"D, H",../../GraPPI_data/PDB/SAbDab/5xwd.pdb,11.220942437545723
5T29,O,"H, L",../../GraPPI_data/PDB/SAbDab/5t29.pdb,12.84659690867882
3B2U,E,"F, G",../../GraPPI_data/PDB/SAbDab/3b2u.pdb,12.27822311730796
3C09,D,"H, L",../../GraPPI_data/PDB/SAbDab/3c09.pdb,10.049768655897891
3NH7,D,"K, O",../../GraPPI_data/PDB/SAbDab/3nh7.pdb,10.503296831855451
2A6K,P,"H, L",../../GraPPI_data/PDB/SAbDab/2a6k.pdb,9.105559045766634
4R3S,Q,"A, B",../../GraPPI_data/PDB/SAbDab/4r3s.pdb,11.210989482771772
4ETQ,C,"H, L",../../GraPPI_data/PDB/SAbDab/4etq.pdb,13.287527025215763
5TZ2,C,"H, L",../../GraPPI_data/PDB/SAbDab/5tz2.pdb,12.204934153661007
3MAC,A,"H, L",../../GraPPI_data/PDB/SAbDab/3mac.pdb,9.182729664509043
5YOY,K,"M, P",../../GraPPI_data/PDB/SAbDab/5yoy.pdb,14.651087682214577
3H42,"A, B","H, L",../../GraPPI_data/PDB/SAbDab/3h42.pdb,15.549605611574032
1HEZ,E,"C, D",../../GraPPI_data/PDB/SAbDab/1hez.pdb,9.32958327619116
5EOC,Q,"J, M",../../GraPPI_data/PDB/SAbDab/5eoc.pdb,10.252009029162688
1ZV5,L,A,../../GraPPI_data/PDB/SAbDab/1zv5.pdb,10.908485255990529
4XH2,a,"A, B",../../GraPPI_data/PDB/SAbDab/4xh2.pdb,11.210989482771772
3GJF,"A, C","H, L",../../GraPPI_data/PDB/SAbDab/3gjf.pdb,9.818535931211805
4AM0,T,"C, D",../../GraPPI_data/PDB/SAbDab/4am0.pdb,12.785768358099153
6CMG,A,"B, C",../../GraPPI_data/PDB/SAbDab/6cmg.pdb,10.311585810949557
4ODX,X,"B, H",../../GraPPI_data/PDB/SAbDab/4odx.pdb,11.844068919772388
2FX8,R,"J, N",../../GraPPI_data/PDB/SAbDab/2fx8.pdb,8.890406016489067
4ONF,P,"H, L",../../GraPPI_data/PDB/SAbDab/4onf.pdb,12.16407748110666
6MHR,C,"A, B",../../GraPPI_data/PDB/SAbDab/6mhr.pdb,10.441571160357304
2I60,G,"H, L",../../GraPPI_data/PDB/SAbDab/2i60.pdb,11.187763491446644
2P44,A,B,../../GraPPI_data/PDB/SAbDab/2p44.pdb,10.588725290071952
6CDP,C,"A, B",../../GraPPI_data/PDB/SAbDab/6cdp.pdb,11.979093294393271
2NY1,A,"C, D",../../GraPPI_data/PDB/SAbDab/2ny1.pdb,9.128559485053584
5IMM,A,B,../../GraPPI_data/PDB/SAbDab/5imm.pdb,11.53017613298302
4WHT,a,"A, B",../../GraPPI_data/PDB/SAbDab/4wht.pdb,11.048076926649413
4YK4,A,"B, C",../../GraPPI_data/PDB/SAbDab/4yk4.pdb,8.77982882766026
4I2X,F,"C, D",../../GraPPI_data/PDB/SAbDab/4i2x.pdb,8.073395510110212
4Z9K,A,B,../../GraPPI_data/PDB/SAbDab/4z9k.pdb,11.80513181735612
3L5W,J,"A, B",../../GraPPI_data/PDB/SAbDab/3l5w.pdb,14.015202190749985
5YWY,A,"H, L",../../GraPPI_data/PDB/SAbDab/5ywy.pdb,9.857381780546906
3T2N,A,"H, L",../../GraPPI_data/PDB/SAbDab/3t2n.pdb,10.29621245421588
5VZY,A,"H, L",../../GraPPI_data/PDB/SAbDab/5vzy.pdb,11.583243276668515
5VOB,"B, D","H, L",../../GraPPI_data/PDB/SAbDab/5vob.pdb,13.395495457098447
1PZ5,C,"A, B",../../GraPPI_data/PDB/SAbDab/1pz5.pdb,7.364123533368726
3P0Y,A,"H, L",../../GraPPI_data/PDB/SAbDab/3p0y.pdb,12.12804923527344
5TZT,C,"H, L",../../GraPPI_data/PDB/SAbDab/5tzt.pdb,11.647696173050877
5MY6,A,B,../../GraPPI_data/PDB/SAbDab/5my6.pdb,11.45258291650824
1E6J,P,"H, L",../../GraPPI_data/PDB/SAbDab/1e6j.pdb,10.277977538180489
4LEO,C,"A, B",../../GraPPI_data/PDB/SAbDab/4leo.pdb,12.682518571653272
1W72,"D, F","I, M",../../GraPPI_data/PDB/SAbDab/1w72.pdb,10.709230815655163
6B3S,B,"C, D",../../GraPPI_data/PDB/SAbDab/6b3s.pdb,10.800516824107843
6A0Z,A,"H, L",../../GraPPI_data/PDB/SAbDab/6a0z.pdb,9.920891175389286
6E63,P,"H, L",../../GraPPI_data/PDB/SAbDab/6e63.pdb,11.497268396812691
4PGJ,B,A,../../GraPPI_data/PDB/SAbDab/4pgj.pdb,10.34264392499444
4WV1,C,"A, B",../../GraPPI_data/PDB/SAbDab/4wv1.pdb,11.706204581993257
5WI9,A,"H, L",../../GraPPI_data/PDB/SAbDab/5wi9.pdb,13.724921904844921
6FLB,G,"H, L",../../GraPPI_data/PDB/SAbDab/6flb.pdb,12.272045912989343
2VYR,A,E,../../GraPPI_data/PDB/SAbDab/2vyr.pdb,9.699533668667604
1NL0,G,"H, L",../../GraPPI_data/PDB/SAbDab/1nl0.pdb,11.993715935332444
3LHP,S,"H, L",../../GraPPI_data/PDB/SAbDab/3lhp.pdb,14.779484450374436
5GZO,B,"C, D",../../GraPPI_data/PDB/SAbDab/5gzo.pdb,9.25341810289469
3LQA,"C, G","H, L",../../GraPPI_data/PDB/SAbDab/3lqa.pdb,7.907012001566365
3LH2,V,"K, O",../../GraPPI_data/PDB/SAbDab/3lh2.pdb,12.667283592789385
5ANM,F,"H, L",../../GraPPI_data/PDB/SAbDab/5anm.pdb,15.967248098763921
5ZXV,B,"C, D",../../GraPPI_data/PDB/SAbDab/5zxv.pdb,9.871603074897301
2AEP,A,"H, L",../../GraPPI_data/PDB/SAbDab/2aep.pdb,10.800516824107843
2I5Y,P,"Q, R",../../GraPPI_data/PDB/SAbDab/2i5y.pdb,11.683855255327233
4WHY,B,"M, N",../../GraPPI_data/PDB/SAbDab/4why.pdb,11.048076926649413
3RKD,B,"C, D",../../GraPPI_data/PDB/SAbDab/3rkd.pdb,11.221946995664606
5F3B,D,"E, F",../../GraPPI_data/PDB/SAbDab/5f3b.pdb,15.71214411243215
3H3P,T,"I, M",../../GraPPI_data/PDB/SAbDab/3h3p.pdb,10.714621368079147
5DMJ,D,E,../../GraPPI_data/PDB/SAbDab/5dmj.pdb,11.284451832388104
6H0E,G,"C, D",../../GraPPI_data/PDB/SAbDab/6h0e.pdb,9.026483508445098
6B5R,A,"H, L",../../GraPPI_data/PDB/SAbDab/6b5r.pdb,11.961308568325027
4G6F,P,"H, L",../../GraPPI_data/PDB/SAbDab/4g6f.pdb,10.594254173351299
4WUU,"A, C","D, E",../../GraPPI_data/PDB/SAbDab/4wuu.pdb,10.74407538713855
1TET,P,"H, L",../../GraPPI_data/PDB/SAbDab/1tet.pdb,8.240230516275526
3P9W,E,F,../../GraPPI_data/PDB/SAbDab/3p9w.pdb,10.630155278333627
4H88,A,"H, L",../../GraPPI_data/PDB/SAbDab/4h88.pdb,11.641538195179306
4U6V,A,"H, L",../../GraPPI_data/PDB/SAbDab/4u6v.pdb,14.999167226986977
2CMR,A,"H, L",../../GraPPI_data/PDB/SAbDab/2cmr.pdb,14.053149402760466
4JZJ,C,"H, L",../../GraPPI_data/PDB/SAbDab/4jzj.pdb,11.451100595661485
5J57,A,B,../../GraPPI_data/PDB/SAbDab/5j57.pdb,14.588694568323046
3E8U,P,"H, L",../../GraPPI_data/PDB/SAbDab/3e8u.pdb,13.143031569928421
4IDJ,A,"H, L",../../GraPPI_data/PDB/SAbDab/4idj.pdb,16.048496801346563
5A2J,P,"H, h",../../GraPPI_data/PDB/SAbDab/5a2j.pdb,7.982109501657531
3KR3,D,"H, L",../../GraPPI_data/PDB/SAbDab/3kr3.pdb,14.06511920278957
5T5B,O,"A, B",../../GraPPI_data/PDB/SAbDab/5t5b.pdb,13.513015497166302
6BCK,G,"H, L",../../GraPPI_data/PDB/SAbDab/6bck.pdb,12.361361247846103
2XZQ,P,"H, L",../../GraPPI_data/PDB/SAbDab/2xzq.pdb,8.979083267995625
4QTI,U,"H, L",../../GraPPI_data/PDB/SAbDab/4qti.pdb,10.58732793218336
2FX9,P,"H, L",../../GraPPI_data/PDB/SAbDab/2fx9.pdb,10.594254173351299
3GGW,E,"A, B",../../GraPPI_data/PDB/SAbDab/3ggw.pdb,7.554656990738653
4DKF,A,"H, L",../../GraPPI_data/PDB/SAbDab/4dkf.pdb,11.602044438920633
3QWO,P,"H, L",../../GraPPI_data/PDB/SAbDab/3qwo.pdb,9.627393766626849
4GMS,E,"J, N",../../GraPPI_data/PDB/SAbDab/4gms.pdb,10.498012597326598
5VYF,C,"A, B",../../GraPPI_data/PDB/SAbDab/5vyf.pdb,13.264934050379638
5KN5,F,"D, E",../../GraPPI_data/PDB/SAbDab/5kn5.pdb,13.623879714130176
4FQV,"C, D","J, N",../../GraPPI_data/PDB/SAbDab/4fqv.pdb,12.215604476020047
6CWT,F,"C, D",../../GraPPI_data/PDB/SAbDab/6cwt.pdb,15.952255225321862
4HKX,E,"A, B",../../GraPPI_data/PDB/SAbDab/4hkx.pdb,8.786372395555384
5SX4,N,"H, L",../../GraPPI_data/PDB/SAbDab/5sx4.pdb,12.910902828685003
3DVG,"X, Y","A, B",../../GraPPI_data/PDB/SAbDab/3dvg.pdb,10.990954423625663
1I8I,C,"A, B",../../GraPPI_data/PDB/SAbDab/1i8i.pdb,10.441571160357304
1I8K,C,"A, B",../../GraPPI_data/PDB/SAbDab/1i8k.pdb,10.441571160357304
2A6I,P,"A, B",../../GraPPI_data/PDB/SAbDab/2a6i.pdb,9.441706312830725
2ZPK,Q,"I, M",../../GraPPI_data/PDB/SAbDab/2zpk.pdb,7.957219904046261
4RDQ,E,"F, G",../../GraPPI_data/PDB/SAbDab/4rdq.pdb,10.668374143100813
5CZX,A,"H, L",../../GraPPI_data/PDB/SAbDab/5czx.pdb,12.574550139770588
4ALA,C,"H, L",../../GraPPI_data/PDB/SAbDab/4ala.pdb,12.719160373253835
4X7D,B,C,../../GraPPI_data/PDB/SAbDab/4x7d.pdb,11.53017613298302
4G3Y,C,"H, L",../../GraPPI_data/PDB/SAbDab/4g3y.pdb,10.990954423625663
6BLH,G,"H, L",../../GraPPI_data/PDB/SAbDab/6blh.pdb,11.436477954722312
6H7N,B,D,../../GraPPI_data/PDB/SAbDab/6h7n.pdb,11.53017613298302
5WUX,G,"C, D",../../GraPPI_data/PDB/SAbDab/5wux.pdb,14.402267781946005
4EIZ,B,C,../../GraPPI_data/PDB/SAbDab/4eiz.pdb,11.621462141435702
2WUB,C,"Q, R",../../GraPPI_data/PDB/SAbDab/2wub.pdb,9.309497117051375
1N64,P,"H, L",../../GraPPI_data/PDB/SAbDab/1n64.pdb,12.116677240657186
4DGI,A,"H, L",../../GraPPI_data/PDB/SAbDab/4dgi.pdb,8.654229714548356
2OR9,P,"I, M",../../GraPPI_data/PDB/SAbDab/2or9.pdb,8.596161350623596
1NBY,C,"A, B",../../GraPPI_data/PDB/SAbDab/1nby.pdb,5.51351715068304
6D01,J,"G, H",../../GraPPI_data/PDB/SAbDab/6d01.pdb,8.92264183102633
5GRJ,A,"H, L",../../GraPPI_data/PDB/SAbDab/5grj.pdb,14.147920722236693
5IGX,G,"H, L",../../GraPPI_data/PDB/SAbDab/5igx.pdb,8.383348726543312
1HH6,C,"A, B",../../GraPPI_data/PDB/SAbDab/1hh6.pdb,8.877100176545477
2Y07,P,"H, L",../../GraPPI_data/PDB/SAbDab/2y07.pdb,8.48386816877414
6B08,A,"B, C",../../GraPPI_data/PDB/SAbDab/6b08.pdb,10.630155278333627
1ZA3,R,"H, L",../../GraPPI_data/PDB/SAbDab/1za3.pdb,10.18378151468737
4RIS,P,"H, L",../../GraPPI_data/PDB/SAbDab/4ris.pdb,8.243757055884426
1FE8,A,"H, L",../../GraPPI_data/PDB/SAbDab/1fe8.pdb,7.770891283328966
4JG0,P,"H, L",../../GraPPI_data/PDB/SAbDab/4jg0.pdb,9.223767275184542
4M1D,Q,"I, M",../../GraPPI_data/PDB/SAbDab/4m1d.pdb,10.415247410255619
4POU,A,B,../../GraPPI_data/PDB/SAbDab/4pou.pdb,9.277803540246737
4FQI,"A, B","H, L",../../GraPPI_data/PDB/SAbDab/4fqi.pdb,12.334439026880876
1OP9,B,A,../../GraPPI_data/PDB/SAbDab/1op9.pdb,12.489547653531655
5HHX,A,"H, L",../../GraPPI_data/PDB/SAbDab/5hhx.pdb,11.195404718356826
5C0N,B,"C, D",../../GraPPI_data/PDB/SAbDab/5c0n.pdb,7.341478684877839
2XQB,A,"H, L",../../GraPPI_data/PDB/SAbDab/2xqb.pdb,14.02285323732696
5WT9,G,"H, L",../../GraPPI_data/PDB/SAbDab/5wt9.pdb,12.052010853843235
6II9,E,"P, Q",../../GraPPI_data/PDB/SAbDab/6ii9.pdb,10.516050140041472
4K9E,C,"H, L",../../GraPPI_data/PDB/SAbDab/4k9e.pdb,15.263452589001034
3EYU,Q,"H, L",../../GraPPI_data/PDB/SAbDab/3eyu.pdb,10.220944453355312
5USH,A,"D, E",../../GraPPI_data/PDB/SAbDab/5ush.pdb,12.03193480009963
3UYP,B,"A, a",../../GraPPI_data/PDB/SAbDab/3uyp.pdb,7.345795983725864
4G6J,A,"H, L",../../GraPPI_data/PDB/SAbDab/4g6j.pdb,11.436477954722312
5USL,X,"H, L",../../GraPPI_data/PDB/SAbDab/5usl.pdb,14.720837249330074
2FJH,W,"A, B",../../GraPPI_data/PDB/SAbDab/2fjh.pdb,11.94959638524554
5UTZ,E,"F, G",../../GraPPI_data/PDB/SAbDab/5utz.pdb,11.898530132745899
4DKE,B,"I, M",../../GraPPI_data/PDB/SAbDab/4dke.pdb,13.527638138105475
4YBL,A,"B, C",../../GraPPI_data/PDB/SAbDab/4ybl.pdb,13.32137548734893
3MXW,A,"H, L",../../GraPPI_data/PDB/SAbDab/3mxw.pdb,12.591131262653958
1ZVY,B,A,../../GraPPI_data/PDB/SAbDab/1zvy.pdb,13.635606569988159
1P4B,P,"H, L",../../GraPPI_data/PDB/SAbDab/1p4b.pdb,14.062845439421121
2H9G,S,"H, L",../../GraPPI_data/PDB/SAbDab/2h9g.pdb,11.318957914654456
6MI2,F,"D, E",../../GraPPI_data/PDB/SAbDab/6mi2.pdb,9.764663638701975
2FJG,W,"H, L",../../GraPPI_data/PDB/SAbDab/2fjg.pdb,10.926035594163906
1KXV,A,C,../../GraPPI_data/PDB/SAbDab/1kxv.pdb,10.36586991631957
3BGF,S,"H, L",../../GraPPI_data/PDB/SAbDab/3bgf.pdb,10.347849953815745
3IFL,P,"H, L",../../GraPPI_data/PDB/SAbDab/3ifl.pdb,11.017277862088639
4PY8,"A, B","I, J",../../GraPPI_data/PDB/SAbDab/4py8.pdb,12.272045912989343
5XXY,A,"H, L",../../GraPPI_data/PDB/SAbDab/5xxy.pdb,10.910858753633121
3P0G,A,B,../../GraPPI_data/PDB/SAbDab/3p0g.pdb,13.738856356434038
4J4P,A,"H, L",../../GraPPI_data/PDB/SAbDab/4j4p.pdb,10.08753993866267
6DF2,D,"H, L",../../GraPPI_data/PDB/SAbDab/6df2.pdb,9.875729829361216
3EYF,E,"A, B",../../GraPPI_data/PDB/SAbDab/3eyf.pdb,9.554236429315417
1HH9,C,"A, B",../../GraPPI_data/PDB/SAbDab/1hh9.pdb,6.340785840389628
5J56,A,B,../../GraPPI_data/PDB/SAbDab/5j56.pdb,11.583243276668515
2P46,A,B,../../GraPPI_data/PDB/SAbDab/2p46.pdb,9.538749865042885
3A6C,Y,"H, L",../../GraPPI_data/PDB/SAbDab/3a6c.pdb,11.203959973469622
5KVF,E,"H, L",../../GraPPI_data/PDB/SAbDab/5kvf.pdb,10.2196826196697
4KFZ,B,D,../../GraPPI_data/PDB/SAbDab/4kfz.pdb,9.581566400592274
5E8D,A,"H, L",../../GraPPI_data/PDB/SAbDab/5e8d.pdb,11.163589242322299
4FQY,"A, B","H, L",../../GraPPI_data/PDB/SAbDab/4fqy.pdb,11.80513181735612
3IXT,P,"H, L",../../GraPPI_data/PDB/SAbDab/3ixt.pdb,11.640659318207117
2W9E,A,"H, L",../../GraPPI_data/PDB/SAbDab/2w9e.pdb,13.635606569988159
1ZMY,L,A,../../GraPPI_data/PDB/SAbDab/1zmy.pdb,9.932171266330512
6EYO,A,"H, L",../../GraPPI_data/PDB/SAbDab/6eyo.pdb,14.588694568323046
2HFG,R,"H, L",../../GraPPI_data/PDB/SAbDab/2hfg.pdb,12.58087961131745
4X7E,A,C,../../GraPPI_data/PDB/SAbDab/4x7e.pdb,11.119703474319092
3IDY,A,"B, C",../../GraPPI_data/PDB/SAbDab/3idy.pdb,11.445208140387287
5FCU,G,"H, L",../../GraPPI_data/PDB/SAbDab/5fcu.pdb,11.210989482771772
4HJJ,A,H,../../GraPPI_data/PDB/SAbDab/4hjj.pdb,13.35727659233126
2J6E,B,"I, M",../../GraPPI_data/PDB/SAbDab/2j6e.pdb,8.48386816877414
4HLZ,"C, D","I, J",../../GraPPI_data/PDB/SAbDab/4hlz.pdb,11.861573254325416
6A67,B,"C, D",../../GraPPI_data/PDB/SAbDab/6a67.pdb,12.269681890412455
2MPA,P,"H, L",../../GraPPI_data/PDB/SAbDab/2mpa.pdb,10.964334801986933
3FN0,P,"H, L",../../GraPPI_data/PDB/SAbDab/3fn0.pdb,5.996857967666222
2VXQ,A,"H, L",../../GraPPI_data/PDB/SAbDab/2vxq.pdb,13.586000283253602
5OMN,B,C,../../GraPPI_data/PDB/SAbDab/5omn.pdb,10.938860471398431
5WTT,C,"A, B",../../GraPPI_data/PDB/SAbDab/5wtt.pdb,9.002309259320754
4ZFF,C,"A, B",../../GraPPI_data/PDB/SAbDab/4zff.pdb,11.318957914654456
2J5L,A,"B, C",../../GraPPI_data/PDB/SAbDab/2j5l.pdb,9.69970138035098
5I8C,C,"A, B",../../GraPPI_data/PDB/SAbDab/5i8c.pdb,10.36586991631957
5W1M,T,"C, D",../../GraPPI_data/PDB/SAbDab/5w1m.pdb,10.61915458672246
4R2G,A,"M, N",../../GraPPI_data/PDB/SAbDab/4r2g.pdb,10.18378151468737
6B0G,E,"C, D",../../GraPPI_data/PDB/SAbDab/6b0g.pdb,10.238483781921815
6FGB,"A, B","H, L",../../GraPPI_data/PDB/SAbDab/6fgb.pdb,13.948063751543353
3GHE,P,"H, L",../../GraPPI_data/PDB/SAbDab/3ghe.pdb,8.030035200165598
5CZV,A,"H, L",../../GraPPI_data/PDB/SAbDab/5czv.pdb,12.985022798434516
4JFZ,P,"H, L",../../GraPPI_data/PDB/SAbDab/4jfz.pdb,9.747742862735418
3O6M,C,"H, L",../../GraPPI_data/PDB/SAbDab/3o6m.pdb,9.898497223910248
5TE6,G,"H, L",../../GraPPI_data/PDB/SAbDab/5te6.pdb,11.708486615141254
5OMM,"A, B",C,../../GraPPI_data/PDB/SAbDab/5omm.pdb,10.885259264665399
4ZFO,K,"H, L",../../GraPPI_data/PDB/SAbDab/4zfo.pdb,14.559801673761896
6E62,P,"H, L",../../GraPPI_data/PDB/SAbDab/6e62.pdb,11.583243276668515
5HVG,A,B,../../GraPPI_data/PDB/SAbDab/5hvg.pdb,12.545657245209439
5KVE,E,"H, L",../../GraPPI_data/PDB/SAbDab/5kve.pdb,10.166615475984205
1NSN,S,"H, L",../../GraPPI_data/PDB/SAbDab/1nsn.pdb,13.635606569988159
3EYS,Q,"H, L",../../GraPPI_data/PDB/SAbDab/3eys.pdb,7.408215459611634
2R0L,A,"H, L",../../GraPPI_data/PDB/SAbDab/2r0l.pdb,10.689758211686181
2NXZ,A,"C, D",../../GraPPI_data/PDB/SAbDab/2nxz.pdb,8.558448907521893
6DDR,C,"A, B",../../GraPPI_data/PDB/SAbDab/6ddr.pdb,12.308687714589906
5O03,A,C,../../GraPPI_data/PDB/SAbDab/5o03.pdb,9.847428825772955
1P2C,C,"A, B",../../GraPPI_data/PDB/SAbDab/1p2c.pdb,13.65443993037128
1QFU,A,"H, L",../../GraPPI_data/PDB/SAbDab/1qfu.pdb,11.510317285385057
4P59,A,"H, L",../../GraPPI_data/PDB/SAbDab/4p59.pdb,14.310364590666147
6EHG,"A, B",C,../../GraPPI_data/PDB/SAbDab/6ehg.pdb,13.117165479441544
5KW9,A,"H, L",../../GraPPI_data/PDB/SAbDab/5kw9.pdb,10.483389956387425
3VG9,A,"B, C",../../GraPPI_data/PDB/SAbDab/3vg9.pdb,11.39465915869219
5SX5,M,"J, K",../../GraPPI_data/PDB/SAbDab/5sx5.pdb,12.189280725918362
1BVK,C,"A, B",../../GraPPI_data/PDB/SAbDab/1bvk.pdb,10.622083551467364
3MA9,A,"H, L",../../GraPPI_data/PDB/SAbDab/3ma9.pdb,10.966139162964303
1NBZ,C,"A, B",../../GraPPI_data/PDB/SAbDab/1nbz.pdb,8.150958627105597
5T6L,G,"A, B",../../GraPPI_data/PDB/SAbDab/5t6l.pdb,14.378958670841238
5LHN,A,B,../../GraPPI_data/PDB/SAbDab/5lhn.pdb,10.841373496662193
6MFT,C,"A, B",../../GraPPI_data/PDB/SAbDab/6mft.pdb,7.688126096257987
6AOD,C,"A, B",../../GraPPI_data/PDB/SAbDab/6aod.pdb,13.349920139107292
5YHL,A,"H, L",../../GraPPI_data/PDB/SAbDab/5yhl.pdb,10.560405711218129
3P11,A,"H, L",../../GraPPI_data/PDB/SAbDab/3p11.pdb,12.512554928773232
5D72,B,"M, N",../../GraPPI_data/PDB/SAbDab/5d72.pdb,15.30167145376822
2XTJ,A,"B, D",../../GraPPI_data/PDB/SAbDab/2xtj.pdb,11.400394725382805
1QFW,B,"I, M",../../GraPPI_data/PDB/SAbDab/1qfw.pdb,10.908485255990529
5DFV,A,"C, D",../../GraPPI_data/PDB/SAbDab/5dfv.pdb,12.682518571653272
3IFO,P,"H, L",../../GraPPI_data/PDB/SAbDab/3ifo.pdb,9.909349375633987
1FSK,G,"H, I",../../GraPPI_data/PDB/SAbDab/1fsk.pdb,13.117165479441544
6BKB,E,"H, L",../../GraPPI_data/PDB/SAbDab/6bkb.pdb,12.03193480009963
5T5F,A,"H, L",../../GraPPI_data/PDB/SAbDab/5t5f.pdb,13.255509126732134
1DEE,H,"E, F",../../GraPPI_data/PDB/SAbDab/1dee.pdb,8.723979281663853
4WEN,A,B,../../GraPPI_data/PDB/SAbDab/4wen.pdb,9.544924598991711
1TZI,V,"A, B",../../GraPPI_data/PDB/SAbDab/1tzi.pdb,11.130864611460805
5WHK,"A, B","H, L",../../GraPPI_data/PDB/SAbDab/5whk.pdb,11.9206855461462
2WUC,A,"H, L",../../GraPPI_data/PDB/SAbDab/2wuc.pdb,9.267567507644888
2AEQ,A,"H, L",../../GraPPI_data/PDB/SAbDab/2aeq.pdb,10.800516824107843
3RVW,A,"C, D",../../GraPPI_data/PDB/SAbDab/3rvw.pdb,10.528387812734502
3EBA,B,A,../../GraPPI_data/PDB/SAbDab/3eba.pdb,11.763557777216679
5JDS,A,B,../../GraPPI_data/PDB/SAbDab/5jds.pdb,11.621462141435702
2XRA,A,"H, L",../../GraPPI_data/PDB/SAbDab/2xra.pdb,11.570842023612949
3SQO,A,"H, L",../../GraPPI_data/PDB/SAbDab/3sqo.pdb,15.409639885650904
4XNM,D,"A, B",../../GraPPI_data/PDB/SAbDab/4xnm.pdb,11.040627936997558
6AXK,E,"A, B",../../GraPPI_data/PDB/SAbDab/6axk.pdb,8.884552391867588
5D1X,E,"A, B",../../GraPPI_data/PDB/SAbDab/5d1x.pdb,14.559801673761896
4JKP,G,"H, L",../../GraPPI_data/PDB/SAbDab/4jkp.pdb,9.943670401797657
2NY5,G,"H, L",../../GraPPI_data/PDB/SAbDab/2ny5.pdb,8.85797544421238
4ZPT,S,"H, L",../../GraPPI_data/PDB/SAbDab/4zpt.pdb,10.912645140716506
2YPV,A,"H, L",../../GraPPI_data/PDB/SAbDab/2ypv.pdb,14.348583455433333
3UBX,A,"H, L",../../GraPPI_data/PDB/SAbDab/3ubx.pdb,10.361151270882765
3SDY,"A, B","H, L",../../GraPPI_data/PDB/SAbDab/3sdy.pdb,12.484129927928587
6AZZ,D,"E, F",../../GraPPI_data/PDB/SAbDab/6azz.pdb,11.145642812288438
5GHW,P,"H, L",../../GraPPI_data/PDB/SAbDab/5ghw.pdb,10.932659505114872
6EJG,B,"D, d",../../GraPPI_data/PDB/SAbDab/6ejg.pdb,12.396832140772405
1YYM,G,"H, L",../../GraPPI_data/PDB/SAbDab/1yym.pdb,6.849426523770281
5MYX,E,"A, B",../../GraPPI_data/PDB/SAbDab/5myx.pdb,11.132531128277416
6CDM,C,"A, B",../../GraPPI_data/PDB/SAbDab/6cdm.pdb,12.400498944246928
5CD5,A,"C, D",../../GraPPI_data/PDB/SAbDab/5cd5.pdb,8.916462433713255
4K2U,B,"I, M",../../GraPPI_data/PDB/SAbDab/4k2u.pdb,14.747329258239278
6D6U,D,"K, L",../../GraPPI_data/PDB/SAbDab/6d6u.pdb,11.201201047201291
3G6J,"C, D","G, H",../../GraPPI_data/PDB/SAbDab/3g6j.pdb,11.897934349835529
3O6L,C,"H, L",../../GraPPI_data/PDB/SAbDab/3o6l.pdb,9.934421427995613
2NY6,A,"C, D",../../GraPPI_data/PDB/SAbDab/2ny6.pdb,10.544180398477804
5B71,F,"C, D",../../GraPPI_data/PDB/SAbDab/5b71.pdb,13.387651807739163
4I3R,G,"H, L",../../GraPPI_data/PDB/SAbDab/4i3r.pdb,10.805472391679864
4I18,C,"H, L",../../GraPPI_data/PDB/SAbDab/4i18.pdb,11.25184615532612
5J3H,E,"C, D",../../GraPPI_data/PDB/SAbDab/5j3h.pdb,11.729430573318384
2VXT,I,"H, L",../../GraPPI_data/PDB/SAbDab/2vxt.pdb,12.934901925356598
5TRU,C,"H, L",../../GraPPI_data/PDB/SAbDab/5tru.pdb,10.873979173724173
4N9G,Z,"M, N",../../GraPPI_data/PDB/SAbDab/4n9g.pdb,12.935803242056165
3UYR,P,"H, L",../../GraPPI_data/PDB/SAbDab/3uyr.pdb,9.403381929046084
4LIQ,E,"H, L",../../GraPPI_data/PDB/SAbDab/4liq.pdb,13.22513391132423
4ZS7,A,"H, L",../../GraPPI_data/PDB/SAbDab/4zs7.pdb,14.559801673761896
5BK1,A,"H, L",../../GraPPI_data/PDB/SAbDab/5bk1.pdb,12.215604476020047
5HDQ,A,"H, L",../../GraPPI_data/PDB/SAbDab/5hdq.pdb,12.16407748110666
6D6T,B,"I, J",../../GraPPI_data/PDB/SAbDab/6d6t.pdb,11.201201047201291
6B0A,A,"H, L",../../GraPPI_data/PDB/SAbDab/6b0a.pdb,11.497268396812691
4JLR,S,"H, L",../../GraPPI_data/PDB/SAbDab/4jlr.pdb,14.35056070891991
2J4W,D,"H, L",../../GraPPI_data/PDB/SAbDab/2j4w.pdb,12.574550139770588
3L5Y,A,"H, L",../../GraPPI_data/PDB/SAbDab/3l5y.pdb,15.339764142331747
5O05,B,C,../../GraPPI_data/PDB/SAbDab/5o05.pdb,12.396832140772405
5K59,B,"E, F",../../GraPPI_data/PDB/SAbDab/5k59.pdb,15.820112544314833
3HI1,G,"H, L",../../GraPPI_data/PDB/SAbDab/3hi1.pdb,10.841373496662193
4O4Y,A,"H, L",../../GraPPI_data/PDB/SAbDab/4o4y.pdb,10.648956440585744
5AAM,J,"B, b",../../GraPPI_data/PDB/SAbDab/5aam.pdb,11.481475811069389
3UX9,A,"B, b",../../GraPPI_data/PDB/SAbDab/3ux9.pdb,12.444780956406154
5D8J,A,"H, L",../../GraPPI_data/PDB/SAbDab/5d8j.pdb,11.930583050115384
3G5V,C,"A, B",../../GraPPI_data/PDB/SAbDab/3g5v.pdb,9.646019111010547
5JYL,C,"D, d",../../GraPPI_data/PDB/SAbDab/5jyl.pdb,10.990954423625663
3LEV,A,"H, L",../../GraPPI_data/PDB/SAbDab/3lev.pdb,12.574550139770588
4QCI,C,"H, L",../../GraPPI_data/PDB/SAbDab/4qci.pdb,14.389440127987681
5DFW,A,"H, h",../../GraPPI_data/PDB/SAbDab/5dfw.pdb,12.682518571653272
5CJQ,"A, B","H, L",../../GraPPI_data/PDB/SAbDab/5cjq.pdb,12.682518571653272
5U4M,A,B,../../GraPPI_data/PDB/SAbDab/5u4m.pdb,12.82965412610236
5VPL,A,"C, D",../../GraPPI_data/PDB/SAbDab/5vpl.pdb,10.594254173351299
3WD5,A,"H, L",../../GraPPI_data/PDB/SAbDab/3wd5.pdb,13.55284138291718
2EH8,P,"H, L",../../GraPPI_data/PDB/SAbDab/2eh8.pdb,11.294501310300118
4M62,T,"I, M",../../GraPPI_data/PDB/SAbDab/4m62.pdb,11.713077234014145
3ZKQ,A,D,../../GraPPI_data/PDB/SAbDab/3zkq.pdb,12.16407748110666
4HWB,A,"H, L",../../GraPPI_data/PDB/SAbDab/4hwb.pdb,12.60492535517849
1NMA,N,"H, L",../../GraPPI_data/PDB/SAbDab/1nma.pdb,10.709230815655163
5M2I,E,J,../../GraPPI_data/PDB/SAbDab/5m2i.pdb,12.63694325366212
5TE4,G,"H, L",../../GraPPI_data/PDB/SAbDab/5te4.pdb,10.914436932912764
4LU5,A,"I, M",../../GraPPI_data/PDB/SAbDab/4lu5.pdb,13.88256729305642
4KHT,A,"H, L",../../GraPPI_data/PDB/SAbDab/4kht.pdb,11.408273249511218
5DO2,A,"H, L",../../GraPPI_data/PDB/SAbDab/5do2.pdb,9.259238168110844
2FX7,P,"H, L",../../GraPPI_data/PDB/SAbDab/2fx7.pdb,10.498012597326598
5SV3,D,C,../../GraPPI_data/PDB/SAbDab/5sv3.pdb,12.548483918209199
6DDV,C,"A, B",../../GraPPI_data/PDB/SAbDab/6ddv.pdb,11.23311108904696
5Y80,A,B,../../GraPPI_data/PDB/SAbDab/5y80.pdb,11.986359482108476
6FLC,I,"A, B",../../GraPPI_data/PDB/SAbDab/6flc.pdb,9.207802567112148
2P49,A,B,../../GraPPI_data/PDB/SAbDab/2p49.pdb,10.505244934018734
3R1G,B,"H, L",../../GraPPI_data/PDB/SAbDab/3r1g.pdb,12.122776239268253
3U0T,E,"C, D",../../GraPPI_data/PDB/SAbDab/3u0t.pdb,12.985022798434516
5E2W,P,"H, L",../../GraPPI_data/PDB/SAbDab/5e2w.pdb,10.238483781921815
5E2V,P,"H, L",../../GraPPI_data/PDB/SAbDab/5e2v.pdb,8.290992822823865
6CBP,P,"A, a",../../GraPPI_data/PDB/SAbDab/6cbp.pdb,7.029021503322643
6AXL,G,"C, D",../../GraPPI_data/PDB/SAbDab/6axl.pdb,9.692060153440798
1IQD,C,"A, B",../../GraPPI_data/PDB/SAbDab/1iqd.pdb,14.79991278665161
4QYO,Q,"A, B",../../GraPPI_data/PDB/SAbDab/4qyo.pdb,11.210989482771772
2Y6S,Q,"H, L",../../GraPPI_data/PDB/SAbDab/2y6s.pdb,9.527420264438685
5OTJ,C,"H, L",../../GraPPI_data/PDB/SAbDab/5otj.pdb,13.32137548734893
6CDO,C,"A, B",../../GraPPI_data/PDB/SAbDab/6cdo.pdb,12.23753983072299
4G6M,A,"H, L",../../GraPPI_data/PDB/SAbDab/4g6m.pdb,13.005098852178122
4QY8,Q,"A, B",../../GraPPI_data/PDB/SAbDab/4qy8.pdb,9.809209961005768
5C7X,B,"M, N",../../GraPPI_data/PDB/SAbDab/5c7x.pdb,16.90534322365675
4RGO,S,"H, L",../../GraPPI_data/PDB/SAbDab/4rgo.pdb,11.048076926649413
4WEU,A,E,../../GraPPI_data/PDB/SAbDab/4weu.pdb,7.150682727183228
3IET,Q,"C, D",../../GraPPI_data/PDB/SAbDab/3iet.pdb,9.345670158656347
4BKL,"E, F, G","A, B",../../GraPPI_data/PDB/SAbDab/4bkl.pdb,8.948025153950741
2NXY,A,"C, D",../../GraPPI_data/PDB/SAbDab/2nxy.pdb,8.320955612651781
6B0E,E,"A, B",../../GraPPI_data/PDB/SAbDab/6b0e.pdb,10.072917297723496
4JFX,P,"H, L",../../GraPPI_data/PDB/SAbDab/4jfx.pdb,8.786372395555384
5E8E,H,"A, B",../../GraPPI_data/PDB/SAbDab/5e8e.pdb,11.923966368216945
1TZH,W,"A, B",../../GraPPI_data/PDB/SAbDab/1tzh.pdb,12.167047226226735
5J13,A,"B, C",../../GraPPI_data/PDB/SAbDab/5j13.pdb,13.938110796769402
5N7W,X,"H, L",../../GraPPI_data/PDB/SAbDab/5n7w.pdb,9.67706727999874
3UZV,A,"B, b",../../GraPPI_data/PDB/SAbDab/3uzv.pdb,12.771833906510032
4HS6,Z,"A, B",../../GraPPI_data/PDB/SAbDab/4hs6.pdb,10.257901484436886
4HIX,A,"H, L",../../GraPPI_data/PDB/SAbDab/4hix.pdb,9.300878675152996
4LQF,A,"H, L",../../GraPPI_data/PDB/SAbDab/4lqf.pdb,13.895283450619136
6B0S,C,"H, L",../../GraPPI_data/PDB/SAbDab/6b0s.pdb,9.20346173611775
6MLK,A,"H, L",../../GraPPI_data/PDB/SAbDab/6mlk.pdb,10.75311658365837
5HVF,A,B,../../GraPPI_data/PDB/SAbDab/5hvf.pdb,14.348583455433333
6F7T,D,"A, B",../../GraPPI_data/PDB/SAbDab/6f7t.pdb,12.877054366551832
5IVN,B,A,../../GraPPI_data/PDB/SAbDab/5ivn.pdb,12.072791472653979
5L6Y,C,"H, L",../../GraPPI_data/PDB/SAbDab/5l6y.pdb,13.958186850513009
6II4,A,"H, L",../../GraPPI_data/PDB/SAbDab/6ii4.pdb,10.608354526851876
2P45,A,B,../../GraPPI_data/PDB/SAbDab/2p45.pdb,9.538749865042885
5NMV,K,"H, L",../../GraPPI_data/PDB/SAbDab/5nmv.pdb,12.272045912989343
5XJM,A,"H, L",../../GraPPI_data/PDB/SAbDab/5xjm.pdb,12.771833906510032
4CNI,C,"H, L",../../GraPPI_data/PDB/SAbDab/4cni.pdb,14.999167226986977
4F37,A,"H, L",../../GraPPI_data/PDB/SAbDab/4f37.pdb,11.26251647768516
5NGV,A,"H, L",../../GraPPI_data/PDB/SAbDab/5ngv.pdb,14.720837249330074
1RI8,B,A,../../GraPPI_data/PDB/SAbDab/1ri8.pdb,11.641538195179306
5MZV,A,D,../../GraPPI_data/PDB/SAbDab/5mzv.pdb,10.149933052554202
6B9J,Y,"A, B",../../GraPPI_data/PDB/SAbDab/6b9j.pdb,12.893736789981837
3L95,X,"A, B",../../GraPPI_data/PDB/SAbDab/3l95.pdb,11.735334649110321
3UZE,C,"A, a",../../GraPPI_data/PDB/SAbDab/3uze.pdb,11.040627936997558
1YYL,G,"H, L",../../GraPPI_data/PDB/SAbDab/1yyl.pdb,11.917982717263119
3SKJ,E,"H, L",../../GraPPI_data/PDB/SAbDab/3skj.pdb,12.396832140772405
5FHX,A,H,../../GraPPI_data/PDB/SAbDab/5fhx.pdb,14.891198795104291
1WEJ,F,"H, L",../../GraPPI_data/PDB/SAbDab/1wej.pdb,10.245193796275522
5Y11,C,"A, B",../../GraPPI_data/PDB/SAbDab/5y11.pdb,10.34492595814244
6BKD,E,"H, L",../../GraPPI_data/PDB/SAbDab/6bkd.pdb,9.472548921722986
5T78,E,"C, D",../../GraPPI_data/PDB/SAbDab/5t78.pdb,10.0447125925124
5W0K,A,"H, L",../../GraPPI_data/PDB/SAbDab/5w0k.pdb,9.766382614855502
2UZI,R,"H, L",../../GraPPI_data/PDB/SAbDab/2uzi.pdb,12.045470955869334
4HPY,P,"H, L",../../GraPPI_data/PDB/SAbDab/4hpy.pdb,13.527638138105475
4EIG,A,B,../../GraPPI_data/PDB/SAbDab/4eig.pdb,12.272045912989343
4R8W,"A, B","H, L",../../GraPPI_data/PDB/SAbDab/4r8w.pdb,13.27773858964528
2NY2,A,"C, D",../../GraPPI_data/PDB/SAbDab/2ny2.pdb,9.422333526169854
2R0K,A,"H, L",../../GraPPI_data/PDB/SAbDab/2r0k.pdb,12.58087961131745
4QXT,Q,"A, B",../../GraPPI_data/PDB/SAbDab/4qxt.pdb,10.630155278333627
5D71,A,"H, L",../../GraPPI_data/PDB/SAbDab/5d71.pdb,13.890710556319931
4FQJ,A,"H, L",../../GraPPI_data/PDB/SAbDab/4fqj.pdb,12.334439026880876
3K2U,A,"H, L",../../GraPPI_data/PDB/SAbDab/3k2u.pdb,13.364000053703236
3A67,Y,"H, L",../../GraPPI_data/PDB/SAbDab/3a67.pdb,11.346943250317318
2P4A,A,B,../../GraPPI_data/PDB/SAbDab/2p4a.pdb,13.402343743638347
4HS8,A,"H, L",../../GraPPI_data/PDB/SAbDab/4hs8.pdb,10.800516824107843
5IKC,M,"A, B",../../GraPPI_data/PDB/SAbDab/5ikc.pdb,10.320294598328417
5TKK,A,"H, L",../../GraPPI_data/PDB/SAbDab/5tkk.pdb,11.285570221519524
2IFF,Y,"H, L",../../GraPPI_data/PDB/SAbDab/2iff.pdb,10.908485255990529
4WY7,P,"H, L",../../GraPPI_data/PDB/SAbDab/4wy7.pdb,9.241237181269256
2A6D,P,"A, B",../../GraPPI_data/PDB/SAbDab/2a6d.pdb,9.304813486101997
4W6W,A,B,../../GraPPI_data/PDB/SAbDab/4w6w.pdb,11.518449277125036
4WEM,A,B,../../GraPPI_data/PDB/SAbDab/4wem.pdb,7.04618754202581
3B2V,A,"H, L",../../GraPPI_data/PDB/SAbDab/3b2v.pdb,11.570842023612949
3V6Z,E,"C, D",../../GraPPI_data/PDB/SAbDab/3v6z.pdb,10.500988435787718
4YHZ,P,"H, L",../../GraPPI_data/PDB/SAbDab/4yhz.pdb,10.852043819021233
2HRP,P,"H, L",../../GraPPI_data/PDB/SAbDab/2hrp.pdb,11.318957914654456
4JG1,P,"H, L",../../GraPPI_data/PDB/SAbDab/4jg1.pdb,9.046559562188703
5VPG,A,"C, D",../../GraPPI_data/PDB/SAbDab/5vpg.pdb,10.528387812734502
5CIN,P,"H, L",../../GraPPI_data/PDB/SAbDab/5cin.pdb,10.560405711218129
5YY4,B,"A, a",../../GraPPI_data/PDB/SAbDab/5yy4.pdb,8.77014708281506
4RGM,S,"H, L",../../GraPPI_data/PDB/SAbDab/4rgm.pdb,10.417827749279663
1SM3,P,"H, L",../../GraPPI_data/PDB/SAbDab/1sm3.pdb,6.2993621944474665
5DD0,P,"H, L",../../GraPPI_data/PDB/SAbDab/5dd0.pdb,9.650293124259704
6DDM,C,"A, B",../../GraPPI_data/PDB/SAbDab/6ddm.pdb,12.785768358099153
3WIH,A,"H, L",../../GraPPI_data/PDB/SAbDab/3wih.pdb,10.528387812734502
5TE7,G,"H, L",../../GraPPI_data/PDB/SAbDab/5te7.pdb,11.660207628620052
5JHL,A,"H, L",../../GraPPI_data/PDB/SAbDab/5jhl.pdb,11.683855255327233
5VAG,A,"B, C",../../GraPPI_data/PDB/SAbDab/5vag.pdb,10.945127057591092
5U7M,G,"H, L",../../GraPPI_data/PDB/SAbDab/5u7m.pdb,9.196845054219313
5CIL,P,"H, L",../../GraPPI_data/PDB/SAbDab/5cil.pdb,10.072917297723496
4UU9,D,"H, L",../../GraPPI_data/PDB/SAbDab/4uu9.pdb,14.79991278665161
1MPA,P,"H, L",../../GraPPI_data/PDB/SAbDab/1mpa.pdb,10.964334801986933
5MYO,E,"A, B",../../GraPPI_data/PDB/SAbDab/5myo.pdb,14.362564907845453
6B5T,A,"H, L",../../GraPPI_data/PDB/SAbDab/6b5t.pdb,11.802446158017958
4DTG,K,"H, L",../../GraPPI_data/PDB/SAbDab/4dtg.pdb,13.82197414063903
4NP4,A,"H, L",../../GraPPI_data/PDB/SAbDab/4np4.pdb,14.61906978373095
4Y8D,A,C,../../GraPPI_data/PDB/SAbDab/4y8d.pdb,10.977495051780496
4D9Q,B,"D, E",../../GraPPI_data/PDB/SAbDab/4d9q.pdb,14.348583455433333
3BKY,P,"H, L",../../GraPPI_data/PDB/SAbDab/3bky.pdb,9.466103626364422
3A6B,Y,"H, L",../../GraPPI_data/PDB/SAbDab/3a6b.pdb,9.581432584351486
4K24,U,"H, L",../../GraPPI_data/PDB/SAbDab/4k24.pdb,8.546261282665672
3UZQ,B,"A, a",../../GraPPI_data/PDB/SAbDab/3uzq.pdb,13.753126610056015
5A2K,P,"H, h",../../GraPPI_data/PDB/SAbDab/5a2k.pdb,8.654229714548356
2NY4,A,"C, D",../../GraPPI_data/PDB/SAbDab/2ny4.pdb,8.664852185356397
4W6Y,A,B,../../GraPPI_data/PDB/SAbDab/4w6y.pdb,12.0011649249843
2DD8,S,"H, L",../../GraPPI_data/PDB/SAbDab/2dd8.pdb,10.503296831855451
5W6G,A,"H, L",../../GraPPI_data/PDB/SAbDab/5w6g.pdb,7.736385201062612
3RU8,X,"H, L",../../GraPPI_data/PDB/SAbDab/3ru8.pdb,10.197685294564598
5KVG,E,"H, L",../../GraPPI_data/PDB/SAbDab/5kvg.pdb,10.984186500028262
5W06,T,"H, L",../../GraPPI_data/PDB/SAbDab/5w06.pdb,13.436352129652795
5IES,C,"H, L",../../GraPPI_data/PDB/SAbDab/5ies.pdb,8.773356775599904
4FFZ,X,"Y, Z",../../GraPPI_data/PDB/SAbDab/4ffz.pdb,8.700753290338724
5M2J,A,D,../../GraPPI_data/PDB/SAbDab/5m2j.pdb,13.480237897656
5BVP,I,"H, L",../../GraPPI_data/PDB/SAbDab/5bvp.pdb,14.338795019862852
4AL8,C,"H, L",../../GraPPI_data/PDB/SAbDab/4al8.pdb,12.744911685544803
5JQ6,A,"H, L",../../GraPPI_data/PDB/SAbDab/5jq6.pdb,12.411637583648229
3QSK,A,B,../../GraPPI_data/PDB/SAbDab/3qsk.pdb,9.575251618113821
5W42,A,"H, L",../../GraPPI_data/PDB/SAbDab/5w42.pdb,10.027074566375315
3PP4,P,"H, L",../../GraPPI_data/PDB/SAbDab/3pp4.pdb,7.032559601394785
2P43,A,B,../../GraPPI_data/PDB/SAbDab/2p43.pdb,10.505244934018734
2Y36,P,"H, L",../../GraPPI_data/PDB/SAbDab/2y36.pdb,8.754354497071757
2P47,A,B,../../GraPPI_data/PDB/SAbDab/2p47.pdb,9.538749865042885
5LCV,"A, B","H, L",../../GraPPI_data/PDB/SAbDab/5lcv.pdb,8.284613728438776
6B5O,A,"H, L",../../GraPPI_data/PDB/SAbDab/6b5o.pdb,11.36066117329877
6BKC,E,"H, L",../../GraPPI_data/PDB/SAbDab/6bkc.pdb,12.404188593996372
5IMK,A,B,../../GraPPI_data/PDB/SAbDab/5imk.pdb,8.277605518017596
5D70,A,"H, L",../../GraPPI_data/PDB/SAbDab/5d70.pdb,11.861573254325416
3RVV,A,"C, D",../../GraPPI_data/PDB/SAbDab/3rvv.pdb,10.594254173351299
1EO8,A,"H, L",../../GraPPI_data/PDB/SAbDab/1eo8.pdb,10.872508941385949
4K3J,B,"H, L",../../GraPPI_data/PDB/SAbDab/4k3j.pdb,12.16407748110666
3MJ9,A,"H, L",../../GraPPI_data/PDB/SAbDab/3mj9.pdb,11.055114345731539
6EJM,A,"I, i",../../GraPPI_data/PDB/SAbDab/6ejm.pdb,12.361361247846103
4OD2,S,"A, B",../../GraPPI_data/PDB/SAbDab/4od2.pdb,12.321423406925394
3Q1S,I,"H, L",../../GraPPI_data/PDB/SAbDab/3q1s.pdb,9.736190471070254
2P48,A,B,../../GraPPI_data/PDB/SAbDab/2p48.pdb,9.538749865042885
4ZFG,A,"H, L",../../GraPPI_data/PDB/SAbDab/4zfg.pdb,11.318957914654456
5SY8,O,"H, L",../../GraPPI_data/PDB/SAbDab/5sy8.pdb,14.93205546765864
4PS4,A,"H, L",../../GraPPI_data/PDB/SAbDab/4ps4.pdb,15.332046669176124
5KVD,E,"H, L",../../GraPPI_data/PDB/SAbDab/5kvd.pdb,8.965572715400322
1DE4,"C, F","A, B",../../GraPPI_data/PDB/Affinity_Benchmark_v5.5/1DE4.pdb,9.773308856023442
5CBA,E,"A, B",../../GraPPI_data/PDB/Affinity_Benchmark_v5.5/5CBA.pdb,12.8584331495221
1ATN,D,A,../../GraPPI_data/PDB/Affinity_Benchmark_v5.5/1ATN.pdb,12.445541545049917
1EER,"B, C",A,../../GraPPI_data/PDB/Affinity_Benchmark_v5.5/1EER.pdb,15.700413768113798
1R6Q,C,A,../../GraPPI_data/PDB/Affinity_Benchmark_v5.5/1R6Q.pdb,8.837899390468776
5Y9J,"A, B, C","H, L",../../GraPPI_data/PDB/Affinity_Benchmark_v5.5/5Y9J.pdb,12.275014274437936
6CWG,A,B,../../GraPPI_data/PDB/Affinity_Benchmark_v5.5/6CWG.pdb,13.635606569988159
6DBG,B,C,../../GraPPI_data/PDB/Affinity_Benchmark_v5.5/6DBG.pdb,13.395495457098447
1AKJ,"D, E","A, B",../../GraPPI_data/PDB/Affinity_Benchmark_v5.5/1AKJ.pdb,5.337104086551278
5O14,A,"H, L",../../GraPPI_data/PDB/Affinity_Benchmark_v5.5/5O14.pdb,14.61906978373095
1J2J,B,A,../../GraPPI_data/PDB/Affinity_Benchmark_v5.5/1J2J.pdb,8.082825707008016
4HX3,A,"B, D",../../GraPPI_data/PDB/Affinity_Benchmark_v5.5/4HX3.pdb,9.309010393483788
2SNI,I,E,../../GraPPI_data/PDB/Affinity_Benchmark_v5.5/2SNI.pdb,16.009801112460185
3U7Y,G,"H, L",../../GraPPI_data/PDB/Affinity_Benchmark_v5.5/3U7Y.pdb,9.26659462133481
1UUG,B,A,../../GraPPI_data/PDB/Affinity_Benchmark_v5.5/1UUG.pdb,12.940087409287631
1IJK,"B, C",A,../../GraPPI_data/PDB/Affinity_Benchmark_v5.5/1IJK.pdb,10.415247410255619
1HCF,X,"A, B",../../GraPPI_data/PDB/Affinity_Benchmark_v5.5/1HCF.pdb,13.069765238992073
1M10,B,A,../../GraPPI_data/PDB/Affinity_Benchmark_v5.5/1M10.pdb,11.271580286353476
1AVX,B,A,../../GraPPI_data/PDB/Affinity_Benchmark_v5.5/1AVX.pdb,15.306980924239491
4FP8,A,"H, L",../../GraPPI_data/PDB/Affinity_Benchmark_v5.5/4FP8.pdb,8.681151935513585
1M27,C,"A, B",../../GraPPI_data/PDB/Affinity_Benchmark_v5.5/1M27.pdb,7.448014983368273
2I25,L,N,../../GraPPI_data/PDB/Affinity_Benchmark_v5.5/2I25.pdb,12.316315877272777
1NVU,S,Q,../../GraPPI_data/PDB/Affinity_Benchmark_v5.5/1NVU.pdb,7.422811738556569
1ZHI,B,A,../../GraPPI_data/PDB/Affinity_Benchmark_v5.5/1ZHI.pdb,9.139049818821235
3PC8,C,A,../../GraPPI_data/PDB/Affinity_Benchmark_v5.5/3PC8.pdb,9.533197743133728
2OZA,A,B,../../GraPPI_data/PDB/Affinity_Benchmark_v5.5/2OZA.pdb,11.771743116493944
2X9A,C,D,../../GraPPI_data/PDB/Affinity_Benchmark_v5.5/2X9A.pdb,7.303977187695743
3BZD,B,A,../../GraPPI_data/PDB/Affinity_Benchmark_v5.5/3BZD.pdb,7.523757862617832
1EZU,"A, B",C,../../GraPPI_data/PDB/Affinity_Benchmark_v5.5/1EZU.pdb,13.817414789400623
1I2M,B,A,../../GraPPI_data/PDB/Affinity_Benchmark_v5.5/1I2M.pdb,15.877181742251537
1BVN,T,P,../../GraPPI_data/PDB/Affinity_Benchmark_v5.5/1BVN.pdb,15.109338388534965
2OOR,C,"A, B",../../GraPPI_data/PDB/Affinity_Benchmark_v5.5/2OOR.pdb,10.706849351650462
2TGP,I,Z,../../GraPPI_data/PDB/Affinity_Benchmark_v5.5/2TGP.pdb,7.626279680092889
1DFJ,I,E,../../GraPPI_data/PDB/Affinity_Benchmark_v5.5/1DFJ.pdb,18.10381837908923
2UUY,B,A,../../GraPPI_data/PDB/Affinity_Benchmark_v5.5/2UUY.pdb,11.292435868805903
1KXP,D,A,../../GraPPI_data/PDB/Affinity_Benchmark_v5.5/1KXP.pdb,12.347737510048855
1GXD,C,A,../../GraPPI_data/PDB/Affinity_Benchmark_v5.5/1GXD.pdb,11.336479949562813
5VNW,A,D,../../GraPPI_data/PDB/Affinity_Benchmark_v5.5/5VNW.pdb,8.681151935513585
1NW9,A,B,../../GraPPI_data/PDB/Affinity_Benchmark_v5.5/1NW9.pdb,11.00841289181066
2I9B,A,E,../../GraPPI_data/PDB/Affinity_Benchmark_v5.5/2I9B.pdb,12.659039100593397
2NYZ,D,"A, B",../../GraPPI_data/PDB/Affinity_Benchmark_v5.5/2NYZ.pdb,12.774019964032648
1FQJ,B,A,../../GraPPI_data/PDB/Affinity_Benchmark_v5.5/1FQJ.pdb,9.782082155289622
3F1P,B,A,../../GraPPI_data/PDB/Affinity_Benchmark_v5.5/3F1P.pdb,6.597227842998667
3CPH,A,G,../../GraPPI_data/PDB/Affinity_Benchmark_v5.5/3CPH.pdb,8.90166275855437
3LVK,B,"A, C",../../GraPPI_data/PDB/Affinity_Benchmark_v5.5/3LVK.pdb,8.886497178078786
1S78,A,"C, D",../../GraPPI_data/PDB/Affinity_Benchmark_v5.5/1S78.pdb,8.591836600656825
1E4K,C,"A, B",../../GraPPI_data/PDB/Affinity_Benchmark_v5.5/1E4K.pdb,7.89551261715167
6EY6,"A, B",I,../../GraPPI_data/PDB/Affinity_Benchmark_v5.5/6EY6.pdb,11.040627936997558
1A2K,"A, B",C,../../GraPPI_data/PDB/Affinity_Benchmark_v5.5/1A2K.pdb,9.338379507905888
4Y7M,C,A,../../GraPPI_data/PDB/Affinity_Benchmark_v5.5/4Y7M.pdb,11.990026285582998
1JIW,I,P,../../GraPPI_data/PDB/Affinity_Benchmark_v5.5/1JIW.pdb,15.597847721890002
1T6B,Y,X,../../GraPPI_data/PDB/Affinity_Benchmark_v5.5/1T6B.pdb,13.004317161717797
2PTC,I,E,../../GraPPI_data/PDB/Affinity_Benchmark_v5.5/2PTC.pdb,18.093829520199904
1FLE,I,E,../../GraPPI_data/PDB/Affinity_Benchmark_v5.5/1FLE.pdb,11.741517697880557
1AVZ,C,B,../../GraPPI_data/PDB/Affinity_Benchmark_v5.5/1AVZ.pdb,6.56678818406038
1IB1,E,"A, B",../../GraPPI_data/PDB/Affinity_Benchmark_v5.5/1IB1.pdb,7.2731666530946715
1RV6,X,"V, W",../../GraPPI_data/PDB/Affinity_Benchmark_v5.5/1RV6.pdb,11.449892566168966
1XQS,C,A,../../GraPPI_data/PDB/Affinity_Benchmark_v5.5/1XQS.pdb,7.0729072713258505
1KLU,D,"A, B",../../GraPPI_data/PDB/Affinity_Benchmark_v5.5/1KLU.pdb,7.330159997630389
1QA9,B,A,../../GraPPI_data/PDB/Affinity_Benchmark_v5.5/1QA9.pdb,7.694127115144339
1OC0,B,A,../../GraPPI_data/PDB/Affinity_Benchmark_v5.5/1OC0.pdb,12.272045912989343
1ZLI,B,A,../../GraPPI_data/PDB/Affinity_Benchmark_v5.5/1ZLI.pdb,12.122776239268253
1PXV,C,A,../../GraPPI_data/PDB/Affinity_Benchmark_v5.5/1PXV.pdb,12.965605095919447
1E6E,B,A,../../GraPPI_data/PDB/Affinity_Benchmark_v5.5/1E6E.pdb,8.270679276849657
1EWY,C,A,../../GraPPI_data/PDB/Affinity_Benchmark_v5.5/1EWY.pdb,7.452066443882673
1NB5,I,"A, P",../../GraPPI_data/PDB/Affinity_Benchmark_v5.5/1NB5.pdb,13.905327141679717
1B6C,B,A,../../GraPPI_data/PDB/Affinity_Benchmark_v5.5/1B6C.pdb,8.967430175537691
1K5D,C,"A, B",../../GraPPI_data/PDB/Affinity_Benchmark_v5.5/1K5D.pdb,12.860837177711232
1JMO,"H, L",A,../../GraPPI_data/PDB/Affinity_Benchmark_v5.5/1JMO.pdb,9.44955778951488
1IBR,B,A,../../GraPPI_data/PDB/Affinity_Benchmark_v5.5/1IBR.pdb,12.56985091468505
2OUL,B,A,../../GraPPI_data/PDB/Affinity_Benchmark_v5.5/2OUL.pdb,11.957814830350117
2MTA,A,"H, L",../../GraPPI_data/PDB/Affinity_Benchmark_v5.5/2MTA.pdb,7.465596184265912
2GAF,A,D,../../GraPPI_data/PDB/Affinity_Benchmark_v5.5/2GAF.pdb,12.16407748110666
1YVB,I,A,../../GraPPI_data/PDB/Affinity_Benchmark_v5.5/1YVB.pdb,11.163589242322299
1US7,B,A,../../GraPPI_data/PDB/Affinity_Benchmark_v5.5/1US7.pdb,7.982536998611652
1RLB,E,"A, B, C, D",../../GraPPI_data/PDB/Affinity_Benchmark_v5.5/1RLB.pdb,8.273752438644976
1Z0K,B,A,../../GraPPI_data/PDB/Affinity_Benchmark_v5.5/1Z0K.pdb,6.972580066353349
3A4S,C,B,../../GraPPI_data/PDB/Affinity_Benchmark_v5.5/3A4S.pdb,7.569525657623604
4M76,B,A,../../GraPPI_data/PDB/Affinity_Benchmark_v5.5/4M76.pdb,8.654229714548356
2AQ3,B,A,../../GraPPI_data/PDB/Affinity_Benchmark_v5.5/2AQ3.pdb,6.845078017260205
1JWH,A,"C, D",../../GraPPI_data/PDB/Affinity_Benchmark_v5.5/1JWH.pdb,10.981582280917044
3H2V,E,A,../../GraPPI_data/PDB/Affinity_Benchmark_v5.5/3H2V.pdb,6.326900833613221
1WQ1,G,R,../../GraPPI_data/PDB/Affinity_Benchmark_v5.5/1WQ1.pdb,6.581593244715316
3BX7,C,A,../../GraPPI_data/PDB/Affinity_Benchmark_v5.5/3BX7.pdb,10.970878369882058
1AY7,B,A,../../GraPPI_data/PDB/Affinity_Benchmark_v5.5/1AY7.pdb,10.703248926658564
1KKL,H,"A, B, C",../../GraPPI_data/PDB/Affinity_Benchmark_v5.5/1KKL.pdb,10.05392837372641
1PPE,I,E,../../GraPPI_data/PDB/Affinity_Benchmark_v5.5/1PPE.pdb,15.689735853211399
1I4D,"A, B",D,../../GraPPI_data/PDB/Affinity_Benchmark_v5.5/1I4D.pdb,7.520039963820338
1GLA,F,G,../../GraPPI_data/PDB/Affinity_Benchmark_v5.5/1GLA.pdb,7.979103451122048
1BUH,B,A,../../GraPPI_data/PDB/Affinity_Benchmark_v5.5/1BUH.pdb,9.69970138035098
3K75,B,D,../../GraPPI_data/PDB/Affinity_Benchmark_v5.5/3K75.pdb,9.488483162022417
2HQS,H,A,../../GraPPI_data/PDB/Affinity_Benchmark_v5.5/2HQS.pdb,10.270944196306207
1OPH,B,A,../../GraPPI_data/PDB/Affinity_Benchmark_v5.5/1OPH.pdb,11.318957914654456
3L89,M,"A, B, C",../../GraPPI_data/PDB/Affinity_Benchmark_v5.5/3L89.pdb,8.92679754540756
1HIA,I,"A, B",../../GraPPI_data/PDB/Affinity_Benchmark_v5.5/1HIA.pdb,10.75311658365837
2B4J,C,"A, B",../../GraPPI_data/PDB/Affinity_Benchmark_v5.5/2B4J.pdb,10.852043819021233
1WDW,A,"B, D",../../GraPPI_data/PDB/Affinity_Benchmark_v5.5/1WDW.pdb,12.798068291659302
1XU1,T,"A, B, D",../../GraPPI_data/PDB/Affinity_Benchmark_v5.5/1XU1.pdb,11.196856527775154
1F34,B,A,../../GraPPI_data/PDB/Affinity_Benchmark_v5.5/1F34.pdb,13.95933783335281
1GPW,B,A,../../GraPPI_data/PDB/Affinity_Benchmark_v5.5/1GPW.pdb,10.964504674963784
1PVH,B,A,../../GraPPI_data/PDB/Affinity_Benchmark_v5.5/1PVH.pdb,9.630792713307471
1ZM4,B,A,../../GraPPI_data/PDB/Affinity_Benchmark_v5.5/1ZM4.pdb,8.138614330108265
1H1V,G,A,../../GraPPI_data/PDB/Affinity_Benchmark_v5.5/1H1V.pdb,10.340990325600494
4IZ7,B,A,../../GraPPI_data/PDB/Affinity_Benchmark_v5.5/4IZ7.pdb,9.438971853084816
1F6M,C,A,../../GraPPI_data/PDB/Affinity_Benchmark_v5.5/1F6M.pdb,7.593173284330785
2FJU,A,B,../../GraPPI_data/PDB/Affinity_Benchmark_v5.5/2FJU.pdb,7.219720541260768
3DAW,B,A,../../GraPPI_data/PDB/Affinity_Benchmark_v5.5/3DAW.pdb,6.40733062633015
2VDB,B,A,../../GraPPI_data/PDB/Affinity_Benchmark_v5.5/2VDB.pdb,13.395495457098447
1A3B,"H, L",I,../../GraPPI_data/PDB/PDBbind_v2020/1a3b.pdb,12.985022798434516
1AN1,E,I,../../GraPPI_data/PDB/PDBbind_v2020/1an1.pdb,12.334439026880876
1AVA,A,C,../../GraPPI_data/PDB/PDBbind_v2020/1ava.pdb,13.168692474354936
1AVG,"H, L",I,../../GraPPI_data/PDB/PDBbind_v2020/1avg.pdb,15.71214411243215
1AXI,B,A,../../GraPPI_data/PDB/PDBbind_v2020/1axi.pdb,10.709230815655163
1AZZ,"A, B","C, D",../../GraPPI_data/PDB/PDBbind_v2020/1azz.pdb,12.67079171579529
1B27,A,D,../../GraPPI_data/PDB/PDBbind_v2020/1b27.pdb,19.089849197983423
1BQL,Y,"H, L",../../GraPPI_data/PDB/PDBbind_v2020/1bql.pdb,9.544924598991711
1BTH,"H, L",P,../../GraPPI_data/PDB/PDBbind_v2020/1bth.pdb,10.908485255990529
1C9P,A,B,../../GraPPI_data/PDB/PDBbind_v2020/1c9p.pdb,12.272045912989343
1C9T,A,G,../../GraPPI_data/PDB/PDBbind_v2020/1c9t.pdb,12.272045912989343
1CA0,"A, B, C",D,../../GraPPI_data/PDB/PDBbind_v2020/1ca0.pdb,11.111303519734234
1CLV,A,I,../../GraPPI_data/PDB/PDBbind_v2020/1clv.pdb,12.272045912989343
1CMX,"A, C","B, D",../../GraPPI_data/PDB/PDBbind_v2020/1cmx.pdb,7.867132859353668
1CN4,"A, B",C,../../GraPPI_data/PDB/PDBbind_v2020/1cn4.pdb,8.181363941992895
1D6R,A,I,../../GraPPI_data/PDB/PDBbind_v2020/1d6r.pdb,13.480237897656
1DHK,A,B,../../GraPPI_data/PDB/PDBbind_v2020/1dhk.pdb,14.257297446980653
1DIT,"H, L",P,../../GraPPI_data/PDB/PDBbind_v2020/1dit.pdb,16.36272788398579
1DJS,A,B,../../GraPPI_data/PDB/PDBbind_v2020/1djs.pdb,10.072917297723496
1DP5,A,B,../../GraPPI_data/PDB/PDBbind_v2020/1dp5.pdb,12.334439026880876
1DPJ,A,B,../../GraPPI_data/PDB/PDBbind_v2020/1dpj.pdb,11.621462141435702
1DU3,A,"D, F",../../GraPPI_data/PDB/PDBbind_v2020/1du3.pdb,10.63386806083446
1EES,A,B,../../GraPPI_data/PDB/PDBbind_v2020/1ees.pdb,10.498012597326598
1EFX,"A, C",D,../../GraPPI_data/PDB/PDBbind_v2020/1efx.pdb,6.848178500401983
1EJA,A,B,../../GraPPI_data/PDB/PDBbind_v2020/1eja.pdb,12.272045912989343
1EZS,"C, D","A, B",../../GraPPI_data/PDB/PDBbind_v2020/1ezs.pdb,13.287527025215763
1F3V,A,B,../../GraPPI_data/PDB/PDBbind_v2020/1f3v.pdb,6.964938839443167
1F7Z,A,I,../../GraPPI_data/PDB/PDBbind_v2020/1f7z.pdb,6.690417150596326
1FAK,"H, L","I, T",../../GraPPI_data/PDB/PDBbind_v2020/1fak.pdb,12.8146612526603
1FFX,"A,B,C,D",E,../../GraPPI_data/PDB/PDBbind_v2020/1ffx.pdb,9.134451940327782
1FG9,"C, D","A, B",../../GraPPI_data/PDB/PDBbind_v2020/1fg9.pdb,13.635606569988159
1FLT,"V, W","X, Y",../../GraPPI_data/PDB/PDBbind_v2020/1flt.pdb,12.091701803837934
1FMO,E,I,../../GraPPI_data/PDB/PDBbind_v2020/1fmo.pdb,11.778808067254435
1G0V,A,B,../../GraPPI_data/PDB/PDBbind_v2020/1g0v.pdb,13.635606569988159
1G5J,A,B,../../GraPPI_data/PDB/PDBbind_v2020/1g5j.pdb,12.574550139770588
1G9I,E,I,../../GraPPI_data/PDB/PDBbind_v2020/1g9i.pdb,9.436956167109027
1GNG,A,X,../../GraPPI_data/PDB/PDBbind_v2020/1gng.pdb,10.102532812104727
1GO4,A,G,../../GraPPI_data/PDB/PDBbind_v2020/1go4.pdb,8.158137950667767
1H0T,A,B,../../GraPPI_data/PDB/PDBbind_v2020/1h0t.pdb,7.120307511775325
1H59,B,A,../../GraPPI_data/PDB/PDBbind_v2020/1h59.pdb,10.133707739813877
1HRT,"H, L",I,../../GraPPI_data/PDB/PDBbind_v2020/1hrt.pdb,15.71214411243215
1I3O,"A, B",E,../../GraPPI_data/PDB/PDBbind_v2020/1i3o.pdb,12.290083455704218
1I4E,B,A,../../GraPPI_data/PDB/PDBbind_v2020/1i4e.pdb,9.436956167109027
1I51,"A, B",E,../../GraPPI_data/PDB/PDBbind_v2020/1i51.pdb,8.454975274212991
1I5K,"A, B","C, D",../../GraPPI_data/PDB/PDBbind_v2020/1i5k.pdb,10.058647044101521
1I8L,C,A,../../GraPPI_data/PDB/PDBbind_v2020/1i8l.pdb,9.134451940327782
1ICF,"A, B",I,../../GraPPI_data/PDB/PDBbind_v2020/1icf.pdb,16.048496801346563
1ID5,"H, L",I,../../GraPPI_data/PDB/PDBbind_v2020/1id5.pdb,12.03193480009963
1IHS,"H, L",I,../../GraPPI_data/PDB/PDBbind_v2020/1ihs.pdb,12.985022798434516
1J7D,B,A,../../GraPPI_data/PDB/PDBbind_v2020/1j7d.pdb,7.770891283328966
1J7V,R,L,../../GraPPI_data/PDB/PDBbind_v2020/1j7v.pdb,14.257297446980653
1JGN,A,B,../../GraPPI_data/PDB/PDBbind_v2020/1jgn.pdb,8.80305481898539
1JH4,A,B,../../GraPPI_data/PDB/PDBbind_v2020/1jh4.pdb,7.941252829103182
1JSP,A,B,../../GraPPI_data/PDB/PDBbind_v2020/1jsp.pdb,5.864715286659192
1K93,A,D,../../GraPPI_data/PDB/PDBbind_v2020/1k93.pdb,10.498012597326598
1KGY,"E, H","A, D",../../GraPPI_data/PDB/PDBbind_v2020/1kgy.pdb,10.36586991631957
1KIG,"H, L",I,../../GraPPI_data/PDB/PDBbind_v2020/1kig.pdb,13.287527025215763
1KTK,"E, F","A, B, C, D",../../GraPPI_data/PDB/PDBbind_v2020/1ktk.pdb,6.40733062633015
1L0X,"A, C","B, D",../../GraPPI_data/PDB/PDBbind_v2020/1l0x.pdb,7.120307511775325
1L0Y,A,B,../../GraPPI_data/PDB/PDBbind_v2020/1l0y.pdb,7.120307511775325
1L2W,K,"E, F",../../GraPPI_data/PDB/PDBbind_v2020/1l2w.pdb,12.985022798434516
1L4D,B,A,../../GraPPI_data/PDB/PDBbind_v2020/1l4d.pdb,9.144605670444927
1L4Z,B,A,../../GraPPI_data/PDB/PDBbind_v2020/1l4z.pdb,9.144605670444927
1L8C,A,B,../../GraPPI_data/PDB/PDBbind_v2020/1l8c.pdb,11.119703474319092
1LDT,T,L,../../GraPPI_data/PDB/PDBbind_v2020/1ldt.pdb,11.923966368216945
1LJ2,"A, B","C, D",../../GraPPI_data/PDB/PDBbind_v2020/1lj2.pdb,6.229612627331968
1LM8,"B, C, V",H,../../GraPPI_data/PDB/PDBbind_v2020/1lm8.pdb,9.078010503358488
1LP1,B,A,../../GraPPI_data/PDB/PDBbind_v2020/1lp1.pdb,7.770891283328966
1LQB,"A, B, C",D,../../GraPPI_data/PDB/PDBbind_v2020/1lqb.pdb,10.238483781921815
1LQS,R,"L, M",../../GraPPI_data/PDB/PDBbind_v2020/1lqs.pdb,11.451100595661485
1LW6,E,I,../../GraPPI_data/PDB/PDBbind_v2020/1lw6.pdb,15.952255225321862
1LX5,B,A,../../GraPPI_data/PDB/PDBbind_v2020/1lx5.pdb,12.16407748110666
1LZW,A,B,../../GraPPI_data/PDB/PDBbind_v2020/1lzw.pdb,8.837899390468776
1M1E,A,B,../../GraPPI_data/PDB/PDBbind_v2020/1m1e.pdb,12.272045912989343
1M5N,S,Q,../../GraPPI_data/PDB/PDBbind_v2020/1m5n.pdb,11.832680359764266
1MCV,A,I,../../GraPPI_data/PDB/PDBbind_v2020/1mcv.pdb,9.556888376984912
1MHH,E,"A, B",../../GraPPI_data/PDB/PDBbind_v2020/1mhh.pdb,12.272045912989343
1MTN,"F, G","D, H",../../GraPPI_data/PDB/PDBbind_v2020/1mtn.pdb,10.938860471398431
1MXE,E,A,../../GraPPI_data/PDB/PDBbind_v2020/1mxe.pdb,16.36272788398579
1MZW,A,B,../../GraPPI_data/PDB/PDBbind_v2020/1mzw.pdb,7.779841381184031
1NEZ,"G, H","A, B",../../GraPPI_data/PDB/PDBbind_v2020/1nez.pdb,6.8178032849940795
1NF3,C,A,../../GraPPI_data/PDB/PDBbind_v2020/1nf3.pdb,9.95539725765564
1NM5,"A, B",C,../../GraPPI_data/PDB/PDBbind_v2020/1nm5.pdb,9.847428825772955
1NYS,"A, C","B, D",../../GraPPI_data/PDB/PDBbind_v2020/1nys.pdb,10.908485255990529
1NYU,"A, C","B, D",../../GraPPI_data/PDB/PDBbind_v2020/1nyu.pdb,10.908485255990529
1O94,"A, B","C, D, E, F",../../GraPPI_data/PDB/PDBbind_v2020/1o94.pdb,7.228275943658009
1O95,"A, B","C, D, E, F",../../GraPPI_data/PDB/PDBbind_v2020/1o95.pdb,7.228275943658009
1O9A,B,A,../../GraPPI_data/PDB/PDBbind_v2020/1o9a.pdb,8.181363941992895
1OEY,C,L,../../GraPPI_data/PDB/PDBbind_v2020/1oey.pdb,11.451100595661485
1OGY,A,B,../../GraPPI_data/PDB/PDBbind_v2020/1ogy.pdb,12.682518571653272
1OQE,R,J,../../GraPPI_data/PDB/PDBbind_v2020/1oqe.pdb,9.493891298870631
1OTR,A,B,../../GraPPI_data/PDB/PDBbind_v2020/1otr.pdb,5.19471381259048
1OYH,I,L,../../GraPPI_data/PDB/PDBbind_v2020/1oyh.pdb,10.058647044101521
1OYV,"A, B",I,../../GraPPI_data/PDB/PDBbind_v2020/1oyv.pdb,10.970878369882058
1OZS,A,B,../../GraPPI_data/PDB/PDBbind_v2020/1ozs.pdb,6.147801810925368
1P0S,"H, L",E,../../GraPPI_data/PDB/PDBbind_v2020/1p0s.pdb,14.94272579001768
1P1Z,A,P,../../GraPPI_data/PDB/PDBbind_v2020/1p1z.pdb,5.586385309002293
1P22,"A, B",C,../../GraPPI_data/PDB/PDBbind_v2020/1p22.pdb,8.61601084978117
1P27,A,B,../../GraPPI_data/PDB/PDBbind_v2020/1p27.pdb,12.483264131317906
1P3Q,"Q, R","U, V",../../GraPPI_data/PDB/PDBbind_v2020/1p3q.pdb,8.073395510110212
1P4L,"A, B, P",D,../../GraPPI_data/PDB/PDBbind_v2020/1p4l.pdb,7.530780170439253
1P9D,S,U,../../GraPPI_data/PDB/PDBbind_v2020/1p9d.pdb,6.667007506961127
1P9M,B,"A, C",../../GraPPI_data/PDB/PDBbind_v2020/1p9m.pdb,12.404188593996372
1PD7,A,B,../../GraPPI_data/PDB/PDBbind_v2020/1pd7.pdb,8.894340827438068
1PJM,B,A,../../GraPPI_data/PDB/PDBbind_v2020/1pjm.pdb,9.196845054219313
1PJN,B,A,../../GraPPI_data/PDB/PDBbind_v2020/1pjn.pdb,10.441571160357304
1PK1,A,B,../../GraPPI_data/PDB/PDBbind_v2020/1pk1.pdb,9.909821939664488
1PSB,"A, B","C, D",../../GraPPI_data/PDB/PDBbind_v2020/1psb.pdb,6.40733062633015
1Q0W,A,B,../../GraPPI_data/PDB/PDBbind_v2020/1q0w.pdb,4.85089462338106
1Q5W,B,A,../../GraPPI_data/PDB/PDBbind_v2020/1q5w.pdb,5.31738130155143
1Q68,A,B,../../GraPPI_data/PDB/PDBbind_v2020/1q68.pdb,8.723979281663853
1Q69,A,B,../../GraPPI_data/PDB/PDBbind_v2020/1q69.pdb,8.243757055884426
1QTY,"V, W","X, Y",../../GraPPI_data/PDB/PDBbind_v2020/1qty.pdb,14.999167226986977
1QUR,"H, L",I,../../GraPPI_data/PDB/PDBbind_v2020/1qur.pdb,17.095780823174568
1R8U,A,B,../../GraPPI_data/PDB/PDBbind_v2020/1r8u.pdb,10.75311658365837
1RJC,B,A,../../GraPPI_data/PDB/PDBbind_v2020/1rjc.pdb,13.790383351347428
1RKC,A,B,../../GraPPI_data/PDB/PDBbind_v2020/1rkc.pdb,10.102532812104727
1RKE,A,B,../../GraPPI_data/PDB/PDBbind_v2020/1rke.pdb,9.95539725765564
1RY7,B,A,../../GraPPI_data/PDB/PDBbind_v2020/1ry7.pdb,9.051686753256803
1S4Y,B,A,../../GraPPI_data/PDB/PDBbind_v2020/1s4y.pdb,11.130804634724837
1SB0,A,B,../../GraPPI_data/PDB/PDBbind_v2020/1sb0.pdb,6.577692172104367
1SG1,X,"A, B",../../GraPPI_data/PDB/PDBbind_v2020/1sg1.pdb,9.177427351704244
1SHY,B,A,../../GraPPI_data/PDB/PDBbind_v2020/1shy.pdb,9.607317712883242
1SHZ,C,A,../../GraPPI_data/PDB/PDBbind_v2020/1shz.pdb,7.530780170439253
1SQ0,B,A,../../GraPPI_data/PDB/PDBbind_v2020/1sq0.pdb,10.257901484436886
1SV0,A,C,../../GraPPI_data/PDB/PDBbind_v2020/1sv0.pdb,10.84668462525905
1SYQ,A,B,../../GraPPI_data/PDB/PDBbind_v2020/1syq.pdb,10.680337921094013
1T01,A,B,../../GraPPI_data/PDB/PDBbind_v2020/1t01.pdb,10.102532812104727
1T0P,B,A,../../GraPPI_data/PDB/PDBbind_v2020/1t0p.pdb,6.275187945323121
1T44,G,A,../../GraPPI_data/PDB/PDBbind_v2020/1t44.pdb,8.181363941992895
1T5Z,B,A,../../GraPPI_data/PDB/PDBbind_v2020/1t5z.pdb,6.110778076471143
1T63,A,B,../../GraPPI_data/PDB/PDBbind_v2020/1t63.pdb,6.577692172104367
1TA3,A,B,../../GraPPI_data/PDB/PDBbind_v2020/1ta3.pdb,10.970878369882058
1TAW,A,B,../../GraPPI_data/PDB/PDBbind_v2020/1taw.pdb,14.588694568323046
1TBA,A,B,../../GraPPI_data/PDB/PDBbind_v2020/1tba.pdb,12.272045912989343
1TBQ,"H, L",R,../../GraPPI_data/PDB/PDBbind_v2020/1tbq.pdb,17.315815882320678
1TBR,"H, L",R,../../GraPPI_data/PDB/PDBbind_v2020/1tbr.pdb,17.315815882320678
1TDQ,B,A,../../GraPPI_data/PDB/PDBbind_v2020/1tdq.pdb,10.800516824107843
1TE1,A,B,../../GraPPI_data/PDB/PDBbind_v2020/1te1.pdb,11.547342171686186
1TH1,A,C,../../GraPPI_data/PDB/PDBbind_v2020/1th1.pdb,11.832680359764266
1TLH,A,B,../../GraPPI_data/PDB/PDBbind_v2020/1tlh.pdb,4.803658856441621
1TOC,"G, H",U,../../GraPPI_data/PDB/PDBbind_v2020/1toc.pdb,16.36272788398579
1TT5,"A, B",E,../../GraPPI_data/PDB/PDBbind_v2020/1tt5.pdb,6.3508891893608554
1TY4,C,A,../../GraPPI_data/PDB/PDBbind_v2020/1ty4.pdb,11.172770618004586
1TZN,a,A,../../GraPPI_data/PDB/PDBbind_v2020/1tzn.pdb,13.32137548734893
1U0I,A,B,../../GraPPI_data/PDB/PDBbind_v2020/1u0i.pdb,9.756142817320276
1U0S,A,Y,../../GraPPI_data/PDB/PDBbind_v2020/1u0s.pdb,9.051686753256803
1U5S,A,B,../../GraPPI_data/PDB/PDBbind_v2020/1u5s.pdb,3.4400981994428057
1U7V,"A, C",B,../../GraPPI_data/PDB/PDBbind_v2020/1u7v.pdb,8.902289763822088
1UAD,A,C,../../GraPPI_data/PDB/PDBbind_v2020/1uad.pdb,9.35849781261467
1UEL,A,B,../../GraPPI_data/PDB/PDBbind_v2020/1uel.pdb,7.456660200689739
1UEX,C,"A, B",../../GraPPI_data/PDB/PDBbind_v2020/1uex.pdb,11.861573254325416
1UL1,X,A,../../GraPPI_data/PDB/PDBbind_v2020/1ul1.pdb,9.847428825772955
1USU,A,B,../../GraPPI_data/PDB/PDBbind_v2020/1usu.pdb,7.474338733469958
1USV,A,B,../../GraPPI_data/PDB/PDBbind_v2020/1usv.pdb,7.474338733469958
1V18,A,B,../../GraPPI_data/PDB/PDBbind_v2020/1v18.pdb,10.908485255990529
1VET,A,B,../../GraPPI_data/PDB/PDBbind_v2020/1vet.pdb,10.762297959340657
1VEU,B,A,../../GraPPI_data/PDB/PDBbind_v2020/1veu.pdb,10.762297959340657
1VG0,A,B,../../GraPPI_data/PDB/PDBbind_v2020/1vg0.pdb,11.318957914654456
1VRC,"A, B","C, D",../../GraPPI_data/PDB/PDBbind_v2020/1vrc.pdb,6.199676231409928
1VRK,A,B,../../GraPPI_data/PDB/PDBbind_v2020/1vrk.pdb,11.136869513022258
1VSQ,"A, B",C,../../GraPPI_data/PDB/PDBbind_v2020/1vsq.pdb,4.501154629660377
1VYH,"Q, R","S, T",../../GraPPI_data/PDB/PDBbind_v2020/1vyh.pdb,9.67706727999874
1VYT,A,E,../../GraPPI_data/PDB/PDBbind_v2020/1vyt.pdb,10.498012597326598
1W1W,"C, D","G, H",../../GraPPI_data/PDB/PDBbind_v2020/1w1w.pdb,4.888401296999177
1WA7,A,B,../../GraPPI_data/PDB/PDBbind_v2020/1wa7.pdb,6.843212543677778
1WA8,A,B,../../GraPPI_data/PDB/PDBbind_v2020/1wa8.pdb,10.852043819021233
1WLP,B,A,../../GraPPI_data/PDB/PDBbind_v2020/1wlp.pdb,8.445649304006954
1WPX,A,B,../../GraPPI_data/PDB/PDBbind_v2020/1wpx.pdb,11.923966368216945
1WR1,B,A,../../GraPPI_data/PDB/PDBbind_v2020/1wr1.pdb,6.585641108488385
1WR6,A,E,../../GraPPI_data/PDB/PDBbind_v2020/1wr6.pdb,4.958435637800891
1WRD,A,B,../../GraPPI_data/PDB/PDBbind_v2020/1wrd.pdb,4.620120792227284
1WVE,A,C,../../GraPPI_data/PDB/PDBbind_v2020/1wve.pdb,11.119703474319092
1X1U,A,D,../../GraPPI_data/PDB/PDBbind_v2020/1x1u.pdb,10.74407538713855
1X1Y,A,D,../../GraPPI_data/PDB/PDBbind_v2020/1x1y.pdb,6.676260615048454
1X75,"A, B","C, D",../../GraPPI_data/PDB/PDBbind_v2020/1x75.pdb,10.577088134648134
1XDT,T,R,../../GraPPI_data/PDB/PDBbind_v2020/1xdt.pdb,10.908485255990529
1XG2,A,B,../../GraPPI_data/PDB/PDBbind_v2020/1xg2.pdb,11.318957914654456
1XJ7,A,B,../../GraPPI_data/PDB/PDBbind_v2020/1xj7.pdb,6.01185084110828
1XQH,A,B,../../GraPPI_data/PDB/PDBbind_v2020/1xqh.pdb,9.134451940327782
1XR0,A,B,../../GraPPI_data/PDB/PDBbind_v2020/1xr0.pdb,6.8178032849940795
1XT9,A,B,../../GraPPI_data/PDB/PDBbind_v2020/1xt9.pdb,9.134451940327782
1XWD,F,"D, E",../../GraPPI_data/PDB/PDBbind_v2020/1xwd.pdb,4.65133485338228
1Y4D,E,I,../../GraPPI_data/PDB/PDBbind_v2020/1y4d.pdb,12.16407748110666
1Y6K,L,R,../../GraPPI_data/PDB/PDBbind_v2020/1y6k.pdb,12.272045912989343
1Y6M,L,R,../../GraPPI_data/PDB/PDBbind_v2020/1y6m.pdb,9.220334298213404
1Y6N,L,R,../../GraPPI_data/PDB/PDBbind_v2020/1y6n.pdb,10.320294598328417
1Y76,"B, D","A, C",../../GraPPI_data/PDB/PDBbind_v2020/1y76.pdb,7.228275943658009
1Y8N,A,B,../../GraPPI_data/PDB/PDBbind_v2020/1y8n.pdb,8.08838838355227
1YD8,V,G,../../GraPPI_data/PDB/PDBbind_v2020/1yd8.pdb,5.10288226115212
1YDI,A,B,../../GraPPI_data/PDB/PDBbind_v2020/1ydi.pdb,11.930583050115384
1YK0,"A, B",E,../../GraPPI_data/PDB/PDBbind_v2020/1yk0.pdb,12.29622016211369
1YK1,"A, B",E,../../GraPPI_data/PDB/PDBbind_v2020/1yk1.pdb,10.00864948865912
1YRT,A,B,../../GraPPI_data/PDB/PDBbind_v2020/1yrt.pdb,12.272045912989343
1YRU,A,B,../../GraPPI_data/PDB/PDBbind_v2020/1yru.pdb,12.272045912989343
1YX5,A,B,../../GraPPI_data/PDB/PDBbind_v2020/1yx5.pdb,4.712372847988941
1YX6,A,B,../../GraPPI_data/PDB/PDBbind_v2020/1yx6.pdb,5.640610198646134
1Z5S,"A, B, C",D,../../GraPPI_data/PDB/PDBbind_v2020/1z5s.pdb,7.522936521079971
1Z92,B,A,../../GraPPI_data/PDB/PDBbind_v2020/1z92.pdb,10.908485255990529
1ZC3,A,D,../../GraPPI_data/PDB/PDBbind_v2020/1zc3.pdb,10.058647044101521
1ZC4,A,D,../../GraPPI_data/PDB/PDBbind_v2020/1zc4.pdb,10.058647044101521
1ZE3,"C, H",D,../../GraPPI_data/PDB/PDBbind_v2020/1ze3.pdb,8.073395510110212
1ZGU,A,B,../../GraPPI_data/PDB/PDBbind_v2020/1zgu.pdb,5.466206405988464
1ZR0,A,B,../../GraPPI_data/PDB/PDBbind_v2020/1zr0.pdb,10.75311658365837
1ZSG,A,B,../../GraPPI_data/PDB/PDBbind_v2020/1zsg.pdb,6.988164830768294
1ZVH,L,A,../../GraPPI_data/PDB/PDBbind_v2020/1zvh.pdb,9.756142817320276
2A24,A,B,../../GraPPI_data/PDB/PDBbind_v2020/2a24.pdb,6.167219513440438
2A78,A,B,../../GraPPI_data/PDB/PDBbind_v2020/2a78.pdb,9.847428825772955
2A7U,A,B,../../GraPPI_data/PDB/PDBbind_v2020/2a7u.pdb,9.436956167109027
2A9H,"A, B, C, D",E,../../GraPPI_data/PDB/PDBbind_v2020/2a9h.pdb,8.243757055884426
2AQ1,D,C,../../GraPPI_data/PDB/PDBbind_v2020/2aq1.pdb,11.26251647768516
2AQ2,B,A,../../GraPPI_data/PDB/PDBbind_v2020/2aq2.pdb,10.852043819021233
2ARP,A,F,../../GraPPI_data/PDB/PDBbind_v2020/2arp.pdb,8.681151935513585
2ASS,"A, B",C,../../GraPPI_data/PDB/PDBbind_v2020/2ass.pdb,11.210989482771772
2AST,"A, B","C, D",../../GraPPI_data/PDB/PDBbind_v2020/2ast.pdb,7.029021503322643
2AZE,C,"A, B",../../GraPPI_data/PDB/PDBbind_v2020/2aze.pdb,7.240239721651208
2B2W,"A, B, C",D,../../GraPPI_data/PDB/PDBbind_v2020/2b2w.pdb,7.228275943658009
2B5I,"B, C, D",A,../../GraPPI_data/PDB/PDBbind_v2020/2b5i.pdb,14.999167226986977
2B7C,B,A,../../GraPPI_data/PDB/PDBbind_v2020/2b7c.pdb,8.723979281663853
2B87,A,B,../../GraPPI_data/PDB/PDBbind_v2020/2b87.pdb,9.544924598991711
2BE6,D,A,../../GraPPI_data/PDB/PDBbind_v2020/2be6.pdb,11.699410776668218
2BO9,A,B,../../GraPPI_data/PDB/PDBbind_v2020/2bo9.pdb,11.621462141435702
2BP7,"B, D","A, C",../../GraPPI_data/PDB/PDBbind_v2020/2bp7.pdb,12.272045912989343
2BQZ,A,B,../../GraPPI_data/PDB/PDBbind_v2020/2bqz.pdb,6.40733062633015
2BWE,"C, D, E",T,../../GraPPI_data/PDB/PDBbind_v2020/2bwe.pdb,5.586385309002293
2BYK,B,A,../../GraPPI_data/PDB/PDBbind_v2020/2byk.pdb,7.688126096257987
2BYM,B,A,../../GraPPI_data/PDB/PDBbind_v2020/2bym.pdb,7.688126096257987
2C1M,A,B,../../GraPPI_data/PDB/PDBbind_v2020/2c1m.pdb,12.215604476020047
2C1T,A,C,../../GraPPI_data/PDB/PDBbind_v2020/2c1t.pdb,11.861573254325416
2C7M,A,B,../../GraPPI_data/PDB/PDBbind_v2020/2c7m.pdb,7.082088647008138
2C7N,A,B,../../GraPPI_data/PDB/PDBbind_v2020/2c7n.pdb,7.082088647008138
2CJS,"A, B",C,../../GraPPI_data/PDB/PDBbind_v2020/2cjs.pdb,9.544924598991711
2CPK,E,I,../../GraPPI_data/PDB/PDBbind_v2020/2cpk.pdb,11.778808067254435
2D10,A,E,../../GraPPI_data/PDB/PDBbind_v2020/2d10.pdb,11.957814830350117
2D1K,"A, B",C,../../GraPPI_data/PDB/PDBbind_v2020/2d1k.pdb,9.051686753256803
2DEN,A,B,../../GraPPI_data/PDB/PDBbind_v2020/2den.pdb,6.503572202354852
2DJY,A,B,../../GraPPI_data/PDB/PDBbind_v2020/2djy.pdb,5.996857967666222
2DSP,I,B,../../GraPPI_data/PDB/PDBbind_v2020/2dsp.pdb,7.530780170439253
2DSR,I,"B, G",../../GraPPI_data/PDB/PDBbind_v2020/2dsr.pdb,8.861699902206732
2DX5,A,B,../../GraPPI_data/PDB/PDBbind_v2020/2dx5.pdb,4.747217419472327
2EFD,A,B,../../GraPPI_data/PDB/PDBbind_v2020/2efd.pdb,11.094852826641397
2EFH,A,B,../../GraPPI_data/PDB/PDBbind_v2020/2efh.pdb,10.149933052554202
2ES4,D,A,../../GraPPI_data/PDB/PDBbind_v2020/2es4.pdb,11.318957914654456
2F31,A,B,../../GraPPI_data/PDB/PDBbind_v2020/2f31.pdb,9.533197743133728
2F4M,A,B,../../GraPPI_data/PDB/PDBbind_v2020/2f4m.pdb,9.800028585323483
2F5Z,"G, H",N,../../GraPPI_data/PDB/PDBbind_v2020/2f5z.pdb,12.41918146743843
2F6A,"A, C","E, F, G",../../GraPPI_data/PDB/PDBbind_v2020/2f6a.pdb,9.134451940327782
2F9Z,C,A,../../GraPPI_data/PDB/PDBbind_v2020/2f9z.pdb,8.243757055884426
2FDB,P,M,../../GraPPI_data/PDB/PDBbind_v2020/2fdb.pdb,9.285395783586928
2FEW,A,B,../../GraPPI_data/PDB/PDBbind_v2020/2few.pdb,3.315904454819796
2FTM,A,B,../../GraPPI_data/PDB/PDBbind_v2020/2ftm.pdb,14.720837249330074
2FU5,B,C,../../GraPPI_data/PDB/PDBbind_v2020/2fu5.pdb,12.483264131317906
2FUH,A,B,../../GraPPI_data/PDB/PDBbind_v2020/2fuh.pdb,4.803658856441621
2FYL,B,A,../../GraPPI_data/PDB/PDBbind_v2020/2fyl.pdb,7.571636842993602
2G45,A,B,../../GraPPI_data/PDB/PDBbind_v2020/2g45.pdb,7.567421972039816
2G81,E,I,../../GraPPI_data/PDB/PDBbind_v2020/2g81.pdb,10.72639685435833
2G9H,"A, B, C",D,../../GraPPI_data/PDB/PDBbind_v2020/2g9h.pdb,9.544924598991711
2GH0,"A, B","C, D",../../GraPPI_data/PDB/PDBbind_v2020/2gh0.pdb,9.607317712883242
2GL7,"B, C",A,../../GraPPI_data/PDB/PDBbind_v2020/2gl7.pdb,8.642502858690372
2GWW,A,B,../../GraPPI_data/PDB/PDBbind_v2020/2gww.pdb,13.579165133018865
2H4M,A,C,../../GraPPI_data/PDB/PDBbind_v2020/2h4m.pdb,10.058647044101521
2H62,"C, D","A, B",../../GraPPI_data/PDB/PDBbind_v2020/2h62.pdb,7.593173284330785
2H64,A,"B, C",../../GraPPI_data/PDB/PDBbind_v2020/2h64.pdb,9.345670158656347
2HD5,A,B,../../GraPPI_data/PDB/PDBbind_v2020/2hd5.pdb,7.571636842993602
2HQW,A,B,../../GraPPI_data/PDB/PDBbind_v2020/2hqw.pdb,11.861573254325416
2HSQ,A,B,../../GraPPI_data/PDB/PDBbind_v2020/2hsq.pdb,11.153651472021716
2HTH,B,A,../../GraPPI_data/PDB/PDBbind_v2020/2hth.pdb,5.425349733434115
2HWN,"A, B",E,../../GraPPI_data/PDB/PDBbind_v2020/2hwn.pdb,11.861573254325416
2I32,A,E,../../GraPPI_data/PDB/PDBbind_v2020/2i32.pdb,8.025995269660736
2I3S,A,B,../../GraPPI_data/PDB/PDBbind_v2020/2i3s.pdb,7.422811738556569
2I3T,G,H,../../GraPPI_data/PDB/PDBbind_v2020/2i3t.pdb,7.593173284330785
2IBF,A,"B, D",../../GraPPI_data/PDB/PDBbind_v2020/2ibf.pdb,11.055620810439615
2IFG,"A, B","E, F",../../GraPPI_data/PDB/PDBbind_v2020/2ifg.pdb,12.334439026880876
2IHS,A,C,../../GraPPI_data/PDB/PDBbind_v2020/2ihs.pdb,10.08753993866267
2IJ0,"A, B","C, E",../../GraPPI_data/PDB/PDBbind_v2020/2ij0.pdb,13.287527025215763
2IJO,"A, B",I,../../GraPPI_data/PDB/PDBbind_v2020/2ijo.pdb,10.390044165443914
2IOU,"A, B, C, D, E, F","G, H",../../GraPPI_data/PDB/PDBbind_v2020/2iou.pdb,7.444591928351227
2IWG,"A, D","B, E",../../GraPPI_data/PDB/PDBbind_v2020/2iwg.pdb,10.133707739813877
2IXQ,A,B,../../GraPPI_data/PDB/PDBbind_v2020/2ixq.pdb,8.39258216032146
2IY0,A,"B, C",../../GraPPI_data/PDB/PDBbind_v2020/2iy0.pdb,10.868418692784976
2IY1,A,B,../../GraPPI_data/PDB/PDBbind_v2020/2iy1.pdb,8.323208704281846
2IYB,E,A,../../GraPPI_data/PDB/PDBbind_v2020/2iyb.pdb,7.422811738556569
2J59,F,R,../../GraPPI_data/PDB/PDBbind_v2020/2j59.pdb,9.898955820686346
2J7P,A,D,../../GraPPI_data/PDB/PDBbind_v2020/2j7p.pdb,10.908485255990529
2J8S,"A, B, C","D, E",../../GraPPI_data/PDB/PDBbind_v2020/2j8s.pdb,10.298758156991234
2J8X,A,B,../../GraPPI_data/PDB/PDBbind_v2020/2j8x.pdb,11.040627936997558
2JGZ,A,B,../../GraPPI_data/PDB/PDBbind_v2020/2jgz.pdb,4.090681970996448
2JJS,C,A,../../GraPPI_data/PDB/PDBbind_v2020/2jjs.pdb,8.073395510110212
2JJT,C,A,../../GraPPI_data/PDB/PDBbind_v2020/2jjt.pdb,8.073395510110212
2JKI,A,S,../../GraPPI_data/PDB/PDBbind_v2020/2jki.pdb,7.888411323396823
2JOD,B,A,../../GraPPI_data/PDB/PDBbind_v2020/2jod.pdb,8.80305481898539
2JT4,A,B,../../GraPPI_data/PDB/PDBbind_v2020/2jt4.pdb,5.996857967666222
2JTI,A,B,../../GraPPI_data/PDB/PDBbind_v2020/2jti.pdb,8.495831946767339
2JTT,"A, B","C, D",../../GraPPI_data/PDB/PDBbind_v2020/2jtt.pdb,7.240239721651208
2JU0,A,B,../../GraPPI_data/PDB/PDBbind_v2020/2ju0.pdb,9.544924598991711
2JY6,B,A,../../GraPPI_data/PDB/PDBbind_v2020/2jy6.pdb,6.40733062633015
2JZN,"A, B",C,../../GraPPI_data/PDB/PDBbind_v2020/2jzn.pdb,4.501154629660377
2K05,"A, C","B, D",../../GraPPI_data/PDB/PDBbind_v2020/2k05.pdb,9.134451940327782
2K2S,A,B,../../GraPPI_data/PDB/PDBbind_v2020/2k2s.pdb,9.920891175389286
2K2U,A,B,../../GraPPI_data/PDB/PDBbind_v2020/2k2u.pdb,8.786372395555384
2K3S,A,B,../../GraPPI_data/PDB/PDBbind_v2020/2k3s.pdb,7.593173284330785
2K3U,A,B,../../GraPPI_data/PDB/PDBbind_v2020/2k3u.pdb,11.011735042436408
2K42,A,B,../../GraPPI_data/PDB/PDBbind_v2020/2k42.pdb,10.166615475984205
2K5B,A,B,../../GraPPI_data/PDB/PDBbind_v2020/2k5b.pdb,7.360418624665037
2K6D,A,B,../../GraPPI_data/PDB/PDBbind_v2020/2k6d.pdb,5.136538298630769
2K79,A,B,../../GraPPI_data/PDB/PDBbind_v2020/2k79.pdb,4.3278395272943575
2K7A,A,B,../../GraPPI_data/PDB/PDBbind_v2020/2k7a.pdb,4.3278395272943575
2K8B,A,B,../../GraPPI_data/PDB/PDBbind_v2020/2k8b.pdb,3.74260242622405
2K8C,A,B,../../GraPPI_data/PDB/PDBbind_v2020/2k8c.pdb,3.74260242622405
2K8F,A,B,../../GraPPI_data/PDB/PDBbind_v2020/2k8f.pdb,7.593173284330785
2KA4,A,B,../../GraPPI_data/PDB/PDBbind_v2020/2ka4.pdb,9.867504879516561
2KA6,A,B,../../GraPPI_data/PDB/PDBbind_v2020/2ka6.pdb,9.932171266330512
2KBW,A,B,../../GraPPI_data/PDB/PDBbind_v2020/2kbw.pdb,8.856121962670883
2KC8,A,B,../../GraPPI_data/PDB/PDBbind_v2020/2kc8.pdb,9.134451940327782
2KDE,A,"B, C",../../GraPPI_data/PDB/PDBbind_v2020/2kde.pdb,6.886813080784049
2KGX,A,B,../../GraPPI_data/PDB/PDBbind_v2020/2kgx.pdb,6.880196398885611
2KHS,A,B,../../GraPPI_data/PDB/PDBbind_v2020/2khs.pdb,8.786372395555384
2KI4,A,B,../../GraPPI_data/PDB/PDBbind_v2020/2ki4.pdb,8.008048839626875
2KJ4,A,B,../../GraPPI_data/PDB/PDBbind_v2020/2kj4.pdb,9.800028585323483
2KNB,B,A,../../GraPPI_data/PDB/PDBbind_v2020/2knb.pdb,6.761361848024785
2KQS,A,B,../../GraPPI_data/PDB/PDBbind_v2020/2kqs.pdb,5.805052516982713
2KRI,A,B,../../GraPPI_data/PDB/PDBbind_v2020/2kri.pdb,5.914092780595242
2KT5,A,B,../../GraPPI_data/PDB/PDBbind_v2020/2kt5.pdb,6.208076185994786
2KTF,B,A,../../GraPPI_data/PDB/PDBbind_v2020/2ktf.pdb,6.32456543925917
2KVQ,E,G,../../GraPPI_data/PDB/PDBbind_v2020/2kvq.pdb,5.864715286659192
2KWI,A,B,../../GraPPI_data/PDB/PDBbind_v2020/2kwi.pdb,9.183829434263831
2KWJ,A,B,../../GraPPI_data/PDB/PDBbind_v2020/2kwj.pdb,8.591836600656825
2KWK,B,A,../../GraPPI_data/PDB/PDBbind_v2020/2kwk.pdb,7.688126096257987
2KWO,A,B,../../GraPPI_data/PDB/PDBbind_v2020/2kwo.pdb,5.902618402621738
2KWU,B,A,../../GraPPI_data/PDB/PDBbind_v2020/2kwu.pdb,5.852988430801209
2KWV,B,A,../../GraPPI_data/PDB/PDBbind_v2020/2kwv.pdb,5.516635741886795
2KXH,B,A,../../GraPPI_data/PDB/PDBbind_v2020/2kxh.pdb,6.618548844658714
2KXW,A,B,../../GraPPI_data/PDB/PDBbind_v2020/2kxw.pdb,10.908485255990529
2KYG,C,"A, B",../../GraPPI_data/PDB/PDBbind_v2020/2kyg.pdb,9.782082155289622
2L0F,B,A,../../GraPPI_data/PDB/PDBbind_v2020/2l0f.pdb,5.1330853041880955
2L0T,A,B,../../GraPPI_data/PDB/PDBbind_v2020/2l0t.pdb,5.718527990009322
2L14,A,B,../../GraPPI_data/PDB/PDBbind_v2020/2l14.pdb,7.511362467924183
2L1L,B,A,../../GraPPI_data/PDB/PDBbind_v2020/2l1l.pdb,11.119703474319092
2L29,A,B,../../GraPPI_data/PDB/PDBbind_v2020/2l29.pdb,10.65664728724283
2L2L,A,B,../../GraPPI_data/PDB/PDBbind_v2020/2l2l.pdb,10.781099121592774
2L9S,A,B,../../GraPPI_data/PDB/PDBbind_v2020/2l9s.pdb,7.714449846359672
2LD7,A,B,../../GraPPI_data/PDB/PDBbind_v2020/2ld7.pdb,10.957862749926576
2LEH,A,B,../../GraPPI_data/PDB/PDBbind_v2020/2leh.pdb,11.565020704466408
2LFW,A,B,../../GraPPI_data/PDB/PDBbind_v2020/2lfw.pdb,11.25184615532612
2LKM,B,A,../../GraPPI_data/PDB/PDBbind_v2020/2lkm.pdb,10.800516824107843
2LNH,A,"B, C",../../GraPPI_data/PDB/PDBbind_v2020/2lnh.pdb,10.08753993866267
2LNK,"A, B",C,../../GraPPI_data/PDB/PDBbind_v2020/2lnk.pdb,11.451100595661485
2LOX,A,B,../../GraPPI_data/PDB/PDBbind_v2020/2lox.pdb,9.164827155735686
2LP0,A,B,../../GraPPI_data/PDB/PDBbind_v2020/2lp0.pdb,6.345529995598673
2LP4,A,Y,../../GraPPI_data/PDB/PDBbind_v2020/2lp4.pdb,3.26973665366859
2LPB,A,B,../../GraPPI_data/PDB/PDBbind_v2020/2lpb.pdb,6.811910829719881
2LQC,A,B,../../GraPPI_data/PDB/PDBbind_v2020/2lqc.pdb,7.550856224182858
2LQH,B,A,../../GraPPI_data/PDB/PDBbind_v2020/2lqh.pdb,5.5504842040199645
2LUH,A,B,../../GraPPI_data/PDB/PDBbind_v2020/2luh.pdb,8.39258216032146
2LVO,A,C,../../GraPPI_data/PDB/PDBbind_v2020/2lvo.pdb,6.671615988344209
2LVP,C,"A, B",../../GraPPI_data/PDB/PDBbind_v2020/2lvp.pdb,6.64448818262806
2LVQ,D,"A, B",../../GraPPI_data/PDB/PDBbind_v2020/2lvq.pdb,6.334954949061425
2LWW,A,B,../../GraPPI_data/PDB/PDBbind_v2020/2lww.pdb,9.877804041180859
2LXM,A,B,../../GraPPI_data/PDB/PDBbind_v2020/2lxm.pdb,13.767749250995188
2LXP,A,"B, C",../../GraPPI_data/PDB/PDBbind_v2020/2lxp.pdb,10.117915154070573
2LY4,B,A,../../GraPPI_data/PDB/PDBbind_v2020/2ly4.pdb,8.809861639549474
2LZ6,A,B,../../GraPPI_data/PDB/PDBbind_v2020/2lz6.pdb,6.709834853111396
2M04,B,A,../../GraPPI_data/PDB/PDBbind_v2020/2m04.pdb,10.908485255990529
2M0G,A,B,../../GraPPI_data/PDB/PDBbind_v2020/2m0g.pdb,9.648174385437592
2M0J,A,B,../../GraPPI_data/PDB/PDBbind_v2020/2m0j.pdb,10.800516824107843
2M49,A,B,../../GraPPI_data/PDB/PDBbind_v2020/2m49.pdb,6.8178032849940795
2M55,A,B,../../GraPPI_data/PDB/PDBbind_v2020/2m55.pdb,6.0759335049877565
2M5A,A,B,../../GraPPI_data/PDB/PDBbind_v2020/2m5a.pdb,9.979571506779987
2M5B,A,B,../../GraPPI_data/PDB/PDBbind_v2020/2m5b.pdb,6.8178032849940795
2M86,B,A,../../GraPPI_data/PDB/PDBbind_v2020/2m86.pdb,11.706204581993257
2MA9,A,"B, C",../../GraPPI_data/PDB/PDBbind_v2020/2ma9.pdb,8.061185038979065
2MAK,"A, C","B, D",../../GraPPI_data/PDB/PDBbind_v2020/2mak.pdb,4.784241153926551
2MBB,A,B,../../GraPPI_data/PDB/PDBbind_v2020/2mbb.pdb,5.298873955663106
2MCN,A,B,../../GraPPI_data/PDB/PDBbind_v2020/2mcn.pdb,7.8012664987368705
2MEJ,A,B,../../GraPPI_data/PDB/PDBbind_v2020/2mej.pdb,6.503572202354852
2MFQ,A,B,../../GraPPI_data/PDB/PDBbind_v2020/2mfq.pdb,7.205049952332879
2MJ5,B,A,../../GraPPI_data/PDB/PDBbind_v2020/2mj5.pdb,7.317591278514769
2MJW,"A, C","B, D",../../GraPPI_data/PDB/PDBbind_v2020/2mjw.pdb,7.100889809260255
2MKC,B,"A, C",../../GraPPI_data/PDB/PDBbind_v2020/2mkc.pdb,11.055620810439615
2MLX,A,B,../../GraPPI_data/PDB/PDBbind_v2020/2mlx.pdb,7.360418624665037
2MLY,A,B,../../GraPPI_data/PDB/PDBbind_v2020/2mly.pdb,7.770891283328966
2MLZ,A,B,../../GraPPI_data/PDB/PDBbind_v2020/2mlz.pdb,6.618548844658714
2MNU,A,B,../../GraPPI_data/PDB/PDBbind_v2020/2mnu.pdb,9.051686753256803
2MP0,A,B,../../GraPPI_data/PDB/PDBbind_v2020/2mp0.pdb,2.1845059743266737
2MRE,A,B,../../GraPPI_data/PDB/PDBbind_v2020/2mre.pdb,6.437705841738055
2MRO,A,B,../../GraPPI_data/PDB/PDBbind_v2020/2mro.pdb,5.21413151510555
2MUR,A,B,../../GraPPI_data/PDB/PDBbind_v2020/2mur.pdb,6.863331229930603
2MV7,A,B,../../GraPPI_data/PDB/PDBbind_v2020/2mv7.pdb,12.008708808774502
2MWS,A,B,../../GraPPI_data/PDB/PDBbind_v2020/2mws.pdb,5.927108400550724
2MZD,A,B,../../GraPPI_data/PDB/PDBbind_v2020/2mzd.pdb,8.259087453911897
2N01,A,B,../../GraPPI_data/PDB/PDBbind_v2020/2n01.pdb,8.181363941992895
2N13,"A, D","B, C",../../GraPPI_data/PDB/PDBbind_v2020/2n13.pdb,7.511362467924183
2N1D,A,B,../../GraPPI_data/PDB/PDBbind_v2020/2n1d.pdb,9.847428825772955
2N2H,A,B,../../GraPPI_data/PDB/PDBbind_v2020/2n2h.pdb,8.224339353369357
2N73,A,B,../../GraPPI_data/PDB/PDBbind_v2020/2n73.pdb,8.856121962670883
2N8J,A,B,../../GraPPI_data/PDB/PDBbind_v2020/2n8j.pdb,10.868418692784976
2NBV,A,B,../../GraPPI_data/PDB/PDBbind_v2020/2nbv.pdb,6.8607786963705415
2NQD,B,A,../../GraPPI_data/PDB/PDBbind_v2020/2nqd.pdb,14.193214783101174
2NUP,"A, B",C,../../GraPPI_data/PDB/PDBbind_v2020/2nup.pdb,6.8178032849940795
2NUT,"A, B",C,../../GraPPI_data/PDB/PDBbind_v2020/2nut.pdb,6.8178032849940795
2NZ1,"A, B, X","D, E, Y",../../GraPPI_data/PDB/PDBbind_v2020/2nz1.pdb,10.560405711218129
2O8V,A,B,../../GraPPI_data/PDB/PDBbind_v2020/2o8v.pdb,8.124922505023601
2O98,"P, Q","A, B",../../GraPPI_data/PDB/PDBbind_v2020/2o98.pdb,12.368287489014044
2ODG,C,"A, B",../../GraPPI_data/PDB/PDBbind_v2020/2odg.pdb,8.493821123548091
2ODY,"A, B",E,../../GraPPI_data/PDB/PDBbind_v2020/2ody.pdb,11.923966368216945
2OIN,"A, B","C, D",../../GraPPI_data/PDB/PDBbind_v2020/2oin.pdb,8.580109744798841
2OJE,"A, B, C",D,../../GraPPI_data/PDB/PDBbind_v2020/2oje.pdb,8.48386816877414
2OMT,B,A,../../GraPPI_data/PDB/PDBbind_v2020/2omt.pdb,9.544924598991711
2OMU,B,A,../../GraPPI_data/PDB/PDBbind_v2020/2omu.pdb,12.574550139770588
2OMV,A,B,../../GraPPI_data/PDB/PDBbind_v2020/2omv.pdb,12.16407748110666
2OMW,A,B,../../GraPPI_data/PDB/PDBbind_v2020/2omw.pdb,6.8178032849940795
2OMX,B,A,../../GraPPI_data/PDB/PDBbind_v2020/2omx.pdb,9.436956167109027
2OMY,A,B,../../GraPPI_data/PDB/PDBbind_v2020/2omy.pdb,9.134451940327782
2OMZ,B,A,../../GraPPI_data/PDB/PDBbind_v2020/2omz.pdb,8.723979281663853
2ONL,A,C,../../GraPPI_data/PDB/PDBbind_v2020/2onl.pdb,11.210989482771772
2OT3,A,B,../../GraPPI_data/PDB/PDBbind_v2020/2ot3.pdb,7.833284397220498
2OT8,B,D,../../GraPPI_data/PDB/PDBbind_v2020/2ot8.pdb,10.498012597326598
2OTK,"E, F",C,../../GraPPI_data/PDB/PDBbind_v2020/2otk.pdb,10.594254173351299
2P1L,G,H,../../GraPPI_data/PDB/PDBbind_v2020/2p1l.pdb,7.688126096257987
2P3F,"H, L",N,../../GraPPI_data/PDB/PDBbind_v2020/2p3f.pdb,14.135394563508848
2P5T,A,B,../../GraPPI_data/PDB/PDBbind_v2020/2p5t.pdb,12.272045912989343
2P8Q,A,B,../../GraPPI_data/PDB/PDBbind_v2020/2p8q.pdb,10.645148151775684
2PHE,C,"A, B",../../GraPPI_data/PDB/PDBbind_v2020/2phe.pdb,6.577692172104367
2PJY,A,"B, C",../../GraPPI_data/PDB/PDBbind_v2020/2pjy.pdb,8.591836600656825
2PKG,A,C,../../GraPPI_data/PDB/PDBbind_v2020/2pkg.pdb,8.146857859726541
2PMS,A,C,../../GraPPI_data/PDB/PDBbind_v2020/2pms.pdb,10.890980921437501
2PON,B,A,../../GraPPI_data/PDB/PDBbind_v2020/2pon.pdb,7.982109501657531
2POP,A,B,../../GraPPI_data/PDB/PDBbind_v2020/2pop.pdb,7.331525730103889
2PSM,A,F,../../GraPPI_data/PDB/PDBbind_v2020/2psm.pdb,14.348583455433333
2PTT,B,A,../../GraPPI_data/PDB/PDBbind_v2020/2ptt.pdb,7.360418624665037
2PW8,"H, L",I,../../GraPPI_data/PDB/PDBbind_v2020/2pw8.pdb,18.547233858312467
2PX9,A,B,../../GraPPI_data/PDB/PDBbind_v2020/2px9.pdb,5.533995337339217
2Q0O,"A, B","C, D",../../GraPPI_data/PDB/PDBbind_v2020/2q0o.pdb,10.672335274051115
2Q5D,A,C,../../GraPPI_data/PDB/PDBbind_v2020/2q5d.pdb,10.645148151775684
2Q7N,A,B,../../GraPPI_data/PDB/PDBbind_v2020/2q7n.pdb,14.999167226986977
2QC1,B,A,../../GraPPI_data/PDB/PDBbind_v2020/2qc1.pdb,14.999167226986977
2QEJ,"C, D","A, B",../../GraPPI_data/PDB/PDBbind_v2020/2qej.pdb,12.215604476020047
2QHO,B,A,../../GraPPI_data/PDB/PDBbind_v2020/2qho.pdb,5.756746854776509
2QIY,A,C,../../GraPPI_data/PDB/PDBbind_v2020/2qiy.pdb,9.441911734681048
2QNA,A,B,../../GraPPI_data/PDB/PDBbind_v2020/2qna.pdb,9.65526652851699
2QXV,A,B,../../GraPPI_data/PDB/PDBbind_v2020/2qxv.pdb,8.754354497071757
2R9P,C,G,../../GraPPI_data/PDB/PDBbind_v2020/2r9p.pdb,6.618548844658714
2RA3,"A, B","C, I",../../GraPPI_data/PDB/PDBbind_v2020/2ra3.pdb,14.588694568323046
2RF9,A,C,../../GraPPI_data/PDB/PDBbind_v2020/2rf9.pdb,6.662434612661921
2RMK,B,A,../../GraPPI_data/PDB/PDBbind_v2020/2rmk.pdb,9.230693516352485
2RMS,A,B,../../GraPPI_data/PDB/PDBbind_v2020/2rms.pdb,9.371609496625693
2RNR,A,B,../../GraPPI_data/PDB/PDBbind_v2020/2rnr.pdb,9.304813486101997
2ROZ,B,A,../../GraPPI_data/PDB/PDBbind_v2020/2roz.pdb,8.856121962670883
2RR3,A,B,../../GraPPI_data/PDB/PDBbind_v2020/2rr3.pdb,7.741998388767817
2RU4,A,B,../../GraPPI_data/PDB/PDBbind_v2020/2ru4.pdb,9.408063272547878
2RUK,A,B,../../GraPPI_data/PDB/PDBbind_v2020/2ruk.pdb,6.294203097618788
2RVB,A,B,../../GraPPI_data/PDB/PDBbind_v2020/2rvb.pdb,9.331873440959946
2UXN,"A, E",B,../../GraPPI_data/PDB/PDBbind_v2020/2uxn.pdb,9.436956167109027
2UYZ,A,B,../../GraPPI_data/PDB/PDBbind_v2020/2uyz.pdb,9.662444639059567
2V1D,"A, B",C,../../GraPPI_data/PDB/PDBbind_v2020/2v1d.pdb,9.95539725765564
2V2W,A,C,../../GraPPI_data/PDB/PDBbind_v2020/2v2w.pdb,7.714449846359672
2V3B,A,B,../../GraPPI_data/PDB/PDBbind_v2020/2v3b.pdb,7.228275943658009
2V4Z,A,B,../../GraPPI_data/PDB/PDBbind_v2020/2v4z.pdb,8.049221260985867
2V51,"B, D","E, F",../../GraPPI_data/PDB/PDBbind_v2020/2v51.pdb,8.181363941992895
2V52,B,M,../../GraPPI_data/PDB/PDBbind_v2020/2v52.pdb,7.8012664987368705
2V5Q,A,D,../../GraPPI_data/PDB/PDBbind_v2020/2v5q.pdb,9.747742862735418
2V6X,A,B,../../GraPPI_data/PDB/PDBbind_v2020/2v6x.pdb,6.208076185994786
2V8S,V,E,../../GraPPI_data/PDB/PDBbind_v2020/2v8s.pdb,6.3508891893608554
2V9T,A,B,../../GraPPI_data/PDB/PDBbind_v2020/2v9t.pdb,11.026005296058385
2VAY,A,B,../../GraPPI_data/PDB/PDBbind_v2020/2vay.pdb,11.048076926649413
2VDA,A,B,../../GraPPI_data/PDB/PDBbind_v2020/2vda.pdb,7.530780170439253
2VE7,A,C,../../GraPPI_data/PDB/PDBbind_v2020/2ve7.pdb,7.360418624665037
2VER,N,A,../../GraPPI_data/PDB/PDBbind_v2020/2ver.pdb,6.657896760042603
2VLJ,"D, E","A, C",../../GraPPI_data/PDB/PDBbind_v2020/2vlj.pdb,7.205049952332879
2VOF,"A, C","B, D",../../GraPPI_data/PDB/PDBbind_v2020/2vof.pdb,12.483264131317906
2VOG,A,B,../../GraPPI_data/PDB/PDBbind_v2020/2vog.pdb,9.105559045766634
2VOH,A,B,../../GraPPI_data/PDB/PDBbind_v2020/2voh.pdb,12.272045912989343
2VOI,A,B,../../GraPPI_data/PDB/PDBbind_v2020/2voi.pdb,12.215604476020047
2VSM,B,A,../../GraPPI_data/PDB/PDBbind_v2020/2vsm.pdb,10.166615475984205
2W19,A,C,../../GraPPI_data/PDB/PDBbind_v2020/2w19.pdb,9.345670158656347
2W2M,"A, P",E,../../GraPPI_data/PDB/PDBbind_v2020/2w2m.pdb,9.146415718320982
2W2X,D,A,../../GraPPI_data/PDB/PDBbind_v2020/2w2x.pdb,6.353587084091307
2W80,G,H,../../GraPPI_data/PDB/PDBbind_v2020/2w80.pdb,11.451100595661485
2W81,D,A,../../GraPPI_data/PDB/PDBbind_v2020/2w81.pdb,11.451100595661485
2W83,"A, B, E","C, D",../../GraPPI_data/PDB/PDBbind_v2020/2w83.pdb,8.695086387102705
2W84,A,B,../../GraPPI_data/PDB/PDBbind_v2020/2w84.pdb,9.756142817320276
2W8B,A,H,../../GraPPI_data/PDB/PDBbind_v2020/2w8b.pdb,10.117915154070573
2WBY,A,"C, D",../../GraPPI_data/PDB/PDBbind_v2020/2wby.pdb,10.498012597326598
2WD5,A,B,../../GraPPI_data/PDB/PDBbind_v2020/2wd5.pdb,10.441571160357304
2WEL,A,D,../../GraPPI_data/PDB/PDBbind_v2020/2wel.pdb,8.689104498106104
2WFX,B,A,../../GraPPI_data/PDB/PDBbind_v2020/2wfx.pdb,10.709230815655163
2WG3,C,A,../../GraPPI_data/PDB/PDBbind_v2020/2wg3.pdb,9.72644477393479
2WG4,B,A,../../GraPPI_data/PDB/PDBbind_v2020/2wg4.pdb,9.724035874874511
2WH6,A,B,../../GraPPI_data/PDB/PDBbind_v2020/2wh6.pdb,10.560405711218129
2WII,B,C,../../GraPPI_data/PDB/PDBbind_v2020/2wii.pdb,6.761361848024785
2WJV,A,D,../../GraPPI_data/PDB/PDBbind_v2020/2wjv.pdb,9.134451940327782
2WO2,A,B,../../GraPPI_data/PDB/PDBbind_v2020/2wo2.pdb,6.772227967002927
2WO3,A,B,../../GraPPI_data/PDB/PDBbind_v2020/2wo3.pdb,7.688126096257987
2WP0,"A, B","C, D",../../GraPPI_data/PDB/PDBbind_v2020/2wp0.pdb,8.224339353369357
2WP3,T,O,../../GraPPI_data/PDB/PDBbind_v2020/2wp3.pdb,8.317964763521216
2WQZ,D,A,../../GraPPI_data/PDB/PDBbind_v2020/2wqz.pdb,9.380514730139733
2WUS,"R, S","A, B",../../GraPPI_data/PDB/PDBbind_v2020/2wus.pdb,7.228275943658009
2WVW,"S, T, W, X","A, H",../../GraPPI_data/PDB/PDBbind_v2020/2wvw.pdb,7.770891283328966
2WWK,T,O,../../GraPPI_data/PDB/PDBbind_v2020/2wwk.pdb,8.035176645343025
2WWX,A,B,../../GraPPI_data/PDB/PDBbind_v2020/2wwx.pdb,9.684516269650596
2WX0,"A, B",C,../../GraPPI_data/PDB/PDBbind_v2020/2wx0.pdb,6.949945966001108
2WY2,"A, B, C",D,../../GraPPI_data/PDB/PDBbind_v2020/2wy2.pdb,3.93531329866429
2WY3,A,B,../../GraPPI_data/PDB/PDBbind_v2020/2wy3.pdb,9.790987388803662
2WY8,A,Q,../../GraPPI_data/PDB/PDBbind_v2020/2wy8.pdb,8.786372395555384
2X1W,"M, N","A, B",../../GraPPI_data/PDB/PDBbind_v2020/2x1w.pdb,10.630155278333627
2X1X,R,E,../../GraPPI_data/PDB/PDBbind_v2020/2x1x.pdb,10.630155278333627
2X2D,C,D,../../GraPPI_data/PDB/PDBbind_v2020/2x2d.pdb,7.1105190762048425
2XA0,A,C,../../GraPPI_data/PDB/PDBbind_v2020/2xa0.pdb,10.161561218824575
2XB6,A,C,../../GraPPI_data/PDB/PDBbind_v2020/2xb6.pdb,9.462159411920732
2XBB,A,C,../../GraPPI_data/PDB/PDBbind_v2020/2xbb.pdb,6.761361848024785
2XDF,"A, B","C, D",../../GraPPI_data/PDB/PDBbind_v2020/2xdf.pdb,6.378437731769002
2XGY,A,B,../../GraPPI_data/PDB/PDBbind_v2020/2xgy.pdb,6.167219513440438
2XHE,A,B,../../GraPPI_data/PDB/PDBbind_v2020/2xhe.pdb,11.466093469103543
2XNS,A,C,../../GraPPI_data/PDB/PDBbind_v2020/2xns.pdb,8.30615016977596
2XPX,A,B,../../GraPPI_data/PDB/PDBbind_v2020/2xpx.pdb,9.304813486101997
2XQR,A,B,../../GraPPI_data/PDB/PDBbind_v2020/2xqr.pdb,10.238483781921815
2XQW,"A, B",C,../../GraPPI_data/PDB/PDBbind_v2020/2xqw.pdb,9.196845054219313
2XTT,B,A,../../GraPPI_data/PDB/PDBbind_v2020/2xtt.pdb,14.588694568323046
2XZD,"A, B",G,../../GraPPI_data/PDB/PDBbind_v2020/2xzd.pdb,10.932659505114872
2XZE,B,R,../../GraPPI_data/PDB/PDBbind_v2020/2xze.pdb,9.472548921722986
2Y0B,"A, B",G,../../GraPPI_data/PDB/PDBbind_v2020/2y0b.pdb,11.210989482771772
2Y48,"A, B",C,../../GraPPI_data/PDB/PDBbind_v2020/2y48.pdb,5.014877074770186
2Y5B,A,B,../../GraPPI_data/PDB/PDBbind_v2020/2y5b.pdb,7.331525730103889
2Y6T,"A, B","E, F",../../GraPPI_data/PDB/PDBbind_v2020/2y6t.pdb,15.952255225321862
2Y8S,A,B,../../GraPPI_data/PDB/PDBbind_v2020/2y8s.pdb,12.278596060775124
2Y8T,A,B,../../GraPPI_data/PDB/PDBbind_v2020/2y8t.pdb,10.798794630601424
2Y9M,A,B,../../GraPPI_data/PDB/PDBbind_v2020/2y9m.pdb,11.861573254325416
2YBR,"A, B",C,../../GraPPI_data/PDB/PDBbind_v2020/2ybr.pdb,13.19624101676308
2YGG,A,B,../../GraPPI_data/PDB/PDBbind_v2020/2ygg.pdb,10.498012597326598
2YPL,"A, B, C","D, E",../../GraPPI_data/PDB/PDBbind_v2020/2ypl.pdb,7.530780170439253
2YQ7,A,B,../../GraPPI_data/PDB/PDBbind_v2020/2yq7.pdb,10.166615475984205
2YVJ,"A, P",B,../../GraPPI_data/PDB/PDBbind_v2020/2yvj.pdb,4.8156226344348205
2Z34,"A, B","C, D",../../GraPPI_data/PDB/PDBbind_v2020/2z34.pdb,8.250373737782864
2Z3Q,B,A,../../GraPPI_data/PDB/PDBbind_v2020/2z3q.pdb,14.20859712506702
2Z3R,B,A,../../GraPPI_data/PDB/PDBbind_v2020/2z3r.pdb,14.20859712506702
2Z58,B,A,../../GraPPI_data/PDB/PDBbind_v2020/2z58.pdb,10.630155278333627
2Z8V,A,D,../../GraPPI_data/PDB/PDBbind_v2020/2z8v.pdb,11.343132163778801
2Z8W,A,D,../../GraPPI_data/PDB/PDBbind_v2020/2z8w.pdb,11.35559971625502
2ZA4,A,B,../../GraPPI_data/PDB/PDBbind_v2020/2za4.pdb,13.436352129652795
2ZVK,A,U,../../GraPPI_data/PDB/PDBbind_v2020/2zvk.pdb,8.723979281663853
2ZVN,"A, G","B, D",../../GraPPI_data/PDB/PDBbind_v2020/2zvn.pdb,7.903033964335996
2ZVO,"A, G","B, D",../../GraPPI_data/PDB/PDBbind_v2020/2zvo.pdb,7.903033964335996
2ZXX,C,"A, B",../../GraPPI_data/PDB/PDBbind_v2020/2zxx.pdb,11.39465915869219
3AA0,"A, B",C,../../GraPPI_data/PDB/PDBbind_v2020/3aa0.pdb,7.360418624665037
3AA6,"A, B",C,../../GraPPI_data/PDB/PDBbind_v2020/3aa6.pdb,8.979083267995625
3AJB,A,B,../../GraPPI_data/PDB/PDBbind_v2020/3ajb.pdb,10.075813082804688
3ALZ,A,B,../../GraPPI_data/PDB/PDBbind_v2020/3alz.pdb,8.568610609331696
3AON,A,B,../../GraPPI_data/PDB/PDBbind_v2020/3aon.pdb,11.583243276668515
3AU4,A,B,../../GraPPI_data/PDB/PDBbind_v2020/3au4.pdb,8.55733051839047
3AY4,"A, B",C,../../GraPPI_data/PDB/PDBbind_v2020/3ay4.pdb,9.847428825772955
3B08,B,A,../../GraPPI_data/PDB/PDBbind_v2020/3b08.pdb,6.496645961186911
3B23,"A, B",C,../../GraPPI_data/PDB/PDBbind_v2020/3b23.pdb,12.950516716168163
6S29,A,B,../../GraPPI_data/PDB/PDBbind_v2020/6s29.pdb,11.059429099249673
3B9F,"H, L",I,../../GraPPI_data/PDB/PDBbind_v2020/3b9f.pdb,6.2993621944474665
3BEG,A,B,../../GraPPI_data/PDB/PDBbind_v2020/3beg.pdb,9.95539725765564
3BG4,"A, B, C",D,../../GraPPI_data/PDB/PDBbind_v2020/3bg4.pdb,10.178061532654256
3BH6,A,B,../../GraPPI_data/PDB/PDBbind_v2020/3bh6.pdb,9.575299814399614
3BIK,"B, C",A,../../GraPPI_data/PDB/PDBbind_v2020/3bik.pdb,6.949945966001108
3BLH,A,B,../../GraPPI_data/PDB/PDBbind_v2020/3blh.pdb,8.894340827438068
3BN3,B,A,../../GraPPI_data/PDB/PDBbind_v2020/3bn3.pdb,6.40733062633015
3BPL,"A, B",C,../../GraPPI_data/PDB/PDBbind_v2020/3bpl.pdb,8.525783263181427
3BPN,"A, B",C,../../GraPPI_data/PDB/PDBbind_v2020/3bpn.pdb,8.607437156932171
3BPO,"A, C",B,../../GraPPI_data/PDB/PDBbind_v2020/3bpo.pdb,10.498012597326598
3BS5,A,B,../../GraPPI_data/PDB/PDBbind_v2020/3bs5.pdb,9.591092400142918
3C4M,A,C,../../GraPPI_data/PDB/PDBbind_v2020/3c4m.pdb,8.193327719986096
3C4O,A,B,../../GraPPI_data/PDB/PDBbind_v2020/3c4o.pdb,11.368335408590504
3C4P,A,B,../../GraPPI_data/PDB/PDBbind_v2020/3c4p.pdb,11.39465915869219
3C66,A,C,../../GraPPI_data/PDB/PDBbind_v2020/3c66.pdb,7.530780170439253
3C9A,A,C,../../GraPPI_data/PDB/PDBbind_v2020/3c9a.pdb,11.063262037349798
3CH5,A,B,../../GraPPI_data/PDB/PDBbind_v2020/3ch5.pdb,5.34627419611258
3CHW,A,P,../../GraPPI_data/PDB/PDBbind_v2020/3chw.pdb,9.877804041180859
3CQC,A,B,../../GraPPI_data/PDB/PDBbind_v2020/3cqc.pdb,11.451100595661485
3CQG,A,B,../../GraPPI_data/PDB/PDBbind_v2020/3cqg.pdb,11.451100595661485
3CQX,"A, B","C, D",../../GraPPI_data/PDB/PDBbind_v2020/3cqx.pdb,7.2906690575495405
3CRK,"A, B","C, D",../../GraPPI_data/PDB/PDBbind_v2020/3crk.pdb,6.928145214519358
3CX6,A,B,../../GraPPI_data/PDB/PDBbind_v2020/3cx6.pdb,7.252450192782354
3CX7,A,B,../../GraPPI_data/PDB/PDBbind_v2020/3cx7.pdb,8.568610609331696
3CX8,A,B,../../GraPPI_data/PDB/PDBbind_v2020/3cx8.pdb,8.820220857688556
3D1M,B,C,../../GraPPI_data/PDB/PDBbind_v2020/3d1m.pdb,7.809584276995761
3D39,"D, E","A, B, C",../../GraPPI_data/PDB/PDBbind_v2020/3d39.pdb,8.445649304006954
3D5O,"A, B, C, D, E",F,../../GraPPI_data/PDB/PDBbind_v2020/3d5o.pdb,8.181363941992895
3D7T,B,A,../../GraPPI_data/PDB/PDBbind_v2020/3d7t.pdb,5.665460846323828
3D7U,B,A,../../GraPPI_data/PDB/PDBbind_v2020/3d7u.pdb,6.167219513440438
3DA7,A,D,../../GraPPI_data/PDB/PDBbind_v2020/3da7.pdb,9.389555926659554
3DCO,N,"A, B",../../GraPPI_data/PDB/PDBbind_v2020/3dco.pdb,6.729910906855
3DDC,A,B,../../GraPPI_data/PDB/PDBbind_v2020/3ddc.pdb,8.336140723352164
3DGC,R,L,../../GraPPI_data/PDB/PDBbind_v2020/3dgc.pdb,12.272045912989343
3DI2,A,B,../../GraPPI_data/PDB/PDBbind_v2020/3di2.pdb,6.469723740221682
3DI3,A,B,../../GraPPI_data/PDB/PDBbind_v2020/3di3.pdb,10.469119702765449
3DOE,A,B,../../GraPPI_data/PDB/PDBbind_v2020/3doe.pdb,10.498012597326598
3DVM,A,B,../../GraPPI_data/PDB/PDBbind_v2020/3dvm.pdb,11.405525277670334
3DVU,A,C,../../GraPPI_data/PDB/PDBbind_v2020/3dvu.pdb,9.134451940327782
3DXC,A,B,../../GraPPI_data/PDB/PDBbind_v2020/3dxc.pdb,9.078010503358488
3DXD,A,B,../../GraPPI_data/PDB/PDBbind_v2020/3dxd.pdb,8.820220857688556
3DXE,A,B,../../GraPPI_data/PDB/PDBbind_v2020/3dxe.pdb,8.837899390468776
3E1Z,A,B,../../GraPPI_data/PDB/PDBbind_v2020/3e1z.pdb,14.24061502355065
3E2H,"B, C","A, Q",../../GraPPI_data/PDB/PDBbind_v2020/3e2h.pdb,7.277653437594058
3E2K,A,D,../../GraPPI_data/PDB/PDBbind_v2020/3e2k.pdb,13.855345609698425
3E2L,A,C,../../GraPPI_data/PDB/PDBbind_v2020/3e2l.pdb,13.855345609698425
3E2U,E,A,../../GraPPI_data/PDB/PDBbind_v2020/3e2u.pdb,7.688126096257987
3EAB,G,A,../../GraPPI_data/PDB/PDBbind_v2020/3eab.pdb,6.709834853111396
3ECH,"A, B",C,../../GraPPI_data/PDB/PDBbind_v2020/3ech.pdb,8.894340827438068
3EGG,A,C,../../GraPPI_data/PDB/PDBbind_v2020/3egg.pdb,10.990954423625663
3EIQ,"A, D",C,../../GraPPI_data/PDB/PDBbind_v2020/3eiq.pdb,9.488483162022417
3EJH,A,E,../../GraPPI_data/PDB/PDBbind_v2020/3ejh.pdb,7.228275943658009
3EJJ,"A, B",X,../../GraPPI_data/PDB/PDBbind_v2020/3ejj.pdb,8.64768614665323
3EOY,"A, B, C","G, H, I",../../GraPPI_data/PDB/PDBbind_v2020/3eoy.pdb,11.66231881399005
3EW3,"B, C",A,../../GraPPI_data/PDB/PDBbind_v2020/3ew3.pdb,12.16407748110666
3F4Y,"A, B, C","D, E, F",../../GraPPI_data/PDB/PDBbind_v2020/3f4y.pdb,13.22513391132423
3F50,A,B,../../GraPPI_data/PDB/PDBbind_v2020/3f50.pdb,10.970878369882058
3F5C,"B, C",A,../../GraPPI_data/PDB/PDBbind_v2020/3f5c.pdb,8.243757055884426
3F7P,A,C,../../GraPPI_data/PDB/PDBbind_v2020/3f7p.pdb,5.876679064652392
3FF7,"C, D","A, B",../../GraPPI_data/PDB/PDBbind_v2020/3ff7.pdb,5.043769969331335
3FF8,"C, D","A, B",../../GraPPI_data/PDB/PDBbind_v2020/3ff8.pdb,5.298873955663106
3FFC,"A, C","D, E",../../GraPPI_data/PDB/PDBbind_v2020/3ffc.pdb,6.886813080784049
3FHC,A,B,../../GraPPI_data/PDB/PDBbind_v2020/3fhc.pdb,10.452437279335445
3FIE,A,C,../../GraPPI_data/PDB/PDBbind_v2020/3fie.pdb,12.272045912989343
3FII,A,B,../../GraPPI_data/PDB/PDBbind_v2020/3fii.pdb,11.891948469733318
3FJU,A,B,../../GraPPI_data/PDB/PDBbind_v2020/3fju.pdb,11.993715935332444
3FP6,E,I,../../GraPPI_data/PDB/PDBbind_v2020/3fp6.pdb,17.72628854098461
3FPU,A,B,../../GraPPI_data/PDB/PDBbind_v2020/3fpu.pdb,13.527638138105475
3FSH,"A, B",C,../../GraPPI_data/PDB/PDBbind_v2020/3fsh.pdb,11.318957914654456
3FXD,"A, C","B, D",../../GraPPI_data/PDB/PDBbind_v2020/3fxd.pdb,10.498012597326598
3G3A,A,B,../../GraPPI_data/PDB/PDBbind_v2020/3g3a.pdb,8.681151935513585
3G3B,A,B,../../GraPPI_data/PDB/PDBbind_v2020/3g3b.pdb,10.18378151468737
3G7A,B,A,../../GraPPI_data/PDB/PDBbind_v2020/3g7a.pdb,10.970878369882058
3G7Z,"A, B","C, D",../../GraPPI_data/PDB/PDBbind_v2020/3g7z.pdb,14.588694568323046
3G9V,A,B,../../GraPPI_data/PDB/PDBbind_v2020/3g9v.pdb,16.36272788398579
3G9W,A,D,../../GraPPI_data/PDB/PDBbind_v2020/3g9w.pdb,6.059251081557753
3GB8,A,B,../../GraPPI_data/PDB/PDBbind_v2020/3gb8.pdb,7.0729072713258505
3GC3,A,B,../../GraPPI_data/PDB/PDBbind_v2020/3gc3.pdb,7.741998388767817
3GD1,"C, E",I,../../GraPPI_data/PDB/PDBbind_v2020/3gd1.pdb,8.193327719986096
3GJ3,A,B,../../GraPPI_data/PDB/PDBbind_v2020/3gj3.pdb,5.876679064652392
3GJ4,A,B,../../GraPPI_data/PDB/PDBbind_v2020/3gj4.pdb,7.06386607480603
3GJ5,A,B,../../GraPPI_data/PDB/PDBbind_v2020/3gj5.pdb,5.901357088259756
3GJ6,A,B,../../GraPPI_data/PDB/PDBbind_v2020/3gj6.pdb,7.0729072713258505
3GJ7,A,B,../../GraPPI_data/PDB/PDBbind_v2020/3gj7.pdb,7.360418624665037
3GJ8,A,B,../../GraPPI_data/PDB/PDBbind_v2020/3gj8.pdb,7.530780170439253
3GJN,"B, C","A, D",../../GraPPI_data/PDB/PDBbind_v2020/3gjn.pdb,16.36272788398579
3GMW,A,B,../../GraPPI_data/PDB/PDBbind_v2020/3gmw.pdb,14.046079228652088
3GNI,A,B,../../GraPPI_data/PDB/PDBbind_v2020/3gni.pdb,10.800516824107843
3GQI,A,B,../../GraPPI_data/PDB/PDBbind_v2020/3gqi.pdb,10.20146004746759
3GS2,"A, C","B, D",../../GraPPI_data/PDB/PDBbind_v2020/3gs2.pdb,10.957862749926576
3GSN,"H, L, P","A, B",../../GraPPI_data/PDB/PDBbind_v2020/3gsn.pdb,6.214455280379876
3GTY,X,S,../../GraPPI_data/PDB/PDBbind_v2020/3gty.pdb,12.719160373253835
3GXU,A,B,../../GraPPI_data/PDB/PDBbind_v2020/3gxu.pdb,9.125635099510239
3H2U,"B, D","A, C",../../GraPPI_data/PDB/PDBbind_v2020/3h2u.pdb,6.680941958550246
3H3G,A,B,../../GraPPI_data/PDB/PDBbind_v2020/3h3g.pdb,8.187315618915132
3H6G,A,B,../../GraPPI_data/PDB/PDBbind_v2020/3h6g.pdb,4.823908740944319
3H6S,A,E,../../GraPPI_data/PDB/PDBbind_v2020/3h6s.pdb,13.767749250995188
3H7B,A,C,../../GraPPI_data/PDB/PDBbind_v2020/3h7b.pdb,5.982235326727049
3H8D,"A, B","E, F",../../GraPPI_data/PDB/PDBbind_v2020/3h8d.pdb,9.67706727999874
3H8K,A,B,../../GraPPI_data/PDB/PDBbind_v2020/3h8k.pdb,10.469119702765449
3H9H,A,C,../../GraPPI_data/PDB/PDBbind_v2020/3h9h.pdb,7.182700625666856
3HCT,A,B,../../GraPPI_data/PDB/PDBbind_v2020/3hct.pdb,7.949201765487202
3HCU,"A, C","B, D",../../GraPPI_data/PDB/PDBbind_v2020/3hcu.pdb,7.949201765487202
3HE6,"C, D",A,../../GraPPI_data/PDB/PDBbind_v2020/3he6.pdb,9.763806018176881
3HE7,"C, D",A,../../GraPPI_data/PDB/PDBbind_v2020/3he7.pdb,8.902289763822088
3HG0,"A, B, C",D,../../GraPPI_data/PDB/PDBbind_v2020/3hg0.pdb,10.630155278333627
3HO5,B,H,../../GraPPI_data/PDB/PDBbind_v2020/3ho5.pdb,9.078010503358488
3HPW,"A, B",C,../../GraPPI_data/PDB/PDBbind_v2020/3hpw.pdb,6.662434612661921
3HTU,A,B,../../GraPPI_data/PDB/PDBbind_v2020/3htu.pdb,7.833284397220498
3HUG,"B, D","A, C",../../GraPPI_data/PDB/PDBbind_v2020/3hug.pdb,10.498012597326598
3HUJ,"G, H","A, B",../../GraPPI_data/PDB/PDBbind_v2020/3huj.pdb,9.134451940327782
3IA3,A,D,../../GraPPI_data/PDB/PDBbind_v2020/3ia3.pdb,9.587900010368173
3IDB,A,B,../../GraPPI_data/PDB/PDBbind_v2020/3idb.pdb,10.836109578721802
3IDC,A,B,../../GraPPI_data/PDB/PDBbind_v2020/3idc.pdb,12.574550139770588
3IFQ,A,C,../../GraPPI_data/PDB/PDBbind_v2020/3ifq.pdb,9.457032220852632
3IM4,"A, B",C,../../GraPPI_data/PDB/PDBbind_v2020/3im4.pdb,9.979571506779987
3INB,A,D,../../GraPPI_data/PDB/PDBbind_v2020/3inb.pdb,9.134451940327782
3IT8,"D, E, F","A, B, C",../../GraPPI_data/PDB/PDBbind_v2020/3it8.pdb,14.135394563508848
3IXA,A,C,../../GraPPI_data/PDB/PDBbind_v2020/3ixa.pdb,6.82976706298728
3IXS,A,B,../../GraPPI_data/PDB/PDBbind_v2020/3ixs.pdb,9.607317712883242
3JSV,"A, B","C, D",../../GraPPI_data/PDB/PDBbind_v2020/3jsv.pdb,5.294336103043787
3JVF,C,"A, B",../../GraPPI_data/PDB/PDBbind_v2020/3jvf.pdb,8.910346852314724
3JZA,A,B,../../GraPPI_data/PDB/PDBbind_v2020/3jza.pdb,15.71214411243215
3K1R,A,B,../../GraPPI_data/PDB/PDBbind_v2020/3k1r.pdb,12.272045912989343
3K2M,A,D,../../GraPPI_data/PDB/PDBbind_v2020/3k2m.pdb,11.119703474319092
3K3Q,"B, C",A,../../GraPPI_data/PDB/PDBbind_v2020/3k3q.pdb,13.407459235091647
3K6G,A,D,../../GraPPI_data/PDB/PDBbind_v2020/3k6g.pdb,10.61193270613152
3K8P,D,C,../../GraPPI_data/PDB/PDBbind_v2020/3k8p.pdb,10.908485255990529
3K9M,A,C,../../GraPPI_data/PDB/PDBbind_v2020/3k9m.pdb,11.861573254325416
3KBT,A,D,../../GraPPI_data/PDB/PDBbind_v2020/3kbt.pdb,10.952097770030996
3KJ0,A,B,../../GraPPI_data/PDB/PDBbind_v2020/3kj0.pdb,11.861573254325416
3KJ1,A,B,../../GraPPI_data/PDB/PDBbind_v2020/3kj1.pdb,11.861573254325416
3KJ2,A,B,../../GraPPI_data/PDB/PDBbind_v2020/3kj2.pdb,11.861573254325416
3KLS,A,X,../../GraPPI_data/PDB/PDBbind_v2020/3kls.pdb,11.26251647768516
3KNB,A,B,../../GraPPI_data/PDB/PDBbind_v2020/3knb.pdb,8.218005743593459
3KPR,"D, E","A, C",../../GraPPI_data/PDB/PDBbind_v2020/3kpr.pdb,7.941252829103182
3KPS,"D, E","A, C",../../GraPPI_data/PDB/PDBbind_v2020/3kps.pdb,5.876679064652392
3KUC,A,B,../../GraPPI_data/PDB/PDBbind_v2020/3kuc.pdb,8.664852185356397
3KV4,A,B,../../GraPPI_data/PDB/PDBbind_v2020/3kv4.pdb,8.181363941992895
3KW5,A,B,../../GraPPI_data/PDB/PDBbind_v2020/3kw5.pdb,8.746613382016093
3KYI,B,A,../../GraPPI_data/PDB/PDBbind_v2020/3kyi.pdb,4.992736669210253
3KZ0,A,C,../../GraPPI_data/PDB/PDBbind_v2020/3kz0.pdb,8.950190373434475
3KZ1,A,F,../../GraPPI_data/PDB/PDBbind_v2020/3kz1.pdb,9.488483162022417
3L33,A,E,../../GraPPI_data/PDB/PDBbind_v2020/3l33.pdb,9.362836197359513
3L5N,"A, B",M,../../GraPPI_data/PDB/PDBbind_v2020/3l5n.pdb,9.196845054219313
3L9J,T,C,../../GraPPI_data/PDB/PDBbind_v2020/3l9j.pdb,12.910902828685003
3LAQ,U,A,../../GraPPI_data/PDB/PDBbind_v2020/3laq.pdb,13.32137548734893
3LB8,A,C,../../GraPPI_data/PDB/PDBbind_v2020/3lb8.pdb,5.700305417807214
3LBX,A,B,../../GraPPI_data/PDB/PDBbind_v2020/3lbx.pdb,8.723979281663853
3LK2,"A, B",T,../../GraPPI_data/PDB/PDBbind_v2020/3lk2.pdb,9.544924598991711
3LK3,"A, B",T,../../GraPPI_data/PDB/PDBbind_v2020/3lk3.pdb,11.210989482771772
3LMS,A,B,../../GraPPI_data/PDB/PDBbind_v2020/3lms.pdb,12.16407748110666
3M0A,"A, B, C",D,../../GraPPI_data/PDB/PDBbind_v2020/3m0a.pdb,7.867132859353668
3M18,A,B,../../GraPPI_data/PDB/PDBbind_v2020/3m18.pdb,13.287527025215763
3M9D,"A, B, C, D, E, F","G, H, I",../../GraPPI_data/PDB/PDBbind_v2020/3m9d.pdb,7.456660200689739
3MA2,D,C,../../GraPPI_data/PDB/PDBbind_v2020/3ma2.pdb,7.929525973245199
3MC0,A,B,../../GraPPI_data/PDB/PDBbind_v2020/3mc0.pdb,9.412781917984683
3MCA,A,B,../../GraPPI_data/PDB/PDBbind_v2020/3mca.pdb,8.73897215510591
3ME2,R,A,../../GraPPI_data/PDB/PDBbind_v2020/3me2.pdb,13.86399082701989
3MHP,"A, B",C,../../GraPPI_data/PDB/PDBbind_v2020/3mhp.pdb,7.582307165352643
3MJ7,A,B,../../GraPPI_data/PDB/PDBbind_v2020/3mj7.pdb,7.228275943658009
3MJH,A,B,../../GraPPI_data/PDB/PDBbind_v2020/3mjh.pdb,7.6629228514462815
3MV7,"A, C","D, E",../../GraPPI_data/PDB/PDBbind_v2020/3mv7.pdb,7.714449846359672
3MV8,"A, C","D, E",../../GraPPI_data/PDB/PDBbind_v2020/3mv8.pdb,6.081714301265589
3MV9,"A, C","D, E",../../GraPPI_data/PDB/PDBbind_v2020/3mv9.pdb,7.144481760899669
3NOC,"A, B, C","D, E",../../GraPPI_data/PDB/PDBbind_v2020/3noc.pdb,12.03193480009963
3NOG,"A, B, C","D, E",../../GraPPI_data/PDB/PDBbind_v2020/3nog.pdb,10.430900837998262
3NPZ,"B, C",A,../../GraPPI_data/PDB/PDBbind_v2020/3npz.pdb,7.501887275878104
3O34,A,B,../../GraPPI_data/PDB/PDBbind_v2020/3o34.pdb,6.893504529031815
3O40,A,B,../../GraPPI_data/PDB/PDBbind_v2020/3o40.pdb,12.072791472653979
3O43,A,B,../../GraPPI_data/PDB/PDBbind_v2020/3o43.pdb,10.970878369882058
3O4O,C,A,../../GraPPI_data/PDB/PDBbind_v2020/3o4o.pdb,7.672875806220233
3O5T,A,B,../../GraPPI_data/PDB/PDBbind_v2020/3o5t.pdb,7.941252829103182
3O6B,A,B,../../GraPPI_data/PDB/PDBbind_v2020/3o6b.pdb,9.059461747248891
3O6F,"A, B, C","D, E",../../GraPPI_data/PDB/PDBbind_v2020/3o6f.pdb,7.171834506688714
3O6Q,"A, C","B, D",../../GraPPI_data/PDB/PDBbind_v2020/3o6q.pdb,12.731896065589321
3O8X,A,"C, D",../../GraPPI_data/PDB/PDBbind_v2020/3o8x.pdb,8.401102981703161
3O9W,"A, B","C, D",../../GraPPI_data/PDB/PDBbind_v2020/3o9w.pdb,7.100889809260255
3OAK,A,D,../../GraPPI_data/PDB/PDBbind_v2020/3oak.pdb,9.230693516352485
3OED,C,A,../../GraPPI_data/PDB/PDBbind_v2020/3oed.pdb,8.591836600656825
3OHM,A,B,../../GraPPI_data/PDB/PDBbind_v2020/3ohm.pdb,9.134451940327782
3OIQ,A,B,../../GraPPI_data/PDB/PDBbind_v2020/3oiq.pdb,7.390793840072942
3OJ2,A,C,../../GraPPI_data/PDB/PDBbind_v2020/3oj2.pdb,9.389555926659554
3OJM,A,B,../../GraPPI_data/PDB/PDBbind_v2020/3ojm.pdb,9.389555926659554
3OKY,B,A,../../GraPPI_data/PDB/PDBbind_v2020/3oky.pdb,8.025995269660736
3OL2,A,B,../../GraPPI_data/PDB/PDBbind_v2020/3ol2.pdb,7.171834506688714
3OLM,D,A,../../GraPPI_data/PDB/PDBbind_v2020/3olm.pdb,5.512700930937792
3ONA,A,B,../../GraPPI_data/PDB/PDBbind_v2020/3ona.pdb,8.409748199024627
3ONL,"A, B",C,../../GraPPI_data/PDB/PDBbind_v2020/3onl.pdb,6.709834853111396
3ONW,A,C,../../GraPPI_data/PDB/PDBbind_v2020/3onw.pdb,11.778808067254435
3OPZ,A,"H, L",../../GraPPI_data/PDB/PDBbind_v2020/3opz.pdb,12.466581707887904
3ORV,"C, D, E, F","A, B",../../GraPPI_data/PDB/PDBbind_v2020/3orv.pdb,6.854445086594643
3OSL,A,B,../../GraPPI_data/PDB/PDBbind_v2020/3osl.pdb,11.923966368216945
3OUN,A,B,../../GraPPI_data/PDB/PDBbind_v2020/3oun.pdb,9.867504879516561
3OUW,A,B,../../GraPPI_data/PDB/PDBbind_v2020/3ouw.pdb,10.415247410255619
3OUX,A,B,../../GraPPI_data/PDB/PDBbind_v2020/3oux.pdb,10.166615475984205
3OWT,"A, B",C,../../GraPPI_data/PDB/PDBbind_v2020/3owt.pdb,7.641122099964531
3OXU,B,F,../../GraPPI_data/PDB/PDBbind_v2020/3oxu.pdb,6.093099543690923
3P6Z,"A, B",C,../../GraPPI_data/PDB/PDBbind_v2020/3p6z.pdb,7.785884156771024
3P71,T,C,../../GraPPI_data/PDB/PDBbind_v2020/3p71.pdb,8.754354497071757
3P8M,"A, B","C, D",../../GraPPI_data/PDB/PDBbind_v2020/3p8m.pdb,11.119703474319092
3P92,A,E,../../GraPPI_data/PDB/PDBbind_v2020/3p92.pdb,11.220942437545723
3P95,A,E,../../GraPPI_data/PDB/PDBbind_v2020/3p95.pdb,7.941252829103182
3PL6,"D, E","A, B, C",../../GraPPI_data/PDB/PDBbind_v2020/3pl6.pdb,6.6059931756926265
3PMH,G,"A, B",../../GraPPI_data/PDB/PDBbind_v2020/3pmh.pdb,9.669710826774775
3PNR,A,B,../../GraPPI_data/PDB/PDBbind_v2020/3pnr.pdb,10.805472391679864
3PVM,A,B,../../GraPPI_data/PDB/PDBbind_v2020/3pvm.pdb,10.058647044101521
3Q4F,"A, B","G, H",../../GraPPI_data/PDB/PDBbind_v2020/3q4f.pdb,7.345795983725864
3Q9N,A,C,../../GraPPI_data/PDB/PDBbind_v2020/3q9n.pdb,10.594254173351299
3Q9U,A,C,../../GraPPI_data/PDB/PDBbind_v2020/3q9u.pdb,11.295731923329328
3QBQ,B,A,../../GraPPI_data/PDB/PDBbind_v2020/3qbq.pdb,9.051686753256803
3QBT,B,A,../../GraPPI_data/PDB/PDBbind_v2020/3qbt.pdb,8.243757055884426
3QBV,A,B,../../GraPPI_data/PDB/PDBbind_v2020/3qbv.pdb,8.618483449903968
3QC8,A,B,../../GraPPI_data/PDB/PDBbind_v2020/3qc8.pdb,6.7506915256657445
3QDM,"D, E","A, C",../../GraPPI_data/PDB/PDBbind_v2020/3qdm.pdb,6.187295567184043
3QEQ,"D, E","A, C",../../GraPPI_data/PDB/PDBbind_v2020/3qeq.pdb,5.140011545356035
3QHT,A,C,../../GraPPI_data/PDB/PDBbind_v2020/3qht.pdb,9.662444639059567
3QI2,A,C,../../GraPPI_data/PDB/PDBbind_v2020/3qi2.pdb,10.017790371547173
3QIU,"A, B, E","C, D",../../GraPPI_data/PDB/PDBbind_v2020/3qiu.pdb,8.854274264232517
3QIW,"A, B, E","C, D",../../GraPPI_data/PDB/PDBbind_v2020/3qiw.pdb,4.501154629660377
3QLU,A,C,../../GraPPI_data/PDB/PDBbind_v2020/3qlu.pdb,10.852043819021233
3QML,A,C,../../GraPPI_data/PDB/PDBbind_v2020/3qml.pdb,10.75311658365837
3QQ8,A,B,../../GraPPI_data/PDB/PDBbind_v2020/3qq8.pdb,7.941252829103182
3QS7,"A, B","E, F",../../GraPPI_data/PDB/PDBbind_v2020/3qs7.pdb,10.08753993866267
3QT2,A,"C, D",../../GraPPI_data/PDB/PDBbind_v2020/3qt2.pdb,11.891948469733318
3QTL,"A, B, C",D,../../GraPPI_data/PDB/PDBbind_v2020/3qtl.pdb,12.06023580368789
3QUX,"C, D",A,../../GraPPI_data/PDB/PDBbind_v2020/3qux.pdb,9.00945848340353
3QUY,"C, D",A,../../GraPPI_data/PDB/PDBbind_v2020/3quy.pdb,9.174252079383189
3QUZ,"C, D",A,../../GraPPI_data/PDB/PDBbind_v2020/3quz.pdb,10.093491615584906
3QWQ,A,B,../../GraPPI_data/PDB/PDBbind_v2020/3qwq.pdb,11.861573254325416
3QWR,"A, B",D,../../GraPPI_data/PDB/PDBbind_v2020/3qwr.pdb,11.861573254325416
3R0L,D,"A, B, C",../../GraPPI_data/PDB/PDBbind_v2020/3r0l.pdb,11.381351028545987
3R2X,"A, B",C,../../GraPPI_data/PDB/PDBbind_v2020/3r2x.pdb,10.277977538180489
3R4D,B,A,../../GraPPI_data/PDB/PDBbind_v2020/3r4d.pdb,10.457946034121047
3R85,A,E,../../GraPPI_data/PDB/PDBbind_v2020/3r85.pdb,5.9779180278790225
3RBB,A,B,../../GraPPI_data/PDB/PDBbind_v2020/3rbb.pdb,10.78589418316867
3RDT,"A, B","C, D",../../GraPPI_data/PDB/PDBbind_v2020/3rdt.pdb,7.120307511775325
3RDZ,A,C,../../GraPPI_data/PDB/PDBbind_v2020/3rdz.pdb,11.686052611722522
3REA,A,B,../../GraPPI_data/PDB/PDBbind_v2020/3rea.pdb,9.200144153944626
3REB,A,B,../../GraPPI_data/PDB/PDBbind_v2020/3reb.pdb,9.569098848116056
3RGF,A,B,../../GraPPI_data/PDB/PDBbind_v2020/3rgf.pdb,11.115488603365307
3RGV,"A, C","D, E",../../GraPPI_data/PDB/PDBbind_v2020/3rgv.pdb,6.577692172104367
3RO2,A,B,../../GraPPI_data/PDB/PDBbind_v2020/3ro2.pdb,10.00477475159169
3RPG,"A, B",C,../../GraPPI_data/PDB/PDBbind_v2020/3rpg.pdb,7.228275943658009
3RT0,A,C,../../GraPPI_data/PDB/PDBbind_v2020/3rt0.pdb,8.073395510110212
3RTQ,"A, B","C, D",../../GraPPI_data/PDB/PDBbind_v2020/3rtq.pdb,9.304813486101997
3RUG,"E, F",A,../../GraPPI_data/PDB/PDBbind_v2020/3rug.pdb,7.303977187695743
3RY6,"A, B",C,../../GraPPI_data/PDB/PDBbind_v2020/3ry6.pdb,4.501154629660377
3RZC,"A, B","C, D",../../GraPPI_data/PDB/PDBbind_v2020/3rzc.pdb,8.377546989327934
3RZW,A,D,../../GraPPI_data/PDB/PDBbind_v2020/3rzw.pdb,9.773308856023442
3S2K,"A, B",C,../../GraPPI_data/PDB/PDBbind_v2020/3s2k.pdb,9.743587148354187
3S4S,"A, B, C",G,../../GraPPI_data/PDB/PDBbind_v2020/3s4s.pdb,6.893504529031815
3S5L,"A, B, C",G,../../GraPPI_data/PDB/PDBbind_v2020/3s5l.pdb,7.1937698613916545
3S8V,"A, B",X,../../GraPPI_data/PDB/PDBbind_v2020/3s8v.pdb,9.95539725765564
3SCM,"C, D","A, B",../../GraPPI_data/PDB/PDBbind_v2020/3scm.pdb,7.524887715165056
3SDA,"C, D","A, B",../../GraPPI_data/PDB/PDBbind_v2020/3sda.pdb,7.200512099713562
3SDC,"C, D","A, B",../../GraPPI_data/PDB/PDBbind_v2020/3sdc.pdb,6.778290426241281
3SDD,"C, D","A, B",../../GraPPI_data/PDB/PDBbind_v2020/3sdd.pdb,7.247535750726448
3SGK,"A, B",C,../../GraPPI_data/PDB/PDBbind_v2020/3sgk.pdb,11.641538195179306
3SIP,"A, C",E,../../GraPPI_data/PDB/PDBbind_v2020/3sip.pdb,8.181363941992895
3SJA,"A, B","C, D",../../GraPPI_data/PDB/PDBbind_v2020/3sja.pdb,10.594254173351299
3SJD,"A, B",E,../../GraPPI_data/PDB/PDBbind_v2020/3sjd.pdb,10.238483781921815
3SJH,A,B,../../GraPPI_data/PDB/PDBbind_v2020/3sjh.pdb,7.456660200689739
3SKU,A,D,../../GraPPI_data/PDB/PDBbind_v2020/3sku.pdb,9.756142817320276
3SO3,A,"B, C",../../GraPPI_data/PDB/PDBbind_v2020/3so3.pdb,12.826625030653501
3SRI,A,B,../../GraPPI_data/PDB/PDBbind_v2020/3sri.pdb,9.248372049132703
3SUA,A,D,../../GraPPI_data/PDB/PDBbind_v2020/3sua.pdb,6.440830845660533
3SYN,A,E,../../GraPPI_data/PDB/PDBbind_v2020/3syn.pdb,8.48386816877414
3T04,A,D,../../GraPPI_data/PDB/PDBbind_v2020/3t04.pdb,9.932171266330512
3T0Y,"A, C","B, D",../../GraPPI_data/PDB/PDBbind_v2020/3t0y.pdb,9.155549887110258
3T1Q,A,"B, C",../../GraPPI_data/PDB/PDBbind_v2020/3t1q.pdb,7.228275943658009
3T6G,A,B,../../GraPPI_data/PDB/PDBbind_v2020/3t6g.pdb,10.257901484436886
3TAC,A,B,../../GraPPI_data/PDB/PDBbind_v2020/3tac.pdb,8.53539516368753
3TEI,A,B,../../GraPPI_data/PDB/PDBbind_v2020/3tei.pdb,8.591836600656825
3TG1,A,B,../../GraPPI_data/PDB/PDBbind_v2020/3tg1.pdb,8.175471486718699
3THM,F,"H, L",../../GraPPI_data/PDB/PDBbind_v2020/3thm.pdb,12.893736789981837
3TJE,F,"H, L",../../GraPPI_data/PDB/PDBbind_v2020/3tje.pdb,10.594254173351299
3TJZ,A,"B, C",../../GraPPI_data/PDB/PDBbind_v2020/3tjz.pdb,8.181363941992895
3TKL,A,B,../../GraPPI_data/PDB/PDBbind_v2020/3tkl.pdb,8.681151935513585
3TL8,A,B,../../GraPPI_data/PDB/PDBbind_v2020/3tl8.pdb,7.439494161986572
3TN0,"C, D",A,../../GraPPI_data/PDB/PDBbind_v2020/3tn0.pdb,7.714449846359672
3TNF,B,A,../../GraPPI_data/PDB/PDBbind_v2020/3tnf.pdb,14.999167226986977
3TO4,"C, D",A,../../GraPPI_data/PDB/PDBbind_v2020/3to4.pdb,9.95539725765564
3TQ7,"A, B","P, Q",../../GraPPI_data/PDB/PDBbind_v2020/3tq7.pdb,7.941252829103182
3TSR,A,E,../../GraPPI_data/PDB/PDBbind_v2020/3tsr.pdb,21.406497853317127
3TU3,A,B,../../GraPPI_data/PDB/PDBbind_v2020/3tu3.pdb,9.877804041180859
3TVJ,"A, B",I,../../GraPPI_data/PDB/PDBbind_v2020/3tvj.pdb,11.210989482771772
3TVM,"A, B","C, D",../../GraPPI_data/PDB/PDBbind_v2020/3tvm.pdb,9.933311183658578
3TWI,"A, B, C","D, E, F",../../GraPPI_data/PDB/PDBbind_v2020/3twi.pdb,8.48386816877414
3TZ1,A,B,../../GraPPI_data/PDB/PDBbind_v2020/3tz1.pdb,9.34145528770256
3U1J,"A, B",E,../../GraPPI_data/PDB/PDBbind_v2020/3u1j.pdb,10.34264392499444
3U43,A,B,../../GraPPI_data/PDB/PDBbind_v2020/3u43.pdb,20.453409854982237
3U8X,A,B,../../GraPPI_data/PDB/PDBbind_v2020/3u8x.pdb,7.456660200689739
3U9D,A,B,../../GraPPI_data/PDB/PDBbind_v2020/3u9d.pdb,8.591836600656825
3U9Z,A,C,../../GraPPI_data/PDB/PDBbind_v2020/3u9z.pdb,7.925668064688236
3UAI,A,D,../../GraPPI_data/PDB/PDBbind_v2020/3uai.pdb,10.017790371547173
3UEZ,"E, F","A, D",../../GraPPI_data/PDB/PDBbind_v2020/3uez.pdb,15.820112544314833
3UIR,A,C,../../GraPPI_data/PDB/PDBbind_v2020/3uir.pdb,12.76362795253922
3UKW,B,C,../../GraPPI_data/PDB/PDBbind_v2020/3ukw.pdb,13.579165133018865
3UKX,B,C,../../GraPPI_data/PDB/PDBbind_v2020/3ukx.pdb,14.348583455433333
3UKZ,B,C,../../GraPPI_data/PDB/PDBbind_v2020/3ukz.pdb,11.75360482244273
3UL0,B,C,../../GraPPI_data/PDB/PDBbind_v2020/3ul0.pdb,11.778808067254435
3UL1,B,A,../../GraPPI_data/PDB/PDBbind_v2020/3ul1.pdb,11.683855255327233
3UL4,A,B,../../GraPPI_data/PDB/PDBbind_v2020/3ul4.pdb,10.830892039515746
3ULA,A,D,../../GraPPI_data/PDB/PDBbind_v2020/3ula.pdb,11.653918859405191
3UTS,"F, H","I, J",../../GraPPI_data/PDB/PDBbind_v2020/3uts.pdb,4.848760614336307
3UYO,A,D,../../GraPPI_data/PDB/PDBbind_v2020/3uyo.pdb,7.04618754202581
3UZ0,A,B,../../GraPPI_data/PDB/PDBbind_v2020/3uz0.pdb,8.524724841328489
3V1C,A,B,../../GraPPI_data/PDB/PDBbind_v2020/3v1c.pdb,10.257901484436886
3V3K,A,B,../../GraPPI_data/PDB/PDBbind_v2020/3v3k.pdb,10.107105706403932
3V4Y,E,F,../../GraPPI_data/PDB/PDBbind_v2020/3v4y.pdb,10.567022393116567
3V62,"A, B",C,../../GraPPI_data/PDB/PDBbind_v2020/3v62.pdb,9.684516269650596
3V6B,A,R,../../GraPPI_data/PDB/PDBbind_v2020/3v6b.pdb,8.935197499992418
3V96,A,B,../../GraPPI_data/PDB/PDBbind_v2020/3v96.pdb,12.215604476020047
3VE0,"I, J","A, B",../../GraPPI_data/PDB/PDBbind_v2020/3ve0.pdb,7.788928826043841
3VEP,X,D,../../GraPPI_data/PDB/PDBbind_v2020/3vep.pdb,6.800298950441054
3VFM,"A, C",B,../../GraPPI_data/PDB/PDBbind_v2020/3vfm.pdb,5.517953177066585
3VFN,"A, C",B,../../GraPPI_data/PDB/PDBbind_v2020/3vfn.pdb,5.0804117709318986
3VFO,"A, C",B,../../GraPPI_data/PDB/PDBbind_v2020/3vfo.pdb,5.043769969331335
3VFP,"A, C",B,../../GraPPI_data/PDB/PDBbind_v2020/3vfp.pdb,5.573933178259928
3VFR,"A, C",B,../../GraPPI_data/PDB/PDBbind_v2020/3vfr.pdb,5.3512297636846
3VFS,"A, C",B,../../GraPPI_data/PDB/PDBbind_v2020/3vfs.pdb,5.043769969331335
3VFT,"A, C",B,../../GraPPI_data/PDB/PDBbind_v2020/3vft.pdb,5.043769969331335
3VFU,"A, C",B,../../GraPPI_data/PDB/PDBbind_v2020/3vfu.pdb,5.043769969331335
3VFV,"A, C",B,../../GraPPI_data/PDB/PDBbind_v2020/3vfv.pdb,6.381264404768761
3VFW,"A, C",B,../../GraPPI_data/PDB/PDBbind_v2020/3vfw.pdb,5.933725082449161
3VH8,G,"A, C",../../GraPPI_data/PDB/PDBbind_v2020/3vh8.pdb,6.503572202354852
3VHX,"A, C","B, D",../../GraPPI_data/PDB/PDBbind_v2020/3vhx.pdb,6.577692172104367
3VPJ,A,E,../../GraPPI_data/PDB/PDBbind_v2020/3vpj.pdb,11.66869790837514
3VUX,A,G,../../GraPPI_data/PDB/PDBbind_v2020/3vux.pdb,6.880196398885611
3VV2,A,B,../../GraPPI_data/PDB/PDBbind_v2020/3vv2.pdb,14.02285323732696
3VWJ,"C, D","A, B",../../GraPPI_data/PDB/PDBbind_v2020/3vwj.pdb,8.359674424151132
3VWK,"C, D","A, B",../../GraPPI_data/PDB/PDBbind_v2020/3vwk.pdb,8.291705871518174
3VXR,"D, E","A, C",../../GraPPI_data/PDB/PDBbind_v2020/3vxr.pdb,6.835840827708954
3VXS,"D, E","A, C",../../GraPPI_data/PDB/PDBbind_v2020/3vxs.pdb,5.711171536785355
3VXU,"D, E","A, C",../../GraPPI_data/PDB/PDBbind_v2020/3vxu.pdb,7.903033964335996
3VYR,A,B,../../GraPPI_data/PDB/PDBbind_v2020/3vyr.pdb,9.345670158656347
3VYS,"A, B",C,../../GraPPI_data/PDB/PDBbind_v2020/3vys.pdb,7.8012664987368705
3VZA,E,"A, C",../../GraPPI_data/PDB/PDBbind_v2020/3vza.pdb,8.614778410482902
3W6J,A,"B, C",../../GraPPI_data/PDB/PDBbind_v2020/3w6j.pdb,9.888285498327305
3W8H,A,B,../../GraPPI_data/PDB/PDBbind_v2020/3w8h.pdb,9.25197198039564
3W8I,A,B,../../GraPPI_data/PDB/PDBbind_v2020/3w8i.pdb,11.818745908175146
3WA0,A,G,../../GraPPI_data/PDB/PDBbind_v2020/3wa0.pdb,7.606481414476988
3WA5,A,B,../../GraPPI_data/PDB/PDBbind_v2020/3wa5.pdb,10.296646971621236
3WDG,A,B,../../GraPPI_data/PDB/PDBbind_v2020/3wdg.pdb,12.16506528261856
3WKN,"B, C","E, F",../../GraPPI_data/PDB/PDBbind_v2020/3wkn.pdb,11.993715935332444
3WKT,A,C,../../GraPPI_data/PDB/PDBbind_v2020/3wkt.pdb,9.544924598991711
3WN5,"A, B",C,../../GraPPI_data/PDB/PDBbind_v2020/3wn5.pdb,7.903033964335996
3WN7,A,B,../../GraPPI_data/PDB/PDBbind_v2020/3wn7.pdb,11.094042166871988
3WO3,B,A,../../GraPPI_data/PDB/PDBbind_v2020/3wo3.pdb,9.764663638701977
3WO4,"A, B",C,../../GraPPI_data/PDB/PDBbind_v2020/3wo4.pdb,10.668374143100813
3WQB,A,B,../../GraPPI_data/PDB/PDBbind_v2020/3wqb.pdb,11.923966368216945
3WRX,A,C,../../GraPPI_data/PDB/PDBbind_v2020/3wrx.pdb,7.741998388767817
3WRY,A,C,../../GraPPI_data/PDB/PDBbind_v2020/3wry.pdb,8.874923124923
3WWK,C,"A, B",../../GraPPI_data/PDB/PDBbind_v2020/3wwk.pdb,7.530780170439253
3WWQ,C,"A, H",../../GraPPI_data/PDB/PDBbind_v2020/3wwq.pdb,6.060898333994231
3ZET,A,B,../../GraPPI_data/PDB/PDBbind_v2020/3zet.pdb,8.914416881181673
3ZEU,E,D,../../GraPPI_data/PDB/PDBbind_v2020/3zeu.pdb,8.914416881181673
3ZIA,"K, L, M, N, O, P, Q, R, S",T,../../GraPPI_data/PDB/PDBbind_v2020/3zia.pdb,1.7982075647870899
3ZJY,"A, B",C,../../GraPPI_data/PDB/PDBbind_v2020/3zjy.pdb,7.530780170439253
3ZNZ,A,B,../../GraPPI_data/PDB/PDBbind_v2020/3znz.pdb,9.146415718320982
3ZO0,B,A,../../GraPPI_data/PDB/PDBbind_v2020/3zo0.pdb,8.671589310000776
3ZRZ,A,C,../../GraPPI_data/PDB/PDBbind_v2020/3zrz.pdb,14.348583455433333
3ZS8,"A, B","C, D",../../GraPPI_data/PDB/PDBbind_v2020/3zs8.pdb,9.943670401797657
3ZS9,"A, B","C, D",../../GraPPI_data/PDB/PDBbind_v2020/3zs9.pdb,9.304813486101997
3ZU7,A,B,../../GraPPI_data/PDB/PDBbind_v2020/3zu7.pdb,11.154548045802477
3ZUV,A,B,../../GraPPI_data/PDB/PDBbind_v2020/3zuv.pdb,9.451949040551085
3ZV0,"A, B","C, D",../../GraPPI_data/PDB/PDBbind_v2020/3zv0.pdb,5.39780119102597
3ZWH,"A, B",Q,../../GraPPI_data/PDB/PDBbind_v2020/3zwh.pdb,7.925668064688236
3ZWL,B,E,../../GraPPI_data/PDB/PDBbind_v2020/3zwl.pdb,9.26659462133481
3ZWZ,A,B,../../GraPPI_data/PDB/PDBbind_v2020/3zwz.pdb,10.489195756509055
3ZYI,A,B,../../GraPPI_data/PDB/PDBbind_v2020/3zyi.pdb,11.094852826641397
3ZYJ,A,B,../../GraPPI_data/PDB/PDBbind_v2020/3zyj.pdb,11.048076926649413
4A1S,B,E,../../GraPPI_data/PDB/PDBbind_v2020/4a1s.pdb,11.318957914654456
4A1U,A,B,../../GraPPI_data/PDB/PDBbind_v2020/4a1u.pdb,8.546261282665672
4A49,A,B,../../GraPPI_data/PDB/PDBbind_v2020/4a49.pdb,5.967965073105073
4A94,A,D,../../GraPPI_data/PDB/PDBbind_v2020/4a94.pdb,15.421603663644104
4AFQ,A,C,../../GraPPI_data/PDB/PDBbind_v2020/4afq.pdb,11.75360482244273
4AFZ,A,C,../../GraPPI_data/PDB/PDBbind_v2020/4afz.pdb,12.334439026880876
4AG2,A,C,../../GraPPI_data/PDB/PDBbind_v2020/4ag2.pdb,11.191571780256702
4AN7,A,B,../../GraPPI_data/PDB/PDBbind_v2020/4an7.pdb,11.583243276668515
4AOQ,A,D,../../GraPPI_data/PDB/PDBbind_v2020/4aoq.pdb,9.129146099137289
4AOR,A,D,../../GraPPI_data/PDB/PDBbind_v2020/4aor.pdb,9.838611984955412
4AP2,A,B,../../GraPPI_data/PDB/PDBbind_v2020/4ap2.pdb,10.498012597326598
4APF,A,B,../../GraPPI_data/PDB/PDBbind_v2020/4apf.pdb,8.436467928324666
4APX,A,B,../../GraPPI_data/PDB/PDBbind_v2020/4apx.pdb,7.550856224182858
4AQE,A,B,../../GraPPI_data/PDB/PDBbind_v2020/4aqe.pdb,7.6629228514462815
4ASW,"A, B",C,../../GraPPI_data/PDB/PDBbind_v2020/4asw.pdb,9.544924598991711
4AUO,A,"C, D, E",../../GraPPI_data/PDB/PDBbind_v2020/4auo.pdb,8.723979281663853
4AUQ,"B, E","A, C, D, F",../../GraPPI_data/PDB/PDBbind_v2020/4auq.pdb,5.272154226363066
4AWX,A,B,../../GraPPI_data/PDB/PDBbind_v2020/4awx.pdb,8.591836600656825
4AYD,A,D,../../GraPPI_data/PDB/PDBbind_v2020/4ayd.pdb,8.298883982060753
4AYE,A,D,../../GraPPI_data/PDB/PDBbind_v2020/4aye.pdb,7.468979539707775
4AYI,"A, E",D,../../GraPPI_data/PDB/PDBbind_v2020/4ayi.pdb,11.861573254325416
4B1V,B,N,../../GraPPI_data/PDB/PDBbind_v2020/4b1v.pdb,8.856121962670883
4B1X,B,M,../../GraPPI_data/PDB/PDBbind_v2020/4b1x.pdb,7.3121080275888195
4B1Y,B,M,../../GraPPI_data/PDB/PDBbind_v2020/4b1y.pdb,8.9567339413296
4B93,A,B,../../GraPPI_data/PDB/PDBbind_v2020/4b93.pdb,7.688126096257987
4BD9,A,B,../../GraPPI_data/PDB/PDBbind_v2020/4bd9.pdb,10.238483781921815
4BJ5,B,"C, D",../../GraPPI_data/PDB/PDBbind_v2020/4bj5.pdb,6.167219513440438
4BKX,A,B,../../GraPPI_data/PDB/PDBbind_v2020/4bkx.pdb,7.228275943658009
4BOH,"H, L",M,../../GraPPI_data/PDB/PDBbind_v2020/4boh.pdb,9.89295677070948
4BPX,C,D,../../GraPPI_data/PDB/PDBbind_v2020/4bpx.pdb,9.002309259320754
4BQ6,B,"E, F",../../GraPPI_data/PDB/PDBbind_v2020/4bq6.pdb,10.320294598328417
4BQD,A,C,../../GraPPI_data/PDB/PDBbind_v2020/4bqd.pdb,12.682518571653272
4BRU,A,B,../../GraPPI_data/PDB/PDBbind_v2020/4bru.pdb,9.134451940327782
4BRW,A,B,../../GraPPI_data/PDB/PDBbind_v2020/4brw.pdb,9.95539725765564
4BSR,"A, B","C, D",../../GraPPI_data/PDB/PDBbind_v2020/4bsr.pdb,11.861573254325416
4BWQ,E,F,../../GraPPI_data/PDB/PDBbind_v2020/4bwq.pdb,6.416280724185216
4BXL,"A, B",C,../../GraPPI_data/PDB/PDBbind_v2020/4bxl.pdb,9.026483508445098
4BYF,C,D,../../GraPPI_data/PDB/PDBbind_v2020/4byf.pdb,8.243757055884426
4C1N,D,"C, J",../../GraPPI_data/PDB/PDBbind_v2020/4c1n.pdb,10.557124889147383
4C2A,A,B,../../GraPPI_data/PDB/PDBbind_v2020/4c2a.pdb,10.926522798705403
4C2B,A,B,../../GraPPI_data/PDB/PDBbind_v2020/4c2b.pdb,10.970878369882058
4C4K,O,T,../../GraPPI_data/PDB/PDBbind_v2020/4c4k.pdb,7.593173284330785
4C4P,A,B,../../GraPPI_data/PDB/PDBbind_v2020/4c4p.pdb,9.002309259320754
4C5G,A,B,../../GraPPI_data/PDB/PDBbind_v2020/4c5g.pdb,8.16385960743987
4C7N,A,B,../../GraPPI_data/PDB/PDBbind_v2020/4c7n.pdb,12.272045912989343
4C99,"A, C","B, D",../../GraPPI_data/PDB/PDBbind_v2020/4c99.pdb,9.467331382516932
4C9B,A,B,../../GraPPI_data/PDB/PDBbind_v2020/4c9b.pdb,10.290358202406377
4CC4,A,B,../../GraPPI_data/PDB/PDBbind_v2020/4cc4.pdb,7.182700625666856
4CDK,A,E,../../GraPPI_data/PDB/PDBbind_v2020/4cdk.pdb,7.8012664987368705
4CJ0,A,B,../../GraPPI_data/PDB/PDBbind_v2020/4cj0.pdb,9.556888376984912
4CJ1,A,B,../../GraPPI_data/PDB/PDBbind_v2020/4cj1.pdb,9.979571506779987
4CJ2,B,C,../../GraPPI_data/PDB/PDBbind_v2020/4cj2.pdb,10.852043819021233
4CMM,A,B,../../GraPPI_data/PDB/PDBbind_v2020/4cmm.pdb,8.313506622999926
4CT0,A,B,../../GraPPI_data/PDB/PDBbind_v2020/4ct0.pdb,10.298758156991234
4CU4,A,B,../../GraPPI_data/PDB/PDBbind_v2020/4cu4.pdb,8.073395510110212
4D0G,A,C,../../GraPPI_data/PDB/PDBbind_v2020/4d0g.pdb,7.833284397220498
4D0N,A,B,../../GraPPI_data/PDB/PDBbind_v2020/4d0n.pdb,6.4664429181509355
4D2G,"A, B, C","D, E",../../GraPPI_data/PDB/PDBbind_v2020/4d2g.pdb,7.165409269670009
4DAY,"A, B",C,../../GraPPI_data/PDB/PDBbind_v2020/4day.pdb,11.381351028545987
4DBG,A,B,../../GraPPI_data/PDB/PDBbind_v2020/4dbg.pdb,8.568610609331696
4DCK,A,"B, C",../../GraPPI_data/PDB/PDBbind_v2020/4dck.pdb,9.436956167109027
4DCN,"A, B","C, D",../../GraPPI_data/PDB/PDBbind_v2020/4dcn.pdb,7.474338733469958
4DG4,A,E,../../GraPPI_data/PDB/PDBbind_v2020/4dg4.pdb,7.593173284330785
4DGE,A,C,../../GraPPI_data/PDB/PDBbind_v2020/4dge.pdb,6.019492068018462
4DH2,A,B,../../GraPPI_data/PDB/PDBbind_v2020/4dh2.pdb,10.208681928058533
4DI3,"D, E","A, B, C",../../GraPPI_data/PDB/PDBbind_v2020/4di3.pdb,9.847428825772955
4DID,A,B,../../GraPPI_data/PDB/PDBbind_v2020/4did.pdb,7.120307511775325
4DJ9,A,B,../../GraPPI_data/PDB/PDBbind_v2020/4dj9.pdb,9.550876275913948
4DJZ,"A, B",H,../../GraPPI_data/PDB/PDBbind_v2020/4djz.pdb,11.119703474319092
4DKD,"A, B",C,../../GraPPI_data/PDB/PDBbind_v2020/4dkd.pdb,9.581566400592274
4DM6,A,E,../../GraPPI_data/PDB/PDBbind_v2020/4dm6.pdb,7.941252829103182
4DM8,A,C,../../GraPPI_data/PDB/PDBbind_v2020/4dm8.pdb,7.941252829103182
4DOH,A,"B, R",../../GraPPI_data/PDB/PDBbind_v2020/4doh.pdb,8.403683320727206
4DOQ,A,B,../../GraPPI_data/PDB/PDBbind_v2020/4doq.pdb,9.345670158656347
4DPG,"A, B",I,../../GraPPI_data/PDB/PDBbind_v2020/4dpg.pdb,9.607317712883242
4DRA,"A, D","E, H",../../GraPPI_data/PDB/PDBbind_v2020/4dra.pdb,8.08838838355227
4DRX,"A, B",F,../../GraPPI_data/PDB/PDBbind_v2020/4drx.pdb,9.285395783586928
4DS8,A,B,../../GraPPI_data/PDB/PDBbind_v2020/4ds8.pdb,6.972580066353349
4DT1,A,B,../../GraPPI_data/PDB/PDBbind_v2020/4dt1.pdb,8.524724841328489
4DVG,A,B,../../GraPPI_data/PDB/PDBbind_v2020/4dvg.pdb,7.530780170439253
4DX8,A,J,../../GraPPI_data/PDB/PDBbind_v2020/4dx8.pdb,8.053977807595142
4DXA,A,B,../../GraPPI_data/PDB/PDBbind_v2020/4dxa.pdb,7.833284397220498
4DZU,A,B,../../GraPPI_data/PDB/PDBbind_v2020/4dzu.pdb,13.22513391132423
4DZV,A,B,../../GraPPI_data/PDB/PDBbind_v2020/4dzv.pdb,10.852043819021233
4E41,"A, B, C","D, E",../../GraPPI_data/PDB/PDBbind_v2020/4e41.pdb,4.803658856441621
4EDW,V,"H, L",../../GraPPI_data/PDB/PDBbind_v2020/4edw.pdb,10.908485255990529
4EEE,"A, C","B, D",../../GraPPI_data/PDB/PDBbind_v2020/4eee.pdb,13.22513391132423
4EEF,G,", A, B",../../GraPPI_data/PDB/PDBbind_v2020/4eef.pdb,12.574550139770588
4EHQ,A,G,../../GraPPI_data/PDB/PDBbind_v2020/4ehq.pdb,8.025995269660736
4EI5,"C, D","A, B",../../GraPPI_data/PDB/PDBbind_v2020/4ei5.pdb,6.483031870367886
4EKC,A,B,../../GraPPI_data/PDB/PDBbind_v2020/4ekc.pdb,10.441571160357304
4ELM,"A, B","G, H",../../GraPPI_data/PDB/PDBbind_v2020/4elm.pdb,7.1222847652619
4EN3,"C, D","A, B",../../GraPPI_data/PDB/PDBbind_v2020/4en3.pdb,7.638748602321938
4EO5,A,"B, C",../../GraPPI_data/PDB/PDBbind_v2020/4eo5.pdb,11.748690380386826
4EOZ,"A, C","B, D",../../GraPPI_data/PDB/PDBbind_v2020/4eoz.pdb,8.181363941992895
4EQA,A,C,../../GraPPI_data/PDB/PDBbind_v2020/4eqa.pdb,11.748690380386826
4ETP,A,B,../../GraPPI_data/PDB/PDBbind_v2020/4etp.pdb,8.77014708281506
4ETW,A,B,../../GraPPI_data/PDB/PDBbind_v2020/4etw.pdb,7.511362467924183
4EUK,A,B,../../GraPPI_data/PDB/PDBbind_v2020/4euk.pdb,7.345795983725864
4EXP,A,X,../../GraPPI_data/PDB/PDBbind_v2020/4exp.pdb,8.591836600656825
4F0A,A,B,../../GraPPI_data/PDB/PDBbind_v2020/4f0a.pdb,7.6629228514462815
4F0Z,"A, B",C,../../GraPPI_data/PDB/PDBbind_v2020/4f0z.pdb,11.451100595661485
4F38,A,B,../../GraPPI_data/PDB/PDBbind_v2020/4f38.pdb,11.641538195179306
4F48,A,B,../../GraPPI_data/PDB/PDBbind_v2020/4f48.pdb,7.4925613056720675
4F6R,"A, B",C,../../GraPPI_data/PDB/PDBbind_v2020/4f6r.pdb,12.272045912989343
4FAO,"A, B","C, D, E, F",../../GraPPI_data/PDB/PDBbind_v2020/4fao.pdb,14.542023622139485
4FFY,"H, L",A,../../GraPPI_data/PDB/PDBbind_v2020/4ffy.pdb,10.560405711218129
4FQ0,B,C,../../GraPPI_data/PDB/PDBbind_v2020/4fq0.pdb,8.263833109628031
4FT4,B,Q,../../GraPPI_data/PDB/PDBbind_v2020/4ft4.pdb,8.591836600656825
4FTG,"A, B, C, D",E,../../GraPPI_data/PDB/PDBbind_v2020/4ftg.pdb,10.257901484436886
4FZV,A,B,../../GraPPI_data/PDB/PDBbind_v2020/4fzv.pdb,10.739606031063067
4G01,A,B,../../GraPPI_data/PDB/PDBbind_v2020/4g01.pdb,7.456660200689739
4G35,A,B,../../GraPPI_data/PDB/PDBbind_v2020/4g35.pdb,9.909821939664488
4G59,"C, D","A, B",../../GraPPI_data/PDB/PDBbind_v2020/4g59.pdb,8.695086387102705
4G6U,A,B,../../GraPPI_data/PDB/PDBbind_v2020/4g6u.pdb,10.567022393116567
4G8A,A,C,../../GraPPI_data/PDB/PDBbind_v2020/4g8a.pdb,13.268109322700692
4G8G,"A, C","D, E",../../GraPPI_data/PDB/PDBbind_v2020/4g8g.pdb,7.280233776618103
4G9F,"A, C","D, E",../../GraPPI_data/PDB/PDBbind_v2020/4g9f.pdb,8.124922505023601
4GAF,A,B,../../GraPPI_data/PDB/PDBbind_v2020/4gaf.pdb,16.014648339213394
4GEH,A,B,../../GraPPI_data/PDB/PDBbind_v2020/4geh.pdb,10.8155096975499
4GEQ,"A, B",F,../../GraPPI_data/PDB/PDBbind_v2020/4geq.pdb,7.439494161986572
4GG6,"G, H","A, B, J",../../GraPPI_data/PDB/PDBbind_v2020/4gg6.pdb,6.740210068519299
4GH7,A,B,../../GraPPI_data/PDB/PDBbind_v2020/4gh7.pdb,11.234136521111106
4GI3,A,C,../../GraPPI_data/PDB/PDBbind_v2020/4gi3.pdb,12.500430170021072
4GIQ,R,A,../../GraPPI_data/PDB/PDBbind_v2020/4giq.pdb,7.744825061767576
4GKO,"A, B","G, H",../../GraPPI_data/PDB/PDBbind_v2020/4gko.pdb,3.850570858106734
4GLA,A,D,../../GraPPI_data/PDB/PDBbind_v2020/4gla.pdb,6.070879247828128
4GLV,A,B,../../GraPPI_data/PDB/PDBbind_v2020/4glv.pdb,11.637468166312356
4GN3,A,B,../../GraPPI_data/PDB/PDBbind_v2020/4gn3.pdb,7.277653437594058
4GN4,A,B,../../GraPPI_data/PDB/PDBbind_v2020/4gn4.pdb,8.995245316287507
4GN5,D,A,../../GraPPI_data/PDB/PDBbind_v2020/4gn5.pdb,10.236576576186101
4GRL,B,"A, C, D",../../GraPPI_data/PDB/PDBbind_v2020/4grl.pdb,5.198546750690604
4GUR,"A, B",C,../../GraPPI_data/PDB/PDBbind_v2020/4gur.pdb,8.409748199024627
4H1L,"G, H","D, E, F",../../GraPPI_data/PDB/PDBbind_v2020/4h1l.pdb,6.022576381600521
4H2S,"A, B","C, D",../../GraPPI_data/PDB/PDBbind_v2020/4h2s.pdb,6.364503280179882
4H2W,"A, B","C, D",../../GraPPI_data/PDB/PDBbind_v2020/4h2w.pdb,7.856773641214588
4H3P,A,B,../../GraPPI_data/PDB/PDBbind_v2020/4h3p.pdb,7.770891283328966
4H5S,A,B,../../GraPPI_data/PDB/PDBbind_v2020/4h5s.pdb,6.68566060398705
4H6J,A,B,../../GraPPI_data/PDB/PDBbind_v2020/4h6j.pdb,9.164827155735686
4HCN,A,B,../../GraPPI_data/PDB/PDBbind_v2020/4hcn.pdb,5.415838733740844
4HCP,A,B,../../GraPPI_data/PDB/PDBbind_v2020/4hcp.pdb,6.854445086594643
4HDO,A,B,../../GraPPI_data/PDB/PDBbind_v2020/4hdo.pdb,8.786372395555384
4HDQ,"A, B",C,../../GraPPI_data/PDB/PDBbind_v2020/4hdq.pdb,8.20553819111724
4HEM,"A, B, C","E, F, G",../../GraPPI_data/PDB/PDBbind_v2020/4hem.pdb,10.908485255990529
4HEP,G,A,../../GraPPI_data/PDB/PDBbind_v2020/4hep.pdb,8.894340827438068
4HFF,A,B,../../GraPPI_data/PDB/PDBbind_v2020/4hff.pdb,13.049613268721338
4HGK,A,D,../../GraPPI_data/PDB/PDBbind_v2020/4hgk.pdb,13.255509126732134
4HGM,A,B,../../GraPPI_data/PDB/PDBbind_v2020/4hgm.pdb,10.630155278333627
4HH3,"A, B",C,../../GraPPI_data/PDB/PDBbind_v2020/4hh3.pdb,8.025995269660736
4HMY,"A, B, M, S",C,../../GraPPI_data/PDB/PDBbind_v2020/4hmy.pdb,6.40733062633015
4HNJ,"A, B",C,../../GraPPI_data/PDB/PDBbind_v2020/4hnj.pdb,11.621462141435702
4HRL,C,A,../../GraPPI_data/PDB/PDBbind_v2020/4hrl.pdb,12.272045912989343
4I0C,A,D,../../GraPPI_data/PDB/PDBbind_v2020/4i0c.pdb,8.641214094592874
4I6L,A,B,../../GraPPI_data/PDB/PDBbind_v2020/4i6l.pdb,10.498012597326598
4I9X,"A, B","C, D",../../GraPPI_data/PDB/PDBbind_v2020/4i9x.pdb,11.21495061372207
4IC7,A,B,../../GraPPI_data/PDB/PDBbind_v2020/4ic7.pdb,8.681151935513585
4IHH,"A, B, C","G, H, L",../../GraPPI_data/PDB/PDBbind_v2020/4ihh.pdb,9.857381780546906
4IHL,"A, B",P,../../GraPPI_data/PDB/PDBbind_v2020/4ihl.pdb,8.809861639549474
4IIQ,"A, B",C,../../GraPPI_data/PDB/PDBbind_v2020/4iiq.pdb,6.147801810925368
4IJ3,A,"B, C",../../GraPPI_data/PDB/PDBbind_v2020/4ij3.pdb,12.334439026880876
4IKA,A,D,../../GraPPI_data/PDB/PDBbind_v2020/4ika.pdb,5.7819500995882125
4ILG,A,"B, C",../../GraPPI_data/PDB/PDBbind_v2020/4ilg.pdb,11.330921692647657
4ILW,D,A,../../GraPPI_data/PDB/PDBbind_v2020/4ilw.pdb,11.231065536515377
4IMY,"A, B",G,../../GraPPI_data/PDB/PDBbind_v2020/4imy.pdb,10.908485255990529
4IOP,A,B,../../GraPPI_data/PDB/PDBbind_v2020/4iop.pdb,12.509203469287252
4IOS,"A, B, C","E, F, G",../../GraPPI_data/PDB/PDBbind_v2020/4ios.pdb,10.528387812734502
4IU3,A,B,../../GraPPI_data/PDB/PDBbind_v2020/4iu3.pdb,10.473933105682105
4IW4,"C, D","E, F",../../GraPPI_data/PDB/PDBbind_v2020/4iw4.pdb,8.47407973320366
4IYP,A,C,../../GraPPI_data/PDB/PDBbind_v2020/4iyp.pdb,8.894340827438068
4J2Y,A,B,../../GraPPI_data/PDB/PDBbind_v2020/4j2y.pdb,12.34774715702708
4J32,A,B,../../GraPPI_data/PDB/PDBbind_v2020/4j32.pdb,12.125858616339473
4J6G,"A, B","C, D",../../GraPPI_data/PDB/PDBbind_v2020/4j6g.pdb,10.61915458672246
4JB8,"A, B",P,../../GraPPI_data/PDB/PDBbind_v2020/4jb8.pdb,10.031098501693375
4JE4,A,B,../../GraPPI_data/PDB/PDBbind_v2020/4je4.pdb,10.709230815655163
4JEG,A,B,../../GraPPI_data/PDB/PDBbind_v2020/4jeg.pdb,10.800516824107843
4JEH,A,B,../../GraPPI_data/PDB/PDBbind_v2020/4jeh.pdb,11.03327148377359
4JMF,A,"B, C",../../GraPPI_data/PDB/PDBbind_v2020/4jmf.pdb,8.89830195838837
4JO6,"A, B, C, D","Y, Z",../../GraPPI_data/PDB/PDBbind_v2020/4jo6.pdb,12.020207944241648
4JRA,A,D,../../GraPPI_data/PDB/PDBbind_v2020/4jra.pdb,10.298758156991234
4JRX,"A, C","D, E",../../GraPPI_data/PDB/PDBbind_v2020/4jrx.pdb,7.3986374894322235
4JRY,"A, C","D, E",../../GraPPI_data/PDB/PDBbind_v2020/4jry.pdb,6.275187945323121
4JS0,A,B,../../GraPPI_data/PDB/PDBbind_v2020/4js0.pdb,7.228275943658009
4JW2,A,B,../../GraPPI_data/PDB/PDBbind_v2020/4jw2.pdb,11.497268396812691
4JW3,A,B,../../GraPPI_data/PDB/PDBbind_v2020/4jw3.pdb,7.961328882846787
4JZW,G,M,../../GraPPI_data/PDB/PDBbind_v2020/4jzw.pdb,14.743471349682316
4K0A,A,R,../../GraPPI_data/PDB/PDBbind_v2020/4k0a.pdb,13.287527025215763
4K1R,A,B,../../GraPPI_data/PDB/PDBbind_v2020/4k1r.pdb,6.8060764291360965
4K5A,A,B,../../GraPPI_data/PDB/PDBbind_v2020/4k5a.pdb,10.890980921437501
4K5B,A,D,../../GraPPI_data/PDB/PDBbind_v2020/4k5b.pdb,12.533561884753954
4K81,A,B,../../GraPPI_data/PDB/PDBbind_v2020/4k81.pdb,7.422811738556569
4K94,C,"H, L",../../GraPPI_data/PDB/PDBbind_v2020/4k94.pdb,12.545657245209439
4KA2,A,R,../../GraPPI_data/PDB/PDBbind_v2020/4ka2.pdb,15.102417013432856
4KBB,A,C,../../GraPPI_data/PDB/PDBbind_v2020/4kbb.pdb,9.196845054219313
4KDI,A,C,../../GraPPI_data/PDB/PDBbind_v2020/4kdi.pdb,8.384182205736602
4KGG,"A, B","C, D",../../GraPPI_data/PDB/PDBbind_v2020/4kgg.pdb,9.293086630244014
4KGQ,"A, B","C, D",../../GraPPI_data/PDB/PDBbind_v2020/4kgq.pdb,10.149933052554202
4KJY,A,B,../../GraPPI_data/PDB/PDBbind_v2020/4kjy.pdb,14.159281969871918
4KP3,"A, B","C, D, E, F",../../GraPPI_data/PDB/PDBbind_v2020/4kp3.pdb,8.894340827438068
4KR0,A,B,../../GraPPI_data/PDB/PDBbind_v2020/4kr0.pdb,10.60479783826807
4KT1,A,E,../../GraPPI_data/PDB/PDBbind_v2020/4kt1.pdb,9.883021580386915
4KT3,B,A,../../GraPPI_data/PDB/PDBbind_v2020/4kt3.pdb,13.069765238992073
4KT5,"A, B",C,../../GraPPI_data/PDB/PDBbind_v2020/4kt5.pdb,8.124922505023601
4KV5,"C, D","E, G",../../GraPPI_data/PDB/PDBbind_v2020/4kv5.pdb,11.957814830350117
4KVG,A,B,../../GraPPI_data/PDB/PDBbind_v2020/4kvg.pdb,8.39258216032146
4L67,A,B,../../GraPPI_data/PDB/PDBbind_v2020/4l67.pdb,8.856121962670883
4LAD,A,B,../../GraPPI_data/PDB/PDBbind_v2020/4lad.pdb,10.117915154070573
4LGP,A,B,../../GraPPI_data/PDB/PDBbind_v2020/4lgp.pdb,13.14236872425325
4LGR,A,B,../../GraPPI_data/PDB/PDBbind_v2020/4lgr.pdb,13.579165133018865
4LLO,B,A,../../GraPPI_data/PDB/PDBbind_v2020/4llo.pdb,6.653393416142101
4LN0,"A, B",C,../../GraPPI_data/PDB/PDBbind_v2020/4ln0.pdb,11.136869513022258
4LQW,D,A,../../GraPPI_data/PDB/PDBbind_v2020/4lqw.pdb,5.490884429595827
4LRZ,"A, B","F, H",../../GraPPI_data/PDB/PDBbind_v2020/4lrz.pdb,8.591836600656825
4LXR,A,"J, K",../../GraPPI_data/PDB/PDBbind_v2020/4lxr.pdb,11.220942437545723
4LYL,A,B,../../GraPPI_data/PDB/PDBbind_v2020/4lyl.pdb,10.238483781921815
4LZX,A,B,../../GraPPI_data/PDB/PDBbind_v2020/4lzx.pdb,11.310724796771385
4M0W,A,B,../../GraPPI_data/PDB/PDBbind_v2020/4m0w.pdb,7.054960841291989
4M1L,A,B,../../GraPPI_data/PDB/PDBbind_v2020/4m1l.pdb,9.196845054219313
4M38,"A, B","E, F",../../GraPPI_data/PDB/PDBbind_v2020/4m38.pdb,6.709834853111396
4M5F,A,B,../../GraPPI_data/PDB/PDBbind_v2020/4m5f.pdb,14.821449227988793
4M6B,A,C,../../GraPPI_data/PDB/PDBbind_v2020/4m6b.pdb,11.111303519734234
4MAY,"A, B","C, D",../../GraPPI_data/PDB/PDBbind_v2020/4may.pdb,5.32685649359751
4MI8,A,C,../../GraPPI_data/PDB/PDBbind_v2020/4mi8.pdb,7.990630323039231
4MIT,A,E,../../GraPPI_data/PDB/PDBbind_v2020/4mit.pdb,9.20346173611775
4MJS,A,B,../../GraPPI_data/PDB/PDBbind_v2020/4mjs.pdb,10.452437279335445
4ML7,A,B,../../GraPPI_data/PDB/PDBbind_v2020/4ml7.pdb,13.047415912326048
4MNE,"A, D","B, C",../../GraPPI_data/PDB/PDBbind_v2020/4mne.pdb,10.0447125925124
4MP0,A,B,../../GraPPI_data/PDB/PDBbind_v2020/4mp0.pdb,10.990954423625663
4MQV,A,B,../../GraPPI_data/PDB/PDBbind_v2020/4mqv.pdb,7.550856224182858
4MQW,"A, B",X,../../GraPPI_data/PDB/PDBbind_v2020/4mqw.pdb,13.005098852178122
4MRT,C,A,../../GraPPI_data/PDB/PDBbind_v2020/4mrt.pdb,8.230741435928945
4MSM,A,B,../../GraPPI_data/PDB/PDBbind_v2020/4msm.pdb,7.530780170439253
4N7V,"A, B",C,../../GraPPI_data/PDB/PDBbind_v2020/4n7v.pdb,10.2196826196697
4N7Z,A,B,../../GraPPI_data/PDB/PDBbind_v2020/4n7z.pdb,9.206798008993264
4NE9,"B, C",D,../../GraPPI_data/PDB/PDBbind_v2020/4ne9.pdb,8.08838838355227
4NEE,"B, D",C,../../GraPPI_data/PDB/PDBbind_v2020/4nee.pdb,7.833284397220498
4NG2,A,"E, F",../../GraPPI_data/PDB/PDBbind_v2020/4ng2.pdb,7.4925613056720675
4NIQ,A,C,../../GraPPI_data/PDB/PDBbind_v2020/4niq.pdb,7.228275943658009
4NL9,A,C,../../GraPPI_data/PDB/PDBbind_v2020/4nl9.pdb,9.004682756963348
4NM3,A,B,../../GraPPI_data/PDB/PDBbind_v2020/4nm3.pdb,5.756746854776509
4NN6,"A, C",B,../../GraPPI_data/PDB/PDBbind_v2020/4nn6.pdb,12.03193480009963
4NOO,A,B,../../GraPPI_data/PDB/PDBbind_v2020/4noo.pdb,11.328509522839628
4NQW,A,B,../../GraPPI_data/PDB/PDBbind_v2020/4nqw.pdb,8.695086387102705
4NSO,A,B,../../GraPPI_data/PDB/PDBbind_v2020/4nso.pdb,12.284009690982543
4NU1,A,B,../../GraPPI_data/PDB/PDBbind_v2020/4nu1.pdb,5.756746854776509
4NZL,A,B,../../GraPPI_data/PDB/PDBbind_v2020/4nzl.pdb,10.36586991631957
4O1Q,"A, B","C, D, E, F",../../GraPPI_data/PDB/PDBbind_v2020/4o1q.pdb,7.100889809260255
4OJK,"A, B","C, D",../../GraPPI_data/PDB/PDBbind_v2020/4ojk.pdb,6.3508891893608554
4OL0,A,B,../../GraPPI_data/PDB/PDBbind_v2020/4ol0.pdb,11.35559971625502
4ONS,A,B,../../GraPPI_data/PDB/PDBbind_v2020/4ons.pdb,10.637604267985484
4OQT,A,"H, L",../../GraPPI_data/PDB/PDBbind_v2020/4oqt.pdb,14.046079228652088
4OV6,"A, B",F,../../GraPPI_data/PDB/PDBbind_v2020/4ov6.pdb,12.0011649249843
4OVN,A,F,../../GraPPI_data/PDB/PDBbind_v2020/4ovn.pdb,10.00477475159169
4OYD,A,B,../../GraPPI_data/PDB/PDBbind_v2020/4oyd.pdb,13.168692474354936
4OZF,"G, H","A, B, J",../../GraPPI_data/PDB/PDBbind_v2020/4ozf.pdb,5.590843449523584
4OZH,"D, E","A, B, C",../../GraPPI_data/PDB/PDBbind_v2020/4ozh.pdb,6.279944491932397
4OZI,"D, E","A, B, C",../../GraPPI_data/PDB/PDBbind_v2020/4ozi.pdb,5.665460846323828
4P1N,"A, B","C, D",../../GraPPI_data/PDB/PDBbind_v2020/4p1n.pdb,8.786372395555384
4P2C,"A, B, C, D, E, F","G, H, I, J, K",../../GraPPI_data/PDB/PDBbind_v2020/4p2c.pdb,11.458549585313342
4P2O,"A, B, P","C, D",../../GraPPI_data/PDB/PDBbind_v2020/4p2o.pdb,8.181363941992895
4P2Q,"A, B, C","D, E",../../GraPPI_data/PDB/PDBbind_v2020/4p2q.pdb,8.181363941992895
4P2R,"A, B, C","D, E",../../GraPPI_data/PDB/PDBbind_v2020/4p2r.pdb,8.181363941992895
4P3Y,A,B,../../GraPPI_data/PDB/PDBbind_v2020/4p3y.pdb,9.320819510978652
4P46,"A, B","C, D",../../GraPPI_data/PDB/PDBbind_v2020/4p46.pdb,6.129000648673252
4P6I,"A, B","C, D, E, F",../../GraPPI_data/PDB/PDBbind_v2020/4p6i.pdb,8.914416881181673
4P9H,"C, G","H, L",../../GraPPI_data/PDB/PDBbind_v2020/4p9h.pdb,10.199668255271332
4PAS,A,B,../../GraPPI_data/PDB/PDBbind_v2020/4pas.pdb,9.405250027974045
4PBV,"A, B","C, D, E",../../GraPPI_data/PDB/PDBbind_v2020/4pbv.pdb,7.6629228514462815
4PBW,B,E,../../GraPPI_data/PDB/PDBbind_v2020/4pbw.pdb,8.53431943792565
4PBZ,A,B,../../GraPPI_data/PDB/PDBbind_v2020/4pbz.pdb,9.95539725765564
4PC0,A,C,../../GraPPI_data/PDB/PDBbind_v2020/4pc0.pdb,9.134451940327782
4PEQ,A,B,../../GraPPI_data/PDB/PDBbind_v2020/4peq.pdb,21.406497853317127
4PER,B,A,../../GraPPI_data/PDB/PDBbind_v2020/4per.pdb,20.453409854982237
4PJ2,A,D,../../GraPPI_data/PDB/PDBbind_v2020/4pj2.pdb,14.08272103025265
4PJ5,"G, H","A, B",../../GraPPI_data/PDB/PDBbind_v2020/4pj5.pdb,5.043769969331335
4PJ7,"G, H","A, B",../../GraPPI_data/PDB/PDBbind_v2020/4pj7.pdb,7.593173284330785
4PJ8,"C, D","A, B",../../GraPPI_data/PDB/PDBbind_v2020/4pj8.pdb,8.181363941992895
4PJ9,"C, D","A, B",../../GraPPI_data/PDB/PDBbind_v2020/4pj9.pdb,7.6629228514462815
4PJA,"E, F","A, B",../../GraPPI_data/PDB/PDBbind_v2020/4pja.pdb,7.331525730103889
4PJB,"E, F","A, B",../../GraPPI_data/PDB/PDBbind_v2020/4pjb.pdb,6.873652830990486
4PJC,"E, F","A, B",../../GraPPI_data/PDB/PDBbind_v2020/4pjc.pdb,7.331525730103889
4PJD,"E, F","A, B",../../GraPPI_data/PDB/PDBbind_v2020/4pjd.pdb,7.714449846359672
4PJE,"E, F","A, B",../../GraPPI_data/PDB/PDBbind_v2020/4pje.pdb,5.043769969331335
4PJF,"G, H","A, B",../../GraPPI_data/PDB/PDBbind_v2020/4pjf.pdb,6.069204036331703
4PJG,"G, H","A, B",../../GraPPI_data/PDB/PDBbind_v2020/4pjg.pdb,5.043769969331335
4PJH,"E, F","A, B",../../GraPPI_data/PDB/PDBbind_v2020/4pjh.pdb,5.043769969331335
4PJX,"E, F","A, B",../../GraPPI_data/PDB/PDBbind_v2020/4pjx.pdb,5.043769969331335
4PL8,"A, B",H,../../GraPPI_data/PDB/PDBbind_v2020/4pl8.pdb,8.856121962670883
4PLO,A,B,../../GraPPI_data/PDB/PDBbind_v2020/4plo.pdb,10.117915154070573
4PP8,"A, B","C, D",../../GraPPI_data/PDB/PDBbind_v2020/4pp8.pdb,8.608654396557203
4PQT,A,B,../../GraPPI_data/PDB/PDBbind_v2020/4pqt.pdb,8.124922505023601
4PVZ,A,C,../../GraPPI_data/PDB/PDBbind_v2020/4pvz.pdb,10.313751030433291
4PW9,A,B,../../GraPPI_data/PDB/PDBbind_v2020/4pw9.pdb,6.640085285995897
4PZ6,A,Q,../../GraPPI_data/PDB/PDBbind_v2020/4pz6.pdb,9.105559045766634
4Q5E,A,"B, C",../../GraPPI_data/PDB/PDBbind_v2020/4q5e.pdb,8.503944222517745
4Q5U,A,C,../../GraPPI_data/PDB/PDBbind_v2020/4q5u.pdb,16.36272788398579
4Q96,"A, B, D, E","C, F",../../GraPPI_data/PDB/PDBbind_v2020/4q96.pdb,5.376649411520483
4QD2,"C, D","A, B, E",../../GraPPI_data/PDB/PDBbind_v2020/4qd2.pdb,7.593173284330785
4QLB,"A, C","E, G",../../GraPPI_data/PDB/PDBbind_v2020/4qlb.pdb,7.903033964335996
4QLP,A,B,../../GraPPI_data/PDB/PDBbind_v2020/4qlp.pdb,13.14236872425325
4QNP,"A, B","E, F, H, L",../../GraPPI_data/PDB/PDBbind_v2020/4qnp.pdb,9.575299814399614
4QRP,"A, B, C","D, E",../../GraPPI_data/PDB/PDBbind_v2020/4qrp.pdb,7.643505148931213
4QT8,A,C,../../GraPPI_data/PDB/PDBbind_v2020/4qt8.pdb,8.935197499992418
4QXA,A,B,../../GraPPI_data/PDB/PDBbind_v2020/4qxa.pdb,8.856121962670883
4QZV,B,A,../../GraPPI_data/PDB/PDBbind_v2020/4qzv.pdb,6.0642066491297735
4R8G,E,"A, B, H",../../GraPPI_data/PDB/PDBbind_v2020/4r8g.pdb,8.603800378650023
4RE1,A,D,../../GraPPI_data/PDB/PDBbind_v2020/4re1.pdb,8.073395510110212
4REY,A,B,../../GraPPI_data/PDB/PDBbind_v2020/4rey.pdb,9.499349281000558
4RJF,A,B,../../GraPPI_data/PDB/PDBbind_v2020/4rjf.pdb,9.002309259320754
4RT6,A,B,../../GraPPI_data/PDB/PDBbind_v2020/4rt6.pdb,10.74407538713855
4RWT,A,D,../../GraPPI_data/PDB/PDBbind_v2020/4rwt.pdb,9.051686753256803
4S0S,A,D,../../GraPPI_data/PDB/PDBbind_v2020/4s0s.pdb,10.830892039515746
4S3O,D,"E, F",../../GraPPI_data/PDB/PDBbind_v2020/4s3o.pdb,7.1105190762048425
4THN,"H, L",I,../../GraPPI_data/PDB/PDBbind_v2020/4thn.pdb,13.69799968387969
4TQ0,A,B,../../GraPPI_data/PDB/PDBbind_v2020/4tq0.pdb,7.037542324704344
4TQ1,A,B,../../GraPPI_data/PDB/PDBbind_v2020/4tq1.pdb,4.712372847988941
4U0Q,A,B,../../GraPPI_data/PDB/PDBbind_v2020/4u0q.pdb,8.124922505023601
4U2X,A,D,../../GraPPI_data/PDB/PDBbind_v2020/4u2x.pdb,12.272045912989343
4U30,A,X,../../GraPPI_data/PDB/PDBbind_v2020/4u30.pdb,9.354190980038046
4U32,A,X,../../GraPPI_data/PDB/PDBbind_v2020/4u32.pdb,8.755914937682372
4U3J,"A, B",C,../../GraPPI_data/PDB/PDBbind_v2020/4u3j.pdb,9.26659462133481
4U4C,A,B,../../GraPPI_data/PDB/PDBbind_v2020/4u4c.pdb,8.874923124923
4U5W,"A, C","B, D",../../GraPPI_data/PDB/PDBbind_v2020/4u5w.pdb,7.608728805671772
4U97,A,B,../../GraPPI_data/PDB/PDBbind_v2020/4u97.pdb,7.638748602321938
4UDM,A,B,../../GraPPI_data/PDB/PDBbind_v2020/4udm.pdb,11.451100595661485
4UEM,A,B,../../GraPPI_data/PDB/PDBbind_v2020/4uem.pdb,11.172770618004586
4UF1,B,A,../../GraPPI_data/PDB/PDBbind_v2020/4uf1.pdb,7.030715887508845
4UI0,"A, B",C,../../GraPPI_data/PDB/PDBbind_v2020/4ui0.pdb,9.620625843029446
4UI1,A,D,../../GraPPI_data/PDB/PDBbind_v2020/4ui1.pdb,9.417538464593958
4UUZ,"A, B",C,../../GraPPI_data/PDB/PDBbind_v2020/4uuz.pdb,9.026483508445098
4UWX,A,C,../../GraPPI_data/PDB/PDBbind_v2020/4uwx.pdb,7.037542324704344
4V0N,C,D,../../GraPPI_data/PDB/PDBbind_v2020/4v0n.pdb,8.80644844929899
4V0O,C,D,../../GraPPI_data/PDB/PDBbind_v2020/4v0o.pdb,8.80644844929899
4V2C,C,D,../../GraPPI_data/PDB/PDBbind_v2020/4v2c.pdb,6.469723740221682
4W4L,"A, B",C,../../GraPPI_data/PDB/PDBbind_v2020/4w4l.pdb,12.116677240657186
4W4O,"A, B",C,../../GraPPI_data/PDB/PDBbind_v2020/4w4o.pdb,11.422207701100335
4W6X,A,B,../../GraPPI_data/PDB/PDBbind_v2020/4w6x.pdb,11.290065020093307
4WFD,"A, B",C,../../GraPPI_data/PDB/PDBbind_v2020/4wfd.pdb,8.025995269660736
4WNN,"C, D",T,../../GraPPI_data/PDB/PDBbind_v2020/4wnn.pdb,8.313506622999926
4WO4,"A, B","C, D",../../GraPPI_data/PDB/PDBbind_v2020/4wo4.pdb,9.790987388803662
4WW2,"A, B","C, F",../../GraPPI_data/PDB/PDBbind_v2020/4ww2.pdb,7.375411498107095
4WWI,A,D,../../GraPPI_data/PDB/PDBbind_v2020/4wwi.pdb,10.66053049374153
4WWK,"A, B","C, D",../../GraPPI_data/PDB/PDBbind_v2020/4wwk.pdb,7.360418624665037
4X33,B,A,../../GraPPI_data/PDB/PDBbind_v2020/4x33.pdb,9.002309259320754
4X7S,H,L,../../GraPPI_data/PDB/PDBbind_v2020/4x7s.pdb,10.908485255990529
4XHJ,"A, B","C, D",../../GraPPI_data/PDB/PDBbind_v2020/4xhj.pdb,13.243171454039105
4XHU,D,C,../../GraPPI_data/PDB/PDBbind_v2020/4xhu.pdb,10.34264392499444
4XKH,E,"A, F",../../GraPPI_data/PDB/PDBbind_v2020/4xkh.pdb,8.218005743593459
4XKL,B,A,../../GraPPI_data/PDB/PDBbind_v2020/4xkl.pdb,6.010334356619943
4XL1,A,B,../../GraPPI_data/PDB/PDBbind_v2020/4xl1.pdb,8.886497178078786
4XL5,A,C,../../GraPPI_data/PDB/PDBbind_v2020/4xl5.pdb,12.072791472653979
4XLW,A,B,../../GraPPI_data/PDB/PDBbind_v2020/4xlw.pdb,8.974545415376307
4XOI,A,B,../../GraPPI_data/PDB/PDBbind_v2020/4xoi.pdb,7.004170855644951
4XVP,A,D,../../GraPPI_data/PDB/PDBbind_v2020/4xvp.pdb,11.422207701100335
4XWJ,B,A,../../GraPPI_data/PDB/PDBbind_v2020/4xwj.pdb,11.387967710444425
4XXB,A,B,../../GraPPI_data/PDB/PDBbind_v2020/4xxb.pdb,7.949201765487202
4XXW,B,C,../../GraPPI_data/PDB/PDBbind_v2020/4xxw.pdb,7.214231328015167
4Y5O,A,B,../../GraPPI_data/PDB/PDBbind_v2020/4y5o.pdb,7.982109501657531
4YC7,A,B,../../GraPPI_data/PDB/PDBbind_v2020/4yc7.pdb,7.804391502659349
4YDH,"A, C","B, D",../../GraPPI_data/PDB/PDBbind_v2020/4ydh.pdb,7.627021746463955
4YIQ,A,B,../../GraPPI_data/PDB/PDBbind_v2020/4yiq.pdb,7.770891283328966
4YIZ,B,A,../../GraPPI_data/PDB/PDBbind_v2020/4yiz.pdb,11.040627936997558
4YJ4,A,B,../../GraPPI_data/PDB/PDBbind_v2020/4yj4.pdb,10.914436932912764
4YL8,A,B,../../GraPPI_data/PDB/PDBbind_v2020/4yl8.pdb,7.182700625666856
4YN0,A,B,../../GraPPI_data/PDB/PDBbind_v2020/4yn0.pdb,9.641166175016414
4YOC,A,C,../../GraPPI_data/PDB/PDBbind_v2020/4yoc.pdb,8.48386816877414
4YPI,A,E,../../GraPPI_data/PDB/PDBbind_v2020/4ypi.pdb,10.516050140041472
4YVQ,A,C,../../GraPPI_data/PDB/PDBbind_v2020/4yvq.pdb,7.762074442511421
4YYP,A,B,../../GraPPI_data/PDB/PDBbind_v2020/4yyp.pdb,8.935197499992418
4Z2M,B,"G, H, I, J",../../GraPPI_data/PDB/PDBbind_v2020/4z2m.pdb,7.767937726737163
4Z80,A,C,../../GraPPI_data/PDB/PDBbind_v2020/4z80.pdb,10.800516824107843
4Z8L,"A, B",C,../../GraPPI_data/PDB/PDBbind_v2020/4z8l.pdb,9.230693516352485
4Z9V,"A, B","C, D, E, F, G, H",../../GraPPI_data/PDB/PDBbind_v2020/4z9v.pdb,6.709834853111396
4ZAK,"A, B","C, D",../../GraPPI_data/PDB/PDBbind_v2020/4zak.pdb,9.888285498327305
4ZGQ,A,B,../../GraPPI_data/PDB/PDBbind_v2020/4zgq.pdb,7.638748602321938
4ZGY,A,B,../../GraPPI_data/PDB/PDBbind_v2020/4zgy.pdb,8.39258216032146
4ZI2,A,C,../../GraPPI_data/PDB/PDBbind_v2020/4zi2.pdb,8.695086387102705
4ZI3,"A, B","C, D",../../GraPPI_data/PDB/PDBbind_v2020/4zi3.pdb,8.695086387102705
4ZK9,A,B,../../GraPPI_data/PDB/PDBbind_v2020/4zk9.pdb,13.117165479441544
4ZKC,A,B,../../GraPPI_data/PDB/PDBbind_v2020/4zkc.pdb,13.168692474354936
4ZLT,B,F,../../GraPPI_data/PDB/PDBbind_v2020/4zlt.pdb,12.072791472653979
4ZQU,A,B,../../GraPPI_data/PDB/PDBbind_v2020/4zqu.pdb,10.630155278333627
4ZRJ,A,B,../../GraPPI_data/PDB/PDBbind_v2020/4zrj.pdb,7.550856224182858
4ZRK,A,E,../../GraPPI_data/PDB/PDBbind_v2020/4zrk.pdb,8.181363941992895
4ZRP,A,C,../../GraPPI_data/PDB/PDBbind_v2020/4zrp.pdb,11.923966368216945
4ZV4,A,C,../../GraPPI_data/PDB/PDBbind_v2020/4zv4.pdb,10.415247410255619
4ZW2,A,B,../../GraPPI_data/PDB/PDBbind_v2020/4zw2.pdb,11.330921692647657
5A3I,"A, B","C, D",../../GraPPI_data/PDB/PDBbind_v2020/5a3i.pdb,10.149933052554202
5A6W,"A, B",C,../../GraPPI_data/PDB/PDBbind_v2020/5a6w.pdb,10.238483781921815
5ABV,A,B,../../GraPPI_data/PDB/PDBbind_v2020/5abv.pdb,12.659292580328145
5AJJ,A,B,../../GraPPI_data/PDB/PDBbind_v2020/5ajj.pdb,7.488871655922622
5AJK,"A, C","B, D",../../GraPPI_data/PDB/PDBbind_v2020/5ajk.pdb,7.606481414476988
5AOQ,"A, B","L, M",../../GraPPI_data/PDB/PDBbind_v2020/5aoq.pdb,11.436477954722312
5AYR,A,B,../../GraPPI_data/PDB/PDBbind_v2020/5ayr.pdb,11.873839245578083
5AYS,A,C,../../GraPPI_data/PDB/PDBbind_v2020/5ays.pdb,12.673118582714675
5B3H,"A, B",C,../../GraPPI_data/PDB/PDBbind_v2020/5b3h.pdb,9.418494375808907
5B64,A,B,../../GraPPI_data/PDB/PDBbind_v2020/5b64.pdb,9.756142817320276
5B75,A,B,../../GraPPI_data/PDB/PDBbind_v2020/5b75.pdb,6.8178032849940795
5B76,A,B,../../GraPPI_data/PDB/PDBbind_v2020/5b76.pdb,7.1403835655189285
5B77,A,B,../../GraPPI_data/PDB/PDBbind_v2020/5b77.pdb,6.772227967002927
5B78,A,B,../../GraPPI_data/PDB/PDBbind_v2020/5b78.pdb,7.80753308492953
5BN5,A,B,../../GraPPI_data/PDB/PDBbind_v2020/5bn5.pdb,6.761361848024785
5BNQ,A,R,../../GraPPI_data/PDB/PDBbind_v2020/5bnq.pdb,13.372269465773318
5BQE,"A, B",C,../../GraPPI_data/PDB/PDBbind_v2020/5bqe.pdb,8.124922505023601
5BRM,"A, F","G, L, M",../../GraPPI_data/PDB/PDBbind_v2020/5brm.pdb,9.441911734681048
5BT1,"A, B","C, D",../../GraPPI_data/PDB/PDBbind_v2020/5bt1.pdb,8.291705871518174
5BW7,"A, B",C,../../GraPPI_data/PDB/PDBbind_v2020/5bw7.pdb,9.928764621063909
5BW8,"A, B","C, D",../../GraPPI_data/PDB/PDBbind_v2020/5bw8.pdb,8.546261282665672
5C07,"D, E","A, B, C",../../GraPPI_data/PDB/PDBbind_v2020/5c07.pdb,6.996113767152314
5C08,"D, E","A, B, C",../../GraPPI_data/PDB/PDBbind_v2020/5c08.pdb,6.964938839443167
5C09,"D, E","A, B, C",../../GraPPI_data/PDB/PDBbind_v2020/5c09.pdb,4.633297310667405
5C0A,"D, E","A, B, C",../../GraPPI_data/PDB/PDBbind_v2020/5c0a.pdb,4.393186197777693
5C0B,"D, E","A, B, C",../../GraPPI_data/PDB/PDBbind_v2020/5c0b.pdb,8.591836600656825
5C0C,"I, J","A, B, C",../../GraPPI_data/PDB/PDBbind_v2020/5c0c.pdb,5.935057336934744
5C4V,A,B,../../GraPPI_data/PDB/PDBbind_v2020/5c4v.pdb,8.124922505023601
5C67,"A, B","C, E",../../GraPPI_data/PDB/PDBbind_v2020/5c67.pdb,13.704616365778127
5CFF,"A, C","F, H",../../GraPPI_data/PDB/PDBbind_v2020/5cff.pdb,8.141297378787344
5CHV,A,C,../../GraPPI_data/PDB/PDBbind_v2020/5chv.pdb,7.945213960053482
5CJS,"J, K","E, F",../../GraPPI_data/PDB/PDBbind_v2020/5cjs.pdb,10.938860471398431
5CMN,A,E,../../GraPPI_data/PDB/PDBbind_v2020/5cmn.pdb,9.078010503358488
5CTR,A,C,../../GraPPI_data/PDB/PDBbind_v2020/5ctr.pdb,8.25706518603063
5CW7,A,B,../../GraPPI_data/PDB/PDBbind_v2020/5cw7.pdb,17.11656144198531
5CX3,"B, D","F, H",../../GraPPI_data/PDB/PDBbind_v2020/5cx3.pdb,8.546261282665672
5CZF,B,C,../../GraPPI_data/PDB/PDBbind_v2020/5czf.pdb,13.635606569988159
5D1K,A,B,../../GraPPI_data/PDB/PDBbind_v2020/5d1k.pdb,9.196845054219313
5D1L,A,B,../../GraPPI_data/PDB/PDBbind_v2020/5d1l.pdb,9.34145528770256
5D1M,A,B,../../GraPPI_data/PDB/PDBbind_v2020/5d1m.pdb,9.828011123257886
5D1Z,"C, D",I,../../GraPPI_data/PDB/PDBbind_v2020/5d1z.pdb,16.36272788398579
5D28,"A, D","B, C",../../GraPPI_data/PDB/PDBbind_v2020/5d28.pdb,10.320294598328417
5D2L,"I, J, Q","A, B",../../GraPPI_data/PDB/PDBbind_v2020/5d2l.pdb,7.216549087800026
5D2N,"D, E","A, C",../../GraPPI_data/PDB/PDBbind_v2020/5d2n.pdb,7.264917745258572
5D3F,"A, B",C,../../GraPPI_data/PDB/PDBbind_v2020/5d3f.pdb,6.946256316251664
5D3I,A,B,../../GraPPI_data/PDB/PDBbind_v2020/5d3i.pdb,12.574550139770588
5D50,"A, B, C, D","E, F, G, H",../../GraPPI_data/PDB/PDBbind_v2020/5d50.pdb,7.615522610996808
5D5M,"A, B","G, H",../../GraPPI_data/PDB/PDBbind_v2020/5d5m.pdb,8.39258216032146
5D7I,"A, B","G, H",../../GraPPI_data/PDB/PDBbind_v2020/5d7i.pdb,5.576111673184204
5D7J,"E, F","A, B",../../GraPPI_data/PDB/PDBbind_v2020/5d7j.pdb,7.530780170439253
5D7L,"A, B","G, H",../../GraPPI_data/PDB/PDBbind_v2020/5d7l.pdb,6.794577293668952
5D93,A,"B, C",../../GraPPI_data/PDB/PDBbind_v2020/5d93.pdb,10.630155278333627
5D96,D,"I, J",../../GraPPI_data/PDB/PDBbind_v2020/5d96.pdb,11.80513181735612
5DC4,A,B,../../GraPPI_data/PDB/PDBbind_v2020/5dc4.pdb,10.166615475984205
5DCQ,C,F,../../GraPPI_data/PDB/PDBbind_v2020/5dcq.pdb,9.196845054219313
5DH9,D,"A, B, C",../../GraPPI_data/PDB/PDBbind_v2020/5dh9.pdb,10.133707739813877
5DHA,D,"A, B, C",../../GraPPI_data/PDB/PDBbind_v2020/5dha.pdb,8.328499496441982
5DI9,D,"A, B, C",../../GraPPI_data/PDB/PDBbind_v2020/5di9.pdb,7.6629228514462815
5DJT,A,B,../../GraPPI_data/PDB/PDBbind_v2020/5djt.pdb,10.594254173351299
5DJU,A,B,../../GraPPI_data/PDB/PDBbind_v2020/5dju.pdb,10.830892039515746
5DOB,A,B,../../GraPPI_data/PDB/PDBbind_v2020/5dob.pdb,8.181363941992895
5E3E,A,B,../../GraPPI_data/PDB/PDBbind_v2020/5e3e.pdb,10.074363420222546
5E4E,A,"B, C",../../GraPPI_data/PDB/PDBbind_v2020/5e4e.pdb,13.738856356434038
5E6J,A,"B, C",../../GraPPI_data/PDB/PDBbind_v2020/5e6j.pdb,6.706390466098559
5E95,A,B,../../GraPPI_data/PDB/PDBbind_v2020/5e95.pdb,10.641364197245553
5EB1,"A, C","B, D",../../GraPPI_data/PDB/PDBbind_v2020/5eb1.pdb,9.345670158656347
5EDV,A,"C, E, G",../../GraPPI_data/PDB/PDBbind_v2020/5edv.pdb,7.903033964335996
5EE4,A,"C, D",../../GraPPI_data/PDB/PDBbind_v2020/5ee4.pdb,7.1105190762048425
5EE5,A,B,../../GraPPI_data/PDB/PDBbind_v2020/5ee5.pdb,6.251961953997993
5EG3,A,B,../../GraPPI_data/PDB/PDBbind_v2020/5eg3.pdb,9.36720659999353
5EIB,"C, D, E",F,../../GraPPI_data/PDB/PDBbind_v2020/5eib.pdb,7.252450192782354
5EJC,A,"E, F",../../GraPPI_data/PDB/PDBbind_v2020/5ejc.pdb,9.143402038182847
5ELU,A,B,../../GraPPI_data/PDB/PDBbind_v2020/5elu.pdb,8.703607208484405
5EO9,A,B,../../GraPPI_data/PDB/PDBbind_v2020/5eo9.pdb,8.77014708281506
5EOA,"A, B","C, D",../../GraPPI_data/PDB/PDBbind_v2020/5eoa.pdb,9.544924598991711
5EOF,"A, B","C, D",../../GraPPI_data/PDB/PDBbind_v2020/5eof.pdb,7.390793840072942
5EP6,A,B,../../GraPPI_data/PDB/PDBbind_v2020/5ep6.pdb,8.375899736891457
5EQL,A,B,../../GraPPI_data/PDB/PDBbind_v2020/5eql.pdb,9.773308856023442
5ET1,A,C,../../GraPPI_data/PDB/PDBbind_v2020/5et1.pdb,9.504858035786159
5EU6,"D, E","A, B, C",../../GraPPI_data/PDB/PDBbind_v2020/5eu6.pdb,7.091414617214175
5EYP,"A, B",F,../../GraPPI_data/PDB/PDBbind_v2020/5eyp.pdb,12.389565953057199
5EZO,"H, L",A,../../GraPPI_data/PDB/PDBbind_v2020/5ezo.pdb,12.272045912989343
5F1B,"A, B",C,../../GraPPI_data/PDB/PDBbind_v2020/5f1b.pdb,5.1833616399902205
5F3X,A,B,../../GraPPI_data/PDB/PDBbind_v2020/5f3x.pdb,11.600137233184917
5F5O,A,B,../../GraPPI_data/PDB/PDBbind_v2020/5f5o.pdb,9.259238168110844
5F5S,A,B,../../GraPPI_data/PDB/PDBbind_v2020/5f5s.pdb,10.441571160357304
5F6K,"A, B, D, F","C, E",../../GraPPI_data/PDB/PDBbind_v2020/5f6k.pdb,9.389555926659554
5FFO,"A, B, E, F","C, D, G, H",../../GraPPI_data/PDB/PDBbind_v2020/5ffo.pdb,11.026005296058385
5FO8,"A, B",C,../../GraPPI_data/PDB/PDBbind_v2020/5fo8.pdb,8.80305481898539
5FO9,"D, E",F,../../GraPPI_data/PDB/PDBbind_v2020/5fo9.pdb,7.8012664987368705
5FOA,"A, B",E,../../GraPPI_data/PDB/PDBbind_v2020/5foa.pdb,7.1105190762048425
5FOB,"A, B",C,../../GraPPI_data/PDB/PDBbind_v2020/5fob.pdb,8.025995269660736
5FQD,"A, B",C,../../GraPPI_data/PDB/PDBbind_v2020/5fqd.pdb,9.078010503358488
5FR1,A,B,../../GraPPI_data/PDB/PDBbind_v2020/5fr1.pdb,7.474338733469958
5FR2,A,B,../../GraPPI_data/PDB/PDBbind_v2020/5fr2.pdb,9.34145528770256
5FT8,"A, C","B, D",../../GraPPI_data/PDB/PDBbind_v2020/5ft8.pdb,9.451949040551085
5FUG,"A, B",C,../../GraPPI_data/PDB/PDBbind_v2020/5fug.pdb,11.39465915869219
5FVK,A,C,../../GraPPI_data/PDB/PDBbind_v2020/5fvk.pdb,7.833284397220498
5FW5,"A, B",C,../../GraPPI_data/PDB/PDBbind_v2020/5fw5.pdb,9.67706727999874
5FZT,A,B,../../GraPPI_data/PDB/PDBbind_v2020/5fzt.pdb,5.888889535783537
5G1X,A,B,../../GraPPI_data/PDB/PDBbind_v2020/5g1x.pdb,6.7049204110554905
5GIM,"A, B","C, D",../../GraPPI_data/PDB/PDBbind_v2020/5gim.pdb,12.63148527153219
5GJK,A,B,../../GraPPI_data/PDB/PDBbind_v2020/5gjk.pdb,9.436956167109027
5GLH,A,B,../../GraPPI_data/PDB/PDBbind_v2020/5glh.pdb,14.568322495143597
5GTB,A,B,../../GraPPI_data/PDB/PDBbind_v2020/5gtb.pdb,5.914092780595242
5GVI,A,"B, C",../../GraPPI_data/PDB/PDBbind_v2020/5gvi.pdb,7.714449846359672
5GWO,"A, B","C, D",../../GraPPI_data/PDB/PDBbind_v2020/5gwo.pdb,10.257901484436886
5GWP,"A, B","C, D",../../GraPPI_data/PDB/PDBbind_v2020/5gwp.pdb,11.832680359764266
5GZN,"B, G","C, D",../../GraPPI_data/PDB/PDBbind_v2020/5gzn.pdb,7.183798284681913
5H07,A,"C, D",../../GraPPI_data/PDB/PDBbind_v2020/5h07.pdb,7.567421972039816
5H3J,A,B,../../GraPPI_data/PDB/PDBbind_v2020/5h3j.pdb,8.9567339413296
5H6Q,"A, B",C,../../GraPPI_data/PDB/PDBbind_v2020/5h6q.pdb,9.847428825772955
5H6R,"A, B",C,../../GraPPI_data/PDB/PDBbind_v2020/5h6r.pdb,7.091414617214175
5H7Y,A,B,../../GraPPI_data/PDB/PDBbind_v2020/5h7y.pdb,9.412781917984683
5HHM,"F, G","I, J",../../GraPPI_data/PDB/PDBbind_v2020/5hhm.pdb,5.043769969331335
5HHO,"A, B, C","D, E",../../GraPPI_data/PDB/PDBbind_v2020/5hho.pdb,5.043769969331335
5HK5,"E, F, G, H","A, B, C, D",../../GraPPI_data/PDB/PDBbind_v2020/5hk5.pdb,9.320819510978652
5HLZ,"A, C","B, D",../../GraPPI_data/PDB/PDBbind_v2020/5hlz.pdb,11.318957914654456
5HPK,A,B,../../GraPPI_data/PDB/PDBbind_v2020/5hpk.pdb,10.926522798705403
5HPS,A,B,../../GraPPI_data/PDB/PDBbind_v2020/5hps.pdb,8.850779441071007
5HPY,A,B,../../GraPPI_data/PDB/PDBbind_v2020/5hpy.pdb,9.389555926659554
5HXB,A,C,../../GraPPI_data/PDB/PDBbind_v2020/5hxb.pdb,8.808152585350042
5HYC,"A, B",C,../../GraPPI_data/PDB/PDBbind_v2020/5hyc.pdb,6.569848522745084
5IBL,"A, B","H, L",../../GraPPI_data/PDB/PDBbind_v2020/5ibl.pdb,7.422811738556569
5IBW,"A, B",C,../../GraPPI_data/PDB/PDBbind_v2020/5ibw.pdb,13.092991230317201
5IFS,"A, C","B, D",../../GraPPI_data/PDB/PDBbind_v2020/5ifs.pdb,13.22513391132423
5IIA,"A, C","B, D",../../GraPPI_data/PDB/PDBbind_v2020/5iia.pdb,11.9206855461462
5IJ0,A,B,../../GraPPI_data/PDB/PDBbind_v2020/5ij0.pdb,6.957394955652965
5IJ9,A,B,../../GraPPI_data/PDB/PDBbind_v2020/5ij9.pdb,6.64448818262806
5IMT,A,D,../../GraPPI_data/PDB/PDBbind_v2020/5imt.pdb,8.774968169435196
5IMY,"A, B","C, D",../../GraPPI_data/PDB/PDBbind_v2020/5imy.pdb,8.329259197468655
5INB,A,B,../../GraPPI_data/PDB/PDBbind_v2020/5inb.pdb,9.422333526169854
5IOH,A,B,../../GraPPI_data/PDB/PDBbind_v2020/5ioh.pdb,8.330019874347911
5ITZ,D,"A, B, F",../../GraPPI_data/PDB/PDBbind_v2020/5itz.pdb,9.715286144765926
5IUS,A,C,../../GraPPI_data/PDB/PDBbind_v2020/5ius.pdb,13.494063900042534
5IVX,"E, F","A, B, P",../../GraPPI_data/PDB/PDBbind_v2020/5ivx.pdb,8.546261282665672
5IXD,A,B,../../GraPPI_data/PDB/PDBbind_v2020/5ixd.pdb,9.75192794636649
5J11,"A, C",B,../../GraPPI_data/PDB/PDBbind_v2020/5j11.pdb,10.277977538180489
5J28,A,C,../../GraPPI_data/PDB/PDBbind_v2020/5j28.pdb,9.155549887110258
5J3D,"H, L","J, K",../../GraPPI_data/PDB/PDBbind_v2020/5j3d.pdb,12.085619126612302
5J4A,"A, C","B, D",../../GraPPI_data/PDB/PDBbind_v2020/5j4a.pdb,9.73946039389027
5J7C,"A, B","C, D",../../GraPPI_data/PDB/PDBbind_v2020/5j7c.pdb,13.199067689762838
5J8H,A,B,../../GraPPI_data/PDB/PDBbind_v2020/5j8h.pdb,9.293086630244014
5JDO,A,"D, E",../../GraPPI_data/PDB/PDBbind_v2020/5jdo.pdb,11.621462141435702
5JEM,"C, D","A, B",../../GraPPI_data/PDB/PDBbind_v2020/5jem.pdb,7.118336838179404
5JG6,A,B,../../GraPPI_data/PDB/PDBbind_v2020/5jg6.pdb,7.903033964335996
5JH5,"C, D","A, B",../../GraPPI_data/PDB/PDBbind_v2020/5jh5.pdb,7.571636842993602
5JHF,"G, H, I, J","C, F",../../GraPPI_data/PDB/PDBbind_v2020/5jhf.pdb,7.770891283328966
5JKE,A,B,../../GraPPI_data/PDB/PDBbind_v2020/5jke.pdb,9.600774144988119
5JLV,A,C,../../GraPPI_data/PDB/PDBbind_v2020/5jlv.pdb,10.668374143100813
5JMC,A,B,../../GraPPI_data/PDB/PDBbind_v2020/5jmc.pdb,9.634239933848473
5JSB,A,B,../../GraPPI_data/PDB/PDBbind_v2020/5jsb.pdb,9.304813486101997
5JSN,A,B,../../GraPPI_data/PDB/PDBbind_v2020/5jsn.pdb,8.313506622999926
5JTL,"A, B, C, D",E,../../GraPPI_data/PDB/PDBbind_v2020/5jtl.pdb,8.591836600656825
5JTM,"A, B, C, D","E, F, G, H",../../GraPPI_data/PDB/PDBbind_v2020/5jtm.pdb,6.577692172104367
5JTN,"A, B, C, D","E, F",../../GraPPI_data/PDB/PDBbind_v2020/5jtn.pdb,6.949945966001108
5JTO,"A, B, C, D","E, F, G, H",../../GraPPI_data/PDB/PDBbind_v2020/5jto.pdb,6.761361848024785
5JTP,"A, B, C, D","E, F, G, H",../../GraPPI_data/PDB/PDBbind_v2020/5jtp.pdb,5.996857967666222
5JTQ,"A, B, C, D","E, F",../../GraPPI_data/PDB/PDBbind_v2020/5jtq.pdb,7.360418624665037
5JTR,"A, B, C, D","E, F, G, H",../../GraPPI_data/PDB/PDBbind_v2020/5jtr.pdb,7.638748602321938
5JW7,A,B,../../GraPPI_data/PDB/PDBbind_v2020/5jw7.pdb,6.874303943611413
5JW9,A,B,../../GraPPI_data/PDB/PDBbind_v2020/5jw9.pdb,9.634239933848473
5JZE,A,B,../../GraPPI_data/PDB/PDBbind_v2020/5jze.pdb,6.989746105056516
5K22,A,B,../../GraPPI_data/PDB/PDBbind_v2020/5k22.pdb,10.36586991631957
5K8Q,A,B,../../GraPPI_data/PDB/PDBbind_v2020/5k8q.pdb,12.334439026880876
5KHO,C,A,../../GraPPI_data/PDB/PDBbind_v2020/5kho.pdb,8.243757055884426
5KNM,"A, B, N",D,../../GraPPI_data/PDB/PDBbind_v2020/5knm.pdb,7.770891283328966
5KS9,"E, F","C, D, I",../../GraPPI_data/PDB/PDBbind_v2020/5ks9.pdb,7.571636842993602
5KSA,"C, D","A, B, J",../../GraPPI_data/PDB/PDBbind_v2020/5ksa.pdb,7.264917745258572
5KSB,"E, F","C, D",../../GraPPI_data/PDB/PDBbind_v2020/5ksb.pdb,7.770891283328966
5KWY,"A, B","C, D",../../GraPPI_data/PDB/PDBbind_v2020/5kwy.pdb,8.682530718136617
5KXH,A,B,../../GraPPI_data/PDB/PDBbind_v2020/5kxh.pdb,8.603800378650023
5KY0,A,B,../../GraPPI_data/PDB/PDBbind_v2020/5ky0.pdb,7.0729072713258505
5KY4,A,B,../../GraPPI_data/PDB/PDBbind_v2020/5ky4.pdb,6.8178032849940795
5KY5,A,B,../../GraPPI_data/PDB/PDBbind_v2020/5ky5.pdb,8.320955612651781
5KY9,A,B,../../GraPPI_data/PDB/PDBbind_v2020/5ky9.pdb,7.130260466549275
5L2K,"D, E","A, B",../../GraPPI_data/PDB/PDBbind_v2020/5l2k.pdb,8.098598754921916
5L6N,"H, L",I,../../GraPPI_data/PDB/PDBbind_v2020/5l6n.pdb,11.611673705865218
5L8J,A,B,../../GraPPI_data/PDB/PDBbind_v2020/5l8j.pdb,7.770891283328966
5LGK,"A, B",E,../../GraPPI_data/PDB/PDBbind_v2020/5lgk.pdb,8.073395510110212
5LI1,A,B,../../GraPPI_data/PDB/PDBbind_v2020/5li1.pdb,8.628478402257388
5LP5,A,"C, E",../../GraPPI_data/PDB/PDBbind_v2020/5lp5.pdb,8.723979281663853
5LPU,"A, B","C, D",../../GraPPI_data/PDB/PDBbind_v2020/5lpu.pdb,6.964938839443167
5LQB,A,"H, L",../../GraPPI_data/PDB/PDBbind_v2020/5lqb.pdb,12.272045912989343
5LRW,A,B,../../GraPPI_data/PDB/PDBbind_v2020/5lrw.pdb,6.8607786963705415
5LXM,A,D,../../GraPPI_data/PDB/PDBbind_v2020/5lxm.pdb,9.196845054219313
5LXQ,B,A,../../GraPPI_data/PDB/PDBbind_v2020/5lxq.pdb,8.445649304006954
5LZ3,A,B,../../GraPPI_data/PDB/PDBbind_v2020/5lz3.pdb,6.437705841738055
5LZ6,A,B,../../GraPPI_data/PDB/PDBbind_v2020/5lz6.pdb,6.949945966001108
5M36,A,D,../../GraPPI_data/PDB/PDBbind_v2020/5m36.pdb,7.582307165352643
5M5E,D,"B, C",../../GraPPI_data/PDB/PDBbind_v2020/5m5e.pdb,13.846824788316724
5M72,A,B,../../GraPPI_data/PDB/PDBbind_v2020/5m72.pdb,10.20146004746759
5MA3,B,A,../../GraPPI_data/PDB/PDBbind_v2020/5ma3.pdb,14.20859712506702
5MA4,B,A,../../GraPPI_data/PDB/PDBbind_v2020/5ma4.pdb,14.02285323732696
5MA5,"B, D","A, C",../../GraPPI_data/PDB/PDBbind_v2020/5ma5.pdb,14.368659509176936
5MA6,A,B,../../GraPPI_data/PDB/PDBbind_v2020/5ma6.pdb,12.979130343160318
5MAD,B,A,../../GraPPI_data/PDB/PDBbind_v2020/5mad.pdb,12.215604476020047
5MAK,B,A,../../GraPPI_data/PDB/PDBbind_v2020/5mak.pdb,14.368659509176936
5ME5,A,B,../../GraPPI_data/PDB/PDBbind_v2020/5me5.pdb,7.728063937178698
5MEN,"A, B, C","D, E",../../GraPPI_data/PDB/PDBbind_v2020/5men.pdb,6.093099543690923
5MFC,"A, C","B, D",../../GraPPI_data/PDB/PDBbind_v2020/5mfc.pdb,10.560405711218129
5MHS,"A, B","D, E",../../GraPPI_data/PDB/PDBbind_v2020/5mhs.pdb,11.861573254325416
5MJ3,"A, B",C,../../GraPPI_data/PDB/PDBbind_v2020/5mj3.pdb,13.579165133018865
5MJY,"A, B",F,../../GraPPI_data/PDB/PDBbind_v2020/5mjy.pdb,6.745427607725354
5MK0,"A, C","B, D",../../GraPPI_data/PDB/PDBbind_v2020/5mk0.pdb,7.511362467924183
5ML9,B,A,../../GraPPI_data/PDB/PDBbind_v2020/5ml9.pdb,9.086141343251564
5MN2,A,D,../../GraPPI_data/PDB/PDBbind_v2020/5mn2.pdb,7.615522610996808
5MR4,A,C,../../GraPPI_data/PDB/PDBbind_v2020/5mr4.pdb,9.078010503358488
5MR5,A,C,../../GraPPI_data/PDB/PDBbind_v2020/5mr5.pdb,9.67706727999874
5MRV,"A, B",C,../../GraPPI_data/PDB/PDBbind_v2020/5mrv.pdb,7.390793840072942
5MTJ,A,B,../../GraPPI_data/PDB/PDBbind_v2020/5mtj.pdb,8.823714595663466
5MTM,A,B,../../GraPPI_data/PDB/PDBbind_v2020/5mtm.pdb,11.119703474319092
5MTN,A,B,../../GraPPI_data/PDB/PDBbind_v2020/5mtn.pdb,10.402511717920133
5MU3,A,"B, C",../../GraPPI_data/PDB/PDBbind_v2020/5mu3.pdb,10.0447125925124
5MV8,A,B,../../GraPPI_data/PDB/PDBbind_v2020/5mv8.pdb,7.982109501657531
5MV9,A,B,../../GraPPI_data/PDB/PDBbind_v2020/5mv9.pdb,8.181363941992895
5N47,A,B,../../GraPPI_data/PDB/PDBbind_v2020/5n47.pdb,11.119703474319092
5N48,"A, C","B, D",../../GraPPI_data/PDB/PDBbind_v2020/5n48.pdb,11.318957914654456
5N4W,"A, R","B, C, V",../../GraPPI_data/PDB/PDBbind_v2020/5n4w.pdb,10.908485255990529
5NAN,"A, F",B,../../GraPPI_data/PDB/PDBbind_v2020/5nan.pdb,10.577088134648134
5NHU,"A, B",J,../../GraPPI_data/PDB/PDBbind_v2020/5nhu.pdb,12.272045912989343
5NPO,A,B,../../GraPPI_data/PDB/PDBbind_v2020/5npo.pdb,8.211739157400798
5NQF,A,B,../../GraPPI_data/PDB/PDBbind_v2020/5nqf.pdb,9.234187254327395
5NQG,A,B,../../GraPPI_data/PDB/PDBbind_v2020/5nqg.pdb,9.95539725765564
5NT1,A,J,../../GraPPI_data/PDB/PDBbind_v2020/5nt1.pdb,6.535783657587735
5NT7,B,A,../../GraPPI_data/PDB/PDBbind_v2020/5nt7.pdb,6.783297202727726
5NUS,A,B,../../GraPPI_data/PDB/PDBbind_v2020/5nus.pdb,10.852043819021233
5NVK,A,B,../../GraPPI_data/PDB/PDBbind_v2020/5nvk.pdb,12.8146612526603
5NVL,A,B,../../GraPPI_data/PDB/PDBbind_v2020/5nvl.pdb,12.985022798434516
5NVM,A,B,../../GraPPI_data/PDB/PDBbind_v2020/5nvm.pdb,10.709230815655163
5NVN,A,B,../../GraPPI_data/PDB/PDBbind_v2020/5nvn.pdb,9.898955820686346
5NWM,A,B,../../GraPPI_data/PDB/PDBbind_v2020/5nwm.pdb,10.08753993866267
5NZZ,"A, B, C, D","E, F, G, H",../../GraPPI_data/PDB/PDBbind_v2020/5nzz.pdb,7.867132859353668
5O2S,A,B,../../GraPPI_data/PDB/PDBbind_v2020/5o2s.pdb,11.466093469103543
5O2T,A,B,../../GraPPI_data/PDB/PDBbind_v2020/5o2t.pdb,9.241237181269256
5O4E,"A, B, C, D","E, F",../../GraPPI_data/PDB/PDBbind_v2020/5o4e.pdb,11.466093469103543
5O74,I,J,../../GraPPI_data/PDB/PDBbind_v2020/5o74.pdb,6.8178032849940795
5O76,"A, B",E,../../GraPPI_data/PDB/PDBbind_v2020/5o76.pdb,9.002309259320754
5O90,A,B,../../GraPPI_data/PDB/PDBbind_v2020/5o90.pdb,8.124922505023601
5OAQ,A,L,../../GraPPI_data/PDB/PDBbind_v2020/5oaq.pdb,9.867504879516561
5OC7,"A, D","B, C",../../GraPPI_data/PDB/PDBbind_v2020/5oc7.pdb,10.20146004746759
5ODW,A,C,../../GraPPI_data/PDB/PDBbind_v2020/5odw.pdb,13.117165479441544
5OEN,A,B,../../GraPPI_data/PDB/PDBbind_v2020/5oen.pdb,10.908485255990529
5OHM,"A, C","B, D",../../GraPPI_data/PDB/PDBbind_v2020/5ohm.pdb,14.08272103025265
5OHP,A,"B, C",../../GraPPI_data/PDB/PDBbind_v2020/5ohp.pdb,7.439494161986572
5OMB,B,C,../../GraPPI_data/PDB/PDBbind_v2020/5omb.pdb,8.681151935513585
5ONA,"A, B",C,../../GraPPI_data/PDB/PDBbind_v2020/5ona.pdb,9.187056618648832
5OO6,"A, B",C,../../GraPPI_data/PDB/PDBbind_v2020/5oo6.pdb,8.181363941992895
5OOB,"A, B",Z,../../GraPPI_data/PDB/PDBbind_v2020/5oob.pdb,7.474338733469958
5OSH,C,"A, B",../../GraPPI_data/PDB/PDBbind_v2020/5osh.pdb,9.300878675152996
5OVW,B,I,../../GraPPI_data/PDB/PDBbind_v2020/5ovw.pdb,12.308687714589906
5OY9,A,D,../../GraPPI_data/PDB/PDBbind_v2020/5oy9.pdb,7.3986374894322235
5OYL,A,D,../../GraPPI_data/PDB/PDBbind_v2020/5oyl.pdb,6.988164830768294
5SWS,"A, B, C","D, E",../../GraPPI_data/PDB/PDBbind_v2020/5sws.pdb,6.167219513440438
5SWZ,"A, B, C, F, G, H, K, L, M, P, Q, R","D, E, I, J, N, O, S, T",../../GraPPI_data/PDB/PDBbind_v2020/5swz.pdb,5.996857967666222
5SXP,"A, C",G,../../GraPPI_data/PDB/PDBbind_v2020/5sxp.pdb,7.906746746836829
5SZH,A,B,../../GraPPI_data/PDB/PDBbind_v2020/5szh.pdb,7.205049952332879
5SZI,A,B,../../GraPPI_data/PDB/PDBbind_v2020/5szi.pdb,8.995245316287507
5SZJ,A,B,../../GraPPI_data/PDB/PDBbind_v2020/5szj.pdb,4.230273641655334
5SZK,A,B,../../GraPPI_data/PDB/PDBbind_v2020/5szk.pdb,8.124922505023601
5T1D,B,"H, L",../../GraPPI_data/PDB/PDBbind_v2020/5t1d.pdb,9.635618716471503
5T5W,"B, C",A,../../GraPPI_data/PDB/PDBbind_v2020/5t5w.pdb,6.53947330733718
5TDY,"A, C","B, D",../../GraPPI_data/PDB/PDBbind_v2020/5tdy.pdb,10.08753993866267
5TEZ,"A, B, C","I, J",../../GraPPI_data/PDB/PDBbind_v2020/5tez.pdb,5.616760524410196
5TGH,A,B,../../GraPPI_data/PDB/PDBbind_v2020/5tgh.pdb,8.211739157400798
5TH9,"H, L",A,../../GraPPI_data/PDB/PDBbind_v2020/5th9.pdb,15.131309907994005
5THP,"A, B, D, E, G, H, J, K, M, N, P, Q","C, F, I, L, O, R",../../GraPPI_data/PDB/PDBbind_v2020/5thp.pdb,13.19624101676308
5TL6,B,A,../../GraPPI_data/PDB/PDBbind_v2020/5tl6.pdb,5.7809211039008535
5TL7,B,A,../../GraPPI_data/PDB/PDBbind_v2020/5tl7.pdb,3.720009451387926
5TP6,A,B,../../GraPPI_data/PDB/PDBbind_v2020/5tp6.pdb,11.891948469733318
5TTE,B,"E, F",../../GraPPI_data/PDB/PDBbind_v2020/5tte.pdb,8.952363538695584
5TUV,"A, B",C,../../GraPPI_data/PDB/PDBbind_v2020/5tuv.pdb,8.313506622999926
5TVQ,A,B,../../GraPPI_data/PDB/PDBbind_v2020/5tvq.pdb,8.25706518603063
5TWA,A,D,../../GraPPI_data/PDB/PDBbind_v2020/5twa.pdb,9.790987388803662
5TZN,"A, W","F, G",../../GraPPI_data/PDB/PDBbind_v2020/5tzn.pdb,7.1403835655189285
5TZP,A,B,../../GraPPI_data/PDB/PDBbind_v2020/5tzp.pdb,10.257901484436886
5TZQ,A,D,../../GraPPI_data/PDB/PDBbind_v2020/5tzq.pdb,10.630155278333627
5U4K,A,B,../../GraPPI_data/PDB/PDBbind_v2020/5u4k.pdb,6.577692172104367
5U4Y,A,C,../../GraPPI_data/PDB/PDBbind_v2020/5u4y.pdb,10.36586991631957
5U52,B,Z,../../GraPPI_data/PDB/PDBbind_v2020/5u52.pdb,10.320294598328417
5UA4,A,B,../../GraPPI_data/PDB/PDBbind_v2020/5ua4.pdb,10.34264392499444
5UK5,A,B,../../GraPPI_data/PDB/PDBbind_v2020/5uk5.pdb,8.30615016977596
5UN5,A,D,../../GraPPI_data/PDB/PDBbind_v2020/5un5.pdb,10.560405711218129
5UN7,A,B,../../GraPPI_data/PDB/PDBbind_v2020/5un7.pdb,9.436956167109027
5UPK,"A, B",C,../../GraPPI_data/PDB/PDBbind_v2020/5upk.pdb,5.431016636670135
5UQ3,"A, B",C,../../GraPPI_data/PDB/PDBbind_v2020/5uq3.pdb,9.196845054219313
5UUL,A,B,../../GraPPI_data/PDB/PDBbind_v2020/5uul.pdb,11.343132163778801
5UV8,"A, G","B, I",../../GraPPI_data/PDB/PDBbind_v2020/5uv8.pdb,9.343137637893921
5UWC,G,I,../../GraPPI_data/PDB/PDBbind_v2020/5uwc.pdb,10.567022393116567
5UWH,C,D,../../GraPPI_data/PDB/PDBbind_v2020/5uwh.pdb,8.418521498290804
5UWO,C,D,../../GraPPI_data/PDB/PDBbind_v2020/5uwo.pdb,7.530780170439253
5UWQ,C,D,../../GraPPI_data/PDB/PDBbind_v2020/5uwq.pdb,6.40733062633015
5UWS,C,D,../../GraPPI_data/PDB/PDBbind_v2020/5uws.pdb,7.941252829103182
5UWU,C,D,../../GraPPI_data/PDB/PDBbind_v2020/5uwu.pdb,7.277653437594058
5UZU,B,A,../../GraPPI_data/PDB/PDBbind_v2020/5uzu.pdb,10.908485255990529
5V52,A,D,../../GraPPI_data/PDB/PDBbind_v2020/5v52.pdb,7.4065864258162435
5V5G,"A, C","B, D",../../GraPPI_data/PDB/PDBbind_v2020/5v5g.pdb,10.970878369882058
5V5H,A,B,../../GraPPI_data/PDB/PDBbind_v2020/5v5h.pdb,9.274043610986668
5V5I,A,B,../../GraPPI_data/PDB/PDBbind_v2020/5v5i.pdb,8.637364545593348
5V5V,"E, F","I, J",../../GraPPI_data/PDB/PDBbind_v2020/5v5v.pdb,10.469119702765449
5V69,A,B,../../GraPPI_data/PDB/PDBbind_v2020/5v69.pdb,10.15158030499068
5V6A,A,B,../../GraPPI_data/PDB/PDBbind_v2020/5v6a.pdb,9.918660713735209
5VCB,"A, B, C","D, E, F",../../GraPPI_data/PDB/PDBbind_v2020/5vcb.pdb,9.828011123257886
5VEY,"A, B",C,../../GraPPI_data/PDB/PDBbind_v2020/5vey.pdb,8.894340827438068
5VKL,A,B,../../GraPPI_data/PDB/PDBbind_v2020/5vkl.pdb,9.472548921722986
5VKO,A,B,../../GraPPI_data/PDB/PDBbind_v2020/5vko.pdb,11.451100595661485
5VT9,"A, B","C, D",../../GraPPI_data/PDB/PDBbind_v2020/5vt9.pdb,10.908485255990529
5VU0,"A, B",C,../../GraPPI_data/PDB/PDBbind_v2020/5vu0.pdb,11.729430573318384
5VWX,"A, C","B, D",../../GraPPI_data/PDB/PDBbind_v2020/5vwx.pdb,10.672335274051115
5VWY,A,B,../../GraPPI_data/PDB/PDBbind_v2020/5vwy.pdb,8.025995269660736
5VX0,A,B,../../GraPPI_data/PDB/PDBbind_v2020/5vx0.pdb,6.378437731769002
5VX2,"A, C","B, D",../../GraPPI_data/PDB/PDBbind_v2020/5vx2.pdb,11.729430573318384
5VX3,"A, E","B, F",../../GraPPI_data/PDB/PDBbind_v2020/5vx3.pdb,12.8146612526603
5VXZ,A,C,../../GraPPI_data/PDB/PDBbind_v2020/5vxz.pdb,16.55726367888435
5VZ4,A,B,../../GraPPI_data/PDB/PDBbind_v2020/5vz4.pdb,11.040627936997558
5VZM,A,B,../../GraPPI_data/PDB/PDBbind_v2020/5vzm.pdb,5.879101100213055
5W3X,A,B,../../GraPPI_data/PDB/PDBbind_v2020/5w3x.pdb,7.461908567708553
5W8T,B,A,../../GraPPI_data/PDB/PDBbind_v2020/5w8t.pdb,6.228298116538999
5W9A,A,C,../../GraPPI_data/PDB/PDBbind_v2020/5w9a.pdb,5.436738293442238
5WB7,"A, D","E, H",../../GraPPI_data/PDB/PDBbind_v2020/5wb7.pdb,8.343881838407828
5WB8,"A, D","B, C",../../GraPPI_data/PDB/PDBbind_v2020/5wb8.pdb,7.571636842993602
5WGG,A,B,../../GraPPI_data/PDB/PDBbind_v2020/5wgg.pdb,8.39258216032146
5WKO,"K, L","T, W",../../GraPPI_data/PDB/PDBbind_v2020/5wko.pdb,12.272045912989343
5WOS,A,B,../../GraPPI_data/PDB/PDBbind_v2020/5wos.pdb,8.79800056182576
5WPA,A,B,../../GraPPI_data/PDB/PDBbind_v2020/5wpa.pdb,8.53539516368753
5WQL,A,C,../../GraPPI_data/PDB/PDBbind_v2020/5wql.pdb,10.908485255990529
5WRV,A,B,../../GraPPI_data/PDB/PDBbind_v2020/5wrv.pdb,8.367731512643767
5WUJ,A,B,../../GraPPI_data/PDB/PDBbind_v2020/5wuj.pdb,8.692273142528872
5WVO,"A, B, D",C,../../GraPPI_data/PDB/PDBbind_v2020/5wvo.pdb,10.567022393116567
5WY2,A,B,../../GraPPI_data/PDB/PDBbind_v2020/5wy2.pdb,8.546261282665672
5X0W,E,F,../../GraPPI_data/PDB/PDBbind_v2020/5x0w.pdb,7.4065864258162435
5X4L,"A, B","C, D",../../GraPPI_data/PDB/PDBbind_v2020/5x4l.pdb,7.67791572488834
5X60,"A, B",C,../../GraPPI_data/PDB/PDBbind_v2020/5x60.pdb,10.257901484436886
5XBF,A,B,../../GraPPI_data/PDB/PDBbind_v2020/5xbf.pdb,7.867132859353668
5XDA,A,G,../../GraPPI_data/PDB/PDBbind_v2020/5xda.pdb,7.903033964335996
5XEQ,A,B,../../GraPPI_data/PDB/PDBbind_v2020/5xeq.pdb,12.8146612526603
5XFS,"A, B",C,../../GraPPI_data/PDB/PDBbind_v2020/5xfs.pdb,9.379618156358971
5XIS,A,"B, C",../../GraPPI_data/PDB/PDBbind_v2020/5xis.pdb,4.838204419148609
5XIU,A,B,../../GraPPI_data/PDB/PDBbind_v2020/5xiu.pdb,6.275187945323121
5XJ3,"G, H",I,../../GraPPI_data/PDB/PDBbind_v2020/5xj3.pdb,10.553862143323006
5XJ4,A,"H, L",../../GraPPI_data/PDB/PDBbind_v2020/5xj4.pdb,12.511861006443212
5XJG,A,B,../../GraPPI_data/PDB/PDBbind_v2020/5xjg.pdb,7.2880429473963115
5XKU,A,"B, C",../../GraPPI_data/PDB/PDBbind_v2020/5xku.pdb,14.671163735958181
5XNP,B,E,../../GraPPI_data/PDB/PDBbind_v2020/5xnp.pdb,8.931402768729242
5XOC,A,B,../../GraPPI_data/PDB/PDBbind_v2020/5xoc.pdb,6.949945966001108
5XOD,A,B,../../GraPPI_data/PDB/PDBbind_v2020/5xod.pdb,10.296646971621236
5XOT,"D, E","A, B, C",../../GraPPI_data/PDB/PDBbind_v2020/5xot.pdb,8.9567339413296
5XOV,"I, J","A, B, C",../../GraPPI_data/PDB/PDBbind_v2020/5xov.pdb,8.146857859726541
5XQZ,A,C,../../GraPPI_data/PDB/PDBbind_v2020/5xqz.pdb,6.695212212172223
5XSQ,A,B,../../GraPPI_data/PDB/PDBbind_v2020/5xsq.pdb,11.090810579757942
5XV8,A,B,../../GraPPI_data/PDB/PDBbind_v2020/5xv8.pdb,9.744415961462293
5XWT,A,B,../../GraPPI_data/PDB/PDBbind_v2020/5xwt.pdb,6.601866421228711
5Y1Z,C,A,../../GraPPI_data/PDB/PDBbind_v2020/5y1z.pdb,7.317591278514769
5Y4R,"C, D","A, B",../../GraPPI_data/PDB/PDBbind_v2020/5y4r.pdb,10.286202488025147
5YC5,"A, B",C,../../GraPPI_data/PDB/PDBbind_v2020/5yc5.pdb,9.196845054219313
5YDR,"A, D",B,../../GraPPI_data/PDB/PDBbind_v2020/5ydr.pdb,6.242920757478172
5YI8,A,B,../../GraPPI_data/PDB/PDBbind_v2020/5yi8.pdb,7.833284397220498
5YIP,A,B,../../GraPPI_data/PDB/PDBbind_v2020/5yip.pdb,11.497268396812691
5YIR,A,G,../../GraPPI_data/PDB/PDBbind_v2020/5yir.pdb,13.047415912326048
5YIS,"A, B","C, D",../../GraPPI_data/PDB/PDBbind_v2020/5yis.pdb,11.422207701100335
5YR0,A,B,../../GraPPI_data/PDB/PDBbind_v2020/5yr0.pdb,6.980321181409013
5YWO,A,"Q, R",../../GraPPI_data/PDB/PDBbind_v2020/5ywo.pdb,11.16086236013291
5YWP,A,"Q, R",../../GraPPI_data/PDB/PDBbind_v2020/5ywp.pdb,11.639499684150575
5YWR,A,B,../../GraPPI_data/PDB/PDBbind_v2020/5ywr.pdb,10.102532812104727
5Z78,"A, B",C,../../GraPPI_data/PDB/PDBbind_v2020/5z78.pdb,8.243757055884426
6AAF,A,B,../../GraPPI_data/PDB/PDBbind_v2020/6aaf.pdb,9.262904971585366
6AMB,A,B,../../GraPPI_data/PDB/PDBbind_v2020/6amb.pdb,6.47634042212012
6AQR,"B, C, D, E",A,../../GraPPI_data/PDB/PDBbind_v2020/6aqr.pdb,8.681151935513585
6ARQ,A,D,../../GraPPI_data/PDB/PDBbind_v2020/6arq.pdb,6.8060764291360965
6ASR,"A, C",B,../../GraPPI_data/PDB/PDBbind_v2020/6asr.pdb,6.581653303054666
6ATK,B,E,../../GraPPI_data/PDB/PDBbind_v2020/6atk.pdb,8.681151935513585
6AVF,"A, B","H, M, P",../../GraPPI_data/PDB/PDBbind_v2020/6avf.pdb,5.043769969331335
6AVG,"B, E","A, F",../../GraPPI_data/PDB/PDBbind_v2020/6avg.pdb,5.988041126848677
6AW2,A,B,../../GraPPI_data/PDB/PDBbind_v2020/6aw2.pdb,9.877804041180859
6AZP,A,B,../../GraPPI_data/PDB/PDBbind_v2020/6azp.pdb,10.16492592599626
6B05,A,"B, C",../../GraPPI_data/PDB/PDBbind_v2020/6b05.pdb,7.8012664987368705
6B12,A,C,../../GraPPI_data/PDB/PDBbind_v2020/6b12.pdb,11.03327148377359
6B3M,"G, L","O, P",../../GraPPI_data/PDB/PDBbind_v2020/6b3m.pdb,12.493503928853134
6B6U,A,B,../../GraPPI_data/PDB/PDBbind_v2020/6b6u.pdb,6.404377069738348
6B8N,A,B,../../GraPPI_data/PDB/PDBbind_v2020/6b8n.pdb,9.105559045766634
6BA6,A,B,../../GraPPI_data/PDB/PDBbind_v2020/6ba6.pdb,5.168556197114397
6BMT,A,B,../../GraPPI_data/PDB/PDBbind_v2020/6bmt.pdb,8.874923124923
6BVA,"C, F",A,../../GraPPI_data/PDB/PDBbind_v2020/6bva.pdb,9.600774144988119
6BX4,"A, B","C, D",../../GraPPI_data/PDB/PDBbind_v2020/6bx4.pdb,9.105559045766634
6BX5,"A, B","C, D",../../GraPPI_data/PDB/PDBbind_v2020/6bx5.pdb,10.709230815655163
6BXA,A,C,../../GraPPI_data/PDB/PDBbind_v2020/6bxa.pdb,10.08753993866267
6BXC,A,C,../../GraPPI_data/PDB/PDBbind_v2020/6bxc.pdb,10.75311658365837
6BYH,"A, E",D,../../GraPPI_data/PDB/PDBbind_v2020/6byh.pdb,10.36586991631957
6C16,"A, C",H,../../GraPPI_data/PDB/PDBbind_v2020/6c16.pdb,8.69367809424143
6C48,"A, B",C,../../GraPPI_data/PDB/PDBbind_v2020/6c48.pdb,10.08753993866267
6CE9,"A, B, M, P","K, L, N, O",../../GraPPI_data/PDB/PDBbind_v2020/6ce9.pdb,11.53017613298302
6CH2,C,F,../../GraPPI_data/PDB/PDBbind_v2020/6ch2.pdb,6.187295567184043
6CH3,A,B,../../GraPPI_data/PDB/PDBbind_v2020/6ch3.pdb,6.8178032849940795
6CO2,"A, B","C, D",../../GraPPI_data/PDB/PDBbind_v2020/6co2.pdb,8.073395510110212
6CQL,"D, E","A, B, C",../../GraPPI_data/PDB/PDBbind_v2020/6cql.pdb,8.093471563853816
6CQN,"D, E","A, B, C",../../GraPPI_data/PDB/PDBbind_v2020/6cqn.pdb,6.604752126962314
6CQQ,"I, J","F, G, H",../../GraPPI_data/PDB/PDBbind_v2020/6cqq.pdb,7.037542324704344
6CQR,"I, J","F, G",../../GraPPI_data/PDB/PDBbind_v2020/6cqr.pdb,6.78553609714913
6D13,A,B,../../GraPPI_data/PDB/PDBbind_v2020/6d13.pdb,10.95146066736699
6DMX,E,"A, B, C, D",../../GraPPI_data/PDB/PDBbind_v2020/6dmx.pdb,9.488483162022417
6DNQ,E,"A, B, C, D",../../GraPPI_data/PDB/PDBbind_v2020/6dnq.pdb,10.058647044101521
6DSL,A,B,../../GraPPI_data/PDB/PDBbind_v2020/6dsl.pdb,12.682518571653272
6E2P,A,C,../../GraPPI_data/PDB/PDBbind_v2020/6e2p.pdb,6.447130765385557
6E3I,A,B,../../GraPPI_data/PDB/PDBbind_v2020/6e3i.pdb,11.581395578230149
6E3J,A,B,../../GraPPI_data/PDB/PDBbind_v2020/6e3j.pdb,10.71007740174513
6EG0,A,B,../../GraPPI_data/PDB/PDBbind_v2020/6eg0.pdb,5.60366021559235
6EG1,A,B,../../GraPPI_data/PDB/PDBbind_v2020/6eg1.pdb,5.612103722936592
6EYD,"A, B, C, D, E",F,../../GraPPI_data/PDB/PDBbind_v2020/6eyd.pdb,9.607317712883242
6F3Z,A,B,../../GraPPI_data/PDB/PDBbind_v2020/6f3z.pdb,8.716622828439887
6F9S,A,B,../../GraPPI_data/PDB/PDBbind_v2020/6f9s.pdb,7.895677511112029
6FC2,"A, C","B, D",../../GraPPI_data/PDB/PDBbind_v2020/6fc2.pdb,7.456660200689739
6FC3,A,B,../../GraPPI_data/PDB/PDBbind_v2020/6fc3.pdb,10.498012597326598
6FF3,A,B,../../GraPPI_data/PDB/PDBbind_v2020/6ff3.pdb,10.72639685435833
6FG8,A,B,../../GraPPI_data/PDB/PDBbind_v2020/6fg8.pdb,8.193327719986096
6FGO,"A, B, C, D","E, F, G, H",../../GraPPI_data/PDB/PDBbind_v2020/6fgo.pdb,8.667537844694559
6FHP,"A, B","C, D",../../GraPPI_data/PDB/PDBbind_v2020/6fhp.pdb,9.979571506779987
6FP7,A,B,../../GraPPI_data/PDB/PDBbind_v2020/6fp7.pdb,11.621462141435702
6FQ0,A,B,../../GraPPI_data/PDB/PDBbind_v2020/6fq0.pdb,9.26659462133481
6FU9,"A, C","B, D",../../GraPPI_data/PDB/PDBbind_v2020/6fu9.pdb,11.35559971625502
6FUB,A,B,../../GraPPI_data/PDB/PDBbind_v2020/6fub.pdb,10.277977538180489
6FUD,A,B,../../GraPPI_data/PDB/PDBbind_v2020/6fud.pdb,9.731292169642582
6G04,A,B,../../GraPPI_data/PDB/PDBbind_v2020/6g04.pdb,8.39258216032146
6G10,"A, B",C,../../GraPPI_data/PDB/PDBbind_v2020/6g10.pdb,11.220942437545723
6GBG,D,A,../../GraPPI_data/PDB/PDBbind_v2020/6gbg.pdb,8.69933147244304
6GBH,A,B,../../GraPPI_data/PDB/PDBbind_v2020/6gbh.pdb,9.764663638701977
6GBU,A,B,../../GraPPI_data/PDB/PDBbind_v2020/6gbu.pdb,9.00706580593003
6GD5,A,B,../../GraPPI_data/PDB/PDBbind_v2020/6gd5.pdb,11.481475811069389
6GFI,A,E,../../GraPPI_data/PDB/PDBbind_v2020/6gfi.pdb,12.689667795736048
6H9N,A,B,../../GraPPI_data/PDB/PDBbind_v2020/6h9n.pdb,8.313506622999926
6HPR,A,"B, C, D",../../GraPPI_data/PDB/PDBbind_v2020/6hpr.pdb,8.291705871518174
6HUL,A,B,../../GraPPI_data/PDB/PDBbind_v2020/6hul.pdb,8.894340827438068
6I3F,A,B,../../GraPPI_data/PDB/PDBbind_v2020/6i3f.pdb,10.489195756509055
6IMF,A,B,../../GraPPI_data/PDB/PDBbind_v2020/6imf.pdb,10.390044165443914
6ISC,A,B,../../GraPPI_data/PDB/PDBbind_v2020/6isc.pdb,7.6629228514462815
6MGP,"A, B, C","X, Y, Z",../../GraPPI_data/PDB/PDBbind_v2020/6mgp.pdb,8.409748199024627
6MKZ,A,D,../../GraPPI_data/PDB/PDBbind_v2020/6mkz.pdb,13.22513391132423
6RHW,"G, H",C,../../GraPPI_data/PDB/PDBbind_v2020/6rhw.pdb,11.451100595661485
6RHV,"G, H",C,../../GraPPI_data/PDB/PDBbind_v2020/6rhv.pdb,9.818535931211805
6R8X,A,"B, C",../../GraPPI_data/PDB/PDBbind_v2020/6r8x.pdb,15.446281687251467
6R2S,"A, B",C,../../GraPPI_data/PDB/PDBbind_v2020/6r2s.pdb,14.588694568323046
6R2G,C,A,../../GraPPI_data/PDB/PDBbind_v2020/6r2g.pdb,16.526806221011338
6QMS,"B, C",A,../../GraPPI_data/PDB/PDBbind_v2020/6qms.pdb,8.135788624001743
6QMQ,"B, C",A,../../GraPPI_data/PDB/PDBbind_v2020/6qmq.pdb,8.77014708281506
6QMP,"B, C",A,../../GraPPI_data/PDB/PDBbind_v2020/6qmp.pdb,8.39258216032146
6QB6,A,"H, L",../../GraPPI_data/PDB/PDBbind_v2020/6qb6.pdb,8.103770725518116
6QB3,A,X,../../GraPPI_data/PDB/PDBbind_v2020/6qb3.pdb,7.667878419018304
6Q69,A,B,../../GraPPI_data/PDB/PDBbind_v2020/6q69.pdb,9.230693516352485
6Q18,A,"H, L",../../GraPPI_data/PDB/PDBbind_v2020/6q18.pdb,8.48386816877414
6Q0O,A,"B, Z",../../GraPPI_data/PDB/PDBbind_v2020/6q0o.pdb,8.723979281663853
6Q0H,A,"H, L",../../GraPPI_data/PDB/PDBbind_v2020/6q0h.pdb,7.833284397220498
6PXH,A,"C, D",../../GraPPI_data/PDB/PDBbind_v2020/6pxh.pdb,10.298758156991234
6PPG,F,"H, L",../../GraPPI_data/PDB/PDBbind_v2020/6ppg.pdb,15.147823159341991
6PNQ,A,B,../../GraPPI_data/PDB/PDBbind_v2020/6pnq.pdb,9.967361035648839
6PNP,A,B,../../GraPPI_data/PDB/PDBbind_v2020/6pnp.pdb,8.89592210172629
6PLM,A,C,../../GraPPI_data/PDB/PDBbind_v2020/6plm.pdb,9.609955520670406
6PLK,"H, L",E,../../GraPPI_data/PDB/PDBbind_v2020/6plk.pdb,12.189280725918362
6PHD,"H, L",C,../../GraPPI_data/PDB/PDBbind_v2020/6phd.pdb,11.729430573318384
6PHC,I,"A, B",../../GraPPI_data/PDB/PDBbind_v2020/6phc.pdb,11.368335408590504
6PHB,I,"C, D",../../GraPPI_data/PDB/PDBbind_v2020/6phb.pdb,10.522186846450943
6PDX,B,"M, N",../../GraPPI_data/PDB/PDBbind_v2020/6pdx.pdb,15.014767783262322
6P7Y,B,A,../../GraPPI_data/PDB/PDBbind_v2020/6p7y.pdb,12.615406812324938
6P7S,B,A,../../GraPPI_data/PDB/PDBbind_v2020/6p7s.pdb,13.117165479441544
6P67,K,"A, B",../../GraPPI_data/PDB/PDBbind_v2020/6p67.pdb,10.990954423625663
6P50,C,"H, L",../../GraPPI_data/PDB/PDBbind_v2020/6p50.pdb,12.272045912989343
6OY4,A,"C, D",../../GraPPI_data/PDB/PDBbind_v2020/6oy4.pdb,10.166615475984205
6OV2,A,B,../../GraPPI_data/PDB/PDBbind_v2020/6ov2.pdb,11.516792809278328
6OUS,"K, L","W, X",../../GraPPI_data/PDB/PDBbind_v2020/6ous.pdb,14.532253131353752
6OTC,A,"H, L",../../GraPPI_data/PDB/PDBbind_v2020/6otc.pdb,11.330921692647657
6OSW,B,A,../../GraPPI_data/PDB/PDBbind_v2020/6osw.pdb,7.770891283328966
6ORQ,B,"D, E",../../GraPPI_data/PDB/PDBbind_v2020/6orq.pdb,10.257901484436886
6ORO,B,"D, E",../../GraPPI_data/PDB/PDBbind_v2020/6oro.pdb,6.709834853111396
6OQQ,A,B,../../GraPPI_data/PDB/PDBbind_v2020/6oqq.pdb,10.298758156991234
6OQJ,A,B,../../GraPPI_data/PDB/PDBbind_v2020/6oqj.pdb,10.970878369882058
6OOR,A,"H, L",../../GraPPI_data/PDB/PDBbind_v2020/6oor.pdb,10.776342574983497
6ON9,A,B,../../GraPPI_data/PDB/PDBbind_v2020/6on9.pdb,6.8178032849940795
6OG4,"A, B",C,../../GraPPI_data/PDB/PDBbind_v2020/6og4.pdb,12.12125013495639
6OEL,"B, C","H, L",../../GraPPI_data/PDB/PDBbind_v2020/6oel.pdb,8.25706518603063
6OC3,"C, D",E,../../GraPPI_data/PDB/PDBbind_v2020/6oc3.pdb,11.861573254325416
6OBN,C,A,../../GraPPI_data/PDB/PDBbind_v2020/6obn.pdb,10.250057835077602
6OB1,"A, B",C,../../GraPPI_data/PDB/PDBbind_v2020/6ob1.pdb,7.867132859353668
6O8B,"A, B","D, E",../../GraPPI_data/PDB/PDBbind_v2020/6o8b.pdb,6.761361848024785
6O60,"A, B","C, D",../../GraPPI_data/PDB/PDBbind_v2020/6o60.pdb,9.764663638701977
6O3O,A,C,../../GraPPI_data/PDB/PDBbind_v2020/6o3o.pdb,7.833284397220498
6O3B,"E, G",H,../../GraPPI_data/PDB/PDBbind_v2020/6o3b.pdb,11.381351028545987
6O3A,"A, B",E,../../GraPPI_data/PDB/PDBbind_v2020/6o3a.pdb,11.295731923329328
6O39,"A, B",C,../../GraPPI_data/PDB/PDBbind_v2020/6o39.pdb,11.957814830350117
6O1F,"A, I","H, L",../../GraPPI_data/PDB/PDBbind_v2020/6o1f.pdb,13.092991230317201
6O07,"C, D",A,../../GraPPI_data/PDB/PDBbind_v2020/6o07.pdb,10.594254173351299
6NUF,"A, B",C,../../GraPPI_data/PDB/PDBbind_v2020/6nuf.pdb,10.469119702765449
6NUC,"A, B",C,../../GraPPI_data/PDB/PDBbind_v2020/6nuc.pdb,10.469119702765449
6NRW,"A, C","B, D",../../GraPPI_data/PDB/PDBbind_v2020/6nrw.pdb,6.32456543925917
6NMV,"H, L",S,../../GraPPI_data/PDB/PDBbind_v2020/6nmv.pdb,13.513015497166302
6NMU,"A, B",C,../../GraPPI_data/PDB/PDBbind_v2020/6nmu.pdb,12.777368403514295
6NMT,"A, B",C,../../GraPPI_data/PDB/PDBbind_v2020/6nmt.pdb,13.349920139107292
6NMS,"A, B",C,../../GraPPI_data/PDB/PDBbind_v2020/6nms.pdb,12.734476404613366
6NMR,"A, B",E,../../GraPPI_data/PDB/PDBbind_v2020/6nmr.pdb,13.27773858964528
6NHA,"A, B","H, L",../../GraPPI_data/PDB/PDBbind_v2020/6nha.pdb,12.16903304867868
6NFJ,B,A,../../GraPPI_data/PDB/PDBbind_v2020/6nfj.pdb,9.1027458011928
6NE4,A,B,../../GraPPI_data/PDB/PDBbind_v2020/6ne4.pdb,11.993715935332444
6NE2,A,B,../../GraPPI_data/PDB/PDBbind_v2020/6ne2.pdb,12.116677240657186
6NE1,A,B,../../GraPPI_data/PDB/PDBbind_v2020/6ne1.pdb,12.072791472653979
6NDZ,E,F,../../GraPPI_data/PDB/PDBbind_v2020/6ndz.pdb,13.22513391132423
6N9D,A,B,../../GraPPI_data/PDB/PDBbind_v2020/6n9d.pdb,14.657704364113014
6N85,B,M,../../GraPPI_data/PDB/PDBbind_v2020/6n85.pdb,9.026483508445098
6N6R,"A, C","B, D",../../GraPPI_data/PDB/PDBbind_v2020/6n6r.pdb,7.390793840072942
6N5W,"A, B",C,../../GraPPI_data/PDB/PDBbind_v2020/6n5w.pdb,8.667537844694559
6MVL,A,"H, L",../../GraPPI_data/PDB/PDBbind_v2020/6mvl.pdb,9.196845054219313
6MUN,A,"B, C",../../GraPPI_data/PDB/PDBbind_v2020/6mun.pdb,8.181363941992895
6MUD,A,B,../../GraPPI_data/PDB/PDBbind_v2020/6mud.pdb,8.169637086134912
6MSU,"A, B",C,../../GraPPI_data/PDB/PDBbind_v2020/6msu.pdb,10.957862749926576
6MSS,"A, B","C, D",../../GraPPI_data/PDB/PDBbind_v2020/6mss.pdb,6.5936981969810216
6MSL,"A, B",C,../../GraPPI_data/PDB/PDBbind_v2020/6msl.pdb,12.072791472653979
6MOE,"A, B","C, D",../../GraPPI_data/PDB/PDBbind_v2020/6moe.pdb,11.895073473655795
6MNR,P,"H, L",../../GraPPI_data/PDB/PDBbind_v2020/6mnr.pdb,12.16407748110666
6MNQ,P,"H, L",../../GraPPI_data/PDB/PDBbind_v2020/6mnq.pdb,10.857451955869445
6MM6,C,D,../../GraPPI_data/PDB/PDBbind_v2020/6mm6.pdb,5.636567951762679
6MLM,A,"E, I",../../GraPPI_data/PDB/PDBbind_v2020/6mlm.pdb,13.635606569988159
6MC9,A,B,../../GraPPI_data/PDB/PDBbind_v2020/6mc9.pdb,8.884552391867588
6MBA,A,B,../../GraPPI_data/PDB/PDBbind_v2020/6mba.pdb,10.594254173351299
6MAV,A,B,../../GraPPI_data/PDB/PDBbind_v2020/6mav.pdb,14.283236784949997
6MAM,"A, B","I, J",../../GraPPI_data/PDB/PDBbind_v2020/6mam.pdb,16.36272788398579
6M9K,C,F,../../GraPPI_data/PDB/PDBbind_v2020/6m9k.pdb,6.709834853111396
6M7L,B,A,../../GraPPI_data/PDB/PDBbind_v2020/6m7l.pdb,6.794577293668952
6KM7,"A, B","C, D",../../GraPPI_data/PDB/PDBbind_v2020/6km7.pdb,7.205049952332879
6KBR,C,A,../../GraPPI_data/PDB/PDBbind_v2020/6kbr.pdb,15.067512017800745
6KBN,B,A,../../GraPPI_data/PDB/PDBbind_v2020/6kbn.pdb,7.957258853979837
6KBM,B,A,../../GraPPI_data/PDB/PDBbind_v2020/6kbm.pdb,8.48386816877414
6K7O,R,"F, G",../../GraPPI_data/PDB/PDBbind_v2020/6k7o.pdb,11.641538195179306
6K4K,A,C,../../GraPPI_data/PDB/PDBbind_v2020/6k4k.pdb,11.162678885695552
6K0Y,"A, B",C,../../GraPPI_data/PDB/PDBbind_v2020/6k0y.pdb,12.33972644476647
6K06,A,C,../../GraPPI_data/PDB/PDBbind_v2020/6k06.pdb,9.059461747248891
6JWJ,A,C,../../GraPPI_data/PDB/PDBbind_v2020/6jwj.pdb,9.636309313481636
6JO8,"A, B",O,../../GraPPI_data/PDB/PDBbind_v2020/6jo8.pdb,7.118336838179404
6JJW,A,U,../../GraPPI_data/PDB/PDBbind_v2020/6jjw.pdb,11.026005296058385
6JJP,"D, E",F,../../GraPPI_data/PDB/PDBbind_v2020/6jjp.pdb,11.521776178398163
6JHW,"A, C","B, D",../../GraPPI_data/PDB/PDBbind_v2020/6jhw.pdb,10.560405711218129
6JEP,"H, L",E,../../GraPPI_data/PDB/PDBbind_v2020/6jep.pdb,12.23753983072299
6JDJ,"A, B",C,../../GraPPI_data/PDB/PDBbind_v2020/6jdj.pdb,9.134451940327782
6JCS,A,R,../../GraPPI_data/PDB/PDBbind_v2020/6jcs.pdb,8.920574859053245
6JBT,F,"H, L",../../GraPPI_data/PDB/PDBbind_v2020/6jbt.pdb,12.939447480443365
6JB8,A,B,../../GraPPI_data/PDB/PDBbind_v2020/6jb8.pdb,13.484810791955205
6JB2,A,B,../../GraPPI_data/PDB/PDBbind_v2020/6jb2.pdb,8.90429378221202
6J9L,"A, B",E,../../GraPPI_data/PDB/PDBbind_v2020/6j9l.pdb,7.737783517814032
6J9H,A,B,../../GraPPI_data/PDB/PDBbind_v2020/6j9h.pdb,10.058647044101521
6J7W,D,B,../../GraPPI_data/PDB/PDBbind_v2020/6j7w.pdb,12.985022798434516
6J6Y,A,"B, C",../../GraPPI_data/PDB/PDBbind_v2020/6j6y.pdb,12.985022798434516
6J5F,A,"H, L",../../GraPPI_data/PDB/PDBbind_v2020/6j5f.pdb,8.73897215510591
6J5D,A,"H, L",../../GraPPI_data/PDB/PDBbind_v2020/6j5d.pdb,10.012549745583778
6J56,A,C,../../GraPPI_data/PDB/PDBbind_v2020/6j56.pdb,8.418521498290804
6J4S,A,B,../../GraPPI_data/PDB/PDBbind_v2020/6j4s.pdb,9.26659462133481
6J4O,A,B,../../GraPPI_data/PDB/PDBbind_v2020/6j4o.pdb,10.560405711218129
6J14,"A, B",G,../../GraPPI_data/PDB/PDBbind_v2020/6j14.pdb,12.016350035684685
6J11,B,"F, G",../../GraPPI_data/PDB/PDBbind_v2020/6j11.pdb,10.36586991631957
6IWD,A,B,../../GraPPI_data/PDB/PDBbind_v2020/6iwd.pdb,10.553862143323006
6IWA,A,C,../../GraPPI_data/PDB/PDBbind_v2020/6iwa.pdb,9.408063272547878
6IW0,A,"H, L",../../GraPPI_data/PDB/PDBbind_v2020/6iw0.pdb,10.730767256992346
6IW8,A,C,../../GraPPI_data/PDB/PDBbind_v2020/6iw8.pdb,8.834321211189133
6IVZ,A,"H, L",../../GraPPI_data/PDB/PDBbind_v2020/6ivz.pdb,10.926522798705403
6IVU,A,B,../../GraPPI_data/PDB/PDBbind_v2020/6ivu.pdb,14.94272579001768
6IUA,A,B,../../GraPPI_data/PDB/PDBbind_v2020/6iua.pdb,11.861573254325416
6IU7,A,B,../../GraPPI_data/PDB/PDBbind_v2020/6iu7.pdb,12.334439026880876
6ISU,A,"B, C",../../GraPPI_data/PDB/PDBbind_v2020/6isu.pdb,9.26659462133481
6IRE,A,B,../../GraPPI_data/PDB/PDBbind_v2020/6ire.pdb,10.873979173724173
6IRD,B,C,../../GraPPI_data/PDB/PDBbind_v2020/6ird.pdb,9.105559045766634
6IN9,A,D,../../GraPPI_data/PDB/PDBbind_v2020/6in9.pdb,8.073395510110212
6IM9,A,B,../../GraPPI_data/PDB/PDBbind_v2020/6im9.pdb,10.36586991631957
6ILK,"A, B, C, D",E,../../GraPPI_data/PDB/PDBbind_v2020/6ilk.pdb,8.76219814643104
6IHB,R,A,../../GraPPI_data/PDB/PDBbind_v2020/6ihb.pdb,9.877804041180859
6IEC,I,"J, K",../../GraPPI_data/PDB/PDBbind_v2020/6iec.pdb,8.35727851986172
6IEB,"H, L",A,../../GraPPI_data/PDB/PDBbind_v2020/6ieb.pdb,10.544180398477804
6IEA,A,"H, L",../../GraPPI_data/PDB/PDBbind_v2020/6iea.pdb,8.90429378221202
6IDX,A,C,../../GraPPI_data/PDB/PDBbind_v2020/6idx.pdb,7.463668411110918
6IB8,"A, B",C,../../GraPPI_data/PDB/PDBbind_v2020/6ib8.pdb,9.581566400592274
6I2M,A,B,../../GraPPI_data/PDB/PDBbind_v2020/6i2m.pdb,11.283335551437254
6I07,"B, b",D,../../GraPPI_data/PDB/PDBbind_v2020/6i07.pdb,10.908485255990529
6HT9,A,B,../../GraPPI_data/PDB/PDBbind_v2020/6ht9.pdb,13.635606569988159
6HHC,"H, L",A,../../GraPPI_data/PDB/PDBbind_v2020/6hhc.pdb,11.75360482244273
6HER,A,B,../../GraPPI_data/PDB/PDBbind_v2020/6her.pdb,10.08753993866267
6HAR,A,E,../../GraPPI_data/PDB/PDBbind_v2020/6har.pdb,13.928322361198921
6H71,B,D,../../GraPPI_data/PDB/PDBbind_v2020/6h71.pdb,10.039229341586452
6H6Z,"A, B","C, D",../../GraPPI_data/PDB/PDBbind_v2020/6h6z.pdb,11.37091574761455
6H47,A,B,../../GraPPI_data/PDB/PDBbind_v2020/6h47.pdb,10.908485255990529
6H46,A,B,../../GraPPI_data/PDB/PDBbind_v2020/6h46.pdb,10.257901484436886
6H3T,"I, M",A,../../GraPPI_data/PDB/PDBbind_v2020/6h3t.pdb,11.273382596663302
6H3U,"I, M",A,../../GraPPI_data/PDB/PDBbind_v2020/6h3u.pdb,10.149933052554202
6H2Y,D,"H, L",../../GraPPI_data/PDB/PDBbind_v2020/6h2y.pdb,11.683855255327233
6H16,A,B,../../GraPPI_data/PDB/PDBbind_v2020/6h16.pdb,10.22339540217053
6H15,B,D,../../GraPPI_data/PDB/PDBbind_v2020/6h15.pdb,10.762297959340657
6GVK,A,B,../../GraPPI_data/PDB/PDBbind_v2020/6gvk.pdb,7.770891283328966
6GTQ,"A, B","C, D",../../GraPPI_data/PDB/PDBbind_v2020/6gtq.pdb,8.774968169435196
6GKU,A,"H, L",../../GraPPI_data/PDB/PDBbind_v2020/6gku.pdb,12.334439026880876
6GJQ,E,F,../../GraPPI_data/PDB/PDBbind_v2020/6gjq.pdb,10.36586991631957
6FV0,F,A,../../GraPPI_data/PDB/PDBbind_v2020/6fv0.pdb,7.860206618185727
6FUZ,N,A,../../GraPPI_data/PDB/PDBbind_v2020/6fuz.pdb,7.494414787213563
6FTO,"A, B",C,../../GraPPI_data/PDB/PDBbind_v2020/6fto.pdb,11.706204581993257
6FPG,B,D,../../GraPPI_data/PDB/PDBbind_v2020/6fpg.pdb,9.53377860327748
6FG2,"D, E","I, M",../../GraPPI_data/PDB/PDBbind_v2020/6fg2.pdb,14.94272579001768
6FBX,A,B,../../GraPPI_data/PDB/PDBbind_v2020/6fbx.pdb,8.81501859697859
6F2G,A,B,../../GraPPI_data/PDB/PDBbind_v2020/6f2g.pdb,11.466093469103543
6F0H,"A, C","B, D",../../GraPPI_data/PDB/PDBbind_v2020/6f0h.pdb,11.621462141435702
6F0G,A,C,../../GraPPI_data/PDB/PDBbind_v2020/6f0g.pdb,9.898955820686346
6F0F,A,B,../../GraPPI_data/PDB/PDBbind_v2020/6f0f.pdb,9.196845054219313
6EWB,D,"J, K",../../GraPPI_data/PDB/PDBbind_v2020/6ewb.pdb,9.857381780546906
6ERE,A,D,../../GraPPI_data/PDB/PDBbind_v2020/6ere.pdb,9.731292169642582
6ER6,B,A,../../GraPPI_data/PDB/PDBbind_v2020/6er6.pdb,9.943670401797657
6E4Z,"H, L",P,../../GraPPI_data/PDB/PDBbind_v2020/6e4z.pdb,12.116677240657186
6E4Y,"H, L",P,../../GraPPI_data/PDB/PDBbind_v2020/6e4y.pdb,7.390793840072942
6DWH,F,L,../../GraPPI_data/PDB/PDBbind_v2020/6dwh.pdb,13.22513391132423
6DWF,F,L,../../GraPPI_data/PDB/PDBbind_v2020/6dwf.pdb,12.116677240657186
6DLD,"A, C","B, D",../../GraPPI_data/PDB/PDBbind_v2020/6dld.pdb,13.117165479441544
6DKJ,"H, L",C,../../GraPPI_data/PDB/PDBbind_v2020/6dkj.pdb,13.928322361198921
6DG5,"B, C",A,../../GraPPI_data/PDB/PDBbind_v2020/6dg5.pdb,10.626465628584182
6DFS,"A, B","C, D",../../GraPPI_data/PDB/PDBbind_v2020/6dfs.pdb,6.367264063124599
6DCA,"J, N",R,../../GraPPI_data/PDB/PDBbind_v2020/6dca.pdb,9.645080550065297
6DCN,"A, B","C, D",../../GraPPI_data/PDB/PDBbind_v2020/6dcn.pdb,7.982109501657531
6DC9,"H, L",P,../../GraPPI_data/PDB/PDBbind_v2020/6dc9.pdb,10.659362855764012
6DC3,"H, L",F,../../GraPPI_data/PDB/PDBbind_v2020/6dc3.pdb,10.18378151468737
6D7G,"A, D",E,../../GraPPI_data/PDB/PDBbind_v2020/6d7g.pdb,7.550856224182858
6CZO,"A, C","B, D",../../GraPPI_data/PDB/PDBbind_v2020/6czo.pdb,9.61393439478168
6CXG,"H, L",A,../../GraPPI_data/PDB/PDBbind_v2020/6cxg.pdb,11.891948469733318
6CXF,"C, D","A, B",../../GraPPI_data/PDB/PDBbind_v2020/6cxf.pdb,8.997590613883949
6CUG,"A, B","D, E",../../GraPPI_data/PDB/PDBbind_v2020/6cug.pdb,6.7506915256657445
6C83,"A, B","C, D",../../GraPPI_data/PDB/PDBbind_v2020/6c83.pdb,8.181363941992895
6BX8,A,B,../../GraPPI_data/PDB/PDBbind_v2020/6bx8.pdb,9.134451940327782
6BW9,B,A,../../GraPPI_data/PDB/PDBbind_v2020/6bw9.pdb,11.396006569669568
6ATH,"A, B",C,../../GraPPI_data/PDB/PDBbind_v2020/6ath.pdb,12.928581361465222
6AKM,A,B,../../GraPPI_data/PDB/PDBbind_v2020/6akm.pdb,7.037542324704344
6A7V,"A, C, E, G","D, H, K, U",../../GraPPI_data/PDB/PDBbind_v2020/6a7v.pdb,12.574550139770588
6A79,B,"L, M",../../GraPPI_data/PDB/PDBbind_v2020/6a79.pdb,11.026005296058385
6A78,B,"L, M",../../GraPPI_data/PDB/PDBbind_v2020/6a78.pdb,9.028956108567897
6A6X,"A, B","C, D",../../GraPPI_data/PDB/PDBbind_v2020/6a6x.pdb,10.347216819293646
6A6I,E,F,../../GraPPI_data/PDB/PDBbind_v2020/6a6i.pdb,6.057608398482029
6A3V,I,J,../../GraPPI_data/PDB/PDBbind_v2020/6a3v.pdb,9.63700071679319
5ZQV,A,E,../../GraPPI_data/PDB/PDBbind_v2020/5zqv.pdb,8.979083267995625
5ZO2,"A, C",B,../../GraPPI_data/PDB/PDBbind_v2020/5zo2.pdb,8.124922505023601
5ZAU,A,B,../../GraPPI_data/PDB/PDBbind_v2020/5zau.pdb,9.847428825772955
5Z7L,"A, B","C, D",../../GraPPI_data/PDB/PDBbind_v2020/5z7l.pdb,8.073395510110212
5Z7G,"A, B","C, D",../../GraPPI_data/PDB/PDBbind_v2020/5z7g.pdb,7.756268642389793
5Z2W,A,B,../../GraPPI_data/PDB/PDBbind_v2020/5z2w.pdb,8.418521498290804
5YMY,"A, B",C,../../GraPPI_data/PDB/PDBbind_v2020/5ymy.pdb,10.199668255271332
5XLN,B,A,../../GraPPI_data/PDB/PDBbind_v2020/5xln.pdb,7.643505148931213
5XKJ,"A, C",E,../../GraPPI_data/PDB/PDBbind_v2020/5xkj.pdb,8.124922505023601
5XJO,"A, C",E,../../GraPPI_data/PDB/PDBbind_v2020/5xjo.pdb,8.025995269660736
5VMO,A,B,../../GraPPI_data/PDB/PDBbind_v2020/5vmo.pdb,8.252373245149267
5OCK,"H, L",A,../../GraPPI_data/PDB/PDBbind_v2020/5ock.pdb,7.688126096257987
5NX3,A,"B, C, D",../../GraPPI_data/PDB/PDBbind_v2020/5nx3.pdb,14.24061502355065
5NX1,A,"B, C, D",../../GraPPI_data/PDB/PDBbind_v2020/5nx1.pdb,11.285570221519526
5NL1,E,L,../../GraPPI_data/PDB/PDBbind_v2020/5nl1.pdb,9.216921107962918
5L21,A,B,../../GraPPI_data/PDB/PDBbind_v2020/5l21.pdb,11.497268396812691
5KOF,"A, B","C, D",../../GraPPI_data/PDB/PDBbind_v2020/5kof.pdb,6.033499769266784
5JJD,A,B,../../GraPPI_data/PDB/PDBbind_v2020/5jjd.pdb,6.867180778930129
5HU3,A,B,../../GraPPI_data/PDB/PDBbind_v2020/5hu3.pdb,8.181363941992895
5H9B,A,B,../../GraPPI_data/PDB/PDBbind_v2020/5h9b.pdb,8.414908711007438
5G15,A,B,../../GraPPI_data/PDB/PDBbind_v2020/5g15.pdb,9.230693516352485
6OQK,A,B,../../GraPPI_data/PDB/PDBbind_v2020/6oqk.pdb,10.058647044101521
6J9M,"C, D",A,../../GraPPI_data/PDB/PDBbind_v2020/6j9m.pdb,9.669710826774775
6H6Y,D,H,../../GraPPI_data/PDB/PDBbind_v2020/6h6y.pdb,13.346275900720094
6GVL,A,B,../../GraPPI_data/PDB/PDBbind_v2020/6gvl.pdb,5.940416530696927
6GUM,B,A,../../GraPPI_data/PDB/PDBbind_v2020/6gum.pdb,8.073395510110212
6GHO,A,B,../../GraPPI_data/PDB/PDBbind_v2020/6gho.pdb,8.313506622999926
6FG1,"A, D","H, L",../../GraPPI_data/PDB/PDBbind_v2020/6fg1.pdb,12.334439026880876
6DC8,"H, L",P,../../GraPPI_data/PDB/PDBbind_v2020/6dc8.pdb,10.455185251176331
6A3W,"A, B",C,../../GraPPI_data/PDB/PDBbind_v2020/6a3w.pdb,11.778808067254435
5SWK,"C, D","A, B",../../GraPPI_data/PDB/PDBbind_v2020/5swk.pdb,7.622395263017699
6S8S,A,B,../../GraPPI_data/PDB/PDBbind_v2020/6s8s.pdb,8.709356640724682
6SAK,B,D,../../GraPPI_data/PDB/PDBbind_v2020/6sak.pdb,10.238483781921815
6SAZ,B,A,../../GraPPI_data/PDB/PDBbind_v2020/6saz.pdb,13.436352129652795
6THG,I,J,../../GraPPI_data/PDB/PDBbind_v2020/6thg.pdb,11.451100595661485
6TZC,"A, B",C,../../GraPPI_data/PDB/PDBbind_v2020/6tzc.pdb,7.775349423850257
6U2H,"C, D","A, B",../../GraPPI_data/PDB/PDBbind_v2020/6u2h.pdb,12.928581361465222
6U8C,A,"H, L",../../GraPPI_data/PDB/PDBbind_v2020/6u8c.pdb,9.95539725765564
6UDA,A,"C, D",../../GraPPI_data/PDB/PDBbind_v2020/6uda.pdb,10.970878369882058
6UM5,A,"C, D",../../GraPPI_data/PDB/PDBbind_v2020/6um5.pdb,8.555100056736393
6UMT,A,B,../../GraPPI_data/PDB/PDBbind_v2020/6umt.pdb,11.706204581993257
6UVO,D,"H, L",../../GraPPI_data/PDB/PDBbind_v2020/6uvo.pdb,12.595648086553062
6UYS,A,B,../../GraPPI_data/PDB/PDBbind_v2020/6uys.pdb,7.903033964335996
6UYU,A,B,../../GraPPI_data/PDB/PDBbind_v2020/6uyu.pdb,7.770891283328966
4Z7U,"D, E","A, B, C",../../GraPPI_data/PDB/ATLAS/4Z7U.pdb,8.156574640240855
2ESV,"D, E","A, C",../../GraPPI_data/PDB/ATLAS/2ESV.pdb,6.119264830540824
4Z7W,"D, E","A, B, C",../../GraPPI_data/PDB/ATLAS/4Z7W.pdb,7.745895367822564
4MJI,"D, E","A, C",../../GraPPI_data/PDB/ATLAS/4MJI.pdb,5.576014097000371
3VXM,"D, E","A, C",../../GraPPI_data/PDB/ATLAS/3VXM.pdb,6.378833694151809
1MWA,"D, E","A, C",../../GraPPI_data/PDB/ATLAS/1MWA.pdb,5.559584890237781
1FYT,"D, E","A, B, C",../../GraPPI_data/PDB/ATLAS/1FYT.pdb,5.8676673245551605
3E3Q,"D, E","A, C",../../GraPPI_data/PDB/ATLAS/3E3Q.pdb,9.46179247197051
3UTT,"D, E","A, C",../../GraPPI_data/PDB/ATLAS/3UTT.pdb,4.868501325351776
1G6R,"D, E","A, C",../../GraPPI_data/PDB/ATLAS/1G6R.pdb,6.133940130615861
1FO0,"D, E","A, C",../../GraPPI_data/PDB/ATLAS/1FO0.pdb,7.619355927747308
2OL3,"D, E","A, C",../../GraPPI_data/PDB/ATLAS/2OL3.pdb,5.389842511721626
4Z7V,"D, E","A, B, C",../../GraPPI_data/PDB/ATLAS/4Z7V.pdb,7.032559601394785
1NAM,"D, E","A, C",../../GraPPI_data/PDB/ATLAS/1NAM.pdb,5.379355778673932
3TPU,"D, E","A, C",../../GraPPI_data/PDB/ATLAS/3TPU.pdb,5.8918537419257095
2F54,"D, E","A, C",../../GraPPI_data/PDB/ATLAS/2F54.pdb,6.581003090982941
4QOK,"D, E","A, C",../../GraPPI_data/PDB/ATLAS/4QOK.pdb,7.082088647008138
3TJH,"D, E","A, C",../../GraPPI_data/PDB/ATLAS/3TJH.pdb,7.364123533368726
3TF7,"D, E","A, C",../../GraPPI_data/PDB/ATLAS/3TF7.pdb,4.8060768055304335
4PRI,"D, E","A, C",../../GraPPI_data/PDB/ATLAS/4PRI.pdb,5.4987123023543285
3DXA,"D, E","A, C",../../GraPPI_data/PDB/ATLAS/3DXA.pdb,8.898817844633086
3O4L,"D, E","A, C",../../GraPPI_data/PDB/ATLAS/3O4L.pdb,6.7811483342323795
1E3U,A,C,../../GraPPI_data/PDB/updated_pdb/1E3U.pdb,8.181363941992895
1ES0,B,A,../../GraPPI_data/PDB/updated_pdb/1ES0.pdb,9.67706727999874
1RPQ,A,W,../../GraPPI_data/PDB/updated_pdb/1RPQ.pdb,10.2196826196697
1UGH,E,I,../../GraPPI_data/PDB/updated_pdb/1UGH.pdb,14.891198795104291
1XX9,A,"C, D",../../GraPPI_data/PDB/updated_pdb/1XX9.pdb,11.621462141435702
1XXD,A,"C, D",../../GraPPI_data/PDB/updated_pdb/1XXD.pdb,8.48386816877414
1XXF,A,"C, D",../../GraPPI_data/PDB/updated_pdb/1XXF.pdb,9.134451940327782
1YC0,A,I,../../GraPPI_data/PDB/updated_pdb/1YC0.pdb,11.451100595661485
1ZJD,A,B,../../GraPPI_data/PDB/updated_pdb/1ZJD.pdb,12.125858616339473
2GNG,A,I,../../GraPPI_data/PDB/updated_pdb/2GNG.pdb,7.120307511775325
2HEV,R,F,../../GraPPI_data/PDB/updated_pdb/2HEV.pdb,9.828011123257886
2JBY,A,B,../../GraPPI_data/PDB/updated_pdb/2JBY.pdb,9.95539725765564
2QUR,A,B,../../GraPPI_data/PDB/updated_pdb/2QUR.pdb,8.591836600656825
2YJ1,A,B,../../GraPPI_data/PDB/updated_pdb/2YJ1.pdb,10.34264392499444
2Z7F,E,I,../../GraPPI_data/PDB/updated_pdb/2Z7F.pdb,10.75311658365837
3C59,A,B,../../GraPPI_data/PDB/updated_pdb/3C59.pdb,11.318957914654456
3C5T,A,B,../../GraPPI_data/PDB/updated_pdb/3C5T.pdb,12.574550139770588
3EHU,A,C,../../GraPPI_data/PDB/updated_pdb/3EHU.pdb,7.06386607480603
3IOL,A,B,../../GraPPI_data/PDB/updated_pdb/3IOL.pdb,8.591836600656825
3IXE,A,B,../../GraPPI_data/PDB/updated_pdb/3IXE.pdb,7.688126096257987
3N00,A,B,../../GraPPI_data/PDB/updated_pdb/3N00.pdb,9.078010503358488
3QBR,A,B,../../GraPPI_data/PDB/updated_pdb/3QBR.pdb,9.773308856023442
3UJG,A,B,../../GraPPI_data/PDB/updated_pdb/3UJG.pdb,7.867132859353668
4BPK,A,C,../../GraPPI_data/PDB/updated_pdb/4BPK.pdb,10.36586991631957
4E42,A,B,../../GraPPI_data/PDB/updated_pdb/4E42.pdb,4.803658856441621
4EAH,D,A,../../GraPPI_data/PDB/updated_pdb/4EAH.pdb,11.957814830350117
4G6V,A,B,../../GraPPI_data/PDB/updated_pdb/4G6V.pdb,10.466306458191616
4KSD,A,B,../../GraPPI_data/PDB/updated_pdb/4KSD.pdb,8.568610609331696
4NST,A,B,../../GraPPI_data/PDB/updated_pdb/4NST.pdb,7.9949371556158555
4RWS,A,C,../../GraPPI_data/PDB/updated_pdb/4RWS.pdb,11.210989482771772
4YWC,A,C,../../GraPPI_data/PDB/updated_pdb/4YWC.pdb,8.603800378650023
4ZGM,A,B,../../GraPPI_data/PDB/updated_pdb/4ZGM.pdb,12.845036468068207
4ZII,A,C,../../GraPPI_data/PDB/updated_pdb/4ZII.pdb,9.790987388803662
5AGW,A,D,../../GraPPI_data/PDB/updated_pdb/5AGW.pdb,10.896758400132546
5C3F,A,B,../../GraPPI_data/PDB/updated_pdb/5C3F.pdb,7.903033964335996
5GPG,A,B,../../GraPPI_data/PDB/updated_pdb/5GPG.pdb,11.703931309070835
5GY2,A,C,../../GraPPI_data/PDB/updated_pdb/5GY2.pdb,13.213407055466247
5OTX,A,B,../../GraPPI_data/PDB/updated_pdb/5OTX.pdb,9.174252079383189
5T0F,A,B,../../GraPPI_data/PDB/updated_pdb/5T0F.pdb,9.867504879516561
5V62,A,I,../../GraPPI_data/PDB/updated_pdb/5V62.pdb,10.36586991631957
5W89,A,B,../../GraPPI_data/PDB/updated_pdb/5W89.pdb,10.36586991631957
5YQZ,R,P,../../GraPPI_data/PDB/updated_pdb/5YQZ.pdb,11.03327148377359
6D4P,A,C,../../GraPPI_data/PDB/updated_pdb/6D4P.pdb,9.800028585323483
6D68,A,C,../../GraPPI_data/PDB/updated_pdb/6D68.pdb,9.002309259320754
6DGF,A,B,../../GraPPI_data/PDB/updated_pdb/6DGF.pdb,10.938860471398431
6OAN,C,A,../../GraPPI_data/PDB/updated_pdb/6OAN.pdb,11.33334372820832
6OAO,A,B,../../GraPPI_data/PDB/updated_pdb/6OAO.pdb,11.982715243721278
1K2D,"A, B",P,../../GraPPI_data/PDB/updated_pdb/1K2D.pdb,5.4542426279952645
1V7P,"A, B",C,../../GraPPI_data/PDB/updated_pdb/1V7P.pdb,11.210989482771772
2W2N,"A, P",E,../../GraPPI_data/PDB/updated_pdb/2W2N.pdb,9.345670158656347
3BOW,"A, B",C,../../GraPPI_data/PDB/updated_pdb/3BOW.pdb,9.809209961005768
3DBH,"D, C",J,../../GraPPI_data/PDB/updated_pdb/3DBH.pdb,7.881233212854244
3DBL,"C, D",J,../../GraPPI_data/PDB/updated_pdb/3DBL.pdb,6.896878822315615
3DBR,"E, F",K,../../GraPPI_data/PDB/updated_pdb/3DBR.pdb,8.169637086134912
3LK4,"A, B",C,../../GraPPI_data/PDB/updated_pdb/3LK4.pdb,12.03193480009963
3PBP,"F, D",E,../../GraPPI_data/PDB/updated_pdb/3PBP.pdb,9.95539725765564
3SSB,"I, C",A,../../GraPPI_data/PDB/updated_pdb/3SSB.pdb,12.574550139770588
3V6O,"E, C",A,../../GraPPI_data/PDB/updated_pdb/3V6O.pdb,12.272045912989343
3W9E,"A, B",C,../../GraPPI_data/PDB/updated_pdb/3W9E.pdb,11.513493709553018
4DRB,"A, J",C,../../GraPPI_data/PDB/updated_pdb/4DRB.pdb,9.488483162022417
4E05,"L, H",I,../../GraPPI_data/PDB/updated_pdb/4E05.pdb,11.505325485305328
4ERS,"L, H",A,../../GraPPI_data/PDB/updated_pdb/4ERS.pdb,11.891948469733318
4KVN,"L, H",A,../../GraPPI_data/PDB/updated_pdb/4KVN.pdb,11.621462141435702
4UWQ,J,"L, K",../../GraPPI_data/PDB/updated_pdb/4UWQ.pdb,7.530780170439253
4V3K,"F, D",E,../../GraPPI_data/PDB/updated_pdb/4V3K.pdb,8.230741435928945
4XR8,"A, F",C,../../GraPPI_data/PDB/updated_pdb/4XR8.pdb,6.348203530022694
5E94,"A, B",G,../../GraPPI_data/PDB/updated_pdb/5E94.pdb,11.621462141435702
5EIV,"A, G, H","I, J, K",../../GraPPI_data/PDB/updated_pdb/5EIV.pdb,6.203861315041001
5IBK,"A, B",C,../../GraPPI_data/PDB/updated_pdb/5IBK.pdb,9.756142817320276
6GWC,"A, B",C,../../GraPPI_data/PDB/updated_pdb/6GWC.pdb,8.9567339413296
6S53,"B, F",E,../../GraPPI_data/PDB/updated_pdb/6S53.pdb,7.228275943658009